name,r1,r2,canon_r1,canon_r2,len1,len2,total_len,max_len,n_members,S,MK,W,abelian_det,ex1,ey1,ex2,ey2,x_blocks1,y_blocks1,x_blocks2,y_blocks2,bs_general,bs_m,bs_donor_index,bs_preflight_status,stalled_stable_letters,T,route,prepass_charges,plain_charges,best_state_r1,best_state_r2,best_total_len,best_reduction,two_block_gate,primitive_one_occurrence1,primitive_one_occurrence2,cluster
ac19_99,YYXXyxx,YXXXXXXXXyxxxxxxx,YYXXyxx,YXXXXXXXXyxxxxxxx,7,17,24,17,6,1.25,2.0,1,-1,0,-1,-1,0,2,2,2,2,True,7,1,reject,3,2,incumbent_restart,8,872,YYXXyxx,YYYYxxxxyXXX,19,5,False,False,False,bs_stalled_lo
ac19_102,YYXXyx,YXXXXXXyxxxxx,YYXXyx,YXXXXXXyxxxxx,6,13,19,13,25,1.25,2.0,1,-1,-1,-1,-1,0,2,2,2,2,True,5,1,reject,3,2,incumbent_restart,8,872,YXXyxYx,YYxYYxyX,15,4,False,False,False,bs_stalled_lo
ac19_103,YYXXXXyX,YXXXXXXyxxxxx,YYXXXXyX,YXXXXXXyxxxxx,8,13,21,13,9,1.25,2.0,1,-1,-5,-1,-1,0,2,2,2,2,True,5,1,reject,3,2,incumbent_restart,8,872,YXXXyXYx,YYXXyXXYX,17,4,False,False,False,bs_stalled_lo
ac19_105,YYXXXXyX,YXXXXXyxxxxxx,YYXXXXyX,YXXXXXyxxxxxx,8,13,21,13,6,1.25,2.0,1,1,-5,-1,1,0,2,2,2,2,True,5,1,reject,3,2,incumbent_restart,8,872,YYXXXXyX,YXyxxyXYx,17,4,False,False,False,bs_stalled_lo
ac19_109,YXXyx,YYYYYYYYXyyyyyyyx,YXXyx,YYYYYYYYXyyyyyyyx,5,17,22,17,10,1.25,2.0,1,1,-1,0,0,-1,2,2,2,2,True,1,0,accept,1,0,plain_s20,250,750,YXXyx,YYYYYYXyyyyyxxxx,21,1,False,False,False,bs_accept_budget_starved
ac19_134,YYXXYXyyx,YYYXXXYXyyX,YYXXYXyyx,YYYXXXYXyyX,9,11,20,11,4,1.5,3.0,1,-1,-2,-1,-5,-2,3,3,3,3,False,,,reject,,0,incumbent_restart,8,872,YYXXYxxx,YYYXXyyxx,17,3,False,False,False,non_bs_mid_reduced
ac19_177,YXXXXyXYx,YXXyxYXXXX,YXXXXyXYx,YXXyxYXXXX,9,10,19,10,10,1.0,3.0,0,-1,-4,-1,-5,-1,3,3,3,3,False,,,reject,,0,incumbent_restart,33,872,YYXXyx,YYxYXXX,13,6,False,False,False,non_bs_mid_reduced
ac19_183,YYXXyxx,YYYXYYXyx,YYXXyxx,YYYXYYXyx,7,9,16,9,10,1.4,3.0,1,-1,0,-1,-1,-4,2,2,3,3,False,,,reject,,0,incumbent_restart,18,872,YYXXyxx,YYxyXYx,14,2,False,False,False,non_bs_short_reduced
ac19_230,YYXXyxx,YYYXYXYYx,YYXXyxx,YYYXYXYYx,7,9,16,9,3,1.4,3.0,1,-1,0,-1,-1,-6,2,2,3,3,False,,,reject,,0,incumbent_restart,13,872,YYxYXX,YYYXYYXyx,15,1,False,False,False,non_bs_short_reduced
ac19_240,YXXXyXyx,YYXYxxxyXyx,YXXXyXyx,YYXYxxxyXyx,8,11,19,11,2,1.1428571428571428,4.0,0,1,-3,1,2,-1,3,3,4,4,False,,,reject,,0,incumbent_restart,13,872,YYXXyx,YXYxyXX,13,6,False,False,False,non_bs_mid_reduced
ac19_252,YYXXyx,YYXXYxxxxyXXX,YYXXyx,YYXXYxxxxyXXX,6,13,19,13,3,1.4,3.0,1,1,-1,-1,-1,-2,2,2,3,3,False,,,reject,,0,incumbent_restart,8,872,YYXXyxx,YYxyXYX,14,5,False,False,False,non_bs_mid_reduced
ac19_294,YXXYxYxx,YYYxxYXYx,YXXYxYxx,YYYxxYXYx,8,9,17,9,2,1.3333333333333333,3.0,0,1,1,-3,2,-5,3,3,3,3,False,,,reject,,0,incumbent_restart,13,872,YYXXXYx,YYxyXYX,14,3,False,False,False,non_bs_short_reduced
ac19_353,YXYxyx,YYXXXyyXyXyxYxx,YXYxyx,YYXXXyyXyXyxYxx,6,15,21,15,3,1.25,5.0,0,-1,1,-1,-2,1,3,3,5,5,False,,,reject,,0,incumbent_restart,18,872,YXXXyxx,YYxyXYxyX,16,5,False,False,False,non_bs_mid_reduced
ac19_399,YXyxYXXyx,YYXyXXXyxYX,YXyxYXXyx,YYXyXXXyxYX,9,11,20,11,1,1.125,4.0,1,1,-1,0,-4,-1,4,4,4,4,False,,,reject,,0,incumbent_restart,8,872,YXXYxYxx,YYXyxYXyx,17,3,False,False,False,non_bs_mid_reduced
ac19_420,YYXXXyX,YYXyyxxyxx,YYXXXyX,YYXyyxxyxx,7,10,17,10,1,1.6,3.0,2,-1,-4,-1,3,1,2,2,3,3,False,,,reject,,0,incumbent_restart,8,872,YYXXXyX,YXYxyXXX,15,2,False,False,False,non_bs_short_reduced
ac19_555,YYXXXyX,YXyxYXXXyxx,YYXXXyX,YXyxYXXXyxx,7,11,18,11,16,1.1666666666666667,4.0,1,-1,-4,-1,-1,0,2,2,4,4,False,,,reject,,0,incumbent_restart,8,872,YYXXXyX,YXYxyXXX,15,3,False,False,False,non_bs_short_reduced
ac19_969,YYXXYXyyx,YYYXXYXXXXX,YYXXYXyyx,YYYXXYXXXXX,9,11,20,11,4,1.8,3.0,1,1,-2,-1,-7,-4,3,3,2,2,False,,,reject,,0,incumbent_restart,8,872,YYXXXYx,YYxyXYX,14,6,False,False,False,non_bs_mid_reduced
ac19_986,YYXXXyx,YYXXYXyXX,YYXXXyx,YYXXYXyXX,7,9,16,9,18,1.4,3.0,1,-1,-2,-1,-5,-2,2,2,3,3,False,,,reject,,0,incumbent_restart,8,872,YYXXXyX,YXYxyXXX,15,1,False,False,False,non_bs_short_reduced
ac19_1007,YYXXXyX,YXYxyXXX,YYXXXyX,YXYxyXXX,7,8,15,8,21,1.2,3.0,0,1,-4,-1,-3,-1,2,2,3,3,False,,,reject,,0,incumbent_restart,13,872,YYXXXyX,YXYxyXXX,15,0,False,False,False,non_bs_short_stuck
ac19_1318,YXXyXyx,YYYXyxYxxyyX,YXXyXyx,YYYXyxYxxyyX,7,12,19,12,1,1.2857142857142858,4.0,1,1,-2,1,1,-1,3,3,4,4,False,,,reject,,0,incumbent_restart,13,872,YYXYxxx,YYxYxyX,14,5,False,False,False,non_bs_mid_reduced
ac19_1375,YXXyXYx,YYxyXyXYXYX,YXXyXYx,YYxyXyXYXYX,7,11,18,11,3,1.125,5.0,1,1,-2,-1,-3,-2,3,3,5,5,False,,,reject,,0,incumbent_restart,18,872,YXYXXyX,YYXyXyxxx,16,2,False,False,False,non_bs_short_reduced
ac19_1430,YXXyXyx,YYYxxxxyx,YXXyXyx,YYYxxxxyx,7,9,16,9,4,1.4,3.0,1,-1,-2,1,5,-2,3,3,2,2,False,,,reject,,0,incumbent_restart,13,872,YYXXyxx,YYxyXYX,14,2,False,False,False,non_bs_short_reduced
ac19_1518,YYXXyxx,YXYXyXYxx,YYXXyxx,YXYXyXYxx,7,9,16,9,6,1.1666666666666667,4.0,1,-1,0,-1,-1,-2,2,2,4,4,False,,,reject,,0,incumbent_restart,8,872,YYXXyx,YXYxyXX,13,3,False,False,False,non_bs_short_reduced
ac19_1595,YYXyxxxxyyX,YYXyXXYYXyxxyX,YYXyxxxxyyX,YYXyXXYYXyxxyX,11,14,25,14,2,1.5,5.0,2,1,2,1,-3,-1,3,3,5,5,False,,,reject,,0,incumbent_restart,8,872,YYXXyxx,YYxYxyX,14,11,False,False,False,non_bs_long_reduced
ac19_1670,YYXXyxx,YYxYxyX,YYXXyxx,YYxYxyX,7,7,14,7,26,1.4,3.0,1,1,0,-1,1,-2,2,2,3,3,False,,,reject,,0,incumbent_restart,13,872,YYXXyxx,YYxYxyX,14,0,False,False,False,non_bs_short_stuck
ac19_1715,YXXXYxx,YYYXYXXyxyyxx,YXXXYxx,YYYXYXXyxyyxx,7,13,20,13,3,1.5,4.0,1,1,-1,-2,0,-1,2,2,4,4,False,,,reject,,0,incumbent_restart,8,872,YXYxx,YYYXyyx,12,8,False,False,False,non_bs_mid_reduced
ac19_1725,YYXXXXYxyxx,YYXXXXyxxxx,YYXXXXYxyxx,YYXXXXyxxxx,11,11,22,11,9,1.4,3.0,1,1,-1,-2,0,-1,3,3,2,2,False,,,reject,,0,incumbent_restart,8,872,YYXXyxx,YYxyXYX,14,8,False,False,False,non_bs_long_reduced
ac19_1779,YXyxYXXyx,YYXYxyXYxyXyX,YXyxYXXyx,YYXYxyXYxyXyX,9,13,22,13,6,1.1,6.0,1,1,-1,0,-2,-1,4,4,6,6,False,,,reject,,0,incumbent_restart,8,872,YXXYxxx,YYXyxYXyx,16,6,False,False,False,non_bs_long_reduced
ac19_1837,YXXyXyx,YYxyXyxxYX,YXXyXyx,YYxyXyxxYX,7,10,17,10,3,1.1428571428571428,4.0,0,1,-2,1,1,-1,3,3,4,4,False,,,reject,,0,incumbent_restart,13,872,YYXXyx,YXYxyXX,13,4,False,False,False,non_bs_short_reduced
ac19_1880,YXXXXyXXyXX,YYXyyXXXXyXX,YXXXXyXXyXX,YYXyyXXXXyXX,11,12,23,12,1,1.3333333333333333,3.0,0,-1,-8,1,-7,1,3,3,3,3,False,,,reject,,0,incumbent_restart,18,872,YYXXyxx,YYxYxyX,14,9,False,False,False,non_bs_long_reduced
ac19_1997,YXXyXyx,YYYxxYxxyx,YXXyXyx,YYYxxYxxyx,7,10,17,10,3,1.3333333333333333,3.0,0,1,-2,1,5,-3,3,3,3,3,False,,,reject,,0,incumbent_restart,13,872,YYXXXYx,YYxyXYX,14,3,False,False,False,non_bs_short_reduced
ac19_2376,YYXXyxx,YXYxxYXyx,YYXXyxx,YXYxxYXyx,7,9,16,9,4,1.1666666666666667,4.0,1,1,0,-1,1,-2,2,2,4,4,False,,,reject,,0,incumbent_restart,8,872,YYXXyx,YYxYXXX,13,3,False,False,False,non_bs_short_reduced
ac19_2513,YYXXXYX,YYYXyXXyxx,YYXXXYX,YYYXyXXyxx,7,10,17,10,1,1.6,3.0,2,1,-4,-3,-1,-1,2,2,3,3,False,,,reject,,0,incumbent_restart,13,872,Yxxx,YXyxx,9,8,False,False,False,non_bs_short_reduced
ac19_2623,YYXYXyX,YYxyXXX,YYXYXyX,YYxyXXX,7,7,14,7,21,1.4,3.0,1,-1,-3,-2,-2,-1,3,3,2,2,False,,,reject,,0,incumbent_restart,13,872,YYXXyx,YYxYXXX,13,1,False,False,False,non_bs_short_reduced
ac19_2671,YXXYxYxx,YYXXXXyxxxx,YXXYxYxx,YYXXXXyxxxx,8,11,19,11,1,1.2,3.0,0,-1,1,-3,0,-1,3,3,2,2,False,,,reject,,0,incumbent_restart,13,872,YYXXXYx,YYxyXYX,14,5,False,False,False,non_bs_mid_reduced
ac19_2696,YYXXYxYXXXYx,YYXXXyxxYXXYx,YYXXYxYXXXYx,YYXXXyxxYXXYx,12,13,25,13,1,1.25,4.0,2,-1,-3,-5,-2,-3,4,4,4,4,False,,,reject,,0,incumbent_restart,8,872,YXYXXYxx,YYXyXyxyx,17,8,False,False,False,non_bs_long_reduced
ac19_2715,YXYXXYx,YYxYxyXYXyX,YXYXXYx,YYxYxyXYXyX,7,11,18,11,1,1.125,5.0,1,1,-2,-3,-1,-2,3,3,5,5,False,,,reject,,0,incumbent_restart,18,872,YXYXXyX,YYXyXXXX,15,3,False,False,False,non_bs_short_reduced
ac19_2744,YXyxYXXyx,YYXYXyxYXyXyX,YXyxYXXyx,YYXYXyxYXyXyX,9,13,22,13,1,1.1,6.0,1,1,-1,0,-4,-1,4,4,6,6,False,,,reject,,0,incumbent_restart,8,872,YYXXYxxx,YXYxxYxyX,17,5,False,False,False,non_bs_long_reduced
ac19_2748,YXXYxYxx,YYXyxYYxxYX,YXXYxYxx,YYXyxYYxxYX,8,11,19,11,1,1.2857142857142858,4.0,1,-1,1,-3,1,-4,3,3,4,4,False,,,reject,,0,incumbent_restart,13,872,YXXYxYxx,YYXyxYXyx,17,2,False,False,False,non_bs_mid_reduced
ac19_3129,YYXXXyxx,YYxyxxYXXXX,YYXXXyxx,YYxyxxYXXXX,8,11,19,11,2,1.4,3.0,1,1,-1,-1,-1,-2,2,2,3,3,False,,,reject,,0,incumbent_restart,8,872,YXXYxxyx,YYXyxxYxx,17,2,False,False,False,non_bs_mid_reduced
ac19_3175,YXXXyXyx,YYXyXyxyX,YXXXyXyx,YYXyXyxyX,8,9,17,9,3,1.1428571428571428,4.0,0,-1,-3,1,-2,1,3,3,4,4,False,,,reject,,0,incumbent_restart,13,872,YYXXyx,YXYxyXX,13,4,False,False,False,non_bs_short_reduced
ac19_3382,YXXYxxyx,YXXYxYxxYxxyX,YXXYxxyx,YXXYxYxxYxxyX,8,13,21,13,6,1.0,5.0,0,-1,1,-1,2,-3,3,3,5,5,False,,,reject,,0,incumbent_restart,23,872,YXYxxyx,YYXyxxxx,15,6,False,False,False,non_bs_mid_reduced
ac19_3432,YXXyXYx,YYXXXXyxxx,YXXyXYx,YYXXXXyxxx,7,10,17,10,8,1.2,3.0,0,1,-2,-1,-1,-1,3,3,2,2,False,,,reject,,0,incumbent_restart,13,872,YXXyXYx,YYxyXXXX,15,2,False,False,False,non_bs_short_reduced
ac19_3566,YYXXXYxx,YYYxxyXXX,YYXXXYxx,YYYxxyXXX,8,9,17,9,3,1.75,2.0,3,-1,-1,-3,-1,-2,2,2,2,2,False,,,reject,,0,incumbent_restart,8,872,YYXXXYxx,YYXYxxyXX,17,0,False,False,False,non_bs_short_stuck
ac19_3667,YYXXXyxxx,YYYYXXYXYxx,YYXXXyxxx,YYYYXXYXYxx,9,11,20,11,2,1.8,3.0,3,-1,0,-1,-1,-6,2,2,3,3,False,,,reject,,0,incumbent_restart,8,872,YXXyXyX,YYYXyyyxx,16,4,False,False,False,non_bs_mid_reduced
ac19_3794,YYXXYXYXX,YYXXyyXYxx,YYXXYXYXX,YYXXyyXYxx,9,10,19,10,2,1.5,3.0,1,1,-5,-4,-1,-1,3,3,3,3,False,,,reject,,0,incumbent_restart,23,872,YYXXYXYXX,YYXXyyXYxx,19,0,False,False,False,non_bs_mid_stuck
ac19_3797,YYXXYx,YYYxyXYxyyX,YYXXYx,YYYxyXYxyyX,6,11,17,11,10,1.1666666666666667,4.0,1,1,-1,-3,0,-1,2,2,4,4,False,,,reject,,0,incumbent_restart,8,872,YXYxxyx,YYXyxxxx,15,2,False,False,False,non_bs_short_reduced
ac19_3820,YXXXyxx,YYXyXYxyxYXXyx,YXXXyxx,YYXyXYxyxYXXyx,7,14,21,14,4,1.125,6.0,1,1,-1,0,-1,-1,2,2,6,6,True,2,0,reject,7,6,incumbent_restart,8,872,YXXXyxx,YYXyXYxyXYxyx,20,1,False,False,False,bs_stalled_hi
ac19_3995,YXXyXyx,YYYxxxxx,YXXyXyx,YYYxxxxx,7,8,15,8,10,1.5,3.0,0,1,-2,1,5,-3,3,3,1,1,False,,,reject,,0,incumbent_restart,13,872,YYXXyxx,YYxYxyX,14,1,False,False,False,non_bs_short_reduced
ac19_4076,YYYXXXXyyx,YYYYXXyyxyX,YYYXXXXyyx,YYYYXXyyxyX,10,11,21,11,6,1.8,3.0,3,1,-3,-1,-2,-1,2,2,3,3,False,,,reject,,0,incumbent_restart,8,872,YYXXyxx,YYxYxyX,14,7,False,False,False,non_bs_mid_reduced
ac19_4342,YXXYxYxx,YYxyXYxyX,YXXYxYxx,YYxyXYxyX,8,9,17,9,18,1.1428571428571428,4.0,0,-1,1,-3,0,-1,3,3,4,4,False,,,reject,,0,incumbent_restart,13,872,YXXYxxx,YYXyxYXyx,16,1,False,False,False,non_bs_short_reduced
ac19_4395,YYXXXYX,YYYxyXXXX,YYXXXYX,YYYxyXXXX,7,9,16,9,17,1.75,2.0,1,-1,-4,-3,-3,-2,2,2,2,2,False,,,reject,,0,incumbent_restart,13,872,YXXyx,Yxxxx,10,6,False,False,False,non_bs_short_reduced
ac19_4433,YXXyXyx,YYYxyXYxxyyX,YXXyXyx,YYYxyXYxxyyX,7,12,19,12,1,1.2857142857142858,4.0,1,1,-2,1,1,-1,3,3,4,4,False,,,reject,,0,incumbent_restart,13,872,YYXXyxx,YYxyXYX,14,5,False,False,False,non_bs_mid_reduced
ac19_4740,YXXYxxyxx,YYxxyXYXyx,YXXYxxyxx,YYxxyXYXyx,9,10,19,10,1,1.1428571428571428,4.0,0,-1,2,-1,1,-1,3,3,4,4,False,,,reject,,0,incumbent_restart,18,872,YYXXYYx,YYYXyXyxx,16,3,False,False,False,non_bs_mid_reduced
ac19_4894,YXXyXyx,YYXyxxyXX,YXXyXyx,YYXyxxyXX,7,9,16,9,4,1.1666666666666667,3.0,1,1,-2,1,-1,0,3,3,3,3,False,,,reject,,0,incumbent_restart,13,872,YYXYxxx,YYxYxyX,14,2,False,False,False,non_bs_short_reduced
ac19_4974,YYXXYYxyX,YYXXYYXXYx,YYXXYYxyX,YYXXYYXXYx,9,10,19,10,2,1.5,3.0,1,1,-2,-3,-3,-5,3,3,3,3,False,,,reject,,0,incumbent_restart,8,872,YYXXyx,YXXYxYXXX,15,4,False,False,False,non_bs_mid_reduced
ac19_5016,YXXXYxx,YYXYXYYXXyyxx,YXXXYxx,YYXYXYYXXyyxx,7,13,20,13,3,1.5,4.0,1,-1,-1,-2,-2,-3,2,2,4,4,False,,,reject,,0,incumbent_restart,8,872,YXYxx,YYYYxYx,12,8,False,False,False,non_bs_mid_reduced
ac19_5159,YYXXXXX,YXyXXYxyXYx,YYXXXXX,YXyXXYxyXYx,7,11,18,11,2,1.1666666666666667,5.0,1,1,-5,-2,-2,-1,1,1,5,5,False,,,reject,,0,incumbent_restart,13,872,YXXXYxx,YYXyxYXyx,16,2,False,False,False,non_bs_short_reduced
ac19_5174,YXXyXYx,YYXXXYXXyxx,YXXyXYx,YYXXXYXXyxx,7,11,18,11,9,1.1666666666666667,3.0,1,1,-2,-1,-3,-2,3,3,3,3,False,,,reject,,0,incumbent_restart,13,872,YXXyXYx,YYxyXXXX,15,3,False,False,False,non_bs_short_reduced
ac19_5230,YXXyXyx,YYxxYYxxyx,YXXyXyx,YYxxYYxxyx,7,10,17,10,2,1.3333333333333333,3.0,0,1,-2,1,5,-3,3,3,3,3,False,,,reject,,0,incumbent_restart,13,872,YYXXyx,YXXYxYXXX,15,2,False,False,False,non_bs_short_reduced
ac19_5250,YXXyXyx,YYxyXYxyxx,YXXyXyx,YYxyXYxyxx,7,10,17,10,2,1.1428571428571428,4.0,0,-1,-2,1,3,-1,3,3,4,4,False,,,reject,,0,incumbent_restart,13,872,YYXXyxx,YYxyXYX,14,3,False,False,False,non_bs_short_reduced
ac19_5478,YYYXXXyxx,YYYXYXXXYxx,YYYXXXyxx,YYYXYXXXYxx,9,11,20,11,2,1.8,3.0,3,1,-1,-2,-2,-5,2,2,3,3,False,,,reject,,0,incumbent_restart,8,872,YYYxxyyx,YYXXXyyxx,17,3,False,False,False,non_bs_mid_reduced
ac19_5535,YXyxYXXyx,YYXXXyxYXyXyyX,YXyxYXXyx,YYXXXyxYXyXyyX,9,14,23,14,1,1.2222222222222223,5.0,1,-1,-1,0,-5,1,4,4,5,5,False,,,reject,,0,incumbent_restart,8,872,YXXXYxx,YYXyxYXyx,16,7,False,False,False,non_bs_long_reduced
ac19_5542,YYXXXYx,YXYxYxYXXXX,YYXXXYx,YXYxYxYXXXX,7,11,18,11,4,1.1666666666666667,4.0,1,-1,-2,-3,-3,-4,2,2,4,4,False,,,reject,,0,incumbent_restart,8,872,YYXXXYx,YYxyXYX,14,4,False,False,False,non_bs_short_reduced
ac19_5593,YXXyXyx,YYXyxyXXyX,YXXyXyx,YYXyxyXXyX,7,10,17,10,1,1.1428571428571428,4.0,0,1,-2,1,-3,1,3,3,4,4,False,,,reject,,0,incumbent_restart,13,872,YYXXyxx,YYxyXYX,14,3,False,False,False,non_bs_short_reduced
ac19_5622,YXYXyXYxx,YYxxyXYXyX,YXYXyXYxx,YYxxyXYXyX,9,10,19,10,4,1.125,4.0,1,-1,-1,-2,-1,-1,4,4,4,4,False,,,reject,,0,incumbent_restart,8,872,YYXXyx,YXYxyXX,13,6,False,False,False,non_bs_mid_reduced
ac19_5652,YYXXyxx,YYYYXYxyx,YYXXyxx,YYYYXYxyx,7,9,16,9,13,1.4,3.0,1,1,0,-1,1,-4,2,2,3,3,False,,,reject,,0,incumbent_restart,13,872,YYXXyx,YYxYXXX,13,3,False,False,False,non_bs_short_reduced
ac19_5981,YXXYxxyX,YYYXXyxyx,YXXYxxyX,YYYXXyxyx,8,9,17,9,3,1.3333333333333333,3.0,0,1,-1,-1,0,-1,3,3,3,3,False,,,reject,,0,incumbent_restart,18,872,YXyxx,YXYXXyX,12,5,False,False,False,non_bs_short_reduced
ac19_6385,YYXXyxx,YYXYYXXYxyx,YYXXyxx,YYXYYXXYxyx,7,11,18,11,12,1.5,4.0,1,-1,0,-1,-1,-4,2,2,4,4,False,,,reject,,0,incumbent_restart,13,872,YYXXyxx,YYxyXYX,14,4,False,False,False,non_bs_short_reduced
ac19_6512,YXyxYXXyx,YYXyXyXYXYXyx,YXyxYXXyx,YYXyXyXYXYXyx,9,13,22,13,1,1.1,6.0,1,1,-1,0,-4,-1,4,4,6,6,False,,,reject,,0,incumbent_restart,8,872,YXyxYXXyx,YYXyXyXYXX,19,3,False,False,False,non_bs_long_reduced
ac19_6540,YXYXXYx,YYYXYxxyXyX,YXYXXYx,YYYXYxxyXyX,7,11,18,11,2,1.2857142857142858,4.0,1,1,-2,-3,-1,-2,3,3,4,4,False,,,reject,,0,incumbent_restart,13,872,YYXXyx,YXYxyXX,13,5,False,False,False,non_bs_short_reduced
ac19_6554,YYXyxYXXyx,YXyxYXyxxyXyx,YYXyxYXXyx,YXyxYXyxxyXyx,10,13,23,13,1,1.1,6.0,1,-1,-1,-1,1,2,4,4,6,6,False,,,reject,,0,incumbent_restart,8,872,YXYXXYxx,YYXyXyxyx,17,6,False,False,False,non_bs_long_reduced
ac19_6618,YXXXYxx,YYYXYYYXYX,YXXXYxx,YYYXYYYXYX,7,10,17,10,2,1.6,3.0,0,1,-1,-2,-3,-7,2,2,3,3,False,,,reject,,0,incumbent_restart,23,872,YXXXYxx,YYYXYYYXYX,17,0,False,False,False,non_bs_short_stuck
ac19_6678,YYXXyXyxx,YXYxxyXXYxyXX,YYXXyXyxx,YXYxxyXXYxyXX,9,13,22,13,2,1.125,5.0,1,1,-1,0,-2,-1,3,3,5,5,False,,,reject,,0,incumbent_restart,13,872,YYXYxxx,YYxYxyX,14,8,False,False,False,non_bs_long_reduced
ac19_6800,YXyxYXXyx,YYXyxYXyyxYxx,YXyxYXXyx,YYXyxYXyyxYxx,9,13,22,13,8,1.2222222222222223,5.0,1,1,-1,0,2,-1,4,4,5,5,False,,,reject,,0,incumbent_restart,8,872,YXYxxYXX,YYXyxYXyx,17,5,False,False,False,non_bs_long_reduced
ac19_6847,YYXXXXYX,YYXXYXyyx,YYXXXXYX,YYXXYXyyx,8,9,17,9,4,1.6,3.0,0,-1,-5,-3,-2,-1,2,2,3,3,False,,,reject,,0,incumbent_restart,13,872,YYXXXYx,YYxyXYX,14,3,False,False,False,non_bs_short_reduced
ac19_6939,YYXXXYX,YYYYXXyxyXX,YYXXXYX,YYYYXXyxyXX,7,11,18,11,1,1.8,3.0,1,-1,-4,-3,-3,-2,2,2,3,3,False,,,reject,,0,incumbent_restart,13,872,YXYxyX,YYXXXYx,13,5,False,False,False,non_bs_short_reduced
ac19_7037,YYXXXyX,YYXXXXyxyxx,YYXXXyX,YYXXXXyxyxx,7,11,18,11,1,1.4,3.0,1,-1,-4,-1,-1,0,2,2,3,3,False,,,reject,,0,incumbent_restart,8,872,YYXXXyX,YXYxyXXX,15,3,False,False,False,non_bs_short_reduced
ac19_7078,YXXXyXXyx,YYXyXXyxyX,YXXXyXXyx,YYXyXXyxyX,9,10,19,10,4,1.1428571428571428,4.0,0,-1,-4,1,-3,1,3,3,4,4,False,,,reject,,0,incumbent_restart,18,872,YYXXyxx,YYxyXYx,14,5,False,False,False,non_bs_mid_reduced
ac19_7248,YYXXXXX,YXYxYXXyXyx,YYXXXXX,YXYxYXXyXyx,7,11,18,11,1,1.1666666666666667,5.0,1,1,-5,-2,-2,-1,1,1,5,5,False,,,reject,,0,incumbent_restart,13,872,YXXXYxx,YYxyXYxyX,16,2,False,False,False,non_bs_short_reduced
ac19_7284,YYXXXyXX,YXyxYXXXyxx,YYXXXyXX,YXyxYXXXyxx,8,11,19,11,3,1.1666666666666667,4.0,1,-1,-5,-1,-1,0,2,2,4,4,False,,,reject,,0,incumbent_restart,8,872,YYXXXXyx,YXXyXXXYx,17,2,False,False,False,non_bs_mid_reduced
ac19_7301,YXXYxYxx,YYXyxYXyx,YXXYxYxx,YYXyxYXyx,8,9,17,9,11,1.1428571428571428,4.0,0,-1,1,-3,0,-1,3,3,4,4,False,,,reject,,0,incumbent_restart,13,872,YXXYxYxx,YYXyxYXyx,17,0,False,False,False,non_bs_short_stuck
ac19_7302,YXXXXyXyx,YYYxxyxxyX,YXXXXyXyx,YYYxxyxxyX,9,10,19,10,1,1.3333333333333333,3.0,2,1,-4,1,3,-1,3,3,3,3,False,,,reject,,0,incumbent_restart,13,872,YYXXXyxx,YYYXYXXXX,17,2,False,False,False,non_bs_mid_reduced
ac19_7496,YYXXXXXXyxx,YXXXXXyxxxxxx,YYXXXXXXyxx,YXXXXXyxxxxxx,11,13,24,13,6,1.25,2.0,1,1,-4,-1,1,0,2,2,2,2,True,5,1,reject,3,2,incumbent_restart,8,872,YYXyxxyXX,YXYXyXXXX,18,6,False,False,False,bs_stalled_lo
ac19_8222,YYXXXyx,YXYXXXyXXYx,YYXXXyx,YXYXXXyXXYx,7,11,18,11,2,1.1666666666666667,4.0,1,-1,-2,-1,-5,-2,2,2,4,4,False,,,reject,,0,incumbent_restart,8,872,YYXXXyX,YXYxyXXX,15,3,False,False,False,non_bs_short_reduced
ac19_8412,YYXXyxx,YYXYxxYXyx,YYXXyxx,YYXYxxYXyx,7,10,17,10,8,1.3333333333333333,4.0,2,1,0,-1,1,-3,2,2,4,4,False,,,reject,,0,incumbent_restart,8,872,YYXXyyx,YXyxYxx,14,3,False,False,False,non_bs_short_reduced
ac19_8690,YYXXyx,YYXYxYXXX,YYXXyx,YYXYxYXXX,6,9,15,9,16,1.4,3.0,1,1,-1,-1,-3,-4,2,2,3,3,False,,,reject,,0,incumbent_restart,8,872,YYXXyxx,YYxyXYX,14,1,False,False,False,non_bs_short_reduced
ac19_8721,YXXYXXyx,YXXXyXXYx,YXXYXXyx,YXXXyXXYx,8,9,17,9,2,1.0,3.0,0,-1,-3,-1,-4,-1,3,3,3,3,False,,,reject,,0,incumbent_restart,23,872,YYXXyx,YXXYxYXXX,15,2,False,False,False,non_bs_short_reduced
ac19_8792,YXXyXyxx,YYXYxxyxYxx,YXXyXyxx,YYXYxxyxYxx,8,11,19,11,2,1.1428571428571428,4.0,0,-1,-1,1,4,-3,3,3,4,4,False,,,reject,,0,incumbent_restart,13,872,YYXXyxx,YYxYYxYX,15,4,False,False,False,non_bs_mid_reduced
ac19_8849,YYXXXXYX,YYYXXXyyx,YYXXXXYX,YYYXXXyyx,8,9,17,9,2,2.0,2.0,2,-1,-5,-3,-2,-1,2,2,2,2,False,,,reject,,0,incumbent_restart,13,872,YYXXyx,YYxYXXX,13,4,False,False,False,non_bs_short_reduced
ac19_8907,YXYxyx,YYXyXXyyXyxxxYx,YXYxyx,YYXyXXyyXyxxxYx,6,15,21,15,1,1.25,5.0,0,1,1,-1,0,1,3,3,5,5,False,,,reject,,0,incumbent_restart,18,872,Y,YYYYYx,7,14,False,False,False,non_bs_mid_reduced
ac19_8984,YYYXXXyxx,YYYxxyyXX,YYYXXXyxx,YYYxxyyXX,9,9,18,9,3,2.25,2.0,5,1,-1,-2,0,-1,2,2,2,2,False,,,reject,,0,incumbent_restart,8,872,YYXXXYxx,YYXYxxyXX,17,1,False,False,False,non_bs_short_reduced
ac19_9041,YYXYXXXyx,YYYYXyyXyx,YYXYXXXyx,YYYYXyyXyx,9,10,19,10,1,1.3333333333333333,3.0,2,1,-3,-2,-1,-1,3,3,3,3,False,,,reject,,0,incumbent_restart,18,872,YYXXyxx,YYxyXYX,14,5,False,False,False,non_bs_mid_reduced
ac19_9271,YXXXyxx,YYXyXYxyxYxyX,YXXXyxx,YYXyXYxyxYxyX,7,13,20,13,4,1.125,6.0,1,1,-1,0,0,-1,2,2,6,6,True,2,0,reject,7,6,incumbent_restart,8,872,YXXXyxx,YYXyXYxyxYxyX,20,0,False,False,False,bs_stalled_hi
ac19_9822,YYXXXXYX,YYYXXyxyX,YYXXXXYX,YYYXXyxyX,8,9,17,9,1,1.6,3.0,0,-1,-5,-3,-2,-1,2,2,3,3,False,,,reject,,0,incumbent_restart,13,872,YYXXXYx,YYxyXYX,14,3,False,False,False,non_bs_short_reduced
ac19_10083,YXYxYXXYx,YYXyyxYXyyx,YXYxYXXYx,YYXyyxYXyyx,9,11,20,11,1,1.125,4.0,1,-1,-1,-4,0,1,4,4,4,4,False,,,reject,,0,incumbent_restart,8,872,YXYxYXXYx,YYXyyxYXyyx,20,0,False,False,False,non_bs_mid_stuck
ac19_10111,YYXXYXyyX,YXyxYXXyx,YYXXYXyyX,YXyxYXXyx,9,9,18,9,10,1.2857142857142858,4.0,1,-1,-4,-1,-1,0,3,3,4,4,False,,,reject,,0,incumbent_restart,8,872,YXXYxxx,YYXyxYXyx,16,2,False,False,False,non_bs_short_reduced
ac19_10229,YYXXyxxYXXyxx,YYXYXYxYYXXyxx,YYXXyxxYXXyxx,YYXYXYxYYXXyxx,13,14,27,14,1,1.3333333333333333,5.0,2,-1,0,-1,-1,-5,4,4,5,5,False,,,reject,,0,incumbent_restart,8,872,YXXXYxYx,YYXyxYXyx,17,10,False,False,False,non_bs_long_reduced
ac19_10327,YYYXXXXyyx,YYYYxxyyyXyyx,YYYXXXXyyx,YYYYxxyyyXyyx,10,13,23,13,2,1.8,3.0,3,-1,-3,-1,2,1,2,2,3,3,False,,,reject,,0,incumbent_restart,8,872,YYXXyx,YYxYXXX,13,10,False,False,False,non_bs_long_reduced
ac19_10460,YXXXXyXYx,YXXyxxxxyx,YXXXXyXYx,YXXyxxxxyx,9,10,19,10,3,1.0,3.0,0,-1,-4,-1,3,1,3,3,3,3,False,,,reject,,0,incumbent_restart,33,872,YXXyx,YXyXyXX,12,7,False,False,False,non_bs_mid_reduced
ac19_10562,YXyxYXXyx,YYXyyXXXYx,YXyxYXXyx,YYXyyXXXYx,9,10,19,10,1,1.2857142857142858,4.0,1,1,-1,0,-3,-1,4,4,3,3,False,,,reject,,0,incumbent_restart,8,872,YYXYXyXyX,YXyxYXyxx,18,1,False,False,False,non_bs_mid_reduced
ac19_10584,YXXYxxyxx,YXXyXXXyxxYXXyxx,YXXYxxyxx,YXXyXXXyxxYXXyxx,9,16,25,16,1,1.0,5.0,0,-1,2,-1,-3,1,3,3,5,5,False,,,reject,,0,incumbent_restart,33,872,YYXXXYxx,YYXYxxyXX,17,8,False,False,False,non_bs_long_reduced
ac19_10617,YXXXyXXYx,YXyxxYXXXX,YXXXyXXYx,YXyxxYXXXX,9,10,19,10,2,1.0,3.0,0,1,-4,-1,-3,-1,3,3,3,3,False,,,reject,,0,incumbent_restart,33,872,YYXXyx,YYxYXXX,13,6,False,False,False,non_bs_mid_reduced
ac19_10683,YXyxYXXyx,YYXXYxyXYxyXyX,YXyxYXXyx,YYXXYxyXYxyXyX,9,14,23,14,2,1.1,6.0,1,1,-1,0,-3,-1,4,4,6,6,False,,,reject,,0,incumbent_restart,8,872,YXXYxYxx,YYXyxYXyx,17,6,False,False,False,non_bs_long_reduced
ac19_10811,YXXYxxyx,YYYxxxxyXXXYx,YXXYxxyx,YYYxxxxyXXXYx,8,13,21,13,1,1.3333333333333333,3.0,2,-1,1,-1,2,-3,3,3,3,3,False,,,reject,,0,incumbent_restart,18,872,YYXXyxx,YYxYxyX,14,7,False,False,False,non_bs_mid_reduced
ac19_10820,YYXXXXYX,YYxyXyxxxyX,YYXXXXYX,YYxyXyxxxyX,8,11,19,11,1,1.3333333333333333,4.0,0,1,-5,-3,2,1,2,2,4,4,False,,,reject,,0,incumbent_restart,13,872,YYXXyx,YYxYXXX,13,6,False,False,False,non_bs_mid_reduced
ac19_10822,YYXXYXyxx,YXyXXYxxx,YYXXYXyxx,YXyXXYxxx,9,9,18,9,1,1.1666666666666667,3.0,1,1,-1,-2,0,-1,3,3,3,3,False,,,reject,,0,incumbent_restart,23,872,YYXYxxx,YYxYxyX,14,4,False,False,False,non_bs_short_reduced
ac19_10990,YXXYXXyx,YYXXYxxyXyX,YXXYXXyx,YYXXYxxyXyX,8,11,19,11,2,1.1428571428571428,4.0,0,1,-3,-1,-2,-1,3,3,4,4,False,,,reject,,0,incumbent_restart,18,872,YYXXyx,YYxYXXX,13,6,False,False,False,non_bs_mid_reduced
ac19_11074,YYXXXXyx,YYXXXYXyX,YYXXXXyx,YYXXXYXyX,8,9,17,9,4,1.4,3.0,1,1,-3,-1,-5,-2,2,2,3,3,False,,,reject,,0,incumbent_restart,8,872,YXXyXYx,YYxyXXXX,15,2,False,False,False,non_bs_short_reduced
ac19_11120,YXXYxxyX,YYXXyXYxx,YXXYxxyX,YYXXyXYxx,8,9,17,9,2,1.1666666666666667,3.0,1,1,-1,-1,-1,-2,3,3,3,3,False,,,reject,,0,incumbent_restart,18,872,YXYXyx,YYYXXYX,13,4,False,False,False,non_bs_short_reduced
ac19_11261,YXXXYxxxyx,YYxxxyXYxyX,YXXXYxxxyx,YYxxxyXYxyX,10,11,21,11,16,1.1428571428571428,4.0,0,1,1,-1,2,-1,3,3,4,4,False,,,reject,,0,incumbent_restart,23,872,YYXyxxx,YXYxxxyx,15,6,False,False,False,non_bs_mid_reduced
ac19_11495,YXyxYXXyx,YYXyxYXyxyxYx,YXyxYXXyx,YYXyxYXyxyxYx,9,13,22,13,4,1.1,6.0,1,1,-1,0,2,-1,4,4,6,6,False,,,reject,,0,incumbent_restart,8,872,YXYXXYxx,YYxyXYxyX,17,5,False,False,False,non_bs_long_reduced
ac19_11628,YXXyXYx,YYxyXXXX,YXXyXYx,YYxyXXXX,7,8,15,8,7,1.2,3.0,0,-1,-2,-1,-3,-1,3,3,2,2,False,,,reject,,0,incumbent_restart,13,872,YXXyXYx,YYxyXXXX,15,0,False,False,False,non_bs_short_stuck
ac19_11753,YYXXYxYXX,YYXXyXYYx,YYXXYxYXX,YYXXyXYYx,9,9,18,9,1,1.5,3.0,3,1,-3,-4,-2,-3,3,3,3,3,False,,,reject,,0,incumbent_restart,8,872,YYXXYxYXX,YYXXyXYYx,18,0,False,False,False,non_bs_short_stuck
ac19_11852,YYXYxxxYX,YYXyxYXyx,YYXYxxxYX,YYXyxYXyx,9,9,18,9,2,1.2857142857142858,4.0,1,-1,1,-4,0,-1,3,3,4,4,False,,,reject,,0,incumbent_restart,8,872,YYXYXyXyX,YXyxYXyxx,18,0,False,False,False,non_bs_short_stuck
ac19_11931,YYXXXyx,YYYXYXyyX,YYXXXyx,YYYXYXyyX,7,9,16,9,4,1.4,3.0,1,1,-2,-1,-3,-2,2,2,3,3,False,,,reject,,0,incumbent_restart,13,872,YYXXyx,YYxYXXX,13,3,False,False,False,non_bs_short_reduced
ac19_11953,YXXXyXyX,YYxxYxxyxyX,YXXXyXyX,YYxxYxxyxyX,8,11,19,11,1,1.1428571428571428,4.0,0,1,-5,1,4,-1,3,3,4,4,False,,,reject,,0,incumbent_restart,13,872,YXYxxxyx,YYXyXXyxx,17,2,False,False,False,non_bs_mid_reduced
ac19_12070,YYXXyx,YYYYxyXXyxyXX,YYXXyx,YYYYxyXXyxyXX,6,13,19,13,1,1.5,4.0,3,-1,-1,-1,-2,-1,2,2,4,4,False,,,reject,,0,incumbent_restart,8,872,YYXXyxx,YYxYxyX,14,5,False,False,False,non_bs_mid_reduced
ac19_12112,YYXXXXyx,YXYxxyXXX,YYXXXXyx,YXYxxyXXX,8,9,17,9,3,1.2,3.0,0,1,-3,-1,-2,-1,2,2,3,3,False,,,reject,,0,incumbent_restart,13,872,YXYXyx,YYYXyXX,13,4,False,False,False,non_bs_short_reduced
ac19_12148,YYXXYxyxYxyxx,YYXyXYXyxYxyxx,YYXXYxyxYxyxx,YYXyXYXyxYxyxx,13,14,27,14,1,1.1818181818181819,6.0,1,-1,3,-2,1,-1,5,5,6,6,False,,,reject,,0,incumbent_restart,8,872,YXYxxyx,YYXyxxxx,15,12,False,False,False,non_bs_long_reduced
ac19_12445,YYXXYx,YYYxyyxyXyX,YYXXYx,YYYxyyxyXyX,6,11,17,11,1,1.1666666666666667,4.0,1,-1,-1,-3,0,1,2,2,4,4,False,,,reject,,0,incumbent_restart,8,872,YXXYxxyx,YYxxYXyxx,17,0,False,False,False,non_bs_short_stuck
ac19_12559,YYXXYYx,YYYXYXXYxx,YYXXYYx,YYYXYXXYxx,7,10,17,10,3,1.6,3.0,2,1,-1,-4,-1,-5,2,2,3,3,False,,,reject,,0,incumbent_restart,8,872,YYXXYYx,YYYXyXyxx,16,1,False,False,False,non_bs_short_reduced
ac19_12586,YYXXyx,YYXXXYxYXXX,YYXXyx,YYXXXYxYXXX,6,11,17,11,4,1.4,3.0,1,-1,-1,-1,-5,-4,2,2,3,3,False,,,reject,,0,incumbent_restart,8,872,YYXXyxx,YYxYxyX,14,3,False,False,False,non_bs_short_reduced
ac19_12596,YXXyXyx,YYxxxyxYX,YXXyXyx,YYxxxyxYX,7,9,16,9,4,1.1666666666666667,3.0,1,1,-2,1,3,-2,3,3,3,3,False,,,reject,,0,incumbent_restart,13,872,YYXXyx,YXYxyXX,13,3,False,False,False,non_bs_short_reduced
ac19_12647,YXXyXyx,YYxxyxyXYXXyX,YXXyXyx,YYxxyxyXYXXyX,7,13,20,13,1,1.125,5.0,1,1,-2,1,-1,0,3,3,5,5,False,,,reject,,0,incumbent_restart,13,872,YYXYxxx,YYxYxyX,14,6,False,False,False,non_bs_mid_reduced
ac19_12854,YXyXYxx,YYYXYYxyX,YXyXYxx,YYYXYYxyX,7,9,16,9,4,1.1666666666666667,3.0,1,-1,0,-1,-1,-4,3,3,3,3,False,,,reject,,0,incumbent_restart,33,872,YXyxx,YXXyXyX,12,4,False,False,False,non_bs_short_reduced
ac19_13142,YYXXXYx,YYxyXYX,YYXXXYx,YYxyXYX,7,7,14,7,10,1.4,3.0,1,1,-2,-3,-1,-2,2,2,3,3,False,,,reject,,0,incumbent_restart,13,872,YYXXXYx,YYxyXYX,14,0,False,False,False,non_bs_short_stuck
ac19_13202,YYXXXYxx,YYXYxxyXX,YYXXXYxx,YYXYxxyXX,8,9,17,9,4,1.4,3.0,1,-1,-1,-3,-1,-2,2,2,3,3,False,,,reject,,0,incumbent_restart,8,872,YYXXXYxx,YYXYxxyXX,17,0,False,False,False,non_bs_short_stuck
ac19_13214,YYXXyxYXXyxx,YXYxxyXXYXXyx,YYXXyxYXXyxx,YXYxxyXXYXXyx,12,13,25,13,2,1.1111111111111112,5.0,0,-1,-1,-1,-2,-1,4,4,5,5,False,,,reject,,0,incumbent_restart,13,872,YYXYxxx,YYxYxyX,14,11,False,False,False,non_bs_long_reduced
ac19_13642,YXXyXyx,YYYxxyXyxx,YXXyXyx,YYYxxyXyxx,7,10,17,10,3,1.3333333333333333,3.0,0,-1,-2,1,3,-1,3,3,3,3,False,,,reject,,0,incumbent_restart,13,872,YYXXyxx,YYxyXYX,14,3,False,False,False,non_bs_short_reduced
ac19_13840,YYXXyXyyx,YYxxyxxYx,YYXXyXyyx,YYxxyxxYx,9,9,18,9,2,1.5,3.0,1,-1,-2,1,5,-2,3,3,3,3,False,,,reject,,0,incumbent_restart,8,872,YYXXyXyyx,YYxxyxxYx,18,0,False,False,False,non_bs_short_stuck
ac19_13890,YXXXYxx,YYXXYYxyX,YXXXYxx,YYXXYYxyX,7,9,16,9,2,1.4,3.0,1,-1,-1,-2,-2,-3,2,2,3,3,False,,,reject,,0,incumbent_restart,8,872,YYXXyx,YXXYxYXXX,15,1,False,False,False,non_bs_short_reduced
ac19_14165,YYXXyx,YYYXYXXXX,YYXXyx,YYYXYXXXX,6,9,15,9,19,1.75,2.0,1,-1,-1,-1,-5,-4,2,2,2,2,False,,,reject,,0,incumbent_restart,8,872,YYXXyxx,YYxYxyX,14,1,False,False,False,non_bs_short_reduced
ac19_14184,YYXXyxx,YYXXYxyXYx,YYXXyxx,YYXXYxyXYx,7,10,17,10,17,1.3333333333333333,4.0,2,-1,0,-1,-1,-3,2,2,4,4,False,,,reject,,0,incumbent_restart,8,872,YYXXyxx,YYxyXYX,14,3,False,False,False,non_bs_short_reduced
ac19_14385,YYXXXyxyx,YYXXXyXyyX,YYXXXyxyx,YYXXXyXyyX,9,10,19,10,3,1.5,3.0,3,-1,-1,0,-5,1,3,3,3,3,False,,,reject,,0,incumbent_restart,8,872,YYXXyx,YXYxyXX,13,6,False,False,False,non_bs_mid_reduced
ac19_14392,YYXXXXYX,YYXyXXyxxYX,YYXXXXYX,YYXyXXyxxYX,8,11,19,11,1,1.3333333333333333,4.0,0,-1,-5,-3,-2,-1,2,2,4,4,False,,,reject,,0,incumbent_restart,13,872,YYXXyx,YYxYXXX,13,6,False,False,False,non_bs_mid_reduced
ac19_14409,YYXXXXXXyx,YXXXXXyxxxxxx,YYXXXXXXyx,YXXXXXyxxxxxx,10,13,23,13,3,1.25,2.0,1,1,-5,-1,1,0,2,2,2,2,True,5,1,reject,3,2,incumbent_restart,8,872,YYXyxyX,YYxyxxxxx,16,7,False,False,False,bs_stalled_lo
ac19_14424,YXyxYXXyx,YYXyXyXYXYxyX,YXyxYXXyx,YYXyXyXYXYxyX,9,13,22,13,1,1.1,6.0,1,1,-1,0,-4,-1,4,4,6,6,False,,,reject,,0,incumbent_restart,8,872,YXXYxxYx,YYxyXYxyX,17,5,False,False,False,non_bs_long_reduced
ac19_14513,YYXXXyX,YXyxxxYXXyX,YYXXXyX,YXyxxxYXXyX,7,11,18,11,7,1.1666666666666667,4.0,1,-1,-4,-1,-1,0,2,2,4,4,False,,,reject,,0,incumbent_restart,8,872,YYXXyyx,YXyxYxx,14,4,False,False,False,non_bs_short_reduced
ac19_14550,YYXXYxxyXyx,YYxYXYYxYXYx,YYXXYxxyXyx,YYxYXYYxYXYx,11,12,23,12,1,1.2222222222222223,5.0,1,1,0,-1,1,-7,4,4,5,5,False,,,reject,,0,incumbent_restart,18,872,YYXyxYx,YYxxxYX,14,9,False,False,False,non_bs_long_reduced
ac19_14569,YYXXyxx,YYXXXYYxyx,YYXXyxx,YYXXXYYxyx,7,10,17,10,2,1.6,3.0,2,-1,0,-1,-1,-3,2,2,3,3,False,,,reject,,0,incumbent_restart,8,872,YYXXyxx,YYxyXYX,14,3,False,False,False,non_bs_short_reduced
ac19_14690,YXXXyxx,YYXyXYxyXYxyX,YXXXyxx,YYXyXYxyXYxyX,7,13,20,13,6,1.125,6.0,1,1,-1,0,-2,-1,2,2,6,6,True,2,0,reject,7,6,incumbent_restart,8,872,YXXXyxx,YYXyXYxyXYxyX,20,0,False,False,False,bs_stalled_hi
ac19_14786,YYXXXYX,YYxYXXyXX,YYXXXYX,YYxYXXyXX,7,9,16,9,2,1.4,3.0,1,-1,-4,-3,-3,-2,2,2,3,3,False,,,reject,,0,incumbent_restart,13,872,YXyXyXX,YYxxxxyx,15,1,False,False,False,non_bs_short_reduced
ac19_14807,YXXYxxyx,YYxxyXXYxyX,YXXYxxyx,YYxxyXXYxyX,8,11,19,11,2,1.1428571428571428,4.0,0,-1,1,-1,0,-1,3,3,4,4,False,,,reject,,0,incumbent_restart,18,872,YXYxxyx,YYXyxxxx,15,4,False,False,False,non_bs_mid_reduced
ac19_14905,YXXyXyxx,YYxYxyxxxYX,YXXyXyxx,YYxYxyxxxYX,8,11,19,11,2,1.1428571428571428,4.0,0,-1,-1,1,4,-3,3,3,4,4,False,,,reject,,0,incumbent_restart,13,872,YYXXyxx,YYYxyXYx,15,4,False,False,False,non_bs_mid_reduced
ac19_14939,YYXXXYxx,YYYXXyyxx,YYXXXYxx,YYYXXyyxx,8,9,17,9,2,2.0,2.0,4,1,-1,-3,0,-1,2,2,2,2,False,,,reject,,0,incumbent_restart,8,872,YYXXXYxx,YYXYxxyXX,17,0,False,False,False,non_bs_short_stuck
ac19_15027,YXyxYXXyx,YYXyxYXYXyXyX,YXyxYXXyx,YYXyxYXYXyXyX,9,13,22,13,2,1.1,6.0,1,1,-1,0,-4,-1,4,4,6,6,False,,,reject,,0,incumbent_restart,8,872,YYXXYXyyX,YXyxYXyxx,18,4,False,False,False,non_bs_long_reduced
ac19_15047,YYXXyxx,YYXYxxYxyyX,YYXXyxx,YYXYxxYxyyX,7,11,18,11,1,1.5,4.0,3,1,0,-1,1,-2,2,2,4,4,False,,,reject,,0,incumbent_restart,8,872,YYXXyyx,YXyxYxx,14,4,False,False,False,non_bs_short_reduced
ac19_15183,YYXXyxx,YYYxxYYxxyXXX,YYXXyxx,YYYxxYYxxyXXX,7,13,20,13,1,1.8,3.0,3,1,0,-1,1,-4,2,2,3,3,False,,,reject,,0,incumbent_restart,8,872,YYXXyxx,YYYYxxxxyXXX,19,1,False,False,False,non_bs_mid_reduced
ac19_15189,YXyxYXXyx,YYXyXyxYXXX,YXyxYXXyx,YYXyXyxYXXX,9,11,20,11,6,1.125,4.0,1,1,-1,0,-4,-1,4,4,4,4,False,,,reject,,0,incumbent_restart,8,872,YXXYxYxx,YYXyxYXyx,17,3,False,False,False,non_bs_mid_reduced
ac19_15216,YXyxYXXyx,YYYXyyXXYxyX,YXyxYXXyx,YYYXyyXXYxyX,9,12,21,12,1,1.25,4.0,2,1,-1,0,-3,-1,4,4,4,4,False,,,reject,,0,incumbent_restart,8,872,YYXXYXyyX,YXyxYXyxx,18,3,False,False,False,non_bs_mid_reduced
ac19_15507,YYXXyxx,YYYYYYXYxYYYYX,YYXXyxx,YYYYYYXYxYYYYX,7,14,21,14,1,1.4,3.0,1,-1,0,-1,-1,-11,2,2,3,3,False,,,reject,,0,incumbent_restart,38,872,YYXXyxx,YYYxYXYYX,16,5,False,False,False,non_bs_mid_reduced
ac19_15540,YXXYXXyx,YXXXXXXXXyxYxxx,YXXYXXyx,YXXXXXXXXyxYxxx,8,15,23,15,2,1.0,3.0,0,-1,-3,-1,-4,-1,3,3,3,3,False,,,reject,,0,incumbent_restart,33,872,YYXXyxx,YYxyXYX,14,9,False,False,False,non_bs_long_reduced
ac19_15586,YYXXyxx,YYYXYXyx,YYXXyxx,YYYXYXyx,7,8,15,8,10,1.4,3.0,1,-1,0,-1,-1,-3,2,2,3,3,False,,,reject,,0,incumbent_restart,13,872,YYXXyx,YXYxyXX,13,2,False,False,False,non_bs_short_reduced
ac19_15616,YYXXXyxx,YYXyXXYXYYx,YYXXXyxx,YYXyXXYXYYx,8,11,19,11,1,1.5,4.0,3,1,-1,-1,-3,-4,2,2,4,4,False,,,reject,,0,incumbent_restart,8,872,YXXXyxxYx,YYxYYxxyXX,19,0,False,False,False,non_bs_mid_stuck
ac19_15866,YXXXyXYx,YXyxxxyxx,YXXXyXYx,YXyxxxyxx,8,9,17,9,1,1.0,3.0,0,1,-3,-1,4,1,3,3,3,3,False,,,reject,,0,incumbent_restart,28,872,YXXYxxx,YYXyxYYx,15,2,False,False,False,non_bs_short_reduced
ac19_16098,YXXyXXXXyx,YYXXyxxxxyX,YXXyXXXXyx,YYXXyxxxxyX,10,11,21,11,2,1.1666666666666667,3.0,1,-1,-5,1,1,0,3,3,3,3,False,,,reject,,0,incumbent_restart,28,872,YYXXyxx,YYxYxyX,14,7,False,False,False,non_bs_mid_reduced
ac19_16166,YXXyXyx,YYxxxxxyXX,YXXyXyx,YYxxxxxyXX,7,10,17,10,3,1.2,3.0,0,-1,-2,1,3,-1,3,3,2,2,False,,,reject,,0,incumbent_restart,13,872,YXXyx,YYXyXX,11,6,False,False,False,non_bs_short_reduced
ac19_16178,YYXXXYX,YYXYxYXyyXX,YYXXXYX,YYXYxYXyyXX,7,11,18,11,2,1.5,4.0,1,-1,-4,-3,-3,-2,2,2,4,4,False,,,reject,,0,incumbent_restart,13,872,YXyXyXX,YYxxxxyx,15,3,False,False,False,non_bs_short_reduced
ac19_16286,YYXXXXyx,YYXXXYXXyXX,YYXXXXyx,YYXXXYXXyXX,8,11,19,11,4,1.4,3.0,1,-1,-3,-1,-7,-2,2,2,3,3,False,,,reject,,0,incumbent_restart,8,872,YYXXXXyx,YXXyXXXYx,17,2,False,False,False,non_bs_mid_reduced
ac19_16343,YXXYxYxx,YYxyxyXXyyX,YXXYxYxx,YYxyxyXXyyX,8,11,19,11,1,1.2857142857142858,4.0,1,-1,1,-3,-1,2,3,3,4,4,False,,,reject,,0,incumbent_restart,13,872,YXXYxxx,YYXyxYXyx,16,3,False,False,False,non_bs_mid_reduced
ac19_16371,YXXXYxx,YYYXYYXXyxxYX,YXXXYxx,YYYXYYXXyxxYX,7,13,20,13,3,1.5,4.0,1,1,-1,-2,-2,-5,2,2,4,4,False,,,reject,,0,incumbent_restart,8,872,YYXXX,YXYxyX,11,9,False,False,False,non_bs_mid_reduced
ac19_16618,YXyXYxx,YYXYXYXyxYx,YXyXYxx,YYXYXYXyxYx,7,11,18,11,2,1.125,5.0,1,-1,0,-1,-1,-4,3,3,5,5,False,,,reject,,0,incumbent_restart,23,872,YXyxx,YXXyXyX,12,6,False,False,False,non_bs_short_reduced
ac19_16657,YXyxYXXyx,YYYXyyXYxyXX,YXyxYXXyx,YYYXyyXYxyXX,9,12,21,12,1,1.25,4.0,2,1,-1,0,-3,-1,4,4,4,4,False,,,reject,,0,incumbent_restart,8,872,YYXXYXyyX,YXyxYXyxx,18,3,False,False,False,non_bs_mid_reduced
ac19_16660,YXXXyXYx,YYXXyXYxxxyXX,YXXXyXYx,YYXXyXYxxxyXX,8,13,21,13,1,1.1428571428571428,4.0,0,1,-3,-1,-2,-1,3,3,4,4,False,,,reject,,0,incumbent_restart,13,872,YXXXyXYx,YYXXyXXYX,17,4,False,False,False,non_bs_mid_reduced
ac19_16808,YYXXXXyXX,YXXXXXyxxxxxx,YYXXXXyXX,YXXXXXyxxxxxx,9,13,22,13,9,1.25,2.0,1,1,-6,-1,1,0,2,2,2,2,True,5,1,reject,3,2,incumbent_restart,8,872,YXXyXYx,YYxyXXyyxx,17,5,False,False,False,bs_stalled_lo
ac19_16878,YXyxYXXyx,YYXyxYXyyXXyX,YXyxYXXyx,YYXyxYXyyXXyX,9,13,22,13,1,1.2222222222222223,5.0,1,-1,-1,0,-4,1,4,4,5,5,False,,,reject,,0,incumbent_restart,8,872,YYXXX,YXyxYXX,12,10,False,False,False,non_bs_long_reduced
ac19_16980,YYXXYxYXXYx,YYYXXYxYXyyxxyX,YYXXYxYXXYx,YYYXXYxYXyyxxyX,11,15,26,15,4,1.4444444444444444,5.0,3,-1,-2,-5,-1,-2,4,4,5,5,False,,,reject,,0,incumbent_restart,8,872,YYXXyx,YXYxyXX,13,13,False,False,False,non_bs_long_reduced
ac19_17131,YYXXXyX,YYYXyyXX,YYXXXyX,YYYXyyXX,7,8,15,8,5,1.75,2.0,3,1,-4,-1,-3,-1,2,2,2,2,False,,,reject,,0,incumbent_restart,8,872,YYXXyyx,YXyxYxx,14,1,False,False,False,non_bs_short_reduced
ac19_17204,YXXXyxYx,YXYxyXXYxyX,YXXXyxYx,YXYxyXXYxyX,8,11,19,11,2,1.0,5.0,0,-1,-1,-1,-2,-1,3,3,5,5,False,,,reject,,0,incumbent_restart,18,872,YXXXyxYxx,YYXYYXXYxx,19,0,False,False,False,non_bs_mid_stuck
ac19_17343,YYYXXXXyyx,YYYYXXyyyyx,YYYXXXXyyx,YYYYXXyyyyx,10,11,21,11,12,2.0,2.0,4,-1,-3,-1,-1,0,2,2,2,2,False,,,reject,,0,incumbent_restart,8,872,YYXXyx,YYxYXXX,13,8,False,False,False,non_bs_mid_reduced
ac19_17455,YXXYxYxx,YYxyxxyXyXX,YXXYxYxx,YYxyxxyXyXX,8,11,19,11,1,1.1428571428571428,4.0,0,1,1,-3,0,1,3,3,4,4,False,,,reject,,0,incumbent_restart,13,872,YYXXXYx,YYxyXYX,14,5,False,False,False,non_bs_mid_reduced
ac19_17550,YYXyxxxyyx,YYXXXYXXyyx,YYXyxxxyyx,YYXXXYXXyyx,10,11,21,11,2,1.6666666666666667,3.0,2,1,3,1,-4,-1,3,3,3,3,False,,,reject,,0,incumbent_restart,8,872,YYYXX,YXYXyx,11,10,False,False,False,non_bs_mid_reduced
ac19_17639,YXyXYxx,YYYXYXYx,YXyXYxx,YYYXYXYx,7,8,15,8,4,1.1666666666666667,3.0,1,-1,0,-1,-1,-5,3,3,3,3,False,,,reject,,0,incumbent_restart,23,872,YXyxx,YXXyXyX,12,3,False,False,False,non_bs_short_reduced
ac19_17727,YXYXXYx,YYXYXXyyxx,YXYXXYx,YYXYXXyyxx,7,10,17,10,2,1.3333333333333333,3.0,0,-1,-2,-3,-1,-1,3,3,3,3,False,,,reject,,0,incumbent_restart,13,872,YYXXyx,YXYxyXX,13,4,False,False,False,non_bs_short_reduced
ac19_18122,YXXXyXYx,YXyxxyxxx,YXXXyXYx,YXyxxyxxx,8,9,17,9,6,1.0,3.0,0,1,-3,-1,4,1,3,3,3,3,False,,,reject,,0,incumbent_restart,23,872,YYXXyyx,YXyxYxx,14,3,False,False,False,non_bs_short_reduced
ac19_18125,YYXXYXYYXXX,YYYxyyxYXXyX,YYXXYXYYXXX,YYYxyyxYXXyX,11,12,23,12,1,1.5714285714285714,4.0,1,1,-6,-5,-1,-1,3,3,4,4,False,,,reject,,0,incumbent_restart,13,872,YYXXXyxxx,YXyXYxxyx,18,5,False,False,False,non_bs_long_reduced
ac19_18168,YXYXXYx,YYxyXyxxxyXX,YXYXXYx,YYxyXyxxxyXX,7,12,19,12,1,1.1428571428571428,4.0,0,1,-2,-3,1,1,3,3,4,4,False,,,reject,,0,incumbent_restart,13,872,YYXXyx,YXYxyXX,13,6,False,False,False,non_bs_mid_reduced
ac19_18221,YYXXXYX,YYXYYxyXXyX,YYXXXYX,YYXYYxyXXyX,7,11,18,11,1,1.5,4.0,1,-1,-4,-3,-3,-2,2,2,4,4,False,,,reject,,0,incumbent_restart,13,872,YYXXX,YXYXyx,11,7,False,False,False,non_bs_short_reduced
ac19_18255,YXXyXyx,YYXXyXYxxxyx,YXXyXyx,YYXXyXYxxxyx,7,12,19,12,1,1.1428571428571428,4.0,0,1,-2,1,1,-1,3,3,4,4,False,,,reject,,0,incumbent_restart,13,872,YYXXyx,YXYxyXX,13,6,False,False,False,non_bs_mid_reduced
ac19_18375,YXXYxxyX,YYXXyxxYXyX,YXXYxxyX,YYXXyxxYXyX,8,11,19,11,3,1.1428571428571428,4.0,0,-1,-1,-1,-2,-1,3,3,4,4,False,,,reject,,0,incumbent_restart,18,872,YYXXyx,YYxYXXX,13,6,False,False,False,non_bs_mid_reduced
ac19_18413,YXYxxYXyxYXyx,YYXYxxYYxxYXyx,YXYxxYXyxYXyx,YYXYxxYYxxYXyx,13,14,27,14,1,1.1818181818181819,6.0,1,1,1,-2,3,-5,6,6,5,5,False,,,reject,,0,incumbent_restart,8,872,YXXYxYxx,YYxyxyXyX,17,10,False,False,False,non_bs_long_reduced
ac19_18516,YYXXyxx,YYXYXXYYxyx,YYXXyxx,YYXYXXYYxyx,7,11,18,11,1,1.5,4.0,1,-1,0,-1,-1,-4,2,2,4,4,False,,,reject,,0,incumbent_restart,13,872,YYXXyxx,YYYYYXyXYx,17,1,False,False,False,non_bs_short_reduced
ac19_18524,YXXXYxxxyx,YYxYxxxyXXX,YXXXYxxxyx,YYxYxxxyXXX,10,11,21,11,1,1.1666666666666667,3.0,1,-1,1,-1,1,-2,3,3,3,3,False,,,reject,,0,incumbent_restart,23,872,YXXXYxx,YYXYYXyx,15,6,False,False,False,non_bs_mid_reduced
ac19_18718,YYXXXXYX,YYXYxxyyXXX,YYXXXXYX,YYXYxxyyXXX,8,11,19,11,1,1.6,3.0,0,-1,-5,-3,-2,-1,2,2,3,3,False,,,reject,,0,incumbent_restart,13,872,YYXXyx,YYxYXXX,13,6,False,False,False,non_bs_mid_reduced
ac19_18844,YYXXXyX,YXyXXYxxxyx,YYXXXyX,YXyXXYxxxyx,7,11,18,11,10,1.1666666666666667,4.0,1,1,-4,-1,1,0,2,2,4,4,False,,,reject,,0,incumbent_restart,8,872,YYXXyyx,YXyxYxx,14,4,False,False,False,non_bs_short_reduced
ac19_18936,YYXXXXXyX,YXXXXXXyxxxxx,YYXXXXXyX,YXXXXXXyxxxxx,9,13,22,13,4,1.25,2.0,1,-1,-6,-1,-1,0,2,2,2,2,True,5,1,reject,3,2,incumbent_restart,8,872,YYxyXyx,YYXXXXXyX,16,6,False,False,False,bs_stalled_lo
ac19_18993,YYXXyXyyx,YYxxYxxyx,YYXXyXyyx,YYxxYxxyx,9,9,18,9,1,1.5,3.0,1,-1,-2,1,5,-2,3,3,3,3,False,,,reject,,0,incumbent_restart,8,872,YYYXX,YXYXyx,11,7,False,False,False,non_bs_short_reduced
ac19_19026,YYXXXyx,YXyxxxYXXyx,YYXXXyx,YXyxxxYXXyx,7,11,18,11,3,1.1666666666666667,4.0,1,1,-2,-1,1,0,2,2,4,4,False,,,reject,,0,incumbent_restart,8,872,YYXXXyX,YXYxyXXX,15,3,False,False,False,non_bs_short_reduced
ac19_19132,YXYxyXXyx,YYYXyyxYXyx,YXYxyXXyx,YYYXyyxYXyx,9,11,20,11,3,1.125,4.0,1,1,-1,0,0,-1,4,4,4,4,False,,,reject,,0,incumbent_restart,8,872,YXYxxyx,YYXyxxxx,15,5,False,False,False,non_bs_mid_reduced
ac19_19144,YYXXYXXyX,YYxxyXXXX,YYXXYXXyX,YYxxyXXXX,9,9,18,9,5,1.4,3.0,1,1,-5,-2,-2,-1,3,3,2,2,False,,,reject,,0,incumbent_restart,8,872,YYXXXyxx,YYxYXXXXX,17,1,False,False,False,non_bs_short_reduced
ac19_19168,YYXXXYxx,YYYYYXYYX,YYXXXYxx,YYYYYXYYX,8,9,17,9,1,1.75,2.0,1,1,-1,-3,-2,-7,2,2,2,2,False,,,reject,,0,incumbent_restart,18,872,YYXXXYxx,YYXYxxyXX,17,0,False,False,False,non_bs_short_stuck
ac19_19313,YYXXyxx,YYXXYxYxyx,YYXXyxx,YYXXYxYxyx,7,10,17,10,3,1.3333333333333333,4.0,2,1,0,-1,1,-3,2,2,4,4,False,,,reject,,0,incumbent_restart,8,872,YYXXyxx,YYxYxyX,14,3,False,False,False,non_bs_short_reduced
ac19_19674,YXXyXyxx,YYxyXYxyx,YXXyXyxx,YYxyXYxyx,8,9,17,9,3,1.1428571428571428,4.0,0,-1,-1,1,2,-1,3,3,4,4,False,,,reject,,0,incumbent_restart,13,872,YXXyXyxx,YYxyXYxyx,17,0,False,False,False,non_bs_short_stuck
ac19_19700,YXYxxyXyx,YYXXyXyyxx,YXYxxyXyx,YYXXyXyyxx,9,10,19,10,1,1.2857142857142858,4.0,1,1,1,0,-1,1,4,4,3,3,False,,,reject,,0,incumbent_restart,8,872,YXYxxyXyx,YYXXyXyyxx,19,0,False,False,False,non_bs_mid_stuck
ac19_19775,YYXXXyX,YXXyXYxxxyXYxxxyX,YYXXXyX,YXXyXYxxxyXYxxxyX,7,17,24,17,1,1.125,6.0,1,1,-4,-1,1,0,2,2,6,6,False,,,reject,,0,incumbent_restart,8,872,YXXXyXYx,YYXXyXXYX,17,7,False,False,False,non_bs_long_reduced
ac19_19996,YXXyXyX,YYYXXXyxyxyxx,YXXyXyX,YYYXXXyxyxyxx,7,13,20,13,1,1.2857142857142858,4.0,1,-1,-4,1,1,0,3,3,4,4,False,,,reject,,0,incumbent_restart,13,872,YYXXyxx,YYxYxyX,14,6,False,False,False,non_bs_mid_reduced
ac19_20011,YYXXXYxxYxx,YYXXXXyxxxx,YYXXXYxxYxx,YYXXXXyxxxx,11,11,22,11,2,1.4,3.0,1,-1,1,-4,0,-1,3,3,2,2,False,,,reject,,0,incumbent_restart,8,872,YYXXXYx,YYxyXYX,14,8,False,False,False,non_bs_long_reduced
ac19_20023,YXYXXYx,YYXyyxxyXyx,YXYXXYx,YYXyyxxyXyx,7,11,18,11,4,1.2857142857142858,4.0,1,-1,-2,-3,1,2,3,3,4,4,False,,,reject,,0,incumbent_restart,13,872,YYXXyx,YXYxyXX,13,5,False,False,False,non_bs_short_reduced
ac19_20050,YYXXXYx,YYXYYXYXXyx,YYXXXYx,YYXYYXYXXyx,7,11,18,11,2,1.5,4.0,1,-1,-2,-3,-3,-4,2,2,4,4,False,,,reject,,0,incumbent_restart,13,872,YYXXYx,YYxxYXyXX,15,3,False,False,False,non_bs_short_reduced
ac19_20055,YYXXXXXXXXyx,YXXXXXXyxxxxx,YYXXXXXXXXyx,YXXXXXXyxxxxx,12,13,25,13,6,1.25,2.0,1,-1,-7,-1,-1,0,2,2,2,2,True,5,1,reject,3,2,incumbent_restart,8,872,YXXyXXXXYx,YXXyxYXXXXX,21,4,False,False,False,bs_stalled_lo
ac19_20074,YXXXYxYx,YYXXYxYYxyX,YXXXYxYx,YYXXYxYYxyX,8,11,19,11,2,1.2857142857142858,4.0,1,1,-1,-3,-1,-4,3,3,4,4,False,,,reject,,0,incumbent_restart,13,872,YXXXYxYx,YYXyxYXyx,17,2,False,False,False,non_bs_mid_reduced
ac19_20172,YYXXXyX,YXYXyXXX,YYXXXyX,YXYXyXXX,7,8,15,8,12,1.2,3.0,0,-1,-4,-1,-5,-1,2,2,3,3,False,,,reject,,0,incumbent_restart,13,872,YYXYxyX,YYXXyxx,14,1,False,False,False,non_bs_short_reduced
ac19_20270,YYXXXYxx,YYYXXXyxyyxyx,YYXXXYxx,YYYXXXyxyyxyx,8,13,21,13,1,1.6666666666666667,4.0,2,-1,-1,-3,0,1,2,2,4,4,False,,,reject,,0,incumbent_restart,8,872,YYXXXYxx,YYXYYxxyXYX,19,2,False,False,False,non_bs_mid_reduced
ac19_20301,YXyxYXXyx,YYXXyyXYXXYxyX,YXyxYXXyx,YYXXyyXYXXYxyX,9,14,23,14,1,1.2222222222222223,5.0,1,1,-1,0,-5,-1,4,4,5,5,False,,,reject,,0,incumbent_restart,8,872,YYXYXYxxx,YYXyxYXyx,18,5,False,False,False,non_bs_long_reduced
ac19_20443,YXXXYxYx,YYXyxYXyx,YXXXYxYx,YYXyxYXyx,8,9,17,9,10,1.1428571428571428,4.0,0,1,-1,-3,0,-1,3,3,4,4,False,,,reject,,0,incumbent_restart,13,872,YXXXYxYx,YYXyxYXyx,17,0,False,False,False,non_bs_short_stuck
ac19_20613,YYXXyxx,YYYxxYxxYXXX,YYXXyxx,YYYxxYxxYXXX,7,12,19,12,2,1.6,3.0,2,1,0,-1,1,-5,2,2,3,3,False,,,reject,,0,incumbent_restart,8,872,YYXXyxx,YYYYxxxxyXXX,19,0,False,False,False,non_bs_mid_stuck
ac19_20653,YXXyXyx,YYXyxYYxxyx,YXXyXyx,YYXyxYYxxyx,7,11,18,11,1,1.2857142857142858,4.0,1,1,-2,1,3,-2,3,3,4,4,False,,,reject,,0,incumbent_restart,13,872,YYXXXYx,YYxyXYX,14,4,False,False,False,non_bs_short_reduced
ac19_20708,YYXXXyX,YYXXyXyxx,YYXXXyX,YYXXyXyxx,7,9,16,9,5,1.4,3.0,1,-1,-4,-1,-1,0,2,2,3,3,False,,,reject,,0,incumbent_restart,8,872,YYXXyyx,YXyxYxx,14,2,False,False,False,non_bs_short_reduced
ac19_20791,YYXYXyXyX,YXyxYXXyx,YYXYXyXyX,YXyxYXXyx,9,9,18,9,5,1.125,4.0,1,-1,-4,-1,-1,0,4,4,4,4,False,,,reject,,0,incumbent_restart,8,872,YXXYxYxx,YYXyxYXyx,17,1,False,False,False,non_bs_short_reduced
ac19_20858,YXXYxxyx,YYxxYxYxyxyXX,YXXYxxyx,YYxxYxYxyxyXX,8,13,21,13,1,1.125,5.0,1,1,1,-1,3,-2,3,3,5,5,False,,,reject,,0,incumbent_restart,18,872,YYXYXYxxx,YYXyxYXyx,18,3,False,False,False,non_bs_mid_reduced
ac19_21024,YYXXYXYXX,YYYxyXXXyxxyyx,YYXXYXYXX,YYYxyXXXyxxyyx,9,14,23,14,1,1.5714285714285714,4.0,1,-1,-5,-4,1,1,3,3,4,4,False,,,reject,,0,incumbent_restart,23,872,YXYXYx,YYXyyxxxyyX,17,6,False,False,False,non_bs_long_reduced
ac19_21067,YXXyXyx,YYXYxxYxyyx,YXXyXyx,YYXYxxYxyyx,7,11,18,11,1,1.2857142857142858,4.0,1,1,-2,1,3,-2,3,3,4,4,False,,,reject,,0,incumbent_restart,13,872,YYXXXYx,YYxyXYX,14,4,False,False,False,non_bs_short_reduced
ac19_21098,YXyxYXXyx,YYXXYXXyyX,YXyxYXXyx,YYXXYXXyyX,9,10,19,10,1,1.2857142857142858,4.0,1,1,-1,0,-5,-1,4,4,3,3,False,,,reject,,0,incumbent_restart,8,872,YYXXYxxx,YXYxxYxyX,17,2,False,False,False,non_bs_mid_reduced
ac19_21102,YXXyXyx,YYYYxxyXyxyX,YXXyXyx,YYYYxxyXyxyX,7,12,19,12,1,1.2857142857142858,4.0,1,1,-2,1,1,-1,3,3,4,4,False,,,reject,,0,incumbent_restart,13,872,YYXYxxx,YYxYxyX,14,5,False,False,False,non_bs_mid_reduced
ac19_21215,YXXXXYxxxxyx,YYYYxxxxyXYxx,YXXXXYxxxxyx,YYYYxxxxyXYxx,12,13,25,13,4,1.5,3.0,3,1,1,-1,5,-4,3,3,3,3,False,,,reject,,0,incumbent_restart,28,872,YXXyx,YXYXyXX,12,13,False,False,False,non_bs_long_reduced
ac19_21293,YXXYXXyx,YYxyXYXyX,YXXYXXyx,YYxyXYXyX,8,9,17,9,5,1.1428571428571428,4.0,0,1,-3,-1,-2,-1,3,3,4,4,False,,,reject,,0,incumbent_restart,18,872,YXXyx,YYxyxx,11,6,False,False,False,non_bs_short_reduced
ac19_21315,YYXXXyx,YYXXyyxyxx,YYXXXyx,YYXXyyxyxx,7,10,17,10,1,1.6,3.0,2,-1,-2,-1,1,1,2,2,3,3,False,,,reject,,0,incumbent_restart,8,872,YYXXyx,YYxYXXX,13,4,False,False,False,non_bs_short_reduced
ac19_21522,YXXXXXyXYx,YXXXyxYXXXX,YXXXXXyXYx,YXXXyxYXXXX,10,11,21,11,4,1.0,3.0,0,-1,-5,-1,-6,-1,3,3,3,3,False,,,reject,,0,incumbent_restart,33,872,YYXXyx,YYxYXXX,13,8,False,False,False,non_bs_mid_reduced
ac19_21595,YXYxyx,YYXXyxYxxYxYYxx,YXYxyx,YYXXyxYxxYxYYxx,6,15,21,15,1,1.25,5.0,0,-1,1,-1,4,-5,3,3,5,5,False,,,reject,,0,incumbent_restart,18,872,YXXXyxx,YYXyxYxxyx,17,4,False,False,False,non_bs_mid_reduced
ac19_21855,YXXXyxYx,YXYXyXYxYXX,YXXXyxYx,YXYXyXYxYXX,8,11,19,11,16,1.0,5.0,0,-1,-1,-1,-4,-3,3,3,5,5,False,,,reject,,0,incumbent_restart,18,872,YYXXXyX,YXYxyXXX,15,4,False,False,False,non_bs_mid_reduced
ac19_21907,YXXyXyx,YYXyxYXyxx,YXXyXyx,YYXyxYXyxx,7,10,17,10,3,1.1428571428571428,4.0,0,1,-2,1,1,-1,3,3,4,4,False,,,reject,,0,incumbent_restart,13,872,YYXXXYx,YYxyXYX,14,3,False,False,False,non_bs_short_reduced
ac19_22018,YXXXyxYx,YYxyxyXyx,YXXXyxYx,YYxyxyXyx,8,9,17,9,1,1.1428571428571428,4.0,0,1,-1,-1,2,1,3,3,4,4,False,,,reject,,0,incumbent_restart,13,872,YXyXXyx,YYYXyyxx,15,2,False,False,False,non_bs_short_reduced
ac19_22112,YXXYxxyX,YXyxYxYXXyx,YXXYxxyX,YXyxYxYXXyx,8,11,19,11,2,1.0,5.0,0,1,-1,-1,0,-1,3,3,5,5,False,,,reject,,0,incumbent_restart,23,872,YXyxYx,YYxYxxx,13,6,False,False,False,non_bs_mid_reduced
ac19_22263,YXyXYXyxx,YYXXyxxYxyX,YXyXYXyxx,YYXXyxxYxyX,9,11,20,11,2,1.125,4.0,1,1,-1,0,0,-1,4,4,4,4,False,,,reject,,0,incumbent_restart,8,872,YXyXYXyxx,YYXXyXYxyX,19,1,False,False,False,non_bs_mid_reduced
ac19_22389,YXXXyXYx,YYXXyXYXX,YXXXyXYx,YYXXyXYXX,8,9,17,9,3,1.1666666666666667,3.0,1,1,-3,-1,-5,-2,3,3,3,3,False,,,reject,,0,incumbent_restart,13,872,YYXXXyX,YXYxyXXX,15,2,False,False,False,non_bs_short_reduced
ac19_22520,YXYxxyXyx,YYXyxxYXyx,YXYxxyXyx,YYXyxxYXyx,9,10,19,10,1,1.125,4.0,1,-1,1,0,1,-1,4,4,4,4,False,,,reject,,0,incumbent_restart,8,872,YXYxxyXyx,YYXYXXyyxx,19,0,False,False,False,non_bs_mid_stuck
ac19_22598,YXYxxYXyx,YYYxxYXYxyXYx,YXYxxYXyx,YYYxxYXYxyXYx,9,13,22,13,1,1.2222222222222223,5.0,1,-1,1,-2,2,-5,4,4,5,5,False,,,reject,,0,incumbent_restart,8,872,YXXXyxxYx,YYXyXYxxyx,19,3,False,False,False,non_bs_long_reduced
ac19_22628,YYXXXXyxxx,YYXXXXXYYxxYX,YYXXXXyxxx,YYXXXXXYYxxYX,10,13,23,13,1,1.6,3.0,2,1,-1,-1,-4,-5,2,2,3,3,False,,,reject,,0,incumbent_restart,8,872,YYXXXXyxxx,YYXYYxxyXXX,21,2,False,False,False,non_bs_long_reduced
ac19_22957,YYXXXYX,YYxYXyyX,YYXXXYX,YYxYXyyX,7,8,15,8,10,1.4,3.0,1,1,-4,-3,-1,-1,2,2,3,3,False,,,reject,,0,incumbent_restart,23,872,YYxyxYx,YXXyXyx,14,1,False,False,False,non_bs_short_reduced
ac19_22963,YXyxYXXyx,YYXyXyxYXXXX,YXyxYXXyx,YYXyXyxYXXXX,9,12,21,12,1,1.125,4.0,1,1,-1,0,-5,-1,4,4,4,4,False,,,reject,,0,incumbent_restart,8,872,YYXXYXyyX,YXyxYXyxx,18,3,False,False,False,non_bs_mid_reduced
ac19_22984,YYXXyxx,YYXyXyxYXyx,YYXXyxx,YYXyXyxYXyx,7,11,18,11,3,1.2857142857142858,5.0,1,-1,0,-1,-1,0,2,2,5,5,False,,,reject,,0,incumbent_restart,13,872,YXYXXyxx,YYXyxYxyX,17,1,False,False,False,non_bs_short_reduced
ac19_23080,YYXXYxxyx,YYYYYxxYYx,YYXXYxxyx,YYYYYxxYYx,9,10,19,10,1,1.6,3.0,2,-1,1,-2,3,-7,3,3,2,2,False,,,reject,,0,incumbent_restart,18,872,YYXXXYx,YYxyXYX,14,5,False,False,False,non_bs_mid_reduced
ac19_23093,YXyXYxx,YYYYYXXyxxx,YXyXYxx,YYYYYXXyxxx,7,11,18,11,1,1.8,3.0,3,1,0,-1,1,-4,3,3,2,2,False,,,reject,,0,incumbent_restart,18,872,YXyxxyX,YYYYYxxYX,16,2,False,False,False,non_bs_short_reduced
ac19_23123,YXXXyxx,YYXyxYxyXYxyX,YXXXyxx,YYXyxYxyXYxyX,7,13,20,13,4,1.125,6.0,1,1,-1,0,0,-1,2,2,6,6,True,2,0,reject,7,6,incumbent_restart,8,872,YXXXyxx,YYXyxYxyXYxyX,20,0,False,False,False,bs_stalled_hi
ac19_23156,YYXXyxx,YYYxYXYYX,YYXXyxx,YYYxYXYYX,7,9,16,9,1,1.4,3.0,1,-1,0,-1,-1,-6,2,2,3,3,False,,,reject,,0,incumbent_restart,18,872,YYXXyxx,YYYxYXYYX,16,0,False,False,False,non_bs_short_stuck
ac19_23233,YYXXYXyyx,YYxyXXXYX,YYXXYXyyx,YYxyXXXYX,9,9,18,9,1,1.5,3.0,1,1,-2,-1,-3,-2,3,3,3,3,False,,,reject,,0,incumbent_restart,8,872,YYXXyxx,YYxyXYX,14,4,False,False,False,non_bs_short_reduced
ac19_23234,YYXXYXyyxYXyx,YXyXYxyXYxYXX,YYXXYXyyxYXyx,YXyXYxyXYxYXX,13,13,26,13,1,1.1818181818181819,6.0,1,1,-2,-1,-3,-2,5,5,6,6,False,,,reject,,0,incumbent_restart,8,872,YYXXyx,YXYxyXX,13,13,False,False,False,non_bs_long_reduced
ac19_23285,YYXXXYX,YYYxyyXyyx,YYXXXYX,YYYxyyXyyx,7,10,17,10,1,1.4,3.0,1,-1,-4,-3,1,1,2,2,3,3,False,,,reject,,0,incumbent_restart,28,872,YYxYXYX,YYYYXXYx,15,2,False,False,False,non_bs_short_reduced
ac19_23409,YXXXyXYx,YXyXYXXYxyx,YXXXyXYx,YXyXYXXYxyx,8,11,19,11,2,1.0,5.0,0,1,-3,-1,-2,-1,3,3,5,5,False,,,reject,,0,incumbent_restart,23,872,YYXXyyx,YXyxYxx,14,5,False,False,False,non_bs_mid_reduced
ac19_23430,YXYXXYx,YYYXXXyxx,YXYXXYx,YYYXXXyxx,7,9,16,9,2,1.4,3.0,1,1,-2,-3,-1,-2,3,3,2,2,False,,,reject,,0,incumbent_restart,13,872,YYXXyx,YXYxyXX,13,3,False,False,False,non_bs_short_reduced
ac19_23608,YYXXYXyyX,YXyxYXyxx,YYXXYXyyX,YXyxYXyxx,9,9,18,9,4,1.2857142857142858,4.0,1,1,-4,-1,1,0,3,3,4,4,False,,,reject,,0,incumbent_restart,8,872,YYXXYXyyX,YXyxYXyxx,18,0,False,False,False,non_bs_short_stuck
ac19_23763,YYXXXyx,YYYxyxxyyXyx,YYXXXyx,YYYxyxxyyXyx,7,12,19,12,1,1.5,4.0,3,1,-2,-1,3,1,2,2,4,4,False,,,reject,,0,incumbent_restart,8,872,YYXXXyX,YXYxyXXX,15,4,False,False,False,non_bs_mid_reduced
ac19_23824,YYXXXYxx,YYYXXyxxYYX,YYXXXYxx,YYYXXyxxYYX,8,11,19,11,4,1.8,3.0,3,1,-1,-3,-1,-4,2,2,3,3,False,,,reject,,0,incumbent_restart,8,872,YYXXXYxx,YYXYxxyXX,17,2,False,False,False,non_bs_mid_reduced
ac19_24058,YXXyXyxx,YYYYxxxYx,YXXyXyxx,YYYYxxxYx,8,9,17,9,3,1.6,3.0,0,1,-1,1,4,-5,3,3,2,2,False,,,reject,,0,incumbent_restart,13,872,YXXyXyxx,YYYYxxxYx,17,0,False,False,False,non_bs_short_stuck
ac19_24097,YXyxYXXyx,YYXyxYXyyxYxxx,YXyxYXXyx,YYXyxYXyyxYxxx,9,14,23,14,1,1.2222222222222223,5.0,1,1,-1,0,3,-1,4,4,5,5,False,,,reject,,0,incumbent_restart,8,872,YYXXYxxYX,YYxyXYxyX,18,5,False,False,False,non_bs_long_reduced
ac19_24119,YYXXXXyxxxx,YXXXXXXyxxxxx,YYXXXXyxxxx,YXXXXXXyxxxxx,11,13,24,13,2,1.25,2.0,1,-1,0,-1,-1,0,2,2,2,2,True,5,1,reject,3,2,incumbent_restart,8,872,YYxxyX,YXYXYxxxx,15,9,False,False,False,bs_stalled_lo
ac19_24135,YXyxYXXyx,YYXYxyXYxyXXyX,YXyxYXXyx,YYXYxyXYxyXXyX,9,14,23,14,1,1.1,6.0,1,1,-1,0,-3,-1,4,4,6,6,False,,,reject,,0,incumbent_restart,8,872,YXXYxYxx,YYXyxYXyx,17,6,False,False,False,non_bs_long_reduced
ac19_24328,YYXXyxx,YYYYXyxYYX,YYXXyxx,YYYYXyxYYX,7,10,17,10,10,1.4,3.0,1,-1,0,-1,-1,-5,2,2,3,3,False,,,reject,,0,incumbent_restart,28,872,YYXXyx,YXYxyXX,13,4,False,False,False,non_bs_short_reduced
ac19_24374,YXYXXYx,YYxyXyXyxx,YXYXXYx,YYxyXyXyxx,7,10,17,10,2,1.1428571428571428,4.0,0,1,-2,-3,1,1,3,3,4,4,False,,,reject,,0,incumbent_restart,18,872,YYXXyx,YXYxyXX,13,4,False,False,False,non_bs_short_reduced
ac19_24447,YXyxYXXyx,YYXyXXyxYXX,YXyxYXXyx,YYXyXXyxYXX,9,11,20,11,2,1.125,4.0,1,1,-1,0,-4,-1,4,4,4,4,False,,,reject,,0,incumbent_restart,8,872,YXXYxYxx,YYXyxYXyx,17,3,False,False,False,non_bs_mid_reduced
ac19_24481,YYYXXXyxx,YYYXyxxYXX,YYYXXXyxx,YYYXyxxYXX,9,10,19,10,1,1.8,3.0,3,1,-1,-2,-1,-3,2,2,3,3,False,,,reject,,0,incumbent_restart,8,872,YYXXXYxx,YYXYxxyXX,17,2,False,False,False,non_bs_mid_reduced
ac19_24565,YXXyXyx,YYXXXXyxxyx,YXXyXyx,YYXXXXyxxyx,7,11,18,11,1,1.1666666666666667,3.0,1,1,-2,1,-1,0,3,3,3,3,False,,,reject,,0,incumbent_restart,13,872,YYXXyx,YXYxyXX,13,5,False,False,False,non_bs_short_reduced
ac19_24596,YXyxYXXyx,YYXXXYXyyX,YXyxYXXyx,YYXXXYXyyX,9,10,19,10,2,1.2857142857142858,4.0,1,1,-1,0,-5,-1,4,4,3,3,False,,,reject,,0,incumbent_restart,8,872,YXXYxxx,YYXyxYXyx,16,3,False,False,False,non_bs_mid_reduced
ac19_24622,YYXXXyX,YYXYxyXyxyX,YYXXXyX,YYXYxyXyxyX,7,11,18,11,2,1.2857142857142858,5.0,1,-1,-4,-1,-1,0,2,2,5,5,False,,,reject,,0,incumbent_restart,18,872,YYXXyyx,YXyxYxx,14,4,False,False,False,non_bs_short_reduced
ac19_24668,YXXyXYx,YYxyxxxyXyXYX,YXXyXYx,YYxyxxxyXyXYX,7,13,20,13,1,1.125,5.0,1,1,-2,-1,1,0,3,3,5,5,False,,,reject,,0,incumbent_restart,13,872,YXYXXyX,YYXyXyxxx,16,4,False,False,False,non_bs_mid_reduced
ac19_25075,YXXyXyx,YYxYXXyyxx,YXXyXyx,YYxYXXyyxx,7,10,17,10,2,1.3333333333333333,3.0,0,1,-2,1,1,-1,3,3,3,3,False,,,reject,,0,incumbent_restart,13,872,YYXXXYx,YYxyXYX,14,3,False,False,False,non_bs_short_reduced
ac19_25143,YYXXXyx,YXXXYxxYXXXyX,YYXXXyx,YXXXYxxYXXXyX,7,13,20,13,1,1.1666666666666667,4.0,1,-1,-2,-1,-5,-2,2,2,4,4,False,,,reject,,0,incumbent_restart,8,872,YYXXyxx,YYxYxyX,14,6,False,False,False,non_bs_mid_reduced
ac19_25325,YXYxYXXYXyx,YYxYXXXYxYXX,YXYxYXXYXyx,YYxYXXXYxYXX,11,12,23,12,1,1.1111111111111112,5.0,0,1,-2,-3,-3,-5,5,5,4,4,False,,,reject,,0,incumbent_restart,13,872,YXYXXYxx,YYXyXyxyx,17,6,False,False,False,non_bs_long_reduced
ac19_25347,YXXXyXXyx,YYXyxyXYxxxyX,YXXXyXXyx,YYXyxyXYxxxyX,9,13,22,13,1,1.125,5.0,1,-1,-4,1,1,0,3,3,5,5,False,,,reject,,0,incumbent_restart,18,872,YYXXyxx,YYxyXYx,14,8,False,False,False,non_bs_long_reduced
ac19_25580,YXYXXYx,YYXyxYXXyx,YXYXXYx,YYXyxYXXyx,7,10,17,10,4,1.1428571428571428,4.0,0,-1,-2,-3,-1,-1,3,3,4,4,False,,,reject,,0,incumbent_restart,13,872,YYXXyx,YXYxyXX,13,4,False,False,False,non_bs_short_reduced
ac19_25757,YYXXXXXXX,YYYXXXyxyXX,YYXXXXXXX,YYYXXXyxyXX,9,11,20,11,5,1.75,3.0,1,-1,-7,-2,-4,-1,1,1,3,3,False,,,reject,,0,incumbent_restart,8,872,YYXXyx,YYxYXXX,13,7,False,False,False,non_bs_mid_reduced
ac19_25941,YYXXXyX,YXyXXYxxxyX,YYXXXyX,YXyXXYxxxyX,7,11,18,11,6,1.1666666666666667,4.0,1,-1,-4,-1,-1,0,2,2,4,4,False,,,reject,,0,incumbent_restart,8,872,YYXYxyX,YYXXyxx,14,4,False,False,False,non_bs_short_reduced
ac19_25945,YYXXYxYXXXYx,YXXYxxxyXXXYx,YYXXYxYXXXYx,YXXYxxxyXXXYx,12,13,25,13,1,1.125,4.0,1,1,-3,-5,-1,-2,4,4,4,4,False,,,reject,,0,incumbent_restart,8,872,YYXXXYxx,YYXYYxxyXYX,19,6,False,False,False,non_bs_long_reduced
ac19_25960,YXXXYxx,YYYXYYXXyyxx,YXXXYxx,YYYXYYXXyyxx,7,12,19,12,3,1.8,3.0,3,1,-1,-2,-1,-3,2,2,3,3,False,,,reject,,0,incumbent_restart,8,872,YXXXYxx,YYYXYYYXYX,17,2,False,False,False,non_bs_mid_reduced
ac19_26073,YXyxYXXyx,YYXXYxyXyX,YXyxYXXyx,YYXXYxyXyX,9,10,19,10,4,1.125,4.0,1,1,-1,0,-3,-1,4,4,4,4,False,,,reject,,0,incumbent_restart,8,872,YYXXYxxx,YXYxxYxyX,17,2,False,False,False,non_bs_mid_reduced
ac19_26186,YXyxYXXyx,YYXXyxyXXXyX,YXyxYXXyx,YYXXyxyXXXyX,9,12,21,12,1,1.125,4.0,1,-1,-1,0,-5,1,4,4,4,4,False,,,reject,,0,incumbent_restart,8,872,YXyxYXXyx,YYXXyyXXXyX,20,1,False,False,False,non_bs_mid_reduced
ac19_26438,YXyxYXXyx,YYXXyxYXXyXyyX,YXyxYXXyx,YYXXyxYXXyXyyX,9,14,23,14,1,1.2222222222222223,5.0,1,-1,-1,0,-5,1,4,4,5,5,False,,,reject,,0,incumbent_restart,8,872,YXXXYxYx,YYXyxYXyx,17,6,False,False,False,non_bs_long_reduced
ac19_26498,YYXXYYx,YYYXyXyxx,YYXXYYx,YYYXyXyxx,7,9,16,9,3,1.4,3.0,1,1,-1,-4,0,-1,2,2,3,3,False,,,reject,,0,incumbent_restart,8,872,YYXXYYx,YYYXyXyxx,16,0,False,False,False,non_bs_short_stuck
ac19_26505,YYXXXXYX,YYYYXyyXX,YYXXXXYX,YYYYXyyXX,8,9,17,9,2,2.0,2.0,2,1,-5,-3,-3,-2,2,2,2,2,False,,,reject,,0,incumbent_restart,13,872,YYXXyxx,YYxyXYx,14,3,False,False,False,non_bs_short_reduced
ac19_26598,YYXXXyxyxYx,YYXXXXyxyxyx,YYXXXyxyxYx,YYXXXXyxyxyx,11,12,23,12,1,1.25,4.0,0,-1,0,-1,-1,1,4,4,4,4,False,,,reject,,0,incumbent_restart,13,872,YXYXXYxx,YYXyXyxyx,17,6,False,False,False,non_bs_long_reduced
ac19_26841,YXYXXYx,YYYXXXyxyx,YXYXXYx,YYYXXXyxyx,7,10,17,10,1,1.3333333333333333,3.0,0,-1,-2,-3,-1,-1,3,3,3,3,False,,,reject,,0,incumbent_restart,13,872,YXXyXYx,YYXyXXYXX,16,1,False,False,False,non_bs_short_reduced
ac19_26896,YXXYxxyX,YYxYXXyyxyx,YXXYxxyX,YYxYXXyyxyx,8,11,19,11,1,1.2857142857142858,4.0,1,1,-1,-1,1,0,3,3,4,4,False,,,reject,,0,incumbent_restart,18,872,YYXXyx,YXYxyXX,13,6,False,False,False,non_bs_mid_reduced
ac19_26912,YXXyXyx,YYYXyyxyX,YXXyXyx,YYYXyyxyX,7,9,16,9,1,1.1666666666666667,3.0,1,1,-2,1,-1,0,3,3,3,3,False,,,reject,,0,incumbent_restart,28,872,YYXYxxx,YYxYxyX,14,2,False,False,False,non_bs_short_reduced
ac19_26921,YYXXyxx,YYXXYYxYxxYXX,YYXXyxx,YYXXYYxYxxYXX,7,13,20,13,1,1.5,4.0,3,-1,0,-1,-1,-6,2,2,4,4,False,,,reject,,0,incumbent_restart,8,872,YYXXyxx,YYYYxxxyXXXX,19,1,False,False,False,non_bs_mid_reduced
ac19_26942,YXXyXyX,YYYxyXXyxyX,YXXyXyX,YYYxyXXyxyX,7,11,18,11,1,1.2857142857142858,4.0,1,1,-4,1,-1,0,3,3,4,4,False,,,reject,,0,incumbent_restart,13,872,YYXXyxx,YYxYxyX,14,4,False,False,False,non_bs_short_reduced
ac19_27102,YYXXXyx,YYYXXYXyxyyX,YYXXXyx,YYYXXYXyxyyX,7,12,19,12,1,1.5,4.0,1,-1,-2,-1,-3,-1,2,2,4,4,False,,,reject,,0,incumbent_restart,13,872,YYXXXyX,YXYxyXXX,15,4,False,False,False,non_bs_mid_reduced
ac19_27114,YYXXXyx,YYYxyyxyXXyx,YYXXXyx,YYYxyyxyXXyx,7,12,19,12,1,1.5,4.0,3,-1,-2,-1,1,1,2,2,4,4,False,,,reject,,0,incumbent_restart,8,872,YYXXyx,YYxYXXX,13,6,False,False,False,non_bs_mid_reduced
ac19_27177,YXXXyxYx,YYXXXyXYxYX,YXXXyxYx,YYXXXyXYxYX,8,11,19,11,2,1.1428571428571428,4.0,0,-1,-1,-1,-4,-3,3,3,4,4,False,,,reject,,0,incumbent_restart,13,872,YYXXXyX,YXYxyXXX,15,4,False,False,False,non_bs_mid_reduced
ac19_27178,YXXYxxyx,YYXXyyxYxyx,YXXYxxyx,YYXXyyxYxyx,8,11,19,11,1,1.2857142857142858,4.0,1,1,1,-1,1,0,3,3,4,4,False,,,reject,,0,incumbent_restart,18,872,YXYxxyx,YYXyxxxx,15,4,False,False,False,non_bs_mid_reduced
ac19_27187,YYXXXXyXX,YYXXyxxxxxxyXXX,YYXXXXyXX,YYXXyxxxxxxyXXX,9,15,24,15,2,1.4,3.0,1,1,-6,-1,1,0,2,2,3,3,False,,,reject,,0,incumbent_restart,8,872,YYXYxxx,YYxYxyX,14,10,False,False,False,non_bs_long_reduced
ac19_27254,YXXXyXYx,YXXyxxxxyxx,YXXXyXYx,YXXyxxxxyxx,8,11,19,11,1,1.0,3.0,0,1,-3,-1,4,1,3,3,3,3,False,,,reject,,0,incumbent_restart,33,872,YYXXyxx,YYxxxYXyX,16,3,False,False,False,non_bs_mid_reduced
ac19_27361,YYYXXXYYXXX,YYXXyxxxyXyx,YYYXXXYYXXX,YYXXyxxxyXyx,11,12,23,12,1,1.6666666666666667,4.0,2,-1,-6,-5,1,1,2,2,4,4,False,,,reject,,0,incumbent_restart,8,872,YYXXyxx,YYxYxyX,14,9,False,False,False,non_bs_long_reduced
ac19_27374,YYXXyx,YYXYXXXXYxx,YYXXyx,YYXYXXXXYxx,6,11,17,11,2,1.4,3.0,1,1,-1,-1,-3,-4,2,2,3,3,False,,,reject,,0,incumbent_restart,8,872,YYXXyxx,YYxyXYX,14,3,False,False,False,non_bs_short_reduced
ac19_27551,YXXYxxyxx,YYxxYxxxxx,YXXYxxyxx,YYxxYxxxxx,9,10,19,10,1,1.2,3.0,0,1,2,-1,7,-3,3,3,2,2,False,,,reject,,0,incumbent_restart,28,872,YYYXXyyX,YXXYXXXXX,17,2,False,False,False,non_bs_mid_reduced
ac19_27559,YYYXXXYYx,YYYYxxyXXX,YYYXXXYYx,YYYYxxyXXX,9,10,19,10,2,2.25,2.0,5,1,-2,-5,-1,-3,2,2,2,2,False,,,reject,,0,incumbent_restart,8,872,YYXXyx,YXYxyXX,13,6,False,False,False,non_bs_mid_reduced
ac19_27623,YXyXYxx,YYYYXyXyxxx,YXyXYxx,YYYYXyXyxxx,7,11,18,11,2,1.5,3.0,1,1,0,-1,1,-2,3,3,3,3,False,,,reject,,0,incumbent_restart,18,872,YXyxx,YXYXXyX,12,6,False,False,False,non_bs_short_reduced
ac19_27683,YXYxyx,YYXXyXyxxxYxx,YXYxyx,YYXXyXyxxxYxx,6,13,19,13,2,1.1428571428571428,4.0,0,1,1,-1,2,-1,3,3,4,4,False,,,reject,,0,incumbent_restart,18,872,YXYxyX,YYXYXXX,13,6,False,False,False,non_bs_mid_reduced
ac19_27787,YYYXyxyyX,YYXyXXXXX,YYYXyxyyX,YYXyXXXXX,9,9,18,9,4,1.8,3.0,3,1,-1,0,-6,-1,3,3,2,2,False,,,reject,,0,incumbent_restart,23,872,YXyxxyX,YYYYYXYxx,16,2,False,False,False,non_bs_short_reduced
ac19_27867,YXXXXyXXYx,YXyxxxxxyxx,YXXXXyXXYx,YXyxxxxxyxx,10,11,21,11,4,1.0,3.0,0,1,-5,-1,6,1,3,3,3,3,False,,,reject,,0,incumbent_restart,38,872,YYXXyxx,YYxyXYX,14,7,False,False,False,non_bs_mid_reduced
ac19_28131,YYXXXXyx,YXXyXXXYx,YYXXXXyx,YXXyXXXYx,8,9,17,9,4,1.2,3.0,0,-1,-3,-1,-4,-1,2,2,3,3,False,,,reject,,0,incumbent_restart,13,872,YYXXXXyx,YXXyXXXYx,17,0,False,False,False,non_bs_short_stuck
ac19_28198,YXyxYXXyx,YYYXyxyxYXyxx,YXyxYXXyx,YYYXyxyxYXyxx,9,13,22,13,1,1.2222222222222223,5.0,1,1,-1,0,2,-1,4,4,5,5,False,,,reject,,0,incumbent_restart,8,872,YXyxYXXyx,YYYXyxxxyx,19,3,False,False,False,non_bs_long_reduced
ac19_28227,YXyXYxx,YYYXyXXyxyxxx,YXyXYxx,YYYXyXXyxyxxx,7,13,20,13,2,1.2857142857142858,4.0,1,1,0,-1,1,0,3,3,4,4,False,,,reject,,0,incumbent_restart,18,872,YXYxyX,YYYXYXX,13,7,False,False,False,non_bs_mid_reduced
ac19_28253,YYXXXXyxxx,YYxxYXXXXYX,YYXXXXyxxx,YYxxYXXXXYX,10,11,21,11,1,1.4,3.0,1,1,-1,-1,-3,-4,2,2,3,3,False,,,reject,,0,incumbent_restart,8,872,YYXXXXyxxx,YYXYYxxyXXX,21,0,False,False,False,non_bs_mid_stuck
ac19_28281,YXYxxyXyx,YYXXyxYXyxx,YXYxxyXyx,YYXXyxYXyxx,9,11,20,11,1,1.125,4.0,1,-1,1,0,0,-1,4,4,4,4,False,,,reject,,0,incumbent_restart,8,872,YXYxxyXyx,YYXYXXyyxx,19,1,False,False,False,non_bs_mid_reduced
ac19_28510,YYXXyxx,YYYYYYXYXYYx,YYXXyxx,YYYYYYXYXYYx,7,12,19,12,1,1.4,3.0,1,-1,0,-1,-1,-9,2,2,3,3,False,,,reject,,0,incumbent_restart,13,872,YYXXyxx,YYYxYXYYX,16,3,False,False,False,non_bs_mid_reduced
ac19_28515,YYXXyx,YXyXYXXXYxx,YYXXyx,YXyXYXXXYxx,6,11,17,11,2,1.1666666666666667,4.0,1,-1,-1,-1,-3,-2,2,2,4,4,False,,,reject,,0,incumbent_restart,8,872,YXyxx,YXXyXyX,12,5,False,False,False,non_bs_short_reduced
ac19_28561,YYXXXXYX,YXXXXyxYx,YYXXXXYX,YXXXXyxYx,8,9,17,9,2,1.2,3.0,0,-1,-5,-3,-2,-1,2,2,3,3,False,,,reject,,0,incumbent_restart,18,872,YYXXyx,YYxYXXX,13,4,False,False,False,non_bs_short_reduced
ac19_28570,YXXYxxyX,YYXXYYxYXXX,YXXYxxyX,YYXXYYxYXXX,8,11,19,11,1,1.3333333333333333,3.0,0,1,-1,-1,-4,-5,3,3,3,3,False,,,reject,,0,incumbent_restart,18,872,YXyxYx,YYxYxxx,13,6,False,False,False,non_bs_mid_reduced
ac19_28671,YXYxyXXyxYXyx,YYXXyxYXyxYXyx,YXYxyXXyxYXyx,YYXXyxYXyxYXyx,13,14,27,14,2,1.0833333333333333,6.0,1,1,-1,0,-1,-1,6,6,6,6,False,,,reject,,0,incumbent_restart,8,872,YYYXyyx,YXYxyXXyxYXyx,20,7,False,False,False,non_bs_long_reduced
ac19_28696,YXXXyxx,YYXXyxYXyxYXyx,YXXXyxx,YYXXyxYXyxYXyx,7,14,21,14,6,1.125,6.0,1,1,-1,0,-1,-1,2,2,6,6,True,2,0,reject,7,6,incumbent_restart,8,872,YXXXyxx,YYxyXYXyxYXyx,20,1,False,False,False,bs_stalled_hi
ac19_28816,YYXXYXXyyx,YYxyXXYXXyX,YYXXYXXyyx,YYxyXXYXXyX,10,11,21,11,1,1.4285714285714286,4.0,2,-1,-3,-1,-4,-1,3,3,4,4,False,,,reject,,0,incumbent_restart,8,872,YYXYxxx,YYxYxyX,14,7,False,False,False,non_bs_mid_reduced
ac19_28832,YXyxYXXyx,YYXXyxYXXyyXYX,YXyxYXXyx,YYXXyxYXXyyXYX,9,14,23,14,1,1.2222222222222223,5.0,1,1,-1,0,-5,-1,4,4,5,5,False,,,reject,,0,incumbent_restart,8,872,YXXYxYxx,YYXyxYXyx,17,6,False,False,False,non_bs_long_reduced
ac19_28889,YXYxxYxyx,YYxyxYYxyxYx,YXYxxYxyx,YYxyxYYxyxYx,9,12,21,12,4,1.1111111111111112,5.0,0,1,3,-2,5,-3,4,4,5,5,False,,,reject,,0,incumbent_restart,13,872,YYXXyx,YYxYXXX,13,8,False,False,False,non_bs_mid_reduced
ac19_28930,YXYxyx,YYXXyxxxYxxYx,YXYxyx,YYXXyxxxYxxYx,6,13,19,13,2,1.1428571428571428,4.0,0,1,1,-1,4,-3,3,3,4,4,False,,,reject,,0,incumbent_restart,18,872,YYXXyx,YXYxyXX,13,6,False,False,False,non_bs_mid_reduced
ac19_28956,YYXXyxYxyx,YYxYXyXYxyx,YYXXyxYxyx,YYxYXyXYxyx,10,11,21,11,1,1.1111111111111112,5.0,0,-1,1,-1,1,-2,4,4,5,5,False,,,reject,,0,incumbent_restart,13,872,YYXXyx,YXYxyXX,13,8,False,False,False,non_bs_mid_reduced
ac19_28994,YXXYXXXXX,YYYXyXXXyx,YXXYXXXXX,YYYXyXXXyx,9,10,19,10,1,1.4,3.0,1,1,-7,-2,-3,-1,2,2,3,3,False,,,reject,,0,incumbent_restart,18,872,YYYXyyX,YXYXXXX,14,5,False,False,False,non_bs_mid_reduced
ac19_29052,YXXyXyx,YYYxxxxyXXyX,YXXyXyx,YYYxxxxyXXyX,7,12,19,12,1,1.3333333333333333,3.0,0,1,-2,1,1,-1,3,3,3,3,False,,,reject,,0,incumbent_restart,13,872,YYXYxxx,YYxYxyX,14,5,False,False,False,non_bs_mid_reduced
ac19_29224,YYXXyXyxyx,YYYXyXyxyyX,YYXXyXyxyx,YYYXyXyxyyX,10,11,21,11,2,1.125,4.0,1,1,-1,1,-2,1,4,4,4,4,False,,,reject,,0,incumbent_restart,8,872,YYYxxyx,YXyXXyx,14,7,False,False,False,non_bs_mid_reduced
ac19_29491,YYXXyxx,YYXyXXyxyx,YYXXyxx,YYXyXXyxyx,7,10,17,10,1,1.3333333333333333,4.0,2,-1,0,-1,-1,1,2,2,4,4,False,,,reject,,0,incumbent_restart,8,872,YYXXyx,YYxYXXX,13,4,False,False,False,non_bs_short_reduced
ac19_29624,YXXyXyx,YYXXYxyXyyx,YXXyXyx,YYXXYxyXyyx,7,11,18,11,2,1.2857142857142858,4.0,1,1,-2,1,-1,0,3,3,4,4,False,,,reject,,0,incumbent_restart,13,872,YYXXyx,YXYxyXX,13,5,False,False,False,non_bs_short_reduced
ac19_29918,YYXXyXyyx,YYYxYxxxYxyxx,YYXXyXyyx,YYYxYxxxYxyxx,9,13,22,13,1,1.5714285714285714,4.0,1,1,-2,1,7,-4,3,3,4,4,False,,,reject,,0,incumbent_restart,8,872,YYXYXXyXX,YYXyyxyxx,18,4,False,False,False,non_bs_long_reduced
ac19_29936,YYXXyxx,YXYXXyXyxxx,YYXXyxx,YXYXXyXyxxx,7,11,18,11,2,1.1666666666666667,4.0,1,-1,0,-1,-1,0,2,2,4,4,False,,,reject,,0,incumbent_restart,8,872,YYXXyxx,YYxYxyX,14,4,False,False,False,non_bs_short_reduced
ac19_30096,YYXXYx,YYxyxYXyX,YYXXYx,YYxyxYXyX,6,9,15,9,1,1.1666666666666667,4.0,1,1,-1,-3,0,-1,2,2,4,4,False,,,reject,,0,incumbent_restart,8,872,YYXXXYX,YYYxyXyX,15,0,False,False,False,non_bs_short_stuck
ac19_30108,YXXyXyx,YYXyxxYXyx,YXXyXyx,YYXyxxYXyx,7,10,17,10,1,1.1428571428571428,4.0,0,1,-2,1,1,-1,3,3,4,4,False,,,reject,,0,incumbent_restart,13,872,YYXXyx,YXXYxYXXX,15,2,False,False,False,non_bs_short_reduced
ac19_30235,YYXXXyxyx,YYXXXXXyX,YYXXXyxyx,YYXXXXXyX,9,9,18,9,3,1.4,3.0,1,1,-1,0,-6,-1,3,3,2,2,False,,,reject,,0,incumbent_restart,8,872,YYXyXYX,YYXXXyx,14,4,False,False,False,non_bs_short_reduced
ac19_30250,YXYxyXXyx,YYXyXyxYXyyx,YXYxyXXyx,YYXyXyxYXyyx,9,12,21,12,3,1.1111111111111112,5.0,0,-1,-1,0,-1,1,4,4,5,5,False,,,reject,,0,incumbent_restart,13,872,YXYxxyx,YYXyxxxx,15,6,False,False,False,non_bs_mid_reduced
ac19_30256,YXyxYXXyx,YYXyxyXXXyX,YXyxYXXyx,YYXyxyXXXyX,9,11,20,11,1,1.125,4.0,1,-1,-1,0,-4,1,4,4,4,4,False,,,reject,,0,incumbent_restart,8,872,YXyxYXXyx,YYXyyXXXyX,19,1,False,False,False,non_bs_mid_reduced
ac19_30382,YXXyXyXX,YYxxxxxyx,YXXyXyXX,YYxxxxxyx,8,9,17,9,3,1.2,3.0,0,-1,-5,1,6,-1,3,3,2,2,False,,,reject,,0,incumbent_restart,13,872,YYxyxYx,YYxxxyX,14,3,False,False,False,non_bs_short_reduced
ac19_30433,YXyxYXXyx,YYXyXXyXYYXyx,YXyxYXXyx,YYXyXXyXYYXyx,9,13,22,13,1,1.2222222222222223,5.0,1,1,-1,0,-4,-1,4,4,5,5,False,,,reject,,0,incumbent_restart,8,872,YXyxYXXyx,YYXyXXyXYX,19,3,False,False,False,non_bs_long_reduced
ac19_30535,YXXyXyx,YYYxyxxYxyX,YXXyXyx,YYYxyxxYxyX,7,11,18,11,2,1.2857142857142858,4.0,1,1,-2,1,3,-2,3,3,4,4,False,,,reject,,0,incumbent_restart,13,872,YYXXyx,YXYxyXX,13,5,False,False,False,non_bs_short_reduced
ac19_30814,YXXYxxyX,YYXyXXYXXYx,YXXYxxyX,YYXyXXYXXYx,8,11,19,11,2,1.1428571428571428,4.0,0,-1,-1,-1,-4,-3,3,3,4,4,False,,,reject,,0,incumbent_restart,18,872,YYXXyx,YYxYXXX,13,6,False,False,False,non_bs_mid_reduced
ac19_30820,YYYXXXYxx,YXXYxxxyX,YYYXXXYxx,YXXYxxxyX,9,9,18,9,1,1.4,3.0,1,1,-1,-4,0,-1,2,2,3,3,False,,,reject,,0,incumbent_restart,18,872,YXYXyxxx,YYxyXYxYx,17,1,False,False,False,non_bs_short_reduced
ac19_30890,YXYxxYXyx,YYXyxYXyxYYx,YXYxxYXyx,YYXyxYXyxYYx,9,12,21,12,3,1.1111111111111112,5.0,0,-1,1,-2,1,-3,4,4,5,5,False,,,reject,,0,incumbent_restart,18,872,YXXyXyxx,YYxyXYxyx,17,4,False,False,False,non_bs_mid_reduced
ac19_31106,YYXYXyXyX,YXyxYXyxx,YYXYXyXyX,YXyxYXyxx,9,9,18,9,2,1.125,4.0,1,1,-4,-1,1,0,4,4,4,4,False,,,reject,,0,incumbent_restart,8,872,YYXXYXyyX,YXyxYXyxx,18,0,False,False,False,non_bs_short_stuck
ac19_31152,YYXXyxx,YYXyXYxxYX,YYXXyxx,YYXyXYxxYX,7,10,17,10,3,1.3333333333333333,4.0,2,-1,0,-1,-1,-3,2,2,4,4,False,,,reject,,0,incumbent_restart,8,872,YYXXyxx,YYxyXYx,14,3,False,False,False,non_bs_short_reduced
ac19_31277,YYXXyXyxx,YYxxyxxYXXyxx,YYXXyXyxx,YYxxyxxYXXyxx,9,13,22,13,1,1.2857142857142858,4.0,1,1,-1,0,4,-1,3,3,4,4,False,,,reject,,0,incumbent_restart,8,872,YYXXXYx,YYxyXYX,14,8,False,False,False,non_bs_long_reduced
ac19_31298,YYXXYx,YYYXYYxYXyX,YYXXYx,YYYXYYxYXyX,6,11,17,11,1,1.1666666666666667,4.0,1,-1,-1,-3,-2,-5,2,2,4,4,False,,,reject,,0,incumbent_restart,8,872,YYXyyXYx,YYXXXYxYX,17,0,False,False,False,non_bs_short_stuck
ac19_31432,YXXyXYxxx,YYYYYYxxyX,YXXyXYxxx,YYYYYYxxyX,9,10,19,10,3,1.8,3.0,3,1,0,-1,1,-5,3,3,2,2,False,,,reject,,0,incumbent_restart,23,872,YXyxxyX,YYYYYXYxx,16,3,False,False,False,non_bs_mid_reduced
ac19_31470,YYXXXXYX,YYXXXYXyyxx,YYXXXXYX,YYXXXYXyyxx,8,11,19,11,2,1.6,3.0,0,-1,-5,-3,-2,-1,2,2,3,3,False,,,reject,,0,incumbent_restart,13,872,YYXXyxx,YYxyXYx,14,5,False,False,False,non_bs_mid_reduced
ac19_31511,YXXXyxYx,YXYXXXXYxyXYx,YXXXyxYx,YXYXXXXYxyXYx,8,13,21,13,2,1.0,5.0,0,-1,-1,-1,-4,-3,3,3,5,5,False,,,reject,,0,incumbent_restart,18,872,YYXXyxx,YYXYYxYX,15,6,False,False,False,non_bs_mid_reduced
ac19_31544,YXYxYXXyx,YYXyyxYXyyx,YXYxYXXyx,YYXyyxYXyyx,9,11,20,11,1,1.125,4.0,1,-1,-1,-2,0,1,4,4,4,4,False,,,reject,,0,incumbent_restart,8,872,YXYxYXXyx,YYXyyxYXyyx,20,0,False,False,False,non_bs_mid_stuck
ac19_31668,YXyxYXXyx,YYXyyXXXXyx,YXyxYXXyx,YYXyyXXXXyx,9,11,20,11,1,1.2857142857142858,4.0,1,-1,-1,0,-4,1,4,4,3,3,False,,,reject,,0,incumbent_restart,8,872,YYXyyXyX,YXyxYXXyx,17,3,False,False,False,non_bs_mid_reduced
ac19_31702,YXXXyXYx,YYXyxxyyXYx,YXXXyXYx,YYXyxxyyXYx,8,11,19,11,1,1.2857142857142858,4.0,1,1,-3,-1,1,0,3,3,4,4,False,,,reject,,0,incumbent_restart,13,872,YYXXyyx,YXyxYxx,14,5,False,False,False,non_bs_mid_reduced
ac19_31704,YYXXyxx,YYYYXXYYxxxxYX,YYXXyxx,YYYYXXYYxxxxYX,7,14,21,14,1,2.0,3.0,4,1,0,-1,1,-7,2,2,3,3,False,,,reject,,0,incumbent_restart,8,872,YYXXyxx,YYYYxxxxYXXX,19,2,False,False,False,non_bs_mid_reduced
ac19_31971,YYXXYYxxyX,YYxYXyyxYXX,YYXXYYxxyX,YYxYXyyxYXX,10,11,21,11,1,1.4285714285714286,4.0,2,-1,-1,-3,-1,-2,3,3,4,4,False,,,reject,,0,incumbent_restart,8,872,YYXXyxx,YXYxyXYXyx,17,4,False,False,False,non_bs_mid_reduced
ac19_32031,YXXXyxx,YYXyxYXXyxYxyX,YXXXyxx,YYXyxYXXyxYxyX,7,14,21,14,4,1.125,6.0,1,1,-1,0,-1,-1,2,2,6,6,True,2,0,reject,7,6,incumbent_restart,8,872,YXXXyxx,YYXyXYxyxYxyX,20,1,False,False,False,bs_stalled_hi
ac19_32034,YYXXXXYX,YYYYXXXXXXX,YYXXXXYX,YYYYXXXXXXX,8,11,19,11,1,2.3333333333333335,2.0,1,-1,-5,-3,-7,-4,2,2,1,1,False,,,reject,,0,incumbent_restart,13,872,YYXXyx,YYxYXXX,13,6,False,False,False,non_bs_mid_reduced
ac19_32128,YYXXXYx,YXYXXyxYx,YYXXXYx,YXYXXyxYx,7,9,16,9,4,1.1666666666666667,4.0,1,1,-2,-3,-1,-2,2,2,4,4,False,,,reject,,0,incumbent_restart,8,872,YYXXXYx,YYxyXYX,14,2,False,False,False,non_bs_short_reduced
ac19_32315,YYXXYxYXXYx,YYXyxxyXyyxxyX,YYXXYxYXXYx,YYXyxxyXyyxxyX,11,14,25,14,4,1.3333333333333333,5.0,2,-1,-2,-5,1,3,4,4,5,5,False,,,reject,,0,incumbent_restart,8,872,YYXXyxx,YYxyXYX,14,11,False,False,False,non_bs_long_reduced
ac19_32340,YYXXYxxyyX,YYYXXXYYXXX,YYXXYxxyyX,YYYXXXYYXXX,10,11,21,11,1,2.0,3.0,2,-1,-1,-1,-6,-5,3,3,2,2,False,,,reject,,0,incumbent_restart,8,872,YYXXyxx,YYxYxyX,14,7,False,False,False,non_bs_mid_reduced
ac19_32559,YXYxyx,YYXyXXyXyyXXyxx,YXYxyx,YYXyXXyXyyXXyxx,6,15,21,15,1,1.25,5.0,0,-1,1,-1,-4,3,3,3,5,5,False,,,reject,,0,incumbent_restart,18,872,YXyXYxx,YYXXyyXyyxyx,19,2,False,False,False,non_bs_mid_reduced
ac19_32603,YYXXyxx,YYYYxxxYXXXX,YYXXyxx,YYYYxxxYXXXX,7,12,19,12,1,2.0,2.0,4,-1,0,-1,-1,-5,2,2,2,2,False,,,reject,,0,incumbent_restart,8,872,YYXXyxx,YYYYxxxYXXXX,19,0,False,False,False,non_bs_mid_stuck
ac19_32654,YXyxYXXyx,YYYXyxxyXXX,YXyxYXXyx,YYYXyxxyXXX,9,11,20,11,1,1.2857142857142858,4.0,1,1,-1,0,-2,-1,4,4,3,3,False,,,reject,,0,incumbent_restart,8,872,YXYXYxxx,YYXyxYXyx,17,3,False,False,False,non_bs_mid_reduced
ac19_32687,YXXyXyxx,YYYxxYYxxxx,YXXyXyxx,YYYxxYYxxxx,8,11,19,11,1,1.6,3.0,0,-1,-1,1,6,-5,3,3,2,2,False,,,reject,,0,incumbent_restart,13,872,YYXXyxx,YYxYXYxYXYx,18,1,False,False,False,non_bs_mid_reduced
ac19_33075,YYXXYx,YYXyxYxyXyxYX,YYXXYx,YYXyxYxyXyxYX,6,13,19,13,1,1.125,6.0,1,1,-1,-3,0,-1,2,2,6,6,False,,,reject,,0,incumbent_restart,8,872,YXYxxyx,YYXyxxxx,15,4,False,False,False,non_bs_mid_reduced
ac19_33080,YXYxxYXyxYXyx,YYxYXYxxYXyxyX,YXYxxYXyxYXyx,YYxYXYxxYXyxyX,13,14,27,14,1,1.0833333333333333,6.0,1,-1,1,-2,1,-3,6,6,6,6,False,,,reject,,0,incumbent_restart,8,872,YYYxyyX,YXYxxYXyxYXyx,20,7,False,False,False,non_bs_long_reduced
ac19_33209,YYXXYXYXX,YYYxyXXyxxyXyx,YYXXYXYXX,YYYxyXXyxxyXyx,9,14,23,14,1,1.375,5.0,1,-1,-5,-4,1,1,3,3,5,5,False,,,reject,,0,incumbent_restart,23,872,YXyXyX,YYYxxyXXyxx,17,6,False,False,False,non_bs_long_reduced
ac19_33242,YXXXyXYx,YYxxxyXYXXyXX,YXXXyXYx,YYxxxyXYXXyXX,8,13,21,13,1,1.1428571428571428,4.0,0,1,-3,-1,-2,-1,3,3,4,4,False,,,reject,,0,incumbent_restart,13,872,YXXXyXYx,YYXXyXXYX,17,4,False,False,False,non_bs_mid_reduced
ac19_33256,YXyxYXXyx,YYYXXyxYXXyyX,YXyxYXXyx,YYYXXyxYXXyyX,9,13,22,13,4,1.375,4.0,3,1,-1,0,-4,-1,4,4,4,4,False,,,reject,,0,incumbent_restart,8,872,YXXYxxx,YYXyxYXyx,16,6,False,False,False,non_bs_long_reduced
ac19_33282,YXXyXXYx,YYXyXYxyX,YXXyXXYx,YYXyXYxyX,8,9,17,9,3,1.1428571428571428,4.0,0,1,-3,-1,-2,-1,3,3,4,4,False,,,reject,,0,incumbent_restart,13,872,YYXXyx,YXYxyXX,13,4,False,False,False,non_bs_short_reduced
ac19_33405,YXXXyXyxx,YYxyxYXyxx,YXXXyXyxx,YYxyxYXyxx,9,10,19,10,1,1.1428571428571428,4.0,0,-1,-2,1,3,-1,3,3,4,4,False,,,reject,,0,incumbent_restart,13,872,YXYxyxx,YYxxxYxx,15,4,False,False,False,non_bs_mid_reduced
ac19_33428,YXXyXYx,YYXyXYXXX,YXXyXYx,YYXyXYXXX,7,9,16,9,4,1.1666666666666667,3.0,1,-1,-2,-1,-5,-2,3,3,3,3,False,,,reject,,0,incumbent_restart,13,872,YXXyXYx,YYxyXXXX,15,1,False,False,False,non_bs_short_reduced
ac19_34019,YXXXyxYx,YXYxxyXXX,YXXXyxYx,YXYxxyXXX,8,9,17,9,1,1.0,3.0,0,-1,-1,-1,-2,-1,3,3,3,3,False,,,reject,,0,incumbent_restart,18,872,YXyXXyx,YYYXyyxx,15,2,False,False,False,non_bs_short_reduced
ac19_34916,YYXXyxx,YXyxxxyXXyx,YYXXyxx,YXyxxxyXXyx,7,11,18,11,1,1.1666666666666667,4.0,1,1,0,-1,1,2,2,2,4,4,False,,,reject,,0,incumbent_restart,8,872,YYXXyxx,YYxyXYx,14,4,False,False,False,non_bs_short_reduced
ac19_35172,YYXXXyX,YYXXyxyxx,YYXXXyX,YYXXyxyxx,7,9,16,9,4,1.4,3.0,1,1,-4,-1,1,0,2,2,3,3,False,,,reject,,0,incumbent_restart,8,872,YYXXyyx,YXyxYxx,14,2,False,False,False,non_bs_short_reduced
ac19_35223,YXXXyXYx,YXyXYxyxxyx,YXXXyXYx,YXyXYxyxxyx,8,11,19,11,1,1.0,5.0,0,-1,-3,-1,2,1,3,3,5,5,False,,,reject,,0,incumbent_restart,23,872,YYXXXyX,YXYxyXXX,15,4,False,False,False,non_bs_mid_reduced
ac19_35248,YXXyXyxx,YYXXXyyxyxx,YXXyXyxx,YYXXXyyxyxx,8,11,19,11,1,1.3333333333333333,3.0,2,-1,-1,1,0,1,3,3,3,3,False,,,reject,,0,incumbent_restart,13,872,YYXXyxx,YYxYxyX,14,5,False,False,False,non_bs_mid_reduced
ac19_35274,YYXXyxx,YYYXXYYxxxYXX,YYXXyxx,YYYXXYYxxxYXX,7,13,20,13,2,1.8,3.0,3,-1,0,-1,-1,-6,2,2,3,3,False,,,reject,,0,incumbent_restart,8,872,YYXXyxx,YYYYxxxyXXXX,19,1,False,False,False,non_bs_mid_reduced
ac19_35367,YXXyXyxx,YYYXyxxxx,YXXyXyxx,YYYXyxxxx,8,9,17,9,1,1.4,3.0,1,-1,-1,1,3,-2,3,3,2,2,False,,,reject,,0,incumbent_restart,13,872,YXYXyx,YYxYXXX,13,4,False,False,False,non_bs_short_reduced
ac19_35373,YXXXyxxYx,YXYxYXXYxyxx,YXXXyxxYx,YXYxYXXYxyxx,9,12,21,12,2,1.0,5.0,0,1,0,-1,1,-3,3,3,5,5,False,,,reject,,0,incumbent_restart,18,872,YXYXyx,YYYXyXX,13,8,False,False,False,non_bs_mid_reduced
ac19_35421,YXyxYXXyx,YYXYxyXyxxx,YXyxYXXyx,YYXYxyXyxxx,9,11,20,11,1,1.125,4.0,1,1,-1,0,2,-1,4,4,4,4,False,,,reject,,0,incumbent_restart,8,872,YYxyXYxyX,YXYXXYxYx,18,2,False,False,False,non_bs_mid_reduced
ac19_35874,YXXyXyX,YYYXyyyxx,YXXyXyX,YYYXyyyxx,7,9,16,9,2,1.4,3.0,1,-1,-4,1,1,0,3,3,2,2,False,,,reject,,0,incumbent_restart,13,872,YXXyXyX,YYYXyyyxx,16,0,False,False,False,non_bs_short_stuck
ac19_36109,YXYxxYXyx,YYxxyXXyxYX,YXYxxYXyx,YYxxyXXyxYX,9,11,20,11,1,1.125,4.0,1,-1,1,-2,0,-1,4,4,4,4,False,,,reject,,0,incumbent_restart,8,872,YYXXyx,YXYxyXX,13,7,False,False,False,non_bs_mid_reduced
ac19_36133,YXXYxxyx,YYxyxYYxxyX,YXXYxxyx,YYxyxYYxxyX,8,11,19,11,1,1.2857142857142858,4.0,1,1,1,-1,3,-2,3,3,4,4,False,,,reject,,0,incumbent_restart,18,872,YYXXyx,YYxyXYX,13,6,False,False,False,non_bs_mid_reduced
ac19_36146,YXXYXXyx,YYxyxyXyx,YXXYXXyx,YYxyxyXyx,8,9,17,9,1,1.1428571428571428,4.0,0,-1,-3,-1,2,1,3,3,4,4,False,,,reject,,0,incumbent_restart,18,872,YYXYxxx,YYxYxyX,14,3,False,False,False,non_bs_short_reduced
ac19_36259,YYXXXyyxx,YYXyxxxyyx,YYXXXyyxx,YYXyxxxyyx,9,10,19,10,2,1.8,3.0,3,-1,-1,0,3,1,2,2,3,3,False,,,reject,,0,incumbent_restart,8,872,YYXXYxxx,YYYXXyyxx,17,2,False,False,False,non_bs_mid_reduced
ac19_36279,YYXXXyx,YYxyXXyxyx,YYXXXyx,YYxyXXyxyx,7,10,17,10,1,1.3333333333333333,4.0,2,-1,-2,-1,1,1,2,2,4,4,False,,,reject,,0,incumbent_restart,8,872,YYXXyx,YYxYXXX,13,4,False,False,False,non_bs_short_reduced
ac19_36350,YYXXXYxx,YYYYXXXyxyxYYYX,YYXXXYxx,YYYYXXXyxyxYYYX,8,15,23,15,1,1.8333333333333333,4.0,3,-1,-1,-3,-2,-5,2,2,4,4,False,,,reject,,0,incumbent_restart,8,872,YYXXXYxx,YYXYYxxyXYX,19,4,False,False,False,non_bs_long_reduced
ac19_36358,YYXXXXYX,YYYXyyXYX,YYXXXXYX,YYYXyyXYX,8,9,17,9,2,1.6,3.0,0,1,-5,-3,-3,-2,2,2,3,3,False,,,reject,,0,incumbent_restart,18,872,YYXXyx,YYxYXXX,13,4,False,False,False,non_bs_short_reduced
ac19_36375,YYXXXYX,YYXyXyXYxx,YYXXXYX,YYXyXyXYxx,7,10,17,10,2,1.3333333333333333,4.0,2,1,-4,-3,-1,-1,2,2,4,4,False,,,reject,,0,incumbent_restart,18,872,YXyXyXX,YYxxxxyx,15,2,False,False,False,non_bs_short_reduced
ac19_36429,YXXyXYx,YYxyxYxyXYXyXX,YXXyXYx,YYxyxYxyXYXyXX,7,14,21,14,1,1.1111111111111112,6.0,0,1,-2,-1,-1,-1,3,3,6,6,False,,,reject,,0,incumbent_restart,13,872,YXXyXYx,YYxyXXXX,15,6,False,False,False,non_bs_mid_reduced
ac19_36564,YYXXyxx,YYYXXXYxyx,YYXXyxx,YYYXXXYxyx,7,10,17,10,2,1.6,3.0,2,-1,0,-1,-1,-3,2,2,3,3,False,,,reject,,0,incumbent_restart,8,872,YYXXyxx,YYxyXYx,14,3,False,False,False,non_bs_short_reduced
ac19_36962,YXyxYXXyx,YYXyxyXXyX,YXyxYXXyx,YYXyxyXXyX,9,10,19,10,9,1.125,4.0,1,-1,-1,0,-3,1,4,4,4,4,False,,,reject,,0,incumbent_restart,8,872,YYXXYxxYX,YYxyXYxyX,18,1,False,False,False,non_bs_mid_reduced
ac19_37337,YXXYxYxx,YYXYxxxyXyX,YXXYxYxx,YYXYxxxyXyX,8,11,19,11,1,1.1428571428571428,4.0,0,-1,1,-3,0,-1,3,3,4,4,False,,,reject,,0,incumbent_restart,13,872,YXXYxxx,YYXyxYXyx,16,3,False,False,False,non_bs_mid_reduced
ac19_37426,YXyXYXyxx,YYXyxYxxyX,YXyXYXyxx,YYXyxYxxyX,9,10,19,10,2,1.125,4.0,1,1,-1,0,1,-1,4,4,4,4,False,,,reject,,0,incumbent_restart,8,872,YXyXYXyxx,YYXXyXYxyX,19,0,False,False,False,non_bs_mid_stuck
ac19_37433,YYXXYXyXXyX,YYXyXYYXyXyX,YYXXYXyXXyX,YYXyXYYXyXyX,11,12,23,12,1,1.2222222222222223,5.0,1,1,-6,-1,-5,-1,4,4,5,5,False,,,reject,,0,incumbent_restart,13,872,YXYxxxyx,YYXyXXyxx,17,6,False,False,False,non_bs_long_reduced
ac19_37598,YXYXyXXYXyX,YYxYxyXYXyXXyXXYXyXX,YXYXyXXYXyX,YYxYxyXYXyXXyXXYXyXX,11,20,31,20,1,1.0769230769230769,8.0,0,-1,-6,-1,-7,-1,5,5,8,8,False,,,reject,,0,incumbent_restart,18,872,YYXXXXyxxx,YYXYYxxyXXX,21,10,False,False,False,non_bs_long_reduced
ac19_37610,YYXXXyxyx,YXXXyXXXXyx,YYXXXyxyx,YXXXyXXXXyx,9,11,20,11,3,1.1666666666666667,3.0,1,-1,-1,0,-6,1,3,3,3,3,False,,,reject,,0,incumbent_restart,28,872,YYXXyx,YXYxyXX,13,7,False,False,False,non_bs_mid_reduced
ac19_37647,YYXXXXYX,YYXyxYXyX,YYXXXXYX,YYXyxYXyX,8,9,17,9,4,1.3333333333333333,4.0,0,-1,-5,-3,-2,-1,2,2,4,4,False,,,reject,,0,incumbent_restart,13,872,YYXXyxx,YYxyXYx,14,3,False,False,False,non_bs_short_reduced
ac19_37661,YXXYxxyX,YYxyxYXXXyx,YXXYxxyX,YYxyxYXXXyx,8,11,19,11,1,1.1428571428571428,4.0,0,1,-1,-1,0,-1,3,3,4,4,False,,,reject,,0,incumbent_restart,18,872,YXyxx,YXYXXyX,12,7,False,False,False,non_bs_mid_reduced
ac19_37958,YYXXXyx,YYYYXXXXXXX,YYXXXyx,YYYYXXXXXXX,7,11,18,11,1,2.3333333333333335,2.0,3,1,-2,-1,-7,-4,2,2,1,1,False,,,reject,,0,incumbent_restart,8,872,YYXXyx,YYxYXXX,13,5,False,False,False,non_bs_short_reduced
ac19_37966,YYXXXXXXXyx,YXXXXXXyxxxxx,YYXXXXXXXyx,YXXXXXXyxxxxx,11,13,24,13,4,1.25,2.0,1,-1,-6,-1,-1,0,2,2,2,2,True,5,1,reject,3,2,incumbent_restart,8,872,YXYxyXXyx,YXyXXXXYx,18,6,False,False,False,bs_stalled_lo
ac19_37985,YYXXyxx,YYxyXXXYxxyX,YYXXyxx,YYxyXXXYxxyX,7,12,19,12,1,1.3333333333333333,4.0,2,-1,0,-1,-1,-1,2,2,4,4,False,,,reject,,0,incumbent_restart,8,872,YYXXyxx,YYxyXYX,14,5,False,False,False,non_bs_mid_reduced
ac19_38100,YXYXyxxyXYx,YXXYxYXXYxYx,YXYXyxxyXYx,YXXYxYXXYxYx,11,12,23,12,1,1.0,5.0,0,-1,0,-1,-1,-5,5,5,5,5,False,,,reject,,0,incumbent_restart,18,872,YXXXyXYx,YYXXyXXYX,17,6,False,False,False,non_bs_long_reduced
ac19_38222,YYXXYxYXX,YYXXYxyXyyxxYX,YYXXYxYXX,YYXXYxyXyyxxYX,9,14,23,14,1,1.375,5.0,1,-1,-3,-4,-1,-1,3,3,5,5,False,,,reject,,0,incumbent_restart,8,872,YYXXYxYXX,YYXXyXYYx,18,5,False,False,False,non_bs_long_reduced
ac19_38316,YYXXyxx,YYYxYxxYXXXX,YYXXyxx,YYYxYxxYXXXX,7,12,19,12,1,1.6,3.0,2,-1,0,-1,-1,-5,2,2,3,3,False,,,reject,,0,incumbent_restart,8,872,YYXXyxx,YYYYxxxyXXXX,19,0,False,False,False,non_bs_mid_stuck
ac19_38457,YYXXXYx,YYXYYxYXXX,YYXXXYx,YYXYYxYXXX,7,10,17,10,2,1.6,3.0,2,1,-2,-3,-3,-5,2,2,3,3,False,,,reject,,0,incumbent_restart,8,872,YYXXXYx,YYxyXYX,14,3,False,False,False,non_bs_short_reduced
ac19_38468,YXyxYXXyx,YYXyyXXYXyxYX,YXyxYXXyx,YYXyyXXYXyxYX,9,13,22,13,1,1.2222222222222223,5.0,1,1,-1,0,-4,-1,4,4,5,5,False,,,reject,,0,incumbent_restart,8,872,YYXYXyXyX,YXyxYXyxx,18,4,False,False,False,non_bs_long_reduced
ac19_38497,YXXXyxYx,YXXYxxyXX,YXXXyxYx,YXXYxxyXX,8,9,17,9,2,1.0,3.0,0,-1,-1,-1,-2,-1,3,3,3,3,False,,,reject,,0,incumbent_restart,23,872,YYXXyxx,YYxYxyX,14,3,False,False,False,non_bs_short_reduced
ac19_38695,YXXyXyx,YYYxyXXyxyX,YXXyXyx,YYYxyXXyxyX,7,11,18,11,1,1.2857142857142858,4.0,1,1,-2,1,-1,0,3,3,4,4,False,,,reject,,0,incumbent_restart,13,872,YYXXyxx,YYxyXYX,14,4,False,False,False,non_bs_short_reduced
ac19_38715,YXyxYXXyx,YYXyxyxYxx,YXyxYXXyx,YYXyxyxYxx,9,10,19,10,2,1.125,4.0,1,1,-1,0,3,-1,4,4,4,4,False,,,reject,,0,incumbent_restart,8,872,YXyxYXXyx,YYXXyyXXyX,19,0,False,False,False,non_bs_mid_stuck
ac19_38904,YXXXYxx,YYXyXyxyx,YXXXYxx,YYXyXyxyx,7,9,16,9,1,1.1666666666666667,4.0,1,-1,-1,-2,0,1,2,2,4,4,False,,,reject,,0,incumbent_restart,8,872,YYXXyx,YXXYxYXXX,15,1,False,False,False,non_bs_short_reduced
ac19_39209,YXXYxYxx,YYXYxxYYx,YXXYxYxx,YYXYxxYYx,8,9,17,9,1,1.3333333333333333,3.0,0,1,1,-3,2,-5,3,3,3,3,False,,,reject,,0,incumbent_restart,13,872,YYXXX,YXYXyx,11,6,False,False,False,non_bs_short_reduced
ac19_39288,YYXXXYx,YYxyxyXyXyx,YYXXXYx,YYxyxyXyXyx,7,11,18,11,1,1.2857142857142858,5.0,1,-1,-2,-3,1,2,2,2,5,5,False,,,reject,,0,incumbent_restart,13,872,YXXYxxYx,YYXyXyxyx,17,1,False,False,False,non_bs_short_reduced
ac19_39319,YXyXYxx,YYYYxYXXXyx,YXyXYxx,YYYYxYXXXyx,7,11,18,11,1,1.5,3.0,1,-1,0,-1,-1,-4,3,3,3,3,False,,,reject,,0,incumbent_restart,18,872,YXXyx,YXyXyXX,12,6,False,False,False,non_bs_short_reduced
ac19_39344,YXXyXYx,YYXXXyxyxxx,YXXyXYx,YYXXXyxyxxx,7,11,18,11,1,1.1666666666666667,3.0,1,1,-2,-1,1,0,3,3,3,3,False,,,reject,,0,incumbent_restart,13,872,YXXyXYx,YYXXXyxyxxx,18,0,False,False,False,non_bs_short_stuck
ac19_39368,YXXYxYxxx,YYXXyXyyxx,YXXYxYxxx,YYXXyXyyxx,9,10,19,10,2,1.3333333333333333,3.0,0,-1,2,-3,-1,1,3,3,3,3,False,,,reject,,0,incumbent_restart,13,872,YYXXXYxx,YYXYxxyXX,17,2,False,False,False,non_bs_mid_reduced
ac19_39561,YYYXXXXX,YYXXXXyxxYX,YYYXXXXX,YYXXXXyxxYX,8,11,19,11,1,1.75,3.0,1,1,-5,-3,-3,-2,1,1,3,3,False,,,reject,,0,incumbent_restart,8,872,YYXXyxx,YYxyXYX,14,5,False,False,False,non_bs_mid_reduced
ac19_39605,YYXXyxx,YYYXYxyyX,YYXXyxx,YYYXYxyyX,7,9,16,9,4,1.4,3.0,1,-1,0,-1,-1,-2,2,2,3,3,False,,,reject,,0,incumbent_restart,23,872,YYXXyx,YXYxyXX,13,3,False,False,False,non_bs_short_reduced
ac19_40127,YXXXyXYx,YYXXyXXYX,YXXXyXYx,YYXXyXXYX,8,9,17,9,2,1.1666666666666667,3.0,1,1,-3,-1,-5,-2,3,3,3,3,False,,,reject,,0,incumbent_restart,13,872,YXXXyXYx,YYXXyXXYX,17,0,False,False,False,non_bs_short_stuck
ac19_40167,YXYxYXXYx,YYXXYXYxxyyXYx,YXYxYXXYx,YYXXYXYxxyyXYx,9,14,23,14,1,1.2222222222222223,5.0,1,-1,-1,-4,-1,-3,4,4,5,5,False,,,reject,,0,incumbent_restart,8,872,YYXYYxxyx,YYxxYXYxx,18,5,False,False,False,non_bs_long_reduced
ac19_40203,YYXXXyx,YYYxyXyyx,YYXXXyx,YYYxyXyyx,7,9,16,9,1,1.4,3.0,1,1,-2,-1,1,0,2,2,3,3,False,,,reject,,0,incumbent_restart,23,872,YYXXXyX,YXYxyXXX,15,1,False,False,False,non_bs_short_reduced
ac19_40249,YXXyXyx,YYXyXyyxxYX,YXXyXyx,YYXyXyyxxYX,7,11,18,11,2,1.2857142857142858,4.0,1,1,-2,1,-1,0,3,3,4,4,False,,,reject,,0,incumbent_restart,13,872,YYXXyx,YXYxyXX,13,5,False,False,False,non_bs_short_reduced
ac19_40258,YXYXyxYXyx,YYXyxYXXYYxyXXX,YXYXyxYXyx,YYXyxYXXYYxyXXX,10,15,25,15,1,1.2,5.0,0,-1,-1,-1,-4,-3,5,5,5,5,False,,,reject,,0,incumbent_restart,13,872,YXyxYXXyx,YYYXyxxxyx,19,6,False,False,False,non_bs_long_reduced
ac19_40312,YXXXXyXyx,YXXYxxxyxx,YXXXXyXyx,YXXYxxxyxx,9,10,19,10,1,1.0,3.0,0,1,-4,1,3,-1,3,3,3,3,False,,,reject,,0,incumbent_restart,23,872,YYXyxxxx,YXYxxxyxx,17,2,False,False,False,non_bs_mid_reduced
ac19_40398,YXXyXyx,YYxxyxYXYxxx,YXXyXyx,YYxxyxYXYxxx,7,12,19,12,1,1.1428571428571428,4.0,0,1,-2,1,5,-3,3,3,4,4,False,,,reject,,0,incumbent_restart,13,872,YYXXyx,YXYxyXX,13,6,False,False,False,non_bs_mid_reduced
ac19_40409,YXXXXyXyx,YXYxyxYxyx,YXXXXyXyx,YXYxyxYxyx,9,10,19,10,1,1.0,5.0,0,1,-4,1,3,-1,3,3,5,5,False,,,reject,,0,incumbent_restart,18,872,YYXXyx,YXYxyXX,13,6,False,False,False,non_bs_mid_reduced
ac19_40684,YXXyxYxYxxxyX,YYxYxxyxYYxxyx,YXXyxYxYxxxyX,YYxYxxyxYYxxyx,13,14,27,14,1,1.2,5.0,0,1,2,-1,7,-3,5,5,5,5,False,,,reject,,0,incumbent_restart,13,872,YYXXyx,YXYXYxYXX,15,12,False,False,False,non_bs_long_reduced
ac19_40826,YYXXyXYXXyX,YYXyXYYXyXyX,YYXXyXYXXyX,YYXyXYYXyXyX,11,12,23,12,1,1.2222222222222223,5.0,1,1,-6,-1,-5,-1,4,4,5,5,False,,,reject,,0,incumbent_restart,13,872,YYXXyxx,YYxyXYX,14,9,False,False,False,non_bs_long_reduced
ac19_40945,YXXyXyxx,YYYxxyXYxxx,YXXyXyxx,YYYxxyXYxxx,8,11,19,11,1,1.3333333333333333,3.0,0,-1,-1,1,4,-3,3,3,3,3,False,,,reject,,0,incumbent_restart,13,872,YYXXyxx,YYYxyXYx,15,4,False,False,False,non_bs_mid_reduced
ac19_40958,YXXXXYxxxxyx,YXXXXyXXyxxxx,YXXXXYxxxxyx,YXXXXyXXyxxxx,12,13,25,13,2,1.0,3.0,0,-1,1,-1,-2,1,3,3,3,3,False,,,reject,,0,incumbent_restart,38,872,YXXyx,YXYXyXX,12,13,False,False,False,non_bs_long_reduced
ac19_41092,YYXXyxx,YYYYXYxxxyyX,YYXXyxx,YYYYXYxxxyyX,7,12,19,12,1,1.8,3.0,3,1,0,-1,1,-3,2,2,3,3,False,,,reject,,0,incumbent_restart,8,872,YYXXyx,YYxYXXX,13,6,False,False,False,non_bs_mid_reduced
ac19_41186,YYYXXXyxx,YYYXXXYxxYX,YYYXXXyxx,YYYXXXYxxYX,9,11,20,11,1,1.8,3.0,3,1,-1,-2,-2,-5,2,2,3,3,False,,,reject,,0,incumbent_restart,8,872,YYYxxyyx,YYXXXyyxx,17,3,False,False,False,non_bs_mid_reduced
ac19_41300,YYXYxxyyX,YXyxxyXyx,YYXYxxyyX,YXyxxyXyx,9,9,18,9,1,1.2857142857142858,4.0,1,1,0,-1,1,2,3,3,4,4,False,,,reject,,0,incumbent_restart,8,872,YXYXXyxx,YYXyxYXyX,17,1,False,False,False,non_bs_short_reduced
ac19_41336,YXXYxxyxx,YYxYxYxxyx,YXXYxxyxx,YYxYxYxxyx,9,10,19,10,1,1.1428571428571428,4.0,0,-1,2,-1,5,-3,3,3,4,4,False,,,reject,,0,incumbent_restart,23,872,YXYXXyX,YYXyXXXX,15,4,False,False,False,non_bs_mid_reduced
ac19_41359,YXXyXyxx,YYYxYXyxyxx,YXXyXyxx,YYYxYXyxyxx,8,11,19,11,1,1.2857142857142858,4.0,1,-1,-1,1,3,-2,3,3,4,4,False,,,reject,,0,incumbent_restart,13,872,YYXXyxx,YYxYYxYX,15,4,False,False,False,non_bs_mid_reduced
ac19_41600,YXXXYxxxyx,YYxyXYxxxyX,YXXXYxxxyx,YYxyXYxxxyX,10,11,21,11,1,1.1428571428571428,4.0,0,1,1,-1,2,-1,3,3,4,4,False,,,reject,,0,incumbent_restart,23,872,YXYxxxyx,YYXyXXyxx,17,4,False,False,False,non_bs_mid_reduced
ac19_41610,YXXXYxx,YYxyXXYXyx,YXXXYxx,YYxyXXYXyx,7,10,17,10,1,1.1666666666666667,4.0,1,-1,-1,-2,-1,-1,2,2,4,4,False,,,reject,,0,incumbent_restart,8,872,YYXXyx,YXXYxYXXX,15,2,False,False,False,non_bs_short_reduced
ac19_41677,YXXYxxyx,YYxxyXYXYxx,YXXYxxyx,YYxxyXYXYxx,8,11,19,11,3,1.1428571428571428,4.0,0,-1,1,-1,2,-3,3,3,4,4,False,,,reject,,0,incumbent_restart,18,872,YXYxxyx,YYXyxxxx,15,4,False,False,False,non_bs_mid_reduced
ac19_41890,YYXXyXyyx,YYxYxxyxYYxxyx,YYXXyXyyx,YYxYxxyxYYxxyx,9,14,23,14,1,1.375,5.0,1,-1,-2,1,7,-3,3,3,5,5,False,,,reject,,0,incumbent_restart,8,872,YYXXyXyyx,YYxxyxxYx,18,5,False,False,False,non_bs_long_reduced
ac19_42207,YYXXYxxyx,YYxYXXYxyx,YYXXYxxyx,YYxYXXYxyx,9,10,19,10,2,1.2857142857142858,4.0,1,-1,1,-2,1,-3,3,3,4,4,False,,,reject,,0,incumbent_restart,8,872,YYXyxxx,YXYxxxyx,15,4,False,False,False,non_bs_mid_reduced
ac19_42326,YXXyXYxxx,YYXyxYxYXYX,YXXyXYxxx,YYXyxYxYXYX,9,11,20,11,1,1.125,5.0,1,-1,0,-1,-1,-4,3,3,5,5,False,,,reject,,0,incumbent_restart,28,872,YYXyxYXyx,YYXXXYxYx,18,2,False,False,False,non_bs_mid_reduced
ac19_42333,YYXXyxx,YYXXXyXyyxxx,YYXXyxx,YYXXXyXyyxxx,7,12,19,12,1,1.6,3.0,2,-1,0,-1,-1,1,2,2,3,3,False,,,reject,,0,incumbent_restart,8,872,YYXXyxx,YYxYxyX,14,5,False,False,False,non_bs_mid_reduced
ac19_42427,YYXXyxxyX,YYxxyXXXXXX,YYXXyxxyX,YYxxyXXXXXX,9,11,20,11,1,1.4,3.0,1,1,-1,0,-4,-1,3,3,2,2,False,,,reject,,0,incumbent_restart,8,872,YYXXXXyX,YXYxxyXyx,17,3,False,False,False,non_bs_mid_reduced
ac19_42570,YXXyXyx,YYYXyXyxxx,YXXyXyx,YYYXyXyxxx,7,10,17,10,2,1.3333333333333333,3.0,0,1,-2,1,1,-1,3,3,3,3,False,,,reject,,0,incumbent_restart,13,872,YYXXXYx,YYxyXYX,14,3,False,False,False,non_bs_short_reduced
ac19_42635,YYXXYXyyxx,YYYXXXYYXXX,YYXXYXyyxx,YYYXXXYYXXX,10,11,21,11,1,2.0,3.0,2,-1,-1,-1,-6,-5,3,3,2,2,False,,,reject,,0,incumbent_restart,8,872,YYXXyxx,YYxYxyX,14,7,False,False,False,non_bs_mid_reduced
ac19_42659,YXYXXYx,YYXyxxyXyyx,YXYXXYx,YYXyxxyXyyx,7,11,18,11,4,1.2857142857142858,4.0,1,-1,-2,-3,1,2,3,3,4,4,False,,,reject,,0,incumbent_restart,13,872,YYXXyx,YXYxyXX,13,5,False,False,False,non_bs_short_reduced
ac19_42715,YXXXYxxxyX,YYxxxYXXXXX,YXXXYxxxyX,YYxxxYXXXXX,10,11,21,11,1,1.2,3.0,0,1,-1,-1,-2,-3,3,3,2,2,False,,,reject,,0,incumbent_restart,23,872,YYXXyxx,YYxyXYX,14,7,False,False,False,non_bs_mid_reduced
ac19_42768,YXXYxxyxx,YYXXyXyxxYxx,YXXYxxyxx,YYXXyXyxxYxx,9,12,21,12,1,1.1428571428571428,4.0,0,-1,2,-1,1,-1,3,3,4,4,False,,,reject,,0,incumbent_restart,23,872,YYXXXYxx,YYXYxxyXX,17,4,False,False,False,non_bs_mid_reduced
ac19_42792,YYXyxxxxyyX,YYXyxxYXXXXXX,YYXyxxxxyyX,YYXyxxYXXXXXX,11,13,24,13,2,1.5,3.0,1,1,2,1,-5,-2,3,3,3,3,False,,,reject,,0,incumbent_restart,8,872,YYXXyxx,YYxYxyX,14,10,False,False,False,non_bs_long_reduced
ac19_43068,YXXYxxyx,YYYxxYxyx,YXXYxxyx,YYYxxYxyx,8,9,17,9,1,1.3333333333333333,3.0,2,1,1,-1,4,-3,3,3,3,3,False,,,reject,,0,incumbent_restart,18,872,YYXXyx,YYxYXXX,13,4,False,False,False,non_bs_short_reduced
ac19_43158,YXXyXyx,YYxyxxYXXyxx,YXXyXyx,YYxyxxYXXyxx,7,12,19,12,1,1.1428571428571428,4.0,0,-1,-2,1,3,-1,3,3,4,4,False,,,reject,,0,incumbent_restart,13,872,YYXYxxx,YYxYxyX,14,5,False,False,False,non_bs_mid_reduced
ac19_43611,YYXXXYx,YYxYxYXYXXXX,YYXXXYx,YYxYxYXYXXXX,7,12,19,12,1,1.3333333333333333,4.0,2,1,-2,-3,-3,-5,2,2,4,4,False,,,reject,,0,incumbent_restart,8,872,YXXYxYxx,YYxyxyXyX,17,2,False,False,False,non_bs_mid_reduced
ac19_43615,YXXYxxyx,YYxyXYxyxYxyX,YXXYxxyx,YYxyXYxyxYxyX,8,13,21,13,1,1.1111111111111112,6.0,0,1,1,-1,2,-1,3,3,6,6,False,,,reject,,0,incumbent_restart,18,872,YXYxxyx,YYXyxxxx,15,6,False,False,False,non_bs_mid_reduced
ac19_43792,YXXXyxYxx,YYXYxxxYXXX,YXXXyxYxx,YYXYxxxYXXX,9,11,20,11,1,1.1666666666666667,3.0,1,-1,0,-1,-1,-4,3,3,3,3,False,,,reject,,0,incumbent_restart,18,872,YXyXXXyx,YYYXyxyyx,17,3,False,False,False,non_bs_mid_reduced
ac19_43831,YXyxYXXyx,YYXYxyyxxx,YXyxYXXyx,YYXYxyyxxx,9,10,19,10,1,1.2857142857142858,4.0,1,1,-1,0,3,-1,4,4,3,3,False,,,reject,,0,incumbent_restart,8,872,YXyxYXXyx,YYXYxyyxxx,19,0,False,False,False,non_bs_mid_stuck
ac19_44079,YXXXXyXXYx,YXYxxyXyxxyxx,YXXXXyXXYx,YXYxxyXyxxyxx,10,13,23,13,2,1.0,5.0,0,-1,-5,-1,4,1,3,3,5,5,False,,,reject,,0,incumbent_restart,18,872,YYXYxxx,YYxYxyX,14,9,False,False,False,non_bs_long_reduced
ac19_44158,YYXXXyX,YXyxxxxYXXXyx,YYXXXyX,YXyxxxxYXXXyx,7,13,20,13,1,1.1666666666666667,4.0,1,1,-4,-1,1,0,2,2,4,4,False,,,reject,,0,incumbent_restart,8,872,YXXYxxx,YYXyxYYx,15,5,False,False,False,non_bs_mid_reduced
ac19_44162,YYXXXyxx,YYXYXXXXYYx,YYXXXyxx,YYXYXXXXYYx,8,11,19,11,1,1.6,3.0,2,1,-1,-1,-4,-5,2,2,3,3,False,,,reject,,0,incumbent_restart,8,872,YXXXyxxYx,YYxYYxxyXX,19,0,False,False,False,non_bs_mid_stuck
ac19_44381,YXXYXXyxx,YXyXyxxxxx,YXXYXXyxx,YXyXyxxxxx,9,10,19,10,1,1.0,3.0,0,1,-2,-1,3,1,3,3,3,3,False,,,reject,,0,incumbent_restart,23,872,YYXXyxx,YYYYXYxyX,16,3,False,False,False,non_bs_mid_reduced
ac19_44389,YXXYxxyx,YXyXYXyxxYx,YXXYxxyx,YXyXYXyxxYx,8,11,19,11,1,1.0,5.0,0,-1,1,-1,0,-1,3,3,5,5,False,,,reject,,0,incumbent_restart,23,872,YYxyXX,YYXYXyx,13,6,False,False,False,non_bs_mid_reduced
ac19_44391,YYXXyyXyx,YYxxxYxyx,YYXXyyXyx,YYxxxYxyx,9,9,18,9,2,1.5,3.0,1,-1,-2,1,5,-2,3,3,3,3,False,,,reject,,0,incumbent_restart,8,872,YYXYxxx,YYxYxyX,14,4,False,False,False,non_bs_short_reduced
ac19_44700,YXyxYXXyx,YYYXyxyxxYXyx,YXyxYXXyx,YYYXyxyxxYXyx,9,13,22,13,1,1.2222222222222223,5.0,1,1,-1,0,2,-1,4,4,5,5,False,,,reject,,0,incumbent_restart,8,872,YXyxYXXyx,YYXXyyXXyX,19,3,False,False,False,non_bs_long_reduced
ac19_45056,YXYXyXXYXyX,YYYXyXXYXYXyXyyx,YXYXyXXYXyX,YYYXyXXYXYXyXyyx,11,16,27,16,1,1.1818181818181819,6.0,1,1,-6,-1,-5,-1,5,5,6,6,False,,,reject,,0,incumbent_restart,13,872,YYYXXyyyx,YYXYxyXyx,18,9,False,False,False,non_bs_long_reduced
ac19_45173,YXXYxxyx,YYxYxyxyX,YXXYxxyx,YYxYxyxyX,8,9,17,9,2,1.1428571428571428,4.0,0,1,1,-1,2,-1,3,3,4,4,False,,,reject,,0,incumbent_restart,18,872,YXyxYXX,YYYXyyXX,15,2,False,False,False,non_bs_short_reduced
ac19_45407,YXXXyXYx,YXYXyxYxyXX,YXXXyXYx,YXYXyxYxyXX,8,11,19,11,1,1.0,5.0,0,1,-3,-1,-2,-1,3,3,5,5,False,,,reject,,0,incumbent_restart,18,872,YXXXyXYx,YYXXyXXYX,17,2,False,False,False,non_bs_mid_reduced
ac19_45464,YYXXXYX,YYxxyXYXyX,YYXXXYX,YYxxyXYXyX,7,10,17,10,3,1.3333333333333333,4.0,0,1,-4,-3,-1,-1,2,2,4,4,False,,,reject,,0,incumbent_restart,13,872,YXyXyXX,YYxxxxyx,15,2,False,False,False,non_bs_short_reduced
ac19_45473,YXYXYx,YYYXyyyXyxYXXYYxYYx,YXYXYx,YYYXyyyXyxYXXYYxYYx,6,19,25,19,1,1.1111111111111112,6.0,0,1,-1,-3,-1,-4,3,3,6,6,False,,,reject,,0,incumbent_restart,23,872,YXyXXXyX,YYYXXXyxyyx,19,6,False,False,False,non_bs_long_reduced
ac19_45519,YYYXXYXYX,YYYXXXXYx,YYYXXYXYX,YYYXXXXYx,9,9,18,9,1,1.8,3.0,1,1,-4,-5,-3,-4,3,3,2,2,False,,,reject,,0,incumbent_restart,13,872,YYXXX,YXYXyx,11,7,False,False,False,non_bs_short_reduced
ac19_45684,YYXXYXYYXXX,YYXYYXyXYYXXXyx,YYXXYXYYXXX,YYXYYXyXYYXXXyx,11,15,26,15,1,1.625,5.0,1,-1,-6,-5,-5,-4,3,3,5,5,False,,,reject,,0,incumbent_restart,13,872,YYXXXyxxx,YXyXYxxyx,18,8,False,False,False,non_bs_long_reduced
ac19_45714,YYXXYx,YYxxxyXyxyXyX,YYXXYx,YYxxxyXyxyXyX,6,13,19,13,1,1.2857142857142858,5.0,1,1,-1,-3,1,2,2,2,5,5,False,,,reject,,0,incumbent_restart,8,872,X,YXXXX,6,13,False,False,False,non_bs_mid_reduced
ac19_45824,YYXXXYX,YXXXXyxYxx,YYXXXYX,YXXXXyxYxx,7,10,17,10,1,1.2,3.0,0,1,-4,-3,-1,-1,2,2,3,3,False,,,reject,,0,incumbent_restart,23,872,YYxYXX,YYXXyXYxx,15,2,False,False,False,non_bs_short_reduced
ac19_45920,YYXXXyx,YYXYxyyXYXX,YYXXXyx,YYXYxyyXYXX,7,11,18,11,2,1.5,4.0,1,1,-2,-1,-3,-2,2,2,4,4,False,,,reject,,0,incumbent_restart,13,872,YYXXyx,YYxYXXX,13,5,False,False,False,non_bs_short_reduced
ac19_45978,YXXYxxyxx,YYXXyxxYxxxxx,YXXYxxyxx,YYXXyxxYxxxxx,9,13,22,13,1,1.1666666666666667,3.0,1,1,2,-1,5,-2,3,3,3,3,False,,,reject,,0,incumbent_restart,18,872,YXYXXXX,YYxYXyyXX,16,6,False,False,False,non_bs_long_reduced
ac19_46053,YXXyXYx,YYXyXXyxYX,YXXyXYx,YYXyXXyxYX,7,10,17,10,1,1.1428571428571428,4.0,0,-1,-2,-1,-3,-1,3,3,4,4,False,,,reject,,0,incumbent_restart,13,872,YXXyXYx,YYxyXXXX,15,2,False,False,False,non_bs_short_reduced
ac19_46054,YXXYxxyx,YYxxYxYxyXYxxyX,YXXYxxyx,YYxxYxYxyXYxxyX,8,15,23,15,1,1.1111111111111112,6.0,0,1,1,-1,4,-3,3,3,6,6,False,,,reject,,0,incumbent_restart,23,872,YYXYXYxxx,YYXyxYXyx,18,5,False,False,False,non_bs_long_reduced
ac19_46302,YXXYXXyx,YYXYxyXXXyx,YXXYXXyx,YYXYxyXXXyx,8,11,19,11,1,1.1428571428571428,4.0,0,1,-3,-1,-2,-1,3,3,4,4,False,,,reject,,0,incumbent_restart,18,872,YYXXXYx,YYxyXYX,14,5,False,False,False,non_bs_mid_reduced
ac19_46356,YXYXXYx,YYXYYXyXXYx,YXYXXYx,YYXYYXyXXYx,7,11,18,11,2,1.2857142857142858,4.0,1,-1,-2,-3,-3,-4,3,3,4,4,False,,,reject,,0,incumbent_restart,13,872,YYXXyx,YXYxyXX,13,5,False,False,False,non_bs_short_reduced
ac19_46363,YXXXyXyxxx,YYYXYxYxxxx,YXXXyXyxxx,YYYXYxYxxxx,10,11,21,11,1,1.3333333333333333,3.0,0,1,-1,1,4,-5,3,3,3,3,False,,,reject,,0,incumbent_restart,13,872,YXyXyXX,YYYXXyyyx,16,5,False,False,False,non_bs_mid_reduced
ac19_46365,YXXyXyxx,YYYxxxYxyXX,YXXyXyxx,YYYxxxYxyXX,8,11,19,11,1,1.3333333333333333,3.0,0,1,-1,1,2,-3,3,3,3,3,False,,,reject,,0,incumbent_restart,13,872,YYXXyx,YXYxyXX,13,6,False,False,False,non_bs_mid_reduced
ac19_46402,YXYXXYx,YYYXYxYXXX,YXYXXYx,YYYXYxYXXX,7,10,17,10,2,1.3333333333333333,3.0,0,1,-2,-3,-3,-5,3,3,3,3,False,,,reject,,0,incumbent_restart,13,872,YYXXyx,YXYxyXX,13,4,False,False,False,non_bs_short_reduced
ac19_46461,YYXXYxxyx,YYxyXYXyx,YYXXYxxyx,YYxyXYXyx,9,9,18,9,2,1.2857142857142858,4.0,1,-1,1,-2,0,-1,3,3,4,4,False,,,reject,,0,incumbent_restart,8,872,YYXyxxx,YXYxxxyx,15,3,False,False,False,non_bs_short_reduced
ac19_46598,YXXXXyXXYx,YYXXyXXYxxyXX,YXXXXyXXYx,YYXXyXXYxxyXX,10,13,23,13,1,1.1428571428571428,4.0,0,1,-5,-1,-4,-1,3,3,4,4,False,,,reject,,0,incumbent_restart,13,872,YYXYxxx,YYxYxyX,14,9,False,False,False,non_bs_long_reduced
ac19_46649,YYXXXyX,YYYYXyyxyyx,YYXXXyX,YYYYXyyxyyx,7,11,18,11,1,1.4,3.0,1,1,-4,-1,1,0,2,2,3,3,False,,,reject,,0,incumbent_restart,18,872,YYXXyyx,YXyxYxx,14,4,False,False,False,non_bs_short_reduced
ac19_46703,YXyxYXXyx,YYXXyyXYXYxyX,YXyxYXXyx,YYXXyyXYXYxyX,9,13,22,13,1,1.2222222222222223,5.0,1,1,-1,0,-4,-1,4,4,5,5,False,,,reject,,0,incumbent_restart,8,872,YYXXYxxx,YXYxxYxyX,17,5,False,False,False,non_bs_long_reduced
ac19_46774,YYXXXXyxxYX,YXXXXyXXYxxxx,YYXXXXyxxYX,YXXXXyXXYxxxx,11,13,24,13,1,1.1666666666666667,3.0,1,-1,-3,-2,-2,-1,3,3,3,3,False,,,reject,,0,incumbent_restart,28,872,YYXXyxx,YYxyXYX,14,10,False,False,False,non_bs_long_reduced
ac19_46829,YXXXXXXYx,YYXXXXXyxxx,YXXXXXXYx,YYXXXXXyxxx,9,11,20,11,5,1.25,2.0,1,1,-5,-2,-2,-1,2,2,2,2,False,,,reject,,0,incumbent_restart,8,872,YYXXyx,YYxYXXX,13,7,False,False,False,non_bs_mid_reduced
ac19_46895,YYXXXXYX,YYxxyXXyXYX,YYXXXXYX,YYxxyXXyXYX,8,11,19,11,1,1.3333333333333333,4.0,0,-1,-5,-3,-2,-1,2,2,4,4,False,,,reject,,0,incumbent_restart,13,872,YYXXyx,YYxYXXX,13,6,False,False,False,non_bs_mid_reduced
ac19_46939,YYXXXXX,YXYxYXyXXyx,YYXXXXX,YXYxYXyXXyx,7,11,18,11,2,1.1666666666666667,5.0,1,1,-5,-2,-2,-1,1,1,5,5,False,,,reject,,0,incumbent_restart,13,872,YYXXXXX,YXYXXYxyXyx,18,0,False,False,False,non_bs_short_stuck
ac19_47020,YXXXyxYxx,YYYxxYYXXX,YXXXyxYxx,YYYxxYYXXX,9,10,19,10,1,1.6,3.0,2,-1,0,-1,-1,-5,3,3,2,2,False,,,reject,,0,incumbent_restart,18,872,YXyXXXyx,YYYXyxyyx,17,2,False,False,False,non_bs_mid_reduced
ac19_47154,YXXyXyx,YYxyXYxxxyXX,YXXyXyx,YYxyXYxxxyXX,7,12,19,12,2,1.1428571428571428,4.0,0,1,-2,1,1,-1,3,3,4,4,False,,,reject,,0,incumbent_restart,13,872,YYXYxxx,YYxYxyX,14,5,False,False,False,non_bs_mid_reduced
ac19_47160,YYXXyXyxx,YYxxyXXyxyxx,YYXXyXyxx,YYxxyXXyxyxx,9,12,21,12,2,1.2857142857142858,4.0,1,-1,-1,0,3,1,3,3,4,4,False,,,reject,,0,incumbent_restart,8,872,YYXYxxx,YYxYxyX,14,7,False,False,False,non_bs_mid_reduced
ac19_47184,YYXYxYXXYx,YYXXYYxYXYx,YYXYxYXXYx,YYXXYYxYXYx,10,11,21,11,1,1.25,4.0,2,1,-1,-5,-1,-6,4,4,4,4,False,,,reject,,0,incumbent_restart,8,872,YYXXXYx,YYxyXYX,14,7,False,False,False,non_bs_mid_reduced
ac19_47217,YXyXYxx,YYXYXYYXYxx,YXyXYxx,YYXYXYYXYxx,7,11,18,11,1,1.2857142857142858,4.0,1,-1,0,-1,-1,-6,3,3,4,4,False,,,reject,,0,incumbent_restart,23,872,YXYXyx,YYXXXYX,13,5,False,False,False,non_bs_short_reduced
ac19_47251,YYXXXXyx,YXyxxYXXXyx,YYXXXXyx,YXyxxYXXXyx,8,11,19,11,3,1.1666666666666667,4.0,1,-1,-3,-1,-1,0,2,2,4,4,False,,,reject,,0,incumbent_restart,8,872,YXXyXYx,YYxyXXXX,15,4,False,False,False,non_bs_mid_reduced
ac19_47367,YYXXXYX,YYxyXXyyxx,YYXXXYX,YYxyXXyyxx,7,10,17,10,1,1.6,3.0,2,-1,-4,-3,1,1,2,2,3,3,False,,,reject,,0,incumbent_restart,13,872,YYXXX,YXYXyx,11,6,False,False,False,non_bs_short_reduced
ac19_47444,YXXYxxyxx,YYXXyxyxYx,YXXYxxyxx,YYXXyxyxYx,9,10,19,10,1,1.1428571428571428,4.0,0,-1,2,-1,1,-1,3,3,4,4,False,,,reject,,0,incumbent_restart,18,872,YXyxYXX,YYYxyyXyyx,17,2,False,False,False,non_bs_mid_reduced
ac19_47465,YYXyxYXXyx,YXXyxxYXXyxxx,YYXyxYXXyx,YXXyxxYXXyxxx,10,13,23,13,4,1.125,4.0,1,1,-1,-1,1,0,4,4,4,4,False,,,reject,,0,incumbent_restart,8,872,YYXXyx,YYxYXXX,13,10,False,False,False,non_bs_long_reduced
ac19_47717,YYXXXYx,YYXYYXyXyxyx,YYXXXYx,YYXYYXyXyxyx,7,12,19,12,1,1.2857142857142858,5.0,1,-1,-2,-3,-1,-1,2,2,5,5,False,,,reject,,0,incumbent_restart,13,872,YYXXYx,YYxxYXyXX,15,4,False,False,False,non_bs_mid_reduced
ac19_47828,YXXYxYxx,YYXyyxxyX,YXXYxYxx,YYXyyxxyX,8,9,17,9,1,1.3333333333333333,3.0,2,1,1,-3,0,1,3,3,3,3,False,,,reject,,0,incumbent_restart,13,872,YYXXXYx,YYxyXYX,14,3,False,False,False,non_bs_short_reduced
ac19_47899,YYXXXXYX,YYXyyXyxxxx,YYXXXXYX,YYXyyXyxxxx,8,11,19,11,1,1.6,3.0,2,1,-5,-3,2,1,2,2,3,3,False,,,reject,,0,incumbent_restart,13,872,YYXXyxx,YYxyXYx,14,5,False,False,False,non_bs_mid_reduced
ac19_48114,YXXYxYxx,YXyxxxyXX,YXXYxYxx,YXyxxxyXX,8,9,17,9,4,1.0,3.0,0,1,1,-3,0,1,3,3,3,3,False,,,reject,,0,incumbent_restart,28,872,YYXXXYx,YYxyXYX,14,3,False,False,False,non_bs_short_reduced
ac19_48146,YYXXYxyXyx,YYXXXYxyXYx,YYXXYxyXyx,YYXXXYxyXYx,10,11,21,11,1,1.25,4.0,2,1,-1,-1,-2,-3,4,4,4,4,False,,,reject,,0,incumbent_restart,8,872,YYYxyXX,YXYXXYx,14,7,False,False,False,non_bs_mid_reduced
ac19_48281,YYXXXyX,YYxyXXXyx,YYXXXyX,YYxyXXXyx,7,9,16,9,4,1.4,3.0,1,-1,-4,-1,-1,0,2,2,3,3,False,,,reject,,0,incumbent_restart,8,872,YYXXyyx,YXyxYxx,14,2,False,False,False,non_bs_short_reduced
ac19_48537,YXXXyXYx,YYxxyxxyXyX,YXXXyXYx,YYxxyxxyXyX,8,11,19,11,4,1.1428571428571428,4.0,0,-1,-3,-1,2,1,3,3,4,4,False,,,reject,,0,incumbent_restart,13,872,YYXXyyx,YXyxYxx,14,5,False,False,False,non_bs_mid_reduced
ac19_48604,YXXXXyXyX,YYxyxyxYxx,YXXXXyXyX,YYxyxyxYxx,9,10,19,10,1,1.1428571428571428,4.0,0,1,-6,1,5,-1,3,3,4,4,False,,,reject,,0,incumbent_restart,13,872,YYYYXXYx,YYXyxYxyX,17,2,False,False,False,non_bs_mid_reduced
ac19_48645,YYXXyxxyX,YYYXXyxyxx,YYXXyxxyX,YYYXXyxyxx,9,10,19,10,1,1.5,3.0,1,1,-1,0,1,-1,3,3,3,3,False,,,reject,,0,incumbent_restart,8,872,YYXYxxx,YYxYxyX,14,5,False,False,False,non_bs_mid_reduced
ac19_48766,YXXYxYxx,YYYxxYXYXyx,YXXYxYxx,YYYxxYXYXyx,8,11,19,11,1,1.2857142857142858,4.0,1,-1,1,-3,1,-4,3,3,4,4,False,,,reject,,0,incumbent_restart,13,872,YXXYxYxx,YYXyxYXyx,17,2,False,False,False,non_bs_mid_reduced
ac19_48893,YXXyXyx,YYXXYxxxyXyx,YXXyXyx,YYXXYxxxyXyx,7,12,19,12,1,1.1428571428571428,4.0,0,1,-2,1,1,-1,3,3,4,4,False,,,reject,,0,incumbent_restart,13,872,YYXXyx,YXYxyXX,13,6,False,False,False,non_bs_mid_reduced
ac19_49095,YYXXXYx,YYXyxYXYXyx,YYXXXYx,YYXyxYXYXyx,7,11,18,11,1,1.2857142857142858,5.0,1,1,-2,-3,-1,-2,2,2,5,5,False,,,reject,,0,incumbent_restart,13,872,YXXYxYxx,YYxyxyXyX,17,1,False,False,False,non_bs_short_reduced
ac19_49255,YYXXYxYxyX,YXyxYXyxYXXYx,YYXXYxYxyX,YXyxYXyxYXXYx,10,13,23,13,1,1.1,6.0,1,-1,-1,-3,-1,-2,4,4,6,6,False,,,reject,,0,incumbent_restart,8,872,YXXYxYxx,YYxyxyXyX,17,6,False,False,False,non_bs_long_reduced
ac19_49320,YYXXXXYX,YXXXyXYxx,YYXXXXYX,YXXXyXYxx,8,9,17,9,1,1.2,3.0,0,-1,-5,-3,-2,-1,2,2,3,3,False,,,reject,,0,incumbent_restart,23,872,YYXXyxx,YYxyXYx,14,3,False,False,False,non_bs_short_reduced
ac19_49502,YXXXyXYx,YYXXXXyXYXX,YXXXyXYx,YYXXXXyXYXX,8,11,19,11,1,1.1666666666666667,3.0,1,-1,-3,-1,-7,-2,3,3,3,3,False,,,reject,,0,incumbent_restart,13,872,YYXXyyx,YXyxYxx,14,5,False,False,False,non_bs_mid_reduced
ac19_49526,YYXXXYX,YYXYxxyXyX,YYXXXYX,YYXYxxyXyX,7,10,17,10,2,1.3333333333333333,4.0,0,1,-4,-3,-1,-1,2,2,4,4,False,,,reject,,0,incumbent_restart,13,872,YXYxyX,YYXXXYx,13,4,False,False,False,non_bs_short_reduced
ac19_49604,YXXyXyxx,YYxxxYXYxyx,YXXyXyxx,YYxxxYXYxyx,8,11,19,11,1,1.1428571428571428,4.0,0,-1,-1,1,4,-3,3,3,4,4,False,,,reject,,0,incumbent_restart,13,872,YYXXyxx,YYxYxyX,14,5,False,False,False,non_bs_mid_reduced
ac19_49785,YYXXXYX,YXXyXyxxxx,YYXXXYX,YXXyXyxxxx,7,10,17,10,1,1.2,3.0,0,-1,-4,-3,1,1,2,2,3,3,False,,,reject,,0,incumbent_restart,18,872,YXyXyXX,YYxxxxyx,15,2,False,False,False,non_bs_short_reduced
ac19_49915,YXYxxYXyx,YYxxyXyxYX,YXYxxYXyx,YYxxyXyxYX,9,10,19,10,1,1.125,4.0,1,1,1,-2,1,-1,4,4,4,4,False,,,reject,,0,incumbent_restart,8,872,YYXXyx,YYxYXXX,13,6,False,False,False,non_bs_mid_reduced
ac19_50043,YYXXXyxx,YYXYXXYYXXXYx,YYXXXyxx,YYXYXXYYXXXYx,8,13,21,13,1,1.5,4.0,1,1,-1,-1,-5,-6,2,2,4,4,False,,,reject,,0,incumbent_restart,8,872,YXXXyxxYx,YYxYYxxyXX,19,2,False,False,False,non_bs_mid_reduced
ac19_50080,YXXyXyxx,YYYXXyxxyxx,YXXyXyxx,YYYXXyxxyxx,8,11,19,11,1,1.3333333333333333,3.0,2,-1,-1,1,2,-1,3,3,3,3,False,,,reject,,0,incumbent_restart,13,872,YYXXyxx,YYxYYxYX,15,4,False,False,False,non_bs_mid_reduced
ac19_50096,YXXXyXYx,YXyXYXXYXyx,YXXXyXYx,YXyXYXXYXyx,8,11,19,11,1,1.0,5.0,0,-1,-3,-1,-4,-1,3,3,5,5,False,,,reject,,0,incumbent_restart,23,872,YYXYxyX,YYXXyxx,14,5,False,False,False,non_bs_mid_reduced
ac19_50137,YYXXYYx,YYXXyxyxxyX,YYXXYYx,YYXXyxyxxyX,7,11,18,11,1,1.5,4.0,1,-1,-1,-4,0,1,2,2,4,4,False,,,reject,,0,incumbent_restart,13,872,YYXXYYx,YYYXyXyxx,16,2,False,False,False,non_bs_short_reduced
ac19_50262,YYXXXyXYXyX,YXXyxYXXyxx,YYXXXyXYXyX,YXXyxYXXyxx,11,11,22,11,1,1.125,4.0,1,-1,-6,-1,-1,0,4,4,4,4,False,,,reject,,0,incumbent_restart,8,872,YYXXXyXYXyX,YXXyxYXXyxx,22,0,False,False,False,non_bs_long_stuck
ac19_50453,YYXyxYXXyx,YYXXyxYXyxx,YYXyxYXXyx,YYXXyxYXyxx,10,11,21,11,1,1.25,4.0,2,1,-1,-1,0,-1,4,4,4,4,False,,,reject,,0,incumbent_restart,8,872,YXYxxyXyx,YYXXyXyyxx,19,2,False,False,False,non_bs_mid_reduced
ac19_50480,YXXyXyx,YYYYxxxxyyX,YXXyXyx,YYYYxxxxyyX,7,11,18,11,1,1.8,3.0,3,1,-2,1,3,-2,3,3,2,2,False,,,reject,,0,incumbent_restart,13,872,YYXYxxx,YYxYxyX,14,4,False,False,False,non_bs_short_reduced
ac19_50491,YXXYxxyx,YXyXYxxyXyX,YXXYxxyx,YXyXYxxyXyX,8,11,19,11,1,1.0,5.0,0,-1,1,-1,-2,1,3,3,5,5,False,,,reject,,0,incumbent_restart,23,872,YXYxxyx,YYXyxxxx,15,4,False,False,False,non_bs_mid_reduced
ac19_50610,YXYxxYXyxYXyx,YYxyXYxxYXyxYX,YXYxxYXyxYXyx,YYxyXYxxYXyxYX,13,14,27,14,1,1.0833333333333333,6.0,1,-1,1,-2,1,-3,6,6,6,6,False,,,reject,,0,incumbent_restart,8,872,YYYxyyX,YXYxxYXyxYXyx,20,7,False,False,False,non_bs_long_reduced
ac19_50826,YYXXyxx,YYYXYXYxxYYX,YYXXyxx,YYYXYXYxxYYX,7,12,19,12,1,1.5,4.0,1,-1,0,-1,-1,-7,2,2,4,4,False,,,reject,,0,incumbent_restart,13,872,YYxYXX,YYYXYYXyx,15,4,False,False,False,non_bs_mid_reduced
ac19_50841,YXXyXyxx,YYYxxxYYx,YXXyXyxx,YYYxxxYYx,8,9,17,9,2,1.6,3.0,0,1,-1,1,4,-5,3,3,2,2,False,,,reject,,0,incumbent_restart,13,872,YYxyxx,YXXXyXXyx,15,2,False,False,False,non_bs_short_reduced
ac19_50848,YYXXyXyyX,YXyxYXXyx,YYXXyXyyX,YXyxYXXyx,9,9,18,9,4,1.2857142857142858,4.0,1,1,-4,1,-1,0,3,3,4,4,False,,,reject,,0,incumbent_restart,8,872,YXXYxxyx,YYYYxYxyx,17,1,False,False,False,non_bs_short_reduced
ac19_50870,YYXXXXyyXYX,YYXXXXYXXyyX,YYXXXXyyXYX,YYXXXXYXXyyX,11,12,23,12,1,1.6666666666666667,3.0,2,-1,-6,-1,-7,-1,3,3,3,3,False,,,reject,,0,incumbent_restart,8,872,YXYXXyX,YYYXyyyxx,16,7,False,False,False,non_bs_long_reduced
ac19_50892,YYXXXXyXX,YXXyXXYxxxxxxyX,YYXXXXyXX,YXXyXXYxxxxxxyX,9,15,24,15,1,1.1666666666666667,4.0,1,1,-6,-1,1,0,2,2,4,4,False,,,reject,,0,incumbent_restart,8,872,YYXYxxx,YYxYxyX,14,10,False,False,False,non_bs_long_reduced
ac19_50926,YYYXXYYXXyX,YYYXXXYYXXX,YYYXXYYXXyX,YYYXXXYYXXX,11,11,22,11,1,2.2,3.0,3,1,-5,-4,-6,-5,3,3,2,2,False,,,reject,,0,incumbent_restart,8,872,YYXXyxx,YYxYxyX,14,8,False,False,False,non_bs_long_reduced
ac19_51034,YYXXXXYX,YYYXYXyyX,YYXXXXYX,YYYXYXyyX,8,9,17,9,1,1.6,3.0,0,1,-5,-3,-3,-2,2,2,3,3,False,,,reject,,0,incumbent_restart,18,872,YYXXXXYX,YYYXYXyyX,17,0,False,False,False,non_bs_short_stuck
ac19_51039,YXyxYXXyx,YYXXYXyxYXyyX,YXyxYXXyx,YYXXYXyxYXyyX,9,13,22,13,3,1.2222222222222223,5.0,1,1,-1,0,-4,-1,4,4,5,5,False,,,reject,,0,incumbent_restart,8,872,YYXXYxxx,YXYxxYxyX,17,5,False,False,False,non_bs_long_reduced
ac19_51462,YXXXyxx,YYXyXYxyXYxyx,YXXXyxx,YYXyXYxyXYxyx,7,13,20,13,4,1.125,6.0,1,1,-1,0,0,-1,2,2,6,6,True,2,0,reject,7,6,incumbent_restart,8,872,YXYXXYx,YYXYXYXyyxx,18,2,False,False,False,bs_stalled_hi
ac19_51613,YYXXyxx,YYXYYxxyXYX,YYXXyxx,YYXYYxxyXYX,7,11,18,11,1,1.5,4.0,1,-1,0,-1,-1,-4,2,2,4,4,False,,,reject,,0,incumbent_restart,13,872,YYXXyxx,YYYXYXYYx,16,2,False,False,False,non_bs_short_reduced
ac19_51878,YYXXYx,YYYYYXXyxyyyx,YYXXYx,YYYYYXXyxyyyx,6,13,19,13,1,1.4,3.0,1,1,-1,-3,0,-1,2,2,3,3,False,,,reject,,0,incumbent_restart,8,872,YYXXXYX,YYYxyXyX,15,4,False,False,False,non_bs_mid_reduced
ac19_51920,YXyXYxx,YYYXXyyxxx,YXyXYxx,YYYXXyyxxx,7,10,17,10,2,1.6,3.0,2,1,0,-1,1,-1,3,3,2,2,False,,,reject,,0,incumbent_restart,18,872,YXyxx,YXYXXyX,12,5,False,False,False,non_bs_short_reduced
ac19_51964,YXXYxxyx,YYYxxYYxxyXYx,YXXYxxyx,YYYxxYYxxyXYx,8,13,21,13,1,1.4285714285714286,4.0,2,-1,1,-1,4,-5,3,3,4,4,False,,,reject,,0,incumbent_restart,18,872,YYXXyxx,YYxYxyX,14,7,False,False,False,non_bs_mid_reduced
ac19_52290,YYXYxYXXYx,YYxyXyxxYXX,YYXYxYXXYx,YYxyXyxxYXX,10,11,21,11,1,1.25,4.0,2,1,-1,-5,0,-1,4,4,4,4,False,,,reject,,0,incumbent_restart,8,872,YYXXXYx,YYxyXYX,14,7,False,False,False,non_bs_mid_reduced
ac19_52346,YYXXyxx,YYxYXXYxYX,YYXXyxx,YYxYXXYxYX,7,10,17,10,1,1.3333333333333333,4.0,2,-1,0,-1,-1,-5,2,2,4,4,False,,,reject,,0,incumbent_restart,8,872,YYxYXX,YYYXYYXyx,15,2,False,False,False,non_bs_short_reduced
ac19_52581,YYXXYYxyX,YYXXXYxYX,YYXXYYxyX,YYXXXYxYX,9,9,18,9,1,1.5,3.0,1,-1,-2,-3,-3,-4,3,3,3,3,False,,,reject,,0,incumbent_restart,8,872,YYXXyx,YYxyXYX,13,5,False,False,False,non_bs_short_reduced
ac19_52628,YXyxYXXyx,YYXXyXYxyXyyX,YXyxYXXyx,YYXXyXYxyXyyX,9,13,22,13,1,1.2222222222222223,5.0,1,-1,-1,0,-4,1,4,4,5,5,False,,,reject,,0,incumbent_restart,8,872,YXYXXYxx,YYXyxYXyx,17,5,False,False,False,non_bs_long_reduced
ac19_52754,YXyxYXXyx,YYXXyxyXXyX,YXyxYXXyx,YYXXyxyXXyX,9,11,20,11,1,1.125,4.0,1,-1,-1,0,-4,1,4,4,4,4,False,,,reject,,0,incumbent_restart,8,872,YXyxYXXyx,YYXXyyXXyX,19,1,False,False,False,non_bs_mid_reduced
ac19_52757,YYXXYxyxx,YXXYxxxYx,YYXXYxyxx,YXXYxxxYx,9,9,18,9,1,1.1666666666666667,3.0,1,1,1,-2,2,-3,3,3,3,3,False,,,reject,,0,incumbent_restart,13,872,YXXyx,YXyXyXX,12,6,False,False,False,non_bs_short_reduced
ac19_52915,YXXXyxYx,YYxYXYXXXYX,YXXXyxYx,YYxYXYXXXYX,8,11,19,11,1,1.1428571428571428,4.0,0,1,-1,-1,-4,-5,3,3,4,4,False,,,reject,,0,incumbent_restart,18,872,YXXXyxYx,YYXYXYxyX,17,2,False,False,False,non_bs_mid_reduced
ac19_52981,YXyxYXXyx,YYYXyxyXXX,YXyxYXXyx,YYYXyxyXXX,9,10,19,10,1,1.2857142857142858,4.0,1,1,-1,0,-3,-1,4,4,3,3,False,,,reject,,0,incumbent_restart,8,872,YXyxYXXyx,YYYXyxyXXX,19,0,False,False,False,non_bs_mid_stuck
ac19_52998,YXXXyxYx,YYXXYXXXXYx,YXXXyxYx,YYXXYXXXXYx,8,11,19,11,1,1.1666666666666667,3.0,1,-1,-1,-1,-5,-4,3,3,3,3,False,,,reject,,0,incumbent_restart,13,872,YYXXyxx,YYxYxyX,14,5,False,False,False,non_bs_mid_reduced
ac19_53119,YXyXYxx,YYXYXXXyyxYxx,YXyXYxx,YYXYXXXyyxYxx,7,13,20,13,2,1.2857142857142858,4.0,1,-1,0,-1,-1,-2,3,3,4,4,False,,,reject,,0,incumbent_restart,18,872,YYXXyx,YYxYXXX,13,7,False,False,False,non_bs_mid_reduced
ac19_53283,YYXXXYx,YYYXXXyxyx,YYXXXYx,YYYXXXyxyx,7,10,17,10,1,1.6,3.0,2,-1,-2,-3,-1,-1,2,2,3,3,False,,,reject,,0,incumbent_restart,8,872,YYXXXYx,YYxyXYX,14,3,False,False,False,non_bs_short_reduced
ac19_53291,YXyxYXXyx,YYYXyxYXyxxyx,YXyxYXXyx,YYYXyxYXyxxyx,9,13,22,13,1,1.2222222222222223,5.0,1,1,-1,0,2,-1,4,4,5,5,False,,,reject,,0,incumbent_restart,8,872,YXXXYxYx,YYXyxYXyx,17,5,False,False,False,non_bs_long_reduced
ac19_53527,YYXXXXXyX,YXXyXYxxxxxyX,YYXXXXXyX,YXXyXYxxxxxyX,9,13,22,13,2,1.1666666666666667,4.0,1,1,-6,-1,1,0,2,2,4,4,False,,,reject,,0,incumbent_restart,8,872,YYXyXYX,YYXXXyx,14,8,False,False,False,non_bs_long_reduced
ac19_53980,YXyXYxx,YYYXXXyxYYx,YXyXYxx,YYYXXXyxYYx,7,11,18,11,1,1.5,3.0,1,-1,0,-1,-1,-4,3,3,3,3,False,,,reject,,0,incumbent_restart,18,872,YXyxx,YXXyXyX,12,6,False,False,False,non_bs_short_reduced
ac19_53992,YXXXXyXXYx,YXXXXYXXXXyxxxx,YXXXXyXXYx,YXXXXYXXXXyxxxx,10,15,25,15,1,1.0,3.0,0,1,-5,-1,-4,-1,3,3,3,3,False,,,reject,,0,incumbent_restart,33,872,YYXXyxx,YYxyXYX,14,11,False,False,False,non_bs_long_reduced
ac19_54212,YYXXYYx,YYXXyxYxYX,YYXXYYx,YYXXyxYxYX,7,10,17,10,1,1.3333333333333333,4.0,2,-1,-1,-4,-1,-3,2,2,4,4,False,,,reject,,0,incumbent_restart,8,872,YYXXYYx,YYYXyXyxx,16,1,False,False,False,non_bs_short_reduced
ac19_54243,YXXyXyxx,YYXXYxxxyxx,YXXyXyxx,YYXXYxxxyxx,8,11,19,11,1,1.1666666666666667,3.0,1,-1,-1,1,3,-2,3,3,3,3,False,,,reject,,0,incumbent_restart,13,872,YYXXyxx,YYxYYxYX,15,4,False,False,False,non_bs_mid_reduced
ac19_54337,YXYxYXXYx,YYXXyxxYXYxyXyx,YXYxYXXYx,YYXXyxxYXYxyXyx,9,15,24,15,1,1.1,6.0,1,1,-1,-4,0,-1,4,4,6,6,False,,,reject,,0,incumbent_restart,8,872,YYXYYxxyx,YYxxYXYxx,18,6,False,False,False,non_bs_long_reduced
ac19_54514,YXYXyXXYXyX,YYYXyXXyxYxyxyx,YXYXyXXYXyX,YYYXyXXyxYxyxyx,11,15,26,15,1,1.1818181818181819,6.0,1,1,-6,-1,1,0,5,5,6,6,False,,,reject,,0,incumbent_restart,13,872,YYXXXyxxx,YXyXXYxyx,18,8,False,False,False,non_bs_long_reduced
ac19_54599,YXyxYXXyx,YYXyxYXyyXXXyX,YXyxYXXyx,YYXyxYXyyXXXyX,9,14,23,14,1,1.2222222222222223,5.0,1,-1,-1,0,-5,1,4,4,5,5,False,,,reject,,0,incumbent_restart,8,872,YXyxYXXyx,YYXXyyXXyX,19,4,False,False,False,non_bs_long_reduced
ac19_54616,YYXYYXXXyX,YYXYXXXYYXXXX,YYXYYXXXyX,YYXYXXXYYXXXX,10,13,23,13,1,1.6666666666666667,3.0,0,1,-5,-3,-8,-5,3,3,3,3,False,,,reject,,0,incumbent_restart,13,872,YYYYXXYX,YXYXXXYxx,17,6,False,False,False,non_bs_long_reduced
ac19_54765,YYXXXYx,YYYYXXYXYYYXX,YYXXXYx,YYYYXXYXYYYXX,7,13,20,13,1,1.8,3.0,1,1,-2,-3,-5,-8,2,2,3,3,False,,,reject,,0,incumbent_restart,13,872,YYXXXXYX,YYYXYXyyX,17,3,False,False,False,non_bs_mid_reduced
ac19_54835,YYXXYx,YYYXYxxyXyX,YYXXYx,YYYXYxxyXyX,6,11,17,11,1,1.3333333333333333,4.0,2,-1,-1,-3,-1,-2,2,2,4,4,False,,,reject,,0,incumbent_restart,8,872,YYXYXXX,YYXXyXYxyx,17,0,False,False,False,non_bs_short_stuck
ac19_54906,YXXyXyx,YYxyxxyXX,YXXyXyx,YYxyxxyXX,7,9,16,9,2,1.1666666666666667,3.0,1,-1,-2,1,1,0,3,3,3,3,False,,,reject,,0,incumbent_restart,13,872,YYXXyxx,YYxYxyX,14,2,False,False,False,non_bs_short_reduced
ac19_55019,YXXXXyxYx,YXXYXXyXYxYXXX,YXXXXyxYx,YXXYXXyXYxYXXX,9,14,23,14,2,1.0,5.0,0,-1,-2,-1,-7,-3,3,3,5,5,False,,,reject,,0,incumbent_restart,23,872,YYXXXXyx,YXXyXXXYx,17,6,False,False,False,non_bs_long_reduced
ac19_55036,YYXYXXyXyx,YYXYXYXyXyX,YYXYXXyXyx,YYXYXYXyXyX,10,11,21,11,1,1.1111111111111112,5.0,0,1,-3,-1,-5,-2,4,4,5,5,False,,,reject,,0,incumbent_restart,13,872,YYXXYxxx,YYxYYxYxyXX,19,2,False,False,False,non_bs_mid_reduced
ac19_55092,YYXXyxYXXyxx,YYXXyxxYXXYXXyx,YYXXyxYXXyxx,YYXXyxxYXXYXXyx,12,15,27,15,2,1.2222222222222223,5.0,1,-1,-1,-1,-3,-2,4,4,5,5,False,,,reject,,0,incumbent_restart,8,872,YYXYxxx,YYxYxyX,14,13,False,False,False,non_bs_long_reduced
ac19_55200,YXXyXyx,YYYxyXYxyxyX,YXXyXyx,YYYxyXYxyxyX,7,12,19,12,1,1.125,5.0,1,1,-2,1,1,-1,3,3,5,5,False,,,reject,,0,incumbent_restart,18,872,YYXYxxx,YYxYxyX,14,5,False,False,False,non_bs_mid_reduced
ac19_55212,YXXyXyx,YYYxxyxyXX,YXXyXyx,YYYxxyxyXX,7,10,17,10,2,1.3333333333333333,3.0,2,1,-2,1,1,-1,3,3,3,3,False,,,reject,,0,incumbent_restart,13,872,YYXYxxx,YYxYxyX,14,3,False,False,False,non_bs_short_reduced
ac19_55526,YXXXYxxxyX,YYXXYYxYXXX,YXXXYxxxyX,YYXXYYxYXXX,10,11,21,11,1,1.3333333333333333,3.0,0,1,-1,-1,-4,-5,3,3,3,3,False,,,reject,,0,incumbent_restart,23,872,YYXXyxx,YYxyXYX,14,7,False,False,False,non_bs_mid_reduced
ac19_56067,YYXXXYx,YYXYYXXYXyx,YYXXXYx,YYXYYXXYXyx,7,11,18,11,1,1.5,4.0,1,-1,-2,-3,-3,-4,2,2,4,4,False,,,reject,,0,incumbent_restart,13,872,YYXXXYx,YYxyXYX,14,4,False,False,False,non_bs_short_reduced
ac19_56259,YXyxYXXyx,YYXXYXyXyX,YXyxYXXyx,YYXXYXyXyX,9,10,19,10,1,1.125,4.0,1,1,-1,0,-5,-1,4,4,4,4,False,,,reject,,0,incumbent_restart,8,872,YXXYxxYx,YYxyXYxyX,17,2,False,False,False,non_bs_mid_reduced
ac19_56332,YYXyXYxyX,YYXXXYXyx,YYXyXYxyX,YYXXXYXyx,9,9,18,9,1,1.2857142857142858,4.0,1,1,-2,-1,-3,-2,4,4,3,3,False,,,reject,,0,incumbent_restart,8,872,YYXXyxx,YYxyXYx,14,4,False,False,False,non_bs_short_reduced
ac19_56369,YXXXyxxYx,YYxYYxxyXX,YXXXyxxYx,YYxYYxxyXX,9,10,19,10,1,1.3333333333333333,3.0,0,1,0,-1,1,-3,3,3,3,3,False,,,reject,,0,incumbent_restart,13,872,YYXYxxx,YYxYxyX,14,5,False,False,False,non_bs_mid_reduced
ac19_56522,YXYXyXXYXyX,YYXXyXyXYXYXyX,YXYXyXXYXyX,YYXXyXyXYXYXyX,11,14,25,14,1,1.0909090909090908,6.0,0,-1,-6,-1,-7,-1,5,5,6,6,False,,,reject,,0,incumbent_restart,13,872,YYXXyxxx,YYYxxxxYx,17,8,False,False,False,non_bs_long_reduced
ac19_56581,YXYXXYx,YYXyyXYxxYX,YXYXXYx,YYXyyXYxxYX,7,11,18,11,1,1.2857142857142858,4.0,1,1,-2,-3,-1,-2,3,3,4,4,False,,,reject,,0,incumbent_restart,13,872,YXXyXYx,YYXyXXYXX,16,2,False,False,False,non_bs_short_reduced
ac19_56692,YXXXyXyx,YYxyXYxyx,YXXXyXyx,YYxyXYxyx,8,9,17,9,4,1.1428571428571428,4.0,0,1,-3,1,2,-1,3,3,4,4,False,,,reject,,0,incumbent_restart,13,872,YYXXyx,YXYxyXX,13,4,False,False,False,non_bs_short_reduced
ac19_56843,YYXyXYYXXyX,YYXyxxxxyyX,YYXyXYYXXyX,YYXyxxxxyyX,11,11,22,11,2,1.5714285714285714,4.0,3,-1,-5,-2,2,1,4,4,3,3,False,,,reject,,0,incumbent_restart,8,872,YYXXyxx,YYxYxyX,14,8,False,False,False,non_bs_long_reduced
ac19_56897,YYXXXyxxx,YYXXXYxYXYxx,YYXXXyxxx,YYXXXYxYXYxx,9,12,21,12,1,1.3333333333333333,4.0,2,-1,0,-1,-1,-5,2,2,4,4,False,,,reject,,0,incumbent_restart,8,872,YXXyXyX,YYYXyyyxx,16,5,False,False,False,non_bs_mid_reduced
ac19_56970,YYXXyxx,YYYYXXYxYYxYx,YYXXyxx,YYYYXXYxYYxYx,7,13,20,13,1,1.5,4.0,1,1,0,-1,1,-8,2,2,4,4,False,,,reject,,0,incumbent_restart,13,872,YYXXyxx,YYYxYYxYX,16,4,False,False,False,non_bs_mid_reduced
ac19_57064,YXXyXyx,YYYXyxxyyXYx,YXXyXyx,YYYXyxxyyXYx,7,12,19,12,1,1.2857142857142858,4.0,1,1,-2,1,1,-1,3,3,4,4,False,,,reject,,0,incumbent_restart,13,872,YYXYxxx,YYxYxyX,14,5,False,False,False,non_bs_mid_reduced
ac19_57068,YYXXYYx,YYYXyyxyXYx,YYXXYYx,YYYXyyxyXYx,7,11,18,11,2,1.1666666666666667,4.0,1,1,-1,-4,0,-1,2,2,4,4,False,,,reject,,0,incumbent_restart,8,872,YYYXXyx,YXYxYXX,14,4,False,False,False,non_bs_short_reduced
ac19_57192,YXXyxYXXyxx,YYXXyxYXyXYXyX,YXXyxYXXyxx,YYXXyxYXyXYXyX,11,14,25,14,1,1.1,6.0,1,1,-1,0,-5,-1,4,4,6,6,False,,,reject,,0,incumbent_restart,8,872,YXYxYXyxx,YYXyyxYXyyx,20,5,False,False,False,non_bs_long_reduced
ac19_57273,YXyxYXXyx,YYYXXXXyyX,YXyxYXXyx,YYYXXXXyyX,9,10,19,10,1,1.5,4.0,3,1,-1,0,-5,-1,4,4,2,2,False,,,reject,,0,incumbent_restart,8,872,YXyxYXXyx,YYYXXXXyyX,19,0,False,False,False,non_bs_mid_stuck
ac19_57417,YXXyXYx,YYYxyxxyXyX,YXXyXYx,YYYxyxxyXyX,7,11,18,11,1,1.2857142857142858,4.0,1,1,-2,-1,1,0,3,3,4,4,False,,,reject,,0,incumbent_restart,13,872,YXXyXYx,YYYxyyXX,15,3,False,False,False,non_bs_short_reduced
ac19_57517,YXYXXYx,YYxyXXYXyx,YXYXXYx,YYxyXXYXyx,7,10,17,10,1,1.1428571428571428,4.0,0,-1,-2,-3,-1,-1,3,3,4,4,False,,,reject,,0,incumbent_restart,13,872,YXXyXYx,YYXyXXYXX,16,1,False,False,False,non_bs_short_reduced
ac19_57570,YXyxYXXyx,YYXYXXyXyX,YXyxYXXyx,YYXYXXyXyX,9,10,19,10,1,1.125,4.0,1,1,-1,0,-5,-1,4,4,4,4,False,,,reject,,0,incumbent_restart,8,872,YYXYXYxxx,YYXyxYXyx,18,1,False,False,False,non_bs_mid_reduced
ac19_57622,YYXXXXYX,YYYYXXyyX,YYXXXXYX,YYYYXXyyX,8,9,17,9,1,2.0,2.0,2,1,-5,-3,-3,-2,2,2,2,2,False,,,reject,,0,incumbent_restart,13,872,YYXXXYx,YYxyXYX,14,3,False,False,False,non_bs_short_reduced
ac19_57669,YXXYxxyx,YYxxyXYxxyXyXYX,YXXYxxyx,YYxxyXYxxyXyXYX,8,15,23,15,1,1.1111111111111112,6.0,0,-1,1,-1,0,-1,3,3,6,6,False,,,reject,,0,incumbent_restart,18,872,YYXXyxx,YYxYxyX,14,9,False,False,False,non_bs_long_reduced
ac19_57862,YYXXXYX,YYYXXYXXyyx,YYXXXYX,YYYXXYXXyyx,7,11,18,11,1,1.8,3.0,1,-1,-4,-3,-3,-2,2,2,3,3,False,,,reject,,0,incumbent_restart,13,872,YXYxyX,YYXXXYx,13,5,False,False,False,non_bs_short_reduced
ac19_57892,YYXYXYxYX,YXXyXYxYx,YYXYXYxYX,YXXyXYxYx,9,9,18,9,1,1.125,4.0,1,-1,-2,-5,-1,-2,4,4,4,4,False,,,reject,,0,incumbent_restart,23,872,YYXXyX,YYxYXyyXX,15,3,False,False,False,non_bs_short_reduced
ac19_57917,YXXYxxyx,YYYxxYxxyXXYx,YXXYxxyx,YYYxxYxxyXXYx,8,13,21,13,1,1.2857142857142858,4.0,1,-1,1,-1,3,-4,3,3,4,4,False,,,reject,,0,incumbent_restart,18,872,YYXXyxx,YYxYxyX,14,7,False,False,False,non_bs_mid_reduced
ac19_57992,YYXXXYxx,YYYXYYXXyyxyx,YYXXXYxx,YYYXYYXXyyxyx,8,13,21,13,1,1.6666666666666667,4.0,2,-1,-1,-3,-1,-2,2,2,4,4,False,,,reject,,0,incumbent_restart,13,872,YYXXXYxx,YYXYYxxyXYX,19,2,False,False,False,non_bs_mid_reduced
ac19_58123,YXXYXXyx,YYxxyXYXXXXyX,YXXYXXyx,YYxxyXYXXXXyX,8,13,21,13,1,1.1428571428571428,4.0,0,-1,-3,-1,-4,-1,3,3,4,4,False,,,reject,,0,incumbent_restart,18,872,YYXXXYx,YYxyXYX,14,7,False,False,False,non_bs_mid_reduced
ac19_58416,YXXyXyx,YYXyyXXyxyX,YXXyXyx,YYXyyXXyxyX,7,11,18,11,1,1.2857142857142858,4.0,1,-1,-2,1,-3,2,3,3,4,4,False,,,reject,,0,incumbent_restart,13,872,YYXXXYx,YYxyXYX,14,4,False,False,False,non_bs_short_reduced
ac19_58429,YXyXYxx,YYYYXYXXYxx,YXyXYxx,YYYYXYXXYxx,7,11,18,11,1,1.5,3.0,3,-1,0,-1,-1,-6,3,3,3,3,False,,,reject,,0,incumbent_restart,18,872,YXyxx,YXXyXyX,12,6,False,False,False,non_bs_short_reduced
ac19_58509,YXXXyxYx,YYxxyXXYX,YXXXyxYx,YYxxyXXYX,8,9,17,9,1,1.1666666666666667,3.0,1,1,-1,-1,-1,-2,3,3,3,3,False,,,reject,,0,incumbent_restart,13,872,YXXXyxYx,YYXyxYXYX,17,0,False,False,False,non_bs_short_stuck
ac19_58553,YXXXyxYxx,YYYxxxyyXX,YXXXyxYxx,YYYxxxyyXX,9,10,19,10,1,1.6,3.0,2,1,0,-1,1,-1,3,3,2,2,False,,,reject,,0,incumbent_restart,18,872,YXXXyxYx,YYXyxYXYX,17,2,False,False,False,non_bs_mid_reduced
ac19_58570,YYXXYxYxyX,YXYxyXYxxyX,YYXXYxYxyX,YXYxyXYxxyX,10,11,21,11,1,1.1111111111111112,5.0,0,1,-1,-3,0,-1,4,4,5,5,False,,,reject,,0,incumbent_restart,13,872,YXXYxYxx,YYxyxyXyX,17,4,False,False,False,non_bs_mid_reduced
ac19_58707,YYXXXYx,YYXYXXyyxx,YYXXXYx,YYXYXXyyxx,7,10,17,10,1,1.6,3.0,2,-1,-2,-3,-1,-1,2,2,3,3,False,,,reject,,0,incumbent_restart,8,872,YYXyxxx,YYxyxYx,14,3,False,False,False,non_bs_short_reduced
ac19_58757,YXYXXYx,YYXyyxxYXyxYXX,YXYXXYx,YYXyyxxYXyxYXX,7,14,21,14,1,1.25,5.0,0,-1,-2,-3,-1,-1,3,3,5,5,False,,,reject,,0,incumbent_restart,13,872,YXXyXYx,YYxyXXXX,15,6,False,False,False,non_bs_mid_reduced
ac19_58768,YYXXyxxxxyX,YYXXXXYXXyyX,YYXXyxxxxyX,YYXXXXYXXyyX,11,12,23,12,1,1.5,3.0,1,-1,1,0,-7,-1,3,3,3,3,False,,,reject,,0,incumbent_restart,8,872,YXYXXyX,YYYXyyyxx,16,7,False,False,False,non_bs_long_reduced
ac19_59145,YYXXXXyXX,YXyxxyXXYxx,YYXXXXyXX,YXyxxyXXYxx,9,11,20,11,2,1.1666666666666667,4.0,1,1,-6,-1,1,0,2,2,4,4,False,,,reject,,0,incumbent_restart,8,872,YYXXyxx,YYxyXYX,14,6,False,False,False,non_bs_mid_reduced
ac19_59162,YYXXyx,YYYYxyyXXYX,YYXXyx,YYYYxyyXXYX,6,11,17,11,2,1.4,3.0,1,1,-1,-1,-2,-3,2,2,3,3,False,,,reject,,0,incumbent_restart,8,872,YYXXyxx,YYxyXYX,14,3,False,False,False,non_bs_short_reduced
ac19_59205,YXXyXyx,YYXXXXyyXyxx,YXXyXyx,YYXXXXyyXyxx,7,12,19,12,1,1.3333333333333333,3.0,0,1,-2,1,-3,1,3,3,3,3,False,,,reject,,0,incumbent_restart,13,872,YYXXyx,YXYxyXX,13,6,False,False,False,non_bs_mid_reduced
ac19_59290,YXYXXYx,YYYxxYXYXXXX,YXYXXYx,YYYxxYXYXXXX,7,12,19,12,1,1.3333333333333333,3.0,0,1,-2,-3,-3,-5,3,3,3,3,False,,,reject,,0,incumbent_restart,13,872,YYXXyx,YXYxyXX,13,6,False,False,False,non_bs_mid_reduced
ac19_59404,YYXXyx,YYXXXYXXXXYYx,YYXXyx,YYXXXYXXXXYYx,6,13,19,13,1,1.6,3.0,2,-1,-1,-1,-6,-5,2,2,3,3,False,,,reject,,0,incumbent_restart,8,872,YYXXyxx,YYxYxyX,14,5,False,False,False,non_bs_mid_reduced
ac19_59474,YYXXyx,YYXYYxxyXXX,YYXXyx,YYXYYxxyXXX,6,11,17,11,1,1.6,3.0,2,1,-1,-1,-2,-3,2,2,3,3,False,,,reject,,0,incumbent_restart,8,872,YYXXyxx,YYxyXYX,14,3,False,False,False,non_bs_short_reduced
ac19_59576,YYXXXXyx,YXyxxxYXXyx,YYXXXXyx,YXyxxxYXXyx,8,11,19,11,1,1.1666666666666667,4.0,1,1,-3,-1,1,0,2,2,4,4,False,,,reject,,0,incumbent_restart,8,872,YYXXXXyx,YXXyXXXYx,17,2,False,False,False,non_bs_mid_reduced
ac19_59613,YYXXyxx,YYXXXyxxyXyx,YYXXyxx,YYXXXyxxyXyx,7,12,19,12,1,1.3333333333333333,4.0,2,-1,0,-1,-1,1,2,2,4,4,False,,,reject,,0,incumbent_restart,8,872,YYXXyx,YYxYXXX,13,6,False,False,False,non_bs_mid_reduced
ac19_59701,YXXYXXyX,YYYXyyyxx,YXXYXXyX,YYYXyyyxx,8,9,17,9,1,1.6,3.0,2,1,-5,-1,1,0,3,3,2,2,False,,,reject,,0,incumbent_restart,18,872,YXXYXXyX,YYYXyyyxx,17,0,False,False,False,non_bs_short_stuck
ac19_59994,YXXYxxyx,YXYxxxxYx,YXXYxxyx,YXYxxxxYx,8,9,17,9,2,1.0,3.0,0,1,1,-1,4,-3,3,3,3,3,False,,,reject,,0,incumbent_restart,23,872,YXyxYXX,YYYXyyXX,15,2,False,False,False,non_bs_short_reduced
ac19_59995,YXyxYXXyx,YYXXyXXXyxYX,YXyxYXXyx,YYXXyXXXyxYX,9,12,21,12,1,1.125,4.0,1,1,-1,0,-5,-1,4,4,4,4,False,,,reject,,0,incumbent_restart,8,872,YYXYXYxxx,YYXyxYXyx,18,3,False,False,False,non_bs_mid_reduced
ac19_60154,YXXYxxyX,YYxxyXyXXyx,YXXYxxyX,YYxxyXyXXyx,8,11,19,11,1,1.1428571428571428,4.0,0,-1,-1,-1,0,1,3,3,4,4,False,,,reject,,0,incumbent_restart,23,872,YYXXyx,YXYxyXX,13,6,False,False,False,non_bs_mid_reduced
ac19_60157,YXXXYxxxyx,YYxxxxyXXXX,YXXXYxxxyx,YYxxxxyXXXX,10,11,21,11,1,1.2,3.0,0,-1,1,-1,0,-1,3,3,2,2,False,,,reject,,0,incumbent_restart,23,872,YXXXYxx,YYXYYXyx,15,6,False,False,False,non_bs_mid_reduced
ac19_60302,YXyxYXXyx,YYYXXyyxxx,YXyxYXXyx,YYYXXyyxxx,9,10,19,10,1,1.5,4.0,3,1,-1,0,1,-1,4,4,2,2,False,,,reject,,0,incumbent_restart,8,872,YYxyXYxyX,YXYXXYxYx,18,1,False,False,False,non_bs_mid_reduced
ac19_60781,YYXXyxx,YYXYXYxYxYX,YYXXyxx,YYXYXYxYxYX,7,11,18,11,1,1.2857142857142858,5.0,1,-1,0,-1,-1,-6,2,2,5,5,False,,,reject,,0,incumbent_restart,13,872,YYXXXyxxx,YXyXYxxyx,18,0,False,False,False,non_bs_short_stuck
ac19_60861,YXXYxxyx,YXyxYxYXXyxxx,YXXYxxyx,YXyxYxYXXyxxx,8,13,21,13,1,1.0,5.0,0,1,1,-1,2,-1,3,3,5,5,False,,,reject,,0,incumbent_restart,23,872,YYXXyxx,YYxYxyX,14,7,False,False,False,non_bs_mid_reduced
ac19_60885,YXXYxYxxx,YYXyxxyXyX,YXXYxYxxx,YYXyxxyXyX,9,10,19,10,1,1.1428571428571428,4.0,0,-1,2,-3,-1,1,3,3,4,4,False,,,reject,,0,incumbent_restart,13,872,YYXXyx,YYxYXXX,13,6,False,False,False,non_bs_mid_reduced
ac19_61045,YYXXXYxyX,YYXyxxYXyX,YYXXXYxyX,YYXyxxYXyX,9,10,19,10,2,1.2857142857142858,4.0,1,1,-3,-2,-1,-1,3,3,4,4,False,,,reject,,0,incumbent_restart,8,872,YYXXyx,YYxYXXX,13,6,False,False,False,non_bs_mid_reduced
ac19_61193,YXyxYXXyx,YYXyxYYXXyXyX,YXyxYXXyx,YYXyxYYXXyXyX,9,13,22,13,1,1.2222222222222223,5.0,1,1,-1,0,-4,-1,4,4,5,5,False,,,reject,,0,incumbent_restart,8,872,YXyxYXXyx,YYXyyxxxyx,19,3,False,False,False,non_bs_long_reduced
ac19_61238,YXXyXyx,YYxyXXXyyX,YXXyXyx,YYxyXXXyyX,7,10,17,10,1,1.3333333333333333,3.0,0,1,-2,1,-3,1,3,3,3,3,False,,,reject,,0,incumbent_restart,13,872,YYXXyx,YXYXYxYXX,15,2,False,False,False,non_bs_short_reduced
ac19_61253,YYXXyxx,YYYYYYXYXYxxYYX,YYXXyxx,YYYYYYXYXYxxYYX,7,15,22,15,1,1.5,4.0,1,-1,0,-1,-1,-10,2,2,4,4,False,,,reject,,0,incumbent_restart,13,872,YYXXyxx,YYYxYXYYX,16,6,False,False,False,non_bs_long_reduced
ac19_61376,YXyxYXXyx,YYYXyXyxYXyXX,YXyxYXXyx,YYYXyXyxYXyXX,9,13,22,13,1,1.2222222222222223,5.0,1,1,-1,0,-4,-1,4,4,5,5,False,,,reject,,0,incumbent_restart,8,872,YYXXYXyyX,YXyxYXyxx,18,4,False,False,False,non_bs_long_reduced
ac19_61397,YXXyXyx,YYYYXyyxxxyX,YXXyXyx,YYYYXyyxxxyX,7,12,19,12,1,1.5,3.0,3,1,-2,1,1,-1,3,3,3,3,False,,,reject,,0,incumbent_restart,13,872,YYXYxxx,YYxYxyX,14,5,False,False,False,non_bs_mid_reduced
ac19_61464,YXXyxYXXyxx,YYXXXyXYXyxYXXyx,YXXyxYXXyxx,YYXXXyXYXyxYXXyx,11,16,27,16,1,1.1,6.0,1,1,-1,0,-5,-1,4,4,6,6,False,,,reject,,0,incumbent_restart,8,872,YYXXXyXYXyX,YXXyxYXXyxx,22,5,False,False,False,non_bs_long_reduced
ac19_61529,YXXyxYXXyxx,YYXXyxYxyxYxyx,YXXyxYXXyxx,YYXXyxYxyxYxyx,11,14,25,14,1,1.1,6.0,1,1,-1,0,3,-1,4,4,6,6,False,,,reject,,0,incumbent_restart,8,872,YYYXXYxYXYx,YYXyyxYYXyx,22,3,False,False,False,non_bs_long_reduced
ac19_61538,YYXXYxxxxYx,YYXXyxxxYYx,YYXXYxxxxYx,YYXXyxxxYYx,11,11,22,11,1,1.5,3.0,1,-1,3,-4,2,-3,3,3,3,3,False,,,reject,,0,incumbent_restart,8,872,YYXXXyxxxx,YYxYYxxxyXX,21,1,False,False,False,non_bs_long_reduced
ac19_61871,YYXXXXyxxx,YYXXYYXXXXYxxYX,YYXXXXyxxx,YYXXYYXXXXYxxYX,10,15,25,15,1,1.5,4.0,1,1,-1,-1,-5,-6,2,2,4,4,False,,,reject,,0,incumbent_restart,8,872,YYXXXXyxxx,YYXYYxxyXXX,21,4,False,False,False,non_bs_long_reduced
ac19_61995,YYXXyxx,YYxxyXXXYxyX,YYXXyxx,YYxxyXXXYxyX,7,12,19,12,1,1.3333333333333333,4.0,2,-1,0,-1,-1,-1,2,2,4,4,False,,,reject,,0,incumbent_restart,8,872,YYXXyyx,YXyxxyx,14,5,False,False,False,non_bs_mid_reduced
ac19_62145,YXYxYXXYx,YYXXyxxYXXyxx,YXYxYXXYx,YYXXyxxYXXyxx,9,13,22,13,1,1.125,4.0,1,1,-1,-4,0,-1,4,4,4,4,False,,,reject,,0,incumbent_restart,8,872,YXYxYXXYx,YYXXyxxYXXyxx,22,0,False,False,False,non_bs_long_stuck
ac19_62315,YYXXXyX,YYYxyXyyX,YYXXXyX,YYYxyXyyX,7,9,16,9,1,1.4,3.0,1,-1,-4,-1,-1,0,2,2,3,3,False,,,reject,,0,incumbent_restart,18,872,YYXXyyx,YXyxYxx,14,2,False,False,False,non_bs_short_reduced
ac19_62338,YXXXyxxYx,YYXYxYYxYXYx,YXXXyxxYx,YYXYxYYxYXYx,9,12,21,12,1,1.25,5.0,0,1,0,-1,1,-7,3,3,5,5,False,,,reject,,0,incumbent_restart,23,872,YXXXyxxYx,YYxYYxxyXX,19,2,False,False,False,non_bs_mid_reduced
ac19_62561,YXyxYXXyx,YYXYXyXXXyx,YXyxYXXyx,YYXYXyXXXyx,9,11,20,11,1,1.125,4.0,1,1,-1,0,-4,-1,4,4,4,4,False,,,reject,,0,incumbent_restart,8,872,YXXYxxx,YYXyxYXyx,16,4,False,False,False,non_bs_mid_reduced
ac19_62582,YYXXXYx,YYXXYXyyxx,YYXXXYx,YYXXYXyyxx,7,10,17,10,1,1.6,3.0,2,-1,-2,-3,-1,-1,2,2,3,3,False,,,reject,,0,incumbent_restart,8,872,YYXXXYx,YYxyXYX,14,3,False,False,False,non_bs_short_reduced
ac19_62675,YYXXyxx,YXYXXXYxYxx,YYXXyxx,YXYXXXYxYxx,7,11,18,11,1,1.1666666666666667,4.0,1,-1,0,-1,-1,-4,2,2,4,4,False,,,reject,,0,incumbent_restart,8,872,YYXXyxx,YYYXYXYYx,16,2,False,False,False,non_bs_short_reduced
ac19_62731,YXyXYxx,YYXYxYYXXyx,YXyXYxx,YYXYxYYXXyx,7,11,18,11,1,1.2857142857142858,4.0,1,-1,0,-1,-1,-4,3,3,4,4,False,,,reject,,0,incumbent_restart,18,872,YXyxx,YXXyXyX,12,6,False,False,False,non_bs_short_reduced
ac19_62816,YXYXyXXYXyX,YYYXyXXXYXyXyx,YXYXyXXYXyX,YYYXyXXXYXyXyx,11,14,25,14,1,1.2,5.0,2,1,-6,-1,-5,-1,5,5,5,5,False,,,reject,,0,incumbent_restart,13,872,YYYXXyyyx,YYXYxyXyx,18,7,False,False,False,non_bs_long_reduced
ac19_63070,YXXYxxyx,YYxyxYxxyXX,YXXYxxyx,YYxyxYxxyXX,8,11,19,11,1,1.1428571428571428,4.0,0,1,1,-1,2,-1,3,3,4,4,False,,,reject,,0,incumbent_restart,18,872,YYXXyx,YYxYXXX,13,6,False,False,False,non_bs_mid_reduced
ac19_63094,YXXXYxYx,YYXyyXyxxyx,YXXXYxYx,YYXyyXyxxyx,8,11,19,11,1,1.2857142857142858,4.0,1,1,-1,-3,1,2,3,3,4,4,False,,,reject,,0,incumbent_restart,13,872,YXXXYxYx,YYXyxYXyx,17,2,False,False,False,non_bs_mid_reduced
ac19_63358,YYXXXYx,YYXYxYxyyXX,YYXXXYx,YYXYxYxyyXX,7,11,18,11,1,1.5,4.0,3,1,-2,-3,-1,-2,2,2,4,4,False,,,reject,,0,incumbent_restart,8,872,YYXXX,YXYXyx,11,7,False,False,False,non_bs_short_reduced
ac19_63532,YXXyXyxx,YYxYXyyxx,YXXyXyxx,YYxYXyyxx,8,9,17,9,1,1.3333333333333333,3.0,0,-1,-1,1,2,-1,3,3,3,3,False,,,reject,,0,incumbent_restart,13,872,YYXXyxx,YYxYxyX,14,3,False,False,False,non_bs_short_reduced
ac19_63590,YXXYXXyX,YYYXXXyXYXXyyxx,YXXYXXyX,YYYXXXyXYXXyyxx,8,15,23,15,1,1.4285714285714286,4.0,2,1,-5,-1,-4,-1,3,3,4,4,False,,,reject,,0,incumbent_restart,18,872,YXYXXyX,YYYXyyyxx,16,7,False,False,False,non_bs_long_reduced
ac19_63678,YYYXXXyxx,YXXyxxxxyXX,YYYXXXyxx,YXXyxxxxyXX,9,11,20,11,1,1.4,3.0,1,-1,-1,-2,0,1,2,2,3,3,False,,,reject,,0,incumbent_restart,28,872,YYXXXYxx,YYXYxxyXX,17,3,False,False,False,non_bs_mid_reduced
ac19_63737,YXyXYXyxx,YYXXyxYXyx,YXyXYXyxx,YYXXyxYXyx,9,10,19,10,2,1.125,4.0,1,1,-1,0,-1,-1,4,4,4,4,False,,,reject,,0,incumbent_restart,8,872,YXyXYXyxx,YYXXyXYxyX,19,0,False,False,False,non_bs_mid_stuck
ac19_63792,YXyxYXXyx,YYYXXyxYXXyXyX,YXyxYXXyx,YYYXXyxYXXyXyX,9,14,23,14,1,1.2222222222222223,5.0,1,1,-1,0,-5,-1,4,4,5,5,False,,,reject,,0,incumbent_restart,8,872,YXXYxYxx,YYXyxYXyx,17,6,False,False,False,non_bs_long_reduced
ac19_63945,YYXXyxx,YYXYYxxyXyx,YYXXyxx,YYXYYxxyXyx,7,11,18,11,1,1.5,4.0,3,1,0,-1,1,-2,2,2,4,4,False,,,reject,,0,incumbent_restart,8,872,YYXXyyx,YXyxYxx,14,4,False,False,False,non_bs_short_reduced
ac19_63978,YXXyXYx,YYXXyxxYXXyxxyx,YXXyXYx,YYXXyxxYXXyxxyx,7,15,22,15,1,1.125,5.0,1,1,-2,-1,1,0,3,3,5,5,False,,,reject,,0,incumbent_restart,13,872,YYXXyxx,YYxyXYX,14,8,False,False,False,non_bs_long_reduced
ac19_63990,YXyxYXXyx,YYXYxyXXyX,YXyxYXXyx,YYXYxyXXyX,9,10,19,10,1,1.125,4.0,1,1,-1,0,-3,-1,4,4,4,4,False,,,reject,,0,incumbent_restart,8,872,YYXYXYxxx,YYXyxYXyx,18,1,False,False,False,non_bs_mid_reduced
ac19_63999,YXXyXyXyX,YYYXyxxxyx,YXXyXyXyX,YYYXyxxxyx,9,10,19,10,1,1.2857142857142858,4.0,1,-1,-5,2,3,-1,4,4,3,3,False,,,reject,,0,incumbent_restart,13,872,YYXXXYx,YYxyXYX,14,5,False,False,False,non_bs_mid_reduced
ac19_64052,YYXXyxx,YYXyXYYxxyX,YYXXyxx,YYXyXYYxxyX,7,11,18,11,1,1.5,4.0,3,-1,0,-1,-1,-2,2,2,4,4,False,,,reject,,0,incumbent_restart,8,872,YYXXyxx,YYxyXYx,14,4,False,False,False,non_bs_short_reduced
ac19_64081,YXyxYXXyx,YYYXyyxYXyXX,YXyxYXXyx,YYYXyyxYXyXX,9,12,21,12,1,1.25,4.0,2,1,-1,0,-3,-1,4,4,4,4,False,,,reject,,0,incumbent_restart,8,872,YXYXYxxx,YYXyxYXyx,17,4,False,False,False,non_bs_mid_reduced
ac19_64163,YXXYxxyx,YYXYXyXyXXyxxyx,YXXYxxyx,YYXYXyXyXXyxxyx,8,15,23,15,1,1.1111111111111112,6.0,0,-1,1,-1,-2,1,3,3,6,6,False,,,reject,,0,incumbent_restart,18,872,YXYxxyx,YYXyyxxYxYx,18,5,False,False,False,non_bs_long_reduced
ac19_64188,YYXXyxx,YYYYxxxxyXXX,YYXXyxx,YYYYxxxxyXXX,7,12,19,12,1,2.0,2.0,4,1,0,-1,1,-3,2,2,2,2,False,,,reject,,0,incumbent_restart,8,872,YYXXyxx,YYYYxxxxyXXX,19,0,False,False,False,non_bs_mid_stuck
ac19_64447,YXXYXXyx,YYXXYXyXyxx,YXXYXXyx,YYXXYXyXyxx,8,11,19,11,1,1.1428571428571428,4.0,0,1,-3,-1,-2,-1,3,3,4,4,False,,,reject,,0,incumbent_restart,18,872,YYXXXYx,YYxyXYX,14,5,False,False,False,non_bs_mid_reduced
ac19_64498,YXyxYXXyx,YYYXyxxxyx,YXyxYXXyx,YYYXyxxxyx,9,10,19,10,1,1.2857142857142858,4.0,1,1,-1,0,3,-1,4,4,3,3,False,,,reject,,0,incumbent_restart,8,872,YXyxYXXyx,YYYXyxxxyx,19,0,False,False,False,non_bs_mid_stuck
ac19_64573,YYXXyxx,YYxYXYXYxYX,YYXXyxx,YYxYXYXYxYX,7,11,18,11,1,1.2857142857142858,5.0,1,-1,0,-1,-1,-6,2,2,5,5,False,,,reject,,0,incumbent_restart,13,872,YYYXyyxx,YYYYxxxYx,17,1,False,False,False,non_bs_short_reduced
ac19_64607,YXyxYXXyx,YYYXyxYXyyxxx,YXyxYXXyx,YYYXyxYXyyxxx,9,13,22,13,1,1.375,4.0,3,1,-1,0,2,-1,4,4,4,4,False,,,reject,,0,incumbent_restart,8,872,YXyxYXXyx,YYXYxyyxxx,19,3,False,False,False,non_bs_long_reduced
ac19_64649,YYXyxYXXyx,YYXyyXYxyxx,YYXyxYXXyx,YYXyyXYxyxx,10,11,21,11,1,1.25,4.0,2,1,-1,-1,1,0,4,4,4,4,False,,,reject,,0,incumbent_restart,8,872,YXXyx,YXyXyXX,12,9,False,False,False,non_bs_mid_reduced
ac19_64974,YXXXyXyX,YYxYxxyxyxx,YXXXyXyX,YYxYxxyxyxx,8,11,19,11,1,1.1428571428571428,4.0,0,-1,-5,1,6,-1,3,3,4,4,False,,,reject,,0,incumbent_restart,13,872,YYXXyxx,YYYxYXYYX,16,3,False,False,False,non_bs_mid_reduced
ac19_64979,YYYXXXYYXXX,YYXXXYXXYYxyX,YYYXXXYYXXX,YYXXXYXXYYxyX,11,13,24,13,1,1.8333333333333333,4.0,1,-1,-6,-5,-5,-4,2,2,4,4,False,,,reject,,0,incumbent_restart,8,872,YYXXyxx,YYxYxyX,14,10,False,False,False,non_bs_long_reduced
ac19_65047,YXYXyXXYXyX,YYXYXyXYXXyXyX,YXYXyXXYXyX,YYXYXyXYXXyXyX,11,14,25,14,1,1.0909090909090908,6.0,0,-1,-6,-1,-7,-1,5,5,6,6,False,,,reject,,0,incumbent_restart,13,872,YYXYxxx,YYxYxyX,14,11,False,False,False,non_bs_long_reduced
ac19_65104,YXYxxYXyx,YYXyXXyxyx,YXYxxYXyx,YYXyXXyxyx,9,10,19,10,1,1.125,4.0,1,-1,1,-2,-1,1,4,4,4,4,False,,,reject,,0,incumbent_restart,8,872,YYXXyx,YYxYXXX,13,6,False,False,False,non_bs_mid_reduced
ac19_65140,YXXyXYx,YYYxyyXX,YXXyXYx,YYYxyyXX,7,8,15,8,1,1.4,3.0,1,1,-2,-1,-1,-1,3,3,2,2,False,,,reject,,0,incumbent_restart,13,872,YXXyXYx,YYYxyyXX,15,0,False,False,False,non_bs_short_stuck
ac19_65206,YYXXXYxx,YYXYYxxyXYX,YYXXXYxx,YYXYYxxyXYX,8,11,19,11,1,1.5,4.0,1,1,-1,-3,-1,-4,2,2,4,4,False,,,reject,,0,incumbent_restart,13,872,YYXXXYxx,YYXYYxxyXYX,19,0,False,False,False,non_bs_mid_stuck
ac19_65325,YXXYxxyx,YYYxxxxyXyXYX,YXXYxxyx,YYYxxxxyXyXYX,8,13,21,13,1,1.2857142857142858,4.0,1,-1,1,-1,1,-2,3,3,4,4,False,,,reject,,0,incumbent_restart,18,872,YYXXyxx,YYxYxyX,14,7,False,False,False,non_bs_mid_reduced
ac19_65522,YXXyXyX,YYYxyyxYxxyX,YXXyXyX,YYYxyyxYxxyX,7,12,19,12,1,1.2857142857142858,4.0,1,1,-4,1,3,-1,3,3,4,4,False,,,reject,,0,incumbent_restart,13,872,YYXXyxx,YYxYxyX,14,5,False,False,False,non_bs_mid_reduced
ac19_65700,YYXXyx,YXYxyXyxxyXyx,YYXXyx,YXYxyXyxxyXyx,6,13,19,13,1,1.125,6.0,1,-1,-1,-1,1,2,2,2,6,6,False,,,reject,,0,incumbent_restart,8,872,YYXXyxx,YYxyXYX,14,5,False,False,False,non_bs_mid_reduced
ac19_65706,YYXXXyx,YYYYXXyyXYXX,YYXXXyx,YYYYXXyyXYXX,7,12,19,12,1,1.8,3.0,3,1,-2,-1,-5,-3,2,2,3,3,False,,,reject,,0,incumbent_restart,8,872,YYXXyx,YYxYXXX,13,6,False,False,False,non_bs_mid_reduced
ac19_65715,YYXXyxx,YYXYXXyyxyx,YYXXyxx,YYXYXXyyxyx,7,11,18,11,1,1.5,4.0,1,-1,0,-1,-1,0,2,2,4,4,False,,,reject,,0,incumbent_restart,13,872,YYXXyx,YYxYXXX,13,5,False,False,False,non_bs_short_reduced
ac19_65737,YXXYxYxx,YYxyxyXyX,YXXYxYxx,YYxyxyXyX,8,9,17,9,1,1.1428571428571428,4.0,0,1,1,-3,0,1,3,3,4,4,False,,,reject,,0,incumbent_restart,13,872,YXXYxYxx,YYxyxyXyX,17,0,False,False,False,non_bs_short_stuck
ac19_65738,YXyxYXXyx,YYXXyXyXYXYXyx,YXyxYXXyx,YYXXyXyXYXYXyx,9,14,23,14,1,1.1,6.0,1,1,-1,0,-5,-1,4,4,6,6,False,,,reject,,0,incumbent_restart,8,872,YXyxYXXyx,YYXXyyXYXXX,20,3,False,False,False,non_bs_long_reduced
ac19_65753,YXXYxYxxx,YYYYXyXyxxx,YXXYxYxxx,YYYYXyXyxxx,9,11,20,11,1,1.5,3.0,1,-1,2,-3,1,-2,3,3,3,3,False,,,reject,,0,incumbent_restart,13,872,YYXXXXYX,YYYXYXyyX,17,3,False,False,False,non_bs_mid_reduced
ac19_65754,YXXXYxxxyx,YYxYYxxxyXX,YXXXYxxxyx,YYxYYxxxyXX,10,11,21,11,1,1.3333333333333333,3.0,2,-1,1,-1,2,-3,3,3,3,3,False,,,reject,,0,incumbent_restart,23,872,YXXXYxx,YYXYYXyx,15,6,False,False,False,non_bs_mid_reduced
ac19_65898,YYYXXXYYXXX,YYXXYYXXXYXyx,YYYXXXYYXXX,YYXXYYXXXYXyx,11,13,24,13,1,1.8333333333333333,4.0,1,-1,-6,-5,-5,-4,2,2,4,4,False,,,reject,,0,incumbent_restart,8,872,YYXXyxx,YYxYxyX,14,10,False,False,False,non_bs_long_reduced
ac19_65967,YXYXyXXYXyX,YYXyXyyxYYxyx,YXYXyXXYXyX,YYXyXyyxYYxyx,11,13,24,13,1,1.1,5.0,1,1,-6,-1,1,0,5,5,5,5,False,,,reject,,0,incumbent_restart,18,872,YYXXXyxxx,YXyXXYxyx,18,6,False,False,False,non_bs_long_reduced
ac19_66134,YXYxxYXyx,YYXyxyXXyxx,YXYxxYXyx,YYXyxyXXyxx,9,11,20,11,1,1.125,4.0,1,1,1,-2,0,1,4,4,4,4,False,,,reject,,0,incumbent_restart,8,872,YXYXXyxx,YYXyxYXyX,17,3,False,False,False,non_bs_mid_reduced
ac19_66139,YYXXXyXYxyX,YXXyxYXXyxx,YYXXXyXYxyX,YXXyxYXXyxx,11,11,22,11,1,1.125,4.0,1,-1,-4,-1,-1,0,4,4,4,4,False,,,reject,,0,incumbent_restart,8,872,YYXXXyXYxyX,YXXyxYXXyxx,22,0,False,False,False,non_bs_long_stuck
ac19_66183,YXyxYXXyx,YYXyyXYXXYxyX,YXyxYXXyx,YYXyyXYXXYxyX,9,13,22,13,1,1.2222222222222223,5.0,1,1,-1,0,-4,-1,4,4,5,5,False,,,reject,,0,incumbent_restart,8,872,YXXYxYxx,YYXyxYXyx,17,5,False,False,False,non_bs_long_reduced
ac19_66196,YYXXYYx,YYXYxYXXyx,YYXXYYx,YYXYxYXXyx,7,10,17,10,1,1.3333333333333333,4.0,2,-1,-1,-4,-1,-3,2,2,4,4,False,,,reject,,0,incumbent_restart,8,872,YYXXYYx,YYYXyXyxx,16,1,False,False,False,non_bs_short_reduced
ac19_66234,YXXyXyx,YYxxxxxxyXXX,YXXyXyx,YYxxxxxxyXXX,7,12,19,12,1,1.2,3.0,0,-1,-2,1,3,-1,3,3,2,2,False,,,reject,,0,incumbent_restart,13,872,YYXXXYx,YYxyXYX,14,5,False,False,False,non_bs_mid_reduced
ac19_66385,YXYxYXXYx,YYYXXyxxYXYXYx,YXYxYXXYx,YYYXXyxxYXYXYx,9,14,23,14,1,1.2222222222222223,5.0,1,1,-1,-4,-1,-5,4,4,5,5,False,,,reject,,0,incumbent_restart,8,872,YXYxYXXYx,YYXXyxxYXXyxx,22,1,False,False,False,non_bs_long_reduced
ac19_66516,YXyxYXXyx,YYXyxyxYxxx,YXyxYXXyx,YYXyxyxYxxx,9,11,20,11,1,1.125,4.0,1,1,-1,0,4,-1,4,4,4,4,False,,,reject,,0,incumbent_restart,8,872,YXyxYXXyx,YYXXyyXXXyX,20,0,False,False,False,non_bs_mid_stuck
ac19_66543,YXYXyXXYXyX,YYxYxyXYXyXyxyX,YXYXyXXYXyX,YYxYxyXYXyXyxyX,11,15,26,15,1,1.0833333333333333,7.0,1,-1,-6,-1,-1,0,5,5,7,7,False,,,reject,,0,incumbent_restart,18,872,YYYXXyyyx,YYXYxyXyx,18,8,False,False,False,non_bs_long_reduced
ac19_66662,YXXXYxx,YYXyxYXXyx,YXXXYxx,YYXyxYXXyx,7,10,17,10,1,1.1666666666666667,4.0,1,-1,-1,-2,-1,-1,2,2,4,4,False,,,reject,,0,incumbent_restart,8,872,YYXXyx,YXXYxYXXX,15,2,False,False,False,non_bs_short_reduced
ac19_66724,YXXyXyxx,YYYxxxxYYxx,YXXyXyxx,YYYxxxxYYxx,8,11,19,11,1,1.6,3.0,0,-1,-1,1,6,-5,3,3,2,2,False,,,reject,,0,incumbent_restart,13,872,YYXXyxx,YYxYXYXYxYx,18,1,False,False,False,non_bs_mid_reduced
ac19_66801,YXyxYXXyx,YYYXyxYXyXyxxx,YXyxYXXyx,YYYXyxYXyXyxxx,9,14,23,14,1,1.2222222222222223,5.0,1,1,-1,0,1,-1,4,4,5,5,False,,,reject,,0,incumbent_restart,8,872,YYxyXYxyX,YXYXXYxYx,18,5,False,False,False,non_bs_long_reduced
ac19_66839,YYXXYYx,YYXyxxyXXyx,YYXXYYx,YYXyxxyXXyx,7,11,18,11,1,1.5,4.0,3,-1,-1,-4,0,1,2,2,4,4,False,,,reject,,0,incumbent_restart,8,872,YYXXyx,YXYxyXX,13,5,False,False,False,non_bs_short_reduced
ac19_66937,YXXYXXyx,YYYXXXXXXyX,YXXYXXyx,YYYXXXXXXyX,8,11,19,11,1,1.4,3.0,1,-1,-3,-1,-7,-2,3,3,2,2,False,,,reject,,0,incumbent_restart,18,872,YYXXXYx,YYxyXYX,14,5,False,False,False,non_bs_mid_reduced
ac19_67050,YYXXyxx,YYYXyXXYxyx,YYXXyxx,YYYXyXXYxyx,7,11,18,11,1,1.5,4.0,3,-1,0,-1,-1,-2,2,2,4,4,False,,,reject,,0,incumbent_restart,8,872,YYXXyx,YXYxyXX,13,5,False,False,False,non_bs_short_reduced
ac19_67055,YYXXXyx,YXyxxxxxyXyxx,YYXXXyx,YXyxxxxxyXyxx,7,13,20,13,2,1.1666666666666667,4.0,1,1,-2,-1,5,2,2,2,4,4,False,,,reject,,0,incumbent_restart,8,872,YXXXyxYxx,YYXYYXXYxx,19,1,False,False,False,non_bs_mid_reduced
ac19_67256,YYXXyxx,YYYxxYYxYXXXX,YYXXyxx,YYYxxYYxYXXXX,7,13,20,13,1,1.8,3.0,3,-1,0,-1,-1,-6,2,2,3,3,False,,,reject,,0,incumbent_restart,8,872,YYXXyxx,YYYYxxxYXXXX,19,1,False,False,False,non_bs_mid_reduced
ac19_67288,YYXXYxyXyx,YXXYxYXXXYx,YYXXYxyXyx,YXXYxYXXXYx,10,11,21,11,2,1.125,4.0,1,1,-1,-1,-3,-4,4,4,4,4,False,,,reject,,0,incumbent_restart,8,872,YYXXyx,YXYxyXX,13,8,False,False,False,non_bs_mid_reduced
ac19_67450,YYXXYYx,YYXyXyXYxxx,YYXXYYx,YYXyXyXYxxx,7,11,18,11,1,1.5,4.0,1,1,-1,-4,0,-1,2,2,4,4,False,,,reject,,0,incumbent_restart,13,872,YYXXyx,YXYxyXX,13,5,False,False,False,non_bs_short_reduced
ac19_67588,YXyxYXXyx,YYYXyxYXyXXyX,YXyxYXXyx,YYYXyxYXyXXyX,9,13,22,13,1,1.2222222222222223,5.0,1,1,-1,0,-4,-1,4,4,5,5,False,,,reject,,0,incumbent_restart,8,872,YYXYXYxxx,YYXyxYXyx,18,4,False,False,False,non_bs_long_reduced
ac19_67659,YXYXXYx,YYxyXyXyxyx,YXYXXYx,YYxyXyXyxyx,7,11,18,11,1,1.125,5.0,1,-1,-2,-3,1,2,3,3,5,5,False,,,reject,,0,incumbent_restart,18,872,YXXyXYx,YYXyXXYXX,16,2,False,False,False,non_bs_short_reduced
ac19_67699,YXXXYxYx,YYYxYXXYXyx,YXXXYxYx,YYYxYXXYXyx,8,11,19,11,1,1.2857142857142858,4.0,1,1,-1,-3,-1,-4,3,3,4,4,False,,,reject,,0,incumbent_restart,13,872,YXXXYxYx,YYXyxYXyx,17,2,False,False,False,non_bs_mid_reduced
ac19_67821,YXYxyx,YYXyxYYxxYxYYxx,YXYxyx,YYXyxYYxxYxYYxx,6,15,21,15,1,1.25,5.0,0,-1,1,-1,5,-6,3,3,5,5,False,,,reject,,0,incumbent_restart,18,872,YXXyxxx,YYxyXYxyX,16,5,False,False,False,non_bs_mid_reduced
ac19_67950,YXXYxxyx,YXYXyxxYxYx,YXXYxxyx,YXYXyxxYxYx,8,11,19,11,1,1.0,5.0,0,-1,1,-1,2,-3,3,3,5,5,False,,,reject,,0,incumbent_restart,23,872,YYYX,YYYYX,9,10,False,False,False,non_bs_mid_reduced
ac19_67987,YYXXyxx,YYXXYYxYYxYx,YYXXyxx,YYXXYYxYYxYx,7,12,19,12,1,1.5,4.0,1,1,0,-1,1,-7,2,2,4,4,False,,,reject,,0,incumbent_restart,13,872,YYXXyxx,YYYxYYxYX,16,3,False,False,False,non_bs_mid_reduced
ac19_68323,YYXXXyXYx,YXYXXXyxx,YYXXXyXYx,YXYXXXyxx,9,9,18,9,1,1.1666666666666667,3.0,1,-1,-3,-2,-2,-1,3,3,3,3,False,,,reject,,0,incumbent_restart,13,872,YXyXXyx,YYYXyyxx,15,3,False,False,False,non_bs_short_reduced
ac19_68470,YYXXXyx,YYYXXXYXyX,YYXXXyx,YYYXXXYXyX,7,10,17,10,1,1.6,3.0,2,1,-2,-1,-5,-3,2,2,3,3,False,,,reject,,0,incumbent_restart,8,872,YYXXyx,YYxYXXX,13,4,False,False,False,non_bs_short_reduced
ac19_68563,YYXXYYx,YXYXyxxyXyx,YYXXYYx,YXYXyxxyXyx,7,11,18,11,1,1.2857142857142858,5.0,1,-1,-1,-4,0,1,2,2,5,5,False,,,reject,,0,incumbent_restart,13,872,YYXXyx,YYxYXXX,13,5,False,False,False,non_bs_short_reduced
ac19_68714,YXXyXyx,YYxxyxyXXXYx,YXXyXyx,YYxxyxyXXXYx,7,12,19,12,1,1.1428571428571428,4.0,0,1,-2,1,1,-1,3,3,4,4,False,,,reject,,0,incumbent_restart,13,872,YYXXyx,YXYXYxYXX,15,4,False,False,False,non_bs_mid_reduced
ac19_68740,YXXYxYxx,YYxYXXXyxyx,YXXYxYxx,YYxYXXXyxyx,8,11,19,11,1,1.1428571428571428,4.0,0,-1,1,-3,0,-1,3,3,4,4,False,,,reject,,0,incumbent_restart,13,872,YXXYxYxx,YYXyxYXyx,17,2,False,False,False,non_bs_mid_reduced
ac19_69068,YYXXyxx,YYXYxyyXYxyx,YYXXyxx,YYXYxyyXYxyx,7,12,19,12,1,1.2857142857142858,5.0,1,1,0,-1,1,-1,2,2,5,5,False,,,reject,,0,incumbent_restart,13,872,YXYXXyxx,YYXyxYxyX,17,2,False,False,False,non_bs_mid_reduced
ac19_69074,YYXXXyX,YYXyxYXXXyxyx,YYXXXyX,YYXyxYXXXyxyx,7,13,20,13,1,1.2857142857142858,5.0,1,-1,-4,-1,-1,0,2,2,5,5,False,,,reject,,0,incumbent_restart,8,872,YXXXyXYx,YYXXyXXYX,17,3,False,False,False,non_bs_mid_reduced
ac19_69099,YXYXXYx,YYxyXXXyxxyx,YXYXXYx,YYxyXXXyxxyx,7,12,19,12,1,1.1428571428571428,4.0,0,1,-2,-3,1,1,3,3,4,4,False,,,reject,,0,incumbent_restart,13,872,YYXXyx,YXYxyXX,13,6,False,False,False,non_bs_mid_reduced
ac19_69125,YXyxYXXyx,YYYXyxyXYxyXX,YXyxYXXyx,YYYXyxyXYxyXX,9,13,22,13,1,1.2222222222222223,5.0,1,1,-1,0,-2,-1,4,4,5,5,False,,,reject,,0,incumbent_restart,8,872,YXXYxYxx,YYXyxYXyx,17,5,False,False,False,non_bs_long_reduced
ac19_69139,YXXYxxyx,YYXYXyXyyxx,YXXYxxyx,YYXYXyXyyxx,8,11,19,11,1,1.2857142857142858,4.0,1,-1,1,-1,-1,0,3,3,4,4,False,,,reject,,0,incumbent_restart,18,872,YXYxxyx,YYXyyxxYxYx,18,1,False,False,False,non_bs_mid_reduced
ac19_69144,YYXXXYx,YYXYxxxyXXX,YYXXXYx,YYXYxxxyXXX,7,11,18,11,1,1.4,3.0,1,1,-2,-3,-1,-2,2,2,3,3,False,,,reject,,0,incumbent_restart,8,872,YYXXXYx,YYxyXYX,14,4,False,False,False,non_bs_short_reduced
ac19_69242,YXXYXXyx,YXyXYXXyXYx,YXXYXXyx,YXyXYXXyXYx,8,11,19,11,1,1.0,5.0,0,-1,-3,-1,-4,-1,3,3,5,5,False,,,reject,,0,incumbent_restart,23,872,YYXXXYx,YYxyXYX,14,5,False,False,False,non_bs_mid_reduced
ac19_69251,YYXXXYX,YYxyXyXXYx,YYXXXYX,YYxyXyXXYx,7,10,17,10,1,1.3333333333333333,4.0,2,1,-4,-3,-1,-1,2,2,4,4,False,,,reject,,0,incumbent_restart,18,872,YYxYXYX,YYYYXXYx,15,2,False,False,False,non_bs_short_reduced
ac19_69316,YXXyXyx,YYXyxyXXyyX,YXXyXyx,YYXyxyXXyyX,7,11,18,11,1,1.2857142857142858,4.0,1,-1,-2,1,-3,2,3,3,4,4,False,,,reject,,0,incumbent_restart,13,872,YYXXyxx,YYxYxyX,14,4,False,False,False,non_bs_short_reduced
ac19_69547,YYXXYx,YYxYxYXyxYXXX,YYXXYx,YYxYxYXyxYXXX,6,13,19,13,1,1.2857142857142858,5.0,1,1,-1,-3,-1,-4,2,2,5,5,False,,,reject,,0,incumbent_restart,8,872,X,YXXXX,6,13,False,False,False,non_bs_mid_reduced
ac19_69562,YXXYxxyX,YYXXXXyxxxx,YXXYxxyX,YYXXXXyxxxx,8,11,19,11,1,1.2,3.0,0,1,-1,-1,0,-1,3,3,2,2,False,,,reject,,0,incumbent_restart,18,872,YYXXyx,YXYxyXX,13,6,False,False,False,non_bs_mid_reduced
ac19_69707,YYXXXYx,YYxxyXXYX,YYXXXYx,YYxxyXXYX,7,9,16,9,1,1.4,3.0,1,1,-2,-3,-1,-2,2,2,3,3,False,,,reject,,0,incumbent_restart,8,872,YYXXYx,YYYxyXXyx,15,1,False,False,False,non_bs_short_reduced
ac19_69757,YXXyXyx,YYYxyyXYxxyX,YXXyXyx,YYYxyyXYxxyX,7,12,19,12,1,1.2857142857142858,4.0,1,1,-2,1,1,-1,3,3,4,4,False,,,reject,,0,incumbent_restart,13,872,YYXXyxx,YYxyXYX,14,5,False,False,False,non_bs_mid_reduced
ac19_69899,YYXXyxx,YYXXYxxxyXYx,YYXXyxx,YYXXYxxxyXYx,7,12,19,12,1,1.3333333333333333,4.0,2,1,0,-1,1,-3,2,2,4,4,False,,,reject,,0,incumbent_restart,8,872,YYXXyxx,YYYYxyXYx,16,3,False,False,False,non_bs_mid_reduced
ac19_69972,YXXyXyx,YYXYxYxyyxyX,YXXyXyx,YYXYxYxyyxyX,7,12,19,12,1,1.125,5.0,1,1,-2,1,1,-1,3,3,5,5,False,,,reject,,0,incumbent_restart,23,872,YYXYxxx,YYxYxyX,14,5,False,False,False,non_bs_mid_reduced
ac19_70028,YXXYxxyxx,YYXXyXXXyxxxx,YXXYxxyxx,YYXXyXXXyxxxx,9,13,22,13,1,1.1666666666666667,3.0,1,-1,2,-1,-1,0,3,3,3,3,False,,,reject,,0,incumbent_restart,18,872,YYXXXYxx,YYXYxxyXX,17,5,False,False,False,non_bs_long_reduced
ac19_70288,YXyxYXXyx,YYXyyXXXyX,YXyxYXXyx,YYXyyXXXyX,9,10,19,10,1,1.2857142857142858,4.0,1,-1,-1,0,-5,1,4,4,3,3,False,,,reject,,0,incumbent_restart,8,872,YXyxYXXyx,YYXyyXXXyX,19,0,False,False,False,non_bs_mid_stuck
ac19_70475,YYXXXXXYXX,YYXyXYYXyXX,YYXXXXXYXX,YYXyXYYXyXX,10,11,21,11,1,1.5,4.0,1,-1,-7,-3,-5,-2,2,2,4,4,False,,,reject,,0,incumbent_restart,18,872,YYXXyxx,YYxYxyX,14,7,False,False,False,non_bs_mid_reduced
ac19_70696,YXXXyXyx,YYXXyyxyX,YXXXyXyx,YYXXyyxyX,8,9,17,9,1,1.3333333333333333,3.0,2,-1,-3,1,-2,1,3,3,3,3,False,,,reject,,0,incumbent_restart,13,872,YYxyx,YXXyxxx,12,5,False,False,False,non_bs_short_reduced
ac19_70723,YXXyXyx,YYYxxxYxyx,YXXyXyx,YYYxxxYxyx,7,10,17,10,1,1.3333333333333333,3.0,0,1,-2,1,5,-3,3,3,3,3,False,,,reject,,0,incumbent_restart,13,872,YYXXyx,YXXYxYXXX,15,2,False,False,False,non_bs_short_reduced
ac19_70758,YYXXXYX,YYxyXYxyXX,YYXXXYX,YYxyXYxyXX,7,10,17,10,1,1.3333333333333333,4.0,0,1,-4,-3,-1,-1,2,2,4,4,False,,,reject,,0,incumbent_restart,13,872,YYxYxyx,YYxxxyX,14,3,False,False,False,non_bs_short_reduced
ac19_70762,YXYxyx,YYXXyyXXyyXyxxx,YXYxyx,YYXXyyXXyyXyxxx,6,15,21,15,1,1.4285714285714286,4.0,2,1,1,-1,-2,3,3,3,4,4,False,,,reject,,0,incumbent_restart,13,872,X,Yxxxxxx,8,13,False,False,False,non_bs_mid_reduced
ac19_70826,YYXXXyxxx,YYYYXXYxxYYX,YYXXXyxxx,YYYYXXYxxYYX,9,12,21,12,1,2.0,3.0,4,-1,0,-1,-1,-7,2,2,3,3,False,,,reject,,0,incumbent_restart,8,872,YXXyXyX,YYYXyyyxx,16,5,False,False,False,non_bs_mid_reduced
ac19_70845,YYXYXyXXyX,YXYXyXYXXyX,YYXYXyXXyX,YXYXyXYXXyX,10,11,21,11,1,1.1111111111111112,5.0,0,-1,-5,-1,-6,-1,4,4,5,5,False,,,reject,,0,incumbent_restart,13,872,YYXXXyxxx,YXyXXYxyx,18,3,False,False,False,non_bs_mid_reduced
ac19_70877,YXyxYXyxYXXyx,YYXXyyXXXyxYXyx,YXyxYXyxYXXyx,YYXXyyXXXyxYXyx,13,15,28,15,1,1.1818181818181819,6.0,1,-1,-1,0,-4,1,6,6,5,5,False,,,reject,,0,incumbent_restart,8,872,YXXX,YXyxx,9,19,False,False,False,non_bs_long_reduced
ac19_70892,YYXXYxxyX,YYXXyxYXyx,YYXXYxxyX,YYXXyxYXyx,9,10,19,10,1,1.2857142857142858,4.0,1,-1,-1,-2,-1,-1,3,3,4,4,False,,,reject,,0,incumbent_restart,8,872,YYXXyx,YYxYXXX,13,6,False,False,False,non_bs_mid_reduced
ac19_70931,YYYXXYXyX,YYYXXXXYX,YYYXXYXyX,YYYXXXXYX,9,9,18,9,1,1.8,3.0,1,1,-4,-3,-5,-4,3,3,2,2,False,,,reject,,0,incumbent_restart,8,872,YYXXyxx,YYxYxyX,14,4,False,False,False,non_bs_short_reduced
ac19_71343,YYXXXYx,YYXXyxYXyx,YYXXXYx,YYXXyxYXyx,7,10,17,10,1,1.3333333333333333,4.0,2,-1,-2,-3,-1,-1,2,2,4,4,False,,,reject,,0,incumbent_restart,8,872,YYXXXYx,YYxyXYX,14,3,False,False,False,non_bs_short_reduced
ac19_71581,YXXyXyxx,YYxYxxxyxYX,YXXyXyxx,YYxYxxxyxYX,8,11,19,11,1,1.1428571428571428,4.0,0,-1,-1,1,4,-3,3,3,4,4,False,,,reject,,0,incumbent_restart,13,872,YYXXyx,YYxYXXX,13,6,False,False,False,non_bs_mid_reduced
ac19_71648,YYXXyxx,YYYXYYxyyX,YYXXyxx,YYYXYYxyyX,7,10,17,10,1,1.4,3.0,1,-1,0,-1,-1,-3,2,2,3,3,False,,,reject,,0,incumbent_restart,23,872,YYXXyxx,YYxyXYx,14,3,False,False,False,non_bs_short_reduced
ac19_71810,YXXXYxx,YYxyXXXyxyx,YXXXYxx,YYxyXXXyxyx,7,11,18,11,1,1.1666666666666667,4.0,1,-1,-1,-2,0,1,2,2,4,4,False,,,reject,,0,incumbent_restart,8,872,YYXXyx,YXYXXYxyX,15,3,False,False,False,non_bs_short_reduced
ac19_71828,YYXXXXX,YXyXXYxYXyx,YYXXXXX,YXyXXYxYXyx,7,11,18,11,1,1.1666666666666667,5.0,1,1,-5,-2,-2,-1,1,1,5,5,False,,,reject,,0,incumbent_restart,13,872,YXXXYxx,YYxyXYxyX,16,2,False,False,False,non_bs_short_reduced
ac19_71854,YXXyXyx,YYXyxYxxyx,YXXyXyx,YYXyxYxxyx,7,10,17,10,2,1.1428571428571428,4.0,0,-1,-2,1,3,-1,3,3,4,4,False,,,reject,,0,incumbent_restart,13,872,YYXXyxx,YYxyXYX,14,3,False,False,False,non_bs_short_reduced
ac19_71947,YXXYXXyx,YYXYXyXyx,YXXYXXyx,YYXYXyXyx,8,9,17,9,1,1.1428571428571428,4.0,0,1,-3,-1,-2,-1,3,3,4,4,False,,,reject,,0,incumbent_restart,18,872,YYXXyxx,YYxYxyX,14,3,False,False,False,non_bs_short_reduced
ac19_71984,YYXXXYX,YYYXXyXyxYX,YYXXXYX,YYYXXyXyxYX,7,11,18,11,1,1.5,4.0,1,-1,-4,-3,-3,-2,2,2,4,4,False,,,reject,,0,incumbent_restart,13,872,YYYYYXX,YYXYxyX,14,4,False,False,False,non_bs_short_reduced
ac19_72174,YYXXXXYX,YYXXXyXYx,YYXXXXYX,YYXXXyXYx,8,9,17,9,1,1.4,3.0,1,1,-5,-3,-3,-2,2,2,3,3,False,,,reject,,0,incumbent_restart,13,872,YYXXyx,YYxYXXX,13,4,False,False,False,non_bs_short_reduced
ac19_72274,YYXXXyx,YYYXXyxYXyyx,YYXXXyx,YYYXXyxYXyyx,7,12,19,12,1,1.5,4.0,3,1,-2,-1,-1,-1,2,2,4,4,False,,,reject,,0,incumbent_restart,8,872,YYXXXyX,YXYxyXXX,15,4,False,False,False,non_bs_mid_reduced
ac19_72393,YXXyXyX,YYYXyxYxxyxyxx,YXXyXyX,YYYXyxYxxyxyxx,7,14,21,14,1,1.25,5.0,2,-1,-4,1,5,-1,3,3,5,5,False,,,reject,,0,incumbent_restart,13,872,YXXyXyX,YYYXyyyxx,16,5,False,False,False,non_bs_mid_reduced
ac19_72417,YYXXXXXXyxx,YYYXXXXXyyxx,YYXXXXXXyxx,YYYXXXXXyyxx,11,12,23,12,1,2.0,2.0,4,1,-4,-1,-3,-1,2,2,2,2,False,,,reject,,0,incumbent_restart,8,872,YYXXXXyX,YXYxxyXyx,17,6,False,False,False,non_bs_long_reduced
ac19_72497,YXyxYXXyx,YYXyxYXyxyxYxx,YXyxYXXyx,YYXyxYXyxyxYxx,9,14,23,14,1,1.1,6.0,1,1,-1,0,3,-1,4,4,6,6,False,,,reject,,0,incumbent_restart,8,872,YYXyyXXyX,YXyxYXXyx,18,5,False,False,False,non_bs_long_reduced
ac19_72656,YXXyXyxx,YYYXYxxyyxx,YXXyXyxx,YYYXYxxyyxx,8,11,19,11,1,1.5,3.0,3,-1,-1,1,3,-2,3,3,3,3,False,,,reject,,0,incumbent_restart,13,872,YYXXyxx,YYxYYxYX,15,4,False,False,False,non_bs_mid_reduced
ac19_72735,YYYXXXXX,YYXXYXyyx,YYYXXXXX,YYXXYXyyx,8,9,17,9,1,2.0,3.0,2,-1,-5,-3,-2,-1,1,1,3,3,False,,,reject,,0,incumbent_restart,8,872,YYXXyxx,YYxyXYX,14,3,False,False,False,non_bs_short_reduced
