cls,k,depth,phi_x,phi_y,r1,r2,start_len,initial_len,best_len
aca_34,0,0,x,y,YXXXYxx,YYYYYXyyyyx,18,18,16
aca_34,1,1,Yx,y,YXyXyXYxYx,YYYYYXyyyyx,21,18,16
aca_34,2,1,x,Xy,YXXYxxx,YXyXyXyXyxYxYxYxYx,25,18,16
aca_34,3,1,x,xy,YXXXXYx,YXYXYXYXYXyxyxyxyx,25,18,16
aca_34,4,1,xy,y,YXYXYXYxyx,YYYYYXyyyyx,21,18,16
aca_34,5,2,YYx,y,YYYYYXyyyyx,YYxYYxyXyyXyx,24,18,16
aca_34,6,2,x,XXy,YXYxxxx,YXyXXyXXyXXyxYxxYxxYxxYxx,32,18,16
aca_34,7,2,x,xxy,YYXXXXX,YXyxxyxxyxxyxYXXYXXYXXYXX,32,18,16
aca_34,8,2,xyy,y,YYYYYXyyyyx,YYXYYXYxyyxYX,24,18,16
aca_34,9,2,Yx,Xyy,YXyXYxYxYx,YYxYYxYYxYYxYXyyXyyXyyXyx,35,18,16
aca_34,10,2,Yxx,Xy,YXyXXyXYxxYxx,YXyXyXyXyxYxYxYxYx,31,18,16
aca_34,11,2,xxy,xy,YXyxxyxxyxxyX,YXYXYXYXYXyxyxyxyx,31,18,16
aca_34,12,2,xy,xyy,YXYXYXYXYx,YYXYYXYYXYYXyxyyxyyxyyxYX,35,18,16
aca_34,13,3,YYYx,y,YYYYYXyyyyx,YYYxYYYxyXyyyXyx,27,18,16
aca_34,14,3,x,XXXy,YYxxxxx,YXyXXXyXXXyXXXyxYxxxYxxxYxxxYxxx,39,18,16
aca_34,15,3,x,xxxy,YXYXXXXXX,YXyxxxyxxxyxxxyxYXXXYXXXYXXXYXXX,41,18,16
aca_34,16,3,xyyy,y,YYYYYXyyyyx,YYYXYYYXYxyyyxYX,27,18,16
aca_34,17,3,YYx,Xyyy,YYxYYxYXyyXYx,YYYxYYYxYYYxYYYxYXyyyXyyyXyyyXyx,45,18,16
aca_34,18,3,Yx,XyXyy,YXYxYxYxYx,YYxYxYYxYxYYxYxYYxYxYXyyXyXyyXyXyyXyXyx,49,18,16
aca_34,19,3,YxYxx,Xy,YXyXyXyXyxYxYxYxYx,YXyXyXXyXyXYxxYxYxx,37,18,16
aca_34,20,3,Yxxx,XXy,YXyXXXyXYxxxYxxx,YXyXXyXXyXXyxYxxYxxYxxYxx,41,18,16
aca_34,21,3,xxxy,xxy,YXyxxxyxxxyxxxyX,YXyxxyxxyxxyxYXXYXXYXXYXX,41,18,16
aca_34,22,3,xxyxy,xy,YXYXYXYXYXyxyxyxyx,YXYXyxxyxyxxyxyxxyX,37,18,16
aca_34,23,3,xy,xyxyy,YYYXYXYXYXYX,YYXYXYYXYXYYXYXYYXyxyxyyxyxyyxyxyyxYXYX,51,18,16
aca_34,24,3,xyy,xyyy,YYXYYXYYXYxYX,YYYXYYYXYYYXYYYXyxyyyxyyyxyyyxYX,45,18,16
aca_34,25,3,YYxYx,Xyy,YYxYxYYxyXyXyyXyXyx,YYxYYxYYxYYxYXyyXyyXyyXyx,44,18,16
aca_34,26,3,Yxx,XXyXy,YXyXYxxYxxYxx,YXyXyXXyXyXXyXyXXyxYxYxxYxYxxYxYxxYxYxx,52,18,16
aca_34,27,3,xxy,xxyxy,YYXXYXXYXXYXX,YXYXyxxyxyxxyxyxxyxyxYXXYXYXXYXYXXYXYXX,52,18,16
aca_34,28,3,xyxyy,xyy,YYXYXYYXYXYxyyxYXYX,YYXYYXYYXYYXyxyyxyyxyyxYX,44,18,16
aca_34,29,4,YYYYx,y,YYYYYXyyyyx,YYYYxYYYYxyXyyyyXyx,30,18,16
aca_34,30,4,x,XXXXy,YxYxxxxxx,YXyXXXXyXXXXyXXXXyxYxxxxYxxxxYxxxxYxxxx,48,18,16
aca_34,31,4,x,xxxxy,YXXYXXXXXXX,YXyxxxxyxxxxyxxxxyxYXXXXYXXXXYXXXXYXXXX,50,18,16
aca_34,32,4,xyyyy,y,YYYYYXyyyyx,YYYYXYYYYXYxyyyyxYX,30,18,16
aca_34,33,4,YYYx,Xyyyy,YYYxYYYxYXyyyXYx,YYYYxYYYYxYYYYxYYYYxYXyyyyXyyyyXyyyyXyx,55,18,16
aca_34,34,4,Yx,XyXyXyy,YYYxYxYxYxYx,YYxYxYxYYxYxYxYYxYxYxYYxYxYxYXyyXyXyXyyXyXyXyyXyXyXyx,65,18,16
aca_34,35,4,YxYxYxx,Xy,YXyXyXyXyxYxYxYxYx,YXyXyXyXXyXyXyXYxxYxYxYxx,43,18,16
aca_34,36,4,Yxxxx,XXXy,YXyXXXXyXYxxxxYxxxx,YXyXXXyXXXyXXXyxYxxxYxxxYxxxYxxx,51,18,16
aca_34,37,4,xxxxy,xxxy,YXyxxxxyxxxxyxxxxyX,YXyxxxyxxxyxxxyxYXXXYXXXYXXXYXXX,51,18,16
aca_34,38,4,xxyxyxy,xy,YXYXYXYXYXyxyxyxyx,YXYXYXyxxyxyxyxxyxyxyxxyX,43,18,16
aca_34,39,4,xy,xyxyxyy,YYXYYXYXYXYXYXYX,YYXYXYXYYXYXYXYYXYXYXYYXyxyxyxyyxyxyxyyxyxyxyyxYXYXYX,69,18,16
aca_34,40,4,xyyy,xyyyy,YYYXYYYXYYYXYxYX,YYYYXYYYYXYYYYXYYYYXyxyyyyxyyyyxyyyyxYX,55,18,16
aca_34,41,4,YYx,XyyXyyy,YYxYYxYYxYXYx,YYYxYYxYYYxYYxYYYxYYxYYYxYYxYXyyyXyyXyyyXyyXyyyXyyXyx,66,18,16
aca_34,42,4,YxxYxxx,XXy,YXyXXyXXyXXyxYxxYxxYxxYxx,YXyXXyXXXyXXyXYxxxYxxYxxx,50,18,16
aca_34,43,4,xxxyxxy,xxy,YXyxxyxxyxxyxYXXYXXYXXYXX,YXyxxxyxxyxxxyxxyxxxyXYXX,50,18,16
aca_34,44,4,xyy,xyyxyyy,YYYYXYYXYYXYYXYYX,YYYXYYXYYYXYYXYYYXYYXYYYXyxyyxyyyxyyxyyyxyyxyyyxYXYYX,70,18,16
aca_34,45,4,YYYxYYx,Xyyy,YYYxYYxYYYxyXyyXyyyXyyXyx,YYYxYYYxYYYxYYYxYXyyyXyyyXyyyXyx,57,18,16
aca_34,46,4,YYxYYxYx,Xyy,YYxYYxYYxYYxYXyyXyyXyyXyx,YYxYYxYxYYxYYxyXyXyyXyyXyXyx,53,18,16
aca_34,47,4,Yxx,XXyXXyXy,YYxxYxxYxxYxx,YXyXyXXyXXyXyXXyXXyXyXXyXXyxYxYxxYxxYxYxxYxxYxYxxYxxYxYxxYxx,73,18,16
aca_34,48,4,Yxxx,XXXyXXy,YXyXYxxxYxxxYxxx,YXyXXyXXXyXXyXXXyXXyXXXyxYxxYxxxYxxYxxxYxxYxxxYxxYxxx,69,18,16
aca_34,49,4,xxxy,xxxyxxy,YXYXXXYXXXYXXXYXXX,YXyxxxyxxyxxxyxxyxxxyxxyxYXXXYXXYXXXYXXYXXXYXXYXXXYXX,71,18,16
aca_34,50,4,xxy,xxyxxyxy,YXYXYXXYXXYXXYXXYXX,YXYXyxxyxxyxyxxyxxyxyxxyxxyxyxYXXYXXYXYXXYXXYXYXXYXXYXYXXYXX,79,18,16
aca_36,0,0,x,y,YYXYYXXyX,YYXyxYXXX,18,18,16
aca_36,1,1,Yx,y,YYxYxyxyx,YXyXyXYXyx,19,18,16
aca_36,2,1,x,Xy,YXyxYXXYx,YYxYXXyXYx,19,18,16
aca_36,3,1,x,xy,YXYXyxYXXXX,YXYXXYXYXXyX,23,18,16
aca_36,4,1,xy,y,YYYXYYYXYXX,YYYXyxYXYXYX,23,18,16
aca_36,5,2,YYx,y,YYYxYYxxx,YYxYYxyXYxx,20,18,16
aca_36,6,2,x,XXy,YXYxxYXyx,YXXyXYxxYxYxx,22,18,16
aca_36,7,2,x,xxy,YXyxYXXXXXYXX,YXXYXXyXYXXYXXX,28,18,16
aca_36,8,2,xyy,y,YYYYXYYYYXYYXYX,YYYYXyxYXYYXYYX,30,18,16
aca_36,9,2,Yx,Xyy,YXyXYxYXyx,YYYxYXyXyyXYx,23,18,16
aca_36,10,2,Yxx,Xy,YYXyXXyXyX,YXyXXyXYXyx,21,18,16
aca_36,11,2,xxy,xy,YXYXYXyxYXXYXXYXX,YXYXYXXYXYXYXXYXXX,35,18,16
aca_36,12,2,xy,xyy,YYXYYXyxYXYXYXYX,YYXYYXYXYYXYYXYXX,33,18,16
aca_36,13,3,YYYx,y,YYYYxYYYxYxYx,YYYxYYYxyXYxYx,27,18,16
aca_36,14,3,x,XXXy,YYxxxYXyx,YXXyXYxxxYxxYxxx,25,18,16
aca_36,15,3,x,xxxy,YXyxYXXXXXXYXXX,YXXyXYXXXYXXXXYXXX,33,18,16
aca_36,16,3,xyyy,y,YYYYYXyxYXYYYXYYYX,YYYYYXYYYYYXYYYXYYX,37,18,16
aca_36,17,3,YYx,Xyyy,YYxyXYxyXyx,YYYYxYXyyXyyyXYx,27,18,16
aca_36,18,3,Yx,XyXyy,YXYxYxYXyx,YYxYYxYxYXyXyyXYxYx,29,18,16
aca_36,19,3,YxYxx,Xy,YxYxYxxYxYxxxx,YXyXyXXyXyXXXyx,29,18,16
aca_36,20,3,Yxxx,XXy,YXyXXXyXYXyx,YXyXXXyXXyXYx,25,18,16
aca_36,21,3,xxxy,xxy,YXyxYXXXYXXXYXXXYXXYXX,YXXYXXYXXXYXXYXXYXXXYXXXX,47,18,16
aca_36,22,3,xxyxy,xy,YXYXYXYXyxYXXYXYXXYXYXX,YXYXYXYXXYXYXYXYXXYXYXXYXX,49,18,16
aca_36,23,3,xy,xyxyy,YYXYXYYXyxYXYXYXYXYX,YYXYXYYXYXYXYYXYXYYXYXX,43,18,16
aca_36,24,3,xyy,xyyy,YYYXYYYXyxYXYYXYYXYYX,YYYXYYYXYYXYYYXYYYXYYXYX,45,18,16
aca_36,25,3,YYxYx,Xyy,YYxYYxYxYYxyx,YYxYxYYxyXYxx,26,18,16
aca_36,26,3,Yxx,XXyXy,YXyXYxxYXyx,YXyXXyXyXYxxYxYxYxx,30,18,16
aca_36,27,3,xxy,xxyxy,YXYXyxYXXYXXYXXYXXYXYXX,YXYXXYXYXXYXXYXYXXYXYXXYXXX,50,18,16
aca_36,28,3,xyxyy,xyy,YYXYYXYYXyxYXYXYYXYXYYXYX,YYXYYXYYXYXYYXYYXYYXYXYYXYXYX,54,18,16
aca_36,29,4,YYYYx,y,YYYYYxYYYYxYYxYYx,YYYYxYYYYxyXYxYYx,34,18,16
aca_36,30,4,x,XXXXy,YXyxYxYxxxx,YXXyXYxxxxYxxxYxxxx,30,18,16
aca_36,31,4,x,xxxxy,YXyxYXXXXXXXYXXXX,YXXyXYXXXXYXXXXXYXXXX,38,18,16
aca_36,32,4,xyyyy,y,YYYYYYXyxYXYYYYXYYYYX,YYYYYYXYYYYYYXYYYYXYYYX,44,18,16
aca_36,33,4,YYYx,Xyyyy,YYYxyXYxyXyx,YYYYYxYXyyyXyyyyXYx,31,18,16
aca_36,34,4,Yx,XyXyXyy,YYYxYxYxYXyx,YYxYxYYxYxYxYXyXyyXYxYxYx,37,18,16
aca_36,35,4,YxYxYxx,Xy,YXyXyXyXXyXyXyXXyXXyx,YxYxYxYxxYxYxYxxYxxYxx,43,18,16
aca_36,36,4,Yxxxx,XXXy,YXyXXXXyXYXyx,YXyXXXXyXXXyXYxx,29,18,16
aca_36,37,4,xxxxy,xxxy,YXyxYXXXXYXXXXYXXXXYXXXYXXX,YXXXYXXXYXXXXYXXXYXXXYXXXXYXXXXX,59,18,16
aca_36,38,4,xxyxyxy,xy,YXYXYXYXYXyxYXXYXYXYXXYXYXYXX,YXYXYXYXYXXYXYXYXYXYXXYXYXYXXYXYXX,63,18,16
aca_36,39,4,xy,xyxyxyy,YYXYXYXYYXyxYXYXYXYXYXYX,YYXYXYXYYXYXYXYXYYXYXYXYYXYXX,53,18,16
aca_36,40,4,xyyy,xyyyy,YYYYXYYYYXyxYXYYYXYYYXYYYX,YYYYXYYYYXYYYXYYYYXYYYYXYYYXYYX,57,18,16
aca_36,41,4,YYx,XyyXyyy,YYxYXyxYXYx,YYYxYYYxYYxYXyyXyyyXYxYYx,36,18,16
aca_36,42,4,YxxYxxx,XXy,YXyXXyXXXyXXyXXXXyx,YxxYxxYxxxYxxYxxxxx,38,18,16
aca_36,43,4,xxxyxxy,xxy,YXyxYXXXYXXYXXXYXXYXXXYXXYXXYXX,YXXYXXYXXYXXXYXXYXXYXXYXXXYXXYXXXYXXX,68,18,16
aca_36,44,4,xyy,xyyxyyy,YYYXYYXYYYXyxYXYYXYYXYYXYYX,YYYXYYXYYYXYYXYYXYYYXYYXYYYXYYXYX,60,18,16
aca_36,45,4,YYYxYYx,Xyyy,YYYxYYYxYYxYYYxx,YYYxYYxYYYxyXYxYx,33,18,16
aca_36,46,4,YYxYYxYx,Xyy,YYxYYxYxYYxYYxyXYxYxYx,YYxYYxYYxYxYYxYYxYxYxYx,45,18,16
aca_36,47,4,Yxx,XXyXXyXy,YYxxYxxYXyx,YXyXXyXyXYxxYxxYxYxxYxYxxYxx,39,18,16
aca_36,48,4,Yxxx,XXXyXXy,YXyXYxxxYXyx,YXyXXXyXXyXYxxxYxxYxxYxxx,37,18,16
aca_36,49,4,xxxy,xxxyxxy,YXyxYXXXYXXXYXXXYXXXYXXYXXXYXX,YXXYXXXYXXYXXXYXXXYXXYXXXYXXYXXXYXXXX,67,18,16
aca_36,50,4,xxy,xxyxxyxy,YXYXyxYXXYXXYXXYXXYXXYXYXXYXX,YXYXXYXXYXYXXYXXYXXYXYXXYXXYXYXXYXXX,65,18,16
aca_43,0,0,x,y,YXXYxYxxx,YYXyyXXyxx,19,19,18
aca_43,1,1,Yx,y,YYYxyyXyXYxYx,YYxYxYxYXyXYx,26,19,18
aca_43,2,1,x,Xy,YXYxxYxxxx,YXyXyXXXyxxYx,23,19,18
aca_43,3,1,x,xy,YYxxYXXX,YXYXyxyXyxx,19,19,18
aca_43,4,1,xy,y,YYXyXYXyxyx,YXYXYxxyxyx,22,19,18
aca_43,5,2,YYx,y,YYYYxyyXyyXYxYYx,YYYxYYxYYxYXyyXYx,33,19,18
aca_43,6,2,x,XXy,YYxxxYxxxxx,YXyXXyXXXXyxxYxx,27,19,18
aca_43,7,2,x,xxy,YXYxYXXXX,YYXXYxyxxyXX,21,19,18
aca_43,8,2,xyy,y,YYXYxyyxxyyX,YYXYYXYXyxyyxyX,27,19,18
aca_43,9,2,Yx,Xyy,YYxYxYxYxYXYxYx,YYxYYxyXyyXyXYxYxYx,34,19,18
aca_43,10,2,Yxx,Xy,YXyXYxxYxYxxYxxYxx,YXyXyXyXXyXXyxYxxYx,37,19,18
aca_43,11,2,xxy,xy,YXYXyXYXyxxyx,YXXYXXYxxyxxyx,27,19,18
aca_43,12,2,xy,xyy,YYxyxYXYXYX,YYXyxyXyxyxYX,24,19,18
aca_43,13,3,YYYx,y,YYYYYxyyXyyyXYxYYYx,YYYYxYYYxYYYxYXyyyXYx,40,19,18
aca_43,14,3,x,XXXy,YxYxxxxYxxxxxx,YXyXXXyXXXXXyxxYxxx,33,19,18
aca_43,15,3,x,xxxy,YYXXXXXYXX,YXYXXXYxyxxxyXX,25,19,18
aca_43,16,3,xyyy,y,YYYXYxyyyxyxyyX,YYYXYYYXYYXyxyyyxyX,34,19,18
aca_43,17,3,YYx,Xyyy,YYYxYYxYYxYYxYXYxYYx,YYYxYYYxyXyyyXyyXYxYYxYYx,45,19,18
aca_43,18,3,Yx,XyXyy,YYYxYxYxYYxYxYxYxYx,YYxYxYYxyXyXyyXyXYxYxYxYx,44,19,18
aca_43,19,3,YxYxx,Xy,YXyXyXyXyXXyXyXXyxYxYxxYx,YXyXyXYxxYxYxYxxYxYxxYxYxx,51,19,18
aca_43,20,3,Yxxx,XXy,YXyXYxxxYxxYxxxYxxxYxxx,YXyXXyXXyXXXyXXXyxYxxxYxx,48,19,18
aca_43,21,3,xxxy,xxy,YXyXYXyxxxyxYXX,YXXyxxxyxxxyXYXXX,32,19,18
aca_43,22,3,xxyxy,xy,YXYXyxxyxyxYXYXXX,YXYXXYXYXXYXyxxyxyxxyX,39,19,18
aca_43,23,3,xy,xyxyy,YYXYxYXYXYXYX,YYYXYXYxyyxyxyXYX,30,19,18
aca_43,24,3,xyy,xyyy,YYXYYXYYxyyxYX,YYYXyxyXyxyyxYX,29,19,18
aca_43,25,3,YYxYx,Xyy,YYxYYxYxYYxYxYYxYxYXyyXYxYx,YYxYYxYYxyXyyXyXyyXYxYxYYxYx,55,19,18
aca_43,26,3,Yxx,XXyXy,YYxxYxxYxYxxYxxYxxYxx,YXyXyXXyXyXXyXXyXXyxYxxYxYxx,49,19,18
aca_43,27,3,xxy,xxyxy,YXYxyxYXXYXXYXX,YYXXYxyxyxxyXYXX,31,19,18
aca_43,28,3,xyxyy,xyy,YYXYXYxyyxxyyxyX,YYXYXYYXYXyxyxyyxyxyX,37,19,18
aca_43,29,4,YYYYx,y,YYYYYYxyyXyyyyXYxYYYYx,YYYYYxYYYYxYYYYxYXyyyyXYx,47,19,18
aca_43,30,4,x,XXXXy,YxxYxxxxxYxxxxxxx,YXyXXXXyXXXXXXyxxYxxxx,39,19,18
aca_43,31,4,x,xxxxy,YXYXXXXXXYXXX,YXyxxxxyxxyxxYXXXX,31,19,18
aca_43,32,4,xyyyy,y,YYYYXYxyyyyxyyxyyX,YYYYXYYYYXYYYXyxyyyyxyX,41,19,18
aca_43,33,4,YYYx,Xyyyy,YYYYxYYYxYYYxYYYxYXYxYYYx,YYYYxYYYYxyXyyyyXyyyXYxYYYxYYYx,56,19,18
aca_43,34,4,Yx,XyXyXyy,YYxYYxYxYxYxYYxYxYxYxYxYx,YYxYxYxYYxyXyXyXyyXyXYxYxYxYxYx,56,19,18
aca_43,35,4,YxYxYxx,Xy,YXyXyXyXyXyXXyXyXyXXyxYxYxYxxYx,YXyXyXyXYxxYxYxYxYxxYxYxYxxYxYxYxx,65,19,18
aca_43,36,4,Yxxxx,XXXy,YXyXYxxxxYxxxYxxxxYxxxxYxxxx,YXyXXXyXXXyXXXXyXXXXyxYxxxxYxxx,59,19,18
aca_43,37,4,xxxxy,xxxy,YXyXYXyxxxxyxYXXX,YXXyxxxxyxxxxyXYXXXX,37,19,18
aca_43,38,4,xxyxyxy,xy,YXYXYXyxxyxyxyxYXYXXYXX,YXYXYXXYXYXYXXYXYXyxxyxyxyxxyX,53,19,18
aca_43,39,4,xy,xyxyxyy,YYYXYXYXYXYXYYXYX,YYXYYXYXYXYxyyxyxyxyXYX,40,19,18
aca_43,40,4,xyyy,xyyyy,YYYYXyxyXyxyyyxYX,YYYXYYYXYYxyyyxYX,34,19,18
aca_43,41,4,YYx,XyyXyyy,YYYYxYYxYYxYYYxYYxYYxYYxYYx,YYYxYYxYYYxyXyyXyyyXyyXYxYYxYYxYYx,61,19,18
aca_43,42,4,YxxYxxx,XXy,YXyXXyXXyXXyXXXyXXyXXXyxYxxYxxxYxx,YXyXXyXYxxxYxxYxxYxxxYxxYxxxYxxYxxx,69,19,18
aca_43,43,4,xxxyxxy,xxy,YXyxxxyxxyxYXXYXXXXYXX,YXyxxxyxxyxxxyXYXXYXXXYXXYXXX,51,19,18
aca_43,44,4,xyy,xyyxyyy,YYYXYxYXYYXYYXYYX,YYYYXYYXYxyyyxyyxyXYYX,39,19,18
aca_43,45,4,YYYxYYx,Xyyy,YYYxYYYxYYxYYYxYYxYYYxYYxYXyyyXYxYYx,YYYxYYYxYYYxyXyyyXyyXyyyXYxYYxYYYxYYx,73,19,18
aca_43,46,4,YYxYYxYx,Xyy,YYxYYxYYxYYxyXyyXyXyyXyyXYxYxYYxYYxYx,YYxYYxYYxYxYYxYYxYxYYxYYxYxYXyyXyyXYxYx,76,19,18
aca_43,47,4,Yxx,XXyXXyXy,YxYxYxxYxxYxxYxYxxYxxYxxYxxYxx,YXyXyXXyXXyXyXXyXXyXXyXXyxYxxYxYxxYxx,67,19,18
aca_43,48,4,Yxxx,XXXyXXy,YxYxxxYxxxYxxYxxxYxxxYxxxYxxx,YXyXXyXXXyXXyXXXyXXXyXXXyxYxxxYxxYxxx,66,19,18
aca_43,49,4,xxxy,xxxyxxy,YXyxxyxxxyxxxyxxxyX,YXYXXXYxyxxyxxxyXYXXX,40,19,18
aca_43,50,4,xxy,xxyxxyxy,YYXXYXXYXXYXXYXYXX,YXYXYXXYXXYxyxyxxyxxyXYXX,43,19,18
aca_44,0,0,x,y,YYXXXyxx,YYYYYXXyXyx,19,19,18
aca_44,1,1,Yx,y,YYXyXyXyxYx,YYYYYXyXyyXyx,24,19,18
aca_44,2,1,x,Xy,YXXXyxxYx,YXXyXXyxYxYxYxYx,25,19,18
aca_44,3,1,x,xy,YXYXXXyxx,YYxxyxyxyxyxyX,23,19,18
aca_44,4,1,xy,y,YYYYYXYXXyx,YYXYXYXyxyx,22,19,18
aca_44,5,2,YYx,y,YYXyyXyyXyxYYx,YYYYYXyyXyyyXyx,29,19,18
aca_44,6,2,x,XXy,YXXXyxxYxx,YXXyXXXyxYxxYxxYxxYxx,31,19,18
aca_44,7,2,x,xxy,YXXYXXXyxx,YXYxxyxxyxxyxxyxxyX,29,19,18
aca_44,8,2,xyy,y,YYYYYXYYXYXyx,YYXYYXYYXyxyyx,27,19,18
aca_44,9,2,Yx,Xyy,YYxYXyXyXyxYx,YYxYYxYYxYYxYXyXyyXyXyx,36,19,18
aca_44,10,2,Yxx,Xy,YXyXXyXXyxYxxYx,YXyXXyXyXXyxYxYxYxYx,35,19,18
aca_44,11,2,xxy,xy,YXYXXYXXYXyxxyx,YXYXYXYXYXXYXXyx,31,19,18
aca_44,12,2,xy,xyy,YYXYXYXyxyxYX,YYXYYXYYXYYXYXyyxYX,32,19,18
aca_44,13,3,YYYx,y,YYYYYXyyyXyyyyXyx,YYYxYYYxyyXyyyXYx,34,19,18
aca_44,14,3,x,XXXy,YXXXyxxYxxx,YXXyXXXXyxYxxxYxxxYxxxYxxx,37,19,18
aca_44,15,3,x,xxxy,YXXXYXXXyxx,YXXYxxyxxxyxxxyxxxyxxxyX,35,19,18
aca_44,16,3,xyyy,y,YYYYYXYYYXYYXyx,YYYXYYYXyxyyyxYYX,32,19,18
aca_44,17,3,YYx,Xyyy,YYYxYXyyXyyXyxYYx,YYYxYYYxYYYxYYYxYXyyXyyyXyyXyx,47,19,18
aca_44,18,3,Yx,XyXyy,YYxYxYXyXyXyxYx,YYxYxYYxYxYYxYxYYxYxYXyXyyXyXyXyx,48,19,18
aca_44,19,3,YxYxx,Xy,YXyXyXXyXyXXyxYxYxxYx,YXyXyXXyXyXyXXyxYxYxYxYx,45,19,18
aca_44,20,3,Yxxx,XXy,YXyXXXyXXXyxYxxxYxx,YXyXXXyXXyXXXyxYxxYxxYxxYxx,46,19,18
aca_44,21,3,xxxy,xxy,YXyxxxyxYXXYXXXYXXX,YXXYXXYXXYXXYXXXYXXyx,40,19,18
aca_44,22,3,xxyxy,xy,YXYXYXYXYXXYXYXXYXyx,YXYXyxxyxyxYXYXXYXYXX,41,19,18
aca_44,23,3,xy,xyxyy,YYXYXYXyxyxYXYX,YYXYXYYXYXYYXYXYYXYXyxyyxYXYX,44,19,18
aca_44,24,3,xyy,xyyy,YYYXYYXYYXyxyyxYX,YYYXYYYXYYYXYYYXYYXyyxYX,41,19,18
aca_44,25,3,YYxYx,Xyy,YYxYXyyXyXyyXyXyxYYxYx,YYxYYxYYxYYxYXyyXyXyyXyyXyXyx,51,19,18
aca_44,26,3,Yxx,XXyXy,YXyXXyXXyxYxxYxYxx,YXyXXyXyXXyXXyxYxYxxYxYxxYxYxxYxYxx,53,19,18
aca_44,27,3,xxy,xxyxy,YXYXXYXXYXyxxyxYXX,YXYXXYXYXXYXYXXYXYXXYXyxyxYXX,47,19,18
aca_44,28,3,xyxyy,xyy,YYXYXYYXYXYYXyxyxyyxYX,YYXYYXYYXYYXYXYYXYXyxYX,45,19,18
aca_44,29,4,YYYYx,y,YYYYYXyyyyXyyyyyXyx,YYYYxYYYYxyyXyyyyXYx,39,19,18
aca_44,30,4,x,XXXXy,YXXXyxxYxxxx,YXXyXXXXXyxYxxxxYxxxxYxxxxYxxxx,43,19,18
aca_44,31,4,x,xxxxy,YXXXyxxYXXXX,YXXyxxxyxYXXXXYXXXXYXXXXYXXXX,41,19,18
aca_44,32,4,xyyyy,y,YYYYYXYYYYXYYYXyx,YYYYXYYYYXyxyyyyxYYX,37,19,18
aca_44,33,4,YYYx,Xyyyy,YYYYxYXyyyXyyyXyxYYYx,YYYYxYYYYxYYYYxYYYYxYXyyyXyyyyXyyyXyx,58,19,18
aca_44,34,4,Yx,XyXyXyy,YYxYxYxYXyXyXyxYx,YYxYxYxYYxYxYxYYxYxYxYYxYxYxYXyXyyXyXyXyXyx,60,19,18
aca_44,35,4,YxYxYxx,Xy,YXyXyXyXXyXyXyXXyxYxYxYxxYx,YXyXyXyXXyXyXyXyXXyxYxYxYxYx,55,19,18
aca_44,36,4,Yxxxx,XXXy,YXyXXXXyXXXXyxYxxxxYxxx,YXyXXXXyXXXyXXXXyxYxxxYxxxYxxxYxxx,57,19,18
aca_44,37,4,xxxxy,xxxy,YXyxxxxyxYXXXYXXXXYXXXX,YXXyxYXXXYXXXYXXXYXXXYXXXX,49,19,18
aca_44,38,4,xxyxyxy,xy,YXYXYXYXYXXYXYXYXXYXYXyx,YXYXYXyxxyxyxyxYXYXXYXYXYXX,51,19,18
aca_44,39,4,xy,xyxyxyy,YYXYXYXyxyxYXYXYX,YYXYXYXYYXYXYXYYXYXYXYYXYXyxyxyyxYXYXYX,56,19,18
aca_44,40,4,xyyy,xyyyy,YYYYXYYYXYYYXyxyyyxYX,YYYYXYYYYXYYYYXYYYYXYYYXyyxYX,50,19,18
aca_44,41,4,YYx,XyyXyyy,YYYxYYxYXyyXyyXyxYYx,YYYxYYxYYYxYYxYYYxYYxYYYxYYxYXyyXyyyXyyXyyXyx,65,19,18
aca_44,42,4,YxxYxxx,XXy,YXyXXyXXXyXXyXXXyxYxxYxxxYxx,YXyXXyXXXyXXyXXyXXXyxYxxYxxYxxYxx,61,19,18
aca_44,43,4,xxxyxxy,xxy,YXyxYXXYXXYXXYXXYXXXYXXYXXX,YXyxxxyxxyxYXXYXXXYXXYXXXYXX,55,19,18
aca_44,44,4,xyy,xyyxyyy,YYYXYYXYYXyxyyxYXYYX,YYYXYYXYYYXYYXYYYXYYXYYYXYYXyxyyyxYXYYX,59,19,18
aca_44,45,4,YYYxYYx,Xyyy,YYYxYYxYYYxYXyyyXyyXyyyXyyXyx,YYYxYYYxYYYxYYYxYXyyyXyyXyyyXyyyXyyXyx,67,19,18
aca_44,46,4,YYxYYxYx,Xyy,YYxYYxYxYYxYYxyXyyXyXyyXyyXYxYx,YYxYYxYYxYYxYXyyXyyXyXyyXyyXyyXyXyx,66,19,18
aca_44,47,4,Yxx,XXyXXyXy,YXyXXyXXyxYxxYxYxxYxx,YXyXXyXyXXyXXyXXyxYxYxxYxxYxYxxYxxYxYxxYxxYxYxxYxx,71,19,18
aca_44,48,4,Yxxx,XXXyXXy,YXyXXXyXXXyxYxxxYxxYxxx,YXyXXXyXXyXXXyXXXyxYxxYxxxYxxYxxxYxxYxxxYxxYxxx,70,19,18
aca_44,49,4,xxxy,xxxyxxy,YXyxxxyxYXXXYXXYXXXYXXX,YXyxxyxYXXXYXXYXXXYXXYXXXYXXYXXXYXXYXXX,62,19,18
aca_44,50,4,xxy,xxyxxyxy,YXYXXYXXYXyxxyxYXXYXX,YXYXXYXyxxyxyxYXXYXXYXYXXYXXYXYXXYXXYXYXXYXX,65,19,18
aca_55,0,0,x,y,YXXXyXYx,YYxyxYXXyyX,19,19,18
aca_55,1,1,Yx,y,YYxYxYxyXyx,YYYxYxyXXyyx,23,19,18
aca_55,2,1,x,Xy,YXXXyXYxx,YXyXyxYxYxxyX,22,19,18
aca_55,3,1,x,xy,YYXXXyX,YXYxyxYXXyxyX,20,19,18
aca_55,4,1,xy,y,YXYXYXXYx,YYXyyxYxyxyX,21,19,18
aca_55,5,2,YYx,y,YYYxYYxYYxyXyx,YYYYxYYxyXyXyyx,29,19,18
aca_55,6,2,x,XXy,YXXXyXYxxx,YXyXXyxYxxYxxyX,25,19,18
aca_55,7,2,x,xxy,YXYXXXyX,YXyxxyxYXXYxxyX,23,19,18
aca_55,8,2,xyy,y,YYXYYXYXYxYX,YYYXyyxxyyxyX,25,19,18
aca_55,9,2,Yx,Xyy,YYxYxYxyXyXyx,YYxYYxYxyXXyyXyx,29,19,18
aca_55,10,2,Yxx,Xy,YXyXXyXXyXyXYxx,YXyXXyXyXyXYxYxxx,32,19,18
aca_55,11,2,xxy,xy,YYXXYXXYXXX,YXYXyxyxYxyxxyX,26,19,18
aca_55,12,2,xy,xyy,YYYXYXYXX,YYXYxyyxYXYXyxyX,25,19,18
aca_55,13,3,YYYx,y,YYYYxYYYxYYYxyXyx,YYYYYxYYYxyXyyXyyx,35,19,18
aca_55,14,3,x,XXXy,YXXXyXYxxxx,YXyXXXyxYxxxYxxyX,28,19,18
aca_55,15,3,x,xxxy,YXXYXXXyX,YXyxxxyxYXXXYxxyX,26,19,18
aca_55,16,3,xyyy,y,YYYXYYYXYYXYxYX,YYYYXyyxyxyyyxyX,31,19,18
aca_55,17,3,YYx,Xyyy,YYYxYYxYYxyXyyXyx,YYYxYYYxYYxyXyXyyyXyx,38,19,18
aca_55,18,3,Yx,XyXyy,YYxYxYxyXyXyXyx,YYxYxYYxYxyXXyyXyXyx,35,19,18
aca_55,19,3,YxYxx,Xy,YXyXyXXyXyXXyXyXyXYxx,YXyXyXXyXyXyXyXYxYxxYxx,44,19,18
aca_55,20,3,Yxxx,XXy,YXyXXXyXXXyXXyXYxxx,YXyXXXyXXyXXyXYxxYxxxx,41,19,18
aca_55,21,3,xxxy,xxy,YXYXXXYXXXYXXXX,YXyXYXXYxyxxyxYXXX,33,19,18
aca_55,22,3,xxyxy,xy,YYXXYXYXXYXYXXYXX,YXYXYXyxyxxxyxyxxyX,36,19,18
aca_55,23,3,xy,xyxyy,YYXYYXYXYXX,YYXYXYxyyxYXYXyxyxyX,31,19,18
aca_55,24,3,xyy,xyyy,YYYYXYYXYYXYX,YYYXYxyyyxYXYYXyxyX,32,19,18
aca_55,25,3,YYxYx,Xyy,YYxYYxYxYYxYxYYxyXyXyx,YYxYYxYYxYxYYxyXyXyXyyXyx,47,19,18
aca_55,26,3,Yxx,XXyXy,YXyXXyXXyXyXYxxYxx,YXyXXyXyXXyXyXYxxYxYxxx,41,19,18
aca_55,27,3,xxy,xxyxy,YXYXYXXYXXYXXX,YXYXyxxyxyxYXXYxyxxyX,35,19,18
aca_55,28,3,xyxyy,xyy,YYYXYXYYXYXYYXYXYX,YYXYYXyxyyxxyyxyxyX,37,19,18
aca_55,29,4,YYYYx,y,YYYYYxYYYYxYYYYxyXyx,YYYYYYxYYYYxyXyyyXyyx,41,19,18
aca_55,30,4,x,XXXXy,YXXXyXYxxxxx,YXyXXXXyxYxxxxYxxyX,31,19,18
aca_55,31,4,x,xxxxy,YXXXYXXXyX,YXyxxxxyxYXXXXYxxyX,29,19,18
aca_55,32,4,xyyyy,y,YYYYXYYYYXYYYXYxYX,YYYYYXyyxyyxyyyyxyX,37,19,18
aca_55,33,4,YYYx,Xyyyy,YYYYxYYYxYYYxyXyyyXyx,YYYYxYYYYxYYYxyXyyXyyyyXyx,47,19,18
aca_55,34,4,Yx,XyXyXyy,YYxYxYxyXyXyXyXyx,YYxYxYxYYxYxyXXyyXyXyXyx,41,19,18
aca_55,35,4,YxYxYxx,Xy,YXyXyXyXXyXyXyXXyXyXyXyXYxx,YXyXyXyXXyXyXyXyXyXYxYxxYxYxx,56,19,18
aca_55,36,4,Yxxxx,XXXy,YXyXXXXyXXXXyXXXyXYxxxx,YXyXXXXyXXXyXXXyXYxxxYxxxxx,50,19,18
aca_55,37,4,xxxxy,xxxy,YXXYXXXXYXXXXYXXXXX,YXyXYXXXYxyxxxyxYXXXX,40,19,18
aca_55,38,4,xxyxyxy,xy,YYXXYXYXYXXYXYXYXXYXYXX,YXYXYXYXyxyxxyxxyxyxyxxyX,48,19,18
aca_55,39,4,xy,xyxyxyy,YYXYXYYXYXYXX,YYXYXYXYxyyxYXYXyxyxyxyX,37,19,18
aca_55,40,4,xyyy,xyyyy,YYYYYXYYYXYYYXYYX,YYYYXYxyyyyxYXYYYXyxyX,39,19,18
aca_55,41,4,YYx,XyyXyyy,YYYxYYxYYxyXyyXyyXyx,YYYxYYxYYYxYYxyXyXyyyXyyXyx,47,19,18
aca_55,42,4,YxxYxxx,XXy,YXyXXyXXXyXXyXXXyXXyXXyXYxxx,YXyXXyXXXyXXyXXyXXyXYxxYxxxYxxx,59,19,18
aca_55,43,4,xxxyxxy,xxy,YXYXXXYXXYXXXYXXYXXXYXXX,YXyxxyxxxxyxxyxxxyXYXXYXX,49,19,18
aca_55,44,4,xyy,xyyxyyy,YYYXYYYXYYXYYXYX,YYYXYYXYxyyyxYXYYXyxyyxyX,41,19,18
aca_55,45,4,YYYxYYx,Xyyy,YYYxYYYxYYxYYYxYYxYYYxyXyyXyx,YYYxYYYxYYYxYYxYYYxyXyyXyyXyyyXyx,62,19,18
aca_55,46,4,YYxYYxYx,Xyy,YYxYYxYYxYxYYxYYxYxYYxYYxyXyXyx,YYxYYxYYxYYxYxYYxYYxyXyXyyXyXyyXyx,65,19,18
aca_55,47,4,Yxx,XXyXXyXy,YXyXXyXXyXyXYxxYxxYxx,YXyXXyXyXXyXXyXyXYxxYxxYxYxxx,50,19,18
aca_55,48,4,Yxxx,XXXyXXy,YXyXXXyXXXyXXyXYxxxYxxx,YXyXXXyXXyXXXyXXyXYxxxYxxYxxxx,53,19,18
aca_55,49,4,xxxy,xxxyxxy,YXXYXXYXXXYXXXYXXXX,YXyxxxyXYXXYXXXYxyxxyxYXXX,45,19,18
aca_55,50,4,xxy,xxyxxyxy,YXYXXYXYXXYXXYXXX,YXYXyxxyxxyxyxYXXYXXYxyxxyX,44,19,18
aca_58,0,0,x,y,YXXXYxx,YYYYYYXyyyyyx,20,20,17
aca_58,1,1,Yx,y,YXyXyXYxYx,YYYYYYXyyyyyx,23,20,17
aca_58,2,1,x,Xy,YXXYxxx,YXyXyXyXyXyxYxYxYxYxYx,29,20,17
aca_58,3,1,x,xy,YXXXXYx,YXYXYXYXYXYXyxyxyxyxyx,29,20,17
aca_58,4,1,xy,y,YXYXYXYxyx,YYYYYYXyyyyyx,23,20,17
aca_58,5,2,YYx,y,YYYYYYXyyyyyx,YYxYYxyXyyXyx,26,20,17
aca_58,6,2,x,XXy,YXYxxxx,YXyXXyXXyXXyXXyxYxxYxxYxxYxxYxx,38,20,17
aca_58,7,2,x,xxy,YYXXXXX,YXyxxyxxyxxyxxyxYXXYXXYXXYXXYXX,38,20,17
aca_58,8,2,xyy,y,YYYYYYXyyyyyx,YYXYYXYxyyxYX,26,20,17
aca_58,9,2,Yx,Xyy,YXyXYxYxYx,YYxYYxYYxYYxYYxYXyyXyyXyyXyyXyx,41,20,17
aca_58,10,2,Yxx,Xy,YXyXXyXYxxYxx,YXyXyXyXyXyxYxYxYxYxYx,35,20,17
aca_58,11,2,xxy,xy,YXyxxyxxyxxyX,YXYXYXYXYXYXyxyxyxyxyx,35,20,17
aca_58,12,2,xy,xyy,YXYXYXYXYx,YYXYYXYYXYYXYYXyxyyxyyxyyxyyxYX,41,20,17
aca_58,13,3,YYYx,y,YYYYYYXyyyyyx,YYYxYYYxyXyyyXyx,29,20,17
aca_58,14,3,x,XXXy,YYxxxxx,YXyXXXyXXXyXXXyXXXyxYxxxYxxxYxxxYxxxYxxx,47,20,17
aca_58,15,3,x,xxxy,YXYXXXXXX,YXyxxxyxxxyxxxyxxxyxYXXXYXXXYXXXYXXXYXXX,49,20,17
aca_58,16,3,xyyy,y,YYYYYYXyyyyyx,YYYXYYYXYxyyyxYX,29,20,17
aca_58,17,3,YYx,Xyyy,YYxYYxYXyyXYx,YYYxYYYxYYYxYYYxYYYxYXyyyXyyyXyyyXyyyXyx,53,20,17
aca_58,18,3,Yx,XyXyy,YXYxYxYxYx,YYxYxYYxYxYYxYxYYxYxYYxYxYXyyXyXyyXyXyyXyXyyXyXyx,59,20,17
aca_58,19,3,YxYxx,Xy,YXyXyXXyXyXYxxYxYxx,YXyXyXyXyXyxYxYxYxYxYx,41,20,17
aca_58,20,3,Yxxx,XXy,YXyXXXyXYxxxYxxx,YXyXXyXXyXXyXXyxYxxYxxYxxYxxYxx,47,20,17
aca_58,21,3,xxxy,xxy,YXyxxxyxxxyxxxyX,YXyxxyxxyxxyxxyxYXXYXXYXXYXXYXX,47,20,17
aca_58,22,3,xxyxy,xy,YXYXyxxyxyxxyxyxxyX,YXYXYXYXYXYXyxyxyxyxyx,41,20,17
aca_58,23,3,xy,xyxyy,YYYXYXYXYXYX,YYXYXYYXYXYYXYXYYXYXYYXyxyxyyxyxyyxyxyyxyxyyxYXYX,61,20,17
aca_58,24,3,xyy,xyyy,YYXYYXYYXYxYX,YYYXYYYXYYYXYYYXYYYXyxyyyxyyyxyyyxyyyxYX,53,20,17
aca_58,25,3,YYxYx,Xyy,YYxYxYYxyXyXyyXyXyx,YYxYYxYYxYYxYYxYXyyXyyXyyXyyXyx,50,20,17
aca_58,26,3,Yxx,XXyXy,YXyXYxxYxxYxx,YXyXyXXyXyXXyXyXXyXyXXyxYxYxxYxYxxYxYxxYxYxxYxYxx,62,20,17
aca_58,27,3,xxy,xxyxy,YYXXYXXYXXYXX,YXYXyxxyxyxxyxyxxyxyxxyxyxYXXYXYXXYXYXXYXYXXYXYXX,62,20,17
aca_58,28,3,xyxyy,xyy,YYXYXYYXYXYxyyxYXYX,YYXYYXYYXYYXYYXyxyyxyyxyyxyyxYX,50,20,17
aca_58,29,4,YYYYx,y,YYYYYYXyyyyyx,YYYYxYYYYxyXyyyyXyx,32,20,17
aca_58,30,4,x,XXXXy,YxYxxxxxx,YXyXXXXyXXXXyXXXXyXXXXyxYxxxxYxxxxYxxxxYxxxxYxxxx,58,20,17
aca_58,31,4,x,xxxxy,YXXYXXXXXXX,YXyxxxxyxxxxyxxxxyxxxxyxYXXXXYXXXXYXXXXYXXXXYXXXX,60,20,17
aca_58,32,4,xyyyy,y,YYYYYYXyyyyyx,YYYYXYYYYXYxyyyyxYX,32,20,17
aca_58,33,4,YYYx,Xyyyy,YYYxYYYxYXyyyXYx,YYYYxYYYYxYYYYxYYYYxYYYYxYXyyyyXyyyyXyyyyXyyyyXyx,65,20,17
aca_58,34,4,Yx,XyXyXyy,YYYxYxYxYxYx,YYxYxYxYYxYxYxYYxYxYxYYxYxYxYYxYxYxYXyyXyXyXyyXyXyXyyXyXyXyyXyXyXyx,79,20,17
aca_58,35,4,YxYxYxx,Xy,YXyXyXyXyXyxYxYxYxYxYx,YXyXyXyXXyXyXyXYxxYxYxYxx,47,20,17
aca_58,36,4,Yxxxx,XXXy,YXyXXXXyXYxxxxYxxxx,YXyXXXyXXXyXXXyXXXyxYxxxYxxxYxxxYxxxYxxx,59,20,17
aca_58,37,4,xxxxy,xxxy,YXyxxxxyxxxxyxxxxyX,YXyxxxyxxxyxxxyxxxyxYXXXYXXXYXXXYXXXYXXX,59,20,17
aca_58,38,4,xxyxyxy,xy,YXYXYXYXYXYXyxyxyxyxyx,YXYXYXyxxyxyxyxxyxyxyxxyX,47,20,17
aca_58,39,4,xy,xyxyxyy,YYXYYXYXYXYXYXYX,YYXYXYXYYXYXYXYYXYXYXYYXYXYXYYXyxyxyxyyxyxyxyyxyxyxyyxyxyxyyxYXYXYX,83,20,17
aca_58,40,4,xyyy,xyyyy,YYYXYYYXYYYXYxYX,YYYYXYYYYXYYYYXYYYYXYYYYXyxyyyyxyyyyxyyyyxyyyyxYX,65,20,17
aca_58,41,4,YYx,XyyXyyy,YYxYYxYYxYXYx,YYYxYYxYYYxYYxYYYxYYxYYYxYYxYYYxYYxYXyyyXyyXyyyXyyXyyyXyyXyyyXyyXyx,80,20,17
aca_58,42,4,YxxYxxx,XXy,YXyXXyXXXyXXyXYxxxYxxYxxx,YXyXXyXXyXXyXXyxYxxYxxYxxYxxYxx,56,20,17
aca_58,43,4,xxxyxxy,xxy,YXyxxxyxxyxxxyxxyxxxyXYXX,YXyxxyxxyxxyxxyxYXXYXXYXXYXXYXX,56,20,17
aca_58,44,4,xyy,xyyxyyy,YYYYXYYXYYXYYXYYX,YYYXYYXYYYXYYXYYYXYYXYYYXYYXYYYXyxyyxyyyxyyxyyyxyyxyyyxyyxyyyxYXYYX,84,20,17
aca_58,45,4,YYYxYYx,Xyyy,YYYxYYxYYYxyXyyXyyyXyyXyx,YYYxYYYxYYYxYYYxYYYxYXyyyXyyyXyyyXyyyXyx,65,20,17
aca_58,46,4,YYxYYxYx,Xyy,YYxYYxYxYYxYYxyXyXyyXyyXyXyx,YYxYYxYYxYYxYYxYXyyXyyXyyXyyXyx,59,20,17
aca_58,47,4,Yxx,XXyXXyXy,YYxxYxxYxxYxx,YXyXyXXyXXyXyXXyXXyXyXXyXXyXyXXyXXyxYxYxxYxxYxYxxYxxYxYxxYxxYxYxxYxxYxYxxYxx,89,20,17
aca_58,48,4,Yxxx,XXXyXXy,YXyXYxxxYxxxYxxx,YXyXXyXXXyXXyXXXyXXyXXXyXXyXXXyxYxxYxxxYxxYxxxYxxYxxxYxxYxxxYxxYxxx,83,20,17
aca_58,49,4,xxxy,xxxyxxy,YXYXXXYXXXYXXXYXXX,YXyxxxyxxyxxxyxxyxxxyxxyxxxyxxyxYXXXYXXYXXXYXXYXXXYXXYXXXYXXYXXXYXX,85,20,17
aca_58,50,4,xxy,xxyxxyxy,YXYXYXXYXXYXXYXXYXX,YXYXyxxyxxyxyxxyxxyxyxxyxxyxyxxyxxyxyxYXXYXXYXYXXYXXYXYXXYXXYXYXXYXXYXYXXYXX,95,20,17
aca_66,0,0,x,y,YYXXXYxx,YYYYYYxyyyyyX,21,21,20
aca_66,1,1,Yx,y,YYXyXyXYxYx,YYYYYYxyyyyyX,24,21,20
aca_66,2,1,x,Xy,YXXYxxxYx,YXyXyXyXyXyXyxYxYxYxYx,31,21,20
aca_66,3,1,x,xy,YXYXXXXYx,YXYXYXYXYXYxyxyxyxyxyX,31,21,20
aca_66,4,1,xy,y,YYXYXYXYxyx,YYYYYYxyyyyyX,24,21,20
aca_66,5,2,YYx,y,YYYYYYxyyyyyX,YYXyyXyyXYxYYx,27,21,20
aca_66,6,2,x,XXy,YXYxxxxYxx,YXyXXyXXyXXyXXyXXyxYxxYxxYxxYxx,41,21,20
aca_66,7,2,x,xxy,YYXXYXXXXX,YXyxxyxxyxxyxxyxxyxYXXYXXYXXYXX,41,21,20
aca_66,8,2,xyy,y,YYYYYYxyyyyyX,YYXYYXYYXYxyyx,27,21,20
aca_66,9,2,Yx,Xyy,YYxYXyXYxYxYx,YYxYYxYYxYYxYYxyXyyXyyXyyXyyXYx,44,21,20
aca_66,10,2,Yxx,Xy,YXyXXyXYxxYxxYx,YXyXyXyXyXyXyxYxYxYxYx,37,21,20
aca_66,11,2,xxy,xy,YXYXXYXXYXXYxyx,YXYXYXYXYXYxyxyxyxyxyX,37,21,20
aca_66,12,2,xy,xyy,YYXYXYXYXYxYX,YYXYYXYYXYYXYYXYxyyxyyxyyxyyxyX,44,21,20
aca_66,13,3,YYYx,y,YYYYYYxyyyyyX,YYYxYYYxyyXyyyXyx,30,21,20
aca_66,14,3,x,XXXy,YYxxxxxYxxx,YXyXXXyXXXyXXXyXXXyXXXyxYxxxYxxxYxxxYxxx,51,21,20
aca_66,15,3,x,xxxy,YXYXXXYXXXXXX,YXyxxxyxxxyxxxyxxxyxxxyxYXXXYXXXYXXXYXXX,53,21,20
aca_66,16,3,xyyy,y,YYYYYYxyyyyyX,YYYXYYYXYxyyyxYYX,30,21,20
aca_66,17,3,YYx,Xyyy,YYYxYXyyXYxYYxYYx,YYYxYYYxYYYxYYYxYYYxyXyyyXyyyXyyyXyyyXYx,57,21,20
aca_66,18,3,Yx,XyXyy,YYxYxYXYxYxYxYx,YYxYxYYxYxYYxYxYYxYxYYxyXyXyyXyXyyXyXyyXyXyyXYxYx,64,21,20
aca_66,19,3,YxYxx,Xy,YXyXyXXyXyXYxxYxYxxYx,YXyXyXyXyXyXyxYxYxYxYx,43,21,20
aca_66,20,3,Yxxx,XXy,YXyXXXyXYxxxYxxxYxx,YXyXXyXXyXXyXXyXXyxYxxYxxYxxYxx,50,21,20
aca_66,21,3,xxxy,xxy,YXyxxxyxxxyxxxyxxyX,YXyxxyxxyxxyxxyxxyxYXXYXXYXXYXX,50,21,20
aca_66,22,3,xxyxy,xy,YXYXyxxyxyxxyxyxxyxyX,YXYXYXYXYXYxyxyxyxyxyX,43,21,20
aca_66,23,3,xy,xyxyy,YYYXYXYYXYXYXYXYX,YYXYXYYXYXYYXYXYYXYXYYXYXYxyyxyxyyxyxyyxyxyyxyxyX,66,21,20
aca_66,24,3,xyy,xyyy,YYYXYYXYYXYYXYxYX,YYYXYYYXYYYXYYYXYYYXYxyyyxyyyxyyyxyyyxyX,57,21,20
aca_66,25,3,YYxYx,Xyy,YYxYXyyXyXyyXYxYxYYxYx,YYxYYxYYxYYxYYxyXyyXyyXyyXyyXYx,53,21,20
aca_66,26,3,Yxx,XXyXy,YXyXYxxYxxYxxYxYxx,YXyXyXXyXyXXyXyXXyXyXXyXyXXyxYxYxxYxYxxYxYxxYxYxx,67,21,20
aca_66,27,3,xxy,xxyxy,YYXXYXYXXYXXYXXYXX,YXYXyxxyxyxxyxyxxyxyxxyxyxxyxyxYXXYXYXXYXYXXYXYXX,67,21,20
aca_66,28,3,xyxyy,xyy,YYXYXYYXYXYYXYXYxyyxYX,YYXYYXYYXYYXYYXYxyyxyyxyyxyyxyX,53,21,20
aca_66,29,4,YYYYx,y,YYYYYYxyyyyyX,YYYYxYYYYxyyXyyyyXyx,33,21,20
aca_66,30,4,x,XXXXy,YxYxxxxxxYxxxx,YXyXXXXyXXXXyXXXXyXXXXyXXXXyxYxxxxYxxxxYxxxxYxxxx,63,21,20
aca_66,31,4,x,xxxxy,YXXYXXXXYXXXXXXX,YXyxxxxyxxxxyxxxxyxxxxyxxxxyxYXXXXYXXXXYXXXXYXXXX,65,21,20
aca_66,32,4,xyyyy,y,YYYYYYxyyyyyX,YYYYXYYYYXYxyyyyxYYX,33,21,20
aca_66,33,4,YYYx,Xyyyy,YYYYxYXyyyXYxYYYxYYYx,YYYYxYYYYxYYYYxYYYYxYYYYxyXyyyyXyyyyXyyyyXyyyyXYx,70,21,20
aca_66,34,4,Yx,XyXyXyy,YYYxYxYxYxYxYYxYxYx,YYxYxYxYYxYxYxYYxYxYxYYxYxYxYYxyXyXyXyyXyXyXyyXyXyXyyXyXyXyyXYxYxYx,86,21,20
aca_66,35,4,YxYxYxx,Xy,YXyXyXyXyXyXyxYxYxYxYx,YXyXyXyXXyXyXyXYxxYxYxYxxYx,49,21,20
aca_66,36,4,Yxxxx,XXXy,YXyXXXXyXYxxxxYxxxxYxxx,YXyXXXyXXXyXXXyXXXyXXXyxYxxxYxxxYxxxYxxx,63,21,20
aca_66,37,4,xxxxy,xxxy,YXyxxxxyxxxxyxxxxyxxxyX,YXyxxxyxxxyxxxyxxxyxxxyxYXXXYXXXYXXXYXXX,63,21,20
aca_66,38,4,xxyxyxy,xy,YXYXYXYXYXYxyxyxyxyxyX,YXYXYXyxxyxyxyxxyxyxyxxyxyX,49,21,20
aca_66,39,4,xy,xyxyxyy,YYXYYXYXYXYYXYXYXYXYXYX,YYXYXYXYYXYXYXYYXYXYXYYXYXYXYYXYXYXYxyyxyxyxyyxyxyxyyxyxyxyyxyxyxyX,90,21,20
aca_66,40,4,xyyy,xyyyy,YYYYXYYYXYYYXYYYXYxYX,YYYYXYYYYXYYYYXYYYYXYYYYXYxyyyyxyyyyxyyyyxyyyyxyX,70,21,20
aca_66,41,4,YYx,XyyXyyy,YYYxYYxYXYxYYxYYxYYx,YYYxYYxYYYxYYxYYYxYYxYYYxYYxYYYxyXyyXyyyXyyXyyyXyyXyyyXyyXyyyXYxYYx,87,21,20
aca_66,42,4,YxxYxxx,XXy,YXyXXyXXXyXXyXYxxxYxxYxxxYxx,YXyXXyXXyXXyXXyXXyxYxxYxxYxxYxx,59,21,20
aca_66,43,4,xxxyxxy,xxy,YXyxxxyxxyxxxyxxyxxxyxxyXYXX,YXyxxyxxyxxyxxyxxyxYXXYXXYXXYXX,59,21,20
aca_66,44,4,xyy,xyyxyyy,YYYYXYYXYYYXYYXYYXYYXYYX,YYYXYYXYYYXYYXYYYXYYXYYYXYYXYYYXYYXYxyyyxyyxyyyxyyxyyyxyyxyyyxyyxyX,91,21,20
aca_66,45,4,YYYxYYx,Xyyy,YYYxYYxYYYxYXyyyXyyXyyyXYxYYx,YYYxYYYxYYYxYYYxYYYxyXyyyXyyyXyyyXyyyXYx,69,21,20
aca_66,46,4,YYxYYxYx,Xyy,YYxYYxYYxYYxYYxyXyyXyyXyyXyyXYx,YYxYYxYxYYxYYxyXyyXyXyyXyyXyXyx,62,21,20
aca_66,47,4,Yxx,XXyXXyXy,YYxxYxxYxxYxxYxYxxYxx,YXyXyXXyXXyXyXXyXXyXyXXyXXyXyXXyXXyXyXXyXXyxYxYxxYxxYxYxxYxxYxYxxYxxYxYxxYxx,97,21,20
aca_66,48,4,Yxxx,XXXyXXy,YXyXYxxxYxxxYxxxYxxYxxx,YXyXXyXXXyXXyXXXyXXyXXXyXXyXXXyXXyXXXyxYxxYxxxYxxYxxxYxxYxxxYxxYxxx,90,21,20
aca_66,49,4,xxxy,xxxyxxy,YXYXXXYXXYXXXYXXXYXXXYXXX,YXyxxxyxxyxxxyxxyxxxyxxyxxxyxxyxxxyxxyxYXXXYXXYXXXYXXYXXXYXXYXXXYXX,92,21,20
aca_66,50,4,xxy,xxyxxyxy,YXYXYXXYXXYXYXXYXXYXXYXXYXX,YXYXyxxyxxyxyxxyxxyxyxxyxxyxyxxyxxyxyxxyxxyxyxYXXYXXYXYXXYXXYXYXXYXXYXYXXYXX,103,21,20
aca_67,0,0,x,y,YYXXXyxx,YYYYYYxyyyyyX,21,21,20
aca_67,1,1,Yx,y,YYXyXyXyxYx,YYYYYYxyyyyyX,24,21,20
aca_67,2,1,x,Xy,YXXXyxxYx,YXyXyXyXyXyXyxYxYxYxYx,31,21,20
aca_67,3,1,x,xy,YXYXXXyxx,YXYXYXYXYXYxyxyxyxyxyX,31,21,20
aca_67,4,1,xy,y,YYXYXYXyxyx,YYYYYYxyyyyyX,24,21,20
aca_67,5,2,YYx,y,YYYYYYxyyyyyX,YYXyyXyyXyxYYx,27,21,20
aca_67,6,2,x,XXy,YXXXyxxYxx,YXyXXyXXyXXyXXyXXyxYxxYxxYxxYxx,41,21,20
aca_67,7,2,x,xxy,YXXYXXXyxx,YXyxxyxxyxxyxxyxxyxYXXYXXYXXYXX,41,21,20
aca_67,8,2,xyy,y,YYYYYYxyyyyyX,YYXYYXYYXyxyyx,27,21,20
aca_67,9,2,Yx,Xyy,YYxYXyXyXyxYx,YYxYYxYYxYYxYYxyXyyXyyXyyXyyXYx,44,21,20
aca_67,10,2,Yxx,Xy,YXyXXyXXyxYxxYx,YXyXyXyXyXyXyxYxYxYxYx,37,21,20
aca_67,11,2,xxy,xy,YXYXXYXXYXyxxyx,YXYXYXYXYXYxyxyxyxyxyX,37,21,20
aca_67,12,2,xy,xyy,YYXYXYXyxyxYX,YYXYYXYYXYYXYYXYxyyxyyxyyxyyxyX,44,21,20
aca_67,13,3,YYYx,y,YYYYYYxyyyyyX,YYYxYYYxyyXyyyXYx,30,21,20
aca_67,14,3,x,XXXy,YXXXyxxYxxx,YXyXXXyXXXyXXXyXXXyXXXyxYxxxYxxxYxxxYxxx,51,21,20
aca_67,15,3,x,xxxy,YXXXYXXXyxx,YXyxxxyxxxyxxxyxxxyxxxyxYXXXYXXXYXXXYXXX,51,21,20
aca_67,16,3,xyyy,y,YYYYYYxyyyyyX,YYYXYYYXyxyyyxYYX,30,21,20
aca_67,17,3,YYx,Xyyy,YYYxYXyyXyyXyxYYx,YYYxYYYxYYYxYYYxYYYxyXyyyXyyyXyyyXyyyXYx,57,21,20
aca_67,18,3,Yx,XyXyy,YYxYxYXyXyXyxYx,YYxYxYYxYxYYxYxYYxYxYYxyXyXyyXyXyyXyXyyXyXyyXYxYx,64,21,20
aca_67,19,3,YxYxx,Xy,YXyXyXXyXyXXyxYxYxxYx,YXyXyXyXyXyXyxYxYxYxYx,43,21,20
aca_67,20,3,Yxxx,XXy,YXyXXXyXXXyxYxxxYxx,YXyXXyXXyXXyXXyXXyxYxxYxxYxxYxx,50,21,20
aca_67,21,3,xxxy,xxy,YXyxxxyxYXXYXXXYXXX,YXyxxyxxyxxyxxyxxyxYXXYXXYXXYXX,50,21,20
aca_67,22,3,xxyxy,xy,YXYXyxxyxyxYXYXXYXYXX,YXYXYXYXYXYxyxyxyxyxyX,43,21,20
aca_67,23,3,xy,xyxyy,YYXYXYXyxyxYXYX,YYXYXYYXYXYYXYXYYXYXYYXYXYxyyxyxyyxyxyyxyxyyxyxyX,64,21,20
aca_67,24,3,xyy,xyyy,YYYXYYXYYXyxyyxYX,YYYXYYYXYYYXYYYXYYYXYxyyyxyyyxyyyxyyyxyX,57,21,20
aca_67,25,3,YYxYx,Xyy,YYxYXyyXyXyyXyXyxYYxYx,YYxYYxYYxYYxYYxyXyyXyyXyyXyyXYx,53,21,20
aca_67,26,3,Yxx,XXyXy,YXyXXyXXyxYxxYxYxx,YXyXyXXyXyXXyXyXXyXyXXyXyXXyxYxYxxYxYxxYxYxxYxYxx,67,21,20
aca_67,27,3,xxy,xxyxy,YXYXXYXXYXyxxyxYXX,YXYXyxxyxyxxyxyxxyxyxxyxyxxyxyxYXXYXYXXYXYXXYXYXX,67,21,20
aca_67,28,3,xyxyy,xyy,YYXYXYYXYXYYXyxyxyyxYX,YYXYYXYYXYYXYYXYxyyxyyxyyxyyxyX,53,21,20
aca_67,29,4,YYYYx,y,YYYYYYxyyyyyX,YYYYxYYYYxyyXyyyyXYx,33,21,20
aca_67,30,4,x,XXXXy,YXXXyxxYxxxx,YXyXXXXyXXXXyXXXXyXXXXyXXXXyxYxxxxYxxxxYxxxxYxxxx,61,21,20
aca_67,31,4,x,xxxxy,YXXXyxxYXXXX,YXyxxxxyxxxxyxxxxyxxxxyxxxxyxYXXXXYXXXXYXXXXYXXXX,61,21,20
aca_67,32,4,xyyyy,y,YYYYYYxyyyyyX,YYYYXYYYYXyxyyyyxYYX,33,21,20
aca_67,33,4,YYYx,Xyyyy,YYYYxYXyyyXyyyXyxYYYx,YYYYxYYYYxYYYYxYYYYxYYYYxyXyyyyXyyyyXyyyyXyyyyXYx,70,21,20
aca_67,34,4,Yx,XyXyXyy,YYxYxYxYXyXyXyxYx,YYxYxYxYYxYxYxYYxYxYxYYxYxYxYYxyXyXyXyyXyXyXyyXyXyXyyXyXyXyyXYxYxYx,84,21,20
aca_67,35,4,YxYxYxx,Xy,YXyXyXyXyXyXyxYxYxYxYx,YXyXyXyXXyXyXyXXyxYxYxYxxYx,49,21,20
aca_67,36,4,Yxxxx,XXXy,YXyXXXXyXXXXyxYxxxxYxxx,YXyXXXyXXXyXXXyXXXyXXXyxYxxxYxxxYxxxYxxx,63,21,20
aca_67,37,4,xxxxy,xxxy,YXyxxxxyxYXXXYXXXXYXXXX,YXyxxxyxxxyxxxyxxxyxxxyxYXXXYXXXYXXXYXXX,63,21,20
aca_67,38,4,xxyxyxy,xy,YXYXYXYXYXYxyxyxyxyxyX,YXYXYXyxxyxyxyxYXYXXYXYXYXX,49,21,20
aca_67,39,4,xy,xyxyxyy,YYXYXYXyxyxYXYXYX,YYXYXYXYYXYXYXYYXYXYXYYXYXYXYYXYXYXYxyyxyxyxyyxyxyxyyxyxyxyyxyxyxyX,84,21,20
aca_67,40,4,xyyy,xyyyy,YYYYXYYYXYYYXyxyyyxYX,YYYYXYYYYXYYYYXYYYYXYYYYXYxyyyyxyyyyxyyyyxyyyyxyX,70,21,20
aca_67,41,4,YYx,XyyXyyy,YYYxYYxYXyyXyyXyxYYx,YYYxYYxYYYxYYxYYYxYYxYYYxYYxYYYxyXyyXyyyXyyXyyyXyyXyyyXyyXyyyXYxYYx,87,21,20
aca_67,42,4,YxxYxxx,XXy,YXyXXyXXXyXXyXXXyxYxxYxxxYxx,YXyXXyXXyXXyXXyXXyxYxxYxxYxxYxx,59,21,20
aca_67,43,4,xxxyxxy,xxy,YXyxxxyxxyxYXXYXXXYXXYXXXYXX,YXyxxyxxyxxyxxyxxyxYXXYXXYXXYXX,59,21,20
aca_67,44,4,xyy,xyyxyyy,YYYXYYXYYXyxyyxYXYYX,YYYXYYXYYYXYYXYYYXYYXYYYXYYXYYYXYYXYxyyyxyyxyyyxyyxyyyxyyxyyyxyyxyX,87,21,20
aca_67,45,4,YYYxYYx,Xyyy,YYYxYYxYYYxYXyyyXyyXyyyXyyXyx,YYYxYYYxYYYxYYYxYYYxyXyyyXyyyXyyyXyyyXYx,69,21,20
aca_67,46,4,YYxYYxYx,Xyy,YYxYYxYYxYYxYYxyXyyXyyXyyXyyXYx,YYxYYxYxYYxYYxyXyyXyXyyXyyXYxYx,62,21,20
aca_67,47,4,Yxx,XXyXXyXy,YXyXXyXXyxYxxYxYxxYxx,YXyXyXXyXXyXyXXyXXyXyXXyXXyXyXXyXXyXyXXyXXyxYxYxxYxxYxYxxYxxYxYxxYxxYxYxxYxx,97,21,20
aca_67,48,4,Yxxx,XXXyXXy,YXyXXXyXXXyxYxxxYxxYxxx,YXyXXyXXXyXXyXXXyXXyXXXyXXyXXXyXXyXXXyxYxxYxxxYxxYxxxYxxYxxxYxxYxxx,90,21,20
aca_67,49,4,xxxy,xxxyxxy,YXyxxxyxYXXXYXXYXXXYXXX,YXyxxxyxxyxxxyxxyxxxyxxyxxxyxxyxxxyxxyxYXXXYXXYXXXYXXYXXXYXXYXXXYXX,90,21,20
aca_67,50,4,xxy,xxyxxyxy,YXYXXYXXYXyxxyxYXXYXX,YXYXyxxyxxyxyxxyxxyxyxxyxxyxyxxyxxyxyxxyxxyxyxYXXYXXYXYXXYXXYXYXXYXXYXYXXYXX,97,21,20
aca_71,0,0,x,y,YXXXyXyxx,YYYxyyXXXyx,20,20,19
aca_71,1,1,Yx,y,YYxYxYxyXyXYx,YYYYxyyXyXyXyx,27,20,19
aca_71,2,1,x,Xy,YXXXyXXyxx,YXyXyXyXYxxxxYx,25,20,19
aca_71,3,1,x,xy,YYxxxyXX,YXYXYxyxyXXyx,21,20,19
aca_71,4,1,xy,y,YXYXYXXyxyx,YYXyyXYxyxyx,23,20,19
aca_71,5,2,YYx,y,YYYYYxyyXyyXyyXyx,YYYxYYxYYxyXyyXYx,34,20,19
aca_71,6,2,x,XXy,YXXXyXXXyxx,YXyXXyXXyXYxxxxxYxx,30,20,19
aca_71,7,2,x,xxy,YXYxxxyXX,YXyxxyxxyXYxYXX,24,20,19
aca_71,8,2,xyy,y,YYXYYXyxYxyyX,YYXYYXYXyxyyxYX,28,20,19
aca_71,9,2,Yx,Xyy,YYxYxYxyXyXYxYx,YYxYYxYYxyXyyXyXyXyXyx,37,20,19
aca_71,10,2,Yxx,Xy,YXyXXyXXyXyXXyxYxx,YXyXyXyXyXYxxYxxYxxYx,39,20,19
aca_71,11,2,xxy,xy,YXXYXXYXXyxxyx,YXYXyxyXYxyxxyx,29,20,19
aca_71,12,2,xy,xyy,YYxyxyxyXYX,YYXYxyyxyXYXyxYX,27,20,19
aca_71,13,3,YYYx,y,YYYYYYxyyXyyyXyyyXyx,YYYYxYYYxYYYxyXyyyXYx,41,20,19
aca_71,14,3,x,XXXy,YXXXyXXXXyxx,YXyXXXyXXXyXYxxxxxxYxxx,35,20,19
aca_71,15,3,x,xxxy,YXXYxxxyXX,YYXXXYXyxxxyxxxyX,27,20,19
aca_71,16,3,xyyy,y,YYYXYYYXyxxyyX,YYYXYYYXYYXyxyyyxYX,33,20,19
aca_71,17,3,YYx,Xyyy,YYYxYYxYYxyXyyXYxYYx,YYYxYYYxYYYxyXyyyXyyXyyXyyXyx,49,20,19
aca_71,18,3,Yx,XyXyy,YYxYxYxyXyXYxYxYx,YYxYxYYxYxYYxyXyXyyXyXyXyXyXyx,47,20,19
aca_71,19,3,YxYxx,Xy,YXyXyXXyXyXXyXyXyXXyxYxYxx,YXyXyXyXyXyXYxxYxYxxYxYxxYx,53,20,19
aca_71,20,3,Yxxx,XXy,YXyXXXyXXXyXXyXXXyxYxxx,YXyXXyXXyXXyXYxxxYxxxYxxxYxx,51,20,19
aca_71,21,3,xxxy,xxy,YXXyxxxyxYXXXYXXX,YXyxYXXYxyxxyXYXXX,35,20,19
aca_71,22,3,xxyxy,xy,YXYXyXYxyxyxxyxyx,YXYXXYXYXXYXyxxyxyxYXX,39,20,19
aca_71,23,3,xy,xyxyy,YYXYxyxyxyXYX,YYXYXYxyyxyxyXyxYXYX,33,20,19
aca_71,24,3,xyy,xyyy,YYXYYXyyxyyxYX,YYYXYxyyyxyXYYXyxYX,33,20,19
aca_71,25,3,YYxYx,Xyy,YYxYYxYxYYxYxYYxyXyXyyXYxYx,YYxYYxYYxYYxyXyyXyXyyXyXyyXyXyx,58,20,19
aca_71,26,3,Yxx,XXyXy,YXyXXyXXyXyXXyXXyxYxx,YXyXyXXyXyXXyXyXYxxYxxYxxYxxYxYxx,54,20,19
aca_71,27,3,xxy,xxyxy,YXYxyxxyxxyXYXX,YXYXyxxyxyxxyXYxyxYXX,36,20,19
aca_71,28,3,xyxyy,xyy,YYXYXYYXyxYXYxyyxyX,YYXYXYYXYXyxyxyyxYXYX,40,20,19
aca_71,29,4,YYYYx,y,YYYYYYYxyyXyyyyXyyyyXyx,YYYYYxYYYYxYYYYxyXyyyyXYx,48,20,19
aca_71,30,4,x,XXXXy,YXXXyXXXXXyxx,YXyXXXXyXXXXyXYxxxxxxxYxxxx,40,20,19
aca_71,31,4,x,xxxxy,YXXXYxxxyXX,YXYXXXXYXyxxxxyxxxxyX,32,20,19
aca_71,32,4,xyyyy,y,YYYYXYYYYXyxyxyyX,YYYYXYYYYXYYYXyxyyyyxYX,40,20,19
aca_71,33,4,YYYx,Xyyyy,YYYYxYYYxYYYxyXyyyXYxYYYx,YYYYxYYYYxYYYYxyXyyyyXyyyXyyyXyyyXyx,61,20,19
aca_71,34,4,Yx,XyXyXyy,YYxYxYxyXyXYxYxYxYx,YYxYxYxYYxYxYxYYxyXyXyXyyXyXyXyXyXyXyx,57,20,19
aca_71,35,4,YxYxYxx,Xy,YXyXyXyXyXyXyXYxxYxYxYxxYxYxYxxYx,YXyXyXyXXyXyXyXXyXyXyXyXXyxYxYxYxx,67,20,19
aca_71,36,4,Yxxxx,XXXy,YXyXXXXyXXXXyXXXyXXXXyxYxxxx,YXyXXXyXXXyXXXyXYxxxxYxxxxYxxxxYxxx,63,20,19
aca_71,37,4,xxxxy,xxxy,YXXyxxxxyxYXXXXYXXXX,YXyxYXXXYxyxxxyXYXXXX,41,20,19
aca_71,38,4,xxyxyxy,xy,YXYXYXyxxxyxyXYXYXYXX,YXYXYXXYXYXYXXYXYXyxxyxyxyxYXX,51,20,19
aca_71,39,4,xy,xyxyxyy,YYXYXYxyxyxyXYX,YYYXYXYXYYXyxyxyxyyxyxyxyX,41,20,19
aca_71,40,4,xyyy,xyyyy,YYYXYYYXyyxyyyxYX,YYYYXYxyyyyxyXYYYXyxYX,39,20,19
aca_71,41,4,YYx,XyyXyyy,YYYxYYxYYxyXyyXYxYYxYYx,YYYxYYxYYYxYYxYYYxyXyyXyyyXyyXyyXyyXyyXyx,64,20,19
aca_71,42,4,YxxYxxx,XXy,YXyXXyXXXyXXyXXXyXXyXXyXXXyxYxxYxxx,YXyXXyXXyXXyXXyXYxxxYxxYxxxYxxYxxxYxx,72,20,19
aca_71,43,4,xxxyxxy,xxy,YXyXYxyxxyxxxyxxyxYXX,YXyxxxyxxyxYXXXYXXYXXXYXXYXXX,50,20,19
aca_71,44,4,xyy,xyyxyyy,YYYXYxyyxyyxyXYYX,YYYXYYXYxyyyxyyxyXyxYXYYX,42,20,19
aca_71,45,4,YYYxYYx,Xyyy,YYYxYYYxYYxYYYxYYxYYYxyXyyXyyyXYxYYx,YYYxYYYxYYYxYYYxyXyyyXyyXyyyXyyXyyyXyyXyx,77,20,19
aca_71,46,4,YYxYYxYx,Xyy,YYxYYxYYxYxYYxYYxYxYYxYYxyXyXyyXyyXYxYx,YYxYYxYYxYYxYYxyXyyXyXyyXyyXyXyyXyyXyXyx,79,20,19
aca_71,47,4,Yxx,XXyXXyXy,YXyXXyXXyXyXXyXXyXXyxYxx,YXyXyXXyXXyXyXXyXXyXyXYxxYxxYxxYxxYxxYxYxxYxx,69,20,19
aca_71,48,4,Yxxx,XXXyXXy,YXyXXXyXXXyXXyXXXyXXXyxYxxx,YXyXXyXXXyXXyXXXyXXyXYxxxYxxxYxxxYxxxYxxYxxx,71,20,19
aca_71,49,4,xxxy,xxxyxxy,YXyxxyxxxyxYXXXYXXX,YXyxYXXXYXXYXXXYxyxxyxxxyX,45,20,19
aca_71,50,4,xxy,xxyxxyxy,YXYXXYxyxxyxxyXYXX,YYXXYXXYXYXyxxyxxyxyxxyxxyX,45,20,19
aca_72,0,0,x,y,YXXYxYxxx,YYYxyyXXYxx,20,20,18
aca_72,1,1,Yx,y,YYxYxYxYXyXYx,YYYYxyyXyXYxYx,27,20,18
aca_72,2,1,x,Xy,YXYxxYxxxx,YXyXyXyXXXyxxYx,25,20,18
aca_72,3,1,x,xy,YYxxYXXX,YXYXYxyxyXXYx,21,20,18
aca_72,4,1,xy,y,YXYXYxxyxyx,YYXyyXYXyxyx,23,20,18
aca_72,5,2,YYx,y,YYYYYxyyXyyXYxYYx,YYYxYYxYYxYXyyXYx,34,20,18
aca_72,6,2,x,XXy,YYxxxYxxxxx,YXyXXyXXyXXXXyxxYxx,30,20,18
aca_72,7,2,x,xxy,YXYxYXXXX,YYXXYXXYxyxxyXX,24,20,18
aca_72,8,2,xyy,y,YYXYxyyxYxyyX,YYXYYXYXyxyyxyX,28,20,18
aca_72,9,2,Yx,Xyy,YYxYxYxYxYXYxYx,YYxYYxYYxyXyyXyXYxYxYx,37,20,18
aca_72,10,2,Yxx,Xy,YXyXYxxYxYxxYxxYxx,YXyXyXyXyXXyXXyxYxxYx,39,20,18
aca_72,11,2,xxy,xy,YXXYXXYxxyxxyx,YXYXyxyXYXyxxyx,29,20,18
aca_72,12,2,xy,xyy,YYxyxYXYXYX,YYXYxyyxyXYXYxYX,27,20,18
aca_72,13,3,YYYx,y,YYYYYYxyyXyyyXYxYYYx,YYYYxYYYxYYYxYXyyyXYx,41,20,18
aca_72,14,3,x,XXXy,YxYxxxxYxxxxxx,YXyXXXyXXXyXXXXXyxxYxxx,37,20,18
aca_72,15,3,x,xxxy,YYXXXXXYXX,YXYXXXYXXXYxyxxxyXX,29,20,18
aca_72,16,3,xyyy,y,YYYXYxyyyxxyyX,YYYXYYYXYYXyxyyyxyX,33,20,18
aca_72,17,3,YYx,Xyyy,YYYxYYxYYxYYxYXYxYYx,YYYxYYYxYYYxyXyyyXyyXYxYYxYYx,49,20,18
aca_72,18,3,Yx,XyXyy,YYYxYxYxYYxYxYxYxYx,YYxYxYYxYxYYxyXyXyyXyXYxYxYxYx,49,20,18
aca_72,19,3,YxYxx,Xy,YXyXyXYxxYxYxYxxYxYxxYxYxx,YXyXyXyXyXyXXyXyXXyxYxYxxYx,53,20,18
aca_72,20,3,Yxxx,XXy,YXyXYxxxYxxYxxxYxxxYxxx,YXyXXyXXyXXyXXXyXXXyxYxxxYxx,51,20,18
aca_72,21,3,xxxy,xxy,YXXyxxxyxxxyXYXXX,YXyxxyXYXyxxxyxYXX,35,20,18
aca_72,22,3,xxyxy,xy,YXYXyXYXYXyxxyxyx,YXYXXYXYXXYXyxxyxyxxyX,39,20,18
aca_72,23,3,xy,xyxyy,YYXYxYXYXYXYX,YYYXYXYYXYXYxyyxyxyXYX,35,20,18
aca_72,24,3,xyy,xyyy,YYXYYXYYxyyxYX,YYYXYxyyyxyXYYXYxYX,33,20,18
aca_72,25,3,YYxYx,Xyy,YYxYYxYxYYxYxYYxYxYXyyXYxYx,YYxYYxYYxYYxyXyyXyXyyXYxYxYYxYx,58,20,18
aca_72,26,3,Yxx,XXyXy,YYxxYxxYxYxxYxxYxxYxx,YXyXyXXyXyXXyXyXXyXXyXXyxYxxYxYxx,54,20,18
aca_72,27,3,xxy,xxyxy,YXYxyxYXXYXXYXX,YYXXYXYXXYxyxyxxyXYXX,36,20,18
aca_72,28,3,xyxyy,xyy,YYXYXYxyyxYXYxyyxyX,YYXYXYYXYXyxyxyyxyxyX,40,20,18
aca_72,29,4,YYYYx,y,YYYYYYYxyyXyyyyXYxYYYYx,YYYYYxYYYYxYYYYxYXyyyyXYx,48,20,18
aca_72,30,4,x,XXXXy,YxxYxxxxxYxxxxxxx,YXyXXXXyXXXXyXXXXXXyxxYxxxx,44,20,18
aca_72,31,4,x,xxxxy,YXYXXXXXXYXXX,YXyxxxxyxxxxyxxyxxYXXXX,36,20,18
aca_72,32,4,xyyyy,y,YYYYXYxyyyyxyxyyX,YYYYXYYYYXYYYXyxyyyyxyX,40,20,18
aca_72,33,4,YYYx,Xyyyy,YYYYxYYYxYYYxYYYxYXYxYYYx,YYYYxYYYYxYYYYxyXyyyyXyyyXYxYYYxYYYx,61,20,18
aca_72,34,4,Yx,XyXyXyy,YYxYYxYxYxYxYYxYxYxYxYxYx,YYxYxYxYYxYxYxYYxyXyXyXyyXyXYxYxYxYxYx,63,20,18
aca_72,35,4,YxYxYxx,Xy,YXyXyXyXyXyXyXXyXyXyXXyxYxYxYxxYx,YXyXyXyXYxxYxYxYxYxxYxYxYxxYxYxYxx,67,20,18
aca_72,36,4,Yxxxx,XXXy,YXyXYxxxxYxxxYxxxxYxxxxYxxxx,YXyXXXyXXXyXXXyXXXXyXXXXyxYxxxxYxxx,63,20,18
aca_72,37,4,xxxxy,xxxy,YXXyxxxxyxxxxyXYXXXX,YXyxxxyXYXyxxxxyxYXXX,41,20,18
aca_72,38,4,xxyxyxy,xy,YXYXYXyxxyxyxyxYXYXXX,YXYXYXXYXYXYXXYXYXyxxyxyxyxxyX,51,20,18
aca_72,39,4,xy,xyxyxyy,YYYXYXYXYXYXYYXYX,YYXYYXYXYXYYXYXYXYxyyxyxyxyXYX,47,20,18
aca_72,40,4,xyyy,xyyyy,YYYXYYYXYYxyyyxYX,YYYYXYxyyyyxyXYYYXYxYX,39,20,18
aca_72,41,4,YYx,XyyXyyy,YYYYxYYxYYxYYYxYYxYYxYYxYYx,YYYxYYxYYYxYYxYYYxyXyyXyyyXyyXYxYYxYYxYYx,68,20,18
aca_72,42,4,YxxYxxx,XXy,YXyXXyXYxxxYxxYxxYxxxYxxYxxxYxxYxxx,YXyXXyXXyXXyXXyXXXyXXyXXXyxYxxYxxxYxx,72,20,18
aca_72,43,4,xxxyxxy,xxy,YXyXYXXYXyxxxyxxyxYXX,YXyxxxyxxyxxxyXYXXYXXXYXXYXXX,50,20,18
aca_72,44,4,xyy,xyyxyyy,YYYXYxYXYYXYYXYYX,YYYYXYYXYYYXYYXYxyyyxyyxyXYYX,46,20,18
aca_72,45,4,YYYxYYx,Xyyy,YYYxYYYxYYxYYYxYYxYYYxYYxYXyyyXYxYYx,YYYxYYYxYYYxYYYxyXyyyXyyXyyyXYxYYxYYYxYYx,77,20,18
aca_72,46,4,YYxYYxYx,Xyy,YYxYYxYYxYxYYxYYxYxYYxYYxYxYXyyXyyXYxYx,YYxYYxYYxYYxYYxyXyyXyXyyXyyXYxYxYYxYYxYx,79,20,18
aca_72,47,4,Yxx,XXyXXyXy,YxYxYxxYxxYxxYxYxxYxxYxxYxxYxx,YXyXyXXyXXyXyXXyXXyXyXXyXXyXXyXXyxYxxYxYxxYxx,75,20,18
aca_72,48,4,Yxxx,XXXyXXy,YxYxxxYxxxYxxYxxxYxxxYxxxYxxx,YXyXXyXXXyXXyXXXyXXyXXXyXXXyXXXyxYxxxYxxYxxx,73,20,18
aca_72,49,4,xxxy,xxxyxxy,YXyxxyxxxyxxxyxxxyX,YXYXXXYXXYXXXYxyxxyxxxyXYXXX,47,20,18
aca_72,50,4,xxy,xxyxxyxy,YYXXYXXYXXYXXYXYXX,YXYXYXXYXXYXYXXYXXYxyxyxxyxxyXYXX,51,20,18
aca_78,0,0,x,y,YYXXyx,YYYYYYYXyXyxyXX,21,21,19
aca_78,1,1,Yx,y,YYXyXyx,YYYYYYXyyXyxyXyX,23,21,19
aca_78,2,1,x,Xy,YXXyxYx,YYxxYxyXyXyXyXyXyXyxx,28,21,19
aca_78,3,1,x,xy,YXYXXyx,YYxyxyxyxyxyxyxyxxYXX,28,21,19
aca_78,4,1,xy,y,YYXYXyx,YYYYYYYYXXyxyXYX,23,21,19
aca_78,5,2,YYx,y,YYXyyXyx,YYYYYXyyyXyxyXyyX,25,21,19
aca_78,6,2,x,XXy,YXXyxYxx,YXyXXXyXyXXYxxYxxYxxYxxYxxYxx,37,21,19
aca_78,7,2,x,xxy,YXXYXXyx,YXYxyxxyxxyxxyxxyxxyxxyxxYXXX,37,21,19
aca_78,8,2,xyy,y,YYXYYXyx,YYYYYYYYYXYXyxyXYYX,27,21,19
aca_78,9,2,Yx,Xyy,YYxYXyXyx,YYYxYxYYxyXyyXyyXyyXyyXyyXyxYx,39,21,19
aca_78,10,2,Yxx,Xy,YXyXXyxYx,YYxxYxYxyXyXyXyXyXyxYxx,32,21,19
aca_78,11,2,xxy,xy,YXYXXYXyx,YXYXYXYXYXYXYXYXXyxxyXYXX,34,21,19
aca_78,12,2,xy,xyy,YYXYXyxYX,YYXYYXYYXYYXYYXYYXYYXyyxyxyXYX,39,21,19
aca_78,13,3,YYYx,y,YYYxyyXYx,YYYYXyyyyXyxyXyyyX,27,21,19
aca_78,14,3,x,XXXy,YXXyxYxxx,YXyXXXXyXXyXXYxxxYxxxYxxxYxxxYxxxYxxx,46,21,19
aca_78,15,3,x,xxxy,YXXyxYXXX,YXyxxyxxxxyXXYXXXYXXXYXXXYXXXYXXXYXXX,46,21,19
aca_78,16,3,xyyy,y,YYYXyxYYX,YYYYYYYYYYXYYXyxyXYYYX,31,21,19
aca_78,17,3,YYx,Xyyy,YYYxYXyyXyx,YYYYxYYxYYYxyXyyyXyyyXyyyXyyyXyyyXyxYYx,50,21,19
aca_78,18,3,Yx,XyXyy,YYxYxYXyXyx,YYxYYxYxYxYYxyXyXyyXyXyyXyXyyXyXyyXyXyyXyXyxYx,57,21,19
aca_78,19,3,YxYxx,Xy,YXyXyXXyxYx,YYxxYxYxYxyXyXyXyXyxYxYxx,36,21,19
aca_78,20,3,Yxxx,XXy,YXyXXXyxYxx,YXyXXyXXXyXyXXXyXYxxYxxYxxYxxYxx,43,21,19
aca_78,21,3,xxxy,xxy,YXyxYXXYXXX,YXXYXXYXXYXXYXXYXXYXXYXXyxxxyXYXXX,45,21,19
aca_78,22,3,xxyxy,xy,YXYXyxYXYXX,YXYXYXYXYXYXYXYXYXXYXyxxyXYXYXX,42,21,19
aca_78,23,3,xy,xyxyy,YYXYXyxYXYX,YYXYXYYXYXYYXYXYYXYXYYXYXYYXYXYYXyxyyxyxyxyXYX,57,21,19
aca_78,24,3,xyy,xyyy,YYYXYYXyxYX,YYYXYYYXYYYXYYYXYYYXYYYXYYYXyyxyyxyXYYX,50,21,19
aca_78,25,3,YYxYx,Xyy,YYxYXyyXyXyx,YYYxYxYYxYYxyXyyXyyXyyXyyXyxYYxYx,45,21,19
aca_78,26,3,Yxx,XXyXy,YXyXXyxYxYxx,YXyXyXXyXXyXyXyXXyXYxxYxYxxYxYxxYxYxxYxYxxYxYxx,59,21,19
aca_78,27,3,xxy,xxyxy,YXYXXYXyxYXX,YXYXyxyxxyxxyXYXXYXYXXYXYXXYXYXXYXYXXYXYXXYXYXX,59,21,19
aca_78,28,3,xyxyy,xyy,YYXYXYYXyxYX,YYXYYXYYXYYXYYXYYXYYXYYXYXyxyxyXYYXYX,49,21,19
aca_78,29,4,YYYYx,y,YYYYxyyXYx,YYYYYxyyyxYYYYxYXYx,29,21,19
aca_78,30,4,x,XXXXy,YXXyxYxxxx,YXyXXXXXyXXXyXXYxxxxYxxxxYxxxxYxxxxYxxxxYxxxx,55,21,19
aca_78,31,4,x,xxxxy,YXXyxYXXXX,YXyxxxyxxxxxyXXYXXXXYXXXXYXXXXYXXXXYXXXXYXXXX,55,21,19
aca_78,32,4,xyyyy,y,YYYYXyxYYX,YYYYYYYYYYYXYYYXyxyXYYYYX,35,21,19
aca_78,33,4,YYYx,Xyyyy,YYYYxYXyyyXyx,YYYYYxYYYxYYYYxyXyyyyXyyyyXyyyyXyyyyXyyyyXyxYYYx,61,21,19
aca_78,34,4,Yx,XyXyXyy,YYxYxYxYXyXyx,YYxYxYYxYxYxYxYYxyXyXyXyyXyXyXyyXyXyXyyXyXyXyyXyXyXyyXyXyXyxYx,75,21,19
aca_78,35,4,YxYxYxx,Xy,YXyXyXyXXyxYx,YYxxYxYxYxYxyXyXyXyxYxYxYxx,40,21,19
aca_78,36,4,Yxxxx,XXXy,YXyXXXXyxYxxx,YXyXXXyXXXXyXXyXXXXyXYxxxYxxxYxxxYxxxYxxx,54,21,19
aca_78,37,4,xxxxy,xxxy,YXyxYXXXYXXXX,YXXyxxxxyXYXXXXYXXXYXXXYXXXYXXXYXXXYXXXYXXX,56,21,19
aca_78,38,4,xxyxyxy,xy,YXYXYXyxYXYXX,YXYXYXYXYXYXYXYXYXYXXYXYXyxxyXYXYXYXX,50,21,19
aca_78,39,4,xy,xyxyxyy,YYXYXyxYXYXYX,YYXYXYXYYXYXYXYYXYXYXYYXYXYXYYXYXYXYYXYXYXYYXyxyxyyxyxyxyxyXYX,75,21,19
aca_78,40,4,xyyy,xyyyy,YYYYXYYYXyxYX,YYYYXYYYYXYYYYXYYYYXYYYYXYYYYXYYYYXyyxyyyxyXYYYX,61,21,19
aca_78,41,4,YYx,XyyXyyy,YYYxYYxYXyyXyx,YYYxYYYxYYxYYxYYYxyXyyXyyyXyyXyyyXyyXyyyXyyXyyyXyyXyyyXyyXyxYYx,77,21,19
aca_78,42,4,YxxYxxx,XXy,YXyXXyXXXyxYxx,YXyXXyXXyXXXyXyXXXyXXyXYxxYxxYxxYxx,49,21,19
aca_78,43,4,xxxyxxy,xxy,YXyxYXXYXXXYXX,YXyxxxyXYXXYXXXYXXYXXYXXYXXYXXYXXYXXYXXYXXX,57,21,19
aca_78,44,4,xyy,xyyxyyy,YYYXYYXyxYXYYX,YYYXYYXYYYXYYXYYYXYYXYYYXYYXYYYXYYXYYYXYYXYYYXyxyyyxyyxyyxyXYYX,77,21,19
aca_78,45,4,YYYxYYx,Xyyy,YYYxYXyyyXyyXyx,YYYYxYYxYYYxYYYxyXyyyXyyyXyyyXyyyXyxYYYxYYx,58,21,19
aca_78,46,4,YYxYYxYx,Xyy,YYxYYxyXyyXYxYx,YYYxYxYYxYYxYYxyXyyXyyXyyXyxYYxYYxYx,51,21,19
aca_78,47,4,Yxx,XXyXXyXy,YXyXXyxYxYxxYxx,YXyXyXXyXXyXXyXyXXyXyXXyXYxxYxxYxYxxYxxYxYxxYxxYxYxxYxxYxYxxYxxYxYxxYxx,86,21,19
aca_78,48,4,Yxxx,XXXyXXy,YXyXXXyxYxxYxxx,YXyXXyXXXyXXXyXXyXXyXXXyXYxxxYxxYxxxYxxYxxxYxxYxxxYxxYxxxYxxYxxx,79,21,19
aca_78,49,4,xxxy,xxxyxxy,YXyxYXXXYXXYXXX,YXyxxyxxxyxxxyXYXXXYXXYXXXYXXYXXXYXXYXXXYXXYXXXYXXYXXXYXXYXXXYXX,79,21,19
aca_78,50,4,xxy,xxyxxyxy,YXYXXYXyxYXXYXX,YXYXyxxyxyxxyxxyxxyXYXXYXYXXYXXYXYXXYXXYXYXXYXXYXYXXYXXYXYXXYXXYXYXXYXX,86,21,19
aca_80,0,0,x,y,YXXXXyxxYx,YXYxYXyxyXX,21,21,19
aca_80,1,1,Yx,y,YXYxyXyxxYx,YYxYXyXyXyXyxYx,26,21,19
aca_80,2,1,x,Xy,YYxyXXyyxx,YXXXXyxxYxx,21,21,19
aca_80,3,1,x,xy,YYXXXXyxx,YYXyxxyXXYXX,21,21,19
aca_80,4,1,xy,y,YYXYxYXyxyXYX,YXYXYXYXyxyxx,26,21,19
aca_80,5,2,YYx,y,YYxYXYxyXyxYx,YYYxYXyyXyyXyyXyxYYx,33,21,19
aca_80,6,2,x,XXy,YXXXXyxxYxxx,YXyXyXXYxYxxx,25,21,19
aca_80,7,2,x,xxy,YXYXXXXyxx,YXYXyxxxyXXYXXX,25,21,19
aca_80,8,2,xyy,y,YYYXYxYXyxyXYYX,YYXYYXYYXyxyyxyxYX,33,21,19
aca_80,9,2,Yx,Xyy,YYYxyXyXyyxYx,YYxYxYXyXyXyXyxYx,30,21,19
aca_80,10,2,Yxx,Xy,YYxyXXyxxYxx,YXyXXyXXyXXyxYxxYxYxx,33,21,19
aca_80,11,2,xxy,xy,YYXyxxyXYXXYXYXX,YXyxxyxxYXXYXXYXX,33,21,19
aca_80,12,2,xy,xyy,YYXYXYXYXyxyx,YYYXyxyxyXYXYYXYX,30,21,19
aca_80,13,3,YYYx,y,YYYxYXYxyXyxYYx,YYYYxYXyyyXyyyXyyyXyxYYYx,40,21,19
aca_80,14,3,x,XXXy,YXXXXyxxYxxxx,YXyXXyXXYxxYxxxx,29,21,19
aca_80,15,3,x,xxxy,YXXYXXXXyxx,YXyxxxxyXXYXXXXYXX,29,21,19
aca_80,16,3,xyyy,y,YYYYXYxYXyxyXYYYX,YYYXYYYXYYYXyxyyyxyyxYX,40,21,19
aca_80,17,3,YYx,Xyyy,YYYYxyXyyXyyxYYx,YYYxYYxYXyyXyyXyyXyxYYx,39,21,19
aca_80,18,3,Yx,XyXyy,YYxYYxyXyXyXyyXyxYx,YYxYxYxYXyXyXyXyxYx,38,21,19
aca_80,19,3,YxYxx,Xy,YYxyXXyxYxxYxYxx,YXyXyXXyXyXXyXyXXyxYxYxxYxYxYxx,47,21,19
aca_80,20,3,Yxxx,XXy,YXyXyXXXyXXYxxx,YXyXXXyXXXyXXXyxYxxxYxxYxxx,42,21,19
aca_80,21,3,xxxy,xxy,YXYXyxxxyXYXXXYXXYXXX,YXyxxxyxxYXXXYXXXYXXX,42,21,19
aca_80,22,3,xxyxy,xy,YYXyxxyXYXYXXYXYXYXX,YXYXyxxyxyxxyxYXXYXYXXYXYXX,47,21,19
aca_80,23,3,xy,xyxyy,YYXYXYXYXyxyxYX,YYXYYXyxyxyxyXYXYYXYXYX,38,21,19
aca_80,24,3,xyy,xyyy,YYXYYXYYXYYXyxyyx,YYYYXyxyyxyXYYXYYYXYYX,39,21,19
aca_80,25,3,YYxYx,Xyy,YYYxyXyXyxYxYYxYx,YYxYYxYxYXyyXyXyyXyXyyXyXyxYYxYx,49,21,19
aca_80,26,3,Yxx,XXyXy,YXyXyXyXXyXYxYxxYxx,YXyXXyXXyXXyxYxxYxYxxYxx,43,21,19
aca_80,27,3,xxy,xxyxy,YXYXXYXXYXXYXyxxyx,YXYXYXyxxyxxyXYXXYXYXXYXX,43,21,19
aca_80,28,3,xyxyy,xyy,YYYXyxyxyXYYXYXYYXYYXYX,YYXYXYYXYXYYXyxyxyyxyxYXYX,49,21,19
aca_80,29,4,YYYYx,y,YYYYxYXYxyXyxYYYx,YYYYYxYXyyyyXyyyyXyyyyXyxYYYYx,47,21,19
aca_80,30,4,x,XXXXy,YXXXXyxxYxxxxx,YXyXXXyXXYxxxYxxxxx,33,21,19
aca_80,31,4,x,xxxxy,YXXXYXXXXyxx,YXyxxxxxyXXYXXXXXYXXX,33,21,19
aca_80,32,4,xyyyy,y,YYYYYXYxYXyxyXYYYYX,YYYYXYYYYXYYYYXyxyyyyxyyyxYX,47,21,19
aca_80,33,4,YYYx,Xyyyy,YYYYYxyXyyyXyyxYYYx,YYYYxYYYxYXyyyXyyyXyyyXyxYYYx,48,21,19
aca_80,34,4,Yx,XyXyXyy,YYxYxYxYxYXyXyXyXyxYx,YYxYxYYxyXyXyXyXyyXyXyxYx,46,21,19
aca_80,35,4,YxYxYxx,Xy,YYxyXXyxYxYxxYxYxYxx,YXyXyXyXXyXyXyXXyXyXyXXyxYxYxYxxYxYxYxYxx,61,21,19
aca_80,36,4,Yxxxx,XXXy,YXyXXyXXXXyXXYxxxx,YXyXXXXyXXXXyXXXXyxYxxxxYxxxYxxxx,51,21,19
aca_80,37,4,xxxxy,xxxy,YXyxxxxyxxYXXXXYXXXXYXXXX,YXyxxxxyXYXXXXYXXXYXXXXYXX,51,21,19
aca_80,38,4,xxyxyxy,xy,YYXyxxyXYXYXYXXYXYXYXYXX,YXYXYXyxxyxyxyxxyxyxYXXYXYXYXXYXYXYXX,61,21,19
aca_80,39,4,xy,xyxyxyy,YYXYXYXYXyxyxYXYX,YYXYXYYXyxyxyxyxyXYXYYXYXYXYX,46,21,19
aca_80,40,4,xyyy,xyyyy,YYYXYYYXYYYXyxyyyxYYX,YYYYYXyxyyyxyXYYYXYYYYXYYYX,48,21,19
aca_80,41,4,YYx,XyyXyyy,YYYxYYYxyXyyXyyXyyyXyxYYx,YYYxYYxYYxYXyyXyyXyyXyxYYx,51,21,19
aca_80,42,4,YxxYxxx,XXy,YXyXyXXXyXXyXXXyXYxxx,YXyXXyXXXyXXyXXXyXXyXXXyxYxxYxxxYxxYxxYxxx,63,21,19
aca_80,43,4,xxxyxxy,xxy,YXYXyxxxyXYXXYXXXYXXYXXYXXX,YXyxxxyxxyxxxyxYXXXYXXYXXXYXXYXXXYXX,63,21,19
aca_80,44,4,xyy,xyyxyyy,YYYXYYXYYXYYXyxyyxYX,YYYXYYYXyxyyxyyxyXYYXYYYXYYXYYX,51,21,19
aca_80,45,4,YYYxYYx,Xyyy,YYYYxyXyyXyxYYxYYYxYYx,YYYxYYYxYYxYXyyyXyyXyyyXyyXyyyXyyXyxYYYxYYx,65,21,19
aca_80,46,4,YYxYYxYx,Xyy,YYYxyXyXyxYYxYxYYxYYxYx,YYxYYxYYxYxYXyyXyyXyXyyXyyXyXyyXyyXyXyxYYxYYxYx,70,21,19
aca_80,47,4,Yxx,XXyXXyXy,YXyXXyXXyXXyxYxxYxYxxYxxYxx,YXyXyXXyXyXXyXYxxYxYxxYxxYxx,55,21,19
aca_80,48,4,Yxxx,XXXyXXy,YXyXXyXXyXXXyXYxxYxxxYxxx,YXyXXXyXXXyXXXyxYxxxYxxYxxxYxxx,56,21,19
aca_80,49,4,xxxy,xxxyxxy,YXyxxxyxYXXYXXXYXXXYXXX,YXyxxxyxxxyXYXXXYXXYXXXYXXXYXXYXX,56,21,19
aca_80,50,4,xxy,xxyxxyxy,YXYXXYXXYXXYXyxxyxYXX,YXYXyxxyxxyxxyXYXXYXYXXYXXYXXYXYXX,55,21,19
aca_81,0,0,x,y,YXXXYxx,YYYYYYYXyyyyyyx,22,22,18
aca_81,1,1,Yx,y,YXyXyXYxYx,YYYYYYYXyyyyyyx,25,22,18
aca_81,2,1,x,Xy,YXXYxxx,YXyXyXyXyXyXyxYxYxYxYxYxYx,33,22,18
aca_81,3,1,x,xy,YXXXXYx,YXYXYXYXYXYXYXyxyxyxyxyxyx,33,22,18
aca_81,4,1,xy,y,YXYXYXYxyx,YYYYYYYXyyyyyyx,25,22,18
aca_81,5,2,YYx,y,YYxYYxyXyyXyx,YYYYYYYXyyyyyyx,28,22,18
aca_81,6,2,x,XXy,YXYxxxx,YXyXXyXXyXXyXXyXXyxYxxYxxYxxYxxYxxYxx,44,22,18
aca_81,7,2,x,xxy,YYXXXXX,YXyxxyxxyxxyxxyxxyxYXXYXXYXXYXXYXXYXX,44,22,18
aca_81,8,2,xyy,y,YYXYYXYxyyxYX,YYYYYYYXyyyyyyx,28,22,18
aca_81,9,2,Yx,Xyy,YXyXYxYxYx,YYxYYxYYxYYxYYxYYxYXyyXyyXyyXyyXyyXyx,47,22,18
aca_81,10,2,Yxx,Xy,YXyXXyXYxxYxx,YXyXyXyXyXyXyxYxYxYxYxYxYx,39,22,18
aca_81,11,2,xxy,xy,YXyxxyxxyxxyX,YXYXYXYXYXYXYXyxyxyxyxyxyx,39,22,18
aca_81,12,2,xy,xyy,YXYXYXYXYx,YYXYYXYYXYYXYYXYYXyxyyxyyxyyxyyxyyxYX,47,22,18
aca_81,13,3,YYYx,y,YYYYYYYXyyyyyyx,YYYxYYYxyXyyyXyx,31,22,18
aca_81,14,3,x,XXXy,YYxxxxx,YXyXXXyXXXyXXXyXXXyXXXyxYxxxYxxxYxxxYxxxYxxxYxxx,55,22,18
aca_81,15,3,x,xxxy,YXYXXXXXX,YXyxxxyxxxyxxxyxxxyxxxyxYXXXYXXXYXXXYXXXYXXXYXXX,57,22,18
aca_81,16,3,xyyy,y,YYYYYYYXyyyyyyx,YYYXYYYXYxyyyxYX,31,22,18
aca_81,17,3,YYx,Xyyy,YYxYYxYXyyXYx,YYYxYYYxYYYxYYYxYYYxYYYxYXyyyXyyyXyyyXyyyXyyyXyx,61,22,18
aca_81,18,3,Yx,XyXyy,YXYxYxYxYx,YYxYxYYxYxYYxYxYYxYxYYxYxYYxYxYXyyXyXyyXyXyyXyXyyXyXyyXyXyx,69,22,18
aca_81,19,3,YxYxx,Xy,YXyXyXXyXyXYxxYxYxx,YXyXyXyXyXyXyxYxYxYxYxYxYx,45,22,18
aca_81,20,3,Yxxx,XXy,YXyXXXyXYxxxYxxx,YXyXXyXXyXXyXXyXXyxYxxYxxYxxYxxYxxYxx,53,22,18
aca_81,21,3,xxxy,xxy,YXyxxxyxxxyxxxyX,YXyxxyxxyxxyxxyxxyxYXXYXXYXXYXXYXXYXX,53,22,18
aca_81,22,3,xxyxy,xy,YXYXyxxyxyxxyxyxxyX,YXYXYXYXYXYXYXyxyxyxyxyxyx,45,22,18
aca_81,23,3,xy,xyxyy,YYYXYXYXYXYX,YYXYXYYXYXYYXYXYYXYXYYXYXYYXyxyxyyxyxyyxyxyyxyxyyxyxyyxYXYX,71,22,18
aca_81,24,3,xyy,xyyy,YYXYYXYYXYxYX,YYYXYYYXYYYXYYYXYYYXYYYXyxyyyxyyyxyyyxyyyxyyyxYX,61,22,18
aca_81,25,3,YYxYx,Xyy,YYxYxYYxyXyXyyXyXyx,YYxYYxYYxYYxYYxYYxYXyyXyyXyyXyyXyyXyx,56,22,18
aca_81,26,3,Yxx,XXyXy,YXyXYxxYxxYxx,YXyXyXXyXyXXyXyXXyXyXXyXyXXyxYxYxxYxYxxYxYxxYxYxxYxYxxYxYxx,72,22,18
aca_81,27,3,xxy,xxyxy,YYXXYXXYXXYXX,YXYXyxxyxyxxyxyxxyxyxxyxyxxyxyxYXXYXYXXYXYXXYXYXXYXYXXYXYXX,72,22,18
aca_81,28,3,xyxyy,xyy,YYXYXYYXYXYxyyxYXYX,YYXYYXYYXYYXYYXYYXyxyyxyyxyyxyyxyyxYX,56,22,18
aca_81,29,4,YYYYx,y,YYYYYYYXyyyyyyx,YYYYxYYYYxyXyyyyXyx,34,22,18
aca_81,30,4,x,XXXXy,YxYxxxxxx,YXyXXXXyXXXXyXXXXyXXXXyXXXXyxYxxxxYxxxxYxxxxYxxxxYxxxxYxxxx,68,22,18
aca_81,31,4,x,xxxxy,YXXYXXXXXXX,YXyxxxxyxxxxyxxxxyxxxxyxxxxyxYXXXXYXXXXYXXXXYXXXXYXXXXYXXXX,70,22,18
aca_81,32,4,xyyyy,y,YYYYYYYXyyyyyyx,YYYYXYYYYXYxyyyyxYX,34,22,18
aca_81,33,4,YYYx,Xyyyy,YYYxYYYxYXyyyXYx,YYYYxYYYYxYYYYxYYYYxYYYYxYYYYxYXyyyyXyyyyXyyyyXyyyyXyyyyXyx,75,22,18
aca_81,34,4,Yx,XyXyXyy,YYYxYxYxYxYx,YYxYxYxYYxYxYxYYxYxYxYYxYxYxYYxYxYxYYxYxYxYXyyXyXyXyyXyXyXyyXyXyXyyXyXyXyyXyXyXyx,93,22,18
aca_81,35,4,YxYxYxx,Xy,YXyXyXyXXyXyXyXYxxYxYxYxx,YXyXyXyXyXyXyxYxYxYxYxYxYx,51,22,18
aca_81,36,4,Yxxxx,XXXy,YXyXXXXyXYxxxxYxxxx,YXyXXXyXXXyXXXyXXXyXXXyxYxxxYxxxYxxxYxxxYxxxYxxx,67,22,18
aca_81,37,4,xxxxy,xxxy,YXyxxxxyxxxxyxxxxyX,YXyxxxyxxxyxxxyxxxyxxxyxYXXXYXXXYXXXYXXXYXXXYXXX,67,22,18
aca_81,38,4,xxyxyxy,xy,YXYXYXyxxyxyxyxxyxyxyxxyX,YXYXYXYXYXYXYXyxyxyxyxyxyx,51,22,18
aca_81,39,4,xy,xyxyxyy,YYXYYXYXYXYXYXYX,YYXYXYXYYXYXYXYYXYXYXYYXYXYXYYXYXYXYYXyxyxyxyyxyxyxyyxyxyxyyxyxyxyyxyxyxyyxYXYXYX,97,22,18
aca_81,40,4,xyyy,xyyyy,YYYXYYYXYYYXYxYX,YYYYXYYYYXYYYYXYYYYXYYYYXYYYYXyxyyyyxyyyyxyyyyxyyyyxyyyyxYX,75,22,18
aca_81,41,4,YYx,XyyXyyy,YYxYYxYYxYXYx,YYYxYYxYYYxYYxYYYxYYxYYYxYYxYYYxYYxYYYxYYxYXyyyXyyXyyyXyyXyyyXyyXyyyXyyXyyyXyyXyx,94,22,18
aca_81,42,4,YxxYxxx,XXy,YXyXXyXXXyXXyXYxxxYxxYxxx,YXyXXyXXyXXyXXyXXyxYxxYxxYxxYxxYxxYxx,62,22,18
aca_81,43,4,xxxyxxy,xxy,YXyxxxyxxyxxxyxxyxxxyXYXX,YXyxxyxxyxxyxxyxxyxYXXYXXYXXYXXYXXYXX,62,22,18
aca_81,44,4,xyy,xyyxyyy,YYYYXYYXYYXYYXYYX,YYYXYYXYYYXYYXYYYXYYXYYYXYYXYYYXYYXYYYXyxyyxyyyxyyxyyyxyyxyyyxyyxyyyxyyxyyyxYXYYX,98,22,18
aca_81,45,4,YYYxYYx,Xyyy,YYYxYYxYYYxyXyyXyyyXyyXyx,YYYxYYYxYYYxYYYxYYYxYYYxYXyyyXyyyXyyyXyyyXyyyXyx,73,22,18
aca_81,46,4,YYxYYxYx,Xyy,YYxYYxYxYYxYYxyXyXyyXyyXyXyx,YYxYYxYYxYYxYYxYYxYXyyXyyXyyXyyXyyXyx,65,22,18
aca_81,47,4,Yxx,XXyXXyXy,YYxxYxxYxxYxx,YXyXyXXyXXyXyXXyXXyXyXXyXXyXyXXyXXyXyXXyXXyxYxYxxYxxYxYxxYxxYxYxxYxxYxYxxYxxYxYxxYxxYxYxxYxx,105,22,18
aca_81,48,4,Yxxx,XXXyXXy,YXyXYxxxYxxxYxxx,YXyXXyXXXyXXyXXXyXXyXXXyXXyXXXyXXyXXXyxYxxYxxxYxxYxxxYxxYxxxYxxYxxxYxxYxxxYxxYxxx,97,22,18
aca_81,49,4,xxxy,xxxyxxy,YXYXXXYXXXYXXXYXXX,YXyxxxyxxyxxxyxxyxxxyxxyxxxyxxyxxxyxxyxYXXXYXXYXXXYXXYXXXYXXYXXXYXXYXXXYXXYXXXYXX,99,22,18
aca_81,50,4,xxy,xxyxxyxy,YXYXYXXYXXYXXYXXYXX,YXYXyxxyxxyxyxxyxxyxyxxyxxyxyxxyxxyxyxxyxxyxyxYXXYXXYXYXXYXXYXYXXYXXYXYXXYXXYXYXXYXXYXYXXYXX,111,22,18
aca_85,0,0,x,y,YXXXyxx,YYYYYYYXyyyyyyx,22,22,18
aca_85,1,1,Yx,y,YXyXyXyxYx,YYYYYYYXyyyyyyx,25,22,18
aca_85,2,1,x,Xy,YXXXyxx,YXyXyXyXyXyXyxYxYxYxYxYxYx,33,22,18
aca_85,3,1,x,xy,YXXXyxx,YXYXYXYXYXYXYXyxyxyxyxyxyx,33,22,18
aca_85,4,1,xy,y,YXYXYXyxyx,YYYYYYYXyyyyyyx,25,22,18
aca_85,5,2,YYx,y,YYxYYxyXyyXYx,YYYYYYYXyyyyyyx,28,22,18
aca_85,6,2,x,XXy,YXXXyxx,YXyXXyXXyXXyXXyXXyxYxxYxxYxxYxxYxxYxx,44,22,18
aca_85,7,2,x,xxy,YXXXyxx,YXyxxyxxyxxyxxyxxyxYXXYXXYXXYXXYXXYXX,44,22,18
aca_85,8,2,xyy,y,YYXYYXyxyyxYX,YYYYYYYXyyyyyyx,28,22,18
aca_85,9,2,Yx,Xyy,YXyXyXyxYx,YYxYYxYYxYYxYYxYYxYXyyXyyXyyXyyXyyXyx,47,22,18
aca_85,10,2,Yxx,Xy,YXyXXyXXyxYxx,YXyXyXyXyXyXyxYxYxYxYxYxYx,39,22,18
aca_85,11,2,xxy,xy,YXyxxyxYXXYXX,YXYXYXYXYXYXYXyxyxyxyxyxyx,39,22,18
aca_85,12,2,xy,xyy,YXYXYXyxyx,YYXYYXYYXYYXYYXYYXyxyyxyyxyyxyyxyyxYX,47,22,18
aca_85,13,3,YYYx,y,YYYYYYYXyyyyyyx,YYYxYYYxyXyyyXYx,31,22,18
aca_85,14,3,x,XXXy,YXXXyxx,YXyXXXyXXXyXXXyXXXyXXXyxYxxxYxxxYxxxYxxxYxxxYxxx,55,22,18
aca_85,15,3,x,xxxy,YXXXyxx,YXyxxxyxxxyxxxyxxxyxxxyxYXXXYXXXYXXXYXXXYXXXYXXX,55,22,18
aca_85,16,3,xyyy,y,YYYYYYYXyyyyyyx,YYYXYYYXyxyyyxYX,31,22,18
aca_85,17,3,YYx,Xyyy,YYxYYxyXyyXYx,YYYxYYYxYYYxYYYxYYYxYYYxYXyyyXyyyXyyyXyyyXyyyXyx,61,22,18
aca_85,18,3,Yx,XyXyy,YXyXyXyxYx,YYxYxYYxYxYYxYxYYxYxYYxYxYYxYxYXyyXyXyyXyXyyXyXyyXyXyyXyXyx,69,22,18
aca_85,19,3,YxYxx,Xy,YXyXyXXyXyXXyxYxYxx,YXyXyXyXyXyXyxYxYxYxYxYxYx,45,22,18
aca_85,20,3,Yxxx,XXy,YXyXXXyXXXyxYxxx,YXyXXyXXyXXyXXyXXyxYxxYxxYxxYxxYxxYxx,53,22,18
aca_85,21,3,xxxy,xxy,YXyxxxyxYXXXYXXX,YXyxxyxxyxxyxxyxxyxYXXYXXYXXYXXYXXYXX,53,22,18
aca_85,22,3,xxyxy,xy,YXYXyxxyxyxYXXYXYXX,YXYXYXYXYXYXYXyxyxyxyxyxyx,45,22,18
aca_85,23,3,xy,xyxyy,YXYXYXyxyx,YYXYXYYXYXYYXYXYYXYXYYXYXYYXyxyxyyxyxyyxyxyyxyxyyxyxyyxYXYX,69,22,18
aca_85,24,3,xyy,xyyy,YYXYYXyxyyxYX,YYYXYYYXYYYXYYYXYYYXYYYXyxyyyxyyyxyyyxyyyxyyyxYX,61,22,18
aca_85,25,3,YYxYx,Xyy,YYxYxYYxyXyXyyXYxYx,YYxYYxYYxYYxYYxYYxYXyyXyyXyyXyyXyyXyx,56,22,18
aca_85,26,3,Yxx,XXyXy,YXyXXyXXyxYxx,YXyXyXXyXyXXyXyXXyXyXXyXyXXyxYxYxxYxYxxYxYxxYxYxxYxYxxYxYxx,72,22,18
aca_85,27,3,xxy,xxyxy,YXyxxyxYXXYXX,YXYXyxxyxyxxyxyxxyxyxxyxyxxyxyxYXXYXYXXYXYXXYXYXXYXYXXYXYXX,72,22,18
aca_85,28,3,xyxyy,xyy,YYXYXYYXyxyxyyxYXYX,YYXYYXYYXYYXYYXYYXyxyyxyyxyyxyyxyyxYX,56,22,18
aca_85,29,4,YYYYx,y,YYYYYYYXyyyyyyx,YYYYxYYYYxyXyyyyXYx,34,22,18
aca_85,30,4,x,XXXXy,YXXXyxx,YXyXXXXyXXXXyXXXXyXXXXyXXXXyxYxxxxYxxxxYxxxxYxxxxYxxxxYxxxx,66,22,18
aca_85,31,4,x,xxxxy,YXXXyxx,YXyxxxxyxxxxyxxxxyxxxxyxxxxyxYXXXXYXXXXYXXXXYXXXXYXXXXYXXXX,66,22,18
aca_85,32,4,xyyyy,y,YYYYYYYXyyyyyyx,YYYYXYYYYXyxyyyyxYX,34,22,18
aca_85,33,4,YYYx,Xyyyy,YYYxYYYxyXyyyXYx,YYYYxYYYYxYYYYxYYYYxYYYYxYYYYxYXyyyyXyyyyXyyyyXyyyyXyyyyXyx,75,22,18
aca_85,34,4,Yx,XyXyXyy,YXyXyXyxYx,YYxYxYxYYxYxYxYYxYxYxYYxYxYxYYxYxYxYYxYxYxYXyyXyXyXyyXyXyXyyXyXyXyyXyXyXyyXyXyXyx,91,22,18
aca_85,35,4,YxYxYxx,Xy,YXyXyXyXXyXyXyXXyxYxYxYxx,YXyXyXyXyXyXyxYxYxYxYxYxYx,51,22,18
aca_85,36,4,Yxxxx,XXXy,YXyXXXXyXXXXyxYxxxx,YXyXXXyXXXyXXXyXXXyXXXyxYxxxYxxxYxxxYxxxYxxxYxxx,67,22,18
aca_85,37,4,xxxxy,xxxy,YXyxxxxyxYXXXXYXXXX,YXyxxxyxxxyxxxyxxxyxxxyxYXXXYXXXYXXXYXXXYXXXYXXX,67,22,18
aca_85,38,4,xxyxyxy,xy,YXYXYXyxxyxyxyxYXXYXYXYXX,YXYXYXYXYXYXYXyxyxyxyxyxyx,51,22,18
aca_85,39,4,xy,xyxyxyy,YXYXYXyxyx,YYXYXYXYYXYXYXYYXYXYXYYXYXYXYYXYXYXYYXyxyxyxyyxyxyxyyxyxyxyyxyxyxyyxyxyxyyxYXYXYX,91,22,18
aca_85,40,4,xyyy,xyyyy,YYYXYYYXyxyyyxYX,YYYYXYYYYXYYYYXYYYYXYYYYXYYYYXyxyyyyxyyyyxyyyyxyyyyxyyyyxYX,75,22,18
aca_85,41,4,YYx,XyyXyyy,YYxYYxyXyyXYx,YYYxYYxYYYxYYxYYYxYYxYYYxYYxYYYxYYxYYYxYYxYXyyyXyyXyyyXyyXyyyXyyXyyyXyyXyyyXyyXyx,94,22,18
aca_85,42,4,YxxYxxx,XXy,YXyXXyXXXyXXyXXXyxYxxYxxx,YXyXXyXXyXXyXXyXXyxYxxYxxYxxYxxYxxYxx,62,22,18
aca_85,43,4,xxxyxxy,xxy,YXyxxxyxxyxYXXXYXXYXXXYXX,YXyxxyxxyxxyxxyxxyxYXXYXXYXXYXXYXXYXX,62,22,18
aca_85,44,4,xyy,xyyxyyy,YYXYYXyxyyxYX,YYYXYYXYYYXYYXYYYXYYXYYYXYYXYYYXYYXYYYXyxyyxyyyxyyxyyyxyyxyyyxyyxyyyxyyxyyyxYXYYX,94,22,18
aca_85,45,4,YYYxYYx,Xyyy,YYYxYYxYYYxyXyyXyyyXYxYYx,YYYxYYYxYYYxYYYxYYYxYYYxYXyyyXyyyXyyyXyyyXyyyXyx,73,22,18
aca_85,46,4,YYxYYxYx,Xyy,YYxYYxYxYYxYYxyXyXyyXyyXYxYx,YYxYYxYYxYYxYYxYYxYXyyXyyXyyXyyXyyXyx,65,22,18
aca_85,47,4,Yxx,XXyXXyXy,YXyXXyXXyxYxx,YXyXyXXyXXyXyXXyXXyXyXXyXXyXyXXyXXyXyXXyXXyxYxYxxYxxYxYxxYxxYxYxxYxxYxYxxYxxYxYxxYxxYxYxxYxx,105,22,18
aca_85,48,4,Yxxx,XXXyXXy,YXyXXXyXXXyxYxxx,YXyXXyXXXyXXyXXXyXXyXXXyXXyXXXyXXyXXXyxYxxYxxxYxxYxxxYxxYxxxYxxYxxxYxxYxxxYxxYxxx,97,22,18
aca_85,49,4,xxxy,xxxyxxy,YXyxxxyxYXXXYXXX,YXyxxxyxxyxxxyxxyxxxyxxyxxxyxxyxxxyxxyxYXXXYXXYXXXYXXYXXXYXXYXXXYXXYXXXYXXYXXXYXX,97,22,18
aca_85,50,4,xxy,xxyxxyxy,YXyxxyxYXXYXX,YXYXyxxyxxyxyxxyxxyxyxxyxxyxyxxyxxyxyxxyxxyxyxYXXYXXYXYXXYXXYXYXXYXXYXYXXYXXYXYXXYXXYXYXXYXX,105,22,18
aca_87,0,0,x,y,YYXXXYxx,YYYYYYYXyyyyyyx,23,23,20
aca_87,1,1,Yx,y,YYXyXyXYxYx,YYYYYYYXyyyyyyx,26,23,20
aca_87,2,1,x,Xy,YXXYxxxYx,YXyXyXyXyXyXyxYxYxYxYxYxYx,35,23,20
aca_87,3,1,x,xy,YXYXXXXYx,YXYXYXYXYXYXYXyxyxyxyxyxyx,35,23,20
aca_87,4,1,xy,y,YYXYXYXYxyx,YYYYYYYXyyyyyyx,26,23,20
aca_87,5,2,YYx,y,YYXyyXyyXYxYYx,YYYYYYYXyyyyyyx,29,23,20
aca_87,6,2,x,XXy,YXYxxxxYxx,YXyXXyXXyXXyXXyXXyxYxxYxxYxxYxxYxxYxx,47,23,20
aca_87,7,2,x,xxy,YYXXYXXXXX,YXyxxyxxyxxyxxyxxyxYXXYXXYXXYXXYXXYXX,47,23,20
aca_87,8,2,xyy,y,YYXYYXYYXYxyyx,YYYYYYYXyyyyyyx,29,23,20
aca_87,9,2,Yx,Xyy,YYxYXyXYxYxYx,YYxYYxYYxYYxYYxYYxYXyyXyyXyyXyyXyyXyx,50,23,20
aca_87,10,2,Yxx,Xy,YXyXXyXYxxYxxYx,YXyXyXyXyXyXyxYxYxYxYxYxYx,41,23,20
aca_87,11,2,xxy,xy,YXYXXYXXYXXYxyx,YXYXYXYXYXYXYXyxyxyxyxyxyx,41,23,20
aca_87,12,2,xy,xyy,YYXYXYXYXYxYX,YYXYYXYYXYYXYYXYYXyxyyxyyxyyxyyxyyxYX,50,23,20
aca_87,13,3,YYYx,y,YYYYYYYXyyyyyyx,YYYxYYYxyyXyyyXyx,32,23,20
aca_87,14,3,x,XXXy,YYxxxxxYxxx,YXyXXXyXXXyXXXyXXXyXXXyxYxxxYxxxYxxxYxxxYxxxYxxx,59,23,20
aca_87,15,3,x,xxxy,YXYXXXYXXXXXX,YXyxxxyxxxyxxxyxxxyxxxyxYXXXYXXXYXXXYXXXYXXXYXXX,61,23,20
aca_87,16,3,xyyy,y,YYYYYYYXyyyyyyx,YYYXYYYXYxyyyxYYX,32,23,20
aca_87,17,3,YYx,Xyyy,YYYxYXyyXYxYYxYYx,YYYxYYYxYYYxYYYxYYYxYYYxYXyyyXyyyXyyyXyyyXyyyXyx,65,23,20
aca_87,18,3,Yx,XyXyy,YYxYxYXYxYxYxYx,YYxYxYYxYxYYxYxYYxYxYYxYxYYxYxYXyyXyXyyXyXyyXyXyyXyXyyXyXyx,74,23,20
aca_87,19,3,YxYxx,Xy,YXyXyXXyXyXYxxYxYxxYx,YXyXyXyXyXyXyxYxYxYxYxYxYx,47,23,20
aca_87,20,3,Yxxx,XXy,YXyXXXyXYxxxYxxxYxx,YXyXXyXXyXXyXXyXXyxYxxYxxYxxYxxYxxYxx,56,23,20
aca_87,21,3,xxxy,xxy,YXyxxxyxxxyxxxyxxyX,YXyxxyxxyxxyxxyxxyxYXXYXXYXXYXXYXXYXX,56,23,20
aca_87,22,3,xxyxy,xy,YXYXyxxyxyxxyxyxxyxyX,YXYXYXYXYXYXYXyxyxyxyxyxyx,47,23,20
aca_87,23,3,xy,xyxyy,YYYXYXYYXYXYXYXYX,YYXYXYYXYXYYXYXYYXYXYYXYXYYXyxyxyyxyxyyxyxyyxyxyyxyxyyxYXYX,76,23,20
aca_87,24,3,xyy,xyyy,YYYXYYXYYXYYXYxYX,YYYXYYYXYYYXYYYXYYYXYYYXyxyyyxyyyxyyyxyyyxyyyxYX,65,23,20
aca_87,25,3,YYxYx,Xyy,YYxYXyyXyXyyXYxYxYYxYx,YYxYYxYYxYYxYYxYYxYXyyXyyXyyXyyXyyXyx,59,23,20
aca_87,26,3,Yxx,XXyXy,YXyXYxxYxxYxxYxYxx,YXyXyXXyXyXXyXyXXyXyXXyXyXXyxYxYxxYxYxxYxYxxYxYxxYxYxxYxYxx,77,23,20
aca_87,27,3,xxy,xxyxy,YYXXYXYXXYXXYXXYXX,YXYXyxxyxyxxyxyxxyxyxxyxyxxyxyxYXXYXYXXYXYXXYXYXXYXYXXYXYXX,77,23,20
aca_87,28,3,xyxyy,xyy,YYXYXYYXYXYYXYXYxyyxYX,YYXYYXYYXYYXYYXYYXyxyyxyyxyyxyyxyyxYX,59,23,20
aca_87,29,4,YYYYx,y,YYYYYYYXyyyyyyx,YYYYxYYYYxyyXyyyyXyx,35,23,20
aca_87,30,4,x,XXXXy,YxYxxxxxxYxxxx,YXyXXXXyXXXXyXXXXyXXXXyXXXXyxYxxxxYxxxxYxxxxYxxxxYxxxxYxxxx,73,23,20
aca_87,31,4,x,xxxxy,YXXYXXXXYXXXXXXX,YXyxxxxyxxxxyxxxxyxxxxyxxxxyxYXXXXYXXXXYXXXXYXXXXYXXXXYXXXX,75,23,20
aca_87,32,4,xyyyy,y,YYYYYYYXyyyyyyx,YYYYXYYYYXYxyyyyxYYX,35,23,20
aca_87,33,4,YYYx,Xyyyy,YYYYxYXyyyXYxYYYxYYYx,YYYYxYYYYxYYYYxYYYYxYYYYxYYYYxYXyyyyXyyyyXyyyyXyyyyXyyyyXyx,80,23,20
aca_87,34,4,Yx,XyXyXyy,YYYxYxYxYxYxYYxYxYx,YYxYxYxYYxYxYxYYxYxYxYYxYxYxYYxYxYxYYxYxYxYXyyXyXyXyyXyXyXyyXyXyXyyXyXyXyyXyXyXyx,100,23,20
aca_87,35,4,YxYxYxx,Xy,YXyXyXyXyXyXyxYxYxYxYxYxYx,YXyXyXyXXyXyXyXYxxYxYxYxxYx,53,23,20
aca_87,36,4,Yxxxx,XXXy,YXyXXXXyXYxxxxYxxxxYxxx,YXyXXXyXXXyXXXyXXXyXXXyxYxxxYxxxYxxxYxxxYxxxYxxx,71,23,20
aca_87,37,4,xxxxy,xxxy,YXyxxxxyxxxxyxxxxyxxxyX,YXyxxxyxxxyxxxyxxxyxxxyxYXXXYXXXYXXXYXXXYXXXYXXX,71,23,20
aca_87,38,4,xxyxyxy,xy,YXYXYXYXYXYXYXyxyxyxyxyxyx,YXYXYXyxxyxyxyxxyxyxyxxyxyX,53,23,20
aca_87,39,4,xy,xyxyxyy,YYXYYXYXYXYYXYXYXYXYXYX,YYXYXYXYYXYXYXYYXYXYXYYXYXYXYYXYXYXYYXyxyxyxyyxyxyxyyxyxyxyyxyxyxyyxyxyxyyxYXYXYX,104,23,20
aca_87,40,4,xyyy,xyyyy,YYYYXYYYXYYYXYYYXYxYX,YYYYXYYYYXYYYYXYYYYXYYYYXYYYYXyxyyyyxyyyyxyyyyxyyyyxyyyyxYX,80,23,20
aca_87,41,4,YYx,XyyXyyy,YYYxYYxYXYxYYxYYxYYx,YYYxYYxYYYxYYxYYYxYYxYYYxYYxYYYxYYxYYYxYYxYXyyyXyyXyyyXyyXyyyXyyXyyyXyyXyyyXyyXyx,101,23,20
aca_87,42,4,YxxYxxx,XXy,YXyXXyXXXyXXyXYxxxYxxYxxxYxx,YXyXXyXXyXXyXXyXXyxYxxYxxYxxYxxYxxYxx,65,23,20
aca_87,43,4,xxxyxxy,xxy,YXyxxxyxxyxxxyxxyxxxyxxyXYXX,YXyxxyxxyxxyxxyxxyxYXXYXXYXXYXXYXXYXX,65,23,20
aca_87,44,4,xyy,xyyxyyy,YYYYXYYXYYYXYYXYYXYYXYYX,YYYXYYXYYYXYYXYYYXYYXYYYXYYXYYYXYYXYYYXyxyyxyyyxyyxyyyxyyxyyyxyyxyyyxyyxyyyxYXYYX,105,23,20
aca_87,45,4,YYYxYYx,Xyyy,YYYxYYxYYYxYXyyyXyyXyyyXYxYYx,YYYxYYYxYYYxYYYxYYYxYYYxYXyyyXyyyXyyyXyyyXyyyXyx,77,23,20
aca_87,46,4,YYxYYxYx,Xyy,YYxYYxYxYYxYYxyXyyXyXyyXyyXyXyx,YYxYYxYYxYYxYYxYYxYXyyXyyXyyXyyXyyXyx,68,23,20
aca_87,47,4,Yxx,XXyXXyXy,YYxxYxxYxxYxxYxYxxYxx,YXyXyXXyXXyXyXXyXXyXyXXyXXyXyXXyXXyXyXXyXXyxYxYxxYxxYxYxxYxxYxYxxYxxYxYxxYxxYxYxxYxxYxYxxYxx,113,23,20
aca_87,48,4,Yxxx,XXXyXXy,YXyXYxxxYxxxYxxxYxxYxxx,YXyXXyXXXyXXyXXXyXXyXXXyXXyXXXyXXyXXXyxYxxYxxxYxxYxxxYxxYxxxYxxYxxxYxxYxxxYxxYxxx,104,23,20
aca_87,49,4,xxxy,xxxyxxy,YXYXXXYXXYXXXYXXXYXXXYXXX,YXyxxxyxxyxxxyxxyxxxyxxyxxxyxxyxxxyxxyxYXXXYXXYXXXYXXYXXXYXXYXXXYXXYXXXYXXYXXXYXX,106,23,20
aca_87,50,4,xxy,xxyxxyxy,YXYXYXXYXXYXYXXYXXYXXYXXYXX,YXYXyxxyxxyxyxxyxxyxyxxyxxyxyxxyxxyxyxxyxxyxyxYXXYXXYXYXXYXXYXYXXYXXYXYXXYXXYXYXXYXXYXYXXYXX,119,23,20
aca_88,0,0,x,y,YYXXXyxx,YYYYYXXYxyXyXyx,23,23,19
aca_88,1,1,Yx,y,YYXyXyXyxYx,YYYYYXyXYxyXyyXyx,28,23,19
aca_88,2,1,x,Xy,YXXXyxxYx,YXYxyXXyXXyxYxYxYxYx,29,23,19
aca_88,3,1,x,xy,YXYXXXyxx,YYYXyxxxyxyxyxyxyX,27,23,19
aca_88,4,1,xy,y,YYXYXYXyxyx,YYYYYXYXYxyXXyx,26,23,19
aca_88,5,2,YYx,y,YYXyyXyyXyxYYx,YYYYYXyyXYxyXyyyXyx,33,23,19
aca_88,6,2,x,XXy,YXXXyxxYxx,YYxyXXXyXXXyxYxxYxxYxxYxx,35,23,19
aca_88,7,2,x,xxy,YXXYXXXyxx,YXYXYXyxxxxyxxyxxyxxyxxyX,35,23,19
aca_88,8,2,xyy,y,YYXYYXYYXyxyyx,YYYYYXYYXYxyXYXyx,31,23,19
aca_88,9,2,Yx,Xyy,YYxYXyXyXyxYx,YYxYYxYYxYYxYXYxyXyXyyXyXyx,40,23,19
aca_88,10,2,Yxx,Xy,YXyXXyXXyxYxxYx,YXyXYxyXXyXyXXyxYxYxYxYx,39,23,19
aca_88,11,2,xxy,xy,YXYXXYXXYXyxxyx,YXYXYXYXYXXYXXYxyXyx,35,23,19
aca_88,12,2,xy,xyy,YYXYXYXyxyxYX,YYYYXyxyxyxyyxyyxyyxyyxyX,38,23,19
aca_88,13,3,YYYx,y,YYYxYYYxyyXyyyXYx,YYYYYXyyyXYxyXyyyyXyx,38,23,19
aca_88,14,3,x,XXXy,YXXXyxxYxxx,YXyXyXXXyXXXyXXXyXXXyXYxxxxYxxxx,43,23,19
aca_88,15,3,x,xxxy,YXXXYXXXyxx,YXyxxxxxyxxxyxxxyxxxyxxxyXYXXYXX,43,23,19
aca_88,16,3,xyyy,y,YYYXYYYXyxyyyxYYX,YYYYYXYYYXYxyXYYXyx,36,23,19
aca_88,17,3,YYx,Xyyy,YYYxYXyyXyyXyxYYx,YYYxYYYxYYYxYYYxYXYxyXyyXyyyXyyXyx,51,23,19
aca_88,18,3,Yx,XyXyy,YYxYxYXyXyXyxYx,YYYxyXyXyXyyXyXyXyxYYxYxYYxYxYYxYxYYxYx,54,23,19
aca_88,19,3,YxYxx,Xy,YXyXyXXyXyXXyxYxYxxYx,YXyXyXYxyXXyXyXyXXyxYxYxYxYx,49,23,19
aca_88,20,3,Yxxx,XXy,YXyXXXyXXXyxYxxxYxx,YXyXYxyXXXyXXyXXXyxYxxYxxYxxYxx,50,23,19
aca_88,21,3,xxxy,xxy,YXyxxxyxYXXYXXXYXXX,YYXyxxxyxxxyxxyxxyxxyxxyX,44,23,19
aca_88,22,3,xxyxy,xy,YXYXyxxyxyxYXYXXYXYXX,YXYXYXYXYXXYXYXXYxyXYXyx,45,23,19
aca_88,23,3,xy,xyxyy,YYXYXYXyxyxYXYX,YYXYYXYYXyxyxyxyxyyxyxyyxyxyyxyxyyxyxyX,54,23,19
aca_88,24,3,xyy,xyyy,YYYXYYXYYXyxyyxYX,YYYYYXyxyyxyyxyyyxyyyxyyyxyyyxyX,49,23,19
aca_88,25,3,YYxYx,Xyy,YYxYXyyXyXyyXyXyxYYxYx,YYxYYxYYxYYxYXyyXYxyXyXyyXyyXyXyx,55,23,19
aca_88,26,3,Yxx,XXyXy,YXyXXyXXyxYxxYxYxx,YYxyXXyXXyXyXXyXXyxYxYxxYxYxxYxYxxYxYxx,57,23,19
aca_88,27,3,xxy,xxyxy,YXYXXYXXYXyxxyxYXX,YXYXYXYXyxxyxxyxxyxyxxyxyxxyxyxxyxyxxyX,57,23,19
aca_88,28,3,xyxyy,xyy,YYXYXYYXYXYYXyxyxyyxYX,YYXYYXYYXYYXYXYYXYXYxyXyxYX,49,23,19
aca_88,29,4,YYYYx,y,YYYYxYYYYxyyXyyyyXYx,YYYYYXyyyyXYxyXyyyyyXyx,43,23,19
aca_88,30,4,x,XXXXy,YXXXyxxYxxxx,YXyXXyXXXXyXXXXyXXXXyXXXXyXYxxxxxYxxxxx,51,23,19
aca_88,31,4,x,xxxxy,YXXXyxxYXXXX,YXyxxxxxxyxxxxyxxxxyxxxxyxxxxyXYXXXYXXX,51,23,19
aca_88,32,4,xyyyy,y,YYYYXYYYYXyxyyyyxYYX,YYYYYXYYYYXYxyXYYYXyx,41,23,19
aca_88,33,4,YYYx,Xyyyy,YYYYxYXyyyXyyyXyxYYYx,YYYYxYYYYxYYYYxYYYYxYXYxyXyyyXyyyyXyyyXyx,62,23,19
aca_88,34,4,Yx,XyXyXyy,YYxYxYxYXyXyXyxYx,YYxYYxyXyXyXyXyyXyXyXyXyxYYxYxYxYYxYxYxYYxYxYxYYxYxYx,70,23,19
aca_88,35,4,YxYxYxx,Xy,YXyXyXyXXyXyXyXXyxYxYxYxxYx,YXyXyXyXYxyXXyXyXyXyXXyxYxYxYxYx,59,23,19
aca_88,36,4,Yxxxx,XXXy,YXyXXXXyXXXXyxYxxxxYxxx,YXyXYxyXXXXyXXXyXXXXyxYxxxYxxxYxxxYxxx,61,23,19
aca_88,37,4,xxxxy,xxxy,YXyxxxxyxYXXXYXXXXYXXXX,YXYXyxxxxyxxxxyxxxyxxxyxxxyxxxyX,55,23,19
aca_88,38,4,xxyxyxy,xy,YXYXYXyxxyxyxyxYXYXXYXYXYXX,YXYXYXYXYXXYXYXYXXYxyXYXYXyx,55,23,19
aca_88,39,4,xy,xyxyxyy,YYXYXYXyxyxYXYXYX,YYXYXYYXYXYYXyxyxyxyxyxyyxyxyxyyxyxyxyyxyxyxyyxyxyxyX,70,23,19
aca_88,40,4,xyyy,xyyyy,YYYYXYYYXYYYXyxyyyxYX,YYYYYYXyxyyyxyyyxyyyyxyyyyxyyyyxyyyyxyX,60,23,19
aca_88,41,4,YYx,XyyXyyy,YYYxYYxYXyyXyyXyxYYx,YYYYxyXyyXyyXyyyXyyXyyXyxYYYxYYxYYYxYYxYYYxYYxYYYxYYx,73,23,19
aca_88,42,4,YxxYxxx,XXy,YXyXXyXXXyXXyXXXyxYxxYxxxYxx,YXyXXyXYxyXXXyXXyXXyXXXyxYxxYxxYxxYxx,65,23,19
aca_88,43,4,xxxyxxy,xxy,YXyxxxyxxyxYXXYXXXYXXYXXXYXX,YXyxYXXYXXYXXYXXYXXXYXXYXXXYxyX,59,23,19
aca_88,44,4,xyy,xyyxyyy,YYYXYYXYYXyxyyxYXYYX,YYYXYYYXYYYXyxyyxyyxyyxyyyxyyxyyyxyyxyyyxyyxyyyxyyxyX,73,23,19
aca_88,45,4,YYYxYYx,Xyyy,YYYxYYxYYYxYXyyyXyyXyyyXyyXyx,YYYxYYYxYYYxYYYxYXyyyXYxyXyyXyyyXyyyXyyXyx,71,23,19
aca_88,46,4,YYxYYxYx,Xyy,YYxYYxYxYYxYYxyXyyXyXyyXyyXYxYx,YYxYYxYYxYYxYXyyXyyXYxyXyXyyXyyXyyXyXyx,70,23,19
aca_88,47,4,Yxx,XXyXXyXy,YXyXXyXXyxYxxYxYxxYxx,YXyXyXyXXyXXyXyXXyXXyXyXXyXXyXyXXyXXyXyXYxxYxxYxxYxYxxYxxYxx,81,23,19
aca_88,48,4,Yxxx,XXXyXXy,YXyXXXyXXXyxYxxxYxxYxxx,YXyXyXXXyXXyXXXyXXyXXXyXXyXXXyXXyXYxxxYxxxYxxYxxxYxxx,76,23,19
aca_88,49,4,xxxy,xxxyxxy,YXyxxxyxYXXXYXXYXXXYXXX,YXyxxxyxxxyxxxyxxyxxxyxxyxxxyxxyxxxyxxyxxxyXYXXYXXYXX,76,23,19
aca_88,50,4,xxy,xxyxxyxy,YXYXXYXXYXyxxyxYXXYXX,YXYXyxxyxxyxxyxxyxyxxyxxyxyxxyxxyxyxxyxxyxyxxyxxyXYXYXXYXYXX,81,23,19
aca_90,0,0,x,y,YYXXXyxx,YYYYYYYXyyyyyyx,23,23,20
aca_90,1,1,Yx,y,YYXyXyXyxYx,YYYYYYYXyyyyyyx,26,23,20
aca_90,2,1,x,Xy,YXXXyxxYx,YXyXyXyXyXyXyxYxYxYxYxYxYx,35,23,20
aca_90,3,1,x,xy,YXYXXXyxx,YXYXYXYXYXYXYXyxyxyxyxyxyx,35,23,20
aca_90,4,1,xy,y,YYXYXYXyxyx,YYYYYYYXyyyyyyx,26,23,20
aca_90,5,2,YYx,y,YYXyyXyyXyxYYx,YYYYYYYXyyyyyyx,29,23,20
aca_90,6,2,x,XXy,YXXXyxxYxx,YXyXXyXXyXXyXXyXXyxYxxYxxYxxYxxYxxYxx,47,23,20
aca_90,7,2,x,xxy,YXXYXXXyxx,YXyxxyxxyxxyxxyxxyxYXXYXXYXXYXXYXXYXX,47,23,20
aca_90,8,2,xyy,y,YYXYYXYYXyxyyx,YYYYYYYXyyyyyyx,29,23,20
aca_90,9,2,Yx,Xyy,YYxYXyXyXyxYx,YYxYYxYYxYYxYYxYYxYXyyXyyXyyXyyXyyXyx,50,23,20
aca_90,10,2,Yxx,Xy,YXyXXyXXyxYxxYx,YXyXyXyXyXyXyxYxYxYxYxYxYx,41,23,20
aca_90,11,2,xxy,xy,YXYXXYXXYXyxxyx,YXYXYXYXYXYXYXyxyxyxyxyxyx,41,23,20
aca_90,12,2,xy,xyy,YYXYXYXyxyxYX,YYXYYXYYXYYXYYXYYXyxyyxyyxyyxyyxyyxYX,50,23,20
aca_90,13,3,YYYx,y,YYYYYYYXyyyyyyx,YYYxYYYxyyXyyyXYx,32,23,20
aca_90,14,3,x,XXXy,YXXXyxxYxxx,YXyXXXyXXXyXXXyXXXyXXXyxYxxxYxxxYxxxYxxxYxxxYxxx,59,23,20
aca_90,15,3,x,xxxy,YXXXYXXXyxx,YXyxxxyxxxyxxxyxxxyxxxyxYXXXYXXXYXXXYXXXYXXXYXXX,59,23,20
aca_90,16,3,xyyy,y,YYYYYYYXyyyyyyx,YYYXYYYXyxyyyxYYX,32,23,20
aca_90,17,3,YYx,Xyyy,YYYxYXyyXyyXyxYYx,YYYxYYYxYYYxYYYxYYYxYYYxYXyyyXyyyXyyyXyyyXyyyXyx,65,23,20
aca_90,18,3,Yx,XyXyy,YYxYxYXyXyXyxYx,YYxYxYYxYxYYxYxYYxYxYYxYxYYxYxYXyyXyXyyXyXyyXyXyyXyXyyXyXyx,74,23,20
aca_90,19,3,YxYxx,Xy,YXyXyXXyXyXXyxYxYxxYx,YXyXyXyXyXyXyxYxYxYxYxYxYx,47,23,20
aca_90,20,3,Yxxx,XXy,YXyXXXyXXXyxYxxxYxx,YXyXXyXXyXXyXXyXXyxYxxYxxYxxYxxYxxYxx,56,23,20
aca_90,21,3,xxxy,xxy,YXyxxxyxYXXYXXXYXXX,YXyxxyxxyxxyxxyxxyxYXXYXXYXXYXXYXXYXX,56,23,20
aca_90,22,3,xxyxy,xy,YXYXyxxyxyxYXYXXYXYXX,YXYXYXYXYXYXYXyxyxyxyxyxyx,47,23,20
aca_90,23,3,xy,xyxyy,YYXYXYXyxyxYXYX,YYXYXYYXYXYYXYXYYXYXYYXYXYYXyxyxyyxyxyyxyxyyxyxyyxyxyyxYXYX,74,23,20
aca_90,24,3,xyy,xyyy,YYYXYYXYYXyxyyxYX,YYYXYYYXYYYXYYYXYYYXYYYXyxyyyxyyyxyyyxyyyxyyyxYX,65,23,20
aca_90,25,3,YYxYx,Xyy,YYxYXyyXyXyyXyXyxYYxYx,YYxYYxYYxYYxYYxYYxYXyyXyyXyyXyyXyyXyx,59,23,20
aca_90,26,3,Yxx,XXyXy,YXyXXyXXyxYxxYxYxx,YXyXyXXyXyXXyXyXXyXyXXyXyXXyxYxYxxYxYxxYxYxxYxYxxYxYxxYxYxx,77,23,20
aca_90,27,3,xxy,xxyxy,YXYXXYXXYXyxxyxYXX,YXYXyxxyxyxxyxyxxyxyxxyxyxxyxyxYXXYXYXXYXYXXYXYXXYXYXXYXYXX,77,23,20
aca_90,28,3,xyxyy,xyy,YYXYXYYXYXYYXyxyxyyxYX,YYXYYXYYXYYXYYXYYXyxyyxyyxyyxyyxyyxYX,59,23,20
aca_90,29,4,YYYYx,y,YYYYYYYXyyyyyyx,YYYYxYYYYxyyXyyyyXYx,35,23,20
aca_90,30,4,x,XXXXy,YXXXyxxYxxxx,YXyXXXXyXXXXyXXXXyXXXXyXXXXyxYxxxxYxxxxYxxxxYxxxxYxxxxYxxxx,71,23,20
aca_90,31,4,x,xxxxy,YXXXyxxYXXXX,YXyxxxxyxxxxyxxxxyxxxxyxxxxyxYXXXXYXXXXYXXXXYXXXXYXXXXYXXXX,71,23,20
aca_90,32,4,xyyyy,y,YYYYYYYXyyyyyyx,YYYYXYYYYXyxyyyyxYYX,35,23,20
aca_90,33,4,YYYx,Xyyyy,YYYYxYXyyyXyyyXyxYYYx,YYYYxYYYYxYYYYxYYYYxYYYYxYYYYxYXyyyyXyyyyXyyyyXyyyyXyyyyXyx,80,23,20
aca_90,34,4,Yx,XyXyXyy,YYxYxYxYXyXyXyxYx,YYxYxYxYYxYxYxYYxYxYxYYxYxYxYYxYxYxYYxYxYxYXyyXyXyXyyXyXyXyyXyXyXyyXyXyXyyXyXyXyx,98,23,20
aca_90,35,4,YxYxYxx,Xy,YXyXyXyXyXyXyxYxYxYxYxYxYx,YXyXyXyXXyXyXyXXyxYxYxYxxYx,53,23,20
aca_90,36,4,Yxxxx,XXXy,YXyXXXXyXXXXyxYxxxxYxxx,YXyXXXyXXXyXXXyXXXyXXXyxYxxxYxxxYxxxYxxxYxxxYxxx,71,23,20
aca_90,37,4,xxxxy,xxxy,YXyxxxxyxYXXXYXXXXYXXXX,YXyxxxyxxxyxxxyxxxyxxxyxYXXXYXXXYXXXYXXXYXXXYXXX,71,23,20
aca_90,38,4,xxyxyxy,xy,YXYXYXYXYXYXYXyxyxyxyxyxyx,YXYXYXyxxyxyxyxYXYXXYXYXYXX,53,23,20
aca_90,39,4,xy,xyxyxyy,YYXYXYXyxyxYXYXYX,YYXYXYXYYXYXYXYYXYXYXYYXYXYXYYXYXYXYYXyxyxyxyyxyxyxyyxyxyxyyxyxyxyyxyxyxyyxYXYXYX,98,23,20
aca_90,40,4,xyyy,xyyyy,YYYYXYYYXYYYXyxyyyxYX,YYYYXYYYYXYYYYXYYYYXYYYYXYYYYXyxyyyyxyyyyxyyyyxyyyyxyyyyxYX,80,23,20
aca_90,41,4,YYx,XyyXyyy,YYYxYYxYXyyXyyXyxYYx,YYYxYYxYYYxYYxYYYxYYxYYYxYYxYYYxYYxYYYxYYxYXyyyXyyXyyyXyyXyyyXyyXyyyXyyXyyyXyyXyx,101,23,20
aca_90,42,4,YxxYxxx,XXy,YXyXXyXXXyXXyXXXyxYxxYxxxYxx,YXyXXyXXyXXyXXyXXyxYxxYxxYxxYxxYxxYxx,65,23,20
aca_90,43,4,xxxyxxy,xxy,YXyxxxyxxyxYXXYXXXYXXYXXXYXX,YXyxxyxxyxxyxxyxxyxYXXYXXYXXYXXYXXYXX,65,23,20
aca_90,44,4,xyy,xyyxyyy,YYYXYYXYYXyxyyxYXYYX,YYYXYYXYYYXYYXYYYXYYXYYYXYYXYYYXYYXYYYXyxyyxyyyxyyxyyyxyyxyyyxyyxyyyxyyxyyyxYXYYX,101,23,20
aca_90,45,4,YYYxYYx,Xyyy,YYYxYYxYYYxYXyyyXyyXyyyXyyXyx,YYYxYYYxYYYxYYYxYYYxYYYxYXyyyXyyyXyyyXyyyXyyyXyx,77,23,20
aca_90,46,4,YYxYYxYx,Xyy,YYxYYxYxYYxYYxyXyyXyXyyXyyXYxYx,YYxYYxYYxYYxYYxYYxYXyyXyyXyyXyyXyyXyx,68,23,20
aca_90,47,4,Yxx,XXyXXyXy,YXyXXyXXyxYxxYxYxxYxx,YXyXyXXyXXyXyXXyXXyXyXXyXXyXyXXyXXyXyXXyXXyxYxYxxYxxYxYxxYxxYxYxxYxxYxYxxYxxYxYxxYxxYxYxxYxx,113,23,20
aca_90,48,4,Yxxx,XXXyXXy,YXyXXXyXXXyxYxxxYxxYxxx,YXyXXyXXXyXXyXXXyXXyXXXyXXyXXXyXXyXXXyxYxxYxxxYxxYxxxYxxYxxxYxxYxxxYxxYxxxYxxYxxx,104,23,20
aca_90,49,4,xxxy,xxxyxxy,YXyxxxyxYXXXYXXYXXXYXXX,YXyxxxyxxyxxxyxxyxxxyxxyxxxyxxyxxxyxxyxYXXXYXXYXXXYXXYXXXYXXYXXXYXXYXXXYXXYXXXYXX,104,23,20
aca_90,50,4,xxy,xxyxxyxy,YXYXXYXXYXyxxyxYXXYXX,YXYXyxxyxxyxyxxyxxyxyxxyxxyxyxxyxxyxyxxyxxyxyxYXXYXXYXYXXYXXYXYXXYXXYXYXXYXXYXYXXYXXYXYXXYXX,113,23,20
aca_95,0,0,x,y,YXXYxYxxx,YYYXyyyXXyxx,21,21,19
aca_95,1,1,Yx,y,YYxYxYxYXyXYx,YYYYxyyyXyXYxYx,28,21,19
aca_95,2,1,x,Xy,YXYxxYxxxx,YXyXyXyXXXyxxYxYx,27,21,19
aca_95,3,1,x,xy,YYxxYXXX,YXYXYXyxyxyXyxx,23,21,19
aca_95,4,1,xy,y,YXYXYxxyxyx,YYYXyyXYXyxyx,24,21,19
aca_95,5,2,YYx,y,YYYxYYxYYxYXyyXYx,YYYYYxyyyXyyXYxYYx,35,21,19
aca_95,6,2,x,XXy,YYxxxYxxxxx,YXyXXyXXyXXXXyxxYxxYxx,33,21,19
aca_95,7,2,x,xxy,YXYxYXXXX,YYXXYXXYxyxxyxxyXX,27,21,19
aca_95,8,2,xyy,y,YYYXyXYYXyxyyx,YYXYYXYXyxyyxyX,29,21,19
aca_95,9,2,Yx,Xyy,YYxYxYxYxYXYxYx,YYxYYxYYxyXyyXyyXyXYxYxYx,40,21,19
aca_95,10,2,Yxx,Xy,YXyXYxxYxYxxYxxYxx,YXyXyXyXyXXyXXyxYxxYxYx,41,21,19
aca_95,11,2,xxy,xy,YXXYXXYxxyxxyx,YXYXYXyxyXYXyxxyx,31,21,19
aca_95,12,2,xy,xyy,YYxyxYXYXYX,YYXYYXyxyyxyXyxyxYX,30,21,19
aca_95,13,3,YYYx,y,YYYYYYxyyyXyyyXYxYYYx,YYYYxYYYxYYYxYXyyyXYx,42,21,19
aca_95,14,3,x,XXXy,YxYxxxxYxxxxxx,YXyXXXyXXXyXXXXXyxxYxxxYxxx,41,21,19
aca_95,15,3,x,xxxy,YYXXXXXYXX,YXYXXXYXXXYxyxxxyxxxyXX,33,21,19
aca_95,16,3,xyyy,y,YYYXYxyyyxxyyyX,YYYXYYYXYYXyxyyyxyX,34,21,19
aca_95,17,3,YYx,Xyyy,YYYxYYxYYxYYxYXYxYYx,YYYxYYYxYYYxyXyyyXyyyXyyXYxYYxYYx,53,21,19
aca_95,18,3,Yx,XyXyy,YYYxYxYxYYxYxYxYxYx,YYxYxYYxYxYYxyXyXyyXyXyyXyXYxYxYxYx,54,21,19
aca_95,19,3,YxYxx,Xy,YXyXyXYxxYxYxYxxYxYxxYxYxx,YXyXyXyXyXyXXyXyXXyxYxYxxYxYx,55,21,19
aca_95,20,3,Yxxx,XXy,YXyXYxxxYxxYxxxYxxxYxxx,YXyXXyXXyXXyXXXyXXXyxYxxxYxxYxx,54,21,19
aca_95,21,3,xxxy,xxy,YXXyxxxyxxxyXYXXX,YXyxxyXYXyxxxyxYXXYXX,38,21,19
aca_95,22,3,xxyxy,xy,YXYXYXyXYXYXyxxyxyx,YXYXXYXYXXYXyxxyxyxxyX,41,21,19
aca_95,23,3,xy,xyxyy,YYXYxYXYXYXYX,YYYXYXYYXYXYxyyxyxyyxyxyXYX,40,21,19
aca_95,24,3,xyy,xyyy,YYXYYXYYxyyxYX,YYYXYYYXyxyyyxyXyxyyxYX,37,21,19
aca_95,25,3,YYxYx,Xyy,YYxYYxYxYYxYxYYxYxYXyyXYxYx,YYxYYxYYxYYxyXyyXyyXyXyyXYxYxYYxYx,61,21,19
aca_95,26,3,Yxx,XXyXy,YYxxYxxYxYxxYxxYxxYxx,YXyXyXXyXyXXyXyXXyXXyXXyxYxxYxYxxYxYxx,59,21,19
aca_95,27,3,xxy,xxyxy,YXYxyxYXXYXXYXX,YYXXYXYXXYxyxyxxyxyxxyXYXX,41,21,19
aca_95,28,3,xyxyy,xyy,YYXYXYYXYXyxyxyyxyxyX,YYXYYXyxyXYYXyxyxyyxYX,43,21,19
aca_95,29,4,YYYYx,y,YYYYYYYxyyyXyyyyXYxYYYYx,YYYYYxYYYYxYYYYxYXyyyyXYx,49,21,19
aca_95,30,4,x,XXXXy,YxxYxxxxxYxxxxxxx,YXyXXXXyXXXXyXXXXXXyxxYxxxxYxxxx,49,21,19
aca_95,31,4,x,xxxxy,YXYXXXXXXYXXX,YXyxxxxyxxxxyxxyxxYXXXXYXXXX,41,21,19
aca_95,32,4,xyyyy,y,YYYYXYxyyyyxyxyyyX,YYYYXYYYYXYYYXyxyyyyxyX,41,21,19
aca_95,33,4,YYYx,Xyyyy,YYYYxYYYxYYYxYYYxYXYxYYYx,YYYYxYYYYxYYYYxyXyyyyXyyyyXyyyXYxYYYxYYYx,66,21,19
aca_95,34,4,Yx,XyXyXyy,YYxYYxYxYxYxYYxYxYxYxYxYx,YYxYxYxYYxYxYxYYxyXyXyXyyXyXyXyyXyXYxYxYxYxYx,70,21,19
aca_95,35,4,YxYxYxx,Xy,YXyXyXyXYxxYxYxYxYxxYxYxYxxYxYxYxx,YXyXyXyXyXyXyXXyXyXyXXyxYxYxYxxYxYx,69,21,19
aca_95,36,4,Yxxxx,XXXy,YXyXYxxxxYxxxYxxxxYxxxxYxxxx,YXyXXXyXXXyXXXyXXXXyXXXXyxYxxxxYxxxYxxx,67,21,19
aca_95,37,4,xxxxy,xxxy,YXXyxxxxyxxxxyXYXXXX,YXyxxxyXYXyxxxxyxYXXXYXXX,45,21,19
aca_95,38,4,xxyxyxy,xy,YXYXYXyxxyxyxyxYXYXYXXX,YXYXYXXYXYXYXXYXYXyxxyxyxyxxyX,53,21,19
aca_95,39,4,xy,xyxyxyy,YYYXYXYXYXYXYYXYX,YYXYYXYXYXYYXYXYXYxyyxyxyxyyxyxyxyXYX,54,21,19
aca_95,40,4,xyyy,xyyyy,YYYXYYYXYYxyyyxYX,YYYYXYYYYXyxyyyyxyXyxyyyxYX,44,21,19
aca_95,41,4,YYx,XyyXyyy,YYYYxYYxYYxYYYxYYxYYxYYxYYx,YYYxYYxYYYxYYxYYYxyXyyXyyyXyyXyyyXyyXYxYYxYYxYYx,75,21,19
aca_95,42,4,YxxYxxx,XXy,YXyXXyXYxxxYxxYxxYxxxYxxYxxxYxxYxxx,YXyXXyXXyXXyXXyXXXyXXyXXXyxYxxYxxxYxxYxx,75,21,19
aca_95,43,4,xxxyxxy,xxy,YXyXYXXYXyxxxyxxyxYXXYXX,YXyxxxyxxyxxxyXYXXYXXXYXXYXXX,53,21,19
aca_95,44,4,xyy,xyyxyyy,YYYXYxYXYYXYYXYYX,YYYYXYYXYYYXYYXYxyyyxyyxyyyxyyxyXYYX,53,21,19
aca_95,45,4,YYYxYYx,Xyyy,YYYxYYYxYYxYYYxYYxYYYxYYxYXyyyXYxYYx,YYYxYYYxYYYxYYYxyXyyyXyyyXyyXyyyXYxYYxYYYxYYx,81,21,19
aca_95,46,4,YYxYYxYx,Xyy,YYxYYxYYxYxYYxYYxYxYYxYYxYxYXyyXyyXYxYx,YYxYYxYYxYYxYYxyXyyXyyXyXyyXyyXYxYxYYxYYxYx,82,21,19
aca_95,47,4,Yxx,XXyXXyXy,YxYxYxxYxxYxxYxYxxYxxYxxYxxYxx,YXyXyXXyXXyXyXXyXXyXyXXyXXyXXyXXyxYxxYxYxxYxxYxYxxYxx,83,21,19
aca_95,48,4,Yxxx,XXXyXXy,YxYxxxYxxxYxxYxxxYxxxYxxxYxxx,YXyXXyXXXyXXyXXXyXXyXXXyXXXyXXXyxYxxxYxxYxxxYxxYxxx,80,21,19
aca_95,49,4,xxxy,xxxyxxy,YXyxxyxxxyxxxyxxxyX,YXYXXXYXXYXXXYxyxxyxxxyxxyxxxyXYXXX,54,21,19
aca_95,50,4,xxy,xxyxxyxy,YYXXYXXYXXYXXYXYXX,YXYXYXXYXXYXYXXYXXYxyxyxxyxxyxyxxyxxyXYXX,59,21,19
aca_97,0,0,x,y,YXXXYxx,YYYYYYYYXyyyyyyyx,24,24,19
aca_97,1,1,Yx,y,YXyXyXYxYx,YYYYYYYYXyyyyyyyx,27,24,19
aca_97,2,1,x,Xy,YXXYxxx,YXyXyXyXyXyXyXyxYxYxYxYxYxYxYx,37,24,19
aca_97,3,1,x,xy,YXXXXYx,YXYXYXYXYXYXYXYXyxyxyxyxyxyxyx,37,24,19
aca_97,4,1,xy,y,YXYXYXYxyx,YYYYYYYYXyyyyyyyx,27,24,19
aca_97,5,2,YYx,y,YYxYYxyXyyXyx,YYYYYYYYXyyyyyyyx,30,24,19
aca_97,6,2,x,XXy,YXYxxxx,YXyXXyXXyXXyXXyXXyXXyxYxxYxxYxxYxxYxxYxxYxx,50,24,19
aca_97,7,2,x,xxy,YYXXXXX,YXyxxyxxyxxyxxyxxyxxyxYXXYXXYXXYXXYXXYXXYXX,50,24,19
aca_97,8,2,xyy,y,YYXYYXYxyyxYX,YYYYYYYYXyyyyyyyx,30,24,19
aca_97,9,2,Yx,Xyy,YXyXYxYxYx,YYxYYxYYxYYxYYxYYxYYxYXyyXyyXyyXyyXyyXyyXyx,53,24,19
aca_97,10,2,Yxx,Xy,YXyXXyXYxxYxx,YXyXyXyXyXyXyXyxYxYxYxYxYxYxYx,43,24,19
aca_97,11,2,xxy,xy,YXyxxyxxyxxyX,YXYXYXYXYXYXYXYXyxyxyxyxyxyxyx,43,24,19
aca_97,12,2,xy,xyy,YXYXYXYXYx,YYXYYXYYXYYXYYXYYXYYXyxyyxyyxyyxyyxyyxyyxYX,53,24,19
aca_97,13,3,YYYx,y,YYYxYYYxyXyyyXyx,YYYYYYYYXyyyyyyyx,33,24,19
aca_97,14,3,x,XXXy,YYxxxxx,YXyXXXyXXXyXXXyXXXyXXXyXXXyxYxxxYxxxYxxxYxxxYxxxYxxxYxxx,63,24,19
aca_97,15,3,x,xxxy,YXYXXXXXX,YXyxxxyxxxyxxxyxxxyxxxyxxxyxYXXXYXXXYXXXYXXXYXXXYXXXYXXX,65,24,19
aca_97,16,3,xyyy,y,YYYXYYYXYxyyyxYX,YYYYYYYYXyyyyyyyx,33,24,19
aca_97,17,3,YYx,Xyyy,YYxYYxYXyyXYx,YYYxYYYxYYYxYYYxYYYxYYYxYYYxYXyyyXyyyXyyyXyyyXyyyXyyyXyx,69,24,19
aca_97,18,3,Yx,XyXyy,YXYxYxYxYx,YYxYxYYxYxYYxYxYYxYxYYxYxYYxYxYYxYxYXyyXyXyyXyXyyXyXyyXyXyyXyXyyXyXyx,79,24,19
aca_97,19,3,YxYxx,Xy,YXyXyXXyXyXYxxYxYxx,YXyXyXyXyXyXyXyxYxYxYxYxYxYxYx,49,24,19
aca_97,20,3,Yxxx,XXy,YXyXXXyXYxxxYxxx,YXyXXyXXyXXyXXyXXyXXyxYxxYxxYxxYxxYxxYxxYxx,59,24,19
aca_97,21,3,xxxy,xxy,YXyxxxyxxxyxxxyX,YXyxxyxxyxxyxxyxxyxxyxYXXYXXYXXYXXYXXYXXYXX,59,24,19
aca_97,22,3,xxyxy,xy,YXYXyxxyxyxxyxyxxyX,YXYXYXYXYXYXYXYXyxyxyxyxyxyxyx,49,24,19
aca_97,23,3,xy,xyxyy,YYYXYXYXYXYX,YYXYXYYXYXYYXYXYYXYXYYXYXYYXYXYYXyxyxyyxyxyyxyxyyxyxyyxyxyyxyxyyxYXYX,81,24,19
aca_97,24,3,xyy,xyyy,YYXYYXYYXYxYX,YYYXYYYXYYYXYYYXYYYXYYYXYYYXyxyyyxyyyxyyyxyyyxyyyxyyyxYX,69,24,19
aca_97,25,3,YYxYx,Xyy,YYxYxYYxyXyXyyXyXyx,YYxYYxYYxYYxYYxYYxYYxYXyyXyyXyyXyyXyyXyyXyx,62,24,19
aca_97,26,3,Yxx,XXyXy,YXyXYxxYxxYxx,YXyXyXXyXyXXyXyXXyXyXXyXyXXyXyXXyxYxYxxYxYxxYxYxxYxYxxYxYxxYxYxxYxYxx,82,24,19
aca_97,27,3,xxy,xxyxy,YYXXYXXYXXYXX,YXYXyxxyxyxxyxyxxyxyxxyxyxxyxyxxyxyxYXXYXYXXYXYXXYXYXXYXYXXYXYXXYXYXX,82,24,19
aca_97,28,3,xyxyy,xyy,YYXYXYYXYXYxyyxYXYX,YYXYYXYYXYYXYYXYYXYYXyxyyxyyxyyxyyxyyxyyxYX,62,24,19
aca_97,29,4,YYYYx,y,YYYYYYYYXyyyyyyyx,YYYYxYYYYxyXyyyyXyx,36,24,19
aca_97,30,4,x,XXXXy,YxYxxxxxx,YXyXXXXyXXXXyXXXXyXXXXyXXXXyXXXXyxYxxxxYxxxxYxxxxYxxxxYxxxxYxxxxYxxxx,78,24,19
aca_97,31,4,x,xxxxy,YXXYXXXXXXX,YXyxxxxyxxxxyxxxxyxxxxyxxxxyxxxxyxYXXXXYXXXXYXXXXYXXXXYXXXXYXXXXYXXXX,80,24,19
aca_97,32,4,xyyyy,y,YYYYYYYYXyyyyyyyx,YYYYXYYYYXYxyyyyxYX,36,24,19
aca_97,33,4,YYYx,Xyyyy,YYYxYYYxYXyyyXYx,YYYYxYYYYxYYYYxYYYYxYYYYxYYYYxYYYYxYXyyyyXyyyyXyyyyXyyyyXyyyyXyyyyXyx,85,24,19
aca_97,34,4,Yx,XyXyXyy,YYYxYxYxYxYx,YYxYxYxYYxYxYxYYxYxYxYYxYxYxYYxYxYxYYxYxYxYYxYxYxYXyyXyXyXyyXyXyXyyXyXyXyyXyXyXyyXyXyXyyXyXyXyx,107,24,19
aca_97,35,4,YxYxYxx,Xy,YXyXyXyXXyXyXyXYxxYxYxYxx,YXyXyXyXyXyXyXyxYxYxYxYxYxYxYx,55,24,19
aca_97,36,4,Yxxxx,XXXy,YXyXXXXyXYxxxxYxxxx,YXyXXXyXXXyXXXyXXXyXXXyXXXyxYxxxYxxxYxxxYxxxYxxxYxxxYxxx,75,24,19
aca_97,37,4,xxxxy,xxxy,YXyxxxxyxxxxyxxxxyX,YXyxxxyxxxyxxxyxxxyxxxyxxxyxYXXXYXXXYXXXYXXXYXXXYXXXYXXX,75,24,19
aca_97,38,4,xxyxyxy,xy,YXYXYXyxxyxyxyxxyxyxyxxyX,YXYXYXYXYXYXYXYXyxyxyxyxyxyxyx,55,24,19
aca_97,39,4,xy,xyxyxyy,YYXYYXYXYXYXYXYX,YYXYXYXYYXYXYXYYXYXYXYYXYXYXYYXYXYXYYXYXYXYYXyxyxyxyyxyxyxyyxyxyxyyxyxyxyyxyxyxyyxyxyxyyxYXYXYX,111,24,19
aca_97,40,4,xyyy,xyyyy,YYYXYYYXYYYXYxYX,YYYYXYYYYXYYYYXYYYYXYYYYXYYYYXYYYYXyxyyyyxyyyyxyyyyxyyyyxyyyyxyyyyxYX,85,24,19
aca_97,41,4,YYx,XyyXyyy,YYxYYxYYxYXYx,YYYxYYxYYYxYYxYYYxYYxYYYxYYxYYYxYYxYYYxYYxYYYxYYxYXyyyXyyXyyyXyyXyyyXyyXyyyXyyXyyyXyyXyyyXyyXyx,108,24,19
aca_97,42,4,YxxYxxx,XXy,YXyXXyXXXyXXyXYxxxYxxYxxx,YXyXXyXXyXXyXXyXXyXXyxYxxYxxYxxYxxYxxYxxYxx,68,24,19
aca_97,43,4,xxxyxxy,xxy,YXyxxxyxxyxxxyxxyxxxyXYXX,YXyxxyxxyxxyxxyxxyxxyxYXXYXXYXXYXXYXXYXXYXX,68,24,19
aca_97,44,4,xyy,xyyxyyy,YYYYXYYXYYXYYXYYX,YYYXYYXYYYXYYXYYYXYYXYYYXYYXYYYXYYXYYYXYYXYYYXyxyyxyyyxyyxyyyxyyxyyyxyyxyyyxyyxyyyxyyxyyyxYXYYX,112,24,19
aca_97,45,4,YYYxYYx,Xyyy,YYYxYYxYYYxyXyyXyyyXyyXyx,YYYxYYYxYYYxYYYxYYYxYYYxYYYxYXyyyXyyyXyyyXyyyXyyyXyyyXyx,81,24,19
aca_97,46,4,YYxYYxYx,Xyy,YYxYYxYxYYxYYxyXyXyyXyyXyXyx,YYxYYxYYxYYxYYxYYxYYxYXyyXyyXyyXyyXyyXyyXyx,71,24,19
aca_97,47,4,Yxx,XXyXXyXy,YYxxYxxYxxYxx,YXyXyXXyXXyXyXXyXXyXyXXyXXyXyXXyXXyXyXXyXXyXyXXyXXyxYxYxxYxxYxYxxYxxYxYxxYxxYxYxxYxxYxYxxYxxYxYxxYxxYxYxxYxx,121,24,19
aca_97,48,4,Yxxx,XXXyXXy,YXyXYxxxYxxxYxxx,YXyXXyXXXyXXyXXXyXXyXXXyXXyXXXyXXyXXXyXXyXXXyxYxxYxxxYxxYxxxYxxYxxxYxxYxxxYxxYxxxYxxYxxxYxxYxxx,111,24,19
aca_97,49,4,xxxy,xxxyxxy,YXYXXXYXXXYXXXYXXX,YXyxxxyxxyxxxyxxyxxxyxxyxxxyxxyxxxyxxyxxxyxxyxYXXXYXXYXXXYXXYXXXYXXYXXXYXXYXXXYXXYXXXYXXYXXXYXX,113,24,19
aca_97,50,4,xxy,xxyxxyxy,YXYXYXXYXXYXXYXXYXX,YXYXyxxyxxyxyxxyxxyxyxxyxxyxyxxyxxyxyxxyxxyxyxxyxxyxyxYXXYXXYXYXXYXXYXYXXYXXYXYXXYXXYXYXXYXXYXYXXYXXYXYXXYXX,127,24,19
aca_98,0,0,x,y,YXXXyxx,YYYYYYYYXyyyyyyyx,24,24,19
aca_98,1,1,Yx,y,YXyXyXyxYx,YYYYYYYYXyyyyyyyx,27,24,19
aca_98,2,1,x,Xy,YXXXyxx,YXyXyXyXyXyXyXyxYxYxYxYxYxYxYx,37,24,19
aca_98,3,1,x,xy,YXXXyxx,YXYXYXYXYXYXYXYXyxyxyxyxyxyxyx,37,24,19
aca_98,4,1,xy,y,YXYXYXyxyx,YYYYYYYYXyyyyyyyx,27,24,19
aca_98,5,2,YYx,y,YYxYYxyXyyXYx,YYYYYYYYXyyyyyyyx,30,24,19
aca_98,6,2,x,XXy,YXXXyxx,YXyXXyXXyXXyXXyXXyXXyxYxxYxxYxxYxxYxxYxxYxx,50,24,19
aca_98,7,2,x,xxy,YXXXyxx,YXyxxyxxyxxyxxyxxyxxyxYXXYXXYXXYXXYXXYXXYXX,50,24,19
aca_98,8,2,xyy,y,YYXYYXyxyyxYX,YYYYYYYYXyyyyyyyx,30,24,19
aca_98,9,2,Yx,Xyy,YXyXyXyxYx,YYxYYxYYxYYxYYxYYxYYxYXyyXyyXyyXyyXyyXyyXyx,53,24,19
aca_98,10,2,Yxx,Xy,YXyXXyXXyxYxx,YXyXyXyXyXyXyXyxYxYxYxYxYxYxYx,43,24,19
aca_98,11,2,xxy,xy,YXyxxyxYXXYXX,YXYXYXYXYXYXYXYXyxyxyxyxyxyxyx,43,24,19
aca_98,12,2,xy,xyy,YXYXYXyxyx,YYXYYXYYXYYXYYXYYXYYXyxyyxyyxyyxyyxyyxyyxYX,53,24,19
aca_98,13,3,YYYx,y,YYYxYYYxyXyyyXYx,YYYYYYYYXyyyyyyyx,33,24,19
aca_98,14,3,x,XXXy,YXXXyxx,YXyXXXyXXXyXXXyXXXyXXXyXXXyxYxxxYxxxYxxxYxxxYxxxYxxxYxxx,63,24,19
aca_98,15,3,x,xxxy,YXXXyxx,YXyxxxyxxxyxxxyxxxyxxxyxxxyxYXXXYXXXYXXXYXXXYXXXYXXXYXXX,63,24,19
aca_98,16,3,xyyy,y,YYYXYYYXyxyyyxYX,YYYYYYYYXyyyyyyyx,33,24,19
aca_98,17,3,YYx,Xyyy,YYxYYxyXyyXYx,YYYxYYYxYYYxYYYxYYYxYYYxYYYxYXyyyXyyyXyyyXyyyXyyyXyyyXyx,69,24,19
aca_98,18,3,Yx,XyXyy,YXyXyXyxYx,YYxYxYYxYxYYxYxYYxYxYYxYxYYxYxYYxYxYXyyXyXyyXyXyyXyXyyXyXyyXyXyyXyXyx,79,24,19
aca_98,19,3,YxYxx,Xy,YXyXyXXyXyXXyxYxYxx,YXyXyXyXyXyXyXyxYxYxYxYxYxYxYx,49,24,19
aca_98,20,3,Yxxx,XXy,YXyXXXyXXXyxYxxx,YXyXXyXXyXXyXXyXXyXXyxYxxYxxYxxYxxYxxYxxYxx,59,24,19
aca_98,21,3,xxxy,xxy,YXyxxxyxYXXXYXXX,YXyxxyxxyxxyxxyxxyxxyxYXXYXXYXXYXXYXXYXXYXX,59,24,19
aca_98,22,3,xxyxy,xy,YXYXyxxyxyxYXXYXYXX,YXYXYXYXYXYXYXYXyxyxyxyxyxyxyx,49,24,19
aca_98,23,3,xy,xyxyy,YXYXYXyxyx,YYXYXYYXYXYYXYXYYXYXYYXYXYYXYXYYXyxyxyyxyxyyxyxyyxyxyyxyxyyxyxyyxYXYX,79,24,19
aca_98,24,3,xyy,xyyy,YYXYYXyxyyxYX,YYYXYYYXYYYXYYYXYYYXYYYXYYYXyxyyyxyyyxyyyxyyyxyyyxyyyxYX,69,24,19
aca_98,25,3,YYxYx,Xyy,YYxYxYYxyXyXyyXYxYx,YYxYYxYYxYYxYYxYYxYYxYXyyXyyXyyXyyXyyXyyXyx,62,24,19
aca_98,26,3,Yxx,XXyXy,YXyXXyXXyxYxx,YXyXyXXyXyXXyXyXXyXyXXyXyXXyXyXXyxYxYxxYxYxxYxYxxYxYxxYxYxxYxYxxYxYxx,82,24,19
aca_98,27,3,xxy,xxyxy,YXyxxyxYXXYXX,YXYXyxxyxyxxyxyxxyxyxxyxyxxyxyxxyxyxYXXYXYXXYXYXXYXYXXYXYXXYXYXXYXYXX,82,24,19
aca_98,28,3,xyxyy,xyy,YYXYXYYXyxyxyyxYXYX,YYXYYXYYXYYXYYXYYXYYXyxyyxyyxyyxyyxyyxyyxYX,62,24,19
aca_98,29,4,YYYYx,y,YYYYYYYYXyyyyyyyx,YYYYxYYYYxyXyyyyXYx,36,24,19
aca_98,30,4,x,XXXXy,YXXXyxx,YXyXXXXyXXXXyXXXXyXXXXyXXXXyXXXXyxYxxxxYxxxxYxxxxYxxxxYxxxxYxxxxYxxxx,76,24,19
aca_98,31,4,x,xxxxy,YXXXyxx,YXyxxxxyxxxxyxxxxyxxxxyxxxxyxxxxyxYXXXXYXXXXYXXXXYXXXXYXXXXYXXXXYXXXX,76,24,19
aca_98,32,4,xyyyy,y,YYYYYYYYXyyyyyyyx,YYYYXYYYYXyxyyyyxYX,36,24,19
aca_98,33,4,YYYx,Xyyyy,YYYxYYYxyXyyyXYx,YYYYxYYYYxYYYYxYYYYxYYYYxYYYYxYYYYxYXyyyyXyyyyXyyyyXyyyyXyyyyXyyyyXyx,85,24,19
aca_98,34,4,Yx,XyXyXyy,YXyXyXyxYx,YYxYxYxYYxYxYxYYxYxYxYYxYxYxYYxYxYxYYxYxYxYYxYxYxYXyyXyXyXyyXyXyXyyXyXyXyyXyXyXyyXyXyXyyXyXyXyx,105,24,19
aca_98,35,4,YxYxYxx,Xy,YXyXyXyXXyXyXyXXyxYxYxYxx,YXyXyXyXyXyXyXyxYxYxYxYxYxYxYx,55,24,19
aca_98,36,4,Yxxxx,XXXy,YXyXXXXyXXXXyxYxxxx,YXyXXXyXXXyXXXyXXXyXXXyXXXyxYxxxYxxxYxxxYxxxYxxxYxxxYxxx,75,24,19
aca_98,37,4,xxxxy,xxxy,YXyxxxxyxYXXXXYXXXX,YXyxxxyxxxyxxxyxxxyxxxyxxxyxYXXXYXXXYXXXYXXXYXXXYXXXYXXX,75,24,19
aca_98,38,4,xxyxyxy,xy,YXYXYXyxxyxyxyxYXXYXYXYXX,YXYXYXYXYXYXYXYXyxyxyxyxyxyxyx,55,24,19
aca_98,39,4,xy,xyxyxyy,YXYXYXyxyx,YYXYXYXYYXYXYXYYXYXYXYYXYXYXYYXYXYXYYXYXYXYYXyxyxyxyyxyxyxyyxyxyxyyxyxyxyyxyxyxyyxyxyxyyxYXYXYX,105,24,19
aca_98,40,4,xyyy,xyyyy,YYYXYYYXyxyyyxYX,YYYYXYYYYXYYYYXYYYYXYYYYXYYYYXYYYYXyxyyyyxyyyyxyyyyxyyyyxyyyyxyyyyxYX,85,24,19
aca_98,41,4,YYx,XyyXyyy,YYxYYxyXyyXYx,YYYxYYxYYYxYYxYYYxYYxYYYxYYxYYYxYYxYYYxYYxYYYxYYxYXyyyXyyXyyyXyyXyyyXyyXyyyXyyXyyyXyyXyyyXyyXyx,108,24,19
aca_98,42,4,YxxYxxx,XXy,YXyXXyXXXyXXyXXXyxYxxYxxx,YXyXXyXXyXXyXXyXXyXXyxYxxYxxYxxYxxYxxYxxYxx,68,24,19
aca_98,43,4,xxxyxxy,xxy,YXyxxxyxxyxYXXXYXXYXXXYXX,YXyxxyxxyxxyxxyxxyxxyxYXXYXXYXXYXXYXXYXXYXX,68,24,19
aca_98,44,4,xyy,xyyxyyy,YYXYYXyxyyxYX,YYYXYYXYYYXYYXYYYXYYXYYYXYYXYYYXYYXYYYXYYXYYYXyxyyxyyyxyyxyyyxyyxyyyxyyxyyyxyyxyyyxyyxyyyxYXYYX,108,24,19
aca_98,45,4,YYYxYYx,Xyyy,YYYxYYxYYYxyXyyXyyyXYxYYx,YYYxYYYxYYYxYYYxYYYxYYYxYYYxYXyyyXyyyXyyyXyyyXyyyXyyyXyx,81,24,19
aca_98,46,4,YYxYYxYx,Xyy,YYxYYxYxYYxYYxyXyXyyXyyXYxYx,YYxYYxYYxYYxYYxYYxYYxYXyyXyyXyyXyyXyyXyyXyx,71,24,19
aca_98,47,4,Yxx,XXyXXyXy,YXyXXyXXyxYxx,YXyXyXXyXXyXyXXyXXyXyXXyXXyXyXXyXXyXyXXyXXyXyXXyXXyxYxYxxYxxYxYxxYxxYxYxxYxxYxYxxYxxYxYxxYxxYxYxxYxxYxYxxYxx,121,24,19
aca_98,48,4,Yxxx,XXXyXXy,YXyXXXyXXXyxYxxx,YXyXXyXXXyXXyXXXyXXyXXXyXXyXXXyXXyXXXyXXyXXXyxYxxYxxxYxxYxxxYxxYxxxYxxYxxxYxxYxxxYxxYxxxYxxYxxx,111,24,19
aca_98,49,4,xxxy,xxxyxxy,YXyxxxyxYXXXYXXX,YXyxxxyxxyxxxyxxyxxxyxxyxxxyxxyxxxyxxyxxxyxxyxYXXXYXXYXXXYXXYXXXYXXYXXXYXXYXXXYXXYXXXYXXYXXXYXX,111,24,19
aca_98,50,4,xxy,xxyxxyxy,YXyxxyxYXXYXX,YXYXyxxyxxyxyxxyxxyxyxxyxxyxyxxyxxyxyxxyxxyxyxxyxxyxyxYXXYXXYXYXXYXXYXYXXYXXYXYXXYXXYXYXXYXXYXYXXYXXYXYXXYXX,121,24,19
aca_99,0,0,x,y,YYXXXYxx,YYYYYYYYXyyyyyyyx,25,25,19
aca_99,1,1,Yx,y,YYXyXyXYxYx,YYYYYYYYXyyyyyyyx,28,25,19
aca_99,2,1,x,Xy,YXXYxxxYx,YXyXyXyXyXyXyXyxYxYxYxYxYxYxYx,39,25,19
aca_99,3,1,x,xy,YXYXXXXYx,YXYXYXYXYXYXYXYXyxyxyxyxyxyxyx,39,25,19
aca_99,4,1,xy,y,YYXYXYXYxyx,YYYYYYYYXyyyyyyyx,28,25,19
aca_99,5,2,YYx,y,YYXyyXyyXYxYYx,YYYYYYYYXyyyyyyyx,31,25,19
aca_99,6,2,x,XXy,YXYxxxxYxx,YXyXXyXXyXXyXXyXXyXXyxYxxYxxYxxYxxYxxYxxYxx,53,25,19
aca_99,7,2,x,xxy,YYXXYXXXXX,YXyxxyxxyxxyxxyxxyxxyxYXXYXXYXXYXXYXXYXXYXX,53,25,19
aca_99,8,2,xyy,y,YYXYYXYYXYxyyx,YYYYYYYYXyyyyyyyx,31,25,19
aca_99,9,2,Yx,Xyy,YYxYXyXYxYxYx,YYxYYxYYxYYxYYxYYxYYxYXyyXyyXyyXyyXyyXyyXyx,56,25,19
aca_99,10,2,Yxx,Xy,YXyXXyXYxxYxxYx,YXyXyXyXyXyXyXyxYxYxYxYxYxYxYx,45,25,19
aca_99,11,2,xxy,xy,YXYXXYXXYXXYxyx,YXYXYXYXYXYXYXYXyxyxyxyxyxyxyx,45,25,19
aca_99,12,2,xy,xyy,YYXYXYXYXYxYX,YYXYYXYYXYYXYYXYYXYYXyxyyxyyxyyxyyxyyxyyxYX,56,25,19
aca_99,13,3,YYYx,y,YYYYYYYYXyyyyyyyx,YYYxYYYxyyXyyyXyx,34,25,19
aca_99,14,3,x,XXXy,YYxxxxxYxxx,YXyXXXyXXXyXXXyXXXyXXXyXXXyxYxxxYxxxYxxxYxxxYxxxYxxxYxxx,67,25,19
aca_99,15,3,x,xxxy,YXYXXXYXXXXXX,YXyxxxyxxxyxxxyxxxyxxxyxxxyxYXXXYXXXYXXXYXXXYXXXYXXXYXXX,69,25,19
aca_99,16,3,xyyy,y,YYYYYYYYXyyyyyyyx,YYYXYYYXYxyyyxYYX,34,25,19
aca_99,17,3,YYx,Xyyy,YYYxYXyyXYxYYxYYx,YYYxYYYxYYYxYYYxYYYxYYYxYYYxYXyyyXyyyXyyyXyyyXyyyXyyyXyx,73,25,19
aca_99,18,3,Yx,XyXyy,YYxYxYXYxYxYxYx,YYxYxYYxYxYYxYxYYxYxYYxYxYYxYxYYxYxYXyyXyXyyXyXyyXyXyyXyXyyXyXyyXyXyx,84,25,19
aca_99,19,3,YxYxx,Xy,YXyXyXXyXyXYxxYxYxxYx,YXyXyXyXyXyXyXyxYxYxYxYxYxYxYx,51,25,19
aca_99,20,3,Yxxx,XXy,YXyXXXyXYxxxYxxxYxx,YXyXXyXXyXXyXXyXXyXXyxYxxYxxYxxYxxYxxYxxYxx,62,25,19
aca_99,21,3,xxxy,xxy,YXyxxxyxxxyxxxyxxyX,YXyxxyxxyxxyxxyxxyxxyxYXXYXXYXXYXXYXXYXXYXX,62,25,19
aca_99,22,3,xxyxy,xy,YXYXyxxyxyxxyxyxxyxyX,YXYXYXYXYXYXYXYXyxyxyxyxyxyxyx,51,25,19
aca_99,23,3,xy,xyxyy,YYYXYXYYXYXYXYXYX,YYXYXYYXYXYYXYXYYXYXYYXYXYYXYXYYXyxyxyyxyxyyxyxyyxyxyyxyxyyxyxyyxYXYX,86,25,19
aca_99,24,3,xyy,xyyy,YYYXYYXYYXYYXYxYX,YYYXYYYXYYYXYYYXYYYXYYYXYYYXyxyyyxyyyxyyyxyyyxyyyxyyyxYX,73,25,19
aca_99,25,3,YYxYx,Xyy,YYxYXyyXyXyyXYxYxYYxYx,YYxYYxYYxYYxYYxYYxYYxYXyyXyyXyyXyyXyyXyyXyx,65,25,19
aca_99,26,3,Yxx,XXyXy,YXyXYxxYxxYxxYxYxx,YXyXyXXyXyXXyXyXXyXyXXyXyXXyXyXXyxYxYxxYxYxxYxYxxYxYxxYxYxxYxYxxYxYxx,87,25,19
aca_99,27,3,xxy,xxyxy,YYXXYXYXXYXXYXXYXX,YXYXyxxyxyxxyxyxxyxyxxyxyxxyxyxxyxyxYXXYXYXXYXYXXYXYXXYXYXXYXYXXYXYXX,87,25,19
aca_99,28,3,xyxyy,xyy,YYXYXYYXYXYYXYXYxyyxYX,YYXYYXYYXYYXYYXYYXYYXyxyyxyyxyyxyyxyyxyyxYX,65,25,19
aca_99,29,4,YYYYx,y,YYYYYYYYXyyyyyyyx,YYYYxYYYYxyyXyyyyXyx,37,25,19
aca_99,30,4,x,XXXXy,YxYxxxxxxYxxxx,YXyXXXXyXXXXyXXXXyXXXXyXXXXyXXXXyxYxxxxYxxxxYxxxxYxxxxYxxxxYxxxxYxxxx,83,25,19
aca_99,31,4,x,xxxxy,YXXYXXXXYXXXXXXX,YXyxxxxyxxxxyxxxxyxxxxyxxxxyxxxxyxYXXXXYXXXXYXXXXYXXXXYXXXXYXXXXYXXXX,85,25,19
aca_99,32,4,xyyyy,y,YYYYYYYYXyyyyyyyx,YYYYXYYYYXYxyyyyxYYX,37,25,19
aca_99,33,4,YYYx,Xyyyy,YYYYxYXyyyXYxYYYxYYYx,YYYYxYYYYxYYYYxYYYYxYYYYxYYYYxYYYYxYXyyyyXyyyyXyyyyXyyyyXyyyyXyyyyXyx,90,25,19
aca_99,34,4,Yx,XyXyXyy,YYYxYxYxYxYxYYxYxYx,YYxYxYxYYxYxYxYYxYxYxYYxYxYxYYxYxYxYYxYxYxYYxYxYxYXyyXyXyXyyXyXyXyyXyXyXyyXyXyXyyXyXyXyyXyXyXyx,114,25,19
aca_99,35,4,YxYxYxx,Xy,YXyXyXyXXyXyXyXYxxYxYxYxxYx,YXyXyXyXyXyXyXyxYxYxYxYxYxYxYx,57,25,19
aca_99,36,4,Yxxxx,XXXy,YXyXXXXyXYxxxxYxxxxYxxx,YXyXXXyXXXyXXXyXXXyXXXyXXXyxYxxxYxxxYxxxYxxxYxxxYxxxYxxx,79,25,19
aca_99,37,4,xxxxy,xxxy,YXyxxxxyxxxxyxxxxyxxxyX,YXyxxxyxxxyxxxyxxxyxxxyxxxyxYXXXYXXXYXXXYXXXYXXXYXXXYXXX,79,25,19
aca_99,38,4,xxyxyxy,xy,YXYXYXyxxyxyxyxxyxyxyxxyxyX,YXYXYXYXYXYXYXYXyxyxyxyxyxyxyx,57,25,19
aca_99,39,4,xy,xyxyxyy,YYXYYXYXYXYYXYXYXYXYXYX,YYXYXYXYYXYXYXYYXYXYXYYXYXYXYYXYXYXYYXYXYXYYXyxyxyxyyxyxyxyyxyxyxyyxyxyxyyxyxyxyyxyxyxyyxYXYXYX,118,25,19
aca_99,40,4,xyyy,xyyyy,YYYYXYYYXYYYXYYYXYxYX,YYYYXYYYYXYYYYXYYYYXYYYYXYYYYXYYYYXyxyyyyxyyyyxyyyyxyyyyxyyyyxyyyyxYX,90,25,19
aca_99,41,4,YYx,XyyXyyy,YYYxYYxYXYxYYxYYxYYx,YYYxYYxYYYxYYxYYYxYYxYYYxYYxYYYxYYxYYYxYYxYYYxYYxYXyyyXyyXyyyXyyXyyyXyyXyyyXyyXyyyXyyXyyyXyyXyx,115,25,19
aca_99,42,4,YxxYxxx,XXy,YXyXXyXXXyXXyXYxxxYxxYxxxYxx,YXyXXyXXyXXyXXyXXyXXyxYxxYxxYxxYxxYxxYxxYxx,71,25,19
aca_99,43,4,xxxyxxy,xxy,YXyxxxyxxyxxxyxxyxxxyxxyXYXX,YXyxxyxxyxxyxxyxxyxxyxYXXYXXYXXYXXYXXYXXYXX,71,25,19
aca_99,44,4,xyy,xyyxyyy,YYYYXYYXYYYXYYXYYXYYXYYX,YYYXYYXYYYXYYXYYYXYYXYYYXYYXYYYXYYXYYYXYYXYYYXyxyyxyyyxyyxyyyxyyxyyyxyyxyyyxyyxyyyxyyxyyyxYXYYX,119,25,19
aca_99,45,4,YYYxYYx,Xyyy,YYYxYYxYYYxYXyyyXyyXyyyXYxYYx,YYYxYYYxYYYxYYYxYYYxYYYxYYYxYXyyyXyyyXyyyXyyyXyyyXyyyXyx,85,25,19
aca_99,46,4,YYxYYxYx,Xyy,YYxYYxYxYYxYYxyXyyXyXyyXyyXyXyx,YYxYYxYYxYYxYYxYYxYYxYXyyXyyXyyXyyXyyXyyXyx,74,25,19
aca_99,47,4,Yxx,XXyXXyXy,YYxxYxxYxxYxxYxYxxYxx,YXyXyXXyXXyXyXXyXXyXyXXyXXyXyXXyXXyXyXXyXXyXyXXyXXyxYxYxxYxxYxYxxYxxYxYxxYxxYxYxxYxxYxYxxYxxYxYxxYxxYxYxxYxx,129,25,19
aca_99,48,4,Yxxx,XXXyXXy,YXyXYxxxYxxxYxxxYxxYxxx,YXyXXyXXXyXXyXXXyXXyXXXyXXyXXXyXXyXXXyXXyXXXyxYxxYxxxYxxYxxxYxxYxxxYxxYxxxYxxYxxxYxxYxxxYxxYxxx,118,25,19
aca_99,49,4,xxxy,xxxyxxy,YXYXXXYXXYXXXYXXXYXXXYXXX,YXyxxxyxxyxxxyxxyxxxyxxyxxxyxxyxxxyxxyxxxyxxyxYXXXYXXYXXXYXXYXXXYXXYXXXYXXYXXXYXXYXXXYXXYXXXYXX,120,25,19
aca_99,50,4,xxy,xxyxxyxy,YXYXYXXYXXYXYXXYXXYXXYXXYXX,YXYXyxxyxxyxyxxyxxyxyxxyxxyxyxxyxxyxyxxyxxyxyxxyxxyxyxYXXYXXYXYXXYXXYXYXXYXXYXYXXYXXYXYXXYXXYXYXXYXXYXYXXYXX,135,25,19
aca_100,0,0,x,y,YYXXXyxx,YYYYYYYXXyXyXyXyx,25,25,20
aca_100,1,1,Yx,y,YYXyXyXyxYx,YYYYYYYXyXyyXyyXyyXyx,32,25,20
aca_100,2,1,x,Xy,YXXXyxxYx,YXXyXXyXXyXXyxYxYxYxYxYxYx,35,25,20
aca_100,3,1,x,xy,YXYXXXyxx,YYYYxxyxyxyxyxyxyxyX,29,25,20
aca_100,4,1,xy,y,YYXYXYXyxyx,YYYYYYYXYXXXXyx,26,25,20
aca_100,5,2,YYx,y,YYXyyXyyXyxYYx,YYYYYYYXyyXyyyXyyyXyyyXyx,39,25,20
aca_100,6,2,x,XXy,YXXXyxxYxx,YXXyXXXyXXXyXXXyxYxxYxxYxxYxxYxxYxx,45,25,20
aca_100,7,2,x,xxy,YXXYXXXyxx,YXYXYXYxxyxxyxxyxxyxxyxxyxxyX,39,25,20
aca_100,8,2,xyy,y,YYXYYXYYXyxyyx,YYYYYYYXYYXYXYXYXyx,33,25,20
aca_100,9,2,Yx,Xyy,YYxYXyXyXyxYx,YYxYYxYYxYYxYYxYYxYXyXyyXyXyyXyXyyXyXyx,52,25,20
aca_100,10,2,Yxx,Xy,YXyXXyXXyxYxxYx,YXyXXyXyXXyXyXXyXyXXyxYxYxYxYxYxYx,49,25,20
aca_100,11,2,xxy,xy,YXYXXYXXYXyxxyx,YXYXYXYXYXYXYXXYXXXXyx,37,25,20
aca_100,12,2,xy,xyy,YYXYXYXyxyxYX,YYYYxyxyyxyyxyyxyyxyyxyyxyX,40,25,20
aca_100,13,3,YYYx,y,YYYxYYYxyyXyyyXYx,YYYYYYYXyyyXyyyyXyyyyXyyyyXyx,46,25,20
aca_100,14,3,x,XXXy,YXXXyxxYxxx,YXXyXXXXyXXXXyXXXXyxYxxxYxxxYxxxYxxxYxxxYxxx,55,25,20
aca_100,15,3,x,xxxy,YXXXYXXXyxx,YXXYXXYXXYxxyxxxyxxxyxxxyxxxyxxxyxxxyX,49,25,20
aca_100,16,3,xyyy,y,YYYXYYYXyxyyyxYYX,YYYYYYYXYYYXYYXYYXYYXyx,40,25,20
aca_100,17,3,YYx,Xyyy,YYYxYXyyXyyXyxYYx,YYYxYYYxYYYxYYYxYYYxYYYxYXyyXyyyXyyXyyyXyyXyyyXyyXyx,69,25,20
aca_100,18,3,Yx,XyXyy,YYxYxYXyXyXyxYx,YYxYxYYxYxYYxYxYYxYxYYxYxYYxYxYXyXyyXyXyXyyXyXyXyyXyXyXyx,72,25,20
aca_100,19,3,YxYxx,Xy,YXyXyXXyXyXXyxYxYxxYx,YXyXyXXyXyXyXXyXyXyXXyXyXyXXyxYxYxYxYxYxYx,63,25,20
aca_100,20,3,Yxxx,XXy,YXyXXXyXXXyxYxxxYxx,YXyXXXyXXyXXXyXXyXXXyXXyXXXyxYxxYxxYxxYxxYxxYxx,66,25,20
aca_100,21,3,xxxy,xxy,YXyxxxyxYXXYXXXYXXX,YXXYXXYXXYXXYXXYXXYXXXYXXXXyx,48,25,20
aca_100,22,3,xxyxy,xy,YXYXyxxyxyxYXYXXYXYXX,YXYXYXYXYXYXYXXYXYXXYXXYXXYXyx,51,25,20
aca_100,23,3,xy,xyxyy,YYXYXYXyxyxYXYX,YYXYYXYYXYxyxyyxyxyyxyxyyxyxyyxyxyyxyxyyxyxyX,60,25,20
aca_100,24,3,xyy,xyyy,YYYXYYXYYXyxyyxYX,YYYYxyyxyyyxyyyxyyyxyyyxyyyxyyyxyX,51,25,20
aca_100,25,3,YYxYx,Xyy,YYxYXyyXyXyyXyXyxYYxYx,YYxYYxYYxYYxYYxYYxYXyyXyXyyXyyXyXyyXyyXyXyyXyyXyXyx,73,25,20
aca_100,26,3,Yxx,XXyXy,YXyXXyXXyxYxxYxYxx,YXyXXyXyXXyXXyXyXXyXXyXyXXyXXyxYxYxxYxYxxYxYxxYxYxxYxYxxYxYxx,79,25,20
aca_100,27,3,xxy,xxyxy,YXYXXYXXYXyxxyxYXX,YXYXYXYxyxxyxyxxyxyxxyxyxxyxyxxyxyxxyxyxxyX,61,25,20
aca_100,28,3,xyxyy,xyy,YYXYXYYXYXYYXyxyxyyxYX,YYXYYXYYXYYXYYXYYXYXYYXYXYXYXyxYX,55,25,20
aca_100,29,4,YYYYx,y,YYYYxYYYYxyyXyyyyXYx,YYYYYYYXyyyyXyyyyyXyyyyyXyyyyyXyx,53,25,20
aca_100,30,4,x,XXXXy,YXXXyxxYxxxx,YXXyXXXXXyXXXXXyXXXXXyxYxxxxYxxxxYxxxxYxxxxYxxxxYxxxx,65,25,20
aca_100,31,4,x,xxxxy,YXXXyxxYXXXX,YXXyxxxyxxxyxxxyxYXXXXYXXXXYXXXXYXXXXYXXXXYXXXX,59,25,20
aca_100,32,4,xyyyy,y,YYYYXYYYYXyxyyyyxYYX,YYYYYYYXYYYYXYYYXYYYXYYYXyx,47,25,20
aca_100,33,4,YYYx,Xyyyy,YYYYxYXyyyXyyyXyxYYYx,YYYYxYYYYxYYYYxYYYYxYYYYxYYYYxYXyyyXyyyyXyyyXyyyyXyyyXyyyyXyyyXyx,86,25,20
aca_100,34,4,Yx,XyXyXyy,YYxYxYxYXyXyXyxYx,YYxYxYxYYxYxYxYYxYxYxYYxYxYxYYxYxYxYYxYxYxYXyXyyXyXyXyXyyXyXyXyXyyXyXyXyXyx,92,25,20
aca_100,35,4,YxYxYxx,Xy,YXyXyXyXXyXyXyXXyxYxYxYxxYx,YXyXyXyXXyXyXyXyXXyXyXyXyXXyXyXyXyXXyxYxYxYxYxYxYx,77,25,20
aca_100,36,4,Yxxxx,XXXy,YXyXXXXyXXXXyxYxxxxYxxx,YXyXXXXyXXXyXXXXyXXXyXXXXyXXXyXXXXyxYxxxYxxxYxxxYxxxYxxxYxxx,83,25,20
aca_100,37,4,xxxxy,xxxy,YXyxxxxyxYXXXYXXXXYXXXX,YXXXYXXXYXXXYXXXYXXXYXXXYXXXXYXXXXyx,59,25,20
aca_100,38,4,xxyxyxy,xy,YXYXYXyxxyxyxyxYXYXXYXYXYXX,YXYXYXYXYXYXYXXYXYXYXXYXYXXYXYXXYXYXyx,65,25,20
aca_100,39,4,xy,xyxyxyy,YYXYXYXyxyxYXYXYX,YYXYXYYXYXYYXYXYxyxyyxyxyxyyxyxyxyyxyxyxyyxyxyxyyxyxyxyyxyxyxyX,80,25,20
aca_100,40,4,xyyy,xyyyy,YYYYXYYYXYYYXyxyyyxYX,YYYYXYYYYXYYYYXYYYYXYYYYXYYYYXYYYXyyyyxYX,62,25,20
aca_100,41,4,YYx,XyyXyyy,YYYxYYxYXyyXyyXyxYYx,YYYxYYxYYYxYYxYYYxYYxYYYxYYxYYYxYYxYYYxYYxYXyyXyyyXyyXyyXyyyXyyXyyXyyyXyyXyyXyx,99,25,20
aca_100,42,4,YxxYxxx,XXy,YXyXXyXXXyXXyXXXyxYxxYxxxYxx,YXyXXyXXXyXXyXXyXXXyXXyXXyXXXyXXyXXyXXXyxYxxYxxYxxYxxYxxYxx,87,25,20
aca_100,43,4,xxxyxxy,xxy,YXyxxxyxxyxYXXYXXXYXXYXXXYXX,YXyxYXXYXXYXXYXXYXXYXXYXXXYXXYXXXYXXXYXXX,69,25,20
aca_100,44,4,xyy,xyyxyyy,YYYXYYXYYXyxyyxYXYYX,YYYXYYYXYYYXYxyyxyyyxyyxyyyxyyxyyyxyyxyyyxyyxyyyxyyxyyyxyyxyX,81,25,20
aca_100,45,4,YYYxYYx,Xyyy,YYYxYYxYYYxYXyyyXyyXyyyXyyXyx,YYYxYYYxYYYxYYYxYYYxYYYxYXyyyXyyXyyyXyyyXyyXyyyXyyyXyyXyyyXyyyXyyXyx,97,25,20
aca_100,46,4,YYxYYxYx,Xyy,YYxYYxYxYYxYYxyXyyXyXyyXyyXYxYx,YYxYYxYYxYYxYYxYYxYXyyXyyXyXyyXyyXyyXyXyyXyyXyyXyXyyXyyXyyXyXyx,94,25,20
aca_100,47,4,Yxx,XXyXXyXy,YXyXXyXXyxYxxYxYxxYxx,YXyXXyXyXXyXXyXXyXyXXyXXyXXyXyXXyXXyXXyxYxYxxYxxYxYxxYxxYxYxxYxxYxYxxYxxYxYxxYxxYxYxxYxx,109,25,20
aca_100,48,4,Yxxx,XXXyXXy,YXyXXXyXXXyxYxxxYxxYxxx,YXyXXXyXXyXXXyXXXyXXyXXXyXXXyXXyXXXyXXXyxYxxYxxxYxxYxxxYxxYxxxYxxYxxxYxxYxxxYxxYxxx,106,25,20
aca_100,49,4,xxxy,xxxyxxy,YXyxxxyxYXXXYXXYXXXYXXX,YXyxxyxxyxxyxYXXXYXXYXXXYXXYXXXYXXYXXXYXXYXXXYXXYXXXYXXYXXX,82,25,20
aca_100,50,4,xxy,xxyxxyxy,YXYXXYXXYXyxxyxYXXYXX,YXYXXYXYXXYXYXXYxyxxyxyxxyxxyxyxxyxxyxyxxyxxyxyxxyxxyxyxxyxxyxyxxyxxyX,91,25,20
aca_105,0,0,x,y,YYXXXYxx,YYYYYYYYxyyyyyyyX,25,25,21
aca_105,1,1,Yx,y,YYXyXyXYxYx,YYYYYYYYxyyyyyyyX,28,25,21
aca_105,2,1,x,Xy,YXXYxxxYx,YXyXyXyXyXyXyXyXyxYxYxYxYxYxYx,39,25,21
aca_105,3,1,x,xy,YXYXXXXYx,YXYXYXYXYXYXYXYxyxyxyxyxyxyxyX,39,25,21
aca_105,4,1,xy,y,YYXYXYXYxyx,YYYYYYYYxyyyyyyyX,28,25,21
aca_105,5,2,YYx,y,YYXyyXyyXYxYYx,YYYYYYYYxyyyyyyyX,31,25,21
aca_105,6,2,x,XXy,YXYxxxxYxx,YXyXXyXXyXXyXXyXXyXXyXXyxYxxYxxYxxYxxYxxYxx,53,25,21
aca_105,7,2,x,xxy,YYXXYXXXXX,YXyxxyxxyxxyxxyxxyxxyxxyxYXXYXXYXXYXXYXXYXX,53,25,21
aca_105,8,2,xyy,y,YYXYYXYYXYxyyx,YYYYYYYYxyyyyyyyX,31,25,21
aca_105,9,2,Yx,Xyy,YYxYXyXYxYxYx,YYxYYxYYxYYxYYxYYxYYxyXyyXyyXyyXyyXyyXyyXYx,56,25,21
aca_105,10,2,Yxx,Xy,YXyXXyXYxxYxxYx,YXyXyXyXyXyXyXyXyxYxYxYxYxYxYx,45,25,21
aca_105,11,2,xxy,xy,YXYXXYXXYXXYxyx,YXYXYXYXYXYXYXYxyxyxyxyxyxyxyX,45,25,21
aca_105,12,2,xy,xyy,YYXYXYXYXYxYX,YYXYYXYYXYYXYYXYYXYYXYxyyxyyxyyxyyxyyxyyxyX,56,25,21
aca_105,13,3,YYYx,y,YYYYYYYYxyyyyyyyX,YYYxYYYxyyXyyyXyx,34,25,21
aca_105,14,3,x,XXXy,YYxxxxxYxxx,YXyXXXyXXXyXXXyXXXyXXXyXXXyXXXyxYxxxYxxxYxxxYxxxYxxxYxxx,67,25,21
aca_105,15,3,x,xxxy,YXYXXXYXXXXXX,YXyxxxyxxxyxxxyxxxyxxxyxxxyxxxyxYXXXYXXXYXXXYXXXYXXXYXXX,69,25,21
aca_105,16,3,xyyy,y,YYYYYYYYxyyyyyyyX,YYYXYYYXYxyyyxYYX,34,25,21
aca_105,17,3,YYx,Xyyy,YYYxYXyyXYxYYxYYx,YYYxYYYxYYYxYYYxYYYxYYYxYYYxyXyyyXyyyXyyyXyyyXyyyXyyyXYx,73,25,21
aca_105,18,3,Yx,XyXyy,YYxYxYXYxYxYxYx,YYxYxYYxYxYYxYxYYxYxYYxYxYYxYxYYxyXyXyyXyXyyXyXyyXyXyyXyXyyXyXyyXYxYx,84,25,21
aca_105,19,3,YxYxx,Xy,YXyXyXXyXyXYxxYxYxxYx,YXyXyXyXyXyXyXyXyxYxYxYxYxYxYx,51,25,21
aca_105,20,3,Yxxx,XXy,YXyXXXyXYxxxYxxxYxx,YXyXXyXXyXXyXXyXXyXXyXXyxYxxYxxYxxYxxYxxYxx,62,25,21
aca_105,21,3,xxxy,xxy,YXyxxxyxxxyxxxyxxyX,YXyxxyxxyxxyxxyxxyxxyxxyxYXXYXXYXXYXXYXXYXX,62,25,21
aca_105,22,3,xxyxy,xy,YXYXyxxyxyxxyxyxxyxyX,YXYXYXYXYXYXYXYxyxyxyxyxyxyxyX,51,25,21
aca_105,23,3,xy,xyxyy,YYYXYXYYXYXYXYXYX,YYXYXYYXYXYYXYXYYXYXYYXYXYYXYXYYXYXYxyyxyxyyxyxyyxyxyyxyxyyxyxyyxyxyX,86,25,21
aca_105,24,3,xyy,xyyy,YYYXYYXYYXYYXYxYX,YYYXYYYXYYYXYYYXYYYXYYYXYYYXYxyyyxyyyxyyyxyyyxyyyxyyyxyX,73,25,21
aca_105,25,3,YYxYx,Xyy,YYxYXyyXyXyyXYxYxYYxYx,YYxYYxYYxYYxYYxYYxYYxyXyyXyyXyyXyyXyyXyyXYx,65,25,21
aca_105,26,3,Yxx,XXyXy,YXyXYxxYxxYxxYxYxx,YXyXyXXyXyXXyXyXXyXyXXyXyXXyXyXXyXyXXyxYxYxxYxYxxYxYxxYxYxxYxYxxYxYxx,87,25,21
aca_105,27,3,xxy,xxyxy,YYXXYXYXXYXXYXXYXX,YXYXyxxyxyxxyxyxxyxyxxyxyxxyxyxxyxyxxyxyxYXXYXYXXYXYXXYXYXXYXYXXYXYXX,87,25,21
aca_105,28,3,xyxyy,xyy,YYXYXYYXYXYYXYXYxyyxYX,YYXYYXYYXYYXYYXYYXYYXYxyyxyyxyyxyyxyyxyyxyX,65,25,21
aca_105,29,4,YYYYx,y,YYYYYYYYxyyyyyyyX,YYYYxYYYYxyyXyyyyXyx,37,25,21
aca_105,30,4,x,XXXXy,YxYxxxxxxYxxxx,YXyXXXXyXXXXyXXXXyXXXXyXXXXyXXXXyXXXXyxYxxxxYxxxxYxxxxYxxxxYxxxxYxxxx,83,25,21
aca_105,31,4,x,xxxxy,YXXYXXXXYXXXXXXX,YXyxxxxyxxxxyxxxxyxxxxyxxxxyxxxxyxxxxyxYXXXXYXXXXYXXXXYXXXXYXXXXYXXXX,85,25,21
aca_105,32,4,xyyyy,y,YYYYYYYYxyyyyyyyX,YYYYXYYYYXYxyyyyxYYX,37,25,21
aca_105,33,4,YYYx,Xyyyy,YYYYxYXyyyXYxYYYxYYYx,YYYYxYYYYxYYYYxYYYYxYYYYxYYYYxYYYYxyXyyyyXyyyyXyyyyXyyyyXyyyyXyyyyXYx,90,25,21
aca_105,34,4,Yx,XyXyXyy,YYYxYxYxYxYxYYxYxYx,YYxYxYxYYxYxYxYYxYxYxYYxYxYxYYxYxYxYYxYxYxYYxyXyXyXyyXyXyXyyXyXyXyyXyXyXyyXyXyXyyXyXyXyyXYxYxYx,114,25,21
aca_105,35,4,YxYxYxx,Xy,YXyXyXyXXyXyXyXYxxYxYxYxxYx,YXyXyXyXyXyXyXyXyxYxYxYxYxYxYx,57,25,21
aca_105,36,4,Yxxxx,XXXy,YXyXXXXyXYxxxxYxxxxYxxx,YXyXXXyXXXyXXXyXXXyXXXyXXXyXXXyxYxxxYxxxYxxxYxxxYxxxYxxx,79,25,21
aca_105,37,4,xxxxy,xxxy,YXyxxxxyxxxxyxxxxyxxxyX,YXyxxxyxxxyxxxyxxxyxxxyxxxyxxxyxYXXXYXXXYXXXYXXXYXXXYXXX,79,25,21
aca_105,38,4,xxyxyxy,xy,YXYXYXyxxyxyxyxxyxyxyxxyxyX,YXYXYXYXYXYXYXYxyxyxyxyxyxyxyX,57,25,21
aca_105,39,4,xy,xyxyxyy,YYXYYXYXYXYYXYXYXYXYXYX,YYXYXYXYYXYXYXYYXYXYXYYXYXYXYYXYXYXYYXYXYXYYXYXYXYxyyxyxyxyyxyxyxyyxyxyxyyxyxyxyyxyxyxyyxyxyxyX,118,25,21
aca_105,40,4,xyyy,xyyyy,YYYYXYYYXYYYXYYYXYxYX,YYYYXYYYYXYYYYXYYYYXYYYYXYYYYXYYYYXYxyyyyxyyyyxyyyyxyyyyxyyyyxyyyyxyX,90,25,21
aca_105,41,4,YYx,XyyXyyy,YYYxYYxYXYxYYxYYxYYx,YYYxYYxYYYxYYxYYYxYYxYYYxYYxYYYxYYxYYYxYYxYYYxyXyyXyyyXyyXyyyXyyXyyyXyyXyyyXyyXyyyXyyXyyyXYxYYx,115,25,21
aca_105,42,4,YxxYxxx,XXy,YXyXXyXXXyXXyXYxxxYxxYxxxYxx,YXyXXyXXyXXyXXyXXyXXyXXyxYxxYxxYxxYxxYxxYxx,71,25,21
aca_105,43,4,xxxyxxy,xxy,YXyxxxyxxyxxxyxxyxxxyxxyXYXX,YXyxxyxxyxxyxxyxxyxxyxxyxYXXYXXYXXYXXYXXYXX,71,25,21
aca_105,44,4,xyy,xyyxyyy,YYYYXYYXYYYXYYXYYXYYXYYX,YYYXYYXYYYXYYXYYYXYYXYYYXYYXYYYXYYXYYYXYYXYYYXYYXYxyyyxyyxyyyxyyxyyyxyyxyyyxyyxyyyxyyxyyyxyyxyX,119,25,21
aca_105,45,4,YYYxYYx,Xyyy,YYYxYYxYYYxYXyyyXyyXyyyXYxYYx,YYYxYYYxYYYxYYYxYYYxYYYxYYYxyXyyyXyyyXyyyXyyyXyyyXyyyXYx,85,25,21
aca_105,46,4,YYxYYxYx,Xyy,YYxYYxYxYYxYYxyXyyXyXyyXyyXyXyx,YYxYYxYYxYYxYYxYYxYYxyXyyXyyXyyXyyXyyXyyXYx,74,25,21
aca_105,47,4,Yxx,XXyXXyXy,YYxxYxxYxxYxxYxYxxYxx,YXyXyXXyXXyXyXXyXXyXyXXyXXyXyXXyXXyXyXXyXXyXyXXyXXyXyXXyXXyxYxYxxYxxYxYxxYxxYxYxxYxxYxYxxYxxYxYxxYxxYxYxxYxx,129,25,21
aca_105,48,4,Yxxx,XXXyXXy,YXyXYxxxYxxxYxxxYxxYxxx,YXyXXyXXXyXXyXXXyXXyXXXyXXyXXXyXXyXXXyXXyXXXyXXyXXXyxYxxYxxxYxxYxxxYxxYxxxYxxYxxxYxxYxxxYxxYxxx,118,25,21
aca_105,49,4,xxxy,xxxyxxy,YXYXXXYXXYXXXYXXXYXXXYXXX,YXyxxxyxxyxxxyxxyxxxyxxyxxxyxxyxxxyxxyxxxyxxyxxxyxxyxYXXXYXXYXXXYXXYXXXYXXYXXXYXXYXXXYXXYXXXYXX,120,25,21
aca_105,50,4,xxy,xxyxxyxy,YXYXYXXYXXYXYXXYXXYXXYXXYXX,YXYXyxxyxxyxyxxyxxyxyxxyxxyxyxxyxxyxyxxyxxyxyxxyxxyxyxxyxxyxyxYXXYXXYXYXXYXXYXYXXYXXYXYXXYXXYXYXXYXXYXYXXYXX,135,25,21
aca_106,0,0,x,y,YYXXXyxx,YYYYYYYYxyyyyyyyX,25,25,21
aca_106,1,1,Yx,y,YYXyXyXyxYx,YYYYYYYYxyyyyyyyX,28,25,21
aca_106,2,1,x,Xy,YXXXyxxYx,YXyXyXyXyXyXyXyXyxYxYxYxYxYxYx,39,25,21
aca_106,3,1,x,xy,YXYXXXyxx,YXYXYXYXYXYXYXYxyxyxyxyxyxyxyX,39,25,21
aca_106,4,1,xy,y,YYXYXYXyxyx,YYYYYYYYxyyyyyyyX,28,25,21
aca_106,5,2,YYx,y,YYXyyXyyXyxYYx,YYYYYYYYxyyyyyyyX,31,25,21
aca_106,6,2,x,XXy,YXXXyxxYxx,YXyXXyXXyXXyXXyXXyXXyXXyxYxxYxxYxxYxxYxxYxx,53,25,21
aca_106,7,2,x,xxy,YXXYXXXyxx,YXyxxyxxyxxyxxyxxyxxyxxyxYXXYXXYXXYXXYXXYXX,53,25,21
aca_106,8,2,xyy,y,YYXYYXYYXyxyyx,YYYYYYYYxyyyyyyyX,31,25,21
aca_106,9,2,Yx,Xyy,YYxYXyXyXyxYx,YYxYYxYYxYYxYYxYYxYYxyXyyXyyXyyXyyXyyXyyXYx,56,25,21
aca_106,10,2,Yxx,Xy,YXyXXyXXyxYxxYx,YXyXyXyXyXyXyXyXyxYxYxYxYxYxYx,45,25,21
aca_106,11,2,xxy,xy,YXYXXYXXYXyxxyx,YXYXYXYXYXYXYXYxyxyxyxyxyxyxyX,45,25,21
aca_106,12,2,xy,xyy,YYXYXYXyxyxYX,YYXYYXYYXYYXYYXYYXYYXYxyyxyyxyyxyyxyyxyyxyX,56,25,21
aca_106,13,3,YYYx,y,YYYYYYYYxyyyyyyyX,YYYxYYYxyyXyyyXYx,34,25,21
aca_106,14,3,x,XXXy,YXXXyxxYxxx,YXyXXXyXXXyXXXyXXXyXXXyXXXyXXXyxYxxxYxxxYxxxYxxxYxxxYxxx,67,25,21
aca_106,15,3,x,xxxy,YXXXYXXXyxx,YXyxxxyxxxyxxxyxxxyxxxyxxxyxxxyxYXXXYXXXYXXXYXXXYXXXYXXX,67,25,21
aca_106,16,3,xyyy,y,YYYYYYYYxyyyyyyyX,YYYXYYYXyxyyyxYYX,34,25,21
aca_106,17,3,YYx,Xyyy,YYYxYXyyXyyXyxYYx,YYYxYYYxYYYxYYYxYYYxYYYxYYYxyXyyyXyyyXyyyXyyyXyyyXyyyXYx,73,25,21
aca_106,18,3,Yx,XyXyy,YYxYxYXyXyXyxYx,YYxYxYYxYxYYxYxYYxYxYYxYxYYxYxYYxyXyXyyXyXyyXyXyyXyXyyXyXyyXyXyyXYxYx,84,25,21
aca_106,19,3,YxYxx,Xy,YXyXyXXyXyXXyxYxYxxYx,YXyXyXyXyXyXyXyXyxYxYxYxYxYxYx,51,25,21
aca_106,20,3,Yxxx,XXy,YXyXXXyXXXyxYxxxYxx,YXyXXyXXyXXyXXyXXyXXyXXyxYxxYxxYxxYxxYxxYxx,62,25,21
aca_106,21,3,xxxy,xxy,YXyxxxyxYXXYXXXYXXX,YXyxxyxxyxxyxxyxxyxxyxxyxYXXYXXYXXYXXYXXYXX,62,25,21
aca_106,22,3,xxyxy,xy,YXYXyxxyxyxYXYXXYXYXX,YXYXYXYXYXYXYXYxyxyxyxyxyxyxyX,51,25,21
aca_106,23,3,xy,xyxyy,YYXYXYXyxyxYXYX,YYXYXYYXYXYYXYXYYXYXYYXYXYYXYXYYXYXYxyyxyxyyxyxyyxyxyyxyxyyxyxyyxyxyX,84,25,21
aca_106,24,3,xyy,xyyy,YYYXYYXYYXyxyyxYX,YYYXYYYXYYYXYYYXYYYXYYYXYYYXYxyyyxyyyxyyyxyyyxyyyxyyyxyX,73,25,21
aca_106,25,3,YYxYx,Xyy,YYxYXyyXyXyyXyXyxYYxYx,YYxYYxYYxYYxYYxYYxYYxyXyyXyyXyyXyyXyyXyyXYx,65,25,21
aca_106,26,3,Yxx,XXyXy,YXyXXyXXyxYxxYxYxx,YXyXyXXyXyXXyXyXXyXyXXyXyXXyXyXXyXyXXyxYxYxxYxYxxYxYxxYxYxxYxYxxYxYxx,87,25,21
aca_106,27,3,xxy,xxyxy,YXYXXYXXYXyxxyxYXX,YXYXyxxyxyxxyxyxxyxyxxyxyxxyxyxxyxyxxyxyxYXXYXYXXYXYXXYXYXXYXYXXYXYXX,87,25,21
aca_106,28,3,xyxyy,xyy,YYXYXYYXYXYYXyxyxyyxYX,YYXYYXYYXYYXYYXYYXYYXYxyyxyyxyyxyyxyyxyyxyX,65,25,21
aca_106,29,4,YYYYx,y,YYYYYYYYxyyyyyyyX,YYYYxYYYYxyyXyyyyXYx,37,25,21
aca_106,30,4,x,XXXXy,YXXXyxxYxxxx,YXyXXXXyXXXXyXXXXyXXXXyXXXXyXXXXyXXXXyxYxxxxYxxxxYxxxxYxxxxYxxxxYxxxx,81,25,21
aca_106,31,4,x,xxxxy,YXXXyxxYXXXX,YXyxxxxyxxxxyxxxxyxxxxyxxxxyxxxxyxxxxyxYXXXXYXXXXYXXXXYXXXXYXXXXYXXXX,81,25,21
aca_106,32,4,xyyyy,y,YYYYYYYYxyyyyyyyX,YYYYXYYYYXyxyyyyxYYX,37,25,21
aca_106,33,4,YYYx,Xyyyy,YYYYxYXyyyXyyyXyxYYYx,YYYYxYYYYxYYYYxYYYYxYYYYxYYYYxYYYYxyXyyyyXyyyyXyyyyXyyyyXyyyyXyyyyXYx,90,25,21
aca_106,34,4,Yx,XyXyXyy,YYxYxYxYXyXyXyxYx,YYxYxYxYYxYxYxYYxYxYxYYxYxYxYYxYxYxYYxYxYxYYxyXyXyXyyXyXyXyyXyXyXyyXyXyXyyXyXyXyyXyXyXyyXYxYxYx,112,25,21
aca_106,35,4,YxYxYxx,Xy,YXyXyXyXXyXyXyXXyxYxYxYxxYx,YXyXyXyXyXyXyXyXyxYxYxYxYxYxYx,57,25,21
aca_106,36,4,Yxxxx,XXXy,YXyXXXXyXXXXyxYxxxxYxxx,YXyXXXyXXXyXXXyXXXyXXXyXXXyXXXyxYxxxYxxxYxxxYxxxYxxxYxxx,79,25,21
aca_106,37,4,xxxxy,xxxy,YXyxxxxyxYXXXYXXXXYXXXX,YXyxxxyxxxyxxxyxxxyxxxyxxxyxxxyxYXXXYXXXYXXXYXXXYXXXYXXX,79,25,21
aca_106,38,4,xxyxyxy,xy,YXYXYXyxxyxyxyxYXYXXYXYXYXX,YXYXYXYXYXYXYXYxyxyxyxyxyxyxyX,57,25,21
aca_106,39,4,xy,xyxyxyy,YYXYXYXyxyxYXYXYX,YYXYXYXYYXYXYXYYXYXYXYYXYXYXYYXYXYXYYXYXYXYYXYXYXYxyyxyxyxyyxyxyxyyxyxyxyyxyxyxyyxyxyxyyxyxyxyX,112,25,21
aca_106,40,4,xyyy,xyyyy,YYYYXYYYXYYYXyxyyyxYX,YYYYXYYYYXYYYYXYYYYXYYYYXYYYYXYYYYXYxyyyyxyyyyxyyyyxyyyyxyyyyxyyyyxyX,90,25,21
aca_106,41,4,YYx,XyyXyyy,YYYxYYxYXyyXyyXyxYYx,YYYxYYxYYYxYYxYYYxYYxYYYxYYxYYYxYYxYYYxYYxYYYxyXyyXyyyXyyXyyyXyyXyyyXyyXyyyXyyXyyyXyyXyyyXYxYYx,115,25,21
aca_106,42,4,YxxYxxx,XXy,YXyXXyXXXyXXyXXXyxYxxYxxxYxx,YXyXXyXXyXXyXXyXXyXXyXXyxYxxYxxYxxYxxYxxYxx,71,25,21
aca_106,43,4,xxxyxxy,xxy,YXyxxxyxxyxYXXYXXXYXXYXXXYXX,YXyxxyxxyxxyxxyxxyxxyxxyxYXXYXXYXXYXXYXXYXX,71,25,21
aca_106,44,4,xyy,xyyxyyy,YYYXYYXYYXyxyyxYXYYX,YYYXYYXYYYXYYXYYYXYYXYYYXYYXYYYXYYXYYYXYYXYYYXYYXYxyyyxyyxyyyxyyxyyyxyyxyyyxyyxyyyxyyxyyyxyyxyX,115,25,21
aca_106,45,4,YYYxYYx,Xyyy,YYYxYYxYYYxYXyyyXyyXyyyXyyXyx,YYYxYYYxYYYxYYYxYYYxYYYxYYYxyXyyyXyyyXyyyXyyyXyyyXyyyXYx,85,25,21
aca_106,46,4,YYxYYxYx,Xyy,YYxYYxYxYYxYYxyXyyXyXyyXyyXYxYx,YYxYYxYYxYYxYYxYYxYYxyXyyXyyXyyXyyXyyXyyXYx,74,25,21
aca_106,47,4,Yxx,XXyXXyXy,YXyXXyXXyxYxxYxYxxYxx,YXyXyXXyXXyXyXXyXXyXyXXyXXyXyXXyXXyXyXXyXXyXyXXyXXyXyXXyXXyxYxYxxYxxYxYxxYxxYxYxxYxxYxYxxYxxYxYxxYxxYxYxxYxx,129,25,21
aca_106,48,4,Yxxx,XXXyXXy,YXyXXXyXXXyxYxxxYxxYxxx,YXyXXyXXXyXXyXXXyXXyXXXyXXyXXXyXXyXXXyXXyXXXyXXyXXXyxYxxYxxxYxxYxxxYxxYxxxYxxYxxxYxxYxxxYxxYxxx,118,25,21
aca_106,49,4,xxxy,xxxyxxy,YXyxxxyxYXXXYXXYXXXYXXX,YXyxxxyxxyxxxyxxyxxxyxxyxxxyxxyxxxyxxyxxxyxxyxxxyxxyxYXXXYXXYXXXYXXYXXXYXXYXXXYXXYXXXYXXYXXXYXX,118,25,21
aca_106,50,4,xxy,xxyxxyxy,YXYXXYXXYXyxxyxYXXYXX,YXYXyxxyxxyxyxxyxxyxyxxyxxyxyxxyxxyxyxxyxxyxyxxyxxyxyxxyxxyxyxYXXYXXYXYXXYXXYXYXXYXXYXYXXYXXYXYXXYXXYXYXXYXX,129,25,21
aca_107,0,0,x,y,YXXyXyxx,YYYYYYYYxyyyyyyyX,25,25,22
aca_107,1,1,Yx,y,YYxYxyXyXYx,YYYYYYYYxyyyyyyyX,28,25,22
aca_107,2,1,x,Xy,YXXyXXyxx,YXyXyXyXyXyXyXyXyxYxYxYxYxYxYx,39,25,22
aca_107,3,1,x,xy,YYxxyXX,YXYXYXYXYXYXYXYxyxyxyxyxyxyxyX,37,25,22
aca_107,4,1,xy,y,YXYXXyxyx,YYYYYYYYxyyyyyyyX,26,25,22
aca_107,5,2,YYx,y,YYYxYYxyXyyXYx,YYYYYYYYxyyyyyyyX,31,25,22
aca_107,6,2,x,XXy,YXXyXXXyxx,YXyXXyXXyXXyXXyXXyXXyXXyxYxxYxxYxxYxxYxxYxx,53,25,22
aca_107,7,2,x,xxy,YXYxxyXX,YXyxxyxxyxxyxxyxxyxxyxxyxYXXYXXYXXYXXYXXYXX,51,25,22
aca_107,8,2,xyy,y,YYXYXyxyyxYX,YYYYYYYYxyyyyyyyX,29,25,22
aca_107,9,2,Yx,Xyy,YYxYxyXyXYxYx,YYxYYxYYxYYxYYxYYxYYxyXyyXyyXyyXyyXyyXyyXYx,56,25,22
aca_107,10,2,Yxx,Xy,YXyXXyXyXXyxYxx,YXyXyXyXyXyXyXyXyxYxYxYxYxYxYx,45,25,22
aca_107,11,2,xxy,xy,YXXYXXyxxyx,YXYXYXYXYXYXYXYxyxyxyxyxyxyxyX,41,25,22
aca_107,12,2,xy,xyy,YYxyxyXYX,YYXYYXYYXYYXYYXYYXYYXYxyyxyyxyyxyyxyyxyyxyX,52,25,22
aca_107,13,3,YYYx,y,YYYYYYYYxyyyyyyyX,YYYYxYYYxyXyyyXYx,34,25,22
aca_107,14,3,x,XXXy,YXXyXXXXyxx,YXyXXXyXXXyXXXyXXXyXXXyXXXyXXXyxYxxxYxxxYxxxYxxxYxxxYxxx,67,25,22
aca_107,15,3,x,xxxy,YXXYxxyXX,YXyxxxyxxxyxxxyxxxyxxxyxxxyxxxyxYXXXYXXXYXXXYXXXYXXXYXXX,65,25,22
aca_107,16,3,xyyy,y,YYYXYYXyxyyyxYX,YYYYYYYYxyyyyyyyX,32,25,22
aca_107,17,3,YYx,Xyyy,YYYxYYxyXyyXYxYYx,YYYxYYYxYYYxYYYxYYYxYYYxYYYxyXyyyXyyyXyyyXyyyXyyyXyyyXYx,73,25,22
aca_107,18,3,Yx,XyXyy,YYxYxyXyXYxYxYx,YYxYxYYxYxYYxYxYYxYxYYxYxYYxYxYYxyXyXyyXyXyyXyXyyXyXyyXyXyyXyXyyXYxYx,84,25,22
aca_107,19,3,YxYxx,Xy,YXyXyXXyXyXyXXyxYxYxx,YXyXyXyXyXyXyXyXyxYxYxYxYxYxYx,51,25,22
aca_107,20,3,Yxxx,XXy,YXyXXXyXXyXXXyxYxxx,YXyXXyXXyXXyXXyXXyXXyXXyxYxxYxxYxxYxxYxxYxx,62,25,22
aca_107,21,3,xxxy,xxy,YXXyxxxyxYXXX,YXyxxyxxyxxyxxyxxyxxyxxyxYXXYXXYXXYXXYXXYXX,56,25,22
aca_107,22,3,xxyxy,xy,YXYXXYXyxxyxyxYXX,YXYXYXYXYXYXYXYxyxyxyxyxyxyxyX,47,25,22
aca_107,23,3,xy,xyxyy,YYXYxyxyXYX,YYXYXYYXYXYYXYXYYXYXYYXYXYYXYXYYXYXYxyyxyxyyxyxyyxyxyyxyxyyxyxyyxyxyX,80,25,22
aca_107,24,3,xyy,xyyy,YYXYYxyyxyX,YYYXYYYXYYYXYYYXYYYXYYYXYYYXYxyyyxyyyxyyyxyyyxyyyxyyyxyX,67,25,22
aca_107,25,3,YYxYx,Xyy,YYxYYxYxYYxyXyXyyXYxYx,YYxYYxYYxYYxYYxYYxYYxyXyyXyyXyyXyyXyyXyyXYx,65,25,22
aca_107,26,3,Yxx,XXyXy,YXyXXyXyXXyXXyxYxx,YXyXyXXyXyXXyXyXXyXyXXyXyXXyXyXXyXyXXyxYxYxxYxYxxYxYxxYxYxxYxYxxYxYxx,87,25,22
aca_107,27,3,xxy,xxyxy,YXYxyxxyXYXX,YXYXyxxyxyxxyxyxxyxyxxyxyxxyxyxxyxyxxyxyxYXXYXYXXYXYXXYXYXXYXYXXYXYXX,81,25,22
aca_107,28,3,xyxyy,xyy,YYXYXYxyxyyxyxyX,YYXYYXYYXYYXYYXYYXYYXYxyyxyyxyyxyyxyyxyyxyX,59,25,22
aca_107,29,4,YYYYx,y,YYYYYYYYxyyyyyyyX,YYYYYxYYYYxyXyyyyXYx,37,25,22
aca_107,30,4,x,XXXXy,YXXyXXXXXyxx,YXyXXXXyXXXXyXXXXyXXXXyXXXXyXXXXyXXXXyxYxxxxYxxxxYxxxxYxxxxYxxxxYxxxx,81,25,22
aca_107,31,4,x,xxxxy,YXXyxxxyxx,YXyxxxxyxxxxyxxxxyxxxxyxxxxyxxxxyxxxxyxYXXXXYXXXXYXXXXYXXXXYXXXXYXXXX,79,25,22
aca_107,32,4,xyyyy,y,YYYYYYYYxyyyyyyyX,YYYYXYYYXyxyyyyxYX,35,25,22
aca_107,33,4,YYYx,Xyyyy,YYYYxYYYxyXyyyXYxYYYx,YYYYxYYYYxYYYYxYYYYxYYYYxYYYYxYYYYxyXyyyyXyyyyXyyyyXyyyyXyyyyXyyyyXYx,90,25,22
aca_107,34,4,Yx,XyXyXyy,YYxYxyXyXYxYxYxYx,YYxYxYxYYxYxYxYYxYxYxYYxYxYxYYxYxYxYYxYxYxYYxyXyXyXyyXyXyXyyXyXyXyyXyXyXyyXyXyXyyXyXyXyyXYxYxYx,112,25,22
aca_107,35,4,YxYxYxx,Xy,YXyXyXyXXyXyXyXyXXyxYxYxYxx,YXyXyXyXyXyXyXyXyxYxYxYxYxYxYx,57,25,22
aca_107,36,4,Yxxxx,XXXy,YXyXXXXyXXXyXXXXyxYxxxx,YXyXXXyXXXyXXXyXXXyXXXyXXXyXXXyxYxxxYxxxYxxxYxxxYxxxYxxx,79,25,22
aca_107,37,4,xxxxy,xxxy,YXXyxxxxyxYXXXX,YXyxxxyxxxyxxxyxxxyxxxyxxxyxxxyxYXXXYXXXYXXXYXXXYXXXYXXX,71,25,22
aca_107,38,4,xxyxyxy,xy,YXYXYXXYXYXyxxyxyxyxYXX,YXYXYXYXYXYXYXYxyxyxyxyxyxyxyX,53,25,22
aca_107,39,4,xy,xyxyxyy,YYXYXYxyxyXYX,YYXYXYXYYXYXYXYYXYXYXYYXYXYXYYXYXYXYYXYXYXYYXYXYXYxyyxyxyxyyxyxyxyyxyxyxyyxyxyxyyxyxyxyyxyxyxyX,108,25,22
aca_107,40,4,xyyy,xyyyy,YYYXYYxyyyxyX,YYYYXYYYYXYYYYXYYYYXYYYYXYYYYXYYYYXYxyyyyxyyyyxyyyyxyyyyxyyyyxyyyyxyX,82,25,22
aca_107,41,4,YYx,XyyXyyy,YYYxYYxyXyyXYxYYxYYx,YYYxYYxYYYxYYxYYYxYYxYYYxYYxYYYxYYxYYYxYYxYYYxyXyyXyyyXyyXyyyXyyXyyyXyyXyyyXyyXyyyXyyXyyyXYxYYx,115,25,22
aca_107,42,4,YxxYxxx,XXy,YXyXXyXXXyXXyXXyXXXyxYxxYxxx,YXyXXyXXyXXyXXyXXyXXyXXyxYxxYxxYxxYxxYxxYxx,71,25,22
aca_107,43,4,xxxyxxy,xxy,YXyxxxyxxyxYXXXYXXYXXX,YXyxxyxxyxxyxxyxxyxxyxxyxYXXYXXYXXYXXYXXYXX,65,25,22
aca_107,44,4,xyy,xyyxyyy,YYYXYxyyxyXYYX,YYYXYYXYYYXYYXYYYXYYXYYYXYYXYYYXYYXYYYXYYXYYYXYYXYxyyyxyyxyyyxyyxyyyxyyxyyyxyyxyyyxyyxyyyxyyxyX,109,25,22
aca_107,45,4,YYYxYYx,Xyyy,YYYxYYYxYYxYYYxyXyyXyyyXYxYYx,YYYxYYYxYYYxYYYxYYYxYYYxYYYxyXyyyXyyyXyyyXyyyXyyyXyyyXYx,85,25,22
aca_107,46,4,YYxYYxYx,Xyy,YYxYYxYYxYxYYxYYxyXyXyyXyyXYxYx,YYxYYxYYxYYxYYxYYxYYxyXyyXyyXyyXyyXyyXyyXYx,74,25,22
aca_107,47,4,Yxx,XXyXXyXy,YXyXXyXyXXyXXyXXyxYxx,YXyXyXXyXXyXyXXyXXyXyXXyXXyXyXXyXXyXyXXyXXyXyXXyXXyXyXXyXXyxYxYxxYxxYxYxxYxxYxYxxYxxYxYxxYxxYxYxxYxxYxYxxYxx,129,25,22
aca_107,48,4,Yxxx,XXXyXXy,YXyXXXyXXyXXXyXXXyxYxxx,YXyXXyXXXyXXyXXXyXXyXXXyXXyXXXyXXyXXXyXXyXXXyXXyXXXyxYxxYxxxYxxYxxxYxxYxxxYxxYxxxYxxYxxxYxxYxxx,118,25,22
aca_107,49,4,xxxy,xxxyxxy,YXyxxyxxxyxYXXX,YXyxxxyxxyxxxyxxyxxxyxxyxxxyxxyxxxyxxyxxxyxxyxxxyxxyxYXXXYXXYXXXYXXYXXXYXXYXXXYXXYXXXYXXYXXXYXX,110,25,22
aca_107,50,4,xxy,xxyxxyxy,YXYXXYxyxxyXYXX,YXYXyxxyxxyxyxxyxxyxyxxyxxyxyxxyxxyxyxxyxxyxyxxyxxyxyxxyxxyxyxYXXYXXYXYXXYXXYXYXXYXXYXYXXYXXYXYXXYXXYXYXXYXX,123,25,22
aca_108,0,0,x,y,YXXYxxyx,YYYYYYYYXyyyyyyyx,25,25,24
aca_108,1,1,Yx,y,YXyXYxYxx,YYYYYYYYXyyyyyyyx,26,25,24
aca_108,2,1,x,Xy,YXYxxyx,YXyXyXyXyXyXyXyxYxYxYxYxYxYxYx,37,25,24
aca_108,3,1,x,xy,YXXyxxxyX,YXYXYXYXYXYXYXYXyxyxyxyxyxyxyx,39,25,24
aca_108,4,1,xy,y,YYXYXyxyxyX,YYYYYYYYXyyyyyyyx,28,25,24
aca_108,5,2,YYx,y,YYxYxYXyyXYx,YYYYYYYYXyyyyyyyx,29,25,24
aca_108,6,2,x,XXy,YYxxyx,YXyXXyXXyXXyXXyXXyXXyxYxxYxxYxxYxxYxxYxxYxx,49,25,24
aca_108,7,2,x,xxy,YXXyxxxxyX,YXyxxyxxyxxyxxyxxyxxyxYXXYXXYXXYXXYXXYXXYXX,53,25,24
aca_108,8,2,xyy,y,YYYXYYXyxyyxyX,YYYYYYYYXyyyyyyyx,31,25,24
aca_108,9,2,Yx,Xyy,YXYxYxx,YYxYYxYYxYYxYYxYYxYYxYXyyXyyXyyXyyXyyXyyXyx,50,25,24
aca_108,10,2,Yxx,Xy,YXyXYxxYxxx,YXyXyXyXyXyXyXyxYxYxYxYxYxYxYx,41,25,24
aca_108,11,2,xxy,xy,YXYXXYXyxxyxxyX,YXYXYXYXYXYXYXYXyxyxyxyxyxyxyx,45,25,24
aca_108,12,2,xy,xyy,YYXYXyxyxyxyX,YYXYYXYYXYYXYYXYYXYYXyxyyxyyxyyxyyxyyxyyxYX,56,25,24
aca_108,13,3,YYYx,y,YYYxYYxYXyyyXYx,YYYYYYYYXyyyyyyyx,32,25,24
aca_108,14,3,x,XXXy,YXXyXyX,YXyXXXyXXXyXXXyXXXyXXXyXXXyxYxxxYxxxYxxxYxxxYxxxYxxxYxxx,63,25,24
aca_108,15,3,x,xxxy,YXXyxxxxxyX,YXyxxxyxxxyxxxyxxxyxxxyxxxyxYXXXYXXXYXXXYXXXYXXXYXXXYXXX,67,25,24
aca_108,16,3,xyyy,y,YYYYYYYYXyyyyyyyx,YYYYXYYYXyxyyyxyX,34,25,24
aca_108,17,3,YYx,Xyyy,YYxYxYXYx,YYYxYYYxYYYxYYYxYYYxYYYxYYYxYXyyyXyyyXyyyXyyyXyyyXyyyXyx,65,25,24
aca_108,18,3,Yx,XyXyy,YYYxYxx,YYxYxYYxYxYYxYxYYxYxYYxYxYYxYxYYxYxYXyyXyXyyXyXyyXyXyyXyXyyXyXyyXyXyx,76,25,24
aca_108,19,3,YxYxx,Xy,YXyXyXYxxYxYxxYxx,YXyXyXyXyXyXyXyxYxYxYxYxYxYxYx,47,25,24
aca_108,20,3,Yxxx,XXy,YXyXYxxxYxxxx,YXyXXyXXyXXyXXyXXyXXyxYxxYxxYxxYxxYxxYxxYxx,56,25,24
aca_108,21,3,xxxy,xxy,YXyxxxyxxxyXYXXYXXX,YXyxxyxxyxxyxxyxxyxxyxYXXYXXYXXYXXYXXYXXYXX,62,25,24
aca_108,22,3,xxyxy,xy,YXYXYXXYXYXyxxyxyxxyX,YXYXYXYXYXYXYXYXyxyxyxyxyxyxyx,51,25,24
aca_108,23,3,xy,xyxyy,YYXYXyxyxyxyxyX,YYXYXYYXYXYYXYXYYXYXYYXYXYYXYXYYXyxyxyyxyxyyxyxyyxyxyyxyxyyxyxyyxYXYX,84,25,24
aca_108,24,3,xyy,xyyy,YYYXYYXyxyyxyyxyX,YYYXYYYXYYYXYYYXYYYXYYYXYYYXyxyyyxyyyxyyyxyyyxyyyxyyyxYX,73,25,24
aca_108,25,3,YYxYx,Xyy,YYxYxYxYXyyXYxYx,YYxYYxYYxYYxYYxYYxYYxYXyyXyyXyyXyyXyyXyyXyx,59,25,24
aca_108,26,3,Yxx,XXyXy,YYxxYxxx,YXyXyXXyXyXXyXyXXyXyXXyXyXXyXyXXyxYxYxxYxYxxYxYxxYxYxxYxYxxYxYxxYxYxx,77,25,24
aca_108,27,3,xxy,xxyxy,YXYXXYXyxxyxxyxxyX,YXYXyxxyxyxxyxyxxyxyxxyxyxxyxyxxyxyxYXXYXYXXYXYXXYXYXXYXYXXYXYXXYXYXX,87,25,24
aca_108,28,3,xyxyy,xyy,YYXYYXYXYYXyxyxyyxyxyX,YYXYYXYYXYYXYYXYYXYYXyxyyxyyxyyxyyxyyxyyxYX,65,25,24
aca_108,29,4,YYYYx,y,YYYYYYYYXyyyyyyyx,YYYYxYYYxYXyyyyXYx,35,25,24
aca_108,30,4,x,XXXXy,YXXyXXyX,YXyXXXXyXXXXyXXXXyXXXXyXXXXyXXXXyxYxxxxYxxxxYxxxxYxxxxYxxxxYxxxxYxxxx,77,25,24
aca_108,31,4,x,xxxxy,YXXyxxxxxxyX,YXyxxxxyxxxxyxxxxyxxxxyxxxxyxxxxyxYXXXXYXXXXYXXXXYXXXXYXXXXYXXXXYXXXX,81,25,24
aca_108,32,4,xyyyy,y,YYYYYYYYXyyyyyyyx,YYYYYXYYYYXyxyyyyxyX,37,25,24
aca_108,33,4,YYYx,Xyyyy,YYYxYYxYXYx,YYYYxYYYYxYYYYxYYYYxYYYYxYYYYxYYYYxYXyyyyXyyyyXyyyyXyyyyXyyyyXyyyyXyx,80,25,24
aca_108,34,4,Yx,XyXyXyy,YYxYYxYxx,YYxYxYxYYxYxYxYYxYxYxYYxYxYxYYxYxYxYYxYxYxYYxYxYxYXyyXyXyXyyXyXyXyyXyXyXyyXyXyXyyXyXyXyyXyXyXyx,104,25,24
aca_108,35,4,YxYxYxx,Xy,YXyXyXyXYxxYxYxYxxYxYxx,YXyXyXyXyXyXyXyxYxYxYxYxYxYxYx,53,25,24
aca_108,36,4,Yxxxx,XXXy,YXyXYxxxxYxxxxx,YXyXXXyXXXyXXXyXXXyXXXyXXXyxYxxxYxxxYxxxYxxxYxxxYxxxYxxx,71,25,24
aca_108,37,4,xxxxy,xxxy,YXyxxxxyxxxxyXYXXXYXXXX,YXyxxxyxxxyxxxyxxxyxxxyxxxyxYXXXYXXXYXXXYXXXYXXXYXXXYXXX,79,25,24
aca_108,38,4,xxyxyxy,xy,YXYXYXYXXYXYXYXyxxyxyxyxxyX,YXYXYXYXYXYXYXYXyxyxyxyxyxyxyx,57,25,24
aca_108,39,4,xy,xyxyxyy,YYXYXyxyxyxyxyxyX,YYXYXYXYYXYXYXYYXYXYXYYXYXYXYYXYXYXYYXYXYXYYXyxyxyxyyxyxyxyyxyxyxyyxyxyxyyxyxyxyyxyxyxyyxYXYXYX,112,25,24
aca_108,40,4,xyyy,xyyyy,YYYYXYYYXyxyyyxyyyxyX,YYYYXYYYYXYYYYXYYYYXYYYYXYYYYXYYYYXyxyyyyxyyyyxyyyyxyyyyxyyyyxyyyyxYX,90,25,24
aca_108,41,4,YYx,XyyXyyy,YYYYxYYxYx,YYYxYYxYYYxYYxYYYxYYxYYYxYYxYYYxYYxYYYxYYxYYYxYYxYXyyyXyyXyyyXyyXyyyXyyXyyyXyyXyyyXyyXyyyXyyXyx,105,25,24
aca_108,42,4,YxxYxxx,XXy,YXyXXyXYxxxYxxYxxxYxxx,YXyXXyXXyXXyXXyXXyXXyxYxxYxxYxxYxxYxxYxxYxx,65,25,24
aca_108,43,4,xxxyxxy,xxy,YXyxxxyxxyxxxyXYXXYXXYXXXYXX,YXyxxyxxyxxyxxyxxyxxyxYXXYXXYXXYXXYXXYXXYXX,71,25,24
aca_108,44,4,xyy,xyyxyyy,YYYXYYXyxyyxyyxyyxyX,YYYXYYXYYYXYYXYYYXYYXYYYXYYXYYYXYYXYYYXYYXYYYXyxyyxyyyxyyxyyyxyyxyyyxyyxyyyxyyxyyyxyyxyyyxYXYYX,115,25,24
aca_108,45,4,YYYxYYx,Xyyy,YYYxYYxYYxYXyyyXYxYYx,YYYxYYYxYYYxYYYxYYYxYYYxYYYxYXyyyXyyyXyyyXyyyXyyyXyyyXyx,77,25,24
aca_108,46,4,YYxYYxYx,Xyy,YYxYYxYxYYxYxYXyyXyyXYxYx,YYxYYxYYxYYxYYxYYxYYxYXyyXyyXyyXyyXyyXyyXyx,68,25,24
aca_108,47,4,Yxx,XXyXXyXy,YxYxYxxYxxx,YXyXyXXyXXyXyXXyXXyXyXXyXXyXyXXyXXyXyXXyXXyXyXXyXXyxYxYxxYxxYxYxxYxxYxYxxYxxYxYxxYxxYxYxxYxxYxYxxYxxYxYxxYxx,119,25,24
aca_108,48,4,Yxxx,XXXyXXy,YxYxxxYxxxx,YXyXXyXXXyXXyXXXyXXyXXXyXXyXXXyXXyXXXyXXyXXXyxYxxYxxxYxxYxxxYxxYxxxYxxYxxxYxxYxxxYxxYxxxYxxYxxx,106,25,24
aca_108,49,4,xxxy,xxxyxxy,YXyxxxyxxxyxxxyXYXXYXXX,YXyxxxyxxyxxxyxxyxxxyxxyxxxyxxyxxxyxxyxxxyxxyxYXXXYXXYXXXYXXYXXXYXXYXXXYXXYXXXYXXYXXXYXXYXXXYXX,118,25,24
aca_108,50,4,xxy,xxyxxyxy,YXYXXYXyxxyxxyxxyxxyX,YXYXyxxyxxyxyxxyxxyxyxxyxxyxyxxyxxyxyxxyxxyxyxxyxxyxyxYXXYXXYXYXXYXXYXYXXYXXYXYXXYXXYXYXXYXXYXYXXYXXYXYXXYXX,129,25,24
aca_109,0,0,x,y,YXXYxxyX,YYYYYYYYxyyyyyyyX,25,25,23
aca_109,1,1,Yx,y,YXyXyxYxx,YYYYYYYYxyyyyyyyX,26,25,23
aca_109,2,1,x,Xy,YXYxxyX,YXyXyXyXyXyXyXyXyxYxYxYxYxYxYx,37,25,23
aca_109,3,1,x,xy,YXXyxxxyx,YXYXYXYXYXYXYXYxyxyxyxyxyxyxyX,39,25,23
aca_109,4,1,xy,y,YYXYXYxyxyX,YYYYYYYYxyyyyyyyX,28,25,23
aca_109,5,2,YYx,y,YYxYxYXyyXyx,YYYYYYYYxyyyyyyyX,29,25,23
aca_109,6,2,x,XXy,YYxxyX,YXyXXyXXyXXyXXyXXyXXyXXyxYxxYxxYxxYxxYxxYxx,49,25,23
aca_109,7,2,x,xxy,YXXyxxxxyx,YXyxxyxxyxxyxxyxxyxxyxxyxYXXYXXYXXYXXYXXYXX,53,25,23
aca_109,8,2,xyy,y,YYYXYYXYxyyxyX,YYYYYYYYxyyyyyyyX,31,25,23
aca_109,9,2,Yx,Xyy,YXyXyxx,YYxYYxYYxYYxYYxYYxYYxyXyyXyyXyyXyyXyyXyyXYx,50,25,23
aca_109,10,2,Yxx,Xy,YXyXXyxYxxx,YXyXyXyXyXyXyXyXyxYxYxYxYxYxYx,41,25,23
aca_109,11,2,xxy,xy,YXYXXYXXYxyxxyX,YXYXYXYXYXYXYXYxyxyxyxyxyxyxyX,45,25,23
aca_109,12,2,xy,xyy,YYXYXYXYxyxyX,YYXYYXYYXYYXYYXYYXYYXYxyyxyyxyyxyyxyyxyyxyX,56,25,23
aca_109,13,3,YYYx,y,YYYxYYxYXyyyXyx,YYYYYYYYxyyyyyyyX,32,25,23
aca_109,14,3,x,XXXy,YXXyXyx,YXyXXXyXXXyXXXyXXXyXXXyXXXyXXXyxYxxxYxxxYxxxYxxxYxxxYxxx,63,25,23
aca_109,15,3,x,xxxy,YXXyxxxxxyx,YXyxxxyxxxyxxxyxxxyxxxyxxxyxxxyxYXXXYXXXYXXXYXXXYXXXYXXX,67,25,23
aca_109,16,3,xyyy,y,YYYYYYYYxyyyyyyyX,YYYYXYYYXYxyyyxyX,34,25,23
aca_109,17,3,YYx,Xyyy,YYxyXyXYx,YYYxYYYxYYYxYYYxYYYxYYYxYYYxyXyyyXyyyXyyyXyyyXyyyXyyyXYx,65,25,23
aca_109,18,3,Yx,XyXyy,YYxYxyX,YYxYxYYxYxYYxYxYYxYxYYxYxYYxYxYYxyXyXyyXyXyyXyXyyXyXyyXyXyyXyXyyXYxYx,76,25,23
aca_109,19,3,YxYxx,Xy,YXyXyXXyxYxYxxYxx,YXyXyXyXyXyXyXyXyxYxYxYxYxYxYx,47,25,23
aca_109,20,3,Yxxx,XXy,YXyXXXyxYxxxx,YXyXXyXXyXXyXXyXXyXXyXXyxYxxYxxYxxYxxYxxYxx,56,25,23
aca_109,21,3,xxxy,xxy,YXyxxxyxxxyxxyxYXXX,YXyxxyxxyxxyxxyxxyxxyxxyxYXXYXXYXXYXXYXXYXX,62,25,23
aca_109,22,3,xxyxy,xy,YXYXYXXYXYXXYxyxyxxyX,YXYXYXYXYXYXYXYxyxyxyxyxyxyxyX,51,25,23
aca_109,23,3,xy,xyxyy,YYXYXYXYXYxyxyX,YYXYXYYXYXYYXYXYYXYXYYXYXYYXYXYYXYXYxyyxyxyyxyxyyxyxyyxyxyyxyxyyxyxyX,84,25,23
aca_109,24,3,xyy,xyyy,YYYXYYXYYXYxyyxyX,YYYXYYYXYYYXYYYXYYYXYYYXYYYXYxyyyxyyyxyyyxyyyxyyyxyyyxyX,73,25,23
aca_109,25,3,YYxYx,Xyy,YYxYxYxYXyyXyXyx,YYxYYxYYxYYxYYxYYxYYxyXyyXyyXyyXyyXyyXyyXYx,59,25,23
aca_109,26,3,Yxx,XXyXy,YXyXXyxx,YXyXyXXyXyXXyXyXXyXyXXyXyXXyXyXXyXyXXyxYxYxxYxYxxYxYxxYxYxxYxYxxYxYxx,77,25,23
aca_109,27,3,xxy,xxyxy,YXYXXYXXYXXYxyxxyX,YXYXyxxyxyxxyxyxxyxyxxyxyxxyxyxxyxyxxyxyxYXXYXYXXYXYXXYXYXXYXYXXYXYXX,87,25,23
aca_109,28,3,xyxyy,xyy,YYXYYXYXYYXYXYxyyxyxyX,YYXYYXYYXYYXYYXYYXYYXYxyyxyyxyyxyyxyyxyyxyX,65,25,23
aca_109,29,4,YYYYx,y,YYYYYYYYxyyyyyyyX,YYYYxYYYxYXyyyyXyx,35,25,23
aca_109,30,4,x,XXXXy,YXXyXXyx,YXyXXXXyXXXXyXXXXyXXXXyXXXXyXXXXyXXXXyxYxxxxYxxxxYxxxxYxxxxYxxxxYxxxx,77,25,23
aca_109,31,4,x,xxxxy,YXXyxxxxxxyx,YXyxxxxyxxxxyxxxxyxxxxyxxxxyxxxxyxxxxyxYXXXXYXXXXYXXXXYXXXXYXXXXYXXXX,81,25,23
aca_109,32,4,xyyyy,y,YYYYYYYYxyyyyyyyX,YYYYYXYYYYXYxyyyyxyX,37,25,23
aca_109,33,4,YYYx,Xyyyy,YYYxyXyyXYx,YYYYxYYYYxYYYYxYYYYxYYYYxYYYYxYYYYxyXyyyyXyyyyXyyyyXyyyyXyyyyXyyyyXYx,80,25,23
aca_109,34,4,Yx,XyXyXyy,YYxYxyXYx,YYxYxYxYYxYxYxYYxYxYxYYxYxYxYYxYxYxYYxYxYxYYxyXyXyXyyXyXyXyyXyXyXyyXyXyXyyXyXyXyyXyXyXyyXYxYxYx,104,25,23
aca_109,35,4,YxYxYxx,Xy,YXyXyXyXXyxYxYxYxxYxYxx,YXyXyXyXyXyXyXyXyxYxYxYxYxYxYx,53,25,23
aca_109,36,4,Yxxxx,XXXy,YXyXXXXyxYxxxxx,YXyXXXyXXXyXXXyXXXyXXXyXXXyXXXyxYxxxYxxxYxxxYxxxYxxxYxxx,71,25,23
aca_109,37,4,xxxxy,xxxy,YXyxxxxyxxxxyxxxyxYXXXX,YXyxxxyxxxyxxxyxxxyxxxyxxxyxxxyxYXXXYXXXYXXXYXXXYXXXYXXX,79,25,23
aca_109,38,4,xxyxyxy,xy,YXYXYXYXXYXYXYXXYxyxyxyxxyX,YXYXYXYXYXYXYXYxyxyxyxyxyxyxyX,57,25,23
aca_109,39,4,xy,xyxyxyy,YYXYXYXYXYXYxyxyX,YYXYXYXYYXYXYXYYXYXYXYYXYXYXYYXYXYXYYXYXYXYYXYXYXYxyyxyxyxyyxyxyxyyxyxyxyyxyxyxyyxyxyxyyxyxyxyX,112,25,23
aca_109,40,4,xyyy,xyyyy,YYYYXYYYXYYYXYxyyyxyX,YYYYXYYYYXYYYYXYYYYXYYYYXYYYYXYYYYXYxyyyyxyyyyxyyyyxyyyyxyyyyxyyyyxyX,90,25,23
aca_109,41,4,YYx,XyyXyyy,YYxYYxyX,YYYxYYxYYYxYYxYYYxYYxYYYxYYxYYYxYYxYYYxYYxYYYxyXyyXyyyXyyXyyyXyyXyyyXyyXyyyXyyXyyyXyyXyyyXYxYYx,103,25,23
aca_109,42,4,YxxYxxx,XXy,YXyXXyXXXyxYxxYxxxYxxx,YXyXXyXXyXXyXXyXXyXXyXXyxYxxYxxYxxYxxYxxYxx,65,25,23
aca_109,43,4,xxxyxxy,xxy,YXyxxxyxxyxxxyxxyxxyxYXXXYXX,YXyxxyxxyxxyxxyxxyxxyxxyxYXXYXXYXXYXXYXXYXX,71,25,23
aca_109,44,4,xyy,xyyxyyy,YYYXYYXYYXYYXYxyyxyX,YYYXYYXYYYXYYXYYYXYYXYYYXYYXYYYXYYXYYYXYYXYYYXYYXYxyyyxyyxyyyxyyxyyyxyyxyyyxyyxyyyxyyxyyyxyyxyX,115,25,23
aca_109,45,4,YYYxYYx,Xyyy,YYYxYYxYYxYXyyyXyyXyx,YYYxYYYxYYYxYYYxYYYxYYYxYYYxyXyyyXyyyXyyyXyyyXyyyXyyyXYx,77,25,23
aca_109,46,4,YYxYYxYx,Xyy,YYxYYxYxYYxYxYXyyXyyXyXyx,YYxYYxYYxYYxYYxYYxYYxyXyyXyyXyyXyyXyyXyyXYx,68,25,23
aca_109,47,4,Yxx,XXyXXyXy,YXyXXyXyx,YXyXyXXyXXyXyXXyXXyXyXXyXXyXyXXyXXyXyXXyXXyXyXXyXXyXyXXyXXyxYxYxxYxxYxYxxYxxYxYxxYxxYxYxxYxxYxYxxYxxYxYxxYxx,117,25,23
aca_109,48,4,Yxxx,XXXyXXy,YXyXXXyxx,YXyXXyXXXyXXyXXXyXXyXXXyXXyXXXyXXyXXXyXXyXXXyXXyXXXyxYxxYxxxYxxYxxxYxxYxxxYxxYxxxYxxYxxxYxxYxxx,104,25,23
aca_109,49,4,xxxy,xxxyxxy,YXyxxxyxxxyxxxyxxyxYXXX,YXyxxxyxxyxxxyxxyxxxyxxyxxxyxxyxxxyxxyxxxyxxyxxxyxxyxYXXXYXXYXXXYXXYXXXYXXYXXXYXXYXXXYXXYXXXYXX,118,25,23
aca_109,50,4,xxy,xxyxxyxy,YXYXXYXXYXXYXXYxyxxyX,YXYXyxxyxxyxyxxyxxyxyxxyxxyxyxxyxxyxyxxyxxyxyxxyxxyxyxxyxxyxyxYXXYXXYXYXXYXXYXYXXYXXYXYXXYXXYXYXXYXXYXYXXYXX,129,25,23
aca_110,0,0,x,y,YXXYxYxx,YYYYYYYYxyyyyyyyX,25,25,22
aca_110,1,1,Yx,y,YYxYxYXyXYx,YYYYYYYYxyyyyyyyX,28,25,22
aca_110,2,1,x,Xy,YXYxxYxxx,YXyXyXyXyXyXyXyXyxYxYxYxYxYxYx,39,25,22
aca_110,3,1,x,xy,YYxYXXX,YXYXYXYXYXYXYXYxyxyxyxyxyxyxyX,37,25,22
aca_110,4,1,xy,y,YXYXYxxyx,YYYYYYYYxyyyyyyyX,26,25,22
aca_110,5,2,YYx,y,YYYxYYxYXyyXYx,YYYYYYYYxyyyyyyyX,31,25,22
aca_110,6,2,x,XXy,YYxxxYxxxx,YXyXXyXXyXXyXXyXXyXXyXXyxYxxYxxYxxYxxYxxYxx,53,25,22
aca_110,7,2,x,xxy,YYXXXXYX,YXyxxyxxyxxyxxyxxyxxyxxyxYXXYXXYXXYXXYXXYXX,51,25,22
aca_110,8,2,xyy,y,YYXYXyxyyxyX,YYYYYYYYxyyyyyyyX,29,25,22
aca_110,9,2,Yx,Xyy,YYxYxYxYXYxYx,YYxYYxYYxYYxYYxYYxYYxyXyyXyyXyyXyyXyyXyyXYx,56,25,22
aca_110,10,2,Yxx,Xy,YXyXYxxYxYxxYxx,YXyXyXyXyXyXyXyXyxYxYxYxYxYxYx,45,25,22
aca_110,11,2,xxy,xy,YXXYXXYxxyx,YXYXYXYXYXYXYXYxyxyxyxyxyxyxyX,41,25,22
aca_110,12,2,xy,xyy,YYxYXYXYX,YYXYYXYYXYYXYYXYYXYYXYxyyxyyxyyxyyxyyxyyxyX,52,25,22
aca_110,13,3,YYYx,y,YYYYYYYYxyyyyyyyX,YYYYxYYYxYXyyyXYx,34,25,22
aca_110,14,3,x,XXXy,YxYxxxxYxxxxx,YXyXXXyXXXyXXXyXXXyXXXyXXXyXXXyxYxxxYxxxYxxxYxxxYxxxYxxx,69,25,22
aca_110,15,3,x,xxxy,YXYXXXXXYXX,YXyxxxyxxxyxxxyxxxyxxxyxxxyxxxyxYXXXYXXXYXXXYXXXYXXXYXXX,67,25,22
aca_110,16,3,xyyy,y,YYYXYYXyxyyyxyX,YYYYYYYYxyyyyyyyX,32,25,22
aca_110,17,3,YYx,Xyyy,YYYxYYxYYxYXYxYYx,YYYxYYYxYYYxYYYxYYYxYYYxYYYxyXyyyXyyyXyyyXyyyXyyyXyyyXYx,73,25,22
aca_110,18,3,Yx,XyXyy,YYYxYxYxYYxYxYxYx,YYxYxYYxYxYYxYxYYxYxYYxYxYYxYxYYxyXyXyyXyXyyXyXyyXyXyyXyXyyXyXyyXYxYx,86,25,22
aca_110,19,3,YxYxx,Xy,YXyXyXYxxYxYxYxxYxYxx,YXyXyXyXyXyXyXyXyxYxYxYxYxYxYx,51,25,22
aca_110,20,3,Yxxx,XXy,YXyXYxxxYxxYxxxYxxx,YXyXXyXXyXXyXXyXXyXXyXXyxYxxYxxYxxYxxYxxYxx,62,25,22
aca_110,21,3,xxxy,xxy,YXXyxxxyxxxyX,YXyxxyxxyxxyxxyxxyxxyxxyxYXXYXXYXXYXXYXXYXX,56,25,22
aca_110,22,3,xxyxy,xy,YXYXXYXyxxyxyxxyX,YXYXYXYXYXYXYXYxyxyxyxyxyxyxyX,47,25,22
aca_110,23,3,xy,xyxyy,YYYXYXYXYXYYX,YYXYXYYXYXYYXYXYYXYXYYXYXYYXYXYYXYXYxyyxyxyyxyxyyxyxyyxyxyyxyxyyxyxyX,82,25,22
aca_110,24,3,xyy,xyyy,YYXYYXYYxYX,YYYXYYYXYYYXYYYXYYYXYYYXYYYXYxyyyxyyyxyyyxyyyxyyyxyyyxyX,67,25,22
aca_110,25,3,YYxYx,Xyy,YYxYYxYxYYxYxYXyyXYxYx,YYxYYxYYxYYxYYxYYxYYxyXyyXyyXyyXyyXyyXyyXYx,65,25,22
aca_110,26,3,Yxx,XXyXy,YYxxYxxYxYxxYxxYxx,YXyXyXXyXyXXyXyXXyXyXXyXyXXyXyXXyXyXXyxYxYxxYxYxxYxYxxYxYxxYxYxxYxYxx,87,25,22
aca_110,27,3,xxy,xxyxy,YYXXYXXYXXYX,YXYXyxxyxyxxyxyxxyxyxxyxyxxyxyxxyxyxxyxyxYXXYXYXXYXYXXYXYXXYXYXXYXYXX,81,25,22
aca_110,28,3,xyxyy,xyy,YYXYXYxyxyyxYXYX,YYXYYXYYXYYXYYXYYXYYXYxyyxyyxyyxyyxyyxyyxyX,59,25,22
aca_110,29,4,YYYYx,y,YYYYYYYYxyyyyyyyX,YYYYYxYYYYxYXyyyyXYx,37,25,22
aca_110,30,4,x,XXXXy,YxxYxxxxxYxxxxxx,YXyXXXXyXXXXyXXXXyXXXXyXXXXyXXXXyXXXXyxYxxxxYxxxxYxxxxYxxxxYxxxxYxxxx,85,25,22
aca_110,31,4,x,xxxxy,YXXYXXXXXXYXXX,YXyxxxxyxxxxyxxxxyxxxxyxxxxyxxxxyxxxxyxYXXXXYXXXXYXXXXYXXXXYXXXXYXXXX,83,25,22
aca_110,32,4,xyyyy,y,YYYYYYYYxyyyyyyyX,YYYYXYYYXyxyyyyxyX,35,25,22
aca_110,33,4,YYYx,Xyyyy,YYYYxYYYxYYYxYXYxYYYx,YYYYxYYYYxYYYYxYYYYxYYYYxYYYYxYYYYxyXyyyyXyyyyXyyyyXyyyyXyyyyXyyyyXYx,90,25,22
aca_110,34,4,Yx,XyXyXyy,YYxYYxYxYxYxYYxYxYxYxYx,YYxYxYxYYxYxYxYYxYxYxYYxYxYxYYxYxYxYYxYxYxYYxyXyXyXyyXyXyXyyXyXyXyyXyXyXyyXyXyXyyXyXyXyyXYxYxYx,118,25,22
aca_110,35,4,YxYxYxx,Xy,YXyXyXyXYxxYxYxYxYxxYxYxYxx,YXyXyXyXyXyXyXyXyxYxYxYxYxYxYx,57,25,22
aca_110,36,4,Yxxxx,XXXy,YXyXYxxxxYxxxYxxxxYxxxx,YXyXXXyXXXyXXXyXXXyXXXyXXXyXXXyxYxxxYxxxYxxxYxxxYxxxYxxx,79,25,22
aca_110,37,4,xxxxy,xxxy,YXXyxxxxyxxxxyX,YXyxxxyxxxyxxxyxxxyxxxyxxxyxxxyxYXXXYXXXYXXXYXXXYXXXYXXX,71,25,22
aca_110,38,4,xxyxyxy,xy,YXYXYXXYXYXyxxyxyxyxxyX,YXYXYXYXYXYXYXYxyxyxyxyxyxyxyX,53,25,22
aca_110,39,4,xy,xyxyxyy,YYXYYXYXYXYXYXYYXYX,YYXYXYXYYXYXYXYYXYXYXYYXYXYXYYXYXYXYYXYXYXYYXYXYXYxyyxyxyxyyxyxyxyyxyxyxyyxyxyxyyxyxyxyyxyxyxyX,114,25,22
aca_110,40,4,xyyy,xyyyy,YYYXYYYXYYxYX,YYYYXYYYYXYYYYXYYYYXYYYYXYYYYXYYYYXYxyyyyxyyyyxyyyyxyyyyxyyyyxyyyyxyX,82,25,22
aca_110,41,4,YYx,XyyXyyy,YYYYxYYxYYxYYYxYYxYYxYYx,YYYxYYxYYYxYYxYYYxYYxYYYxYYxYYYxYYxYYYxYYxYYYxyXyyXyyyXyyXyyyXyyXyyyXyyXyyyXyyXyyyXyyXyyyXYxYYx,119,25,22
aca_110,42,4,YxxYxxx,XXy,YXyXXyXYxxxYxxYxxYxxxYxxYxxx,YXyXXyXXyXXyXXyXXyXXyXXyxYxxYxxYxxYxxYxxYxx,71,25,22
aca_110,43,4,xxxyxxy,xxy,YXyxxxyxxyxxxyXYXXYXXX,YXyxxyxxyxxyxxyxxyxxyxxyxYXXYXXYXXYXXYXXYXX,65,25,22
aca_110,44,4,xyy,xyyxyyy,YYYYXYYXYYXYYXYYYX,YYYXYYXYYYXYYXYYYXYYXYYYXYYXYYYXYYXYYYXYYXYYYXYYXYxyyyxyyxyyyxyyxyyyxyyxyyyxyyxyyyxyyxyyyxyyxyX,113,25,22
aca_110,45,4,YYYxYYx,Xyyy,YYYxYYYxYYxYYYxYYxYXyyyXYxYYx,YYYxYYYxYYYxYYYxYYYxYYYxYYYxyXyyyXyyyXyyyXyyyXyyyXyyyXYx,85,25,22
aca_110,46,4,YYxYYxYx,Xyy,YYxYYxYYxYxYYxYYxYxYXyyXyyXYxYx,YYxYYxYYxYYxYYxYYxYYxyXyyXyyXyyXyyXyyXyyXYx,74,25,22
aca_110,47,4,Yxx,XXyXXyXy,YxYxYxxYxxYxxYxYxxYxxYxxYxx,YXyXyXXyXXyXyXXyXXyXyXXyXXyXyXXyXXyXyXXyXXyXyXXyXXyXyXXyXXyxYxYxxYxxYxYxxYxxYxYxxYxxYxYxxYxxYxYxxYxxYxYxxYxx,135,25,22
aca_110,48,4,Yxxx,XXXyXXy,YxYxxxYxxxYxxYxxxYxxxYxxx,YXyXXyXXXyXXyXXXyXXyXXXyXXyXXXyXXyXXXyXXyXXXyXXyXXXyxYxxYxxxYxxYxxxYxxYxxxYxxYxxxYxxYxxxYxxYxxx,120,25,22
aca_110,49,4,xxxy,xxxyxxy,YXYXXXYXXXYXXXYXX,YXyxxxyxxyxxxyxxyxxxyxxyxxxyxxyxxxyxxyxxxyxxyxxxyxxyxYXXXYXXYXXXYXXYXXXYXXYXXXYXXYXXXYXXYXXXYXX,112,25,22
aca_110,50,4,xxy,xxyxxyxy,YXYXYXXYXXYXXYXXYXYXX,YXYXyxxyxxyxyxxyxxyxyxxyxxyxyxxyxxyxyxxyxxyxyxxyxxyxyxxyxxyxyxYXXYXXYXYXXYXXYXYXXYXXYXYXXYXXYXYXXYXXYXYXXYXX,129,25,22
aca_111,0,0,x,y,YXXYxxyx,YYYYYYYYxyyyyyyyX,25,25,24
aca_111,1,1,Yx,y,YXyXYxYxx,YYYYYYYYxyyyyyyyX,26,25,24
aca_111,2,1,x,Xy,YXYxxyx,YXyXyXyXyXyXyXyXyxYxYxYxYxYxYx,37,25,24
aca_111,3,1,x,xy,YXXyxxxyX,YXYXYXYXYXYXYXYxyxyxyxyxyxyxyX,39,25,24
aca_111,4,1,xy,y,YYXYXyxyxyX,YYYYYYYYxyyyyyyyX,28,25,24
aca_111,5,2,YYx,y,YYxYxYXyyXYx,YYYYYYYYxyyyyyyyX,29,25,24
aca_111,6,2,x,XXy,YYxxyx,YXyXXyXXyXXyXXyXXyXXyXXyxYxxYxxYxxYxxYxxYxx,49,25,24
aca_111,7,2,x,xxy,YXXyxxxxyX,YXyxxyxxyxxyxxyxxyxxyxxyxYXXYXXYXXYXXYXXYXX,53,25,24
aca_111,8,2,xyy,y,YYYXYYXyxyyxyX,YYYYYYYYxyyyyyyyX,31,25,24
aca_111,9,2,Yx,Xyy,YXYxYxx,YYxYYxYYxYYxYYxYYxYYxyXyyXyyXyyXyyXyyXyyXYx,50,25,24
aca_111,10,2,Yxx,Xy,YXyXYxxYxxx,YXyXyXyXyXyXyXyXyxYxYxYxYxYxYx,41,25,24
aca_111,11,2,xxy,xy,YXYXXYXyxxyxxyX,YXYXYXYXYXYXYXYxyxyxyxyxyxyxyX,45,25,24
aca_111,12,2,xy,xyy,YYXYXyxyxyxyX,YYXYYXYYXYYXYYXYYXYYXYxyyxyyxyyxyyxyyxyyxyX,56,25,24
aca_111,13,3,YYYx,y,YYYxYYxYXyyyXYx,YYYYYYYYxyyyyyyyX,32,25,24
aca_111,14,3,x,XXXy,YXXyXyX,YXyXXXyXXXyXXXyXXXyXXXyXXXyXXXyxYxxxYxxxYxxxYxxxYxxxYxxx,63,25,24
aca_111,15,3,x,xxxy,YXXyxxxxxyX,YXyxxxyxxxyxxxyxxxyxxxyxxxyxxxyxYXXXYXXXYXXXYXXXYXXXYXXX,67,25,24
aca_111,16,3,xyyy,y,YYYYYYYYxyyyyyyyX,YYYYXYYYXyxyyyxyX,34,25,24
aca_111,17,3,YYx,Xyyy,YYxYxYXYx,YYYxYYYxYYYxYYYxYYYxYYYxYYYxyXyyyXyyyXyyyXyyyXyyyXyyyXYx,65,25,24
aca_111,18,3,Yx,XyXyy,YYYxYxx,YYxYxYYxYxYYxYxYYxYxYYxYxYYxYxYYxyXyXyyXyXyyXyXyyXyXyyXyXyyXyXyyXYxYx,76,25,24
aca_111,19,3,YxYxx,Xy,YXyXyXYxxYxYxxYxx,YXyXyXyXyXyXyXyXyxYxYxYxYxYxYx,47,25,24
aca_111,20,3,Yxxx,XXy,YXyXYxxxYxxxx,YXyXXyXXyXXyXXyXXyXXyXXyxYxxYxxYxxYxxYxxYxx,56,25,24
aca_111,21,3,xxxy,xxy,YXyxxxyxxxyXYXXYXXX,YXyxxyxxyxxyxxyxxyxxyxxyxYXXYXXYXXYXXYXXYXX,62,25,24
aca_111,22,3,xxyxy,xy,YXYXYXXYXYXyxxyxyxxyX,YXYXYXYXYXYXYXYxyxyxyxyxyxyxyX,51,25,24
aca_111,23,3,xy,xyxyy,YYXYXyxyxyxyxyX,YYXYXYYXYXYYXYXYYXYXYYXYXYYXYXYYXYXYxyyxyxyyxyxyyxyxyyxyxyyxyxyyxyxyX,84,25,24
aca_111,24,3,xyy,xyyy,YYYXYYXyxyyxyyxyX,YYYXYYYXYYYXYYYXYYYXYYYXYYYXYxyyyxyyyxyyyxyyyxyyyxyyyxyX,73,25,24
aca_111,25,3,YYxYx,Xyy,YYxYxYxYXyyXYxYx,YYxYYxYYxYYxYYxYYxYYxyXyyXyyXyyXyyXyyXyyXYx,59,25,24
aca_111,26,3,Yxx,XXyXy,YYxxYxxx,YXyXyXXyXyXXyXyXXyXyXXyXyXXyXyXXyXyXXyxYxYxxYxYxxYxYxxYxYxxYxYxxYxYxx,77,25,24
aca_111,27,3,xxy,xxyxy,YXYXXYXyxxyxxyxxyX,YXYXyxxyxyxxyxyxxyxyxxyxyxxyxyxxyxyxxyxyxYXXYXYXXYXYXXYXYXXYXYXXYXYXX,87,25,24
aca_111,28,3,xyxyy,xyy,YYXYYXYXYYXyxyxyyxyxyX,YYXYYXYYXYYXYYXYYXYYXYxyyxyyxyyxyyxyyxyyxyX,65,25,24
aca_111,29,4,YYYYx,y,YYYYYYYYxyyyyyyyX,YYYYxYYYxYXyyyyXYx,35,25,24
aca_111,30,4,x,XXXXy,YXXyXXyX,YXyXXXXyXXXXyXXXXyXXXXyXXXXyXXXXyXXXXyxYxxxxYxxxxYxxxxYxxxxYxxxxYxxxx,77,25,24
aca_111,31,4,x,xxxxy,YXXyxxxxxxyX,YXyxxxxyxxxxyxxxxyxxxxyxxxxyxxxxyxxxxyxYXXXXYXXXXYXXXXYXXXXYXXXXYXXXX,81,25,24
aca_111,32,4,xyyyy,y,YYYYYYYYxyyyyyyyX,YYYYYXYYYYXyxyyyyxyX,37,25,24
aca_111,33,4,YYYx,Xyyyy,YYYxYYxYXYx,YYYYxYYYYxYYYYxYYYYxYYYYxYYYYxYYYYxyXyyyyXyyyyXyyyyXyyyyXyyyyXyyyyXYx,80,25,24
aca_111,34,4,Yx,XyXyXyy,YYxYYxYxx,YYxYxYxYYxYxYxYYxYxYxYYxYxYxYYxYxYxYYxYxYxYYxyXyXyXyyXyXyXyyXyXyXyyXyXyXyyXyXyXyyXyXyXyyXYxYxYx,104,25,24
aca_111,35,4,YxYxYxx,Xy,YXyXyXyXYxxYxYxYxxYxYxx,YXyXyXyXyXyXyXyXyxYxYxYxYxYxYx,53,25,24
aca_111,36,4,Yxxxx,XXXy,YXyXYxxxxYxxxxx,YXyXXXyXXXyXXXyXXXyXXXyXXXyXXXyxYxxxYxxxYxxxYxxxYxxxYxxx,71,25,24
aca_111,37,4,xxxxy,xxxy,YXyxxxxyxxxxyXYXXXYXXXX,YXyxxxyxxxyxxxyxxxyxxxyxxxyxxxyxYXXXYXXXYXXXYXXXYXXXYXXX,79,25,24
aca_111,38,4,xxyxyxy,xy,YXYXYXYXXYXYXYXyxxyxyxyxxyX,YXYXYXYXYXYXYXYxyxyxyxyxyxyxyX,57,25,24
aca_111,39,4,xy,xyxyxyy,YYXYXyxyxyxyxyxyX,YYXYXYXYYXYXYXYYXYXYXYYXYXYXYYXYXYXYYXYXYXYYXYXYXYxyyxyxyxyyxyxyxyyxyxyxyyxyxyxyyxyxyxyyxyxyxyX,112,25,24
aca_111,40,4,xyyy,xyyyy,YYYYXYYYXyxyyyxyyyxyX,YYYYXYYYYXYYYYXYYYYXYYYYXYYYYXYYYYXYxyyyyxyyyyxyyyyxyyyyxyyyyxyyyyxyX,90,25,24
aca_111,41,4,YYx,XyyXyyy,YYYYxYYxYx,YYYxYYxYYYxYYxYYYxYYxYYYxYYxYYYxYYxYYYxYYxYYYxyXyyXyyyXyyXyyyXyyXyyyXyyXyyyXyyXyyyXyyXyyyXYxYYx,105,25,24
aca_111,42,4,YxxYxxx,XXy,YXyXXyXYxxxYxxYxxxYxxx,YXyXXyXXyXXyXXyXXyXXyXXyxYxxYxxYxxYxxYxxYxx,65,25,24
aca_111,43,4,xxxyxxy,xxy,YXyxxxyxxyxxxyXYXXYXXYXXXYXX,YXyxxyxxyxxyxxyxxyxxyxxyxYXXYXXYXXYXXYXXYXX,71,25,24
aca_111,44,4,xyy,xyyxyyy,YYYXYYXyxyyxyyxyyxyX,YYYXYYXYYYXYYXYYYXYYXYYYXYYXYYYXYYXYYYXYYXYYYXYYXYxyyyxyyxyyyxyyxyyyxyyxyyyxyyxyyyxyyxyyyxyyxyX,115,25,24
aca_111,45,4,YYYxYYx,Xyyy,YYYxYYxYYxYXyyyXYxYYx,YYYxYYYxYYYxYYYxYYYxYYYxYYYxyXyyyXyyyXyyyXyyyXyyyXyyyXYx,77,25,24
aca_111,46,4,YYxYYxYx,Xyy,YYxYYxYxYYxYxYXyyXyyXYxYx,YYxYYxYYxYYxYYxYYxYYxyXyyXyyXyyXyyXyyXyyXYx,68,25,24
aca_111,47,4,Yxx,XXyXXyXy,YxYxYxxYxxx,YXyXyXXyXXyXyXXyXXyXyXXyXXyXyXXyXXyXyXXyXXyXyXXyXXyXyXXyXXyxYxYxxYxxYxYxxYxxYxYxxYxxYxYxxYxxYxYxxYxxYxYxxYxx,119,25,24
aca_111,48,4,Yxxx,XXXyXXy,YxYxxxYxxxx,YXyXXyXXXyXXyXXXyXXyXXXyXXyXXXyXXyXXXyXXyXXXyXXyXXXyxYxxYxxxYxxYxxxYxxYxxxYxxYxxxYxxYxxxYxxYxxx,106,25,24
aca_111,49,4,xxxy,xxxyxxy,YXyxxxyxxxyxxxyXYXXYXXX,YXyxxxyxxyxxxyxxyxxxyxxyxxxyxxyxxxyxxyxxxyxxyxxxyxxyxYXXXYXXYXXXYXXYXXXYXXYXXXYXXYXXXYXXYXXXYXX,118,25,24
aca_111,50,4,xxy,xxyxxyxy,YXYXXYXyxxyxxyxxyxxyX,YXYXyxxyxxyxyxxyxxyxyxxyxxyxyxxyxxyxyxxyxxyxyxxyxxyxyxxyxxyxyxYXXYXXYXYXXYXXYXYXXYXXYXYXXYXXYXYXXYXXYXYXXYXX,129,25,24
aca_112,0,0,x,y,YXXYxxyX,YYYYYYYYXyyyyyyyx,25,25,24
aca_112,1,1,Yx,y,YXyXyxYxx,YYYYYYYYXyyyyyyyx,26,25,24
aca_112,2,1,x,Xy,YXYxxyX,YXyXyXyXyXyXyXyxYxYxYxYxYxYxYx,37,25,24
aca_112,3,1,x,xy,YXXyxxxyx,YXYXYXYXYXYXYXYXyxyxyxyxyxyxyx,39,25,24
aca_112,4,1,xy,y,YYXYXYxyxyX,YYYYYYYYXyyyyyyyx,28,25,24
aca_112,5,2,YYx,y,YYxYxYXyyXyx,YYYYYYYYXyyyyyyyx,29,25,24
aca_112,6,2,x,XXy,YYxxyX,YXyXXyXXyXXyXXyXXyXXyxYxxYxxYxxYxxYxxYxxYxx,49,25,24
aca_112,7,2,x,xxy,YXXyxxxxyx,YXyxxyxxyxxyxxyxxyxxyxYXXYXXYXXYXXYXXYXXYXX,53,25,24
aca_112,8,2,xyy,y,YYYXYYXYxyyxyX,YYYYYYYYXyyyyyyyx,31,25,24
aca_112,9,2,Yx,Xyy,YXyXyxx,YYxYYxYYxYYxYYxYYxYYxYXyyXyyXyyXyyXyyXyyXyx,50,25,24
aca_112,10,2,Yxx,Xy,YXyXXyxYxxx,YXyXyXyXyXyXyXyxYxYxYxYxYxYxYx,41,25,24
aca_112,11,2,xxy,xy,YXYXXYXXYxyxxyX,YXYXYXYXYXYXYXYXyxyxyxyxyxyxyx,45,25,24
aca_112,12,2,xy,xyy,YYXYXYXYxyxyX,YYXYYXYYXYYXYYXYYXYYXyxyyxyyxyyxyyxyyxyyxYX,56,25,24
aca_112,13,3,YYYx,y,YYYxYYxYXyyyXyx,YYYYYYYYXyyyyyyyx,32,25,24
aca_112,14,3,x,XXXy,YXXyXyx,YXyXXXyXXXyXXXyXXXyXXXyXXXyxYxxxYxxxYxxxYxxxYxxxYxxxYxxx,63,25,24
aca_112,15,3,x,xxxy,YXXyxxxxxyx,YXyxxxyxxxyxxxyxxxyxxxyxxxyxYXXXYXXXYXXXYXXXYXXXYXXXYXXX,67,25,24
aca_112,16,3,xyyy,y,YYYYYYYYXyyyyyyyx,YYYYXYYYXYxyyyxyX,34,25,24
aca_112,17,3,YYx,Xyyy,YYxyXyXYx,YYYxYYYxYYYxYYYxYYYxYYYxYYYxYXyyyXyyyXyyyXyyyXyyyXyyyXyx,65,25,24
aca_112,18,3,Yx,XyXyy,YYxYxyX,YYxYxYYxYxYYxYxYYxYxYYxYxYYxYxYYxYxYXyyXyXyyXyXyyXyXyyXyXyyXyXyyXyXyx,76,25,24
aca_112,19,3,YxYxx,Xy,YXyXyXXyxYxYxxYxx,YXyXyXyXyXyXyXyxYxYxYxYxYxYxYx,47,25,24
aca_112,20,3,Yxxx,XXy,YXyXXXyxYxxxx,YXyXXyXXyXXyXXyXXyXXyxYxxYxxYxxYxxYxxYxxYxx,56,25,24
aca_112,21,3,xxxy,xxy,YXyxxxyxxxyxxyxYXXX,YXyxxyxxyxxyxxyxxyxxyxYXXYXXYXXYXXYXXYXXYXX,62,25,24
aca_112,22,3,xxyxy,xy,YXYXYXXYXYXXYxyxyxxyX,YXYXYXYXYXYXYXYXyxyxyxyxyxyxyx,51,25,24
aca_112,23,3,xy,xyxyy,YYXYXYXYXYxyxyX,YYXYXYYXYXYYXYXYYXYXYYXYXYYXYXYYXyxyxyyxyxyyxyxyyxyxyyxyxyyxyxyyxYXYX,84,25,24
aca_112,24,3,xyy,xyyy,YYYXYYXYYXYxyyxyX,YYYXYYYXYYYXYYYXYYYXYYYXYYYXyxyyyxyyyxyyyxyyyxyyyxyyyxYX,73,25,24
aca_112,25,3,YYxYx,Xyy,YYxYxYxYXyyXyXyx,YYxYYxYYxYYxYYxYYxYYxYXyyXyyXyyXyyXyyXyyXyx,59,25,24
aca_112,26,3,Yxx,XXyXy,YXyXXyxx,YXyXyXXyXyXXyXyXXyXyXXyXyXXyXyXXyxYxYxxYxYxxYxYxxYxYxxYxYxxYxYxxYxYxx,77,25,24
aca_112,27,3,xxy,xxyxy,YXYXXYXXYXXYxyxxyX,YXYXyxxyxyxxyxyxxyxyxxyxyxxyxyxxyxyxYXXYXYXXYXYXXYXYXXYXYXXYXYXXYXYXX,87,25,24
aca_112,28,3,xyxyy,xyy,YYXYYXYXYYXYXYxyyxyxyX,YYXYYXYYXYYXYYXYYXYYXyxyyxyyxyyxyyxyyxyyxYX,65,25,24
aca_112,29,4,YYYYx,y,YYYYYYYYXyyyyyyyx,YYYYxYYYxYXyyyyXyx,35,25,24
aca_112,30,4,x,XXXXy,YXXyXXyx,YXyXXXXyXXXXyXXXXyXXXXyXXXXyXXXXyxYxxxxYxxxxYxxxxYxxxxYxxxxYxxxxYxxxx,77,25,24
aca_112,31,4,x,xxxxy,YXXyxxxxxxyx,YXyxxxxyxxxxyxxxxyxxxxyxxxxyxxxxyxYXXXXYXXXXYXXXXYXXXXYXXXXYXXXXYXXXX,81,25,24
aca_112,32,4,xyyyy,y,YYYYYYYYXyyyyyyyx,YYYYYXYYYYXYxyyyyxyX,37,25,24
aca_112,33,4,YYYx,Xyyyy,YYYxyXyyXYx,YYYYxYYYYxYYYYxYYYYxYYYYxYYYYxYYYYxYXyyyyXyyyyXyyyyXyyyyXyyyyXyyyyXyx,80,25,24
aca_112,34,4,Yx,XyXyXyy,YYxYxyXYx,YYxYxYxYYxYxYxYYxYxYxYYxYxYxYYxYxYxYYxYxYxYYxYxYxYXyyXyXyXyyXyXyXyyXyXyXyyXyXyXyyXyXyXyyXyXyXyx,104,25,24
aca_112,35,4,YxYxYxx,Xy,YXyXyXyXXyxYxYxYxxYxYxx,YXyXyXyXyXyXyXyxYxYxYxYxYxYxYx,53,25,24
aca_112,36,4,Yxxxx,XXXy,YXyXXXXyxYxxxxx,YXyXXXyXXXyXXXyXXXyXXXyXXXyxYxxxYxxxYxxxYxxxYxxxYxxxYxxx,71,25,24
aca_112,37,4,xxxxy,xxxy,YXyxxxxyxxxxyxxxyxYXXXX,YXyxxxyxxxyxxxyxxxyxxxyxxxyxYXXXYXXXYXXXYXXXYXXXYXXXYXXX,79,25,24
aca_112,38,4,xxyxyxy,xy,YXYXYXYXXYXYXYXXYxyxyxyxxyX,YXYXYXYXYXYXYXYXyxyxyxyxyxyxyx,57,25,24
aca_112,39,4,xy,xyxyxyy,YYXYXYXYXYXYxyxyX,YYXYXYXYYXYXYXYYXYXYXYYXYXYXYYXYXYXYYXYXYXYYXyxyxyxyyxyxyxyyxyxyxyyxyxyxyyxyxyxyyxyxyxyyxYXYXYX,112,25,24
aca_112,40,4,xyyy,xyyyy,YYYYXYYYXYYYXYxyyyxyX,YYYYXYYYYXYYYYXYYYYXYYYYXYYYYXYYYYXyxyyyyxyyyyxyyyyxyyyyxyyyyxyyyyxYX,90,25,24
aca_112,41,4,YYx,XyyXyyy,YYxYYxyX,YYYxYYxYYYxYYxYYYxYYxYYYxYYxYYYxYYxYYYxYYxYYYxYYxYXyyyXyyXyyyXyyXyyyXyyXyyyXyyXyyyXyyXyyyXyyXyx,103,25,24
aca_112,42,4,YxxYxxx,XXy,YXyXXyXXXyxYxxYxxxYxxx,YXyXXyXXyXXyXXyXXyXXyxYxxYxxYxxYxxYxxYxxYxx,65,25,24
aca_112,43,4,xxxyxxy,xxy,YXyxxxyxxyxxxyxxyxxyxYXXXYXX,YXyxxyxxyxxyxxyxxyxxyxYXXYXXYXXYXXYXXYXXYXX,71,25,24
aca_112,44,4,xyy,xyyxyyy,YYYXYYXYYXYYXYxyyxyX,YYYXYYXYYYXYYXYYYXYYXYYYXYYXYYYXYYXYYYXYYXYYYXyxyyxyyyxyyxyyyxyyxyyyxyyxyyyxyyxyyyxyyxyyyxYXYYX,115,25,24
aca_112,45,4,YYYxYYx,Xyyy,YYYxYYxYYxYXyyyXyyXyx,YYYxYYYxYYYxYYYxYYYxYYYxYYYxYXyyyXyyyXyyyXyyyXyyyXyyyXyx,77,25,24
aca_112,46,4,YYxYYxYx,Xyy,YYxYYxYxYYxYxYXyyXyyXyXyx,YYxYYxYYxYYxYYxYYxYYxYXyyXyyXyyXyyXyyXyyXyx,68,25,24
aca_112,47,4,Yxx,XXyXXyXy,YXyXXyXyx,YXyXyXXyXXyXyXXyXXyXyXXyXXyXyXXyXXyXyXXyXXyXyXXyXXyxYxYxxYxxYxYxxYxxYxYxxYxxYxYxxYxxYxYxxYxxYxYxxYxxYxYxxYxx,117,25,24
aca_112,48,4,Yxxx,XXXyXXy,YXyXXXyxx,YXyXXyXXXyXXyXXXyXXyXXXyXXyXXXyXXyXXXyXXyXXXyxYxxYxxxYxxYxxxYxxYxxxYxxYxxxYxxYxxxYxxYxxxYxxYxxx,104,25,24
aca_112,49,4,xxxy,xxxyxxy,YXyxxxyxxxyxxxyxxyxYXXX,YXyxxxyxxyxxxyxxyxxxyxxyxxxyxxyxxxyxxyxxxyxxyxYXXXYXXYXXXYXXYXXXYXXYXXXYXXYXXXYXXYXXXYXXYXXXYXX,118,25,24
aca_112,50,4,xxy,xxyxxyxy,YXYXXYXXYXXYXXYxyxxyX,YXYXyxxyxxyxyxxyxxyxyxxyxxyxyxxyxxyxyxxyxxyxyxxyxxyxyxYXXYXXYXYXXYXXYXYXXYXXYXYXXYXXYXYXXYXXYXYXXYXXYXYXXYXX,129,25,24
aca_113,0,0,x,y,YXXYxYxx,YYYYYYYYXyyyyyyyx,25,25,23
aca_113,1,1,Yx,y,YYxYxYXyXYx,YYYYYYYYXyyyyyyyx,28,25,23
aca_113,2,1,x,Xy,YXYxxYxxx,YXyXyXyXyXyXyXyxYxYxYxYxYxYxYx,39,25,23
aca_113,3,1,x,xy,YYxYXXX,YXYXYXYXYXYXYXYXyxyxyxyxyxyxyx,37,25,23
aca_113,4,1,xy,y,YXYXYxxyx,YYYYYYYYXyyyyyyyx,26,25,23
aca_113,5,2,YYx,y,YYYxYYxYXyyXYx,YYYYYYYYXyyyyyyyx,31,25,23
aca_113,6,2,x,XXy,YYxxxYxxxx,YXyXXyXXyXXyXXyXXyXXyxYxxYxxYxxYxxYxxYxxYxx,53,25,23
aca_113,7,2,x,xxy,YYXXXXYX,YXyxxyxxyxxyxxyxxyxxyxYXXYXXYXXYXXYXXYXXYXX,51,25,23
aca_113,8,2,xyy,y,YYXYXyxyyxyX,YYYYYYYYXyyyyyyyx,29,25,23
aca_113,9,2,Yx,Xyy,YYxYxYxYXYxYx,YYxYYxYYxYYxYYxYYxYYxYXyyXyyXyyXyyXyyXyyXyx,56,25,23
aca_113,10,2,Yxx,Xy,YXyXYxxYxYxxYxx,YXyXyXyXyXyXyXyxYxYxYxYxYxYxYx,45,25,23
aca_113,11,2,xxy,xy,YXXYXXYxxyx,YXYXYXYXYXYXYXYXyxyxyxyxyxyxyx,41,25,23
aca_113,12,2,xy,xyy,YYxYXYXYX,YYXYYXYYXYYXYYXYYXYYXyxyyxyyxyyxyyxyyxyyxYX,52,25,23
aca_113,13,3,YYYx,y,YYYYYYYYXyyyyyyyx,YYYYxYYYxYXyyyXYx,34,25,23
aca_113,14,3,x,XXXy,YxYxxxxYxxxxx,YXyXXXyXXXyXXXyXXXyXXXyXXXyxYxxxYxxxYxxxYxxxYxxxYxxxYxxx,69,25,23
aca_113,15,3,x,xxxy,YXYXXXXXYXX,YXyxxxyxxxyxxxyxxxyxxxyxxxyxYXXXYXXXYXXXYXXXYXXXYXXXYXXX,67,25,23
aca_113,16,3,xyyy,y,YYYXYYXyxyyyxyX,YYYYYYYYXyyyyyyyx,32,25,23
aca_113,17,3,YYx,Xyyy,YYYxYYxYYxYXYxYYx,YYYxYYYxYYYxYYYxYYYxYYYxYYYxYXyyyXyyyXyyyXyyyXyyyXyyyXyx,73,25,23
aca_113,18,3,Yx,XyXyy,YYYxYxYxYYxYxYxYx,YYxYxYYxYxYYxYxYYxYxYYxYxYYxYxYYxYxYXyyXyXyyXyXyyXyXyyXyXyyXyXyyXyXyx,86,25,23
aca_113,19,3,YxYxx,Xy,YXyXyXYxxYxYxYxxYxYxx,YXyXyXyXyXyXyXyxYxYxYxYxYxYxYx,51,25,23
aca_113,20,3,Yxxx,XXy,YXyXYxxxYxxYxxxYxxx,YXyXXyXXyXXyXXyXXyXXyxYxxYxxYxxYxxYxxYxxYxx,62,25,23
aca_113,21,3,xxxy,xxy,YXXyxxxyxxxyX,YXyxxyxxyxxyxxyxxyxxyxYXXYXXYXXYXXYXXYXXYXX,56,25,23
aca_113,22,3,xxyxy,xy,YXYXXYXyxxyxyxxyX,YXYXYXYXYXYXYXYXyxyxyxyxyxyxyx,47,25,23
aca_113,23,3,xy,xyxyy,YYYXYXYXYXYYX,YYXYXYYXYXYYXYXYYXYXYYXYXYYXYXYYXyxyxyyxyxyyxyxyyxyxyyxyxyyxyxyyxYXYX,82,25,23
aca_113,24,3,xyy,xyyy,YYXYYXYYxYX,YYYXYYYXYYYXYYYXYYYXYYYXYYYXyxyyyxyyyxyyyxyyyxyyyxyyyxYX,67,25,23
aca_113,25,3,YYxYx,Xyy,YYxYYxYxYYxYxYXyyXYxYx,YYxYYxYYxYYxYYxYYxYYxYXyyXyyXyyXyyXyyXyyXyx,65,25,23
aca_113,26,3,Yxx,XXyXy,YYxxYxxYxYxxYxxYxx,YXyXyXXyXyXXyXyXXyXyXXyXyXXyXyXXyxYxYxxYxYxxYxYxxYxYxxYxYxxYxYxxYxYxx,87,25,23
aca_113,27,3,xxy,xxyxy,YYXXYXXYXXYX,YXYXyxxyxyxxyxyxxyxyxxyxyxxyxyxxyxyxYXXYXYXXYXYXXYXYXXYXYXXYXYXXYXYXX,81,25,23
aca_113,28,3,xyxyy,xyy,YYXYXYxyxyyxYXYX,YYXYYXYYXYYXYYXYYXYYXyxyyxyyxyyxyyxyyxyyxYX,59,25,23
aca_113,29,4,YYYYx,y,YYYYYYYYXyyyyyyyx,YYYYYxYYYYxYXyyyyXYx,37,25,23
aca_113,30,4,x,XXXXy,YxxYxxxxxYxxxxxx,YXyXXXXyXXXXyXXXXyXXXXyXXXXyXXXXyxYxxxxYxxxxYxxxxYxxxxYxxxxYxxxxYxxxx,85,25,23
aca_113,31,4,x,xxxxy,YXXYXXXXXXYXXX,YXyxxxxyxxxxyxxxxyxxxxyxxxxyxxxxyxYXXXXYXXXXYXXXXYXXXXYXXXXYXXXXYXXXX,83,25,23
aca_113,32,4,xyyyy,y,YYYYYYYYXyyyyyyyx,YYYYXYYYXyxyyyyxyX,35,25,23
aca_113,33,4,YYYx,Xyyyy,YYYYxYYYxYYYxYXYxYYYx,YYYYxYYYYxYYYYxYYYYxYYYYxYYYYxYYYYxYXyyyyXyyyyXyyyyXyyyyXyyyyXyyyyXyx,90,25,23
aca_113,34,4,Yx,XyXyXyy,YYxYYxYxYxYxYYxYxYxYxYx,YYxYxYxYYxYxYxYYxYxYxYYxYxYxYYxYxYxYYxYxYxYYxYxYxYXyyXyXyXyyXyXyXyyXyXyXyyXyXyXyyXyXyXyyXyXyXyx,118,25,23
aca_113,35,4,YxYxYxx,Xy,YXyXyXyXYxxYxYxYxYxxYxYxYxx,YXyXyXyXyXyXyXyxYxYxYxYxYxYxYx,57,25,23
aca_113,36,4,Yxxxx,XXXy,YXyXYxxxxYxxxYxxxxYxxxx,YXyXXXyXXXyXXXyXXXyXXXyXXXyxYxxxYxxxYxxxYxxxYxxxYxxxYxxx,79,25,23
aca_113,37,4,xxxxy,xxxy,YXXyxxxxyxxxxyX,YXyxxxyxxxyxxxyxxxyxxxyxxxyxYXXXYXXXYXXXYXXXYXXXYXXXYXXX,71,25,23
aca_113,38,4,xxyxyxy,xy,YXYXYXXYXYXyxxyxyxyxxyX,YXYXYXYXYXYXYXYXyxyxyxyxyxyxyx,53,25,23
aca_113,39,4,xy,xyxyxyy,YYXYYXYXYXYXYXYYXYX,YYXYXYXYYXYXYXYYXYXYXYYXYXYXYYXYXYXYYXYXYXYYXyxyxyxyyxyxyxyyxyxyxyyxyxyxyyxyxyxyyxyxyxyyxYXYXYX,114,25,23
aca_113,40,4,xyyy,xyyyy,YYYXYYYXYYxYX,YYYYXYYYYXYYYYXYYYYXYYYYXYYYYXYYYYXyxyyyyxyyyyxyyyyxyyyyxyyyyxyyyyxYX,82,25,23
aca_113,41,4,YYx,XyyXyyy,YYYYxYYxYYxYYYxYYxYYxYYx,YYYxYYxYYYxYYxYYYxYYxYYYxYYxYYYxYYxYYYxYYxYYYxYYxYXyyyXyyXyyyXyyXyyyXyyXyyyXyyXyyyXyyXyyyXyyXyx,119,25,23
aca_113,42,4,YxxYxxx,XXy,YXyXXyXYxxxYxxYxxYxxxYxxYxxx,YXyXXyXXyXXyXXyXXyXXyxYxxYxxYxxYxxYxxYxxYxx,71,25,23
aca_113,43,4,xxxyxxy,xxy,YXyxxxyxxyxxxyXYXXYXXX,YXyxxyxxyxxyxxyxxyxxyxYXXYXXYXXYXXYXXYXXYXX,65,25,23
aca_113,44,4,xyy,xyyxyyy,YYYYXYYXYYXYYXYYYX,YYYXYYXYYYXYYXYYYXYYXYYYXYYXYYYXYYXYYYXYYXYYYXyxyyxyyyxyyxyyyxyyxyyyxyyxyyyxyyxyyyxyyxyyyxYXYYX,113,25,23
aca_113,45,4,YYYxYYx,Xyyy,YYYxYYYxYYxYYYxYYxYXyyyXYxYYx,YYYxYYYxYYYxYYYxYYYxYYYxYYYxYXyyyXyyyXyyyXyyyXyyyXyyyXyx,85,25,23
aca_113,46,4,YYxYYxYx,Xyy,YYxYYxYYxYxYYxYYxYxYXyyXyyXYxYx,YYxYYxYYxYYxYYxYYxYYxYXyyXyyXyyXyyXyyXyyXyx,74,25,23
aca_113,47,4,Yxx,XXyXXyXy,YxYxYxxYxxYxxYxYxxYxxYxxYxx,YXyXyXXyXXyXyXXyXXyXyXXyXXyXyXXyXXyXyXXyXXyXyXXyXXyxYxYxxYxxYxYxxYxxYxYxxYxxYxYxxYxxYxYxxYxxYxYxxYxxYxYxxYxx,135,25,23
aca_113,48,4,Yxxx,XXXyXXy,YxYxxxYxxxYxxYxxxYxxxYxxx,YXyXXyXXXyXXyXXXyXXyXXXyXXyXXXyXXyXXXyXXyXXXyxYxxYxxxYxxYxxxYxxYxxxYxxYxxxYxxYxxxYxxYxxxYxxYxxx,120,25,23
aca_113,49,4,xxxy,xxxyxxy,YXYXXXYXXXYXXXYXX,YXyxxxyxxyxxxyxxyxxxyxxyxxxyxxyxxxyxxyxxxyxxyxYXXXYXXYXXXYXXYXXXYXXYXXXYXXYXXXYXXYXXXYXXYXXXYXX,112,25,23
aca_113,50,4,xxy,xxyxxyxy,YXYXYXXYXXYXXYXXYXYXX,YXYXyxxyxxyxyxxyxxyxyxxyxxyxyxxyxxyxyxxyxxyxyxxyxxyxyxYXXYXXYXYXXYXXYXYXXYXXYXYXXYXXYXYXXYXXYXYXXYXXYXYXXYXX,129,25,23
aca_114,0,0,x,y,YXXyXyxx,YYYYYYYYXyyyyyyyx,25,25,23
aca_114,1,1,Yx,y,YYxYxyXyXYx,YYYYYYYYXyyyyyyyx,28,25,23
aca_114,2,1,x,Xy,YXXyXXyxx,YXyXyXyXyXyXyXyxYxYxYxYxYxYxYx,39,25,23
aca_114,3,1,x,xy,YYxxyXX,YXYXYXYXYXYXYXYXyxyxyxyxyxyxyx,37,25,23
aca_114,4,1,xy,y,YXYXXyxyx,YYYYYYYYXyyyyyyyx,26,25,23
aca_114,5,2,YYx,y,YYYxYYxyXyyXYx,YYYYYYYYXyyyyyyyx,31,25,23
aca_114,6,2,x,XXy,YXXyXXXyxx,YXyXXyXXyXXyXXyXXyXXyxYxxYxxYxxYxxYxxYxxYxx,53,25,23
aca_114,7,2,x,xxy,YXYxxyXX,YXyxxyxxyxxyxxyxxyxxyxYXXYXXYXXYXXYXXYXXYXX,51,25,23
aca_114,8,2,xyy,y,YYXYXyxyyxYX,YYYYYYYYXyyyyyyyx,29,25,23
aca_114,9,2,Yx,Xyy,YYxYxyXyXYxYx,YYxYYxYYxYYxYYxYYxYYxYXyyXyyXyyXyyXyyXyyXyx,56,25,23
aca_114,10,2,Yxx,Xy,YXyXXyXyXXyxYxx,YXyXyXyXyXyXyXyxYxYxYxYxYxYxYx,45,25,23
aca_114,11,2,xxy,xy,YXXYXXyxxyx,YXYXYXYXYXYXYXYXyxyxyxyxyxyxyx,41,25,23
aca_114,12,2,xy,xyy,YYxyxyXYX,YYXYYXYYXYYXYYXYYXYYXyxyyxyyxyyxyyxyyxyyxYX,52,25,23
aca_114,13,3,YYYx,y,YYYYYYYYXyyyyyyyx,YYYYxYYYxyXyyyXYx,34,25,23
aca_114,14,3,x,XXXy,YXXyXXXXyxx,YXyXXXyXXXyXXXyXXXyXXXyXXXyxYxxxYxxxYxxxYxxxYxxxYxxxYxxx,67,25,23
aca_114,15,3,x,xxxy,YXXYxxyXX,YXyxxxyxxxyxxxyxxxyxxxyxxxyxYXXXYXXXYXXXYXXXYXXXYXXXYXXX,65,25,23
aca_114,16,3,xyyy,y,YYYXYYXyxyyyxYX,YYYYYYYYXyyyyyyyx,32,25,23
aca_114,17,3,YYx,Xyyy,YYYxYYxyXyyXYxYYx,YYYxYYYxYYYxYYYxYYYxYYYxYYYxYXyyyXyyyXyyyXyyyXyyyXyyyXyx,73,25,23
aca_114,18,3,Yx,XyXyy,YYxYxyXyXYxYxYx,YYxYxYYxYxYYxYxYYxYxYYxYxYYxYxYYxYxYXyyXyXyyXyXyyXyXyyXyXyyXyXyyXyXyx,84,25,23
aca_114,19,3,YxYxx,Xy,YXyXyXXyXyXyXXyxYxYxx,YXyXyXyXyXyXyXyxYxYxYxYxYxYxYx,51,25,23
aca_114,20,3,Yxxx,XXy,YXyXXXyXXyXXXyxYxxx,YXyXXyXXyXXyXXyXXyXXyxYxxYxxYxxYxxYxxYxxYxx,62,25,23
aca_114,21,3,xxxy,xxy,YXXyxxxyxYXXX,YXyxxyxxyxxyxxyxxyxxyxYXXYXXYXXYXXYXXYXXYXX,56,25,23
aca_114,22,3,xxyxy,xy,YXYXXYXyxxyxyxYXX,YXYXYXYXYXYXYXYXyxyxyxyxyxyxyx,47,25,23
aca_114,23,3,xy,xyxyy,YYXYxyxyXYX,YYXYXYYXYXYYXYXYYXYXYYXYXYYXYXYYXyxyxyyxyxyyxyxyyxyxyyxyxyyxyxyyxYXYX,80,25,23
aca_114,24,3,xyy,xyyy,YYXYYxyyxyX,YYYXYYYXYYYXYYYXYYYXYYYXYYYXyxyyyxyyyxyyyxyyyxyyyxyyyxYX,67,25,23
aca_114,25,3,YYxYx,Xyy,YYxYYxYxYYxyXyXyyXYxYx,YYxYYxYYxYYxYYxYYxYYxYXyyXyyXyyXyyXyyXyyXyx,65,25,23
aca_114,26,3,Yxx,XXyXy,YXyXXyXyXXyXXyxYxx,YXyXyXXyXyXXyXyXXyXyXXyXyXXyXyXXyxYxYxxYxYxxYxYxxYxYxxYxYxxYxYxxYxYxx,87,25,23
aca_114,27,3,xxy,xxyxy,YXYxyxxyXYXX,YXYXyxxyxyxxyxyxxyxyxxyxyxxyxyxxyxyxYXXYXYXXYXYXXYXYXXYXYXXYXYXXYXYXX,81,25,23
aca_114,28,3,xyxyy,xyy,YYXYXYxyxyyxyxyX,YYXYYXYYXYYXYYXYYXYYXyxyyxyyxyyxyyxyyxyyxYX,59,25,23
aca_114,29,4,YYYYx,y,YYYYYYYYXyyyyyyyx,YYYYYxYYYYxyXyyyyXYx,37,25,23
aca_114,30,4,x,XXXXy,YXXyXXXXXyxx,YXyXXXXyXXXXyXXXXyXXXXyXXXXyXXXXyxYxxxxYxxxxYxxxxYxxxxYxxxxYxxxxYxxxx,81,25,23
aca_114,31,4,x,xxxxy,YXXyxxxyxx,YXyxxxxyxxxxyxxxxyxxxxyxxxxyxxxxyxYXXXXYXXXXYXXXXYXXXXYXXXXYXXXXYXXXX,79,25,23
aca_114,32,4,xyyyy,y,YYYYYYYYXyyyyyyyx,YYYYXYYYXyxyyyyxYX,35,25,23
aca_114,33,4,YYYx,Xyyyy,YYYYxYYYxyXyyyXYxYYYx,YYYYxYYYYxYYYYxYYYYxYYYYxYYYYxYYYYxYXyyyyXyyyyXyyyyXyyyyXyyyyXyyyyXyx,90,25,23
aca_114,34,4,Yx,XyXyXyy,YYxYxyXyXYxYxYxYx,YYxYxYxYYxYxYxYYxYxYxYYxYxYxYYxYxYxYYxYxYxYYxYxYxYXyyXyXyXyyXyXyXyyXyXyXyyXyXyXyyXyXyXyyXyXyXyx,112,25,23
aca_114,35,4,YxYxYxx,Xy,YXyXyXyXXyXyXyXyXXyxYxYxYxx,YXyXyXyXyXyXyXyxYxYxYxYxYxYxYx,57,25,23
aca_114,36,4,Yxxxx,XXXy,YXyXXXXyXXXyXXXXyxYxxxx,YXyXXXyXXXyXXXyXXXyXXXyXXXyxYxxxYxxxYxxxYxxxYxxxYxxxYxxx,79,25,23
aca_114,37,4,xxxxy,xxxy,YXXyxxxxyxYXXXX,YXyxxxyxxxyxxxyxxxyxxxyxxxyxYXXXYXXXYXXXYXXXYXXXYXXXYXXX,71,25,23
aca_114,38,4,xxyxyxy,xy,YXYXYXXYXYXyxxyxyxyxYXX,YXYXYXYXYXYXYXYXyxyxyxyxyxyxyx,53,25,23
aca_114,39,4,xy,xyxyxyy,YYXYXYxyxyXYX,YYXYXYXYYXYXYXYYXYXYXYYXYXYXYYXYXYXYYXYXYXYYXyxyxyxyyxyxyxyyxyxyxyyxyxyxyyxyxyxyyxyxyxyyxYXYXYX,108,25,23
aca_114,40,4,xyyy,xyyyy,YYYXYYxyyyxyX,YYYYXYYYYXYYYYXYYYYXYYYYXYYYYXYYYYXyxyyyyxyyyyxyyyyxyyyyxyyyyxyyyyxYX,82,25,23
aca_114,41,4,YYx,XyyXyyy,YYYxYYxyXyyXYxYYxYYx,YYYxYYxYYYxYYxYYYxYYxYYYxYYxYYYxYYxYYYxYYxYYYxYYxYXyyyXyyXyyyXyyXyyyXyyXyyyXyyXyyyXyyXyyyXyyXyx,115,25,23
aca_114,42,4,YxxYxxx,XXy,YXyXXyXXXyXXyXXyXXXyxYxxYxxx,YXyXXyXXyXXyXXyXXyXXyxYxxYxxYxxYxxYxxYxxYxx,71,25,23
aca_114,43,4,xxxyxxy,xxy,YXyxxxyxxyxYXXXYXXYXXX,YXyxxyxxyxxyxxyxxyxxyxYXXYXXYXXYXXYXXYXXYXX,65,25,23
aca_114,44,4,xyy,xyyxyyy,YYYXYxyyxyXYYX,YYYXYYXYYYXYYXYYYXYYXYYYXYYXYYYXYYXYYYXYYXYYYXyxyyxyyyxyyxyyyxyyxyyyxyyxyyyxyyxyyyxyyxyyyxYXYYX,109,25,23
aca_114,45,4,YYYxYYx,Xyyy,YYYxYYYxYYxYYYxyXyyXyyyXYxYYx,YYYxYYYxYYYxYYYxYYYxYYYxYYYxYXyyyXyyyXyyyXyyyXyyyXyyyXyx,85,25,23
aca_114,46,4,YYxYYxYx,Xyy,YYxYYxYYxYxYYxYYxyXyXyyXyyXYxYx,YYxYYxYYxYYxYYxYYxYYxYXyyXyyXyyXyyXyyXyyXyx,74,25,23
aca_114,47,4,Yxx,XXyXXyXy,YXyXXyXyXXyXXyXXyxYxx,YXyXyXXyXXyXyXXyXXyXyXXyXXyXyXXyXXyXyXXyXXyXyXXyXXyxYxYxxYxxYxYxxYxxYxYxxYxxYxYxxYxxYxYxxYxxYxYxxYxxYxYxxYxx,129,25,23
aca_114,48,4,Yxxx,XXXyXXy,YXyXXXyXXyXXXyXXXyxYxxx,YXyXXyXXXyXXyXXXyXXyXXXyXXyXXXyXXyXXXyXXyXXXyxYxxYxxxYxxYxxxYxxYxxxYxxYxxxYxxYxxxYxxYxxxYxxYxxx,118,25,23
aca_114,49,4,xxxy,xxxyxxy,YXyxxyxxxyxYXXX,YXyxxxyxxyxxxyxxyxxxyxxyxxxyxxyxxxyxxyxxxyxxyxYXXXYXXYXXXYXXYXXXYXXYXXXYXXYXXXYXXYXXXYXXYXXXYXX,110,25,23
aca_114,50,4,xxy,xxyxxyxy,YXYXXYxyxxyXYXX,YXYXyxxyxxyxyxxyxxyxyxxyxxyxyxxyxxyxyxxyxxyxyxxyxxyxyxYXXYXXYXYXXYXXYXYXXYXXYXYXXYXXYXYXXYXXYXYXXYXXYXYXXYXX,123,25,23
aca_120,0,0,x,y,YXXXYxx,YYYYXyyyx,16,16,15
aca_120,1,1,Yx,y,YYYYXyyyx,YXyXyXYxYx,19,16,15
aca_120,2,1,x,Xy,YXXYxxx,YXyXyXyxYxYxYx,21,16,15
aca_120,3,1,x,xy,YXXXXYx,YXYXYXYXyxyxyx,21,16,15
aca_120,4,1,xy,y,YYYYXyyyx,YXYXYXYxyx,19,16,15
aca_120,5,2,YYx,y,YYYYXyyyx,YYxYYxyXyyXyx,22,16,15
aca_120,6,2,x,XXy,YXYxxxx,YXyXXyXXyxYxxYxxYxx,26,16,15
aca_120,7,2,x,xxy,YYXXXXX,YXyxxyxxyxYXXYXXYXX,26,16,15
aca_120,8,2,xyy,y,YYYYXyyyx,YYXYYXYxyyxYX,22,16,15
aca_120,9,2,Yx,Xyy,YXyXYxYxYx,YYxYYxYYxYXyyXyyXyx,29,16,15
aca_120,10,2,Yxx,Xy,YXyXXyXYxxYxx,YXyXyXyxYxYxYx,27,16,15
aca_120,11,2,xxy,xy,YXyxxyxxyxxyX,YXYXYXYXyxyxyx,27,16,15
aca_120,12,2,xy,xyy,YXYXYXYXYx,YYXYYXYYXyxyyxyyxYX,29,16,15
aca_120,13,3,YYYx,y,YYYYXyyyx,YYYxYYYxyXyyyXyx,25,16,15
aca_120,14,3,x,XXXy,YYxxxxx,YXyXXXyXXXyxYxxxYxxxYxxx,31,16,15
aca_120,15,3,x,xxxy,YXYXXXXXX,YXyxxxyxxxyxYXXXYXXXYXXX,33,16,15
aca_120,16,3,xyyy,y,YYYYXyyyx,YYYXYYYXYxyyyxYX,25,16,15
aca_120,17,3,YYx,Xyyy,YYxYYxYXyyXYx,YYYxYYYxYYYxYXyyyXyyyXyx,37,16,15
aca_120,18,3,Yx,XyXyy,YXYxYxYxYx,YYxYxYYxYxYYxYxYXyyXyXyyXyXyx,39,16,15
aca_120,19,3,YxYxx,Xy,YXyXyXyxYxYxYx,YXyXyXXyXyXYxxYxYxx,33,16,15
aca_120,20,3,Yxxx,XXy,YXyXXXyXYxxxYxxx,YXyXXyXXyxYxxYxxYxx,35,16,15
aca_120,21,3,xxxy,xxy,YXyxxxyxxxyxxxyX,YXyxxyxxyxYXXYXXYXX,35,16,15
aca_120,22,3,xxyxy,xy,YXYXYXYXyxyxyx,YXYXyxxyxyxxyxyxxyX,33,16,15
aca_120,23,3,xy,xyxyy,YYYXYXYXYXYX,YYXYXYYXYXYYXyxyxyyxyxyyxYXYX,41,16,15
aca_120,24,3,xyy,xyyy,YYXYYXYYXYxYX,YYYXYYYXYYYXyxyyyxyyyxYX,37,16,15
aca_120,25,3,YYxYx,Xyy,YYxYYxYYxYXyyXyyXyx,YYxYxYYxyXyXyyXyXyx,38,16,15
aca_120,26,3,Yxx,XXyXy,YXyXYxxYxxYxx,YXyXyXXyXyXXyxYxYxxYxYxxYxYxx,42,16,15
aca_120,27,3,xxy,xxyxy,YYXXYXXYXXYXX,YXYXyxxyxyxxyxyxYXXYXYXXYXYXX,42,16,15
aca_120,28,3,xyxyy,xyy,YYXYYXYYXyxyyxyyxYX,YYXYXYYXYXYxyyxYXYX,38,16,15
aca_120,29,4,YYYYx,y,YYYYXyyyx,YYYYxYYYYxyXyyyyXyx,28,16,15
aca_120,30,4,x,XXXXy,YxYxxxxxx,YXyXXXXyXXXXyxYxxxxYxxxxYxxxx,38,16,15
aca_120,31,4,x,xxxxy,YXXYXXXXXXX,YXyxxxxyxxxxyxYXXXXYXXXXYXXXX,40,16,15
aca_120,32,4,xyyyy,y,YYYYXyyyx,YYYYXYYYYXYxyyyyxYX,28,16,15
aca_120,33,4,YYYx,Xyyyy,YYYxYYYxYXyyyXYx,YYYYxYYYYxYYYYxYXyyyyXyyyyXyx,45,16,15
aca_120,34,4,Yx,XyXyXyy,YYYxYxYxYxYx,YYxYxYxYYxYxYxYYxYxYxYXyyXyXyXyyXyXyXyx,51,16,15
aca_120,35,4,YxYxYxx,Xy,YXyXyXyxYxYxYx,YXyXyXyXXyXyXyXYxxYxYxYxx,39,16,15
aca_120,36,4,Yxxxx,XXXy,YXyXXXXyXYxxxxYxxxx,YXyXXXyXXXyxYxxxYxxxYxxx,43,16,15
aca_120,37,4,xxxxy,xxxy,YXyxxxxyxxxxyxxxxyX,YXyxxxyxxxyxYXXXYXXXYXXX,43,16,15
aca_120,38,4,xxyxyxy,xy,YXYXYXYXyxyxyx,YXYXYXyxxyxyxyxxyxyxyxxyX,39,16,15
aca_120,39,4,xy,xyxyxyy,YYXYYXYXYXYXYXYX,YYXYXYXYYXYXYXYYXyxyxyxyyxyxyxyyxYXYXYX,55,16,15
aca_120,40,4,xyyy,xyyyy,YYYXYYYXYYYXYxYX,YYYYXYYYYXYYYYXyxyyyyxyyyyxYX,45,16,15
aca_120,41,4,YYx,XyyXyyy,YYxYYxYYxYXYx,YYYxYYxYYYxYYxYYYxYYxYXyyyXyyXyyyXyyXyx,52,16,15
aca_120,42,4,YxxYxxx,XXy,YXyXXyXXyxYxxYxxYxx,YXyXXyXXXyXXyXYxxxYxxYxxx,44,16,15
aca_120,43,4,xxxyxxy,xxy,YXyxxyxxyxYXXYXXYXX,YXyxxxyxxyxxxyxxyxxxyXYXX,44,16,15
aca_120,44,4,xyy,xyyxyyy,YYYYXYYXYYXYYXYYX,YYYXYYXYYYXYYXYYYXyxyyxyyyxyyxyyyxYXYYX,56,16,15
aca_120,45,4,YYYxYYx,Xyyy,YYYxYYYxYYYxYXyyyXyyyXyx,YYYxYYxYYYxyXyyXyyyXyyXyx,49,16,15
aca_120,46,4,YYxYYxYx,Xyy,YYxYYxYYxYXyyXyyXyx,YYxYYxYxYYxYYxyXyXyyXyyXyXyx,47,16,15
aca_120,47,4,Yxx,XXyXXyXy,YYxxYxxYxxYxx,YXyXyXXyXXyXyXXyXXyxYxYxxYxxYxYxxYxxYxYxxYxx,57,16,15
aca_120,48,4,Yxxx,XXXyXXy,YXyXYxxxYxxxYxxx,YXyXXyXXXyXXyXXXyxYxxYxxxYxxYxxxYxxYxxx,55,16,15
aca_120,49,4,xxxy,xxxyxxy,YXYXXXYXXXYXXXYXXX,YXyxxxyxxyxxxyxxyxYXXXYXXYXXXYXXYXXXYXX,57,16,15
aca_120,50,4,xxy,xxyxxyxy,YXYXYXXYXXYXXYXXYXX,YXYXyxxyxxyxyxxyxxyxyxYXXYXXYXYXXYXXYXYXXYXX,63,16,15
aca_121,0,0,x,y,YXXXyxx,YYYYXyyyx,16,16,15
aca_121,1,1,Yx,y,YYYYXyyyx,YXyXyXyxYx,19,16,15
aca_121,2,1,x,Xy,YXXXyxx,YXyXyXyxYxYxYx,21,16,15
aca_121,3,1,x,xy,YXXXyxx,YXYXYXYXyxyxyx,21,16,15
aca_121,4,1,xy,y,YYYYXyyyx,YXYXYXyxyx,19,16,15
aca_121,5,2,YYx,y,YYYYXyyyx,YYxYYxyXyyXYx,22,16,15
aca_121,6,2,x,XXy,YXXXyxx,YXyXXyXXyxYxxYxxYxx,26,16,15
aca_121,7,2,x,xxy,YXXXyxx,YXyxxyxxyxYXXYXXYXX,26,16,15
aca_121,8,2,xyy,y,YYYYXyyyx,YYXYYXyxyyxYX,22,16,15
aca_121,9,2,Yx,Xyy,YXyXyXyxYx,YYxYYxYYxYXyyXyyXyx,29,16,15
aca_121,10,2,Yxx,Xy,YXyXXyXXyxYxx,YXyXyXyxYxYxYx,27,16,15
aca_121,11,2,xxy,xy,YXyxxyxYXXYXX,YXYXYXYXyxyxyx,27,16,15
aca_121,12,2,xy,xyy,YXYXYXyxyx,YYXYYXYYXyxyyxyyxYX,29,16,15
aca_121,13,3,YYYx,y,YYYYXyyyx,YYYxYYYxyXyyyXYx,25,16,15
aca_121,14,3,x,XXXy,YXXXyxx,YXyXXXyXXXyxYxxxYxxxYxxx,31,16,15
aca_121,15,3,x,xxxy,YXXXyxx,YXyxxxyxxxyxYXXXYXXXYXXX,31,16,15
aca_121,16,3,xyyy,y,YYYYXyyyx,YYYXYYYXyxyyyxYX,25,16,15
aca_121,17,3,YYx,Xyyy,YYxYYxyXyyXYx,YYYxYYYxYYYxYXyyyXyyyXyx,37,16,15
aca_121,18,3,Yx,XyXyy,YXyXyXyxYx,YYxYxYYxYxYYxYxYXyyXyXyyXyXyx,39,16,15
aca_121,19,3,YxYxx,Xy,YXyXyXyxYxYxYx,YXyXyXXyXyXXyxYxYxx,33,16,15
aca_121,20,3,Yxxx,XXy,YXyXXXyXXXyxYxxx,YXyXXyXXyxYxxYxxYxx,35,16,15
aca_121,21,3,xxxy,xxy,YXyxxxyxYXXXYXXX,YXyxxyxxyxYXXYXXYXX,35,16,15
aca_121,22,3,xxyxy,xy,YXYXYXYXyxyxyx,YXYXyxxyxyxYXXYXYXX,33,16,15
aca_121,23,3,xy,xyxyy,YXYXYXyxyx,YYXYXYYXYXYYXyxyxyyxyxyyxYXYX,39,16,15
aca_121,24,3,xyy,xyyy,YYXYYXyxyyxYX,YYYXYYYXYYYXyxyyyxyyyxYX,37,16,15
aca_121,25,3,YYxYx,Xyy,YYxYYxYYxYXyyXyyXyx,YYxYxYYxyXyXyyXYxYx,38,16,15
aca_121,26,3,Yxx,XXyXy,YXyXXyXXyxYxx,YXyXyXXyXyXXyxYxYxxYxYxxYxYxx,42,16,15
aca_121,27,3,xxy,xxyxy,YXyxxyxYXXYXX,YXYXyxxyxyxxyxyxYXXYXYXXYXYXX,42,16,15
aca_121,28,3,xyxyy,xyy,YYXYYXYYXyxyyxyyxYX,YYXYXYYXyxyxyyxYXYX,38,16,15
aca_121,29,4,YYYYx,y,YYYYXyyyx,YYYYxYYYYxyXyyyyXYx,28,16,15
aca_121,30,4,x,XXXXy,YXXXyxx,YXyXXXXyXXXXyxYxxxxYxxxxYxxxx,36,16,15
aca_121,31,4,x,xxxxy,YXXXyxx,YXyxxxxyxxxxyxYXXXXYXXXXYXXXX,36,16,15
aca_121,32,4,xyyyy,y,YYYYXyyyx,YYYYXYYYYXyxyyyyxYX,28,16,15
aca_121,33,4,YYYx,Xyyyy,YYYxYYYxyXyyyXYx,YYYYxYYYYxYYYYxYXyyyyXyyyyXyx,45,16,15
aca_121,34,4,Yx,XyXyXyy,YXyXyXyxYx,YYxYxYxYYxYxYxYYxYxYxYXyyXyXyXyyXyXyXyx,49,16,15
aca_121,35,4,YxYxYxx,Xy,YXyXyXyxYxYxYx,YXyXyXyXXyXyXyXXyxYxYxYxx,39,16,15
aca_121,36,4,Yxxxx,XXXy,YXyXXXXyXXXXyxYxxxx,YXyXXXyXXXyxYxxxYxxxYxxx,43,16,15
aca_121,37,4,xxxxy,xxxy,YXyxxxxyxYXXXXYXXXX,YXyxxxyxxxyxYXXXYXXXYXXX,43,16,15
aca_121,38,4,xxyxyxy,xy,YXYXYXYXyxyxyx,YXYXYXyxxyxyxyxYXXYXYXYXX,39,16,15
aca_121,39,4,xy,xyxyxyy,YXYXYXyxyx,YYXYXYXYYXYXYXYYXyxyxyxyyxyxyxyyxYXYXYX,49,16,15
aca_121,40,4,xyyy,xyyyy,YYYXYYYXyxyyyxYX,YYYYXYYYYXYYYYXyxyyyyxyyyyxYX,45,16,15
aca_121,41,4,YYx,XyyXyyy,YYxYYxyXyyXYx,YYYxYYxYYYxYYxYYYxYYxYXyyyXyyXyyyXyyXyx,52,16,15
aca_121,42,4,YxxYxxx,XXy,YXyXXyXXyxYxxYxxYxx,YXyXXyXXXyXXyXXXyxYxxYxxx,44,16,15
aca_121,43,4,xxxyxxy,xxy,YXyxxyxxyxYXXYXXYXX,YXyxxxyxxyxYXXXYXXYXXXYXX,44,16,15
aca_121,44,4,xyy,xyyxyyy,YYXYYXyxyyxYX,YYYXYYXYYYXYYXYYYXyxyyxyyyxyyxyyyxYXYYX,52,16,15
aca_121,45,4,YYYxYYx,Xyyy,YYYxYYYxYYYxYXyyyXyyyXyx,YYYxYYxYYYxyXyyXyyyXYxYYx,49,16,15
aca_121,46,4,YYxYYxYx,Xyy,YYxYYxYYxYXyyXyyXyx,YYxYYxYxYYxYYxyXyXyyXyyXYxYx,47,16,15
aca_121,47,4,Yxx,XXyXXyXy,YXyXXyXXyxYxx,YXyXyXXyXXyXyXXyXXyxYxYxxYxxYxYxxYxxYxYxxYxx,57,16,15
aca_121,48,4,Yxxx,XXXyXXy,YXyXXXyXXXyxYxxx,YXyXXyXXXyXXyXXXyxYxxYxxxYxxYxxxYxxYxxx,55,16,15
aca_121,49,4,xxxy,xxxyxxy,YXyxxxyxYXXXYXXX,YXyxxxyxxyxxxyxxyxYXXXYXXYXXXYXXYXXXYXX,55,16,15
aca_121,50,4,xxy,xxyxxyxy,YXyxxyxYXXYXX,YXYXyxxyxxyxyxxyxxyxyxYXXYXXYXYXXYXXYXYXXYXX,57,16,15
aca_122,0,0,x,y,YXXXyxx,YYYYYXyyyyx,18,18,16
aca_122,1,1,Yx,y,YXyXyXyxYx,YYYYYXyyyyx,21,18,16
aca_122,2,1,x,Xy,YXXXyxx,YXyXyXyXyxYxYxYxYx,25,18,16
aca_122,3,1,x,xy,YXXXyxx,YXYXYXYXYXyxyxyxyx,25,18,16
aca_122,4,1,xy,y,YXYXYXyxyx,YYYYYXyyyyx,21,18,16
aca_122,5,2,YYx,y,YYYYYXyyyyx,YYxYYxyXyyXYx,24,18,16
aca_122,6,2,x,XXy,YXXXyxx,YXyXXyXXyXXyxYxxYxxYxxYxx,32,18,16
aca_122,7,2,x,xxy,YXXXyxx,YXyxxyxxyxxyxYXXYXXYXXYXX,32,18,16
aca_122,8,2,xyy,y,YYYYYXyyyyx,YYXYYXyxyyxYX,24,18,16
aca_122,9,2,Yx,Xyy,YXyXyXyxYx,YYxYYxYYxYYxYXyyXyyXyyXyx,35,18,16
aca_122,10,2,Yxx,Xy,YXyXXyXXyxYxx,YXyXyXyXyxYxYxYxYx,31,18,16
aca_122,11,2,xxy,xy,YXyxxyxYXXYXX,YXYXYXYXYXyxyxyxyx,31,18,16
aca_122,12,2,xy,xyy,YXYXYXyxyx,YYXYYXYYXYYXyxyyxyyxyyxYX,35,18,16
aca_122,13,3,YYYx,y,YYYYYXyyyyx,YYYxYYYxyXyyyXYx,27,18,16
aca_122,14,3,x,XXXy,YXXXyxx,YXyXXXyXXXyXXXyxYxxxYxxxYxxxYxxx,39,18,16
aca_122,15,3,x,xxxy,YXXXyxx,YXyxxxyxxxyxxxyxYXXXYXXXYXXXYXXX,39,18,16
aca_122,16,3,xyyy,y,YYYYYXyyyyx,YYYXYYYXyxyyyxYX,27,18,16
aca_122,17,3,YYx,Xyyy,YYxYYxyXyyXYx,YYYxYYYxYYYxYYYxYXyyyXyyyXyyyXyx,45,18,16
aca_122,18,3,Yx,XyXyy,YXyXyXyxYx,YYxYxYYxYxYYxYxYYxYxYXyyXyXyyXyXyyXyXyx,49,18,16
aca_122,19,3,YxYxx,Xy,YXyXyXyXyxYxYxYxYx,YXyXyXXyXyXXyxYxYxx,37,18,16
aca_122,20,3,Yxxx,XXy,YXyXXXyXXXyxYxxx,YXyXXyXXyXXyxYxxYxxYxxYxx,41,18,16
aca_122,21,3,xxxy,xxy,YXyxxxyxYXXXYXXX,YXyxxyxxyxxyxYXXYXXYXXYXX,41,18,16
aca_122,22,3,xxyxy,xy,YXYXYXYXYXyxyxyxyx,YXYXyxxyxyxYXXYXYXX,37,18,16
aca_122,23,3,xy,xyxyy,YXYXYXyxyx,YYXYXYYXYXYYXYXYYXyxyxyyxyxyyxyxyyxYXYX,49,18,16
aca_122,24,3,xyy,xyyy,YYXYYXyxyyxYX,YYYXYYYXYYYXYYYXyxyyyxyyyxyyyxYX,45,18,16
aca_122,25,3,YYxYx,Xyy,YYxYxYYxyXyXyyXYxYx,YYxYYxYYxYYxYXyyXyyXyyXyx,44,18,16
aca_122,26,3,Yxx,XXyXy,YXyXXyXXyxYxx,YXyXyXXyXyXXyXyXXyxYxYxxYxYxxYxYxxYxYxx,52,18,16
aca_122,27,3,xxy,xxyxy,YXyxxyxYXXYXX,YXYXyxxyxyxxyxyxxyxyxYXXYXYXXYXYXXYXYXX,52,18,16
aca_122,28,3,xyxyy,xyy,YYXYXYYXyxyxyyxYXYX,YYXYYXYYXYYXyxyyxyyxyyxYX,44,18,16
aca_122,29,4,YYYYx,y,YYYYYXyyyyx,YYYYxYYYYxyXyyyyXYx,30,18,16
aca_122,30,4,x,XXXXy,YXXXyxx,YXyXXXXyXXXXyXXXXyxYxxxxYxxxxYxxxxYxxxx,46,18,16
aca_122,31,4,x,xxxxy,YXXXyxx,YXyxxxxyxxxxyxxxxyxYXXXXYXXXXYXXXXYXXXX,46,18,16
aca_122,32,4,xyyyy,y,YYYYYXyyyyx,YYYYXYYYYXyxyyyyxYX,30,18,16
aca_122,33,4,YYYx,Xyyyy,YYYxYYYxyXyyyXYx,YYYYxYYYYxYYYYxYYYYxYXyyyyXyyyyXyyyyXyx,55,18,16
aca_122,34,4,Yx,XyXyXyy,YXyXyXyxYx,YYxYxYxYYxYxYxYYxYxYxYYxYxYxYXyyXyXyXyyXyXyXyyXyXyXyx,63,18,16
aca_122,35,4,YxYxYxx,Xy,YXyXyXyXyxYxYxYxYx,YXyXyXyXXyXyXyXXyxYxYxYxx,43,18,16
aca_122,36,4,Yxxxx,XXXy,YXyXXXXyXXXXyxYxxxx,YXyXXXyXXXyXXXyxYxxxYxxxYxxxYxxx,51,18,16
aca_122,37,4,xxxxy,xxxy,YXyxxxxyxYXXXXYXXXX,YXyxxxyxxxyxxxyxYXXXYXXXYXXXYXXX,51,18,16
aca_122,38,4,xxyxyxy,xy,YXYXYXYXYXyxyxyxyx,YXYXYXyxxyxyxyxYXXYXYXYXX,43,18,16
aca_122,39,4,xy,xyxyxyy,YXYXYXyxyx,YYXYXYXYYXYXYXYYXYXYXYYXyxyxyxyyxyxyxyyxyxyxyyxYXYXYX,63,18,16
aca_122,40,4,xyyy,xyyyy,YYYXYYYXyxyyyxYX,YYYYXYYYYXYYYYXYYYYXyxyyyyxyyyyxyyyyxYX,55,18,16
aca_122,41,4,YYx,XyyXyyy,YYxYYxyXyyXYx,YYYxYYxYYYxYYxYYYxYYxYYYxYYxYXyyyXyyXyyyXyyXyyyXyyXyx,66,18,16
aca_122,42,4,YxxYxxx,XXy,YXyXXyXXyXXyxYxxYxxYxxYxx,YXyXXyXXXyXXyXXXyxYxxYxxx,50,18,16
aca_122,43,4,xxxyxxy,xxy,YXyxxyxxyxxyxYXXYXXYXXYXX,YXyxxxyxxyxYXXXYXXYXXXYXX,50,18,16
aca_122,44,4,xyy,xyyxyyy,YYXYYXyxyyxYX,YYYXYYXYYYXYYXYYYXYYXYYYXyxyyxyyyxyyxyyyxyyxyyyxYXYYX,66,18,16
aca_122,45,4,YYYxYYx,Xyyy,YYYxYYxYYYxyXyyXyyyXYxYYx,YYYxYYYxYYYxYYYxYXyyyXyyyXyyyXyx,57,18,16
aca_122,46,4,YYxYYxYx,Xyy,YYxYYxYYxYYxYXyyXyyXyyXyx,YYxYYxYxYYxYYxyXyXyyXyyXYxYx,53,18,16
aca_122,47,4,Yxx,XXyXXyXy,YXyXXyXXyxYxx,YXyXyXXyXXyXyXXyXXyXyXXyXXyxYxYxxYxxYxYxxYxxYxYxxYxxYxYxxYxx,73,18,16
aca_122,48,4,Yxxx,XXXyXXy,YXyXXXyXXXyxYxxx,YXyXXyXXXyXXyXXXyXXyXXXyxYxxYxxxYxxYxxxYxxYxxxYxxYxxx,69,18,16
aca_122,49,4,xxxy,xxxyxxy,YXyxxxyxYXXXYXXX,YXyxxxyxxyxxxyxxyxxxyxxyxYXXXYXXYXXXYXXYXXXYXXYXXXYXX,69,18,16
aca_122,50,4,xxy,xxyxxyxy,YXyxxyxYXXYXX,YXYXyxxyxxyxyxxyxxyxyxxyxxyxyxYXXYXXYXYXXYXXYXYXXYXXYXYXXYXX,73,18,16
aca_123,0,0,x,y,YXXXyxx,YYYYYYXyyyyyx,20,20,17
aca_123,1,1,Yx,y,YXyXyXyxYx,YYYYYYXyyyyyx,23,20,17
aca_123,2,1,x,Xy,YXXXyxx,YXyXyXyXyXyxYxYxYxYxYx,29,20,17
aca_123,3,1,x,xy,YXXXyxx,YXYXYXYXYXYXyxyxyxyxyx,29,20,17
aca_123,4,1,xy,y,YXYXYXyxyx,YYYYYYXyyyyyx,23,20,17
aca_123,5,2,YYx,y,YYYYYYXyyyyyx,YYxYYxyXyyXYx,26,20,17
aca_123,6,2,x,XXy,YXXXyxx,YXyXXyXXyXXyXXyxYxxYxxYxxYxxYxx,38,20,17
aca_123,7,2,x,xxy,YXXXyxx,YXyxxyxxyxxyxxyxYXXYXXYXXYXXYXX,38,20,17
aca_123,8,2,xyy,y,YYYYYYXyyyyyx,YYXYYXyxyyxYX,26,20,17
aca_123,9,2,Yx,Xyy,YXyXyXyxYx,YYxYYxYYxYYxYYxYXyyXyyXyyXyyXyx,41,20,17
aca_123,10,2,Yxx,Xy,YXyXXyXXyxYxx,YXyXyXyXyXyxYxYxYxYxYx,35,20,17
aca_123,11,2,xxy,xy,YXyxxyxYXXYXX,YXYXYXYXYXYXyxyxyxyxyx,35,20,17
aca_123,12,2,xy,xyy,YXYXYXyxyx,YYXYYXYYXYYXYYXyxyyxyyxyyxyyxYX,41,20,17
aca_123,13,3,YYYx,y,YYYYYYXyyyyyx,YYYxYYYxyXyyyXYx,29,20,17
aca_123,14,3,x,XXXy,YXXXyxx,YXyXXXyXXXyXXXyXXXyxYxxxYxxxYxxxYxxxYxxx,47,20,17
aca_123,15,3,x,xxxy,YXXXyxx,YXyxxxyxxxyxxxyxxxyxYXXXYXXXYXXXYXXXYXXX,47,20,17
aca_123,16,3,xyyy,y,YYYYYYXyyyyyx,YYYXYYYXyxyyyxYX,29,20,17
aca_123,17,3,YYx,Xyyy,YYxYYxyXyyXYx,YYYxYYYxYYYxYYYxYYYxYXyyyXyyyXyyyXyyyXyx,53,20,17
aca_123,18,3,Yx,XyXyy,YXyXyXyxYx,YYxYxYYxYxYYxYxYYxYxYYxYxYXyyXyXyyXyXyyXyXyyXyXyx,59,20,17
aca_123,19,3,YxYxx,Xy,YXyXyXXyXyXXyxYxYxx,YXyXyXyXyXyxYxYxYxYxYx,41,20,17
aca_123,20,3,Yxxx,XXy,YXyXXXyXXXyxYxxx,YXyXXyXXyXXyXXyxYxxYxxYxxYxxYxx,47,20,17
aca_123,21,3,xxxy,xxy,YXyxxxyxYXXXYXXX,YXyxxyxxyxxyxxyxYXXYXXYXXYXXYXX,47,20,17
aca_123,22,3,xxyxy,xy,YXYXyxxyxyxYXXYXYXX,YXYXYXYXYXYXyxyxyxyxyx,41,20,17
aca_123,23,3,xy,xyxyy,YXYXYXyxyx,YYXYXYYXYXYYXYXYYXYXYYXyxyxyyxyxyyxyxyyxyxyyxYXYX,59,20,17
aca_123,24,3,xyy,xyyy,YYXYYXyxyyxYX,YYYXYYYXYYYXYYYXYYYXyxyyyxyyyxyyyxyyyxYX,53,20,17
aca_123,25,3,YYxYx,Xyy,YYxYxYYxyXyXyyXYxYx,YYxYYxYYxYYxYYxYXyyXyyXyyXyyXyx,50,20,17
aca_123,26,3,Yxx,XXyXy,YXyXXyXXyxYxx,YXyXyXXyXyXXyXyXXyXyXXyxYxYxxYxYxxYxYxxYxYxxYxYxx,62,20,17
aca_123,27,3,xxy,xxyxy,YXyxxyxYXXYXX,YXYXyxxyxyxxyxyxxyxyxxyxyxYXXYXYXXYXYXXYXYXXYXYXX,62,20,17
aca_123,28,3,xyxyy,xyy,YYXYXYYXyxyxyyxYXYX,YYXYYXYYXYYXYYXyxyyxyyxyyxyyxYX,50,20,17
aca_123,29,4,YYYYx,y,YYYYYYXyyyyyx,YYYYxYYYYxyXyyyyXYx,32,20,17
aca_123,30,4,x,XXXXy,YXXXyxx,YXyXXXXyXXXXyXXXXyXXXXyxYxxxxYxxxxYxxxxYxxxxYxxxx,56,20,17
aca_123,31,4,x,xxxxy,YXXXyxx,YXyxxxxyxxxxyxxxxyxxxxyxYXXXXYXXXXYXXXXYXXXXYXXXX,56,20,17
aca_123,32,4,xyyyy,y,YYYYYYXyyyyyx,YYYYXYYYYXyxyyyyxYX,32,20,17
aca_123,33,4,YYYx,Xyyyy,YYYxYYYxyXyyyXYx,YYYYxYYYYxYYYYxYYYYxYYYYxYXyyyyXyyyyXyyyyXyyyyXyx,65,20,17
aca_123,34,4,Yx,XyXyXyy,YXyXyXyxYx,YYxYxYxYYxYxYxYYxYxYxYYxYxYxYYxYxYxYXyyXyXyXyyXyXyXyyXyXyXyyXyXyXyx,77,20,17
aca_123,35,4,YxYxYxx,Xy,YXyXyXyXyXyxYxYxYxYxYx,YXyXyXyXXyXyXyXXyxYxYxYxx,47,20,17
aca_123,36,4,Yxxxx,XXXy,YXyXXXXyXXXXyxYxxxx,YXyXXXyXXXyXXXyXXXyxYxxxYxxxYxxxYxxxYxxx,59,20,17
aca_123,37,4,xxxxy,xxxy,YXyxxxxyxYXXXXYXXXX,YXyxxxyxxxyxxxyxxxyxYXXXYXXXYXXXYXXXYXXX,59,20,17
aca_123,38,4,xxyxyxy,xy,YXYXYXYXYXYXyxyxyxyxyx,YXYXYXyxxyxyxyxYXXYXYXYXX,47,20,17
aca_123,39,4,xy,xyxyxyy,YXYXYXyxyx,YYXYXYXYYXYXYXYYXYXYXYYXYXYXYYXyxyxyxyyxyxyxyyxyxyxyyxyxyxyyxYXYXYX,77,20,17
aca_123,40,4,xyyy,xyyyy,YYYXYYYXyxyyyxYX,YYYYXYYYYXYYYYXYYYYXYYYYXyxyyyyxyyyyxyyyyxyyyyxYX,65,20,17
aca_123,41,4,YYx,XyyXyyy,YYxYYxyXyyXYx,YYYxYYxYYYxYYxYYYxYYxYYYxYYxYYYxYYxYXyyyXyyXyyyXyyXyyyXyyXyyyXyyXyx,80,20,17
aca_123,42,4,YxxYxxx,XXy,YXyXXyXXXyXXyXXXyxYxxYxxx,YXyXXyXXyXXyXXyxYxxYxxYxxYxxYxx,56,20,17
aca_123,43,4,xxxyxxy,xxy,YXyxxxyxxyxYXXXYXXYXXXYXX,YXyxxyxxyxxyxxyxYXXYXXYXXYXXYXX,56,20,17
aca_123,44,4,xyy,xyyxyyy,YYXYYXyxyyxYX,YYYXYYXYYYXYYXYYYXYYXYYYXYYXYYYXyxyyxyyyxyyxyyyxyyxyyyxyyxyyyxYXYYX,80,20,17
aca_123,45,4,YYYxYYx,Xyyy,YYYxYYxYYYxyXyyXyyyXYxYYx,YYYxYYYxYYYxYYYxYYYxYXyyyXyyyXyyyXyyyXyx,65,20,17
aca_123,46,4,YYxYYxYx,Xyy,YYxYYxYxYYxYYxyXyXyyXyyXYxYx,YYxYYxYYxYYxYYxYXyyXyyXyyXyyXyx,59,20,17
aca_123,47,4,Yxx,XXyXXyXy,YXyXXyXXyxYxx,YXyXyXXyXXyXyXXyXXyXyXXyXXyXyXXyXXyxYxYxxYxxYxYxxYxxYxYxxYxxYxYxxYxxYxYxxYxx,89,20,17
aca_123,48,4,Yxxx,XXXyXXy,YXyXXXyXXXyxYxxx,YXyXXyXXXyXXyXXXyXXyXXXyXXyXXXyxYxxYxxxYxxYxxxYxxYxxxYxxYxxxYxxYxxx,83,20,17
aca_123,49,4,xxxy,xxxyxxy,YXyxxxyxYXXXYXXX,YXyxxxyxxyxxxyxxyxxxyxxyxxxyxxyxYXXXYXXYXXXYXXYXXXYXXYXXXYXXYXXXYXX,83,20,17
aca_123,50,4,xxy,xxyxxyxy,YXyxxyxYXXYXX,YXYXyxxyxxyxyxxyxxyxyxxyxxyxyxxyxxyxyxYXXYXXYXYXXYXXYXYXXYXXYXYXXYXXYXYXXYXX,89,20,17
