name,r1,r2,level,source,form,orbit,pair_id,greedy_solved,greedy_nodes,greedy_budget,greedy_cap,greedy_run,s20_solved,s20_nodes,s20_run,start_len,hump,hump_source,climb,solved_by,aut_class
aca_0,YXXyxYx,YYYYYYXyxyX,unsolved,ms_unsolved,aca_initial,,,0,,,,,0,,,18,,none,,none,aca_0
aca_1,YYXXyxx,YYYxyXyX,unsolved,ms_unsolved,aca_initial,,,0,,,,,0,,,15,,none,,none,aca_1
aca_2,YXXyXyx,YYYXyyyxx,unsolved,ms_unsolved,aca_initial,,,0,,,,,0,,,16,,none,,none,aca_2
aca_3,YXXyxYx,YYYYYxyxyX,unsolved,ms_unsolved,aca_initial,,,0,,,,,0,,,17,,none,,none,aca_3
aca_4,YYXXXyx,YYxyxyXyXYX,unsolved,ms_unsolved,aca_initial,,,0,,,,,0,,,18,,none,,none,aca_4
aca_5,YYXXXyX,YYYxyXyxyxyx,unsolved,ms_unsolved,aca_initial,,,0,,,,,0,,,19,,none,,none,aca_5
aca_6,YYXXyxxyx,YXXXXXyxYx,unsolved,ms_unsolved,aca_initial,,,0,,,,,0,,,19,,none,,none,aca_6
aca_7,YYXXyxx,YYYYxYXYX,unsolved,ms_unsolved,aca_initial,,,0,,,,,0,,,16,,none,,none,aca_7
aca_8,YXyXYxx,YYXYXyyx,unsolved,ms_unsolved,aca_initial,,,0,,,,,0,,,15,,none,,none,aca_8
aca_9,YXXXyxx,YYYXXyyX,unsolved,ms_unsolved,aca_initial,,,0,,,,,0,,,15,,none,,none,aca_9
aca_10,YXXXyxx,YYXYXyyX,unsolved,ms_unsolved,aca_initial,,,0,,,,,0,,,15,,none,,none,aca_10
aca_11,YXXXyxx,YYYXyxyx,unsolved,ms_unsolved,aca_initial,,,0,,,,,0,,,15,,none,,none,aca_11
aca_12,YXXXyxx,YYXYxyyX,unsolved,ms_unsolved,aca_initial,,,0,,,,,0,,,15,,none,,none,aca_12
aca_13,YYXXYYx,YXXXyxxYx,unsolved,ms_unsolved,aca_initial,,,0,,,,,0,,,16,,none,,none,aca_13
aca_14,YXXyXyx,YYYXyyxx,unsolved,ms_unsolved,aca_initial,,,0,,,,,0,,,15,,none,,none,aca_14
aca_15,YXXyXyxx,YYYYxyyyX,unsolved,ms_unsolved,aca_initial,,,0,,,,,0,,,17,,none,,none,aca_15
aca_16,YYXXXyxx,YXyxxyXYx,unsolved,ms_unsolved,aca_initial,,,0,,,,,0,,,17,,none,,none,aca_16
aca_17,YXXXYxYx,YYYYXyyyx,unsolved,ms_unsolved,aca_initial,,,0,,,,,0,,,17,,none,,none,aca_17
aca_18,YXXXyxYx,YYYYxyyyX,unsolved,ms_unsolved,aca_initial,,,0,,,,,0,,,17,,none,,none,aca_18
aca_19,YXyXYxxx,YYYYXyyyx,unsolved,ms_unsolved,aca_initial,,,0,,,,,0,,,17,,none,,none,aca_19
aca_20,YXXXyxYx,YYYYXyyyx,unsolved,ms_unsolved,aca_initial,,,0,,,,,0,,,17,,none,,none,aca_20
aca_21,YXXYxxyX,YYYYxyyyX,unsolved,ms_unsolved,aca_initial,,,0,,,,,0,,,17,,none,,none,aca_21
aca_22,YXXYxxyx,YYYYxyyyX,unsolved,ms_unsolved,aca_initial,,,0,,,,,0,,,17,,none,,none,aca_22
aca_23,YXXYxxyx,YYYYXyyyx,unsolved,ms_unsolved,aca_initial,,,0,,,,,0,,,17,,none,,none,aca_23
aca_24,YYXXXYxx,YYYXXYXYx,unsolved,ms_unsolved,aca_initial,,,0,,,,,0,,,17,,none,,none,aca_24
aca_25,YXXYxxyX,YYYYXyyyx,unsolved,ms_unsolved,aca_initial,,,0,,,,,0,,,17,,none,,none,aca_25
aca_26,YXXYxYxx,YYYYxyyyX,unsolved,ms_unsolved,aca_initial,,,0,,,,,0,,,17,,none,,none,aca_26
aca_27,YXXyXyxx,YYYYXyyyx,unsolved,ms_unsolved,aca_initial,,,0,,,,,0,,,17,,none,,none,aca_27
aca_28,YXXYxYxx,YYYYXyyyx,unsolved,ms_unsolved,aca_initial,,,0,,,,,0,,,17,,none,,none,aca_28
aca_29,YYXXXyx,YYxxyxyXyX,unsolved,ms_unsolved,aca_initial,,,0,,,,,0,,,17,,none,,none,aca_29
aca_30,YYXXyx,YYYYYxyXXyX,unsolved,ms_unsolved,aca_initial,,,0,,,,,0,,,17,,none,,none,aca_30
aca_31,YYXXyxx,YYYYYXyXyx,unsolved,ms_unsolved,aca_initial,,,0,,,,,0,,,17,,none,,none,aca_31
aca_32,YXXYxxyx,YYYYXyxyx,unsolved,ms_unsolved,aca_initial,,,0,,,,,0,,,17,,none,,none,aca_32
aca_33,YXXXyxYx,YYXyXyxyx,unsolved,ms_unsolved,aca_initial,,,0,,,,,0,,,17,,none,,none,aca_33
aca_34,YXXXYxx,YYYYYXyyyyx,unsolved,ms_unsolved,aca_initial,,,0,,,,,0,,,18,,none,,none,aca_34
aca_35,YYXXXyx,YYYxxyxyXyX,unsolved,ms_unsolved,aca_initial,,,0,,,,,0,,,18,,none,,none,aca_35
aca_36,YYXYYXXyX,YYXyxYXXX,unsolved,ms_unsolved,aca_initial,,,0,,,,,0,,,18,,none,,none,aca_36
aca_37,YYXXXYxx,YYYYYXyyyyx,unsolved,ms_unsolved,aca_initial,,,0,,,,,0,,,19,,none,,none,aca_37
aca_38,YYXXXyxx,YYYYYXyyyyx,unsolved,ms_unsolved,aca_initial,,,0,,,,,0,,,19,,none,,none,aca_38
aca_39,YXXXYxYx,YYYYYXyyyyx,unsolved,ms_unsolved,aca_initial,,,0,,,,,0,,,19,,none,,none,aca_39
aca_40,YXXXyxYx,YYYYYxyyyyX,unsolved,ms_unsolved,aca_initial,,,0,,,,,0,,,19,,none,,none,aca_40
aca_41,YXyXYxxx,YYYYYXyyyyx,unsolved,ms_unsolved,aca_initial,,,0,,,,,0,,,19,,none,,none,aca_41
aca_42,YXXXyxYx,YYYYYXyyyyx,unsolved,ms_unsolved,aca_initial,,,0,,,,,0,,,19,,none,,none,aca_42
aca_43,YXXYxYxxx,YYXyyXXyxx,unsolved,ms_unsolved,aca_initial,,,0,,,,,0,,,19,,none,,none,aca_43
aca_44,YYXXXyxx,YYYYYXXyXyx,unsolved,ms_unsolved,aca_initial,,,0,,,,,0,,,19,,none,,none,aca_44
aca_45,YXXyXYxxx,YYYYXXXYxx,unsolved,ms_unsolved,aca_initial,,,0,,,,,0,,,19,,none,,none,aca_45
aca_46,YXXYxxyx,YYYYYXyyyyx,unsolved,ms_unsolved,aca_initial,,,0,,,,,0,,,19,,none,,none,aca_46
aca_47,YXXYxxyX,YYYYYxyyyyX,unsolved,ms_unsolved,aca_initial,,,0,,,,,0,,,19,,none,,none,aca_47
aca_48,YXXXyxYxx,YYYYXXyxxx,unsolved,ms_unsolved,aca_initial,,,0,,,,,0,,,19,,none,,none,aca_48
aca_49,YXXYxxyx,YYYYYxyyyyX,unsolved,ms_unsolved,aca_initial,,,0,,,,,0,,,19,,none,,none,aca_49
aca_50,YXXYxxyX,YYYYYXyyyyx,unsolved,ms_unsolved,aca_initial,,,0,,,,,0,,,19,,none,,none,aca_50
aca_51,YXXYxYxx,YYYYYXyyyyx,unsolved,ms_unsolved,aca_initial,,,0,,,,,0,,,19,,none,,none,aca_51
aca_52,YXXyXyxx,YYYYYXyyyyx,unsolved,ms_unsolved,aca_initial,,,0,,,,,0,,,19,,none,,none,aca_52
aca_53,YXXyxYx,YYXyyXyxyxx,unsolved,ms_unsolved,aca_initial,,,0,,,,,0,,,18,,none,,none,aca_53
aca_54,YYXXXXyxx,YYxxyXXXXX,unsolved,ms_unsolved,aca_initial,,,0,,,,,0,,,19,,none,,none,aca_54
aca_55,YXXXyXYx,YYxyxYXXyyX,unsolved,ms_unsolved,aca_initial,,,0,,,,,0,,,19,,none,,none,aca_55
aca_56,YYXXXyxx,YYXYYxxyXXX,unsolved,ms_unsolved,aca_initial,,,0,,,,,0,,,19,,none,,none,aca_56
aca_57,YYXXXyxx,YYXYYxyXXXX,unsolved,ms_unsolved,aca_initial,,,0,,,,,0,,,19,,none,,none,aca_57
aca_58,YXXXYxx,YYYYYYXyyyyyx,unsolved,ms_unsolved,aca_initial,,,0,,,,,0,,,20,,none,,none,aca_58
aca_59,YXXYxxyxx,YYYYxxxxxxx,unsolved,ms_unsolved,aca_initial,,,0,,,,,0,,,20,,none,,none,aca_59
aca_60,YXXXyxYxx,YYYYYXXyxxx,unsolved,ms_unsolved,aca_initial,,,0,,,,,0,,,20,,none,,none,aca_60
aca_61,YXXyXYxxx,YYYYYXXXYxx,unsolved,ms_unsolved,aca_initial,,,0,,,,,0,,,20,,none,,none,aca_61
aca_62,YXXXYxYx,YYYYYYXyyyyyx,unsolved,ms_unsolved,aca_initial,,,0,,,,,0,,,21,,none,,none,aca_62
aca_63,YXXXyxYx,YYYYYYxyyyyyX,unsolved,ms_unsolved,aca_initial,,,0,,,,,0,,,21,,none,,none,aca_63
aca_64,YXyXYxxx,YYYYYYXyyyyyx,unsolved,ms_unsolved,aca_initial,,,0,,,,,0,,,21,,none,,none,aca_64
aca_65,YXXXyxYx,YYYYYYXyyyyyx,unsolved,ms_unsolved,aca_initial,,,0,,,,,0,,,21,,none,,none,aca_65
aca_66,YYXXXYxx,YYYYYYxyyyyyX,unsolved,ms_unsolved,aca_initial,,,0,,,,,0,,,21,,none,,none,aca_66
aca_67,YYXXXyxx,YYYYYYxyyyyyX,unsolved,ms_unsolved,aca_initial,,,0,,,,,0,,,21,,none,,none,aca_67
aca_68,YXXYxxyx,YYYYYYXyyyyyx,unsolved,ms_unsolved,aca_initial,,,0,,,,,0,,,21,,none,,none,aca_68
aca_69,YXXYxxyX,YYYYYYxyyyyyX,unsolved,ms_unsolved,aca_initial,,,0,,,,,0,,,21,,none,,none,aca_69
aca_70,YXXYxxyx,YYYYYYxyyyyyX,unsolved,ms_unsolved,aca_initial,,,0,,,,,0,,,21,,none,,none,aca_70
aca_71,YXXXyXyxx,YYYxyyXXXyx,unsolved,ms_unsolved,aca_initial,,,0,,,,,0,,,20,,none,,none,aca_71
aca_72,YXXYxYxxx,YYYxyyXXYxx,unsolved,ms_unsolved,aca_initial,,,0,,,,,0,,,20,,none,,none,aca_72
aca_73,YXXYxxyX,YYYYYYXyyyyyx,unsolved,ms_unsolved,aca_initial,,,0,,,,,0,,,21,,none,,none,aca_73
aca_74,YXXyXyxx,YYYYYYXyyyyyx,unsolved,ms_unsolved,aca_initial,,,0,,,,,0,,,21,,none,,none,aca_74
aca_75,YXXXyxYxx,YYYYYYXXXYxx,unsolved,ms_unsolved,aca_initial,,,0,,,,,0,,,21,,none,,none,aca_75
aca_76,YXXXyxYxx,YYYYYYXXyxxx,unsolved,ms_unsolved,aca_initial,,,0,,,,,0,,,21,,none,,none,aca_76
aca_77,YXXyXYxxx,YYYYYYXXXYxx,unsolved,ms_unsolved,aca_initial,,,0,,,,,0,,,21,,none,,none,aca_77
aca_78,YYXXyx,YYYYYYYXyXyxyXX,unsolved,ms_unsolved,aca_initial,,,0,,,,,0,,,21,,none,,none,aca_78
aca_79,YYXXXyyxx,YXXXXXyxxYxx,unsolved,ms_unsolved,aca_initial,,,0,,,,,0,,,21,,none,,none,aca_79
aca_80,YXXXXyxxYx,YXYxYXyxyXX,unsolved,ms_unsolved,aca_initial,,,0,,,,,0,,,21,,none,,none,aca_80
aca_81,YXXXYxx,YYYYYYYXyyyyyyx,unsolved,ms_unsolved,aca_initial,,,0,,,,,0,,,22,,none,,none,aca_81
aca_82,YYYXXXXXyyx,YYXyxxyyxYX,unsolved,ms_unsolved,aca_initial,,,0,,,,,0,,,22,,none,,none,aca_82
aca_83,YXXyXYxxx,YYYYYYYXXyxxx,unsolved,ms_unsolved,aca_initial,,,0,,,,,0,,,22,,none,,none,aca_83
aca_84,YXXXyxYxx,YYYYYYYXXXYxx,unsolved,ms_unsolved,aca_initial,,,0,,,,,0,,,22,,none,,none,aca_84
aca_85,YXXXyxx,YYYYYYYXyyyyyyx,unsolved,ms_unsolved,aca_initial,,,0,,,,,0,,,22,,none,,none,aca_85
aca_86,YYYXXXXXyyX,YYXyxxyyXYx,unsolved,ms_unsolved,aca_initial,,,0,,,,,0,,,22,,none,,none,aca_86
aca_87,YYXXXYxx,YYYYYYYXyyyyyyx,unsolved,ms_unsolved,aca_initial,,,0,,,,,0,,,23,,none,,none,aca_87
aca_88,YYXXXyxx,YYYYYXXYxyXyXyx,unsolved,ms_unsolved,aca_initial,,,0,,,,,0,,,23,,none,,none,aca_88
aca_89,YXXYxxyx,YYYYYYYXyyyyyyx,unsolved,ms_unsolved,aca_initial,,,0,,,,,0,,,23,,none,,none,aca_89
aca_90,YYXXXyxx,YYYYYYYXyyyyyyx,unsolved,ms_unsolved,aca_initial,,,0,,,,,0,,,23,,none,,none,aca_90
aca_91,YXXXyxYx,YYYYYYYXyyyyyyx,unsolved,ms_unsolved,aca_initial,,,0,,,,,0,,,23,,none,,none,aca_91
aca_92,YXyXYxxx,YYYYYYYXyyyyyyx,unsolved,ms_unsolved,aca_initial,,,0,,,,,0,,,23,,none,,none,aca_92
aca_93,YXXXyxYx,YYYYYYYxyyyyyyX,unsolved,ms_unsolved,aca_initial,,,0,,,,,0,,,23,,none,,none,aca_93
aca_94,YXXXYxYx,YYYYYYYXyyyyyyx,unsolved,ms_unsolved,aca_initial,,,0,,,,,0,,,23,,none,,none,aca_94
aca_95,YXXYxYxxx,YYYXyyyXXyxx,unsolved,ms_unsolved,aca_initial,,,0,,,,,0,,,21,,none,,none,aca_95
aca_96,YXXYxxyX,YYYYYYYXyyyyyyx,unsolved,ms_unsolved,aca_initial,,,0,,,,,0,,,23,,none,,none,aca_96
aca_97,YXXXYxx,YYYYYYYYXyyyyyyyx,unsolved,ms_unsolved,aca_initial,,,0,,,,,0,,,24,,none,,none,aca_97
aca_98,YXXXyxx,YYYYYYYYXyyyyyyyx,unsolved,ms_unsolved,aca_initial,,,0,,,,,0,,,24,,none,,none,aca_98
aca_99,YYXXXYxx,YYYYYYYYXyyyyyyyx,unsolved,ms_unsolved,aca_initial,,,0,,,,,0,,,25,,none,,none,aca_99
aca_100,YYXXXyxx,YYYYYYYXXyXyXyXyx,unsolved,ms_unsolved,aca_initial,,,0,,,,,0,,,25,,none,,none,aca_100
aca_101,YXXXYxYx,YYYYYYYYXyyyyyyyx,unsolved,ms_unsolved,aca_initial,,,0,,,,,0,,,25,,none,,none,aca_101
aca_102,YXXXyxYx,YYYYYYYYxyyyyyyyX,unsolved,ms_unsolved,aca_initial,,,0,,,,,0,,,25,,none,,none,aca_102
aca_103,YXyXYxxx,YYYYYYYYXyyyyyyyx,unsolved,ms_unsolved,aca_initial,,,0,,,,,0,,,25,,none,,none,aca_103
aca_104,YXXXyxYx,YYYYYYYYXyyyyyyyx,unsolved,ms_unsolved,aca_initial,,,0,,,,,0,,,25,,none,,none,aca_104
aca_105,YYXXXYxx,YYYYYYYYxyyyyyyyX,unsolved,ms_unsolved,aca_initial,,,0,,,,,0,,,25,,none,,none,aca_105
aca_106,YYXXXyxx,YYYYYYYYxyyyyyyyX,unsolved,ms_unsolved,aca_initial,,,0,,,,,0,,,25,,none,,none,aca_106
aca_107,YXXyXyxx,YYYYYYYYxyyyyyyyX,unsolved,ms_unsolved,aca_initial,,,0,,,,,0,,,25,,none,,none,aca_107
aca_108,YXXYxxyx,YYYYYYYYXyyyyyyyx,unsolved,ms_unsolved,aca_initial,,,0,,,,,0,,,25,,none,,none,aca_108
aca_109,YXXYxxyX,YYYYYYYYxyyyyyyyX,unsolved,ms_unsolved,aca_initial,,,0,,,,,0,,,25,,none,,none,aca_109
aca_110,YXXYxYxx,YYYYYYYYxyyyyyyyX,unsolved,ms_unsolved,aca_initial,,,0,,,,,0,,,25,,none,,none,aca_110
aca_111,YXXYxxyx,YYYYYYYYxyyyyyyyX,unsolved,ms_unsolved,aca_initial,,,0,,,,,0,,,25,,none,,none,aca_111
aca_112,YXXYxxyX,YYYYYYYYXyyyyyyyx,unsolved,ms_unsolved,aca_initial,,,0,,,,,0,,,25,,none,,none,aca_112
aca_113,YXXYxYxx,YYYYYYYYXyyyyyyyx,unsolved,ms_unsolved,aca_initial,,,0,,,,,0,,,25,,none,,none,aca_113
aca_114,YXXyXyxx,YYYYYYYYXyyyyyyyx,unsolved,ms_unsolved,aca_initial,,,0,,,,,0,,,25,,none,,none,aca_114
aca_115,YXYxyx,YYYYxxx,unsolved,ms_unsolved,aca_initial,,,0,,,,,0,,,13,,none,,none,aca_115
aca_116,YYYXyyX,YXXXyxx,unsolved,ms_unsolved,aca_initial,,,0,,,,,0,,,14,,none,,none,aca_116
aca_117,YYYXyyx,YXXXyxx,unsolved,ms_unsolved,aca_initial,,,0,,,,,0,,,14,,none,,none,aca_117
aca_118,YXXyxYx,YYYYXyxx,unsolved,ms_unsolved,aca_initial,,,0,,,,,0,,,15,,none,,none,aca_118
aca_119,YXXyxYx,YYYYYXyxx,unsolved,ms_unsolved,aca_initial,,,0,,,,,0,,,16,,none,,none,aca_119
aca_120,YXXXYxx,YYYYXyyyx,unsolved,ms_unsolved,aca_initial,,,0,,,,,0,,,16,,none,,none,aca_120
aca_121,YXXXyxx,YYYYXyyyx,unsolved,ms_unsolved,aca_initial,,,0,,,,,0,,,16,,none,,none,aca_121
aca_122,YXXXyxx,YYYYYXyyyyx,unsolved,ms_unsolved,aca_initial,,,0,,,,,0,,,18,,none,,none,aca_122
aca_123,YXXXyxx,YYYYYYXyyyyyx,unsolved,ms_unsolved,aca_initial,,,0,,,,,0,,,20,,none,,none,aca_123
acabest_0,YXXyxYx,YYYYYYXyxyX,unsolved,ms_unsolved,aca_best,,,0,,,,,0,,,18,,none,,none,aca_0
acabest_1,YYXXyxx,YYYxyXyX,unsolved,ms_unsolved,aca_best,,,0,,,,,0,,,15,,none,,none,aca_1
acabest_2,YXXyXyx,YYYXyyyxx,unsolved,ms_unsolved,aca_best,,,0,,,,,0,,,16,,none,,none,aca_2
acabest_3,YXXyxYx,YYYYYxyxyX,unsolved,ms_unsolved,aca_best,,,0,,,,,0,,,17,,none,,none,aca_3
acabest_4,YYXXXyx,YYxyxyXyXYX,unsolved,ms_unsolved,aca_best,,,0,,,,,0,,,18,,none,,none,aca_4
acabest_5,YYXXXyX,YYYxyXyxyxyx,unsolved,ms_unsolved,aca_best,,,0,,,,,0,,,19,,none,,none,aca_5
acabest_6,YYXXyxxyx,YXXXXXyxYx,unsolved,ms_unsolved,aca_best,,,0,,,,,0,,,19,,none,,none,aca_6
acabest_7,YYXXyxx,YYYYxYXYX,unsolved,ms_unsolved,aca_best,,,0,,,,,0,,,16,,none,,none,aca_7
acabest_8,YXyXYxx,YYXYXyyx,unsolved,ms_unsolved,aca_best,,,0,,,,,0,,,15,,none,,none,aca_8
acabest_9,YXXXyxx,YYYXXyyX,unsolved,ms_unsolved,aca_best,,,0,,,,,0,,,15,,none,,none,aca_9
acabest_10,YXXXyxx,YYXYXyyX,unsolved,ms_unsolved,aca_best,,,0,,,,,0,,,15,,none,,none,aca_10
acabest_11,YXXXyxx,YYYXyxyx,unsolved,ms_unsolved,aca_best,,,0,,,,,0,,,15,,none,,none,aca_11
acabest_12,YXXXyxx,YYXYxyyX,unsolved,ms_unsolved,aca_best,,,0,,,,,0,,,15,,none,,none,aca_12
acabest_13,YYXXYYx,YXXXyxxYx,unsolved,ms_unsolved,aca_best,,,0,,,,,0,,,16,,none,,none,aca_13
acabest_14,YXXyXyx,YYYXyyxx,unsolved,ms_unsolved,aca_best,,,0,,,,,0,,,15,,none,,none,aca_14
acabest_15,YXXyXyxx,YYYYxyyyX,unsolved,ms_unsolved,aca_best,,,0,,,,,0,,,17,,none,,none,aca_15
acabest_16,YYXXXyxx,YXyxxyXYx,unsolved,ms_unsolved,aca_best,,,0,,,,,0,,,17,,none,,none,aca_16
acabest_17,YXXXYxYx,YYYYXyyyx,unsolved,ms_unsolved,aca_best,,,0,,,,,0,,,17,,none,,none,aca_17
acabest_18,YXXXyxYx,YYYYxyyyX,unsolved,ms_unsolved,aca_best,,,0,,,,,0,,,17,,none,,none,aca_18
acabest_19,YXyXYxxx,YYYYXyyyx,unsolved,ms_unsolved,aca_best,,,0,,,,,0,,,17,,none,,none,aca_19
acabest_20,YXXXyxYx,YYYYXyyyx,unsolved,ms_unsolved,aca_best,,,0,,,,,0,,,17,,none,,none,aca_20
acabest_21,YXXYxxyX,YYYYxyyyX,unsolved,ms_unsolved,aca_best,,,0,,,,,0,,,17,,none,,none,aca_21
acabest_22,YXXYxxyx,YYYYxyyyX,unsolved,ms_unsolved,aca_best,,,0,,,,,0,,,17,,none,,none,aca_22
acabest_23,YXXYxxyx,YYYYXyyyx,unsolved,ms_unsolved,aca_best,,,0,,,,,0,,,17,,none,,none,aca_23
acabest_24,YYXXXYxx,YYYXXYXYx,unsolved,ms_unsolved,aca_best,,,0,,,,,0,,,17,,none,,none,aca_24
acabest_25,YXXYxxyX,YYYYXyyyx,unsolved,ms_unsolved,aca_best,,,0,,,,,0,,,17,,none,,none,aca_25
acabest_26,YXXYxYxx,YYYYxyyyX,unsolved,ms_unsolved,aca_best,,,0,,,,,0,,,17,,none,,none,aca_26
acabest_27,YXXyXyxx,YYYYXyyyx,unsolved,ms_unsolved,aca_best,,,0,,,,,0,,,17,,none,,none,aca_27
acabest_28,YXXYxYxx,YYYYXyyyx,unsolved,ms_unsolved,aca_best,,,0,,,,,0,,,17,,none,,none,aca_28
acabest_29,YYXXXyx,YYxxyxyXyX,unsolved,ms_unsolved,aca_best,,,0,,,,,0,,,17,,none,,none,aca_29
acabest_30,YYXXyx,YYYYYxyXXyX,unsolved,ms_unsolved,aca_best,,,0,,,,,0,,,17,,none,,none,aca_30
acabest_31,YYXXyxx,YYYYYXyXyx,unsolved,ms_unsolved,aca_best,,,0,,,,,0,,,17,,none,,none,aca_31
acabest_32,YXXYxxyx,YYYYXyxyx,unsolved,ms_unsolved,aca_best,,,0,,,,,0,,,17,,none,,none,aca_32
acabest_33,YXXXyxYx,YYXyXyxyx,unsolved,ms_unsolved,aca_best,,,0,,,,,0,,,17,,none,,none,aca_33
acabest_34,YXXyxYx,YYYYXyyxx,unsolved,ms_unsolved,aca_best,,,0,,,,,0,,,16,,none,,none,aca_34
acabest_35,YYXXXyx,YYYxxyxyXyX,unsolved,ms_unsolved,aca_best,,,0,,,,,0,,,18,,none,,none,aca_35
acabest_36,YXXyxYx,YYYxYYXYX,unsolved,ms_unsolved,aca_best,,,0,,,,,0,,,16,,none,,none,aca_36
acabest_37,YYXXXYxx,YYYYYXyyyyx,unsolved,ms_unsolved,aca_best,,,0,,,,,0,,,19,,none,,none,aca_37
acabest_38,YYXXXyxx,YYYYYXyyyyx,unsolved,ms_unsolved,aca_best,,,0,,,,,0,,,19,,none,,none,aca_38
acabest_39,YXXXYxYx,YYYYYXyyyyx,unsolved,ms_unsolved,aca_best,,,0,,,,,0,,,19,,none,,none,aca_39
acabest_40,YXXXyxYx,YYYYYxyyyyX,unsolved,ms_unsolved,aca_best,,,0,,,,,0,,,19,,none,,none,aca_40
acabest_41,YXyXYxxx,YYYYYXyyyyx,unsolved,ms_unsolved,aca_best,,,0,,,,,0,,,19,,none,,none,aca_41
acabest_42,YXXXyxYx,YYYYYXyyyyx,unsolved,ms_unsolved,aca_best,,,0,,,,,0,,,19,,none,,none,aca_42
acabest_43,YYXXyxx,YYxyXYxyXyX,unsolved,ms_unsolved,aca_best,,,0,,,,,0,,,18,,none,,none,aca_43
acabest_44,YYXXYYx,YXyXYxxYXyx,unsolved,ms_unsolved,aca_best,,,0,,,,,0,,,18,,none,,none,aca_44
acabest_45,YXXyXYxxx,YYYYXXXYxx,unsolved,ms_unsolved,aca_best,,,0,,,,,0,,,19,,none,,none,aca_45
acabest_46,YXXYxxyx,YYYYYXyyyyx,unsolved,ms_unsolved,aca_best,,,0,,,,,0,,,19,,none,,none,aca_46
acabest_47,YXXYxxyX,YYYYYxyyyyX,unsolved,ms_unsolved,aca_best,,,0,,,,,0,,,19,,none,,none,aca_47
acabest_48,YXXXyxYxx,YYYYXXyxxx,unsolved,ms_unsolved,aca_best,,,0,,,,,0,,,19,,none,,none,aca_48
acabest_49,YXXYxxyx,YYYYYxyyyyX,unsolved,ms_unsolved,aca_best,,,0,,,,,0,,,19,,none,,none,aca_49
acabest_50,YXXYxxyX,YYYYYXyyyyx,unsolved,ms_unsolved,aca_best,,,0,,,,,0,,,19,,none,,none,aca_50
acabest_51,YXXYxYxx,YYYYYXyyyyx,unsolved,ms_unsolved,aca_best,,,0,,,,,0,,,19,,none,,none,aca_51
acabest_52,YXXyXyxx,YYYYYXyyyyx,unsolved,ms_unsolved,aca_best,,,0,,,,,0,,,19,,none,,none,aca_52
acabest_53,YXXyxYx,YYXyyXyxyxx,unsolved,ms_unsolved,aca_best,,,0,,,,,0,,,18,,none,,none,aca_53
acabest_54,YYXXXXyxx,YYxxyXXXXX,unsolved,ms_unsolved,aca_best,,,0,,,,,0,,,19,,none,,none,aca_54
acabest_55,YYXXXyxyx,YYxYXXyyX,unsolved,ms_unsolved,aca_best,,,0,,,,,0,,,18,,none,,none,aca_55
acabest_56,YYXXXyxx,YYXYYxxyXXX,unsolved,ms_unsolved,aca_best,,,0,,,,,0,,,19,,none,,none,aca_56
acabest_57,YYXXXyxx,YYXYYxyXXXX,unsolved,ms_unsolved,aca_best,,,0,,,,,0,,,19,,none,,none,aca_57
acabest_58,YXXyxYx,YYYYYXyyxx,unsolved,ms_unsolved,aca_best,,,0,,,,,0,,,17,,none,,none,aca_58
acabest_59,YXXYxxyxx,YYYYxxxxxxx,unsolved,ms_unsolved,aca_best,,,0,,,,,0,,,20,,none,,none,aca_59
acabest_60,YXXXyxYxx,YYYYYXXyxxx,unsolved,ms_unsolved,aca_best,,,0,,,,,0,,,20,,none,,none,aca_60
acabest_61,YXXyXYxxx,YYYYYXXXYxx,unsolved,ms_unsolved,aca_best,,,0,,,,,0,,,20,,none,,none,aca_61
acabest_62,YXXXYxYx,YYYYYYXyyyyyx,unsolved,ms_unsolved,aca_best,,,0,,,,,0,,,21,,none,,none,aca_62
acabest_63,YXXXyxYx,YYYYYYxyyyyyX,unsolved,ms_unsolved,aca_best,,,0,,,,,0,,,21,,none,,none,aca_63
acabest_64,YXyXYxxx,YYYYYYXyyyyyx,unsolved,ms_unsolved,aca_best,,,0,,,,,0,,,21,,none,,none,aca_64
acabest_65,YXXXyxYx,YYYYYYXyyyyyx,unsolved,ms_unsolved,aca_best,,,0,,,,,0,,,21,,none,,none,aca_65
acabest_66,YYXXXyxxx,YYXyXyxYXyx,unsolved,ms_unsolved,aca_best,,,0,,,,,0,,,20,,none,,none,aca_66
acabest_67,YYXXXyXXX,YYXyxYXyxyX,unsolved,ms_unsolved,aca_best,,,0,,,,,0,,,20,,none,,none,aca_67
acabest_68,YXXYxxyx,YYYYYYXyyyyyx,unsolved,ms_unsolved,aca_best,,,0,,,,,0,,,21,,none,,none,aca_68
acabest_69,YXXYxxyX,YYYYYYxyyyyyX,unsolved,ms_unsolved,aca_best,,,0,,,,,0,,,21,,none,,none,aca_69
acabest_70,YXXYxxyx,YYYYYYxyyyyyX,unsolved,ms_unsolved,aca_best,,,0,,,,,0,,,21,,none,,none,aca_70
acabest_71,YYXXXyxx,YYXyxyXYxyX,unsolved,ms_unsolved,aca_best,,,0,,,,,0,,,19,,none,,none,aca_71
acabest_72,YYXXyxx,YYxyXyxyXyX,unsolved,ms_unsolved,aca_best,,,0,,,,,0,,,18,,none,,none,aca_72
acabest_73,YXXYxxyX,YYYYYYXyyyyyx,unsolved,ms_unsolved,aca_best,,,0,,,,,0,,,21,,none,,none,aca_73
acabest_74,YXXyXyxx,YYYYYYXyyyyyx,unsolved,ms_unsolved,aca_best,,,0,,,,,0,,,21,,none,,none,aca_74
acabest_75,YXXXyxYxx,YYYYYYXXXYxx,unsolved,ms_unsolved,aca_best,,,0,,,,,0,,,21,,none,,none,aca_75
acabest_76,YXXXyxYxx,YYYYYYXXyxxx,unsolved,ms_unsolved,aca_best,,,0,,,,,0,,,21,,none,,none,aca_76
acabest_77,YXXyXYxxx,YYYYYYXXXYxx,unsolved,ms_unsolved,aca_best,,,0,,,,,0,,,21,,none,,none,aca_77
acabest_78,YXXyXyx,YYYXYXyxyyxx,unsolved,ms_unsolved,aca_best,,,0,,,,,0,,,19,,none,,none,aca_78
acabest_79,YYXXXyyxx,YXXXXXyxxYxx,unsolved,ms_unsolved,aca_best,,,0,,,,,0,,,21,,none,,none,aca_79
acabest_80,YYXXyx,YYYXyXYYYxyXX,unsolved,ms_unsolved,aca_best,,,0,,,,,0,,,19,,none,,none,aca_80
acabest_81,YXXyxYx,YYYYYYXyyxx,unsolved,ms_unsolved,aca_best,,,0,,,,,0,,,18,,none,,none,aca_81
acabest_82,YYYXXXXXyyx,YYXyxxyyxYX,unsolved,ms_unsolved,aca_best,,,0,,,,,0,,,22,,none,,none,aca_82
acabest_83,YXXyXYxxx,YYYYYYYXXyxxx,unsolved,ms_unsolved,aca_best,,,0,,,,,0,,,22,,none,,none,aca_83
acabest_84,YXXXyxYxx,YYYYYYYXXXYxx,unsolved,ms_unsolved,aca_best,,,0,,,,,0,,,22,,none,,none,aca_84
acabest_85,YXyXYxx,YYYYYYXXYYx,unsolved,ms_unsolved,aca_best,,,0,,,,,0,,,18,,none,,none,aca_85
acabest_86,YYYXXXXXyyX,YYXyxxyyXYx,unsolved,ms_unsolved,aca_best,,,0,,,,,0,,,22,,none,,none,aca_86
acabest_87,YYXXXyXXX,YYXyxYXyxyx,unsolved,ms_unsolved,aca_best,,,0,,,,,0,,,20,,none,,none,aca_87
acabest_88,YYXXXyXX,YYxyXyxYXyx,unsolved,ms_unsolved,aca_best,,,0,,,,,0,,,19,,none,,none,aca_88
acabest_89,YXXYxxyx,YYYYYYYXyyyyyyx,unsolved,ms_unsolved,aca_best,,,0,,,,,0,,,23,,none,,none,aca_89
acabest_90,YYXXXyxxx,YYXyxYXyxyX,unsolved,ms_unsolved,aca_best,,,0,,,,,0,,,20,,none,,none,aca_90
acabest_91,YXXXyxYx,YYYYYYYXyyyyyyx,unsolved,ms_unsolved,aca_best,,,0,,,,,0,,,23,,none,,none,aca_91
acabest_92,YXyXYxxx,YYYYYYYXyyyyyyx,unsolved,ms_unsolved,aca_best,,,0,,,,,0,,,23,,none,,none,aca_92
acabest_93,YXXXyxYx,YYYYYYYxyyyyyyX,unsolved,ms_unsolved,aca_best,,,0,,,,,0,,,23,,none,,none,aca_93
acabest_94,YXXXYxYx,YYYYYYYXyyyyyyx,unsolved,ms_unsolved,aca_best,,,0,,,,,0,,,23,,none,,none,aca_94
acabest_95,YYXXXyxx,YYxyxyXYxyX,unsolved,ms_unsolved,aca_best,,,0,,,,,0,,,19,,none,,none,aca_95
acabest_96,YXXYxxyX,YYYYYYYXyyyyyyx,unsolved,ms_unsolved,aca_best,,,0,,,,,0,,,23,,none,,none,aca_96
acabest_97,YXXyxYx,YYYYYYYXyyxx,unsolved,ms_unsolved,aca_best,,,0,,,,,0,,,19,,none,,none,aca_97
acabest_98,YXyXYxx,YYYYYYYXXYYx,unsolved,ms_unsolved,aca_best,,,0,,,,,0,,,19,,none,,none,aca_98
acabest_99,YYXXyxx,YYYxyXyxyXyX,unsolved,ms_unsolved,aca_best,,,0,,,,,0,,,19,,none,,none,aca_99
acabest_100,YYXXXXyxx,YYXyxyXYxyX,unsolved,ms_unsolved,aca_best,,,0,,,,,0,,,20,,none,,none,aca_100
acabest_101,YXXXYxYx,YYYYYYYYXyyyyyyyx,unsolved,ms_unsolved,aca_best,,,0,,,,,0,,,25,,none,,none,aca_101
acabest_102,YXXXyxYx,YYYYYYYYxyyyyyyyX,unsolved,ms_unsolved,aca_best,,,0,,,,,0,,,25,,none,,none,aca_102
acabest_103,YXyXYxxx,YYYYYYYYXyyyyyyyx,unsolved,ms_unsolved,aca_best,,,0,,,,,0,,,25,,none,,none,aca_103
acabest_104,YXXXyxYx,YYYYYYYYXyyyyyyyx,unsolved,ms_unsolved,aca_best,,,0,,,,,0,,,25,,none,,none,aca_104
acabest_105,YYXXXXyxxx,YYXyXyxYXyx,unsolved,ms_unsolved,aca_best,,,0,,,,,0,,,21,,none,,none,aca_105
acabest_106,YYXXXXyXXX,YYXyxyXYxyX,unsolved,ms_unsolved,aca_best,,,0,,,,,0,,,21,,none,,none,aca_106
acabest_107,YXXyXYxxx,YYYYYYYXXXYxx,unsolved,ms_unsolved,aca_best,,,0,,,,,0,,,22,,none,,none,aca_107
acabest_108,YXYXyxyXYxx,YYYYYYYxYYXYx,unsolved,ms_unsolved,aca_best,,,0,,,,,0,,,24,,none,,none,aca_108
acabest_109,YYXXyxYxxyX,YYYYYYXXXYxx,unsolved,ms_unsolved,aca_best,,,0,,,,,0,,,23,,none,,none,aca_109
acabest_110,YXXXyxYxx,YYYYYYYXXyxxx,unsolved,ms_unsolved,aca_best,,,0,,,,,0,,,22,,none,,none,aca_110
acabest_111,YXYXYxxyXyx,YYYYYYYxyXyyx,unsolved,ms_unsolved,aca_best,,,0,,,,,0,,,24,,none,,none,aca_111
acabest_112,YXYxxyXYXyx,YYYYYYYxyyXYx,unsolved,ms_unsolved,aca_best,,,0,,,,,0,,,24,,none,,none,aca_112
acabest_113,YXXXyxYxx,YYYYYYYYXXXYxx,unsolved,ms_unsolved,aca_best,,,0,,,,,0,,,23,,none,,none,aca_113
acabest_114,YXXyXYxxx,YYYYYYYYXXyxxx,unsolved,ms_unsolved,aca_best,,,0,,,,,0,,,23,,none,,none,aca_114
acabest_115,YXYxyx,YYYYxxx,unsolved,ms_unsolved,aca_best,,,0,,,,,0,,,13,,none,,none,aca_115
acabest_116,YYYXyyX,YXXXyxx,unsolved,ms_unsolved,aca_best,,,0,,,,,0,,,14,,none,,none,aca_116
acabest_117,YYYXyyx,YXXXyxx,unsolved,ms_unsolved,aca_best,,,0,,,,,0,,,14,,none,,none,aca_117
acabest_118,YXXyxYx,YYYYXyxx,unsolved,ms_unsolved,aca_best,,,0,,,,,0,,,15,,none,,none,aca_118
acabest_119,YXXyxYx,YYYYYXyxx,unsolved,ms_unsolved,aca_best,,,0,,,,,0,,,16,,none,,none,aca_119
acabest_120,YXXyxYx,YYYXyyxx,unsolved,ms_unsolved,aca_best,,,0,,,,,0,,,15,,none,,none,aca_120
acabest_121,YXyXYxx,YYYXXYYx,unsolved,ms_unsolved,aca_best,,,0,,,,,0,,,15,,none,,none,aca_121
acabest_122,YXyXYxx,YYYYXXYYx,unsolved,ms_unsolved,aca_best,,,0,,,,,0,,,16,,none,,none,aca_122
acabest_123,YXyXYxx,YYYYYXXYYx,unsolved,ms_unsolved,aca_best,,,0,,,,,0,,,17,,none,,none,aca_123
msrep_13_1,YXyXYx,YYYXXXX,unsolved,ms_unsolved,ms_rep261,,,0,,,,,0,,,13,,none,,none,msrep_13_1
msrep_15_1,YYXyXyx,YYxxxxyX,unsolved,ms_unsolved,ms_rep261,,,0,,,,,0,,,15,,none,,none,msrep_15_1
msrep_16_1,YYXyXyx,YYxxxxxyX,unsolved,ms_unsolved,ms_rep261,,,0,,,,,0,,,16,,none,,none,msrep_16_1
msrep_17_1,YXYXyxx,YYYYYxyXyX,unsolved,ms_unsolved,ms_rep261,,,0,,,,,0,,,17,,none,,none,msrep_17_1
msrep_21_1,YXYxyx,YYYYYYYYxxxxxxx,unsolved,ms_unsolved,ms_rep261,,,0,,,,,0,,,21,,none,,none,msrep_21_1
msrep_14_1,YYYXyyx,YXXYxxx,unsolved,ms_unsolved,ms_rep261,,,0,,,,,0,,,14,,none,,none,msrep_14_1
msrep_14_2,YYYxyyX,YXXyxxx,unsolved,ms_unsolved,ms_rep261,,,0,,,,,0,,,14,,none,,none,msrep_14_2
msrep_15_2,YXXXyxx,YYYXXyyX,unsolved,ms_unsolved,ms_rep261,,,0,,,,,0,,,15,,none,,none,msrep_15_2
msrep_15_3,YYYXyyx,YXXYxxYx,unsolved,ms_unsolved,ms_rep261,,,0,,,,,0,,,15,,none,,none,msrep_15_3
msrep_15_4,YYYXyyx,YXyXyxxx,unsolved,ms_unsolved,ms_rep261,,,0,,,,,0,,,15,,none,,none,msrep_15_4
msrep_15_5,YYYXyyx,YXyXXyxx,unsolved,ms_unsolved,ms_rep261,,,0,,,,,0,,,15,,none,,none,msrep_15_5
msrep_15_6,YXXyxxx,YYYXyXyX,unsolved,ms_unsolved,ms_rep261,,,0,,,,,0,,,15,,none,,none,msrep_15_6
msrep_15_7,YYYXyyx,YXYxxxyX,unsolved,ms_unsolved,ms_rep261,,,0,,,,,0,,,15,,none,,none,msrep_15_7
msrep_15_8,YYYXyyx,YXXYxxyX,unsolved,ms_unsolved,ms_rep261,,,0,,,,,0,,,15,,none,,none,msrep_15_8
msrep_15_9,YXXXyxx,YYYxxyyX,unsolved,ms_unsolved,ms_rep261,,,0,,,,,0,,,15,,none,,none,msrep_15_9
msrep_16_2,YYYXyyX,YXXXXyxxx,unsolved,ms_unsolved,ms_rep261,,,0,,,,,0,,,16,,none,,none,msrep_16_2
msrep_16_3,YYYXyyx,YXXXXyxxx,unsolved,ms_unsolved,ms_rep261,,,0,,,,,0,,,16,,none,,none,msrep_16_3
msrep_17_2,YYXXYxxx,YYYXYxYxx,unsolved,ms_unsolved,ms_rep261,,,0,,,,,0,,,17,,none,,none,msrep_17_2
msrep_17_3,YXXYxxYx,YYYYXyyyx,unsolved,ms_unsolved,ms_rep261,,,0,,,,,0,,,17,,none,,none,msrep_17_3
msrep_17_4,YXXYxYxx,YYYYXyyyx,unsolved,ms_unsolved,ms_rep261,,,0,,,,,0,,,17,,none,,none,msrep_17_4
msrep_17_5,YYxxyXXX,YYYYXyyyx,unsolved,ms_unsolved,ms_rep261,,,0,,,,,0,,,17,,none,,none,msrep_17_5
msrep_17_6,YXXYxxyx,YYYYXyyyx,unsolved,ms_unsolved,ms_rep261,,,0,,,,,0,,,17,,none,,none,msrep_17_6
msrep_17_7,YXyXXyxx,YYYYXyyyx,unsolved,ms_unsolved,ms_rep261,,,0,,,,,0,,,17,,none,,none,msrep_17_7
msrep_17_8,YXXyXyxx,YYYYXyyyx,unsolved,ms_unsolved,ms_rep261,,,0,,,,,0,,,17,,none,,none,msrep_17_8
msrep_17_9,YXyxxYXX,YYYYXyyyx,unsolved,ms_unsolved,ms_rep261,,,0,,,,,0,,,17,,none,,none,msrep_17_9
msrep_17_10,YXYXXyxx,YYYYXyyyx,unsolved,ms_unsolved,ms_rep261,,,0,,,,,0,,,17,,none,,none,msrep_17_10
msrep_17_11,YYXXXyxx,YXyxxyXYx,unsolved,ms_unsolved,ms_rep261,,,0,,,,,0,,,17,,none,,none,msrep_17_11
msrep_17_12,YXYXYxxx,YYYYXyyyx,unsolved,ms_unsolved,ms_rep261,,,0,,,,,0,,,17,,none,,none,msrep_17_12
msrep_17_13,YXYxxxyX,YYYYXyyyx,unsolved,ms_unsolved,ms_rep261,,,0,,,,,0,,,17,,none,,none,msrep_17_13
msrep_17_14,YXyXYxxx,YYYYXyyyx,unsolved,ms_unsolved,ms_rep261,,,0,,,,,0,,,17,,none,,none,msrep_17_14
msrep_17_15,YXXXyxYx,YYYYXyyyx,unsolved,ms_unsolved,ms_rep261,,,0,,,,,0,,,17,,none,,none,msrep_17_15
msrep_17_16,YXXyxYxx,YYYYXyyyx,unsolved,ms_unsolved,ms_rep261,,,0,,,,,0,,,17,,none,,none,msrep_17_16
msrep_17_17,YXXyXYxx,YYYYXyyyx,unsolved,ms_unsolved,ms_rep261,,,0,,,,,0,,,17,,none,,none,msrep_17_17
msrep_17_18,YXXyxxYx,YYYYXyyyx,unsolved,ms_unsolved,ms_rep261,,,0,,,,,0,,,17,,none,,none,msrep_17_18
msrep_17_19,YXyXXYxx,YYYYXyyyx,unsolved,ms_unsolved,ms_rep261,,,0,,,,,0,,,17,,none,,none,msrep_17_19
msrep_17_20,YYXXyxxx,YYYYXyyyx,unsolved,ms_unsolved,ms_rep261,,,0,,,,,0,,,17,,none,,none,msrep_17_20
msrep_17_21,YYXXXYxx,YYYXXYXYx,unsolved,ms_unsolved,ms_rep261,,,0,,,,,0,,,17,,none,,none,msrep_17_21
msrep_17_22,YXYXyxxx,YYYYXyyyx,unsolved,ms_unsolved,ms_rep261,,,0,,,,,0,,,17,,none,,none,msrep_17_22
msrep_17_23,YXyxxxyX,YYYYXyyyx,unsolved,ms_unsolved,ms_rep261,,,0,,,,,0,,,17,,none,,none,msrep_17_23
msrep_17_24,YXyXyxxx,YYYYXyyyx,unsolved,ms_unsolved,ms_rep261,,,0,,,,,0,,,17,,none,,none,msrep_17_24
msrep_17_25,YXXXYxYx,YYYYXyyyx,unsolved,ms_unsolved,ms_rep261,,,0,,,,,0,,,17,,none,,none,msrep_17_25
msrep_17_26,YXXYxxyX,YYYYXyyyx,unsolved,ms_unsolved,ms_rep261,,,0,,,,,0,,,17,,none,,none,msrep_17_26
msrep_17_27,YXYXXYxx,YYYYXyyyx,unsolved,ms_unsolved,ms_rep261,,,0,,,,,0,,,17,,none,,none,msrep_17_27
msrep_17_28,YXYxxyXX,YYYYXyyyx,unsolved,ms_unsolved,ms_rep261,,,0,,,,,0,,,17,,none,,none,msrep_17_28
msrep_17_29,YXYxxYXX,YYYYXyyyx,unsolved,ms_unsolved,ms_rep261,,,0,,,,,0,,,17,,none,,none,msrep_17_29
msrep_15_10,YXyxxyX,YYXyyxYx,unsolved,ms_unsolved,ms_rep261,,,0,,,,,0,,,15,,none,,none,msrep_15_10
msrep_15_11,YYYXyxx,YYYxxyyX,unsolved,ms_unsolved,ms_rep261,,,0,,,,,0,,,15,,none,,none,msrep_15_11
msrep_18_1,YXXYxxx,YYYYYXyyyyx,unsolved,ms_unsolved,ms_rep261,,,0,,,,,0,,,18,,none,,none,msrep_18_1
msrep_18_2,YXXXyxx,YYYYYXyyyyx,unsolved,ms_unsolved,ms_rep261,,,0,,,,,0,,,18,,none,,none,msrep_18_2
msrep_18_3,YXXXYxx,YYYYYXyyyyx,unsolved,ms_unsolved,ms_rep261,,,0,,,,,0,,,18,,none,,none,msrep_18_3
msrep_19_1,YYXXYxxx,YYYYYXyyyyx,unsolved,ms_unsolved,ms_rep261,,,0,,,,,0,,,19,,none,,none,msrep_19_1
msrep_19_2,YXyxxxYXX,YYYYXXXyxx,unsolved,ms_unsolved,ms_rep261,,,0,,,,,0,,,19,,none,,none,msrep_19_2
msrep_19_3,YXXYxYxx,YYYYYXyyyyx,unsolved,ms_unsolved,ms_rep261,,,0,,,,,0,,,19,,none,,none,msrep_19_3
msrep_19_4,YXyxxyXX,YYYYYXyyyyx,unsolved,ms_unsolved,ms_rep261,,,0,,,,,0,,,19,,none,,none,msrep_19_4
msrep_19_5,YXXYxxyx,YYYYYXyyyyx,unsolved,ms_unsolved,ms_rep261,,,0,,,,,0,,,19,,none,,none,msrep_19_5
msrep_19_6,YXyXXyxx,YYYYYXyyyyx,unsolved,ms_unsolved,ms_rep261,,,0,,,,,0,,,19,,none,,none,msrep_19_6
msrep_19_7,YXXyXyxx,YYYYYXyyyyx,unsolved,ms_unsolved,ms_rep261,,,0,,,,,0,,,19,,none,,none,msrep_19_7
msrep_19_8,YXyxxYXX,YYYYYXyyyyx,unsolved,ms_unsolved,ms_rep261,,,0,,,,,0,,,19,,none,,none,msrep_19_8
msrep_19_9,YXYXXyxx,YYYYYXyyyyx,unsolved,ms_unsolved,ms_rep261,,,0,,,,,0,,,19,,none,,none,msrep_19_9
msrep_19_10,YYXXXyxx,YYYYYXyyyyx,unsolved,ms_unsolved,ms_rep261,,,0,,,,,0,,,19,,none,,none,msrep_19_10
msrep_19_11,YXYXYxxx,YYYYYXyyyyx,unsolved,ms_unsolved,ms_rep261,,,0,,,,,0,,,19,,none,,none,msrep_19_11
msrep_19_12,YXYxxxyX,YYYYYXyyyyx,unsolved,ms_unsolved,ms_rep261,,,0,,,,,0,,,19,,none,,none,msrep_19_12
msrep_19_13,YXyXYxxx,YYYYYXyyyyx,unsolved,ms_unsolved,ms_rep261,,,0,,,,,0,,,19,,none,,none,msrep_19_13
msrep_19_14,YXXXyxYx,YYYYYXyyyyx,unsolved,ms_unsolved,ms_rep261,,,0,,,,,0,,,19,,none,,none,msrep_19_14
msrep_19_15,YYxxxYXX,YXYxxyXyXYx,unsolved,ms_unsolved,ms_rep261,,,0,,,,,0,,,19,,none,,none,msrep_19_15
msrep_19_16,YYxxxyXX,YYYYYxxyxyX,unsolved,ms_unsolved,ms_rep261,,,0,,,,,0,,,19,,none,,none,msrep_19_16
msrep_19_17,YXXyXYxxx,YYYYXXXYxx,unsolved,ms_unsolved,ms_rep261,,,0,,,,,0,,,19,,none,,none,msrep_19_17
msrep_19_18,YXyXXYxx,YYYYYXyyyyx,unsolved,ms_unsolved,ms_rep261,,,0,,,,,0,,,19,,none,,none,msrep_19_18
msrep_19_19,YXXyxYxx,YYYYYXyyyyx,unsolved,ms_unsolved,ms_rep261,,,0,,,,,0,,,19,,none,,none,msrep_19_19
msrep_19_20,YXXyXYxx,YYYYYXyyyyx,unsolved,ms_unsolved,ms_rep261,,,0,,,,,0,,,19,,none,,none,msrep_19_20
msrep_19_21,YYXXyxxx,YYYYYXyyyyx,unsolved,ms_unsolved,ms_rep261,,,0,,,,,0,,,19,,none,,none,msrep_19_21
msrep_19_22,YYXXXYxx,YYYYYXyyyyx,unsolved,ms_unsolved,ms_rep261,,,0,,,,,0,,,19,,none,,none,msrep_19_22
msrep_19_23,YXYXyxxx,YYYYYXyyyyx,unsolved,ms_unsolved,ms_rep261,,,0,,,,,0,,,19,,none,,none,msrep_19_23
msrep_19_24,YXyxxxyX,YYYYYXyyyyx,unsolved,ms_unsolved,ms_rep261,,,0,,,,,0,,,19,,none,,none,msrep_19_24
msrep_19_25,YXyXyxxx,YYYYYXyyyyx,unsolved,ms_unsolved,ms_rep261,,,0,,,,,0,,,19,,none,,none,msrep_19_25
msrep_19_26,YXXXYxYx,YYYYYXyyyyx,unsolved,ms_unsolved,ms_rep261,,,0,,,,,0,,,19,,none,,none,msrep_19_26
msrep_19_27,YYxxyXXX,YXyxxyXyXYx,unsolved,ms_unsolved,ms_rep261,,,0,,,,,0,,,19,,none,,none,msrep_19_27
msrep_19_28,YYxxYXXX,YYYYYxYXYXX,unsolved,ms_unsolved,ms_rep261,,,0,,,,,0,,,19,,none,,none,msrep_19_28
msrep_19_29,YXXYxxyX,YYYYYXyyyyx,unsolved,ms_unsolved,ms_rep261,,,0,,,,,0,,,19,,none,,none,msrep_19_29
msrep_19_30,YXYXXYxx,YYYYYXyyyyx,unsolved,ms_unsolved,ms_rep261,,,0,,,,,0,,,19,,none,,none,msrep_19_30
msrep_19_31,YXYxxyXX,YYYYYXyyyyx,unsolved,ms_unsolved,ms_rep261,,,0,,,,,0,,,19,,none,,none,msrep_19_31
msrep_19_32,YXYxxYXX,YYYYYXyyyyx,unsolved,ms_unsolved,ms_rep261,,,0,,,,,0,,,19,,none,,none,msrep_19_32
msrep_17_30,YYYxyXX,YYxxyXyXYX,unsolved,ms_unsolved,ms_rep261,,,0,,,,,0,,,17,,none,,none,msrep_17_30
msrep_17_31,YYxxyX,YYYYYXyxxyx,unsolved,ms_unsolved,ms_rep261,,,0,,,,,0,,,17,,none,,none,msrep_17_31
msrep_17_32,YYxyXX,YYYXXyxyxYX,unsolved,ms_unsolved,ms_rep261,,,0,,,,,0,,,17,,none,,none,msrep_17_32
msrep_17_33,YYYxyxyX,YXyxxyXyX,unsolved,ms_unsolved,ms_rep261,,,0,,,,,0,,,17,,none,,none,msrep_17_33
msrep_20_1,YYYxyyx,YXXXXXyxxxxxx,unsolved,ms_unsolved,ms_rep261,,,0,,,,,0,,,20,,none,,none,msrep_20_1
msrep_20_2,YXXyxxx,YYYYYYxyyyyyX,unsolved,ms_unsolved,ms_rep261,,,0,,,,,0,,,20,,none,,none,msrep_20_2
msrep_16_4,YYXXyXX,YYYxyyXyX,unsolved,ms_unsolved,ms_rep261,,,0,,,,,0,,,16,,none,,none,msrep_16_4
msrep_20_3,YXXXYxx,YYYYYYXyyyyyx,unsolved,ms_unsolved,ms_rep261,,,0,,,,,0,,,20,,none,,none,msrep_20_3
msrep_16_5,YYxxyxx,YYYxyyxyX,unsolved,ms_unsolved,ms_rep261,,,0,,,,,0,,,16,,none,,none,msrep_16_5
msrep_21_2,YYXXYxxx,YYYYYYXyyyyyx,unsolved,ms_unsolved,ms_rep261,,,0,,,,,0,,,21,,none,,none,msrep_21_2
msrep_20_4,YXyxxxYXX,YYYYYXXXyxx,unsolved,ms_unsolved,ms_rep261,,,0,,,,,0,,,20,,none,,none,msrep_20_4
msrep_21_3,YXXYxYxx,YYYYYYXyyyyyx,unsolved,ms_unsolved,ms_rep261,,,0,,,,,0,,,21,,none,,none,msrep_21_3
msrep_21_4,YXyxxyXX,YYYYYYXyyyyyx,unsolved,ms_unsolved,ms_rep261,,,0,,,,,0,,,21,,none,,none,msrep_21_4
msrep_21_5,YXXYxxyx,YYYYYYXyyyyyx,unsolved,ms_unsolved,ms_rep261,,,0,,,,,0,,,21,,none,,none,msrep_21_5
msrep_21_6,YXyXXyxx,YYYYYYXyyyyyx,unsolved,ms_unsolved,ms_rep261,,,0,,,,,0,,,21,,none,,none,msrep_21_6
msrep_21_7,YXyXXYxxx,YYYYYYxxxyXX,unsolved,ms_unsolved,ms_rep261,,,0,,,,,0,,,21,,none,,none,msrep_21_7
msrep_21_8,YXyxxYXX,YYYYYYXyyyyyx,unsolved,ms_unsolved,ms_rep261,,,0,,,,,0,,,21,,none,,none,msrep_21_8
msrep_20_5,YXyxxxyXX,YYYYYXXYxxx,unsolved,ms_unsolved,ms_rep261,,,0,,,,,0,,,20,,none,,none,msrep_20_5
msrep_21_9,YYXXXyxx,YYYXXYxyXyXyx,unsolved,ms_unsolved,ms_rep261,,,0,,,,,0,,,21,,none,,none,msrep_21_9
msrep_21_10,YXYXYxxx,YYYYYYXyyyyyx,unsolved,ms_unsolved,ms_rep261,,,0,,,,,0,,,21,,none,,none,msrep_21_10
msrep_21_11,YXYxxxyX,YYYYYYXyyyyyx,unsolved,ms_unsolved,ms_rep261,,,0,,,,,0,,,21,,none,,none,msrep_21_11
msrep_21_12,YXyXYxxx,YYYYYYXyyyyyx,unsolved,ms_unsolved,ms_rep261,,,0,,,,,0,,,21,,none,,none,msrep_21_12
msrep_21_13,YXXXyxYx,YYYYYYXyyyyyx,unsolved,ms_unsolved,ms_rep261,,,0,,,,,0,,,21,,none,,none,msrep_21_13
msrep_21_14,YYxxxYXX,YYYYYYXyyyyyx,unsolved,ms_unsolved,ms_rep261,,,0,,,,,0,,,21,,none,,none,msrep_21_14
msrep_21_15,YYxxxyXX,YYYYYYXyyyyyx,unsolved,ms_unsolved,ms_rep261,,,0,,,,,0,,,21,,none,,none,msrep_21_15
msrep_20_6,YXXyXYxxx,YYYYYXXXYxx,unsolved,ms_unsolved,ms_rep261,,,0,,,,,0,,,20,,none,,none,msrep_20_6
msrep_21_16,YXyXXYxx,YYYYYYXyyyyyx,unsolved,ms_unsolved,ms_rep261,,,0,,,,,0,,,21,,none,,none,msrep_21_16
msrep_21_17,YXXyxYxx,YYYYYYXyyyyyx,unsolved,ms_unsolved,ms_rep261,,,0,,,,,0,,,21,,none,,none,msrep_21_17
msrep_21_18,YXXyXYxx,YYYYYYXyyyyyx,unsolved,ms_unsolved,ms_rep261,,,0,,,,,0,,,21,,none,,none,msrep_21_18
msrep_21_19,YYXXyxxx,YXYXYxyXXyxyx,unsolved,ms_unsolved,ms_rep261,,,0,,,,,0,,,21,,none,,none,msrep_21_19
msrep_21_20,YYXXXYxx,YXYXYxYXXyxyx,unsolved,ms_unsolved,ms_rep261,,,0,,,,,0,,,21,,none,,none,msrep_21_20
msrep_21_21,YXYXyxxx,YYYYYYXyyyyyx,unsolved,ms_unsolved,ms_rep261,,,0,,,,,0,,,21,,none,,none,msrep_21_21
msrep_21_22,YXyxxxyX,YYYYYYXyyyyyx,unsolved,ms_unsolved,ms_rep261,,,0,,,,,0,,,21,,none,,none,msrep_21_22
msrep_21_23,YXyXyxxx,YYYYYYXyyyyyx,unsolved,ms_unsolved,ms_rep261,,,0,,,,,0,,,21,,none,,none,msrep_21_23
msrep_21_24,YXXXYxYx,YYYYYYXyyyyyx,unsolved,ms_unsolved,ms_rep261,,,0,,,,,0,,,21,,none,,none,msrep_21_24
msrep_21_25,YYxxyXXX,YYYYYYXyyyyyx,unsolved,ms_unsolved,ms_rep261,,,0,,,,,0,,,21,,none,,none,msrep_21_25
msrep_21_26,YYxxYXXX,YYYYYYXyyyyyx,unsolved,ms_unsolved,ms_rep261,,,0,,,,,0,,,21,,none,,none,msrep_21_26
msrep_21_27,YXXYxxyX,YYYYYYXyyyyyx,unsolved,ms_unsolved,ms_rep261,,,0,,,,,0,,,21,,none,,none,msrep_21_27
msrep_20_7,YXXXyxYxx,YYYYYXXyxxx,unsolved,ms_unsolved,ms_rep261,,,0,,,,,0,,,20,,none,,none,msrep_20_7
msrep_21_28,YXYxxyXX,YYYYYYXyyyyyx,unsolved,ms_unsolved,ms_rep261,,,0,,,,,0,,,21,,none,,none,msrep_21_28
msrep_21_29,YXyXXyxxx,YYYYYYxxYXXX,unsolved,ms_unsolved,ms_rep261,,,0,,,,,0,,,21,,none,,none,msrep_21_29
msrep_20_8,YXYxx,YYYYYYYXyyyyyyx,unsolved,ms_unsolved,ms_rep261,,,0,,,,,0,,,20,,none,,none,msrep_20_8
msrep_20_9,YXXYx,YYYYYYYXyyyyyyx,unsolved,ms_unsolved,ms_rep261,,,0,,,,,0,,,20,,none,,none,msrep_20_9
msrep_17_34,YYXXyxx,YYYYYXyXyx,unsolved,ms_unsolved,ms_rep261,,,0,,,,,0,,,17,,none,,none,msrep_17_34
msrep_19_33,YYXXyx,YYYXYxyxyXXyX,unsolved,ms_unsolved,ms_rep261,,,0,,,,,0,,,19,,none,,none,msrep_19_33
msrep_16_6,YYxyxYX,YXyXXyxxx,unsolved,ms_unsolved,ms_rep261,,,0,,,,,0,,,16,,none,,none,msrep_16_6
msrep_16_7,YYxYxyX,YXXXyxxYx,unsolved,ms_unsolved,ms_rep261,,,0,,,,,0,,,16,,none,,none,msrep_16_7
msrep_17_35,YYXyxyx,YXyXYxxxxx,unsolved,ms_unsolved,ms_rep261,,,0,,,,,0,,,17,,none,,none,msrep_17_35
msrep_19_34,YYXyxx,YYxxYxxyXyXYx,unsolved,ms_unsolved,ms_rep261,,,0,,,,,0,,,19,,none,,none,msrep_19_34
msrep_17_36,YYXXyxx,YYxyxyxYXX,unsolved,ms_unsolved,ms_rep261,,,0,,,,,0,,,17,,none,,none,msrep_17_36
msrep_16_8,YYxyXYX,YXYXXyxxx,unsolved,ms_unsolved,ms_rep261,,,0,,,,,0,,,16,,none,,none,msrep_16_8
msrep_16_9,YYXyXYX,YYXXXXyxx,unsolved,ms_unsolved,ms_rep261,,,0,,,,,0,,,16,,none,,none,msrep_16_9
msrep_22_1,YXXYxxx,YYYYYYYXyyyyyyx,unsolved,ms_unsolved,ms_rep261,,,0,,,,,0,,,22,,none,,none,msrep_22_1
msrep_22_2,YYYxyyX,YXXXXXXXyxxxxxx,unsolved,ms_unsolved,ms_rep261,,,0,,,,,0,,,22,,none,,none,msrep_22_2
msrep_17_37,YXyXXYxx,YYYYXyXyx,unsolved,ms_unsolved,ms_rep261,,,0,,,,,0,,,17,,none,,none,msrep_17_37
msrep_17_38,YYYXXyx,YYXYxyxyXX,unsolved,ms_unsolved,ms_rep261,,,0,,,,,0,,,17,,none,,none,msrep_17_38
msrep_19_35,YYYYXXyyx,YYYYYxyyXX,unsolved,ms_unsolved,ms_rep261,,,0,,,,,0,,,19,,none,,none,msrep_19_35
msrep_22_3,YYYxyyX,YXXXXXXyxxxxxxx,unsolved,ms_unsolved,ms_rep261,,,0,,,,,0,,,22,,none,,none,msrep_22_3
msrep_22_4,YXXXYxx,YYYYYYYXyyyyyyx,unsolved,ms_unsolved,ms_rep261,,,0,,,,,0,,,22,,none,,none,msrep_22_4
msrep_17_39,YYYXyxyx,YXYXyXyxx,unsolved,ms_unsolved,ms_rep261,,,0,,,,,0,,,17,,none,,none,msrep_17_39
msrep_17_40,YXXYxxyx,YYYXyXyxx,unsolved,ms_unsolved,ms_rep261,,,0,,,,,0,,,17,,none,,none,msrep_17_40
msrep_19_36,YYXyyXYYx,YYYYYYYXXX,unsolved,ms_unsolved,ms_rep261,,,0,,,,,0,,,19,,none,,none,msrep_19_36
msrep_23_1,YYXXYxxx,YYYYYYYXyyyyyyx,unsolved,ms_unsolved,ms_rep261,,,0,,,,,0,,,23,,none,,none,msrep_23_1
msrep_21_30,YXyxxxYXX,YYYYYYXXXyxx,unsolved,ms_unsolved,ms_rep261,,,0,,,,,0,,,21,,none,,none,msrep_21_30
msrep_22_5,YXXYxxxyX,YYYYYYYxxxYXX,unsolved,ms_unsolved,ms_rep261,,,0,,,,,0,,,22,,none,,none,msrep_22_5
msrep_22_6,YYYYYxxyXXX,YYXyxxyxYXX,unsolved,ms_unsolved,ms_rep261,,,0,,,,,0,,,22,,none,,none,msrep_22_6
msrep_23_2,YXXYxxyx,YYYYYYYXyyyyyyx,unsolved,ms_unsolved,ms_rep261,,,0,,,,,0,,,23,,none,,none,msrep_23_2
msrep_23_3,YXyXXyxx,YYYYYYYXyyyyyyx,unsolved,ms_unsolved,ms_rep261,,,0,,,,,0,,,23,,none,,none,msrep_23_3
msrep_22_7,YXyXXYxxx,YYYYYYYxxxyXX,unsolved,ms_unsolved,ms_rep261,,,0,,,,,0,,,22,,none,,none,msrep_22_7
msrep_22_8,YYYYYxxYXXX,YYXyxxYxyXX,unsolved,ms_unsolved,ms_rep261,,,0,,,,,0,,,22,,none,,none,msrep_22_8
msrep_21_31,YXyxxxyXX,YYYYYYXXYxxx,unsolved,ms_unsolved,ms_rep261,,,0,,,,,0,,,21,,none,,none,msrep_21_31
msrep_23_4,YYXXXyxx,YYYYYYYXyyyyyyx,unsolved,ms_unsolved,ms_rep261,,,0,,,,,0,,,23,,none,,none,msrep_23_4
msrep_23_5,YXYXYxxx,YYYYYYYXyyyyyyx,unsolved,ms_unsolved,ms_rep261,,,0,,,,,0,,,23,,none,,none,msrep_23_5
msrep_23_6,YXYxxxyX,YYYYYYYXyyyyyyx,unsolved,ms_unsolved,ms_rep261,,,0,,,,,0,,,23,,none,,none,msrep_23_6
msrep_23_7,YXyXYxxx,YYYYYYYXyyyyyyx,unsolved,ms_unsolved,ms_rep261,,,0,,,,,0,,,23,,none,,none,msrep_23_7
msrep_23_8,YXXXyxYx,YYYYYYYXyyyyyyx,unsolved,ms_unsolved,ms_rep261,,,0,,,,,0,,,23,,none,,none,msrep_23_8
msrep_23_9,YYxxxYXX,YXYxxyXyXyXYxYx,unsolved,ms_unsolved,ms_rep261,,,0,,,,,0,,,23,,none,,none,msrep_23_9
msrep_23_10,YYxxxyXX,YYYYYxxYXyxyxyX,unsolved,ms_unsolved,ms_rep261,,,0,,,,,0,,,23,,none,,none,msrep_23_10
msrep_18_4,YYYXXYxyX,YYxYXXYXX,unsolved,ms_unsolved,ms_rep261,,,0,,,,,0,,,18,,none,,none,msrep_18_4
msrep_16_10,YYxxyXX,YYYYXYxYx,unsolved,ms_unsolved,ms_rep261,,,0,,,,,0,,,16,,none,,none,msrep_16_10
msrep_21_32,YXXyXYxxx,YYYYYYXXXYxx,unsolved,ms_unsolved,ms_rep261,,,0,,,,,0,,,21,,none,,none,msrep_21_32
msrep_23_11,YXyXXYxx,YYYYYYYXyyyyyyx,unsolved,ms_unsolved,ms_rep261,,,0,,,,,0,,,23,,none,,none,msrep_23_11
msrep_22_9,YYYYYxxxYXX,YYxxyXYXXyx,unsolved,ms_unsolved,ms_rep261,,,0,,,,,0,,,22,,none,,none,msrep_22_9
msrep_22_10,YYYYYxxxyXX,YYxxYXyXXyx,unsolved,ms_unsolved,ms_rep261,,,0,,,,,0,,,22,,none,,none,msrep_22_10
msrep_23_12,YYXXyxxx,YYYYYYYXyyyyyyx,unsolved,ms_unsolved,ms_rep261,,,0,,,,,0,,,23,,none,,none,msrep_23_12
msrep_23_13,YYXXXYxx,YYYYYYYXyyyyyyx,unsolved,ms_unsolved,ms_rep261,,,0,,,,,0,,,23,,none,,none,msrep_23_13
msrep_23_14,YXYXyxxx,YYYYYYYXyyyyyyx,unsolved,ms_unsolved,ms_rep261,,,0,,,,,0,,,23,,none,,none,msrep_23_14
msrep_23_15,YXyxxxyX,YYYYYYYXyyyyyyx,unsolved,ms_unsolved,ms_rep261,,,0,,,,,0,,,23,,none,,none,msrep_23_15
msrep_23_16,YXyXyxxx,YYYYYYYXyyyyyyx,unsolved,ms_unsolved,ms_rep261,,,0,,,,,0,,,23,,none,,none,msrep_23_16
msrep_23_17,YXXXYxYx,YYYYYYYXyyyyyyx,unsolved,ms_unsolved,ms_rep261,,,0,,,,,0,,,23,,none,,none,msrep_23_17
msrep_23_18,YYxxyXXX,YYYYYYYXyyyyyyx,unsolved,ms_unsolved,ms_rep261,,,0,,,,,0,,,23,,none,,none,msrep_23_18
msrep_23_19,YYxxYXXX,YYYYYxYXYXYxyXX,unsolved,ms_unsolved,ms_rep261,,,0,,,,,0,,,23,,none,,none,msrep_23_19
msrep_23_20,YXXYxxyX,YYYYYYYXyyyyyyx,unsolved,ms_unsolved,ms_rep261,,,0,,,,,0,,,23,,none,,none,msrep_23_20
msrep_21_33,YXXXyxYxx,YYYYYYXXyxxx,unsolved,ms_unsolved,ms_rep261,,,0,,,,,0,,,21,,none,,none,msrep_21_33
msrep_22_11,YXXyxxxyX,YYYYYYYxxyXXX,unsolved,ms_unsolved,ms_rep261,,,0,,,,,0,,,22,,none,,none,msrep_22_11
msrep_22_12,YXyXXyxxx,YYYYYYYxxYXXX,unsolved,ms_unsolved,ms_rep261,,,0,,,,,0,,,22,,none,,none,msrep_22_12
msrep_18_5,YYYxyXYxx,YYxxYxxYX,unsolved,ms_unsolved,ms_rep261,,,0,,,,,0,,,18,,none,,none,msrep_18_5
msrep_22_13,YXYxx,YYYYYYYYxyyyyyyyX,unsolved,ms_unsolved,ms_rep261,,,0,,,,,0,,,22,,none,,none,msrep_22_13
msrep_22_14,YXXYx,YYYYYYYYXyyyyyyyx,unsolved,ms_unsolved,ms_rep261,,,0,,,,,0,,,22,,none,,none,msrep_22_14
msrep_21_34,YYXYxx,YYYYYYxYxYxYXyx,unsolved,ms_unsolved,ms_rep261,,,0,,,,,0,,,21,,none,,none,msrep_21_34
msrep_23_21,YXYxYx,YYYYYYYYxyyyyyyyX,unsolved,ms_unsolved,ms_rep261,,,0,,,,,0,,,23,,none,,none,msrep_23_21
msrep_19_37,YYXXyx,YXyXyXyxxYxYx,unsolved,ms_unsolved,ms_rep261,,,0,,,,,0,,,19,,none,,none,msrep_19_37
msrep_23_22,YYxxYX,YYYYYxyXyXYXyyyxx,unsolved,ms_unsolved,ms_rep261,,,0,,,,,0,,,23,,none,,none,msrep_23_22
msrep_21_35,YYxxyX,YYYYYYYxyxyXyxx,unsolved,ms_unsolved,ms_rep261,,,0,,,,,0,,,21,,none,,none,msrep_21_35
msrep_21_36,YXyXYx,YYYYYYYXXXXXXXX,unsolved,ms_unsolved,ms_rep261,,,0,,,,,0,,,21,,none,,none,msrep_21_36
msrep_19_38,YYXyxx,YXYXYxYxxxxxx,unsolved,ms_unsolved,ms_rep261,,,0,,,,,0,,,19,,none,,none,msrep_19_38
msrep_21_37,YYXXYx,YYxYxyxyXYXYXYX,unsolved,ms_unsolved,ms_rep261,,,0,,,,,0,,,21,,none,,none,msrep_21_37
msrep_21_38,YYxyXX,YYYYYYYXyXXyxyX,unsolved,ms_unsolved,ms_rep261,,,0,,,,,0,,,21,,none,,none,msrep_21_38
msrep_23_23,YYxYXX,YYYYYYYYXyyyyyxYX,unsolved,ms_unsolved,ms_rep261,,,0,,,,,0,,,23,,none,,none,msrep_23_23
msrep_23_24,YXYXYx,YYYYYYYYXyyyyyyyx,unsolved,ms_unsolved,ms_rep261,,,0,,,,,0,,,23,,none,,none,msrep_23_24
msrep_24_1,YXXYxxx,YYYYYYYYXyyyyyyyx,unsolved,ms_unsolved,ms_rep261,,,0,,,,,0,,,24,,none,,none,msrep_24_1
msrep_24_2,YYYXyyx,YXXXXXXXyxxxxxxxx,unsolved,ms_unsolved,ms_rep261,,,0,,,,,0,,,24,,none,,none,msrep_24_2
msrep_19_39,YYYXYxyx,YYXXYxxyXyx,unsolved,ms_unsolved,ms_rep261,,,0,,,,,0,,,19,,none,,none,msrep_19_39
msrep_15_12,YYXyyxx,YXXXyxYx,unsolved,ms_unsolved,ms_rep261,,,0,,,,,0,,,15,,none,,none,msrep_15_12
msrep_18_6,YXYXyxx,YYYYYYxyXyx,unsolved,ms_unsolved,ms_rep261,,,0,,,,,0,,,18,,none,,none,msrep_18_6
msrep_18_7,YXYXyxx,YYYYYYYXXyx,unsolved,ms_unsolved,ms_rep261,,,0,,,,,0,,,18,,none,,none,msrep_18_7
msrep_17_41,YYXYXyx,YXYxxxyXXX,unsolved,ms_unsolved,ms_rep261,,,0,,,,,0,,,17,,none,,none,msrep_17_41
msrep_18_8,YYYXXyx,YYXYXyXyxxx,unsolved,ms_unsolved,ms_rep261,,,0,,,,,0,,,18,,none,,none,msrep_18_8
msrep_20_10,YYXYYxyyx,YYYYYYYxxxx,unsolved,ms_unsolved,ms_rep261,,,0,,,,,0,,,20,,none,,none,msrep_20_10
msrep_19_40,YYYxxYX,YXyxxxyXyXyX,unsolved,ms_unsolved,ms_rep261,,,0,,,,,0,,,19,,none,,none,msrep_19_40
msrep_18_9,YYYxxyX,YXYXyXyxxYx,unsolved,ms_unsolved,ms_rep261,,,0,,,,,0,,,18,,none,,none,msrep_18_9
msrep_17_42,YYXyxYx,YXXXyXyxxx,unsolved,ms_unsolved,ms_rep261,,,0,,,,,0,,,17,,none,,none,msrep_17_42
msrep_15_13,YYXXyyx,YXYXyxxx,unsolved,ms_unsolved,ms_rep261,,,0,,,,,0,,,15,,none,,none,msrep_15_13
msrep_24_3,YXXyxxx,YYYYYYYYXyyyyyyyx,unsolved,ms_unsolved,ms_rep261,,,0,,,,,0,,,24,,none,,none,msrep_24_3
msrep_24_4,YXXXYxx,YYYYYYYYXyyyyyyyx,unsolved,ms_unsolved,ms_rep261,,,0,,,,,0,,,24,,none,,none,msrep_24_4
msrep_18_10,YYYXyxx,YYXXXyxyxYx,unsolved,ms_unsolved,ms_rep261,,,0,,,,,0,,,18,,none,,none,msrep_18_10
msrep_19_41,YYYXyXYx,YXXYxYXXyxx,unsolved,ms_unsolved,ms_rep261,,,0,,,,,0,,,19,,none,,none,msrep_19_41
msrep_20_11,YYXyyXYYx,YYYYYYYXXXX,unsolved,ms_unsolved,ms_rep261,,,0,,,,,0,,,20,,none,,none,msrep_20_11
msrep_18_11,YYYxyXX,YXYXXyxyxYx,unsolved,ms_unsolved,ms_rep261,,,0,,,,,0,,,18,,none,,none,msrep_18_11
msrep_19_42,YYYxYXX,YXYXYXyXYxxx,unsolved,ms_unsolved,ms_rep261,,,0,,,,,0,,,19,,none,,none,msrep_19_42
msrep_20_12,YYXyxyx,YYYXXyyXyxYXX,unsolved,ms_unsolved,ms_rep261,,,0,,,,,0,,,20,,none,,none,msrep_20_12
msrep_25_1,YYXXYxxx,YYYYYYYYXyyyyyyyx,unsolved,ms_unsolved,ms_rep261,,,0,,,,,0,,,25,,none,,none,msrep_25_1
msrep_25_2,YXXYxxYx,YYYYYYYYXyyyyyyyx,unsolved,ms_unsolved,ms_rep261,,,0,,,,,0,,,25,,none,,none,msrep_25_2
msrep_25_3,YXXYxYxx,YYYYYYYYXyyyyyyyx,unsolved,ms_unsolved,ms_rep261,,,0,,,,,0,,,25,,none,,none,msrep_25_3
msrep_25_4,YXyxxyXX,YYYYYYYYXyyyyyyyx,unsolved,ms_unsolved,ms_rep261,,,0,,,,,0,,,25,,none,,none,msrep_25_4
msrep_25_5,YXXYxxyx,YYYYYYYYXyyyyyyyx,unsolved,ms_unsolved,ms_rep261,,,0,,,,,0,,,25,,none,,none,msrep_25_5
msrep_25_6,YXyXXyxx,YYYYYYYYXyyyyyyyx,unsolved,ms_unsolved,ms_rep261,,,0,,,,,0,,,25,,none,,none,msrep_25_6
msrep_25_7,YXXyXyxx,YYYYYYYYXyyyyyyyx,unsolved,ms_unsolved,ms_rep261,,,0,,,,,0,,,25,,none,,none,msrep_25_7
msrep_25_8,YXyxxYXX,YYYYYYYYXyyyyyyyx,unsolved,ms_unsolved,ms_rep261,,,0,,,,,0,,,25,,none,,none,msrep_25_8
msrep_25_9,YXYXXyxx,YYYYYYYYXyyyyyyyx,unsolved,ms_unsolved,ms_rep261,,,0,,,,,0,,,25,,none,,none,msrep_25_9
msrep_25_10,YYXXXyxx,YYYYYYYXXyXyXyXyx,unsolved,ms_unsolved,ms_rep261,,,0,,,,,0,,,25,,none,,none,msrep_25_10
msrep_25_11,YXYXYxxx,YYYYYYYYXyyyyyyyx,unsolved,ms_unsolved,ms_rep261,,,0,,,,,0,,,25,,none,,none,msrep_25_11
msrep_25_12,YXYxxxyX,YYYYYYYYXyyyyyyyx,unsolved,ms_unsolved,ms_rep261,,,0,,,,,0,,,25,,none,,none,msrep_25_12
msrep_15_14,YYXXyxx,YYYxyXyX,unsolved,ms_unsolved,ms_rep261,,,0,,,,,0,,,15,,none,,none,msrep_15_14
msrep_25_13,YXyXYxxx,YYYYYYYYXyyyyyyyx,unsolved,ms_unsolved,ms_rep261,,,0,,,,,0,,,25,,none,,none,msrep_25_13
msrep_25_14,YXXXyxYx,YYYYYYYYXyyyyyyyx,unsolved,ms_unsolved,ms_rep261,,,0,,,,,0,,,25,,none,,none,msrep_25_14
msrep_25_15,YYxxxYXX,YYYYYYYYXyyyyyyyx,unsolved,ms_unsolved,ms_rep261,,,0,,,,,0,,,25,,none,,none,msrep_25_15
msrep_25_16,YYxxxyXX,YYYYYYYYXyyyyyyyx,unsolved,ms_unsolved,ms_rep261,,,0,,,,,0,,,25,,none,,none,msrep_25_16
msrep_21_39,YYYXXyyxx,YYYYYXyyXyyx,unsolved,ms_unsolved,ms_rep261,,,0,,,,,0,,,21,,none,,none,msrep_21_39
msrep_19_43,YYXyyxxYX,YYYYYxyXyX,unsolved,ms_unsolved,ms_rep261,,,0,,,,,0,,,19,,none,,none,msrep_19_43
msrep_19_44,YYYXXyyx,YYYxyyXXYXX,unsolved,ms_unsolved,ms_rep261,,,0,,,,,0,,,19,,none,,none,msrep_19_44
msrep_21_40,YYYYxyyXyX,YYXYXyXYxyx,unsolved,ms_unsolved,ms_rep261,,,0,,,,,0,,,21,,none,,none,msrep_21_40
msrep_19_45,YYYxxyyX,YYYYXyxxYxx,unsolved,ms_unsolved,ms_rep261,,,0,,,,,0,,,19,,none,,none,msrep_19_45
msrep_19_46,YYYYxxYX,YYYxyxYxYXX,unsolved,ms_unsolved,ms_rep261,,,0,,,,,0,,,19,,none,,none,msrep_19_46
msrep_19_47,YYYYxyxyX,YYxYXXYxyx,unsolved,ms_unsolved,ms_rep261,,,0,,,,,0,,,19,,none,,none,msrep_19_47
msrep_15_15,YYXXyxx,YYYxyxyX,unsolved,ms_unsolved,ms_rep261,,,0,,,,,0,,,15,,none,,none,msrep_15_15
msrep_19_48,YYxYXXyyx,YYYYYxyxyX,unsolved,ms_unsolved,ms_rep261,,,0,,,,,0,,,19,,none,,none,msrep_19_48
msrep_25_17,YXXyxxYx,YYYYYYYYXyyyyyyyx,unsolved,ms_unsolved,ms_rep261,,,0,,,,,0,,,25,,none,,none,msrep_25_17
msrep_25_18,YXyXXYxx,YYYYYYYYXyyyyyyyx,unsolved,ms_unsolved,ms_rep261,,,0,,,,,0,,,25,,none,,none,msrep_25_18
msrep_25_19,YXXyxYxx,YYYYYYYYXyyyyyyyx,unsolved,ms_unsolved,ms_rep261,,,0,,,,,0,,,25,,none,,none,msrep_25_19
msrep_25_20,YXXyXYxx,YYYYYYYYXyyyyyyyx,unsolved,ms_unsolved,ms_rep261,,,0,,,,,0,,,25,,none,,none,msrep_25_20
msrep_25_21,YYXXyxxx,YYYXyxyxyxyXYXYxx,unsolved,ms_unsolved,ms_rep261,,,0,,,,,0,,,25,,none,,none,msrep_25_21
msrep_25_22,YYXXXYxx,YYYXXyxyxYXYXYXYx,unsolved,ms_unsolved,ms_rep261,,,0,,,,,0,,,25,,none,,none,msrep_25_22
msrep_25_23,YXYXyxxx,YYYYYYYYXyyyyyyyx,unsolved,ms_unsolved,ms_rep261,,,0,,,,,0,,,25,,none,,none,msrep_25_23
msrep_25_24,YXyxxxyX,YYYYYYYYXyyyyyyyx,unsolved,ms_unsolved,ms_rep261,,,0,,,,,0,,,25,,none,,none,msrep_25_24
msrep_25_25,YXyXyxxx,YYYYYYYYXyyyyyyyx,unsolved,ms_unsolved,ms_rep261,,,0,,,,,0,,,25,,none,,none,msrep_25_25
msrep_25_26,YXXXYxYx,YYYYYYYYXyyyyyyyx,unsolved,ms_unsolved,ms_rep261,,,0,,,,,0,,,25,,none,,none,msrep_25_26
msrep_25_27,YYxxyXXX,YYYYYYYYXyyyyyyyx,unsolved,ms_unsolved,ms_rep261,,,0,,,,,0,,,25,,none,,none,msrep_25_27
msrep_25_28,YYxxYXXX,YYYYYYYYXyyyyyyyx,unsolved,ms_unsolved,ms_rep261,,,0,,,,,0,,,25,,none,,none,msrep_25_28
msrep_25_29,YXXYxxyX,YYYYYYYYXyyyyyyyx,unsolved,ms_unsolved,ms_rep261,,,0,,,,,0,,,25,,none,,none,msrep_25_29
msrep_25_30,YXYXXYxx,YYYYYYYYXyyyyyyyx,unsolved,ms_unsolved,ms_rep261,,,0,,,,,0,,,25,,none,,none,msrep_25_30
msrep_25_31,YXYxxyXX,YYYYYYYYXyyyyyyyx,unsolved,ms_unsolved,ms_rep261,,,0,,,,,0,,,25,,none,,none,msrep_25_31
msrep_25_32,YXYxxYXX,YYYYYYYYXyyyyyyyx,unsolved,ms_unsolved,ms_rep261,,,0,,,,,0,,,25,,none,,none,msrep_25_32
msrep_19_49,YYYXyyxx,YYYxxYxxyyX,unsolved,ms_unsolved,ms_rep261,,,0,,,,,0,,,19,,none,,none,msrep_19_49
msrep_21_41,YYYXXyyxx,YYYYYXyyxyyx,unsolved,ms_unsolved,ms_rep261,,,0,,,,,0,,,21,,none,,none,msrep_21_41
msrep_19_50,YYYxyyXX,YYYYXXYXXyx,unsolved,ms_unsolved,ms_rep261,,,0,,,,,0,,,19,,none,,none,msrep_19_50
msrep_21_42,YYYYxxyyX,YYYYXYxxYYxx,unsolved,ms_unsolved,ms_rep261,,,0,,,,,0,,,21,,none,,none,msrep_21_42
msrep_19_51,YYYYxyXX,YXyxxyXyXYx,unsolved,ms_unsolved,ms_rep261,,,0,,,,,0,,,19,,none,,none,msrep_19_51
msrep_19_52,YYYYxYXX,YXYXyxyXyxx,unsolved,ms_unsolved,ms_rep261,,,0,,,,,0,,,19,,none,,none,msrep_19_52
msraw_634,YYYYYYYXyyyyyyx,YYXyxYx,unsolved,ms_unsolved,ms_raw,,,0,,,,,0,,,22,,none,,none,msraw_634
msraw_635,YYYYYXyyyyx,YYYXYxYX,unsolved,ms_unsolved,ms_raw,,,0,,,,,0,,,19,,none,,none,msraw_635
msraw_636,YYYYYYYYXyyyyyyyx,YYYXyxyx,unsolved,ms_unsolved,ms_raw,,,0,,,,,0,,,25,,none,,none,msraw_636
msraw_637,YYYYYYYYXyyyyyyyx,YYxYXYYx,unsolved,ms_unsolved,ms_raw,,,0,,,,,0,,,25,,none,,none,msraw_637
msraw_638,YYYYXyyyx,YXXyxxYx,unsolved,ms_unsolved,ms_raw,,,0,,,,,0,,,17,,none,,none,msraw_638
msraw_639,YYYYYXyyyyx,YXXYx,unsolved,ms_unsolved,ms_raw,,,0,,,,,0,,,16,,none,,none,msraw_639
msraw_640,YYYYXyyyx,YXYXYx,unsolved,ms_unsolved,ms_raw,,,0,,,,,0,,,15,,none,,none,msraw_640
msraw_641,YYYYYXyyyyx,YYYxxyyX,unsolved,ms_unsolved,ms_raw,,,0,,,,,0,,,19,,none,,none,msraw_641
msraw_642,YYYYYYYYXyyyyyyyx,YXYxyx,unsolved,ms_unsolved,ms_raw,,,0,,,,,0,,,23,,none,,none,msraw_642
msraw_643,YYYYYYYYXyyyyyyyx,YYYXyyxx,unsolved,ms_unsolved,ms_raw,,,0,,,,,0,,,25,,none,,none,msraw_643
msraw_644,YYYYYXyyyyx,YYxxxyXX,unsolved,ms_unsolved,ms_raw,,,0,,,,,0,,,19,,none,,none,msraw_644
msraw_645,YYYYYYYXyyyyyyx,YYXYxyx,unsolved,ms_unsolved,ms_raw,,,0,,,,,0,,,22,,none,,none,msraw_645
msraw_646,YYYYYYXyyyyyx,YXYxyx,unsolved,ms_unsolved,ms_raw,,,0,,,,,0,,,19,,none,,none,msraw_646
msraw_647,YYYXyyx,YXXYxxYx,unsolved,ms_unsolved,ms_raw,,,0,,,,,0,,,15,,none,,none,msraw_647
msraw_648,YYYYYYYYXyyyyyyyx,YYYXXyyx,unsolved,ms_unsolved,ms_raw,,,0,,,,,0,,,25,,none,,none,msraw_648
msraw_649,YYYYYXyyyyx,YXYxxyXX,unsolved,ms_unsolved,ms_raw,,,0,,,,,0,,,19,,none,,none,msraw_649
msraw_650,YYYYYYXyyyyyx,YXXYx,unsolved,ms_unsolved,ms_raw,,,0,,,,,0,,,18,,none,,none,msraw_650
msraw_651,YYYYXyyyx,YXXXYxx,unsolved,ms_unsolved,ms_raw,,,0,,,,,0,,,16,,none,,none,msraw_651
msraw_652,YYYXyyx,YXXYXyxx,unsolved,ms_unsolved,ms_raw,,,0,,,,,0,,,15,,none,,none,msraw_652
msraw_653,YYYXyyx,YXYXXyxx,unsolved,ms_unsolved,ms_raw,,,0,,,,,0,,,15,,none,,none,msraw_653
msraw_654,YYYYXyyyx,YXyXYx,unsolved,ms_unsolved,ms_raw,,,0,,,,,0,,,15,,none,,none,msraw_654
msraw_655,YYYXyyx,YYXXXyxx,unsolved,ms_unsolved,ms_raw,,,0,,,,,0,,,15,,none,,none,msraw_655
msraw_656,YYYYYXyyyyx,YYYXyXYx,unsolved,ms_unsolved,ms_raw,,,0,,,,,0,,,19,,none,,none,msraw_656
msraw_657,YYYYYYYXyyyyyyx,YYYXYxYx,unsolved,ms_unsolved,ms_raw,,,0,,,,,0,,,23,,none,,none,msraw_657
msraw_658,YYYYYYYXyyyyyyx,YYXYYxYx,unsolved,ms_unsolved,ms_raw,,,0,,,,,0,,,23,,none,,none,msraw_658
msraw_659,YYYYYYYXyyyyyyx,YXXXYxYx,unsolved,ms_unsolved,ms_raw,,,0,,,,,0,,,23,,none,,none,msraw_659
msraw_660,YYYYYYYXyyyyyyx,YYYYXXYx,unsolved,ms_unsolved,ms_raw,,,0,,,,,0,,,23,,none,,none,msraw_660
msraw_661,YYYYYYXyyyyyx,YXYxxxyX,unsolved,ms_unsolved,ms_raw,,,0,,,,,0,,,21,,none,,none,msraw_661
msraw_662,YYYYYYYXyyyyyyx,YXYxx,unsolved,ms_unsolved,ms_raw,,,0,,,,,0,,,20,,none,,none,msraw_662
msraw_663,YYYYYXyyyyx,YXXYxxyx,unsolved,ms_unsolved,ms_raw,,,0,,,,,0,,,19,,none,,none,msraw_663
msraw_664,YYYYYYYXyyyyyyx,YYYXXYYx,unsolved,ms_unsolved,ms_raw,,,0,,,,,0,,,23,,none,,none,msraw_664
msraw_665,YYYYYYYXyyyyyyx,YYXYXYYx,unsolved,ms_unsolved,ms_raw,,,0,,,,,0,,,23,,none,,none,msraw_665
msraw_666,YYYYYYYXyyyyyyx,YYYXYXYx,unsolved,ms_unsolved,ms_raw,,,0,,,,,0,,,23,,none,,none,msraw_666
msraw_667,YYYYYYYYXyyyyyyyx,YYYxyXX,unsolved,ms_unsolved,ms_raw,,,0,,,,,0,,,24,,none,,none,msraw_667
msraw_669,YYYYXyyyx,YYYXYxYX,unsolved,ms_unsolved,ms_raw,,,0,,,,,0,,,17,,none,,none,msraw_669
msraw_670,YYYYYYYXyyyyyyx,YYYXYxyx,unsolved,ms_unsolved,ms_raw,,,0,,,,,0,,,23,,none,,none,msraw_670
msraw_671,YYYYYYYXyyyyyyx,YYXYYxyx,unsolved,ms_unsolved,ms_raw,,,0,,,,,0,,,23,,none,,none,msraw_671
msraw_672,YYYYYYYXyyyyyyx,YXXXYxyx,unsolved,ms_unsolved,ms_raw,,,0,,,,,0,,,23,,none,,none,msraw_672
msraw_673,YYYYYXyyyyx,YYXYxyx,unsolved,ms_unsolved,ms_raw,,,0,,,,,0,,,18,,none,,none,msraw_673
msraw_674,YYYYYYXyyyyyx,YYYxyyXX,unsolved,ms_unsolved,ms_raw,,,0,,,,,0,,,21,,none,,none,msraw_674
msraw_675,YYYYXyyyx,YXXyxYxx,unsolved,ms_unsolved,ms_raw,,,0,,,,,0,,,17,,none,,none,msraw_675
msraw_676,YYYYYYYXyyyyyyx,YXYxxyXX,unsolved,ms_unsolved,ms_raw,,,0,,,,,0,,,23,,none,,none,msraw_676
msraw_677,YYYXyyx,YXYxxxyX,unsolved,ms_unsolved,ms_raw,,,0,,,,,0,,,15,,none,,none,msraw_677
msraw_678,YYYYYYXyyyyyx,YYxyXX,unsolved,ms_unsolved,ms_raw,,,0,,,,,0,,,19,,none,,none,msraw_678
msraw_679,YYYYYYYYXyyyyyyyx,YYYxYxyX,unsolved,ms_unsolved,ms_raw,,,0,,,,,0,,,25,,none,,none,msraw_679
msraw_680,YYYYYXyyyyx,YXXYxxyX,unsolved,ms_unsolved,ms_raw,,,0,,,,,0,,,19,,none,,none,msraw_680
msraw_681,YYYYYXyyyyx,YXXyXyxx,unsolved,ms_unsolved,ms_raw,,,0,,,,,0,,,19,,none,,none,msraw_681
msraw_682,YYYYYYYXyyyyyyx,YXXYxxyx,unsolved,ms_unsolved,ms_raw,,,0,,,,,0,,,23,,none,,none,msraw_682
msraw_683,YYYYXyyyx,YXyXyxxx,unsolved,ms_unsolved,ms_raw,,,0,,,,,0,,,17,,none,,none,msraw_683
msraw_684,YYYYYYYXyyyyyyx,YYYXYXyx,unsolved,ms_unsolved,ms_raw,,,0,,,,,0,,,23,,none,,none,msraw_684
msraw_685,YYYYYYYXyyyyyyx,YYXYYXyx,unsolved,ms_unsolved,ms_raw,,,0,,,,,0,,,23,,none,,none,msraw_685
msraw_686,YYYYYYYXyyyyyyx,YYYYXXyx,unsolved,ms_unsolved,ms_raw,,,0,,,,,0,,,23,,none,,none,msraw_686
msraw_687,YYYYXyyyx,YYxyxyX,unsolved,ms_unsolved,ms_raw,,,0,,,,,0,,,16,,none,,none,msraw_687
msraw_688,YYYYYYYXyyyyyyx,YYXYxx,unsolved,ms_unsolved,ms_raw,,,0,,,,,0,,,21,,none,,none,msraw_688
msraw_689,YYYXyyx,YYXXyxxx,unsolved,ms_unsolved,ms_raw,,,0,,,,,0,,,15,,none,,none,msraw_689
msraw_690,YYYXyyx,YXYXyxxx,unsolved,ms_unsolved,ms_raw,,,0,,,,,0,,,15,,none,,none,msraw_690
msraw_691,YYYYYYYXyyyyyyx,YYxxxYXX,unsolved,ms_unsolved,ms_raw,,,0,,,,,0,,,23,,none,,none,msraw_691
msraw_692,YYYYYYXyyyyyx,YYYXyxyX,unsolved,ms_unsolved,ms_raw,,,0,,,,,0,,,21,,none,,none,msraw_692
msraw_693,YYYYYYYYXyyyyyyyx,YYYXyXYx,unsolved,ms_unsolved,ms_raw,,,0,,,,,0,,,25,,none,,none,msraw_693
msraw_694,YYYYYYYYXyyyyyyyx,YYYXYxx,unsolved,ms_unsolved,ms_raw,,,0,,,,,0,,,24,,none,,none,msraw_694
msraw_695,YYYYYYYYXyyyyyyyx,YYXYYxx,unsolved,ms_unsolved,ms_raw,,,0,,,,,0,,,24,,none,,none,msraw_695
msraw_696,YYYYYYXyyyyyx,YYxYXYYx,unsolved,ms_unsolved,ms_raw,,,0,,,,,0,,,21,,none,,none,msraw_696
msraw_697,YYYYYYYYXyyyyyyyx,YXXXYxx,unsolved,ms_unsolved,ms_raw,,,0,,,,,0,,,24,,none,,none,msraw_697
msraw_699,YYYYYYXyyyyyx,YYYxyXX,unsolved,ms_unsolved,ms_raw,,,0,,,,,0,,,20,,none,,none,msraw_699
msraw_700,YYYXyyx,YXXXyxx,unsolved,ms_unsolved,ms_raw,,,0,,,,,0,,,14,,none,,none,msraw_700
msraw_701,YYYYYYXyyyyyx,YXyXyxxx,unsolved,ms_unsolved,ms_raw,,,0,,,,,0,,,21,,none,,none,msraw_701
msraw_702,YYYYYYYYXyyyyyyyx,YYxYXX,unsolved,ms_unsolved,ms_raw,,,0,,,,,0,,,23,,none,,none,msraw_702
msraw_703,YYYXyyx,YXXXyxYx,unsolved,ms_unsolved,ms_raw,,,0,,,,,0,,,15,,none,,none,msraw_703
msraw_704,YYYYYYXyyyyyx,YYXyxyX,unsolved,ms_unsolved,ms_raw,,,0,,,,,0,,,20,,none,,none,msraw_704
msraw_705,YYYYYYYXyyyyyyx,YXXYxYxx,unsolved,ms_unsolved,ms_raw,,,0,,,,,0,,,23,,none,,none,msraw_705
msraw_706,YYYYYYYXyyyyyyx,YYxYXyX,unsolved,ms_unsolved,ms_raw,,,0,,,,,0,,,22,,none,,none,msraw_706
msraw_707,YYYYYYXyyyyyx,YXXXyxYx,unsolved,ms_unsolved,ms_raw,,,0,,,,,0,,,21,,none,,none,msraw_707
msraw_708,YYYYYYYYXyyyyyyyx,YYxYYxyX,unsolved,ms_unsolved,ms_raw,,,0,,,,,0,,,25,,none,,none,msraw_708
msraw_709,YYYYYYYYXyyyyyyyx,YYXYYxYx,unsolved,ms_unsolved,ms_raw,,,0,,,,,0,,,25,,none,,none,msraw_709
msraw_710,YYYYYYYYXyyyyyyyx,YYYXYxYx,unsolved,ms_unsolved,ms_raw,,,0,,,,,0,,,25,,none,,none,msraw_710
msraw_711,YYYYYYXyyyyyx,YYxYXX,unsolved,ms_unsolved,ms_raw,,,0,,,,,0,,,19,,none,,none,msraw_711
msraw_712,YYYYYYYYXyyyyyyyx,YXXXYxYx,unsolved,ms_unsolved,ms_raw,,,0,,,,,0,,,25,,none,,none,msraw_712
msraw_713,YYYYYYYXyyyyyyx,YXYxyx,unsolved,ms_unsolved,ms_raw,,,0,,,,,0,,,21,,none,,none,msraw_713
msraw_714,YYYYXyyyx,YYxxyXXX,unsolved,ms_unsolved,ms_raw,,,0,,,,,0,,,17,,none,,none,msraw_714
msraw_715,YYYYXyyyx,YYYYxYXX,unsolved,ms_unsolved,ms_raw,,,0,,,,,0,,,17,,none,,none,msraw_715
msraw_716,YYYYXyyyx,YYxyXX,unsolved,ms_unsolved,ms_raw,,,0,,,,,0,,,15,,none,,none,msraw_716
msraw_718,YYYYYYXyyyyyx,YYxxyX,unsolved,ms_unsolved,ms_raw,,,0,,,,,0,,,19,,none,,none,msraw_718
msraw_719,YYYYYYYYXyyyyyyyx,YYXXyxxx,unsolved,ms_unsolved,ms_raw,,,0,,,,,0,,,25,,none,,none,msraw_719
msraw_720,YYYYYYYYXyyyyyyyx,YXYXyxxx,unsolved,ms_unsolved,ms_raw,,,0,,,,,0,,,25,,none,,none,msraw_720
msraw_721,YYYYYYYYXyyyyyyyx,YYYXyxyX,unsolved,ms_unsolved,ms_raw,,,0,,,,,0,,,25,,none,,none,msraw_721
msraw_722,YYYYYXyyyyx,YYXyXyx,unsolved,ms_unsolved,ms_raw,,,0,,,,,0,,,18,,none,,none,msraw_722
msraw_723,YYYYXyyyx,YXXXYxyx,unsolved,ms_unsolved,ms_raw,,,0,,,,,0,,,17,,none,,none,msraw_723
msraw_724,YYYXyyx,YXYXXYxx,unsolved,ms_unsolved,ms_raw,,,0,,,,,0,,,15,,none,,none,msraw_724
msraw_725,YYYXyyx,YYXXXYxx,unsolved,ms_unsolved,ms_raw,,,0,,,,,0,,,15,,none,,none,msraw_725
msraw_726,YYYXyyx,YXyXXyxx,unsolved,ms_unsolved,ms_raw,,,0,,,,,0,,,15,,none,,none,msraw_726
msraw_727,YYYYYYXyyyyyx,YYXYxYX,unsolved,ms_unsolved,ms_raw,,,0,,,,,0,,,20,,none,,none,msraw_727
msraw_728,YYYYYYYYXyyyyyyyx,YYxyXX,unsolved,ms_unsolved,ms_raw,,,0,,,,,0,,,23,,none,,none,msraw_728
msraw_729,YYYYYYYXyyyyyyx,YYXyyXYx,unsolved,ms_unsolved,ms_raw,,,0,,,,,0,,,23,,none,,none,msraw_729
msraw_730,YYYXyyx,YXXYxxyX,unsolved,ms_unsolved,ms_raw,,,0,,,,,0,,,15,,none,,none,msraw_730
msraw_731,YYYYYYYXyyyyyyx,YYxYYxyX,unsolved,ms_unsolved,ms_raw,,,0,,,,,0,,,23,,none,,none,msraw_731
msraw_732,YYYYYYYYXyyyyyyyx,YYXyXYYx,unsolved,ms_unsolved,ms_raw,,,0,,,,,0,,,25,,none,,none,msraw_732
msraw_733,YYYYYYXyyyyyx,YXXyxxYx,unsolved,ms_unsolved,ms_raw,,,0,,,,,0,,,21,,none,,none,msraw_733
msraw_734,YYYYYYYYXyyyyyyyx,YYXyXyx,unsolved,ms_unsolved,ms_raw,,,0,,,,,0,,,24,,none,,none,msraw_734
msraw_735,YYYYXyyyx,YYYXYYxx,unsolved,ms_unsolved,ms_raw,,,0,,,,,0,,,17,,none,,none,msraw_735
msraw_736,YYYYXyyyx,YYXXXYxx,unsolved,ms_unsolved,ms_raw,,,0,,,,,0,,,17,,none,,none,msraw_736
msraw_737,YYYYXyyyx,YXYXXYxx,unsolved,ms_unsolved,ms_raw,,,0,,,,,0,,,17,,none,,none,msraw_737
msraw_738,YYYYYXyyyyx,YYXYXyx,unsolved,ms_unsolved,ms_raw,,,0,,,,,0,,,18,,none,,none,msraw_738
msraw_739,YYYYYXyyyyx,YYYXXyx,unsolved,ms_unsolved,ms_raw,,,0,,,,,0,,,18,,none,,none,msraw_739
msraw_740,YYYYYYXyyyyyx,YYXyXYx,unsolved,ms_unsolved,ms_raw,,,0,,,,,0,,,20,,none,,none,msraw_740
msraw_741,YYYYYYXyyyyyx,YXYxx,unsolved,ms_unsolved,ms_raw,,,0,,,,,0,,,18,,none,,none,msraw_741
msraw_742,YYYYYYXyyyyyx,YXXyXyxx,unsolved,ms_unsolved,ms_raw,,,0,,,,,0,,,21,,none,,none,msraw_742
msraw_743,YYYYYYYXyyyyyyx,YYxYXYx,unsolved,ms_unsolved,ms_raw,,,0,,,,,0,,,22,,none,,none,msraw_743
msraw_744,YYYXyyx,YXXyxxYx,unsolved,ms_unsolved,ms_raw,,,0,,,,,0,,,15,,none,,none,msraw_744
msraw_745,YYYYYYYYXyyyyyyyx,YYXyyxYX,unsolved,ms_unsolved,ms_raw,,,0,,,,,0,,,25,,none,,none,msraw_745
msraw_746,YYYYYYYYXyyyyyyyx,YXXyxxYx,unsolved,ms_unsolved,ms_raw,,,0,,,,,0,,,25,,none,,none,msraw_746
msraw_747,YYYYYYXyyyyyx,YYXyyxyX,unsolved,ms_unsolved,ms_raw,,,0,,,,,0,,,21,,none,,none,msraw_747
msraw_748,YYYYYXyyyyx,YXXyxYxx,unsolved,ms_unsolved,ms_raw,,,0,,,,,0,,,19,,none,,none,msraw_748
msraw_749,YYYYYYYYXyyyyyyyx,YXXYxxyx,unsolved,ms_unsolved,ms_raw,,,0,,,,,0,,,25,,none,,none,msraw_749
msraw_750,YYYXyyx,YXYxxyXX,unsolved,ms_unsolved,ms_raw,,,0,,,,,0,,,15,,none,,none,msraw_750
msraw_751,YYYXyyx,YXXYxYxx,unsolved,ms_unsolved,ms_raw,,,0,,,,,0,,,15,,none,,none,msraw_751
msraw_752,YYYYYYYYXyyyyyyyx,YYYxYXyX,unsolved,ms_unsolved,ms_raw,,,0,,,,,0,,,25,,none,,none,msraw_752
msraw_753,YYYYYYYYXyyyyyyyx,YYYxYXX,unsolved,ms_unsolved,ms_raw,,,0,,,,,0,,,24,,none,,none,msraw_753
msraw_754,YYYYYYXyyyyyx,YYxxYXXX,unsolved,ms_unsolved,ms_raw,,,0,,,,,0,,,21,,none,,none,msraw_754
msraw_755,YYYYXyyyx,YYxyXyX,unsolved,ms_unsolved,ms_raw,,,0,,,,,0,,,16,,none,,none,msraw_755
msraw_756,YYYYYYYYXyyyyyyyx,YYXXyx,unsolved,ms_unsolved,ms_raw,,,0,,,,,0,,,23,,none,,none,msraw_756
msraw_757,YYYYYXyyyyx,YYXyxYx,unsolved,ms_unsolved,ms_raw,,,0,,,,,0,,,18,,none,,none,msraw_757
msraw_758,YYYYYYYXyyyyyyx,YYYXXYx,unsolved,ms_unsolved,ms_raw,,,0,,,,,0,,,22,,none,,none,msraw_758
msraw_759,YYYYYYYXyyyyyyx,YYXXYYx,unsolved,ms_unsolved,ms_raw,,,0,,,,,0,,,22,,none,,none,msraw_759
msraw_760,YYYYYYYXyyyyyyx,YYXYXYx,unsolved,ms_unsolved,ms_raw,,,0,,,,,0,,,22,,none,,none,msraw_760
msraw_761,YYYYYYYXyyyyyyx,YYxxyXXX,unsolved,ms_unsolved,ms_raw,,,0,,,,,0,,,23,,none,,none,msraw_761
msraw_762,YYYYYYYYXyyyyyyyx,YYYxyXYX,unsolved,ms_unsolved,ms_raw,,,0,,,,,0,,,25,,none,,none,msraw_762
msraw_763,YYYYYXyyyyx,YYYxYxyX,unsolved,ms_unsolved,ms_raw,,,0,,,,,0,,,19,,none,,none,msraw_763
msraw_764,YYYYYXyyyyx,YYxxYXXX,unsolved,ms_unsolved,ms_raw,,,0,,,,,0,,,19,,none,,none,msraw_764
msraw_765,YYYYYXyyyyx,YXXXyxx,unsolved,ms_unsolved,ms_raw,,,0,,,,,0,,,18,,none,,none,msraw_765
msraw_766,YYYYYXyyyyx,YYYXyxx,unsolved,ms_unsolved,ms_raw,,,0,,,,,0,,,18,,none,,none,msraw_766
msraw_767,YYYYYYYYXyyyyyyyx,YYXXYxxx,unsolved,ms_unsolved,ms_raw,,,0,,,,,0,,,25,,none,,none,msraw_767
msraw_768,YYYYXyyyx,YYYXXYYx,unsolved,ms_unsolved,ms_raw,,,0,,,,,0,,,17,,none,,none,msraw_768
msraw_769,YYYYXyyyx,YYYXyXyx,unsolved,ms_unsolved,ms_raw,,,0,,,,,0,,,17,,none,,none,msraw_769
msraw_770,YYYYYXyyyyx,YYYxyxyX,unsolved,ms_unsolved,ms_raw,,,0,,,,,0,,,19,,none,,none,msraw_770
msraw_771,YYYYYYYYXyyyyyyyx,YXYXYxxx,unsolved,ms_unsolved,ms_raw,,,0,,,,,0,,,25,,none,,none,msraw_771
msraw_772,YYYYYYYYXyyyyyyyx,YYYxyXyX,unsolved,ms_unsolved,ms_raw,,,0,,,,,0,,,25,,none,,none,msraw_772
msraw_773,YYYXyyx,YXXYxyxx,unsolved,ms_unsolved,ms_raw,,,0,,,,,0,,,15,,none,,none,msraw_773
msraw_774,YYYYXyyyx,YXXYxxx,unsolved,ms_unsolved,ms_raw,,,0,,,,,0,,,16,,none,,none,msraw_774
msraw_775,YYYYYYYXyyyyyyx,YYYXYxYX,unsolved,ms_unsolved,ms_raw,,,0,,,,,0,,,23,,none,,none,msraw_775
msraw_776,YYYYYYYXyyyyyyx,YYXYYxYX,unsolved,ms_unsolved,ms_raw,,,0,,,,,0,,,23,,none,,none,msraw_776
msraw_777,YYYYYXyyyyx,YYYxyXX,unsolved,ms_unsolved,ms_raw,,,0,,,,,0,,,18,,none,,none,msraw_777
msraw_778,YYYYYYXyyyyyx,YYYxxyyX,unsolved,ms_unsolved,ms_raw,,,0,,,,,0,,,21,,none,,none,msraw_778
msraw_779,YYYYYYXyyyyyx,YXXYxYxx,unsolved,ms_unsolved,ms_raw,,,0,,,,,0,,,21,,none,,none,msraw_779
msraw_780,YYYYYYYXyyyyyyx,YYxyXyx,unsolved,ms_unsolved,ms_raw,,,0,,,,,0,,,22,,none,,none,msraw_780
msraw_781,YYYYYYYXyyyyyyx,YYxYXyyx,unsolved,ms_unsolved,ms_raw,,,0,,,,,0,,,23,,none,,none,msraw_781
msraw_782,YYYYYXyyyyx,YYYXXYx,unsolved,ms_unsolved,ms_raw,,,0,,,,,0,,,18,,none,,none,msraw_782
msraw_783,YYYYYXyyyyx,YYXYXYx,unsolved,ms_unsolved,ms_raw,,,0,,,,,0,,,18,,none,,none,msraw_783
msraw_784,YYYYYXyyyyx,YXYXXYxx,unsolved,ms_unsolved,ms_raw,,,0,,,,,0,,,19,,none,,none,msraw_784
msraw_785,YYYYYXyyyyx,YYXXXYxx,unsolved,ms_unsolved,ms_raw,,,0,,,,,0,,,19,,none,,none,msraw_785
msraw_786,YYYYYYYXyyyyyyx,YXXYx,unsolved,ms_unsolved,ms_raw,,,0,,,,,0,,,20,,none,,none,msraw_786
msraw_787,YYYYYYYXyyyyyyx,YYYxyXyx,unsolved,ms_unsolved,ms_raw,,,0,,,,,0,,,23,,none,,none,msraw_787
msraw_788,YYYYYYYXyyyyyyx,YYxyxyX,unsolved,ms_unsolved,ms_raw,,,0,,,,,0,,,22,,none,,none,msraw_788
msraw_789,YYYYYYXyyyyyx,YYxYXYX,unsolved,ms_unsolved,ms_raw,,,0,,,,,0,,,20,,none,,none,msraw_789
msraw_790,YYYYYYYXyyyyyyx,YYXYxyyx,unsolved,ms_unsolved,ms_raw,,,0,,,,,0,,,23,,none,,none,msraw_790
msraw_791,YYYYYYYYXyyyyyyyx,YYxxyXXX,unsolved,ms_unsolved,ms_raw,,,0,,,,,0,,,25,,none,,none,msraw_791
msraw_792,YYYYYYXyyyyyx,YYxYxyX,unsolved,ms_unsolved,ms_raw,,,0,,,,,0,,,20,,none,,none,msraw_792
msraw_793,YYYYYYYXyyyyyyx,YYYXyxyx,unsolved,ms_unsolved,ms_raw,,,0,,,,,0,,,23,,none,,none,msraw_793
msraw_794,YYYYXyyyx,YYxxxyXX,unsolved,ms_unsolved,ms_raw,,,0,,,,,0,,,17,,none,,none,msraw_794
msraw_795,YYYYYXyyyyx,YYXYxYX,unsolved,ms_unsolved,ms_raw,,,0,,,,,0,,,18,,none,,none,msraw_795
msraw_796,YYYYYYYYXyyyyyyyx,YYXyxyX,unsolved,ms_unsolved,ms_raw,,,0,,,,,0,,,24,,none,,none,msraw_796
msraw_797,YYYYYYXyyyyyx,YXYxxYXX,unsolved,ms_unsolved,ms_raw,,,0,,,,,0,,,21,,none,,none,msraw_797
msraw_798,YYYYYYXyyyyyx,YYxxxYXX,unsolved,ms_unsolved,ms_raw,,,0,,,,,0,,,21,,none,,none,msraw_798
msraw_799,YYYYYXyyyyx,YYYXyxyX,unsolved,ms_unsolved,ms_raw,,,0,,,,,0,,,19,,none,,none,msraw_799
msraw_800,YYYYYYYYXyyyyyyyx,YYYXYYxx,unsolved,ms_unsolved,ms_raw,,,0,,,,,0,,,25,,none,,none,msraw_800
msraw_801,YYYYYYYYXyyyyyyyx,YYXXXYxx,unsolved,ms_unsolved,ms_raw,,,0,,,,,0,,,25,,none,,none,msraw_801
msraw_802,YYYXyyx,YXXXYxx,unsolved,ms_unsolved,ms_raw,,,0,,,,,0,,,14,,none,,none,msraw_802
msraw_803,YYYYYYYYXyyyyyyyx,YXYXXYxx,unsolved,ms_unsolved,ms_raw,,,0,,,,,0,,,25,,none,,none,msraw_803
msraw_804,YYYYYYXyyyyyx,YYYxxYX,unsolved,ms_unsolved,ms_raw,,,0,,,,,0,,,20,,none,,none,msraw_804
msraw_805,YYYYYXyyyyx,YXYxYx,unsolved,ms_unsolved,ms_raw,,,0,,,,,0,,,17,,none,,none,msraw_805
msraw_806,YYYYYYYXyyyyyyx,YYxyxYX,unsolved,ms_unsolved,ms_raw,,,0,,,,,0,,,22,,none,,none,msraw_806
msraw_807,YYYYYYYXyyyyyyx,YYXyxx,unsolved,ms_unsolved,ms_raw,,,0,,,,,0,,,21,,none,,none,msraw_807
msraw_808,YYYYXyyyx,YXYxxYXX,unsolved,ms_unsolved,ms_raw,,,0,,,,,0,,,17,,none,,none,msraw_808
msraw_809,YYYYYYYYXyyyyyyyx,YYYxyyXX,unsolved,ms_unsolved,ms_raw,,,0,,,,,0,,,25,,none,,none,msraw_809
msraw_810,YYYYYYYXyyyyyyx,YXXyxYxx,unsolved,ms_unsolved,ms_raw,,,0,,,,,0,,,23,,none,,none,msraw_810
msraw_811,YYYYYYXyyyyyx,YXXYxxyX,unsolved,ms_unsolved,ms_raw,,,0,,,,,0,,,21,,none,,none,msraw_811
msraw_812,YYYYYYXyyyyyx,YYYYxxyX,unsolved,ms_unsolved,ms_raw,,,0,,,,,0,,,21,,none,,none,msraw_812
msraw_813,YYYYYYXyyyyyx,YYxyxYX,unsolved,ms_unsolved,ms_raw,,,0,,,,,0,,,20,,none,,none,msraw_813
msraw_814,YYYYYXyyyyx,YXYxxxyX,unsolved,ms_unsolved,ms_raw,,,0,,,,,0,,,19,,none,,none,msraw_814
msraw_815,YYYYXyyyx,YYxxxYXX,unsolved,ms_unsolved,ms_raw,,,0,,,,,0,,,17,,none,,none,msraw_815
msraw_816,YYYYYXyyyyx,YYXYxyyx,unsolved,ms_unsolved,ms_raw,,,0,,,,,0,,,19,,none,,none,msraw_816
msraw_817,YYYXyyx,YXXyXyxx,unsolved,ms_unsolved,ms_raw,,,0,,,,,0,,,15,,none,,none,msraw_817
msraw_818,YYYYXyyyx,YYxxyX,unsolved,ms_unsolved,ms_raw,,,0,,,,,0,,,15,,none,,none,msraw_818
msraw_819,YYYYYXyyyyx,YXXXyxYx,unsolved,ms_unsolved,ms_raw,,,0,,,,,0,,,19,,none,,none,msraw_819
msraw_820,YYYYYXyyyyx,YYYXyxYx,unsolved,ms_unsolved,ms_raw,,,0,,,,,0,,,19,,none,,none,msraw_820
msraw_821,YYYYYYYXyyyyyyx,YXXXyxYx,unsolved,ms_unsolved,ms_raw,,,0,,,,,0,,,23,,none,,none,msraw_821
msraw_822,YYYYYYYXyyyyyyx,YYYXyxYx,unsolved,ms_unsolved,ms_raw,,,0,,,,,0,,,23,,none,,none,msraw_822
msraw_823,YYYYXyyyx,YXXyxxx,unsolved,ms_unsolved,ms_raw,,,0,,,,,0,,,16,,none,,none,msraw_823
msraw_824,YYYYYYYYXyyyyyyyx,YYxYXyX,unsolved,ms_unsolved,ms_raw,,,0,,,,,0,,,24,,none,,none,msraw_824
msraw_825,YYYYYYYYXyyyyyyyx,YXXYxYxx,unsolved,ms_unsolved,ms_raw,,,0,,,,,0,,,25,,none,,none,msraw_825
msraw_826,YYYYYYYXyyyyyyx,YXyXXyxx,unsolved,ms_unsolved,ms_raw,,,0,,,,,0,,,23,,none,,none,msraw_826
msraw_827,YYYYYYYYXyyyyyyyx,YXXYxxx,unsolved,ms_unsolved,ms_raw,,,0,,,,,0,,,24,,none,,none,msraw_827
msraw_828,YYYYYYXyyyyyx,YYYxyxYX,unsolved,ms_unsolved,ms_raw,,,0,,,,,0,,,21,,none,,none,msraw_828
msraw_829,YYYYXyyyx,YXXXyxx,unsolved,ms_unsolved,ms_raw,,,0,,,,,0,,,16,,none,,none,msraw_829
msraw_830,YYYYXyyyx,YYYXyxx,unsolved,ms_unsolved,ms_raw,,,0,,,,,0,,,16,,none,,none,msraw_830
msraw_831,YYYYYYXyyyyyx,YYxyXYX,unsolved,ms_unsolved,ms_raw,,,0,,,,,0,,,20,,none,,none,msraw_831
msraw_832,YYYYYYYXyyyyyyx,YYxxyX,unsolved,ms_unsolved,ms_raw,,,0,,,,,0,,,21,,none,,none,msraw_832
msraw_833,YYYYYYXyyyyyx,YYXyyxYX,unsolved,ms_unsolved,ms_raw,,,0,,,,,0,,,21,,none,,none,msraw_833
msraw_834,YYYYYYYYXyyyyyyyx,YYXyyXyx,unsolved,ms_unsolved,ms_raw,,,0,,,,,0,,,25,,none,,none,msraw_834
msraw_835,YYYYYYYYXyyyyyyyx,YYYxYxYX,unsolved,ms_unsolved,ms_raw,,,0,,,,,0,,,25,,none,,none,msraw_835
msraw_836,YYYYYXyyyyx,YYXYxYx,unsolved,ms_unsolved,ms_raw,,,0,,,,,0,,,18,,none,,none,msraw_836
msraw_837,YYYYYYYYXyyyyyyyx,YYYxyxYX,unsolved,ms_unsolved,ms_raw,,,0,,,,,0,,,25,,none,,none,msraw_837
msraw_838,YYYYYYXyyyyyx,YYYYXXyx,unsolved,ms_unsolved,ms_raw,,,0,,,,,0,,,21,,none,,none,msraw_838
msraw_839,YYYYYYYYXyyyyyyyx,YYXyyxyX,unsolved,ms_unsolved,ms_raw,,,0,,,,,0,,,25,,none,,none,msraw_839
msraw_840,YYYYXyyyx,YXXYxYxx,unsolved,ms_unsolved,ms_raw,,,0,,,,,0,,,17,,none,,none,msraw_840
msraw_841,YYYYYYXyyyyyx,YYYxyXyx,unsolved,ms_unsolved,ms_raw,,,0,,,,,0,,,21,,none,,none,msraw_841
msraw_842,YYYYYYYYXyyyyyyyx,YYxyxyX,unsolved,ms_unsolved,ms_raw,,,0,,,,,0,,,24,,none,,none,msraw_842
msraw_843,YYYYYYXyyyyyx,YXyXXyxx,unsolved,ms_unsolved,ms_raw,,,0,,,,,0,,,21,,none,,none,msraw_843
msraw_844,YYYYYYXyyyyyx,YYxyXyx,unsolved,ms_unsolved,ms_raw,,,0,,,,,0,,,20,,none,,none,msraw_844
msraw_845,YYYYYYYXyyyyyyx,YYYYxyXX,unsolved,ms_unsolved,ms_raw,,,0,,,,,0,,,23,,none,,none,msraw_845
msraw_846,YYYYYXyyyyx,YYYxxYYX,unsolved,ms_unsolved,ms_raw,,,0,,,,,0,,,19,,none,,none,msraw_846
msraw_847,YYYYXyyyx,YYYXyxYx,unsolved,ms_unsolved,ms_raw,,,0,,,,,0,,,17,,none,,none,msraw_847
msraw_848,YYYYXyyyx,YXXXyxYx,unsolved,ms_unsolved,ms_raw,,,0,,,,,0,,,17,,none,,none,msraw_848
msraw_849,YYYYYXyyyyx,YXYxxYXX,unsolved,ms_unsolved,ms_raw,,,0,,,,,0,,,19,,none,,none,msraw_849
msraw_850,YYYYYYYXyyyyyyx,YYxxxyXX,unsolved,ms_unsolved,ms_raw,,,0,,,,,0,,,23,,none,,none,msraw_850
msraw_851,YYYYYYYYXyyyyyyyx,YYxyXYX,unsolved,ms_unsolved,ms_raw,,,0,,,,,0,,,24,,none,,none,msraw_851
msraw_852,YYYYYXyyyyx,YYXYYXyx,unsolved,ms_unsolved,ms_raw,,,0,,,,,0,,,19,,none,,none,msraw_852
msraw_853,YYYYYXyyyyx,YYYXYXyx,unsolved,ms_unsolved,ms_raw,,,0,,,,,0,,,19,,none,,none,msraw_853
msraw_854,YYYYYXyyyyx,YYYYXXyx,unsolved,ms_unsolved,ms_raw,,,0,,,,,0,,,19,,none,,none,msraw_854
msraw_855,YYYYYYYXyyyyyyx,YYxYXYYx,unsolved,ms_unsolved,ms_raw,,,0,,,,,0,,,23,,none,,none,msraw_855
msraw_856,YYYYYYYXyyyyyyx,YYYYxxYX,unsolved,ms_unsolved,ms_raw,,,0,,,,,0,,,23,,none,,none,msraw_856
msraw_857,YYYYYYXyyyyyx,YYXYYXYx,unsolved,ms_unsolved,ms_raw,,,0,,,,,0,,,21,,none,,none,msraw_857
msraw_858,YYYYYYXyyyyyx,YYXYXYYx,unsolved,ms_unsolved,ms_raw,,,0,,,,,0,,,21,,none,,none,msraw_858
msraw_859,YYYYYYYXyyyyyyx,YXXYxyxx,unsolved,ms_unsolved,ms_raw,,,0,,,,,0,,,23,,none,,none,msraw_859
msraw_860,YYYYYYYYXyyyyyyyx,YYxxyX,unsolved,ms_unsolved,ms_raw,,,0,,,,,0,,,23,,none,,none,msraw_860
msraw_861,YYYYXyyyx,YYxyXyx,unsolved,ms_unsolved,ms_raw,,,0,,,,,0,,,16,,none,,none,msraw_861
msraw_862,YYYYYXyyyyx,YYXyXYx,unsolved,ms_unsolved,ms_raw,,,0,,,,,0,,,18,,none,,none,msraw_862
msraw_863,YYYYYXyyyyx,YYXYxx,unsolved,ms_unsolved,ms_raw,,,0,,,,,0,,,17,,none,,none,msraw_863
msraw_864,YYYYYYYYXyyyyyyyx,YXXXyxx,unsolved,ms_unsolved,ms_raw,,,0,,,,,0,,,24,,none,,none,msraw_864
msraw_865,YYYYYYYYXyyyyyyyx,YYYXyxx,unsolved,ms_unsolved,ms_raw,,,0,,,,,0,,,24,,none,,none,msraw_865
msraw_866,YYYYYYYYXyyyyyyyx,YYxYXyyX,unsolved,ms_unsolved,ms_raw,,,0,,,,,0,,,25,,none,,none,msraw_866
msraw_867,YYYYXyyyx,YYxYYxyX,unsolved,ms_unsolved,ms_raw,,,0,,,,,0,,,17,,none,,none,msraw_867
msraw_868,YYYYYYXyyyyyx,YYXYYxyX,unsolved,ms_unsolved,ms_raw,,,0,,,,,0,,,21,,none,,none,msraw_868
msraw_869,YYYYYYYXyyyyyyx,YYXyyXyx,unsolved,ms_unsolved,ms_raw,,,0,,,,,0,,,23,,none,,none,msraw_869
msraw_870,YYYYYYYYXyyyyyyyx,YYYXXYx,unsolved,ms_unsolved,ms_raw,,,0,,,,,0,,,24,,none,,none,msraw_870
msraw_871,YYYYYYXyyyyyx,YYYxYXyX,unsolved,ms_unsolved,ms_raw,,,0,,,,,0,,,21,,none,,none,msraw_871
msraw_872,YYYYYYYYXyyyyyyyx,YYXXYYx,unsolved,ms_unsolved,ms_raw,,,0,,,,,0,,,24,,none,,none,msraw_872
msraw_873,YYYYYYYYXyyyyyyyx,YYYYxxYX,unsolved,ms_unsolved,ms_raw,,,0,,,,,0,,,25,,none,,none,msraw_873
msraw_874,YYYYYYYYXyyyyyyyx,YYXYXYx,unsolved,ms_unsolved,ms_raw,,,0,,,,,0,,,24,,none,,none,msraw_874
msraw_875,YYYYYYYYXyyyyyyyx,YYYxyXyx,unsolved,ms_unsolved,ms_raw,,,0,,,,,0,,,25,,none,,none,msraw_875
msraw_876,YYYYYYYYXyyyyyyyx,YYXYxx,unsolved,ms_unsolved,ms_raw,,,0,,,,,0,,,23,,none,,none,msraw_876
msraw_877,YYYYYYYYXyyyyyyyx,YYYxxyX,unsolved,ms_unsolved,ms_raw,,,0,,,,,0,,,24,,none,,none,msraw_877
msraw_878,YYYXyyx,YXXYxxx,unsolved,ms_unsolved,ms_raw,,,0,,,,,0,,,14,,none,,none,msraw_878
msraw_879,YYYYYYYYXyyyyyyyx,YYYxxYYX,unsolved,ms_unsolved,ms_raw,,,0,,,,,0,,,25,,none,,none,msraw_879
msraw_880,YYYYYYYYXyyyyyyyx,YXYxxYXX,unsolved,ms_unsolved,ms_raw,,,0,,,,,0,,,25,,none,,none,msraw_880
msraw_881,YYYYYXyyyyx,YYYxyXYX,unsolved,ms_unsolved,ms_raw,,,0,,,,,0,,,19,,none,,none,msraw_881
msraw_882,YYYYYXyyyyx,YXYxyx,unsolved,ms_unsolved,ms_raw,,,0,,,,,0,,,17,,none,,none,msraw_882
msraw_883,YYYYYYXyyyyyx,YYYxYXYx,unsolved,ms_unsolved,ms_raw,,,0,,,,,0,,,21,,none,,none,msraw_883
msraw_884,YYYYYXyyyyx,YYYxYXYx,unsolved,ms_unsolved,ms_raw,,,0,,,,,0,,,19,,none,,none,msraw_884
msraw_885,YYYYYYYYXyyyyyyyx,YYXyyXYx,unsolved,ms_unsolved,ms_raw,,,0,,,,,0,,,25,,none,,none,msraw_885
msraw_886,YYYYYYXyyyyyx,YXXYxxyx,unsolved,ms_unsolved,ms_raw,,,0,,,,,0,,,21,,none,,none,msraw_886
msraw_887,YYYYYYYXyyyyyyx,YXYXYx,unsolved,ms_unsolved,ms_raw,,,0,,,,,0,,,21,,none,,none,msraw_887
msraw_888,YYYYYYYXyyyyyyx,YYXXYx,unsolved,ms_unsolved,ms_raw,,,0,,,,,0,,,21,,none,,none,msraw_888
msraw_889,YYYYYYYYXyyyyyyyx,YXXyxYxx,unsolved,ms_unsolved,ms_raw,,,0,,,,,0,,,25,,none,,none,msraw_889
msraw_890,YYYYYYYYXyyyyyyyx,YXyXYx,unsolved,ms_unsolved,ms_raw,,,0,,,,,0,,,23,,none,,none,msraw_890
msraw_891,YYYYYYXyyyyyx,YYXXYx,unsolved,ms_unsolved,ms_raw,,,0,,,,,0,,,19,,none,,none,msraw_891
msraw_892,YYYYYYYXyyyyyyx,YYXYYxyX,unsolved,ms_unsolved,ms_raw,,,0,,,,,0,,,23,,none,,none,msraw_892
msraw_893,YYYYYYXyyyyyx,YXYXYx,unsolved,ms_unsolved,ms_raw,,,0,,,,,0,,,19,,none,,none,msraw_893
msraw_894,YYYYYYYXyyyyyyx,YXYxxYXX,unsolved,ms_unsolved,ms_raw,,,0,,,,,0,,,23,,none,,none,msraw_894
msraw_895,YYYYYYYYXyyyyyyyx,YYxYxyX,unsolved,ms_unsolved,ms_raw,,,0,,,,,0,,,24,,none,,none,msraw_895
msraw_896,YYYYYXyyyyx,YXyXXyxx,unsolved,ms_unsolved,ms_raw,,,0,,,,,0,,,19,,none,,none,msraw_896
msraw_897,YYYYYYXyyyyyx,YYxYXyyx,unsolved,ms_unsolved,ms_raw,,,0,,,,,0,,,21,,none,,none,msraw_897
msraw_898,YYYYXyyyx,YXYxx,unsolved,ms_unsolved,ms_raw,,,0,,,,,0,,,14,,none,,none,msraw_898
msraw_899,YYYYYYYYXyyyyyyyx,YYXyxYx,unsolved,ms_unsolved,ms_raw,,,0,,,,,0,,,24,,none,,none,msraw_899
msraw_900,YYYXyyx,YXXXYxYx,unsolved,ms_unsolved,ms_raw,,,0,,,,,0,,,15,,none,,none,msraw_900
msraw_901,YYYYYYYXyyyyyyx,YYxyXyX,unsolved,ms_unsolved,ms_raw,,,0,,,,,0,,,22,,none,,none,msraw_901
msraw_902,YYYXyyx,YXXXYxyx,unsolved,ms_unsolved,ms_raw,,,0,,,,,0,,,15,,none,,none,msraw_902
msraw_903,YYYYYYYXyyyyyyx,YXXyXYxx,unsolved,ms_unsolved,ms_raw,,,0,,,,,0,,,23,,none,,none,msraw_903
msraw_904,YYYYYYYXyyyyyyx,YYXXyx,unsolved,ms_unsolved,ms_raw,,,0,,,,,0,,,21,,none,,none,msraw_904
msraw_905,YYYYYYYYXyyyyyyyx,YYYYxYXX,unsolved,ms_unsolved,ms_raw,,,0,,,,,0,,,25,,none,,none,msraw_905
msraw_906,YYYYYYXyyyyyx,YXyXYxxx,unsolved,ms_unsolved,ms_raw,,,0,,,,,0,,,21,,none,,none,msraw_906
msraw_907,YYYYYYXyyyyyx,YXYXXYxx,unsolved,ms_unsolved,ms_raw,,,0,,,,,0,,,21,,none,,none,msraw_907
msraw_908,YYYYYXyyyyx,YYYXYxx,unsolved,ms_unsolved,ms_raw,,,0,,,,,0,,,18,,none,,none,msraw_908
msraw_909,YYYYYXyyyyx,YXXXYxx,unsolved,ms_unsolved,ms_raw,,,0,,,,,0,,,18,,none,,none,msraw_909
msraw_910,YYYYYYXyyyyyx,YYXXXYxx,unsolved,ms_unsolved,ms_raw,,,0,,,,,0,,,21,,none,,none,msraw_910
msraw_911,YYYYYYYYXyyyyyyyx,YXYxx,unsolved,ms_unsolved,ms_raw,,,0,,,,,0,,,22,,none,,none,msraw_911
msraw_912,YYYYXyyyx,YYXXYxxx,unsolved,ms_unsolved,ms_raw,,,0,,,,,0,,,17,,none,,none,msraw_912
msraw_913,YYYYXyyyx,YXYXYxxx,unsolved,ms_unsolved,ms_raw,,,0,,,,,0,,,17,,none,,none,msraw_913
msraw_914,YYYYYYYXyyyyyyx,YXyXYxxx,unsolved,ms_unsolved,ms_raw,,,0,,,,,0,,,23,,none,,none,msraw_914
msraw_915,YYYYYXyyyyx,YXyXYx,unsolved,ms_unsolved,ms_raw,,,0,,,,,0,,,17,,none,,none,msraw_915
msraw_916,YYYYYYYXyyyyyyx,YYXYxYX,unsolved,ms_unsolved,ms_raw,,,0,,,,,0,,,22,,none,,none,msraw_916
msraw_917,YYYYXyyyx,YXXYXyxx,unsolved,ms_unsolved,ms_raw,,,0,,,,,0,,,17,,none,,none,msraw_917
msraw_918,YYYYXyyyx,YXYXXyxx,unsolved,ms_unsolved,ms_raw,,,0,,,,,0,,,17,,none,,none,msraw_918
msraw_919,YYYYYYYYXyyyyyyyx,YYYXXYYx,unsolved,ms_unsolved,ms_raw,,,0,,,,,0,,,25,,none,,none,msraw_919
msraw_920,YYYYXyyyx,YYXXXyxx,unsolved,ms_unsolved,ms_raw,,,0,,,,,0,,,17,,none,,none,msraw_920
msraw_921,YYYYYYYXyyyyyyx,YYXyXYx,unsolved,ms_unsolved,ms_raw,,,0,,,,,0,,,22,,none,,none,msraw_921
msraw_922,YYYYYYYYXyyyyyyyx,YYXYYXYx,unsolved,ms_unsolved,ms_raw,,,0,,,,,0,,,25,,none,,none,msraw_922
msraw_923,YYYYYYYYXyyyyyyyx,YYYXYXYx,unsolved,ms_unsolved,ms_raw,,,0,,,,,0,,,25,,none,,none,msraw_923
msraw_924,YYYYYYXyyyyyx,YYYxYxYX,unsolved,ms_unsolved,ms_raw,,,0,,,,,0,,,21,,none,,none,msraw_924
msraw_925,YYYYYYYYXyyyyyyyx,YYXYXYYx,unsolved,ms_unsolved,ms_raw,,,0,,,,,0,,,25,,none,,none,msraw_925
msraw_926,YYYXyyx,YXyXyxxx,unsolved,ms_unsolved,ms_raw,,,0,,,,,0,,,15,,none,,none,msraw_926
msraw_927,YYYYYYYXyyyyyyx,YYYXYxx,unsolved,ms_unsolved,ms_raw,,,0,,,,,0,,,22,,none,,none,msraw_927
msraw_928,YYYYYYYXyyyyyyx,YYXYYxx,unsolved,ms_unsolved,ms_raw,,,0,,,,,0,,,22,,none,,none,msraw_928
msraw_929,YYYYYYYXyyyyyyx,YXXXYxx,unsolved,ms_unsolved,ms_raw,,,0,,,,,0,,,22,,none,,none,msraw_929
msraw_930,YYYYYYYXyyyyyyx,YYYYxYXX,unsolved,ms_unsolved,ms_raw,,,0,,,,,0,,,23,,none,,none,msraw_930
msraw_931,YYYYYYYXyyyyyyx,YXXyXyxx,unsolved,ms_unsolved,ms_raw,,,0,,,,,0,,,23,,none,,none,msraw_931
msraw_932,YYYYYYYXyyyyyyx,YYXYYXYx,unsolved,ms_unsolved,ms_raw,,,0,,,,,0,,,23,,none,,none,msraw_932
msraw_933,YYYYYYXyyyyyx,YYYYxyXX,unsolved,ms_unsolved,ms_raw,,,0,,,,,0,,,21,,none,,none,msraw_933
msraw_934,YYYYXyyyx,YYYXyxyX,unsolved,ms_unsolved,ms_raw,,,0,,,,,0,,,17,,none,,none,msraw_934
msraw_935,YYYYYYYXyyyyyyx,YYxyXYX,unsolved,ms_unsolved,ms_raw,,,0,,,,,0,,,22,,none,,none,msraw_935
msraw_936,YYYYYYYXyyyyyyx,YXyXYx,unsolved,ms_unsolved,ms_raw,,,0,,,,,0,,,21,,none,,none,msraw_936
msraw_937,YYYYYYXyyyyyx,YXXyxYxx,unsolved,ms_unsolved,ms_raw,,,0,,,,,0,,,21,,none,,none,msraw_937
msraw_938,YYYYYXyyyyx,YXyXYxxx,unsolved,ms_unsolved,ms_raw,,,0,,,,,0,,,19,,none,,none,msraw_938
msraw_939,YYYYXyyyx,YXXYx,unsolved,ms_unsolved,ms_raw,,,0,,,,,0,,,14,,none,,none,msraw_939
msraw_940,YYYYXyyyx,YYxYxyX,unsolved,ms_unsolved,ms_raw,,,0,,,,,0,,,16,,none,,none,msraw_940
msraw_941,YYYYYYXyyyyyx,YXXYXyxx,unsolved,ms_unsolved,ms_raw,,,0,,,,,0,,,21,,none,,none,msraw_941
msraw_942,YYYYYYXyyyyyx,YXYXXyxx,unsolved,ms_unsolved,ms_raw,,,0,,,,,0,,,21,,none,,none,msraw_942
msraw_943,YYYYYYXyyyyyx,YYXXXyxx,unsolved,ms_unsolved,ms_raw,,,0,,,,,0,,,21,,none,,none,msraw_943
msraw_944,YYYYYYXyyyyyx,YYYYXyxx,unsolved,ms_unsolved,ms_raw,,,0,,,,,0,,,21,,none,,none,msraw_944
msraw_945,YYYYYYYXyyyyyyx,YYYXyXYx,unsolved,ms_unsolved,ms_raw,,,0,,,,,0,,,23,,none,,none,msraw_945
msraw_946,YYYYYYXyyyyyx,YXXYxxYx,unsolved,ms_unsolved,ms_raw,,,0,,,,,0,,,21,,none,,none,msraw_946
msraw_947,YYYYYYYYXyyyyyyyx,YYYxxyyX,unsolved,ms_unsolved,ms_raw,,,0,,,,,0,,,25,,none,,none,msraw_947
msraw_948,YYYXyyx,YXXyXYxx,unsolved,ms_unsolved,ms_raw,,,0,,,,,0,,,15,,none,,none,msraw_948
msraw_949,YYYYYXyyyyx,YXYxx,unsolved,ms_unsolved,ms_raw,,,0,,,,,0,,,16,,none,,none,msraw_949
msraw_950,YYYYYYYYXyyyyyyyx,YXXYx,unsolved,ms_unsolved,ms_raw,,,0,,,,,0,,,22,,none,,none,msraw_950
msraw_951,YYYYYYYYXyyyyyyyx,YYYxyxyX,unsolved,ms_unsolved,ms_raw,,,0,,,,,0,,,25,,none,,none,msraw_951
msraw_952,YYYYYYYYXyyyyyyyx,YYYxYYXX,unsolved,ms_unsolved,ms_raw,,,0,,,,,0,,,25,,none,,none,msraw_952
msraw_953,YYYYYYYYXyyyyyyyx,YYYxYXYX,unsolved,ms_unsolved,ms_raw,,,0,,,,,0,,,25,,none,,none,msraw_953
msraw_954,YYYYXyyyx,YXYxyx,unsolved,ms_unsolved,ms_raw,,,0,,,,,0,,,15,,none,,none,msraw_954
msraw_956,YYYYYYYYXyyyyyyyx,YXYxxyXX,unsolved,ms_unsolved,ms_raw,,,0,,,,,0,,,25,,none,,none,msraw_956
msraw_957,YYYYYYYYXyyyyyyyx,YYxYxYX,unsolved,ms_unsolved,ms_raw,,,0,,,,,0,,,24,,none,,none,msraw_957
msraw_958,YYYYYYYYXyyyyyyyx,YYXYxYYx,unsolved,ms_unsolved,ms_raw,,,0,,,,,0,,,25,,none,,none,msraw_958
msraw_959,YYYYYYXyyyyyx,YYXYYxx,unsolved,ms_unsolved,ms_raw,,,0,,,,,0,,,20,,none,,none,msraw_959
msraw_960,YYYYXyyyx,YXyXXYxx,unsolved,ms_unsolved,ms_raw,,,0,,,,,0,,,17,,none,,none,msraw_960
msraw_961,YYYYYYXyyyyyx,YXXXYxx,unsolved,ms_unsolved,ms_raw,,,0,,,,,0,,,20,,none,,none,msraw_961
msraw_962,YYYYYYXyyyyyx,YYxYYxyX,unsolved,ms_unsolved,ms_raw,,,0,,,,,0,,,21,,none,,none,msraw_962
msraw_963,YYYYYYXyyyyyx,YXXXYxYx,unsolved,ms_unsolved,ms_raw,,,0,,,,,0,,,21,,none,,none,msraw_963
msraw_964,YYYYYXyyyyx,YYXXYxxx,unsolved,ms_unsolved,ms_raw,,,0,,,,,0,,,19,,none,,none,msraw_964
msraw_965,YYYYYYXyyyyyx,YYXYYxYx,unsolved,ms_unsolved,ms_raw,,,0,,,,,0,,,21,,none,,none,msraw_965
msraw_966,YYYYYXyyyyx,YXYXYxxx,unsolved,ms_unsolved,ms_raw,,,0,,,,,0,,,19,,none,,none,msraw_966
msraw_967,YYYYYYXyyyyyx,YYYxYxyX,unsolved,ms_unsolved,ms_raw,,,0,,,,,0,,,21,,none,,none,msraw_967
msraw_968,YYYYYYYXyyyyyyx,YYYXyXyx,unsolved,ms_unsolved,ms_raw,,,0,,,,,0,,,23,,none,,none,msraw_968
msraw_969,YYYYYYYYXyyyyyyyx,YXXyXYxx,unsolved,ms_unsolved,ms_raw,,,0,,,,,0,,,25,,none,,none,msraw_969
msraw_970,YYYYXyyyx,YYYXXyx,unsolved,ms_unsolved,ms_raw,,,0,,,,,0,,,16,,none,,none,msraw_970
msraw_971,YYYYYYXyyyyyx,YXyXXYxx,unsolved,ms_unsolved,ms_raw,,,0,,,,,0,,,21,,none,,none,msraw_971
msraw_972,YYYYYYYXyyyyyyx,YXXYxxYx,unsolved,ms_unsolved,ms_raw,,,0,,,,,0,,,23,,none,,none,msraw_972
msraw_973,YYYYYXyyyyx,YYXyxYYx,unsolved,ms_unsolved,ms_raw,,,0,,,,,0,,,19,,none,,none,msraw_973
msraw_974,YYYYXyyyx,YXyXYxxx,unsolved,ms_unsolved,ms_raw,,,0,,,,,0,,,17,,none,,none,msraw_974
msraw_975,YYYXyyx,YXXYxxyx,unsolved,ms_unsolved,ms_raw,,,0,,,,,0,,,15,,none,,none,msraw_975
msraw_976,YYYYYYYXyyyyyyx,YXyXyxxx,unsolved,ms_unsolved,ms_raw,,,0,,,,,0,,,23,,none,,none,msraw_976
msraw_977,YYYYYYYYXyyyyyyyx,YYYxxYX,unsolved,ms_unsolved,ms_raw,,,0,,,,,0,,,24,,none,,none,msraw_977
msraw_978,YYYYYYYYXyyyyyyyx,YYxxYXXX,unsolved,ms_unsolved,ms_raw,,,0,,,,,0,,,25,,none,,none,msraw_978
msraw_979,YYYYYXyyyyx,YXXyxxYx,unsolved,ms_unsolved,ms_raw,,,0,,,,,0,,,19,,none,,none,msraw_979
msraw_980,YYYYXyyyx,YXXYxxYx,unsolved,ms_unsolved,ms_raw,,,0,,,,,0,,,17,,none,,none,msraw_980
msraw_981,YYYYYYXyyyyyx,YYxxyXXX,unsolved,ms_unsolved,ms_raw,,,0,,,,,0,,,21,,none,,none,msraw_981
msraw_982,YYYYYYYYXyyyyyyyx,YYxYXYx,unsolved,ms_unsolved,ms_raw,,,0,,,,,0,,,24,,none,,none,msraw_982
msraw_983,YYYYXyyyx,YXXYxxyX,unsolved,ms_unsolved,ms_raw,,,0,,,,,0,,,17,,none,,none,msraw_983
msraw_984,YYYYYYXyyyyyx,YYxxYX,unsolved,ms_unsolved,ms_raw,,,0,,,,,0,,,19,,none,,none,msraw_984
msraw_985,YYYYYYYXyyyyyyx,YYXyXyx,unsolved,ms_unsolved,ms_raw,,,0,,,,,0,,,22,,none,,none,msraw_985
msraw_986,YYYYXyyyx,YYXXyxxx,unsolved,ms_unsolved,ms_raw,,,0,,,,,0,,,17,,none,,none,msraw_986
msraw_987,YYYYXyyyx,YXYXyxxx,unsolved,ms_unsolved,ms_raw,,,0,,,,,0,,,17,,none,,none,msraw_987
msraw_988,YYYYYXyyyyx,YXXyxxx,unsolved,ms_unsolved,ms_raw,,,0,,,,,0,,,18,,none,,none,msraw_988
msraw_989,YYYYYYYXyyyyyyx,YYxYXyyX,unsolved,ms_unsolved,ms_raw,,,0,,,,,0,,,23,,none,,none,msraw_989
msraw_990,YYYYYYYXyyyyyyx,YYXXyxxx,unsolved,ms_unsolved,ms_raw,,,0,,,,,0,,,23,,none,,none,msraw_990
msraw_991,YYYYYYYXyyyyyyx,YXYXyxxx,unsolved,ms_unsolved,ms_raw,,,0,,,,,0,,,23,,none,,none,msraw_991
msraw_992,YYYYYYYYXyyyyyyyx,YYXYYXyx,unsolved,ms_unsolved,ms_raw,,,0,,,,,0,,,25,,none,,none,msraw_992
msraw_993,YYYYYYYYXyyyyyyyx,YYYXYXyx,unsolved,ms_unsolved,ms_raw,,,0,,,,,0,,,25,,none,,none,msraw_993
msraw_994,YYYYYYYXyyyyyyx,YYXyXYYx,unsolved,ms_unsolved,ms_raw,,,0,,,,,0,,,23,,none,,none,msraw_994
msraw_995,YYYYYYYYXyyyyyyyx,YYXYxYX,unsolved,ms_unsolved,ms_raw,,,0,,,,,0,,,24,,none,,none,msraw_995
msraw_996,YYYYYYYYXyyyyyyyx,YXyXYxxx,unsolved,ms_unsolved,ms_raw,,,0,,,,,0,,,25,,none,,none,msraw_996
msraw_997,YYYYYYYYXyyyyyyyx,YYxyxYX,unsolved,ms_unsolved,ms_raw,,,0,,,,,0,,,24,,none,,none,msraw_997
msraw_998,YYYYYYYYXyyyyyyyx,YYYxYXYx,unsolved,ms_unsolved,ms_raw,,,0,,,,,0,,,25,,none,,none,msraw_998
msraw_999,YYYYYYYYXyyyyyyyx,YYxYXYX,unsolved,ms_unsolved,ms_raw,,,0,,,,,0,,,24,,none,,none,msraw_999
msraw_1000,YYYYXyyyx,YXXYxyxx,unsolved,ms_unsolved,ms_raw,,,0,,,,,0,,,17,,none,,none,msraw_1000
msraw_1001,YYYYYYYYXyyyyyyyx,YYXYxyyx,unsolved,ms_unsolved,ms_raw,,,0,,,,,0,,,25,,none,,none,msraw_1001
msraw_1002,YYYYXyyyx,YXyXXyxx,unsolved,ms_unsolved,ms_raw,,,0,,,,,0,,,17,,none,,none,msraw_1002
msraw_1003,YYYYYYXyyyyyx,YYYXYxYX,unsolved,ms_unsolved,ms_raw,,,0,,,,,0,,,21,,none,,none,msraw_1003
msraw_1004,YYYYYYXyyyyyx,YYXYYxYX,unsolved,ms_unsolved,ms_raw,,,0,,,,,0,,,21,,none,,none,msraw_1004
msraw_1005,YYYYXyyyx,YYYYxxYX,unsolved,ms_unsolved,ms_raw,,,0,,,,,0,,,17,,none,,none,msraw_1005
msraw_1006,YYYYYYYYXyyyyyyyx,YYXYxYx,unsolved,ms_unsolved,ms_raw,,,0,,,,,0,,,24,,none,,none,msraw_1006
msraw_1007,YYYYYYYYXyyyyyyyx,YYXXYx,unsolved,ms_unsolved,ms_raw,,,0,,,,,0,,,23,,none,,none,msraw_1007
msraw_1008,YYYYYYYYXyyyyyyyx,YXYXYx,unsolved,ms_unsolved,ms_raw,,,0,,,,,0,,,23,,none,,none,msraw_1008
msraw_1009,YYYYYYXyyyyyx,YYXYxyyx,unsolved,ms_unsolved,ms_raw,,,0,,,,,0,,,21,,none,,none,msraw_1009
msraw_1010,YYYYXyyyx,YYYxYXYx,unsolved,ms_unsolved,ms_raw,,,0,,,,,0,,,17,,none,,none,msraw_1010
msraw_1011,YYYYYYXyyyyyx,YYXYXYx,unsolved,ms_unsolved,ms_raw,,,0,,,,,0,,,20,,none,,none,msraw_1011
msraw_1012,YYYYYYXyyyyyx,YYXXYYx,unsolved,ms_unsolved,ms_raw,,,0,,,,,0,,,20,,none,,none,msraw_1012
msraw_1013,YYYYYYYXyyyyyyx,YYXyxyx,unsolved,ms_unsolved,ms_raw,,,0,,,,,0,,,22,,none,,none,msraw_1013
msraw_1014,YYYYYYYXyyyyyyx,YYXYxyyX,unsolved,ms_unsolved,ms_raw,,,0,,,,,0,,,23,,none,,none,msraw_1014
msraw_1015,YYYYYXyyyyx,YYYXyXyx,unsolved,ms_unsolved,ms_raw,,,0,,,,,0,,,19,,none,,none,msraw_1015
msraw_1016,YYYYYYXyyyyyx,YYYxYXX,unsolved,ms_unsolved,ms_raw,,,0,,,,,0,,,20,,none,,none,msraw_1016
msraw_1017,YYYYYYXyyyyyx,YYxyxyX,unsolved,ms_unsolved,ms_raw,,,0,,,,,0,,,20,,none,,none,msraw_1017
msraw_1018,YYYYYYYYXyyyyyyyx,YYxxYX,unsolved,ms_unsolved,ms_raw,,,0,,,,,0,,,23,,none,,none,msraw_1018
msraw_1019,YYYYYXyyyyx,YYxYXYx,unsolved,ms_unsolved,ms_raw,,,0,,,,,0,,,18,,none,,none,msraw_1019
msraw_1020,YYYYXyyyx,YXXYxxyx,unsolved,ms_unsolved,ms_raw,,,0,,,,,0,,,17,,none,,none,msraw_1020
msraw_1021,YYYYYYYXyyyyyyx,YXXYXyxx,unsolved,ms_unsolved,ms_raw,,,0,,,,,0,,,23,,none,,none,msraw_1021
msraw_1022,YYYYYYYXyyyyyyx,YYXXXyxx,unsolved,ms_unsolved,ms_raw,,,0,,,,,0,,,23,,none,,none,msraw_1022
msraw_1023,YYYYYYYXyyyyyyx,YXYXXyxx,unsolved,ms_unsolved,ms_raw,,,0,,,,,0,,,23,,none,,none,msraw_1023
msraw_1024,YYYYYYYXyyyyyyx,YYYYXyxx,unsolved,ms_unsolved,ms_raw,,,0,,,,,0,,,23,,none,,none,msraw_1024
msraw_1025,YYYYYYXyyyyyx,YYXXyxxx,unsolved,ms_unsolved,ms_raw,,,0,,,,,0,,,21,,none,,none,msraw_1025
msraw_1026,YYYYYYXyyyyyx,YXYXyxxx,unsolved,ms_unsolved,ms_raw,,,0,,,,,0,,,21,,none,,none,msraw_1026
msraw_1027,YYYXyyx,YYXXYxxx,unsolved,ms_unsolved,ms_raw,,,0,,,,,0,,,15,,none,,none,msraw_1027
msraw_1028,YYYXyyx,YXYXYxxx,unsolved,ms_unsolved,ms_raw,,,0,,,,,0,,,15,,none,,none,msraw_1028
msraw_1029,YYYYYYYYXyyyyyyyx,YXyXyxxx,unsolved,ms_unsolved,ms_raw,,,0,,,,,0,,,25,,none,,none,msraw_1029
msraw_1030,YYYYYXyyyyx,YYXYxyyX,unsolved,ms_unsolved,ms_raw,,,0,,,,,0,,,19,,none,,none,msraw_1030
msraw_1031,YYYYYXyyyyx,YYYxyXyx,unsolved,ms_unsolved,ms_raw,,,0,,,,,0,,,19,,none,,none,msraw_1031
msraw_1032,YYYYYYXyyyyyx,YYxYXyX,unsolved,ms_unsolved,ms_raw,,,0,,,,,0,,,20,,none,,none,msraw_1032
msraw_1033,YYYYYYXyyyyyx,YYXyXYYx,unsolved,ms_unsolved,ms_raw,,,0,,,,,0,,,21,,none,,none,msraw_1033
msraw_1034,YYYYXyyyx,YYxyXYX,unsolved,ms_unsolved,ms_raw,,,0,,,,,0,,,16,,none,,none,msraw_1034
msraw_1035,YYYYYYXyyyyyx,YYYxyXyX,unsolved,ms_unsolved,ms_raw,,,0,,,,,0,,,21,,none,,none,msraw_1035
msraw_1036,YYYYYYYXyyyyyyx,YYxYXYX,unsolved,ms_unsolved,ms_raw,,,0,,,,,0,,,22,,none,,none,msraw_1036
msraw_1037,YYYYYXyyyyx,YYXyyXYx,unsolved,ms_unsolved,ms_raw,,,0,,,,,0,,,19,,none,,none,msraw_1037
msraw_1038,YYYYYYYXyyyyyyx,YYxYXX,unsolved,ms_unsolved,ms_raw,,,0,,,,,0,,,21,,none,,none,msraw_1038
msraw_1039,YYYYYYYYXyyyyyyyx,YYYYxxyX,unsolved,ms_unsolved,ms_raw,,,0,,,,,0,,,25,,none,,none,msraw_1039
msraw_1040,YYYYYYYYXyyyyyyyx,YXXYxxyX,unsolved,ms_unsolved,ms_raw,,,0,,,,,0,,,25,,none,,none,msraw_1040
msraw_1041,YYYYYYYYXyyyyyyyx,YYXYxyx,unsolved,ms_unsolved,ms_raw,,,0,,,,,0,,,24,,none,,none,msraw_1041
msraw_1042,YYYYYYYYXyyyyyyyx,YYxxxYXX,unsolved,ms_unsolved,ms_raw,,,0,,,,,0,,,25,,none,,none,msraw_1042
msraw_1043,YYYYYYYYXyyyyyyyx,YXYxxxyX,unsolved,ms_unsolved,ms_raw,,,0,,,,,0,,,25,,none,,none,msraw_1043
msraw_1044,YYYYYYXyyyyyx,YYYxyXYX,unsolved,ms_unsolved,ms_raw,,,0,,,,,0,,,21,,none,,none,msraw_1044
msraw_1045,YYYYYXyyyyx,YXXYxyxx,unsolved,ms_unsolved,ms_raw,,,0,,,,,0,,,19,,none,,none,msraw_1045
msraw_1047,YYYXyyx,YXXyxYxx,unsolved,ms_unsolved,ms_raw,,,0,,,,,0,,,15,,none,,none,msraw_1047
msraw_1048,YYYYYXyyyyx,YXyXXYxx,unsolved,ms_unsolved,ms_raw,,,0,,,,,0,,,19,,none,,none,msraw_1048
msraw_1049,YYYYYXyyyyx,YYYXYxYx,unsolved,ms_unsolved,ms_raw,,,0,,,,,0,,,19,,none,,none,msraw_1049
msraw_1050,YYYYYXyyyyx,YXXXYxYx,unsolved,ms_unsolved,ms_raw,,,0,,,,,0,,,19,,none,,none,msraw_1050
msraw_1051,YYYYXyyyx,YXXyXYxx,unsolved,ms_unsolved,ms_raw,,,0,,,,,0,,,17,,none,,none,msraw_1051
msraw_1052,YYYYYYYYXyyyyyyyx,YYXyxyx,unsolved,ms_unsolved,ms_raw,,,0,,,,,0,,,24,,none,,none,msraw_1052
msraw_1053,YYYYYYXyyyyyx,YYYxxyX,unsolved,ms_unsolved,ms_raw,,,0,,,,,0,,,20,,none,,none,msraw_1053
msraw_1054,YYYYYYYYXyyyyyyyx,YYYYxyXX,unsolved,ms_unsolved,ms_raw,,,0,,,,,0,,,25,,none,,none,msraw_1054
msraw_1055,YYYYYYYXyyyyyyx,YYXyyxyX,unsolved,ms_unsolved,ms_raw,,,0,,,,,0,,,23,,none,,none,msraw_1055
msraw_1056,YYYYYXyyyyx,YXyXyxxx,unsolved,ms_unsolved,ms_raw,,,0,,,,,0,,,19,,none,,none,msraw_1056
msraw_1057,YYYYYYYYXyyyyyyyx,YXXyXyxx,unsolved,ms_unsolved,ms_raw,,,0,,,,,0,,,25,,none,,none,msraw_1057
msraw_1058,YYYYYYYYXyyyyyyyx,YYXYxyyX,unsolved,ms_unsolved,ms_raw,,,0,,,,,0,,,25,,none,,none,msraw_1058
msraw_1059,YYYXyyx,YXXyxxx,unsolved,ms_unsolved,ms_raw,,,0,,,,,0,,,14,,none,,none,msraw_1059
msraw_1060,YYYYXyyyx,YXYxYx,unsolved,ms_unsolved,ms_raw,,,0,,,,,0,,,15,,none,,none,msraw_1060
msraw_1061,YYYYYYXyyyyyx,YXXYxxx,unsolved,ms_unsolved,ms_raw,,,0,,,,,0,,,20,,none,,none,msraw_1061
msraw_1062,YYYYYYXyyyyyx,YYXYxYYx,unsolved,ms_unsolved,ms_raw,,,0,,,,,0,,,21,,none,,none,msraw_1062
msraw_1063,YYYYXyyyx,YYxYXYx,unsolved,ms_unsolved,ms_raw,,,0,,,,,0,,,16,,none,,none,msraw_1063
msraw_1064,YYYYYXyyyyx,YYXyxx,unsolved,ms_unsolved,ms_raw,,,0,,,,,0,,,17,,none,,none,msraw_1064
msraw_1065,YYYYYYXyyyyyx,YXYxYx,unsolved,ms_unsolved,ms_raw,,,0,,,,,0,,,19,,none,,none,msraw_1065
msraw_1066,YYYYYXyyyyx,YXXYxxx,unsolved,ms_unsolved,ms_raw,,,0,,,,,0,,,18,,none,,none,msraw_1066
msraw_1067,YYYYYXyyyyx,YYYxyyXX,unsolved,ms_unsolved,ms_raw,,,0,,,,,0,,,19,,none,,none,msraw_1067
msraw_1068,YYYYYYYYXyyyyyyyx,YYxyXyX,unsolved,ms_unsolved,ms_raw,,,0,,,,,0,,,24,,none,,none,msraw_1068
msraw_1069,YYYYYYXyyyyyx,YYYxYXYX,unsolved,ms_unsolved,ms_raw,,,0,,,,,0,,,21,,none,,none,msraw_1069
msraw_1070,YYYYXyyyx,YYxxYXXX,unsolved,ms_unsolved,ms_raw,,,0,,,,,0,,,17,,none,,none,msraw_1070
msraw_1071,YYYYYYYYXyyyyyyyx,YYYXYxYX,unsolved,ms_unsolved,ms_raw,,,0,,,,,0,,,25,,none,,none,msraw_1071
msraw_1072,YYYYYYYYXyyyyyyyx,YYXYYxYX,unsolved,ms_unsolved,ms_raw,,,0,,,,,0,,,25,,none,,none,msraw_1072
msraw_1073,YYYYXyyyx,YXXXYxYx,unsolved,ms_unsolved,ms_raw,,,0,,,,,0,,,17,,none,,none,msraw_1073
msraw_1074,YYYYYYXyyyyyx,YXyXYx,unsolved,ms_unsolved,ms_raw,,,0,,,,,0,,,19,,none,,none,msraw_1074
msraw_1075,YYYYYXyyyyx,YYXXyx,unsolved,ms_unsolved,ms_raw,,,0,,,,,0,,,17,,none,,none,msraw_1075
msraw_1076,YYYYYYXyyyyyx,YXXYxyxx,unsolved,ms_unsolved,ms_raw,,,0,,,,,0,,,21,,none,,none,msraw_1076
msraw_1077,YYYXyyx,YXyXXYxx,unsolved,ms_unsolved,ms_raw,,,0,,,,,0,,,15,,none,,none,msraw_1077
msraw_1078,YYYYXyyyx,YXYxxyXX,unsolved,ms_unsolved,ms_raw,,,0,,,,,0,,,17,,none,,none,msraw_1078
msraw_1079,YYYYYYYXyyyyyyx,YYxYxYX,unsolved,ms_unsolved,ms_raw,,,0,,,,,0,,,22,,none,,none,msraw_1079
msraw_1080,YYYYYYXyyyyyx,YXXXyxx,unsolved,ms_unsolved,ms_raw,,,0,,,,,0,,,20,,none,,none,msraw_1080
msraw_1081,YYYYYYYXyyyyyyx,YXXyxxx,unsolved,ms_unsolved,ms_raw,,,0,,,,,0,,,22,,none,,none,msraw_1081
msraw_1082,YYYYYXyyyyx,YXXXYxyx,unsolved,ms_unsolved,ms_raw,,,0,,,,,0,,,19,,none,,none,msraw_1082
msraw_1083,YYYYYXyyyyx,YYYXYxyx,unsolved,ms_unsolved,ms_raw,,,0,,,,,0,,,19,,none,,none,msraw_1083
msraw_1084,YYYYYYXyyyyyx,YYxyXyX,unsolved,ms_unsolved,ms_raw,,,0,,,,,0,,,20,,none,,none,msraw_1084
msraw_1085,YYYYYYYYXyyyyyyyx,YYxYXyyx,unsolved,ms_unsolved,ms_raw,,,0,,,,,0,,,25,,none,,none,msraw_1085
msraw_1086,YYYYYXyyyyx,YYXYxYYx,unsolved,ms_unsolved,ms_raw,,,0,,,,,0,,,19,,none,,none,msraw_1086
msraw_1087,YYYYYYYYXyyyyyyyx,YXXXyxYx,unsolved,ms_unsolved,ms_raw,,,0,,,,,0,,,25,,none,,none,msraw_1087
msraw_1088,YYYYYYYYXyyyyyyyx,YYYXyxYx,unsolved,ms_unsolved,ms_raw,,,0,,,,,0,,,25,,none,,none,msraw_1088
msraw_1089,YYYYYYYXyyyyyyx,YXYXYxxx,unsolved,ms_unsolved,ms_raw,,,0,,,,,0,,,23,,none,,none,msraw_1089
msraw_1090,YYYYYYYXyyyyyyx,YYXXYxxx,unsolved,ms_unsolved,ms_raw,,,0,,,,,0,,,23,,none,,none,msraw_1090
msraw_1091,YYYYYYXyyyyyx,YYxxxyXX,unsolved,ms_unsolved,ms_raw,,,0,,,,,0,,,21,,none,,none,msraw_1091
msraw_1092,YYYYYYYXyyyyyyx,YYXyyxYX,unsolved,ms_unsolved,ms_raw,,,0,,,,,0,,,23,,none,,none,msraw_1092
msraw_1093,YYYYYYYYXyyyyyyyx,YXYxYx,unsolved,ms_unsolved,ms_raw,,,0,,,,,0,,,23,,none,,none,msraw_1093
msraw_1094,YYYYYXyyyyx,YYYxYYXX,unsolved,ms_unsolved,ms_raw,,,0,,,,,0,,,19,,none,,none,msraw_1094
msraw_1095,YYYYYYYYXyyyyyyyx,YXYXXyxx,unsolved,ms_unsolved,ms_raw,,,0,,,,,0,,,25,,none,,none,msraw_1095
msraw_1096,YYYYYYYYXyyyyyyyx,YXXYXyxx,unsolved,ms_unsolved,ms_raw,,,0,,,,,0,,,25,,none,,none,msraw_1096
msraw_1097,YYYYYYYYXyyyyyyyx,YYXXXyxx,unsolved,ms_unsolved,ms_raw,,,0,,,,,0,,,25,,none,,none,msraw_1097
msraw_1098,YYYYYYXyyyyyx,YXXyxxx,unsolved,ms_unsolved,ms_raw,,,0,,,,,0,,,20,,none,,none,msraw_1098
msraw_1099,YYYYYYXyyyyyx,YXXyXYxx,unsolved,ms_unsolved,ms_raw,,,0,,,,,0,,,21,,none,,none,msraw_1099
msraw_1100,YYYYYYXyyyyyx,YYXYxx,unsolved,ms_unsolved,ms_raw,,,0,,,,,0,,,19,,none,,none,msraw_1100
msraw_1101,YYYYYYYYXyyyyyyyx,YYXyxYYx,unsolved,ms_unsolved,ms_raw,,,0,,,,,0,,,25,,none,,none,msraw_1101
msraw_1102,YYYYYYYXyyyyyyx,YYXYxYx,unsolved,ms_unsolved,ms_raw,,,0,,,,,0,,,22,,none,,none,msraw_1102
msraw_1103,YYYYXyyyx,YYXyxyX,unsolved,ms_unsolved,ms_raw,,,0,,,,,0,,,16,,none,,none,msraw_1103
msraw_1104,YYYYYXyyyyx,YYXyxyx,unsolved,ms_unsolved,ms_raw,,,0,,,,,0,,,18,,none,,none,msraw_1104
msraw_1105,YYYYYYXyyyyyx,YYxYXyyX,unsolved,ms_unsolved,ms_raw,,,0,,,,,0,,,21,,none,,none,msraw_1105
msraw_1106,YYYYYYYXyyyyyyx,YXXYxxx,unsolved,ms_unsolved,ms_raw,,,0,,,,,0,,,22,,none,,none,msraw_1106
msraw_1107,YYYYYYYXyyyyyyx,YYYxYXYx,unsolved,ms_unsolved,ms_raw,,,0,,,,,0,,,23,,none,,none,msraw_1107
msraw_1108,YYYYYYYYXyyyyyyyx,YYYXyXyx,unsolved,ms_unsolved,ms_raw,,,0,,,,,0,,,25,,none,,none,msraw_1108
msraw_1109,YYYYYYYYXyyyyyyyx,YYXyxx,unsolved,ms_unsolved,ms_raw,,,0,,,,,0,,,23,,none,,none,msraw_1109
msraw_1110,YYYYYYYYXyyyyyyyx,YYXYYxyx,unsolved,ms_unsolved,ms_raw,,,0,,,,,0,,,25,,none,,none,msraw_1110
msraw_1111,YYYYYYYYXyyyyyyyx,YYYXYxyx,unsolved,ms_unsolved,ms_raw,,,0,,,,,0,,,25,,none,,none,msraw_1111
msraw_1112,YYYYYYYYXyyyyyyyx,YXXXYxyx,unsolved,ms_unsolved,ms_raw,,,0,,,,,0,,,25,,none,,none,msraw_1112
msraw_1113,YYYYYXyyyyx,YYYXyxyx,unsolved,ms_unsolved,ms_raw,,,0,,,,,0,,,19,,none,,none,msraw_1113
msraw_1114,YYYYYYYXyyyyyyx,YYxyXX,unsolved,ms_unsolved,ms_raw,,,0,,,,,0,,,21,,none,,none,msraw_1114
msraw_1115,YYYYYXyyyyx,YYYXYXYx,unsolved,ms_unsolved,ms_raw,,,0,,,,,0,,,19,,none,,none,msraw_1115
msraw_1116,YYYYYXyyyyx,YYXYYXYx,unsolved,ms_unsolved,ms_raw,,,0,,,,,0,,,19,,none,,none,msraw_1116
msraw_1117,YYYYYYYYXyyyyyyyx,YYXyXYx,unsolved,ms_unsolved,ms_raw,,,0,,,,,0,,,24,,none,,none,msraw_1117
msraw_1118,YYYYYYYYXyyyyyyyx,YXXyxxx,unsolved,ms_unsolved,ms_raw,,,0,,,,,0,,,24,,none,,none,msraw_1118
msraw_1119,YYYYXyyyx,YYYXYXyx,unsolved,ms_unsolved,ms_raw,,,0,,,,,0,,,17,,none,,none,msraw_1119
msraw_1120,YYYYYYYXyyyyyyx,YXyXXYxx,unsolved,ms_unsolved,ms_raw,,,0,,,,,0,,,23,,none,,none,msraw_1120
msraw_1121,YYYYYYYYXyyyyyyyx,YXXYxyxx,unsolved,ms_unsolved,ms_raw,,,0,,,,,0,,,25,,none,,none,msraw_1121
msraw_1122,YYYYYYYXyyyyyyx,YYXYXyx,unsolved,ms_unsolved,ms_raw,,,0,,,,,0,,,22,,none,,none,msraw_1122
msraw_1123,YYYYYYYXyyyyyyx,YYYXXyx,unsolved,ms_unsolved,ms_raw,,,0,,,,,0,,,22,,none,,none,msraw_1123
msraw_1124,YYYYYYYXyyyyyyx,YYYXYYxx,unsolved,ms_unsolved,ms_raw,,,0,,,,,0,,,23,,none,,none,msraw_1124
msraw_1125,YYYYYYXyyyyyx,YYXYYxyx,unsolved,ms_unsolved,ms_raw,,,0,,,,,0,,,21,,none,,none,msraw_1125
msraw_1126,YYYYYXyyyyx,YYYxxyX,unsolved,ms_unsolved,ms_raw,,,0,,,,,0,,,18,,none,,none,msraw_1126
msraw_1127,YYYYYYYXyyyyyyx,YYXXXYxx,unsolved,ms_unsolved,ms_raw,,,0,,,,,0,,,23,,none,,none,msraw_1127
msraw_1128,YYYYYYXyyyyyx,YYxYXYx,unsolved,ms_unsolved,ms_raw,,,0,,,,,0,,,20,,none,,none,msraw_1128
msraw_1129,YYYYYYYXyyyyyyx,YXYXXYxx,unsolved,ms_unsolved,ms_raw,,,0,,,,,0,,,23,,none,,none,msraw_1129
msraw_1130,YYYYYYYXyyyyyyx,YYYYXYxx,unsolved,ms_unsolved,ms_raw,,,0,,,,,0,,,23,,none,,none,msraw_1130
msraw_1131,YYYYYYXyyyyyx,YXXXYxyx,unsolved,ms_unsolved,ms_raw,,,0,,,,,0,,,21,,none,,none,msraw_1131
msraw_1133,YYYYYYYYXyyyyyyyx,YYXYYxyX,unsolved,ms_unsolved,ms_raw,,,0,,,,,0,,,25,,none,,none,msraw_1133
msraw_1134,YYYYYYYYXyyyyyyyx,YXXYxxYx,unsolved,ms_unsolved,ms_raw,,,0,,,,,0,,,25,,none,,none,msraw_1134
msraw_1135,YYYYYYYYXyyyyyyyx,YYxxxyXX,unsolved,ms_unsolved,ms_raw,,,0,,,,,0,,,25,,none,,none,msraw_1135
msraw_1136,YYYYYYYXyyyyyyx,YYxxYX,unsolved,ms_unsolved,ms_raw,,,0,,,,,0,,,21,,none,,none,msraw_1136
msraw_1137,YYYYYYYXyyyyyyx,YYXyxYYx,unsolved,ms_unsolved,ms_raw,,,0,,,,,0,,,23,,none,,none,msraw_1137
msraw_1138,YYYYYYXyyyyyx,YYXYxYx,unsolved,ms_unsolved,ms_raw,,,0,,,,,0,,,20,,none,,none,msraw_1138
msraw_1139,YYYYYYYYXyyyyyyyx,YXyXXYxx,unsolved,ms_unsolved,ms_raw,,,0,,,,,0,,,25,,none,,none,msraw_1139
msraw_1140,YYYYXyyyx,YXXyXyxx,unsolved,ms_unsolved,ms_raw,,,0,,,,,0,,,17,,none,,none,msraw_1140
msraw_1141,YYYYYYYXyyyyyyx,YXYxxxyX,unsolved,ms_unsolved,ms_raw,,,0,,,,,0,,,23,,none,,none,msraw_1141
msraw_1142,YYYYYXyyyyx,YYxxxYXX,unsolved,ms_unsolved,ms_raw,,,0,,,,,0,,,19,,none,,none,msraw_1142
msraw_1143,YYYYXyyyx,YYxYXyyx,unsolved,ms_unsolved,ms_raw,,,0,,,,,0,,,17,,none,,none,msraw_1143
msraw_1144,YYYYYXyyyyx,YXYXYx,unsolved,ms_unsolved,ms_raw,,,0,,,,,0,,,17,,none,,none,msraw_1144
msraw_1145,YYYYYXyyyyx,YYXXYx,unsolved,ms_unsolved,ms_raw,,,0,,,,,0,,,17,,none,,none,msraw_1145
msraw_1146,YYYYYYYXyyyyyyx,YYXyxyX,unsolved,ms_unsolved,ms_raw,,,0,,,,,0,,,22,,none,,none,msraw_1146
msraw_1147,YYYYYXyyyyx,YXXYxYxx,unsolved,ms_unsolved,ms_raw,,,0,,,,,0,,,19,,none,,none,msraw_1147
msraw_1148,YYYYYXyyyyx,YXXyXYxx,unsolved,ms_unsolved,ms_raw,,,0,,,,,0,,,19,,none,,none,msraw_1148
msraw_1149,YYYYYYYXyyyyyyx,YXYxYx,unsolved,ms_unsolved,ms_raw,,,0,,,,,0,,,21,,none,,none,msraw_1149
msraw_1150,YYYYYYYYXyyyyyyyx,YXyXXyxx,unsolved,ms_unsolved,ms_raw,,,0,,,,,0,,,25,,none,,none,msraw_1150
msraw_1151,YYYXyyx,YXyXYxxx,unsolved,ms_unsolved,ms_raw,,,0,,,,,0,,,15,,none,,none,msraw_1151
msraw_1152,YYYYYXyyyyx,YXXYxxYx,unsolved,ms_unsolved,ms_raw,,,0,,,,,0,,,19,,none,,none,msraw_1152
msraw_1153,YYYYYYYXyyyyyyx,YYXYxYYx,unsolved,ms_unsolved,ms_raw,,,0,,,,,0,,,23,,none,,none,msraw_1153
msraw_1154,YYYYYYYXyyyyyyx,YYxxYXXX,unsolved,ms_unsolved,ms_raw,,,0,,,,,0,,,23,,none,,none,msraw_1154
msraw_1155,YYYYYYXyyyyyx,YXYxxyXX,unsolved,ms_unsolved,ms_raw,,,0,,,,,0,,,21,,none,,none,msraw_1155
msraw_1156,YYYYYXyyyyx,YXXYXyxx,unsolved,ms_unsolved,ms_raw,,,0,,,,,0,,,19,,none,,none,msraw_1156
msraw_1157,YYYYYXyyyyx,YYYYXyxx,unsolved,ms_unsolved,ms_raw,,,0,,,,,0,,,19,,none,,none,msraw_1157
msraw_1158,YYYXyyx,YXYxxYXX,unsolved,ms_unsolved,ms_raw,,,0,,,,,0,,,15,,none,,none,msraw_1158
msraw_1159,YYYYYXyyyyx,YXYXXyxx,unsolved,ms_unsolved,ms_raw,,,0,,,,,0,,,19,,none,,none,msraw_1159
msraw_1160,YYYYYXyyyyx,YYXXXyxx,unsolved,ms_unsolved,ms_raw,,,0,,,,,0,,,19,,none,,none,msraw_1160
msraw_1161,YYYYYYXyyyyyx,YYYxyxyX,unsolved,ms_unsolved,ms_raw,,,0,,,,,0,,,21,,none,,none,msraw_1161
msraw_1162,YYYYYYYXyyyyyyx,YYYXyxyX,unsolved,ms_unsolved,ms_raw,,,0,,,,,0,,,23,,none,,none,msraw_1162
msraw_1163,YYYYYXyyyyx,YYXyxyX,unsolved,ms_unsolved,ms_raw,,,0,,,,,0,,,18,,none,,none,msraw_1163
msraw_1164,YYYYYYYYXyyyyyyyx,YYXYXyx,unsolved,ms_unsolved,ms_raw,,,0,,,,,0,,,24,,none,,none,msraw_1164
msraw_1165,YYYYYYYYXyyyyyyyx,YYYXXyx,unsolved,ms_unsolved,ms_raw,,,0,,,,,0,,,24,,none,,none,msraw_1165
msraw_1166,YYYYXyyyx,YYXYxYX,unsolved,ms_unsolved,ms_raw,,,0,,,,,0,,,16,,none,,none,msraw_1166
msraw_1167,YYYYYXyyyyx,YYYxyXyX,unsolved,ms_unsolved,ms_raw,,,0,,,,,0,,,19,,none,,none,msraw_1167
msraw_1168,YYYYYXyyyyx,YYXXyxxx,unsolved,ms_unsolved,ms_raw,,,0,,,,,0,,,19,,none,,none,msraw_1168
msraw_1169,YYYYXyyyx,YXYxxxyX,unsolved,ms_unsolved,ms_raw,,,0,,,,,0,,,17,,none,,none,msraw_1169
msraw_1170,YYYYXyyyx,YYXyyxYX,unsolved,ms_unsolved,ms_raw,,,0,,,,,0,,,17,,none,,none,msraw_1170
msraw_1171,YYYYYXyyyyx,YXYXyxxx,unsolved,ms_unsolved,ms_raw,,,0,,,,,0,,,19,,none,,none,msraw_1171
msraw_1172,YYYYYYXyyyyyx,YYXXYxxx,unsolved,ms_unsolved,ms_raw,,,0,,,,,0,,,21,,none,,none,msraw_1172
msraw_1173,YYYYYYXyyyyyx,YXYXYxxx,unsolved,ms_unsolved,ms_raw,,,0,,,,,0,,,21,,none,,none,msraw_1173
msraw_1174,YYYYXyyyx,YYYXyxyx,unsolved,ms_unsolved,ms_raw,,,0,,,,,0,,,17,,none,,none,msraw_1174
msraw_1175,YYYYYXyyyyx,YYXyyXyx,unsolved,ms_unsolved,ms_raw,,,0,,,,,0,,,19,,none,,none,msraw_1175
msraw_1176,YYYYYYYXyyyyyyx,YXXyxxYx,unsolved,ms_unsolved,ms_raw,,,0,,,,,0,,,23,,none,,none,msraw_1176
msraw_1177,YYYYYYXyyyyyx,YYXyyXYx,unsolved,ms_unsolved,ms_raw,,,0,,,,,0,,,21,,none,,none,msraw_1177
msraw_1178,YYYYYYXyyyyyx,YYxYxYX,unsolved,ms_unsolved,ms_raw,,,0,,,,,0,,,20,,none,,none,msraw_1178
msraw_1179,YYYYYYYXyyyyyyx,YYYYxxyX,unsolved,ms_unsolved,ms_raw,,,0,,,,,0,,,23,,none,,none,msraw_1179
msraw_1180,YYYYYYYXyyyyyyx,YXXYxxyX,unsolved,ms_unsolved,ms_raw,,,0,,,,,0,,,23,,none,,none,msraw_1180
msraw_1181,YYYYYYXyyyyyx,YYXYxyx,unsolved,ms_unsolved,ms_raw,,,0,,,,,0,,,20,,none,,none,msraw_1181
msraw_1182,YYYYXyyyx,YYYxyXyx,unsolved,ms_unsolved,ms_raw,,,0,,,,,0,,,17,,none,,none,msraw_1182
msraw_1183,YYYYYXyyyyx,YYxxyXXX,unsolved,ms_unsolved,ms_raw,,,0,,,,,0,,,19,,none,,none,msraw_1183
msraw_1184,YYYYYXyyyyx,YYxyXyx,unsolved,ms_unsolved,ms_raw,,,0,,,,,0,,,18,,none,,none,msraw_1184
msraw_1185,YYYYYYYXyyyyyyx,YXXXyxx,unsolved,ms_unsolved,ms_raw,,,0,,,,,0,,,22,,none,,none,msraw_1185
msraw_1186,YYYYYYYXyyyyyyx,YYYXyxx,unsolved,ms_unsolved,ms_raw,,,0,,,,,0,,,22,,none,,none,msraw_1186
msraw_1187,YYYYYYYXyyyyyyx,YYxYxyX,unsolved,ms_unsolved,ms_raw,,,0,,,,,0,,,22,,none,,none,msraw_1187
msraw_1188,YYYYYYYYXyyyyyyyx,YYxyXyx,unsolved,ms_unsolved,ms_raw,,,0,,,,,0,,,24,,none,,none,msraw_1188
msraw_1189,YYYYXyyyx,YYXYYxyX,unsolved,ms_unsolved,ms_raw,,,0,,,,,0,,,17,,none,,none,msraw_1189
