phase1: 250 targets, 3238 images, 0 records already done, 3238 to write from 2100 distinct searches, budget 20000, cap 48, 3 workers
    [hcompact:python3] rows widen 6B -> 12B per relator at 518 states (in place)
    [hcompact:python3] rows widen 6B -> 12B per relator at 523 states (in place)
    [hcompact:python3] rows widen 6B -> 12B per relator at 135 states (in place)
    [hcompact:python3] rows widen 6B -> 12B per relator at 453 states (in place)
    [hcompact:python3] rows widen 6B -> 12B per relator at 707 states (in place)
    [hcompact:python3] reservation exceeded at 2,060,566 states; growing to 4,140,242 (this copies)
    [hcompact:python3] rows widen 6B -> 12B per relator at 1 states (in place)
    [hcompact:python3] rows widen 6B -> 12B per relator at 1 states (in place)
    [hcompact:python3] rows widen 6B -> 12B per relator at 1 states (in place)
    [hcompact:python3] reservation exceeded at 2,060,567 states; growing to 4,140,242 (this copies)
    [hcompact:python3] rows widen 6B -> 12B per relator at 1 states (in place)
    [hcompact:python3] reservation exceeded at 2,060,597 states; growing to 4,140,242 (this copies)
    [hcompact:python3] rows widen 6B -> 12B per relator at 1 states (in place)
    [hcompact:python3] reservation exceeded at 2,060,655 states; growing to 4,140,242 (this copies)
    [hcompact:python3] rows widen 6B -> 12B per relator at 220 states (in place)
    [hcompact:python3] reservation exceeded at 2,060,672 states; growing to 4,140,242 (this copies)
    [hcompact:python3] reservation exceeded at 2,060,524 states; growing to 4,140,242 (this copies)
    [hcompact:python3] rows widen 6B -> 12B per relator at 1 states (in place)
    [hcompact:python3] rows widen 6B -> 12B per relator at 238 states (in place)
    [hcompact:python3] rows widen 6B -> 12B per relator at 2,415 states (in place)
    [hcompact:python3] rows widen 6B -> 12B per relator at 2,733 states (in place)
    [hcompact:python3] reservation exceeded at 2,060,561 states; growing to 4,140,242 (this copies)
    [hcompact:python3] rows widen 6B -> 12B per relator at 1,223 states (in place)
    [hcompact:python3] reservation exceeded at 2,060,605 states; growing to 4,140,242 (this copies)
    [hcompact:python3] rows widen 6B -> 12B per relator at 1,027 states (in place)
    [hcompact:python3] rows widen 6B -> 12B per relator at 1,588 states (in place)
    [hcompact:python3] reservation exceeded at 2,060,557 states; growing to 4,140,242 (this copies)
    [hcompact:python3] rows widen 6B -> 12B per relator at 1,383 states (in place)
    [hcompact:python3] rows widen 6B -> 12B per relator at 692 states (in place)
    [hcompact:python3] rows widen 6B -> 12B per relator at 935 states (in place)
    [hcompact:python3] reservation exceeded at 2,060,612 states; growing to 4,140,242 (this copies)
    [hcompact:python3] reservation exceeded at 2,060,526 states; growing to 4,140,242 (this copies)
    [hcompact:python3] rows widen 6B -> 12B per relator at 1 states (in place)
    [hcompact:python3] reservation exceeded at 2,060,622 states; growing to 4,140,242 (this copies)
    [hcompact:python3] rows widen 6B -> 12B per relator at 1,544 states (in place)
    [hcompact:python3] rows widen 6B -> 12B per relator at 1,975 states (in place)
    [hcompact:python3] reservation exceeded at 2,060,714 states; growing to 4,140,242 (this copies)
    [hcompact:python3] reservation exceeded at 2,060,547 states; growing to 4,140,242 (this copies)
    [hcompact:python3] rows widen 6B -> 12B per relator at 1 states (in place)
    [hcompact:python3] rows widen 6B -> 12B per relator at 2,196 states (in place)
    [hcompact:python3] rows widen 6B -> 12B per relator at 423 states (in place)
    [hcompact:python3] rows widen 6B -> 12B per relator at 1,364 states (in place)
    [hcompact:python3] rows widen 6B -> 12B per relator at 531 states (in place)
    [hcompact:python3] rows widen 6B -> 12B per relator at 2,430 states (in place)
    [hcompact:python3] rows widen 6B -> 12B per relator at 945 states (in place)
    [hcompact:python3] reservation exceeded at 2,060,552 states; growing to 4,140,242 (this copies)
    [hcompact:python3] rows widen 6B -> 12B per relator at 1,920 states (in place)
  projection after 30 searches: 0.87 h for 2100 (max 2.5 h)
    [hcompact:python3] rows widen 6B -> 12B per relator at 1 states (in place)
    [hcompact:python3] reservation exceeded at 2,060,523 states; growing to 4,140,242 (this copies)
    [hcompact:python3] rows widen 6B -> 12B per relator at 1 states (in place)
    [hcompact:python3] rows widen 6B -> 12B per relator at 1 states (in place)
    [hcompact:python3] rows widen 6B -> 12B per relator at 483 states (in place)
    [hcompact:python3] reservation exceeded at 2,060,538 states; growing to 4,140,242 (this copies)
    [hcompact:python3] rows widen 6B -> 12B per relator at 1,023 states (in place)
    [hcompact:python3] reservation exceeded at 2,060,657 states; growing to 4,140,242 (this copies)
    [hcompact:python3] rows widen 6B -> 12B per relator at 1 states (in place)
    [hcompact:python3] reservation exceeded at 2,060,637 states; growing to 4,140,242 (this copies)
    [hcompact:python3] rows widen 6B -> 12B per relator at 79 states (in place)
    [hcompact:python3] rows widen 6B -> 12B per relator at 348 states (in place)
    [hcompact:python3] reservation exceeded at 2,060,576 states; growing to 4,140,242 (this copies)
    [hcompact:python3] reservation exceeded at 2,060,599 states; growing to 4,140,242 (this copies)
    [hcompact:python3] rows widen 6B -> 12B per relator at 2,153 states (in place)
    [hcompact:python3] rows widen 6B -> 12B per relator at 703 states (in place)
    [hcompact:python3] rows widen 6B -> 12B per relator at 293 states (in place)
    [hcompact:python3] rows widen 6B -> 12B per relator at 406 states (in place)
    [hcompact:python3] rows widen 6B -> 12B per relator at 1 states (in place)
    [hcompact:python3] rows widen 6B -> 12B per relator at 1 states (in place)
    [hcompact:python3] rows widen 6B -> 12B per relator at 1 states (in place)
    [hcompact:python3] rows widen 6B -> 12B per relator at 1 states (in place)
    [hcompact:python3] rows widen 6B -> 12B per relator at 1 states (in place)
    [hcompact:python3] reservation exceeded at 2,060,657 states; growing to 4,140,242 (this copies)
    [hcompact:python3] reservation exceeded at 2,060,534 states; growing to 4,140,242 (this copies)
    [hcompact:python3] reservation exceeded at 2,060,542 states; growing to 4,140,242 (this copies)
    [hcompact:python3] rows widen 6B -> 12B per relator at 638 states (in place)
    [hcompact:python3] rows widen 6B -> 12B per relator at 1 states (in place)
    [hcompact:python3] rows widen 6B -> 12B per relator at 151 states (in place)
  50/2100 searches  100 records  0 solved  1.2 min elapsed  ETA 50.8 min
    [hcompact:python3] rows widen 6B -> 12B per relator at 837 states (in place)
    [hcompact:python3] rows widen 6B -> 12B per relator at 356 states (in place)
    [hcompact:python3] rows widen 6B -> 12B per relator at 474 states (in place)
    [hcompact:python3] reservation exceeded at 2,060,546 states; growing to 4,140,242 (this copies)
    [hcompact:python3] reservation exceeded at 2,060,630 states; growing to 4,140,242 (this copies)
    [hcompact:python3] reservation exceeded at 2,060,556 states; growing to 4,140,242 (this copies)
    [hcompact:python3] rows widen 6B -> 12B per relator at 360 states (in place)
    [hcompact:python3] rows widen 6B -> 12B per relator at 1 states (in place)
    [hcompact:python3] rows widen 6B -> 12B per relator at 949 states (in place)
    [hcompact:python3] reservation exceeded at 2,060,588 states; growing to 4,140,242 (this copies)
    [hcompact:python3] reservation exceeded at 2,060,547 states; growing to 4,140,242 (this copies)
    [hcompact:python3] reservation exceeded at 2,060,576 states; growing to 4,140,242 (this copies)
    [hcompact:python3] rows widen 6B -> 12B per relator at 1 states (in place)
    [hcompact:python3] rows widen 6B -> 12B per relator at 382 states (in place)
    [hcompact:python3] rows widen 6B -> 12B per relator at 1 states (in place)
    [hcompact:python3] reservation exceeded at 2,060,527 states; growing to 4,140,242 (this copies)
    [hcompact:python3] reservation exceeded at 2,060,562 states; growing to 4,140,242 (this copies)
    [hcompact:python3] reservation exceeded at 2,060,580 states; growing to 4,140,242 (this copies)
    [hcompact:python3] rows widen 6B -> 12B per relator at 1 states (in place)
    [hcompact:python3] rows widen 6B -> 12B per relator at 1 states (in place)
    [hcompact:python3] rows widen 6B -> 12B per relator at 1 states (in place)
    [hcompact:python3] reservation exceeded at 2,060,626 states; growing to 4,140,242 (this copies)
    [hcompact:python3] reservation exceeded at 2,060,627 states; growing to 4,140,242 (this copies)
    [hcompact:python3] rows widen 6B -> 12B per relator at 83 states (in place)
    [hcompact:python3] reservation exceeded at 2,060,574 states; growing to 4,140,242 (this copies)
    [hcompact:python3] rows widen 6B -> 12B per relator at 816 states (in place)
    [hcompact:python3] reservation exceeded at 2,060,540 states; growing to 4,140,242 (this copies)
    [hcompact:python3] rows widen 6B -> 12B per relator at 372 states (in place)
    [hcompact:python3] reservation exceeded at 2,060,519 states; growing to 4,140,242 (this copies)
    [hcompact:python3] rows widen 6B -> 12B per relator at 492 states (in place)
    [hcompact:python3] rows widen 6B -> 12B per relator at 230 states (in place)
    [hcompact:python3] reservation exceeded at 2,060,570 states; growing to 4,140,242 (this copies)
    [hcompact:python3] rows widen 6B -> 12B per relator at 1,199 states (in place)
    [hcompact:python3] reservation exceeded at 2,060,534 states; growing to 4,140,242 (this copies)
    [hcompact:python3] rows widen 6B -> 12B per relator at 1 states (in place)
    [hcompact:python3] reservation exceeded at 2,060,558 states; growing to 4,140,242 (this copies)
    [hcompact:python3] reservation exceeded at 2,060,567 states; growing to 4,140,242 (this copies)
    [hcompact:python3] rows widen 6B -> 12B per relator at 1 states (in place)
    [hcompact:python3] reservation exceeded at 2,060,592 states; growing to 4,140,242 (this copies)
    [hcompact:python3] rows widen 6B -> 12B per relator at 1 states (in place)
    [hcompact:python3] rows widen 6B -> 12B per relator at 1 states (in place)
    [hcompact:python3] reservation exceeded at 2,060,524 states; growing to 4,140,242 (this copies)
    [hcompact:python3] reservation exceeded at 2,060,600 states; growing to 4,140,242 (this copies)
    [hcompact:python3] rows widen 6B -> 12B per relator at 1 states (in place)
    [hcompact:python3] reservation exceeded at 2,060,616 states; growing to 4,140,242 (this copies)
    [hcompact:python3] rows widen 6B -> 12B per relator at 1 states (in place)
    [hcompact:python3] rows widen 6B -> 12B per relator at 1 states (in place)
    [hcompact:python3] reservation exceeded at 2,060,685 states; growing to 4,140,242 (this copies)
    [hcompact:python3] reservation exceeded at 2,060,618 states; growing to 4,140,242 (this copies)
    [hcompact:python3] reservation exceeded at 2,060,599 states; growing to 4,140,242 (this copies)
    [hcompact:python3] reservation exceeded at 4,130,788 states; growing to 8,280,484 (this copies)
    [hcompact:python3] rows widen 6B -> 12B per relator at 1 states (in place)
    [hcompact:python3] rows widen 6B -> 12B per relator at 378 states (in place)
    [hcompact:python3] reservation exceeded at 4,130,678 states; growing to 8,280,484 (this copies)
    [hcompact:python3] rows widen 6B -> 12B per relator at 69 states (in place)
    [hcompact:python3] reservation exceeded at 2,060,535 states; growing to 4,140,242 (this copies)
    [hcompact:python3] reservation exceeded at 2,060,646 states; growing to 4,140,242 (this copies)
    [hcompact:python3] rows widen 6B -> 12B per relator at 377 states (in place)
    [hcompact:python3] reservation exceeded at 2,060,669 states; growing to 4,140,242 (this copies)
    [hcompact:python3] rows widen 6B -> 12B per relator at 1 states (in place)
    [hcompact:python3] rows widen 6B -> 12B per relator at 1 states (in place)
    [hcompact:python3] reservation exceeded at 2,060,522 states; growing to 4,140,242 (this copies)
    [hcompact:python3] rows widen 6B -> 12B per relator at 83 states (in place)
    [hcompact:python3] reservation exceeded at 2,060,692 states; growing to 4,140,242 (this copies)
    [hcompact:python3] reservation exceeded at 2,060,565 states; growing to 4,140,242 (this copies)
    [hcompact:python3] reservation exceeded at 2,060,669 states; growing to 4,140,242 (this copies)
    [hcompact:python3] rows widen 6B -> 12B per relator at 1 states (in place)
    [hcompact:python3] rows widen 6B -> 12B per relator at 221 states (in place)
    [hcompact:python3] rows widen 6B -> 12B per relator at 1 states (in place)
    [hcompact:python3] reservation exceeded at 2,060,567 states; growing to 4,140,242 (this copies)
    [hcompact:python3] reservation exceeded at 2,060,548 states; growing to 4,140,242 (this copies)
    [hcompact:python3] rows widen 6B -> 12B per relator at 1 states (in place)
    [hcompact:python3] reservation exceeded at 2,060,629 states; growing to 4,140,242 (this copies)
    [hcompact:python3] rows widen 6B -> 12B per relator at 1 states (in place)
    [hcompact:python3] rows widen 6B -> 12B per relator at 1 states (in place)
    [hcompact:python3] reservation exceeded at 2,060,593 states; growing to 4,140,242 (this copies)
    [hcompact:python3] reservation exceeded at 2,060,743 states; growing to 4,140,242 (this copies)
    [hcompact:python3] reservation exceeded at 2,060,625 states; growing to 4,140,242 (this copies)
    [hcompact:python3] reservation exceeded at 4,130,752 states; growing to 8,280,484 (this copies)
    [hcompact:python3] reservation exceeded at 4,130,810 states; growing to 8,280,484 (this copies)
    [hcompact:python3] reservation exceeded at 4,130,872 states; growing to 8,280,484 (this copies)
    [hcompact:python3] rows widen 6B -> 12B per relator at 1 states (in place)
    [hcompact:python3] rows widen 6B -> 12B per relator at 2,127 states (in place)
    [hcompact:python3] rows widen 6B -> 12B per relator at 1,306 states (in place)
    [hcompact:python3] reservation exceeded at 2,060,724 states; growing to 4,140,242 (this copies)
    [hcompact:python3] rows widen 6B -> 12B per relator at 817 states (in place)
    [hcompact:python3] reservation exceeded at 2,060,611 states; growing to 4,140,242 (this copies)
    [hcompact:python3] reservation exceeded at 2,060,620 states; growing to 4,140,242 (this copies)
    [hcompact:python3] rows widen 6B -> 12B per relator at 550 states (in place)
    [hcompact:python3] rows widen 6B -> 12B per relator at 1,882 states (in place)
    [hcompact:python3] reservation exceeded at 4,130,680 states; growing to 8,280,484 (this copies)
    [hcompact:python3] rows widen 6B -> 12B per relator at 1 states (in place)
    [hcompact:python3] rows widen 6B -> 12B per relator at 1 states (in place)
    [hcompact:python3] rows widen 6B -> 12B per relator at 1 states (in place)
    [hcompact:python3] reservation exceeded at 2,060,585 states; growing to 4,140,242 (this copies)
    [hcompact:python3] reservation exceeded at 2,060,569 states; growing to 4,140,242 (this copies)
    [hcompact:python3] reservation exceeded at 2,060,640 states; growing to 4,140,242 (this copies)
    [hcompact:python3] rows widen 6B -> 12B per relator at 1 states (in place)
    [hcompact:python3] rows widen 6B -> 12B per relator at 1 states (in place)
    [hcompact:python3] rows widen 6B -> 12B per relator at 342 states (in place)
    [hcompact:python3] reservation exceeded at 2,060,676 states; growing to 4,140,242 (this copies)
    [hcompact:python3] reservation exceeded at 2,060,541 states; growing to 4,140,242 (this copies)
  100/2100 searches  200 records  0 solved  3.1 min elapsed  ETA 61.3 min
    [hcompact:python3] rows widen 6B -> 12B per relator at 133 states (in place)
    [hcompact:python3] rows widen 6B -> 12B per relator at 1,066 states (in place)
    [hcompact:python3] rows widen 6B -> 12B per relator at 13,999 states (in place)
    [hcompact:python3] rows widen 6B -> 12B per relator at 7,146 states (in place)
    [hcompact:python3] rows widen 6B -> 12B per relator at 22,574 states (in place)
    [hcompact:python3] rows widen 6B -> 12B per relator at 16,490 states (in place)
    [hcompact:python3] rows widen 6B -> 12B per relator at 22,221 states (in place)
    [hcompact:python3] rows widen 6B -> 12B per relator at 2,038 states (in place)
    [hcompact:python3] rows widen 6B -> 12B per relator at 2,082 states (in place)
    [hcompact:python3] rows widen 6B -> 12B per relator at 1,629 states (in place)
    [hcompact:python3] rows widen 6B -> 12B per relator at 21,878 states (in place)
    [hcompact:python3] rows widen 6B -> 12B per relator at 23,100 states (in place)
    [hcompact:python3] rows widen 6B -> 12B per relator at 22,410 states (in place)
    [hcompact:python3] rows widen 6B -> 12B per relator at 21,996 states (in place)
    [hcompact:python3] rows widen 6B -> 12B per relator at 8,043 states (in place)
    [hcompact:python3] rows widen 6B -> 12B per relator at 10,641 states (in place)
    [hcompact:python3] rows widen 6B -> 12B per relator at 4,504 states (in place)
    [hcompact:python3] rows widen 6B -> 12B per relator at 11,076 states (in place)
    [hcompact:python3] rows widen 6B -> 12B per relator at 3,918 states (in place)
    [hcompact:python3] rows widen 6B -> 12B per relator at 1,618 states (in place)
    [hcompact:python3] rows widen 6B -> 12B per relator at 4,856 states (in place)
    [hcompact:python3] rows widen 6B -> 12B per relator at 1 states (in place)
    [hcompact:python3] rows widen 6B -> 12B per relator at 11,769 states (in place)
    [hcompact:python3] rows widen 6B -> 12B per relator at 1 states (in place)
    [hcompact:python3] rows widen 6B -> 12B per relator at 1 states (in place)
    [hcompact:python3] rows widen 6B -> 12B per relator at 308 states (in place)
    [hcompact:python3] rows widen 6B -> 12B per relator at 1 states (in place)
    [hcompact:python3] rows widen 6B -> 12B per relator at 1,377 states (in place)
    [hcompact:python3] rows widen 6B -> 12B per relator at 50,115 states (in place)
    [hcompact:python3] rows widen 6B -> 12B per relator at 51,849 states (in place)
    [hcompact:python3] rows widen 6B -> 12B per relator at 48,193 states (in place)
    [hcompact:python3] rows widen 6B -> 12B per relator at 3,677 states (in place)
    [hcompact:python3] rows widen 6B -> 12B per relator at 3,222 states (in place)
    [hcompact:python3] rows widen 6B -> 12B per relator at 52,046 states (in place)
    [hcompact:python3] rows widen 6B -> 12B per relator at 1 states (in place)
    [hcompact:python3] rows widen 6B -> 12B per relator at 46,831 states (in place)
    [hcompact:python3] rows widen 6B -> 12B per relator at 766 states (in place)
    [hcompact:python3] rows widen 6B -> 12B per relator at 1 states (in place)
    [hcompact:python3] rows widen 6B -> 12B per relator at 81 states (in place)
    [hcompact:python3] rows widen 6B -> 12B per relator at 215 states (in place)
    [hcompact:python3] rows widen 6B -> 12B per relator at 408 states (in place)
    [hcompact:python3] rows widen 6B -> 12B per relator at 40,861 states (in place)
    [hcompact:python3] rows widen 6B -> 12B per relator at 43,000 states (in place)
    [hcompact:python3] rows widen 6B -> 12B per relator at 43,335 states (in place)
    [hcompact:python3] rows widen 6B -> 12B per relator at 2,414 states (in place)
    [hcompact:python3] rows widen 6B -> 12B per relator at 1,741 states (in place)
    [hcompact:python3] rows widen 6B -> 12B per relator at 45,507 states (in place)
    [hcompact:python3] rows widen 6B -> 12B per relator at 1 states (in place)
    [hcompact:python3] rows widen 6B -> 12B per relator at 45,084 states (in place)
    [hcompact:python3] rows widen 6B -> 12B per relator at 895 states (in place)
  150/2100 searches  300 records  0 solved  3.8 min elapsed  ETA 49.6 min
    [hcompact:python3] rows widen 6B -> 12B per relator at 1 states (in place)
    [hcompact:python3] rows widen 6B -> 12B per relator at 1,279 states (in place)
    [hcompact:python3] rows widen 6B -> 12B per relator at 3,032 states (in place)
    [hcompact:python3] rows widen 6B -> 12B per relator at 1,446 states (in place)
    [hcompact:python3] rows widen 6B -> 12B per relator at 50,202 states (in place)
    [hcompact:python3] rows widen 6B -> 12B per relator at 51,706 states (in place)
    [hcompact:python3] rows widen 6B -> 12B per relator at 48,116 states (in place)
    [hcompact:python3] rows widen 6B -> 12B per relator at 11,338 states (in place)
    [hcompact:python3] rows widen 6B -> 12B per relator at 15,448 states (in place)
    [hcompact:python3] rows widen 6B -> 12B per relator at 52,981 states (in place)
    [hcompact:python3] rows widen 6B -> 12B per relator at 1 states (in place)
    [hcompact:python3] rows widen 6B -> 12B per relator at 45,363 states (in place)
    [hcompact:python3] rows widen 6B -> 12B per relator at 6,561 states (in place)
    [hcompact:python3] rows widen 6B -> 12B per relator at 1 states (in place)
    [hcompact:python3] rows widen 6B -> 12B per relator at 308 states (in place)
    [hcompact:python3] rows widen 6B -> 12B per relator at 4,383 states (in place)
    [hcompact:python3] rows widen 6B -> 12B per relator at 3,855 states (in place)
    [hcompact:python3] rows widen 6B -> 12B per relator at 7,250 states (in place)
    [hcompact:python3] rows widen 6B -> 12B per relator at 864 states (in place)
    [hcompact:python3] rows widen 6B -> 12B per relator at 7,467 states (in place)
    [hcompact:python3] rows widen 6B -> 12B per relator at 8,690 states (in place)
    [hcompact:python3] reservation exceeded at 2,060,664 states; growing to 4,140,242 (this copies)
    [hcompact:python3] rows widen 6B -> 12B per relator at 1,022 states (in place)
    [hcompact:python3] rows widen 6B -> 12B per relator at 1,444 states (in place)
    [hcompact:python3] rows widen 6B -> 12B per relator at 1 states (in place)
    [hcompact:python3] rows widen 6B -> 12B per relator at 280 states (in place)
    [hcompact:python3] reservation exceeded at 2,060,519 states; growing to 4,140,242 (this copies)
    [hcompact:python3] rows widen 6B -> 12B per relator at 1 states (in place)
    [hcompact:python3] reservation exceeded at 2,060,598 states; growing to 4,140,242 (this copies)
    [hcompact:python3] rows widen 6B -> 12B per relator at 1 states (in place)
    [hcompact:python3] rows widen 6B -> 12B per relator at 15,391 states (in place)
    [hcompact:python3] rows widen 6B -> 12B per relator at 1 states (in place)
    [hcompact:python3] rows widen 6B -> 12B per relator at 1 states (in place)
    [hcompact:python3] rows widen 6B -> 12B per relator at 6,564 states (in place)
    [hcompact:python3] rows widen 6B -> 12B per relator at 1,584 states (in place)
    [hcompact:python3] rows widen 6B -> 12B per relator at 1,002 states (in place)
    [hcompact:python3] reservation exceeded at 2,060,558 states; growing to 4,140,242 (this copies)
    [hcompact:python3] rows widen 6B -> 12B per relator at 1,047 states (in place)
    [hcompact:python3] rows widen 6B -> 12B per relator at 1,778 states (in place)
    [hcompact:python3] reservation exceeded at 2,060,603 states; growing to 4,140,242 (this copies)
    [hcompact:python3] rows widen 6B -> 12B per relator at 1,868 states (in place)
    [hcompact:python3] rows widen 6B -> 12B per relator at 1,510 states (in place)
    [hcompact:python3] rows widen 6B -> 12B per relator at 385 states (in place)
    [hcompact:python3] rows widen 6B -> 12B per relator at 1 states (in place)
    [hcompact:python3] rows widen 6B -> 12B per relator at 969 states (in place)
    [hcompact:python3] reservation exceeded at 2,060,550 states; growing to 4,140,242 (this copies)
    [hcompact:python3] rows widen 6B -> 12B per relator at 1,182 states (in place)
    [hcompact:python3] reservation exceeded at 2,060,559 states; growing to 4,140,242 (this copies)
    [hcompact:python3] rows widen 6B -> 12B per relator at 1 states (in place)
    [hcompact:python3] rows widen 6B -> 12B per relator at 305 states (in place)
    [hcompact:python3] rows widen 6B -> 12B per relator at 8,732 states (in place)
    [hcompact:python3] reservation exceeded at 2,060,583 states; growing to 4,140,242 (this copies)
    [hcompact:python3] rows widen 6B -> 12B per relator at 1,417 states (in place)
    [hcompact:python3] reservation exceeded at 2,060,519 states; growing to 4,140,242 (this copies)
    [hcompact:python3] rows widen 6B -> 12B per relator at 75 states (in place)
    [hcompact:python3] rows widen 6B -> 12B per relator at 8,732 states (in place)
    [hcompact:python3] reservation exceeded at 2,060,624 states; growing to 4,140,242 (this copies)
    [hcompact:python3] reservation exceeded at 2,060,557 states; growing to 4,140,242 (this copies)
    [hcompact:python3] rows widen 6B -> 12B per relator at 8,732 states (in place)
    [hcompact:python3] reservation exceeded at 2,060,538 states; growing to 4,140,242 (this copies)
    [hcompact:python3] rows widen 6B -> 12B per relator at 1 states (in place)
    [hcompact:python3] rows widen 6B -> 12B per relator at 1 states (in place)
    [hcompact:python3] reservation exceeded at 2,060,615 states; growing to 4,140,242 (this copies)
  200/2100 searches  400 records  0 solved  4.8 min elapsed  ETA 45.6 min
    [hcompact:python3] rows widen 6B -> 12B per relator at 1 states (in place)
    [hcompact:python3] reservation exceeded at 2,060,532 states; growing to 4,140,242 (this copies)
    [hcompact:python3] reservation exceeded at 2,060,535 states; growing to 4,140,242 (this copies)
    [hcompact:python3] rows widen 6B -> 12B per relator at 1 states (in place)
    [hcompact:python3] rows widen 6B -> 12B per relator at 1 states (in place)
    [hcompact:python3] reservation exceeded at 2,060,547 states; growing to 4,140,242 (this copies)
    [hcompact:python3] rows widen 6B -> 12B per relator at 8,732 states (in place)
    [hcompact:python3] reservation exceeded at 2,060,525 states; growing to 4,140,242 (this copies)
    [hcompact:python3] reservation exceeded at 2,060,586 states; growing to 4,140,242 (this copies)
    [hcompact:python3] rows widen 6B -> 12B per relator at 1 states (in place)
    [hcompact:python3] rows widen 6B -> 12B per relator at 8,732 states (in place)
    [hcompact:python3] reservation exceeded at 2,060,531 states; growing to 4,140,242 (this copies)
    [hcompact:python3] rows widen 6B -> 12B per relator at 2,507 states (in place)
    [hcompact:python3] reservation exceeded at 2,060,624 states; growing to 4,140,242 (this copies)
    [hcompact:python3] reservation exceeded at 2,060,593 states; growing to 4,140,242 (this copies)
    [hcompact:python3] rows widen 6B -> 12B per relator at 1,724 states (in place)
    [hcompact:python3] rows widen 6B -> 12B per relator at 2,207 states (in place)
    [hcompact:python3] reservation exceeded at 2,060,593 states; growing to 4,140,242 (this copies)
    [hcompact:python3] rows widen 6B -> 12B per relator at 4,629 states (in place)
    [hcompact:python3] reservation exceeded at 2,060,606 states; growing to 4,140,242 (this copies)
    [hcompact:python3] rows widen 6B -> 12B per relator at 6,018 states (in place)
    [hcompact:python3] reservation exceeded at 2,060,623 states; growing to 4,140,242 (this copies)
    [hcompact:python3] reservation exceeded at 2,060,593 states; growing to 4,140,242 (this copies)
    [hcompact:python3] rows widen 6B -> 12B per relator at 1,675 states (in place)
    [hcompact:python3] rows widen 6B -> 12B per relator at 1 states (in place)
    [hcompact:python3] reservation exceeded at 2,060,593 states; growing to 4,140,242 (this copies)
    [hcompact:python3] rows widen 6B -> 12B per relator at 850 states (in place)
    [hcompact:python3] reservation exceeded at 2,060,518 states; growing to 4,140,242 (this copies)
    [hcompact:python3] reservation exceeded at 2,060,598 states; growing to 4,140,242 (this copies)
    [hcompact:python3] rows widen 6B -> 12B per relator at 1,386 states (in place)
    [hcompact:python3] rows widen 6B -> 12B per relator at 1 states (in place)
    [hcompact:python3] reservation exceeded at 2,060,639 states; growing to 4,140,242 (this copies)
    [hcompact:python3] reservation exceeded at 2,060,612 states; growing to 4,140,242 (this copies)
    [hcompact:python3] reservation exceeded at 2,060,580 states; growing to 4,140,242 (this copies)
    [hcompact:python3] rows widen 6B -> 12B per relator at 1 states (in place)
    [hcompact:python3] rows widen 6B -> 12B per relator at 1 states (in place)
    [hcompact:python3] rows widen 6B -> 12B per relator at 1 states (in place)
    [hcompact:python3] reservation exceeded at 2,060,593 states; growing to 4,140,242 (this copies)
    [hcompact:python3] reservation exceeded at 2,060,618 states; growing to 4,140,242 (this copies)
    [hcompact:python3] rows widen 6B -> 12B per relator at 12,309 states (in place)
    [hcompact:python3] rows widen 6B -> 12B per relator at 546 states (in place)
    [hcompact:python3] reservation exceeded at 2,060,593 states; growing to 4,140,242 (this copies)
    [hcompact:python3] rows widen 6B -> 12B per relator at 75 states (in place)
    [hcompact:python3] reservation exceeded at 2,060,534 states; growing to 4,140,242 (this copies)
    [hcompact:python3] reservation exceeded at 2,060,579 states; growing to 4,140,242 (this copies)
    [hcompact:python3] rows widen 6B -> 12B per relator at 12,309 states (in place)
    [hcompact:python3] reservation exceeded at 2,060,579 states; growing to 4,140,242 (this copies)
    [hcompact:python3] rows widen 6B -> 12B per relator at 12,309 states (in place)
    [hcompact:python3] rows widen 6B -> 12B per relator at 1 states (in place)
    [hcompact:python3] reservation exceeded at 2,060,590 states; growing to 4,140,242 (this copies)
    [hcompact:python3] rows widen 6B -> 12B per relator at 1 states (in place)
    [hcompact:python3] reservation exceeded at 2,060,590 states; growing to 4,140,242 (this copies)
    [hcompact:python3] rows widen 6B -> 12B per relator at 1 states (in place)
    [hcompact:python3] reservation exceeded at 2,060,610 states; growing to 4,140,242 (this copies)
    [hcompact:python3] reservation exceeded at 2,060,699 states; growing to 4,140,242 (this copies)
    [hcompact:python3] reservation exceeded at 2,060,666 states; growing to 4,140,242 (this copies)
    [hcompact:python3] rows widen 6B -> 12B per relator at 1 states (in place)
    [hcompact:python3] rows widen 6B -> 12B per relator at 1 states (in place)
    [hcompact:python3] rows widen 6B -> 12B per relator at 12,309 states (in place)
    [hcompact:python3] reservation exceeded at 2,060,520 states; growing to 4,140,242 (this copies)
    [hcompact:python3] reservation exceeded at 2,060,579 states; growing to 4,140,242 (this copies)
    [hcompact:python3] reservation exceeded at 2,060,521 states; growing to 4,140,242 (this copies)
    [hcompact:python3] rows widen 6B -> 12B per relator at 1 states (in place)
    [hcompact:python3] rows widen 6B -> 12B per relator at 12,309 states (in place)
    [hcompact:python3] rows widen 6B -> 12B per relator at 10,815 states (in place)
    [hcompact:python3] reservation exceeded at 2,060,579 states; growing to 4,140,242 (this copies)
    [hcompact:python3] reservation exceeded at 2,060,538 states; growing to 4,140,242 (this copies)
    [hcompact:python3] reservation exceeded at 2,060,572 states; growing to 4,140,242 (this copies)
    [hcompact:python3] rows widen 6B -> 12B per relator at 212 states (in place)
    [hcompact:python3] rows widen 6B -> 12B per relator at 226 states (in place)
    [hcompact:python3] rows widen 6B -> 12B per relator at 10,684 states (in place)
    [hcompact:python3] reservation exceeded at 2,060,608 states; growing to 4,140,242 (this copies)
    [hcompact:python3] reservation exceeded at 2,060,628 states; growing to 4,140,242 (this copies)
    [hcompact:python3] reservation exceeded at 2,060,589 states; growing to 4,140,242 (this copies)
    [hcompact:python3] rows widen 6B -> 12B per relator at 10,684 states (in place)
    [hcompact:python3] rows widen 6B -> 12B per relator at 1 states (in place)
    [hcompact:python3] rows widen 6B -> 12B per relator at 1 states (in place)
    [hcompact:python3] reservation exceeded at 2,060,531 states; growing to 4,140,242 (this copies)
    [hcompact:python3] rows widen 6B -> 12B per relator at 1 states (in place)
    [hcompact:python3] reservation exceeded at 2,060,596 states; growing to 4,140,242 (this copies)
    [hcompact:python3] reservation exceeded at 2,060,643 states; growing to 4,140,242 (this copies)
    [hcompact:python3] rows widen 6B -> 12B per relator at 1 states (in place)
    [hcompact:python3] rows widen 6B -> 12B per relator at 1 states (in place)
    [hcompact:python3] reservation exceeded at 2,060,598 states; growing to 4,140,242 (this copies)
    [hcompact:python3] reservation exceeded at 2,060,525 states; growing to 4,140,242 (this copies)
    [hcompact:python3] reservation exceeded at 2,060,608 states; growing to 4,140,242 (this copies)
    [hcompact:python3] rows widen 6B -> 12B per relator at 10,684 states (in place)
    [hcompact:python3] rows widen 6B -> 12B per relator at 1 states (in place)
    [hcompact:python3] rows widen 6B -> 12B per relator at 10,684 states (in place)
    [hcompact:python3] reservation exceeded at 2,060,602 states; growing to 4,140,242 (this copies)
    [hcompact:python3] reservation exceeded at 2,060,628 states; growing to 4,140,242 (this copies)
    [hcompact:python3] reservation exceeded at 2,060,540 states; growing to 4,140,242 (this copies)
    [hcompact:python3] rows widen 6B -> 12B per relator at 9,129 states (in place)
    [hcompact:python3] rows widen 6B -> 12B per relator at 557 states (in place)
    [hcompact:python3] rows widen 6B -> 12B per relator at 366 states (in place)
    [hcompact:python3] reservation exceeded at 2,060,589 states; growing to 4,140,242 (this copies)
    [hcompact:python3] rows widen 6B -> 12B per relator at 8,940 states (in place)
    [hcompact:python3] rows widen 6B -> 12B per relator at 8,940 states (in place)
  250/2100 searches  500 records  0 solved  6.2 min elapsed  ETA 45.7 min
    [hcompact:python3] rows widen 6B -> 12B per relator at 1 states (in place)
    [hcompact:python3] reservation exceeded at 2,060,533 states; growing to 4,140,242 (this copies)
    [hcompact:python3] rows widen 6B -> 12B per relator at 1 states (in place)
    [hcompact:python3] reservation exceeded at 2,060,539 states; growing to 4,140,242 (this copies)
    [hcompact:python3] rows widen 6B -> 12B per relator at 1 states (in place)
    [hcompact:python3] rows widen 6B -> 12B per relator at 1 states (in place)
    [hcompact:python3] rows widen 6B -> 12B per relator at 1 states (in place)
    [hcompact:python3] rows widen 6B -> 12B per relator at 8,940 states (in place)
    [hcompact:python3] reservation exceeded at 2,060,555 states; growing to 4,140,242 (this copies)
    [hcompact:python3] rows widen 6B -> 12B per relator at 1 states (in place)
    [hcompact:python3] rows widen 6B -> 12B per relator at 8,940 states (in place)
    [hcompact:python3] reservation exceeded at 2,060,520 states; growing to 4,140,242 (this copies)
    [hcompact:python3] rows widen 6B -> 12B per relator at 11,776 states (in place)
    [hcompact:python3] rows widen 6B -> 12B per relator at 212 states (in place)
    [hcompact:python3] reservation exceeded at 2,060,581 states; growing to 4,140,242 (this copies)
    [hcompact:python3] reservation exceeded at 2,060,539 states; growing to 4,140,242 (this copies)
    [hcompact:python3] rows widen 6B -> 12B per relator at 226 states (in place)
    [hcompact:python3] rows widen 6B -> 12B per relator at 11,645 states (in place)
    [hcompact:python3] reservation exceeded at 2,060,638 states; growing to 4,140,242 (this copies)
    [hcompact:python3] rows widen 6B -> 12B per relator at 11,645 states (in place)
    [hcompact:python3] reservation exceeded at 2,060,657 states; growing to 4,140,242 (this copies)
    [hcompact:python3] reservation exceeded at 2,060,589 states; growing to 4,140,242 (this copies)
    [hcompact:python3] rows widen 6B -> 12B per relator at 1 states (in place)
    [hcompact:python3] rows widen 6B -> 12B per relator at 1 states (in place)
    [hcompact:python3] reservation exceeded at 2,060,603 states; growing to 4,140,242 (this copies)
    [hcompact:python3] rows widen 6B -> 12B per relator at 1 states (in place)
    [hcompact:python3] reservation exceeded at 2,060,523 states; growing to 4,140,242 (this copies)
    [hcompact:python3] reservation exceeded at 2,060,535 states; growing to 4,140,242 (this copies)
    [hcompact:python3] reservation exceeded at 2,060,611 states; growing to 4,140,242 (this copies)
    [hcompact:python3] rows widen 6B -> 12B per relator at 1 states (in place)
    [hcompact:python3] rows widen 6B -> 12B per relator at 1 states (in place)
    [hcompact:python3] rows widen 6B -> 12B per relator at 11,645 states (in place)
    [hcompact:python3] reservation exceeded at 2,060,531 states; growing to 4,140,242 (this copies)
    [hcompact:python3] reservation exceeded at 2,060,632 states; growing to 4,140,242 (this copies)
    [hcompact:python3] reservation exceeded at 2,060,618 states; growing to 4,140,242 (this copies)
    [hcompact:python3] rows widen 6B -> 12B per relator at 1 states (in place)
    [hcompact:python3] rows widen 6B -> 12B per relator at 11,645 states (in place)
    [hcompact:python3] rows widen 6B -> 12B per relator at 8,356 states (in place)
    [hcompact:python3] reservation exceeded at 2,060,578 states; growing to 4,140,242 (this copies)
    [hcompact:python3] reservation exceeded at 2,060,580 states; growing to 4,140,242 (this copies)
    [hcompact:python3] reservation exceeded at 2,060,588 states; growing to 4,140,242 (this copies)
    [hcompact:python3] rows widen 6B -> 12B per relator at 147 states (in place)
    [hcompact:python3] rows widen 6B -> 12B per relator at 1,800 states (in place)
    [hcompact:python3] rows widen 6B -> 12B per relator at 8,237 states (in place)
    [hcompact:python3] rows widen 6B -> 12B per relator at 8,237 states (in place)
    [hcompact:python3] rows widen 6B -> 12B per relator at 1 states (in place)
    [hcompact:python3] reservation exceeded at 2,060,575 states; growing to 4,140,242 (this copies)
    [hcompact:python3] rows widen 6B -> 12B per relator at 1 states (in place)
    [hcompact:python3] reservation exceeded at 2,060,575 states; growing to 4,140,242 (this copies)
    [hcompact:python3] rows widen 6B -> 12B per relator at 1 states (in place)
    [hcompact:python3] rows widen 6B -> 12B per relator at 1 states (in place)
    [hcompact:python3] rows widen 6B -> 12B per relator at 1 states (in place)
    [hcompact:python3] rows widen 6B -> 12B per relator at 8,237 states (in place)
    [hcompact:python3] rows widen 6B -> 12B per relator at 1 states (in place)
    [hcompact:python3] rows widen 6B -> 12B per relator at 8,237 states (in place)
    [hcompact:python3] reservation exceeded at 2,060,604 states; growing to 4,140,242 (this copies)
    [hcompact:python3] rows widen 6B -> 12B per relator at 7,843 states (in place)
    [hcompact:python3] rows widen 6B -> 12B per relator at 147 states (in place)
    [hcompact:python3] reservation exceeded at 2,060,585 states; growing to 4,140,242 (this copies)
    [hcompact:python3] rows widen 6B -> 12B per relator at 1,683 states (in place)
    [hcompact:python3] reservation exceeded at 2,060,608 states; growing to 4,140,242 (this copies)
    [hcompact:python3] rows widen 6B -> 12B per relator at 7,723 states (in place)
    [hcompact:python3] rows widen 6B -> 12B per relator at 7,723 states (in place)
    [hcompact:python3] rows widen 6B -> 12B per relator at 1 states (in place)
    [hcompact:python3] reservation exceeded at 2,060,604 states; growing to 4,140,242 (this copies)
    [hcompact:python3] reservation exceeded at 2,060,606 states; growing to 4,140,242 (this copies)
    [hcompact:python3] reservation exceeded at 2,060,541 states; growing to 4,140,242 (this copies)
    [hcompact:python3] rows widen 6B -> 12B per relator at 1 states (in place)
    [hcompact:python3] rows widen 6B -> 12B per relator at 1 states (in place)
    [hcompact:python3] rows widen 6B -> 12B per relator at 1 states (in place)
    [hcompact:python3] rows widen 6B -> 12B per relator at 1 states (in place)
    [hcompact:python3] rows widen 6B -> 12B per relator at 7,723 states (in place)
    [hcompact:python3] rows widen 6B -> 12B per relator at 1 states (in place)
    [hcompact:python3] rows widen 6B -> 12B per relator at 7,723 states (in place)
    [hcompact:python3] reservation exceeded at 2,060,601 states; growing to 4,140,242 (this copies)
    [hcompact:python3] rows widen 6B -> 12B per relator at 10,177 states (in place)
    [hcompact:python3] rows widen 6B -> 12B per relator at 147 states (in place)
    [hcompact:python3] reservation exceeded at 2,060,628 states; growing to 4,140,242 (this copies)
    [hcompact:python3] reservation exceeded at 2,060,621 states; growing to 4,140,242 (this copies)
    [hcompact:python3] rows widen 6B -> 12B per relator at 1,493 states (in place)
  300/2100 searches  600 records  0 solved  7.4 min elapsed  ETA 44.2 min
    [hcompact:python3] rows widen 6B -> 12B per relator at 10,117 states (in place)
    [hcompact:python3] rows widen 6B -> 12B per relator at 10,117 states (in place)
    [hcompact:python3] rows widen 6B -> 12B per relator at 1 states (in place)
    [hcompact:python3] reservation exceeded at 2,060,593 states; growing to 4,140,242 (this copies)
    [hcompact:python3] rows widen 6B -> 12B per relator at 1 states (in place)
    [hcompact:python3] reservation exceeded at 2,060,552 states; growing to 4,140,242 (this copies)
    [hcompact:python3] rows widen 6B -> 12B per relator at 1 states (in place)
    [hcompact:python3] reservation exceeded at 2,060,601 states; growing to 4,140,242 (this copies)
    [hcompact:python3] rows widen 6B -> 12B per relator at 1 states (in place)
    [hcompact:python3] rows widen 6B -> 12B per relator at 1 states (in place)
    [hcompact:python3] rows widen 6B -> 12B per relator at 10,117 states (in place)
    [hcompact:python3] rows widen 6B -> 12B per relator at 1 states (in place)
    [hcompact:python3] rows widen 6B -> 12B per relator at 10,117 states (in place)
    [hcompact:python3] reservation exceeded at 2,060,583 states; growing to 4,140,242 (this copies)
    [hcompact:python3] rows widen 6B -> 12B per relator at 2,569 states (in place)
    [hcompact:python3] rows widen 6B -> 12B per relator at 1,382 states (in place)
    [hcompact:python3] reservation exceeded at 2,060,599 states; growing to 4,140,242 (this copies)
    [hcompact:python3] rows widen 6B -> 12B per relator at 1,584 states (in place)
    [hcompact:python3] reservation exceeded at 2,060,565 states; growing to 4,140,242 (this copies)
    [hcompact:python3] reservation exceeded at 2,060,525 states; growing to 4,140,242 (this copies)
    [hcompact:python3] rows widen 6B -> 12B per relator at 2,243 states (in place)
    [hcompact:python3] reservation exceeded at 2,060,552 states; growing to 4,140,242 (this copies)
    [hcompact:python3] rows widen 6B -> 12B per relator at 8,347 states (in place)
    [hcompact:python3] rows widen 6B -> 12B per relator at 1 states (in place)
    [hcompact:python3] reservation exceeded at 2,060,584 states; growing to 4,140,242 (this copies)
    [hcompact:python3] reservation exceeded at 2,060,590 states; growing to 4,140,242 (this copies)
    [hcompact:python3] rows widen 6B -> 12B per relator at 1 states (in place)
    [hcompact:python3] rows widen 6B -> 12B per relator at 1,230 states (in place)
    [hcompact:python3] reservation exceeded at 2,060,555 states; growing to 4,140,242 (this copies)
    [hcompact:python3] rows widen 6B -> 12B per relator at 1 states (in place)
    [hcompact:python3] reservation exceeded at 2,060,577 states; growing to 4,140,242 (this copies)
    [hcompact:python3] reservation exceeded at 2,060,530 states; growing to 4,140,242 (this copies)
    [hcompact:python3] rows widen 6B -> 12B per relator at 1 states (in place)
    [hcompact:python3] rows widen 6B -> 12B per relator at 1 states (in place)
    [hcompact:python3] reservation exceeded at 2,060,552 states; growing to 4,140,242 (this copies)
    [hcompact:python3] rows widen 6B -> 12B per relator at 1 states (in place)
    [hcompact:python3] reservation exceeded at 2,060,522 states; growing to 4,140,242 (this copies)
    [hcompact:python3] rows widen 6B -> 12B per relator at 1 states (in place)
    [hcompact:python3] reservation exceeded at 2,060,588 states; growing to 4,140,242 (this copies)
    [hcompact:python3] rows widen 6B -> 12B per relator at 8,233 states (in place)
    [hcompact:python3] reservation exceeded at 2,060,590 states; growing to 4,140,242 (this copies)
    [hcompact:python3] rows widen 6B -> 12B per relator at 147 states (in place)
    [hcompact:python3] reservation exceeded at 2,060,572 states; growing to 4,140,242 (this copies)
    [hcompact:python3] reservation exceeded at 2,060,572 states; growing to 4,140,242 (this copies)
    [hcompact:python3] rows widen 6B -> 12B per relator at 1,684 states (in place)
    [hcompact:python3] rows widen 6B -> 12B per relator at 8,173 states (in place)
    [hcompact:python3] rows widen 6B -> 12B per relator at 8,173 states (in place)
    [hcompact:python3] rows widen 6B -> 12B per relator at 1 states (in place)
    [hcompact:python3] reservation exceeded at 2,060,591 states; growing to 4,140,242 (this copies)
    [hcompact:python3] reservation exceeded at 2,060,591 states; growing to 4,140,242 (this copies)
    [hcompact:python3] rows widen 6B -> 12B per relator at 1 states (in place)
    [hcompact:python3] rows widen 6B -> 12B per relator at 1 states (in place)
    [hcompact:python3] rows widen 6B -> 12B per relator at 1 states (in place)
    [hcompact:python3] reservation exceeded at 2,060,679 states; growing to 4,140,242 (this copies)
    [hcompact:python3] rows widen 6B -> 12B per relator at 1 states (in place)
    [hcompact:python3] rows widen 6B -> 12B per relator at 8,173 states (in place)
    [hcompact:python3] rows widen 6B -> 12B per relator at 1 states (in place)
    [hcompact:python3] rows widen 6B -> 12B per relator at 8,173 states (in place)
    [hcompact:python3] reservation exceeded at 2,060,549 states; growing to 4,140,242 (this copies)
    [hcompact:python3] rows widen 6B -> 12B per relator at 6,110 states (in place)
    [hcompact:python3] rows widen 6B -> 12B per relator at 141 states (in place)
    [hcompact:python3] reservation exceeded at 2,060,605 states; growing to 4,140,242 (this copies)
    [hcompact:python3] rows widen 6B -> 12B per relator at 75 states (in place)
    [hcompact:python3] reservation exceeded at 2,060,582 states; growing to 4,140,242 (this copies)
    [hcompact:python3] reservation exceeded at 2,060,583 states; growing to 4,140,242 (this copies)
    [hcompact:python3] rows widen 6B -> 12B per relator at 6,110 states (in place)
    [hcompact:python3] reservation exceeded at 2,060,555 states; growing to 4,140,242 (this copies)
    [hcompact:python3] rows widen 6B -> 12B per relator at 6,110 states (in place)
    [hcompact:python3] rows widen 6B -> 12B per relator at 1 states (in place)
    [hcompact:python3] reservation exceeded at 2,060,535 states; growing to 4,140,242 (this copies)
    [hcompact:python3] rows widen 6B -> 12B per relator at 1 states (in place)
    [hcompact:python3] reservation exceeded at 2,060,590 states; growing to 4,140,242 (this copies)
    [hcompact:python3] rows widen 6B -> 12B per relator at 1 states (in place)
    [hcompact:python3] reservation exceeded at 2,060,559 states; growing to 4,140,242 (this copies)
    [hcompact:python3] rows widen 6B -> 12B per relator at 1 states (in place)
    [hcompact:python3] reservation exceeded at 2,060,652 states; growing to 4,140,242 (this copies)
    [hcompact:python3] reservation exceeded at 2,060,635 states; growing to 4,140,242 (this copies)
    [hcompact:python3] rows widen 6B -> 12B per relator at 1 states (in place)
    [hcompact:python3] reservation exceeded at 2,060,543 states; growing to 4,140,242 (this copies)
    [hcompact:python3] rows widen 6B -> 12B per relator at 6,110 states (in place)
    [hcompact:python3] rows widen 6B -> 12B per relator at 1 states (in place)
    [hcompact:python3] reservation exceeded at 2,060,568 states; growing to 4,140,242 (this copies)
    [hcompact:python3] rows widen 6B -> 12B per relator at 6,110 states (in place)
    [hcompact:python3] reservation exceeded at 2,060,562 states; growing to 4,140,242 (this copies)
    [hcompact:python3] rows widen 6B -> 12B per relator at 9,391 states (in place)
    [hcompact:python3] reservation exceeded at 2,060,542 states; growing to 4,140,242 (this copies)
  350/2100 searches  700 records  0 solved  8.6 min elapsed  ETA 42.9 min
    [hcompact:python3] rows widen 6B -> 12B per relator at 1,417 states (in place)
    [hcompact:python3] reservation exceeded at 2,060,582 states; growing to 4,140,242 (this copies)
    [hcompact:python3] rows widen 6B -> 12B per relator at 75 states (in place)
    [hcompact:python3] reservation exceeded at 2,060,589 states; growing to 4,140,242 (this copies)
    [hcompact:python3] rows widen 6B -> 12B per relator at 9,391 states (in place)
    [hcompact:python3] reservation exceeded at 2,060,594 states; growing to 4,140,242 (this copies)
    [hcompact:python3] rows widen 6B -> 12B per relator at 9,391 states (in place)
    [hcompact:python3] reservation exceeded at 2,060,703 states; growing to 4,140,242 (this copies)
    [hcompact:python3] rows widen 6B -> 12B per relator at 1 states (in place)
    [hcompact:python3] reservation exceeded at 2,060,525 states; growing to 4,140,242 (this copies)
    [hcompact:python3] rows widen 6B -> 12B per relator at 1 states (in place)
    [hcompact:python3] reservation exceeded at 2,060,599 states; growing to 4,140,242 (this copies)
    [hcompact:python3] rows widen 6B -> 12B per relator at 1 states (in place)
    [hcompact:python3] reservation exceeded at 2,060,523 states; growing to 4,140,242 (this copies)
    [hcompact:python3] reservation exceeded at 2,060,636 states; growing to 4,140,242 (this copies)
    [hcompact:python3] rows widen 6B -> 12B per relator at 1 states (in place)
    [hcompact:python3] reservation exceeded at 2,060,676 states; growing to 4,140,242 (this copies)
    [hcompact:python3] rows widen 6B -> 12B per relator at 1 states (in place)
    [hcompact:python3] rows widen 6B -> 12B per relator at 9,391 states (in place)
    [hcompact:python3] reservation exceeded at 2,060,642 states; growing to 4,140,242 (this copies)
    [hcompact:python3] rows widen 6B -> 12B per relator at 1 states (in place)
    [hcompact:python3] reservation exceeded at 2,060,642 states; growing to 4,140,242 (this copies)
    [hcompact:python3] reservation exceeded at 2,060,589 states; growing to 4,140,242 (this copies)
    [hcompact:python3] rows widen 6B -> 12B per relator at 9,391 states (in place)
    [hcompact:python3] rows widen 6B -> 12B per relator at 10,577 states (in place)
    [hcompact:python3] reservation exceeded at 2,060,540 states; growing to 4,140,242 (this copies)
    [hcompact:python3] reservation exceeded at 2,060,547 states; growing to 4,140,242 (this copies)
    [hcompact:python3] rows widen 6B -> 12B per relator at 141 states (in place)
    [hcompact:python3] reservation exceeded at 2,060,570 states; growing to 4,140,242 (this copies)
    [hcompact:python3] rows widen 6B -> 12B per relator at 75 states (in place)
    [hcompact:python3] rows widen 6B -> 12B per relator at 10,577 states (in place)
    [hcompact:python3] reservation exceeded at 2,060,618 states; growing to 4,140,242 (this copies)
    [hcompact:python3] reservation exceeded at 2,060,590 states; growing to 4,140,242 (this copies)
    [hcompact:python3] reservation exceeded at 2,060,548 states; growing to 4,140,242 (this copies)
    [hcompact:python3] rows widen 6B -> 12B per relator at 10,577 states (in place)
    [hcompact:python3] rows widen 6B -> 12B per relator at 1 states (in place)
    [hcompact:python3] rows widen 6B -> 12B per relator at 1 states (in place)
    [hcompact:python3] reservation exceeded at 2,060,554 states; growing to 4,140,242 (this copies)
    [hcompact:python3] rows widen 6B -> 12B per relator at 1 states (in place)
    [hcompact:python3] reservation exceeded at 2,060,544 states; growing to 4,140,242 (this copies)
    [hcompact:python3] reservation exceeded at 2,060,610 states; growing to 4,140,242 (this copies)
    [hcompact:python3] rows widen 6B -> 12B per relator at 1 states (in place)
    [hcompact:python3] rows widen 6B -> 12B per relator at 1 states (in place)
    [hcompact:python3] reservation exceeded at 2,060,523 states; growing to 4,140,242 (this copies)
    [hcompact:python3] rows widen 6B -> 12B per relator at 10,577 states (in place)
    [hcompact:python3] reservation exceeded at 2,060,614 states; growing to 4,140,242 (this copies)
    [hcompact:python3] reservation exceeded at 2,060,610 states; growing to 4,140,242 (this copies)
    [hcompact:python3] rows widen 6B -> 12B per relator at 1 states (in place)
    [hcompact:python3] rows widen 6B -> 12B per relator at 10,577 states (in place)
    [hcompact:python3] reservation exceeded at 2,060,615 states; growing to 4,140,242 (this copies)
    [hcompact:python3] rows widen 6B -> 12B per relator at 1,347 states (in place)
    [hcompact:python3] reservation exceeded at 2,060,518 states; growing to 4,140,242 (this copies)
    [hcompact:python3] reservation exceeded at 2,060,583 states; growing to 4,140,242 (this copies)
    [hcompact:python3] rows widen 6B -> 12B per relator at 1,181 states (in place)
    [hcompact:python3] rows widen 6B -> 12B per relator at 2,662 states (in place)
    [hcompact:python3] rows widen 6B -> 12B per relator at 1,395 states (in place)
    [hcompact:python3] rows widen 6B -> 12B per relator at 1,792 states (in place)
    [hcompact:python3] rows widen 6B -> 12B per relator at 603 states (in place)
    [hcompact:python3] reservation exceeded at 2,060,519 states; growing to 4,140,242 (this copies)
    [hcompact:python3] rows widen 6B -> 12B per relator at 1 states (in place)
    [hcompact:python3] rows widen 6B -> 12B per relator at 2,610 states (in place)
    [hcompact:python3] reservation exceeded at 2,060,572 states; growing to 4,140,242 (this copies)
    [hcompact:python3] rows widen 6B -> 12B per relator at 1 states (in place)
    [hcompact:python3] reservation exceeded at 2,060,550 states; growing to 4,140,242 (this copies)
    [hcompact:python3] rows widen 6B -> 12B per relator at 1 states (in place)
    [hcompact:python3] rows widen 6B -> 12B per relator at 1 states (in place)
    [hcompact:python3] reservation exceeded at 2,060,532 states; growing to 4,140,242 (this copies)
    [hcompact:python3] rows widen 6B -> 12B per relator at 1 states (in place)
    [hcompact:python3] reservation exceeded at 2,060,562 states; growing to 4,140,242 (this copies)
    [hcompact:python3] reservation exceeded at 2,060,589 states; growing to 4,140,242 (this copies)
    [hcompact:python3] reservation exceeded at 2,060,532 states; growing to 4,140,242 (this copies)
    [hcompact:python3] rows widen 6B -> 12B per relator at 1 states (in place)
    [hcompact:python3] rows widen 6B -> 12B per relator at 594 states (in place)
    [hcompact:python3] rows widen 6B -> 12B per relator at 4,514 states (in place)
    [hcompact:python3] rows widen 6B -> 12B per relator at 5,290 states (in place)
    [hcompact:python3] reservation exceeded at 2,060,666 states; growing to 4,140,242 (this copies)
    [hcompact:python3] rows widen 6B -> 12B per relator at 1,005 states (in place)
    [hcompact:python3] rows widen 6B -> 12B per relator at 1,229 states (in place)
    [hcompact:python3] rows widen 6B -> 12B per relator at 1 states (in place)
    [hcompact:python3] rows widen 6B -> 12B per relator at 1 states (in place)
    [hcompact:python3] rows widen 6B -> 12B per relator at 1 states (in place)
    [hcompact:python3] reservation exceeded at 2,060,616 states; growing to 4,140,242 (this copies)
    [hcompact:python3] rows widen 6B -> 12B per relator at 1 states (in place)
    [hcompact:python3] reservation exceeded at 2,060,553 states; growing to 4,140,242 (this copies)
    [hcompact:python3] rows widen 6B -> 12B per relator at 1 states (in place)
    [hcompact:python3] rows widen 6B -> 12B per relator at 1,171 states (in place)
    [hcompact:python3] reservation exceeded at 2,060,540 states; growing to 4,140,242 (this copies)
    [hcompact:python3] rows widen 6B -> 12B per relator at 1 states (in place)
  400/2100 searches  800 records  0 solved  9.9 min elapsed  ETA 42.0 min
    [hcompact:python3] rows widen 6B -> 12B per relator at 1,266 states (in place)
    [hcompact:python3] rows widen 6B -> 12B per relator at 269 states (in place)
    [hcompact:python3] rows widen 6B -> 12B per relator at 1,610 states (in place)
    [hcompact:python3] reservation exceeded at 2,060,594 states; growing to 4,140,242 (this copies)
    [hcompact:python3] rows widen 6B -> 12B per relator at 2,243 states (in place)
    [hcompact:python3] rows widen 6B -> 12B per relator at 520 states (in place)
    [hcompact:python3] reservation exceeded at 2,060,563 states; growing to 4,140,242 (this copies)
    [hcompact:python3] reservation exceeded at 2,060,610 states; growing to 4,140,242 (this copies)
    [hcompact:python3] rows widen 6B -> 12B per relator at 616 states (in place)
    [hcompact:python3] rows widen 6B -> 12B per relator at 1 states (in place)
    [hcompact:python3] rows widen 6B -> 12B per relator at 1 states (in place)
    [hcompact:python3] rows widen 6B -> 12B per relator at 1 states (in place)
    [hcompact:python3] reservation exceeded at 2,060,556 states; growing to 4,140,242 (this copies)
    [hcompact:python3] reservation exceeded at 2,060,580 states; growing to 4,140,242 (this copies)
    [hcompact:python3] rows widen 6B -> 12B per relator at 1 states (in place)
    [hcompact:python3] rows widen 6B -> 12B per relator at 1 states (in place)
    [hcompact:python3] reservation exceeded at 2,060,591 states; growing to 4,140,242 (this copies)
    [hcompact:python3] rows widen 6B -> 12B per relator at 151 states (in place)
    [hcompact:python3] reservation exceeded at 2,060,639 states; growing to 4,140,242 (this copies)
    [hcompact:python3] reservation exceeded at 2,060,700 states; growing to 4,140,242 (this copies)
    [hcompact:python3] rows widen 6B -> 12B per relator at 1 states (in place)
    [hcompact:python3] rows widen 6B -> 12B per relator at 1,009 states (in place)
    [hcompact:python3] rows widen 6B -> 12B per relator at 788 states (in place)
    [hcompact:python3] rows widen 6B -> 12B per relator at 1,711 states (in place)
    [hcompact:python3] reservation exceeded at 2,060,574 states; growing to 4,140,242 (this copies)
    [hcompact:python3] reservation exceeded at 2,060,571 states; growing to 4,140,242 (this copies)
    [hcompact:python3] rows widen 6B -> 12B per relator at 2,536 states (in place)
    [hcompact:python3] rows widen 6B -> 12B per relator at 549 states (in place)
    [hcompact:python3] reservation exceeded at 2,060,587 states; growing to 4,140,242 (this copies)
    [hcompact:python3] rows widen 6B -> 12B per relator at 468 states (in place)
    [hcompact:python3] rows widen 6B -> 12B per relator at 1 states (in place)
    [hcompact:python3] reservation exceeded at 2,060,612 states; growing to 4,140,242 (this copies)
    [hcompact:python3] reservation exceeded at 2,060,667 states; growing to 4,140,242 (this copies)
    [hcompact:python3] rows widen 6B -> 12B per relator at 1 states (in place)
    [hcompact:python3] rows widen 6B -> 12B per relator at 2,387 states (in place)
    [hcompact:python3] reservation exceeded at 2,060,624 states; growing to 4,140,242 (this copies)
    [hcompact:python3] rows widen 6B -> 12B per relator at 2,260 states (in place)
    [hcompact:python3] rows widen 6B -> 12B per relator at 1 states (in place)
    [hcompact:python3] reservation exceeded at 2,060,612 states; growing to 4,140,242 (this copies)
    [hcompact:python3] rows widen 6B -> 12B per relator at 1 states (in place)
    [hcompact:python3] reservation exceeded at 2,060,641 states; growing to 4,140,242 (this copies)
    [hcompact:python3] rows widen 6B -> 12B per relator at 67 states (in place)
    [hcompact:python3] rows widen 6B -> 12B per relator at 1,018 states (in place)
    [hcompact:python3] reservation exceeded at 2,060,635 states; growing to 4,140,242 (this copies)
    [hcompact:python3] rows widen 6B -> 12B per relator at 1,624 states (in place)
    [hcompact:python3] reservation exceeded at 2,060,521 states; growing to 4,140,242 (this copies)
    [hcompact:python3] reservation exceeded at 2,060,536 states; growing to 4,140,242 (this copies)
    [hcompact:python3] rows widen 6B -> 12B per relator at 892 states (in place)
    [hcompact:python3] reservation exceeded at 2,060,574 states; growing to 4,140,242 (this copies)
    [hcompact:python3] rows widen 6B -> 12B per relator at 1,564 states (in place)
    [hcompact:python3] rows widen 6B -> 12B per relator at 533 states (in place)
    [hcompact:python3] reservation exceeded at 2,060,603 states; growing to 4,140,242 (this copies)
    [hcompact:python3] rows widen 6B -> 12B per relator at 424 states (in place)
    [hcompact:python3] reservation exceeded at 2,060,522 states; growing to 4,140,242 (this copies)
    [hcompact:python3] reservation exceeded at 2,060,546 states; growing to 4,140,242 (this copies)
    [hcompact:python3] rows widen 6B -> 12B per relator at 703 states (in place)
    [hcompact:python3] rows widen 6B -> 12B per relator at 1,074 states (in place)
    [hcompact:python3] reservation exceeded at 2,060,565 states; growing to 4,140,242 (this copies)
    [hcompact:python3] rows widen 6B -> 12B per relator at 430 states (in place)
    [hcompact:python3] reservation exceeded at 2,060,595 states; growing to 4,140,242 (this copies)
    [hcompact:python3] rows widen 6B -> 12B per relator at 1 states (in place)
    [hcompact:python3] reservation exceeded at 2,060,566 states; growing to 4,140,242 (this copies)
    [hcompact:python3] rows widen 6B -> 12B per relator at 163 states (in place)
    [hcompact:python3] reservation exceeded at 2,060,533 states; growing to 4,140,242 (this copies)
    [hcompact:python3] rows widen 6B -> 12B per relator at 250 states (in place)
    [hcompact:python3] reservation exceeded at 2,060,594 states; growing to 4,140,242 (this copies)
    [hcompact:python3] reservation exceeded at 2,060,570 states; growing to 4,140,242 (this copies)
    [hcompact:python3] rows widen 6B -> 12B per relator at 1 states (in place)
    [hcompact:python3] reservation exceeded at 2,060,649 states; growing to 4,140,242 (this copies)
    [hcompact:python3] rows widen 6B -> 12B per relator at 1 states (in place)
    [hcompact:python3] reservation exceeded at 2,060,682 states; growing to 4,140,242 (this copies)
    [hcompact:python3] rows widen 6B -> 12B per relator at 49 states (in place)
    [hcompact:python3] reservation exceeded at 2,060,580 states; growing to 4,140,242 (this copies)
    [hcompact:python3] rows widen 6B -> 12B per relator at 1 states (in place)
    [hcompact:python3] reservation exceeded at 2,060,545 states; growing to 4,140,242 (this copies)
    [hcompact:python3] rows widen 6B -> 12B per relator at 1 states (in place)
    [hcompact:python3] rows widen 6B -> 12B per relator at 91 states (in place)
    [hcompact:python3] reservation exceeded at 2,060,601 states; growing to 4,140,242 (this copies)
    [hcompact:python3] rows widen 6B -> 12B per relator at 91 states (in place)
    [hcompact:python3] reservation exceeded at 2,060,557 states; growing to 4,140,242 (this copies)
    [hcompact:python3] reservation exceeded at 2,060,540 states; growing to 4,140,242 (this copies)
    [hcompact:python3] rows widen 7B -> 12B per relator at 1 states (in place)
    [hcompact:python3] rows widen 7B -> 12B per relator at 1 states (in place)
    [hcompact:python3] reservation exceeded at 2,060,523 states; growing to 4,140,242 (this copies)
    [hcompact:python3] rows widen 7B -> 12B per relator at 1 states (in place)
    [hcompact:python3] reservation exceeded at 2,060,597 states; growing to 4,140,242 (this copies)
    [hcompact:python3] rows widen 7B -> 12B per relator at 1 states (in place)
    [hcompact:python3] reservation exceeded at 2,060,667 states; growing to 4,140,242 (this copies)
    [hcompact:python3] reservation exceeded at 2,060,542 states; growing to 4,140,242 (this copies)
    [hcompact:python3] rows widen 6B -> 12B per relator at 1 states (in place)
    [hcompact:python3] reservation exceeded at 2,060,526 states; growing to 4,140,242 (this copies)
  450/2100 searches  892 records  0 solved  11.3 min elapsed  ETA 41.4 min
    [hcompact:python3] rows widen 6B -> 12B per relator at 103 states (in place)
    [hcompact:python3] rows widen 6B -> 12B per relator at 1 states (in place)
    [hcompact:python3] reservation exceeded at 2,060,576 states; growing to 4,140,242 (this copies)
    [hcompact:python3] rows widen 6B -> 12B per relator at 103 states (in place)
    [hcompact:python3] reservation exceeded at 2,060,537 states; growing to 4,140,242 (this copies)
    [hcompact:python3] reservation exceeded at 2,060,582 states; growing to 4,140,242 (this copies)
    [hcompact:python3] rows widen 6B -> 12B per relator at 1,524 states (in place)
    [hcompact:python3] rows widen 6B -> 12B per relator at 423 states (in place)
    [hcompact:python3] reservation exceeded at 2,060,589 states; growing to 4,140,242 (this copies)
    [hcompact:python3] rows widen 6B -> 12B per relator at 482 states (in place)
    [hcompact:python3] reservation exceeded at 2,060,552 states; growing to 4,140,242 (this copies)
    [hcompact:python3] reservation exceeded at 2,060,539 states; growing to 4,140,242 (this copies)
    [hcompact:python3] rows widen 6B -> 12B per relator at 1,792 states (in place)
    [hcompact:python3] rows widen 6B -> 12B per relator at 201 states (in place)
    [hcompact:python3] reservation exceeded at 2,060,591 states; growing to 4,140,242 (this copies)
    [hcompact:python3] rows widen 6B -> 12B per relator at 1 states (in place)
    [hcompact:python3] reservation exceeded at 2,060,576 states; growing to 4,140,242 (this copies)
    [hcompact:python3] rows widen 6B -> 12B per relator at 1 states (in place)
    [hcompact:python3] reservation exceeded at 2,060,586 states; growing to 4,140,242 (this copies)
    [hcompact:python3] rows widen 6B -> 12B per relator at 1 states (in place)
    [hcompact:python3] reservation exceeded at 2,060,600 states; growing to 4,140,242 (this copies)
    [hcompact:python3] rows widen 6B -> 12B per relator at 1 states (in place)
    [hcompact:python3] reservation exceeded at 2,060,689 states; growing to 4,140,242 (this copies)
    [hcompact:python3] reservation exceeded at 2,060,614 states; growing to 4,140,242 (this copies)
    [hcompact:python3] rows widen 6B -> 12B per relator at 1 states (in place)
    [hcompact:python3] rows widen 6B -> 12B per relator at 1 states (in place)
    [hcompact:python3] reservation exceeded at 2,060,535 states; growing to 4,140,242 (this copies)
    [hcompact:python3] reservation exceeded at 2,060,590 states; growing to 4,140,242 (this copies)
    [hcompact:python3] rows widen 6B -> 12B per relator at 1 states (in place)
    [hcompact:python3] reservation exceeded at 2,060,639 states; growing to 4,140,242 (this copies)
    [hcompact:python3] rows widen 6B -> 12B per relator at 1 states (in place)
    [hcompact:python3] rows widen 6B -> 12B per relator at 938 states (in place)
    [hcompact:python3] reservation exceeded at 2,060,575 states; growing to 4,140,242 (this copies)
    [hcompact:python3] reservation exceeded at 2,060,591 states; growing to 4,140,242 (this copies)
    [hcompact:python3] reservation exceeded at 2,060,535 states; growing to 4,140,242 (this copies)
    [hcompact:python3] rows widen 6B -> 12B per relator at 298 states (in place)
    [hcompact:python3] rows widen 6B -> 12B per relator at 1,452 states (in place)
    [hcompact:python3] rows widen 6B -> 12B per relator at 75 states (in place)
    [hcompact:python3] reservation exceeded at 2,060,643 states; growing to 4,140,242 (this copies)
    [hcompact:python3] reservation exceeded at 2,060,592 states; growing to 4,140,242 (this copies)
    [hcompact:python3] rows widen 6B -> 12B per relator at 3,934 states (in place)
    [hcompact:python3] rows widen 6B -> 12B per relator at 1 states (in place)
    [hcompact:python3] reservation exceeded at 2,060,518 states; growing to 4,140,242 (this copies)
    [hcompact:python3] reservation exceeded at 2,060,555 states; growing to 4,140,242 (this copies)
    [hcompact:python3] rows widen 6B -> 12B per relator at 1 states (in place)
    [hcompact:python3] rows widen 6B -> 12B per relator at 771 states (in place)
    [hcompact:python3] reservation exceeded at 2,060,555 states; growing to 4,140,242 (this copies)
    [hcompact:python3] rows widen 6B -> 12B per relator at 635 states (in place)
    [hcompact:python3] reservation exceeded at 2,060,632 states; growing to 4,140,242 (this copies)
    [hcompact:python3] reservation exceeded at 2,060,577 states; growing to 4,140,242 (this copies)
    [hcompact:python3] rows widen 6B -> 12B per relator at 1 states (in place)
    [hcompact:python3] reservation exceeded at 2,060,613 states; growing to 4,140,242 (this copies)
    [hcompact:python3] rows widen 6B -> 12B per relator at 1 states (in place)
    [hcompact:python3] rows widen 6B -> 12B per relator at 8,995 states (in place)
    [hcompact:python3] reservation exceeded at 2,060,630 states; growing to 4,140,242 (this copies)
    [hcompact:python3] reservation exceeded at 2,060,650 states; growing to 4,140,242 (this copies)
    [hcompact:python3] rows widen 6B -> 12B per relator at 2,727 states (in place)
    [hcompact:python3] rows widen 6B -> 12B per relator at 133 states (in place)
    [hcompact:python3] rows widen 6B -> 12B per relator at 1 states (in place)
    [hcompact:python3] rows widen 6B -> 12B per relator at 1 states (in place)
    [hcompact:python3] reservation exceeded at 2,060,631 states; growing to 4,140,242 (this copies)
    [hcompact:python3] rows widen 6B -> 12B per relator at 95 states (in place)
    [hcompact:python3] reservation exceeded at 2,060,568 states; growing to 4,140,242 (this copies)
    [hcompact:python3] reservation exceeded at 2,060,518 states; growing to 4,140,242 (this copies)
    [hcompact:python3] rows widen 6B -> 12B per relator at 95 states (in place)
    [hcompact:python3] rows widen 7B -> 12B per relator at 1 states (in place)
    [hcompact:python3] reservation exceeded at 2,060,601 states; growing to 4,140,242 (this copies)
    [hcompact:python3] rows widen 7B -> 12B per relator at 1 states (in place)
    [hcompact:python3] reservation exceeded at 2,060,669 states; growing to 4,140,242 (this copies)
    [hcompact:python3] reservation exceeded at 2,060,632 states; growing to 4,140,242 (this copies)
    [hcompact:python3] rows widen 7B -> 12B per relator at 1 states (in place)
    [hcompact:python3] reservation exceeded at 2,060,610 states; growing to 4,140,242 (this copies)
    [hcompact:python3] rows widen 7B -> 12B per relator at 1 states (in place)
    [hcompact:python3] reservation exceeded at 2,060,677 states; growing to 4,140,242 (this copies)
    [hcompact:python3] reservation exceeded at 2,060,521 states; growing to 4,140,242 (this copies)
    [hcompact:python3] rows widen 6B -> 12B per relator at 1 states (in place)
    [hcompact:python3] rows widen 6B -> 12B per relator at 1 states (in place)
    [hcompact:python3] rows widen 6B -> 12B per relator at 1 states (in place)
    [hcompact:python3] reservation exceeded at 2,060,561 states; growing to 4,140,242 (this copies)
    [hcompact:python3] reservation exceeded at 2,060,618 states; growing to 4,140,242 (this copies)
    [hcompact:python3] reservation exceeded at 2,060,616 states; growing to 4,140,242 (this copies)
    [hcompact:python3] rows widen 6B -> 12B per relator at 1 states (in place)
    [hcompact:python3] rows widen 6B -> 12B per relator at 133 states (in place)
    [hcompact:python3] rows widen 6B -> 12B per relator at 1 states (in place)
    [hcompact:python3] reservation exceeded at 2,060,527 states; growing to 4,140,242 (this copies)
    [hcompact:python3] reservation exceeded at 2,060,559 states; growing to 4,140,242 (this copies)
    [hcompact:python3] reservation exceeded at 2,060,650 states; growing to 4,140,242 (this copies)
    [hcompact:python3] rows widen 6B -> 12B per relator at 1 states (in place)
    [hcompact:python3] rows widen 6B -> 12B per relator at 95 states (in place)
    [hcompact:python3] rows widen 6B -> 12B per relator at 95 states (in place)
    [hcompact:python3] reservation exceeded at 2,060,593 states; growing to 4,140,242 (this copies)
    [hcompact:python3] reservation exceeded at 2,060,551 states; growing to 4,140,242 (this copies)
    [hcompact:python3] reservation exceeded at 2,060,590 states; growing to 4,140,242 (this copies)
    [hcompact:python3] rows widen 7B -> 12B per relator at 1 states (in place)
    [hcompact:python3] rows widen 7B -> 12B per relator at 1 states (in place)
    [hcompact:python3] rows widen 7B -> 12B per relator at 1 states (in place)
    [hcompact:python3] reservation exceeded at 2,060,625 states; growing to 4,140,242 (this copies)
    [hcompact:python3] reservation exceeded at 2,060,685 states; growing to 4,140,242 (this copies)
    [hcompact:python3] reservation exceeded at 2,060,523 states; growing to 4,140,242 (this copies)
  500/2100 searches  974 records  0 solved  12.9 min elapsed  ETA 41.3 min
    [hcompact:python3] rows widen 7B -> 12B per relator at 1 states (in place)
    [hcompact:python3] rows widen 6B -> 12B per relator at 1 states (in place)
    [hcompact:python3] rows widen 6B -> 12B per relator at 1 states (in place)
    [hcompact:python3] reservation exceeded at 2,060,658 states; growing to 4,140,242 (this copies)
    [hcompact:python3] reservation exceeded at 2,060,599 states; growing to 4,140,242 (this copies)
    [hcompact:python3] reservation exceeded at 2,060,609 states; growing to 4,140,242 (this copies)
    [hcompact:python3] rows widen 6B -> 12B per relator at 1 states (in place)
    [hcompact:python3] rows widen 6B -> 12B per relator at 1 states (in place)
    [hcompact:python3] rows widen 6B -> 12B per relator at 63 states (in place)
    [hcompact:python3] reservation exceeded at 2,060,625 states; growing to 4,140,242 (this copies)
    [hcompact:python3] reservation exceeded at 2,060,659 states; growing to 4,140,242 (this copies)
    [hcompact:python3] rows widen 6B -> 12B per relator at 1 states (in place)
    [hcompact:python3] reservation exceeded at 2,060,519 states; growing to 4,140,242 (this copies)
    [hcompact:python3] rows widen 6B -> 12B per relator at 1 states (in place)
    [hcompact:python3] rows widen 6B -> 12B per relator at 77 states (in place)
    [hcompact:python3] reservation exceeded at 2,060,607 states; growing to 4,140,242 (this copies)
    [hcompact:python3] rows widen 6B -> 12B per relator at 95 states (in place)
    [hcompact:python3] reservation exceeded at 2,060,630 states; growing to 4,140,242 (this copies)
    [hcompact:python3] reservation exceeded at 2,060,573 states; growing to 4,140,242 (this copies)
    [hcompact:python3] rows widen 7B -> 12B per relator at 1 states (in place)
    [hcompact:python3] rows widen 7B -> 12B per relator at 1 states (in place)
    [hcompact:python3] reservation exceeded at 2,060,615 states; growing to 4,140,242 (this copies)
    [hcompact:python3] rows widen 7B -> 12B per relator at 1 states (in place)
    [hcompact:python3] reservation exceeded at 2,060,522 states; growing to 4,140,242 (this copies)
    [hcompact:python3] reservation exceeded at 2,060,671 states; growing to 4,140,242 (this copies)
    [hcompact:python3] reservation exceeded at 2,060,681 states; growing to 4,140,242 (this copies)
    [hcompact:python3] rows widen 7B -> 12B per relator at 1 states (in place)
    [hcompact:python3] rows widen 6B -> 12B per relator at 1 states (in place)
    [hcompact:python3] rows widen 6B -> 12B per relator at 99 states (in place)
    [hcompact:python3] reservation exceeded at 2,060,609 states; growing to 4,140,242 (this copies)
    [hcompact:python3] reservation exceeded at 2,060,661 states; growing to 4,140,242 (this copies)
    [hcompact:python3] reservation exceeded at 2,060,534 states; growing to 4,140,242 (this copies)
    [hcompact:python3] rows widen 6B -> 12B per relator at 1 states (in place)
    [hcompact:python3] rows widen 6B -> 12B per relator at 1 states (in place)
    [hcompact:python3] rows widen 6B -> 12B per relator at 63 states (in place)
    [hcompact:python3] reservation exceeded at 2,060,659 states; growing to 4,140,242 (this copies)
    [hcompact:python3] reservation exceeded at 2,060,606 states; growing to 4,140,242 (this copies)
    [hcompact:python3] reservation exceeded at 2,060,658 states; growing to 4,140,242 (this copies)
    [hcompact:python3] rows widen 6B -> 12B per relator at 1 states (in place)
    [hcompact:python3] rows widen 6B -> 12B per relator at 1 states (in place)
    [hcompact:python3] rows widen 6B -> 12B per relator at 163 states (in place)
    [hcompact:python3] reservation exceeded at 2,060,594 states; growing to 4,140,242 (this copies)
    [hcompact:python3] reservation exceeded at 2,060,529 states; growing to 4,140,242 (this copies)
    [hcompact:python3] reservation exceeded at 2,060,552 states; growing to 4,140,242 (this copies)
    [hcompact:python3] rows widen 6B -> 12B per relator at 95 states (in place)
    [hcompact:python3] rows widen 7B -> 12B per relator at 1 states (in place)
    [hcompact:python3] rows widen 7B -> 12B per relator at 1 states (in place)
    [hcompact:python3] reservation exceeded at 2,060,532 states; growing to 4,140,242 (this copies)
    [hcompact:python3] rows widen 7B -> 12B per relator at 1 states (in place)
    [hcompact:python3] reservation exceeded at 2,060,688 states; growing to 4,140,242 (this copies)
    [hcompact:python3] reservation exceeded at 2,060,573 states; growing to 4,140,242 (this copies)
    [hcompact:python3] rows widen 7B -> 12B per relator at 1 states (in place)
    [hcompact:python3] rows widen 6B -> 12B per relator at 1 states (in place)
    [hcompact:python3] reservation exceeded at 2,060,527 states; growing to 4,140,242 (this copies)
    [hcompact:python3] reservation exceeded at 2,060,660 states; growing to 4,140,242 (this copies)
    [hcompact:python3] reservation exceeded at 2,060,548 states; growing to 4,140,242 (this copies)
    [hcompact:python3] rows widen 6B -> 12B per relator at 99 states (in place)
    [hcompact:python3] rows widen 6B -> 12B per relator at 1 states (in place)
    [hcompact:python3] rows widen 6B -> 12B per relator at 1 states (in place)
    [hcompact:python3] reservation exceeded at 2,060,605 states; growing to 4,140,242 (this copies)
    [hcompact:python3] reservation exceeded at 2,060,584 states; growing to 4,140,242 (this copies)
    [hcompact:python3] rows widen 6B -> 12B per relator at 63 states (in place)
    [hcompact:python3] reservation exceeded at 2,060,615 states; growing to 4,140,242 (this copies)
    [hcompact:python3] rows widen 6B -> 12B per relator at 1 states (in place)
    [hcompact:python3] rows widen 6B -> 12B per relator at 1 states (in place)
    [hcompact:python3] reservation exceeded at 2,060,639 states; growing to 4,140,242 (this copies)
    [hcompact:python3] rows widen 6B -> 12B per relator at 248 states (in place)
    [hcompact:python3] reservation exceeded at 2,060,639 states; growing to 4,140,242 (this copies)
    [hcompact:python3] reservation exceeded at 2,060,587 states; growing to 4,140,242 (this copies)
    [hcompact:python3] rows widen 6B -> 12B per relator at 95 states (in place)
    [hcompact:python3] rows widen 7B -> 12B per relator at 1 states (in place)
    [hcompact:python3] reservation exceeded at 2,060,609 states; growing to 4,140,242 (this copies)
    [hcompact:python3] reservation exceeded at 2,060,527 states; growing to 4,140,242 (this copies)
    [hcompact:python3] rows widen 7B -> 12B per relator at 1 states (in place)
    [hcompact:python3] reservation exceeded at 2,060,621 states; growing to 4,140,242 (this copies)
    [hcompact:python3] rows widen 7B -> 12B per relator at 1 states (in place)
    [hcompact:python3] rows widen 7B -> 12B per relator at 1 states (in place)
    [hcompact:python3] reservation exceeded at 2,060,575 states; growing to 4,140,242 (this copies)
    [hcompact:python3] rows widen 6B -> 12B per relator at 1 states (in place)
    [hcompact:python3] reservation exceeded at 2,060,628 states; growing to 4,140,242 (this copies)
    [hcompact:python3] reservation exceeded at 2,060,656 states; growing to 4,140,242 (this copies)
    [hcompact:python3] rows widen 6B -> 12B per relator at 99 states (in place)
    [hcompact:python3] reservation exceeded at 2,060,541 states; growing to 4,140,242 (this copies)
    [hcompact:python3] rows widen 6B -> 12B per relator at 1 states (in place)
    [hcompact:python3] reservation exceeded at 2,060,609 states; growing to 4,140,242 (this copies)
    [hcompact:python3] rows widen 6B -> 12B per relator at 1 states (in place)
    [hcompact:python3] rows widen 6B -> 12B per relator at 63 states (in place)
    [hcompact:python3] reservation exceeded at 2,060,575 states; growing to 4,140,242 (this copies)
    [hcompact:python3] rows widen 6B -> 12B per relator at 1 states (in place)
    [hcompact:python3] reservation exceeded at 2,060,527 states; growing to 4,140,242 (this copies)
    [hcompact:python3] reservation exceeded at 2,060,553 states; growing to 4,140,242 (this copies)
    [hcompact:python3] rows widen 6B -> 12B per relator at 1 states (in place)
    [hcompact:python3] rows widen 6B -> 12B per relator at 163 states (in place)
    [hcompact:python3] reservation exceeded at 2,060,593 states; growing to 4,140,242 (this copies)
    [hcompact:python3] rows widen 6B -> 12B per relator at 95 states (in place)
    [hcompact:python3] reservation exceeded at 2,060,689 states; growing to 4,140,242 (this copies)
    [hcompact:python3] reservation exceeded at 2,060,630 states; growing to 4,140,242 (this copies)
    [hcompact:python3] rows widen 7B -> 12B per relator at 1 states (in place)
    [hcompact:python3] reservation exceeded at 2,060,568 states; growing to 4,140,242 (this copies)
  550/2100 searches  1074 records  0 solved  14.6 min elapsed  ETA 41.2 min
    [hcompact:python3] rows widen 7B -> 12B per relator at 1 states (in place)
    [hcompact:python3] rows widen 7B -> 12B per relator at 1 states (in place)
    [hcompact:python3] reservation exceeded at 2,060,605 states; growing to 4,140,242 (this copies)
    [hcompact:python3] reservation exceeded at 2,060,536 states; growing to 4,140,242 (this copies)
    [hcompact:python3] rows widen 7B -> 12B per relator at 1 states (in place)
    [hcompact:python3] reservation exceeded at 2,060,564 states; growing to 4,140,242 (this copies)
    [hcompact:python3] rows widen 6B -> 12B per relator at 1 states (in place)
    [hcompact:python3] rows widen 6B -> 12B per relator at 99 states (in place)
    [hcompact:python3] reservation exceeded at 2,060,559 states; growing to 4,140,242 (this copies)
    [hcompact:python3] reservation exceeded at 2,060,593 states; growing to 4,140,242 (this copies)
    [hcompact:python3] rows widen 6B -> 12B per relator at 1 states (in place)
    [hcompact:python3] rows widen 6B -> 12B per relator at 1 states (in place)
    [hcompact:python3] reservation exceeded at 2,060,657 states; growing to 4,140,242 (this copies)
    [hcompact:python3] rows widen 6B -> 12B per relator at 1,483 states (in place)
    [hcompact:python3] reservation exceeded at 2,060,660 states; growing to 4,140,242 (this copies)
    [hcompact:python3] reservation exceeded at 2,060,608 states; growing to 4,140,242 (this copies)
    [hcompact:python3] rows widen 6B -> 12B per relator at 1,430 states (in place)
    [hcompact:python3] reservation exceeded at 2,060,600 states; growing to 4,140,242 (this copies)
    [hcompact:python3] rows widen 6B -> 12B per relator at 83 states (in place)
    [hcompact:python3] rows widen 6B -> 12B per relator at 839 states (in place)
    [hcompact:python3] reservation exceeded at 2,060,650 states; growing to 4,140,242 (this copies)
    [hcompact:python3] reservation exceeded at 2,060,605 states; growing to 4,140,242 (this copies)
    [hcompact:python3] reservation exceeded at 2,060,607 states; growing to 4,140,242 (this copies)
    [hcompact:python3] rows widen 6B -> 12B per relator at 1 states (in place)
    [hcompact:python3] rows widen 6B -> 12B per relator at 617 states (in place)
    [hcompact:python3] rows widen 6B -> 12B per relator at 226 states (in place)
    [hcompact:python3] reservation exceeded at 2,060,521 states; growing to 4,140,242 (this copies)
    [hcompact:python3] rows widen 6B -> 12B per relator at 1 states (in place)
    [hcompact:python3] reservation exceeded at 2,060,621 states; growing to 4,140,242 (this copies)
    [hcompact:python3] reservation exceeded at 2,060,563 states; growing to 4,140,242 (this copies)
    [hcompact:python3] rows widen 6B -> 12B per relator at 1 states (in place)
    [hcompact:python3] rows widen 6B -> 12B per relator at 1 states (in place)
    [hcompact:python3] reservation exceeded at 2,060,546 states; growing to 4,140,242 (this copies)
    [hcompact:python3] reservation exceeded at 2,060,534 states; growing to 4,140,242 (this copies)
    [hcompact:python3] reservation exceeded at 2,060,585 states; growing to 4,140,242 (this copies)
    [hcompact:python3] rows widen 6B -> 12B per relator at 1 states (in place)
    [hcompact:python3] rows widen 6B -> 12B per relator at 1 states (in place)
    [hcompact:python3] reservation exceeded at 2,060,542 states; growing to 4,140,242 (this copies)
    [hcompact:python3] reservation exceeded at 2,060,632 states; growing to 4,140,242 (this copies)
    [hcompact:python3] reservation exceeded at 4,130,836 states; growing to 8,280,484 (this copies)
    [hcompact:python3] rows widen 6B -> 12B per relator at 1 states (in place)
    [hcompact:python3] rows widen 6B -> 12B per relator at 1,484 states (in place)
    [hcompact:python3] rows widen 6B -> 12B per relator at 1,481 states (in place)
    [hcompact:python3] reservation exceeded at 2,060,648 states; growing to 4,140,242 (this copies)
    [hcompact:python3] reservation exceeded at 2,060,641 states; growing to 4,140,242 (this copies)
    [hcompact:python3] rows widen 6B -> 12B per relator at 1 states (in place)
    [hcompact:python3] reservation exceeded at 2,060,521 states; growing to 4,140,242 (this copies)
    [hcompact:python3] rows widen 6B -> 12B per relator at 616 states (in place)
    [hcompact:python3] rows widen 6B -> 12B per relator at 159 states (in place)
    [hcompact:python3] reservation exceeded at 2,060,597 states; growing to 4,140,242 (this copies)
    [hcompact:python3] reservation exceeded at 2,060,543 states; growing to 4,140,242 (this copies)
    [hcompact:python3] rows widen 6B -> 12B per relator at 1 states (in place)
    [hcompact:python3] reservation exceeded at 2,060,625 states; growing to 4,140,242 (this copies)
    [hcompact:python3] rows widen 6B -> 12B per relator at 1 states (in place)
    [hcompact:python3] rows widen 6B -> 12B per relator at 1 states (in place)
    [hcompact:python3] reservation exceeded at 2,060,554 states; growing to 4,140,242 (this copies)
    [hcompact:python3] reservation exceeded at 2,060,614 states; growing to 4,140,242 (this copies)
    [hcompact:python3] reservation exceeded at 2,060,662 states; growing to 4,140,242 (this copies)
    [hcompact:python3] rows widen 6B -> 12B per relator at 1 states (in place)
    [hcompact:python3] rows widen 6B -> 12B per relator at 1 states (in place)
    [hcompact:python3] rows widen 6B -> 12B per relator at 1 states (in place)
    [hcompact:python3] reservation exceeded at 2,060,548 states; growing to 4,140,242 (this copies)
    [hcompact:python3] reservation exceeded at 2,060,545 states; growing to 4,140,242 (this copies)
    [hcompact:python3] rows widen 6B -> 12B per relator at 1 states (in place)
    [hcompact:python3] reservation exceeded at 2,060,555 states; growing to 4,140,242 (this copies)
    [hcompact:python3] rows widen 6B -> 12B per relator at 1 states (in place)
    [hcompact:python3] rows widen 6B -> 12B per relator at 591 states (in place)
    [hcompact:python3] reservation exceeded at 2,060,635 states; growing to 4,140,242 (this copies)
    [hcompact:python3] reservation exceeded at 2,060,613 states; growing to 4,140,242 (this copies)
    [hcompact:python3] rows widen 6B -> 12B per relator at 316 states (in place)
    [hcompact:python3] reservation exceeded at 2,060,552 states; growing to 4,140,242 (this copies)
    [hcompact:python3] rows widen 6B -> 12B per relator at 167 states (in place)
    [hcompact:python3] rows widen 6B -> 12B per relator at 73 states (in place)
    [hcompact:python3] reservation exceeded at 2,060,548 states; growing to 4,140,242 (this copies)
    [hcompact:python3] rows widen 6B -> 12B per relator at 1 states (in place)
    [hcompact:python3] reservation exceeded at 2,060,595 states; growing to 4,140,242 (this copies)
    [hcompact:python3] reservation exceeded at 2,060,572 states; growing to 4,140,242 (this copies)
    [hcompact:python3] rows widen 6B -> 12B per relator at 431 states (in place)
    [hcompact:python3] rows widen 6B -> 12B per relator at 1 states (in place)
    [hcompact:python3] reservation exceeded at 2,060,652 states; growing to 4,140,242 (this copies)
    [hcompact:python3] rows widen 6B -> 12B per relator at 1 states (in place)
    [hcompact:python3] reservation exceeded at 2,060,596 states; growing to 4,140,242 (this copies)
    [hcompact:python3] rows widen 6B -> 12B per relator at 1 states (in place)
    [hcompact:python3] reservation exceeded at 2,060,614 states; growing to 4,140,242 (this copies)
    [hcompact:python3] reservation exceeded at 2,060,646 states; growing to 4,140,242 (this copies)
    [hcompact:python3] rows widen 6B -> 12B per relator at 1 states (in place)
    [hcompact:python3] reservation exceeded at 2,060,526 states; growing to 4,140,242 (this copies)
    [hcompact:python3] rows widen 6B -> 12B per relator at 1 states (in place)
    [hcompact:python3] rows widen 6B -> 12B per relator at 1 states (in place)
    [hcompact:python3] reservation exceeded at 2,060,642 states; growing to 4,140,242 (this copies)
    [hcompact:python3] reservation exceeded at 2,060,634 states; growing to 4,140,242 (this copies)
    [hcompact:python3] rows widen 6B -> 12B per relator at 1 states (in place)
    [hcompact:python3] reservation exceeded at 2,060,532 states; growing to 4,140,242 (this copies)
    [hcompact:python3] rows widen 6B -> 12B per relator at 63 states (in place)
    [hcompact:python3] rows widen 6B -> 12B per relator at 1 states (in place)
    [hcompact:python3] reservation exceeded at 2,060,610 states; growing to 4,140,242 (this copies)
    [hcompact:python3] reservation exceeded at 2,060,554 states; growing to 4,140,242 (this copies)
    [hcompact:python3] rows widen 6B -> 12B per relator at 1 states (in place)
    [hcompact:python3] reservation exceeded at 2,060,549 states; growing to 4,140,242 (this copies)
    [hcompact:python3] rows widen 6B -> 12B per relator at 95 states (in place)
  600/2100 searches  1148 records  0 solved  16.3 min elapsed  ETA 40.7 min
    [hcompact:python3] rows widen 6B -> 12B per relator at 248 states (in place)
    [hcompact:python3] rows widen 7B -> 12B per relator at 1 states (in place)
    [hcompact:python3] reservation exceeded at 2,060,617 states; growing to 4,140,242 (this copies)
    [hcompact:python3] rows widen 7B -> 12B per relator at 1 states (in place)
    [hcompact:python3] reservation exceeded at 2,060,622 states; growing to 4,140,242 (this copies)
    [hcompact:python3] reservation exceeded at 2,060,594 states; growing to 4,140,242 (this copies)
    [hcompact:python3] rows widen 7B -> 12B per relator at 1 states (in place)
    [hcompact:python3] rows widen 7B -> 12B per relator at 1 states (in place)
    [hcompact:python3] rows widen 6B -> 12B per relator at 1 states (in place)
    [hcompact:python3] reservation exceeded at 2,060,648 states; growing to 4,140,242 (this copies)
    [hcompact:python3] rows widen 6B -> 12B per relator at 1 states (in place)
    [hcompact:python3] reservation exceeded at 2,060,566 states; growing to 4,140,242 (this copies)
    [hcompact:python3] rows widen 6B -> 12B per relator at 1 states (in place)
    [hcompact:python3] rows widen 6B -> 12B per relator at 99 states (in place)
    [hcompact:python3] reservation exceeded at 2,060,587 states; growing to 4,140,242 (this copies)
    [hcompact:python3] rows widen 6B -> 12B per relator at 63 states (in place)
    [hcompact:python3] rows widen 6B -> 12B per relator at 1 states (in place)
    [hcompact:python3] reservation exceeded at 2,060,653 states; growing to 4,140,242 (this copies)
    [hcompact:python3] reservation exceeded at 2,060,541 states; growing to 4,140,242 (this copies)
    [hcompact:python3] rows widen 6B -> 12B per relator at 1 states (in place)
    [hcompact:python3] reservation exceeded at 2,060,588 states; growing to 4,140,242 (this copies)
    [hcompact:python3] rows widen 6B -> 12B per relator at 95 states (in place)
    [hcompact:python3] rows widen 6B -> 12B per relator at 248 states (in place)
    [hcompact:python3] rows widen 7B -> 12B per relator at 1 states (in place)
    [hcompact:python3] reservation exceeded at 2,060,626 states; growing to 4,140,242 (this copies)
    [hcompact:python3] reservation exceeded at 2,060,607 states; growing to 4,140,242 (this copies)
    [hcompact:python3] rows widen 7B -> 12B per relator at 1 states (in place)
    [hcompact:python3] reservation exceeded at 2,060,637 states; growing to 4,140,242 (this copies)
    [hcompact:python3] rows widen 7B -> 12B per relator at 1 states (in place)
    [hcompact:python3] rows widen 7B -> 12B per relator at 1 states (in place)
    [hcompact:python3] rows widen 6B -> 12B per relator at 1 states (in place)
    [hcompact:python3] reservation exceeded at 2,060,596 states; growing to 4,140,242 (this copies)
    [hcompact:python3] rows widen 6B -> 12B per relator at 1 states (in place)
    [hcompact:python3] rows widen 6B -> 12B per relator at 1 states (in place)
    [hcompact:python3] reservation exceeded at 2,060,605 states; growing to 4,140,242 (this copies)
    [hcompact:python3] rows widen 6B -> 12B per relator at 99 states (in place)
    [hcompact:python3] reservation exceeded at 2,060,595 states; growing to 4,140,242 (this copies)
    [hcompact:python3] rows widen 6B -> 12B per relator at 660 states (in place)
    [hcompact:python3] rows widen 6B -> 12B per relator at 300 states (in place)
    [hcompact:python3] reservation exceeded at 2,060,624 states; growing to 4,140,242 (this copies)
    [hcompact:python3] rows widen 6B -> 12B per relator at 83 states (in place)
    [hcompact:python3] reservation exceeded at 2,060,596 states; growing to 4,140,242 (this copies)
    [hcompact:python3] reservation exceeded at 2,060,590 states; growing to 4,140,242 (this copies)
    [hcompact:python3] rows widen 6B -> 12B per relator at 145 states (in place)
    [hcompact:python3] rows widen 6B -> 12B per relator at 1 states (in place)
    [hcompact:python3] reservation exceeded at 2,060,605 states; growing to 4,140,242 (this copies)
    [hcompact:python3] rows widen 6B -> 12B per relator at 730 states (in place)
    [hcompact:python3] reservation exceeded at 2,060,588 states; growing to 4,140,242 (this copies)
    [hcompact:python3] reservation exceeded at 2,060,580 states; growing to 4,140,242 (this copies)
    [hcompact:python3] rows widen 6B -> 12B per relator at 1 states (in place)
    [hcompact:python3] rows widen 6B -> 12B per relator at 1 states (in place)
    [hcompact:python3] reservation exceeded at 2,060,573 states; growing to 4,140,242 (this copies)
    [hcompact:python3] rows widen 6B -> 12B per relator at 1 states (in place)
    [hcompact:python3] reservation exceeded at 2,060,526 states; growing to 4,140,242 (this copies)
    [hcompact:python3] reservation exceeded at 2,060,694 states; growing to 4,140,242 (this copies)
    [hcompact:python3] rows widen 6B -> 12B per relator at 1 states (in place)
    [hcompact:python3] reservation exceeded at 2,060,570 states; growing to 4,140,242 (this copies)
    [hcompact:python3] rows widen 6B -> 12B per relator at 1 states (in place)
    [hcompact:python3] rows widen 6B -> 12B per relator at 1 states (in place)
    [hcompact:python3] reservation exceeded at 2,060,557 states; growing to 4,140,242 (this copies)
    [hcompact:python3] reservation exceeded at 2,060,637 states; growing to 4,140,242 (this copies)
    [hcompact:python3] rows widen 6B -> 12B per relator at 1 states (in place)
    [hcompact:python3] rows widen 6B -> 12B per relator at 63 states (in place)
    [hcompact:python3] reservation exceeded at 2,060,523 states; growing to 4,140,242 (this copies)
    [hcompact:python3] rows widen 6B -> 12B per relator at 1 states (in place)
    [hcompact:python3] reservation exceeded at 2,060,624 states; growing to 4,140,242 (this copies)
    [hcompact:python3] reservation exceeded at 2,060,633 states; growing to 4,140,242 (this copies)
    [hcompact:python3] rows widen 6B -> 12B per relator at 1 states (in place)
    [hcompact:python3] rows widen 6B -> 12B per relator at 95 states (in place)
    [hcompact:python3] reservation exceeded at 2,060,586 states; growing to 4,140,242 (this copies)
    [hcompact:python3] rows widen 6B -> 12B per relator at 248 states (in place)
    [hcompact:python3] rows widen 7B -> 12B per relator at 1 states (in place)
    [hcompact:python3] reservation exceeded at 2,060,665 states; growing to 4,140,242 (this copies)
    [hcompact:python3] rows widen 7B -> 12B per relator at 1 states (in place)
    [hcompact:python3] reservation exceeded at 2,060,650 states; growing to 4,140,242 (this copies)
    [hcompact:python3] reservation exceeded at 2,060,642 states; growing to 4,140,242 (this copies)
    [hcompact:python3] rows widen 7B -> 12B per relator at 1 states (in place)
    [hcompact:python3] reservation exceeded at 2,060,704 states; growing to 4,140,242 (this copies)
    [hcompact:python3] rows widen 7B -> 12B per relator at 1 states (in place)
    [hcompact:python3] rows widen 6B -> 12B per relator at 1 states (in place)
    [hcompact:python3] rows widen 6B -> 12B per relator at 1 states (in place)
    [hcompact:python3] rows widen 6B -> 12B per relator at 1 states (in place)
    [hcompact:python3] reservation exceeded at 2,060,618 states; growing to 4,140,242 (this copies)
    [hcompact:python3] rows widen 6B -> 12B per relator at 99 states (in place)
    [hcompact:python3] reservation exceeded at 2,060,561 states; growing to 4,140,242 (this copies)
    [hcompact:python3] reservation exceeded at 2,060,609 states; growing to 4,140,242 (this copies)
    [hcompact:python3] rows widen 6B -> 12B per relator at 63 states (in place)
    [hcompact:python3] rows widen 6B -> 12B per relator at 1 states (in place)
    [hcompact:python3] reservation exceeded at 2,060,546 states; growing to 4,140,242 (this copies)
  650/2100 searches  1248 records  0 solved  17.8 min elapsed  ETA 39.6 min
    [hcompact:python3] rows widen 6B -> 12B per relator at 1 states (in place)
    [hcompact:python3] reservation exceeded at 2,060,563 states; growing to 4,140,242 (this copies)
    [hcompact:python3] reservation exceeded at 2,060,621 states; growing to 4,140,242 (this copies)
    [hcompact:python3] rows widen 6B -> 12B per relator at 95 states (in place)
    [hcompact:python3] rows widen 6B -> 12B per relator at 248 states (in place)
    [hcompact:python3] rows widen 7B -> 12B per relator at 1 states (in place)
    [hcompact:python3] reservation exceeded at 2,060,563 states; growing to 4,140,242 (this copies)
    [hcompact:python3] reservation exceeded at 2,060,563 states; growing to 4,140,242 (this copies)
    [hcompact:python3] rows widen 7B -> 12B per relator at 1 states (in place)
    [hcompact:python3] reservation exceeded at 2,060,537 states; growing to 4,140,242 (this copies)
    [hcompact:python3] rows widen 7B -> 12B per relator at 1 states (in place)
    [hcompact:python3] rows widen 7B -> 12B per relator at 1 states (in place)
    [hcompact:python3] rows widen 6B -> 12B per relator at 1 states (in place)
    [hcompact:python3] reservation exceeded at 2,060,606 states; growing to 4,140,242 (this copies)
    [hcompact:python3] rows widen 6B -> 12B per relator at 1 states (in place)
    [hcompact:python3] reservation exceeded at 2,060,558 states; growing to 4,140,242 (this copies)
    [hcompact:python3] rows widen 6B -> 12B per relator at 1 states (in place)
    [hcompact:python3] rows widen 6B -> 12B per relator at 99 states (in place)
    [hcompact:python3] reservation exceeded at 2,060,615 states; growing to 4,140,242 (this copies)
    [hcompact:python3] rows widen 6B -> 12B per relator at 63 states (in place)
    [hcompact:python3] rows widen 6B -> 12B per relator at 1 states (in place)
    [hcompact:python3] reservation exceeded at 2,060,563 states; growing to 4,140,242 (this copies)
    [hcompact:python3] rows widen 6B -> 12B per relator at 1 states (in place)
    [hcompact:python3] reservation exceeded at 2,060,538 states; growing to 4,140,242 (this copies)
    [hcompact:python3] reservation exceeded at 2,060,538 states; growing to 4,140,242 (this copies)
    [hcompact:python3] rows widen 6B -> 12B per relator at 163 states (in place)
    [hcompact:python3] rows widen 6B -> 12B per relator at 95 states (in place)
    [hcompact:python3] reservation exceeded at 2,060,623 states; growing to 4,140,242 (this copies)
    [hcompact:python3] rows widen 7B -> 12B per relator at 1 states (in place)
    [hcompact:python3] reservation exceeded at 2,060,546 states; growing to 4,140,242 (this copies)
    [hcompact:python3] reservation exceeded at 2,060,607 states; growing to 4,140,242 (this copies)
    [hcompact:python3] rows widen 7B -> 12B per relator at 1 states (in place)
    [hcompact:python3] rows widen 7B -> 12B per relator at 1 states (in place)
    [hcompact:python3] reservation exceeded at 2,060,533 states; growing to 4,140,242 (this copies)
    [hcompact:python3] reservation exceeded at 2,060,704 states; growing to 4,140,242 (this copies)
    [hcompact:python3] rows widen 7B -> 12B per relator at 1 states (in place)
    [hcompact:python3] reservation exceeded at 2,060,689 states; growing to 4,140,242 (this copies)
    [hcompact:python3] rows widen 6B -> 12B per relator at 1 states (in place)
    [hcompact:python3] reservation exceeded at 2,060,547 states; growing to 4,140,242 (this copies)
    [hcompact:python3] rows widen 6B -> 12B per relator at 99 states (in place)
    [hcompact:python3] rows widen 6B -> 12B per relator at 1 states (in place)
    [hcompact:python3] reservation exceeded at 2,060,619 states; growing to 4,140,242 (this copies)
    [hcompact:python3] rows widen 6B -> 12B per relator at 1 states (in place)
    [hcompact:python3] reservation exceeded at 2,060,597 states; growing to 4,140,242 (this copies)
    [hcompact:python3] rows widen 6B -> 12B per relator at 63 states (in place)
    [hcompact:python3] reservation exceeded at 2,060,623 states; growing to 4,140,242 (this copies)
    [hcompact:python3] reservation exceeded at 2,060,544 states; growing to 4,140,242 (this copies)
    [hcompact:python3] rows widen 6B -> 12B per relator at 1 states (in place)
    [hcompact:python3] rows widen 6B -> 12B per relator at 1 states (in place)
    [hcompact:python3] reservation exceeded at 2,060,642 states; growing to 4,140,242 (this copies)
    [hcompact:python3] rows widen 6B -> 12B per relator at 163 states (in place)
    [hcompact:python3] reservation exceeded at 2,060,596 states; growing to 4,140,242 (this copies)
    [hcompact:python3] rows widen 6B -> 12B per relator at 95 states (in place)
    [hcompact:python3] reservation exceeded at 2,060,614 states; growing to 4,140,242 (this copies)
    [hcompact:python3] rows widen 7B -> 12B per relator at 1 states (in place)
    [hcompact:python3] reservation exceeded at 2,060,575 states; growing to 4,140,242 (this copies)
    [hcompact:python3] rows widen 7B -> 12B per relator at 1 states (in place)
    [hcompact:python3] reservation exceeded at 2,060,576 states; growing to 4,140,242 (this copies)
    [hcompact:python3] rows widen 7B -> 12B per relator at 1 states (in place)
    [hcompact:python3] reservation exceeded at 2,060,549 states; growing to 4,140,242 (this copies)
    [hcompact:python3] reservation exceeded at 2,060,607 states; growing to 4,140,242 (this copies)
    [hcompact:python3] rows widen 7B -> 12B per relator at 1 states (in place)
    [hcompact:python3] reservation exceeded at 2,060,540 states; growing to 4,140,242 (this copies)
    [hcompact:python3] rows widen 6B -> 12B per relator at 1 states (in place)
    [hcompact:python3] reservation exceeded at 2,060,554 states; growing to 4,140,242 (this copies)
    [hcompact:python3] rows widen 6B -> 12B per relator at 99 states (in place)
    [hcompact:python3] rows widen 6B -> 12B per relator at 1 states (in place)
    [hcompact:python3] reservation exceeded at 2,060,596 states; growing to 4,140,242 (this copies)
    [hcompact:python3] rows widen 6B -> 12B per relator at 1 states (in place)
    [hcompact:python3] reservation exceeded at 2,060,560 states; growing to 4,140,242 (this copies)
    [hcompact:python3] reservation exceeded at 2,060,554 states; growing to 4,140,242 (this copies)
    [hcompact:python3] rows widen 6B -> 12B per relator at 1,956 states (in place)
    [hcompact:python3] reservation exceeded at 2,060,643 states; growing to 4,140,242 (this copies)
    [hcompact:python3] rows widen 6B -> 12B per relator at 1,239 states (in place)
    [hcompact:python3] rows widen 6B -> 12B per relator at 1,081 states (in place)
    [hcompact:python3] rows widen 6B -> 12B per relator at 865 states (in place)
    [hcompact:python3] rows widen 6B -> 12B per relator at 216 states (in place)
    [hcompact:python3] reservation exceeded at 2,060,647 states; growing to 4,140,242 (this copies)
    [hcompact:python3] rows widen 6B -> 12B per relator at 1,320 states (in place)
    [hcompact:python3] rows widen 6B -> 12B per relator at 1 states (in place)
    [hcompact:python3] reservation exceeded at 2,060,571 states; growing to 4,140,242 (this copies)
    [hcompact:python3] rows widen 6B -> 12B per relator at 1 states (in place)
    [hcompact:python3] rows widen 6B -> 12B per relator at 1 states (in place)
    [hcompact:python3] rows widen 6B -> 12B per relator at 925 states (in place)
    [hcompact:python3] reservation exceeded at 2,060,520 states; growing to 4,140,242 (this copies)
    [hcompact:python3] rows widen 6B -> 12B per relator at 1,600 states (in place)
    [hcompact:python3] reservation exceeded at 2,060,668 states; growing to 4,140,242 (this copies)
    [hcompact:python3] rows widen 6B -> 12B per relator at 1 states (in place)
    [hcompact:python3] rows widen 6B -> 12B per relator at 1 states (in place)
    [hcompact:python3] reservation exceeded at 2,060,522 states; growing to 4,140,242 (this copies)
  700/2100 searches  1348 records  0 solved  19.3 min elapsed  ETA 38.6 min
    [hcompact:python3] rows widen 6B -> 12B per relator at 267 states (in place)
    [hcompact:python3] reservation exceeded at 2,060,528 states; growing to 4,140,242 (this copies)
    [hcompact:python3] reservation exceeded at 2,060,556 states; growing to 4,140,242 (this copies)
    [hcompact:python3] reservation exceeded at 2,060,586 states; growing to 4,140,242 (this copies)
    [hcompact:python3] rows widen 6B -> 12B per relator at 71 states (in place)
    [hcompact:python3] rows widen 6B -> 12B per relator at 71 states (in place)
    [hcompact:python3] rows widen 6B -> 12B per relator at 1 states (in place)
    [hcompact:python3] reservation exceeded at 2,060,556 states; growing to 4,140,242 (this copies)
    [hcompact:python3] rows widen 6B -> 12B per relator at 1 states (in place)
    [hcompact:python3] reservation exceeded at 2,060,521 states; growing to 4,140,242 (this copies)
    [hcompact:python3] rows widen 6B -> 12B per relator at 83 states (in place)
    [hcompact:python3] reservation exceeded at 2,060,612 states; growing to 4,140,242 (this copies)
    [hcompact:python3] reservation exceeded at 2,060,543 states; growing to 4,140,242 (this copies)
    [hcompact:python3] reservation exceeded at 2,060,556 states; growing to 4,140,242 (this copies)
    [hcompact:python3] rows widen 6B -> 12B per relator at 1 states (in place)
    [hcompact:python3] rows widen 6B -> 12B per relator at 83 states (in place)
    [hcompact:python3] rows widen 6B -> 12B per relator at 1 states (in place)
    [hcompact:python3] reservation exceeded at 2,060,528 states; growing to 4,140,242 (this copies)
    [hcompact:python3] reservation exceeded at 2,060,631 states; growing to 4,140,242 (this copies)
    [hcompact:python3] rows widen 6B -> 12B per relator at 1 states (in place)
    [hcompact:python3] reservation exceeded at 2,060,584 states; growing to 4,140,242 (this copies)
    [hcompact:python3] rows widen 6B -> 12B per relator at 1 states (in place)
    [hcompact:python3] rows widen 6B -> 12B per relator at 1 states (in place)
    [hcompact:python3] reservation exceeded at 2,060,688 states; growing to 4,140,242 (this copies)
    [hcompact:python3] reservation exceeded at 2,060,558 states; growing to 4,140,242 (this copies)
    [hcompact:python3] reservation exceeded at 2,060,620 states; growing to 4,140,242 (this copies)
    [hcompact:python3] reservation exceeded at 4,130,664 states; growing to 8,280,484 (this copies)
    [hcompact:python3] reservation exceeded at 4,130,688 states; growing to 8,280,484 (this copies)
    [hcompact:python3] rows widen 6B -> 12B per relator at 1 states (in place)
    [hcompact:python3] reservation exceeded at 4,130,710 states; growing to 8,280,484 (this copies)
    [hcompact:python3] rows widen 6B -> 12B per relator at 358 states (in place)
    [hcompact:python3] rows widen 6B -> 12B per relator at 764 states (in place)
    [hcompact:python3] reservation exceeded at 2,060,519 states; growing to 4,140,242 (this copies)
    [hcompact:python3] reservation exceeded at 2,060,642 states; growing to 4,140,242 (this copies)
    [hcompact:python3] reservation exceeded at 2,060,643 states; growing to 4,140,242 (this copies)
    [hcompact:python3] rows widen 6B -> 12B per relator at 390 states (in place)
    [hcompact:python3] rows widen 6B -> 12B per relator at 283 states (in place)
    [hcompact:python3] reservation exceeded at 4,130,726 states; growing to 8,280,484 (this copies)
    [hcompact:python3] reservation exceeded at 2,060,531 states; growing to 4,140,242 (this copies)
    [hcompact:python3] reservation exceeded at 2,060,623 states; growing to 4,140,242 (this copies)
    [hcompact:python3] rows widen 6B -> 12B per relator at 320 states (in place)
    [hcompact:python3] rows widen 6B -> 12B per relator at 230 states (in place)
    [hcompact:python3] rows widen 6B -> 12B per relator at 1 states (in place)
    [hcompact:python3] reservation exceeded at 2,060,681 states; growing to 4,140,242 (this copies)
    [hcompact:python3] reservation exceeded at 2,060,518 states; growing to 4,140,242 (this copies)
    [hcompact:python3] reservation exceeded at 2,060,583 states; growing to 4,140,242 (this copies)
    [hcompact:python3] rows widen 6B -> 12B per relator at 1 states (in place)
    [hcompact:python3] rows widen 6B -> 12B per relator at 1 states (in place)
    [hcompact:python3] rows widen 6B -> 12B per relator at 1 states (in place)
    [hcompact:python3] reservation exceeded at 2,060,520 states; growing to 4,140,242 (this copies)
    [hcompact:python3] rows widen 6B -> 12B per relator at 1 states (in place)
    [hcompact:python3] reservation exceeded at 2,060,523 states; growing to 4,140,242 (this copies)
    [hcompact:python3] reservation exceeded at 2,060,599 states; growing to 4,140,242 (this copies)
    [hcompact:python3] rows widen 6B -> 12B per relator at 1 states (in place)
    [hcompact:python3] reservation exceeded at 2,060,590 states; growing to 4,140,242 (this copies)
    [hcompact:python3] rows widen 6B -> 12B per relator at 1 states (in place)
    [hcompact:python3] rows widen 6B -> 12B per relator at 176 states (in place)
    [hcompact:python3] reservation exceeded at 2,060,540 states; growing to 4,140,242 (this copies)
    [hcompact:python3] reservation exceeded at 2,060,721 states; growing to 4,140,242 (this copies)
    [hcompact:python3] reservation exceeded at 2,060,523 states; growing to 4,140,242 (this copies)
    [hcompact:python3] rows widen 6B -> 12B per relator at 234 states (in place)
    [hcompact:python3] reservation exceeded at 4,130,738 states; growing to 8,280,484 (this copies)
    [hcompact:python3] reservation exceeded at 4,130,706 states; growing to 8,280,484 (this copies)
    [hcompact:python3] rows widen 6B -> 12B per relator at 311 states (in place)
    [hcompact:python3] rows widen 6B -> 12B per relator at 1 states (in place)
    [hcompact:python3] reservation exceeded at 2,060,523 states; growing to 4,140,242 (this copies)
    [hcompact:python3] rows widen 6B -> 12B per relator at 71 states (in place)
    [hcompact:python3] reservation exceeded at 2,060,625 states; growing to 4,140,242 (this copies)
    [hcompact:python3] reservation exceeded at 2,060,623 states; growing to 4,140,242 (this copies)
    [hcompact:python3] rows widen 6B -> 12B per relator at 1 states (in place)
    [hcompact:python3] reservation exceeded at 2,060,558 states; growing to 4,140,242 (this copies)
    [hcompact:python3] rows widen 6B -> 12B per relator at 1 states (in place)
    [hcompact:python3] rows widen 6B -> 12B per relator at 1 states (in place)
    [hcompact:python3] reservation exceeded at 2,060,582 states; growing to 4,140,242 (this copies)
    [hcompact:python3] rows widen 6B -> 12B per relator at 1 states (in place)
    [hcompact:python3] reservation exceeded at 2,060,547 states; growing to 4,140,242 (this copies)
    [hcompact:python3] reservation exceeded at 2,060,554 states; growing to 4,140,242 (this copies)
    [hcompact:python3] rows widen 6B -> 12B per relator at 1 states (in place)
    [hcompact:python3] reservation exceeded at 2,060,671 states; growing to 4,140,242 (this copies)
    [hcompact:python3] rows widen 6B -> 12B per relator at 1 states (in place)
    [hcompact:python3] reservation exceeded at 2,060,604 states; growing to 4,140,242 (this copies)
    [hcompact:python3] reservation exceeded at 4,130,639 states; growing to 8,280,484 (this copies)
    [hcompact:python3] rows widen 6B -> 12B per relator at 1 states (in place)
    [hcompact:python3] reservation exceeded at 2,060,543 states; growing to 4,140,242 (this copies)
    [hcompact:python3] reservation exceeded at 4,130,735 states; growing to 8,280,484 (this copies)
    [hcompact:python3] reservation exceeded at 2,060,663 states; growing to 4,140,242 (this copies)
    [hcompact:python3] rows widen 6B -> 12B per relator at 1 states (in place)
    [hcompact:python3] reservation exceeded at 4,130,856 states; growing to 8,280,484 (this copies)
    [hcompact:python3] rows widen 6B -> 12B per relator at 176 states (in place)
    [hcompact:python3] reservation exceeded at 2,060,554 states; growing to 4,140,242 (this copies)
    [hcompact:python3] rows widen 6B -> 12B per relator at 234 states (in place)
    [hcompact:python3] reservation exceeded at 2,060,581 states; growing to 4,140,242 (this copies)
    [hcompact:python3] rows widen 6B -> 12B per relator at 311 states (in place)
    [hcompact:python3] rows widen 6B -> 12B per relator at 1 states (in place)
    [hcompact:python3] reservation exceeded at 2,060,567 states; growing to 4,140,242 (this copies)
    [hcompact:python3] reservation exceeded at 2,060,592 states; growing to 4,140,242 (this copies)
    [hcompact:python3] rows widen 6B -> 12B per relator at 71 states (in place)
    [hcompact:python3] rows widen 6B -> 12B per relator at 1 states (in place)
    [hcompact:python3] reservation exceeded at 2,060,637 states; growing to 4,140,242 (this copies)
    [hcompact:python3] reservation exceeded at 2,060,635 states; growing to 4,140,242 (this copies)
    [hcompact:python3] rows widen 6B -> 12B per relator at 1 states (in place)
    [hcompact:python3] reservation exceeded at 2,060,536 states; growing to 4,140,242 (this copies)
    [hcompact:python3] rows widen 6B -> 12B per relator at 1 states (in place)
    [hcompact:python3] rows widen 6B -> 12B per relator at 1 states (in place)
    [hcompact:python3] reservation exceeded at 2,060,525 states; growing to 4,140,242 (this copies)
    [hcompact:python3] reservation exceeded at 2,060,536 states; growing to 4,140,242 (this copies)
    [hcompact:python3] rows widen 6B -> 12B per relator at 1 states (in place)
    [hcompact:python3] reservation exceeded at 2,060,637 states; growing to 4,140,242 (this copies)
    [hcompact:python3] rows widen 6B -> 12B per relator at 1 states (in place)
    [hcompact:python3] reservation exceeded at 2,060,742 states; growing to 4,140,242 (this copies)
    [hcompact:python3] reservation exceeded at 4,130,853 states; growing to 8,280,484 (this copies)
    [hcompact:python3] reservation exceeded at 2,060,638 states; growing to 4,140,242 (this copies)
  750/2100 searches  1435 records  0 solved  21.4 min elapsed  ETA 38.6 min
    [hcompact:python3] rows widen 6B -> 12B per relator at 1 states (in place)
    [hcompact:python3] rows widen 6B -> 12B per relator at 1 states (in place)
    [hcompact:python3] reservation exceeded at 2,060,684 states; growing to 4,140,242 (this copies)
    [hcompact:python3] reservation exceeded at 4,130,735 states; growing to 8,280,484 (this copies)
    [hcompact:python3] reservation exceeded at 2,060,550 states; growing to 4,140,242 (this copies)
    [hcompact:python3] rows widen 6B -> 12B per relator at 57 states (in place)
    [hcompact:python3] reservation exceeded at 4,130,876 states; growing to 8,280,484 (this copies)
    [hcompact:python3] reservation exceeded at 2,060,534 states; growing to 4,140,242 (this copies)
    [hcompact:python3] rows widen 6B -> 12B per relator at 1 states (in place)
    [hcompact:python3] reservation exceeded at 4,130,732 states; growing to 8,280,484 (this copies)
    [hcompact:python3] rows widen 6B -> 12B per relator at 1 states (in place)
    [hcompact:python3] rows widen 6B -> 12B per relator at 111 states (in place)
    [hcompact:python3] reservation exceeded at 2,060,626 states; growing to 4,140,242 (this copies)
    [hcompact:python3] rows widen 6B -> 12B per relator at 111 states (in place)
    [hcompact:python3] reservation exceeded at 2,060,552 states; growing to 4,140,242 (this copies)
    [hcompact:python3] reservation exceeded at 2,060,547 states; growing to 4,140,242 (this copies)
    [hcompact:python3] rows widen 8B -> 12B per relator at 1 states (in place)
    [hcompact:python3] rows widen 8B -> 12B per relator at 1 states (in place)
    [hcompact:python3] reservation exceeded at 2,060,639 states; growing to 4,140,242 (this copies)
    [hcompact:python3] rows widen 8B -> 12B per relator at 1 states (in place)
    [hcompact:python3] reservation exceeded at 2,060,544 states; growing to 4,140,242 (this copies)
    [hcompact:python3] reservation exceeded at 2,060,617 states; growing to 4,140,242 (this copies)
    [hcompact:python3] rows widen 8B -> 12B per relator at 1 states (in place)
    [hcompact:python3] reservation exceeded at 2,060,641 states; growing to 4,140,242 (this copies)
    [hcompact:python3] rows widen 6B -> 12B per relator at 1 states (in place)
    [hcompact:python3] rows widen 6B -> 12B per relator at 1 states (in place)
    [hcompact:python3] reservation exceeded at 2,060,576 states; growing to 4,140,242 (this copies)
    [hcompact:python3] rows widen 6B -> 12B per relator at 1 states (in place)
    [hcompact:python3] reservation exceeded at 2,060,617 states; growing to 4,140,242 (this copies)
    [hcompact:python3] reservation exceeded at 2,060,606 states; growing to 4,140,242 (this copies)
    [hcompact:python3] rows widen 6B -> 12B per relator at 1 states (in place)
    [hcompact:python3] reservation exceeded at 2,060,543 states; growing to 4,140,242 (this copies)
    [hcompact:python3] rows widen 6B -> 12B per relator at 242 states (in place)
    [hcompact:python3] reservation exceeded at 2,060,677 states; growing to 4,140,242 (this copies)
    [hcompact:python3] rows widen 6B -> 12B per relator at 83 states (in place)
    [hcompact:python3] reservation exceeded at 2,060,572 states; growing to 4,140,242 (this copies)
    [hcompact:python3] rows widen 6B -> 12B per relator at 91 states (in place)
    [hcompact:python3] rows widen 6B -> 12B per relator at 1 states (in place)
    [hcompact:python3] reservation exceeded at 2,060,618 states; growing to 4,140,242 (this copies)
    [hcompact:python3] rows widen 6B -> 12B per relator at 1 states (in place)
    [hcompact:python3] reservation exceeded at 2,060,591 states; growing to 4,140,242 (this copies)
    [hcompact:python3] reservation exceeded at 2,060,666 states; growing to 4,140,242 (this copies)
    [hcompact:python3] rows widen 6B -> 12B per relator at 1 states (in place)
    [hcompact:python3] reservation exceeded at 2,060,704 states; growing to 4,140,242 (this copies)
    [hcompact:python3] reservation exceeded at 2,060,621 states; growing to 4,140,242 (this copies)
    [hcompact:python3] reservation exceeded at 4,130,847 states; growing to 8,280,484 (this copies)
    [hcompact:python3] rows widen 6B -> 12B per relator at 1 states (in place)
    [hcompact:python3] rows widen 6B -> 12B per relator at 1 states (in place)
    [hcompact:python3] rows widen 7B -> 12B per relator at 1 states (in place)
    [hcompact:python3] reservation exceeded at 2,060,604 states; growing to 4,140,242 (this copies)
    [hcompact:python3] reservation exceeded at 2,060,586 states; growing to 4,140,242 (this copies)
    [hcompact:python3] rows widen 6B -> 12B per relator at 1 states (in place)
    [hcompact:python3] reservation exceeded at 2,060,626 states; growing to 4,140,242 (this copies)
    [hcompact:python3] rows widen 6B -> 12B per relator at 1 states (in place)
    [hcompact:python3] rows widen 8B -> 12B per relator at 1 states (in place)
    [hcompact:python3] reservation exceeded at 2,060,574 states; growing to 4,140,242 (this copies)
    [hcompact:python3] reservation exceeded at 2,060,725 states; growing to 4,140,242 (this copies)
    [hcompact:python3] reservation exceeded at 2,060,521 states; growing to 4,140,242 (this copies)
    [hcompact:python3] rows widen 7B -> 12B per relator at 1 states (in place)
    [hcompact:python3] rows widen 6B -> 12B per relator at 444 states (in place)
    [hcompact:python3] reservation exceeded at 4,130,712 states; growing to 8,280,484 (this copies)
    [hcompact:python3] reservation exceeded at 2,060,558 states; growing to 4,140,242 (this copies)
    [hcompact:python3] reservation exceeded at 2,060,581 states; growing to 4,140,242 (this copies)
    [hcompact:python3] rows widen 6B -> 12B per relator at 167 states (in place)
    [hcompact:python3] rows widen 6B -> 12B per relator at 1 states (in place)
    [hcompact:python3] reservation exceeded at 2,060,671 states; growing to 4,140,242 (this copies)
    [hcompact:python3] reservation exceeded at 4,130,880 states; growing to 8,280,484 (this copies)
    [hcompact:python3] reservation exceeded at 2,060,627 states; growing to 4,140,242 (this copies)
    [hcompact:python3] rows widen 6B -> 12B per relator at 1 states (in place)
    [hcompact:python3] rows widen 6B -> 12B per relator at 1 states (in place)
    [hcompact:python3] rows widen 6B -> 12B per relator at 1 states (in place)
    [hcompact:python3] reservation exceeded at 2,060,534 states; growing to 4,140,242 (this copies)
    [hcompact:python3] reservation exceeded at 2,060,559 states; growing to 4,140,242 (this copies)
    [hcompact:python3] reservation exceeded at 2,060,569 states; growing to 4,140,242 (this copies)
    [hcompact:python3] rows widen 6B -> 12B per relator at 1 states (in place)
    [hcompact:python3] rows widen 6B -> 12B per relator at 1 states (in place)
    [hcompact:python3] rows widen 6B -> 12B per relator at 1 states (in place)
    [hcompact:python3] reservation exceeded at 2,060,598 states; growing to 4,140,242 (this copies)
    [hcompact:python3] reservation exceeded at 2,060,593 states; growing to 4,140,242 (this copies)
    [hcompact:python3] reservation exceeded at 2,060,567 states; growing to 4,140,242 (this copies)
    [hcompact:python3] rows widen 6B -> 12B per relator at 1 states (in place)
    [hcompact:python3] rows widen 6B -> 12B per relator at 1 states (in place)
    [hcompact:python3] rows widen 6B -> 12B per relator at 1 states (in place)
    [hcompact:python3] reservation exceeded at 2,060,536 states; growing to 4,140,242 (this copies)
    [hcompact:python3] reservation exceeded at 2,060,521 states; growing to 4,140,242 (this copies)
    [hcompact:python3] rows widen 6B -> 12B per relator at 1 states (in place)
    [hcompact:python3] reservation exceeded at 2,060,596 states; growing to 4,140,242 (this copies)
    [hcompact:python3] rows widen 6B -> 12B per relator at 547 states (in place)
    [hcompact:python3] rows widen 6B -> 12B per relator at 87 states (in place)
    [hcompact:python3] reservation exceeded at 2,060,549 states; growing to 4,140,242 (this copies)
    [hcompact:python3] reservation exceeded at 2,060,690 states; growing to 4,140,242 (this copies)
    [hcompact:python3] reservation exceeded at 2,060,550 states; growing to 4,140,242 (this copies)
    [hcompact:python3] rows widen 6B -> 12B per relator at 1 states (in place)
    [hcompact:python3] rows widen 6B -> 12B per relator at 1 states (in place)
    [hcompact:python3] rows widen 6B -> 12B per relator at 1 states (in place)
    [hcompact:python3] reservation exceeded at 2,060,538 states; growing to 4,140,242 (this copies)
    [hcompact:python3] reservation exceeded at 2,060,648 states; growing to 4,140,242 (this copies)
    [hcompact:python3] reservation exceeded at 2,060,532 states; growing to 4,140,242 (this copies)
    [hcompact:python3] rows widen 6B -> 12B per relator at 1 states (in place)
    [hcompact:python3] rows widen 6B -> 12B per relator at 1 states (in place)
    [hcompact:python3] rows widen 6B -> 12B per relator at 1 states (in place)
    [hcompact:python3] reservation exceeded at 2,060,587 states; growing to 4,140,242 (this copies)
    [hcompact:python3] rows widen 6B -> 12B per relator at 1 states (in place)
    [hcompact:python3] reservation exceeded at 2,060,597 states; growing to 4,140,242 (this copies)
    [hcompact:python3] reservation exceeded at 2,060,590 states; growing to 4,140,242 (this copies)
    [hcompact:python3] reservation exceeded at 2,060,603 states; growing to 4,140,242 (this copies)
  800/2100 searches  1522 records  0 solved  23.5 min elapsed  ETA 38.1 min
    [hcompact:python3] rows widen 6B -> 12B per relator at 1 states (in place)
    [hcompact:python3] rows widen 6B -> 12B per relator at 1 states (in place)
    [hcompact:python3] rows widen 6B -> 12B per relator at 1 states (in place)
    [hcompact:python3] reservation exceeded at 2,060,628 states; growing to 4,140,242 (this copies)
    [hcompact:python3] reservation exceeded at 2,060,532 states; growing to 4,140,242 (this copies)
    [hcompact:python3] reservation exceeded at 2,060,569 states; growing to 4,140,242 (this copies)
    [hcompact:python3] rows widen 6B -> 12B per relator at 1 states (in place)
    [hcompact:python3] rows widen 6B -> 12B per relator at 75 states (in place)
    [hcompact:python3] rows widen 6B -> 12B per relator at 1 states (in place)
    [hcompact:python3] reservation exceeded at 2,060,537 states; growing to 4,140,242 (this copies)
    [hcompact:python3] reservation exceeded at 2,060,548 states; growing to 4,140,242 (this copies)
    [hcompact:python3] reservation exceeded at 2,060,612 states; growing to 4,140,242 (this copies)
    [hcompact:python3] rows widen 6B -> 12B per relator at 1 states (in place)
    [hcompact:python3] rows widen 6B -> 12B per relator at 93 states (in place)
    [hcompact:python3] rows widen 6B -> 12B per relator at 115 states (in place)
    [hcompact:python3] reservation exceeded at 2,060,518 states; growing to 4,140,242 (this copies)
    [hcompact:python3] reservation exceeded at 2,060,634 states; growing to 4,140,242 (this copies)
    [hcompact:python3] reservation exceeded at 2,060,563 states; growing to 4,140,242 (this copies)
    [hcompact:python3] rows widen 8B -> 12B per relator at 1 states (in place)
    [hcompact:python3] rows widen 8B -> 12B per relator at 1 states (in place)
    [hcompact:python3] rows widen 8B -> 12B per relator at 1 states (in place)
    [hcompact:python3] reservation exceeded at 2,060,720 states; growing to 4,140,242 (this copies)
    [hcompact:python3] reservation exceeded at 2,060,562 states; growing to 4,140,242 (this copies)
    [hcompact:python3] reservation exceeded at 2,060,637 states; growing to 4,140,242 (this copies)
    [hcompact:python3] reservation exceeded at 4,130,701 states; growing to 8,280,484 (this copies)
    [hcompact:python3] reservation exceeded at 4,130,833 states; growing to 8,280,484 (this copies)
    [hcompact:python3] reservation exceeded at 4,130,728 states; growing to 8,280,484 (this copies)
    [hcompact:python3] rows widen 8B -> 12B per relator at 1 states (in place)
    [hcompact:python3] rows widen 6B -> 12B per relator at 1 states (in place)
    [hcompact:python3] rows widen 6B -> 12B per relator at 1 states (in place)
    [hcompact:python3] reservation exceeded at 2,060,526 states; growing to 4,140,242 (this copies)
    [hcompact:python3] reservation exceeded at 2,060,626 states; growing to 4,140,242 (this copies)
    [hcompact:python3] rows widen 6B -> 12B per relator at 1 states (in place)
    [hcompact:python3] rows widen 6B -> 12B per relator at 1 states (in place)
    [hcompact:python3] rows widen 6B -> 12B per relator at 75 states (in place)
    [hcompact:python3] reservation exceeded at 2,060,641 states; growing to 4,140,242 (this copies)
    [hcompact:python3] reservation exceeded at 2,060,576 states; growing to 4,140,242 (this copies)
    [hcompact:python3] reservation exceeded at 2,060,590 states; growing to 4,140,242 (this copies)
    [hcompact:python3] rows widen 6B -> 12B per relator at 1 states (in place)
    [hcompact:python3] rows widen 6B -> 12B per relator at 1 states (in place)
    [hcompact:python3] rows widen 6B -> 12B per relator at 93 states (in place)
    [hcompact:python3] reservation exceeded at 2,060,580 states; growing to 4,140,242 (this copies)
    [hcompact:python3] reservation exceeded at 2,060,542 states; growing to 4,140,242 (this copies)
    [hcompact:python3] rows widen 6B -> 12B per relator at 115 states (in place)
    [hcompact:python3] reservation exceeded at 2,060,549 states; growing to 4,140,242 (this copies)
    [hcompact:python3] rows widen 8B -> 12B per relator at 1 states (in place)
    [hcompact:python3] rows widen 8B -> 12B per relator at 1 states (in place)
    [hcompact:python3] reservation exceeded at 2,060,662 states; growing to 4,140,242 (this copies)
    [hcompact:python3] rows widen 8B -> 12B per relator at 1 states (in place)
    [hcompact:python3] reservation exceeded at 2,060,604 states; growing to 4,140,242 (this copies)
    [hcompact:python3] reservation exceeded at 2,060,628 states; growing to 4,140,242 (this copies)
    [hcompact:python3] reservation exceeded at 2,060,552 states; growing to 4,140,242 (this copies)
    [hcompact:python3] rows widen 8B -> 12B per relator at 1 states (in place)
    [hcompact:python3] rows widen 6B -> 12B per relator at 1 states (in place)
    [hcompact:python3] rows widen 6B -> 12B per relator at 1 states (in place)
    [hcompact:python3] reservation exceeded at 4,130,695 states; growing to 8,280,484 (this copies)
    [hcompact:python3] reservation exceeded at 2,060,691 states; growing to 4,140,242 (this copies)
    [hcompact:python3] rows widen 6B -> 12B per relator at 1 states (in place)
    [hcompact:python3] reservation exceeded at 2,060,689 states; growing to 4,140,242 (this copies)
    [hcompact:python3] reservation exceeded at 2,060,652 states; growing to 4,140,242 (this copies)
    [hcompact:python3] rows widen 6B -> 12B per relator at 1 states (in place)
    [hcompact:python3] reservation exceeded at 4,130,874 states; growing to 8,280,484 (this copies)
    [hcompact:python3] rows widen 6B -> 12B per relator at 75 states (in place)
    [hcompact:python3] rows widen 6B -> 12B per relator at 1 states (in place)
    [hcompact:python3] reservation exceeded at 2,060,613 states; growing to 4,140,242 (this copies)
    [hcompact:python3] reservation exceeded at 2,060,654 states; growing to 4,140,242 (this copies)
    [hcompact:python3] rows widen 6B -> 12B per relator at 1 states (in place)
    [hcompact:python3] reservation exceeded at 2,060,644 states; growing to 4,140,242 (this copies)
    [hcompact:python3] rows widen 6B -> 12B per relator at 93 states (in place)
    [hcompact:python3] rows widen 6B -> 12B per relator at 115 states (in place)
    [hcompact:python3] reservation exceeded at 2,060,628 states; growing to 4,140,242 (this copies)
    [hcompact:python3] reservation exceeded at 2,060,576 states; growing to 4,140,242 (this copies)
    [hcompact:python3] reservation exceeded at 2,060,653 states; growing to 4,140,242 (this copies)
    [hcompact:python3] rows widen 8B -> 12B per relator at 1 states (in place)
    [hcompact:python3] rows widen 8B -> 12B per relator at 1 states (in place)
    [hcompact:python3] rows widen 8B -> 12B per relator at 1 states (in place)
    [hcompact:python3] reservation exceeded at 2,060,543 states; growing to 4,140,242 (this copies)
    [hcompact:python3] reservation exceeded at 2,060,539 states; growing to 4,140,242 (this copies)
    [hcompact:python3] rows widen 8B -> 12B per relator at 1 states (in place)
    [hcompact:python3] reservation exceeded at 2,060,561 states; growing to 4,140,242 (this copies)
    [hcompact:python3] rows widen 6B -> 12B per relator at 1 states (in place)
    [hcompact:python3] rows widen 6B -> 12B per relator at 1 states (in place)
    [hcompact:python3] reservation exceeded at 2,060,613 states; growing to 4,140,242 (this copies)
    [hcompact:python3] reservation exceeded at 4,130,823 states; growing to 8,280,484 (this copies)
    [hcompact:python3] reservation exceeded at 2,060,520 states; growing to 4,140,242 (this copies)
    [hcompact:python3] rows widen 6B -> 12B per relator at 1 states (in place)
    [hcompact:python3] rows widen 6B -> 12B per relator at 1 states (in place)
    [hcompact:python3] rows widen 6B -> 12B per relator at 75 states (in place)
    [hcompact:python3] reservation exceeded at 2,060,632 states; growing to 4,140,242 (this copies)
    [hcompact:python3] reservation exceeded at 2,060,548 states; growing to 4,140,242 (this copies)
    [hcompact:python3] reservation exceeded at 2,060,666 states; growing to 4,140,242 (this copies)
    [hcompact:python3] rows widen 6B -> 12B per relator at 1 states (in place)
    [hcompact:python3] rows widen 6B -> 12B per relator at 1 states (in place)
    [hcompact:python3] rows widen 6B -> 12B per relator at 93 states (in place)
    [hcompact:python3] reservation exceeded at 2,060,625 states; growing to 4,140,242 (this copies)
    [hcompact:python3] reservation exceeded at 2,060,571 states; growing to 4,140,242 (this copies)
    [hcompact:python3] reservation exceeded at 2,060,521 states; growing to 4,140,242 (this copies)
    [hcompact:python3] rows widen 6B -> 12B per relator at 115 states (in place)
    [hcompact:python3] rows widen 8B -> 12B per relator at 1 states (in place)
    [hcompact:python3] rows widen 8B -> 12B per relator at 1 states (in place)
    [hcompact:python3] reservation exceeded at 2,060,541 states; growing to 4,140,242 (this copies)
    [hcompact:python3] reservation exceeded at 2,060,591 states; growing to 4,140,242 (this copies)
  850/2100 searches  1622 records  0 solved  25.6 min elapsed  ETA 37.7 min
    [hcompact:python3] rows widen 8B -> 12B per relator at 1 states (in place)
    [hcompact:python3] reservation exceeded at 2,060,615 states; growing to 4,140,242 (this copies)
    [hcompact:python3] rows widen 8B -> 12B per relator at 1 states (in place)
    [hcompact:python3] reservation exceeded at 2,060,652 states; growing to 4,140,242 (this copies)
    [hcompact:python3] rows widen 6B -> 12B per relator at 1 states (in place)
    [hcompact:python3] reservation exceeded at 2,060,553 states; growing to 4,140,242 (this copies)
    [hcompact:python3] reservation exceeded at 2,060,647 states; growing to 4,140,242 (this copies)
    [hcompact:python3] reservation exceeded at 4,130,658 states; growing to 8,280,484 (this copies)
    [hcompact:python3] rows widen 6B -> 12B per relator at 1 states (in place)
    [hcompact:python3] rows widen 6B -> 12B per relator at 1 states (in place)
    [hcompact:python3] rows widen 6B -> 12B per relator at 1 states (in place)
    [hcompact:python3] reservation exceeded at 2,060,547 states; growing to 4,140,242 (this copies)
    [hcompact:python3] reservation exceeded at 2,060,557 states; growing to 4,140,242 (this copies)
    [hcompact:python3] reservation exceeded at 2,060,562 states; growing to 4,140,242 (this copies)
    [hcompact:python3] rows widen 6B -> 12B per relator at 61 states (in place)
    [hcompact:python3] rows widen 6B -> 12B per relator at 1 states (in place)
    [hcompact:python3] rows widen 6B -> 12B per relator at 1 states (in place)
    [hcompact:python3] reservation exceeded at 2,060,547 states; growing to 4,140,242 (this copies)
    [hcompact:python3] reservation exceeded at 2,060,653 states; growing to 4,140,242 (this copies)
    [hcompact:python3] reservation exceeded at 2,060,621 states; growing to 4,140,242 (this copies)
    [hcompact:python3] rows widen 6B -> 12B per relator at 115 states (in place)
    [hcompact:python3] rows widen 6B -> 12B per relator at 115 states (in place)
    [hcompact:python3] rows widen 8B -> 12B per relator at 1 states (in place)
    [hcompact:python3] reservation exceeded at 2,060,657 states; growing to 4,140,242 (this copies)
    [hcompact:python3] reservation exceeded at 2,060,522 states; growing to 4,140,242 (this copies)
    [hcompact:python3] reservation exceeded at 2,060,608 states; growing to 4,140,242 (this copies)
    [hcompact:python3] rows widen 8B -> 12B per relator at 1 states (in place)
    [hcompact:python3] rows widen 8B -> 12B per relator at 1 states (in place)
    [hcompact:python3] rows widen 8B -> 12B per relator at 1 states (in place)
    [hcompact:python3] reservation exceeded at 2,060,569 states; growing to 4,140,242 (this copies)
    [hcompact:python3] reservation exceeded at 2,060,678 states; growing to 4,140,242 (this copies)
    [hcompact:python3] reservation exceeded at 2,060,554 states; growing to 4,140,242 (this copies)
    [hcompact:python3] rows widen 6B -> 12B per relator at 1 states (in place)
    [hcompact:python3] rows widen 6B -> 12B per relator at 1 states (in place)
    [hcompact:python3] reservation exceeded at 4,130,661 states; growing to 8,280,484 (this copies)
    [hcompact:python3] rows widen 6B -> 12B per relator at 1 states (in place)
    [hcompact:python3] reservation exceeded at 2,060,620 states; growing to 4,140,242 (this copies)
    [hcompact:python3] reservation exceeded at 2,060,661 states; growing to 4,140,242 (this copies)
    [hcompact:python3] reservation exceeded at 2,060,657 states; growing to 4,140,242 (this copies)
    [hcompact:python3] rows widen 6B -> 12B per relator at 1 states (in place)
    [hcompact:python3] rows widen 6B -> 12B per relator at 61 states (in place)
    [hcompact:python3] rows widen 6B -> 12B per relator at 1 states (in place)
    [hcompact:python3] reservation exceeded at 2,060,683 states; growing to 4,140,242 (this copies)
    [hcompact:python3] reservation exceeded at 2,060,664 states; growing to 4,140,242 (this copies)
    [hcompact:python3] rows widen 6B -> 12B per relator at 1 states (in place)
    [hcompact:python3] reservation exceeded at 2,060,636 states; growing to 4,140,242 (this copies)
    [hcompact:python3] rows widen 6B -> 12B per relator at 115 states (in place)
    [hcompact:python3] rows widen 6B -> 12B per relator at 115 states (in place)
    [hcompact:python3] reservation exceeded at 2,060,546 states; growing to 4,140,242 (this copies)
    [hcompact:python3] reservation exceeded at 2,060,561 states; growing to 4,140,242 (this copies)
    [hcompact:python3] reservation exceeded at 2,060,654 states; growing to 4,140,242 (this copies)
    [hcompact:python3] rows widen 8B -> 12B per relator at 1 states (in place)
    [hcompact:python3] rows widen 8B -> 12B per relator at 1 states (in place)
    [hcompact:python3] rows widen 8B -> 12B per relator at 1 states (in place)
    [hcompact:python3] reservation exceeded at 2,060,597 states; growing to 4,140,242 (this copies)
    [hcompact:python3] reservation exceeded at 2,060,656 states; growing to 4,140,242 (this copies)
    [hcompact:python3] rows widen 8B -> 12B per relator at 1 states (in place)
    [hcompact:python3] reservation exceeded at 2,060,591 states; growing to 4,140,242 (this copies)
    [hcompact:python3] rows widen 6B -> 12B per relator at 1 states (in place)
    [hcompact:python3] rows widen 6B -> 12B per relator at 1 states (in place)
    [hcompact:python3] reservation exceeded at 2,060,690 states; growing to 4,140,242 (this copies)
    [hcompact:python3] reservation exceeded at 2,060,568 states; growing to 4,140,242 (this copies)
    [hcompact:python3] reservation exceeded at 2,060,666 states; growing to 4,140,242 (this copies)
    [hcompact:python3] rows widen 6B -> 12B per relator at 1 states (in place)
    [hcompact:python3] rows widen 6B -> 12B per relator at 1 states (in place)
    [hcompact:python3] rows widen 6B -> 12B per relator at 75 states (in place)
    [hcompact:python3] reservation exceeded at 2,060,583 states; growing to 4,140,242 (this copies)
    [hcompact:python3] reservation exceeded at 2,060,583 states; growing to 4,140,242 (this copies)
    [hcompact:python3] reservation exceeded at 2,060,650 states; growing to 4,140,242 (this copies)
    [hcompact:python3] rows widen 6B -> 12B per relator at 1 states (in place)
    [hcompact:python3] rows widen 6B -> 12B per relator at 1 states (in place)
    [hcompact:python3] rows widen 6B -> 12B per relator at 115 states (in place)
    [hcompact:python3] reservation exceeded at 2,060,551 states; growing to 4,140,242 (this copies)
    [hcompact:python3] reservation exceeded at 2,060,578 states; growing to 4,140,242 (this copies)
    [hcompact:python3] rows widen 6B -> 12B per relator at 93 states (in place)
    [hcompact:python3] reservation exceeded at 2,060,604 states; growing to 4,140,242 (this copies)
    [hcompact:python3] rows widen 8B -> 12B per relator at 1 states (in place)
    [hcompact:python3] rows widen 8B -> 12B per relator at 1 states (in place)
    [hcompact:python3] reservation exceeded at 2,060,542 states; growing to 4,140,242 (this copies)
    [hcompact:python3] rows widen 8B -> 12B per relator at 1 states (in place)
    [hcompact:python3] reservation exceeded at 2,060,537 states; growing to 4,140,242 (this copies)
    [hcompact:python3] reservation exceeded at 2,060,637 states; growing to 4,140,242 (this copies)
    [hcompact:python3] rows widen 8B -> 12B per relator at 1 states (in place)
    [hcompact:python3] rows widen 6B -> 12B per relator at 1 states (in place)
    [hcompact:python3] rows widen 6B -> 12B per relator at 1 states (in place)
    [hcompact:python3] rows widen 6B -> 12B per relator at 1 states (in place)
    [hcompact:python3] reservation exceeded at 2,060,543 states; growing to 4,140,242 (this copies)
    [hcompact:python3] reservation exceeded at 2,060,534 states; growing to 4,140,242 (this copies)
    [hcompact:python3] rows widen 6B -> 12B per relator at 1 states (in place)
    [hcompact:python3] reservation exceeded at 2,060,559 states; growing to 4,140,242 (this copies)
    [hcompact:python3] rows widen 6B -> 12B per relator at 75 states (in place)
    [hcompact:python3] reservation exceeded at 2,060,595 states; growing to 4,140,242 (this copies)
    [hcompact:python3] reservation exceeded at 2,060,615 states; growing to 4,140,242 (this copies)
    [hcompact:python3] rows widen 6B -> 12B per relator at 1 states (in place)
    [hcompact:python3] rows widen 6B -> 12B per relator at 1 states (in place)
    [hcompact:python3] rows widen 6B -> 12B per relator at 115 states (in place)
    [hcompact:python3] reservation exceeded at 2,060,609 states; growing to 4,140,242 (this copies)
    [hcompact:python3] reservation exceeded at 2,060,652 states; growing to 4,140,242 (this copies)
    [hcompact:python3] rows widen 6B -> 12B per relator at 93 states (in place)
    [hcompact:python3] reservation exceeded at 2,060,531 states; growing to 4,140,242 (this copies)
  900/2100 searches  1696 records  0 solved  27.7 min elapsed  ETA 36.9 min
    [hcompact:python3] rows widen 8B -> 12B per relator at 1 states (in place)
    [hcompact:python3] reservation exceeded at 2,060,578 states; growing to 4,140,242 (this copies)
    [hcompact:python3] rows widen 8B -> 12B per relator at 1 states (in place)
    [hcompact:python3] rows widen 8B -> 12B per relator at 1 states (in place)
    [hcompact:python3] reservation exceeded at 2,060,543 states; growing to 4,140,242 (this copies)
    [hcompact:python3] reservation exceeded at 2,060,673 states; growing to 4,140,242 (this copies)
    [hcompact:python3] rows widen 8B -> 12B per relator at 1 states (in place)
    [hcompact:python3] rows widen 6B -> 12B per relator at 1 states (in place)
    [hcompact:python3] reservation exceeded at 2,060,577 states; growing to 4,140,242 (this copies)
    [hcompact:python3] rows widen 6B -> 12B per relator at 1 states (in place)
    [hcompact:python3] rows widen 6B -> 12B per relator at 1 states (in place)
    [hcompact:python3] reservation exceeded at 2,060,583 states; growing to 4,140,242 (this copies)
    [hcompact:python3] rows widen 6B -> 12B per relator at 1 states (in place)
    [hcompact:python3] reservation exceeded at 2,060,565 states; growing to 4,140,242 (this copies)
    [hcompact:python3] reservation exceeded at 2,060,544 states; growing to 4,140,242 (this copies)
    [hcompact:python3] rows widen 6B -> 12B per relator at 75 states (in place)
    [hcompact:python3] rows widen 6B -> 12B per relator at 1 states (in place)
    [hcompact:python3] reservation exceeded at 2,060,640 states; growing to 4,140,242 (this copies)
    [hcompact:python3] rows widen 6B -> 12B per relator at 1 states (in place)
    [hcompact:python3] reservation exceeded at 2,060,646 states; growing to 4,140,242 (this copies)
    [hcompact:python3] reservation exceeded at 2,060,599 states; growing to 4,140,242 (this copies)
    [hcompact:python3] rows widen 6B -> 12B per relator at 115 states (in place)
    [hcompact:python3] reservation exceeded at 2,060,557 states; growing to 4,140,242 (this copies)
    [hcompact:python3] rows widen 6B -> 12B per relator at 93 states (in place)
    [hcompact:python3] rows widen 8B -> 12B per relator at 1 states (in place)
    [hcompact:python3] reservation exceeded at 2,060,532 states; growing to 4,140,242 (this copies)
    [hcompact:python3] reservation exceeded at 2,060,529 states; growing to 4,140,242 (this copies)
    [hcompact:python3] reservation exceeded at 2,060,573 states; growing to 4,140,242 (this copies)
    [hcompact:python3] rows widen 8B -> 12B per relator at 1 states (in place)
    [hcompact:python3] rows widen 8B -> 12B per relator at 1 states (in place)
    [hcompact:python3] rows widen 8B -> 12B per relator at 1 states (in place)
    [hcompact:python3] rows widen 6B -> 12B per relator at 1 states (in place)
    [hcompact:python3] reservation exceeded at 2,060,692 states; growing to 4,140,242 (this copies)
    [hcompact:python3] rows widen 6B -> 12B per relator at 1 states (in place)
    [hcompact:python3] reservation exceeded at 2,060,693 states; growing to 4,140,242 (this copies)
    [hcompact:python3] rows widen 6B -> 12B per relator at 1 states (in place)
    [hcompact:python3] reservation exceeded at 2,060,567 states; growing to 4,140,242 (this copies)
    [hcompact:python3] rows widen 6B -> 12B per relator at 1 states (in place)
    [hcompact:python3] rows widen 6B -> 12B per relator at 599 states (in place)
    [hcompact:python3] reservation exceeded at 2,060,615 states; growing to 4,140,242 (this copies)
    [hcompact:python3] reservation exceeded at 2,060,578 states; growing to 4,140,242 (this copies)
    [hcompact:python3] reservation exceeded at 2,060,612 states; growing to 4,140,242 (this copies)
    [hcompact:python3] rows widen 6B -> 12B per relator at 393 states (in place)
    [hcompact:python3] rows widen 6B -> 12B per relator at 1 states (in place)
    [hcompact:python3] rows widen 6B -> 12B per relator at 75 states (in place)
    [hcompact:python3] reservation exceeded at 2,060,580 states; growing to 4,140,242 (this copies)
    [hcompact:python3] reservation exceeded at 2,060,539 states; growing to 4,140,242 (this copies)
    [hcompact:python3] reservation exceeded at 2,060,589 states; growing to 4,140,242 (this copies)
    [hcompact:python3] rows widen 6B -> 12B per relator at 1 states (in place)
    [hcompact:python3] rows widen 6B -> 12B per relator at 87 states (in place)
    [hcompact:python3] rows widen 6B -> 12B per relator at 1 states (in place)
    [hcompact:python3] reservation exceeded at 2,060,570 states; growing to 4,140,242 (this copies)
    [hcompact:python3] rows widen 6B -> 12B per relator at 1 states (in place)
    [hcompact:python3] reservation exceeded at 2,060,550 states; growing to 4,140,242 (this copies)
    [hcompact:python3] reservation exceeded at 2,060,580 states; growing to 4,140,242 (this copies)
    [hcompact:python3] rows widen 6B -> 12B per relator at 1 states (in place)
    [hcompact:python3] rows widen 6B -> 12B per relator at 1 states (in place)
    [hcompact:python3] reservation exceeded at 2,060,561 states; growing to 4,140,242 (this copies)
    [hcompact:python3] reservation exceeded at 2,060,620 states; growing to 4,140,242 (this copies)
    [hcompact:python3] reservation exceeded at 2,060,628 states; growing to 4,140,242 (this copies)
    [hcompact:python3] rows widen 6B -> 12B per relator at 1 states (in place)
    [hcompact:python3] rows widen 6B -> 12B per relator at 1 states (in place)
    [hcompact:python3] rows widen 6B -> 12B per relator at 1 states (in place)
    [hcompact:python3] reservation exceeded at 2,060,578 states; growing to 4,140,242 (this copies)
    [hcompact:python3] reservation exceeded at 2,060,557 states; growing to 4,140,242 (this copies)
    [hcompact:python3] rows widen 6B -> 12B per relator at 595 states (in place)
    [hcompact:python3] reservation exceeded at 2,060,570 states; growing to 4,140,242 (this copies)
    [hcompact:python3] rows widen 6B -> 12B per relator at 393 states (in place)
    [hcompact:python3] rows widen 6B -> 12B per relator at 1 states (in place)
    [hcompact:python3] reservation exceeded at 2,060,585 states; growing to 4,140,242 (this copies)
    [hcompact:python3] rows widen 6B -> 12B per relator at 75 states (in place)
    [hcompact:python3] reservation exceeded at 2,060,596 states; growing to 4,140,242 (this copies)
    [hcompact:python3] reservation exceeded at 2,060,567 states; growing to 4,140,242 (this copies)
    [hcompact:python3] rows widen 6B -> 12B per relator at 1 states (in place)
    [hcompact:python3] reservation exceeded at 2,060,585 states; growing to 4,140,242 (this copies)
    [hcompact:python3] rows widen 6B -> 12B per relator at 85 states (in place)
    [hcompact:python3] reservation exceeded at 2,060,578 states; growing to 4,140,242 (this copies)
    [hcompact:python3] rows widen 6B -> 12B per relator at 1 states (in place)
    [hcompact:python3] rows widen 6B -> 12B per relator at 1 states (in place)
    [hcompact:python3] reservation exceeded at 2,060,596 states; growing to 4,140,242 (this copies)
    [hcompact:python3] reservation exceeded at 2,060,610 states; growing to 4,140,242 (this copies)
    [hcompact:python3] rows widen 6B -> 12B per relator at 1 states (in place)
    [hcompact:python3] rows widen 6B -> 12B per relator at 1 states (in place)
    [hcompact:python3] reservation exceeded at 2,060,597 states; growing to 4,140,242 (this copies)
    [hcompact:python3] reservation exceeded at 2,060,722 states; growing to 4,140,242 (this copies)
    [hcompact:python3] reservation exceeded at 2,060,588 states; growing to 4,140,242 (this copies)
    [hcompact:python3] rows widen 6B -> 12B per relator at 1 states (in place)
    [hcompact:python3] rows widen 6B -> 12B per relator at 1 states (in place)
    [hcompact:python3] reservation exceeded at 2,060,645 states; growing to 4,140,242 (this copies)
    [hcompact:python3] rows widen 6B -> 12B per relator at 1 states (in place)
    [hcompact:python3] rows widen 6B -> 12B per relator at 75 states (in place)
    [hcompact:python3] reservation exceeded at 2,060,692 states; growing to 4,140,242 (this copies)
    [hcompact:python3] reservation exceeded at 2,060,599 states; growing to 4,140,242 (this copies)
    [hcompact:python3] reservation exceeded at 2,060,585 states; growing to 4,140,242 (this copies)
    [hcompact:python3] rows widen 6B -> 12B per relator at 1 states (in place)
    [hcompact:python3] rows widen 6B -> 12B per relator at 1 states (in place)
  950/2100 searches  1770 records  0 solved  29.6 min elapsed  ETA 35.8 min
    [hcompact:python3] rows widen 6B -> 12B per relator at 115 states (in place)
    [hcompact:python3] reservation exceeded at 2,060,632 states; growing to 4,140,242 (this copies)
    [hcompact:python3] reservation exceeded at 2,060,572 states; growing to 4,140,242 (this copies)
    [hcompact:python3] rows widen 6B -> 12B per relator at 93 states (in place)
    [hcompact:python3] reservation exceeded at 2,060,567 states; growing to 4,140,242 (this copies)
    [hcompact:python3] rows widen 8B -> 12B per relator at 1 states (in place)
    [hcompact:python3] rows widen 8B -> 12B per relator at 1 states (in place)
    [hcompact:python3] reservation exceeded at 2,060,531 states; growing to 4,140,242 (this copies)
    [hcompact:python3] reservation exceeded at 2,060,668 states; growing to 4,140,242 (this copies)
    [hcompact:python3] rows widen 8B -> 12B per relator at 1 states (in place)
    [hcompact:python3] reservation exceeded at 2,060,602 states; growing to 4,140,242 (this copies)
    [hcompact:python3] rows widen 8B -> 12B per relator at 1 states (in place)
    [hcompact:python3] rows widen 6B -> 12B per relator at 1 states (in place)
    [hcompact:python3] rows widen 6B -> 12B per relator at 1 states (in place)
    [hcompact:python3] reservation exceeded at 2,060,578 states; growing to 4,140,242 (this copies)
    [hcompact:python3] reservation exceeded at 2,060,571 states; growing to 4,140,242 (this copies)
    [hcompact:python3] rows widen 6B -> 12B per relator at 1 states (in place)
    [hcompact:python3] reservation exceeded at 2,060,632 states; growing to 4,140,242 (this copies)
    [hcompact:python3] rows widen 6B -> 12B per relator at 1 states (in place)
    [hcompact:python3] rows widen 6B -> 12B per relator at 75 states (in place)
    [hcompact:python3] reservation exceeded at 2,060,657 states; growing to 4,140,242 (this copies)
    [hcompact:python3] reservation exceeded at 2,060,610 states; growing to 4,140,242 (this copies)
    [hcompact:python3] rows widen 6B -> 12B per relator at 1 states (in place)
    [hcompact:python3] reservation exceeded at 2,060,610 states; growing to 4,140,242 (this copies)
    [hcompact:python3] rows widen 6B -> 12B per relator at 1 states (in place)
    [hcompact:python3] rows widen 6B -> 12B per relator at 93 states (in place)
    [hcompact:python3] reservation exceeded at 2,060,573 states; growing to 4,140,242 (this copies)
    [hcompact:python3] reservation exceeded at 2,060,537 states; growing to 4,140,242 (this copies)
    [hcompact:python3] rows widen 6B -> 12B per relator at 115 states (in place)
    [hcompact:python3] reservation exceeded at 2,060,544 states; growing to 4,140,242 (this copies)
    [hcompact:python3] rows widen 8B -> 12B per relator at 1 states (in place)
    [hcompact:python3] rows widen 8B -> 12B per relator at 1 states (in place)
    [hcompact:python3] reservation exceeded at 2,060,619 states; growing to 4,140,242 (this copies)
    [hcompact:python3] rows widen 8B -> 12B per relator at 1 states (in place)
    [hcompact:python3] reservation exceeded at 2,060,569 states; growing to 4,140,242 (this copies)
    [hcompact:python3] reservation exceeded at 2,060,702 states; growing to 4,140,242 (this copies)
    [hcompact:python3] rows widen 8B -> 12B per relator at 1 states (in place)
    [hcompact:python3] reservation exceeded at 2,060,606 states; growing to 4,140,242 (this copies)
    [hcompact:python3] rows widen 6B -> 12B per relator at 1 states (in place)
    [hcompact:python3] reservation exceeded at 2,060,570 states; growing to 4,140,242 (this copies)
    [hcompact:python3] rows widen 6B -> 12B per relator at 1 states (in place)
    [hcompact:python3] reservation exceeded at 2,060,628 states; growing to 4,140,242 (this copies)
    [hcompact:python3] rows widen 6B -> 12B per relator at 1 states (in place)
    [hcompact:python3] reservation exceeded at 2,060,613 states; growing to 4,140,242 (this copies)
    [hcompact:python3] rows widen 6B -> 12B per relator at 1 states (in place)
    [hcompact:python3] reservation exceeded at 2,060,550 states; growing to 4,140,242 (this copies)
    [hcompact:python3] rows widen 6B -> 12B per relator at 230 states (in place)
    [hcompact:python3] rows widen 6B -> 12B per relator at 1 states (in place)
    [hcompact:python3] reservation exceeded at 2,060,656 states; growing to 4,140,242 (this copies)
    [hcompact:python3] reservation exceeded at 2,060,696 states; growing to 4,140,242 (this copies)
    [hcompact:python3] rows widen 6B -> 12B per relator at 1 states (in place)
    [hcompact:python3] reservation exceeded at 2,060,620 states; growing to 4,140,242 (this copies)
    [hcompact:python3] rows widen 6B -> 12B per relator at 1 states (in place)
    [hcompact:python3] rows widen 6B -> 12B per relator at 1 states (in place)
    [hcompact:python3] reservation exceeded at 2,060,614 states; growing to 4,140,242 (this copies)
    [hcompact:python3] reservation exceeded at 2,060,675 states; growing to 4,140,242 (this copies)
    [hcompact:python3] reservation exceeded at 2,060,636 states; growing to 4,140,242 (this copies)
    [hcompact:python3] rows widen 6B -> 12B per relator at 1 states (in place)
    [hcompact:python3] rows widen 7B -> 12B per relator at 1 states (in place)
    [hcompact:python3] rows widen 6B -> 12B per relator at 1 states (in place)
    [hcompact:python3] reservation exceeded at 2,060,639 states; growing to 4,140,242 (this copies)
    [hcompact:python3] reservation exceeded at 2,060,584 states; growing to 4,140,242 (this copies)
    [hcompact:python3] reservation exceeded at 2,060,594 states; growing to 4,140,242 (this copies)
    [hcompact:python3] rows widen 7B -> 12B per relator at 1 states (in place)
    [hcompact:python3] rows widen 6B -> 12B per relator at 1 states (in place)
    [hcompact:python3] rows widen 6B -> 12B per relator at 1 states (in place)
    [hcompact:python3] reservation exceeded at 2,060,801 states; growing to 4,140,242 (this copies)
    [hcompact:python3] reservation exceeded at 2,060,528 states; growing to 4,140,242 (this copies)
    [hcompact:python3] reservation exceeded at 2,060,636 states; growing to 4,140,242 (this copies)
    [hcompact:python3] rows widen 6B -> 12B per relator at 1 states (in place)
    [hcompact:python3] reservation exceeded at 4,130,885 states; growing to 8,280,484 (this copies)
    [hcompact:python3] rows widen 6B -> 12B per relator at 1 states (in place)
    [hcompact:python3] reservation exceeded at 2,060,675 states; growing to 4,140,242 (this copies)
    [hcompact:python3] rows widen 6B -> 12B per relator at 401 states (in place)
    [hcompact:python3] reservation exceeded at 2,060,646 states; growing to 4,140,242 (this copies)
    [hcompact:python3] rows widen 6B -> 12B per relator at 1 states (in place)
    [hcompact:python3] rows widen 6B -> 12B per relator at 1 states (in place)
    [hcompact:python3] reservation exceeded at 2,060,643 states; growing to 4,140,242 (this copies)
    [hcompact:python3] reservation exceeded at 2,060,549 states; growing to 4,140,242 (this copies)
    [hcompact:python3] reservation exceeded at 2,060,570 states; growing to 4,140,242 (this copies)
    [hcompact:python3] rows widen 6B -> 12B per relator at 1 states (in place)
    [hcompact:python3] rows widen 6B -> 12B per relator at 1 states (in place)
    [hcompact:python3] rows widen 6B -> 12B per relator at 1 states (in place)
    [hcompact:python3] reservation exceeded at 2,060,545 states; growing to 4,140,242 (this copies)
    [hcompact:python3] reservation exceeded at 2,060,607 states; growing to 4,140,242 (this copies)
    [hcompact:python3] reservation exceeded at 2,060,586 states; growing to 4,140,242 (this copies)
    [hcompact:python3] rows widen 7B -> 12B per relator at 1 states (in place)
    [hcompact:python3] rows widen 6B -> 12B per relator at 1 states (in place)
    [hcompact:python3] rows widen 7B -> 12B per relator at 1 states (in place)
    [hcompact:python3] reservation exceeded at 2,060,555 states; growing to 4,140,242 (this copies)
    [hcompact:python3] reservation exceeded at 2,060,617 states; growing to 4,140,242 (this copies)
    [hcompact:python3] reservation exceeded at 2,060,533 states; growing to 4,140,242 (this copies)
    [hcompact:python3] rows widen 6B -> 12B per relator at 1 states (in place)
    [hcompact:python3] rows widen 6B -> 12B per relator at 1 states (in place)
    [hcompact:python3] rows widen 6B -> 12B per relator at 1 states (in place)
    [hcompact:python3] reservation exceeded at 2,060,658 states; growing to 4,140,242 (this copies)
    [hcompact:python3] reservation exceeded at 2,060,650 states; growing to 4,140,242 (this copies)
    [hcompact:python3] reservation exceeded at 2,060,656 states; growing to 4,140,242 (this copies)
    [hcompact:python3] rows widen 6B -> 12B per relator at 1 states (in place)
    [hcompact:python3] rows widen 6B -> 12B per relator at 405 states (in place)
  1000/2100 searches  1870 records  0 solved  31.6 min elapsed  ETA 34.8 min
    [hcompact:python3] rows widen 6B -> 12B per relator at 1 states (in place)
    [hcompact:python3] reservation exceeded at 2,060,523 states; growing to 4,140,242 (this copies)
    [hcompact:python3] reservation exceeded at 2,060,564 states; growing to 4,140,242 (this copies)
    [hcompact:python3] reservation exceeded at 2,060,575 states; growing to 4,140,242 (this copies)
    [hcompact:python3] rows widen 6B -> 12B per relator at 1 states (in place)
    [hcompact:python3] rows widen 6B -> 12B per relator at 1 states (in place)
    [hcompact:python3] rows widen 6B -> 12B per relator at 1 states (in place)
    [hcompact:python3] reservation exceeded at 2,060,611 states; growing to 4,140,242 (this copies)
    [hcompact:python3] reservation exceeded at 2,060,740 states; growing to 4,140,242 (this copies)
    [hcompact:python3] reservation exceeded at 2,060,540 states; growing to 4,140,242 (this copies)
    [hcompact:python3] rows widen 6B -> 12B per relator at 1 states (in place)
    [hcompact:python3] rows widen 7B -> 12B per relator at 1 states (in place)
    [hcompact:python3] rows widen 6B -> 12B per relator at 1 states (in place)
    [hcompact:python3] reservation exceeded at 2,060,611 states; growing to 4,140,242 (this copies)
    [hcompact:python3] rows widen 7B -> 12B per relator at 1 states (in place)
    [hcompact:python3] reservation exceeded at 2,060,650 states; growing to 4,140,242 (this copies)
    [hcompact:python3] reservation exceeded at 2,060,558 states; growing to 4,140,242 (this copies)
    [hcompact:python3] reservation exceeded at 2,060,558 states; growing to 4,140,242 (this copies)
    [hcompact:python3] rows widen 6B -> 12B per relator at 1 states (in place)
    [hcompact:python3] rows widen 6B -> 12B per relator at 1 states (in place)
    [hcompact:python3] rows widen 6B -> 12B per relator at 1 states (in place)
    [hcompact:python3] reservation exceeded at 2,060,591 states; growing to 4,140,242 (this copies)
    [hcompact:python3] reservation exceeded at 2,060,640 states; growing to 4,140,242 (this copies)
    [hcompact:python3] reservation exceeded at 2,060,537 states; growing to 4,140,242 (this copies)
    [hcompact:python3] rows widen 6B -> 12B per relator at 1 states (in place)
    [hcompact:python3] rows widen 6B -> 12B per relator at 375 states (in place)
    [hcompact:python3] rows widen 6B -> 12B per relator at 1 states (in place)
    [hcompact:python3] reservation exceeded at 2,060,598 states; growing to 4,140,242 (this copies)
    [hcompact:python3] reservation exceeded at 2,060,581 states; growing to 4,140,242 (this copies)
    [hcompact:python3] rows widen 6B -> 12B per relator at 1 states (in place)
    [hcompact:python3] rows widen 6B -> 12B per relator at 327 states (in place)
    [hcompact:python3] rows widen 6B -> 12B per relator at 985 states (in place)
    [hcompact:python3] rows widen 8B -> 12B per relator at 1 states (in place)
    [hcompact:python3] reservation exceeded at 2,060,596 states; growing to 4,140,242 (this copies)
    [hcompact:python3] rows widen 8B -> 12B per relator at 1 states (in place)
    [hcompact:python3] reservation exceeded at 2,060,672 states; growing to 4,140,242 (this copies)
    [hcompact:python3] rows widen 8B -> 12B per relator at 1 states (in place)
    [hcompact:python3] reservation exceeded at 2,060,628 states; growing to 4,140,242 (this copies)
    [hcompact:python3] reservation exceeded at 2,060,751 states; growing to 4,140,242 (this copies)
    [hcompact:python3] rows widen 8B -> 12B per relator at 1 states (in place)
    [hcompact:python3] rows widen 7B -> 12B per relator at 1 states (in place)
    [hcompact:python3] reservation exceeded at 2,060,599 states; growing to 4,140,242 (this copies)
    [hcompact:python3] rows widen 6B -> 12B per relator at 1 states (in place)
    [hcompact:python3] reservation exceeded at 2,060,534 states; growing to 4,140,242 (this copies)
    [hcompact:python3] reservation exceeded at 2,060,568 states; growing to 4,140,242 (this copies)
    [hcompact:python3] rows widen 6B -> 12B per relator at 1 states (in place)
    [hcompact:python3] reservation exceeded at 2,060,609 states; growing to 4,140,242 (this copies)
    [hcompact:python3] rows widen 6B -> 12B per relator at 1 states (in place)
    [hcompact:python3] rows widen 6B -> 12B per relator at 67 states (in place)
    [hcompact:python3] reservation exceeded at 2,060,565 states; growing to 4,140,242 (this copies)
    [hcompact:python3] reservation exceeded at 2,060,527 states; growing to 4,140,242 (this copies)
    [hcompact:python3] reservation exceeded at 2,060,709 states; growing to 4,140,242 (this copies)
    [hcompact:python3] rows widen 6B -> 12B per relator at 87 states (in place)
    [hcompact:python3] rows widen 6B -> 12B per relator at 187 states (in place)
    [hcompact:python3] rows widen 6B -> 12B per relator at 1 states (in place)
    [hcompact:python3] reservation exceeded at 2,060,660 states; growing to 4,140,242 (this copies)
    [hcompact:python3] reservation exceeded at 2,060,618 states; growing to 4,140,242 (this copies)
    [hcompact:python3] rows widen 6B -> 12B per relator at 1 states (in place)
    [hcompact:python3] rows widen 6B -> 12B per relator at 85 states (in place)
    [hcompact:python3] reservation exceeded at 2,060,546 states; growing to 4,140,242 (this copies)
    [hcompact:python3] reservation exceeded at 2,060,553 states; growing to 4,140,242 (this copies)
    [hcompact:python3] reservation exceeded at 2,060,645 states; growing to 4,140,242 (this copies)
    [hcompact:python3] rows widen 6B -> 12B per relator at 1 states (in place)
    [hcompact:python3] rows widen 6B -> 12B per relator at 1 states (in place)
    [hcompact:python3] rows widen 6B -> 12B per relator at 1 states (in place)
    [hcompact:python3] reservation exceeded at 2,060,687 states; growing to 4,140,242 (this copies)
    [hcompact:python3] reservation exceeded at 2,060,609 states; growing to 4,140,242 (this copies)
    [hcompact:python3] rows widen 6B -> 12B per relator at 1 states (in place)
    [hcompact:python3] reservation exceeded at 2,060,615 states; growing to 4,140,242 (this copies)
    [hcompact:python3] rows widen 6B -> 12B per relator at 1 states (in place)
    [hcompact:python3] reservation exceeded at 2,060,553 states; growing to 4,140,242 (this copies)
    [hcompact:python3] reservation exceeded at 2,060,588 states; growing to 4,140,242 (this copies)
    [hcompact:python3] rows widen 7B -> 12B per relator at 1 states (in place)
    [hcompact:python3] rows widen 7B -> 12B per relator at 1 states (in place)
    [hcompact:python3] rows widen 6B -> 12B per relator at 329 states (in place)
    [hcompact:python3] reservation exceeded at 2,060,553 states; growing to 4,140,242 (this copies)
    [hcompact:python3] reservation exceeded at 2,060,527 states; growing to 4,140,242 (this copies)
    [hcompact:python3] reservation exceeded at 2,060,533 states; growing to 4,140,242 (this copies)
    [hcompact:python3] rows widen 6B -> 12B per relator at 155 states (in place)
    [hcompact:python3] rows widen 6B -> 12B per relator at 149 states (in place)
    [hcompact:python3] rows widen 6B -> 12B per relator at 1 states (in place)
    [hcompact:python3] reservation exceeded at 2,060,585 states; growing to 4,140,242 (this copies)
    [hcompact:python3] reservation exceeded at 2,060,629 states; growing to 4,140,242 (this copies)
    [hcompact:python3] rows widen 6B -> 12B per relator at 1 states (in place)
    [hcompact:python3] rows widen 6B -> 12B per relator at 1 states (in place)
    [hcompact:python3] reservation exceeded at 2,060,702 states; growing to 4,140,242 (this copies)
    [hcompact:python3] reservation exceeded at 2,060,585 states; growing to 4,140,242 (this copies)
    [hcompact:python3] reservation exceeded at 2,060,723 states; growing to 4,140,242 (this copies)
    [hcompact:python3] rows widen 6B -> 12B per relator at 1 states (in place)
    [hcompact:python3] rows widen 6B -> 12B per relator at 1 states (in place)
    [hcompact:python3] rows widen 6B -> 12B per relator at 1 states (in place)
    [hcompact:python3] reservation exceeded at 2,060,526 states; growing to 4,140,242 (this copies)
    [hcompact:python3] reservation exceeded at 2,060,604 states; growing to 4,140,242 (this copies)
    [hcompact:python3] rows widen 6B -> 12B per relator at 1 states (in place)
    [hcompact:python3] reservation exceeded at 2,060,562 states; growing to 4,140,242 (this copies)
    [hcompact:python3] rows widen 6B -> 12B per relator at 1 states (in place)
    [hcompact:python3] reservation exceeded at 2,060,580 states; growing to 4,140,242 (this copies)
    [hcompact:python3] rows widen 6B -> 12B per relator at 1 states (in place)
    [hcompact:python3] reservation exceeded at 2,060,646 states; growing to 4,140,242 (this copies)
  1050/2100 searches  1947 records  0 solved  33.6 min elapsed  ETA 33.6 min
    [hcompact:python3] rows widen 6B -> 12B per relator at 1 states (in place)
    [hcompact:python3] reservation exceeded at 2,060,570 states; growing to 4,140,242 (this copies)
    [hcompact:python3] reservation exceeded at 4,130,732 states; growing to 8,280,484 (this copies)
    [hcompact:python3] reservation exceeded at 2,060,772 states; growing to 4,140,242 (this copies)
    [hcompact:python3] rows widen 6B -> 12B per relator at 65 states (in place)
    [hcompact:python3] reservation exceeded at 4,130,658 states; growing to 8,280,484 (this copies)
    [hcompact:python3] rows widen 7B -> 12B per relator at 1 states (in place)
    [hcompact:python3] reservation exceeded at 2,060,550 states; growing to 4,140,242 (this copies)
    [hcompact:python3] reservation exceeded at 4,130,665 states; growing to 8,280,484 (this copies)
    [hcompact:python3] rows widen 7B -> 12B per relator at 1 states (in place)
    [hcompact:python3] rows widen 6B -> 12B per relator at 1 states (in place)
    [hcompact:python3] reservation exceeded at 2,060,521 states; growing to 4,140,242 (this copies)
    [hcompact:python3] rows widen 6B -> 12B per relator at 1 states (in place)
    [hcompact:python3] reservation exceeded at 2,060,682 states; growing to 4,140,242 (this copies)
    [hcompact:python3] reservation exceeded at 2,060,672 states; growing to 4,140,242 (this copies)
    [hcompact:python3] rows widen 10B -> 12B per relator at 1 states (in place)
    [hcompact:python3] reservation exceeded at 2,060,662 states; growing to 4,140,242 (this copies)
    [hcompact:python3] rows widen 10B -> 12B per relator at 1 states (in place)
    [hcompact:python3] rows widen 10B -> 12B per relator at 1 states (in place)
    [hcompact:python3] reservation exceeded at 2,060,536 states; growing to 4,140,242 (this copies)
    [hcompact:python3] rows widen 10B -> 12B per relator at 1 states (in place)
    [hcompact:python3] reservation exceeded at 2,060,584 states; growing to 4,140,242 (this copies)
    [hcompact:python3] rows widen 7B -> 12B per relator at 1 states (in place)
    [hcompact:python3] reservation exceeded at 2,060,576 states; growing to 4,140,242 (this copies)
    [hcompact:python3] rows widen 6B -> 12B per relator at 1 states (in place)
    [hcompact:python3] reservation exceeded at 2,060,541 states; growing to 4,140,242 (this copies)
    [hcompact:python3] rows widen 7B -> 12B per relator at 1 states (in place)
    [hcompact:python3] reservation exceeded at 2,060,550 states; growing to 4,140,242 (this copies)
    [hcompact:python3] rows widen 6B -> 12B per relator at 1 states (in place)
    [hcompact:python3] reservation exceeded at 2,060,692 states; growing to 4,140,242 (this copies)
    [hcompact:python3] rows widen 6B -> 12B per relator at 85 states (in place)
    [hcompact:python3] reservation exceeded at 2,060,572 states; growing to 4,140,242 (this copies)
    [hcompact:python3] rows widen 6B -> 12B per relator at 1 states (in place)
    [hcompact:python3] reservation exceeded at 2,060,632 states; growing to 4,140,242 (this copies)
    [hcompact:python3] rows widen 6B -> 12B per relator at 1 states (in place)
    [hcompact:python3] rows widen 6B -> 12B per relator at 1 states (in place)
    [hcompact:python3] reservation exceeded at 2,060,678 states; growing to 4,140,242 (this copies)
    [hcompact:python3] reservation exceeded at 2,060,698 states; growing to 4,140,242 (this copies)
    [hcompact:python3] rows widen 6B -> 12B per relator at 1 states (in place)
    [hcompact:python3] reservation exceeded at 2,060,580 states; growing to 4,140,242 (this copies)
    [hcompact:python3] rows widen 6B -> 12B per relator at 1 states (in place)
    [hcompact:python3] reservation exceeded at 2,060,721 states; growing to 4,140,242 (this copies)
    [hcompact:python3] rows widen 6B -> 12B per relator at 1 states (in place)
    [hcompact:python3] reservation exceeded at 2,060,677 states; growing to 4,140,242 (this copies)
    [hcompact:python3] rows widen 6B -> 12B per relator at 1 states (in place)
    [hcompact:python3] rows widen 6B -> 12B per relator at 1 states (in place)
    [hcompact:python3] reservation exceeded at 2,060,741 states; growing to 4,140,242 (this copies)
    [hcompact:python3] reservation exceeded at 2,060,707 states; growing to 4,140,242 (this copies)
    [hcompact:python3] reservation exceeded at 2,060,573 states; growing to 4,140,242 (this copies)
    [hcompact:python3] rows widen 6B -> 12B per relator at 1 states (in place)
    [hcompact:python3] rows widen 6B -> 12B per relator at 1 states (in place)
    [hcompact:python3] reservation exceeded at 2,060,600 states; growing to 4,140,242 (this copies)
    [hcompact:python3] rows widen 6B -> 12B per relator at 1 states (in place)
    [hcompact:python3] reservation exceeded at 2,060,586 states; growing to 4,140,242 (this copies)
    [hcompact:python3] rows widen 6B -> 12B per relator at 1 states (in place)
    [hcompact:python3] reservation exceeded at 2,060,626 states; growing to 4,140,242 (this copies)
    [hcompact:python3] rows widen 6B -> 12B per relator at 408 states (in place)
    [hcompact:python3] reservation exceeded at 2,060,627 states; growing to 4,140,242 (this copies)
    [hcompact:python3] rows widen 6B -> 12B per relator at 1 states (in place)
    [hcompact:python3] reservation exceeded at 2,060,597 states; growing to 4,140,242 (this copies)
    [hcompact:python3] rows widen 6B -> 12B per relator at 1 states (in place)
    [hcompact:python3] reservation exceeded at 2,060,576 states; growing to 4,140,242 (this copies)
    [hcompact:python3] rows widen 6B -> 12B per relator at 1 states (in place)
    [hcompact:python3] rows widen 6B -> 12B per relator at 1 states (in place)
    [hcompact:python3] reservation exceeded at 2,060,657 states; growing to 4,140,242 (this copies)
    [hcompact:python3] reservation exceeded at 2,060,595 states; growing to 4,140,242 (this copies)
    [hcompact:python3] rows widen 7B -> 12B per relator at 1 states (in place)
    [hcompact:python3] reservation exceeded at 2,060,597 states; growing to 4,140,242 (this copies)
    [hcompact:python3] rows widen 7B -> 12B per relator at 1 states (in place)
    [hcompact:python3] reservation exceeded at 2,060,597 states; growing to 4,140,242 (this copies)
    [hcompact:python3] rows widen 7B -> 12B per relator at 1 states (in place)
    [hcompact:python3] rows widen 7B -> 12B per relator at 1 states (in place)
    [hcompact:python3] reservation exceeded at 2,060,627 states; growing to 4,140,242 (this copies)
    [hcompact:python3] reservation exceeded at 2,060,714 states; growing to 4,140,242 (this copies)
    [hcompact:python3] reservation exceeded at 2,060,645 states; growing to 4,140,242 (this copies)
    [hcompact:python3] rows widen 7B -> 12B per relator at 1 states (in place)
    [hcompact:python3] rows widen 6B -> 12B per relator at 1 states (in place)
    [hcompact:python3] rows widen 7B -> 12B per relator at 1 states (in place)
    [hcompact:python3] reservation exceeded at 2,060,595 states; growing to 4,140,242 (this copies)
    [hcompact:python3] reservation exceeded at 2,060,588 states; growing to 4,140,242 (this copies)
    [hcompact:python3] reservation exceeded at 2,060,644 states; growing to 4,140,242 (this copies)
    [hcompact:python3] rows widen 6B -> 12B per relator at 1 states (in place)
    [hcompact:python3] rows widen 6B -> 12B per relator at 420 states (in place)
    [hcompact:python3] rows widen 6B -> 12B per relator at 1 states (in place)
    [hcompact:python3] reservation exceeded at 2,060,597 states; growing to 4,140,242 (this copies)
    [hcompact:python3] reservation exceeded at 2,060,665 states; growing to 4,140,242 (this copies)
    [hcompact:python3] reservation exceeded at 2,060,613 states; growing to 4,140,242 (this copies)
    [hcompact:python3] rows widen 6B -> 12B per relator at 1 states (in place)
    [hcompact:python3] rows widen 6B -> 12B per relator at 1 states (in place)
    [hcompact:python3] rows widen 6B -> 12B per relator at 1 states (in place)
    [hcompact:python3] reservation exceeded at 2,060,579 states; growing to 4,140,242 (this copies)
    [hcompact:python3] reservation exceeded at 2,060,667 states; growing to 4,140,242 (this copies)
    [hcompact:python3] reservation exceeded at 2,060,663 states; growing to 4,140,242 (this copies)
    [hcompact:python3] rows widen 7B -> 12B per relator at 1 states (in place)
    [hcompact:python3] rows widen 7B -> 12B per relator at 1 states (in place)
    [hcompact:python3] rows widen 7B -> 12B per relator at 1 states (in place)
    [hcompact:python3] reservation exceeded at 2,060,592 states; growing to 4,140,242 (this copies)
    [hcompact:python3] reservation exceeded at 2,060,583 states; growing to 4,140,242 (this copies)
    [hcompact:python3] reservation exceeded at 2,060,570 states; growing to 4,140,242 (this copies)
    [hcompact:python3] rows widen 7B -> 12B per relator at 1 states (in place)
    [hcompact:python3] rows widen 7B -> 12B per relator at 1 states (in place)
  1100/2100 searches  2031 records  0 solved  35.8 min elapsed  ETA 32.6 min
    [hcompact:python3] rows widen 6B -> 12B per relator at 1 states (in place)
    [hcompact:python3] reservation exceeded at 2,060,579 states; growing to 4,140,242 (this copies)
    [hcompact:python3] reservation exceeded at 2,060,661 states; growing to 4,140,242 (this copies)
    [hcompact:python3] reservation exceeded at 2,060,667 states; growing to 4,140,242 (this copies)
    [hcompact:python3] rows widen 7B -> 12B per relator at 1 states (in place)
    [hcompact:python3] rows widen 6B -> 12B per relator at 1 states (in place)
    [hcompact:python3] rows widen 6B -> 12B per relator at 65 states (in place)
    [hcompact:python3] reservation exceeded at 2,060,582 states; growing to 4,140,242 (this copies)
    [hcompact:python3] reservation exceeded at 2,060,663 states; growing to 4,140,242 (this copies)
    [hcompact:python3] reservation exceeded at 2,060,545 states; growing to 4,140,242 (this copies)
    [hcompact:python3] rows widen 7B -> 12B per relator at 1 states (in place)
    [hcompact:python3] rows widen 7B -> 12B per relator at 1 states (in place)
    [hcompact:python3] rows widen 6B -> 12B per relator at 1 states (in place)
    [hcompact:python3] reservation exceeded at 2,060,523 states; growing to 4,140,242 (this copies)
    [hcompact:python3] reservation exceeded at 2,060,533 states; growing to 4,140,242 (this copies)
    [hcompact:python3] reservation exceeded at 2,060,668 states; growing to 4,140,242 (this copies)
    [hcompact:python3] rows widen 6B -> 12B per relator at 1 states (in place)
    [hcompact:python3] rows widen 10B -> 12B per relator at 1 states (in place)
    [hcompact:python3] rows widen 10B -> 12B per relator at 1 states (in place)
    [hcompact:python3] reservation exceeded at 2,060,571 states; growing to 4,140,242 (this copies)
    [hcompact:python3] reservation exceeded at 2,060,546 states; growing to 4,140,242 (this copies)
    [hcompact:python3] reservation exceeded at 2,060,529 states; growing to 4,140,242 (this copies)
    [hcompact:python3] rows widen 10B -> 12B per relator at 1 states (in place)
    [hcompact:python3] rows widen 10B -> 12B per relator at 1 states (in place)
    [hcompact:python3] rows widen 7B -> 12B per relator at 1 states (in place)
    [hcompact:python3] reservation exceeded at 2,060,764 states; growing to 4,140,242 (this copies)
    [hcompact:python3] reservation exceeded at 2,060,629 states; growing to 4,140,242 (this copies)
    [hcompact:python3] reservation exceeded at 2,060,652 states; growing to 4,140,242 (this copies)
    [hcompact:python3] rows widen 6B -> 12B per relator at 1 states (in place)
    [hcompact:python3] rows widen 7B -> 12B per relator at 1 states (in place)
    [hcompact:python3] rows widen 6B -> 12B per relator at 1 states (in place)
    [hcompact:python3] reservation exceeded at 2,060,660 states; growing to 4,140,242 (this copies)
    [hcompact:python3] reservation exceeded at 2,060,597 states; growing to 4,140,242 (this copies)
    [hcompact:python3] reservation exceeded at 2,060,551 states; growing to 4,140,242 (this copies)
    [hcompact:python3] rows widen 6B -> 12B per relator at 85 states (in place)
    [hcompact:python3] rows widen 6B -> 12B per relator at 1 states (in place)
    [hcompact:python3] rows widen 6B -> 12B per relator at 1 states (in place)
    [hcompact:python3] reservation exceeded at 2,060,604 states; growing to 4,140,242 (this copies)
    [hcompact:python3] reservation exceeded at 2,060,608 states; growing to 4,140,242 (this copies)
    [hcompact:python3] rows widen 6B -> 12B per relator at 1 states (in place)
    [hcompact:python3] reservation exceeded at 2,060,536 states; growing to 4,140,242 (this copies)
    [hcompact:python3] rows widen 6B -> 12B per relator at 1 states (in place)
    [hcompact:python3] rows widen 6B -> 12B per relator at 1 states (in place)
    [hcompact:python3] reservation exceeded at 2,060,611 states; growing to 4,140,242 (this copies)
    [hcompact:python3] reservation exceeded at 2,060,658 states; growing to 4,140,242 (this copies)
    [hcompact:python3] reservation exceeded at 2,060,600 states; growing to 4,140,242 (this copies)
    [hcompact:python3] reservation exceeded at 4,130,706 states; growing to 8,280,484 (this copies)
    [hcompact:python3] rows widen 6B -> 12B per relator at 1 states (in place)
    [hcompact:python3] reservation exceeded at 4,130,802 states; growing to 8,280,484 (this copies)
    [hcompact:python3] rows widen 6B -> 12B per relator at 1 states (in place)
    [hcompact:python3] rows widen 6B -> 12B per relator at 1 states (in place)
    [hcompact:python3] reservation exceeded at 2,060,550 states; growing to 4,140,242 (this copies)
    [hcompact:python3] reservation exceeded at 2,060,526 states; growing to 4,140,242 (this copies)
    [hcompact:python3] reservation exceeded at 2,060,710 states; growing to 4,140,242 (this copies)
    [hcompact:python3] rows widen 6B -> 12B per relator at 1 states (in place)
    [hcompact:python3] reservation exceeded at 4,130,861 states; growing to 8,280,484 (this copies)
    [hcompact:python3] rows widen 6B -> 12B per relator at 1 states (in place)
    [hcompact:python3] reservation exceeded at 4,130,765 states; growing to 8,280,484 (this copies)
    [hcompact:python3] reservation exceeded at 2,060,566 states; growing to 4,140,242 (this copies)
    [hcompact:python3] rows widen 6B -> 12B per relator at 1 states (in place)
    [hcompact:python3] reservation exceeded at 2,060,632 states; growing to 4,140,242 (this copies)
    [hcompact:python3] reservation exceeded at 4,130,770 states; growing to 8,280,484 (this copies)
    [hcompact:python3] reservation exceeded at 2,060,576 states; growing to 4,140,242 (this copies)
    [hcompact:python3] reservation exceeded at 4,130,775 states; growing to 8,280,484 (this copies)
    [hcompact:python3] rows widen 6B -> 12B per relator at 1 states (in place)
    [hcompact:python3] rows widen 6B -> 12B per relator at 69 states (in place)
    [hcompact:python3] reservation exceeded at 4,130,697 states; growing to 8,280,484 (this copies)
    [hcompact:python3] reservation exceeded at 2,060,758 states; growing to 4,140,242 (this copies)
    [hcompact:python3] reservation exceeded at 2,060,694 states; growing to 4,140,242 (this copies)
    [hcompact:python3] rows widen 7B -> 12B per relator at 1 states (in place)
    [hcompact:python3] reservation exceeded at 4,130,714 states; growing to 8,280,484 (this copies)
    [hcompact:python3] rows widen 7B -> 12B per relator at 1 states (in place)
    [hcompact:python3] reservation exceeded at 2,060,615 states; growing to 4,140,242 (this copies)
    [hcompact:python3] rows widen 6B -> 12B per relator at 1 states (in place)
    [hcompact:python3] reservation exceeded at 2,060,604 states; growing to 4,140,242 (this copies)
    [hcompact:python3] rows widen 6B -> 12B per relator at 1 states (in place)
    [hcompact:python3] reservation exceeded at 2,060,631 states; growing to 4,140,242 (this copies)
    [hcompact:python3] rows widen 10B -> 12B per relator at 1 states (in place)
    [hcompact:python3] reservation exceeded at 2,060,709 states; growing to 4,140,242 (this copies)
    [hcompact:python3] rows widen 10B -> 12B per relator at 1 states (in place)
    [hcompact:python3] reservation exceeded at 2,060,627 states; growing to 4,140,242 (this copies)
    [hcompact:python3] rows widen 10B -> 12B per relator at 1 states (in place)
    [hcompact:python3] rows widen 10B -> 12B per relator at 1 states (in place)
    [hcompact:python3] reservation exceeded at 2,060,684 states; growing to 4,140,242 (this copies)
    [hcompact:python3] reservation exceeded at 2,060,522 states; growing to 4,140,242 (this copies)
    [hcompact:python3] reservation exceeded at 2,060,542 states; growing to 4,140,242 (this copies)
    [hcompact:python3] reservation exceeded at 4,130,656 states; growing to 8,280,484 (this copies)
    [hcompact:python3] rows widen 7B -> 12B per relator at 1 states (in place)
    [hcompact:python3] rows widen 6B -> 12B per relator at 1 states (in place)
    [hcompact:python3] rows widen 7B -> 12B per relator at 1 states (in place)
    [hcompact:python3] reservation exceeded at 2,060,610 states; growing to 4,140,242 (this copies)
    [hcompact:python3] reservation exceeded at 2,060,657 states; growing to 4,140,242 (this copies)
    [hcompact:python3] reservation exceeded at 2,060,657 states; growing to 4,140,242 (this copies)
    [hcompact:python3] rows widen 6B -> 12B per relator at 1 states (in place)
    [hcompact:python3] rows widen 6B -> 12B per relator at 248 states (in place)
    [hcompact:python3] rows widen 6B -> 12B per relator at 1 states (in place)
    [hcompact:python3] reservation exceeded at 2,060,559 states; growing to 4,140,242 (this copies)
    [hcompact:python3] reservation exceeded at 2,060,531 states; growing to 4,140,242 (this copies)
    [hcompact:python3] reservation exceeded at 2,060,521 states; growing to 4,140,242 (this copies)
    [hcompact:python3] rows widen 6B -> 12B per relator at 1 states (in place)
    [hcompact:python3] rows widen 6B -> 12B per relator at 1 states (in place)
    [hcompact:python3] rows widen 6B -> 12B per relator at 1 states (in place)
    [hcompact:python3] reservation exceeded at 2,060,663 states; growing to 4,140,242 (this copies)
    [hcompact:python3] reservation exceeded at 2,060,692 states; growing to 4,140,242 (this copies)
    [hcompact:python3] reservation exceeded at 2,060,629 states; growing to 4,140,242 (this copies)
    [hcompact:python3] rows widen 7B -> 12B per relator at 1 states (in place)
    [hcompact:python3] rows widen 7B -> 12B per relator at 1 states (in place)
    [hcompact:python3] rows widen 7B -> 12B per relator at 1 states (in place)
    [hcompact:python3] reservation exceeded at 2,060,665 states; growing to 4,140,242 (this copies)
    [hcompact:python3] reservation exceeded at 2,060,646 states; growing to 4,140,242 (this copies)
    [hcompact:python3] reservation exceeded at 2,060,652 states; growing to 4,140,242 (this copies)
  1150/2100 searches  2099 records  0 solved  38.3 min elapsed  ETA 31.6 min
    [hcompact:python3] rows widen 7B -> 12B per relator at 1 states (in place)
    [hcompact:python3] rows widen 6B -> 12B per relator at 1 states (in place)
    [hcompact:python3] rows widen 6B -> 12B per relator at 1 states (in place)
    [hcompact:python3] reservation exceeded at 2,060,667 states; growing to 4,140,242 (this copies)
    [hcompact:python3] reservation exceeded at 2,060,535 states; growing to 4,140,242 (this copies)
    [hcompact:python3] reservation exceeded at 2,060,532 states; growing to 4,140,242 (this copies)
    [hcompact:python3] rows widen 6B -> 12B per relator at 1 states (in place)
    [hcompact:python3] rows widen 6B -> 12B per relator at 1 states (in place)
    [hcompact:python3] rows widen 6B -> 12B per relator at 87 states (in place)
    [hcompact:python3] reservation exceeded at 2,060,639 states; growing to 4,140,242 (this copies)
    [hcompact:python3] reservation exceeded at 2,060,526 states; growing to 4,140,242 (this copies)
    [hcompact:python3] reservation exceeded at 2,060,581 states; growing to 4,140,242 (this copies)
    [hcompact:python3] rows widen 7B -> 12B per relator at 1 states (in place)
    [hcompact:python3] rows widen 7B -> 12B per relator at 1 states (in place)
    [hcompact:python3] rows widen 6B -> 12B per relator at 1 states (in place)
    [hcompact:python3] reservation exceeded at 2,060,599 states; growing to 4,140,242 (this copies)
    [hcompact:python3] reservation exceeded at 2,060,565 states; growing to 4,140,242 (this copies)
    [hcompact:python3] reservation exceeded at 2,060,581 states; growing to 4,140,242 (this copies)
    [hcompact:python3] rows widen 6B -> 12B per relator at 109 states (in place)
    [hcompact:python3] rows widen 10B -> 12B per relator at 1 states (in place)
    [hcompact:python3] rows widen 10B -> 12B per relator at 1 states (in place)
    [hcompact:python3] reservation exceeded at 2,060,713 states; growing to 4,140,242 (this copies)
    [hcompact:python3] reservation exceeded at 2,060,523 states; growing to 4,140,242 (this copies)
    [hcompact:python3] rows widen 10B -> 12B per relator at 1 states (in place)
    [hcompact:python3] reservation exceeded at 2,060,717 states; growing to 4,140,242 (this copies)
    [hcompact:python3] rows widen 10B -> 12B per relator at 1 states (in place)
    [hcompact:python3] rows widen 7B -> 12B per relator at 1 states (in place)
    [hcompact:python3] rows widen 6B -> 12B per relator at 1 states (in place)
    [hcompact:python3] reservation exceeded at 2,060,563 states; growing to 4,140,242 (this copies)
    [hcompact:python3] rows widen 7B -> 12B per relator at 1 states (in place)
    [hcompact:python3] reservation exceeded at 2,060,586 states; growing to 4,140,242 (this copies)
    [hcompact:python3] reservation exceeded at 2,060,674 states; growing to 4,140,242 (this copies)
    [hcompact:python3] rows widen 6B -> 12B per relator at 1 states (in place)
    [hcompact:python3] rows widen 6B -> 12B per relator at 69 states (in place)
    [hcompact:python3] reservation exceeded at 2,060,589 states; growing to 4,140,242 (this copies)
    [hcompact:python3] reservation exceeded at 2,060,608 states; growing to 4,140,242 (this copies)
    [hcompact:python3] reservation exceeded at 2,060,689 states; growing to 4,140,242 (this copies)
    [hcompact:python3] rows widen 7B -> 12B per relator at 1 states (in place)
    [hcompact:python3] reservation exceeded at 4,130,791 states; growing to 8,280,484 (this copies)
    [hcompact:python3] rows widen 7B -> 12B per relator at 1 states (in place)
    [hcompact:python3] rows widen 6B -> 12B per relator at 1 states (in place)
    [hcompact:python3] reservation exceeded at 2,060,580 states; growing to 4,140,242 (this copies)
    [hcompact:python3] reservation exceeded at 2,060,622 states; growing to 4,140,242 (this copies)
    [hcompact:python3] rows widen 6B -> 12B per relator at 1 states (in place)
    [hcompact:python3] reservation exceeded at 2,060,553 states; growing to 4,140,242 (this copies)
    [hcompact:python3] rows widen 10B -> 12B per relator at 1 states (in place)
    [hcompact:python3] reservation exceeded at 2,060,591 states; growing to 4,140,242 (this copies)
    [hcompact:python3] rows widen 10B -> 12B per relator at 1 states (in place)
    [hcompact:python3] reservation exceeded at 2,060,663 states; growing to 4,140,242 (this copies)
    [hcompact:python3] rows widen 10B -> 12B per relator at 1 states (in place)
    [hcompact:python3] reservation exceeded at 2,060,565 states; growing to 4,140,242 (this copies)
    [hcompact:python3] rows widen 10B -> 12B per relator at 1 states (in place)
    [hcompact:python3] rows widen 7B -> 12B per relator at 1 states (in place)
    [hcompact:python3] reservation exceeded at 2,060,542 states; growing to 4,140,242 (this copies)
    [hcompact:python3] reservation exceeded at 2,060,785 states; growing to 4,140,242 (this copies)
    [hcompact:python3] reservation exceeded at 2,060,586 states; growing to 4,140,242 (this copies)
    [hcompact:python3] rows widen 6B -> 12B per relator at 1 states (in place)
    [hcompact:python3] rows widen 7B -> 12B per relator at 1 states (in place)
    [hcompact:python3] rows widen 6B -> 12B per relator at 1 states (in place)
    [hcompact:python3] reservation exceeded at 2,060,604 states; growing to 4,140,242 (this copies)
    [hcompact:python3] reservation exceeded at 2,060,663 states; growing to 4,140,242 (this copies)
    [hcompact:python3] rows widen 7B -> 12B per relator at 1 states (in place)
    [hcompact:python3] rows widen 6B -> 12B per relator at 87 states (in place)
    [hcompact:python3] rows widen 7B -> 12B per relator at 1 states (in place)
    [hcompact:python3] reservation exceeded at 2,060,603 states; growing to 4,140,242 (this copies)
    [hcompact:python3] reservation exceeded at 2,060,599 states; growing to 4,140,242 (this copies)
    [hcompact:python3] rows widen 6B -> 12B per relator at 109 states (in place)
    [hcompact:python3] rows widen 6B -> 12B per relator at 1 states (in place)
    [hcompact:python3] reservation exceeded at 2,060,596 states; growing to 4,140,242 (this copies)
    [hcompact:python3] reservation exceeded at 2,060,671 states; growing to 4,140,242 (this copies)
    [hcompact:python3] reservation exceeded at 2,060,611 states; growing to 4,140,242 (this copies)
    [hcompact:python3] rows widen 10B -> 12B per relator at 1 states (in place)
    [hcompact:python3] rows widen 10B -> 12B per relator at 1 states (in place)
    [hcompact:python3] rows widen 10B -> 12B per relator at 1 states (in place)
    [hcompact:python3] reservation exceeded at 2,060,702 states; growing to 4,140,242 (this copies)
    [hcompact:python3] rows widen 10B -> 12B per relator at 1 states (in place)
    [hcompact:python3] reservation exceeded at 2,060,593 states; growing to 4,140,242 (this copies)
    [hcompact:python3] rows widen 7B -> 12B per relator at 1 states (in place)
    [hcompact:python3] reservation exceeded at 2,060,522 states; growing to 4,140,242 (this copies)
    [hcompact:python3] rows widen 6B -> 12B per relator at 1 states (in place)
    [hcompact:python3] rows widen 7B -> 12B per relator at 1 states (in place)
    [hcompact:python3] reservation exceeded at 2,060,647 states; growing to 4,140,242 (this copies)
    [hcompact:python3] reservation exceeded at 2,060,648 states; growing to 4,140,242 (this copies)
    [hcompact:python3] reservation exceeded at 2,060,616 states; growing to 4,140,242 (this copies)
    [hcompact:python3] rows widen 6B -> 12B per relator at 1 states (in place)
    [hcompact:python3] reservation exceeded at 4,130,755 states; growing to 8,280,484 (this copies)
    [hcompact:python3] rows widen 6B -> 12B per relator at 87 states (in place)
    [hcompact:python3] rows widen 7B -> 12B per relator at 1 states (in place)
    [hcompact:python3] reservation exceeded at 2,060,611 states; growing to 4,140,242 (this copies)
    [hcompact:python3] reservation exceeded at 2,060,640 states; growing to 4,140,242 (this copies)
    [hcompact:python3] reservation exceeded at 2,060,647 states; growing to 4,140,242 (this copies)
    [hcompact:python3] rows widen 7B -> 12B per relator at 1 states (in place)
    [hcompact:python3] rows widen 6B -> 12B per relator at 109 states (in place)
    [hcompact:python3] rows widen 6B -> 12B per relator at 1 states (in place)
    [hcompact:python3] reservation exceeded at 2,060,626 states; growing to 4,140,242 (this copies)
    [hcompact:python3] reservation exceeded at 2,060,593 states; growing to 4,140,242 (this copies)
    [hcompact:python3] reservation exceeded at 2,060,619 states; growing to 4,140,242 (this copies)
    [hcompact:python3] rows widen 10B -> 12B per relator at 1 states (in place)
  1200/2100 searches  2179 records  0 solved  40.5 min elapsed  ETA 30.4 min
    [hcompact:python3] rows widen 10B -> 12B per relator at 1 states (in place)
    [hcompact:python3] rows widen 10B -> 12B per relator at 1 states (in place)
    [hcompact:python3] reservation exceeded at 2,060,555 states; growing to 4,140,242 (this copies)
    [hcompact:python3] rows widen 10B -> 12B per relator at 1 states (in place)
    [hcompact:python3] reservation exceeded at 2,060,580 states; growing to 4,140,242 (this copies)
    [hcompact:python3] rows widen 7B -> 12B per relator at 1 states (in place)
    [hcompact:python3] rows widen 6B -> 12B per relator at 1 states (in place)
    [hcompact:python3] rows widen 7B -> 12B per relator at 1 states (in place)
    [hcompact:python3] reservation exceeded at 2,060,591 states; growing to 4,140,242 (this copies)
    [hcompact:python3] reservation exceeded at 2,060,598 states; growing to 4,140,242 (this copies)
    [hcompact:python3] reservation exceeded at 2,060,659 states; growing to 4,140,242 (this copies)
    [hcompact:python3] rows widen 6B -> 12B per relator at 1 states (in place)
    [hcompact:python3] rows widen 6B -> 12B per relator at 87 states (in place)
    [hcompact:python3] reservation exceeded at 2,060,619 states; growing to 4,140,242 (this copies)
    [hcompact:python3] rows widen 7B -> 12B per relator at 1 states (in place)
    [hcompact:python3] reservation exceeded at 2,060,519 states; growing to 4,140,242 (this copies)
    [hcompact:python3] rows widen 7B -> 12B per relator at 1 states (in place)
    [hcompact:python3] reservation exceeded at 2,060,551 states; growing to 4,140,242 (this copies)
    [hcompact:python3] rows widen 6B -> 12B per relator at 109 states (in place)
    [hcompact:python3] rows widen 6B -> 12B per relator at 1 states (in place)
    [hcompact:python3] reservation exceeded at 2,060,649 states; growing to 4,140,242 (this copies)
    [hcompact:python3] reservation exceeded at 2,060,519 states; growing to 4,140,242 (this copies)
    [hcompact:python3] reservation exceeded at 2,060,519 states; growing to 4,140,242 (this copies)
    [hcompact:python3] rows widen 10B -> 12B per relator at 1 states (in place)
    [hcompact:python3] rows widen 10B -> 12B per relator at 1 states (in place)
    [hcompact:python3] rows widen 10B -> 12B per relator at 1 states (in place)
    [hcompact:python3] reservation exceeded at 2,060,560 states; growing to 4,140,242 (this copies)
    [hcompact:python3] reservation exceeded at 2,060,522 states; growing to 4,140,242 (this copies)
    [hcompact:python3] reservation exceeded at 2,060,537 states; growing to 4,140,242 (this copies)
    [hcompact:python3] rows widen 10B -> 12B per relator at 1 states (in place)
    [hcompact:python3] rows widen 7B -> 12B per relator at 1 states (in place)
    [hcompact:python3] rows widen 6B -> 12B per relator at 1 states (in place)
    [hcompact:python3] rows widen 7B -> 12B per relator at 1 states (in place)
    [hcompact:python3] reservation exceeded at 2,060,519 states; growing to 4,140,242 (this copies)
    [hcompact:python3] reservation exceeded at 2,060,576 states; growing to 4,140,242 (this copies)
    [hcompact:python3] reservation exceeded at 2,060,554 states; growing to 4,140,242 (this copies)
    [hcompact:python3] rows widen 6B -> 12B per relator at 1 states (in place)
    [hcompact:python3] rows widen 6B -> 12B per relator at 87 states (in place)
    [hcompact:python3] reservation exceeded at 4,130,644 states; growing to 8,280,484 (this copies)
    [hcompact:python3] rows widen 7B -> 12B per relator at 1 states (in place)
    [hcompact:python3] reservation exceeded at 2,060,650 states; growing to 4,140,242 (this copies)
    [hcompact:python3] reservation exceeded at 2,060,743 states; growing to 4,140,242 (this copies)
    [hcompact:python3] reservation exceeded at 2,060,598 states; growing to 4,140,242 (this copies)
    [hcompact:python3] rows widen 7B -> 12B per relator at 1 states (in place)
    [hcompact:python3] rows widen 6B -> 12B per relator at 109 states (in place)
    [hcompact:python3] rows widen 6B -> 12B per relator at 1 states (in place)
    [hcompact:python3] reservation exceeded at 2,060,642 states; growing to 4,140,242 (this copies)
    [hcompact:python3] reservation exceeded at 2,060,653 states; growing to 4,140,242 (this copies)
    [hcompact:python3] reservation exceeded at 2,060,776 states; growing to 4,140,242 (this copies)
    [hcompact:python3] rows widen 10B -> 12B per relator at 1 states (in place)
    [hcompact:python3] rows widen 10B -> 12B per relator at 1 states (in place)
    [hcompact:python3] rows widen 10B -> 12B per relator at 1 states (in place)
    [hcompact:python3] reservation exceeded at 2,060,753 states; growing to 4,140,242 (this copies)
    [hcompact:python3] reservation exceeded at 2,060,552 states; growing to 4,140,242 (this copies)
    [hcompact:python3] reservation exceeded at 2,060,573 states; growing to 4,140,242 (this copies)
    [hcompact:python3] rows widen 10B -> 12B per relator at 1 states (in place)
    [hcompact:python3] reservation exceeded at 4,130,860 states; growing to 8,280,484 (this copies)
    [hcompact:python3] rows widen 7B -> 12B per relator at 1 states (in place)
    [hcompact:python3] rows widen 6B -> 12B per relator at 1 states (in place)
    [hcompact:python3] rows widen 7B -> 12B per relator at 1 states (in place)
    [hcompact:python3] reservation exceeded at 2,060,690 states; growing to 4,140,242 (this copies)
    [hcompact:python3] reservation exceeded at 2,060,539 states; growing to 4,140,242 (this copies)
    [hcompact:python3] reservation exceeded at 2,060,590 states; growing to 4,140,242 (this copies)
    [hcompact:python3] rows widen 6B -> 12B per relator at 1 states (in place)
    [hcompact:python3] reservation exceeded at 4,130,806 states; growing to 8,280,484 (this copies)
    [hcompact:python3] rows widen 6B -> 12B per relator at 319 states (in place)
    [hcompact:python3] reservation exceeded at 2,060,619 states; growing to 4,140,242 (this copies)
    [hcompact:python3] rows widen 6B -> 12B per relator at 171 states (in place)
    [hcompact:python3] rows widen 6B -> 12B per relator at 1 states (in place)
    [hcompact:python3] reservation exceeded at 2,060,606 states; growing to 4,140,242 (this copies)
    [hcompact:python3] reservation exceeded at 2,060,522 states; growing to 4,140,242 (this copies)
    [hcompact:python3] rows widen 6B -> 12B per relator at 85 states (in place)
    [hcompact:python3] reservation exceeded at 2,060,604 states; growing to 4,140,242 (this copies)
    [hcompact:python3] rows widen 6B -> 12B per relator at 1 states (in place)
    [hcompact:python3] reservation exceeded at 2,060,541 states; growing to 4,140,242 (this copies)
    [hcompact:python3] rows widen 6B -> 12B per relator at 1 states (in place)
    [hcompact:python3] reservation exceeded at 2,060,615 states; growing to 4,140,242 (this copies)
    [hcompact:python3] rows widen 6B -> 12B per relator at 1 states (in place)
    [hcompact:python3] rows widen 6B -> 12B per relator at 1 states (in place)
    [hcompact:python3] reservation exceeded at 2,060,573 states; growing to 4,140,242 (this copies)
    [hcompact:python3] reservation exceeded at 2,060,575 states; growing to 4,140,242 (this copies)
    [hcompact:python3] rows widen 7B -> 12B per relator at 1 states (in place)
    [hcompact:python3] reservation exceeded at 2,060,590 states; growing to 4,140,242 (this copies)
    [hcompact:python3] rows widen 6B -> 12B per relator at 1 states (in place)
    [hcompact:python3] rows widen 6B -> 12B per relator at 1 states (in place)
    [hcompact:python3] reservation exceeded at 2,060,592 states; growing to 4,140,242 (this copies)
    [hcompact:python3] reservation exceeded at 2,060,658 states; growing to 4,140,242 (this copies)
    [hcompact:python3] rows widen 6B -> 12B per relator at 1 states (in place)
    [hcompact:python3] reservation exceeded at 2,060,519 states; growing to 4,140,242 (this copies)
    [hcompact:python3] rows widen 6B -> 12B per relator at 1 states (in place)
    [hcompact:python3] rows widen 6B -> 12B per relator at 87 states (in place)
    [hcompact:python3] rows widen 7B -> 12B per relator at 1 states (in place)
    [hcompact:python3] reservation exceeded at 2,060,564 states; growing to 4,140,242 (this copies)
    [hcompact:python3] reservation exceeded at 2,060,619 states; growing to 4,140,242 (this copies)
    [hcompact:python3] reservation exceeded at 2,060,552 states; growing to 4,140,242 (this copies)
    [hcompact:python3] rows widen 7B -> 12B per relator at 1 states (in place)
    [hcompact:python3] rows widen 6B -> 12B per relator at 1 states (in place)
  1250/2100 searches  2266 records  0 solved  42.7 min elapsed  ETA 29.0 min
    [hcompact:python3] rows widen 6B -> 12B per relator at 109 states (in place)
    [hcompact:python3] reservation exceeded at 2,060,577 states; growing to 4,140,242 (this copies)
    [hcompact:python3] reservation exceeded at 2,060,609 states; growing to 4,140,242 (this copies)
    [hcompact:python3] rows widen 10B -> 12B per relator at 1 states (in place)
    [hcompact:python3] reservation exceeded at 2,060,584 states; growing to 4,140,242 (this copies)
    [hcompact:python3] rows widen 10B -> 12B per relator at 1 states (in place)
    [hcompact:python3] rows widen 10B -> 12B per relator at 1 states (in place)
    [hcompact:python3] reservation exceeded at 2,060,671 states; growing to 4,140,242 (this copies)
    [hcompact:python3] rows widen 10B -> 12B per relator at 1 states (in place)
    [hcompact:python3] reservation exceeded at 2,060,628 states; growing to 4,140,242 (this copies)
    [hcompact:python3] rows widen 7B -> 12B per relator at 1 states (in place)
    [hcompact:python3] reservation exceeded at 2,060,613 states; growing to 4,140,242 (this copies)
    [hcompact:python3] rows widen 6B -> 12B per relator at 1 states (in place)
    [hcompact:python3] rows widen 7B -> 12B per relator at 1 states (in place)
    [hcompact:python3] reservation exceeded at 2,060,541 states; growing to 4,140,242 (this copies)
    [hcompact:python3] rows widen 6B -> 12B per relator at 1 states (in place)
    [hcompact:python3] reservation exceeded at 2,060,625 states; growing to 4,140,242 (this copies)
    [hcompact:python3] reservation exceeded at 2,060,624 states; growing to 4,140,242 (this copies)
    [hcompact:python3] rows widen 6B -> 12B per relator at 73 states (in place)
    [hcompact:python3] reservation exceeded at 2,060,585 states; growing to 4,140,242 (this copies)
    [hcompact:python3] rows widen 8B -> 12B per relator at 1 states (in place)
    [hcompact:python3] reservation exceeded at 2,060,713 states; growing to 4,140,242 (this copies)
    [hcompact:python3] rows widen 8B -> 12B per relator at 1 states (in place)
    [hcompact:python3] reservation exceeded at 2,060,636 states; growing to 4,140,242 (this copies)
    [hcompact:python3] reservation exceeded at 2,060,670 states; growing to 4,140,242 (this copies)
    [hcompact:python3] rows widen 6B -> 12B per relator at 1 states (in place)
    [hcompact:python3] rows widen 6B -> 12B per relator at 1 states (in place)
    [hcompact:python3] reservation exceeded at 2,060,629 states; growing to 4,140,242 (this copies)
    [hcompact:python3] rows widen 11B -> 12B per relator at 1 states (in place)
    [hcompact:python3] reservation exceeded at 2,060,716 states; growing to 4,140,242 (this copies)
    [hcompact:python3] rows widen 11B -> 12B per relator at 1 states (in place)
    [hcompact:python3] rows widen 11B -> 12B per relator at 1 states (in place)
    [hcompact:python3] rows widen 11B -> 12B per relator at 1 states (in place)
    [hcompact:python3] rows widen 8B -> 12B per relator at 1 states (in place)
    [hcompact:python3] reservation exceeded at 2,060,609 states; growing to 4,140,242 (this copies)
    [hcompact:python3] reservation exceeded at 2,060,551 states; growing to 4,140,242 (this copies)
    [hcompact:python3] rows widen 6B -> 12B per relator at 1 states (in place)
    [hcompact:python3] rows widen 8B -> 12B per relator at 1 states (in place)
    [hcompact:python3] rows widen 6B -> 12B per relator at 1 states (in place)
    [hcompact:python3] reservation exceeded at 2,060,531 states; growing to 4,140,242 (this copies)
    [hcompact:python3] reservation exceeded at 2,060,593 states; growing to 4,140,242 (this copies)
    [hcompact:python3] reservation exceeded at 2,060,673 states; growing to 4,140,242 (this copies)
    [hcompact:python3] rows widen 6B -> 12B per relator at 73 states (in place)
    [hcompact:python3] rows widen 8B -> 12B per relator at 1 states (in place)
    [hcompact:python3] rows widen 8B -> 12B per relator at 1 states (in place)
    [hcompact:python3] reservation exceeded at 2,060,610 states; growing to 4,140,242 (this copies)
    [hcompact:python3] reservation exceeded at 2,060,693 states; growing to 4,140,242 (this copies)
    [hcompact:python3] reservation exceeded at 2,060,680 states; growing to 4,140,242 (this copies)
    [hcompact:python3] rows widen 6B -> 12B per relator at 1 states (in place)
    [hcompact:python3] rows widen 6B -> 12B per relator at 1 states (in place)
    [hcompact:python3] reservation exceeded at 2,060,648 states; growing to 4,140,242 (this copies)
    [hcompact:python3] rows widen 11B -> 12B per relator at 1 states (in place)
    [hcompact:python3] reservation exceeded at 2,060,627 states; growing to 4,140,242 (this copies)
    [hcompact:python3] rows widen 11B -> 12B per relator at 1 states (in place)
    [hcompact:python3] reservation exceeded at 2,060,646 states; growing to 4,140,242 (this copies)
    [hcompact:python3] rows widen 11B -> 12B per relator at 1 states (in place)
    [hcompact:python3] reservation exceeded at 2,060,631 states; growing to 4,140,242 (this copies)
    [hcompact:python3] rows widen 11B -> 12B per relator at 1 states (in place)
    [hcompact:python3] reservation exceeded at 2,060,615 states; growing to 4,140,242 (this copies)
    [hcompact:python3] reservation exceeded at 2,060,630 states; growing to 4,140,242 (this copies)
    [hcompact:python3] rows widen 8B -> 12B per relator at 1 states (in place)
    [hcompact:python3] reservation exceeded at 2,060,519 states; growing to 4,140,242 (this copies)
    [hcompact:python3] rows widen 6B -> 12B per relator at 1 states (in place)
    [hcompact:python3] rows widen 8B -> 12B per relator at 1 states (in place)
    [hcompact:python3] reservation exceeded at 2,060,648 states; growing to 4,140,242 (this copies)
    [hcompact:python3] reservation exceeded at 2,060,626 states; growing to 4,140,242 (this copies)
    [hcompact:python3] rows widen 6B -> 12B per relator at 1 states (in place)
    [hcompact:python3] reservation exceeded at 2,060,627 states; growing to 4,140,242 (this copies)
    [hcompact:python3] rows widen 6B -> 12B per relator at 1 states (in place)
    [hcompact:python3] rows widen 8B -> 12B per relator at 1 states (in place)
    [hcompact:python3] reservation exceeded at 2,060,741 states; growing to 4,140,242 (this copies)
    [hcompact:python3] rows widen 8B -> 12B per relator at 1 states (in place)
    [hcompact:python3] reservation exceeded at 2,060,603 states; growing to 4,140,242 (this copies)
    [hcompact:python3] rows widen 6B -> 12B per relator at 1 states (in place)
    [hcompact:python3] reservation exceeded at 2,060,596 states; growing to 4,140,242 (this copies)
    [hcompact:python3] rows widen 6B -> 12B per relator at 1 states (in place)
    [hcompact:python3] rows widen 11B -> 12B per relator at 1 states (in place)
    [hcompact:python3] reservation exceeded at 2,060,741 states; growing to 4,140,242 (this copies)
    [hcompact:python3] reservation exceeded at 2,060,741 states; growing to 4,140,242 (this copies)
    [hcompact:python3] reservation exceeded at 2,060,663 states; growing to 4,140,242 (this copies)
    [hcompact:python3] rows widen 11B -> 12B per relator at 1 states (in place)
    [hcompact:python3] rows widen 11B -> 12B per relator at 1 states (in place)
    [hcompact:python3] rows widen 11B -> 12B per relator at 1 states (in place)
    [hcompact:python3] reservation exceeded at 2,060,598 states; growing to 4,140,242 (this copies)
    [hcompact:python3] reservation exceeded at 2,060,667 states; growing to 4,140,242 (this copies)
    [hcompact:python3] reservation exceeded at 2,060,611 states; growing to 4,140,242 (this copies)
    [hcompact:python3] rows widen 8B -> 12B per relator at 1 states (in place)
    [hcompact:python3] rows widen 6B -> 12B per relator at 1 states (in place)
    [hcompact:python3] rows widen 8B -> 12B per relator at 1 states (in place)
    [hcompact:python3] rows widen 6B -> 12B per relator at 1 states (in place)
    [hcompact:python3] reservation exceeded at 2,060,741 states; growing to 4,140,242 (this copies)
    [hcompact:python3] reservation exceeded at 2,060,747 states; growing to 4,140,242 (this copies)
    [hcompact:python3] reservation exceeded at 2,060,741 states; growing to 4,140,242 (this copies)
    [hcompact:python3] rows widen 6B -> 12B per relator at 1 states (in place)
    [hcompact:python3] rows widen 6B -> 12B per relator at 1 states (in place)
    [hcompact:python3] rows widen 7B -> 12B per relator at 1 states (in place)
  1300/2100 searches  2327 records  0 solved  44.9 min elapsed  ETA 27.6 min
    [hcompact:python3] reservation exceeded at 2,060,642 states; growing to 4,140,242 (this copies)
    [hcompact:python3] reservation exceeded at 2,060,599 states; growing to 4,140,242 (this copies)
    [hcompact:python3] reservation exceeded at 2,060,610 states; growing to 4,140,242 (this copies)
    [hcompact:python3] rows widen 6B -> 12B per relator at 1 states (in place)
    [hcompact:python3] rows widen 6B -> 12B per relator at 1 states (in place)
    [hcompact:python3] rows widen 8B -> 12B per relator at 1 states (in place)
    [hcompact:python3] reservation exceeded at 2,060,642 states; growing to 4,140,242 (this copies)
    [hcompact:python3] reservation exceeded at 2,060,563 states; growing to 4,140,242 (this copies)
    [hcompact:python3] reservation exceeded at 2,060,719 states; growing to 4,140,242 (this copies)
    [hcompact:python3] rows widen 7B -> 12B per relator at 1 states (in place)
    [hcompact:python3] rows widen 9B -> 12B per relator at 1 states (in place)
    [hcompact:python3] rows widen 10B -> 12B per relator at 1 states (in place)
    [hcompact:python3] reservation exceeded at 2,060,607 states; growing to 4,140,242 (this copies)
    [hcompact:python3] reservation exceeded at 2,060,554 states; growing to 4,140,242 (this copies)
    [hcompact:python3] rows widen 6B -> 12B per relator at 1 states (in place)
    [hcompact:python3] rows widen 6B -> 12B per relator at 1 states (in place)
    [hcompact:python3] reservation exceeded at 2,060,831 states; growing to 4,140,242 (this copies)
    [hcompact:python3] reservation exceeded at 2,060,642 states; growing to 4,140,242 (this copies)
    [hcompact:python3] rows widen 9B -> 12B per relator at 1 states (in place)
    [hcompact:python3] rows widen 7B -> 12B per relator at 1 states (in place)
    [hcompact:python3] rows widen 6B -> 12B per relator at 1 states (in place)
    [hcompact:python3] rows widen 8B -> 12B per relator at 1 states (in place)
    [hcompact:python3] reservation exceeded at 2,060,563 states; growing to 4,140,242 (this copies)
    [hcompact:python3] reservation exceeded at 2,060,682 states; growing to 4,140,242 (this copies)
    [hcompact:python3] reservation exceeded at 2,060,596 states; growing to 4,140,242 (this copies)
    [hcompact:python3] rows widen 8B -> 12B per relator at 1 states (in place)
    [hcompact:python3] rows widen 6B -> 12B per relator at 1 states (in place)
    [hcompact:python3] rows widen 6B -> 12B per relator at 1 states (in place)
    [hcompact:python3] reservation exceeded at 2,060,637 states; growing to 4,140,242 (this copies)
    [hcompact:python3] reservation exceeded at 2,060,528 states; growing to 4,140,242 (this copies)
    [hcompact:python3] reservation exceeded at 2,060,653 states; growing to 4,140,242 (this copies)
    [hcompact:python3] rows widen 11B -> 12B per relator at 1 states (in place)
    [hcompact:python3] rows widen 11B -> 12B per relator at 1 states (in place)
    [hcompact:python3] rows widen 11B -> 12B per relator at 1 states (in place)
    [hcompact:python3] rows widen 11B -> 12B per relator at 1 states (in place)
    [hcompact:python3] rows widen 8B -> 12B per relator at 1 states (in place)
    [hcompact:python3] rows widen 6B -> 12B per relator at 1 states (in place)
    [hcompact:python3] reservation exceeded at 2,060,663 states; growing to 4,140,242 (this copies)
    [hcompact:python3] reservation exceeded at 2,060,600 states; growing to 4,140,242 (this copies)
    [hcompact:python3] reservation exceeded at 2,060,721 states; growing to 4,140,242 (this copies)
    [hcompact:python3] reservation exceeded at 4,130,716 states; growing to 8,280,484 (this copies)
    [hcompact:python3] rows widen 8B -> 12B per relator at 1 states (in place)
    [hcompact:python3] rows widen 6B -> 12B per relator at 1 states (in place)
    [hcompact:python3] reservation exceeded at 4,130,654 states; growing to 8,280,484 (this copies)
    [hcompact:python3] rows widen 6B -> 12B per relator at 1 states (in place)
    [hcompact:python3] reservation exceeded at 2,060,591 states; growing to 4,140,242 (this copies)
    [hcompact:python3] reservation exceeded at 2,060,534 states; growing to 4,140,242 (this copies)
    [hcompact:python3] reservation exceeded at 2,060,650 states; growing to 4,140,242 (this copies)
    [hcompact:python3] rows widen 8B -> 12B per relator at 1 states (in place)
    [hcompact:python3] rows widen 8B -> 12B per relator at 1 states (in place)
    [hcompact:python3] reservation exceeded at 4,130,667 states; growing to 8,280,484 (this copies)
    [hcompact:python3] reservation exceeded at 2,060,621 states; growing to 4,140,242 (this copies)
    [hcompact:python3] rows widen 6B -> 12B per relator at 1 states (in place)
    [hcompact:python3] reservation exceeded at 2,060,557 states; growing to 4,140,242 (this copies)
    [hcompact:python3] rows widen 6B -> 12B per relator at 1 states (in place)
    [hcompact:python3] reservation exceeded at 2,060,639 states; growing to 4,140,242 (this copies)
    [hcompact:python3] rows widen 11B -> 12B per relator at 1 states (in place)
    [hcompact:python3] rows widen 11B -> 12B per relator at 1 states (in place)
    [hcompact:python3] reservation exceeded at 2,060,711 states; growing to 4,140,242 (this copies)
    [hcompact:python3] rows widen 11B -> 12B per relator at 1 states (in place)
    [hcompact:python3] rows widen 11B -> 12B per relator at 1 states (in place)
    [hcompact:python3] reservation exceeded at 4,130,804 states; growing to 8,280,484 (this copies)
    [hcompact:python3] rows widen 8B -> 12B per relator at 1 states (in place)
    [hcompact:python3] rows widen 6B -> 12B per relator at 1 states (in place)
    [hcompact:python3] reservation exceeded at 4,130,726 states; growing to 8,280,484 (this copies)
    [hcompact:python3] rows widen 8B -> 12B per relator at 1 states (in place)
    [hcompact:python3] reservation exceeded at 2,060,666 states; growing to 4,140,242 (this copies)
    [hcompact:python3] reservation exceeded at 2,060,682 states; growing to 4,140,242 (this copies)
    [hcompact:python3] rows widen 6B -> 12B per relator at 1 states (in place)
    [hcompact:python3] reservation exceeded at 2,060,664 states; growing to 4,140,242 (this copies)
    [hcompact:python3] reservation exceeded at 4,130,729 states; growing to 8,280,484 (this copies)
    [hcompact:python3] rows widen 6B -> 12B per relator at 1 states (in place)
    [hcompact:python3] rows widen 8B -> 12B per relator at 1 states (in place)
    [hcompact:python3] reservation exceeded at 2,060,704 states; growing to 4,140,242 (this copies)
    [hcompact:python3] reservation exceeded at 2,060,525 states; growing to 4,140,242 (this copies)
    [hcompact:python3] reservation exceeded at 2,060,555 states; growing to 4,140,242 (this copies)
    [hcompact:python3] reservation exceeded at 4,130,681 states; growing to 8,280,484 (this copies)
    [hcompact:python3] rows widen 8B -> 12B per relator at 1 states (in place)
    [hcompact:python3] rows widen 6B -> 12B per relator at 1 states (in place)
    [hcompact:python3] reservation exceeded at 4,130,868 states; growing to 8,280,484 (this copies)
    [hcompact:python3] rows widen 6B -> 12B per relator at 1 states (in place)
    [hcompact:python3] reservation exceeded at 2,060,637 states; growing to 4,140,242 (this copies)
    [hcompact:python3] reservation exceeded at 2,060,635 states; growing to 4,140,242 (this copies)
    [hcompact:python3] reservation exceeded at 2,060,692 states; growing to 4,140,242 (this copies)
    [hcompact:python3] rows widen 11B -> 12B per relator at 1 states (in place)
    [hcompact:python3] reservation exceeded at 4,130,673 states; growing to 8,280,484 (this copies)
    [hcompact:python3] rows widen 11B -> 12B per relator at 1 states (in place)
    [hcompact:python3] rows widen 11B -> 12B per relator at 1 states (in place)
    [hcompact:python3] reservation exceeded at 4,130,794 states; growing to 8,280,484 (this copies)
    [hcompact:python3] rows widen 11B -> 12B per relator at 1 states (in place)
    [hcompact:python3] rows widen 8B -> 12B per relator at 1 states (in place)
    [hcompact:python3] reservation exceeded at 2,060,588 states; growing to 4,140,242 (this copies)
    [hcompact:python3] reservation exceeded at 2,060,581 states; growing to 4,140,242 (this copies)
    [hcompact:python3] rows widen 6B -> 12B per relator at 1 states (in place)
    [hcompact:python3] rows widen 8B -> 12B per relator at 1 states (in place)
    [hcompact:python3] rows widen 6B -> 12B per relator at 1 states (in place)
    [hcompact:python3] reservation exceeded at 2,060,525 states; growing to 4,140,242 (this copies)
    [hcompact:python3] reservation exceeded at 2,060,675 states; growing to 4,140,242 (this copies)
    [hcompact:python3] reservation exceeded at 2,060,710 states; growing to 4,140,242 (this copies)
    [hcompact:python3] reservation exceeded at 4,130,824 states; growing to 8,280,484 (this copies)
    [hcompact:python3] reservation exceeded at 4,130,785 states; growing to 8,280,484 (this copies)
  1350/2100 searches  2414 records  0 solved  47.1 min elapsed  ETA 26.2 min
    [hcompact:python3] rows widen 6B -> 12B per relator at 1 states (in place)
    [hcompact:python3] rows widen 8B -> 12B per relator at 1 states (in place)
    [hcompact:python3] rows widen 8B -> 12B per relator at 1 states (in place)
    [hcompact:python3] reservation exceeded at 2,060,580 states; growing to 4,140,242 (this copies)
    [hcompact:python3] reservation exceeded at 2,060,621 states; growing to 4,140,242 (this copies)
    [hcompact:python3] reservation exceeded at 2,060,548 states; growing to 4,140,242 (this copies)
    [hcompact:python3] rows widen 6B -> 12B per relator at 1 states (in place)
    [hcompact:python3] reservation exceeded at 4,130,819 states; growing to 8,280,484 (this copies)
    [hcompact:python3] rows widen 6B -> 12B per relator at 1 states (in place)
    [hcompact:python3] rows widen 11B -> 12B per relator at 1 states (in place)
    [hcompact:python3] rows widen 11B -> 12B per relator at 1 states (in place)
    [hcompact:python3] reservation exceeded at 2,060,613 states; growing to 4,140,242 (this copies)
    [hcompact:python3] rows widen 11B -> 12B per relator at 1 states (in place)
    [hcompact:python3] reservation exceeded at 2,060,591 states; growing to 4,140,242 (this copies)
    [hcompact:python3] rows widen 11B -> 12B per relator at 1 states (in place)
    [hcompact:python3] rows widen 8B -> 12B per relator at 1 states (in place)
    [hcompact:python3] reservation exceeded at 4,130,641 states; growing to 8,280,484 (this copies)
    [hcompact:python3] reservation exceeded at 4,130,764 states; growing to 8,280,484 (this copies)
    [hcompact:python3] rows widen 6B -> 12B per relator at 1 states (in place)
    [hcompact:python3] rows widen 8B -> 12B per relator at 1 states (in place)
    [hcompact:python3] reservation exceeded at 2,060,526 states; growing to 4,140,242 (this copies)
    [hcompact:python3] reservation exceeded at 2,060,629 states; growing to 4,140,242 (this copies)
    [hcompact:python3] rows widen 6B -> 12B per relator at 1 states (in place)
    [hcompact:python3] reservation exceeded at 2,060,587 states; growing to 4,140,242 (this copies)
    [hcompact:python3] reservation exceeded at 2,060,657 states; growing to 4,140,242 (this copies)
    [hcompact:python3] reservation exceeded at 4,130,823 states; growing to 8,280,484 (this copies)
    [hcompact:python3] rows widen 6B -> 12B per relator at 1 states (in place)
    [hcompact:python3] rows widen 8B -> 12B per relator at 1 states (in place)
    [hcompact:python3] reservation exceeded at 2,060,538 states; growing to 4,140,242 (this copies)
    [hcompact:python3] reservation exceeded at 4,130,685 states; growing to 8,280,484 (this copies)
    [hcompact:python3] reservation exceeded at 2,060,637 states; growing to 4,140,242 (this copies)
    [hcompact:python3] rows widen 8B -> 12B per relator at 1 states (in place)
    [hcompact:python3] rows widen 6B -> 12B per relator at 1 states (in place)
    [hcompact:python3] rows widen 6B -> 12B per relator at 1 states (in place)
    [hcompact:python3] reservation exceeded at 2,060,598 states; growing to 4,140,242 (this copies)
    [hcompact:python3] rows widen 11B -> 12B per relator at 1 states (in place)
    [hcompact:python3] reservation exceeded at 2,060,645 states; growing to 4,140,242 (this copies)
    [hcompact:python3] reservation exceeded at 2,060,540 states; growing to 4,140,242 (this copies)
    [hcompact:python3] reservation exceeded at 2,060,651 states; growing to 4,140,242 (this copies)
    [hcompact:python3] rows widen 11B -> 12B per relator at 1 states (in place)
    [hcompact:python3] rows widen 11B -> 12B per relator at 1 states (in place)
    [hcompact:python3] rows widen 11B -> 12B per relator at 1 states (in place)
    [hcompact:python3] reservation exceeded at 2,060,533 states; growing to 4,140,242 (this copies)
    [hcompact:python3] reservation exceeded at 2,060,536 states; growing to 4,140,242 (this copies)
    [hcompact:python3] rows widen 8B -> 12B per relator at 1 states (in place)
    [hcompact:python3] reservation exceeded at 2,060,651 states; growing to 4,140,242 (this copies)
    [hcompact:python3] rows widen 6B -> 12B per relator at 1 states (in place)
    [hcompact:python3] rows widen 8B -> 12B per relator at 1 states (in place)
    [hcompact:python3] rows widen 6B -> 12B per relator at 1 states (in place)
    [hcompact:python3] reservation exceeded at 2,060,645 states; growing to 4,140,242 (this copies)
    [hcompact:python3] reservation exceeded at 2,060,540 states; growing to 4,140,242 (this copies)
    [hcompact:python3] reservation exceeded at 2,060,627 states; growing to 4,140,242 (this copies)
    [hcompact:python3] rows widen 6B -> 12B per relator at 1 states (in place)
    [hcompact:python3] rows widen 8B -> 12B per relator at 1 states (in place)
    [hcompact:python3] reservation exceeded at 4,130,805 states; growing to 8,280,484 (this copies)
    [hcompact:python3] rows widen 8B -> 12B per relator at 1 states (in place)
    [hcompact:python3] reservation exceeded at 2,060,768 states; growing to 4,140,242 (this copies)
    [hcompact:python3] reservation exceeded at 2,060,646 states; growing to 4,140,242 (this copies)
    [hcompact:python3] reservation exceeded at 2,060,674 states; growing to 4,140,242 (this copies)
    [hcompact:python3] rows widen 6B -> 12B per relator at 1 states (in place)
    [hcompact:python3] rows widen 6B -> 12B per relator at 1 states (in place)
    [hcompact:python3] rows widen 11B -> 12B per relator at 1 states (in place)
    [hcompact:python3] reservation exceeded at 2,060,768 states; growing to 4,140,242 (this copies)
    [hcompact:python3] reservation exceeded at 2,060,768 states; growing to 4,140,242 (this copies)
    [hcompact:python3] reservation exceeded at 2,060,634 states; growing to 4,140,242 (this copies)
    [hcompact:python3] rows widen 11B -> 12B per relator at 1 states (in place)
    [hcompact:python3] rows widen 11B -> 12B per relator at 1 states (in place)
    [hcompact:python3] rows widen 11B -> 12B per relator at 1 states (in place)
    [hcompact:python3] reservation exceeded at 2,060,567 states; growing to 4,140,242 (this copies)
    [hcompact:python3] reservation exceeded at 2,060,520 states; growing to 4,140,242 (this copies)
    [hcompact:python3] rows widen 8B -> 12B per relator at 1 states (in place)
    [hcompact:python3] rows widen 6B -> 12B per relator at 1 states (in place)
    [hcompact:python3] rows widen 8B -> 12B per relator at 1 states (in place)
    [hcompact:python3] reservation exceeded at 2,060,766 states; growing to 4,140,242 (this copies)
    [hcompact:python3] reservation exceeded at 2,060,768 states; growing to 4,140,242 (this copies)
    [hcompact:python3] rows widen 6B -> 12B per relator at 1 states (in place)
    [hcompact:python3] reservation exceeded at 2,060,768 states; growing to 4,140,242 (this copies)
    [hcompact:python3] rows widen 6B -> 12B per relator at 1 states (in place)
    [hcompact:python3] reservation exceeded at 4,130,821 states; growing to 8,280,484 (this copies)
    [hcompact:python3] rows widen 8B -> 12B per relator at 1 states (in place)
    [hcompact:python3] reservation exceeded at 2,060,534 states; growing to 4,140,242 (this copies)
    [hcompact:python3] rows widen 8B -> 12B per relator at 1 states (in place)
    [hcompact:python3] reservation exceeded at 2,060,520 states; growing to 4,140,242 (this copies)
    [hcompact:python3] rows widen 6B -> 12B per relator at 1 states (in place)
    [hcompact:python3] rows widen 6B -> 12B per relator at 1 states (in place)
    [hcompact:python3] reservation exceeded at 2,060,594 states; growing to 4,140,242 (this copies)
    [hcompact:python3] rows widen 11B -> 12B per relator at 1 states (in place)
    [hcompact:python3] reservation exceeded at 2,060,575 states; growing to 4,140,242 (this copies)
    [hcompact:python3] reservation exceeded at 2,060,651 states; growing to 4,140,242 (this copies)
    [hcompact:python3] rows widen 11B -> 12B per relator at 1 states (in place)
    [hcompact:python3] rows widen 11B -> 12B per relator at 1 states (in place)
    [hcompact:python3] rows widen 11B -> 12B per relator at 1 states (in place)
    [hcompact:python3] rows widen 8B -> 12B per relator at 1 states (in place)
    [hcompact:python3] rows widen 6B -> 12B per relator at 1 states (in place)
  1400/2100 searches  2479 records  0 solved  49.2 min elapsed  ETA 24.6 min
    [hcompact:python3] rows widen 8B -> 12B per relator at 1 states (in place)
    [hcompact:python3] reservation exceeded at 2,060,614 states; growing to 4,140,242 (this copies)
    [hcompact:python3] reservation exceeded at 2,060,537 states; growing to 4,140,242 (this copies)
    [hcompact:python3] reservation exceeded at 2,060,552 states; growing to 4,140,242 (this copies)
    [hcompact:python3] rows widen 6B -> 12B per relator at 1 states (in place)
    [hcompact:python3] rows widen 6B -> 12B per relator at 1 states (in place)
    [hcompact:python3] reservation exceeded at 4,130,670 states; growing to 8,280,484 (this copies)
    [hcompact:python3] rows widen 8B -> 12B per relator at 1 states (in place)
    [hcompact:python3] reservation exceeded at 2,060,741 states; growing to 4,140,242 (this copies)
    [hcompact:python3] reservation exceeded at 2,060,533 states; growing to 4,140,242 (this copies)
    [hcompact:python3] rows widen 8B -> 12B per relator at 1 states (in place)
    [hcompact:python3] reservation exceeded at 2,060,579 states; growing to 4,140,242 (this copies)
    [hcompact:python3] rows widen 6B -> 12B per relator at 1 states (in place)
    [hcompact:python3] rows widen 6B -> 12B per relator at 1 states (in place)
    [hcompact:python3] reservation exceeded at 2,060,622 states; growing to 4,140,242 (this copies)
    [hcompact:python3] reservation exceeded at 2,060,637 states; growing to 4,140,242 (this copies)
    [hcompact:python3] rows widen 11B -> 12B per relator at 1 states (in place)
    [hcompact:python3] reservation exceeded at 2,060,520 states; growing to 4,140,242 (this copies)
    [hcompact:python3] rows widen 11B -> 12B per relator at 1 states (in place)
    [hcompact:python3] reservation exceeded at 2,060,593 states; growing to 4,140,242 (this copies)
    [hcompact:python3] rows widen 11B -> 12B per relator at 1 states (in place)
    [hcompact:python3] reservation exceeded at 2,060,557 states; growing to 4,140,242 (this copies)
    [hcompact:python3] rows widen 11B -> 12B per relator at 1 states (in place)
    [hcompact:python3] rows widen 8B -> 12B per relator at 1 states (in place)
    [hcompact:python3] rows widen 6B -> 12B per relator at 1 states (in place)
    [hcompact:python3] reservation exceeded at 2,060,536 states; growing to 4,140,242 (this copies)
    [hcompact:python3] rows widen 8B -> 12B per relator at 1 states (in place)
    [hcompact:python3] rows widen 6B -> 12B per relator at 1 states (in place)
    [hcompact:python3] reservation exceeded at 2,060,637 states; growing to 4,140,242 (this copies)
    [hcompact:python3] reservation exceeded at 2,060,710 states; growing to 4,140,242 (this copies)
    [hcompact:python3] reservation exceeded at 2,060,625 states; growing to 4,140,242 (this copies)
    [hcompact:python3] rows widen 6B -> 12B per relator at 1 states (in place)
    [hcompact:python3] rows widen 8B -> 12B per relator at 1 states (in place)
    [hcompact:python3] reservation exceeded at 2,060,567 states; growing to 4,140,242 (this copies)
    [hcompact:python3] reservation exceeded at 4,130,755 states; growing to 8,280,484 (this copies)
    [hcompact:python3] reservation exceeded at 2,060,534 states; growing to 4,140,242 (this copies)
    [hcompact:python3] rows widen 8B -> 12B per relator at 1 states (in place)
    [hcompact:python3] rows widen 6B -> 12B per relator at 1 states (in place)
    [hcompact:python3] rows widen 6B -> 12B per relator at 1 states (in place)
    [hcompact:python3] reservation exceeded at 2,060,610 states; growing to 4,140,242 (this copies)
    [hcompact:python3] reservation exceeded at 2,060,635 states; growing to 4,140,242 (this copies)
    [hcompact:python3] rows widen 11B -> 12B per relator at 1 states (in place)
    [hcompact:python3] reservation exceeded at 2,060,624 states; growing to 4,140,242 (this copies)
    [hcompact:python3] rows widen 11B -> 12B per relator at 1 states (in place)
    [hcompact:python3] rows widen 11B -> 12B per relator at 1 states (in place)
    [hcompact:python3] reservation exceeded at 2,060,653 states; growing to 4,140,242 (this copies)
    [hcompact:python3] reservation exceeded at 2,060,615 states; growing to 4,140,242 (this copies)
    [hcompact:python3] rows widen 11B -> 12B per relator at 1 states (in place)
    [hcompact:python3] rows widen 8B -> 12B per relator at 1 states (in place)
    [hcompact:python3] rows widen 6B -> 12B per relator at 1 states (in place)
    [hcompact:python3] reservation exceeded at 2,060,656 states; growing to 4,140,242 (this copies)
    [hcompact:python3] rows widen 8B -> 12B per relator at 1 states (in place)
    [hcompact:python3] rows widen 6B -> 12B per relator at 1 states (in place)
    [hcompact:python3] reservation exceeded at 2,060,569 states; growing to 4,140,242 (this copies)
    [hcompact:python3] reservation exceeded at 2,060,529 states; growing to 4,140,242 (this copies)
    [hcompact:python3] reservation exceeded at 2,060,643 states; growing to 4,140,242 (this copies)
    [hcompact:python3] rows widen 6B -> 12B per relator at 1 states (in place)
    [hcompact:python3] rows widen 8B -> 12B per relator at 1 states (in place)
    [hcompact:python3] rows widen 8B -> 12B per relator at 1 states (in place)
    [hcompact:python3] reservation exceeded at 2,060,563 states; growing to 4,140,242 (this copies)
    [hcompact:python3] reservation exceeded at 2,060,619 states; growing to 4,140,242 (this copies)
    [hcompact:python3] rows widen 6B -> 12B per relator at 1 states (in place)
    [hcompact:python3] reservation exceeded at 2,060,526 states; growing to 4,140,242 (this copies)
    [hcompact:python3] rows widen 6B -> 12B per relator at 1 states (in place)
    [hcompact:python3] rows widen 11B -> 12B per relator at 1 states (in place)
    [hcompact:python3] rows widen 11B -> 12B per relator at 1 states (in place)
    [hcompact:python3] reservation exceeded at 2,060,640 states; growing to 4,140,242 (this copies)
    [hcompact:python3] rows widen 11B -> 12B per relator at 1 states (in place)
    [hcompact:python3] reservation exceeded at 2,060,740 states; growing to 4,140,242 (this copies)
    [hcompact:python3] rows widen 11B -> 12B per relator at 1 states (in place)
    [hcompact:python3] rows widen 8B -> 12B per relator at 1 states (in place)
    [hcompact:python3] rows widen 6B -> 12B per relator at 1 states (in place)
    [hcompact:python3] rows widen 8B -> 12B per relator at 1 states (in place)
    [hcompact:python3] reservation exceeded at 2,060,564 states; growing to 4,140,242 (this copies)
    [hcompact:python3] reservation exceeded at 2,060,553 states; growing to 4,140,242 (this copies)
    [hcompact:python3] reservation exceeded at 2,060,566 states; growing to 4,140,242 (this copies)
    [hcompact:python3] rows widen 6B -> 12B per relator at 1 states (in place)
    [hcompact:python3] reservation exceeded at 4,130,729 states; growing to 8,280,484 (this copies)
    [hcompact:python3] rows widen 6B -> 12B per relator at 1 states (in place)
    [hcompact:python3] rows widen 8B -> 12B per relator at 1 states (in place)
    [hcompact:python3] reservation exceeded at 2,060,660 states; growing to 4,140,242 (this copies)
    [hcompact:python3] reservation exceeded at 2,060,657 states; growing to 4,140,242 (this copies)
    [hcompact:python3] rows widen 8B -> 12B per relator at 1 states (in place)
    [hcompact:python3] reservation exceeded at 2,060,581 states; growing to 4,140,242 (this copies)
    [hcompact:python3] rows widen 6B -> 12B per relator at 1 states (in place)
    [hcompact:python3] rows widen 6B -> 12B per relator at 1 states (in place)
    [hcompact:python3] reservation exceeded at 2,060,526 states; growing to 4,140,242 (this copies)
    [hcompact:python3] reservation exceeded at 2,060,628 states; growing to 4,140,242 (this copies)
    [hcompact:python3] rows widen 11B -> 12B per relator at 1 states (in place)
    [hcompact:python3] reservation exceeded at 2,060,549 states; growing to 4,140,242 (this copies)
    [hcompact:python3] rows widen 11B -> 12B per relator at 1 states (in place)
    [hcompact:python3] reservation exceeded at 2,060,563 states; growing to 4,140,242 (this copies)
    [hcompact:python3] rows widen 11B -> 12B per relator at 1 states (in place)
    [hcompact:python3] reservation exceeded at 2,060,746 states; growing to 4,140,242 (this copies)
    [hcompact:python3] rows widen 11B -> 12B per relator at 1 states (in place)
  1450/2100 searches  2529 records  0 solved  51.3 min elapsed  ETA 23.0 min
    [hcompact:python3] rows widen 8B -> 12B per relator at 1 states (in place)
    [hcompact:python3] rows widen 6B -> 12B per relator at 1 states (in place)
    [hcompact:python3] reservation exceeded at 2,060,598 states; growing to 4,140,242 (this copies)
    [hcompact:python3] rows widen 8B -> 12B per relator at 1 states (in place)
    [hcompact:python3] reservation exceeded at 2,060,616 states; growing to 4,140,242 (this copies)
    [hcompact:python3] reservation exceeded at 2,060,617 states; growing to 4,140,242 (this copies)
    [hcompact:python3] rows widen 6B -> 12B per relator at 1 states (in place)
    [hcompact:python3] reservation exceeded at 2,060,613 states; growing to 4,140,242 (this copies)
    [hcompact:python3] rows widen 6B -> 12B per relator at 1 states (in place)
    [hcompact:python3] reservation exceeded at 2,060,549 states; growing to 4,140,242 (this copies)
    [hcompact:python3] rows widen 8B -> 12B per relator at 1 states (in place)
    [hcompact:python3] reservation exceeded at 2,060,555 states; growing to 4,140,242 (this copies)
    [hcompact:python3] reservation exceeded at 4,130,761 states; growing to 8,280,484 (this copies)
    [hcompact:python3] rows widen 8B -> 12B per relator at 1 states (in place)
    [hcompact:python3] rows widen 6B -> 12B per relator at 1 states (in place)
    [hcompact:python3] reservation exceeded at 2,060,547 states; growing to 4,140,242 (this copies)
    [hcompact:python3] reservation exceeded at 2,060,537 states; growing to 4,140,242 (this copies)
    [hcompact:python3] reservation exceeded at 2,060,555 states; growing to 4,140,242 (this copies)
    [hcompact:python3] rows widen 6B -> 12B per relator at 1 states (in place)
    [hcompact:python3] rows widen 11B -> 12B per relator at 1 states (in place)
    [hcompact:python3] rows widen 11B -> 12B per relator at 1 states (in place)
    [hcompact:python3] reservation exceeded at 2,060,606 states; growing to 4,140,242 (this copies)
    [hcompact:python3] reservation exceeded at 2,060,629 states; growing to 4,140,242 (this copies)
    [hcompact:python3] rows widen 11B -> 12B per relator at 1 states (in place)
    [hcompact:python3] reservation exceeded at 2,060,627 states; growing to 4,140,242 (this copies)
    [hcompact:python3] rows widen 11B -> 12B per relator at 1 states (in place)
    [hcompact:python3] rows widen 8B -> 12B per relator at 1 states (in place)
    [hcompact:python3] rows widen 6B -> 12B per relator at 1 states (in place)
    [hcompact:python3] rows widen 8B -> 12B per relator at 1 states (in place)
    [hcompact:python3] reservation exceeded at 2,060,553 states; growing to 4,140,242 (this copies)
    [hcompact:python3] reservation exceeded at 2,060,555 states; growing to 4,140,242 (this copies)
    [hcompact:python3] rows widen 6B -> 12B per relator at 1 states (in place)
    [hcompact:python3] reservation exceeded at 2,060,518 states; growing to 4,140,242 (this copies)
    [hcompact:python3] rows widen 6B -> 12B per relator at 1 states (in place)
    [hcompact:python3] rows widen 8B -> 12B per relator at 1 states (in place)
    [hcompact:python3] reservation exceeded at 2,060,606 states; growing to 4,140,242 (this copies)
    [hcompact:python3] reservation exceeded at 2,060,674 states; growing to 4,140,242 (this copies)
    [hcompact:python3] rows widen 8B -> 12B per relator at 1 states (in place)
    [hcompact:python3] reservation exceeded at 2,060,580 states; growing to 4,140,242 (this copies)
    [hcompact:python3] rows widen 6B -> 12B per relator at 1 states (in place)
    [hcompact:python3] rows widen 6B -> 12B per relator at 1 states (in place)
    [hcompact:python3] reservation exceeded at 2,060,518 states; growing to 4,140,242 (this copies)
    [hcompact:python3] rows widen 11B -> 12B per relator at 1 states (in place)
    [hcompact:python3] reservation exceeded at 2,060,583 states; growing to 4,140,242 (this copies)
    [hcompact:python3] rows widen 11B -> 12B per relator at 1 states (in place)
    [hcompact:python3] reservation exceeded at 2,060,674 states; growing to 4,140,242 (this copies)
    [hcompact:python3] rows widen 11B -> 12B per relator at 1 states (in place)
    [hcompact:python3] rows widen 11B -> 12B per relator at 1 states (in place)
    [hcompact:python3] rows widen 8B -> 12B per relator at 1 states (in place)
    [hcompact:python3] rows widen 6B -> 12B per relator at 1 states (in place)
    [hcompact:python3] rows widen 8B -> 12B per relator at 1 states (in place)
    [hcompact:python3] reservation exceeded at 2,060,641 states; growing to 4,140,242 (this copies)
    [hcompact:python3] reservation exceeded at 2,060,519 states; growing to 4,140,242 (this copies)
    [hcompact:python3] reservation exceeded at 2,060,565 states; growing to 4,140,242 (this copies)
    [hcompact:python3] rows widen 6B -> 12B per relator at 1 states (in place)
    [hcompact:python3] rows widen 6B -> 12B per relator at 1 states (in place)
    [hcompact:python3] reservation exceeded at 4,130,726 states; growing to 8,280,484 (this copies)
    [hcompact:python3] rows widen 8B -> 12B per relator at 1 states (in place)
    [hcompact:python3] reservation exceeded at 2,060,674 states; growing to 4,140,242 (this copies)
    [hcompact:python3] reservation exceeded at 2,060,640 states; growing to 4,140,242 (this copies)
    [hcompact:python3] reservation exceeded at 2,060,520 states; growing to 4,140,242 (this copies)
    [hcompact:python3] rows widen 8B -> 12B per relator at 1 states (in place)
    [hcompact:python3] rows widen 6B -> 12B per relator at 1 states (in place)
    [hcompact:python3] rows widen 6B -> 12B per relator at 1 states (in place)
    [hcompact:python3] reservation exceeded at 2,060,651 states; growing to 4,140,242 (this copies)
    [hcompact:python3] reservation exceeded at 2,060,594 states; growing to 4,140,242 (this copies)
    [hcompact:python3] reservation exceeded at 2,060,640 states; growing to 4,140,242 (this copies)
    [hcompact:python3] rows widen 11B -> 12B per relator at 1 states (in place)
    [hcompact:python3] rows widen 11B -> 12B per relator at 1 states (in place)
    [hcompact:python3] rows widen 11B -> 12B per relator at 1 states (in place)
    [hcompact:python3] rows widen 11B -> 12B per relator at 1 states (in place)
    [hcompact:python3] rows widen 8B -> 12B per relator at 1 states (in place)
    [hcompact:python3] rows widen 6B -> 12B per relator at 1 states (in place)
    [hcompact:python3] rows widen 8B -> 12B per relator at 1 states (in place)
    [hcompact:python3] reservation exceeded at 2,060,634 states; growing to 4,140,242 (this copies)
    [hcompact:python3] reservation exceeded at 2,060,651 states; growing to 4,140,242 (this copies)
    [hcompact:python3] reservation exceeded at 2,060,555 states; growing to 4,140,242 (this copies)
    [hcompact:python3] rows widen 6B -> 12B per relator at 1 states (in place)
    [hcompact:python3] reservation exceeded at 4,130,686 states; growing to 8,280,484 (this copies)
    [hcompact:python3] rows widen 6B -> 12B per relator at 919,493 states (in place)
    [hcompact:python3] rows widen 6B -> 12B per relator at 920,442 states (in place)
    [hcompact:python3] reservation exceeded at 2,060,640 states; growing to 4,140,242 (this copies)
    [hcompact:python3] rows widen 6B -> 12B per relator at 917,972 states (in place)
    [hcompact:python3] rows widen 6B -> 12B per relator at 921,785 states (in place)
    [hcompact:python3] rows widen 6B -> 12B per relator at 918,258 states (in place)
    [hcompact:python3] rows widen 6B -> 12B per relator at 919,931 states (in place)
  1500/2100 searches  2585 records  0 solved  53.1 min elapsed  ETA 21.2 min
    [hcompact:python3] rows widen 6B -> 12B per relator at 922,839 states (in place)
    [hcompact:python3] rows widen 6B -> 12B per relator at 918,312 states (in place)
    [hcompact:python3] rows widen 6B -> 12B per relator at 367,052 states (in place)
    [hcompact:python3] rows widen 6B -> 12B per relator at 923,429 states (in place)
    [hcompact:python3] rows widen 6B -> 12B per relator at 921,427 states (in place)
    [hcompact:python3] rows widen 6B -> 12B per relator at 367,052 states (in place)
    [hcompact:python3] rows widen 6B -> 12B per relator at 218,805 states (in place)
    [hcompact:python3] rows widen 6B -> 12B per relator at 918,592 states (in place)
    [hcompact:python3] rows widen 6B -> 12B per relator at 221,276 states (in place)
    [hcompact:python3] rows widen 6B -> 12B per relator at 214,192 states (in place)
    [hcompact:python3] rows widen 6B -> 12B per relator at 10,594 states (in place)
    [hcompact:python3] rows widen 6B -> 12B per relator at 218,343 states (in place)
    [hcompact:python3] rows widen 6B -> 12B per relator at 221,276 states (in place)
    [hcompact:python3] rows widen 6B -> 12B per relator at 13,218 states (in place)
    [hcompact:python3] rows widen 6B -> 12B per relator at 206,372 states (in place)
    [hcompact:python3] rows widen 6B -> 12B per relator at 234,198 states (in place)
    [hcompact:python3] rows widen 6B -> 12B per relator at 63 states (in place)
    [hcompact:python3] rows widen 6B -> 12B per relator at 4,837 states (in place)
    [hcompact:python3] rows widen 6B -> 12B per relator at 220,927 states (in place)
    [hcompact:python3] rows widen 6B -> 12B per relator at 10,594 states (in place)
    [hcompact:python3] rows widen 6B -> 12B per relator at 999,324 states (in place)
    [hcompact:python3] rows widen 6B -> 12B per relator at 999,212 states (in place)
    [hcompact:python3] rows widen 6B -> 12B per relator at 999,212 states (in place)
    [hcompact:python3] rows widen 6B -> 12B per relator at 999,212 states (in place)
    [hcompact:python3] rows widen 6B -> 12B per relator at 1,014,096 states (in place)
    [hcompact:python3] rows widen 6B -> 12B per relator at 999,212 states (in place)
    [hcompact:python3] rows widen 6B -> 12B per relator at 108,549 states (in place)
    [hcompact:python3] rows widen 6B -> 12B per relator at 5,090 states (in place)
    [hcompact:python3] rows widen 6B -> 12B per relator at 1,005,881 states (in place)
    [hcompact:python3] rows widen 6B -> 12B per relator at 6,837 states (in place)
    [hcompact:python3] rows widen 6B -> 12B per relator at 108,736 states (in place)
    [hcompact:python3] rows widen 6B -> 12B per relator at 108,162 states (in place)
    [hcompact:python3] rows widen 6B -> 12B per relator at 3,999 states (in place)
    [hcompact:python3] rows widen 6B -> 12B per relator at 4,446 states (in place)
    [hcompact:python3] rows widen 6B -> 12B per relator at 1,932 states (in place)
    [hcompact:python3] rows widen 6B -> 12B per relator at 1 states (in place)
    [hcompact:python3] rows widen 6B -> 12B per relator at 13,551 states (in place)
    [hcompact:python3] rows widen 6B -> 12B per relator at 108,809 states (in place)
    [hcompact:python3] rows widen 6B -> 12B per relator at 1 states (in place)
    [hcompact:python3] rows widen 6B -> 12B per relator at 4,961 states (in place)
    [hcompact:python3] rows widen 6B -> 12B per relator at 107,842 states (in place)
    [hcompact:python3] rows widen 6B -> 12B per relator at 4,821 states (in place)
    [hcompact:python3] rows widen 6B -> 12B per relator at 2,960 states (in place)
    [hcompact:python3] rows widen 6B -> 12B per relator at 4,984 states (in place)
    [hcompact:python3] rows widen 6B -> 12B per relator at 4,138 states (in place)
    [hcompact:python3] rows widen 6B -> 12B per relator at 328 states (in place)
    [hcompact:python3] rows widen 6B -> 12B per relator at 1 states (in place)
    [hcompact:python3] rows widen 6B -> 12B per relator at 1 states (in place)
    [hcompact:python3] rows widen 6B -> 12B per relator at 1 states (in place)
    [hcompact:python3] rows widen 6B -> 12B per relator at 2,729 states (in place)
    [hcompact:python3] reservation exceeded at 2,060,520 states; growing to 4,140,242 (this copies)
    [hcompact:python3] rows widen 6B -> 12B per relator at 3,154 states (in place)
  1550/2100 searches  2684 records  0 solved  53.7 min elapsed  ETA 19.1 min
    [hcompact:python3] rows widen 6B -> 12B per relator at 1 states (in place)
    [hcompact:python3] rows widen 6B -> 12B per relator at 626 states (in place)
    [hcompact:python3] rows widen 6B -> 12B per relator at 10,189 states (in place)
    [hcompact:python3] rows widen 6B -> 12B per relator at 3,406 states (in place)
    [hcompact:python3] rows widen 6B -> 12B per relator at 7,454 states (in place)
    [hcompact:python3] rows widen 6B -> 12B per relator at 2,672 states (in place)
    [hcompact:python3] rows widen 6B -> 12B per relator at 7,258 states (in place)
    [hcompact:python3] rows widen 6B -> 12B per relator at 1 states (in place)
    [hcompact:python3] rows widen 6B -> 12B per relator at 1 states (in place)
    [hcompact:python3] rows widen 6B -> 12B per relator at 1 states (in place)
    [hcompact:python3] rows widen 6B -> 12B per relator at 1 states (in place)
    [hcompact:python3] reservation exceeded at 2,060,604 states; growing to 4,140,242 (this copies)
    [hcompact:python3] rows widen 6B -> 12B per relator at 1 states (in place)
    [hcompact:python3] rows widen 6B -> 12B per relator at 2,672 states (in place)
    [hcompact:python3] rows widen 6B -> 12B per relator at 1 states (in place)
    [hcompact:python3] rows widen 6B -> 12B per relator at 7,258 states (in place)
    [hcompact:python3] rows widen 6B -> 12B per relator at 8,320 states (in place)
    [hcompact:python3] rows widen 6B -> 12B per relator at 4,234 states (in place)
    [hcompact:python3] rows widen 6B -> 12B per relator at 3,325 states (in place)
    [hcompact:python3] rows widen 6B -> 12B per relator at 3,403 states (in place)
    [hcompact:python3] rows widen 6B -> 12B per relator at 4,581 states (in place)
    [hcompact:python3] rows widen 6B -> 12B per relator at 1 states (in place)
    [hcompact:python3] rows widen 6B -> 12B per relator at 1 states (in place)
    [hcompact:python3] rows widen 6B -> 12B per relator at 1 states (in place)
    [hcompact:python3] rows widen 6B -> 12B per relator at 1 states (in place)
    [hcompact:python3] rows widen 6B -> 12B per relator at 1 states (in place)
    [hcompact:python3] rows widen 6B -> 12B per relator at 3,403 states (in place)
    [hcompact:python3] rows widen 6B -> 12B per relator at 1 states (in place)
    [hcompact:python3] rows widen 6B -> 12B per relator at 4,581 states (in place)
    [hcompact:python3] rows widen 6B -> 12B per relator at 49 states (in place)
    [hcompact:python3] rows widen 6B -> 12B per relator at 1 states (in place)
    [hcompact:python3] rows widen 6B -> 12B per relator at 1 states (in place)
    [hcompact:python3] reservation exceeded at 2,060,538 states; growing to 4,140,242 (this copies)
    [hcompact:python3] reservation exceeded at 2,060,572 states; growing to 4,140,242 (this copies)
    [hcompact:python3] reservation exceeded at 2,060,563 states; growing to 4,140,242 (this copies)
    [hcompact:python3] rows widen 6B -> 12B per relator at 91 states (in place)
    [hcompact:python3] rows widen 6B -> 12B per relator at 91 states (in place)
    [hcompact:python3] rows widen 7B -> 12B per relator at 1 states (in place)
    [hcompact:python3] reservation exceeded at 2,060,648 states; growing to 4,140,242 (this copies)
    [hcompact:python3] reservation exceeded at 2,060,642 states; growing to 4,140,242 (this copies)
    [hcompact:python3] reservation exceeded at 2,060,607 states; growing to 4,140,242 (this copies)
    [hcompact:python3] rows widen 7B -> 12B per relator at 1 states (in place)
    [hcompact:python3] rows widen 7B -> 12B per relator at 1 states (in place)
    [hcompact:python3] rows widen 7B -> 12B per relator at 1 states (in place)
    [hcompact:python3] reservation exceeded at 2,060,582 states; growing to 4,140,242 (this copies)
    [hcompact:python3] reservation exceeded at 2,060,547 states; growing to 4,140,242 (this copies)
    [hcompact:python3] reservation exceeded at 2,060,566 states; growing to 4,140,242 (this copies)
    [hcompact:python3] rows widen 6B -> 12B per relator at 1 states (in place)
    [hcompact:python3] rows widen 6B -> 12B per relator at 103 states (in place)
    [hcompact:python3] rows widen 6B -> 12B per relator at 1 states (in place)
    [hcompact:python3] reservation exceeded at 2,060,615 states; growing to 4,140,242 (this copies)
    [hcompact:python3] reservation exceeded at 2,060,653 states; growing to 4,140,242 (this copies)
    [hcompact:python3] reservation exceeded at 2,060,617 states; growing to 4,140,242 (this copies)
    [hcompact:python3] rows widen 6B -> 12B per relator at 103 states (in place)
    [hcompact:python3] rows widen 6B -> 12B per relator at 57 states (in place)
    [hcompact:python3] rows widen 6B -> 12B per relator at 1 states (in place)
    [hcompact:python3] reservation exceeded at 2,060,642 states; growing to 4,140,242 (this copies)
    [hcompact:python3] reservation exceeded at 2,060,584 states; growing to 4,140,242 (this copies)
    [hcompact:python3] reservation exceeded at 2,060,564 states; growing to 4,140,242 (this copies)
    [hcompact:python3] rows widen 6B -> 12B per relator at 1 states (in place)
    [hcompact:python3] rows widen 6B -> 12B per relator at 111 states (in place)
    [hcompact:python3] rows widen 6B -> 12B per relator at 111 states (in place)
    [hcompact:python3] reservation exceeded at 2,060,638 states; growing to 4,140,242 (this copies)
    [hcompact:python3] reservation exceeded at 2,060,621 states; growing to 4,140,242 (this copies)
    [hcompact:python3] rows widen 8B -> 12B per relator at 1 states (in place)
    [hcompact:python3] reservation exceeded at 2,060,640 states; growing to 4,140,242 (this copies)
    [hcompact:python3] rows widen 8B -> 12B per relator at 1 states (in place)
    [hcompact:python3] rows widen 8B -> 12B per relator at 1 states (in place)
    [hcompact:python3] reservation exceeded at 2,060,536 states; growing to 4,140,242 (this copies)
    [hcompact:python3] reservation exceeded at 2,060,611 states; growing to 4,140,242 (this copies)
    [hcompact:python3] rows widen 8B -> 12B per relator at 1 states (in place)
    [hcompact:python3] reservation exceeded at 2,060,591 states; growing to 4,140,242 (this copies)
    [hcompact:python3] rows widen 6B -> 12B per relator at 1 states (in place)
  1600/2100 searches  2738 records  0 solved  54.8 min elapsed  ETA 17.1 min
    [hcompact:python3] rows widen 6B -> 12B per relator at 1 states (in place)
    [hcompact:python3] reservation exceeded at 2,060,539 states; growing to 4,140,242 (this copies)
    [hcompact:python3] reservation exceeded at 2,060,546 states; growing to 4,140,242 (this copies)
    [hcompact:python3] rows widen 6B -> 12B per relator at 1 states (in place)
    [hcompact:python3] reservation exceeded at 2,060,569 states; growing to 4,140,242 (this copies)
    [hcompact:python3] rows widen 6B -> 12B per relator at 1 states (in place)
    [hcompact:python3] rows widen 6B -> 12B per relator at 1,466 states (in place)
    [hcompact:python3] reservation exceeded at 2,060,550 states; growing to 4,140,242 (this copies)
    [hcompact:python3] reservation exceeded at 2,060,640 states; growing to 4,140,242 (this copies)
    [hcompact:python3] rows widen 6B -> 12B per relator at 358 states (in place)
    [hcompact:python3] reservation exceeded at 2,060,533 states; growing to 4,140,242 (this copies)
    [hcompact:python3] rows widen 6B -> 12B per relator at 1,402 states (in place)
    [hcompact:python3] rows widen 6B -> 12B per relator at 1 states (in place)
    [hcompact:python3] rows widen 6B -> 12B per relator at 1 states (in place)
    [hcompact:python3] reservation exceeded at 2,060,631 states; growing to 4,140,242 (this copies)
    [hcompact:python3] reservation exceeded at 2,060,540 states; growing to 4,140,242 (this copies)
    [hcompact:python3] rows widen 6B -> 12B per relator at 409 states (in place)
    [hcompact:python3] rows widen 6B -> 12B per relator at 1 states (in place)
    [hcompact:python3] reservation exceeded at 2,060,738 states; growing to 4,140,242 (this copies)
    [hcompact:python3] rows widen 6B -> 12B per relator at 1,379 states (in place)
    [hcompact:python3] reservation exceeded at 2,060,582 states; growing to 4,140,242 (this copies)
    [hcompact:python3] reservation exceeded at 2,060,626 states; growing to 4,140,242 (this copies)
    [hcompact:python3] rows widen 6B -> 12B per relator at 1 states (in place)
    [hcompact:python3] rows widen 6B -> 12B per relator at 1 states (in place)
    [hcompact:python3] reservation exceeded at 2,060,613 states; growing to 4,140,242 (this copies)
    [hcompact:python3] rows widen 6B -> 12B per relator at 1 states (in place)
    [hcompact:python3] reservation exceeded at 2,060,740 states; growing to 4,140,242 (this copies)
    [hcompact:python3] reservation exceeded at 2,060,558 states; growing to 4,140,242 (this copies)
    [hcompact:python3] rows widen 6B -> 12B per relator at 1 states (in place)
    [hcompact:python3] reservation exceeded at 2,060,562 states; growing to 4,140,242 (this copies)
    [hcompact:python3] rows widen 6B -> 12B per relator at 1 states (in place)
    [hcompact:python3] reservation exceeded at 2,060,669 states; growing to 4,140,242 (this copies)
    [hcompact:python3] rows widen 6B -> 12B per relator at 585 states (in place)
    [hcompact:python3] reservation exceeded at 2,060,614 states; growing to 4,140,242 (this copies)
    [hcompact:python3] reservation exceeded at 2,060,570 states; growing to 4,140,242 (this copies)
    [hcompact:python3] rows widen 6B -> 12B per relator at 1,241 states (in place)
    [hcompact:python3] reservation exceeded at 4,130,761 states; growing to 8,280,484 (this copies)
    [hcompact:python3] reservation exceeded at 4,130,718 states; growing to 8,280,484 (this copies)
    [hcompact:python3] rows widen 6B -> 12B per relator at 1,840 states (in place)
    [hcompact:python3] reservation exceeded at 2,060,576 states; growing to 4,140,242 (this copies)
    [hcompact:python3] rows widen 6B -> 12B per relator at 1 states (in place)
    [hcompact:python3] rows widen 6B -> 12B per relator at 1 states (in place)
    [hcompact:python3] reservation exceeded at 2,060,569 states; growing to 4,140,242 (this copies)
    [hcompact:python3] rows widen 6B -> 12B per relator at 606 states (in place)
    [hcompact:python3] reservation exceeded at 2,060,583 states; growing to 4,140,242 (this copies)
    [hcompact:python3] reservation exceeded at 2,060,590 states; growing to 4,140,242 (this copies)
    [hcompact:python3] reservation exceeded at 2,060,611 states; growing to 4,140,242 (this copies)
    [hcompact:python3] rows widen 6B -> 12B per relator at 1 states (in place)
    [hcompact:python3] rows widen 6B -> 12B per relator at 2,023 states (in place)
    [hcompact:python3] rows widen 6B -> 12B per relator at 1 states (in place)
    [hcompact:python3] reservation exceeded at 2,060,661 states; growing to 4,140,242 (this copies)
    [hcompact:python3] reservation exceeded at 2,060,661 states; growing to 4,140,242 (this copies)
    [hcompact:python3] reservation exceeded at 2,060,531 states; growing to 4,140,242 (this copies)
    [hcompact:python3] rows widen 6B -> 12B per relator at 1 states (in place)
    [hcompact:python3] rows widen 6B -> 12B per relator at 1 states (in place)
    [hcompact:python3] rows widen 6B -> 12B per relator at 1 states (in place)
    [hcompact:python3] reservation exceeded at 2,060,692 states; growing to 4,140,242 (this copies)
    [hcompact:python3] reservation exceeded at 2,060,633 states; growing to 4,140,242 (this copies)
    [hcompact:python3] reservation exceeded at 2,060,616 states; growing to 4,140,242 (this copies)
    [hcompact:python3] reservation exceeded at 4,130,751 states; growing to 8,280,484 (this copies)
    [hcompact:python3] rows widen 6B -> 12B per relator at 1 states (in place)
    [hcompact:python3] reservation exceeded at 4,130,757 states; growing to 8,280,484 (this copies)
    [hcompact:python3] rows widen 6B -> 12B per relator at 1,878 states (in place)
    [hcompact:python3] reservation exceeded at 2,060,676 states; growing to 4,140,242 (this copies)
    [hcompact:python3] rows widen 6B -> 12B per relator at 2,266 states (in place)
    [hcompact:python3] rows widen 6B -> 12B per relator at 916 states (in place)
    [hcompact:python3] rows widen 6B -> 12B per relator at 1,171 states (in place)
    [hcompact:python3] reservation exceeded at 2,060,608 states; growing to 4,140,242 (this copies)
    [hcompact:python3] rows widen 6B -> 12B per relator at 1,291 states (in place)
    [hcompact:python3] rows widen 6B -> 12B per relator at 389 states (in place)
    [hcompact:python3] rows widen 6B -> 12B per relator at 1 states (in place)
    [hcompact:python3] reservation exceeded at 2,060,575 states; growing to 4,140,242 (this copies)
    [hcompact:python3] rows widen 6B -> 12B per relator at 1 states (in place)
    [hcompact:python3] rows widen 6B -> 12B per relator at 1 states (in place)
    [hcompact:python3] rows widen 6B -> 12B per relator at 929 states (in place)
    [hcompact:python3] reservation exceeded at 2,060,653 states; growing to 4,140,242 (this copies)
    [hcompact:python3] reservation exceeded at 2,060,601 states; growing to 4,140,242 (this copies)
    [hcompact:python3] reservation exceeded at 2,060,626 states; growing to 4,140,242 (this copies)
    [hcompact:python3] rows widen 6B -> 12B per relator at 1,298 states (in place)
    [hcompact:python3] rows widen 6B -> 12B per relator at 1 states (in place)
    [hcompact:python3] rows widen 6B -> 12B per relator at 79 states (in place)
    [hcompact:python3] reservation exceeded at 2,060,520 states; growing to 4,140,242 (this copies)
    [hcompact:python3] reservation exceeded at 2,060,546 states; growing to 4,140,242 (this copies)
    [hcompact:python3] rows widen 6B -> 12B per relator at 8,951 states (in place)
    [hcompact:python3] reservation exceeded at 2,060,697 states; growing to 4,140,242 (this copies)
    [hcompact:python3] rows widen 6B -> 12B per relator at 7,096 states (in place)
    [hcompact:python3] rows widen 6B -> 12B per relator at 2,669 states (in place)
    [hcompact:python3] rows widen 6B -> 12B per relator at 7,271 states (in place)
    [hcompact:python3] rows widen 6B -> 12B per relator at 4,053 states (in place)
    [hcompact:python3] rows widen 6B -> 12B per relator at 1 states (in place)
    [hcompact:python3] rows widen 6B -> 12B per relator at 1 states (in place)
    [hcompact:python3] reservation exceeded at 2,060,650 states; growing to 4,140,242 (this copies)
  1650/2100 searches  2788 records  0 solved  56.5 min elapsed  ETA 15.4 min
    [hcompact:python3] rows widen 6B -> 12B per relator at 1 states (in place)
    [hcompact:python3] rows widen 6B -> 12B per relator at 1 states (in place)
    [hcompact:python3] rows widen 6B -> 12B per relator at 1,049 states (in place)
    [hcompact:python3] rows widen 6B -> 12B per relator at 2,387 states (in place)
    [hcompact:python3] reservation exceeded at 2,060,641 states; growing to 4,140,242 (this copies)
    [hcompact:python3] reservation exceeded at 2,060,743 states; growing to 4,140,242 (this copies)
    [hcompact:python3] rows widen 6B -> 12B per relator at 757 states (in place)
    [hcompact:python3] reservation exceeded at 2,060,658 states; growing to 4,140,242 (this copies)
    [hcompact:python3] rows widen 6B -> 12B per relator at 1,902 states (in place)
    [hcompact:python3] rows widen 6B -> 12B per relator at 387 states (in place)
    [hcompact:python3] reservation exceeded at 2,060,568 states; growing to 4,140,242 (this copies)
    [hcompact:python3] rows widen 6B -> 12B per relator at 1,124 states (in place)
    [hcompact:python3] reservation exceeded at 2,060,592 states; growing to 4,140,242 (this copies)
    [hcompact:python3] rows widen 6B -> 12B per relator at 561 states (in place)
    [hcompact:python3] rows widen 6B -> 12B per relator at 502 states (in place)
    [hcompact:python3] reservation exceeded at 2,060,635 states; growing to 4,140,242 (this copies)
    [hcompact:python3] rows widen 6B -> 12B per relator at 133 states (in place)
    [hcompact:python3] reservation exceeded at 2,060,533 states; growing to 4,140,242 (this copies)
    [hcompact:python3] reservation exceeded at 2,060,588 states; growing to 4,140,242 (this copies)
    [hcompact:python3] rows widen 6B -> 12B per relator at 481 states (in place)
    [hcompact:python3] rows widen 6B -> 12B per relator at 238 states (in place)
    [hcompact:python3] reservation exceeded at 2,060,583 states; growing to 4,140,242 (this copies)
    [hcompact:python3] reservation exceeded at 2,060,550 states; growing to 4,140,242 (this copies)
    [hcompact:python3] rows widen 6B -> 12B per relator at 87 states (in place)
    [hcompact:python3] reservation exceeded at 2,060,652 states; growing to 4,140,242 (this copies)
    [hcompact:python3] rows widen 6B -> 12B per relator at 1 states (in place)
    [hcompact:python3] reservation exceeded at 2,060,519 states; growing to 4,140,242 (this copies)
    [hcompact:python3] rows widen 6B -> 12B per relator at 75 states (in place)
    [hcompact:python3] reservation exceeded at 2,060,613 states; growing to 4,140,242 (this copies)
    [hcompact:python3] rows widen 6B -> 12B per relator at 75 states (in place)
    [hcompact:python3] reservation exceeded at 2,060,616 states; growing to 4,140,242 (this copies)
    [hcompact:python3] rows widen 6B -> 12B per relator at 1 states (in place)
    [hcompact:python3] reservation exceeded at 2,060,696 states; growing to 4,140,242 (this copies)
    [hcompact:python3] rows widen 6B -> 12B per relator at 91 states (in place)
    [hcompact:python3] rows widen 6B -> 12B per relator at 256 states (in place)
    [hcompact:python3] reservation exceeded at 2,060,650 states; growing to 4,140,242 (this copies)
    [hcompact:python3] reservation exceeded at 2,060,582 states; growing to 4,140,242 (this copies)
    [hcompact:python3] rows widen 6B -> 12B per relator at 67 states (in place)
    [hcompact:python3] rows widen 6B -> 12B per relator at 782 states (in place)
    [hcompact:python3] rows widen 6B -> 12B per relator at 412 states (in place)
    [hcompact:python3] reservation exceeded at 2,060,607 states; growing to 4,140,242 (this copies)
    [hcompact:python3] rows widen 6B -> 12B per relator at 565 states (in place)
    [hcompact:python3] reservation exceeded at 2,060,592 states; growing to 4,140,242 (this copies)
    [hcompact:python3] rows widen 6B -> 12B per relator at 81 states (in place)
    [hcompact:python3] reservation exceeded at 2,060,559 states; growing to 4,140,242 (this copies)
    [hcompact:python3] rows widen 6B -> 12B per relator at 83 states (in place)
    [hcompact:python3] reservation exceeded at 2,060,640 states; growing to 4,140,242 (this copies)
    [hcompact:python3] rows widen 6B -> 12B per relator at 93 states (in place)
    [hcompact:python3] reservation exceeded at 2,060,613 states; growing to 4,140,242 (this copies)
    [hcompact:python3] reservation exceeded at 2,060,582 states; growing to 4,140,242 (this copies)
    [hcompact:python3] rows widen 6B -> 12B per relator at 1 states (in place)
    [hcompact:python3] reservation exceeded at 2,060,554 states; growing to 4,140,242 (this copies)
    [hcompact:python3] rows widen 6B -> 12B per relator at 79 states (in place)
    [hcompact:python3] reservation exceeded at 2,060,556 states; growing to 4,140,242 (this copies)
    [hcompact:python3] rows widen 6B -> 12B per relator at 333 states (in place)
    [hcompact:python3] reservation exceeded at 2,060,682 states; growing to 4,140,242 (this copies)
    [hcompact:python3] reservation exceeded at 2,060,622 states; growing to 4,140,242 (this copies)
    [hcompact:python3] rows widen 6B -> 12B per relator at 1 states (in place)
    [hcompact:python3] rows widen 6B -> 12B per relator at 87 states (in place)
    [hcompact:python3] rows widen 6B -> 12B per relator at 706 states (in place)
    [hcompact:python3] reservation exceeded at 2,060,646 states; growing to 4,140,242 (this copies)
    [hcompact:python3] reservation exceeded at 2,060,622 states; growing to 4,140,242 (this copies)
    [hcompact:python3] reservation exceeded at 2,060,542 states; growing to 4,140,242 (this copies)
    [hcompact:python3] rows widen 6B -> 12B per relator at 131 states (in place)
    [hcompact:python3] rows widen 6B -> 12B per relator at 448 states (in place)
    [hcompact:python3] rows widen 6B -> 12B per relator at 275 states (in place)
    [hcompact:python3] reservation exceeded at 2,060,651 states; growing to 4,140,242 (this copies)
    [hcompact:python3] rows widen 6B -> 12B per relator at 359 states (in place)
    [hcompact:python3] reservation exceeded at 2,060,643 states; growing to 4,140,242 (this copies)
    [hcompact:python3] rows widen 6B -> 12B per relator at 1 states (in place)
    [hcompact:python3] reservation exceeded at 2,060,643 states; growing to 4,140,242 (this copies)
    [hcompact:python3] rows widen 6B -> 12B per relator at 1 states (in place)
    [hcompact:python3] reservation exceeded at 2,060,553 states; growing to 4,140,242 (this copies)
    [hcompact:python3] reservation exceeded at 2,060,650 states; growing to 4,140,242 (this copies)
    [hcompact:python3] rows widen 6B -> 12B per relator at 1 states (in place)
    [hcompact:python3] rows widen 6B -> 12B per relator at 1 states (in place)
    [hcompact:python3] reservation exceeded at 2,060,659 states; growing to 4,140,242 (this copies)
    [hcompact:python3] reservation exceeded at 2,060,566 states; growing to 4,140,242 (this copies)
    [hcompact:python3] rows widen 6B -> 12B per relator at 1 states (in place)
    [hcompact:python3] reservation exceeded at 2,060,544 states; growing to 4,140,242 (this copies)
    [hcompact:python3] rows widen 6B -> 12B per relator at 240 states (in place)
    [hcompact:python3] rows widen 6B -> 12B per relator at 1 states (in place)
    [hcompact:python3] reservation exceeded at 2,060,736 states; growing to 4,140,242 (this copies)
    [hcompact:python3] reservation exceeded at 2,060,589 states; growing to 4,140,242 (this copies)
    [hcompact:python3] rows widen 6B -> 12B per relator at 1 states (in place)
    [hcompact:python3] rows widen 6B -> 12B per relator at 1,527 states (in place)
    [hcompact:python3] reservation exceeded at 2,060,576 states; growing to 4,140,242 (this copies)
    [hcompact:python3] reservation exceeded at 2,060,644 states; growing to 4,140,242 (this copies)
    [hcompact:python3] rows widen 6B -> 12B per relator at 556 states (in place)
    [hcompact:python3] reservation exceeded at 4,130,718 states; growing to 8,280,484 (this copies)
    [hcompact:python3] rows widen 6B -> 12B per relator at 67 states (in place)
    [hcompact:python3] rows widen 6B -> 12B per relator at 1,333 states (in place)
    [hcompact:python3] reservation exceeded at 4,130,680 states; growing to 8,280,484 (this copies)
    [hcompact:python3] reservation exceeded at 2,060,546 states; growing to 4,140,242 (this copies)
    [hcompact:python3] rows widen 6B -> 12B per relator at 67 states (in place)
  1700/2100 searches  2838 records  0 solved  58.5 min elapsed  ETA 13.8 min
    [hcompact:python3] rows widen 6B -> 12B per relator at 1 states (in place)
    [hcompact:python3] rows widen 6B -> 12B per relator at 1 states (in place)
    [hcompact:python3] reservation exceeded at 2,060,581 states; growing to 4,140,242 (this copies)
    [hcompact:python3] rows widen 6B -> 12B per relator at 1 states (in place)
    [hcompact:python3] rows widen 6B -> 12B per relator at 1 states (in place)
    [hcompact:python3] rows widen 6B -> 12B per relator at 1 states (in place)
    [hcompact:python3] reservation exceeded at 2,060,633 states; growing to 4,140,242 (this copies)
    [hcompact:python3] reservation exceeded at 2,060,546 states; growing to 4,140,242 (this copies)
    [hcompact:python3] reservation exceeded at 2,060,539 states; growing to 4,140,242 (this copies)
    [hcompact:python3] rows widen 6B -> 12B per relator at 155 states (in place)
    [hcompact:python3] rows widen 6B -> 12B per relator at 1 states (in place)
    [hcompact:python3] rows widen 6B -> 12B per relator at 87 states (in place)
    [hcompact:python3] reservation exceeded at 2,060,614 states; growing to 4,140,242 (this copies)
    [hcompact:python3] reservation exceeded at 2,060,561 states; growing to 4,140,242 (this copies)
    [hcompact:python3] rows widen 6B -> 12B per relator at 412 states (in place)
    [hcompact:python3] reservation exceeded at 2,060,592 states; growing to 4,140,242 (this copies)
    [hcompact:python3] reservation exceeded at 2,060,600 states; growing to 4,140,242 (this copies)
    [hcompact:python3] rows widen 6B -> 12B per relator at 223 states (in place)
    [hcompact:python3] rows widen 6B -> 12B per relator at 171 states (in place)
    [hcompact:python3] rows widen 6B -> 12B per relator at 159 states (in place)
    [hcompact:python3] reservation exceeded at 2,060,657 states; growing to 4,140,242 (this copies)
    [hcompact:python3] reservation exceeded at 2,060,660 states; growing to 4,140,242 (this copies)
    [hcompact:python3] reservation exceeded at 2,060,667 states; growing to 4,140,242 (this copies)
    [hcompact:python3] rows widen 6B -> 12B per relator at 1 states (in place)
    [hcompact:python3] rows widen 6B -> 12B per relator at 187 states (in place)
    [hcompact:python3] rows widen 6B -> 12B per relator at 1 states (in place)
    [hcompact:python3] reservation exceeded at 2,060,613 states; growing to 4,140,242 (this copies)
    [hcompact:python3] reservation exceeded at 2,060,547 states; growing to 4,140,242 (this copies)
    [hcompact:python3] reservation exceeded at 2,060,563 states; growing to 4,140,242 (this copies)
    [hcompact:python3] reservation exceeded at 4,130,814 states; growing to 8,280,484 (this copies)
    [hcompact:python3] rows widen 6B -> 12B per relator at 1 states (in place)
    [hcompact:python3] rows widen 6B -> 12B per relator at 1 states (in place)
    [hcompact:python3] rows widen 6B -> 12B per relator at 1 states (in place)
    [hcompact:python3] reservation exceeded at 2,060,606 states; growing to 4,140,242 (this copies)
    [hcompact:python3] reservation exceeded at 2,060,591 states; growing to 4,140,242 (this copies)
    [hcompact:python3] reservation exceeded at 2,060,655 states; growing to 4,140,242 (this copies)
    [hcompact:python3] rows widen 6B -> 12B per relator at 1 states (in place)
    [hcompact:python3] rows widen 6B -> 12B per relator at 1 states (in place)
    [hcompact:python3] rows widen 6B -> 12B per relator at 1 states (in place)
    [hcompact:python3] reservation exceeded at 2,060,599 states; growing to 4,140,242 (this copies)
    [hcompact:python3] reservation exceeded at 2,060,807 states; growing to 4,140,242 (this copies)
    [hcompact:python3] reservation exceeded at 2,060,541 states; growing to 4,140,242 (this copies)
    [hcompact:python3] rows widen 6B -> 12B per relator at 412 states (in place)
    [hcompact:python3] rows widen 6B -> 12B per relator at 171 states (in place)
    [hcompact:python3] reservation exceeded at 4,130,848 states; growing to 8,280,484 (this copies)
    [hcompact:python3] reservation exceeded at 2,060,648 states; growing to 4,140,242 (this copies)
    [hcompact:python3] reservation exceeded at 2,060,613 states; growing to 4,140,242 (this copies)
    [hcompact:python3] rows widen 6B -> 12B per relator at 223 states (in place)
    [hcompact:python3] rows widen 6B -> 12B per relator at 1 states (in place)
    [hcompact:python3] rows widen 6B -> 12B per relator at 163 states (in place)
    [hcompact:python3] reservation exceeded at 2,060,615 states; growing to 4,140,242 (this copies)
    [hcompact:python3] reservation exceeded at 2,060,563 states; growing to 4,140,242 (this copies)
    [hcompact:python3] reservation exceeded at 2,060,645 states; growing to 4,140,242 (this copies)
    [hcompact:python3] rows widen 6B -> 12B per relator at 1 states (in place)
    [hcompact:python3] rows widen 6B -> 12B per relator at 1 states (in place)
    [hcompact:python3] reservation exceeded at 4,130,670 states; growing to 8,280,484 (this copies)
    [hcompact:python3] reservation exceeded at 2,060,571 states; growing to 4,140,242 (this copies)
    [hcompact:python3] rows widen 6B -> 12B per relator at 187 states (in place)
    [hcompact:python3] reservation exceeded at 2,060,587 states; growing to 4,140,242 (this copies)
    [hcompact:python3] rows widen 6B -> 12B per relator at 1 states (in place)
    [hcompact:python3] reservation exceeded at 2,060,699 states; growing to 4,140,242 (this copies)
    [hcompact:python3] rows widen 6B -> 12B per relator at 1 states (in place)
    [hcompact:python3] reservation exceeded at 2,060,621 states; growing to 4,140,242 (this copies)
    [hcompact:python3] rows widen 6B -> 12B per relator at 1 states (in place)
    [hcompact:python3] rows widen 6B -> 12B per relator at 1 states (in place)
    [hcompact:python3] rows widen 6B -> 12B per relator at 1 states (in place)
    [hcompact:python3] reservation exceeded at 2,060,526 states; growing to 4,140,242 (this copies)
    [hcompact:python3] reservation exceeded at 2,060,617 states; growing to 4,140,242 (this copies)
    [hcompact:python3] reservation exceeded at 2,060,557 states; growing to 4,140,242 (this copies)
    [hcompact:python3] rows widen 6B -> 12B per relator at 631 states (in place)
    [hcompact:python3] rows widen 6B -> 12B per relator at 403 states (in place)
    [hcompact:python3] rows widen 6B -> 12B per relator at 793 states (in place)
    [hcompact:python3] reservation exceeded at 2,060,586 states; growing to 4,140,242 (this copies)
    [hcompact:python3] rows widen 6B -> 12B per relator at 157 states (in place)
    [hcompact:python3] reservation exceeded at 2,060,636 states; growing to 4,140,242 (this copies)
    [hcompact:python3] reservation exceeded at 2,060,651 states; growing to 4,140,242 (this copies)
    [hcompact:python3] rows widen 6B -> 12B per relator at 229 states (in place)
    [hcompact:python3] rows widen 6B -> 12B per relator at 1 states (in place)
    [hcompact:python3] reservation exceeded at 2,060,673 states; growing to 4,140,242 (this copies)
    [hcompact:python3] reservation exceeded at 2,060,546 states; growing to 4,140,242 (this copies)
    [hcompact:python3] reservation exceeded at 2,060,556 states; growing to 4,140,242 (this copies)
    [hcompact:python3] rows widen 6B -> 12B per relator at 1 states (in place)
    [hcompact:python3] rows widen 6B -> 12B per relator at 171 states (in place)
    [hcompact:python3] rows widen 6B -> 12B per relator at 1 states (in place)
    [hcompact:python3] reservation exceeded at 2,060,712 states; growing to 4,140,242 (this copies)
    [hcompact:python3] reservation exceeded at 2,060,675 states; growing to 4,140,242 (this copies)
    [hcompact:python3] reservation exceeded at 2,060,713 states; growing to 4,140,242 (this copies)
    [hcompact:python3] rows widen 6B -> 12B per relator at 1 states (in place)
    [hcompact:python3] reservation exceeded at 4,130,639 states; growing to 8,280,484 (this copies)
    [hcompact:python3] rows widen 6B -> 12B per relator at 1 states (in place)
    [hcompact:python3] rows widen 6B -> 12B per relator at 85 states (in place)
    [hcompact:python3] reservation exceeded at 2,060,591 states; growing to 4,140,242 (this copies)
    [hcompact:python3] reservation exceeded at 2,060,759 states; growing to 4,140,242 (this copies)
    [hcompact:python3] reservation exceeded at 2,060,560 states; growing to 4,140,242 (this copies)
    [hcompact:python3] reservation exceeded at 4,130,823 states; growing to 8,280,484 (this copies)
    [hcompact:python3] rows widen 6B -> 12B per relator at 171 states (in place)
    [hcompact:python3] rows widen 6B -> 12B per relator at 387 states (in place)
    [hcompact:python3] reservation exceeded at 4,130,867 states; growing to 8,280,484 (this copies)
    [hcompact:python3] reservation exceeded at 2,060,732 states; growing to 4,140,242 (this copies)
    [hcompact:python3] rows widen 6B -> 12B per relator at 871 states (in place)
    [hcompact:python3] rows widen 6B -> 12B per relator at 700 states (in place)
  1750/2100 searches  2888 records  0 solved  60.7 min elapsed  ETA 12.1 min
    [hcompact:python3] rows widen 6B -> 12B per relator at 584 states (in place)
    [hcompact:python3] reservation exceeded at 2,060,578 states; growing to 4,140,242 (this copies)
    [hcompact:python3] rows widen 6B -> 12B per relator at 133 states (in place)
    [hcompact:python3] reservation exceeded at 2,060,593 states; growing to 4,140,242 (this copies)
    [hcompact:python3] rows widen 6B -> 12B per relator at 83 states (in place)
    [hcompact:python3] reservation exceeded at 2,060,635 states; growing to 4,140,242 (this copies)
    [hcompact:python3] rows widen 6B -> 12B per relator at 1 states (in place)
    [hcompact:python3] reservation exceeded at 2,060,593 states; growing to 4,140,242 (this copies)
    [hcompact:python3] reservation exceeded at 2,060,614 states; growing to 4,140,242 (this copies)
    [hcompact:python3] rows widen 6B -> 12B per relator at 1 states (in place)
    [hcompact:python3] reservation exceeded at 2,060,520 states; growing to 4,140,242 (this copies)
    [hcompact:python3] rows widen 6B -> 12B per relator at 1 states (in place)
    [hcompact:python3] reservation exceeded at 2,060,546 states; growing to 4,140,242 (this copies)
    [hcompact:python3] rows widen 6B -> 12B per relator at 75 states (in place)
    [hcompact:python3] reservation exceeded at 2,060,583 states; growing to 4,140,242 (this copies)
    [hcompact:python3] rows widen 6B -> 12B per relator at 75 states (in place)
    [hcompact:python3] reservation exceeded at 2,060,632 states; growing to 4,140,242 (this copies)
    [hcompact:python3] rows widen 6B -> 12B per relator at 1 states (in place)
    [hcompact:python3] reservation exceeded at 2,060,687 states; growing to 4,140,242 (this copies)
    [hcompact:python3] rows widen 6B -> 12B per relator at 91 states (in place)
    [hcompact:python3] rows widen 6B -> 12B per relator at 940 states (in place)
    [hcompact:python3] reservation exceeded at 2,060,569 states; growing to 4,140,242 (this copies)
    [hcompact:python3] rows widen 6B -> 12B per relator at 265 states (in place)
    [hcompact:python3] reservation exceeded at 2,060,548 states; growing to 4,140,242 (this copies)
    [hcompact:python3] rows widen 6B -> 12B per relator at 127 states (in place)
    [hcompact:python3] reservation exceeded at 2,060,533 states; growing to 4,140,242 (this copies)
    [hcompact:python3] rows widen 6B -> 12B per relator at 415 states (in place)
    [hcompact:python3] rows widen 6B -> 12B per relator at 292 states (in place)
    [hcompact:python3] reservation exceeded at 2,060,568 states; growing to 4,140,242 (this copies)
    [hcompact:python3] rows widen 6B -> 12B per relator at 1 states (in place)
    [hcompact:python3] reservation exceeded at 2,060,555 states; growing to 4,140,242 (this copies)
    [hcompact:python3] rows widen 7B -> 12B per relator at 1 states (in place)
    [hcompact:python3] reservation exceeded at 2,060,637 states; growing to 4,140,242 (this copies)
    [hcompact:python3] rows widen 6B -> 12B per relator at 1 states (in place)
    [hcompact:python3] rows widen 6B -> 12B per relator at 1 states (in place)
    [hcompact:python3] reservation exceeded at 2,060,624 states; growing to 4,140,242 (this copies)
    [hcompact:python3] rows widen 6B -> 12B per relator at 1 states (in place)
    [hcompact:python3] reservation exceeded at 2,060,571 states; growing to 4,140,242 (this copies)
    [hcompact:python3] reservation exceeded at 2,060,568 states; growing to 4,140,242 (this copies)
    [hcompact:python3] rows widen 6B -> 12B per relator at 1 states (in place)
    [hcompact:python3] reservation exceeded at 2,060,585 states; growing to 4,140,242 (this copies)
    [hcompact:python3] rows widen 6B -> 12B per relator at 1 states (in place)
    [hcompact:python3] rows widen 6B -> 12B per relator at 81 states (in place)
    [hcompact:python3] reservation exceeded at 2,060,626 states; growing to 4,140,242 (this copies)
    [hcompact:python3] reservation exceeded at 2,060,610 states; growing to 4,140,242 (this copies)
    [hcompact:python3] rows widen 6B -> 12B per relator at 2,442 states (in place)
    [hcompact:python3] reservation exceeded at 2,060,527 states; growing to 4,140,242 (this copies)
    [hcompact:python3] rows widen 6B -> 12B per relator at 449 states (in place)
    [hcompact:python3] rows widen 6B -> 12B per relator at 831 states (in place)
    [hcompact:python3] rows widen 6B -> 12B per relator at 624 states (in place)
    [hcompact:python3] rows widen 6B -> 12B per relator at 1,303 states (in place)
    [hcompact:python3] rows widen 6B -> 12B per relator at 1 states (in place)
    [hcompact:python3] rows widen 6B -> 12B per relator at 1 states (in place)
    [hcompact:python3] rows widen 6B -> 12B per relator at 1 states (in place)
    [hcompact:python3] reservation exceeded at 2,060,610 states; growing to 4,140,242 (this copies)
    [hcompact:python3] reservation exceeded at 2,060,553 states; growing to 4,140,242 (this copies)
    [hcompact:python3] rows widen 6B -> 12B per relator at 1 states (in place)
    [hcompact:python3] rows widen 6B -> 12B per relator at 1 states (in place)
    [hcompact:python3] reservation exceeded at 2,060,580 states; growing to 4,140,242 (this copies)
    [hcompact:python3] rows widen 6B -> 12B per relator at 1 states (in place)
    [hcompact:python3] reservation exceeded at 2,060,624 states; growing to 4,140,242 (this copies)
    [hcompact:python3] rows widen 6B -> 12B per relator at 1 states (in place)
    [hcompact:python3] reservation exceeded at 2,060,606 states; growing to 4,140,242 (this copies)
    [hcompact:python3] rows widen 6B -> 12B per relator at 689 states (in place)
    [hcompact:python3] rows widen 6B -> 12B per relator at 693 states (in place)
    [hcompact:python3] reservation exceeded at 2,060,594 states; growing to 4,140,242 (this copies)
    [hcompact:python3] rows widen 6B -> 12B per relator at 200 states (in place)
    [hcompact:python3] rows widen 6B -> 12B per relator at 1 states (in place)
    [hcompact:python3] rows widen 6B -> 12B per relator at 569 states (in place)
    [hcompact:python3] rows widen 6B -> 12B per relator at 171 states (in place)
    [hcompact:python3] reservation exceeded at 2,060,552 states; growing to 4,140,242 (this copies)
    [hcompact:python3] reservation exceeded at 2,060,563 states; growing to 4,140,242 (this copies)
    [hcompact:python3] rows widen 6B -> 12B per relator at 1 states (in place)
    [hcompact:python3] rows widen 6B -> 12B per relator at 1 states (in place)
    [hcompact:python3] reservation exceeded at 2,060,600 states; growing to 4,140,242 (this copies)
    [hcompact:python3] rows widen 6B -> 12B per relator at 1 states (in place)
    [hcompact:python3] reservation exceeded at 2,060,543 states; growing to 4,140,242 (this copies)
    [hcompact:python3] rows widen 6B -> 12B per relator at 1 states (in place)
    [hcompact:python3] reservation exceeded at 2,060,575 states; growing to 4,140,242 (this copies)
    [hcompact:python3] rows widen 6B -> 12B per relator at 1 states (in place)
    [hcompact:python3] reservation exceeded at 2,060,543 states; growing to 4,140,242 (this copies)
    [hcompact:python3] reservation exceeded at 2,060,619 states; growing to 4,140,242 (this copies)
    [hcompact:python3] reservation exceeded at 2,060,588 states; growing to 4,140,242 (this copies)
    [hcompact:python3] rows widen 6B -> 12B per relator at 321 states (in place)
    [hcompact:python3] rows widen 6B -> 12B per relator at 1 states (in place)
    [hcompact:python3] rows widen 6B -> 12B per relator at 95 states (in place)
    [hcompact:python3] reservation exceeded at 2,060,667 states; growing to 4,140,242 (this copies)
    [hcompact:python3] reservation exceeded at 2,060,632 states; growing to 4,140,242 (this copies)
    [hcompact:python3] rows widen 6B -> 12B per relator at 635 states (in place)
    [hcompact:python3] reservation exceeded at 2,060,688 states; growing to 4,140,242 (this copies)
  1800/2100 searches  2938 records  0 solved  62.7 min elapsed  ETA 10.5 min
    [hcompact:python3] rows widen 6B -> 12B per relator at 75 states (in place)
    [hcompact:python3] rows widen 6B -> 12B per relator at 1 states (in place)
    [hcompact:python3] rows widen 6B -> 12B per relator at 386 states (in place)
    [hcompact:python3] rows widen 6B -> 12B per relator at 171 states (in place)
    [hcompact:python3] reservation exceeded at 2,060,530 states; growing to 4,140,242 (this copies)
    [hcompact:python3] rows widen 7B -> 12B per relator at 1 states (in place)
    [hcompact:python3] rows widen 7B -> 12B per relator at 1 states (in place)
    [hcompact:python3] reservation exceeded at 2,060,624 states; growing to 4,140,242 (this copies)
    [hcompact:python3] rows widen 6B -> 12B per relator at 1 states (in place)
    [hcompact:python3] rows widen 6B -> 12B per relator at 1 states (in place)
    [hcompact:python3] rows widen 6B -> 12B per relator at 1 states (in place)
    [hcompact:python3] reservation exceeded at 2,060,529 states; growing to 4,140,242 (this copies)
    [hcompact:python3] reservation exceeded at 2,060,640 states; growing to 4,140,242 (this copies)
    [hcompact:python3] reservation exceeded at 2,060,576 states; growing to 4,140,242 (this copies)
    [hcompact:python3] rows widen 6B -> 12B per relator at 171 states (in place)
    [hcompact:python3] rows widen 6B -> 12B per relator at 1 states (in place)
    [hcompact:python3] rows widen 6B -> 12B per relator at 95 states (in place)
    [hcompact:python3] reservation exceeded at 2,060,568 states; growing to 4,140,242 (this copies)
    [hcompact:python3] rows widen 6B -> 12B per relator at 159 states (in place)
    [hcompact:python3] reservation exceeded at 2,060,548 states; growing to 4,140,242 (this copies)
    [hcompact:python3] reservation exceeded at 2,060,568 states; growing to 4,140,242 (this copies)
    [hcompact:python3] rows widen 6B -> 12B per relator at 87 states (in place)
    [hcompact:python3] reservation exceeded at 2,060,582 states; growing to 4,140,242 (this copies)
    [hcompact:python3] rows widen 6B -> 12B per relator at 159 states (in place)
    [hcompact:python3] rows widen 6B -> 12B per relator at 1 states (in place)
    [hcompact:python3] reservation exceeded at 2,060,609 states; growing to 4,140,242 (this copies)
    [hcompact:python3] reservation exceeded at 2,060,580 states; growing to 4,140,242 (this copies)
    [hcompact:python3] reservation exceeded at 2,060,697 states; growing to 4,140,242 (this copies)
    [hcompact:python3] rows widen 6B -> 12B per relator at 81 states (in place)
    [hcompact:python3] rows widen 6B -> 12B per relator at 1 states (in place)
    [hcompact:python3] reservation exceeded at 2,060,539 states; growing to 4,140,242 (this copies)
    [hcompact:python3] reservation exceeded at 2,060,616 states; growing to 4,140,242 (this copies)
    [hcompact:python3] reservation exceeded at 4,130,660 states; growing to 8,280,484 (this copies)
    [hcompact:python3] rows widen 6B -> 12B per relator at 1 states (in place)
    [hcompact:python3] rows widen 6B -> 12B per relator at 99 states (in place)
    [hcompact:python3] rows widen 6B -> 12B per relator at 1 states (in place)
    [hcompact:python3] reservation exceeded at 2,060,625 states; growing to 4,140,242 (this copies)
    [hcompact:python3] reservation exceeded at 2,060,624 states; growing to 4,140,242 (this copies)
    [hcompact:python3] reservation exceeded at 2,060,631 states; growing to 4,140,242 (this copies)
    [hcompact:python3] rows widen 6B -> 12B per relator at 1 states (in place)
    [hcompact:python3] rows widen 6B -> 12B per relator at 1 states (in place)
    [hcompact:python3] rows widen 6B -> 12B per relator at 1 states (in place)
    [hcompact:python3] rows widen 6B -> 12B per relator at 1 states (in place)
    [hcompact:python3] reservation exceeded at 2,060,738 states; growing to 4,140,242 (this copies)
    [hcompact:python3] reservation exceeded at 2,060,669 states; growing to 4,140,242 (this copies)
    [hcompact:python3] reservation exceeded at 2,060,603 states; growing to 4,140,242 (this copies)
    [hcompact:python3] rows widen 6B -> 12B per relator at 224 states (in place)
    [hcompact:python3] rows widen 6B -> 12B per relator at 234 states (in place)
    [hcompact:python3] rows widen 6B -> 12B per relator at 75 states (in place)
    [hcompact:python3] reservation exceeded at 2,060,597 states; growing to 4,140,242 (this copies)
    [hcompact:python3] reservation exceeded at 2,060,634 states; growing to 4,140,242 (this copies)
    [hcompact:python3] rows widen 6B -> 12B per relator at 79 states (in place)
    [hcompact:python3] rows widen 6B -> 12B per relator at 75 states (in place)
    [hcompact:python3] reservation exceeded at 2,060,551 states; growing to 4,140,242 (this copies)
    [hcompact:python3] reservation exceeded at 2,060,634 states; growing to 4,140,242 (this copies)
    [hcompact:python3] rows widen 6B -> 12B per relator at 87 states (in place)
    [hcompact:python3] rows widen 6B -> 12B per relator at 1 states (in place)
    [hcompact:python3] reservation exceeded at 2,060,674 states; growing to 4,140,242 (this copies)
    [hcompact:python3] reservation exceeded at 2,060,639 states; growing to 4,140,242 (this copies)
    [hcompact:python3] rows widen 6B -> 12B per relator at 1 states (in place)
    [hcompact:python3] reservation exceeded at 2,060,733 states; growing to 4,140,242 (this copies)
    [hcompact:python3] rows widen 6B -> 12B per relator at 1 states (in place)
    [hcompact:python3] reservation exceeded at 2,060,645 states; growing to 4,140,242 (this copies)
    [hcompact:python3] rows widen 6B -> 12B per relator at 1 states (in place)
    [hcompact:python3] rows widen 6B -> 12B per relator at 1 states (in place)
    [hcompact:python3] reservation exceeded at 2,060,632 states; growing to 4,140,242 (this copies)
    [hcompact:python3] reservation exceeded at 2,060,681 states; growing to 4,140,242 (this copies)
    [hcompact:python3] reservation exceeded at 2,060,618 states; growing to 4,140,242 (this copies)
    [hcompact:python3] rows widen 6B -> 12B per relator at 1 states (in place)
    [hcompact:python3] rows widen 6B -> 12B per relator at 1 states (in place)
    [hcompact:python3] rows widen 6B -> 12B per relator at 159 states (in place)
    [hcompact:python3] reservation exceeded at 2,060,705 states; growing to 4,140,242 (this copies)
    [hcompact:python3] reservation exceeded at 2,060,662 states; growing to 4,140,242 (this copies)
    [hcompact:python3] reservation exceeded at 2,060,679 states; growing to 4,140,242 (this copies)
    [hcompact:python3] rows widen 6B -> 12B per relator at 87 states (in place)
    [hcompact:python3] reservation exceeded at 4,130,652 states; growing to 8,280,484 (this copies)
    [hcompact:python3] reservation exceeded at 4,130,684 states; growing to 8,280,484 (this copies)
    [hcompact:python3] reservation exceeded at 2,060,521 states; growing to 4,140,242 (this copies)
    [hcompact:python3] rows widen 6B -> 12B per relator at 159 states (in place)
    [hcompact:python3] rows widen 6B -> 12B per relator at 1 states (in place)
    [hcompact:python3] rows widen 6B -> 12B per relator at 79 states (in place)
    [hcompact:python3] reservation exceeded at 2,060,650 states; growing to 4,140,242 (this copies)
    [hcompact:python3] reservation exceeded at 2,060,693 states; growing to 4,140,242 (this copies)
    [hcompact:python3] reservation exceeded at 2,060,555 states; growing to 4,140,242 (this copies)
    [hcompact:python3] rows widen 6B -> 12B per relator at 1 states (in place)
    [hcompact:python3] rows widen 6B -> 12B per relator at 1 states (in place)
    [hcompact:python3] reservation exceeded at 4,130,673 states; growing to 8,280,484 (this copies)
    [hcompact:python3] rows widen 6B -> 12B per relator at 99 states (in place)
    [hcompact:python3] reservation exceeded at 2,060,595 states; growing to 4,140,242 (this copies)
    [hcompact:python3] reservation exceeded at 2,060,560 states; growing to 4,140,242 (this copies)
    [hcompact:python3] reservation exceeded at 2,060,581 states; growing to 4,140,242 (this copies)
    [hcompact:python3] rows widen 6B -> 12B per relator at 1 states (in place)
    [hcompact:python3] rows widen 6B -> 12B per relator at 1 states (in place)
    [hcompact:python3] reservation exceeded at 2,060,550 states; growing to 4,140,242 (this copies)
    [hcompact:python3] rows widen 6B -> 12B per relator at 1 states (in place)
    [hcompact:python3] rows widen 6B -> 12B per relator at 1 states (in place)
    [hcompact:python3] reservation exceeded at 2,060,623 states; growing to 4,140,242 (this copies)
  1850/2100 searches  2988 records  0 solved  66.0 min elapsed  ETA 8.9 min
    [hcompact:python3] rows widen 6B -> 12B per relator at 1 states (in place)
    [hcompact:python3] reservation exceeded at 2,060,645 states; growing to 4,140,242 (this copies)
    [hcompact:python3] rows widen 6B -> 12B per relator at 310 states (in place)
    [hcompact:python3] reservation exceeded at 2,060,579 states; growing to 4,140,242 (this copies)
    [hcompact:python3] reservation exceeded at 4,130,721 states; growing to 8,280,484 (this copies)
    [hcompact:python3] reservation exceeded at 2,060,617 states; growing to 4,140,242 (this copies)
    [hcompact:python3] rows widen 6B -> 12B per relator at 75 states (in place)
    [hcompact:python3] rows widen 6B -> 12B per relator at 548 states (in place)
    [hcompact:python3] rows widen 6B -> 12B per relator at 75 states (in place)
    [hcompact:python3] reservation exceeded at 2,060,576 states; growing to 4,140,242 (this copies)
    [hcompact:python3] reservation exceeded at 2,060,644 states; growing to 4,140,242 (this copies)
    [hcompact:python3] reservation exceeded at 2,060,592 states; growing to 4,140,242 (this copies)
    [hcompact:python3] rows widen 6B -> 12B per relator at 239 states (in place)
    [hcompact:python3] rows widen 6B -> 12B per relator at 1 states (in place)
    [hcompact:python3] rows widen 6B -> 12B per relator at 1 states (in place)
    [hcompact:python3] reservation exceeded at 2,060,623 states; growing to 4,140,242 (this copies)
    [hcompact:python3] reservation exceeded at 2,060,641 states; growing to 4,140,242 (this copies)
    [hcompact:python3] reservation exceeded at 2,060,525 states; growing to 4,140,242 (this copies)
    [hcompact:python3] rows widen 6B -> 12B per relator at 87 states (in place)
    [hcompact:python3] rows widen 6B -> 12B per relator at 1 states (in place)
    [hcompact:python3] reservation exceeded at 2,060,630 states; growing to 4,140,242 (this copies)
    [hcompact:python3] rows widen 6B -> 12B per relator at 1 states (in place)
    [hcompact:python3] reservation exceeded at 2,060,594 states; growing to 4,140,242 (this copies)
    [hcompact:python3] rows widen 6B -> 12B per relator at 1 states (in place)
    [hcompact:python3] reservation exceeded at 2,060,709 states; growing to 4,140,242 (this copies)
    [hcompact:python3] rows widen 6B -> 12B per relator at 1 states (in place)
    [hcompact:python3] reservation exceeded at 2,060,748 states; growing to 4,140,242 (this copies)
    [hcompact:python3] reservation exceeded at 2,060,599 states; growing to 4,140,242 (this copies)
    [hcompact:python3] reservation exceeded at 4,130,651 states; growing to 8,280,484 (this copies)
    [hcompact:python3] reservation exceeded at 4,130,700 states; growing to 8,280,484 (this copies)
    [hcompact:python3] rows widen 6B -> 12B per relator at 1 states (in place)
    [hcompact:python3] rows widen 6B -> 12B per relator at 1,053 states (in place)
    [hcompact:python3] rows widen 6B -> 12B per relator at 1 states (in place)
    [hcompact:python3] reservation exceeded at 2,060,640 states; growing to 4,140,242 (this copies)
    [hcompact:python3] reservation exceeded at 2,060,584 states; growing to 4,140,242 (this copies)
    [hcompact:python3] rows widen 6B -> 12B per relator at 1 states (in place)
    [hcompact:python3] rows widen 6B -> 12B per relator at 975 states (in place)
    [hcompact:python3] rows widen 6B -> 12B per relator at 83 states (in place)
    [hcompact:python3] reservation exceeded at 2,060,533 states; growing to 4,140,242 (this copies)
    [hcompact:python3] reservation exceeded at 2,060,638 states; growing to 4,140,242 (this copies)
    [hcompact:python3] rows widen 7B -> 12B per relator at 1 states (in place)
    [hcompact:python3] rows widen 7B -> 12B per relator at 1 states (in place)
    [hcompact:python3] reservation exceeded at 2,060,636 states; growing to 4,140,242 (this copies)
    [hcompact:python3] reservation exceeded at 2,060,619 states; growing to 4,140,242 (this copies)
    [hcompact:python3] rows widen 7B -> 12B per relator at 1 states (in place)
    [hcompact:python3] reservation exceeded at 2,060,559 states; growing to 4,140,242 (this copies)
    [hcompact:python3] rows widen 7B -> 12B per relator at 1 states (in place)
    [hcompact:python3] rows widen 6B -> 12B per relator at 1 states (in place)
    [hcompact:python3] reservation exceeded at 2,060,656 states; growing to 4,140,242 (this copies)
    [hcompact:python3] reservation exceeded at 2,060,600 states; growing to 4,140,242 (this copies)
    [hcompact:python3] reservation exceeded at 2,060,612 states; growing to 4,140,242 (this copies)
    [hcompact:python3] rows widen 6B -> 12B per relator at 530 states (in place)
    [hcompact:python3] rows widen 6B -> 12B per relator at 1 states (in place)
    [hcompact:python3] rows widen 6B -> 12B per relator at 1 states (in place)
    [hcompact:python3] reservation exceeded at 2,060,615 states; growing to 4,140,242 (this copies)
    [hcompact:python3] reservation exceeded at 2,060,540 states; growing to 4,140,242 (this copies)
    [hcompact:python3] reservation exceeded at 2,060,536 states; growing to 4,140,242 (this copies)
    [hcompact:python3] rows widen 6B -> 12B per relator at 3,655 states (in place)
    [hcompact:python3] rows widen 6B -> 12B per relator at 1 states (in place)
    [hcompact:python3] rows widen 6B -> 12B per relator at 1 states (in place)
    [hcompact:python3] rows widen 6B -> 12B per relator at 3,655 states (in place)
    [hcompact:python3] rows widen 6B -> 12B per relator at 83 states (in place)
    [hcompact:python3] reservation exceeded at 2,060,596 states; growing to 4,140,242 (this copies)
    [hcompact:python3] rows widen 7B -> 12B per relator at 1 states (in place)
    [hcompact:python3] rows widen 8B -> 12B per relator at 1 states (in place)
    [hcompact:python3] reservation exceeded at 2,060,635 states; growing to 4,140,242 (this copies)
    [hcompact:python3] rows widen 7B -> 12B per relator at 1 states (in place)
    [hcompact:python3] rows widen 7B -> 12B per relator at 1 states (in place)
    [hcompact:python3] rows widen 6B -> 12B per relator at 1 states (in place)
    [hcompact:python3] reservation exceeded at 2,060,583 states; growing to 4,140,242 (this copies)
    [hcompact:python3] reservation exceeded at 2,060,709 states; growing to 4,140,242 (this copies)
    [hcompact:python3] reservation exceeded at 2,060,549 states; growing to 4,140,242 (this copies)
    [hcompact:python3] rows widen 6B -> 12B per relator at 187 states (in place)
    [hcompact:python3] rows widen 6B -> 12B per relator at 1 states (in place)
    [hcompact:python3] rows widen 6B -> 12B per relator at 1 states (in place)
    [hcompact:python3] reservation exceeded at 2,060,627 states; growing to 4,140,242 (this copies)
    [hcompact:python3] reservation exceeded at 2,060,618 states; growing to 4,140,242 (this copies)
    [hcompact:python3] reservation exceeded at 2,060,649 states; growing to 4,140,242 (this copies)
    [hcompact:python3] rows widen 6B -> 12B per relator at 59 states (in place)
    [hcompact:python3] rows widen 6B -> 12B per relator at 432 states (in place)
    [hcompact:python3] rows widen 6B -> 12B per relator at 222 states (in place)
    [hcompact:python3] rows widen 6B -> 12B per relator at 801 states (in place)
    [hcompact:python3] reservation exceeded at 2,060,584 states; growing to 4,140,242 (this copies)
    [hcompact:python3] reservation exceeded at 2,060,519 states; growing to 4,140,242 (this copies)
    [hcompact:python3] rows widen 6B -> 12B per relator at 232 states (in place)
    [hcompact:python3] reservation exceeded at 2,060,581 states; growing to 4,140,242 (this copies)
    [hcompact:python3] rows widen 6B -> 12B per relator at 1 states (in place)
    [hcompact:python3] rows widen 6B -> 12B per relator at 1 states (in place)
    [hcompact:python3] reservation exceeded at 2,060,648 states; growing to 4,140,242 (this copies)
    [hcompact:python3] reservation exceeded at 2,060,546 states; growing to 4,140,242 (this copies)
    [hcompact:python3] rows widen 6B -> 12B per relator at 1 states (in place)
    [hcompact:python3] reservation exceeded at 2,060,535 states; growing to 4,140,242 (this copies)
    [hcompact:python3] rows widen 6B -> 12B per relator at 1 states (in place)
    [hcompact:python3] rows widen 6B -> 12B per relator at 1 states (in place)
    [hcompact:python3] reservation exceeded at 2,060,650 states; growing to 4,140,242 (this copies)
    [hcompact:python3] reservation exceeded at 2,060,703 states; growing to 4,140,242 (this copies)
    [hcompact:python3] rows widen 6B -> 12B per relator at 83 states (in place)
  1900/2100 searches  3038 records  0 solved  69.0 min elapsed  ETA 7.3 min
    [hcompact:python3] reservation exceeded at 2,060,659 states; growing to 4,140,242 (this copies)
    [hcompact:python3] rows widen 6B -> 12B per relator at 1 states (in place)
    [hcompact:python3] reservation exceeded at 2,060,525 states; growing to 4,140,242 (this copies)
    [hcompact:python3] rows widen 6B -> 12B per relator at 1 states (in place)
    [hcompact:python3] reservation exceeded at 2,060,554 states; growing to 4,140,242 (this copies)
    [hcompact:python3] rows widen 6B -> 12B per relator at 159 states (in place)
    [hcompact:python3] reservation exceeded at 2,060,559 states; growing to 4,140,242 (this copies)
    [hcompact:python3] rows widen 6B -> 12B per relator at 87 states (in place)
    [hcompact:python3] reservation exceeded at 2,060,648 states; growing to 4,140,242 (this copies)
    [hcompact:python3] rows widen 6B -> 12B per relator at 159 states (in place)
    [hcompact:python3] rows widen 6B -> 12B per relator at 1 states (in place)
    [hcompact:python3] reservation exceeded at 2,060,570 states; growing to 4,140,242 (this copies)
    [hcompact:python3] reservation exceeded at 2,060,583 states; growing to 4,140,242 (this copies)
    [hcompact:python3] rows widen 6B -> 12B per relator at 79 states (in place)
    [hcompact:python3] reservation exceeded at 2,060,562 states; growing to 4,140,242 (this copies)
    [hcompact:python3] rows widen 6B -> 12B per relator at 1 states (in place)
    [hcompact:python3] reservation exceeded at 2,060,598 states; growing to 4,140,242 (this copies)
    [hcompact:python3] rows widen 6B -> 12B per relator at 1 states (in place)
    [hcompact:python3] reservation exceeded at 2,060,627 states; growing to 4,140,242 (this copies)
    [hcompact:python3] rows widen 6B -> 12B per relator at 99 states (in place)
    [hcompact:python3] reservation exceeded at 2,060,520 states; growing to 4,140,242 (this copies)
    [hcompact:python3] rows widen 6B -> 12B per relator at 1 states (in place)
    [hcompact:python3] reservation exceeded at 2,060,674 states; growing to 4,140,242 (this copies)
    [hcompact:python3] rows widen 6B -> 12B per relator at 1 states (in place)
    [hcompact:python3] reservation exceeded at 2,060,701 states; growing to 4,140,242 (this copies)
    [hcompact:python3] rows widen 6B -> 12B per relator at 1 states (in place)
    [hcompact:python3] reservation exceeded at 2,060,519 states; growing to 4,140,242 (this copies)
    [hcompact:python3] reservation exceeded at 4,130,757 states; growing to 8,280,484 (this copies)
    [hcompact:python3] reservation exceeded at 2,060,714 states; growing to 4,140,242 (this copies)
    [hcompact:python3] rows widen 6B -> 12B per relator at 1 states (in place)
    [hcompact:python3] rows widen 6B -> 12B per relator at 1 states (in place)
    [hcompact:python3] reservation exceeded at 2,060,564 states; growing to 4,140,242 (this copies)
    [hcompact:python3] reservation exceeded at 4,130,639 states; growing to 8,280,484 (this copies)
    [hcompact:python3] reservation exceeded at 2,060,650 states; growing to 4,140,242 (this copies)
    [hcompact:python3] rows widen 6B -> 12B per relator at 261 states (in place)
    [hcompact:python3] rows widen 6B -> 12B per relator at 257 states (in place)
    [hcompact:python3] rows widen 6B -> 12B per relator at 99 states (in place)
    [hcompact:python3] reservation exceeded at 2,060,764 states; growing to 4,140,242 (this copies)
    [hcompact:python3] reservation exceeded at 2,060,625 states; growing to 4,140,242 (this copies)
    [hcompact:python3] reservation exceeded at 2,060,603 states; growing to 4,140,242 (this copies)
    [hcompact:python3] rows widen 6B -> 12B per relator at 1 states (in place)
    [hcompact:python3] rows widen 6B -> 12B per relator at 1 states (in place)
    [hcompact:python3] rows widen 6B -> 12B per relator at 1 states (in place)
    [hcompact:python3] reservation exceeded at 2,060,604 states; growing to 4,140,242 (this copies)
    [hcompact:python3] reservation exceeded at 2,060,589 states; growing to 4,140,242 (this copies)
    [hcompact:python3] reservation exceeded at 2,060,664 states; growing to 4,140,242 (this copies)
    [hcompact:python3] rows widen 6B -> 12B per relator at 1 states (in place)
    [hcompact:python3] reservation exceeded at 4,130,647 states; growing to 8,280,484 (this copies)
    [hcompact:python3] reservation exceeded at 4,130,655 states; growing to 8,280,484 (this copies)
    [hcompact:python3] reservation exceeded at 2,060,668 states; growing to 4,140,242 (this copies)
    [hcompact:python3] rows widen 6B -> 12B per relator at 1 states (in place)
    [hcompact:python3] rows widen 6B -> 12B per relator at 1 states (in place)
    [hcompact:python3] reservation exceeded at 2,060,659 states; growing to 4,140,242 (this copies)
    [hcompact:python3] rows widen 6B -> 12B per relator at 1 states (in place)
    [hcompact:python3] reservation exceeded at 4,130,717 states; growing to 8,280,484 (this copies)
    [hcompact:python3] rows widen 6B -> 12B per relator at 1 states (in place)
    [hcompact:python3] reservation exceeded at 2,060,616 states; growing to 4,140,242 (this copies)
    [hcompact:python3] reservation exceeded at 4,130,743 states; growing to 8,280,484 (this copies)
    [hcompact:python3] reservation exceeded at 2,060,711 states; growing to 4,140,242 (this copies)
    [hcompact:python3] rows widen 6B -> 12B per relator at 1 states (in place)
    [hcompact:python3] rows widen 6B -> 12B per relator at 1 states (in place)
    [hcompact:python3] rows widen 6B -> 12B per relator at 261 states (in place)
    [hcompact:python3] rows widen 6B -> 12B per relator at 99 states (in place)
    [hcompact:python3] reservation exceeded at 2,060,607 states; growing to 4,140,242 (this copies)
    [hcompact:python3] reservation exceeded at 2,060,597 states; growing to 4,140,242 (this copies)
    [hcompact:python3] reservation exceeded at 2,060,650 states; growing to 4,140,242 (this copies)
    [hcompact:python3] rows widen 6B -> 12B per relator at 257 states (in place)
    [hcompact:python3] rows widen 6B -> 12B per relator at 1 states (in place)
    [hcompact:python3] reservation exceeded at 4,130,639 states; growing to 8,280,484 (this copies)
    [hcompact:python3] rows widen 6B -> 12B per relator at 1 states (in place)
    [hcompact:python3] reservation exceeded at 2,060,529 states; growing to 4,140,242 (this copies)
    [hcompact:python3] reservation exceeded at 2,060,718 states; growing to 4,140,242 (this copies)
    [hcompact:python3] reservation exceeded at 2,060,625 states; growing to 4,140,242 (this copies)
    [hcompact:python3] rows widen 6B -> 12B per relator at 1 states (in place)
    [hcompact:python3] rows widen 6B -> 12B per relator at 1 states (in place)
    [hcompact:python3] reservation exceeded at 2,060,606 states; growing to 4,140,242 (this copies)
    [hcompact:python3] reservation exceeded at 4,130,802 states; growing to 8,280,484 (this copies)
    [hcompact:python3] rows widen 6B -> 12B per relator at 1 states (in place)
    [hcompact:python3] rows widen 6B -> 12B per relator at 1 states (in place)
    [hcompact:python3] reservation exceeded at 4,130,764 states; growing to 8,280,484 (this copies)
    [hcompact:python3] reservation exceeded at 2,060,722 states; growing to 4,140,242 (this copies)
    [hcompact:python3] reservation exceeded at 2,060,660 states; growing to 4,140,242 (this copies)
    [hcompact:python3] rows widen 6B -> 12B per relator at 1 states (in place)
    [hcompact:python3] rows widen 6B -> 12B per relator at 1 states (in place)
    [hcompact:python3] reservation exceeded at 4,130,649 states; growing to 8,280,484 (this copies)
    [hcompact:python3] reservation exceeded at 4,130,810 states; growing to 8,280,484 (this copies)
    [hcompact:python3] rows widen 6B -> 12B per relator at 1 states (in place)
    [hcompact:python3] rows widen 6B -> 12B per relator at 1 states (in place)
    [hcompact:python3] reservation exceeded at 2,060,524 states; growing to 4,140,242 (this copies)
    [hcompact:python3] rows widen 6B -> 12B per relator at 250 states (in place)
    [hcompact:python3] reservation exceeded at 2,060,548 states; growing to 4,140,242 (this copies)
    [hcompact:python3] reservation exceeded at 2,060,528 states; growing to 4,140,242 (this copies)
    [hcompact:python3] rows widen 6B -> 12B per relator at 1 states (in place)
    [hcompact:python3] rows widen 6B -> 12B per relator at 1 states (in place)
    [hcompact:python3] reservation exceeded at 2,060,647 states; growing to 4,140,242 (this copies)
    [hcompact:python3] rows widen 6B -> 12B per relator at 1 states (in place)
    [hcompact:python3] reservation exceeded at 2,060,545 states; growing to 4,140,242 (this copies)
    [hcompact:python3] reservation exceeded at 2,060,613 states; growing to 4,140,242 (this copies)
    [hcompact:python3] rows widen 6B -> 12B per relator at 1 states (in place)
    [hcompact:python3] rows widen 7B -> 12B per relator at 1 states (in place)
    [hcompact:python3] reservation exceeded at 2,060,643 states; growing to 4,140,242 (this copies)
    [hcompact:python3] reservation exceeded at 2,060,546 states; growing to 4,140,242 (this copies)
    [hcompact:python3] reservation exceeded at 2,060,545 states; growing to 4,140,242 (this copies)
    [hcompact:python3] rows widen 7B -> 12B per relator at 1 states (in place)
    [hcompact:python3] rows widen 7B -> 12B per relator at 1 states (in place)
  1950/2100 searches  3088 records  0 solved  72.7 min elapsed  ETA 5.6 min
    [hcompact:python3] rows widen 7B -> 12B per relator at 1 states (in place)
    [hcompact:python3] reservation exceeded at 2,060,661 states; growing to 4,140,242 (this copies)
    [hcompact:python3] reservation exceeded at 2,060,641 states; growing to 4,140,242 (this copies)
    [hcompact:python3] reservation exceeded at 2,060,597 states; growing to 4,140,242 (this copies)
    [hcompact:python3] rows widen 7B -> 12B per relator at 1 states (in place)
    [hcompact:python3] rows widen 6B -> 12B per relator at 1 states (in place)
    [hcompact:python3] rows widen 7B -> 12B per relator at 1 states (in place)
    [hcompact:python3] reservation exceeded at 2,060,657 states; growing to 4,140,242 (this copies)
    [hcompact:python3] reservation exceeded at 2,060,677 states; growing to 4,140,242 (this copies)
    [hcompact:python3] rows widen 6B -> 12B per relator at 1 states (in place)
    [hcompact:python3] reservation exceeded at 2,060,619 states; growing to 4,140,242 (this copies)
    [hcompact:python3] rows widen 6B -> 12B per relator at 109 states (in place)
    [hcompact:python3] reservation exceeded at 2,060,668 states; growing to 4,140,242 (this copies)
    [hcompact:python3] rows widen 6B -> 12B per relator at 1 states (in place)
    [hcompact:python3] reservation exceeded at 2,060,616 states; growing to 4,140,242 (this copies)
    [hcompact:python3] rows widen 6B -> 12B per relator at 1 states (in place)
    [hcompact:python3] reservation exceeded at 2,060,711 states; growing to 4,140,242 (this copies)
    [hcompact:python3] reservation exceeded at 4,130,654 states; growing to 8,280,484 (this copies)
    [hcompact:python3] reservation exceeded at 2,060,672 states; growing to 4,140,242 (this copies)
    [hcompact:python3] reservation exceeded at 4,130,746 states; growing to 8,280,484 (this copies)
    [hcompact:python3] rows widen 6B -> 12B per relator at 1 states (in place)
    [hcompact:python3] rows widen 6B -> 12B per relator at 1 states (in place)
    [hcompact:python3] rows widen 8B -> 12B per relator at 1 states (in place)
    [hcompact:python3] reservation exceeded at 2,060,682 states; growing to 4,140,242 (this copies)
    [hcompact:python3] rows widen 7B -> 12B per relator at 1 states (in place)
    [hcompact:python3] reservation exceeded at 2,060,645 states; growing to 4,140,242 (this copies)
    [hcompact:python3] rows widen 8B -> 12B per relator at 1 states (in place)
    [hcompact:python3] rows widen 8B -> 12B per relator at 1 states (in place)
    [hcompact:python3] rows widen 6B -> 12B per relator at 1 states (in place)
    [hcompact:python3] reservation exceeded at 4,130,819 states; growing to 8,280,484 (this copies)
    [hcompact:python3] reservation exceeded at 4,130,848 states; growing to 8,280,484 (this copies)
    [hcompact:python3] rows widen 6B -> 12B per relator at 1 states (in place)
    [hcompact:python3] reservation exceeded at 2,060,521 states; growing to 4,140,242 (this copies)
    [hcompact:python3] rows widen 6B -> 12B per relator at 1 states (in place)
    [hcompact:python3] rows widen 6B -> 12B per relator at 1 states (in place)
    [hcompact:python3] reservation exceeded at 2,060,607 states; growing to 4,140,242 (this copies)
    [hcompact:python3] reservation exceeded at 2,060,621 states; growing to 4,140,242 (this copies)
    [hcompact:python3] reservation exceeded at 2,060,553 states; growing to 4,140,242 (this copies)
    [hcompact:python3] rows widen 6B -> 12B per relator at 93 states (in place)
    [hcompact:python3] rows widen 6B -> 12B per relator at 1 states (in place)
    [hcompact:python3] reservation exceeded at 4,130,747 states; growing to 8,280,484 (this copies)
    [hcompact:python3] reservation exceeded at 2,060,632 states; growing to 4,140,242 (this copies)
    [hcompact:python3] reservation exceeded at 2,060,779 states; growing to 4,140,242 (this copies)
    [hcompact:python3] rows widen 6B -> 12B per relator at 1 states (in place)
    [hcompact:python3] rows widen 6B -> 12B per relator at 1 states (in place)
    [hcompact:python3] reservation exceeded at 2,060,632 states; growing to 4,140,242 (this copies)
    [hcompact:python3] reservation exceeded at 4,130,901 states; growing to 8,280,484 (this copies)
    [hcompact:python3] reservation exceeded at 2,060,525 states; growing to 4,140,242 (this copies)
    [hcompact:python3] rows widen 6B -> 12B per relator at 1 states (in place)
    [hcompact:python3] rows widen 6B -> 12B per relator at 1 states (in place)
    [hcompact:python3] reservation exceeded at 4,130,739 states; growing to 8,280,484 (this copies)
    [hcompact:python3] reservation exceeded at 2,060,632 states; growing to 4,140,242 (this copies)
    [hcompact:python3] reservation exceeded at 2,060,725 states; growing to 4,140,242 (this copies)
    [hcompact:python3] rows widen 7B -> 12B per relator at 1 states (in place)
    [hcompact:python3] rows widen 6B -> 12B per relator at 1 states (in place)
    [hcompact:python3] rows widen 7B -> 12B per relator at 1 states (in place)
    [hcompact:python3] rows widen 6B -> 12B per relator at 1 states (in place)
    [hcompact:python3] reservation exceeded at 2,060,636 states; growing to 4,140,242 (this copies)
    [hcompact:python3] rows widen 6B -> 12B per relator at 1 states (in place)
    [hcompact:python3] reservation exceeded at 2,060,614 states; growing to 4,140,242 (this copies)
    [hcompact:python3] reservation exceeded at 2,060,526 states; growing to 4,140,242 (this copies)
    [hcompact:python3] reservation exceeded at 2,060,632 states; growing to 4,140,242 (this copies)
    [hcompact:python3] reservation exceeded at 4,130,879 states; growing to 8,280,484 (this copies)
    [hcompact:python3] rows widen 6B -> 12B per relator at 1 states (in place)
    [hcompact:python3] rows widen 6B -> 12B per relator at 1 states (in place)
    [hcompact:python3] rows widen 6B -> 12B per relator at 246 states (in place)
    [hcompact:python3] reservation exceeded at 2,060,749 states; growing to 4,140,242 (this copies)
    [hcompact:python3] reservation exceeded at 2,060,632 states; growing to 4,140,242 (this copies)
    [hcompact:python3] reservation exceeded at 2,060,585 states; growing to 4,140,242 (this copies)
    [hcompact:python3] rows widen 6B -> 12B per relator at 1 states (in place)
    [hcompact:python3] reservation exceeded at 4,130,711 states; growing to 8,280,484 (this copies)
    [hcompact:python3] rows widen 6B -> 12B per relator at 1 states (in place)
    [hcompact:python3] rows widen 6B -> 12B per relator at 1 states (in place)
    [hcompact:python3] reservation exceeded at 2,060,526 states; growing to 4,140,242 (this copies)
    [hcompact:python3] reservation exceeded at 2,060,546 states; growing to 4,140,242 (this copies)
    [hcompact:python3] rows widen 6B -> 12B per relator at 1 states (in place)
    [hcompact:python3] reservation exceeded at 2,060,557 states; growing to 4,140,242 (this copies)
    [hcompact:python3] rows widen 7B -> 12B per relator at 1 states (in place)
    [hcompact:python3] reservation exceeded at 2,060,652 states; growing to 4,140,242 (this copies)
    [hcompact:python3] rows widen 7B -> 12B per relator at 1 states (in place)
    [hcompact:python3] reservation exceeded at 2,060,644 states; growing to 4,140,242 (this copies)
    [hcompact:python3] rows widen 7B -> 12B per relator at 1 states (in place)
    [hcompact:python3] reservation exceeded at 2,060,612 states; growing to 4,140,242 (this copies)
    [hcompact:python3] rows widen 7B -> 12B per relator at 1 states (in place)
    [hcompact:python3] rows widen 7B -> 12B per relator at 1 states (in place)
    [hcompact:python3] reservation exceeded at 2,060,703 states; growing to 4,140,242 (this copies)
    [hcompact:python3] reservation exceeded at 2,060,660 states; growing to 4,140,242 (this copies)
    [hcompact:python3] rows widen 6B -> 12B per relator at 1 states (in place)
    [hcompact:python3] reservation exceeded at 2,060,626 states; growing to 4,140,242 (this copies)
    [hcompact:python3] rows widen 7B -> 12B per relator at 1 states (in place)
    [hcompact:python3] reservation exceeded at 2,060,597 states; growing to 4,140,242 (this copies)
    [hcompact:python3] rows widen 6B -> 12B per relator at 1 states (in place)
    [hcompact:python3] reservation exceeded at 2,060,625 states; growing to 4,140,242 (this copies)
    [hcompact:python3] rows widen 6B -> 12B per relator at 109 states (in place)
    [hcompact:python3] reservation exceeded at 2,060,641 states; growing to 4,140,242 (this copies)
    [hcompact:python3] rows widen 6B -> 12B per relator at 1 states (in place)
    [hcompact:python3] reservation exceeded at 2,060,578 states; growing to 4,140,242 (this copies)
    [hcompact:python3] rows widen 6B -> 12B per relator at 1 states (in place)
    [hcompact:python3] reservation exceeded at 2,060,541 states; growing to 4,140,242 (this copies)
    [hcompact:python3] reservation exceeded at 2,060,618 states; growing to 4,140,242 (this copies)
    [hcompact:python3] reservation exceeded at 4,130,810 states; growing to 8,280,484 (this copies)
    [hcompact:python3] rows widen 6B -> 12B per relator at 1 states (in place)
    [hcompact:python3] reservation exceeded at 4,130,834 states; growing to 8,280,484 (this copies)
    [hcompact:python3] rows widen 6B -> 12B per relator at 1 states (in place)
    [hcompact:python3] rows widen 7B -> 12B per relator at 1 states (in place)
    [hcompact:python3] reservation exceeded at 2,060,661 states; growing to 4,140,242 (this copies)
  2000/2100 searches  3138 records  0 solved  75.8 min elapsed  ETA 3.8 min
    [hcompact:python3] rows widen 7B -> 12B per relator at 1 states (in place)
    [hcompact:python3] reservation exceeded at 2,060,618 states; growing to 4,140,242 (this copies)
    [hcompact:python3] rows widen 8B -> 12B per relator at 1 states (in place)
    [hcompact:python3] rows widen 8B -> 12B per relator at 1 states (in place)
    [hcompact:python3] reservation exceeded at 4,130,733 states; growing to 8,280,484 (this copies)
    [hcompact:python3] rows widen 6B -> 12B per relator at 1 states (in place)
    [hcompact:python3] reservation exceeded at 4,130,734 states; growing to 8,280,484 (this copies)
    [hcompact:python3] rows widen 6B -> 12B per relator at 1 states (in place)
    [hcompact:python3] rows widen 6B -> 12B per relator at 1 states (in place)
    [hcompact:python3] reservation exceeded at 2,060,525 states; growing to 4,140,242 (this copies)
    [hcompact:python3] rows widen 6B -> 12B per relator at 1 states (in place)
    [hcompact:python3] reservation exceeded at 2,060,522 states; growing to 4,140,242 (this copies)
    [hcompact:python3] reservation exceeded at 2,060,702 states; growing to 4,140,242 (this copies)
    [hcompact:python3] rows widen 6B -> 12B per relator at 109 states (in place)
    [hcompact:python3] reservation exceeded at 4,130,874 states; growing to 8,280,484 (this copies)
    [hcompact:python3] reservation exceeded at 2,060,644 states; growing to 4,140,242 (this copies)
    [hcompact:python3] reservation exceeded at 4,130,894 states; growing to 8,280,484 (this copies)
    [hcompact:python3] rows widen 6B -> 12B per relator at 1 states (in place)
    [hcompact:python3] rows widen 6B -> 12B per relator at 1 states (in place)
    [hcompact:python3] reservation exceeded at 4,130,788 states; growing to 8,280,484 (this copies)
    [hcompact:python3] reservation exceeded at 2,060,684 states; growing to 4,140,242 (this copies)
    [hcompact:python3] rows widen 6B -> 12B per relator at 1 states (in place)
    [hcompact:python3] reservation exceeded at 2,060,601 states; growing to 4,140,242 (this copies)
    [hcompact:python3] reservation exceeded at 4,130,684 states; growing to 8,280,484 (this copies)
    [hcompact:python3] reservation exceeded at 2,060,641 states; growing to 4,140,242 (this copies)
    [hcompact:python3] rows widen 6B -> 12B per relator at 1 states (in place)
    [hcompact:python3] rows widen 7B -> 12B per relator at 1 states (in place)
    [hcompact:python3] rows widen 7B -> 12B per relator at 1 states (in place)
    [hcompact:python3] rows widen 8B -> 12B per relator at 1 states (in place)
    [hcompact:python3] reservation exceeded at 4,130,829 states; growing to 8,280,484 (this copies)
    [hcompact:python3] reservation exceeded at 2,060,727 states; growing to 4,140,242 (this copies)
    [hcompact:python3] rows widen 8B -> 12B per relator at 1 states (in place)
    [hcompact:python3] rows widen 6B -> 12B per relator at 1 states (in place)
    [hcompact:python3] rows widen 6B -> 12B per relator at 1 states (in place)
    [hcompact:python3] reservation exceeded at 4,130,668 states; growing to 8,280,484 (this copies)
    [hcompact:python3] rows widen 6B -> 12B per relator at 1 states (in place)
    [hcompact:python3] reservation exceeded at 2,060,586 states; growing to 4,140,242 (this copies)
    [hcompact:python3] rows widen 6B -> 12B per relator at 1 states (in place)
    [hcompact:python3] rows widen 6B -> 12B per relator at 260 states (in place)
    [hcompact:python3] reservation exceeded at 2,060,754 states; growing to 4,140,242 (this copies)
    [hcompact:python3] rows widen 6B -> 12B per relator at 1 states (in place)
    [hcompact:python3] reservation exceeded at 2,060,662 states; growing to 4,140,242 (this copies)
    [hcompact:python3] reservation exceeded at 4,130,835 states; growing to 8,280,484 (this copies)
    [hcompact:python3] reservation exceeded at 2,060,572 states; growing to 4,140,242 (this copies)
    [hcompact:python3] rows widen 6B -> 12B per relator at 1 states (in place)
    [hcompact:python3] rows widen 6B -> 12B per relator at 1 states (in place)
    [hcompact:python3] rows widen 6B -> 12B per relator at 1 states (in place)
    [hcompact:python3] reservation exceeded at 2,060,662 states; growing to 4,140,242 (this copies)
    [hcompact:python3] reservation exceeded at 2,060,569 states; growing to 4,140,242 (this copies)
    [hcompact:python3] reservation exceeded at 2,060,662 states; growing to 4,140,242 (this copies)
    [hcompact:python3] rows widen 7B -> 12B per relator at 1 states (in place)
    [hcompact:python3] rows widen 8B -> 12B per relator at 1 states (in place)
    [hcompact:python3] rows widen 7B -> 12B per relator at 1 states (in place)
    [hcompact:python3] reservation exceeded at 2,060,538 states; growing to 4,140,242 (this copies)
    [hcompact:python3] reservation exceeded at 2,060,574 states; growing to 4,140,242 (this copies)
    [hcompact:python3] reservation exceeded at 2,060,545 states; growing to 4,140,242 (this copies)
    [hcompact:python3] rows widen 8B -> 12B per relator at 1 states (in place)
    [hcompact:python3] rows widen 7B -> 12B per relator at 1 states (in place)
    [hcompact:python3] rows widen 6B -> 12B per relator at 1 states (in place)
    [hcompact:python3] reservation exceeded at 4,130,823 states; growing to 8,280,484 (this copies)
    [hcompact:python3] rows widen 7B -> 12B per relator at 1 states (in place)
    [hcompact:python3] reservation exceeded at 2,060,662 states; growing to 4,140,242 (this copies)
    [hcompact:python3] reservation exceeded at 2,060,560 states; growing to 4,140,242 (this copies)
    [hcompact:python3] rows widen 6B -> 12B per relator at 1 states (in place)
    [hcompact:python3] reservation exceeded at 2,060,556 states; growing to 4,140,242 (this copies)
    [hcompact:python3] rows widen 6B -> 12B per relator at 256 states (in place)
    [hcompact:python3] reservation exceeded at 2,060,662 states; growing to 4,140,242 (this copies)
    [hcompact:python3] reservation exceeded at 2,060,524 states; growing to 4,140,242 (this copies)
    [hcompact:python3] rows widen 6B -> 12B per relator at 1 states (in place)
    [hcompact:python3] rows widen 6B -> 12B per relator at 1 states (in place)
    [hcompact:python3] reservation exceeded at 2,060,552 states; growing to 4,140,242 (this copies)
    [hcompact:python3] rows widen 6B -> 12B per relator at 1 states (in place)
    [hcompact:python3] rows widen 6B -> 12B per relator at 1 states (in place)
    [hcompact:python3] reservation exceeded at 2,060,561 states; growing to 4,140,242 (this copies)
    [hcompact:python3] reservation exceeded at 2,060,653 states; growing to 4,140,242 (this copies)
    [hcompact:python3] reservation exceeded at 2,060,524 states; growing to 4,140,242 (this copies)
    [hcompact:python3] rows widen 7B -> 12B per relator at 1 states (in place)
    [hcompact:python3] rows widen 8B -> 12B per relator at 1 states (in place)
    [hcompact:python3] rows widen 7B -> 12B per relator at 1 states (in place)
    [hcompact:python3] reservation exceeded at 2,060,578 states; growing to 4,140,242 (this copies)
    [hcompact:python3] reservation exceeded at 2,060,673 states; growing to 4,140,242 (this copies)
    [hcompact:python3] rows widen 8B -> 12B per relator at 1 states (in place)
    [hcompact:python3] reservation exceeded at 2,060,685 states; growing to 4,140,242 (this copies)
    [hcompact:python3] rows widen 7B -> 12B per relator at 1 states (in place)
    [hcompact:python3] reservation exceeded at 2,060,605 states; growing to 4,140,242 (this copies)
    [hcompact:python3] rows widen 6B -> 12B per relator at 1 states (in place)
    [hcompact:python3] reservation exceeded at 2,060,564 states; growing to 4,140,242 (this copies)
    [hcompact:python3] rows widen 7B -> 12B per relator at 1 states (in place)
    [hcompact:python3] rows widen 6B -> 12B per relator at 1 states (in place)
    [hcompact:python3] reservation exceeded at 2,060,518 states; growing to 4,140,242 (this copies)
    [hcompact:python3] reservation exceeded at 2,060,589 states; growing to 4,140,242 (this copies)
    [hcompact:python3] reservation exceeded at 2,060,524 states; growing to 4,140,242 (this copies)
    [hcompact:python3] rows widen 6B -> 12B per relator at 4,516 states (in place)
    [hcompact:python3] rows widen 6B -> 12B per relator at 1,730 states (in place)
    [hcompact:python3] rows widen 6B -> 12B per relator at 5,849 states (in place)
    [hcompact:python3] rows widen 6B -> 12B per relator at 4,429 states (in place)
  2050/2100 searches  3188 records  0 solved  78.9 min elapsed  ETA 1.9 min
    [hcompact:python3] rows widen 6B -> 12B per relator at 2,043 states (in place)
    [hcompact:python3] rows widen 6B -> 12B per relator at 2,134 states (in place)
    [hcompact:python3] rows widen 6B -> 12B per relator at 2,008 states (in place)
    [hcompact:python3] reservation exceeded at 2,060,613 states; growing to 4,140,242 (this copies)
    [hcompact:python3] rows widen 6B -> 12B per relator at 2,532 states (in place)
    [hcompact:python3] rows widen 6B -> 12B per relator at 1 states (in place)
    [hcompact:python3] rows widen 6B -> 12B per relator at 1,424 states (in place)
    [hcompact:python3] reservation exceeded at 2,060,607 states; growing to 4,140,242 (this copies)
    [hcompact:python3] rows widen 6B -> 12B per relator at 1,529 states (in place)
    [hcompact:python3] rows widen 6B -> 12B per relator at 1 states (in place)
    [hcompact:python3] reservation exceeded at 2,060,607 states; growing to 4,140,242 (this copies)
    [hcompact:python3] rows widen 6B -> 12B per relator at 1,654 states (in place)
    [hcompact:python3] rows widen 6B -> 12B per relator at 5,208 states (in place)
    [hcompact:python3] reservation exceeded at 2,060,601 states; growing to 4,140,242 (this copies)
    [hcompact:python3] reservation exceeded at 2,060,556 states; growing to 4,140,242 (this copies)
    [hcompact:python3] rows widen 6B -> 12B per relator at 34,926 states (in place)
    [hcompact:python3] rows widen 6B -> 12B per relator at 2,664 states (in place)
    [hcompact:python3] rows widen 6B -> 12B per relator at 5,586 states (in place)
    [hcompact:python3] rows widen 6B -> 12B per relator at 4,762 states (in place)
    [hcompact:python3] rows widen 6B -> 12B per relator at 21,595 states (in place)
    [hcompact:python3] rows widen 6B -> 12B per relator at 20,025 states (in place)
    [hcompact:python3] reservation exceeded at 2,060,557 states; growing to 4,140,242 (this copies)
    [hcompact:python3] rows widen 6B -> 12B per relator at 793 states (in place)
    [hcompact:python3] rows widen 6B -> 12B per relator at 1 states (in place)
    [hcompact:python3] rows widen 6B -> 12B per relator at 1,897 states (in place)
    [hcompact:python3] reservation exceeded at 2,060,523 states; growing to 4,140,242 (this copies)
    [hcompact:python3] rows widen 6B -> 12B per relator at 5,858 states (in place)
    [hcompact:python3] rows widen 6B -> 12B per relator at 1 states (in place)
    [hcompact:python3] reservation exceeded at 2,060,625 states; growing to 4,140,242 (this copies)
    [hcompact:python3] rows widen 6B -> 12B per relator at 1,699 states (in place)
    [hcompact:python3] reservation exceeded at 2,060,523 states; growing to 4,140,242 (this copies)
    [hcompact:python3] rows widen 6B -> 12B per relator at 2,593 states (in place)
    [hcompact:python3] reservation exceeded at 2,060,531 states; growing to 4,140,242 (this copies)
    [hcompact:python3] rows widen 6B -> 12B per relator at 19,678 states (in place)
    [hcompact:python3] reservation exceeded at 2,060,615 states; growing to 4,140,242 (this copies)
    [hcompact:python3] rows widen 6B -> 12B per relator at 1,516 states (in place)
    [hcompact:python3] rows widen 6B -> 12B per relator at 617 states (in place)
    [hcompact:python3] rows widen 6B -> 12B per relator at 1,748 states (in place)
    [hcompact:python3] rows widen 6B -> 12B per relator at 65 states (in place)
    [hcompact:python3] rows widen 6B -> 12B per relator at 1 states (in place)
    [hcompact:python3] reservation exceeded at 2,060,549 states; growing to 4,140,242 (this copies)
    [hcompact:python3] rows widen 6B -> 12B per relator at 1 states (in place)
    [hcompact:python3] rows widen 6B -> 12B per relator at 1 states (in place)
    [hcompact:python3] rows widen 6B -> 12B per relator at 67 states (in place)
    [hcompact:python3] reservation exceeded at 2,060,583 states; growing to 4,140,242 (this copies)
    [hcompact:python3] rows widen 6B -> 12B per relator at 3,792 states (in place)
    [hcompact:python3] reservation exceeded at 2,060,656 states; growing to 4,140,242 (this copies)
    [hcompact:python3] rows widen 6B -> 12B per relator at 1 states (in place)
    [hcompact:python3] reservation exceeded at 2,060,563 states; growing to 4,140,242 (this copies)
    [hcompact:python3] rows widen 6B -> 12B per relator at 79 states (in place)
    [hcompact:python3] rows widen 6B -> 12B per relator at 3,918 states (in place)
    [hcompact:python3] reservation exceeded at 2,060,521 states; growing to 4,140,242 (this copies)
    [hcompact:python3] reservation exceeded at 2,060,541 states; growing to 4,140,242 (this copies)
    [hcompact:python3] rows widen 6B -> 12B per relator at 1,267 states (in place)
    [hcompact:python3] rows widen 6B -> 12B per relator at 67 states (in place)
    [hcompact:python3] rows widen 6B -> 12B per relator at 3,863 states (in place)
    [hcompact:python3] rows widen 6B -> 12B per relator at 67 states (in place)
    [hcompact:python3] reservation exceeded at 2,060,547 states; growing to 4,140,242 (this copies)
    [hcompact:python3] rows widen 6B -> 12B per relator at 1 states (in place)
    [hcompact:python3] rows widen 6B -> 12B per relator at 1 states (in place)
    [hcompact:python3] reservation exceeded at 2,060,527 states; growing to 4,140,242 (this copies)
    [hcompact:python3] rows widen 6B -> 12B per relator at 1 states (in place)
    [hcompact:python3] rows widen 6B -> 12B per relator at 1 states (in place)
    [hcompact:python3] rows widen 6B -> 12B per relator at 1 states (in place)
    [hcompact:python3] reservation exceeded at 2,060,547 states; growing to 4,140,242 (this copies)
    [hcompact:python3] reservation exceeded at 2,060,537 states; growing to 4,140,242 (this copies)
    [hcompact:python3] rows widen 6B -> 12B per relator at 155 states (in place)
    [hcompact:python3] reservation exceeded at 2,060,585 states; growing to 4,140,242 (this copies)
    [hcompact:python3] rows widen 6B -> 12B per relator at 1 states (in place)
    [hcompact:python3] rows widen 6B -> 12B per relator at 87 states (in place)
    [hcompact:python3] reservation exceeded at 2,060,710 states; growing to 4,140,242 (this copies)
    [hcompact:python3] reservation exceeded at 2,060,611 states; growing to 4,140,242 (this copies)
    [hcompact:python3] reservation exceeded at 2,060,574 states; growing to 4,140,242 (this copies)
  2100/2100 searches  3238 records  0 solved  80.6 min elapsed  ETA 0.0 min
done: 2100 searches, 3238 records, 0 verified solves in 80.6 min with 3 workers
verify_applied: 3447 records, 0 claimed solves checked, 0 ok, 0 failed
