name,r1,r2,n_members,members,missing_arms_10k,reason
ac19_0,X,YYXyx,200,0 1 2 3 4 5 8 11 20 29 50 71 120 169 1561 1772 6160 6926 7363 10815 11213 12677 13243 13796 14637 17586 18163 18182 18802 18955 19092 19556 20217 20332 21647 21748 22047 22660 23778 23921 23985 24105 25248 27012 28545 28684 29391 30206 30281 30738 31792 34018 34773 35604 35843 36114 36511 37254 37279 40993 42267 42381 43034 43486 43580 43834 44436 45569 47777 48041 48124 49408 49699 50701 51238 51930 52606 52638 52906 53314 54177 54236 55674 56916 57597 58102 59521 60165 60341 60511 60915 61116 62823 63675 64208 64238 64772 65610 65628 65957 67172 67404 67766 68087 68163 69720 70735 70822 71669 77423 77898 78703 79291 81594 82764 82959 83593 84605 84949 85284 85690 86613 86700 86943 87467 87563 87865 88825 90374 91031 91757 92950 93260 93422 94141 94324 94789 96518 96921 99544 99888 102070 104499 105589 105894 105961 106449 106753 109511 109687 110877 112345 112576 113438 113807 114222 115360 116305 117971 117993 118114 118942 120359 121359 123933 123961 124631 124749 124790 124909 128069 128186 128286 128390 129690 132184 132566 134276 136804 136858 136877 137055 138219 138441 139053 139135 139797 140166 141569 142146 142311 143037 143959 147484 148611 149149 149193 152684 153577 155614,baseline,incomplete_all_existing_solved
ac19_1,YYXyX,YXXyx,180,6 10 13 14 22 28 35 36 52 67 89 90 122 160 1874 3381 4175 4726 4908 5146 5665 5680 6465 6789 6869 7095 7419 8900 9005 9336 9796 10650 11818 12505 12565 14076 14572 14949 15611 16524 19787 20519 20662 21435 22180 23094 25394 25558 26097 26438 27313 27736 29088 29349 30042 30957 31384 31626 31666 35733 35988 38548 42418 42734 42944 43402 44075 46131 46382 46878 47352 48220 49877 50590 51720 55554 55657 55666 61838 63727 65276 66817 67654 67967 68374 70255 70499 71310 71454 71704 72332 73675 73896 74289 74610 74715 75485 76476 76744 77512 77798 78508 78718 78850 79151 79780 81880 82388 83698 84106 84695 84856 84934 85092 85516 85715 85870 85883 86235 88112 88592 88820 89897 90006 90040 92295 94749 95497 97404 97683 98107 99229 99550 99757 102670 103571 103653 105172 105944 107309 107754 108263 108404 108759 113254 115626 119185 119942 121664 123411 124350 125408 125809 126559 127205 127269 127379 129728 130403 131209 133551 133883 136744 137062 138196 138456 138490 140482 141011 141155 144187 145323 146269 147750 149462 150723 152958 153145 155191 155885,s20_f4,incomplete_all_existing_solved
ac19_10,YXXyx,YYXXXyx,39,41 59 97 98 131 157 741 4522 7852 15505 18018 19874 24018 24402 24486 39152 42159 43236 59919 59927 71203 74784 90627 94242 105178 106445 109249 114108 120240 121060 131109 133587 134480 138426 140929 142106 150660 155128 155133,"baseline,s20_mk2,s20_mk2_mK2",incomplete_all_existing_solved
ac19_10002,YXYXyx,YYYXyXXYxYXyx,1,12241,s20_f4,incomplete_all_existing_solved
ac19_10007,YYXyXyx,YXXXXXX,3,12247 54632 95435,baseline,incomplete_all_existing_solved
ac19_10009,YXXyx,YYXYxyyXXYXXyX,1,12249,s20_f4,incomplete_all_existing_solved
ac19_10014,YYXYxYXXyx,YYXyyxYYXyx,3,12255 28576 74370,"baseline,s20_mk2_mK2",incomplete_all_existing_solved
ac19_10019,YYXXYx,YYXXXYxyxYXYx,1,12263,baseline,incomplete_all_existing_solved
ac19_1002,YYXXYx,YYXXyXXYYxxyx,1,1559,baseline,incomplete_all_existing_solved
ac19_10021,YXYXyx,YYYYxxyyXXXYXyX,1,12265,s20_mk2,incomplete_all_existing_solved
ac19_10024,YYXXyxx,YYYYXYXYx,6,12269 27631 30124 90112 114009 132641,baseline,incomplete_all_existing_solved
ac19_10034,YXXyx,YYXXXXyXXYxyx,4,12281 58223 81913 120560,baseline,incomplete_all_existing_solved
ac19_10036,YXXYXXX,YYYXXXyyx,6,12283 55731 65792 139944 142621 147681,baseline,incomplete_all_existing_solved
ac19_1004,YXXYx,YYYXyyxxyXXYx,1,1562,baseline,incomplete_all_existing_solved
ac19_1005,YYXXX,YYYYYxyXyXXyyx,1,1563,s20_f4,incomplete_all_existing_solved
ac19_10072,YXXYxxyx,YXyXyXXYxyx,3,12333 22356 115643,s20_mk2,incomplete_all_existing_solved
ac19_1012,YXXYx,YYXXyyxYxyxxyX,1,1570,baseline,incomplete_all_existing_solved
ac19_10146,YXXXyxx,YYXyxYXXyXXX,1,12428,s20_f4,incomplete_all_existing_solved
ac19_10157,YXX,YYYXyyyXyXYYXYx,1,12442,"baseline,s20_mk2,s20_mk2_mK2,s20_f4",never_10k
ac19_10167,YXXYx,YYXYYxyXYXyx,2,12457 65845,s20_mk2,incomplete_all_existing_solved
ac19_10171,YYXXX,YYXYXyXXXXYxx,3,12461 73155 100387,s20_mk2,incomplete_all_existing_solved
ac19_10194,YXXyx,YYYXYxyyyxxyyx,4,12494 41338 83120 119446,baseline,incomplete_all_existing_solved
ac19_10206,YYXXYXyxx,YYYXyXXYxx,1,12511,s20_f4,incomplete_all_existing_solved
ac19_10216,YXXyXyxx,YYxxyxxYX,10,12525 15891 38245 44809 46478 87809 98041 101542 109032 147468,s20_mk2,incomplete_all_existing_solved
ac19_10219,YXXyx,YYYXyyXyxxxxYX,1,12529,s20_f4,incomplete_all_existing_solved
ac19_10221,YXXXyxx,YYXyXXXYXyXX,1,12532,baseline,incomplete_all_existing_solved
ac19_10224,YXXYx,YYYXyXyXyyxxxx,1,12535,s20_mk2_mK2,incomplete_all_existing_solved
ac19_10226,YXXXX,YYXyyxYYXXyX,1,12537,"s20_mk2,s20_mk2_mK2",incomplete_all_existing_solved
ac19_10227,YXXyx,YYXYxyyxxyXyxx,1,12538,s20_mk2_mK2,incomplete_all_existing_solved
ac19_10231,YXXyx,YYXyxxyyxyXYx,3,12543 22481 76629,"baseline,s20_mk2",incomplete_all_existing_solved
ac19_10235,YXYXyx,YYXyyXyxxxxyx,1,12548,s20_mk2,incomplete_all_existing_solved
ac19_10239,YXXYx,YYYXyXYxxyXyx,3,12555 119638 131357,s20_f4,incomplete_all_existing_solved
ac19_10246,YYXXYx,YYXyyXyyxxxYX,1,12567,s20_mk2_mK2,incomplete_all_existing_solved
ac19_10265,YXXyx,YYXYXYYXyyXyyx,2,12594 123112,baseline,incomplete_all_existing_solved
ac19_10267,YXXyx,YYYXXyxyxxyyXX,1,12597,"s20_mk2_mK2,s20_f4",incomplete_all_existing_solved
ac19_1027,YXXYx,YYXXXyXYXyxxxx,1,1586,"s20_mk2,s20_mk2_mK2,s20_f4",incomplete_all_existing_solved
ac19_10272,YXXyx,YYXyxYXyxYxyXX,1,12604,"baseline,s20_mk2,s20_f4",incomplete_all_existing_solved
ac19_10292,YXyXXXyx,YYYxxxyXXXyyx,2,12631 80906,baseline,incomplete_all_existing_solved
ac19_1032,YXXYx,YYXXYxYxYXX,2,1591 81383,"baseline,s20_mk2,s20_mk2_mK2,s20_f4",never_10k
ac19_10322,YYXXyXXYx,YXXXYXXXYx,1,12670,s20_mk2_mK2,incomplete_all_existing_solved
ac19_10329,YYXXXYx,YYYYxxyyXXX,1,12679,baseline,incomplete_all_existing_solved
ac19_10344,YXXyx,YYXXYYXXyXyyxx,1,12702,s20_mk2_mK2,incomplete_all_existing_solved
ac19_10364,YXXyx,YYYXXyxxyxyxYx,1,12734,s20_mk2_mK2,incomplete_all_existing_solved
ac19_10416,YYXXyxx,YYXXXYxYxxyX,1,12807,s20_mk2,incomplete_all_existing_solved
ac19_10417,YXyXXyx,YYxyxYXYxyx,5,12808 27126 61985 98482 113795,"baseline,s20_mk2,s20_f4",incomplete_all_existing_solved
ac19_10421,YYXXyx,YYYxyyXXyxYYX,1,12812,"baseline,s20_mk2",incomplete_all_existing_solved
ac19_10429,YYXXX,YYYYYXyxyXyyX,2,12824 74483,s20_mk2_mK2,incomplete_all_existing_solved
ac19_10434,YXXYXXyxx,YXXyXXYxxx,7,12829 43886 59331 85755 105551 129429 131369,s20_f4,incomplete_all_existing_solved
ac19_10439,YXX,YYYxYXyyXYXyyx,2,12838 22422,s20_f4,incomplete_all_existing_solved
ac19_10452,YXXYx,YYXXXYYxYXyyx,1,12854,"baseline,s20_mk2",incomplete_all_existing_solved
ac19_1047,YXXYxxyx,YYxxyXYxyXX,2,1606 146790,"s20_mk2,s20_mk2_mK2",incomplete_all_existing_solved
ac19_10481,YXXyXyX,YYxxyxyXX,5,12888 53647 64278 102655 138435,s20_mk2_mK2,incomplete_all_existing_solved
ac19_10486,YXXyx,YYXyxyXyXXX,9,12893 39453 54427 62576 103888 110125 111309 146374 148224,s20_mk2_mK2,incomplete_all_existing_solved
ac19_10500,YYXXX,YYXXyyxxxxyX,3,12911 22908 36352,"baseline,s20_mk2,s20_mk2_mK2,s20_f4",never_10k
ac19_1052,YXYXX,YYYxyXXXYxyXyx,1,1612,"s20_mk2_mK2,s20_f4",incomplete_all_existing_solved
ac19_10530,YXXyx,YYXXXXyxYXyxx,3,12943 22250 58322,baseline,incomplete_all_existing_solved
ac19_10540,YXXyx,YYYXyxxyXXX,7,12954 24770 26466 57402 66754 101631 101912,baseline,incomplete_all_existing_solved
ac19_10544,YXXYx,YYYYYXYxYXyyX,4,12959 24636 26854 43120,"s20_mk2_mK2,s20_f4",incomplete_all_existing_solved
ac19_10554,YYXXYx,YYYXyXYxxYYXX,1,12973,"s20_mk2,s20_mk2_mK2,s20_f4",incomplete_all_existing_solved
ac19_1057,YXXyx,YYXXXyXYYxyxyx,1,1617,baseline,incomplete_all_existing_solved
ac19_10606,YXX,YYYXyXyxyXYx,4,13043 25097 88968 108165,"s20_mk2,s20_mk2_mK2",incomplete_all_existing_solved
ac19_10632,YXYXyx,YYYxYYXyxyXXyyx,1,13072,s20_mk2,incomplete_all_existing_solved
ac19_1065,YXYXYx,YYYXyXXyxyxYx,1,1625,s20_mk2,incomplete_all_existing_solved
ac19_10650,YXYXyx,YYYYxYxyyXyXX,2,13092 116552,s20_mk2,incomplete_all_existing_solved
ac19_10657,YYXXYx,YYYYYYXXYYxyX,1,13101,s20_f4,incomplete_all_existing_solved
ac19_10659,YXXXyXyX,YYXyXYxyxyx,2,13103 131889,s20_mk2_mK2,incomplete_all_existing_solved
ac19_10677,YYXXXyyxx,YYXXXyyXYx,1,13123,s20_f4,incomplete_all_existing_solved
ac19_10696,YXXYx,YYXXYXyXYxYxYX,1,13147,"s20_mk2,s20_mk2_mK2,s20_f4",incomplete_all_existing_solved
ac19_1070,YYXXX,YXyXyXYxxxyx,9,1630 20604 24259 37039 41054 75030 87529 110230 149123,"baseline,s20_mk2",incomplete_all_existing_solved
ac19_10704,YYYXyXyyx,YXXXXyXyx,3,13155 30340 82687,baseline,incomplete_all_existing_solved
ac19_10729,YXYXyx,YYYXXXyXYXyXYxx,3,13191 34593 124236,s20_mk2_mK2,incomplete_all_existing_solved
ac19_10734,YXXyxYx,YYxYXYxxxYXX,2,13197 140295,s20_mk2_mK2,incomplete_all_existing_solved
ac19_10739,YXXyx,YYYXyyxYxyxyyX,2,13202 101325,"baseline,s20_f4",incomplete_all_existing_solved
ac19_10744,YYXXX,YYXyyXyXYxxyxx,1,13208,"baseline,s20_mk2",incomplete_all_existing_solved
ac19_10797,YXYXyx,YYYXyXyxYxyXX,2,13275 148614,"s20_mk2_mK2,s20_f4",incomplete_all_existing_solved
ac19_10802,YXX,YYYXyxyXyxx,2,13280 113582,baseline,incomplete_all_existing_solved
ac19_10834,YXXyx,YYYYYYXyxyXyXyyX,2,13325 31487,"s20_mk2,s20_mk2_mK2",incomplete_all_existing_solved
ac19_10840,YXXyx,YYXXyyxyXXXYYx,1,13335,"baseline,s20_mk2",incomplete_all_existing_solved
ac19_10844,YXXyx,YYXYXyxyyxYx,6,13341 91337 117678 121741 142252 146955,"baseline,s20_mk2_mK2",incomplete_all_existing_solved
ac19_10849,YYXXYXX,YYYXyyXyyxxx,1,13347,s20_mk2,incomplete_all_existing_solved
ac19_10855,YXXyx,YYXYXXyXyXyXYX,1,13353,s20_mk2,incomplete_all_existing_solved
ac19_10860,YYXXXXyx,YYYXXyyXYXX,1,13358,"baseline,s20_f4",incomplete_all_existing_solved
ac19_10866,YXXYx,YYYXXYYxyXXyxx,1,13364,s20_mk2_mK2,incomplete_all_existing_solved
ac19_1087,YYXXX,YYYXXYXYXyXyx,2,1647 148253,s20_f4,incomplete_all_existing_solved
ac19_10871,YXXyx,YYYXyyXYxyXX,3,13370 61204 142668,"baseline,s20_mk2_mK2",incomplete_all_existing_solved
ac19_10876,YXXYx,YYXXyXXYXYxxxx,1,13376,s20_mk2_mK2,incomplete_all_existing_solved
ac19_1089,YXXYx,YYXXyyXyxYXYxx,1,1649,"s20_mk2,s20_mk2_mK2",incomplete_all_existing_solved
ac19_10897,YYXXyxx,YYYxxxyXXyXX,2,13404 47205,s20_mk2,incomplete_all_existing_solved
ac19_10909,YXXYx,YYXXXyyxYYxxYX,1,13420,s20_mk2,incomplete_all_existing_solved
ac19_10969,YXXYx,YYXXyXYxYYxyX,2,13504 137188,s20_f4,incomplete_all_existing_solved
ac19_10977,YXXyx,YYYXyyxyXYXXX,4,13515 57108 76136 129491,s20_mk2_mK2,incomplete_all_existing_solved
ac19_10979,YXXYxxyx,YYXXXyyxxyX,3,13518 87794 94874,"baseline,s20_mk2,s20_mk2_mK2",incomplete_all_existing_solved
ac19_11,YXXyx,YYXXyXX,50,42 62 103 104 134 164 1005 5198 7563 11629 14109 16741 17476 20131 29671 34086 36825 37683 38145 41963 44850 54989 58739 60559 60774 63537 66651 67054 70964 75194 75691 80519 87566 87643 95590 104798 107872 110400 110767 117516 120048 128233 131025 136225 138126 138483 144753 152264 154244 156099,"s20_mk2,s20_mk2_mK2",incomplete_all_existing_solved
ac19_1101,YXXXyxx,YYXyxxxYXyX,8,1662 29880 46702 50978 61710 79976 117276 144984,s20_mk2,incomplete_all_existing_solved
ac19_11024,YXXYx,YYYXXXXYXYxx,3,13580 30731 87565,s20_mk2,incomplete_all_existing_solved
ac19_11025,YXXXyXyx,YYXyxxxyX,4,13583 60998 100923 145619,s20_mk2_mK2,incomplete_all_existing_solved
ac19_11027,YYXXYXX,YYxxyxxyXyXyx,1,13586,s20_f4,incomplete_all_existing_solved
ac19_11032,YYXXYXX,YYYXyXyyxxyx,2,13593 34193,"s20_mk2,s20_mk2_mK2",incomplete_all_existing_solved
ac19_11045,YXyXXyx,YYYxyxxYXyx,11,13608 13760 21019 25172 25437 39065 50959 93134 104982 105796 153234,s20_mk2,incomplete_all_existing_solved
ac19_11069,YXXyx,YYXXXyyXyxx,6,13636 60934 61686 71685 114419 140452,"baseline,s20_mk2,s20_mk2_mK2,s20_f4",never_10k
ac19_11090,YXYXXyxYx,YYxxyXyXYX,2,13665 15330,s20_f4,incomplete_all_existing_solved
ac19_11097,YXYXyXXYx,YYXXYXyXyxx,1,13675,s20_f4,incomplete_all_existing_solved
ac19_11107,YXXYx,YYYXYYXXyXYx,3,13688 21996 100473,"s20_mk2,s20_mk2_mK2",incomplete_all_existing_solved
ac19_11132,YXXYx,YYYXyXYXXYxyxx,1,13722,"s20_mk2,s20_mk2_mK2,s20_f4",incomplete_all_existing_solved
ac19_11157,YXXYXXX,YYXyXYYXyXyx,1,13756,s20_f4,incomplete_all_existing_solved
ac19_11161,YXXYx,YYXXXYxxyXyx,4,13761 44841 116443 131137,s20_mk2_mK2,incomplete_all_existing_solved
ac19_11162,YXyXXyx,YYXyXXyyxyX,3,13762 49735 72512,s20_mk2,incomplete_all_existing_solved
ac19_11187,YXXXXYx,YYXXYXXXyXYx,1,13798,s20_f4,incomplete_all_existing_solved
ac19_11192,YYXXX,YYXXXyyxyXYYx,1,13807,"s20_mk2,s20_mk2_mK2,s20_f4",incomplete_all_existing_solved
ac19_11240,YXXyx,YYXXyyxxYxyXYx,1,13874,"s20_mk2,s20_mk2_mK2,s20_f4",incomplete_all_existing_solved
ac19_11245,YXXyx,YYXXyXYxxyyxyX,1,13880,baseline,incomplete_all_existing_solved
ac19_11254,YXX,YYYXyXyXXyXYYxx,1,13893,"baseline,s20_mk2",incomplete_all_existing_solved
ac19_11259,YYYXXXyxx,YYxxxYXXXX,1,13898,s20_mk2_mK2,incomplete_all_existing_solved
ac19_11275,YYXXyx,YYYYXyyXXYXyx,1,13916,s20_f4,incomplete_all_existing_solved
ac19_11280,YXXyx,YYXXyXXXyxxYX,3,13921 127100 144280,s20_f4,incomplete_all_existing_solved
ac19_11285,YXXYx,YYYXXXYXyyyxxx,1,13928,"baseline,s20_mk2,s20_mk2_mK2",incomplete_all_existing_solved
ac19_11304,YXXYx,YYYXYXyXyxyx,5,13954 15879 115809 147076 150248,s20_f4,incomplete_all_existing_solved
ac19_11305,YXXyx,YYXyxxxyXXYx,5,13955 46529 99997 112946 149735,"baseline,s20_mk2_mK2,s20_f4",incomplete_all_existing_solved
ac19_11315,YXXyx,YYXXYxyXXyXX,7,13965 25696 66892 88562 99829 131010 150053,baseline,incomplete_all_existing_solved
ac19_11320,YXyXYxx,YYYXYXYxxYx,4,13972 82201 82582 140384,baseline,incomplete_all_existing_solved
ac19_11322,YXXyx,YYXXYXYxyXXyyx,1,13974,s20_mk2_mK2,incomplete_all_existing_solved
ac19_11335,YXYXyx,YYxYYxyxyXXyX,1,13991,"s20_mk2,s20_mk2_mK2,s20_f4",incomplete_all_existing_solved
ac19_1134,YXYXX,YYYXYxYXXXXyyX,1,1698,s20_mk2,incomplete_all_existing_solved
ac19_11370,YXXX,YYYxxyXXyyx,2,14037 96166,"baseline,s20_mk2",incomplete_all_existing_solved
ac19_11385,YXXyx,YYYXyXyXyxxyx,4,14057 62540 118749 154238,baseline,incomplete_all_existing_solved
ac19_11402,YXXyx,YYXYxyXyXyxyx,5,14080 27072 31470 34997 93324,baseline,incomplete_all_existing_solved
ac19_11427,YXXYx,YYYXXyyXYYx,7,14114 27817 29721 30014 57821 124908 145102,s20_f4,incomplete_all_existing_solved
ac19_11432,YXYXYx,YYXXYYxxYXXyx,1,14123,"baseline,s20_mk2",incomplete_all_existing_solved
ac19_11434,YXXYx,YYXYXYYXXXYYx,4,14125 23471 88731 102593,s20_mk2,incomplete_all_existing_solved
ac19_11437,YXXyxYx,YYxxyxyXX,5,14128 46900 81914 105630 109114,s20_f4,incomplete_all_existing_solved
ac19_11439,YYXXyxx,YYYXYxyx,13,14130 20507 25887 30844 35159 49635 75318 80224 118155 124105 131371 134176 137721,s20_f4,incomplete_all_existing_solved
ac19_11455,YXYxyx,YYXyXXXyxyXyx,1,14152,baseline,incomplete_all_existing_solved
ac19_11467,YYXXyx,YXYxyXXYx,7,14166 38865 39531 61500 104751 137201 137828,s20_f4,incomplete_all_existing_solved
ac19_11470,YYXXyx,YYXXYxxyXYXyx,1,14170,"baseline,s20_mk2,s20_mk2_mK2,s20_f4",never_10k
ac19_11472,YYXXyx,YYXYYxyXXyxyX,1,14172,"s20_mk2,s20_mk2_mK2,s20_f4",incomplete_all_existing_solved
ac19_11475,YXX,YYYXyyxyyXXYx,1,14175,"baseline,s20_mk2,s20_mk2_mK2,s20_f4",never_10k
ac19_11476,YXXyx,YYXXXXXyxYXyXX,1,14176,s20_mk2,incomplete_all_existing_solved
ac19_11480,YXXYx,YYYXYxyyyXyxyx,2,14181 89024,s20_f4,incomplete_all_existing_solved
ac19_11481,YXXYx,YYYXYYxyyyxYXX,4,14182 68476 79695 121897,s20_mk2,incomplete_all_existing_solved
ac19_11485,YXYXXYx,YYYXXYXyXYx,1,14186,baseline,incomplete_all_existing_solved
ac19_11489,YYXXX,YYXYxYXyXyxyX,2,14190 53579,s20_mk2,incomplete_all_existing_solved
ac19_11492,YXXX,YYYxyXYxyyXyx,2,14195 126193,s20_mk2,incomplete_all_existing_solved
ac19_11497,YXXyxYx,YYxxxYXXYXyX,2,14200 127733,s20_f4,incomplete_all_existing_solved
ac19_11502,YXXyx,YYYXyxxyxYXyX,3,14206 52607 124658,baseline,incomplete_all_existing_solved
ac19_11509,YXYXyx,YYXYXXXyXyxYx,1,14216,"s20_mk2_mK2,s20_f4",incomplete_all_existing_solved
ac19_11514,YXX,YYXyXyXYXyXYxx,1,14222,"baseline,s20_mk2,s20_mk2_mK2",incomplete_all_existing_solved
ac19_11516,YXXYx,YYYYXXXyxxYxyX,1,14224,s20_mk2,incomplete_all_existing_solved
ac19_11531,YYXXXYX,YYXXyXXYx,5,14248 20198 66269 85404 116040,baseline,incomplete_all_existing_solved
ac19_11539,YXYXYx,YYYXXYXXYYxYx,2,14262 108491,"baseline,s20_mk2_mK2",incomplete_all_existing_solved
ac19_11541,YXXYXXyx,YYXXyXYxyXX,3,14264 50768 109310,"baseline,s20_mk2",incomplete_all_existing_solved
ac19_11554,YXYxyx,YYXXXyyxyXyyx,1,14282,"s20_mk2_mK2,s20_f4",incomplete_all_existing_solved
ac19_11559,YXX,YYYxYXXyXyyx,4,14291 51431 53482 62297,baseline,incomplete_all_existing_solved
ac19_11579,YXXyx,YYYXXyxxyyXYxx,1,14319,"s20_mk2,s20_mk2_mK2,s20_f4",incomplete_all_existing_solved
ac19_11584,YYXXyxx,YYXXYXyxx,5,14324 15228 53274 58427 130721,"baseline,s20_mk2",incomplete_all_existing_solved
ac19_11587,YXXYx,YYYXXyyx,21,14327 14681 25225 28040 31444 32469 34050 45180 48772 59043 64417 69926 87417 90049 112011 115303 124731 133739 143406 145835 149585,baseline,incomplete_all_existing_solved
ac19_11591,YXXyx,YYYYXXyyxyxx,2,14333 102380,"baseline,s20_f4",incomplete_all_existing_solved
ac19_11596,YYXXYx,YYXXYxyXyyxYx,1,14342,baseline,incomplete_all_existing_solved
ac19_11602,YXX,YYXYxYYXyXXyXyx,1,14352,"baseline,s20_mk2,s20_mk2_mK2,s20_f4",never_10k
ac19_11607,YXXYx,YYYXXYXyXYxxyx,1,14357,s20_mk2,incomplete_all_existing_solved
ac19_11609,YXYxyx,YYXYxYxYxxxyx,1,14359,"baseline,s20_mk2,s20_mk2_mK2",incomplete_all_existing_solved
ac19_11615,YYXXyxx,YYXyyXYYxYxx,1,14366,s20_mk2,incomplete_all_existing_solved
ac19_11639,YYXXYx,YYXYXXyxYYx,3,14397 49174 139546,s20_mk2_mK2,incomplete_all_existing_solved
ac19_11640,YXXYx,YYXXyxxxxYXyX,2,14398 51163,baseline,incomplete_all_existing_solved
ac19_11659,YXXYXXXYx,YYxYXXyXyx,2,14425 73209,s20_mk2,incomplete_all_existing_solved
ac19_11666,YXXyx,YYYYYXXXyyxyyxx,1,14433,s20_mk2_mK2,incomplete_all_existing_solved
ac19_11677,YYXXX,YYXYXyXyXyxxYx,1,14448,s20_mk2,incomplete_all_existing_solved
ac19_11679,YXXXyxx,YYYXyXyxx,5,14451 15982 34287 45864 85089,"s20_mk2,s20_mk2_mK2,s20_f4",incomplete_all_existing_solved
ac19_11682,YXXXX,YYYYXXXyyXyx,1,14454,baseline,incomplete_all_existing_solved
ac19_11689,YXXyx,YYXyxYxxxyX,9,14463 69376 81533 86451 107006 127558 133083 143467 155881,baseline,incomplete_all_existing_solved
ac19_11694,YXXyxYx,YYXXyyXYxx,4,14470 16435 36157 77306,"s20_mk2_mK2,s20_f4",incomplete_all_existing_solved
ac19_11699,YXXyx,YYYYXyyyxxxxxxx,2,14479 44243,s20_mk2,incomplete_all_existing_solved
ac19_11727,YYXXX,YYXyXXXYYxYXyX,1,14514,s20_mk2_mK2,incomplete_all_existing_solved
ac19_11735,YXXyx,YYYXyXyXyyxxxYYx,2,14525 55201,s20_mk2,incomplete_all_existing_solved
ac19_11737,YXXX,YYYXyxyyX,19,14528 16644 26654 30289 33887 49198 54203 56457 70607 76977 94893 104289 118973 129960 139483 144538 154158 154623 156475,s20_f4,incomplete_all_existing_solved
ac19_11741,YXyXXyx,YYYxyXXyyxyX,1,14535,baseline,incomplete_all_existing_solved
ac19_11756,YXXyx,YYXXYXyyXyyxx,2,14565 132974,"baseline,s20_mk2_mK2",incomplete_all_existing_solved
ac19_11767,YXYXyx,YYYxYYXyXXyXX,2,14581 153621,s20_mk2_mK2,incomplete_all_existing_solved
ac19_11776,YXXyx,YYXXXXXXXyXyyx,1,14591,baseline,incomplete_all_existing_solved
ac19_11780,YXyXXyx,YYxyxyXyxYX,4,14596 63242 86940 90198,s20_mk2,incomplete_all_existing_solved
ac19_11784,YXXyx,YYXyyxxxxYx,6,14600 20369 58780 59990 103421 116360,"baseline,s20_f4",incomplete_all_existing_solved
ac19_11819,YXX,YYXyXyxyXyxYXYx,1,14652,s20_f4,incomplete_all_existing_solved
ac19_11824,YXXXXYx,YYYXyXXXXYx,4,14657 42196 44529 86485,"baseline,s20_mk2",incomplete_all_existing_solved
ac19_11855,YXXyx,YYXyxxYYXyxxyX,1,14704,baseline,incomplete_all_existing_solved
ac19_11862,YXXyx,YYXYxyXyXyxyxx,1,14714,s20_f4,incomplete_all_existing_solved
ac19_11864,YXYXyx,YYYYYYxyyXXyX,2,14718 21126,s20_mk2,incomplete_all_existing_solved
ac19_11867,YXyXYxx,YYYYxyXXXyx,3,14722 36247 80604,"s20_mk2,s20_mk2_mK2",incomplete_all_existing_solved
ac19_11881,YXyXYxx,YYYXyXXyxyx,5,14740 73996 115716 125316 147358,baseline,incomplete_all_existing_solved
ac19_11889,YXXXXXXyXyX,YYxxxxxxxxyX,1,14750,s20_mk2,incomplete_all_existing_solved
ac19_11890,YXXyx,YYXXYxYXyyxyxx,1,14751,s20_f4,incomplete_all_existing_solved
ac19_11954,YYXXYx,YYXXXyXYYxYxx,1,14843,s20_f4,incomplete_all_existing_solved
ac19_11955,YYXXX,YYXXyXXYxxxyX,2,14844 17089,"s20_mk2_mK2,s20_f4",incomplete_all_existing_solved
ac19_11957,YYXXYx,YYXyxYxyX,13,14846 24225 35149 41339 48069 58258 59621 61761 92327 120862 125343 140756 147982,s20_f4,incomplete_all_existing_solved
ac19_11959,YXXyx,YYYXXyyyXyxYYx,3,14849 96771 147043,"baseline,s20_mk2",incomplete_all_existing_solved
ac19_12,YXXyx,YYXXyxx,43,47 61 109 110 133 163 1349 4478 7452 22855 24497 25114 30833 39680 46966 50462 55042 56492 58394 63920 81064 81257 86585 87241 91298 93572 101886 104053 106481 108854 109422 114008 115017 117382 120771 124699 133470 135438 139402 142528 144542 153017 154953,s20_mk2_mK2,incomplete_all_existing_solved
ac19_120,YYXXXyxx,YXYxxyXXyxx,1,642,baseline,incomplete_all_existing_solved
ac19_12000,YXYXyx,YYYXyyXXYYx,4,14903 16704 51533 55583,s20_f4,incomplete_all_existing_solved
ac19_12014,YXYXX,YYYYYYXXXyyyX,2,14924 54336,s20_f4,incomplete_all_existing_solved
ac19_12019,YXXyx,YYYXYXXyXyyX,3,14929 131233 142239,s20_mk2,incomplete_all_existing_solved
ac19_12032,YYXXXyX,YYXyXYYXXyyX,1,14946,"s20_mk2,s20_mk2_mK2,s20_f4",incomplete_all_existing_solved
ac19_12036,YXXyx,YYXYXyXXyXXX,7,14953 36940 84263 92581 107279 131765 135377,s20_mk2,incomplete_all_existing_solved
ac19_12049,YYXXyXyyX,YXYxxyXyX,3,14971 54975 103470,"s20_mk2,s20_mk2_mK2",incomplete_all_existing_solved
ac19_12091,YXXyx,YYYXyyxyXYYxyX,4,15028 49803 103521 119180,"baseline,s20_mk2",incomplete_all_existing_solved
ac19_12096,YXXyXyxx,YYxYYxxxyXX,2,15035 139451,"s20_mk2,s20_f4",incomplete_all_existing_solved
ac19_12097,YYXXXyyxx,YXXYxxyXX,3,15037 34021 61344,baseline,incomplete_all_existing_solved
ac19_12099,YXXyx,YYYXyXyxyyxYYX,3,15040 91176 131716,s20_mk2,incomplete_all_existing_solved
ac19_1210,YXXYx,YYxyXXXyxyx,6,1778 20809 24220 88526 109424 129005,s20_mk2,incomplete_all_existing_solved
ac19_12125,YXXyx,YYYYXYXyyxyXyx,2,15080 44582,s20_mk2_mK2,incomplete_all_existing_solved
ac19_12140,YXXXX,YYYYXXyXyxyX,1,15102,baseline,incomplete_all_existing_solved
ac19_12145,YYXXYx,YYXYxxxYYXXyX,1,15112,s20_f4,incomplete_all_existing_solved
ac19_12150,YXXXyxx,YYXXXXXXyXX,4,15117 64913 70639 82266,baseline,incomplete_all_existing_solved
ac19_12155,YXXYx,YYXYYXXYYXXYx,3,15124 33597 34286,"s20_mk2_mK2,s20_f4",incomplete_all_existing_solved
ac19_12206,YXXXXYx,YYYXXXXyXYx,3,15188 39988 115010,s20_f4,incomplete_all_existing_solved
ac19_12216,YYXXX,YYXYYxyXXXyyx,1,15202,s20_mk2,incomplete_all_existing_solved
ac19_12266,YYYXXXyXX,YYXXXXyxx,14,15273 18660 20004 44575 47364 52525 56973 66625 98993 112175 123027 126626 128783 147249,s20_mk2_mK2,incomplete_all_existing_solved
ac19_12297,YXXYx,YYXyXXYxxxyX,7,15310 16261 19759 69058 69847 89311 92101,s20_mk2,incomplete_all_existing_solved
ac19_12312,YXXyx,YYXXXYXyXyXX,7,15326 29130 29823 81674 94904 112067 153266,s20_f4,incomplete_all_existing_solved
ac19_12322,YXX,YYYXyXyXXyxyxYx,1,15347,"s20_mk2_mK2,s20_f4",incomplete_all_existing_solved
ac19_12370,YXXyx,YYXYXyxyyXXYx,4,15417 56247 140199 147670,s20_f4,incomplete_all_existing_solved
ac19_12397,YYXXYXyxx,YYYXXYXXYx,1,15454,s20_mk2_mK2,incomplete_all_existing_solved
ac19_12402,YYXXyx,YYXyyXXXYxx,2,15466 20792,baseline,incomplete_all_existing_solved
ac19_1242,YXXYx,YYYXXyyyXYxx,3,1813 7667 32338,s20_f4,incomplete_all_existing_solved
ac19_12437,YYXXyXXYx,YYXYXXyXyxx,1,15513,s20_mk2_mK2,incomplete_all_existing_solved
ac19_12439,YXYXyx,YYYXyXXXXYYYx,1,15515,s20_f4,incomplete_all_existing_solved
ac19_12451,YXYXyx,YYxYxyXXYXyyX,1,15537,baseline,incomplete_all_existing_solved
ac19_12460,YYXXyx,YYXYXXXyxYxYX,1,15547,s20_f4,incomplete_all_existing_solved
ac19_12466,YXXYxxyx,YXXyXyxxx,7,15555 105766 106811 123543 134604 146200 153770,s20_f4,incomplete_all_existing_solved
ac19_12471,YYXXyx,YYXXXyXYxYXYx,1,15562,s20_f4,incomplete_all_existing_solved
ac19_12499,YXXYx,YYXXyyXYxxYXYx,1,15598,"baseline,s20_mk2",incomplete_all_existing_solved
ac19_12531,YYXXXyxYx,YYXXXXYxx,4,15640 36499 82793 127527,s20_mk2_mK2,incomplete_all_existing_solved
ac19_12541,YYXXXYx,YYXXXXyxxYx,2,15654 40642,"s20_mk2_mK2,s20_f4",incomplete_all_existing_solved
ac19_12546,YYXXXyX,YYXyyxYxxyyx,1,15662,baseline,incomplete_all_existing_solved
ac19_12554,YYXXXYxYx,YYxyXYxyX,2,15673 144179,s20_mk2,incomplete_all_existing_solved
ac19_12557,YXXyXYxxx,YYYYYYXXyx,1,15677,baseline,incomplete_all_existing_solved
ac19_1256,YXXYXXyX,YYXyXYXyX,21,1827 24726 26510 34077 36729 70414 72375 74399 74497 86468 86830 97462 101168 102796 103268 119914 135773 137507 147462 149223 155612,s20_mk2_mK2,incomplete_all_existing_solved
ac19_12561,YXYXX,YYYXyxYXXXyyx,2,15685 58059,"baseline,s20_mk2_mK2",incomplete_all_existing_solved
ac19_12562,YXXXyxx,YYYXXXXXXyyX,1,15686,s20_mk2,incomplete_all_existing_solved
ac19_12575,YYXXXyxyx,YXXXyXXyx,3,15703 42637 60426,s20_mk2_mK2,incomplete_all_existing_solved
ac19_12590,YXXyx,YYYYXyXXyyXXX,2,15722 151741,s20_mk2,incomplete_all_existing_solved
ac19_12591,YXXXXYxxx,YYXXXXyxxx,1,15723,s20_f4,incomplete_all_existing_solved
ac19_1260,YXXyx,YYYXYYxyyXyxyxx,1,1832,s20_f4,incomplete_all_existing_solved
ac19_12602,YXXyx,YYXyXXXYYxyxyX,1,15737,"baseline,s20_mk2",incomplete_all_existing_solved
ac19_1261,YYXXX,YYXYXyXyxyXYx,3,1833 44684 79701,s20_mk2_mK2,incomplete_all_existing_solved
ac19_12640,YXXyx,YYYXyyXyXYXyyX,3,15791 80756 151673,s20_mk2,incomplete_all_existing_solved
ac19_12650,YYXXYx,YYXYXXXyxYxYx,1,15804,s20_mk2,incomplete_all_existing_solved
ac19_12654,YXXyXyX,YYYxxyyXyXX,3,15817 39809 92310,s20_mk2_mK2,incomplete_all_existing_solved
ac19_12656,YXYXXYx,YYxYXyxxyXXX,2,15820 43786,s20_mk2,incomplete_all_existing_solved
ac19_12686,YXXyx,YYYXyxyXXyyXX,1,15860,"s20_mk2_mK2,s20_f4",incomplete_all_existing_solved
ac19_12691,YYXXX,YYYXYYXyXXyX,3,15868 106799 132853,"s20_mk2_mK2,s20_f4",incomplete_all_existing_solved
ac19_12694,YXYxyx,YYYxxYxYXYxyx,1,15872,s20_mk2_mK2,incomplete_all_existing_solved
ac19_12700,YXXYx,YYYXXYXyXXYYxx,1,15883,"baseline,s20_f4",incomplete_all_existing_solved
ac19_12705,YYXXX,YYYXyxyyXyyxYx,1,15889,"s20_mk2,s20_f4",incomplete_all_existing_solved
ac19_12706,YXXyx,YYYXXYXXyyXyxx,1,15890,"baseline,s20_mk2,s20_mk2_mK2,s20_f4",never_10k
ac19_12711,YXXyx,YYYXyyXXYxyx,3,15898 66773 78434,"s20_mk2,s20_mk2_mK2",incomplete_all_existing_solved
ac19_12715,YXXYx,YYXXyxyXYXYxYx,1,15902,"s20_mk2,s20_mk2_mK2",incomplete_all_existing_solved
ac19_12722,YXXyx,YYXYxyXyxxxxx,4,15911 55349 74183 148362,s20_f4,incomplete_all_existing_solved
ac19_12727,YX,YYXyyXXyxxYYx,1,15916,"baseline,s20_mk2,s20_mk2_mK2",incomplete_all_existing_solved
ac19_1274,YYXXyxx,YXXXXYxxx,21,1847 14911 26024 28742 28813 34316 38485 51260 52495 62028 62198 68133 70714 84115 85937 93393 129294 140068 140972 143322 150362,s20_mk2,incomplete_all_existing_solved
ac19_12772,YXyxYXXyx,YYXXXyxYXXyX,1,15978,s20_mk2,incomplete_all_existing_solved
ac19_12774,YXXYx,YYXYYxYXyyXyyx,3,15980 28401 104867,baseline,incomplete_all_existing_solved
ac19_12777,YYXXyx,YYXyyXYxyXXYx,1,15985,"s20_mk2_mK2,s20_f4",incomplete_all_existing_solved
ac19_12782,YXYXyx,YYXyXXyxxyXYx,1,15994,"baseline,s20_mk2",incomplete_all_existing_solved
ac19_12790,YYXXYXXYX,YYYxxyyXXX,1,16003,s20_f4,incomplete_all_existing_solved
ac19_12795,YYXXXyx,YYxyxxyXyx,3,16009 130333 152685,s20_f4,incomplete_all_existing_solved
ac19_12800,YXXyx,YYXyXXyxYYXXyx,1,16020,"baseline,s20_mk2",incomplete_all_existing_solved
ac19_12802,YXyXXyX,YYYXyxxxxyxx,1,16026,s20_f4,incomplete_all_existing_solved
ac19_1281,YYXXXyx,YYxxxyXXXX,3,1854 95187 117005,baseline,incomplete_all_existing_solved
ac19_12826,YYXXXYx,YYYYXXyyx,4,16068 38941 67991 72765,baseline,incomplete_all_existing_solved
ac19_12835,YXXXyxYx,YYxxYXXXyyx,2,16081 134093,s20_f4,incomplete_all_existing_solved
ac19_12839,YXX,YYXyxyXXyXYxYx,1,16087,"s20_mk2_mK2,s20_f4",incomplete_all_existing_solved
ac19_12840,YYXXXXyX,YYXyxYXXyXX,1,16088,baseline,incomplete_all_existing_solved
ac19_12866,YYYXXXYxx,YYYXYXXYxx,1,16120,"s20_mk2,s20_mk2_mK2,s20_f4",incomplete_all_existing_solved
ac19_12882,YXXyx,YYYXXXYxxyyxyx,1,16143,"baseline,s20_mk2",incomplete_all_existing_solved
ac19_12887,YXYXyx,YYXyyXXXYxyXYYx,1,16148,s20_mk2_mK2,incomplete_all_existing_solved
ac19_12891,YYXXYx,YYxyXYXyyXyxx,1,16153,s20_mk2_mK2,incomplete_all_existing_solved
ac19_12910,YXXyx,YYXXYxxxxyyxx,3,16179 51014 88573,s20_mk2,incomplete_all_existing_solved
ac19_12915,YXXyx,YYYXXYXyXyxyX,3,16186 66016 134044,s20_mk2,incomplete_all_existing_solved
ac19_12922,YXXyx,YYXXXXXyxYXyx,3,16196 72519 90935,s20_f4,incomplete_all_existing_solved
ac19_12942,YYXXYx,YYYXXyxxyxYXX,1,16219,"baseline,s20_f4",incomplete_all_existing_solved
ac19_12947,YXYXYx,YYYXyyXyyXYxxYXYx,2,16225 47078,s20_f4,incomplete_all_existing_solved
ac19_12960,YYXXX,YYXXXYxYXyX,7,16241 27338 29596 33459 106944 136612 149480,s20_mk2,incomplete_all_existing_solved
ac19_12965,YYXXX,YYXXXyXYXYx,6,16246 28806 44264 84103 151840 154803,s20_mk2_mK2,incomplete_all_existing_solved
ac19_12967,YXXyx,YYXXyxxyxxYxxx,1,16249,"baseline,s20_mk2,s20_mk2_mK2,s20_f4",never_10k
ac19_12970,YXXyx,YYXyyXYXYXyxx,4,16254 114862 124788 146918,"baseline,s20_mk2,s20_f4",incomplete_all_existing_solved
ac19_12976,YXYXyx,YYYXXXyyxxx,3,16264 67691 141108,s20_f4,incomplete_all_existing_solved
ac19_12992,YXYXX,YYYxxxyXXyyXyx,1,16288,s20_f4,incomplete_all_existing_solved
ac19_12994,YXyXYxx,YYxyXYXYXyx,5,16291 82467 96154 99665 147803,s20_mk2,incomplete_all_existing_solved
ac19_13002,YXXyXYx,YYXYxxyXyXXX,2,16303 51904,baseline,incomplete_all_existing_solved
ac19_13007,YXXyx,YYYXXyxxyXYXyX,1,16308,baseline,incomplete_all_existing_solved
ac19_13012,YXXyx,YYYXyXXyyxxxyx,1,16313,"baseline,s20_mk2_mK2",incomplete_all_existing_solved
ac19_13032,YXXyx,YYYXXXyXyyyxxxx,2,16340 94728,"s20_mk2,s20_mk2_mK2",incomplete_all_existing_solved
ac19_13037,YXX,YYXyXYxYxYXXyyX,1,16347,"s20_mk2_mK2,s20_f4",incomplete_all_existing_solved
ac19_1304,YXyXXyx,YYXXyyXXXyxyX,3,1880 48020 118382,s20_mk2,incomplete_all_existing_solved
ac19_13044,YXXX,YYXyxyXyxYx,2,16354 146541,baseline,incomplete_all_existing_solved
ac19_13059,YYXXyx,YXYXXyXYXyxYx,1,16374,s20_f4,incomplete_all_existing_solved
ac19_1306,YYXXX,YYYYYXyyXyyx,3,1882 45595 90730,s20_f4,incomplete_all_existing_solved
ac19_13064,YXYXX,YYxYxyXyxyXyx,4,16381 26391 69976 130024,s20_f4,incomplete_all_existing_solved
ac19_13066,YXXyx,YYXyXXYXYXyyX,4,16383 39153 42446 67614,"s20_mk2_mK2,s20_f4",incomplete_all_existing_solved
ac19_13069,YYXXX,YYYXXXyXyxx,4,16386 32958 54237 74331,"baseline,s20_mk2",incomplete_all_existing_solved
ac19_1307,YYYXXXyxx,YYXXXyxYYx,1,1883,s20_mk2,incomplete_all_existing_solved
ac19_13086,YXXYxxyX,YYYXXYYXXXX,3,16406 104262 123954,s20_mk2_mK2,incomplete_all_existing_solved
ac19_13091,YXXyx,YYXYxxyXyXXX,3,16414 46688 155194,s20_f4,incomplete_all_existing_solved
ac19_13094,YXXyx,YYYXyxYYxyyXyX,2,16418 152262,s20_mk2_mK2,incomplete_all_existing_solved
ac19_13096,YYXXYXX,YYYYXXXyXYX,5,16420 59733 82127 85434 111247,s20_mk2_mK2,incomplete_all_existing_solved
ac19_13102,YXXYx,YYxYXXYXXyxx,5,16429 31315 87660 141855 147909,baseline,incomplete_all_existing_solved
ac19_13126,YXYXX,YYYXXXXyyXXYYx,1,16467,s20_mk2_mK2,incomplete_all_existing_solved
ac19_13131,YXXYxYxx,YYYXXYxYxyx,1,16472,s20_f4,incomplete_all_existing_solved
ac19_13136,YYXXYYx,YYYYYXXXyyxx,1,16478,baseline,incomplete_all_existing_solved
ac19_13154,YXXyx,YYYXyXXXyyXyxx,1,16499,s20_f4,incomplete_all_existing_solved
ac19_13166,YYYXXXX,YYYXXXXyxyxx,1,16517,s20_mk2,incomplete_all_existing_solved
ac19_1319,YXX,YYYYXyyxyyXyXYx,1,1895,"s20_mk2_mK2,s20_f4",incomplete_all_existing_solved
ac19_13197,YXXyx,YYYXyXyxyxYX,5,16562 23836 29038 89143 96789,"s20_mk2_mK2,s20_f4",incomplete_all_existing_solved
ac19_13199,YXXyx,YYXXYXyyXXyXyX,1,16564,s20_f4,incomplete_all_existing_solved
ac19_1320,YXYXXYxYx,YYxYXXYxYX,13,1896 8189 29317 37613 38678 48100 56558 77592 87258 102275 120991 139948 140907,baseline,incomplete_all_existing_solved
ac19_13200,YYXXXYx,YYXYxYXyyXyx,2,16566 68878,s20_mk2,incomplete_all_existing_solved
ac19_13221,YXYXYx,YYXyyXXyxyxYx,1,16594,baseline,incomplete_all_existing_solved
ac19_13246,YXXXyxx,YYXXyXYxxyXX,1,16625,s20_mk2,incomplete_all_existing_solved
ac19_1325,YXXyxYx,YYYXYXXyxYYx,1,1903,s20_f4,incomplete_all_existing_solved
ac19_13259,YYXXyx,YYXYxyXYXXXyx,1,16640,baseline,incomplete_all_existing_solved
ac19_13260,YXXyx,YYXyXYYXyXyx,4,16641 20619 67129 95020,s20_mk2,incomplete_all_existing_solved
ac19_13261,YXYXyx,YYXyXYXXyyxxx,1,16643,"baseline,s20_mk2_mK2",incomplete_all_existing_solved
ac19_13272,YXyXXyx,YYXXyXYxyxxyx,3,16659 120433 122335,s20_mk2_mK2,incomplete_all_existing_solved
ac19_13280,YYXXX,YYYxxyXyXyyxx,1,16668,baseline,incomplete_all_existing_solved
ac19_1329,YXXyx,YYXYYxyyxYxyyX,3,1907 56989 128522,s20_f4,incomplete_all_existing_solved
ac19_13292,YXXyx,YYYYXXXXyyxxyX,1,16690,"s20_mk2,s20_mk2_mK2,s20_f4",incomplete_all_existing_solved
ac19_13315,YXXXXYx,YYXXXXyXYxYX,1,16724,s20_f4,incomplete_all_existing_solved
ac19_13320,YXXXyxx,YYXXyXXYXyX,3,16730 33961 124058,baseline,incomplete_all_existing_solved
ac19_13322,YXXyx,YYXyxYXXXyxx,5,16732 41463 105802 130116 149032,"s20_mk2,s20_mk2_mK2,s20_f4",incomplete_all_existing_solved
ac19_13325,YXXyx,YYXyxxyXyXYXYx,1,16736,"s20_mk2,s20_f4",incomplete_all_existing_solved
ac19_13337,YXXYXXX,YYYxyXXXXYXyyx,1,16751,s20_mk2,incomplete_all_existing_solved
ac19_1334,YXXYxxyx,YYXyxYxyx,8,1913 56557 62302 86699 94617 104583 126370 128556,baseline,incomplete_all_existing_solved
ac19_13342,YYXXXyxx,YYYYXXXXXyx,1,16756,s20_mk2,incomplete_all_existing_solved
ac19_13347,YYXXYx,YYYxyXXXXyxxx,1,16763,baseline,incomplete_all_existing_solved
ac19_13352,YYXXX,YYYYXXXXXXXXYx,1,16769,s20_f4,incomplete_all_existing_solved
ac19_13364,YXXYXXyXX,YYXXXXXXyX,3,16788 91846 124149,"baseline,s20_mk2",incomplete_all_existing_solved
ac19_13370,YXXyx,YYYXyyXYXyyxyX,2,16794 117472,s20_mk2,incomplete_all_existing_solved
ac19_13379,YXXyXYx,YYxyxyXyxyx,5,16808 41595 65002 65765 124970,s20_f4,incomplete_all_existing_solved
ac19_13384,YYXXYx,YYxyxyXXXYXYx,1,16813,s20_f4,incomplete_all_existing_solved
ac19_13389,YYXXXXyx,YYXyXYXyX,4,16819 49870 123644 141592,s20_mk2_mK2,incomplete_all_existing_solved
ac19_1340,YXXyx,YYYXyyxxyXYXXX,1,1919,s20_mk2,incomplete_all_existing_solved
ac19_13400,YXXXyXyXX,YXYxxxyxxx,3,16833 82465 86835,baseline,incomplete_all_existing_solved
ac19_13416,YXXXyxYx,YYxxxyXyXYX,2,16852 25036,"s20_mk2_mK2,s20_f4",incomplete_all_existing_solved
ac19_13421,YXX,YYYYXXyxyXyX,2,16859 101286,baseline,incomplete_all_existing_solved
ac19_13440,YXyXXXyx,YYYxyxxYXXyyXyX,2,16881 139415,s20_mk2,incomplete_all_existing_solved
ac19_13441,YXYXyx,YYXyyXXyxYYxx,1,16882,"baseline,s20_mk2_mK2",incomplete_all_existing_solved
ac19_13449,YXXXyXXYx,YYXXXXXyxx,2,16896 67326,"baseline,s20_f4",incomplete_all_existing_solved
ac19_13459,YXXyx,YYXXXyxxxxYxyx,1,16913,s20_f4,incomplete_all_existing_solved
ac19_13464,YYXXX,YYYXXYYXXXXyyx,1,16921,baseline,incomplete_all_existing_solved
ac19_13469,YXXyx,YYYXyxyyXYxyyx,3,16929 23076 106614,s20_f4,incomplete_all_existing_solved
ac19_13472,YXXXyxx,YYXXyxxyxxYx,1,16932,s20_f4,incomplete_all_existing_solved
ac19_13480,YXXyx,YYXyxYXXXyX,10,16941 79848 84953 87176 96273 115912 123199 126488 128923 136143,"baseline,s20_mk2,s20_mk2_mK2",incomplete_all_existing_solved
ac19_13482,YXYXXYxYx,YYxYXYxYXX,7,16944 27811 31417 120065 132483 146655 156610,"s20_mk2_mK2,s20_f4",incomplete_all_existing_solved
ac19_13492,YYXXXXyx,YYXXyxxxxyX,1,16961,s20_mk2,incomplete_all_existing_solved
ac19_13497,YXXYx,YYxxYXXXYXXyx,2,16967 113897,"baseline,s20_mk2",incomplete_all_existing_solved
ac19_135,YYXyXYxyX,YXyxYXXyx,25,657 10401 23597 24563 35227 36032 38541 63549 65643 65666 65972 68991 74890 76034 90036 92579 93039 109417 109504 127755 130593 133224 137813 139143 147365,"s20_mk2,s20_mk2_mK2",incomplete_all_existing_solved
ac19_13514,YXXXyxx,YYXXyxYxxyx,5,16986 37445 58931 65458 136798,baseline,incomplete_all_existing_solved
ac19_13520,YXYXYx,YYXXYXXYYxYYx,1,16999,baseline,incomplete_all_existing_solved
ac19_13521,YXXyXyx,YYXyxYXXyxxx,2,17000 140319,"s20_mk2,s20_mk2_mK2",incomplete_all_existing_solved
ac19_13526,YYXXXyXX,YYxxyXyXX,2,17007 19339,baseline,incomplete_all_existing_solved
ac19_13530,YXXyxYx,YYxYXXYXyx,4,17011 93796 128150 146156,s20_f4,incomplete_all_existing_solved
ac19_13535,YXXyxYx,YYXYxxyXXXYx,1,17016,baseline,incomplete_all_existing_solved
ac19_13540,YXYXXXX,YYYXXXyyx,7,17021 26541 32747 41159 60420 121295 141521,s20_mk2_mK2,incomplete_all_existing_solved
ac19_13545,YXXYx,YYxYXXXXXYxyx,3,17026 35192 154602,"baseline,s20_mk2",incomplete_all_existing_solved
ac19_13555,YXYXYx,YYYXXXyyxyyxx,2,17040 86520,"s20_mk2_mK2,s20_f4",incomplete_all_existing_solved
ac19_13560,YYXXXyXYX,YYxyXyXYX,3,17045 130230 151892,baseline,incomplete_all_existing_solved
ac19_13575,YXYXyx,YYXXXyyxYxxyX,1,17064,baseline,incomplete_all_existing_solved
ac19_13579,YXYXyx,YYXXXyXYxYXyx,1,17068,s20_f4,incomplete_all_existing_solved
ac19_13581,YXXYx,YYxYXXyxYXYXyx,1,17071,"s20_mk2,s20_mk2_mK2,s20_f4",incomplete_all_existing_solved
ac19_1361,YXYXYx,YYXXyXYXyxxYx,1,1940,s20_f4,incomplete_all_existing_solved
ac19_13620,YXXyx,YYYXyXYXyXXyX,3,17128 85221 106551,s20_mk2_mK2,incomplete_all_existing_solved
ac19_13621,YYXXXyXX,YYXXXyxyxxx,1,17129,"baseline,s20_mk2,s20_mk2_mK2,s20_f4",never_10k
ac19_13625,YXXyXYx,YYYxxyXXXyXX,2,17133 118053,baseline,incomplete_all_existing_solved
ac19_13629,YXX,YYXXyXXyyxxYx,1,17138,"s20_mk2,s20_mk2_mK2,s20_f4",incomplete_all_existing_solved
ac19_13632,YX,YYXyxYXXyXYxx,1,17142,s20_mk2,incomplete_all_existing_solved
ac19_13650,YXXyx,YYXXXyxYYxyxyX,1,17166,"baseline,s20_mk2,s20_mk2_mK2,s20_f4",never_10k
ac19_13651,YYXXX,YYYXXyXXXyxxx,1,17167,"baseline,s20_mk2,s20_f4",incomplete_all_existing_solved
ac19_13655,YXXYx,YYXXYXXyXYxYYx,1,17171,"s20_mk2,s20_mk2_mK2,s20_f4",incomplete_all_existing_solved
ac19_13666,YXXyx,YYYXYxyyXYxyyX,6,17191 62110 75321 87081 148450 152410,"s20_mk2_mK2,s20_f4",incomplete_all_existing_solved
ac19_13685,YXXyXXYx,YYXYXXyyx,2,17219 34538,s20_f4,incomplete_all_existing_solved
ac19_13710,YYXYxxxyx,YYXXXyyxyx,2,17250 104415,s20_mk2_mK2,incomplete_all_existing_solved
ac19_13720,YXXyXyX,YYxyxYXXyyx,3,17262 28442 113652,"s20_mk2_mK2,s20_f4",incomplete_all_existing_solved
ac19_13725,YYXXX,YXyXYxxYXXXyx,4,17267 17596 88016 106462,baseline,incomplete_all_existing_solved
ac19_13730,YYXXYXX,YYYxxyXyyXyx,1,17274,s20_f4,incomplete_all_existing_solved
ac19_13732,YYXXYx,YYXXXYxxxyX,3,17278 120285 129338,s20_mk2_mK2,incomplete_all_existing_solved
ac19_13742,YYXXYXX,YYYXYYXXXyX,3,17294 52948 77487,baseline,incomplete_all_existing_solved
ac19_13762,YXXX,YYYYxyXyxyXyx,2,17320 114372,s20_f4,incomplete_all_existing_solved
ac19_13770,YXXyx,YYXYXyyXyXXyXX,1,17335,baseline,incomplete_all_existing_solved
ac19_13779,YXXyx,YYXyXyXXXYXX,7,17349 19086 67511 70798 78179 107129 110796,baseline,incomplete_all_existing_solved
ac19_13802,YXXyx,YYXyxxxyXXYxx,3,17383 28544 84267,s20_mk2,incomplete_all_existing_solved
ac19_13805,YXXyx,YYXXyxxYxyxx,5,17387 22082 100022 111231 114187,"s20_mk2_mK2,s20_f4",incomplete_all_existing_solved
ac19_13810,YXXYXXyxx,YYYXXyxxyX,4,17392 84451 89869 137429,"baseline,s20_mk2",incomplete_all_existing_solved
ac19_1382,YXYXYx,YXyXYxxYXyx,7,1961 18206 63927 64407 86893 124353 126323,s20_mk2_mK2,incomplete_all_existing_solved
ac19_13832,YXYXyx,YYXYxxyXyyXYx,8,17422 31573 44288 59116 84900 109733 140736 146760,s20_mk2_mK2,incomplete_all_existing_solved
ac19_13839,YXYXyx,YYYXXXXyyxx,2,17430 61565,s20_mk2,incomplete_all_existing_solved
ac19_13849,YXXYx,YYXXXyxYYxYXYX,1,17455,s20_f4,incomplete_all_existing_solved
ac19_13852,YXyXXyx,YYxyxyxYXYxxx,1,17458,s20_mk2_mK2,incomplete_all_existing_solved
ac19_13854,YYXXX,YYXYYXyyXyx,6,17460 53437 55446 58813 68661 129174,baseline,incomplete_all_existing_solved
ac19_13876,YXXyx,YYYXyxxyyyXXXYYX,2,17495 74392,"baseline,s20_mk2_mK2",incomplete_all_existing_solved
ac19_13886,YXXyXyxx,YXYxxxyXX,5,17507 76715 148766 151867 152161,"baseline,s20_mk2",incomplete_all_existing_solved
ac19_13887,YXX,YYXyXYxyXYXyXYx,1,17508,"baseline,s20_mk2,s20_mk2_mK2",incomplete_all_existing_solved
ac19_139,YXXyx,YYYXyyyXXXXXyXX,2,661 135375,baseline,incomplete_all_existing_solved
ac19_13981,YXXXyXyXX,YYXXyyXyXX,2,17644 110022,s20_f4,incomplete_all_existing_solved
ac19_1399,YXXYx,YYxyXXYxYXYXyx,1,1980,baseline,incomplete_all_existing_solved
ac19_14,YXXyx,YYXyxxx,56,49 63 115 116 135 165 5808 7869 13402 20839 21070 23228 23735 25675 28298 32796 33885 36862 37614 39879 50577 51104 54194 56691 62777 65465 66541 71745 71999 74589 74956 75097 80694 88314 90548 92433 94839 95656 96061 96147 97200 99143 101996 110009 110310 111121 115011 131295 131603 132188 134528 136704 141436 143121 144686 147443,"baseline,s20_mk2",incomplete_all_existing_solved
ac19_14019,YXYxyx,YYXXXyyXyxx,3,17704 34986 43870,s20_mk2,incomplete_all_existing_solved
ac19_14020,YXXXYxYx,YXYXXYxYXYx,3,17705 49992 54594,s20_f4,incomplete_all_existing_solved
ac19_14025,YXXyx,YYYXyxyxyyXX,9,17715 51215 52625 95531 100658 100888 105389 128761 143389,s20_f4,incomplete_all_existing_solved
ac19_14030,YXXyx,YYXyxxxxxyXXyx,1,17725,"baseline,s20_mk2,s20_mk2_mK2,s20_f4",never_10k
ac19_14051,YXYXYx,YYxyXXXXYxxyx,2,17753 67009,"baseline,s20_mk2",incomplete_all_existing_solved
ac19_14054,YXXyxYx,YYYXYYYXYx,4,17756 97733 112358 139566,"s20_mk2,s20_mk2_mK2",incomplete_all_existing_solved
ac19_14056,YYXXX,YYXyXXYXXYYxyX,1,17759,s20_mk2,incomplete_all_existing_solved
ac19_14061,YYXXX,YYxxyXXyxyx,5,17771 40079 72462 99750 146765,s20_f4,incomplete_all_existing_solved
ac19_14064,YXYXYx,YYYXYXXyXYxxx,2,17775 36097,"baseline,s20_mk2_mK2",incomplete_all_existing_solved
ac19_14084,YXXyXYx,YYxyxxYXXyXX,2,17801 83879,baseline,incomplete_all_existing_solved
ac19_14099,YYXXX,YYxYXXyXXXyxxx,1,17819,s20_f4,incomplete_all_existing_solved
ac19_1412,YXYXyx,YYXXyXyyxxx,4,1994 64787 110368 146697,s20_mk2_mK2,incomplete_all_existing_solved
ac19_14131,YYXXyXyyx,YYxxYxxyX,3,17860 42222 101087,"s20_mk2_mK2,s20_f4",incomplete_all_existing_solved
ac19_14136,YXXYx,YYXXYYXXYxYXYx,1,17869,"baseline,s20_mk2,s20_mk2_mK2,s20_f4",never_10k
ac19_14165,YYXXyx,YYYXYXXXX,19,17913 23755 24604 28398 33110 58959 59632 77469 87959 118410 120360 121276 123842 141028 143832 145433 146501 148231 152238,s20_f4,incomplete_all_existing_solved
ac19_14177,YYXXyxx,YYYXXyxYYxYx,1,17927,s20_f4,incomplete_all_existing_solved
ac19_14186,YXXYxxyx,YYXXYxxxxxx,3,17937 63142 110387,baseline,incomplete_all_existing_solved
ac19_14194,YXXyx,YYXYxyyXyXYX,12,17945 24212 40117 52528 52726 71776 112078 115125 126877 134075 143518 147074,"s20_mk2,s20_f4",incomplete_all_existing_solved
ac19_14197,YXXyx,YYYXXXyxxyXyyX,1,17949,s20_mk2_mK2,incomplete_all_existing_solved
ac19_14204,YXXyx,YYYXyXXyXyyxx,4,17960 59395 83352 85186,baseline,incomplete_all_existing_solved
ac19_14209,YYXXXyxx,YYXXXYXyx,5,17974 43983 53653 58550 135306,s20_mk2_mK2,incomplete_all_existing_solved
ac19_14216,YXXyx,YYXyyXYXXyXyX,3,17982 79468 114227,s20_f4,incomplete_all_existing_solved
ac19_1422,YYXXYx,YYxxyXX,29,2004 4422 5078 27766 33672 51145 53636 53652 54894 55007 65898 68310 68939 74195 77119 83637 84163 87604 109300 112554 116371 124651 132466 134807 139181 143446 146334 149663 150705,s20_f4,incomplete_all_existing_solved
ac19_14227,YXXyx,YYXYxyyXyxyXXX,1,17996,s20_mk2_mK2,incomplete_all_existing_solved
ac19_14231,YXYxxYXyx,YYXyyxYXyyx,1,18005,s20_f4,incomplete_all_existing_solved
ac19_14236,YXXyx,YYXYXyxyXyXXyX,1,18015,s20_f4,incomplete_all_existing_solved
ac19_14237,YXYXyx,YYYXXXyxYxyyx,1,18017,"s20_mk2,s20_mk2_mK2,s20_f4",incomplete_all_existing_solved
ac19_14242,YYYXXXYYX,YYXXXYxYX,4,18027 103671 115447 141373,s20_f4,incomplete_all_existing_solved
ac19_14247,YXX,YYYxxyXyXYXyXyx,1,18034,"baseline,s20_mk2",incomplete_all_existing_solved
ac19_14252,YXXYx,YYXXyxYxyXyyx,2,18040 97944,baseline,incomplete_all_existing_solved
ac19_14254,YYXXX,YYXyXXyxxyxx,4,18043 62914 73087 141543,s20_mk2_mK2,incomplete_all_existing_solved
ac19_14281,YYXXX,YYYXXYxyXyXYX,3,18080 67429 148749,s20_mk2,incomplete_all_existing_solved
ac19_14299,YXYXYx,YYYXXXXXyxxxx,1,18103,"s20_mk2_mK2,s20_f4",incomplete_all_existing_solved
ac19_14310,YYXXXyX,YYYXyXyX,18,18118 19382 19547 22715 23964 28563 39754 48870 51165 59718 91020 93346 93350 94021 109568 114072 154351 156728,baseline,incomplete_all_existing_solved
ac19_14315,YYXXX,YYYxxyxyyXXXyx,1,18123,s20_mk2_mK2,incomplete_all_existing_solved
ac19_1432,YXyXXyx,YYYxxYXyxyx,19,2014 6705 10763 14016 32162 34481 48894 48960 50861 81628 96045 102305 134059 138689 139792 141648 149933 153836 153853,s20_f4,incomplete_all_existing_solved
ac19_14324,YXXyx,YYYXyxxyxyyx,10,18143 29663 32381 38408 63698 83157 85052 97849 105383 144603,baseline,incomplete_all_existing_solved
ac19_14329,YXXyx,YYYXXyxYxyyXX,1,18155,baseline,incomplete_all_existing_solved
ac19_14386,YXXXYxx,YYXYXXyXYxx,3,18242 133517 148276,"baseline,s20_mk2,s20_mk2_mK2",incomplete_all_existing_solved
ac19_14397,YXXyx,YYXYXyxyXyyX,8,18257 30448 33491 51008 52217 70565 78474 155549,s20_mk2_mK2,incomplete_all_existing_solved
ac19_14407,YYXXyXyyx,YYxxyXYxyX,1,18270,baseline,incomplete_all_existing_solved
ac19_14409,YYXXXXXXyx,YXXXXXyxxxxxx,3,18273 48314 62042,"baseline,s20_mk2_mK2",incomplete_all_existing_solved
ac19_14417,YXXyx,YYXXXyXyxxyxxx,1,18289,s20_mk2_mK2,incomplete_all_existing_solved
ac19_1442,YXXyx,YYXYXXyXyXXX,5,2024 50138 82389 127185 150439,"s20_mk2,s20_mk2_mK2",incomplete_all_existing_solved
ac19_14446,YXXyx,YYYYYXyxyyxxyX,3,18332 83683 93617,"s20_mk2_mK2,s20_f4",incomplete_all_existing_solved
ac19_14447,YXyXXyX,YYYXXyXyxyyX,2,18334 152755,"s20_mk2_mK2,s20_f4",incomplete_all_existing_solved
ac19_14457,YYXXX,YYXYXXyXyxxx,4,18349 18738 73513 114415,"baseline,s20_f4",incomplete_all_existing_solved
ac19_14462,YXXyx,YYXyxxyXyx,12,18354 31081 37460 49816 59731 61509 74332 93756 112497 117007 118476 153564,"baseline,s20_mk2,s20_mk2_mK2,s20_f4",never_10k
ac19_14470,YXX,YYXyyXYYxyXyx,2,18366 156391,"s20_mk2_mK2,s20_f4",incomplete_all_existing_solved
ac19_14471,YYXXX,YYXXYxYXXyXX,3,18367 37783 70944,s20_f4,incomplete_all_existing_solved
ac19_14475,YXXyx,YYYXyxYXyxyxx,3,18374 49671 97838,baseline,incomplete_all_existing_solved
ac19_14476,YYXXYXX,YYXyXXYYxyX,3,18376 118400 152421,s20_f4,incomplete_all_existing_solved
ac19_14481,YXYXX,YYXXyyXYx,10,18381 27947 45490 47116 57394 60204 60990 66867 120667 140099,baseline,incomplete_all_existing_solved
ac19_14514,YXXyx,YYXyxyXYxxxyyX,1,18434,s20_mk2_mK2,incomplete_all_existing_solved
ac19_14519,YXX,YYxYXyyXyXXYxyx,1,18441,"baseline,s20_mk2",incomplete_all_existing_solved
ac19_14525,YXXYxxyX,YYYxxyXXXyx,1,18449,"s20_mk2,s20_mk2_mK2",incomplete_all_existing_solved
ac19_14529,YYXXX,YYXYXyXYYXXyx,3,18453 35295 56021,s20_f4,incomplete_all_existing_solved
ac19_14540,YXXYx,YYXyyXXYxx,9,18469 37939 63931 106731 108746 119320 131415 132874 140162,"s20_mk2,s20_mk2_mK2,s20_f4",incomplete_all_existing_solved
ac19_14572,YXyXXyx,YYXXXyyXyyx,3,18515 87084 100181,s20_mk2,incomplete_all_existing_solved
ac19_14575,YXXyx,YYYXYxxyxyyxx,3,18519 52480 100622,s20_mk2_mK2,incomplete_all_existing_solved
ac19_14580,YXXYx,YYYYXXYxyXyx,3,18526 132174 135410,s20_mk2_mK2,incomplete_all_existing_solved
ac19_14582,YXXXyxx,YYXXyyXXYXX,3,18528 38904 107438,s20_f4,incomplete_all_existing_solved
ac19_14597,YYXXXYx,YYXyyXYYx,6,18549 29988 51002 97447 116773 143689,"baseline,s20_mk2",incomplete_all_existing_solved
ac19_14644,YXXYx,YYXYxxyyXYxyX,1,18616,s20_f4,incomplete_all_existing_solved
ac19_14670,YXXyxYx,YYXXyyxxYx,3,18653 68716 75216,s20_f4,incomplete_all_existing_solved
ac19_14675,YXXyx,YYYXXyyXXXyxyx,1,18664,baseline,incomplete_all_existing_solved
ac19_14679,YXYXyx,YYYYxxyXXXYXX,2,18668 76856,baseline,incomplete_all_existing_solved
ac19_14684,YYXXXXX,YYXYXyyX,8,18679 50638 62675 68022 117068 122948 128983 129206,s20_f4,incomplete_all_existing_solved
ac19_14689,YXXyxYx,YYYxYXXyxYX,3,18685 23136 44210,baseline,incomplete_all_existing_solved
ac19_14694,YXYxxYXyx,YYxxYXYxxyX,1,18692,"s20_mk2,s20_mk2_mK2",incomplete_all_existing_solved
ac19_14695,YYXXXYx,YYYxYYXXyXX,1,18693,baseline,incomplete_all_existing_solved
ac19_14696,YYXXYx,YYXyxxYXXyx,3,18695 41440 45663,baseline,incomplete_all_existing_solved
ac19_14700,YXXyx,YYXYYXYxyXyyXyX,1,18700,s20_mk2,incomplete_all_existing_solved
ac19_14701,YXXyx,YYXYxyyxxYXyx,3,18702 103777 108757,"s20_mk2,s20_mk2_mK2",incomplete_all_existing_solved
ac19_14704,YXYXYx,YYXyXXYXyxYxx,3,18708 75288 86227,baseline,incomplete_all_existing_solved
ac19_14709,YXXX,YYxYxyXyXyxYxyxyx,1,18715,"baseline,s20_mk2",incomplete_all_existing_solved
ac19_1471,YYXXXYYxx,YYXYYXXYxx,1,2055,"s20_mk2,s20_mk2_mK2",incomplete_all_existing_solved
ac19_14719,YXX,YYXYxYxyyXyX,3,18731 79652 129254,s20_mk2_mK2,incomplete_all_existing_solved
ac19_14724,YXXyx,YYYXXXyyXyyyxxYx,1,18740,s20_mk2_mK2,incomplete_all_existing_solved
ac19_14729,YXXyx,YYXXyxxxxyxYxx,1,18745,baseline,incomplete_all_existing_solved
ac19_14737,YXX,YYYXyyXyxyyxYYx,1,18759,"baseline,s20_mk2",incomplete_all_existing_solved
ac19_14739,YXYXX,YYXyyXXXYxx,3,18762 97433 115449,s20_mk2,incomplete_all_existing_solved
ac19_14744,YXYXX,YYYXyxxYXXyXyx,1,18767,s20_f4,incomplete_all_existing_solved
ac19_14749,YXXyx,YYYXyyXXyXyxxx,1,18774,s20_mk2,incomplete_all_existing_solved
ac19_14791,YXYXyx,YYXyXXYXyXYYx,2,18840 147607,baseline,incomplete_all_existing_solved
ac19_14796,YXXyx,YYXyXXXXYxyx,7,18846 29071 54609 68531 129259 142487 152025,"s20_mk2_mK2,s20_f4",incomplete_all_existing_solved
ac19_14812,YXXYx,YYXyxxYXyyXYx,2,18870 58718,"baseline,s20_mk2_mK2",incomplete_all_existing_solved
ac19_14820,YXYXyx,YYXyyXYXyxxYx,2,18880 139879,s20_f4,incomplete_all_existing_solved
ac19_14834,YYXyxYxyX,YYXXyxxyX,3,18901 65835 151402,s20_f4,incomplete_all_existing_solved
ac19_14846,YXXyx,YYXyXyXXXXYX,6,18920 44713 60411 103621 149204 150685,s20_mk2,incomplete_all_existing_solved
ac19_1486,YXXyXyX,YYXyXXYxyyx,3,2071 58152 71280,s20_f4,incomplete_all_existing_solved
ac19_14862,YYXXXYX,YYXyyxYxyXyx,1,18939,s20_mk2,incomplete_all_existing_solved
ac19_14866,YXXyx,YYYXyXYxxyxxyX,1,18946,"baseline,s20_mk2",incomplete_all_existing_solved
ac19_14870,YXXYXXX,YYxxxyXyXyx,3,18954 48446 153798,s20_f4,incomplete_all_existing_solved
ac19_14871,YXXyXyxx,YYXYxxyXXyx,2,18959 126337,s20_mk2_mK2,incomplete_all_existing_solved
ac19_14881,YXXYxxyx,YYYxxyyXX,2,18971 28903,s20_f4,incomplete_all_existing_solved
ac19_14884,YYXXYx,YYYXXYXyyxx,2,18974 147414,s20_f4,incomplete_all_existing_solved
ac19_14885,YXXYx,YYXXXXyyxxxyxx,1,18975,s20_f4,incomplete_all_existing_solved
ac19_14889,YYXXyyXYX,YYXXXXXXX,2,18986 37505,baseline,incomplete_all_existing_solved
ac19_14901,YYXXXXXyX,YYXyXyXYXX,1,19002,"baseline,s20_mk2_mK2",incomplete_all_existing_solved
ac19_1491,YXYXXXX,YYYXXXXyyxx,2,2076 11604,s20_mk2_mK2,incomplete_all_existing_solved
ac19_14916,YXYXYx,YYYYYXYXXXyxx,1,19022,"s20_mk2,s20_mk2_mK2",incomplete_all_existing_solved
ac19_14919,YXXyx,YYYYYXXXyyXyXyXX,1,19026,s20_mk2_mK2,incomplete_all_existing_solved
ac19_1492,YXYXyx,YYXyXXyyxYYxx,2,2077 3820,"s20_mk2,s20_f4",incomplete_all_existing_solved
ac19_14926,YXXyx,YYYYXyyXXXXXyXX,2,19037 129265,s20_f4,incomplete_all_existing_solved
ac19_14941,YXYXX,YYXyXyXYYXXXYx,1,19057,s20_f4,incomplete_all_existing_solved
ac19_14946,YXYXX,YYYYXXXyyyx,2,19066 40467,"baseline,s20_f4",incomplete_all_existing_solved
ac19_14951,YXXyx,YYYXyXXXyXyXYX,1,19074,s20_mk2_mK2,incomplete_all_existing_solved
ac19_14959,YXXYxYxx,YYxxxyXXX,5,19083 39874 45208 66752 80258,baseline,incomplete_all_existing_solved
ac19_1497,YXXyx,YYXXyXYXyyXXYX,1,2083,s20_f4,incomplete_all_existing_solved
ac19_14975,YYXXXYYxx,YYXXXXYxxx,2,19114 127337,s20_f4,incomplete_all_existing_solved
ac19_1499,YXXyx,YYYXyxxyXyxYx,3,2085 39957 48776,s20_f4,incomplete_all_existing_solved
ac19_14990,YXXyXyX,YYxxyxYXXyxx,2,19134 31648,s20_f4,incomplete_all_existing_solved
ac19_14992,YXXyx,YYYXXyXXyyXYX,1,19137,"s20_mk2,s20_mk2_mK2",incomplete_all_existing_solved
ac19_15,YXXyx,YYYXXyyX,18,72 138 4656 11896 42109 43332 65959 77724 82025 89854 100668 112717 113844 121126 121598 129016 129021 137518,"baseline,s20_mk2,s20_mk2_mK2",incomplete_all_existing_solved
ac19_15000,YXXyXYx,YYXYxxyyXyx,3,19146 46243 117359,"baseline,s20_mk2,s20_mk2_mK2,s20_f4",never_10k
ac19_15005,YYXXXYxx,YYYXXYxxYXX,1,19163,baseline,incomplete_all_existing_solved
ac19_15012,YYXXXYxYX,YYXyxxxyyX,1,19170,baseline,incomplete_all_existing_solved
ac19_15025,YXXYx,YYYXXyxYXXYxYX,1,19186,s20_f4,incomplete_all_existing_solved
ac19_15029,YYXXyxx,YYYYYYXXyyyx,1,19191,"baseline,s20_mk2,s20_mk2_mK2",incomplete_all_existing_solved
ac19_15040,YYXXyx,YYXXyXYxxxyyX,1,19208,s20_f4,incomplete_all_existing_solved
ac19_15045,YXXyx,YYYXXyyXyyX,6,19218 32357 51041 58714 62962 85615,"baseline,s20_mk2",incomplete_all_existing_solved
ac19_1506,YYXXX,YXYxYXyXyx,11,2092 11637 23587 31254 37902 43978 46299 64231 65968 76922 94549,s20_mk2_mK2,incomplete_all_existing_solved
ac19_1509,YXXyx,YYYXyXyyXYxxxx,1,2095,"s20_mk2_mK2,s20_f4",incomplete_all_existing_solved
ac19_15099,YXXYxYxx,YYYXyxxyXYx,1,19298,"baseline,s20_mk2,s20_mk2_mK2,s20_f4",never_10k
ac19_15104,YXXYx,YYYXYXXXYx,8,19303 20014 41069 60846 86783 102948 136617 143841,"baseline,s20_mk2,s20_mk2_mK2,s20_f4",never_10k
ac19_1514,YXXyx,YYXyxyxYXyXYx,5,2100 48163 87253 96777 104662,"baseline,s20_mk2",incomplete_all_existing_solved
ac19_15141,YXyXXyx,YYXyxyxyXYYx,1,19355,s20_f4,incomplete_all_existing_solved
ac19_15157,YYXXXYxYx,YYXXYxYXYx,16,19376 32349 68112 73989 79227 90287 104137 120812 121549 127881 128041 128513 135800 147932 151481 155887,"s20_mk2,s20_f4",incomplete_all_existing_solved
ac19_15160,YYXXXYX,YYxxyXXXyxyx,2,19379 92086,s20_mk2_mK2,incomplete_all_existing_solved
ac19_1521,YXyXXyx,YYYxxyXXyyx,19,2107 6859 27721 37642 40243 56501 62011 73600 74853 76138 78030 84772 86409 100113 100293 105878 116154 135870 148781,s20_mk2,incomplete_all_existing_solved
ac19_15240,YYXXX,YYXyXyxYxxxyyX,1,19499,s20_mk2_mK2,incomplete_all_existing_solved
ac19_15270,YXXyx,YYYYXyxxyyXyyXXX,2,19543 78576,s20_f4,incomplete_all_existing_solved
ac19_15271,YYXXYXX,YYXXYYxYxyXyXyX,3,19544 63830 124230,s20_f4,incomplete_all_existing_solved
ac19_15275,YXX,YYXyXYxxYXyXyyx,1,19551,"s20_mk2,s20_mk2_mK2,s20_f4",incomplete_all_existing_solved
ac19_15285,YYXXX,YYxxyXyXyxx,4,19569 50991 58407 70487,"baseline,s20_f4",incomplete_all_existing_solved
ac19_15291,YYXXYYXXX,YYXyyXyxxx,1,19579,s20_mk2_mK2,incomplete_all_existing_solved
ac19_15296,YXXyx,YYYXyxxxyxyXyX,1,19587,baseline,incomplete_all_existing_solved
ac19_15306,YXXyx,YYYXyxYxyyXXX,1,19607,"baseline,s20_mk2",incomplete_all_existing_solved
ac19_15307,YXXyx,YYXYxyyxyxxxYx,2,19609 102803,s20_mk2_mK2,incomplete_all_existing_solved
ac19_15409,YXX,YYxyXyXYxxyXyx,2,19748 48611,"s20_mk2_mK2,s20_f4",incomplete_all_existing_solved
ac19_15410,YXXyx,YYXyXYxxyyXYX,3,19749 124046 156446,baseline,incomplete_all_existing_solved
ac19_15414,YXXyx,YYXyXXYXXXyXX,4,19755 45213 67801 116413,baseline,incomplete_all_existing_solved
ac19_15426,YXXYx,YYYYxYXYXyyXyx,3,19779 33663 99485,s20_mk2,incomplete_all_existing_solved
ac19_15429,YXYXX,YYYXYXXyyyXyxYx,1,19783,"baseline,s20_mk2",incomplete_all_existing_solved
ac19_15431,YXXyx,YYXyXyXXXXYXX,4,19788 36741 52947 155312,s20_mk2_mK2,incomplete_all_existing_solved
ac19_15440,YXXyx,YYXyXyxyXYxYX,5,19798 44430 93541 131161 134856,"s20_mk2,s20_mk2_mK2,s20_f4",incomplete_all_existing_solved
ac19_15479,YXXYx,YYYxYYXXXyyx,3,19858 62077 142150,s20_f4,incomplete_all_existing_solved
ac19_15494,YXXyXXYx,YXyxYXXXX,7,19882 21193 45840 103483 120977 126264 135585,baseline,incomplete_all_existing_solved
ac19_15500,YYXXX,YYxYXXXXYXXyx,3,19895 74018 96945,s20_f4,incomplete_all_existing_solved
ac19_15504,YXXyx,YYXXYxyXyyXyX,3,19899 99008 116932,baseline,incomplete_all_existing_solved
ac19_15509,YXXyx,YYYXXyyxYXXyx,1,19905,baseline,incomplete_all_existing_solved
ac19_15516,YXXYx,YYxYXyyXXyxyxx,1,19916,"baseline,s20_mk2",incomplete_all_existing_solved
ac19_15527,YXXX,YYYXYYXyyxyyXyx,1,19932,s20_mk2,incomplete_all_existing_solved
ac19_15560,YXyxYXXyx,YYXYxyXXyx,5,19976 20854 27486 65834 139962,s20_mk2_mK2,incomplete_all_existing_solved
ac19_156,YXXyx,YYYXyxyyXyX,12,678 3851 13859 21182 27641 28466 48130 76570 91813 106379 120888 135216,"baseline,s20_mk2",incomplete_all_existing_solved
ac19_15604,YXXYxYxx,YYYYYxxyX,3,20041 30823 108099,s20_f4,incomplete_all_existing_solved
ac19_15609,YXYXYx,YXyXXYxyxYx,7,20050 53295 78343 84411 99540 100355 116824,baseline,incomplete_all_existing_solved
ac19_15610,YXXyx,YYXyxYxxyxYxyX,1,20051,"s20_mk2_mK2,s20_f4",incomplete_all_existing_solved
ac19_15614,YYXXX,YYYYXXXXXXYX,2,20055 28502,s20_f4,incomplete_all_existing_solved
ac19_15619,YXXyx,YYXyxxxxxxxyyX,1,20063,baseline,incomplete_all_existing_solved
ac19_15646,YXXXXYx,YYXyXyxYYxyX,1,20099,s20_mk2_mK2,incomplete_all_existing_solved
ac19_15676,YXXyx,YYYXXYxyXyyyxyX,4,20136 24714 95515 152822,s20_f4,incomplete_all_existing_solved
ac19_15736,YXYXyx,YYXYXyXyXXYxx,1,20229,baseline,incomplete_all_existing_solved
ac19_15749,YYXXX,YYXXXXXyxxxx,3,20252 45121 69151,baseline,incomplete_all_existing_solved
ac19_15767,YXXyXyX,YYXyyXYXyxx,3,20275 132812 140289,s20_mk2,incomplete_all_existing_solved
ac19_15769,YXXyx,YYYXXyyxxyxyXX,1,20278,baseline,incomplete_all_existing_solved
ac19_15781,YXXyx,YYYYXyyyxYxyx,3,20297 82790 85596,s20_f4,incomplete_all_existing_solved
ac19_15782,YXXyXyX,YYxYxyxxxxyX,2,20299 147555,s20_mk2,incomplete_all_existing_solved
ac19_1579,YXYXyx,YYYxyxxyXXXyX,1,2170,s20_f4,incomplete_all_existing_solved
ac19_15795,YXXyx,YYYXyXYXXyXXyx,1,20322,"baseline,s20_mk2",incomplete_all_existing_solved
ac19_15805,YXYXYx,YYXXXXyxxYx,3,20341 133767 154790,"s20_mk2,s20_mk2_mK2",incomplete_all_existing_solved
ac19_15810,YXXYx,YYXXYXyxYYxyX,3,20348 49834 76876,baseline,incomplete_all_existing_solved
ac19_15821,YXXyx,YYYXXyyxyxyXXX,1,20366,baseline,incomplete_all_existing_solved
ac19_15824,YXXyx,YYYXXXyXyyXyX,3,20371 53743 114254,s20_mk2,incomplete_all_existing_solved
ac19_15829,YYXXYx,YYYYYxxyyXXYX,1,20377,s20_f4,incomplete_all_existing_solved
ac19_15831,YXXyXyX,YYXyxyxYXyx,5,20380 69900 98075 116789 154402,s20_f4,incomplete_all_existing_solved
ac19_15834,YXyxYXXyx,YYXXXYXyyx,1,20384,baseline,incomplete_all_existing_solved
ac19_15836,YYXXXyxx,YYYYXXyyx,1,20386,s20_mk2_mK2,incomplete_all_existing_solved
ac19_1584,YYXXyx,YYXYXXYxyyXYx,1,2175,baseline,incomplete_all_existing_solved
ac19_15841,YXXX,YYYXyxYXyxyyx,3,20392 32071 115038,baseline,incomplete_all_existing_solved
ac19_15847,YXXYx,YYXyyXXyxyXYxYYx,1,20401,s20_mk2,incomplete_all_existing_solved
ac19_1585,YYXXYXXYx,YYxyXyxxyX,1,2176,s20_f4,incomplete_all_existing_solved
ac19_15856,YXXyx,YYXyXXYXyyXyx,3,20414 41796 109276,baseline,incomplete_all_existing_solved
ac19_15860,YXXyx,YYYXYXyXyyxxxxx,2,20418 80342,baseline,incomplete_all_existing_solved
ac19_15886,YXXyx,YYXyyXXXYYXyXX,1,20462,s20_f4,incomplete_all_existing_solved
ac19_1589,YYXXXyXX,YYYXXyyXX,2,2180 58399,s20_mk2,incomplete_all_existing_solved
ac19_15896,YXXyx,YYYXyxxxyxyyX,4,20474 61296 105556 146284,s20_mk2,incomplete_all_existing_solved
ac19_15901,YXXYx,YYYXyxxYXXXyyx,1,20480,s20_mk2,incomplete_all_existing_solved
ac19_15919,YXXyx,YYXyxyxYXyXyxx,1,20508,s20_f4,incomplete_all_existing_solved
ac19_1592,YXYXyx,YYYXyXXyXXYYxyx,1,2183,"baseline,s20_mk2,s20_mk2_mK2",incomplete_all_existing_solved
ac19_15944,YYXYxxxyx,YYXXyxyxYx,1,20543,"s20_mk2,s20_mk2_mK2,s20_f4",incomplete_all_existing_solved
ac19_15949,YXXyx,YYXXXYYxyXyXyX,2,20550 73777,baseline,incomplete_all_existing_solved
ac19_15951,YXXXXYx,YYYXYxxyyXyX,1,20553,baseline,incomplete_all_existing_solved
ac19_15964,YXXyx,YYXYXXyxYxyyX,3,20571 23080 89388,s20_f4,incomplete_all_existing_solved
ac19_15970,YXXyx,YYYXyyXyXXXYx,5,20578 67887 101965 107991 126429,s20_mk2,incomplete_all_existing_solved
ac19_1599,YXXYx,YYXXyxYXYYxYXX,1,2191,"baseline,s20_mk2,s20_mk2_mK2",incomplete_all_existing_solved
ac19_16,YXXyx,YYXYXyyX,69,73 146 8489 12066 17203 18657 26537 27131 27184 27405 27891 29842 32396 33430 35620 36311 39290 40339 40718 40886 41925 45938 51449 53260 56236 56485 59258 64960 67333 69719 72976 73627 75455 75593 75763 78298 79621 79765 83329 84389 85928 86029 86321 87185 94347 96738 97362 99177 99906 102416 108586 113165 113961 116737 120267 129397 131531 134272 135072 140594 143767 146585 146906 146976 147652 147788 148930 149669 152383,"baseline,s20_mk2,s20_mk2_mK2",incomplete_all_existing_solved
ac19_16012,YXYXyx,YYYYYYXXyxyXXXX,1,20642,s20_mk2,incomplete_all_existing_solved
ac19_1602,YXYXYx,YXXXyxxYx,13,2194 19757 55454 62487 68056 91679 97565 97790 128778 133054 133835 134658 137063,"s20_mk2_mK2,s20_f4",incomplete_all_existing_solved
ac19_1604,YXXYxYxx,YYYxxxyXXyX,2,2196 47756,"baseline,s20_mk2,s20_mk2_mK2,s20_f4",never_10k
ac19_1607,YYXXXyxx,YXXXyxxYx,4,2199 60951 99181 147162,"baseline,s20_mk2",incomplete_all_existing_solved
ac19_16100,YXXX,YYYYXYXYXXyyyyX,2,20770 46743,s20_mk2,incomplete_all_existing_solved
ac19_16127,YXYXyx,YYXXyXyyXYxxx,1,20811,s20_f4,incomplete_all_existing_solved
ac19_16132,YYXXYx,YYYxxyXyXXXYx,1,20820,s20_mk2_mK2,incomplete_all_existing_solved
ac19_16141,YYYXXXX,YYXXYXXyx,9,20835 30040 30205 34219 73091 100526 108654 118319 122591,s20_mk2,incomplete_all_existing_solved
ac19_16149,YXXyXyX,YYXXyyxYXyx,3,20846 67685 146379,"baseline,s20_mk2,s20_f4",incomplete_all_existing_solved
ac19_16164,YXXyx,YYXXyXYXXyyXyx,1,20873,"s20_mk2_mK2,s20_f4",incomplete_all_existing_solved
ac19_16179,YXXYx,YYYYXYXyXYx,5,20897 55238 70157 144816 156708,s20_f4,incomplete_all_existing_solved
ac19_16184,YXXyx,YYXXXXXYxxyXyx,1,20903,"baseline,s20_mk2",incomplete_all_existing_solved
ac19_1620,YXXyx,YYXyyxxYxx,15,2212 3787 7501 39287 47237 65766 71695 97461 100393 115884 127209 141208 142993 145450 151267,"s20_mk2,s20_mk2_mK2",incomplete_all_existing_solved
ac19_16206,YXYXYx,YYYXXYxxxyyXX,1,20937,"s20_mk2_mK2,s20_f4",incomplete_all_existing_solved
ac19_16229,YYYXXXXX,YYYXYXyyX,2,20969 33834,baseline,incomplete_all_existing_solved
ac19_16231,YXYXyx,YYXXyXyyXYYxx,2,20972 46970,s20_f4,incomplete_all_existing_solved
ac19_16234,YYXXyx,YYXXYXXyyxxYX,1,20975,"s20_mk2,s20_mk2_mK2,s20_f4",incomplete_all_existing_solved
ac19_16284,YXXyx,YYXyxyxxYxYxyX,1,21042,"baseline,s20_mk2",incomplete_all_existing_solved
ac19_16291,YYXXXyxx,YXXYxxyXXYx,2,21051 98700,s20_mk2,incomplete_all_existing_solved
ac19_16294,YYYXyXyyx,YYxyxxxxx,1,21056,"s20_mk2_mK2,s20_f4",incomplete_all_existing_solved
ac19_1630,YYXXX,YYYxxyXXyXyyxx,1,2222,s20_mk2_mK2,incomplete_all_existing_solved
ac19_16329,YXXXX,YYYYxyXyyyx,2,21112 61156,s20_mk2,incomplete_all_existing_solved
ac19_16334,YYXXX,YYXyyXXYxyxxyx,1,21120,"s20_mk2,s20_mk2_mK2",incomplete_all_existing_solved
ac19_1634,YYXXX,YYYXyXyxxxyyx,1,2226,"baseline,s20_f4",incomplete_all_existing_solved
ac19_16355,YXXyx,YYYXXXyyXyyxx,1,21155,s20_mk2_mK2,incomplete_all_existing_solved
ac19_16356,YXXyx,YYYXXXyXXyX,7,21157 28743 40028 75948 99898 144623 150071,s20_mk2,incomplete_all_existing_solved
ac19_16370,YXXyx,YYXXXyXyyXYYx,3,21183 99041 102154,baseline,incomplete_all_existing_solved
ac19_16372,YXXYx,YYXXXXyxyxYxx,3,21185 34367 54178,"baseline,s20_mk2_mK2",incomplete_all_existing_solved
ac19_16385,YXXyx,YYXYYXyyXXyxxx,1,21201,s20_mk2,incomplete_all_existing_solved
ac19_1639,YXXyx,YYYXXyyxxxyyxx,1,2232,baseline,incomplete_all_existing_solved
ac19_16397,YXYXyx,YYYYXXYxYXXXX,2,21221 26341,s20_mk2_mK2,incomplete_all_existing_solved
ac19_16400,YXXYx,YYYXyXXXyxxYYx,1,21224,baseline,incomplete_all_existing_solved
ac19_16407,YYYXXXXX,YYYXyyxyxyx,1,21232,s20_f4,incomplete_all_existing_solved
ac19_16427,YYXXyx,YYXyxYXXyxx,3,21263 94892 144522,baseline,incomplete_all_existing_solved
ac19_16432,YYXXX,YYYYXXyXYXXyx,1,21271,s20_mk2_mK2,incomplete_all_existing_solved
ac19_16436,YYXXYx,YYYXXyxxyXyyx,1,21276,s20_f4,incomplete_all_existing_solved
ac19_16437,YXXyx,YYXYxyyxxxyyX,4,21279 31657 50484 156287,baseline,incomplete_all_existing_solved
ac19_1645,YXXYXXyX,YYXXyXyxx,4,2238 55114 88223 149449,"baseline,s20_mk2,s20_mk2_mK2",incomplete_all_existing_solved
ac19_16454,YXXyxYXXyxx,YYXyXYXXyXXXX,3,21303 60327 119812,s20_mk2,incomplete_all_existing_solved
ac19_16466,YXXyx,YYXyxxxxxYxxyX,1,21322,"s20_mk2,s20_f4",incomplete_all_existing_solved
ac19_16471,YXXYx,YYXYxxYXyXyyx,4,21331 69512 78320 139793,s20_f4,incomplete_all_existing_solved
ac19_16475,YXXyx,YYXyXXXyXYXXX,4,21336 71975 91653 132029,baseline,incomplete_all_existing_solved
ac19_1649,YXXyx,YYXYYxyyxyXX,8,2242 61501 64378 81390 86817 90190 95098 145523,baseline,incomplete_all_existing_solved
ac19_16506,YXXXyxx,YYYYXyxyXyxx,1,21388,s20_mk2_mK2,incomplete_all_existing_solved
ac19_16511,YYXXYx,YYYXXYYXYYx,3,21396 58460 101480,s20_mk2_mK2,incomplete_all_existing_solved
ac19_16532,YYXXX,YYYxxyyXXXYXyx,1,21419,s20_mk2,incomplete_all_existing_solved
ac19_16547,YXXyx,YYYXyxxxxxxyxx,1,21439,s20_mk2,incomplete_all_existing_solved
ac19_1655,YXXyx,YYYXYXyxyyxxxx,2,2248 31607,s20_f4,incomplete_all_existing_solved
ac19_16555,YXXyx,YYXyxyxYxyXXyX,1,21451,"s20_mk2,s20_mk2_mK2",incomplete_all_existing_solved
ac19_16556,YXXyXYx,YYXyxxYXyX,8,21453 25435 36105 48320 63029 76302 111439 121813,s20_mk2_mK2,incomplete_all_existing_solved
ac19_16571,YXXyx,YYXYXyyXyXYxxx,1,21472,"s20_mk2,s20_mk2_mK2,s20_f4",incomplete_all_existing_solved
ac19_16591,YXYXXXX,YYYXyXXyx,7,21501 65506 90389 94982 120629 128677 132757,s20_mk2_mK2,incomplete_all_existing_solved
ac19_16622,YXXyx,YYYXYxyxxyyXX,3,21537 90999 134817,s20_mk2_mK2,incomplete_all_existing_solved
ac19_16661,YXXyxYx,YYYxYYxxyXX,3,21606 56966 111794,s20_mk2,incomplete_all_existing_solved
ac19_16662,YXXyXyxx,YYxyxYXyx,6,21607 29279 58923 83277 134235 134928,s20_f4,incomplete_all_existing_solved
ac19_16667,YXXYx,YYXyXYxyxyXyxx,1,21614,s20_mk2_mK2,incomplete_all_existing_solved
ac19_16672,YXXXyxx,YYXyXYXXXyX,3,21621 50150 118479,"s20_mk2,s20_mk2_mK2",incomplete_all_existing_solved
ac19_16677,YYXXYx,YYYYxyXyxyX,3,21626 44028 86928,baseline,incomplete_all_existing_solved
ac19_1669,YXXyx,YYXyxyxYxyXyxx,1,2262,s20_f4,incomplete_all_existing_solved
ac19_16696,YXXyxYx,YYxYXYxxyXXX,1,21656,"baseline,s20_mk2_mK2",incomplete_all_existing_solved
ac19_16701,YXXYxxyx,YYXyyXyxxyX,1,21665,s20_mk2_mK2,incomplete_all_existing_solved
ac19_16727,YXyXXyx,YYXXyXXXyyxyx,1,21700,s20_mk2_mK2,incomplete_all_existing_solved
ac19_1674,YXXyx,YYYXyXYXyXyx,5,2267 15180 28785 39393 51757,"s20_mk2,s20_mk2_mK2,s20_f4",incomplete_all_existing_solved
ac19_16757,YYXXyx,YXYXyXXYxxx,5,21751 118222 120034 140402 147616,s20_mk2_mK2,incomplete_all_existing_solved
ac19_16766,YXXXyXYx,YYXXXYXXXyx,4,21764 37969 48391 71875,s20_mk2,incomplete_all_existing_solved
ac19_16767,YXXyx,YYXyyXYYXXyx,3,21765 46022 135945,"baseline,s20_mk2,s20_mk2_mK2",incomplete_all_existing_solved
ac19_16771,YXX,YYYxYXyyyXyyxx,7,21772 42916 52756 77682 92904 145812 153966,"baseline,s20_mk2,s20_mk2_mK2",incomplete_all_existing_solved
ac19_16785,YXXyx,YYXXXYXyXyxx,5,21792 54854 78960 87735 90302,s20_mk2_mK2,incomplete_all_existing_solved
ac19_16789,YXXXyxx,YYXyxxxxxx,10,21798 30350 41656 71849 81786 89770 118373 129902 151357 151671,"baseline,s20_mk2",incomplete_all_existing_solved
ac19_1679,YYXXXXyX,YYYYXXyyXyX,1,2273,baseline,incomplete_all_existing_solved
ac19_16790,YXXXX,YYXXXXyyXyxYYx,1,21799,"baseline,s20_mk2",incomplete_all_existing_solved
ac19_16809,YXYxyx,YYxYxxYXYxx,4,21831 41753 48875 131879,"s20_mk2,s20_mk2_mK2",incomplete_all_existing_solved
ac19_16814,YXXyx,YYXyxxyyxyXXYx,1,21837,s20_mk2_mK2,incomplete_all_existing_solved
ac19_16816,YXXyx,YYYXXXyXXXXyX,2,21840 113206,"s20_mk2,s20_f4",incomplete_all_existing_solved
ac19_16819,YXXYx,YYYXYYYXyXyyx,4,21844 54314 70558 91049,s20_f4,incomplete_all_existing_solved
ac19_16821,YYXXX,YYXXXyxxxYxyXX,1,21846,baseline,incomplete_all_existing_solved
ac19_169,YXYXX,YYXXXXXyyxxYxx,1,692,"s20_mk2_mK2,s20_f4",incomplete_all_existing_solved
ac19_16929,YXXyx,YYYXyxxxyyxxyX,1,22023,s20_mk2_mK2,incomplete_all_existing_solved
ac19_16959,YXXyx,YYXYxYXyyXyxxx,1,22075,s20_f4,incomplete_all_existing_solved
ac19_16965,YYXXXyxx,YXyXYxxyX,8,22084 27290 35745 74901 84081 92835 124586 127027,"baseline,s20_f4",incomplete_all_existing_solved
ac19_16970,YYXXXyx,YYXyyXYYXXyx,1,22089,baseline,incomplete_all_existing_solved
ac19_16997,YXXyx,YYXyXYXXYxyyxx,1,22131,s20_mk2,incomplete_all_existing_solved
ac19_17016,YXYXX,YYYXyyXXXYxyx,1,22161,s20_mk2,incomplete_all_existing_solved
ac19_1702,YXyXXyX,YYYYxxxxyyyx,1,2297,s20_mk2,incomplete_all_existing_solved
ac19_17026,YXXXyxx,YYYXyyXXXX,2,22171 97551,"baseline,s20_mk2_mK2",incomplete_all_existing_solved
ac19_17032,YXXX,YYYYxyXXyyXyx,1,22179,s20_f4,incomplete_all_existing_solved
ac19_17034,YXyXXyx,YYYxyXYxyyxx,1,22183,baseline,incomplete_all_existing_solved
ac19_17037,YYXXXXyx,YYXXyyxxx,1,22188,"baseline,s20_mk2",incomplete_all_existing_solved
ac19_17047,YYXXyx,YYXyXYXXXYxyx,1,22201,s20_mk2_mK2,incomplete_all_existing_solved
ac19_17055,YXXyxYx,YYXyyXYxxyx,3,22210 100698 146106,baseline,incomplete_all_existing_solved
ac19_17056,YXXyx,YYYXyxyXyxyxx,4,22214 43354 132559 143499,s20_mk2_mK2,incomplete_all_existing_solved
ac19_17057,YYXXX,YYYYXYXXyXXXyx,1,22215,s20_mk2,incomplete_all_existing_solved
ac19_17070,YXXyx,YYYXyyyXXXYXXX,2,22230 58568,s20_mk2_mK2,incomplete_all_existing_solved
ac19_17080,YYXXXYxx,YYXyyXXYxxx,1,22245,baseline,incomplete_all_existing_solved
ac19_17082,YXXyx,YYXXYxyXyyxxyX,1,22251,baseline,incomplete_all_existing_solved
ac19_17095,YXYxYXXYx,YYYXyxyXyyx,1,22271,s20_f4,incomplete_all_existing_solved
ac19_17142,YXXyXyX,YYXXXyxxyXyX,2,22344 64546,s20_mk2_mK2,incomplete_all_existing_solved
ac19_17147,YXXyx,YYYXyyyXYxyXYX,4,22351 64762 94771 136785,baseline,incomplete_all_existing_solved
ac19_17166,YYXXyx,YYXXyyxxYXXyx,1,22382,"baseline,s20_mk2",incomplete_all_existing_solved
ac19_1719,YXYXyx,YYXYXyyXyyxxx,1,2314,baseline,incomplete_all_existing_solved
ac19_1724,YXXYx,YYXXXYYxxxyXX,2,2319 58599,"baseline,s20_mk2,s20_mk2_mK2,s20_f4",never_10k
ac19_17262,YYXXX,YYXyXXyxyXYYxx,1,22518,"s20_mk2,s20_mk2_mK2,s20_f4",incomplete_all_existing_solved
ac19_1727,YXYXYXX,YYYxYXyXXyyx,1,2322,"baseline,s20_mk2,s20_f4",incomplete_all_existing_solved
ac19_1729,YXXyx,YYXXyxxyXYxxxx,1,2324,"baseline,s20_mk2,s20_mk2_mK2,s20_f4",never_10k
ac19_17290,YXYXYx,YYXXXXyyxYYxx,1,22559,s20_mk2_mK2,incomplete_all_existing_solved
ac19_17304,YYXXYx,YYXYYxyXYXXYx,1,22586,s20_mk2_mK2,incomplete_all_existing_solved
ac19_17326,YXXyx,YYXYYXyXyxxyx,3,22617 117540 130657,"s20_mk2_mK2,s20_f4",incomplete_all_existing_solved
ac19_17329,YXYXyx,YYXYxxYxyXXyX,3,22621 53612 77099,s20_f4,incomplete_all_existing_solved
ac19_1734,YYXXXXX,YYXyyxYYXyXX,1,2329,baseline,incomplete_all_existing_solved
ac19_17379,YYXXyXYxxyx,YYXXXyXYxyxYx,2,22695 143208,s20_mk2,incomplete_all_existing_solved
ac19_17382,YYXXX,YXYxYxyXXXyx,6,22698 31595 101883 120207 134727 149749,s20_mk2_mK2,incomplete_all_existing_solved
ac19_17384,YXXYx,YYYXXYxxxyyXyX,1,22701,"baseline,s20_mk2",incomplete_all_existing_solved
ac19_17396,YYXXXYx,YYxyXyxYXX,3,22716 73660 100264,s20_f4,incomplete_all_existing_solved
ac19_174,YYXXyxx,YYYYYXXYxxYX,1,697,s20_f4,incomplete_all_existing_solved
ac19_17401,YYXXXYx,YYXyxxyXyx,8,22724 32544 75829 98108 105616 122909 141880 155397,baseline,incomplete_all_existing_solved
ac19_1742,YXXyx,YYYXXYYxyyxyyx,4,2338 19444 72249 131451,s20_f4,incomplete_all_existing_solved
ac19_17424,YXYXYx,YYYYXXXyyxx,2,22758 134459,"baseline,s20_mk2,s20_mk2_mK2,s20_f4",never_10k
ac19_17426,YXXYx,YYYXXYXyxyyx,5,22760 69183 80823 115086 152231,s20_mk2_mK2,incomplete_all_existing_solved
ac19_17429,YXXYx,YYXXXyyXYxxx,4,22764 25677 100810 127667,"baseline,s20_mk2,s20_mk2_mK2,s20_f4",never_10k
ac19_17434,YXX,YYxYxyXyXyxyxyx,1,22770,"baseline,s20_mk2,s20_mk2_mK2,s20_f4",never_10k
ac19_1744,YXXYx,YYYXXYXyyyxx,2,2341 99565,"s20_mk2_mK2,s20_f4",incomplete_all_existing_solved
ac19_17467,YXYXXXX,YYXXyXyXXYxx,1,22814,s20_mk2_mK2,incomplete_all_existing_solved
ac19_17472,YXXyx,YYYXyXYxyyx,7,22820 66731 86964 109168 118298 129427 148746,"s20_mk2,s20_mk2_mK2,s20_f4",incomplete_all_existing_solved
ac19_17475,YXXXyXYx,YYXYXXXyX,3,22826 40988 119169,"s20_mk2_mK2,s20_f4",incomplete_all_existing_solved
ac19_17479,YYXXYx,YYXXYxxYXYXyx,1,22831,"s20_mk2_mK2,s20_f4",incomplete_all_existing_solved
ac19_17494,YXXyx,YYYXyXYxxyxyxx,1,22854,"s20_mk2_mK2,s20_f4",incomplete_all_existing_solved
ac19_17504,YXYxyx,YYYxyxYYYxx,3,22868 30411 154750,s20_mk2_mK2,incomplete_all_existing_solved
ac19_17505,YXX,YYYXXyxYxYXyXyX,1,22869,s20_mk2,incomplete_all_existing_solved
ac19_17507,YXYXYx,YYYXXyXyxYx,8,22871 24908 25142 28597 31966 62864 80856 113771,s20_mk2_mK2,incomplete_all_existing_solved
ac19_17515,YXYXX,YYXyyXXYxxxyyx,1,22881,s20_mk2_mK2,incomplete_all_existing_solved
ac19_1752,YYXXX,YYYXXyxxyyxxyX,1,2349,"baseline,s20_mk2,s20_mk2_mK2,s20_f4",never_10k
ac19_17525,YYXXX,YYXXXXXyxYxyx,3,22898 27507 118176,"baseline,s20_f4",incomplete_all_existing_solved
ac19_17535,YXXyx,YYXXXyxyXyxxxx,1,22915,s20_mk2_mK2,incomplete_all_existing_solved
ac19_17545,YXXYx,YYYXyXYXXYXYxx,1,22928,s20_mk2,incomplete_all_existing_solved
ac19_17564,YXXyx,YYXyyxyxxYxYx,4,22959 55146 105471 122346,baseline,incomplete_all_existing_solved
ac19_1759,YXXyx,YYYXyyxYYxyXyX,2,2357 133804,"s20_mk2_mK2,s20_f4",incomplete_all_existing_solved
ac19_17621,YXYXyx,YYYxyXyxyXyXXYx,1,23049,s20_mk2,incomplete_all_existing_solved
ac19_17625,YXXyx,YYXyXyxxyxyxYx,1,23056,s20_mk2_mK2,incomplete_all_existing_solved
ac19_17630,YXXyx,YYXyXXyxYYxyx,3,23065 75889 142293,baseline,incomplete_all_existing_solved
ac19_17637,YXX,YYXYXyXyXXyxYYx,1,23075,"s20_mk2_mK2,s20_f4",incomplete_all_existing_solved
ac19_1764,YYXXXyx,YXXXyxYx,10,2362 19089 25732 45974 94817 102177 105778 110579 134400 147196,"baseline,s20_f4",incomplete_all_existing_solved
ac19_17642,YXXyx,YYXyyxxyyXYx,3,23083 57279 151766,baseline,incomplete_all_existing_solved
ac19_1765,YXYXX,YYxYXXyyXyXYxx,1,2363,s20_f4,incomplete_all_existing_solved
ac19_17691,YXXXyXyx,YYxxxyxYXyx,2,23146 103633,s20_mk2,incomplete_all_existing_solved
ac19_17696,YXYXX,YYYXyxyXyXXYx,1,23159,"baseline,s20_mk2",incomplete_all_existing_solved
ac19_17697,YYXXYx,YYYxxyyXXyxYX,1,23160,s20_f4,incomplete_all_existing_solved
ac19_17701,YYXXyx,YYXYXYXXXyxYx,1,23169,s20_mk2,incomplete_all_existing_solved
ac19_17710,YXX,YYxYXyxxyXyXyx,3,23179 34364 111415,baseline,incomplete_all_existing_solved
ac19_17711,YXXyXYx,YXYxxyXX,16,23182 27756 47045 54245 56058 64625 67848 70044 82452 88661 95758 114803 134937 137595 139434 147605,"s20_mk2,s20_mk2_mK2,s20_f4",incomplete_all_existing_solved
ac19_17712,YXXyx,YYXXyyXXYYxyXX,1,23183,s20_f4,incomplete_all_existing_solved
ac19_17715,YXXyx,YYXyXXyxyXYxyX,1,23190,s20_f4,incomplete_all_existing_solved
ac19_17731,YXXyXYx,YYXyxyxYxyX,6,23213 44588 61170 84672 139045 144775,"baseline,s20_mk2_mK2",incomplete_all_existing_solved
ac19_17736,YXyXYxx,YYYXXYxxYX,3,23219 93860 140211,s20_f4,incomplete_all_existing_solved
ac19_17741,YXXyXYx,YYxYXXYXXXyX,2,23224 149950,"baseline,s20_mk2,s20_mk2_mK2",incomplete_all_existing_solved
ac19_17749,YXXYx,YYXYYXXXyxYXYx,1,23235,s20_mk2,incomplete_all_existing_solved
ac19_17755,YXXYxxyx,YYxxxYxyX,8,23242 30929 47907 69449 82695 116487 150633 151622,"baseline,s20_mk2",incomplete_all_existing_solved
ac19_1776,YXyXXyX,YYXXXXXyyxyX,1,2376,s20_mk2_mK2,incomplete_all_existing_solved
ac19_17797,YXXyx,YYYXXYxyyXyyyX,1,23316,s20_mk2_mK2,incomplete_all_existing_solved
ac19_17816,YXXyx,YYYXyyXyyxYYXX,1,23349,"baseline,s20_mk2,s20_mk2_mK2,s20_f4",never_10k
ac19_17844,YXYXyx,YYxYXYxyXyXyyxx,1,23392,s20_mk2,incomplete_all_existing_solved
ac19_1785,YXyXXyx,YYXyyXYXyxyx,1,2386,s20_mk2,incomplete_all_existing_solved
ac19_17861,YXXYx,YYYXYYxYXyxyyX,3,23414 93294 123823,baseline,incomplete_all_existing_solved
ac19_17877,YXXX,YYYYXyXYXXyxyyX,1,23439,s20_mk2_mK2,incomplete_all_existing_solved
ac19_17899,YXYXyx,YYXyyXyyxxxxyxxyx,1,23478,s20_f4,incomplete_all_existing_solved
ac19_179,YXX,YYXyXYxyXXyxx,1,702,"baseline,s20_mk2",incomplete_all_existing_solved
ac19_17906,YYXXXYX,YYYXXXyyxx,2,23493 30616,baseline,incomplete_all_existing_solved
ac19_17917,YXXyXyx,YYXXyyxYxyx,3,23507 57412 118064,s20_f4,incomplete_all_existing_solved
ac19_17921,YXyXXyx,YYxyxYXYYxyxxyx,1,23512,s20_mk2,incomplete_all_existing_solved
ac19_17929,YYXXX,YYXXYXyyxYYXXX,1,23522,s20_f4,incomplete_all_existing_solved
ac19_17934,YXXYx,YYXYXYxYXyXYx,5,23529 26926 27059 99252 146833,baseline,incomplete_all_existing_solved
ac19_17951,YYXXX,YYXXYXyyxx,7,23553 62875 64951 72093 88350 119297 135215,"baseline,s20_mk2,s20_mk2_mK2,s20_f4",never_10k
ac19_17952,YXXYXXyX,YXXyXXXYx,12,23555 33744 54840 60039 61900 87353 101606 114738 116509 122868 134493 140111,baseline,incomplete_all_existing_solved
ac19_17976,YXXXX,YYYYXyXyyX,2,23586 93437,s20_mk2,incomplete_all_existing_solved
ac19_17981,YXXyx,YYYXyxYXyXyx,5,23595 24723 78882 137013 145767,"s20_mk2,s20_mk2_mK2,s20_f4",incomplete_all_existing_solved
ac19_17985,YXYXyx,YYYXYxyXXyXXyxxYx,1,23602,s20_mk2,incomplete_all_existing_solved
ac19_1799,YXXYXXyX,YYXyyXYXX,5,2402 6830 12480 58462 97700,"s20_mk2_mK2,s20_f4",incomplete_all_existing_solved
ac19_18012,YXYXyx,YYYXYxyXyXXYx,4,23647 62398 86703 94532,s20_mk2_mK2,incomplete_all_existing_solved
ac19_18019,YXXXXyXYx,YYxYXXyyXX,2,23660 73563,s20_mk2,incomplete_all_existing_solved
ac19_1802,YXXyx,YYXYxyyxyxYx,13,2405 19323 36286 39107 55958 64426 70412 77123 93678 96624 126203 138543 142123,baseline,incomplete_all_existing_solved
ac19_18031,YXYXX,YYYXXXXYYXXyyx,1,23679,s20_mk2_mK2,incomplete_all_existing_solved
ac19_18060,YYXXYXYYx,YYXXXYYxyx,1,23718,baseline,incomplete_all_existing_solved
ac19_1807,YXyXXyX,YYYXyxYxyxxyxx,1,2411,baseline,incomplete_all_existing_solved
ac19_18092,YYXXYx,YYYXYYXyXYx,4,23761 71013 72413 80069,s20_mk2_mK2,incomplete_all_existing_solved
ac19_18102,YXXX,YYYXYYxyxyXyyyX,1,23776,baseline,incomplete_all_existing_solved
ac19_1811,YXXyx,YYYXyyyxxxxxxYx,2,2415 34025,s20_f4,incomplete_all_existing_solved
ac19_18119,YYXXX,YYYXyyyXXYx,4,23799 63149 106821 110225,s20_f4,incomplete_all_existing_solved
ac19_18129,YXXXX,YYYXyyXYXXyx,1,23820,s20_mk2_mK2,incomplete_all_existing_solved
ac19_18130,YXXyx,YYXyxyXXXYxyyx,1,23822,s20_mk2,incomplete_all_existing_solved
ac19_18136,YYXXyxx,YYYYYXXYXYxx,1,23828,s20_mk2_mK2,incomplete_all_existing_solved
ac19_18140,YXXyx,YYXXXyxYxxxyx,3,23839 93351 134880,s20_mk2,incomplete_all_existing_solved
ac19_18141,YXXX,YYYXXyyyxYXyx,1,23840,"baseline,s20_mk2",incomplete_all_existing_solved
ac19_18145,YXXyXyx,YYXXyyxYXyx,3,23849 85978 156038,s20_mk2,incomplete_all_existing_solved
ac19_18149,YXXyxYx,YYXyxyxyXyX,5,23855 29774 82557 86995 99419,"s20_mk2_mK2,s20_f4",incomplete_all_existing_solved
ac19_18175,YXYXX,YYYXXXyXyxx,4,23899 58337 73512 131687,"s20_mk2,s20_mk2_mK2",incomplete_all_existing_solved
ac19_18214,YXXyx,YYXXyxxxxYxxyX,1,23957,baseline,incomplete_all_existing_solved
ac19_18231,YXXyx,YYYXyyXyyxYYX,3,23980 72034 79375,s20_f4,incomplete_all_existing_solved
ac19_1825,YYXXXYxx,YYXyyXyxx,3,2430 103256 108461,s20_f4,incomplete_all_existing_solved
ac19_18260,YXyXXyX,YYYYxxxyyyxx,1,24022,"baseline,s20_mk2",incomplete_all_existing_solved
ac19_18287,YXYXyx,YYxYYxyXyXXYX,2,24058 101802,baseline,incomplete_all_existing_solved
ac19_18292,YYXXXyxx,YYYXyXyxx,2,24065 111750,s20_mk2,incomplete_all_existing_solved
ac19_18299,YYXyXYXyX,YYXXyxxyX,2,24076 90884,baseline,incomplete_all_existing_solved
ac19_1830,YYXXX,YYYYXXyyXYX,5,2435 52700 57453 86299 99104,s20_f4,incomplete_all_existing_solved
ac19_18302,YXXYx,YYXyXyXYxxxyyx,2,24083 40116,s20_mk2_mK2,incomplete_all_existing_solved
ac19_1831,YXXyx,YYXYYxyyXyXX,4,2436 18212 105729 149229,"baseline,s20_mk2",incomplete_all_existing_solved
ac19_18346,YYXXYx,YXyxYXXYx,11,24150 33622 34226 38028 46278 72309 79869 124157 125309 129570 147712,"s20_mk2,s20_mk2_mK2,s20_f4",incomplete_all_existing_solved
ac19_18369,YXXYXXXYx,YYxxxyXXXX,3,24190 125373 134960,baseline,incomplete_all_existing_solved
ac19_18374,YXXyxYx,YYXXXXyxxx,4,24195 36208 75196 88445,s20_mk2,incomplete_all_existing_solved
ac19_18389,YXYXX,YYYXYXXXXyyXYx,2,24219 95669,s20_mk2_mK2,incomplete_all_existing_solved
ac19_18397,YXYXYx,YYYXYxyXXyyxx,1,24232,baseline,incomplete_all_existing_solved
ac19_18419,YXXXYxx,YYXXyxYxxyXX,1,24264,s20_f4,incomplete_all_existing_solved
ac19_18424,YXXyx,YYYXyXXyxyxyx,4,24278 41998 83810 148112,"s20_mk2_mK2,s20_f4",incomplete_all_existing_solved
ac19_18429,YYXXX,YYXXXyyxxYX,3,24283 69752 136180,"baseline,s20_mk2,s20_mk2_mK2,s20_f4",never_10k
ac19_18437,YXXyx,YYXyxxyxYx,19,24296 31696 45853 48920 58443 58827 82120 86220 86724 94325 100901 106860 106873 126644 129606 131186 131620 134640 141504,s20_mk2,incomplete_all_existing_solved
ac19_18442,YYXXyXyyx,YYxYxyxxyX,1,24301,"baseline,s20_mk2",incomplete_all_existing_solved
ac19_18444,YXYXyx,YYXYxxYXyyXyx,1,24303,s20_f4,incomplete_all_existing_solved
ac19_18445,YYXXYxxyx,YYxYXXyyxx,1,24307,s20_mk2,incomplete_all_existing_solved
ac19_18449,YYXXyyXyx,YYxxxyXYx,3,24316 95363 115729,"baseline,s20_mk2,s20_mk2_mK2,s20_f4",never_10k
ac19_18450,YYXXYXXyX,YYxYXXyyX,1,24317,s20_mk2_mK2,incomplete_all_existing_solved
ac19_1846,YYXXyx,YYXYXyyxx,9,2452 13720 13850 16213 127358 143118 144409 151211 156040,"s20_mk2_mK2,s20_f4",incomplete_all_existing_solved
ac19_1847,YXXyxYx,YYxYXXXXYYxx,1,2453,baseline,incomplete_all_existing_solved
ac19_18485,YXYXyx,YYYXyXXyyxxxx,2,24385 57820,s20_mk2,incomplete_all_existing_solved
ac19_18511,YXXyx,YYYYXyxYXyyyX,3,24424 109104 143268,baseline,incomplete_all_existing_solved
ac19_18527,YXYXyx,YYXyXXXyxxxYx,6,24446 76263 85979 97191 131940 136362,s20_f4,incomplete_all_existing_solved
ac19_18555,YXXyx,YYYYXyxyXyxxx,2,24496 37767,baseline,incomplete_all_existing_solved
ac19_18585,YXYXyx,YYXYxYYXXXyyX,1,24541,baseline,incomplete_all_existing_solved
ac19_18592,YXXyx,YYYXXXyyyXXYx,2,24556 46746,s20_f4,incomplete_all_existing_solved
ac19_18624,YXXyx,YYXyXYxyyxyxx,3,24612 52405 68221,"s20_mk2_mK2,s20_f4",incomplete_all_existing_solved
ac19_18629,YXyXYxx,YYYXyXYxyxx,3,24618 89824 115237,baseline,incomplete_all_existing_solved
ac19_1866,YXYxyx,YYXYxxYxyXYxx,1,2472,s20_mk2_mK2,incomplete_all_existing_solved
ac19_1867,YXyXYxx,YYYXyyXXyxx,4,2473 38925 89955 95762,"baseline,s20_mk2_mK2",incomplete_all_existing_solved
ac19_18672,YXYXyx,YYYxyXyXXyx,5,24679 30874 47776 78475 147575,s20_mk2,incomplete_all_existing_solved
ac19_1871,YXXYxxyx,YXXyXXyxx,9,2477 15597 52995 53042 66819 110628 112997 144235 156750,"baseline,s20_mk2_mK2",incomplete_all_existing_solved
ac19_18719,YXYxYXXyx,YYXYxxyXyX,2,24756 38509,s20_f4,incomplete_all_existing_solved
ac19_1872,YXX,YYxyXYXyXyXYxyx,1,2478,baseline,incomplete_all_existing_solved
ac19_18732,YXXyx,YYXXXyXXYXXyX,3,24779 71582 102329,"s20_mk2_mK2,s20_f4",incomplete_all_existing_solved
ac19_18746,YXXyx,YYXyXyxYXX,12,24794 43794 54633 57221 59260 61120 65082 75448 78429 94729 97266 127039,"s20_mk2,s20_mk2_mK2,s20_f4",incomplete_all_existing_solved
ac19_1876,YXYxyx,YYXYxxxyXXyyX,1,2482,"baseline,s20_mk2",incomplete_all_existing_solved
ac19_18761,YXXYXXyx,YYxyXYXXXyx,3,24815 64761 134504,s20_mk2_mK2,incomplete_all_existing_solved
ac19_18766,YYXXX,YYYXXyXyx,8,24820 30080 73654 93148 103274 127706 153156 155721,baseline,incomplete_all_existing_solved
ac19_18769,YXXyx,YYXYXyyxYxyxxx,1,24825,s20_f4,incomplete_all_existing_solved
ac19_18776,YXXYx,YYYYXXXXYXyxYx,1,24835,baseline,incomplete_all_existing_solved
ac19_18781,YXXyx,YYYXXYXyxyyx,5,24842 44935 48453 119191 142134,"s20_mk2_mK2,s20_f4",incomplete_all_existing_solved
ac19_18799,YYXXXXX,YYYXXYXXXyXX,1,24864,s20_f4,incomplete_all_existing_solved
ac19_18824,YYXXX,YYYXyXXyyxxyxx,1,24907,"s20_mk2,s20_f4",incomplete_all_existing_solved
ac19_18825,YXXyXyXyx,YYXXyxyxyX,1,24910,"baseline,s20_mk2_mK2,s20_f4",incomplete_all_existing_solved
ac19_18829,YXX,YYYXyyxyXyxYx,1,24919,"s20_mk2_mK2,s20_f4",incomplete_all_existing_solved
ac19_18845,YYXXyx,YYXyyXXYXyxYx,1,24942,"baseline,s20_mk2",incomplete_all_existing_solved
ac19_18849,YXyXXyx,YYYXyxyxyXYx,1,24946,s20_f4,incomplete_all_existing_solved
ac19_1886,YXXyx,YYXXYxYXyyXyx,3,2492 47163 146684,"baseline,s20_mk2",incomplete_all_existing_solved
ac19_18865,YXYXYx,YYXXyXYYxxxyX,1,24974,s20_f4,incomplete_all_existing_solved
ac19_18885,YXXyx,YYXXyXyyXXyXYX,1,25008,"s20_mk2,s20_mk2_mK2,s20_f4",incomplete_all_existing_solved
ac19_18890,YXXYx,YYYXYxYXyyyXyx,4,25015 89127 104866 144020,"baseline,s20_mk2,s20_mk2_mK2,s20_f4",never_10k
ac19_18900,YXYXYx,YYXyxYxYXXXYx,1,25026,"s20_mk2,s20_mk2_mK2",incomplete_all_existing_solved
ac19_18905,YXXyx,YYYXyyxxYXXXyx,1,25031,"s20_mk2_mK2,s20_f4",incomplete_all_existing_solved
ac19_1891,YYXXYx,YYxxyXXyxxyXX,1,2497,s20_f4,incomplete_all_existing_solved
ac19_1892,YXXXyxx,YYXyxyXXYx,3,2498 3608 140659,"baseline,s20_mk2_mK2",incomplete_all_existing_solved
ac19_1894,YXyXXyX,YYYxyxxxyx,3,2500 69514 80318,baseline,incomplete_all_existing_solved
ac19_18951,YXXXXYx,YYXyyXYx,9,25111 57649 58993 97929 98663 114809 134325 135022 139859,baseline,incomplete_all_existing_solved
ac19_18956,YXX,YYYxyXyyxYxyyx,1,25125,"baseline,s20_mk2,s20_mk2_mK2,s20_f4",never_10k
ac19_18959,YYXXXXyX,YYXXYXyyX,2,25131 61277,s20_mk2_mK2,incomplete_all_existing_solved
ac19_1896,YXXyx,YYXYXXyxyyxYx,3,2502 32641 33838,"baseline,s20_mk2_mK2,s20_f4",incomplete_all_existing_solved
ac19_18970,YYXXYXXyX,YYXXXYXyyx,1,25148,s20_mk2_mK2,incomplete_all_existing_solved
ac19_18985,YXYXyx,YYXYxyXXXyxYx,1,25170,baseline,incomplete_all_existing_solved
ac19_19,YXXyx,YYXYxyyx,84,76 128 706 1020 8017 8306 9974 10472 12723 20318 20652 24580 25982 29342 30500 31344 33600 34019 34703 36918 36959 41172 43348 46036 49033 50310 52896 58260 58290 59402 65301 66821 68104 68128 68387 69682 75795 76324 76354 80916 83146 83547 84771 86367 88483 90323 91511 92805 95005 96925 105970 107022 107470 109025 109176 110221 110298 110369 111150 117913 120301 121767 122314 124624 124684 125887 127010 127399 130827 134489 134692 134870 135756 135789 136606 141318 142268 144890 145540 146795 146932 147523 151930 156296,"baseline,s20_mk2,s20_mk2_mK2",incomplete_all_existing_solved
ac19_19000,YXX,YYXyXyxYxyx,3,25195 126908 129144,s20_mk2_mK2,incomplete_all_existing_solved
ac19_19005,YXXyx,YYYXyyxyxYxxx,1,25205,s20_mk2_mK2,incomplete_all_existing_solved
ac19_19036,YXXyx,YYXXYxYxxyyxyX,1,25255,s20_f4,incomplete_all_existing_solved
ac19_19041,YYXXyx,YYYYxxyyXXX,1,25261,"baseline,s20_mk2",incomplete_all_existing_solved
ac19_19054,YXXyx,YYYYXyXyXYxyyX,2,25279 28594,s20_mk2,incomplete_all_existing_solved
ac19_19070,YXXYx,YYXyyXXYxYxyx,2,25301 107427,s20_f4,incomplete_all_existing_solved
ac19_19071,YXXXXX,YYXXXXyyXYx,1,25302,"s20_mk2_mK2,s20_f4",incomplete_all_existing_solved
ac19_19082,YYXXX,YYXyXYxYXyXyx,3,25315 128889 142653,"s20_mk2,s20_mk2_mK2",incomplete_all_existing_solved
ac19_1909,YXyXXyx,YYYxyxyxxYx,3,2517 93240 150550,s20_mk2_mK2,incomplete_all_existing_solved
ac19_1911,YYXXyx,YYYYxyyXX,21,2519 18739 25841 26261 26923 38103 44343 48918 53458 60535 64377 68857 75885 102035 105269 121247 122336 122509 133050 146685 153992,s20_mk2,incomplete_all_existing_solved
ac19_19151,YXXYx,YYYXXYXyyxyx,5,25419 38627 42987 50195 128777,s20_f4,incomplete_all_existing_solved
ac19_19162,YYXXXyxx,YYYXXyxxYXX,1,25436,s20_mk2,incomplete_all_existing_solved
ac19_19172,YXXyx,YYXYxyyxYXyx,8,25456 26747 47819 95521 100599 112490 142941 152530,s20_mk2,incomplete_all_existing_solved
ac19_19191,YXXyx,YYXyXyxxxxxxYX,1,25482,s20_f4,incomplete_all_existing_solved
ac19_192,YXyXYxx,YYYYXyxx,22,716 1395 7402 10914 11480 14801 16046 28912 30478 30604 35759 68023 71900 75108 85556 92990 101636 128533 141955 144389 153958 155186,baseline,incomplete_all_existing_solved
ac19_1921,YXYxYXXYx,YYXyxyXyxyXYx,3,2529 10597 26342,baseline,incomplete_all_existing_solved
ac19_19221,YXXyx,YYYYXXXyXyXyxx,1,25533,s20_mk2_mK2,incomplete_all_existing_solved
ac19_19222,YXXyx,YYXXyyXXXYxx,3,25534 50726 155320,"baseline,s20_mk2,s20_mk2_mK2",incomplete_all_existing_solved
ac19_19252,YXXYx,YYXYYxYXXXyxyx,1,25581,s20_mk2,incomplete_all_existing_solved
ac19_19260,YXYXyx,YYXYxyXXXXXyxYxxx,1,25590,s20_mk2,incomplete_all_existing_solved
ac19_19272,YXX,YYYXyXYYXXyyx,1,25605,baseline,incomplete_all_existing_solved
ac19_19276,YXXyx,YYYXYYxyxyXyyx,12,25610 30842 38380 42618 58798 65336 68471 72058 84298 92617 142327 151781,baseline,incomplete_all_existing_solved
ac19_19281,YXX,YYYYxyXyyyx,11,25619 32045 34952 41507 42004 45411 58527 81953 97786 101287 141287,"baseline,s20_mk2",incomplete_all_existing_solved
ac19_19284,YXYXX,YYxYXyXyXyxyxxx,2,25622 143846,s20_f4,incomplete_all_existing_solved
ac19_19289,YXXyx,YYXYxxyyxyXyxx,1,25636,baseline,incomplete_all_existing_solved
ac19_19292,YXXyx,YYXyxYxYXyxxyx,1,25639,"s20_mk2,s20_mk2_mK2",incomplete_all_existing_solved
ac19_19294,YXXyXyx,YYXyxxxyXYxx,2,25643 98310,s20_f4,incomplete_all_existing_solved
ac19_1930,YXyXXyX,YYXXXyXyyxyXYX,1,2539,"baseline,s20_mk2",incomplete_all_existing_solved
ac19_19364,YYXXyXXYx,YYXYXyXyxx,2,25764 116995,s20_mk2,incomplete_all_existing_solved
ac19_19446,YXXyx,YYXXyyXXXYx,5,25894 26324 63489 115482 134594,s20_f4,incomplete_all_existing_solved
ac19_19470,YXXYx,YYYXYxYXYXXXYx,1,25929,baseline,incomplete_all_existing_solved
ac19_19474,YXXYx,YYYYXyxxyyxyyX,3,25936 77450 115270,s20_mk2,incomplete_all_existing_solved
ac19_19506,YYXXX,YYYYXYYXyXXyyX,1,25985,baseline,incomplete_all_existing_solved
ac19_19514,YXXyx,YYXYYXXXyxyyX,3,25997 31249 60402,"baseline,s20_mk2",incomplete_all_existing_solved
ac19_19529,YXXyx,YYYXYYXyXyyxyX,9,26013 43019 51090 84710 89281 132023 140573 150600 154801,s20_f4,incomplete_all_existing_solved
ac19_19534,YXXYXXX,YYYYXXYXXXXyXyX,1,26020,baseline,incomplete_all_existing_solved
ac19_19561,YYXXYx,YYYYYYXyxxyXX,1,26070,"baseline,s20_mk2,s20_mk2_mK2",incomplete_all_existing_solved
ac19_19566,YYXXX,YYXYxyXyXyXYx,3,26078 93215 132918,s20_f4,incomplete_all_existing_solved
ac19_19609,YXYXyx,YYXYxYXyyXyxx,1,26144,s20_mk2,incomplete_all_existing_solved
ac19_19640,YXXyx,YYXXXyXXXYXyxx,1,26194,s20_f4,incomplete_all_existing_solved
ac19_19662,YXYXX,YYYxxyxyXXXyyx,1,26230,s20_mk2_mK2,incomplete_all_existing_solved
ac19_1969,YXXXyxx,YYXXXXXXyX,8,2579 13207 29449 47656 58579 71326 101628 139382,"baseline,s20_mk2,s20_mk2_mK2,s20_f4",never_10k
ac19_19694,YXXyx,YYYXyXYXyyyXYX,2,26280 133108,baseline,incomplete_all_existing_solved
ac19_19701,YYXXYXX,YYXyxYYXXyyx,1,26290,s20_f4,incomplete_all_existing_solved
ac19_19724,YXXXYxYx,YYXYxxxyXyX,3,26330 73288 143452,baseline,incomplete_all_existing_solved
ac19_19739,YXXYx,YYYXXYxxYXyxyX,1,26350,"baseline,s20_f4",incomplete_all_existing_solved
ac19_19752,YXyXXyx,YYXYxYxxxxyyx,2,26365 155085,s20_mk2,incomplete_all_existing_solved
ac19_19759,YXyXXyX,YYXYxyXyxyX,5,26379 55804 61148 84898 119154,"s20_mk2_mK2,s20_f4",incomplete_all_existing_solved
ac19_19777,YXyXYxx,YYYYXXyx,14,26410 54915 55098 64890 65809 68244 84277 93444 118260 123570 133173 136599 141081 147447,"s20_mk2_mK2,s20_f4",incomplete_all_existing_solved
ac19_1979,YXXyx,YYXYXyyXXYxxyX,1,2589,baseline,incomplete_all_existing_solved
ac19_1980,YXXyx,YYXXYXyXXyXX,7,2590 8901 19466 59121 98360 118713 148512,s20_f4,incomplete_all_existing_solved
ac19_19801,YYXXX,YXXyXXXYxxyxYx,1,26443,"baseline,s20_mk2,s20_mk2_mK2",incomplete_all_existing_solved
ac19_19812,YXYXYx,YYXXXyXyxYxxx,3,26459 35712 50667,baseline,incomplete_all_existing_solved
ac19_19869,YXXyx,YYXyXyxxxxxyxx,1,26538,s20_f4,incomplete_all_existing_solved
ac19_19879,YYXXX,YYYYXXXXyXYXYX,1,26551,s20_f4,incomplete_all_existing_solved
ac19_19886,YXYXyx,YYXYXyXXyXYYx,1,26565,baseline,incomplete_all_existing_solved
ac19_19894,YXYXXYx,YXyXyxxYxYXX,3,26578 44221 108970,"s20_mk2,s20_mk2_mK2,s20_f4",incomplete_all_existing_solved
ac19_19901,YXXyx,YYYXXXyyXXXyyX,1,26586,s20_f4,incomplete_all_existing_solved
ac19_19905,YXYXyx,YYXYxyyXyXXyxxx,2,26593 132329,baseline,incomplete_all_existing_solved
ac19_19906,YXXyx,YYXYXXyxyyxxYx,1,26595,baseline,incomplete_all_existing_solved
ac19_19981,YXYXX,YYXyXyXXyxxYYx,1,26714,s20_mk2_mK2,incomplete_all_existing_solved
ac19_20,YXXyx,YYXYxyyX,78,77 145 752 4373 9948 12595 13009 14117 22895 26793 29938 30359 30525 30767 36541 36624 39257 40156 43040 45303 46069 46586 46953 47495 49141 50389 54727 56956 57078 58715 58944 60344 62092 64734 65841 66139 67294 69699 70505 70515 70847 71678 72280 83113 91379 94429 95587 95807 101966 102545 102961 103891 104010 114526 120032 124798 127168 129266 129673 129950 131116 131971 136240 136613 136739 137809 139100 140804 140805 144556 146086 147189 148696 149587 152336 155578 156297 156749,"baseline,s20_mk2,s20_mk2_mK2",incomplete_all_existing_solved
ac19_200,YXXyx,YYXYxyXXXyXXX,4,724 28161 48498 61303,s20_mk2_mK2,incomplete_all_existing_solved
ac19_2009,YXXyx,YYXXYXyXyXX,10,2620 6013 19885 58239 64213 93984 124927 140843 142591 153081,s20_f4,incomplete_all_existing_solved
ac19_20104,YXXXX,YYYXyyXYXyxyx,1,26901,s20_mk2_mK2,incomplete_all_existing_solved
ac19_20110,YXXYx,YYXXyxyXYxYxyX,1,26916,s20_mk2_mK2,incomplete_all_existing_solved
ac19_20114,YYXXYx,YYXXyyXYYxx,2,26921 31561,s20_mk2_mK2,incomplete_all_existing_solved
ac19_2014,YXXyx,YYXyxYXXXXXyxx,1,2625,"s20_mk2,s20_mk2_mK2,s20_f4",incomplete_all_existing_solved
ac19_20149,YXyXXyX,YYXYXXyyXyyx,1,26982,s20_f4,incomplete_all_existing_solved
ac19_20159,YXYXyx,YYYYYxYXyXXyX,3,26996 62697 93804,s20_mk2,incomplete_all_existing_solved
ac19_20164,YXYxyx,YYYXYxYxyxYxx,1,27004,"s20_mk2,s20_mk2_mK2",incomplete_all_existing_solved
ac19_20170,YYXXYxxyx,YYxxyxYXyX,1,27016,s20_f4,incomplete_all_existing_solved
ac19_20189,YXYXX,YYXXXXXyXYYxx,2,27045 123044,"baseline,s20_mk2",incomplete_all_existing_solved
ac19_2019,YXXyx,YYXXyXyXYXXXXX,1,2632,s20_mk2,incomplete_all_existing_solved
ac19_20194,YYXXXyx,YYXXyyxxx,4,27052 30105 83662 134797,s20_mk2_mK2,incomplete_all_existing_solved
ac19_20199,YXXyx,YYXXyyXYXYXyx,3,27060 41904 135143,s20_mk2_mK2,incomplete_all_existing_solved
ac19_2020,YXXYx,YYXXXXXYxyxYxx,1,2633,"s20_mk2_mK2,s20_f4",incomplete_all_existing_solved
ac19_20204,YXXYx,YYXXyxxxxyyXX,2,27069 114205,"baseline,s20_mk2_mK2",incomplete_all_existing_solved
ac19_20207,YXYXYx,YYYXXyyXyxYYx,5,27073 66901 96237 124950 141747,s20_mk2,incomplete_all_existing_solved
ac19_2022,YXXyx,YYXXyyXXXXXyX,2,2635 148697,"s20_mk2_mK2,s20_f4",incomplete_all_existing_solved
ac19_20237,YYXXyxx,YYYYYXXXyxx,1,27125,s20_f4,incomplete_all_existing_solved
ac19_2027,YXXyx,YYXYxxyyx,14,2640 18405 37734 58947 68304 73062 113274 114715 115153 119099 128241 132415 140995 142172,baseline,incomplete_all_existing_solved
ac19_20289,YXX,YYXYXYXyXyXyXYx,1,27208,"s20_mk2_mK2,s20_f4",incomplete_all_existing_solved
ac19_20309,YYXXXYX,YYXyxxxyyX,4,27236 69952 89649 109561,s20_mk2_mK2,incomplete_all_existing_solved
ac19_20310,YXXyxYx,YYXYXYxYYxYX,1,27237,baseline,incomplete_all_existing_solved
ac19_20314,YXXyXYx,YYXYXXyXyxyxx,1,27241,s20_f4,incomplete_all_existing_solved
ac19_20324,YXXYXXyX,YYXXyXyXXYX,2,27257 79591,s20_mk2,incomplete_all_existing_solved
ac19_20330,YXXXyxx,YYXyyXXYXX,4,27266 42083 98950 117774,baseline,incomplete_all_existing_solved
ac19_20335,YXYXYx,YYYXXYxxyXXYx,1,27275,s20_f4,incomplete_all_existing_solved
ac19_20340,X,YYYXyyxxyyX,1,27283,baseline,incomplete_all_existing_solved
ac19_20350,YXYXXYx,YYYxYXXyXYX,3,27298 35169 75303,baseline,incomplete_all_existing_solved
ac19_20365,YXXyx,YYYXXXyyyXXyX,1,27317,baseline,incomplete_all_existing_solved
ac19_20399,YYXXyx,YYXXXyxxx,6,27367 45374 82457 107736 127314 132056,s20_mk2_mK2,incomplete_all_existing_solved
ac19_20457,YXXYx,YYYYXXXYYXYx,2,27466 36256,s20_f4,incomplete_all_existing_solved
ac19_20490,YYXXX,YYYYXXyXyxxyX,1,27518,"s20_mk2_mK2,s20_f4",incomplete_all_existing_solved
ac19_20500,YXXyx,YYYXyxxyXXYxyx,1,27530,s20_f4,incomplete_all_existing_solved
ac19_20505,YXXyx,YYYXXyxxxyxx,3,27537 69005 92181,"baseline,s20_mk2,s20_mk2_mK2",incomplete_all_existing_solved
ac19_20515,YYXXXYx,YYXYYXXXYx,2,27555 55819,"s20_mk2,s20_mk2_mK2,s20_f4",incomplete_all_existing_solved
ac19_20517,YXYXyx,YYYXXXyxyXXXYxx,1,27557,s20_mk2_mK2,incomplete_all_existing_solved
ac19_20520,YXXyx,YYXXyXyxyXXXXX,1,27560,baseline,incomplete_all_existing_solved
ac19_20524,YXXyx,YYYXXyxyxyXXYx,1,27566,"s20_mk2,s20_mk2_mK2,s20_f4",incomplete_all_existing_solved
ac19_20526,YXyXXyX,YYXyxYXXyyx,3,27568 115455 137279,baseline,incomplete_all_existing_solved
ac19_20542,YXXyx,YYYXyyxyxxxYX,5,27592 28722 44851 86683 127863,s20_mk2_mK2,incomplete_all_existing_solved
ac19_20556,YXXXyxx,YYXXyXYxxyxx,1,27619,s20_mk2,incomplete_all_existing_solved
ac19_20557,YXXyx,YYXyyxYxyxxYx,4,27621 60424 87443 106128,s20_f4,incomplete_all_existing_solved
ac19_20576,YYXXyx,YYXYXyxYYXyXX,1,27650,"baseline,s20_mk2_mK2,s20_f4",incomplete_all_existing_solved
ac19_20580,YXYXX,YYXyXXXXyxYxxx,1,27655,s20_f4,incomplete_all_existing_solved
ac19_20582,YXyXYxx,YYYYYXXyx,5,27658 36238 51056 117033 117534,"s20_mk2,s20_mk2_mK2,s20_f4",incomplete_all_existing_solved
ac19_20590,YXyxYXXyx,YYXXyxYXyXXXX,2,27666 85377,"s20_mk2,s20_mk2_mK2,s20_f4",incomplete_all_existing_solved
ac19_20595,YXXyx,YYYXyXXXYxyyXX,1,27672,s20_mk2_mK2,incomplete_all_existing_solved
ac19_2060,YYXYYxyyx,YYXXXyxxx,1,2673,"baseline,s20_mk2",incomplete_all_existing_solved
ac19_20601,YXXyx,YYXyXyxxyyxYxx,1,27688,s20_f4,incomplete_all_existing_solved
ac19_2061,YXXYx,YYXYXYXyXyxxYx,1,2674,"s20_mk2_mK2,s20_f4",incomplete_all_existing_solved
ac19_20611,YXXyx,YYXyXYxYxyxxyx,1,27706,s20_mk2_mK2,incomplete_all_existing_solved
ac19_20619,YYXXyxx,YXXyXyxxxyx,2,27718 97127,baseline,incomplete_all_existing_solved
ac19_20629,YXXyXyX,YYxxxxYXyxyx,2,27731 45238,"s20_mk2,s20_mk2_mK2",incomplete_all_existing_solved
ac19_20630,YYXXYx,YYxxYXyXYXXYx,1,27732,s20_mk2,incomplete_all_existing_solved
ac19_20639,YYXXX,YYYXYYXyXXXXyx,1,27745,baseline,incomplete_all_existing_solved
ac19_20659,YYXXXyX,YYXXyXYxyXXX,3,27775 38287 121363,baseline,incomplete_all_existing_solved
ac19_2066,YXXYx,YYYXYXyXyxxyx,3,2679 34024 74618,s20_f4,incomplete_all_existing_solved
ac19_20664,YXXXX,YYYxyXXyXyx,1,27782,baseline,incomplete_all_existing_solved
ac19_20669,YXXyx,YYXyXYxyyXXYxx,1,27791,"s20_mk2,s20_mk2_mK2,s20_f4",incomplete_all_existing_solved
ac19_20671,YXyxYXXyx,YYXyyXYxyyx,1,27793,s20_mk2,incomplete_all_existing_solved
ac19_2071,YXXYxxyX,YYYXyXYXXYx,1,2684,"s20_mk2,s20_mk2_mK2,s20_f4",incomplete_all_existing_solved
ac19_20741,YXXyx,YYYXyxYxyxxxyx,1,27913,s20_mk2,incomplete_all_existing_solved
ac19_2076,YXYXyx,YYXyyxxYxYXyX,2,2691 91323,s20_mk2,incomplete_all_existing_solved
ac19_20774,YXyXXyx,YYXyxYXyXYxyxyx,1,27969,s20_mk2,incomplete_all_existing_solved
ac19_20801,YYXXXXyxxx,YYXYYXXXyxx,1,28006,s20_mk2_mK2,incomplete_all_existing_solved
ac19_20820,YXXYxxyx,YYYxYxxyX,4,28041 38069 44634 151625,s20_mk2_mK2,incomplete_all_existing_solved
ac19_20835,YXYXYx,YXXyXyXYxxyxx,3,28067 97830 121414,"s20_mk2,s20_mk2_mK2",incomplete_all_existing_solved
ac19_20837,YXXYx,YYYXYXYxyXXyx,2,28070 65632,s20_mk2,incomplete_all_existing_solved
ac19_20859,YXXyx,YYXyXXXYxyyXYX,1,28102,baseline,incomplete_all_existing_solved
ac19_20864,YXyXXyX,YYYXXyyxyxx,2,28110 101297,s20_mk2_mK2,incomplete_all_existing_solved
ac19_20869,YXYXYx,YYxxxYXXXyXyx,2,28118 71644,"s20_mk2,s20_mk2_mK2",incomplete_all_existing_solved
ac19_2087,YXXyXyX,YYXXXXyxyxx,3,2703 55835 114245,"s20_mk2_mK2,s20_f4",incomplete_all_existing_solved
ac19_20884,YYXXXyxx,YYXyXYxyx,3,28137 79955 94351,s20_f4,incomplete_all_existing_solved
ac19_20885,YXXyx,YYYXyxYXyyxyyx,3,28139 96639 126966,"baseline,s20_mk2,s20_mk2_mK2",incomplete_all_existing_solved
ac19_20890,YXXYx,YYXYYXXyyxYx,4,28150 70012 118504 123004,"s20_mk2_mK2,s20_f4",incomplete_all_existing_solved
ac19_20892,YXYXYx,YYXXXXyyxxYxx,1,28152,s20_mk2,incomplete_all_existing_solved
ac19_20944,YXyXYxx,YYYxxYXYXyx,3,28239 115264 135435,s20_mk2,incomplete_all_existing_solved
ac19_20947,YYXXyx,YYYYXXyXXXYYX,1,28244,s20_mk2_mK2,incomplete_all_existing_solved
ac19_20959,YXYXYx,YYxYXXyyXXYxx,1,28256,"s20_mk2_mK2,s20_f4",incomplete_all_existing_solved
ac19_21,YXXyx,YYXyyxYx,56,78 149 1286 4699 5516 5633 14501 17370 22140 22995 23888 32718 43572 43638 47096 48767 51252 51453 58963 59123 66657 67267 68275 77577 80551 82223 87427 89327 90517 90751 98374 98770 99278 99878 101045 102829 104039 105613 107027 108146 109191 109514 109869 115582 116793 121233 128024 128259 131711 135574 136305 136952 142697 145364 153284 153834,baseline,incomplete_all_existing_solved
ac19_21012,YXYxyx,YYXyxYxxYXYxx,1,28341,s20_f4,incomplete_all_existing_solved
ac19_21017,YYXXYx,YYYYYxYXXXXYx,1,28347,baseline,incomplete_all_existing_solved
ac19_21089,YYXXX,YYXyXXXYxxxyX,2,28462 130312,s20_f4,incomplete_all_existing_solved
ac19_21106,YXYXYx,YYYXXyxYXyyxx,1,28492,s20_f4,incomplete_all_existing_solved
ac19_21109,YXYXYx,YYYYYXXyyXyxYYx,1,28495,s20_mk2,incomplete_all_existing_solved
ac19_21110,YXXyx,YYYXyyxyxyXX,6,28497 52295 102552 125747 137242 150047,s20_mk2_mK2,incomplete_all_existing_solved
ac19_21130,YXYXYx,YYYYXXXyXYxYx,2,28529 74423,s20_mk2,incomplete_all_existing_solved
ac19_21135,YXYXYx,YYXXyxyXyyxYx,1,28535,baseline,incomplete_all_existing_solved
ac19_21140,YXXX,YYYYXYxyyyXyxyX,1,28549,baseline,incomplete_all_existing_solved
ac19_2117,YXX,YYYYXYxYXyyXyyX,1,2735,s20_mk2,incomplete_all_existing_solved
ac19_21192,YYXXYx,YYXXYxYxxYXXX,1,28632,s20_mk2,incomplete_all_existing_solved
ac19_2121,YYXXXyx,YYYYXXXXXXyX,1,2739,s20_mk2_mK2,incomplete_all_existing_solved
ac19_21234,YXXyx,YYYYXyxxyyXyyXX,1,28709,s20_mk2,incomplete_all_existing_solved
ac19_21252,YXXyx,YYYYYYXyXyyyyx,2,28744 149665,s20_mk2,incomplete_all_existing_solved
ac19_21254,YYXXyx,YYXYYXYYXXXyx,1,28747,"baseline,s20_mk2,s20_f4",incomplete_all_existing_solved
ac19_21259,YYXXYx,YYXYxxxYYXXXX,1,28755,"s20_mk2_mK2,s20_f4",incomplete_all_existing_solved
ac19_2126,YXXyx,YYYXYYXXXyyXyyXX,2,2744 143721,baseline,incomplete_all_existing_solved
ac19_21264,YYXXXyxx,YYXXyyXYxyx,1,28763,"s20_mk2,s20_mk2_mK2",incomplete_all_existing_solved
ac19_21269,YXXYx,YYXyXYXyxyxYx,6,28769 42335 60968 99351 142771 146251,s20_mk2_mK2,incomplete_all_existing_solved
ac19_21271,YXYXyx,YYYXyXXyyxx,8,28771 34824 46847 52223 67473 110575 130291 141695,baseline,incomplete_all_existing_solved
ac19_21274,YYXXX,YYYYXXXyXXyXYx,1,28776,"s20_mk2,s20_f4",incomplete_all_existing_solved
ac19_21276,YXYXX,YYXyXYxxxyyXyx,1,28778,baseline,incomplete_all_existing_solved
ac19_21279,YXXYx,YYYYYXXYxyyxyX,3,28783 61083 101166,"baseline,s20_mk2,s20_mk2_mK2,s20_f4",never_10k
ac19_21281,YXXYx,YYYYYXyXyyXYxx,2,28787 87219,s20_mk2,incomplete_all_existing_solved
ac19_21284,YXXYx,YYYYYXyxYXyXyx,2,28792 118781,baseline,incomplete_all_existing_solved
ac19_21294,YYXXyxx,YYXYXYYxxyx,2,28810 59711,s20_mk2_mK2,incomplete_all_existing_solved
ac19_21301,YXXyx,YYYYXXyxyxxyXX,1,28822,"baseline,s20_f4",incomplete_all_existing_solved
ac19_21331,YXYXX,YYXXyXyyXYYxx,1,28875,"baseline,s20_mk2",incomplete_all_existing_solved
ac19_21339,YXXyx,YYXyXYYxyxyXX,3,28891 140716 142097,"s20_mk2_mK2,s20_f4",incomplete_all_existing_solved
ac19_21351,YYXXX,YYYXyXXyXXXYYx,1,28913,"s20_mk2,s20_f4",incomplete_all_existing_solved
ac19_21356,YXXyx,YYXyxYXXYxyXyx,1,28918,"baseline,s20_mk2",incomplete_all_existing_solved
ac19_21367,YXXYx,YYXYYXyXXYYxx,1,28934,s20_mk2_mK2,incomplete_all_existing_solved
ac19_21375,YXXyx,YYYYXyXyxyxyyyxYx,2,28946 98905,s20_mk2_mK2,incomplete_all_existing_solved
ac19_2139,YYXyxYXyx,YYXXyxxyX,10,2759 3574 62186 79970 93936 122694 126195 133384 149265 150396,"baseline,s20_f4",incomplete_all_existing_solved
ac19_21391,YXXyx,YYXXyXXyxyXX,4,28971 53516 118237 120592,s20_mk2_mK2,incomplete_all_existing_solved
ac19_21399,YXYXYx,YYXYYXXyXYxYx,1,28984,baseline,incomplete_all_existing_solved
ac19_21406,YXXyx,YYYXYXyxyyxxx,4,28994 59146 103177 108405,"s20_mk2,s20_mk2_mK2",incomplete_all_existing_solved
ac19_21420,YXXYx,YYYxxYXXyXyyx,2,29022 49704,s20_mk2_mK2,incomplete_all_existing_solved
ac19_21421,YXXyx,YYYXXyyyXYYxyX,1,29024,"s20_mk2_mK2,s20_f4",incomplete_all_existing_solved
ac19_21426,YXX,YYYxxyXXyXyxx,1,29030,"baseline,s20_mk2,s20_mk2_mK2",incomplete_all_existing_solved
ac19_21432,YXYXyx,YYYYXXyXXXYYX,1,29041,s20_mk2_mK2,incomplete_all_existing_solved
ac19_2144,YXXYx,YYXXYxyXyx,10,2764 20700 30013 30270 37435 60768 97860 128565 129283 131366,baseline,incomplete_all_existing_solved
ac19_21442,YXXXyXXyx,YYxxyxYXyx,4,29054 53007 53583 114541,s20_mk2_mK2,incomplete_all_existing_solved
ac19_21446,YXYXXyxYx,YYXXyxYxyX,1,29060,"s20_mk2,s20_mk2_mK2",incomplete_all_existing_solved
ac19_2145,YXXXyxx,YYXyxYXyX,37,2765 4912 7817 7876 15083 15920 19043 20505 23767 24323 25422 34016 41725 49788 50965 52745 55403 80226 94923 100871 101845 103452 105127 108439 112111 112228 115183 116602 117251 120863 132377 135920 139155 145858 145936 146275 147310,s20_mk2_mK2,incomplete_all_existing_solved
ac19_21452,YYXXYx,YYXXXXyxYYxYx,1,29073,baseline,incomplete_all_existing_solved
ac19_21455,YXXyXyxx,YYXXyxYYxxx,2,29077 91571,s20_f4,incomplete_all_existing_solved
ac19_21457,YXXyx,YYXyXXYxyyXyx,3,29080 52709 115024,s20_f4,incomplete_all_existing_solved
ac19_21467,YXXyx,YYYYXyxyXyXyyX,3,29093 135897 153912,s20_mk2_mK2,incomplete_all_existing_solved
ac19_21471,YXXyx,YYXyXYxyXyxYX,5,29098 74442 78186 130416 154809,s20_mk2,incomplete_all_existing_solved
ac19_21485,YYXXyxx,YYXyXYxYXyx,4,29115 37438 90081 129803,s20_mk2_mK2,incomplete_all_existing_solved
ac19_21495,YXXyXYx,YYxxyXyxyx,4,29127 58160 61932 103236,"s20_mk2,s20_mk2_mK2,s20_f4",incomplete_all_existing_solved
ac19_2150,YXXyx,YYXXXYxyXXXyx,3,2771 55771 143198,s20_mk2,incomplete_all_existing_solved
ac19_21500,YXXX,YYYXYXYXyXyyX,2,29134 43696,baseline,incomplete_all_existing_solved
ac19_21515,YYXXyx,YYXXyxxxxxyXX,1,29158,s20_mk2,incomplete_all_existing_solved
ac19_21517,YXYXyx,YYYxxyXXXYXyX,1,29161,baseline,incomplete_all_existing_solved
ac19_21520,YXXyx,YYYXYxyyxyXyyx,3,29167 30670 43103,s20_mk2_mK2,incomplete_all_existing_solved
ac19_21526,YXyXXyx,YYXXyxxxxyX,3,29173 40853 138809,baseline,incomplete_all_existing_solved
ac19_21527,YXXXyxx,YYYXXyXXyXX,3,29174 136975 138193,s20_mk2,incomplete_all_existing_solved
ac19_21532,YXXXYxYx,YYYXXyXyxxx,2,29186 150715,"baseline,s20_mk2,s20_mk2_mK2,s20_f4",never_10k
ac19_21536,YXXyXYx,YYYXXyXXyxxx,2,29191 109492,s20_mk2_mK2,incomplete_all_existing_solved
ac19_21537,YXXyx,YYXyxxYxxxyxx,3,29196 97904 138458,"baseline,s20_f4",incomplete_all_existing_solved
ac19_21539,YXXyx,YYXXyXXXYXXyxx,1,29198,baseline,incomplete_all_existing_solved
ac19_21541,YXYXYx,YYXXYxYXXYx,4,29201 31386 31495 132203,"baseline,s20_mk2,s20_mk2_mK2,s20_f4",never_10k
ac19_21546,YXXyx,YYXyXYxyyXyXX,3,29209 83524 148925,"baseline,s20_mk2,s20_mk2_mK2,s20_f4",never_10k
ac19_21550,YXXXYxYx,YYXYxYXXXYx,2,29216 81603,"baseline,s20_mk2,s20_mk2_mK2,s20_f4",never_10k
ac19_2156,YXXYxYxx,YYYxYXyxxyX,1,2777,s20_f4,incomplete_all_existing_solved
ac19_21572,YXYXyx,YYXyyxxxyXXYx,1,29252,s20_mk2_mK2,incomplete_all_existing_solved
ac19_21592,YXXyXyX,YYYxxxyyXyX,3,29298 39865 55393,"baseline,s20_mk2",incomplete_all_existing_solved
ac19_2160,YXYXXYx,YYXXXYYxYX,3,2782 48956 77967,s20_mk2,incomplete_all_existing_solved
ac19_21602,YXYXyx,YYYYYXYXXyXXX,1,29312,s20_f4,incomplete_all_existing_solved
ac19_21606,YXXYx,YYYXYYXXXyxyx,4,29320 64877 115659 151837,s20_mk2_mK2,incomplete_all_existing_solved
ac19_21607,YXXYx,YYXXYxyXYxyXYx,1,29321,"baseline,s20_mk2",incomplete_all_existing_solved
ac19_21616,YXXYx,YYYYXYXXXyxxYX,1,29336,s20_f4,incomplete_all_existing_solved
ac19_21620,YXXyx,YYXyxxxyXXXyX,3,29345 73986 102938,"baseline,s20_f4",incomplete_all_existing_solved
ac19_21621,YXX,YYYXyxxYXyyX,2,29346 104380,"baseline,s20_mk2,s20_mk2_mK2,s20_f4",never_10k
ac19_21624,YXyXXYxyx,YYxyXYxxyX,1,29351,baseline,incomplete_all_existing_solved
ac19_21625,YXXyx,YYXXXyxYxyxxx,3,29356 87951 139318,"baseline,s20_mk2",incomplete_all_existing_solved
ac19_21626,YXXyx,YYYXXyXYxxyyXX,1,29358,baseline,incomplete_all_existing_solved
ac19_21647,YYXXXXX,YXXyXXYxx,9,29388 35498 39559 62232 74909 122000 122817 127128 129047,s20_mk2_mK2,incomplete_all_existing_solved
ac19_21662,YXXyx,YYXyyXyxYXXYx,3,29419 45717 118192,"s20_mk2_mK2,s20_f4",incomplete_all_existing_solved
ac19_21667,YXXYx,YYXyyXYXyxxxyx,1,29424,baseline,incomplete_all_existing_solved
ac19_21687,YXYxyx,YYXYYxxYxyxxx,1,29458,"s20_mk2_mK2,s20_f4",incomplete_all_existing_solved
ac19_2169,YYXXyx,YYXYxyXYXXyxx,1,2792,"s20_mk2_mK2,s20_f4",incomplete_all_existing_solved
ac19_21692,YXYXX,YYYYXXYxyXXyX,2,29468 67131,"baseline,s20_mk2,s20_mk2_mK2,s20_f4",never_10k
ac19_21697,YXX,YYYXyXyyxYYxyX,1,29473,"baseline,s20_mk2,s20_mk2_mK2,s20_f4",never_10k
ac19_21707,YXXyx,YYYYXyXyyxyxYX,2,29487 39685,"s20_mk2,s20_f4",incomplete_all_existing_solved
ac19_21732,YXYXYx,YYXXYxYxYXX,4,29521 150356 151524 151603,baseline,incomplete_all_existing_solved
ac19_21737,YYXXyx,YYXXXyxYX,8,29531 63938 66985 73816 76006 87691 118384 129205,s20_f4,incomplete_all_existing_solved
ac19_21739,YXXyXyxx,YYYXYxyxx,2,29533 65372,s20_f4,incomplete_all_existing_solved
ac19_2174,YXXyx,YYXyxYXyXXYXyX,1,2797,baseline,incomplete_all_existing_solved
ac19_21746,YYXXYx,YYXyXXXyxxYYx,1,29543,s20_mk2,incomplete_all_existing_solved
ac19_2176,YYXXyx,YXyxxyXYx,29,2799 3390 24649 29611 29925 31073 32833 49976 60152 63039 75258 78301 84968 85776 94574 98293 98754 101691 102443 104352 108788 114464 122854 126873 134403 137036 138929 148429 148956,"s20_mk2_mK2,s20_f4",incomplete_all_existing_solved
ac19_21776,YXYxyx,YYYxYXyxyXYxx,1,29589,s20_mk2_mK2,incomplete_all_existing_solved
ac19_21809,YXXyx,YYXYXyyxxYxyx,5,29637 121015 123777 149742 152766,s20_f4,incomplete_all_existing_solved
ac19_21812,YXYXX,YYXyXXXXyxxYx,3,29640 104813 117279,s20_mk2_mK2,incomplete_all_existing_solved
ac19_21817,YXXYx,YYXXyxYxyX,13,29647 30545 37274 64409 76938 79944 93523 96846 108650 111305 112382 131367 138889,s20_mk2_mK2,incomplete_all_existing_solved
ac19_21826,YXYXX,YYXXXXyXXYYxx,2,29665 128071,"s20_mk2,s20_mk2_mK2",incomplete_all_existing_solved
ac19_21850,YXXyx,YYXYXyXyXXX,10,29702 57077 65697 70162 77237 109614 125590 136306 150105 155359,"baseline,s20_mk2",incomplete_all_existing_solved
ac19_21871,YXXyXyX,YYXyxxyxYx,5,29739 32341 34611 141216 147296,"s20_mk2_mK2,s20_f4",incomplete_all_existing_solved
ac19_21874,YXXyx,YYYXyyxYXyyXYX,2,29745 121258,s20_mk2,incomplete_all_existing_solved
ac19_21876,YXXyx,YYYXXyyXyxxxYX,1,29747,baseline,incomplete_all_existing_solved
ac19_21884,YXXX,YYYYXyXyxyXyx,2,29759 105222,s20_mk2,incomplete_all_existing_solved
ac19_2189,YXXXX,YYYxyXyyx,5,2813 56586 96953 144191 154943,s20_f4,incomplete_all_existing_solved
ac19_219,YYXXYx,YYxyXXXYxyXYx,1,744,baseline,incomplete_all_existing_solved
ac19_21914,YXYXyx,YYXyXyXyyxxxx,1,29817,s20_mk2_mK2,incomplete_all_existing_solved
ac19_21941,YXXyx,YYYYXYYXyyyXyXyX,1,29866,s20_f4,incomplete_all_existing_solved
ac19_21942,YXXyx,YYYXyyyXyyxYxxx,1,29869,s20_f4,incomplete_all_existing_solved
ac19_21947,YXXyx,YYXyxyXXyxYxYX,1,29878,baseline,incomplete_all_existing_solved
ac19_21952,YXXyx,YYYXyXYXXXyyXX,2,29885 89188,baseline,incomplete_all_existing_solved
ac19_21957,YXX,YYXyxYXyXyXYxx,1,29891,"s20_mk2_mK2,s20_f4",incomplete_all_existing_solved
ac19_21967,YXYXyx,YYXXXXyxYYx,3,29902 90612 136871,"baseline,s20_mk2",incomplete_all_existing_solved
ac19_22,YXXyx,YYXyyXyx,41,79 129 3895 9438 24560 32356 35939 37834 37864 37931 40596 54621 63539 63930 65576 66598 69356 69977 88904 89230 94371 96598 98063 100770 102916 108403 108899 110593 113862 117960 120571 128511 129537 131499 134560 142422 147697 148039 152006 152959 154458,"s20_mk2,s20_mk2_mK2",incomplete_all_existing_solved
ac19_22015,YXXyx,YYXYYXyyxyXyyx,3,29976 117563 152087,s20_f4,incomplete_all_existing_solved
ac19_22016,YXyXYxx,YYYXYYxx,11,29977 50404 64492 68385 72736 79355 91129 104791 130851 141783 150817,"s20_mk2,s20_mk2_mK2",incomplete_all_existing_solved
ac19_22020,YXYXYx,YYXyXyyXYxyxx,2,29982 156413,s20_mk2_mK2,incomplete_all_existing_solved
ac19_22021,YXXyXYx,YYxYXXXyyX,3,29983 91710 106422,"baseline,s20_mk2",incomplete_all_existing_solved
ac19_22025,YXXyx,YYYYXyyXyX,12,29991 30981 31751 62486 76745 78348 106239 112744 135484 141270 143252 149566,s20_mk2_mK2,incomplete_all_existing_solved
ac19_22030,YXYXX,YYXyXXYXyyxYx,1,29997,"baseline,s20_mk2,s20_mk2_mK2",incomplete_all_existing_solved
ac19_22035,YXXXyxx,YYXXyXXYxyx,3,30002 65540 114024,s20_mk2_mK2,incomplete_all_existing_solved
ac19_22040,YXyXXyX,YYXYXyxyyxxYXyX,1,30009,s20_f4,incomplete_all_existing_solved
ac19_22055,YYXXXyx,YYXXXyxx,5,30033 49123 90364 135088 137546,s20_mk2_mK2,incomplete_all_existing_solved
ac19_22065,YXXXYXXXX,YYXXyyXXYx,1,30053,s20_mk2_mK2,incomplete_all_existing_solved
ac19_22081,YXXyx,YYYXYxYXyxyXyxyX,6,30075 37143 90890 96313 105663 112150,"s20_mk2_mK2,s20_f4",incomplete_all_existing_solved
ac19_22084,YXXyx,YYXYXyyxyxYx,6,30079 55427 61813 84903 113189 131517,s20_mk2,incomplete_all_existing_solved
ac19_22086,YYXXyx,YYXYXYxxYXXyX,1,30086,"baseline,s20_mk2_mK2,s20_f4",incomplete_all_existing_solved
ac19_2210,YXYXyx,YYYxyXXXYXyyx,1,2835,s20_mk2_mK2,incomplete_all_existing_solved
ac19_22109,YXYXyx,YYXyXXYxxyXyx,2,30121 76774,"s20_mk2_mK2,s20_f4",incomplete_all_existing_solved
ac19_22119,YXXyXYx,YYXXyyxYxyX,3,30140 41385 120754,baseline,incomplete_all_existing_solved
ac19_22129,YXXYx,YYYXXYYXyxYX,6,30162 53081 58015 58879 101472 148752,s20_mk2_mK2,incomplete_all_existing_solved
ac19_2214,YXXyx,YYXYxYXyxyyX,28,2841 6691 40565 44292 49971 51750 60742 66346 69960 71825 81836 89316 93178 96292 98174 100713 101209 101558 102002 109215 115658 115990 116738 122191 124238 129165 134078 137298,s20_f4,incomplete_all_existing_solved
ac19_2219,YXX,YYYXyxxxyyX,2,2846 138063,s20_f4,incomplete_all_existing_solved
ac19_22194,YYXXXXyX,YXyXYxxxxyX,5,30271 80689 86636 98666 121160,s20_f4,incomplete_all_existing_solved
ac19_22202,YYXXYXyyx,YYXXyXYXyx,1,30280,s20_mk2_mK2,incomplete_all_existing_solved
ac19_22210,YXYXYx,YYXXXXYYxxxYX,2,30294 120132,baseline,incomplete_all_existing_solved
ac19_22217,YXXYx,YYXyXXYYxYxyX,3,30304 85188 91916,s20_mk2,incomplete_all_existing_solved
ac19_22219,YXYXX,YYXYxxyXyXyXYx,1,30309,baseline,incomplete_all_existing_solved
ac19_22244,YXXYx,YYYYYYXXyXyxyx,1,30354,baseline,incomplete_all_existing_solved
ac19_22247,YYXXyx,YYXXXyyXyxxYx,1,30357,s20_mk2_mK2,incomplete_all_existing_solved
ac19_22249,YXXYxxyX,YXXyXyxxx,7,30361 55671 68945 69193 111162 114015 129361,baseline,incomplete_all_existing_solved
ac19_22252,YXXyx,YYXXyXXYxxyX,5,30365 40543 89112 113699 151434,s20_mk2_mK2,incomplete_all_existing_solved
ac19_22261,YXXYXXX,YYYYYXyyyyX,2,30376 42566,baseline,incomplete_all_existing_solved
ac19_22299,YXYXyx,YYXYYXXXyXYxx,1,30432,s20_f4,incomplete_all_existing_solved
ac19_22306,YYXXXYX,YYxyXyxxyX,4,30440 52885 120734 126221,s20_mk2_mK2,incomplete_all_existing_solved
ac19_22330,YXXyx,YYXYxyyxxyXXyX,1,30484,s20_mk2_mK2,incomplete_all_existing_solved
ac19_22335,YYXXXYxx,YYXYYXXYx,7,30492 63720 84931 122231 130425 135891 149755,s20_f4,incomplete_all_existing_solved
ac19_22344,YXXyx,YYYYXXYXyyyyXX,2,30508 122602,s20_mk2_mK2,incomplete_all_existing_solved
ac19_22345,YXXyx,YYYXyxxyxxyXyx,1,30509,baseline,incomplete_all_existing_solved
ac19_22346,YXXyx,YYYXyXYYxyyxyx,2,30510 127596,s20_mk2,incomplete_all_existing_solved
ac19_22355,YXXyx,YYYYXyyyxYxyX,3,30526 77737 151320,s20_f4,incomplete_all_existing_solved
ac19_22380,YYXXX,YYYxxxyXXyyXyx,1,30565,s20_f4,incomplete_all_existing_solved
ac19_22405,YYXXyxx,YYYYYXXYxxyX,1,30605,baseline,incomplete_all_existing_solved
ac19_22406,YYXXYx,YYXyXyxxxxyyX,1,30606,s20_mk2_mK2,incomplete_all_existing_solved
ac19_2241,YXXXyxx,YYXyyXXYX,5,2872 47796 111628 128123 128420,"s20_mk2_mK2,s20_f4",incomplete_all_existing_solved
ac19_22420,YXXyxYx,YYYxYxxyXX,2,30628 78954,s20_mk2,incomplete_all_existing_solved
ac19_2244,YYXXX,YYXYXyXyyXYxxx,1,2875,"baseline,s20_mk2",incomplete_all_existing_solved
ac19_22444,YYXXXYxx,YXYxYxxyXXX,1,30666,s20_f4,incomplete_all_existing_solved
ac19_22452,YXXYx,YYXYxYXyXXyxyx,1,30680,s20_f4,incomplete_all_existing_solved
ac19_22454,YYXXXXX,YYXyXyyXYXYx,1,30683,s20_mk2,incomplete_all_existing_solved
ac19_2246,YXXYx,YYXYxyyX,61,2877 4548 4873 5442 5869 8603 9666 13433 14504 14709 15574 19578 21917 27870 28183 31705 33928 38738 42763 45023 46124 47730 50641 52468 55663 59576 60022 60584 61153 61381 66199 66312 66681 68569 69627 74661 75522 75523 78750 83327 87602 91484 97026 104210 108989 112904 116307 116730 119192 122352 124540 128882 132562 134132 134936 140273 145300 146436 147699 154072 155925,s20_f4,incomplete_all_existing_solved
ac19_22474,YXXYx,YYYXyyxYXXXYx,1,30717,s20_mk2_mK2,incomplete_all_existing_solved
ac19_22477,YXXYXXX,YYXXXyyXYxx,2,30721 38833,"s20_mk2_mK2,s20_f4",incomplete_all_existing_solved
ac19_22484,YXX,YYXyxyXXyXyxYYx,1,30736,s20_mk2_mK2,incomplete_all_existing_solved
ac19_22489,YXXyx,YYXyyXYYxxyx,3,30746 94453 108524,s20_mk2,incomplete_all_existing_solved
ac19_22494,YXXXyXYx,YYXYxyXyxyx,1,30753,s20_mk2_mK2,incomplete_all_existing_solved
ac19_22499,YYXXX,YYYXXXyyyxyxxx,1,30760,"baseline,s20_mk2,s20_f4",incomplete_all_existing_solved
ac19_2250,YXX,YYXyXYxxYXyyXyx,1,2881,"baseline,s20_mk2,s20_mk2_mK2,s20_f4",never_10k
ac19_22504,YXXyx,YYXyyXXyxyXXYx,1,30769,"baseline,s20_mk2",incomplete_all_existing_solved
ac19_22514,YYXXXXyx,YYXyyXXYxyx,1,30781,s20_mk2_mK2,incomplete_all_existing_solved
ac19_22519,YXYXX,YYYXyyXXYXyxx,1,30788,baseline,incomplete_all_existing_solved
ac19_22529,YXXyx,YYXYxyyXyXyXX,5,30805 62513 119982 139555 148636,baseline,incomplete_all_existing_solved
ac19_2254,YYXXXyxyx,YXXXyXyxx,3,2886 58616 133357,s20_f4,incomplete_all_existing_solved
ac19_2255,YXXyx,YYYXXXyyxxYxyX,1,2887,"baseline,s20_mk2,s20_mk2_mK2,s20_f4",never_10k
ac19_22586,YYXXX,YYXYXyyXyXYxxx,1,30899,"baseline,s20_mk2_mK2",incomplete_all_existing_solved
ac19_22595,YXXyx,YYYXyxxxxyxx,5,30908 38154 42356 52683 102247,s20_f4,incomplete_all_existing_solved
ac19_2260,YXXyx,YYXyxyxYxxyXYx,1,2892,"baseline,s20_mk2",incomplete_all_existing_solved
ac19_22601,YXXyx,YYYXYXyxxyyyXXYX,2,30915 136957,s20_mk2,incomplete_all_existing_solved
ac19_22615,YXXyx,YYYYXyyXyXyxyx,2,30937 88019,baseline,incomplete_all_existing_solved
ac19_22626,YXXyx,YYXYXyxYXyXyx,5,30963 82869 82923 95428 137456,baseline,incomplete_all_existing_solved
ac19_22631,YXX,YYXXyXXXyxYx,1,30969,"s20_mk2,s20_mk2_mK2,s20_f4",incomplete_all_existing_solved
ac19_2264,YXXYXXyX,YYxxyXXyx,8,2896 34353 36474 40609 45035 46990 122852 147140,s20_mk2,incomplete_all_existing_solved
ac19_22641,YXXX,YYYXyXYYXyyyx,2,30986 69086,s20_mk2,incomplete_all_existing_solved
ac19_22645,YYXXXYXyX,YXXXXXyxYx,1,30992,s20_mk2,incomplete_all_existing_solved
ac19_22659,YXyxYXXyx,YYXXXyxxyXYxx,1,31016,baseline,incomplete_all_existing_solved
ac19_22689,YXYXyx,YYXXyXyxYxxyx,2,31071 148309,s20_f4,incomplete_all_existing_solved
ac19_2269,YYXXyx,YYXXyxYXXXYxx,1,2901,"baseline,s20_mk2,s20_mk2_mK2,s20_f4",never_10k
ac19_22699,YXYXyx,YYYXyXXXYYXYx,1,31087,s20_mk2,incomplete_all_existing_solved
ac19_22729,YXXYx,YYXXXXYxxyXyxx,1,31135,"s20_mk2_mK2,s20_f4",incomplete_all_existing_solved
ac19_22756,YYXXyxx,YYYYxxYYYXYXX,1,31180,"s20_mk2,s20_mk2_mK2",incomplete_all_existing_solved
ac19_22780,YXXyXXYx,YYxxxyxyXyx,2,31231 83746,"s20_mk2,s20_mk2_mK2",incomplete_all_existing_solved
ac19_22785,YXXyx,YYYYXyXXyxxyX,1,31239,baseline,incomplete_all_existing_solved
ac19_22811,YYXXXYx,YXyxxYXXXYx,3,31277 98612 146257,"s20_mk2_mK2,s20_f4",incomplete_all_existing_solved
ac19_22842,YXXYxxyX,YXXXXXXYxYx,3,31332 55174 124249,baseline,incomplete_all_existing_solved
ac19_22845,YXXXYxx,YYXXyXXYxyxx,1,31335,s20_mk2_mK2,incomplete_all_existing_solved
ac19_2285,YXYXyx,YYYYXXXXXYXYx,2,2919 129269,s20_f4,incomplete_all_existing_solved
ac19_22855,YXyXYxx,YYYXYxyXXyx,3,31354 77309 152956,"s20_mk2,s20_mk2_mK2,s20_f4",incomplete_all_existing_solved
ac19_22875,YYXXX,YXyXyxxyXYxxx,4,31387 31770 84751 117395,s20_mk2,incomplete_all_existing_solved
ac19_22880,YXXyx,YYXYxyyxxyXyX,3,31393 90211 129485,"s20_mk2_mK2,s20_f4",incomplete_all_existing_solved
ac19_22885,YXX,YYxYxyXyxxyXyx,2,31402 96681,baseline,incomplete_all_existing_solved
ac19_22887,YYXXXXXyX,YYYXXyXXyX,1,31405,s20_mk2,incomplete_all_existing_solved
ac19_22889,YXXyx,YYYXyyxyXYXyyX,2,31407 38090,s20_mk2,incomplete_all_existing_solved
ac19_22890,YXXyx,YYYXXXYXyxyyx,4,31409 88469 92158 121731,baseline,incomplete_all_existing_solved
ac19_22892,YYXXYYx,YYXXYXXYYxxx,1,31415,"baseline,s20_mk2",incomplete_all_existing_solved
ac19_22895,YXXYx,YYXXyyXYxYXyxx,1,31420,"s20_mk2_mK2,s20_f4",incomplete_all_existing_solved
ac19_22896,YXXyx,YYYXXXyXyxyyxx,1,31421,s20_f4,incomplete_all_existing_solved
ac19_22901,YXX,YYXyXyXYxyxyXYx,1,31428,baseline,incomplete_all_existing_solved
ac19_22902,YXyXXyx,YYYxYxxyxyx,4,31429 32074 65354 148961,s20_f4,incomplete_all_existing_solved
ac19_22905,YXXX,YYXYYxyXyxyyx,2,31432 148022,s20_mk2,incomplete_all_existing_solved
ac19_22906,YYXXX,YYXYXXXyXyxxxx,1,31434,s20_f4,incomplete_all_existing_solved
ac19_22931,YXXyx,YYYYXyyyXyyXYxyX,1,31484,s20_f4,incomplete_all_existing_solved
ac19_22939,YXXXX,YYXyyxYYXyXX,1,31497,s20_f4,incomplete_all_existing_solved
ac19_22946,YYXXXyX,YYYXXyyxxyx,1,31505,s20_mk2,incomplete_all_existing_solved
ac19_22951,YYXXXyx,YYXYXyyXYxyX,1,31510,s20_mk2_mK2,incomplete_all_existing_solved
ac19_22970,YXYXX,YYXXyyXXyxYxYx,2,31537 96247,baseline,incomplete_all_existing_solved
ac19_22976,YYXXXYX,YYxYXXXyX,5,31547 61467 98956 122060 128619,baseline,incomplete_all_existing_solved
ac19_22979,YXXyx,YYXyyXyXYXXYx,3,31551 39380 53777,s20_mk2,incomplete_all_existing_solved
ac19_22994,YXYXyx,YYYXyxyXXXXYxYx,1,31579,s20_mk2_mK2,incomplete_all_existing_solved
ac19_22997,YXXYx,YYYXyXXXYYxYx,4,31584 91061 107322 127239,s20_mk2,incomplete_all_existing_solved
ac19_23025,YXYXXXX,YYYXyyxyyxxx,2,31621 135669,s20_mk2_mK2,incomplete_all_existing_solved
ac19_23026,YXXyx,YYXyxxxxxxyxYx,1,31622,"baseline,s20_mk2_mK2",incomplete_all_existing_solved
ac19_23031,YXYXyx,YYYXXXXyxYXyx,1,31637,baseline,incomplete_all_existing_solved
ac19_23036,YXXyx,YYXYYxyXXyXyx,3,31644 67583 134095,baseline,incomplete_all_existing_solved
ac19_23046,YXYxyx,YYYXYxxYxxx,4,31668 45833 49553 61689,s20_mk2_mK2,incomplete_all_existing_solved
ac19_2305,YXXYx,YYXyXYXyxxx,10,2939 15892 19730 53908 68849 75588 76740 84786 103728 153939,"s20_mk2,s20_mk2_mK2,s20_f4",incomplete_all_existing_solved
ac19_23051,YXYXyx,YYXXyXyyxxxyx,2,31680 133118,s20_f4,incomplete_all_existing_solved
ac19_23060,YXXyx,YYXyyXYXXYXyxx,1,31693,s20_mk2_mK2,incomplete_all_existing_solved
ac19_23065,YXYXX,YYXXYXyyXyxxYx,1,31704,s20_f4,incomplete_all_existing_solved
ac19_23070,YXXyx,YYYXyXyxyXXYx,4,31711 43428 85315 111641,s20_mk2_mK2,incomplete_all_existing_solved
ac19_23086,YXXyx,YYXXYXXyXXXyx,3,31736 134796 155750,s20_f4,incomplete_all_existing_solved
ac19_2309,YXXyx,YYYYXyyXyXXX,4,2943 95957 121532 147478,s20_mk2,incomplete_all_existing_solved
ac19_2310,YXX,YYXyyXYxYYxyyX,4,2944 6074 101664 116483,baseline,incomplete_all_existing_solved
ac19_2311,YXYXYXXX,YXXyXyXYxYx,3,2945 32582 98832,"baseline,s20_mk2,s20_mk2_mK2,s20_f4",never_10k
ac19_23119,YXYXXXX,YYYXYXyXyyx,3,31790 81866 113888,s20_mk2,incomplete_all_existing_solved
ac19_23120,YYXXXYxx,YYXYYXXXYxx,1,31791,s20_mk2,incomplete_all_existing_solved
ac19_2314,YXYXXYx,YYXyXyyxxx,3,2948 27553 131333,s20_mk2,incomplete_all_existing_solved
ac19_2316,YYXXYXXyx,YYXYxxyyXX,2,2950 80144,baseline,incomplete_all_existing_solved
ac19_23164,YYYXXXXYX,YYYXXXYXXyx,1,31865,s20_mk2_mK2,incomplete_all_existing_solved
ac19_2319,YXXyx,YYYXYXXyXXyXyX,1,2953,s20_f4,incomplete_all_existing_solved
ac19_23197,YXYXyx,YYXYxYxyyXXyX,1,31925,s20_mk2,incomplete_all_existing_solved
ac19_23202,YYXXX,YXXYXXyXyxxxYx,1,31941,baseline,incomplete_all_existing_solved
ac19_23207,YXYXyx,YYXXYYxYXyyXX,1,31948,s20_f4,incomplete_all_existing_solved
ac19_2322,YYYXXyX,YYXXXyx,16,2956 15270 29705 38939 62405 74634 77554 78638 93089 94428 101942 108739 108812 123502 152614 155908,"baseline,s20_mk2_mK2",incomplete_all_existing_solved
ac19_23232,YXYXyx,YYXXyXyyxxYxx,2,31995 85712,s20_mk2_mK2,incomplete_all_existing_solved
ac19_2324,YXX,YYxyXyx,34,2958 6916 11890 14460 18887 27406 28385 32337 41211 49531 50100 51044 52365 54021 54781 56787 67167 69039 86036 86530 93020 93310 103337 113166 116254 117217 122493 122749 131149 140179 147583 150148 152115 152988,baseline,incomplete_all_existing_solved
ac19_23296,YXXyx,YYXXXXXyXXXXX,4,32104 36334 111587 141096,s20_mk2_mK2,incomplete_all_existing_solved
ac19_23307,YYXXYx,YYYYYxxyyXyyX,1,32118,s20_f4,incomplete_all_existing_solved
ac19_23319,YYXXyxx,YYYxxYxyXX,3,32140 83731 118486,s20_f4,incomplete_all_existing_solved
ac19_23321,YXX,YYxxYxyxyXyXyx,1,32142,s20_f4,incomplete_all_existing_solved
ac19_23324,YYXXXyXX,YYXXYXXyyXX,1,32149,"baseline,s20_mk2",incomplete_all_existing_solved
ac19_23329,YXXYxxyx,YYYYXYxxyxx,1,32158,"baseline,s20_mk2_mK2",incomplete_all_existing_solved
ac19_23334,YXXYx,YYYYXyXXXyxYx,4,32167 99801 110563 138419,s20_f4,incomplete_all_existing_solved
ac19_23339,YYXXyxx,YYXXXyXYxyxx,1,32176,"baseline,s20_mk2,s20_mk2_mK2,s20_f4",never_10k
ac19_23342,YXXyx,YYXYxyxYxyyX,6,32186 42018 57909 117492 138625 143351,s20_mk2_mK2,incomplete_all_existing_solved
ac19_23346,YXYXX,YYYXyXXyxYXyx,2,32191 73768,s20_mk2,incomplete_all_existing_solved
ac19_23347,YYXXX,YYXXyXYXyxxx,3,32192 38974 108349,"baseline,s20_mk2_mK2",incomplete_all_existing_solved
ac19_23354,YYXXXyXXX,YXXXyXXXYx,2,32204 55984,baseline,incomplete_all_existing_solved
ac19_23359,YXXyx,YYXyxYXYxyyxx,3,32211 69652 100296,"s20_mk2,s20_f4",incomplete_all_existing_solved
ac19_23369,YYXXYXX,YXXXXyXYxYx,4,32229 47380 67793 100728,s20_mk2_mK2,incomplete_all_existing_solved
ac19_23389,YXXYXXXYx,YXYxYxyXyX,2,32260 117652,s20_mk2_mK2,incomplete_all_existing_solved
ac19_23404,YXXyx,YYYYXXXyxyXyx,1,32288,"s20_mk2,s20_mk2_mK2",incomplete_all_existing_solved
ac19_23419,YXXX,YYYXYXyyyxYxyyx,1,32307,s20_mk2,incomplete_all_existing_solved
ac19_2342,YXYXX,YYxYXyXyyXYx,8,2977 4603 36792 54241 71482 80473 88507 101343,s20_f4,incomplete_all_existing_solved
ac19_23424,YXXYx,YYXYxYXXXYx,3,32314 48696 100962,"baseline,s20_mk2,s20_mk2_mK2",incomplete_all_existing_solved
ac19_23435,YXXXX,YYXyyXXYxyx,1,32329,"s20_mk2_mK2,s20_f4",incomplete_all_existing_solved
ac19_23436,YXXyxYx,YYXXYxxyyX,2,32331 151977,s20_mk2_mK2,incomplete_all_existing_solved
ac19_23440,YXXXyxx,YYYXyXXYxyyx,1,32340,s20_f4,incomplete_all_existing_solved
ac19_23444,YXXYx,YYXYYXXYxyXXYx,1,32347,baseline,incomplete_all_existing_solved
ac19_23450,YYXXXyx,YYXYXXyxyyx,2,32360 86629,s20_mk2,incomplete_all_existing_solved
ac19_23464,YXXyx,YYXyXyxxYXYxyx,1,32387,baseline,incomplete_all_existing_solved
ac19_23469,YXyXXyx,YYYxyxyxYXyxYXyx,3,32399 50513 107348,s20_mk2,incomplete_all_existing_solved
ac19_23492,YXXXyxx,YYXYxyXyXX,3,32434 122106 143022,s20_mk2,incomplete_all_existing_solved
ac19_23505,YXX,YYXyxYYxyXyyX,3,32458 75182 89739,s20_f4,incomplete_all_existing_solved
ac19_23507,YXXYx,YYXXyxYYxYXXyx,1,32461,"s20_mk2,s20_mk2_mK2,s20_f4",incomplete_all_existing_solved
ac19_2355,YXXYx,YYYYxYXXXyyx,3,2991 23606 34967,s20_mk2_mK2,incomplete_all_existing_solved
ac19_23551,YXYXXYx,YYxxyXyXXXYx,2,32533 129618,s20_f4,incomplete_all_existing_solved
ac19_23561,YXXYx,YYYYYXYYxYXXyX,1,32549,s20_mk2_mK2,incomplete_all_existing_solved
ac19_2357,YYXXXyX,YYXyxxxyX,10,2993 7011 35021 41117 41628 49503 76023 92150 108782 129141,"s20_mk2,s20_mk2_mK2",incomplete_all_existing_solved
ac19_23595,YXXyx,YYXYxYxyyxyX,6,32600 57015 58097 79278 92284 116056,s20_mk2_mK2,incomplete_all_existing_solved
ac19_23601,YXXyx,YYXyxxyyxYXyX,3,32609 64385 128864,s20_mk2_mK2,incomplete_all_existing_solved
ac19_23610,YXXyx,YYXyyXYXYxyxx,4,32625 37367 117259 151374,s20_f4,incomplete_all_existing_solved
ac19_23611,YXYXXYXX,YYYYXyXXXyx,1,32628,s20_mk2,incomplete_all_existing_solved
ac19_23619,YYXXXYx,YYxYXyyXyxYX,1,32648,s20_mk2,incomplete_all_existing_solved
ac19_2364,YYXXyxxyx,YYXXXyyxyx,1,3000,"s20_mk2_mK2,s20_f4",incomplete_all_existing_solved
ac19_23642,YXXyx,YYXyXYxyyXXXYx,1,32690,s20_f4,incomplete_all_existing_solved
ac19_23662,YYXXXXX,YYYxyyxyyx,2,32728 85033,s20_f4,incomplete_all_existing_solved
ac19_23667,YXXyx,YYXXXYxyXyyXyx,1,32738,baseline,incomplete_all_existing_solved
ac19_23680,YXXyx,YYYYXyxyxxyxxx,1,32764,baseline,incomplete_all_existing_solved
ac19_2369,YYXyXYXyX,YXyxYXXyx,8,3006 4531 13739 15877 27337 44357 73187 144283,"s20_mk2,s20_mk2_mK2",incomplete_all_existing_solved
ac19_23699,YXXXX,YYXXYxYxyXyXyX,1,32795,s20_mk2_mK2,incomplete_all_existing_solved
ac19_23721,YXXyXyX,YYXyXYxxxyxx,2,32837 98581,s20_mk2_mK2,incomplete_all_existing_solved
ac19_23741,YYXXYx,YYXXyxxYXyx,3,32882 120813 155435,baseline,incomplete_all_existing_solved
ac19_23746,YXXyx,YYXyxxxYXyyxYx,1,32890,baseline,incomplete_all_existing_solved
ac19_23751,YYXXX,YYXYXXXyyxyxYx,1,32898,s20_f4,incomplete_all_existing_solved
ac19_23756,YXXyx,YYXyXyxxYxyxyX,1,32909,s20_f4,incomplete_all_existing_solved
ac19_23759,YXXyx,YYYXyyxyXYxyyX,4,32912 72620 98397 139795,s20_mk2,incomplete_all_existing_solved
ac19_23774,YXXyx,YYXyxxyyxxYXyx,1,32939,baseline,incomplete_all_existing_solved
ac19_23791,YXXyx,YYYXYXXXyXyyX,1,32964,s20_mk2,incomplete_all_existing_solved
ac19_23852,YXXyxYx,YYXXyxYYxyX,3,33079 33914 91969,baseline,incomplete_all_existing_solved
ac19_23862,YYXXYx,YYXYXyxxxYYXX,1,33091,s20_mk2_mK2,incomplete_all_existing_solved
ac19_23876,YXYxyx,YYXYxYYxxYxxx,1,33120,s20_mk2,incomplete_all_existing_solved
ac19_23887,YYXXX,YYYXXyXYYxyXX,1,33138,s20_f4,incomplete_all_existing_solved
ac19_23891,YXXYx,YYXYxyXyyXYxx,2,33148 91144,s20_f4,incomplete_all_existing_solved
ac19_23896,YYYXXXX,YYYXyyXYXyxx,1,33156,baseline,incomplete_all_existing_solved
ac19_23912,YXXYx,YYXXYXyxyXYYxx,1,33185,s20_f4,incomplete_all_existing_solved
ac19_23919,YXXyx,YYYXXYXyXyXXyX,1,33196,s20_mk2,incomplete_all_existing_solved
ac19_23920,YXXyx,YYYYXyXyXyxxx,4,33197 80191 133252 144427,baseline,incomplete_all_existing_solved
ac19_23922,YXX,YYXXyXyxYx,10,33200 34059 70672 81266 85256 88077 127416 138098 140776 156624,baseline,incomplete_all_existing_solved
ac19_23930,YXXYx,YYXYXyXYYXyxxx,1,33214,s20_f4,incomplete_all_existing_solved
ac19_23996,YXYXyXYxx,YYXYxyXXyx,1,33313,"baseline,s20_mk2",incomplete_all_existing_solved
ac19_24,YXXyx,YYYXXyyx,17,81 137 8245 17690 22134 59100 75607 77925 90505 92250 108747 117303 117734 122096 129830 137258 140946,"baseline,s20_mk2,s20_mk2_mK2",incomplete_all_existing_solved
ac19_24020,YYXXyXyyx,YYXXXyxyx,1,33360,s20_mk2_mK2,incomplete_all_existing_solved
ac19_24030,YXXYx,YYxyXXyxyXyxyx,1,33380,s20_f4,incomplete_all_existing_solved
ac19_24036,YYXXyx,YYYXyXXYXyx,3,33388 81799 86273,"s20_mk2_mK2,s20_f4",incomplete_all_existing_solved
ac19_24046,YYXXyx,YYYXyXyXYxyxx,1,33413,"s20_mk2_mK2,s20_f4",incomplete_all_existing_solved
ac19_24049,YXX,YYxYXyXXYXyyXYx,1,33416,s20_mk2_mK2,incomplete_all_existing_solved
ac19_24054,YXXyx,YYXYxyyxyXXYxyyX,4,33423 65386 115046 120704,s20_f4,incomplete_all_existing_solved
ac19_24057,YXXYx,YYXXXXXyxxYxyx,1,33427,s20_mk2_mK2,incomplete_all_existing_solved
ac19_2407,YXXyx,YYYXYxyyXyxx,4,3050 91658 128134 140349,"s20_mk2,s20_mk2_mK2",incomplete_all_existing_solved
ac19_24071,YXXyx,YYXXXyxxyXXyx,3,33452 44566 149046,s20_f4,incomplete_all_existing_solved
ac19_24072,YXXyx,YYXXXyXXYXXXyX,1,33453,baseline,incomplete_all_existing_solved
ac19_24127,YYXXyxx,YYXXyyxyxYX,2,33560 135841,s20_f4,incomplete_all_existing_solved
ac19_24140,YXXyx,YYYXyXyxxxYXyx,1,33590,"s20_mk2,s20_f4",incomplete_all_existing_solved
ac19_24145,YXYXX,YYYYYYXXyXyyX,2,33598 80642,s20_mk2_mK2,incomplete_all_existing_solved
ac19_24165,YYXXyx,YYXXXXyxxyx,3,33627 118375 139051,s20_f4,incomplete_all_existing_solved
ac19_24167,YYXXYx,YYYYXXyxyyx,3,33629 80987 91921,s20_f4,incomplete_all_existing_solved
ac19_2417,YYXXyx,YYYYxyXyXXXyx,1,3060,"baseline,s20_mk2_mK2",incomplete_all_existing_solved
ac19_24192,YXYXyx,YYYXyXXyxYxYX,1,33665,"s20_mk2,s20_f4",incomplete_all_existing_solved
ac19_24196,YYXXXyX,YYXyyxyXYYXX,4,33671 47942 52485 79977,"baseline,s20_mk2_mK2",incomplete_all_existing_solved
ac19_24197,YXXYx,YYYXYXXYYXXyxx,1,33673,"s20_mk2_mK2,s20_f4",incomplete_all_existing_solved
ac19_24201,YYXXYx,YYXyyxyXYYx,5,33680 55947 57311 112931 115724,baseline,incomplete_all_existing_solved
ac19_24202,YYXXyx,YYXXXyyxyxxyx,1,33682,baseline,incomplete_all_existing_solved
ac19_24215,YXYXyx,YYXXXyxyXYYxx,1,33704,baseline,incomplete_all_existing_solved
ac19_2422,YXXyxYx,YYXYXXyyxYx,3,3065 102143 143188,"s20_mk2,s20_f4",incomplete_all_existing_solved
ac19_24230,YXXyx,YYYYXyyxyXXyyX,1,33728,baseline,incomplete_all_existing_solved
ac19_24297,YYXXYx,YYxxYXXXXYx,2,33837 65535,s20_mk2_mK2,incomplete_all_existing_solved
ac19_24300,YXXyx,YYYXyXYXyxyx,6,33841 40258 67822 74130 135218 154667,baseline,incomplete_all_existing_solved
ac19_24302,YXXYxxyX,YYYxxyXXX,3,33843 71253 129566,"s20_mk2,s20_mk2_mK2,s20_f4",incomplete_all_existing_solved
ac19_24305,YXXyx,YYYXXXyyXyyyXXYX,2,33848 117191,s20_mk2,incomplete_all_existing_solved
ac19_24306,YYXXX,YXYxxYXXyXXyx,3,33850 43444 106182,s20_f4,incomplete_all_existing_solved
ac19_2432,YXXyx,YYYYXXyyyXyXYx,2,3075 122544,s20_mk2,incomplete_all_existing_solved
ac19_24349,YXXyx,YYXyxYxxYXyyx,3,33938 54799 141471,"s20_mk2_mK2,s20_f4",incomplete_all_existing_solved
ac19_2435,YXXXyxx,YYXyXYXyxxx,9,3078 79723 100993 107752 108388 125575 126165 143665 146081,s20_mk2,incomplete_all_existing_solved
ac19_24354,YXXyx,YYYXXyxxyXYXyx,1,33952,baseline,incomplete_all_existing_solved
ac19_24366,YXXyx,YYYYXYxyyXXyyX,1,33971,s20_mk2,incomplete_all_existing_solved
ac19_24445,YYXXXYxyx,YYXXXYXYYx,1,34111,"baseline,s20_mk2_mK2",incomplete_all_existing_solved
ac19_2447,YXXyx,YYXXXYXXyXyxxx,1,3091,s20_f4,incomplete_all_existing_solved
ac19_2449,YXXyx,YYXyyXXXXXyx,3,3093 112147 113597,s20_f4,incomplete_all_existing_solved
ac19_24499,YYXXX,YYXXYYxyXyxxyX,1,34203,s20_mk2,incomplete_all_existing_solved
ac19_2452,YXXYx,YYXYYXYXyXyxxx,1,3096,s20_mk2,incomplete_all_existing_solved
ac19_24531,YYXXYxyxx,YYYYXyxxYYx,3,34256 100497 125175,s20_mk2,incomplete_all_existing_solved
ac19_24555,YYXXXyx,YYYXXXXyx,3,34305 38565 41787,"s20_mk2_mK2,s20_f4",incomplete_all_existing_solved
ac19_24561,YXXYx,YYYYXXXyxYxyX,1,34311,baseline,incomplete_all_existing_solved
ac19_24567,YXXYx,YYYYXXYYXXXyxx,1,34322,baseline,incomplete_all_existing_solved
ac19_24574,YXYXX,YYYXXyXyyxxxyx,1,34331,s20_mk2,incomplete_all_existing_solved
ac19_24576,YXyXXyx,YYXXyyXYxyx,3,34333 92650 148793,baseline,incomplete_all_existing_solved
ac19_24577,YXXyx,YYYXyyxyXyXX,6,34334 48219 71516 96152 135130 137691,baseline,incomplete_all_existing_solved
ac19_24591,YYXXXXyx,YYXXyyxYxyx,1,34357,s20_mk2,incomplete_all_existing_solved
ac19_24614,YYXXYYx,YYYXyxYXyyx,5,34397 38918 95818 97376 108778,s20_mk2_mK2,incomplete_all_existing_solved
ac19_24630,YYXXyxx,YYxxxyXXyXX,4,34425 79812 114946 116885,s20_f4,incomplete_all_existing_solved
ac19_24631,YXyXXyx,YYYxyxyxYxx,4,34426 38785 68736 98686,s20_mk2_mK2,incomplete_all_existing_solved
ac19_24645,YYXXYx,YYYYXyyXyxyyx,2,34451 73931,s20_mk2_mK2,incomplete_all_existing_solved
ac19_24651,YYYXXXX,YYYYXXyXXyx,1,34460,s20_mk2_mK2,incomplete_all_existing_solved
ac19_24666,YYXXXXyxx,YXYXyXXYx,3,34490 57951 106068,baseline,incomplete_all_existing_solved
ac19_24676,YXXXyxx,YYXXyyXXXXyXX,1,34507,baseline,incomplete_all_existing_solved
ac19_24682,YXXXyXyX,YYxYXyxxxyx,2,34517 34670,s20_f4,incomplete_all_existing_solved
ac19_24691,YYXXYx,YYXXYxYxYXXyx,1,34531,s20_mk2_mK2,incomplete_all_existing_solved
ac19_24697,YYXXyxxyX,YYXXyyXXyX,1,34541,s20_f4,incomplete_all_existing_solved
ac19_24702,YXXXyxxYx,YYYXYxxxyX,1,34547,baseline,incomplete_all_existing_solved
ac19_2471,YXXyx,YYXyXyXXXYXXX,4,3115 15809 41524 101468,s20_mk2_mK2,incomplete_all_existing_solved
ac19_24712,YXXyx,YYXyXYXYXyyX,5,34564 35864 41336 68755 148055,"baseline,s20_mk2",incomplete_all_existing_solved
ac19_24717,YXYXXyXYx,YYxyxYXXyX,1,34569,"baseline,s20_mk2",incomplete_all_existing_solved
ac19_24737,YXXyx,YYYYYXyyxyXyxx,2,34615 112608,baseline,incomplete_all_existing_solved
ac19_2476,YYXXX,YYXYxxxYXyXyyX,1,3120,"s20_mk2,s20_mk2_mK2",incomplete_all_existing_solved
ac19_2477,YXXYXXX,YYXXXXyyxYx,3,3121 43212 76451,s20_f4,incomplete_all_existing_solved
ac19_24814,YXXyx,YYYYXyxyXyyyXX,4,34744 79898 90704 110774,"s20_mk2,s20_mk2_mK2",incomplete_all_existing_solved
ac19_24827,YYXyXXXYXyX,YYXyXYYXyXyX,2,34765 85780,"s20_mk2,s20_mk2_mK2",incomplete_all_existing_solved
ac19_24830,YYXXX,YYxyXXXyxxyx,5,34770 48803 53891 61768 83131,s20_mk2,incomplete_all_existing_solved
ac19_24835,YYXYXyXyX,YXYXyXyxx,5,34776 59607 90966 102673 145438,baseline,incomplete_all_existing_solved
ac19_24839,YXYXYx,YYXXYxYxxYXyX,1,34782,baseline,incomplete_all_existing_solved
ac19_24846,YXYXX,YYYXyXXXyXXYYx,1,34794,baseline,incomplete_all_existing_solved
ac19_24855,YXXYxxyX,YYXYXXXXYYx,2,34810 127512,s20_f4,incomplete_all_existing_solved
ac19_24880,YXXyXyx,YYXXyXXyyx,4,34857 70855 85098 149016,baseline,incomplete_all_existing_solved
ac19_24921,YXXYx,YYXYxxxyXXyX,4,34932 85120 154098 154682,"s20_mk2_mK2,s20_f4",incomplete_all_existing_solved
ac19_24922,YXYXX,YYYXyyXXXXYXYxx,1,34934,s20_f4,incomplete_all_existing_solved
ac19_24955,YXXYx,YYXYxyXYxyXyx,4,34993 37263 117583 128879,"baseline,s20_mk2_mK2",incomplete_all_existing_solved
ac19_24984,YYXXX,YYXXyXXyyxYYx,1,35036,"baseline,s20_mk2,s20_f4",incomplete_all_existing_solved
ac19_25,YXXyx,YYYXyXyX,47,82 142 3350 3899 5842 12514 14256 15327 15989 19133 21233 24700 37078 38453 41885 47090 48713 48905 55895 56064 67215 67494 67934 71333 74296 83586 83867 86586 92300 104682 107664 116948 119502 121577 126359 131331 136022 136080 146399 146937 147078 150607 150876 151359 152088 153087 155092,baseline,incomplete_all_existing_solved
ac19_25010,YYXXXyx,YYYYxyXyXXyx,1,35082,s20_mk2_mK2,incomplete_all_existing_solved
ac19_25030,YXXyx,YYXYXyyxYXXyxx,1,35120,s20_mk2_mK2,incomplete_all_existing_solved
ac19_25031,YYXXX,YYXYXyxyyXXYxx,1,35121,baseline,incomplete_all_existing_solved
ac19_25037,YXXyx,YYXXXXyXYXyxx,3,35134 91319 137798,"baseline,s20_mk2",incomplete_all_existing_solved
ac19_25049,YXXYx,YYYXXYxYXYxyX,3,35158 152790 155488,s20_mk2,incomplete_all_existing_solved
ac19_2505,YXyXXyx,YYxxxyxYX,16,3152 18977 29674 32511 52244 54776 69967 71909 76417 89667 91622 125297 128503 135575 135763 136512,s20_mk2,incomplete_all_existing_solved
ac19_25052,YXXYx,YYXXyXyyxYYx,7,35166 48635 64619 95275 105787 109471 118473,"s20_mk2_mK2,s20_f4",incomplete_all_existing_solved
ac19_25057,YXXyx,YYXyyXyXXYxyx,4,35174 40278 48543 52182,baseline,incomplete_all_existing_solved
ac19_2507,YXXyXyx,YYXyxxYxyX,9,3154 9041 23881 38645 67647 70359 82252 113116 135443,baseline,incomplete_all_existing_solved
ac19_25076,X,YYYXYxxyyxyX,1,35224,"s20_mk2,s20_f4",incomplete_all_existing_solved
ac19_2509,YXyxYXXyx,YYXyxyXYxxx,3,3156 35795 76083,baseline,incomplete_all_existing_solved
ac19_2510,YYXXXyxx,YYXXXyxxx,3,3157 5836 68467,"baseline,s20_mk2,s20_mk2_mK2,s20_f4",never_10k
ac19_25104,YXXyx,YYXXyxYXXyxx,5,35266 41018 81756 113583 154923,baseline,incomplete_all_existing_solved
ac19_25105,YXXyXYx,YYXXYXyXyx,4,35268 64848 86632 89606,s20_f4,incomplete_all_existing_solved
ac19_25111,YYXXXyx,YYYXXXyXyx,2,35274 96453,"baseline,s20_mk2",incomplete_all_existing_solved
ac19_25115,YYXXyx,YXYXXXyXYxxxx,1,35279,baseline,incomplete_all_existing_solved
ac19_25121,YXXYx,YYXYxxyyXyXYx,3,35294 64798 103546,s20_f4,incomplete_all_existing_solved
ac19_25142,YXXyx,YYXYXyxYxxyyx,3,35323 57120 112259,s20_mk2_mK2,incomplete_all_existing_solved
ac19_25144,YXXyx,YYYYXXYxyxyxyyXX,1,35325,s20_mk2_mK2,incomplete_all_existing_solved
ac19_25149,YYXXXyx,YYXyXYYxxyyX,1,35332,s20_mk2,incomplete_all_existing_solved
ac19_25159,YXX,YYXXyXXYxyXYx,1,35346,"baseline,s20_mk2",incomplete_all_existing_solved
ac19_25164,YXXyx,YYXYxyXyxYXyX,5,35356 90117 104636 120453 138956,"s20_mk2_mK2,s20_f4",incomplete_all_existing_solved
ac19_25167,YXXyx,YYYXXyXXYxyXyX,1,35363,s20_f4,incomplete_all_existing_solved
ac19_25169,YXYXyx,YYXXyxYxYXXyX,1,35366,baseline,incomplete_all_existing_solved
ac19_25181,YXXyx,YYXXXXyXXyxYXX,1,35387,"s20_mk2_mK2,s20_f4",incomplete_all_existing_solved
ac19_2520,YXXyx,YYYXYxyyyX,32,3167 7503 7738 11158 17453 24787 27715 30135 34587 47152 53443 66335 68305 70645 71567 81848 83089 84224 89019 89644 90539 93157 93973 94998 100807 103683 109726 115291 123960 125484 126629 137998,s20_mk2_mK2,incomplete_all_existing_solved
ac19_25204,YXXyx,YYYXYxyyxyXXXX,1,35419,s20_f4,incomplete_all_existing_solved
ac19_25210,YXXX,YYYXyyxYXYXyyyx,1,35429,s20_f4,incomplete_all_existing_solved
ac19_25214,YXXyx,YYXXXXXXXyxxxx,1,35433,"s20_mk2,s20_mk2_mK2",incomplete_all_existing_solved
ac19_25224,YXYXX,YYXyXyXXYxxx,3,35449 97091 134383,s20_mk2,incomplete_all_existing_solved
ac19_25269,YYXXyxx,YYXyxYYxxyyX,1,35537,baseline,incomplete_all_existing_solved
ac19_25282,YXXYXXX,YYYXyXXXyxx,3,35558 50302 92853,s20_mk2,incomplete_all_existing_solved
ac19_25287,YXXyx,YYYXyXyyxxYX,4,35563 74184 107211 143569,baseline,incomplete_all_existing_solved
ac19_25292,YXXyx,YYXXyXYXyyXYXX,1,35571,s20_mk2,incomplete_all_existing_solved
ac19_25304,YXXYx,YYYXXYXXyyxyxx,1,35593,s20_mk2_mK2,incomplete_all_existing_solved
ac19_25319,YXYXYXX,YYYxYXXyXyyx,1,35618,s20_mk2,incomplete_all_existing_solved
ac19_25354,YXYxyx,YYXYxYxyxYxxx,1,35684,baseline,incomplete_all_existing_solved
ac19_25356,YXXyx,YYYXXYxyXXyxyX,1,35686,s20_mk2_mK2,incomplete_all_existing_solved
ac19_25362,YXXYxxyx,YYYXXyxxxYx,1,35697,s20_f4,incomplete_all_existing_solved
ac19_25369,YYXXyxx,YYYYYYYXXYYx,1,35708,baseline,incomplete_all_existing_solved
ac19_25374,YXYXX,YYYXXyXyyXYxxx,1,35719,"baseline,s20_mk2_mK2",incomplete_all_existing_solved
ac19_25375,YXXyx,YYXXyyxxYXyXYx,1,35721,"baseline,s20_mk2",incomplete_all_existing_solved
ac19_25377,YXYXyx,YYXYxYXXXXyyx,1,35724,baseline,incomplete_all_existing_solved
ac19_25390,YYXXYx,YYYYXXYYYXXYx,1,35754,s20_mk2,incomplete_all_existing_solved
ac19_25395,YYXXX,YYXXYxYXyyXyx,5,35762 47082 53773 79802 148271,s20_mk2_mK2,incomplete_all_existing_solved
ac19_25416,YXXYx,YYXyxxyxyXyyx,3,35798 36113 37851,baseline,incomplete_all_existing_solved
ac19_25417,YXXyx,YYXyXXYXyyXYx,3,35800 57063 136257,baseline,incomplete_all_existing_solved
ac19_2542,YXXX,YYYXYXYXXyyyX,2,3191 145276,s20_f4,incomplete_all_existing_solved
ac19_25421,YXXyx,YYYXyxxYxxyyx,1,35813,s20_mk2,incomplete_all_existing_solved
ac19_25437,YXXyx,YYYXYxyyyxyyxx,2,35852 91751,baseline,incomplete_all_existing_solved
ac19_25450,YYXXyx,YYXyXXXyxyxYx,1,35880,baseline,incomplete_all_existing_solved
ac19_25460,YXXyx,YYYYXyXyyxxxx,3,35894 60789 106057,baseline,incomplete_all_existing_solved
ac19_25461,YXXyx,YYYYXyyyxxyyx,2,35895 135007,baseline,incomplete_all_existing_solved
ac19_2547,YXXYx,YYXXXXyyxxyxxx,1,3197,baseline,incomplete_all_existing_solved
ac19_25491,YXXyXyxx,YYxxyXYxyXX,2,35950 83951,baseline,incomplete_all_existing_solved
ac19_25516,YYXXYx,YYYYXyyXyxxYX,1,35995,"baseline,s20_mk2",incomplete_all_existing_solved
ac19_25559,YXXyx,YYXXYXXyyXyXyX,1,36077,s20_mk2,incomplete_all_existing_solved
ac19_25572,YXXyx,YYYXXXyyXyyxxxYYx,2,36098 88022,s20_f4,incomplete_all_existing_solved
ac19_25595,YXXYx,YYXYxyxyXXyXYx,1,36133,s20_mk2_mK2,incomplete_all_existing_solved
ac19_25617,YXXyXyx,YYxxYXyxyX,6,36171 44127 54640 115485 126917 133145,"baseline,s20_mk2",incomplete_all_existing_solved
ac19_25644,YXXyxYx,YYYYXXyxxYx,3,36211 71702 85255,s20_f4,incomplete_all_existing_solved
ac19_25674,YXXyXYx,YYXyXyxYXX,5,36259 64079 115456 131038 142286,baseline,incomplete_all_existing_solved
ac19_25675,YYXXX,YYXXyxYxYxyXyX,1,36261,s20_f4,incomplete_all_existing_solved
ac19_2576,YYXXYx,YYxYYxyxyXyXX,1,3228,"s20_mk2_mK2,s20_f4",incomplete_all_existing_solved
ac19_25764,YXXYxxyx,YYYYYxxyx,2,36418 52573,baseline,incomplete_all_existing_solved
ac19_25821,YXyXXyX,YYXXyxYxyxxyX,2,36513 83525,s20_mk2_mK2,incomplete_all_existing_solved
ac19_25847,YXYXX,YYXyXyxyXXYxYx,1,36552,s20_mk2_mK2,incomplete_all_existing_solved
ac19_25861,YXXyx,YYYXyxyyXyxxYYx,1,36574,s20_f4,incomplete_all_existing_solved
ac19_25869,YYXXXYX,YYYYXXXXYXXX,2,36586 141040,s20_mk2,incomplete_all_existing_solved
ac19_25889,YXYXX,YYYYXXXYXXyXyx,1,36625,"baseline,s20_mk2,s20_mk2_mK2",incomplete_all_existing_solved
ac19_2589,YXYXYx,YYYYXyyXXYxYx,2,3242 13667,s20_mk2,incomplete_all_existing_solved
ac19_25894,YXXyx,YYYXyxxyxyxYxx,1,36636,s20_mk2_mK2,incomplete_all_existing_solved
ac19_25896,YXXYx,YYYYXXyyXyxx,2,36639 66048,"s20_mk2_mK2,s20_f4",incomplete_all_existing_solved
ac19_25904,YXYXyx,YYXXXyyxYXYYx,1,36655,baseline,incomplete_all_existing_solved
ac19_25914,YXYXyx,YYXXYXXyXXYYx,1,36671,"baseline,s20_mk2_mK2",incomplete_all_existing_solved
ac19_25932,YYXXyx,YYXXYXXyxYxYX,1,36700,"s20_mk2,s20_mk2_mK2",incomplete_all_existing_solved
ac19_25965,YXXyx,YYXyxxyXXYxxx,3,36765 109257 153779,s20_f4,incomplete_all_existing_solved
ac19_25970,YXX,YYXyyXyxYxYXXyx,1,36777,baseline,incomplete_all_existing_solved
ac19_25971,YXXYx,YYXYXXyXYxx,8,36780 46926 48380 72324 86813 97155 121470 135591,baseline,incomplete_all_existing_solved
ac19_25974,YXXYx,YYXXXYYxYxYXYX,1,36784,s20_f4,incomplete_all_existing_solved
ac19_25976,YXXyx,YYXXyXYxyxYxyx,1,36791,baseline,incomplete_all_existing_solved
ac19_25981,YXXyx,YYXyxYxYxyxxyx,1,36802,"baseline,s20_mk2_mK2",incomplete_all_existing_solved
ac19_25984,YXXyx,YYYXXXyXYxxyyx,1,36805,s20_f4,incomplete_all_existing_solved
ac19_25987,YYXXX,YYYYXYXyXyX,7,36813 40558 51020 94079 95988 149954 155602,s20_mk2_mK2,incomplete_all_existing_solved
ac19_25989,YXXYx,YYXYxyxyXyXYx,5,36818 98819 114781 135943 147529,"baseline,s20_mk2,s20_mk2_mK2,s20_f4",never_10k
ac19_25997,YXYXXYx,YYYXyyxyXyxx,1,36835,"s20_mk2_mK2,s20_f4",incomplete_all_existing_solved
ac19_26002,YYXXX,YYXXyXyxxyXYYx,1,36844,s20_f4,incomplete_all_existing_solved
ac19_26004,YXXXYXXXX,YYYYXXyyyX,1,36846,baseline,incomplete_all_existing_solved
ac19_26007,YXXyx,YYYXXXyxxxxyx,2,36851 147684,s20_mk2,incomplete_all_existing_solved
ac19_26012,YXXYx,YYXXYXyxyXYxYx,1,36857,"s20_mk2,s20_mk2_mK2,s20_f4",incomplete_all_existing_solved
ac19_26014,YYXXXyX,YYYYXyyXyX,3,36860 78459 84981,baseline,incomplete_all_existing_solved
ac19_26057,YYXXX,YYYYYXXXXXXyyx,1,36931,baseline,incomplete_all_existing_solved
ac19_26069,YYXXXyx,YYYYXyyyyXYx,1,36957,s20_mk2_mK2,incomplete_all_existing_solved
ac19_26085,YXXyx,YYXYXXXyXyxxxx,1,36981,s20_f4,incomplete_all_existing_solved
ac19_2609,YXYXYx,YYYxYXyyXXYXyxYYx,1,3263,"baseline,s20_mk2",incomplete_all_existing_solved
ac19_261,YXYXYx,YYXyXYxxxyX,5,788 9060 74714 98316 117451,s20_f4,incomplete_all_existing_solved
ac19_26126,YXYXyx,YYXXXXyxyXYYx,1,37045,baseline,incomplete_all_existing_solved
ac19_2614,YXXyx,YYXyxYxxxxxyx,3,3268 48983 132052,"s20_mk2_mK2,s20_f4",incomplete_all_existing_solved
ac19_26164,YXXyx,YYYXXyyXyxxYX,1,37105,"s20_mk2_mK2,s20_f4",incomplete_all_existing_solved
ac19_26167,YXyXXyx,YYXYXyxYxxxyyx,2,37109 118564,s20_mk2_mK2,incomplete_all_existing_solved
ac19_26169,YXXyxYx,YYXXyxxyx,7,37114 39899 41424 49706 57529 64122 107049,s20_mk2_mK2,incomplete_all_existing_solved
ac19_26171,YYXXyx,YYXXXYxxYXXXX,1,37117,s20_f4,incomplete_all_existing_solved
ac19_26174,YXXyx,YYXXYXyXXXyX,5,37122 41601 82870 117556 151091,s20_f4,incomplete_all_existing_solved
ac19_26197,YXYXYx,YYYXYYxxYXXyX,1,37165,s20_mk2,incomplete_all_existing_solved
ac19_26215,YYXXYx,YXYxYXyXYxxyX,1,37196,s20_mk2_mK2,incomplete_all_existing_solved
ac19_26219,YXXyxYx,YYxxyxxyXXyX,2,37200 41874,s20_mk2_mK2,incomplete_all_existing_solved
ac19_26222,YXXyx,YYXXYYxxyXXyyX,1,37203,baseline,incomplete_all_existing_solved
ac19_26227,YXXXyXXyX,YYxxxxxxyx,3,37215 72327 78044,baseline,incomplete_all_existing_solved
ac19_26234,YXX,YYXyXYxxYxyXyX,2,37225 44017,s20_f4,incomplete_all_existing_solved
ac19_26246,YYXXX,YYxxyXXXXyxyxx,1,37255,baseline,incomplete_all_existing_solved
ac19_26265,YXXXXXYxx,YYYXyXXyxx,1,37297,s20_mk2,incomplete_all_existing_solved
ac19_2627,YYYXXXX,YYYXyXXYxyyx,1,3282,s20_f4,incomplete_all_existing_solved
ac19_26271,YYXXyXyxx,YYXyxxyyXX,1,37305,s20_mk2,incomplete_all_existing_solved
ac19_26275,YXX,YYXyXyXyxxYXYx,1,37311,"s20_mk2,s20_mk2_mK2,s20_f4",incomplete_all_existing_solved
ac19_26281,YXXX,YYYXYYXXyyyxyyx,3,37321 110257 116968,s20_mk2,incomplete_all_existing_solved
ac19_26282,YXX,YYXyXyxYXyXXYx,1,37323,"baseline,s20_mk2",incomplete_all_existing_solved
ac19_2629,YXXyx,YYYXYYXyyXyyX,4,3284 38717 41523 57038,baseline,incomplete_all_existing_solved
ac19_2631,YXXyx,YYYYXYxyXyyyx,6,3286 28683 46975 55687 106289 108678,s20_mk2,incomplete_all_existing_solved
ac19_26315,YYXXXyx,YYXXYxyXyyx,1,37397,s20_f4,incomplete_all_existing_solved
ac19_2632,YXXyx,YYYXYxYXyxyyyx,6,3288 39436 40707 67924 95706 151284,s20_mk2,incomplete_all_existing_solved
ac19_26349,YXXyx,YYXXXyyxYxxx,3,37462 118228 137789,"s20_mk2_mK2,s20_f4",incomplete_all_existing_solved
ac19_2636,YXXyx,YYXXYxxyXyXX,4,3292 31716 97093 122662,"s20_mk2,s20_mk2_mK2",incomplete_all_existing_solved
ac19_26360,YYXXYXX,YYXyyXXYXXYxx,1,37477,"baseline,s20_mk2",incomplete_all_existing_solved
ac19_26365,YXX,YYXyXyXYxxyxx,1,37488,"s20_mk2_mK2,s20_f4",incomplete_all_existing_solved
ac19_2637,YYXXyx,YXyXYxxxxyX,10,3293 47729 81190 84279 86180 95514 102153 106072 117380 144108,baseline,incomplete_all_existing_solved
ac19_26370,YXYXX,YYXyXYxYxxyXyX,1,37494,s20_f4,incomplete_all_existing_solved
ac19_26372,YXXyx,YYXyxxYXyXXXX,4,37500 39644 62565 88858,"s20_mk2_mK2,s20_f4",incomplete_all_existing_solved
ac19_26394,YXXyXYx,YYXYXXXXyxx,2,37546 43039,baseline,incomplete_all_existing_solved
ac19_26399,YXXYx,YYYXyXyxxyXyxx,1,37553,"baseline,s20_mk2",incomplete_all_existing_solved
ac19_264,YXYXXXX,YYXyyXXXXYxx,1,791,s20_mk2,incomplete_all_existing_solved
ac19_26401,YXX,YYxxyXyXyxYXyx,2,37557 140629,baseline,incomplete_all_existing_solved
ac19_26406,YXYXYx,YYXYYxYXXXYYx,1,37563,"s20_mk2,s20_mk2_mK2",incomplete_all_existing_solved
ac19_26410,YXYXyx,YYXyyxxxYXyyx,1,37569,s20_mk2,incomplete_all_existing_solved
ac19_26419,YYXXXyx,YYXyxxyyXYx,1,37589,"s20_mk2,s20_mk2_mK2",incomplete_all_existing_solved
ac19_26444,YYXXyXyxx,YXYXXXXyxx,1,37631,s20_mk2,incomplete_all_existing_solved
ac19_26446,YXXyx,YYYXyyyXYXyxYx,2,37633 149551,"s20_mk2,s20_mk2_mK2",incomplete_all_existing_solved
ac19_26447,YYXXyx,YYYYxyXXyyxyx,1,37634,s20_mk2_mK2,incomplete_all_existing_solved
ac19_26452,YXXyxYx,YYxxxYXYX,6,37647 42324 43585 54104 128002 151826,"baseline,s20_mk2,s20_mk2_mK2,s20_f4",never_10k
ac19_26454,YXXYx,YYXXYXXXyxYxxx,1,37650,"s20_mk2,s20_mk2_mK2,s20_f4",incomplete_all_existing_solved
ac19_26456,YYXXX,YYXyxYxyXyyx,3,37656 97340 137605,s20_mk2,incomplete_all_existing_solved
ac19_2647,YXXYx,YYXXXXXyxxYYxx,1,3304,s20_mk2,incomplete_all_existing_solved
ac19_26489,YXXyXXYx,YYxxxyXyxyx,2,37703 132886,baseline,incomplete_all_existing_solved
ac19_26502,YYXXYxxYX,YXyXXyxxx,3,37727 98049 114188,s20_mk2,incomplete_all_existing_solved
ac19_26535,YXXYx,YYYXYYXXXYxYX,3,37793 79236 90103,"s20_mk2_mK2,s20_f4",incomplete_all_existing_solved
ac19_26536,YXXX,YYXyXXyXyxYYx,2,37795 148978,s20_mk2_mK2,incomplete_all_existing_solved
ac19_26546,YXXyx,YYXyxYXyxxxyyX,1,37808,s20_f4,incomplete_all_existing_solved
ac19_26665,YYXXX,YYYYXYXyXXyX,3,38011 40857 143703,s20_mk2,incomplete_all_existing_solved
ac19_26679,YYXXX,YYYYxyXXyyxyyx,1,38035,s20_f4,incomplete_all_existing_solved
ac19_26682,YXYXYx,YXYXyXyxYxx,10,38039 61822 76500 101571 130015 132341 135333 147107 153105 156447,s20_f4,incomplete_all_existing_solved
ac19_26726,YXXyx,YYYYXyxyyXyXyX,3,38120 102381 115981,s20_mk2_mK2,incomplete_all_existing_solved
ac19_26731,YXX,YYXXXyXyxYXYx,1,38134,baseline,incomplete_all_existing_solved
ac19_26741,YXXyx,YYYXyxYXXXXyyX,1,38156,s20_mk2,incomplete_all_existing_solved
ac19_26746,YXXyx,YYYXXyxxYxyyxx,1,38165,s20_f4,incomplete_all_existing_solved
ac19_26761,YXXyx,YYXyxYxyXyxyxx,1,38188,baseline,incomplete_all_existing_solved
ac19_26766,YXXyx,YYYXXYXXyyxxyx,1,38196,s20_f4,incomplete_all_existing_solved
ac19_26771,YXYXYx,YYYXXyXYXYYxx,1,38202,baseline,incomplete_all_existing_solved
ac19_26852,YXXyx,YYYXyXXyxyxyX,3,38350 66417 122265,baseline,incomplete_all_existing_solved
ac19_26866,YYXXYx,YYXXXXXYxxxyx,1,38381,s20_f4,incomplete_all_existing_solved
ac19_26871,YYYXXXX,YYYYXXXXX,2,38387 96930,"baseline,s20_mk2,s20_mk2_mK2,s20_f4",never_10k
ac19_26881,YXYXYXX,YYYXXyXyyxYx,1,38406,"baseline,s20_mk2_mK2",incomplete_all_existing_solved
ac19_26882,YXXYx,YYYXXyyXYxyxx,2,38407 88582,s20_mk2,incomplete_all_existing_solved
ac19_26904,YYXXyx,YYYYXyyxyXXyx,1,38449,s20_mk2_mK2,incomplete_all_existing_solved
ac19_26944,YYXXYx,YYYXXyyXyxyxx,1,38512,baseline,incomplete_all_existing_solved
ac19_2695,YYXyXYxyX,YXYXyXyxx,4,3359 58461 81715 106747,s20_mk2,incomplete_all_existing_solved
ac19_26954,YXXyx,YYXXyXXyxYXXXX,1,38527,s20_f4,incomplete_all_existing_solved
ac19_26960,YXXyXyXX,YYXXyxxyx,4,38535 132951 134404 155915,s20_f4,incomplete_all_existing_solved
ac19_27,YXXyx,YYXXXXyX,38,84 148 2758 4461 11221 21075 21785 28637 35183 53244 53629 55065 62120 66412 67533 70310 79702 80918 86723 91634 96450 98169 99057 103902 108917 111399 111488 116767 117004 123857 126981 128833 130739 132593 137770 148670 149070 156073,"baseline,s20_mk2,s20_mk2_mK2",incomplete_all_existing_solved
ac19_27011,YYXXX,YYYXXyyXXXYXYx,1,38635,baseline,incomplete_all_existing_solved
ac19_27027,YXYxYXXYx,YYXXYxYXyx,6,38662 38916 95997 101858 124767 149354,s20_f4,incomplete_all_existing_solved
ac19_27032,YXXYx,YYXYxyxYXXXyyx,1,38670,s20_mk2,incomplete_all_existing_solved
ac19_27057,YXXyx,YYXXXXXXyXX,11,38709 40113 41582 45911 56576 59164 70082 75135 85152 128091 138616,baseline,incomplete_all_existing_solved
ac19_27070,YXYXyx,YYYXyXYxyXyxx,1,38730,baseline,incomplete_all_existing_solved
ac19_27071,YXXyx,YYYXyxyXXXXyyX,1,38731,s20_f4,incomplete_all_existing_solved
ac19_27079,YXXXyxYx,YYXXYxxxyXX,1,38744,"baseline,s20_mk2,s20_mk2_mK2",incomplete_all_existing_solved
ac19_27080,YXXX,YYXyXyXYYXX,2,38749 115457,"baseline,s20_mk2",incomplete_all_existing_solved
ac19_27091,YXXyx,YYYYXyxyxxxyX,3,38765 59494 85586,s20_f4,incomplete_all_existing_solved
ac19_27096,YXXyx,YYXXyxxxxxYxyX,1,38771,"baseline,s20_mk2",incomplete_all_existing_solved
ac19_27116,YYXXYx,YXyXyxxxxyX,4,38817 61081 79783 148761,s20_mk2,incomplete_all_existing_solved
ac19_27131,YXXyx,YYYXXXyyxyXYxx,1,38841,"s20_mk2_mK2,s20_f4",incomplete_all_existing_solved
ac19_27144,YXXYx,YYYXYXyxYXXYx,3,38862 47892 78940,s20_mk2_mK2,incomplete_all_existing_solved
ac19_27147,YYXXXXXyx,YXyXYxxyX,6,38866 39124 50361 66769 125772 149905,s20_f4,incomplete_all_existing_solved
ac19_27157,YXXYx,YYXYXXXYxyyxYx,1,38882,s20_mk2,incomplete_all_existing_solved
ac19_27167,YXXyx,YYYXyyXXXYxyx,2,38898 113541,s20_f4,incomplete_all_existing_solved
ac19_27172,YXXX,YYYYYXXyXyXyX,2,38906 98878,s20_mk2_mK2,incomplete_all_existing_solved
ac19_27174,YYXXXYx,YYYXXYxxyyX,1,38909,s20_mk2,incomplete_all_existing_solved
ac19_27184,YXXyx,YYXYXyXyXXYXyX,1,38926,s20_mk2,incomplete_all_existing_solved
ac19_272,YXYXX,YYYxxyXXyXyyxx,1,800,"s20_mk2,s20_mk2_mK2",incomplete_all_existing_solved
ac19_27204,YXYXyx,YYYXXYYxYXXXX,1,38962,"s20_mk2,s20_mk2_mK2",incomplete_all_existing_solved
ac19_27206,YXXX,YYXXYxyXyyx,2,38966 153665,baseline,incomplete_all_existing_solved
ac19_27209,YYXXYx,YYXyXXXYxYxyx,1,38971,s20_mk2_mK2,incomplete_all_existing_solved
ac19_27214,YXYXXXX,YYxYXXXyXXyx,1,38979,s20_f4,incomplete_all_existing_solved
ac19_27247,YXYXXYx,YYYXXYXXYx,4,39040 65191 93187 145030,"s20_mk2_mK2,s20_f4",incomplete_all_existing_solved
ac19_27277,YYXXyx,YYYXXyyXXXYxx,1,39104,s20_mk2,incomplete_all_existing_solved
ac19_27294,YXXyx,YYXyxYYXyxyx,6,39139 92494 98214 99805 126686 156330,baseline,incomplete_all_existing_solved
ac19_27304,YYXXXYxx,YYYYXXXYYYx,1,39165,s20_mk2,incomplete_all_existing_solved
ac19_27314,YYXXyx,YYXXXXyXyxYYx,1,39188,s20_mk2,incomplete_all_existing_solved
ac19_27340,YYXXYx,YYYYXYXXYxxYX,1,39242,s20_f4,incomplete_all_existing_solved
ac19_27355,YXXyx,YYXXXyxxxYxyxx,1,39271,s20_f4,incomplete_all_existing_solved
ac19_27360,YXX,YYYXyxxyXyyx,2,39276 134653,baseline,incomplete_all_existing_solved
ac19_27370,YXXyx,YYXXyxxYXyxxx,3,39307 45281 116591,"s20_mk2_mK2,s20_f4",incomplete_all_existing_solved
ac19_27380,YXXYx,YYXXyxYYxyXyx,2,39323 82569,s20_mk2_mK2,incomplete_all_existing_solved
ac19_27400,YXXYx,YYYXXyyyxxxYX,2,39356 84749,s20_f4,incomplete_all_existing_solved
ac19_27405,YYXXX,YYYYYXXyxxyyyX,1,39364,baseline,incomplete_all_existing_solved
ac19_27410,YYXXXXyx,YYXXYXXXXyX,2,39377 146154,baseline,incomplete_all_existing_solved
ac19_27415,YXXyx,YYYXXyxyXyXyXX,1,39385,"s20_mk2,s20_mk2_mK2,s20_f4",incomplete_all_existing_solved
ac19_27424,YXXyx,YYXyxxxyXXyxxx,1,39405,baseline,incomplete_all_existing_solved
ac19_27426,YXXyx,YYYXyxxyyxxxyX,1,39407,"s20_mk2,s20_f4",incomplete_all_existing_solved
ac19_27435,YXXyx,YYXyxxxYxyXXX,3,39422 85496 94416,"s20_mk2,s20_f4",incomplete_all_existing_solved
ac19_27479,YXXyx,YYXXXyyXXXYxx,2,39500 90010,s20_mk2_mK2,incomplete_all_existing_solved
ac19_27482,YXXyXYx,YYxYXXXyXXYX,2,39505 113962,"baseline,s20_mk2,s20_mk2_mK2",incomplete_all_existing_solved
ac19_27490,YXXXyxYxx,YYYxxYXXYX,1,39523,baseline,incomplete_all_existing_solved
ac19_27495,YXXYx,YYYXXXyxxYYXYX,1,39532,"s20_mk2_mK2,s20_f4",incomplete_all_existing_solved
ac19_27501,YXXXXYx,YYXYXyyXyxYx,1,39538,s20_mk2_mK2,incomplete_all_existing_solved
ac19_27510,YXXyx,YYXyyxYXYxyx,5,39555 59738 64644 75389 121194,baseline,incomplete_all_existing_solved
ac19_27511,YXXyx,YYXYXyXXXyx,8,39556 43967 47879 55104 55110 60952 87542 96792,"s20_mk2_mK2,s20_f4",incomplete_all_existing_solved
ac19_27524,YYXXXYxx,YYYYXXXyyxx,1,39573,baseline,incomplete_all_existing_solved
ac19_2756,YYXXyx,YYXXXXXyyxYYx,1,3424,"s20_mk2,s20_mk2_mK2",incomplete_all_existing_solved
ac19_27585,YYXXX,YYXYYXyXXyXXYx,1,39672,baseline,incomplete_all_existing_solved
ac19_27589,YXXYxxyx,YYXyxYxyxYx,1,39678,s20_mk2_mK2,incomplete_all_existing_solved
ac19_27595,YXYXyx,YYXYxyXXXXyxYxx,1,39689,baseline,incomplete_all_existing_solved
ac19_276,YYXXyx,YYxyXXyxx,12,804 1792 5136 49897 63496 68363 87272 88478 119686 128415 151971 156387,"s20_mk2,s20_mk2_mK2,s20_f4",incomplete_all_existing_solved
ac19_27602,YXYXyx,YYYYxxYXyyXyX,4,39700 86559 126289 131028,baseline,incomplete_all_existing_solved
ac19_27614,YYXXXyX,YYxyxyXyXYX,3,39723 41613 81528,s20_f4,incomplete_all_existing_solved
ac19_27619,YXX,YYYXXyxYXyX,2,39730 46108,"s20_mk2,s20_mk2_mK2,s20_f4",incomplete_all_existing_solved
ac19_27671,YXYXX,YYYXXXyXXYYxyX,1,39818,baseline,incomplete_all_existing_solved
ac19_2770,YXXYx,YYYXXXYxYxxyyX,1,3440,"s20_mk2,s20_mk2_mK2",incomplete_all_existing_solved
ac19_27720,YXXYx,YYXYXYYxyXyx,5,39905 50123 68130 93717 149748,s20_mk2,incomplete_all_existing_solved
ac19_27729,YXXyx,YYXYYXXyXXyXyX,1,39919,s20_f4,incomplete_all_existing_solved
ac19_27742,YYXXXXX,YYXyXyXXYxx,2,39937 85401,"baseline,s20_mk2",incomplete_all_existing_solved
ac19_27765,YYXXYx,YYYxYYXXYxyXX,1,39989,baseline,incomplete_all_existing_solved
ac19_27786,YYXXXyx,YXYxYXXXXyx,3,40033 92775 113392,"s20_mk2,s20_mk2_mK2,s20_f4",incomplete_all_existing_solved
ac19_27796,YXYXYx,YYxxxyXXYXXyx,2,40051 94705,baseline,incomplete_all_existing_solved
ac19_27801,YXXyXYx,YYxxyXYXXXyX,2,40056 91124,s20_f4,incomplete_all_existing_solved
ac19_27806,YXX,YYXyyXYXyyXYYx,2,40063 113723,s20_mk2,incomplete_all_existing_solved
ac19_27812,YXXXYxx,YYYYXXyyxyx,1,40075,s20_mk2,incomplete_all_existing_solved
ac19_27814,YYXXX,YYYXXXXYxYXyyX,1,40077,s20_mk2_mK2,incomplete_all_existing_solved
ac19_27824,YYXXyx,YYXXXXyxyxx,2,40097 91989,s20_f4,incomplete_all_existing_solved
ac19_27827,YXXyXYx,YYXXyyXyxxxx,2,40101 144346,s20_mk2_mK2,incomplete_all_existing_solved
ac19_27829,YXXX,YYYXyyxyyXXYx,1,40103,s20_f4,incomplete_all_existing_solved
ac19_27839,YXXyx,YYXXyXYXYXyyx,3,40123 98908 118102,"baseline,s20_mk2,s20_mk2_mK2,s20_f4",never_10k
ac19_2784,YXYXYx,YYXyXYYXXYxYx,3,3454 20534 129935,"s20_mk2,s20_mk2_mK2,s20_f4",incomplete_all_existing_solved
ac19_27840,YXXYx,YYXYXyXXYxYxyx,1,40125,s20_mk2_mK2,incomplete_all_existing_solved
ac19_27847,YYXXyx,YYXyXXYXyxYxx,1,40135,s20_mk2,incomplete_all_existing_solved
ac19_27849,YYXXX,YYXXyXXYXyxxxx,1,40138,s20_mk2,incomplete_all_existing_solved
ac19_2787,YYXXX,YYxYXXXXXXyXYx,3,3457 54317 122309,"s20_mk2_mK2,s20_f4",incomplete_all_existing_solved
ac19_27889,YXXYxxyX,YYXXYYxxyXX,3,40213 53720 87786,"baseline,s20_mk2,s20_mk2_mK2,s20_f4",never_10k
ac19_2789,YXXyx,YYXyyXYxxYxyx,3,3459 68962 129474,s20_mk2,incomplete_all_existing_solved
ac19_27931,YXXYxxyx,YYxxxxyXXYx,7,40295 42182 59617 84537 109018 126393 154467,baseline,incomplete_all_existing_solved
ac19_2794,YYXXXYx,YYXYYxyyX,6,3464 45494 70879 120757 146168 154947,"s20_mk2,s20_f4",incomplete_all_existing_solved
ac19_27941,YXXYx,YYXYxxYYXyyX,2,40308 112122,s20_mk2_mK2,incomplete_all_existing_solved
ac19_27952,YXYXYx,YYXXXyyXYxxxx,1,40328,s20_mk2_mK2,incomplete_all_existing_solved
ac19_27956,YYXYxxYXyx,YYxxYXYxxYX,1,40334,s20_mk2,incomplete_all_existing_solved
ac19_27976,YYXXYx,YYYxYXYYXXXYx,1,40373,baseline,incomplete_all_existing_solved
ac19_27981,YYXXX,YYYYXXYxyXXyX,1,40382,s20_mk2_mK2,incomplete_all_existing_solved
ac19_27982,YXXyxYx,YYXYYXXyxx,3,40383 40505 65051,"s20_mk2,s20_mk2_mK2",incomplete_all_existing_solved
ac19_2799,YXXyx,YYXXXyXXXXX,13,3470 3624 28607 28919 37310 39395 47358 60379 80881 83905 91062 95257 113902,s20_mk2_mK2,incomplete_all_existing_solved
ac19_27995,YYXXXXyxx,YYYXyXXyxx,1,40403,"s20_mk2_mK2,s20_f4",incomplete_all_existing_solved
ac19_27996,YXXYx,YYxYXXYXXXYxx,3,40404 62069 87269,baseline,incomplete_all_existing_solved
ac19_28015,YXXyx,YYXYXyyxYxyxx,3,40434 112646 126185,s20_mk2_mK2,incomplete_all_existing_solved
ac19_2804,YYXXYx,YXXYXXYxxYx,4,3477 64502 110231 139104,"baseline,s20_f4",incomplete_all_existing_solved
ac19_28059,YXXYxxyx,YYYxxyxYX,4,40513 97464 132571 138178,s20_mk2_mK2,incomplete_all_existing_solved
ac19_28060,YXXyx,YYYXyxYxxyxxyx,1,40516,baseline,incomplete_all_existing_solved
ac19_28099,YYXXXyxyx,YYYXXXyyXX,1,40597,s20_f4,incomplete_all_existing_solved
ac19_281,YXXyx,YYXYxYxxyyxyx,3,809 8784 64574,"baseline,s20_mk2,s20_mk2_mK2,s20_f4",never_10k
ac19_2812,YYXXXyx,YYYXXXyxYXXX,1,3486,"s20_mk2_mK2,s20_f4",incomplete_all_existing_solved
ac19_28159,YXXyx,YYXyxYYxyXXyX,3,40687 83986 132134,"s20_mk2_mK2,s20_f4",incomplete_all_existing_solved
ac19_28164,YXXYx,YYXYYXXyxYxYX,3,40692 85737 98302,s20_mk2,incomplete_all_existing_solved
ac19_2817,YXXYx,YYxxyXyXYXyxyx,1,3491,s20_mk2_mK2,incomplete_all_existing_solved
ac19_28179,YXXyx,YYXyXyXYYXyxxx,1,40722,baseline,incomplete_all_existing_solved
ac19_28192,YXXyx,YYYXyyxxxyXyx,1,40748,s20_f4,incomplete_all_existing_solved
ac19_28195,YYXXYXX,YYYYYXyXyyX,2,40755 127417,s20_f4,incomplete_all_existing_solved
ac19_2820,YXXyx,YYYXyyXXyxYxxx,1,3494,"baseline,s20_mk2",incomplete_all_existing_solved
ac19_28202,YXYXYx,YYXXXYxYxyXyx,1,40769,s20_f4,incomplete_all_existing_solved
ac19_28209,YXXyXYx,YYXYYXXXyX,3,40778 58555 61843,"s20_mk2,s20_mk2_mK2",incomplete_all_existing_solved
ac19_2821,YYXXYXX,YYYXXyyyXYxx,1,3495,"s20_mk2,s20_mk2_mK2",incomplete_all_existing_solved
ac19_28211,YXXyx,YYXyxYxYXyyXXX,1,40782,s20_mk2_mK2,incomplete_all_existing_solved
ac19_28230,YXX,YYYxyXyxxyyx,2,40812 82727,s20_f4,incomplete_all_existing_solved
ac19_28231,YXYXyx,YYXyyXyxxYxYX,2,40813 66422,s20_f4,incomplete_all_existing_solved
ac19_28241,YXYXYx,YXyXXYxxyXYxx,3,40833 81749 81937,"baseline,s20_mk2,s20_f4",incomplete_all_existing_solved
ac19_28246,YXX,YYXYYXyyXXyx,2,40842 123031,baseline,incomplete_all_existing_solved
ac19_2826,YYXXYx,YYYxYYXXXyyyx,1,3500,baseline,incomplete_all_existing_solved
ac19_28276,YYXXX,YYXYXYYXXXyXyx,1,40883,"s20_mk2_mK2,s20_f4",incomplete_all_existing_solved
ac19_28282,YXXyx,YYYXXYXyxyXXyX,1,40892,s20_f4,incomplete_all_existing_solved
ac19_28286,YXXYx,YYYXyXYXXYxxyx,1,40901,"baseline,s20_mk2_mK2",incomplete_all_existing_solved
ac19_28301,YXXyx,YYXXXXXyxxYXyx,1,40926,s20_mk2_mK2,incomplete_all_existing_solved
ac19_28311,YXYXYx,YYYXXYXXyyxxx,1,40944,"baseline,s20_mk2",incomplete_all_existing_solved
ac19_28315,YXXyx,YYYXyXyxYxyxx,3,40951 67837 74030,baseline,incomplete_all_existing_solved
ac19_28316,YXXyx,YYXYYXyyxxyXXX,1,40952,s20_f4,incomplete_all_existing_solved
ac19_28326,YXXX,YYYYXyyxyyX,4,40973 77128 116120 117721,"s20_mk2,s20_mk2_mK2",incomplete_all_existing_solved
ac19_28334,YXXyx,YYYYXyyXyxyXYx,3,40982 84218 114168,s20_f4,incomplete_all_existing_solved
ac19_28339,YXXyx,YYXYxYXXyxyXyX,1,40990,baseline,incomplete_all_existing_solved
ac19_28346,YYXXXYXX,YYXYYXXXyyx,1,41004,s20_mk2,incomplete_all_existing_solved
ac19_28362,YXXyx,YYYXYYxyyXyyxxxx,1,41039,s20_mk2,incomplete_all_existing_solved
ac19_28365,YYXXXyX,YYYxxxyXyyX,1,41042,baseline,incomplete_all_existing_solved
ac19_2846,YXXYx,YYXYxYXXYXyyx,3,3524 35427 66428,"baseline,s20_mk2",incomplete_all_existing_solved
ac19_28492,YXXyx,YYXYYXyyxyyXyx,3,41275 61658 116685,baseline,incomplete_all_existing_solved
ac19_28497,YXXyxYx,YYxxyxYXX,6,41281 58241 81104 90016 103084 138639,s20_mk2_mK2,incomplete_all_existing_solved
ac19_285,YYXXX,YYxxYXXXyXyx,4,813 112540 154155 155943,s20_f4,incomplete_all_existing_solved
ac19_28506,YXXYx,YYYXXXyyxxxYYX,1,41301,"s20_mk2_mK2,s20_f4",incomplete_all_existing_solved
ac19_28545,YYXXyx,YXYxxyXYxyXyx,1,41378,s20_mk2,incomplete_all_existing_solved
ac19_2856,YXXXyxx,YYXyXYxxxxyx,3,3536 61996 145340,"baseline,s20_mk2_mK2",incomplete_all_existing_solved
ac19_28571,YYXXX,YYXyxyXXXYx,5,41430 48144 88984 127305 131624,s20_mk2,incomplete_all_existing_solved
ac19_286,YXXyx,YYYYXyyyxyXyXX,1,814,s20_mk2_mK2,incomplete_all_existing_solved
ac19_2860,YXXyx,YYYYYXyyxyyXyxYx,1,3540,s20_mk2_mK2,incomplete_all_existing_solved
ac19_28604,YXXyx,YYYXyyxxyyxxxx,1,41503,baseline,incomplete_all_existing_solved
ac19_28627,YXX,YYYXYYxYXyyXyyX,1,41540,baseline,incomplete_all_existing_solved
ac19_28637,YXXYx,YYYYXXXyXYxxyx,1,41558,s20_mk2_mK2,incomplete_all_existing_solved
ac19_2864,YYXXYx,YXyXYxyXyxxyx,1,3544,s20_mk2,incomplete_all_existing_solved
ac19_28642,YXYXX,YYYYYXXXyxyXX,1,41568,baseline,incomplete_all_existing_solved
ac19_2865,YXYXYx,YYYXXXXyxyxYx,1,3545,"baseline,s20_mk2",incomplete_all_existing_solved
ac19_28652,YXXyx,YYYYXyyXXyxx,2,41585 114241,"s20_mk2,s20_f4",incomplete_all_existing_solved
ac19_28657,YXYXYx,YYXXyXyyxxYYx,1,41598,s20_mk2_mK2,incomplete_all_existing_solved
ac19_28661,YXYXyx,YYXXXXyxxYx,4,41604 65348 81031 89923,s20_mk2,incomplete_all_existing_solved
ac19_28665,YXX,YYXyXYXXyyXYxYx,1,41612,"s20_mk2_mK2,s20_f4",incomplete_all_existing_solved
ac19_28670,YXXyx,YYYXyxYxyyXyyx,2,41625 132006,baseline,incomplete_all_existing_solved
ac19_28709,YYYXXXX,YYYXYXXYXyX,3,41693 116478 120365,s20_mk2_mK2,incomplete_all_existing_solved
ac19_2875,YYXXyxx,YYxYXYx,24,3557 9101 27895 28275 32977 39539 40500 56641 60452 65250 65391 73744 76139 83832 90926 91262 91945 106880 118187 137867 146439 149904 151480 151831,baseline,incomplete_all_existing_solved
ac19_28766,YYXXX,YYYXYXyyXXXYx,2,41791 67442,s20_f4,incomplete_all_existing_solved
ac19_28774,YYXXXXYX,YYXXyXYYxyX,1,41805,s20_f4,incomplete_all_existing_solved
ac19_28776,YYXXyx,YYXXyyxxYXX,2,41808 76233,baseline,incomplete_all_existing_solved
ac19_28790,YXXX,YYYXyyxyxyyXYYx,1,41836,s20_f4,incomplete_all_existing_solved
ac19_28832,YXyxYXXyx,YYXXyxYXXyyXYX,1,41907,s20_mk2_mK2,incomplete_all_existing_solved
ac19_28841,YYXYYXXXX,YYXXXyyxYx,1,41920,s20_mk2,incomplete_all_existing_solved
ac19_28847,YYXXX,YYYYYXXyyyXyx,2,41933 101154,s20_f4,incomplete_all_existing_solved
ac19_28852,YXXXyxx,YYYXXyXXXyxx,1,41940,baseline,incomplete_all_existing_solved
ac19_28854,YXXXYxx,YYYYYXXyyx,1,41945,s20_mk2_mK2,incomplete_all_existing_solved
ac19_28855,YXXyx,YYYXXyxxxxyxxx,1,41946,s20_mk2,incomplete_all_existing_solved
ac19_28862,YXXYxxyX,YYYYXXXXyxxyX,1,41957,s20_mk2,incomplete_all_existing_solved
ac19_28864,YXXyx,YYXXyxyXYXyXyX,1,41960,s20_mk2_mK2,incomplete_all_existing_solved
ac19_28872,YXXyxYx,YYxYXXYxYX,4,41978 65910 116643 141799,"s20_mk2,s20_mk2_mK2,s20_f4",incomplete_all_existing_solved
ac19_28909,YYXXYx,YXXXYxYxxxyXX,1,42048,s20_mk2,incomplete_all_existing_solved
ac19_28916,YXXYx,YYXXXYXXyxxYxx,1,42056,s20_mk2,incomplete_all_existing_solved
ac19_28960,YXXyx,YYXyXyXXYxyyxx,1,42132,s20_mk2,incomplete_all_existing_solved
ac19_28969,YYXXX,YYXyxxYXyyxxyX,1,42151,s20_mk2,incomplete_all_existing_solved
ac19_2897,YXXyx,YYYXXyyXXyxyXX,1,3584,s20_mk2_mK2,incomplete_all_existing_solved
ac19_28974,YXXYx,YYXXYXYYxxYXyX,1,42156,s20_mk2,incomplete_all_existing_solved
ac19_28984,YXXYx,YYXXXXYYxxYX,3,42177 71979 111078,baseline,incomplete_all_existing_solved
ac19_28989,YXXYx,YYXXYxYxyXyxYX,1,42185,"baseline,s20_mk2,s20_mk2_mK2",incomplete_all_existing_solved
ac19_29,YXXyx,YYYXyXyx,29,92 139 1651 5923 19565 25822 28353 42161 44285 51557 58494 60896 63140 65263 68598 72195 72797 75806 82647 89373 104037 113139 126444 128902 129301 139117 151485 152297 155927,s20_mk2,incomplete_all_existing_solved
ac19_29021,YYXXyx,YYXyxYYXXXXyx,1,42249,"baseline,s20_mk2,s20_mk2_mK2,s20_f4",never_10k
ac19_29036,YYXXYYx,YYXyyXyxx,8,42279 47317 93761 98274 107334 124396 128519 132520,baseline,incomplete_all_existing_solved
ac19_29041,YYXXX,YYXYYXXyXXyxYX,1,42288,"baseline,s20_f4",incomplete_all_existing_solved
ac19_29045,YXX,YYYYYxxyXyyXyyx,1,42299,"s20_mk2,s20_mk2_mK2",incomplete_all_existing_solved
ac19_29051,YXXyx,YYYXXyXXyXX,6,42311 47379 69985 97587 122540 125761,s20_mk2,incomplete_all_existing_solved
ac19_29056,YXXyx,YYYXyxyxxYxyX,3,42326 152281 152719,s20_f4,incomplete_all_existing_solved
ac19_2906,YXYXYx,YYXyyXXyxxx,3,3593 67559 122273,s20_mk2,incomplete_all_existing_solved
ac19_29087,YYXXYx,YYXyXXYYxyx,3,42382 70114 133197,baseline,incomplete_all_existing_solved
ac19_29124,YXXyx,YYXXXXyXXXyyX,2,42454 85579,s20_mk2,incomplete_all_existing_solved
ac19_29129,YXXyx,YYYXyxyXyXyXYYX,2,42462 114437,s20_f4,incomplete_all_existing_solved
ac19_29134,YXXyx,YYYYXyyyxyyX,9,42469 77872 81207 82205 83365 91322 115370 131429 132289,s20_f4,incomplete_all_existing_solved
ac19_29139,YXXyXyx,YYxxYXXyxxyx,2,42477 115492,"s20_mk2,s20_mk2_mK2,s20_f4",incomplete_all_existing_solved
ac19_29144,YYXXXXX,YYXXXXXyxxx,3,42484 79853 140527,baseline,incomplete_all_existing_solved
ac19_29167,YXXYx,YYXyXXYYxxxyyX,1,42521,"baseline,s20_mk2,s20_f4",incomplete_all_existing_solved
ac19_29170,YXXXYxx,YYxxYXXYXXyx,1,42526,s20_mk2,incomplete_all_existing_solved
ac19_29175,YYXXX,YYYXYxyyXXXyxx,1,42539,s20_mk2_mK2,incomplete_all_existing_solved
ac19_29185,YXXYx,YYYXyxYxYXXXyx,1,42553,s20_mk2,incomplete_all_existing_solved
ac19_29202,YXXyx,YYYYYXXyXyyXyX,2,42579 150655,"s20_mk2_mK2,s20_f4",incomplete_all_existing_solved
ac19_29205,YXXYx,YYXYXXYxYxyyX,3,42589 79494 97695,s20_mk2,incomplete_all_existing_solved
ac19_29211,YYXXXXX,YYYXXYXXXXyX,1,42602,s20_f4,incomplete_all_existing_solved
ac19_2924,YXXYXXyX,YYXyyXXYX,7,3618 27195 86855 124979 132546 133800 141589,baseline,incomplete_all_existing_solved
ac19_29307,YXYXYXX,YYXXyXyyxYYx,1,42776,s20_f4,incomplete_all_existing_solved
ac19_29309,YXXYx,YYYXYYXyyxyXYx,2,42778 148810,s20_mk2,incomplete_all_existing_solved
ac19_29312,YXXyXYx,YYXXYYXXyX,3,42786 55053 112132,baseline,incomplete_all_existing_solved
ac19_29331,YXXyx,YYXXYXyyXyxYx,3,42815 91001 96668,"s20_mk2_mK2,s20_f4",incomplete_all_existing_solved
ac19_29346,YYXXyx,YYXXXXYxxyX,3,42849 81655 106760,"s20_mk2_mK2,s20_f4",incomplete_all_existing_solved
ac19_29361,YXXyx,YYXYYXXXXyxyyx,1,42888,s20_mk2,incomplete_all_existing_solved
ac19_29376,YXXyx,YYXyXXYxyxyXyX,1,42921,s20_mk2,incomplete_all_existing_solved
ac19_29380,YXyxYXXyx,YYXXyyXXyXYxyX,1,42928,s20_mk2_mK2,incomplete_all_existing_solved
ac19_29381,YYXXXXX,YYYYXyXyXyx,1,42930,s20_mk2_mK2,incomplete_all_existing_solved
ac19_29396,YXXyx,YYYXXXyyxyxxyX,1,42955,"baseline,s20_mk2",incomplete_all_existing_solved
ac19_2940,YXXX,YYXyyXyxYxxyx,1,3641,baseline,incomplete_all_existing_solved
ac19_2941,YXXyx,YYXyxYYxyXXyx,3,3642 11315 54569,"baseline,s20_mk2,s20_mk2_mK2,s20_f4",never_10k
ac19_29419,YYXXyx,YYXXYXyXyxxyx,1,42993,s20_mk2_mK2,incomplete_all_existing_solved
ac19_29424,YXXyXyx,YYXXyXXyxxyX,2,43003 116547,s20_mk2,incomplete_all_existing_solved
ac19_29429,YYXXX,YYXXYxxxyXyX,3,43014 61178 91076,"baseline,s20_mk2,s20_mk2_mK2,s20_f4",never_10k
ac19_2944,YXXYx,YYYXYYxyXyX,11,3646 10802 20255 47559 47582 47613 77884 85147 96178 114554 122911,s20_mk2,incomplete_all_existing_solved
ac19_29440,YYXXYx,YYXyxyxYXXXYx,1,43032,s20_f4,incomplete_all_existing_solved
ac19_29445,YXXyx,YYYXyyyXXyxYYx,3,43043 79804 136432,"baseline,s20_mk2",incomplete_all_existing_solved
ac19_29459,YXXyx,YYXYxyyxYXyxx,3,43059 50110 122793,s20_f4,incomplete_all_existing_solved
ac19_2946,YXXyx,YYXYYXyXyXyX,6,3648 65877 75361 140584 141237 149743,baseline,incomplete_all_existing_solved
ac19_29464,YXYxyx,YYXXYxyxYxYxx,1,43066,baseline,incomplete_all_existing_solved
ac19_2954,YXXYx,YYYXXyxYX,20,3656 6701 12404 25941 32452 51289 54986 59067 70368 73994 79520 103945 123716 126533 128201 128911 132848 133159 140185 141019,baseline,incomplete_all_existing_solved
ac19_2955,YYXXX,YYYXYXXyX,15,3657 15863 23265 35039 53098 54619 54962 56382 74185 88958 95867 101058 125514 134122 143994,baseline,incomplete_all_existing_solved
ac19_29565,YXXyx,YYXYXyxxyyXyX,3,43249 116839 149045,s20_mk2,incomplete_all_existing_solved
ac19_29571,YYXXyxYXyx,YYXYXXYXXyx,1,43255,s20_f4,incomplete_all_existing_solved
ac19_29574,YXXyx,YYXyXyXYxyyxxx,1,43258,s20_f4,incomplete_all_existing_solved
ac19_29600,X,YYXyyXYXyyX,1,43298,s20_f4,incomplete_all_existing_solved
ac19_2961,YXXyx,YYYXyXYXXyXyX,3,3663 77346 114193,"s20_mk2,s20_mk2_mK2",incomplete_all_existing_solved
ac19_29652,YXXyxYXXyxx,YYXyXYxxyXXX,1,43388,baseline,incomplete_all_existing_solved
ac19_2966,YXXYxxyX,YYYYXXYXX,7,3668 27043 43326 60502 61639 109717 143174,baseline,incomplete_all_existing_solved
ac19_29684,YXX,YYXYxYxyXXyXyyx,1,43442,s20_mk2_mK2,incomplete_all_existing_solved
ac19_29690,YYXXYx,YYYXyyXyxyyxx,1,43451,s20_mk2_mK2,incomplete_all_existing_solved
ac19_2970,YYXXYYx,YYXXyyxYx,4,3675 109982 112262 127754,s20_f4,incomplete_all_existing_solved
ac19_29717,YXXyx,YYXXYxyXXXXyx,3,43499 53615 148963,baseline,incomplete_all_existing_solved
ac19_29721,YYXXyx,YYYXyyxYYXXXX,1,43503,s20_mk2_mK2,incomplete_all_existing_solved
ac19_29722,YYXXX,YYYXXyxxxyXyyx,1,43505,"s20_mk2,s20_mk2_mK2,s20_f4",incomplete_all_existing_solved
ac19_29727,YYXXYx,YYXXYXYXYxYYx,1,43512,baseline,incomplete_all_existing_solved
ac19_29737,YXYXyx,YYXXyyxYxxYXX,1,43530,s20_mk2,incomplete_all_existing_solved
ac19_2975,YYXXXyxYx,YYYXXyXYxx,1,3681,baseline,incomplete_all_existing_solved
ac19_29779,YXX,YYYxyXyXyxyx,3,43615 48530 106986,s20_mk2,incomplete_all_existing_solved
ac19_29784,YXXyx,YYXyxYxxyyxxYX,1,43623,s20_f4,incomplete_all_existing_solved
ac19_29791,YXYXyx,YYXYxyyXXyyxxYx,2,43636 53389,s20_mk2,incomplete_all_existing_solved
ac19_29797,YYXXYx,YYYXYYYxYXX,2,43646 146310,s20_mk2_mK2,incomplete_all_existing_solved
ac19_29825,YXX,YYxyXYXyXyxYXyx,1,43698,s20_mk2,incomplete_all_existing_solved
ac19_29827,YYXXYx,YYxYXyxxYXYXX,1,43701,s20_f4,incomplete_all_existing_solved
ac19_29834,YXXyx,YYYXyXXyXYxyx,3,43714 72685 77394,baseline,incomplete_all_existing_solved
ac19_2984,YXXYx,YYXyyXYxyyx,5,3691 50315 112619 125805 155059,s20_mk2_mK2,incomplete_all_existing_solved
ac19_29841,YYYXXXX,YYYYXyXXyyxx,1,43730,baseline,incomplete_all_existing_solved
ac19_29854,YXYXyx,YYYYXYXyXXyxx,1,43753,s20_f4,incomplete_all_existing_solved
ac19_29859,YXXyx,YYXyxYXyXYxxyx,1,43762,baseline,incomplete_all_existing_solved
ac19_29900,YXXyx,YYXYXyxyyXXYxx,1,43832,s20_f4,incomplete_all_existing_solved
ac19_29919,YXYXYx,YYXXXYYxxYXyx,1,43871,baseline,incomplete_all_existing_solved
ac19_29921,YXXXXyXyXX,YXYxxxxxyxx,2,43874 147582,s20_mk2_mK2,incomplete_all_existing_solved
ac19_29940,YXYXyxYXyx,YYXXyXYxxyX,1,43902,s20_mk2_mK2,incomplete_all_existing_solved
ac19_29941,YXYXyx,YYXyXXyXYxxYX,1,43903,s20_mk2,incomplete_all_existing_solved
ac19_29944,YXXyx,YYXYxyXyxxyXyx,1,43907,s20_f4,incomplete_all_existing_solved
ac19_29954,YXXX,YYYYXYxyyyyxxyX,2,43924 97741,s20_mk2_mK2,incomplete_all_existing_solved
ac19_29959,YYXXX,YYYXXXXXYYXX,2,43932 112881,baseline,incomplete_all_existing_solved
ac19_29964,YXYXX,YYYYXyxxyXXXyx,1,43937,s20_mk2_mK2,incomplete_all_existing_solved
ac19_2999,YXXX,YYYxxxyXyyXyx,4,3708 13489 14555 96368,s20_f4,incomplete_all_existing_solved
ac19_30,YXXyx,YYXXXXyx,24,99 147 6145 19592 22174 27673 28940 29208 29264 29307 32333 52010 56146 64620 68083 79417 85474 95748 125081 139959 142076 145994 150697 154777,"baseline,s20_mk2,s20_mk2_mK2",incomplete_all_existing_solved
ac19_30037,YXXyx,YYYXXYxyXyxyX,3,44072 113215 149725,baseline,incomplete_all_existing_solved
ac19_3004,YXXyx,YYYXyXXyyxxxyX,1,3713,"baseline,s20_mk2",incomplete_all_existing_solved
ac19_30045,YYXXXYxYX,YXXyXyxxxx,1,44086,"s20_mk2,s20_f4",incomplete_all_existing_solved
ac19_30046,YXXyxYx,YYYXYXXyxyx,3,44087 97271 138598,"baseline,s20_mk2",incomplete_all_existing_solved
ac19_30056,YYXXX,YYYXXXXyyXYYx,2,44100 143544,baseline,incomplete_all_existing_solved
ac19_3006,YXyXXyx,YYXXXyyxyX,3,3715 79867 145909,s20_f4,incomplete_all_existing_solved
ac19_30067,YXXyXyx,YYYXXyxyxyX,3,44126 84969 148387,s20_f4,incomplete_all_existing_solved
ac19_30072,YXXXyxYx,YXXYxxxyXXX,4,44134 51345 71170 88375,baseline,incomplete_all_existing_solved
ac19_30092,YXXyx,YYXYYxyyXXyX,5,44169 103849 128372 147025 154061,s20_f4,incomplete_all_existing_solved
ac19_30116,YXXX,YYYxyXYXyyxyx,2,44227 80609,baseline,incomplete_all_existing_solved
ac19_30126,YXXX,YYXyXYYXXyX,6,44244 69848 101231 114643 141062 143771,"s20_mk2,s20_mk2_mK2",incomplete_all_existing_solved
ac19_30127,YXXyx,YYYXyXyxyxYxx,4,44245 45066 58436 59244,baseline,incomplete_all_existing_solved
ac19_30132,YYXXyx,YYXXyxYXYXyxx,1,44254,baseline,incomplete_all_existing_solved
ac19_30137,YXXyx,YYYYXyyXyyXYxx,3,44261 70715 71963,s20_mk2_mK2,incomplete_all_existing_solved
ac19_3014,YXXYx,YYYYXyyXyxx,6,3723 18359 64961 94154 108336 153934,"baseline,s20_mk2,s20_mk2_mK2",incomplete_all_existing_solved
ac19_3015,YYXXyx,YYXYXyXYxxyXX,1,3724,s20_f4,incomplete_all_existing_solved
ac19_3016,YXXyXyx,YYYXYxxyxyx,3,3725 118140 149034,s20_mk2_mK2,incomplete_all_existing_solved
ac19_30170,YXXXyxx,YYYXyxxyxxxx,1,44321,"baseline,s20_f4",incomplete_all_existing_solved
ac19_30175,YXXyx,YYYXyyXXyyxYYx,3,44333 54232 75347,s20_mk2,incomplete_all_existing_solved
ac19_30185,YYYXXXX,YXXyxYxxYXXXX,2,44356 102377,s20_mk2,incomplete_all_existing_solved
ac19_3020,YXX,YYYYxyyXyyx,7,3729 9224 99157 102100 103050 132336 154264,"baseline,s20_mk2,s20_mk2_mK2,s20_f4",never_10k
ac19_30200,YYXXX,YYXYxyXyyXYx,5,44385 136416 147856 150118 154390,s20_mk2_mK2,incomplete_all_existing_solved
ac19_3021,YYXXyx,YYXXYxyXXyx,3,3730 62133 132368,"s20_mk2,s20_mk2_mK2,s20_f4",incomplete_all_existing_solved
ac19_30234,YYXXX,YYYXXyyyxYxyyx,1,44453,s20_mk2_mK2,incomplete_all_existing_solved
ac19_3026,YXYXYx,YYXXYYXXyyxxx,1,3735,baseline,incomplete_all_existing_solved
ac19_30260,YXyxYXXyx,YYXyXyxyxx,1,44491,s20_f4,incomplete_all_existing_solved
ac19_30299,YXXyx,YYXXXyyxYx,8,44568 47686 57781 82642 89164 110508 124426 134980,s20_f4,incomplete_all_existing_solved
ac19_30301,YYXXX,YYxYXXYXyyXyx,1,44571,baseline,incomplete_all_existing_solved
ac19_3031,YXXyx,YYXyyXXYXyXYxx,1,3740,s20_mk2_mK2,incomplete_all_existing_solved
ac19_30385,YXXyx,YYYXyyyXYXyxyX,2,44725 124860,"s20_mk2_mK2,s20_f4",incomplete_all_existing_solved
ac19_30390,YXXYx,YYXYXXXXXYxYxx,1,44736,baseline,incomplete_all_existing_solved
ac19_30414,YYXXyxxyx,YYxyXyxxyx,1,44780,"baseline,s20_mk2",incomplete_all_existing_solved
ac19_30424,YXX,YYxyXXyXyxYYxyx,1,44799,"s20_mk2,s20_mk2_mK2",incomplete_all_existing_solved
ac19_30436,YXXYx,YYXXYYXXXXYxxx,1,44820,baseline,incomplete_all_existing_solved
ac19_30440,YYXXX,YYYYXXXyxYXXyX,1,44827,s20_mk2,incomplete_all_existing_solved
ac19_30445,YXXyXXYx,YYXYXXyXyxx,2,44833 52131,"s20_mk2,s20_f4",incomplete_all_existing_solved
ac19_3046,YYXXX,YYYXXyxxyxyyx,3,3757 23927 68633,"baseline,s20_mk2",incomplete_all_existing_solved
ac19_30460,YXYXX,YYXyXYXXyyxYx,1,44861,"s20_mk2,s20_mk2_mK2",incomplete_all_existing_solved
ac19_30475,YXYXyx,YYXXyyxxxxyyX,1,44892,baseline,incomplete_all_existing_solved
ac19_30481,YYXXXyxx,YYYYxyyXXyX,1,44906,baseline,incomplete_all_existing_solved
ac19_30516,YXX,YYxxyXyxYXXyx,1,44980,baseline,incomplete_all_existing_solved
ac19_30521,YXXXyxxYx,YYXXXYxxxx,2,44986 154739,s20_mk2,incomplete_all_existing_solved
ac19_30566,YYXXXXyX,YYxyXXYXXyX,1,45053,s20_mk2,incomplete_all_existing_solved
ac19_30569,YXyXXyx,YYYxxxyxYYxxx,2,45056 78641,s20_f4,incomplete_all_existing_solved
ac19_30570,YXXyx,YYYXyyXyXYxyXXyX,1,45059,s20_mk2_mK2,incomplete_all_existing_solved
ac19_30574,YXXyXyX,YYYxxyyxyxYx,1,45065,"baseline,s20_mk2",incomplete_all_existing_solved
ac19_30575,YYXXX,YYYXyyX,20,45067 49235 62183 63512 64123 64480 65223 65638 66114 66968 74597 78361 82076 84959 108653 119670 128004 131993 141753 152058,baseline,incomplete_all_existing_solved
ac19_30592,YXyXXyX,YYXXYxxxyyxx,1,45104,s20_mk2_mK2,incomplete_all_existing_solved
ac19_30596,YXYXX,YYxYXXyXyxYXyx,1,45109,baseline,incomplete_all_existing_solved
ac19_30611,YYXXYxxyx,YYYYYxxyyX,1,45144,"s20_mk2,s20_mk2_mK2,s20_f4",incomplete_all_existing_solved
ac19_30631,YXXYx,YYYYXXXYxyxxyX,1,45201,"baseline,s20_mk2,s20_mk2_mK2",incomplete_all_existing_solved
ac19_30671,YYXXXYx,YYYxxyyxyyXX,1,45280,s20_f4,incomplete_all_existing_solved
ac19_30676,YXX,YYYXyXYxYXyyyX,1,45287,"baseline,s20_mk2",incomplete_all_existing_solved
ac19_30720,YXXXYxYx,YYYXXyxxxyX,1,45364,s20_mk2,incomplete_all_existing_solved
ac19_3077,YXXYXXyX,YYXyXYXXyXX,7,3797 76958 77843 78411 150160 151668 152534,s20_f4,incomplete_all_existing_solved
ac19_30782,YXXXyXYx,YYXyxYXyX,5,45470 53490 95362 107196 151030,s20_mk2_mK2,incomplete_all_existing_solved
ac19_3080,YXYXXYx,YYXyXYxYxyX,5,3800 94784 121898 127121 139647,"s20_mk2,s20_f4",incomplete_all_existing_solved
ac19_30801,YXXyXYx,YYXYxyXyxyx,2,45509 114275,baseline,incomplete_all_existing_solved
ac19_3082,YXXyx,YYXyXyXYxyyX,5,3802 113149 135497 137609 150154,"s20_mk2_mK2,s20_f4",incomplete_all_existing_solved
ac19_30844,YXXyx,YYYXYxYXyyxyXyyxyX,4,45586 96234 132071 140143,s20_mk2_mK2,incomplete_all_existing_solved
ac19_30860,YXXyx,YYYXYxyxyyxx,7,45615 47955 57830 92424 131705 132290 154656,baseline,incomplete_all_existing_solved
ac19_3087,YXX,YYYXyyXYxYxyyX,2,3807 94720,baseline,incomplete_all_existing_solved
ac19_30881,YYXXX,YYYYxyXyyxyyx,2,45658 93287,s20_mk2_mK2,incomplete_all_existing_solved
ac19_30920,YYXXX,YYXXyyXYxxxyyx,1,45734,s20_mk2_mK2,incomplete_all_existing_solved
ac19_30990,YXXyx,YYXyXYXXyXyxyX,1,45852,s20_f4,incomplete_all_existing_solved
ac19_30997,YYXXyyXYx,YYxxyXXyx,3,45869 106031 112443,"s20_mk2_mK2,s20_f4",incomplete_all_existing_solved
ac19_310,YXXyx,YYXYxyXXyxx,7,838 1458 3550 74396 87209 136170 147340,"s20_mk2,s20_mk2_mK2,s20_f4",incomplete_all_existing_solved
ac19_31070,YYXXYXYxx,YYYYYYXXyx,1,45991,baseline,incomplete_all_existing_solved
ac19_31074,YXXYXXyxx,YYYXXYXXYXyyXX,1,45998,s20_mk2_mK2,incomplete_all_existing_solved
ac19_31075,YXXYx,YYXXYxxyXyXYYx,1,45999,baseline,incomplete_all_existing_solved
ac19_31079,YYXXyx,YYYXYXXXXyx,2,46006 132185,s20_mk2_mK2,incomplete_all_existing_solved
ac19_31089,YXX,YYxyXYxyXyxYXyx,1,46043,"baseline,s20_mk2",incomplete_all_existing_solved
ac19_31097,YXYXYx,YYYXXXyxYxxYX,1,46061,s20_mk2_mK2,incomplete_all_existing_solved
ac19_31120,YXXXyxx,YYYXyyyXyxx,1,46118,s20_f4,incomplete_all_existing_solved
ac19_31135,YYXXYx,YYYXYYxYXXXYx,1,46150,s20_mk2_mK2,incomplete_all_existing_solved
ac19_31164,YXXyx,YYXyXYXyyxYx,5,46199 76652 82006 121433 132684,"baseline,s20_mk2",incomplete_all_existing_solved
ac19_31165,YXXyx,YYXXyyXXXyxYYx,1,46200,s20_mk2_mK2,incomplete_all_existing_solved
ac19_31172,YYXXXyyxx,YYXXXXXXyX,1,46211,s20_mk2,incomplete_all_existing_solved
ac19_31176,YXXXyXYx,YXYXXyxyXYx,3,46215 85010 134391,s20_f4,incomplete_all_existing_solved
ac19_31180,YXXYx,YYXXYxYXXXyxx,2,46223 65745,"s20_mk2,s20_mk2_mK2,s20_f4",incomplete_all_existing_solved
ac19_31186,YYXXyx,YYXXyxYxYYXXX,1,46232,"s20_mk2,s20_mk2_mK2,s20_f4",incomplete_all_existing_solved
ac19_31296,YXYXX,YYXyXyxYxxyXyx,1,46441,s20_f4,incomplete_all_existing_solved
ac19_31300,YYXXXYx,YYXXyyxxyx,2,46447 100486,baseline,incomplete_all_existing_solved
ac19_31317,YXXYx,YYXyyXyXYXYxxx,1,46485,s20_mk2,incomplete_all_existing_solved
ac19_31425,YXXyx,YYYYXyyxyXyXXyX,1,46684,s20_mk2,incomplete_all_existing_solved
ac19_31477,YYXXXyX,YYYXXyXYXyyx,1,46766,baseline,incomplete_all_existing_solved
ac19_31482,YXXX,YYYYXyxyyyx,6,46777 89076 108499 138768 148027 155897,baseline,incomplete_all_existing_solved
ac19_3149,YXXYxxyx,YYYxxxxyxYX,2,3875 140814,"s20_mk2_mK2,s20_f4",incomplete_all_existing_solved
ac19_3152,YXYXyx,YYXXyXyxxYx,11,3879 16570 28589 29876 44764 63109 94822 98066 117853 145743 148417,s20_mk2,incomplete_all_existing_solved
ac19_3155,YXXyx,YYXyyxYXyxxYxx,1,3882,"s20_mk2,s20_f4",incomplete_all_existing_solved
ac19_31565,YXXyx,YYYYXyyyxyXYxyyX,7,46943 69116 103691 124720 124940 128609 137260,s20_mk2_mK2,incomplete_all_existing_solved
ac19_31569,YXYXX,YYYYYXXXyyyyx,2,46951 53638,s20_mk2,incomplete_all_existing_solved
ac19_31605,YXXyx,YYYYYXyXyyxyx,3,47028 85974 113503,s20_mk2_mK2,incomplete_all_existing_solved
ac19_3161,YYXXyx,YYXYxYXXXyxyx,1,3889,"baseline,s20_mk2_mK2",incomplete_all_existing_solved
ac19_31636,YYXXX,YYXXyxyXXYx,5,47085 72747 79935 81653 108620,"s20_mk2,s20_mk2_mK2",incomplete_all_existing_solved
ac19_3166,YXyXYxx,YYYXYXyXYxx,3,3894 7819 93692,"baseline,s20_mk2",incomplete_all_existing_solved
ac19_31686,YYXXXXyx,YYYXXXyXXyx,1,47178,s20_mk2,incomplete_all_existing_solved
ac19_31692,YXX,YYYXyXyXyxYXXYx,1,47190,s20_mk2_mK2,incomplete_all_existing_solved
ac19_31710,YXXyx,YYXXXYxyXyXX,6,47227 50686 67365 70302 90873 154648,s20_mk2_mK2,incomplete_all_existing_solved
ac19_31711,YXXYXXyX,YYXYxxyXyyx,1,47231,s20_mk2_mK2,incomplete_all_existing_solved
ac19_31715,YXXyx,YYXyxYxyxxyXyx,1,47241,s20_mk2,incomplete_all_existing_solved
ac19_31725,YXX,YYYYYXyXyyyx,4,47254 91566 125464 136104,baseline,incomplete_all_existing_solved
ac19_31736,YXXXyxx,YYXyxyxxYxx,3,47280 92428 151221,s20_mk2,incomplete_all_existing_solved
ac19_31737,YYXXyxx,YYYXXYYXyyxx,1,47281,baseline,incomplete_all_existing_solved
ac19_31765,YYXXXYXX,YYYYXXXyxyX,1,47336,s20_mk2,incomplete_all_existing_solved
ac19_3177,YXXYXXX,YYXXyXXyXYxx,1,3909,"s20_mk2_mK2,s20_f4",incomplete_all_existing_solved
ac19_31771,YYXXXyx,YYXXyXyxxxyx,1,47345,"s20_mk2,s20_f4",incomplete_all_existing_solved
ac19_31809,YXXXX,YYYXyyXyXyxYx,1,47418,s20_mk2,incomplete_all_existing_solved
ac19_3182,YYXXXyyxx,YXXXyXyxx,2,3916 24915,"baseline,s20_mk2,s20_mk2_mK2",incomplete_all_existing_solved
ac19_31825,YYXXXyX,YYXXYxxyXXyX,1,47456,"baseline,s20_mk2",incomplete_all_existing_solved
ac19_3184,YYXXXyxx,YXyxYxxyX,7,3920 11766 14363 29815 31616 52185 124687,"baseline,s20_mk2_mK2",incomplete_all_existing_solved
ac19_31856,YXX,YYXyXXXyxYxyx,1,47516,"baseline,s20_mk2",incomplete_all_existing_solved
ac19_31865,YXXyx,YYXYXyXyyXXYXX,1,47535,s20_f4,incomplete_all_existing_solved
ac19_31884,YYXXYx,YYXXyXYXyxxYx,1,47563,s20_mk2_mK2,incomplete_all_existing_solved
ac19_3189,YXXyx,YYYYXyxxyyX,7,3925 19957 70327 110214 113936 129244 138140,"baseline,s20_mk2,s20_mk2_mK2",incomplete_all_existing_solved
ac19_31904,YXXyx,YYXXyXyxxxyXXX,1,47601,"baseline,s20_mk2",incomplete_all_existing_solved
ac19_31919,YXXyxYx,YYXYxyyXYxx,2,47629 66732,s20_f4,incomplete_all_existing_solved
ac19_31931,YXXyx,YYXYXyyxYxyXX,3,47650 97470 113932,baseline,incomplete_all_existing_solved
ac19_31934,YXYXyx,YYXyXXXYYxxyX,1,47654,s20_mk2_mK2,incomplete_all_existing_solved
ac19_31951,YXYXyx,YYXXyXXXYxYYx,1,47684,s20_mk2_mK2,incomplete_all_existing_solved
ac19_31956,YXXyx,YYYYXXXyyXyxx,1,47694,s20_f4,incomplete_all_existing_solved
ac19_31997,YXXyXYx,YYxYXXyyXX,3,47769 94757 101350,baseline,incomplete_all_existing_solved
ac19_32007,YXXYx,YYXyXyxxYYXyx,2,47787 90824,"s20_mk2_mK2,s20_f4",incomplete_all_existing_solved
ac19_3204,YXYXyx,YYXXXyxYx,10,3940 51514 57130 84777 87915 93884 94921 109374 118701 124200,baseline,incomplete_all_existing_solved
ac19_32062,YXYXX,YYXyXYxxYXXyyx,1,47904,s20_f4,incomplete_all_existing_solved
ac19_32074,YXYxyx,YYXyxYxYXYxxx,1,47934,"baseline,s20_f4",incomplete_all_existing_solved
ac19_3209,YXXyx,YYXYXXyXyyXXYx,1,3945,s20_f4,incomplete_all_existing_solved
ac19_32095,YXYxyx,YYYXyxYxxYx,4,47977 67723 86949 125209,baseline,incomplete_all_existing_solved
ac19_32124,YXyXXyx,YYXYxxyyxYx,2,48026 93560,s20_f4,incomplete_all_existing_solved
ac19_32130,YYXXYXX,YYYXyyyXXYXYx,1,48043,s20_f4,incomplete_all_existing_solved
ac19_3214,YXXYx,YYYYXXXyyXYxx,3,3950 100275 141761,"s20_mk2_mK2,s20_f4",incomplete_all_existing_solved
ac19_32140,YYXXYXX,YYYYXXYXXyX,4,48062 63486 135593 154405,"s20_mk2_mK2,s20_f4",incomplete_all_existing_solved
ac19_32145,YXYXYx,YYYYXXXYYxxyX,1,48072,baseline,incomplete_all_existing_solved
ac19_32149,YXXYx,YYYXXyyyXyxxxx,1,48077,baseline,incomplete_all_existing_solved
ac19_32155,YYXXXYxx,YYxxxyXYXXX,2,48086 89530,baseline,incomplete_all_existing_solved
ac19_32166,YYXXXyxx,YYXXXXXYYxx,1,48107,baseline,incomplete_all_existing_solved
ac19_32170,YXXyx,YYXXXXXXXyyXYx,1,48116,s20_mk2_mK2,incomplete_all_existing_solved
ac19_32186,YXXyx,YYXyXYXXXXyX,6,48155 57473 72647 120283 125710 150004,s20_f4,incomplete_all_existing_solved
ac19_3219,YYXXYXX,YYXyyXXYXYx,4,3955 4202 112171 150429,s20_mk2_mK2,incomplete_all_existing_solved
ac19_32206,YXXyx,YYXXYXXyyxYxyX,1,48190,s20_f4,incomplete_all_existing_solved
ac19_32207,YXXyx,YYYXXyyxxxyxYx,1,48192,s20_mk2,incomplete_all_existing_solved
ac19_32212,YXyXYxx,YYYYYXYxx,5,48202 88063 91430 122718 122915,"s20_mk2_mK2,s20_f4",incomplete_all_existing_solved
ac19_32217,YXXXXX,YYXXXyyxx,3,48213 91797 152028,baseline,incomplete_all_existing_solved
ac19_32239,YYXXX,YYYXXXyyxYXyx,2,48250 88120,s20_f4,incomplete_all_existing_solved
ac19_32245,YXXYXXX,YYYXyXYXyyx,3,48260 105967 120948,s20_f4,incomplete_all_existing_solved
ac19_32252,YXyXYxx,YYYxYXYXXyyx,3,48272 126214 127005,s20_mk2_mK2,incomplete_all_existing_solved
ac19_32256,YYXYYXXyX,YYXXXyXYx,3,48277 111122 134411,baseline,incomplete_all_existing_solved
ac19_32276,YXXXyxx,YYXyxxxYXyXX,1,48329,baseline,incomplete_all_existing_solved
ac19_32281,YXyXXyX,YYXyxxYXyyX,4,48336 60661 84825 110115,baseline,incomplete_all_existing_solved
ac19_32286,YYXXX,YYXXXyyxYxYXyx,1,48345,baseline,incomplete_all_existing_solved
ac19_3230,YYXXyxx,YYXXXYxyx,9,3967 26039 43752 64561 99747 106341 138913 140195 140575,s20_f4,incomplete_all_existing_solved
ac19_32307,YXYXYx,YYXYxxxyXyX,5,48383 54224 71590 78986 124180,"baseline,s20_mk2",incomplete_all_existing_solved
ac19_32390,YXXyx,YYYXyxxyxYXyxx,1,48557,s20_mk2_mK2,incomplete_all_existing_solved
ac19_32395,YXXYx,YYXYXyXyxyxYx,5,48567 80769 80933 83576 100523,"s20_mk2,s20_f4",incomplete_all_existing_solved
ac19_32405,YXXyx,YYXYYxyxxyyx,5,48584 78340 117600 132254 147265,s20_f4,incomplete_all_existing_solved
ac19_3242,YXXyx,YYXYXXXyXyXX,4,3980 64705 87334 132623,s20_mk2_mK2,incomplete_all_existing_solved
ac19_32446,YXYXyx,YYXyyxxYxYXXX,1,48679,"s20_mk2_mK2,s20_f4",incomplete_all_existing_solved
ac19_32454,YXXyXyXX,YYXXyxxxxxx,2,48697 74401,s20_mk2,incomplete_all_existing_solved
ac19_32456,YXXYxxyX,YYXYXXyyx,5,48700 54945 82609 134212 152817,s20_mk2_mK2,incomplete_all_existing_solved
ac19_32461,YXXyx,YYYXyXyxyXyx,5,48706 48825 76383 91835 133411,"s20_mk2_mK2,s20_f4",incomplete_all_existing_solved
ac19_3247,YYXXYx,YXXXYxx,38,3986 8093 8959 9293 10366 17961 23275 24774 28356 29865 33517 33562 42366 45195 46274 52390 59352 60223 63350 72241 77495 91174 104701 105480 106086 122483 126881 130280 131539 132160 137226 141106 141968 143551 145111 149620 152734 154699,baseline,incomplete_all_existing_solved
ac19_32487,YXXYx,YYYXXyXXyxyxYx,1,48746,s20_mk2,incomplete_all_existing_solved
ac19_32491,YXX,YYYXyyxyXyyXYYx,1,48756,s20_f4,incomplete_all_existing_solved
ac19_32496,YYXXYx,YYXyyXYXyxxYx,1,48771,baseline,incomplete_all_existing_solved
ac19_32500,YYXXX,YYXyxYXXXYxyyx,1,48779,s20_mk2_mK2,incomplete_all_existing_solved
ac19_32505,YYXXYx,YYXXXyxYxYxYX,1,48790,"baseline,s20_mk2,s20_f4",incomplete_all_existing_solved
ac19_32564,YXXYxYxx,YYxyXyxxyXX,2,48914 110144,s20_mk2,incomplete_all_existing_solved
ac19_32579,YYXXYx,YYYXyXyxyxxyX,1,48951,baseline,incomplete_all_existing_solved
ac19_32594,YYXXyx,YYXXXXXYXYxYx,1,48978,s20_f4,incomplete_all_existing_solved
ac19_32595,YXXyx,YYXXyXXXYxyxxx,1,48981,s20_mk2_mK2,incomplete_all_existing_solved
ac19_3261,YXXyx,YYXYYxyXyxxyx,3,4004 31937 95312,s20_mk2_mK2,incomplete_all_existing_solved
ac19_32629,YYXXX,YYYXYYYXyXyyX,3,49051 95685 102771,s20_f4,incomplete_all_existing_solved
ac19_32634,YXXyx,YYXXyxYYxyXyXX,1,49063,baseline,incomplete_all_existing_solved
ac19_3266,YXXyXXYx,YYxxyXyxxyx,2,4011 113872,"baseline,s20_mk2,s20_mk2_mK2,s20_f4",never_10k
ac19_32684,YXXYx,YYxYXyyXXXYxyx,1,49175,s20_mk2_mK2,incomplete_all_existing_solved
ac19_32695,YXXyx,YYYXXXyyxyxyX,3,49199 101115 124202,"s20_mk2_mK2,s20_f4",incomplete_all_existing_solved
ac19_3272,YXyXXyX,YYXYxyxxyxxYxxx,1,4020,s20_mk2,incomplete_all_existing_solved
ac19_32759,YXXyx,YYYXYXXyxyyx,5,49315 57145 64056 94717 130345,s20_mk2_mK2,incomplete_all_existing_solved
ac19_3276,YYXXXXyX,YXyxYXyxx,16,4024 7017 14841 20247 26925 27851 41584 56135 75676 77782 81389 82591 83230 107194 120786 131341,baseline,incomplete_all_existing_solved
ac19_32761,YXXX,YYYXYYXyyyxxyyX,1,49317,s20_f4,incomplete_all_existing_solved
ac19_3277,YXYXyx,YYYxyXYxyXXyx,1,4025,"baseline,s20_mk2,s20_mk2_mK2",incomplete_all_existing_solved
ac19_32817,YXYXX,YYYXXyXYxYXyX,1,49430,"baseline,s20_mk2_mK2",incomplete_all_existing_solved
ac19_3284,YXXyXyX,YYXYxyXyyxx,3,4032 124222 142402,s20_mk2_mK2,incomplete_all_existing_solved
ac19_32855,YXXyx,YYXYXyyXYXyx,5,49502 55035 137262 137285 148993,baseline,incomplete_all_existing_solved
ac19_32875,YXXyx,YYXyXYXXYxyyXX,1,49536,s20_f4,incomplete_all_existing_solved
ac19_3289,YXXyx,YYXyxYxxxxyXX,3,4037 7361 25186,baseline,incomplete_all_existing_solved
ac19_32890,YYXXyx,YYXXXYxyXYxyx,1,49564,s20_mk2_mK2,incomplete_all_existing_solved
ac19_3291,YXXyx,YYYXYxyxyXyxxx,1,4039,s20_f4,incomplete_all_existing_solved
ac19_32910,YYXXXyX,YYYXYXXXyyyx,1,49595,s20_mk2,incomplete_all_existing_solved
ac19_32941,YYXXXXyx,YYXyxYxxyyX,1,49672,s20_mk2,incomplete_all_existing_solved
ac19_32975,YYXyXYXyx,YYXyXyxxx,3,49741 58268 72537,s20_mk2,incomplete_all_existing_solved
ac19_33014,YXYXyx,YYXXXXYYxyXyx,1,49819,s20_f4,incomplete_all_existing_solved
ac19_33059,YXXyXyxx,YYxxyXXyxyX,1,49922,s20_f4,incomplete_all_existing_solved
ac19_3309,YYXXX,YYXyXyxYYXXyx,1,4060,"s20_mk2,s20_mk2_mK2",incomplete_all_existing_solved
ac19_33096,YXYXyx,YYYxYxYXyxyXXyX,2,50000 112880,s20_mk2,incomplete_all_existing_solved
ac19_33109,YXXXXX,YYYXYxxyyyxyX,1,50021,s20_mk2,incomplete_all_existing_solved
ac19_33110,YXYXyx,YYXyXyXYYxxyX,1,50022,baseline,incomplete_all_existing_solved
ac19_33131,YXXYx,YYYYYXYXYxYXyX,2,50059 71350,"s20_mk2_mK2,s20_f4",incomplete_all_existing_solved
ac19_3319,YXXXYxx,YYYXYXXyxx,5,4073 61554 93565 109885 151265,"s20_mk2,s20_mk2_mK2",incomplete_all_existing_solved
ac19_332,YXXyx,YYXXYXyXyXXX,7,861 5669 10014 62214 84144 89175 126188,s20_mk2,incomplete_all_existing_solved
ac19_33220,YXXyXyxx,YYYxxxYXXyx,2,50210 128856,s20_mk2,incomplete_all_existing_solved
ac19_33225,YXXyx,YYXYXyxxxyyXYx,1,50220,baseline,incomplete_all_existing_solved
ac19_33289,YXXYx,YYXYYXXyyxxyx,3,50323 87530 124357,baseline,incomplete_all_existing_solved
ac19_3329,YXXyx,YYXXXyyXyyxYXX,1,4083,"baseline,s20_mk2",incomplete_all_existing_solved
ac19_33304,YXXyXyX,YYXXyXyxyXXX,2,50371 128618,s20_f4,incomplete_all_existing_solved
ac19_33324,YXYXyx,YYXyxYXyyXyxx,1,50418,"baseline,s20_mk2,s20_mk2_mK2,s20_f4",never_10k
ac19_33329,YXXyx,YYXyyxxYXXyXYx,1,50432,"baseline,s20_mk2,s20_mk2_mK2,s20_f4",never_10k
ac19_33332,YYXXyx,YYXYxxyyXXXYX,1,50435,"s20_mk2,s20_mk2_mK2",incomplete_all_existing_solved
ac19_33336,YXXyx,YYYXyXyyxYxx,4,50442 61162 82785 148205,s20_f4,incomplete_all_existing_solved
ac19_33341,YXXyx,YYXXXyXYxyXXX,3,50455 78443 144747,"s20_mk2_mK2,s20_f4",incomplete_all_existing_solved
ac19_33342,YXXyx,YYXXXyxxyXXXyX,1,50458,s20_f4,incomplete_all_existing_solved
ac19_33362,YYXXYx,YYxYXXXYxxYXX,1,50494,s20_f4,incomplete_all_existing_solved
ac19_33365,YYXXX,YYXXYxyxxYXyyX,1,50501,s20_mk2_mK2,incomplete_all_existing_solved
ac19_33382,YXYXyx,YYYXyyxxxyXXX,1,50532,"baseline,s20_mk2_mK2",incomplete_all_existing_solved
ac19_33394,YXYXXXX,YYYxyXXXXXyx,2,50561 55107,"baseline,s20_f4",incomplete_all_existing_solved
ac19_33406,YXyXXyx,YYYxyXYXyxyx,1,50583,s20_f4,incomplete_all_existing_solved
ac19_33419,YXXYx,YYYxxYXXyyXyx,2,50610 56234,baseline,incomplete_all_existing_solved
ac19_33421,YXXyx,YYYXyXYXYxyyyx,2,50616 102703,s20_f4,incomplete_all_existing_solved
ac19_33426,YYXXX,YYYYXXXyxyyx,2,50623 95067,baseline,incomplete_all_existing_solved
ac19_33429,YXXYx,YYYYXyXXXyxxYx,1,50626,s20_f4,incomplete_all_existing_solved
ac19_33432,YXXXyxx,YYXyxyXyXX,3,50630 79706 104654,s20_f4,incomplete_all_existing_solved
ac19_3344,YXXXyxx,YYXXXyyXXyX,2,4103 101114,"s20_mk2_mK2,s20_f4",incomplete_all_existing_solved
ac19_33444,YYXXyxx,YYYXXyyXyxyx,1,50656,"baseline,s20_mk2_mK2,s20_f4",incomplete_all_existing_solved
ac19_33449,YXXyx,YYXXXXXyXYXXyx,1,50668,"baseline,s20_mk2_mK2",incomplete_all_existing_solved
ac19_33471,YXXXyxx,YYYXXXyXXyx,2,50724 54486,s20_mk2_mK2,incomplete_all_existing_solved
ac19_33490,YXX,YYXyXyXyXYYXXYx,1,50767,s20_mk2,incomplete_all_existing_solved
ac19_33537,YXXyxYx,YYXyyXXYxxxx,1,50864,s20_mk2_mK2,incomplete_all_existing_solved
ac19_33566,YXXyx,YYYXyyXyxxxxYx,2,50907 133508,baseline,incomplete_all_existing_solved
ac19_33580,YXYXX,YYXYYXyXXyXXYx,1,50944,s20_f4,incomplete_all_existing_solved
ac19_33586,YXXyx,YYYXYXyxxyXXyx,1,50956,s20_mk2,incomplete_all_existing_solved
ac19_33591,YYXXXyx,YYYXyXYxyXyx,1,50963,s20_f4,incomplete_all_existing_solved
ac19_33596,YYXXX,YYYXyxYxyyXyyx,1,50972,s20_mk2,incomplete_all_existing_solved
ac19_33601,YXXyx,YYYYXXXXyyyxxx,1,50987,"baseline,s20_mk2_mK2,s20_f4",incomplete_all_existing_solved
ac19_33620,YXyXYxx,YYYXYYXyXYxx,1,51028,"baseline,s20_mk2",incomplete_all_existing_solved
ac19_33630,YYXXyx,YYXyxYYxyXXyx,1,51049,"baseline,s20_mk2",incomplete_all_existing_solved
ac19_33810,YXXYx,YYXYxxyXyXYxyX,1,51434,"s20_mk2_mK2,s20_f4",incomplete_all_existing_solved
ac19_33817,YYXXXXYX,YYXyxYYXXyX,2,51450 98858,s20_f4,incomplete_all_existing_solved
ac19_33836,YXXYx,YYYYYYxyXXyXyx,2,51497 81791,s20_mk2_mK2,incomplete_all_existing_solved
ac19_33864,YXXyXyX,YYXyxYYxxyyx,1,51566,s20_f4,incomplete_all_existing_solved
ac19_33866,YXXyx,YYYXYxyyXXyxxx,1,51569,baseline,incomplete_all_existing_solved
ac19_33869,YYXXYXXYx,YYYxxyyXXX,1,51581,s20_mk2,incomplete_all_existing_solved
ac19_33881,YYXXYx,YYXXYxxyXYxYX,1,51612,s20_mk2_mK2,incomplete_all_existing_solved
ac19_33904,YXXyx,YYYXyXyXYYxyyX,2,51659 153688,s20_mk2,incomplete_all_existing_solved
ac19_33912,YXYXX,YYYXyXXyxxyXYx,1,51670,s20_mk2_mK2,incomplete_all_existing_solved
ac19_33914,YYXXyx,YYYXXXXYxyX,2,51675 147617,s20_mk2,incomplete_all_existing_solved
ac19_33929,YYXXYx,YYXYXYYxyXXYx,1,51702,s20_f4,incomplete_all_existing_solved
ac19_33949,YXXYx,YYYXXYxxYXXyyx,1,51740,"s20_mk2,s20_f4",incomplete_all_existing_solved
ac19_3399,YXYXyx,YYXyyXXYxYxYX,1,4165,baseline,incomplete_all_existing_solved
ac19_33992,YYXXXXX,YYYXXXyXyxx,2,51826 135199,s20_mk2_mK2,incomplete_all_existing_solved
ac19_34,YXXyx,YYXXXyxx,25,111 151 9573 14062 14957 21641 23554 36742 43683 54827 63724 68242 70465 71046 76802 76803 99940 111047 113491 122982 128683 139623 140745 148202 148829,s20_mk2_mK2,incomplete_all_existing_solved
ac19_34007,YXXyx,YYXXyXyxyxYxYX,1,51848,"s20_mk2_mK2,s20_f4",incomplete_all_existing_solved
ac19_34021,YXYxyx,YYXYxxYXyxxYx,1,51873,s20_mk2,incomplete_all_existing_solved
ac19_34062,YYXXYx,YYxYxxyXXXX,2,51952 85070,baseline,incomplete_all_existing_solved
ac19_34072,YXXyXYxxxyx,YYXXXXyXYXyX,1,51973,s20_mk2_mK2,incomplete_all_existing_solved
ac19_34087,YXXYx,YYxyXyxyXyxyx,5,51998 99512 116297 122952 138567,s20_mk2,incomplete_all_existing_solved
ac19_34162,YXXyx,YYXyXXXXYXyX,8,52159 58772 63131 99441 101152 135322 139755 143328,s20_mk2,incomplete_all_existing_solved
ac19_34182,YXXYx,YYxYXYXyyXXYxx,1,52193,baseline,incomplete_all_existing_solved
ac19_34189,YXYXYx,YYXyXXXyxxxyx,2,52207 140632,s20_f4,incomplete_all_existing_solved
ac19_3419,YXXyxYx,YYYXXYYXyxYx,1,4190,s20_mk2,incomplete_all_existing_solved
ac19_34192,YYXXYx,YYXXXYYxx,6,52212 72663 106206 134835 142746 149810,s20_mk2,incomplete_all_existing_solved
ac19_34195,YXXYx,YYXYxxyXXXyxx,2,52225 58644,baseline,incomplete_all_existing_solved
ac19_34217,YYXXX,YYXYXXXXXyxYx,3,52261 57742 78291,"s20_mk2_mK2,s20_f4",incomplete_all_existing_solved
ac19_34222,YXXyx,YYYXYXXXXyyXyx,1,52273,"baseline,s20_mk2",incomplete_all_existing_solved
ac19_34229,YXYXyx,YYYXYXyyXyxxx,1,52285,"baseline,s20_f4",incomplete_all_existing_solved
ac19_34237,YYXXX,YYXyXXXYXYx,6,52301 82813 89801 125334 126008 137049,baseline,incomplete_all_existing_solved
ac19_3424,YYXXX,YYYYxYXyXXyyyx,2,4196 84623,s20_mk2_mK2,incomplete_all_existing_solved
ac19_34240,YYXXyXXYx,YYXyXyxyxx,1,52306,baseline,incomplete_all_existing_solved
ac19_34242,YXXXX,YYYxyXXyxyx,1,52313,s20_f4,incomplete_all_existing_solved
ac19_34247,YYXXyx,YYXXXyXyxYXYx,1,52323,baseline,incomplete_all_existing_solved
ac19_34261,YXXyXyX,YYXXXyxyxxx,3,52351 89749 145408,baseline,incomplete_all_existing_solved
ac19_34266,YXYXX,YYYYXyXyxxxyyyx,1,52362,s20_mk2,incomplete_all_existing_solved
ac19_34271,YXXyx,YYXXyyXXXXYxx,2,52375 118162,s20_f4,incomplete_all_existing_solved
ac19_34272,YXXyx,YYYXYxyyxyXXX,6,52376 85231 97762 112883 139347 155083,"baseline,s20_mk2_mK2",incomplete_all_existing_solved
ac19_34282,YXYXX,YYYXXXYYxyyXX,2,52401 62415,s20_mk2_mK2,incomplete_all_existing_solved
ac19_3429,YXYXYx,YYXXYXXyxxYYx,1,4201,"baseline,s20_mk2,s20_mk2_mK2",incomplete_all_existing_solved
ac19_34297,YXXyXyx,YYYxYxxyxx,3,52422 104942 119880,s20_f4,incomplete_all_existing_solved
ac19_34302,YXXYXXyx,YYxxyXyxxyX,3,52436 109745 145213,baseline,incomplete_all_existing_solved
ac19_34329,YXYXYx,YYYXXXYxxxyyX,1,52499,"baseline,s20_mk2,s20_f4",incomplete_all_existing_solved
ac19_34340,YYXXXXXyX,YXYXXXXXyx,2,52519 74516,s20_mk2,incomplete_all_existing_solved
ac19_34354,YXX,YYxYxyXXXyxyx,1,52545,s20_f4,incomplete_all_existing_solved
ac19_34355,YXXyx,YYYXXXyxxyyxYx,1,52547,s20_f4,incomplete_all_existing_solved
ac19_34359,YYXXXYx,YYXyyxxxYXXX,1,52554,s20_f4,incomplete_all_existing_solved
ac19_34360,YXXyxYx,YYYxYYxYXXYX,1,52555,baseline,incomplete_all_existing_solved
ac19_3437,YXXYx,YYYXXYYXXYxyx,3,4214 77137 142246,s20_f4,incomplete_all_existing_solved
ac19_3439,YYXXYXyxx,YYXXXyxxx,5,4216 103719 118582 143857 154592,s20_mk2_mK2,incomplete_all_existing_solved
ac19_34410,YXXX,YYXyXYXyXyXYx,1,52649,baseline,incomplete_all_existing_solved
ac19_34411,YXXYxxyx,YYxxYYxxYxx,3,52650 80141 129382,"baseline,s20_mk2",incomplete_all_existing_solved
ac19_3442,YXyXXyX,YYXYXyyxyXYXyXyX,1,4221,s20_f4,incomplete_all_existing_solved
ac19_34427,YYYXYXXyx,YYxYXXXyx,1,52693,s20_mk2,incomplete_all_existing_solved
ac19_34459,YXXyx,YYXYXyyXyxxyXX,1,52761,s20_mk2_mK2,incomplete_all_existing_solved
ac19_3447,YXXXX,YYXXXyXyyXYxYx,2,4227 130464,baseline,incomplete_all_existing_solved
ac19_34475,YXyxYXXyx,YYYXXyyxYXyx,2,52794 142330,s20_mk2,incomplete_all_existing_solved
ac19_34509,YXXYXXyX,YYXXXyyxx,4,52858 125700 131094 143619,"s20_mk2_mK2,s20_f4",incomplete_all_existing_solved
ac19_34515,YYXXXyyxx,YYXyxYXyxx,1,52864,s20_f4,incomplete_all_existing_solved
ac19_34519,YXXyx,YYXXyyXXYXyyX,1,52872,s20_mk2,incomplete_all_existing_solved
ac19_34520,YXX,YYYYxyXXyyxyx,1,52873,"baseline,s20_mk2,s20_mk2_mK2",incomplete_all_existing_solved
ac19_34529,YXXyx,YYYXXXyyxxyXyx,1,52888,"baseline,s20_mk2",incomplete_all_existing_solved
ac19_34532,YXYXYXX,YYXXyyXyxYYx,1,52894,s20_f4,incomplete_all_existing_solved
ac19_34545,YXXXXYxYxx,YXYxYXYxYXX,2,52917 87001,baseline,incomplete_all_existing_solved
ac19_34575,YYXXYx,YYxYXXXYxyXYx,1,52967,baseline,incomplete_all_existing_solved
ac19_3460,YXXXyXyXX,YYxxxxxyxx,2,4241 84027,s20_mk2_mK2,incomplete_all_existing_solved
ac19_34601,YXXYx,YYXYYxxyXyXyx,2,53008 100043,"baseline,s20_mk2",incomplete_all_existing_solved
ac19_34625,YXyXXyX,YYYYXyxxxyyx,1,53062,s20_f4,incomplete_all_existing_solved
ac19_3464,YYXXXyX,YYxyXyXXYX,4,4245 31652 62583 150933,"s20_mk2,s20_f4",incomplete_all_existing_solved
ac19_3465,YYXXX,YYXyxYxxyyXXyx,1,4246,s20_f4,incomplete_all_existing_solved
ac19_3471,YXXYXXyx,YYXXyXyXXYx,2,4252 139326,s20_mk2_mK2,incomplete_all_existing_solved
ac19_34711,YXXyx,YYYYXyxyyXyxYx,2,53241 136894,baseline,incomplete_all_existing_solved
ac19_3474,YXYXYx,YYXYxxYXyyXyx,1,4255,s20_mk2_mK2,incomplete_all_existing_solved
ac19_34782,YYXYYXXXX,YYXyyXXYxx,1,53373,baseline,incomplete_all_existing_solved
ac19_34789,YYXXyx,YYXYXYXXyXyxx,1,53391,s20_mk2_mK2,incomplete_all_existing_solved
ac19_34794,YXXYx,YYXXXYXyXyxxxx,1,53399,"baseline,s20_mk2,s20_mk2_mK2,s20_f4",never_10k
ac19_34832,YYXXXyxx,YYYYxyyXXyx,1,53460,s20_f4,incomplete_all_existing_solved
ac19_34837,YYXXYx,YYXYXyXyxxx,3,53466 82335 151454,baseline,incomplete_all_existing_solved
ac19_3486,YXYXyx,YYXyyXyxxxyxx,1,4271,baseline,incomplete_all_existing_solved
ac19_34864,YXXyXYx,YYxyxyxyXyx,5,53522 75415 87839 93794 127504,s20_f4,incomplete_all_existing_solved
ac19_34866,YXXyx,YYXyxxxxyXXyx,3,53527 91999 124681,s20_mk2,incomplete_all_existing_solved
ac19_34872,YXXyx,YYXXyXXXYxyXX,3,53546 85460 124842,baseline,incomplete_all_existing_solved
ac19_34885,YYXXyxx,YYXXYXyxYYx,3,53570 59821 116852,s20_f4,incomplete_all_existing_solved
ac19_3496,YYXXYx,YYxYXYXyxxYXX,1,4282,baseline,incomplete_all_existing_solved
ac19_35,YXXyx,YYXXyXXX,29,112 154 2050 8525 11579 15776 18536 24354 24926 27772 28378 31259 34279 47828 58791 75235 80386 87778 88727 91860 94656 105720 107110 111716 114752 124282 133241 135667 150075,"baseline,s20_mk2,s20_mk2_mK2",incomplete_all_existing_solved
ac19_3501,YXXyx,YYXXyyxxxYxx,3,4287 11240 77436,s20_f4,incomplete_all_existing_solved
ac19_35041,YYXXX,YYXYYXXXyX,6,53885 69856 82196 90504 129483 143866,baseline,incomplete_all_existing_solved
ac19_35056,YXYXyx,YYXXYxxyyXyxx,1,53928,s20_mk2,incomplete_all_existing_solved
ac19_35079,YXXyx,YYXyxxYXXyXXX,3,53979 103208 156177,s20_f4,incomplete_all_existing_solved
ac19_35084,YXYxyx,YYXyXyxyXXyxx,1,53995,baseline,incomplete_all_existing_solved
ac19_3510,YXXyx,YYYXXyXyyXXyX,3,4296 89526 129964,baseline,incomplete_all_existing_solved
ac19_35105,YYXXYx,YYYXXXYxYxxyX,1,54046,s20_f4,incomplete_all_existing_solved
ac19_35110,YYXXX,YYYXYYxyyyXyX,2,54054 73711,s20_f4,incomplete_all_existing_solved
ac19_35140,YYXXYx,YYYYXXXXXYxxx,1,54099,s20_mk2_mK2,incomplete_all_existing_solved
ac19_35150,YXyXYxx,YYXYYXXYxx,3,54115 143224 153376,"baseline,s20_mk2",incomplete_all_existing_solved
ac19_35156,YXYXyx,YYXYxyXyXyyxxxx,2,54124 57610,s20_f4,incomplete_all_existing_solved
ac19_35159,YXXYxxyX,YYxxyXyXyxx,2,54127 129604,s20_mk2_mK2,incomplete_all_existing_solved
ac19_35161,YXXyx,YYXyXYxyyXXXyx,1,54135,"baseline,s20_mk2",incomplete_all_existing_solved
ac19_35166,YYXXXyXX,YYXXXXXyX,3,54144 66898 93419,baseline,incomplete_all_existing_solved
ac19_35169,YXX,YYXyXXyyXYYx,3,54151 85635 105640,baseline,incomplete_all_existing_solved
ac19_35181,YXX,YYYYXyXyyyXYxx,2,54175 81879,s20_mk2,incomplete_all_existing_solved
ac19_35196,YXXX,YYYxyxyXyyx,3,54205 65347 146715,baseline,incomplete_all_existing_solved
ac19_35219,YYXXYx,YYXXYXyxYxxyX,1,54249,baseline,incomplete_all_existing_solved
ac19_35246,YXYXyx,YYXXXyXXYXYYx,2,54303 153583,s20_mk2_mK2,incomplete_all_existing_solved
ac19_35359,YYXXX,YYYxYXyXXXyyx,1,54523,"s20_mk2,s20_f4",incomplete_all_existing_solved
ac19_3539,YXXyx,YYXYYXyyXYxyyX,3,4326 71490 79392,s20_mk2_mK2,incomplete_all_existing_solved
ac19_35401,YYXXXXyx,YYXXyyxxyxx,1,54593,s20_mk2,incomplete_all_existing_solved
ac19_35431,YXXyXYx,YYXXyyxyxx,2,54673 96485,s20_mk2,incomplete_all_existing_solved
ac19_35432,YYXXXYx,YYXyXyyxxx,4,54674 71113 81827 155395,s20_mk2,incomplete_all_existing_solved
ac19_35437,YXXYXXyxx,YYxyxyXyxx,2,54683 120067,s20_mk2_mK2,incomplete_all_existing_solved
ac19_35441,YXXyx,YYXyxxyyxYXXyx,1,54689,"s20_mk2,s20_mk2_mK2",incomplete_all_existing_solved
ac19_35456,YYXXXXyXX,YYxxyXXyX,2,54713 123667,s20_mk2_mK2,incomplete_all_existing_solved
ac19_35461,YYXXyx,YXYxYxxyXXX,3,54728 74568 98013,s20_mk2,incomplete_all_existing_solved
ac19_35466,YXXYx,YYYxyXyyxyXyyx,5,54738 86452 98125 124764 141107,"s20_mk2_mK2,s20_f4",incomplete_all_existing_solved
ac19_35471,YXXyx,YYXXyXYXyyxyXX,1,54744,s20_f4,incomplete_all_existing_solved
ac19_35475,YXXyx,YYYXyyyXXyx,7,54755 64449 68746 93635 100648 101012 111528,s20_mk2,incomplete_all_existing_solved
ac19_35476,YXXyx,YYXXyXYXyXyyx,3,54758 69782 86588,"s20_mk2_mK2,s20_f4",incomplete_all_existing_solved
ac19_35504,YXXyx,YYXXXyxyXXXyXX,1,54810,s20_mk2_mK2,incomplete_all_existing_solved
ac19_35507,YXYXXYx,YYXYXXyXyxxx,2,54815 137227,"baseline,s20_mk2,s20_f4",incomplete_all_existing_solved
ac19_35516,YYXXX,YYXXXyyxYxyxYX,1,54845,"baseline,s20_mk2",incomplete_all_existing_solved
ac19_35519,YXXYx,YYYXYYXXXyyxxx,1,54852,s20_f4,incomplete_all_existing_solved
ac19_35536,YYXXyx,YYXXyXYxyxyxx,1,54891,"s20_mk2_mK2,s20_f4",incomplete_all_existing_solved
ac19_35540,YXYxyx,YYXYxxxyXXyyx,1,54898,"s20_mk2_mK2,s20_f4",incomplete_all_existing_solved
ac19_35545,YXXyx,YYXyxyxYYXXyX,3,54917 148628 151313,s20_mk2,incomplete_all_existing_solved
ac19_35560,YYXXYx,YYXXyyXyxxYYx,1,54943,"baseline,s20_mk2",incomplete_all_existing_solved
ac19_35567,YXyXXyX,YYYXyxyyX,9,54956 61262 63653 65388 73345 78598 116365 122588 140457,s20_f4,incomplete_all_existing_solved
ac19_35572,YYXXX,YYXXyXXYYxyxyx,1,54964,s20_f4,incomplete_all_existing_solved
ac19_35590,YYXXX,YYXYxYXXXXXXyx,1,55013,baseline,incomplete_all_existing_solved
ac19_35644,YYXXyxx,YYYYxYYXX,4,55148 76526 81649 149203,baseline,incomplete_all_existing_solved
ac19_35674,YXXyx,YYXyyXXXYYxyXX,1,55208,s20_mk2,incomplete_all_existing_solved
ac19_35721,YXyXXyx,YYxyxYXXYxxxyxx,1,55319,s20_mk2,incomplete_all_existing_solved
ac19_35732,YYXYXXXyX,YYXXXyyxYX,2,55342 136161,s20_mk2,incomplete_all_existing_solved
ac19_35761,YYXXYx,YYxYXyxYXXXyx,2,55406 101160,s20_mk2_mK2,incomplete_all_existing_solved
ac19_35777,YYXXyx,YYXXyXyxyXYxx,1,55440,s20_f4,incomplete_all_existing_solved
ac19_35782,YXXXyxx,YYXYXXXyXyx,3,55450 104850 136802,s20_mk2,incomplete_all_existing_solved
ac19_35829,YXYXyx,YYYXXXXyyxyxx,2,55540 56255,s20_mk2_mK2,incomplete_all_existing_solved
ac19_35856,X,YYYXyxYXYxyyyx,1,55600,baseline,incomplete_all_existing_solved
ac19_3586,YXXyx,YYYXyxYxyxxyx,4,4383 22426 44542 118236,"baseline,s20_mk2",incomplete_all_existing_solved
ac19_35862,YXXyx,YYXXyXYXyXyyX,3,55616 82105 96369,s20_mk2,incomplete_all_existing_solved
ac19_35869,YXYXX,YYXXyXYxYxxyyX,1,55632,s20_f4,incomplete_all_existing_solved
ac19_35872,YXX,YYXyXyXYxyXXYx,1,55639,s20_mk2,incomplete_all_existing_solved
ac19_3590,YXXyx,YYXXyxxxYXyX,5,4388 22848 43947 47451 138330,"s20_mk2_mK2,s20_f4",incomplete_all_existing_solved
ac19_35906,YXX,YYYYXyXyyxYxyyx,1,55704,s20_f4,incomplete_all_existing_solved
ac19_35907,YYXXyXyyx,YYXXyxxyx,1,55705,s20_mk2_mK2,incomplete_all_existing_solved
ac19_35922,YYXXyx,YYYXXyxxYXXXX,1,55734,s20_f4,incomplete_all_existing_solved
ac19_3595,YXXXyXyX,YYxyxYxyx,13,4394 14415 14459 16101 39543 102118 106440 106516 121122 127143 127226 133212 153602,s20_mk2_mK2,incomplete_all_existing_solved
ac19_35986,YXX,YYxyXyXyxxxyx,1,55860,s20_mk2,incomplete_all_existing_solved
ac19_36021,YXXyx,YYYXyXYXXyyXX,1,55930,s20_f4,incomplete_all_existing_solved
ac19_36031,YYXXX,YYXXyyxYxyXYX,3,55944 71847 95198,s20_mk2,incomplete_all_existing_solved
ac19_36036,YXXyXyx,YYxxYXXyyx,4,55956 67133 68626 92475,s20_mk2,incomplete_all_existing_solved
ac19_36056,YYXXXyxx,YYXyXyxxx,8,55991 77016 88556 88954 135549 136855 155918 156629,s20_f4,incomplete_all_existing_solved
ac19_36059,YYXXXyXX,YXyxxYxxyXX,1,55996,s20_f4,incomplete_all_existing_solved
ac19_36061,YYXXYx,YYYYxyyXYxyyX,1,56003,"s20_mk2,s20_f4",incomplete_all_existing_solved
ac19_36062,YYXXX,YYYxYXXXyXyxyx,1,56004,baseline,incomplete_all_existing_solved
ac19_36064,YXX,YYYYxYXXyyyyXyx,2,56008 144513,baseline,incomplete_all_existing_solved
ac19_36080,YXXyx,YYYXYxyXXyyXX,1,56035,baseline,incomplete_all_existing_solved
ac19_36100,YYXXX,YYXYYXyyXyxx,2,56085 116190,"baseline,s20_f4",incomplete_all_existing_solved
ac19_36102,YXXyx,YYXXYxxyyXyxYx,1,56090,"s20_mk2_mK2,s20_f4",incomplete_all_existing_solved
ac19_36105,YYXXX,YYYYYYXyXXyXyX,1,56095,baseline,incomplete_all_existing_solved
ac19_36115,YYXXXyX,YXyxYxxxyXX,3,56118 68896 72666,s20_mk2_mK2,incomplete_all_existing_solved
ac19_36135,YXX,YYXXXyXyXYxx,1,56178,"s20_mk2_mK2,s20_f4",incomplete_all_existing_solved
ac19_36150,YYXXyx,YYXXXYYxyXyyx,1,56214,s20_mk2,incomplete_all_existing_solved
ac19_36159,YXXyx,YYXyxyXXyXYXyx,1,56226,s20_f4,incomplete_all_existing_solved
ac19_36160,YXYXYx,YXYXyXyXyxxxx,3,56227 67396 149544,s20_f4,incomplete_all_existing_solved
ac19_36165,YXXyx,YYXyyxxyyXXYx,1,56241,s20_mk2_mK2,incomplete_all_existing_solved
ac19_36170,YXYXYx,YYYYxYXXXYXYx,1,56254,"s20_mk2_mK2,s20_f4",incomplete_all_existing_solved
ac19_36175,YYXXyx,YYXXyxxyXyXYx,1,56264,baseline,incomplete_all_existing_solved
ac19_36187,YXXYx,YYXyXXYXyxxYYx,1,56284,baseline,incomplete_all_existing_solved
ac19_36194,YYXXX,YYXXyXyxyxxx,2,56295 94920,s20_mk2,incomplete_all_existing_solved
ac19_36200,YXyXXyX,YYYxYxxyyxyx,2,56303 100817,"s20_mk2_mK2,s20_f4",incomplete_all_existing_solved
ac19_36222,YXXyx,YYXyyXXyyXXYxx,1,56367,s20_f4,incomplete_all_existing_solved
ac19_36237,YYXXyxx,YYXXXyxxYxyX,1,56389,s20_mk2,incomplete_all_existing_solved
ac19_36242,YXXXX,YYYXYxyXyyxyX,1,56398,"s20_mk2_mK2,s20_f4",incomplete_all_existing_solved
ac19_36255,YYXXX,YYXyXYYXXyxyx,3,56429 56995 137947,s20_mk2,incomplete_all_existing_solved
ac19_36260,YXXX,YYXXXyXXyXYxx,1,56439,baseline,incomplete_all_existing_solved
ac19_3627,YYXXXYX,YXXXyXyxxxxx,2,4430 48057,s20_mk2_mK2,incomplete_all_existing_solved
ac19_36311,YXYXYx,YYYXXXyyxxx,2,56530 95372,s20_mk2_mK2,incomplete_all_existing_solved
ac19_3632,YXXyx,YYXyXXXYxyXX,7,4437 10676 36630 38164 90411 116401 139399,baseline,incomplete_all_existing_solved
ac19_36374,YXXXXYx,YYXyXyxyxx,3,56659 96621 121445,s20_mk2_mK2,incomplete_all_existing_solved
ac19_36397,YXXYx,YYYXyyxxyXyx,3,56703 83734 107822,s20_mk2,incomplete_all_existing_solved
ac19_36409,YXYXyx,YYXYYxxYXyXXX,1,56731,s20_mk2_mK2,incomplete_all_existing_solved
ac19_36416,YYXXYx,YYXyyXyxyXYxx,1,56742,s20_f4,incomplete_all_existing_solved
ac19_36417,YXYXXYxYx,YYXXYxYXYx,2,56744 114985,s20_mk2,incomplete_all_existing_solved
ac19_36421,YXXyx,YYXXyXYxxyxxx,3,56749 71148 83447,"baseline,s20_mk2",incomplete_all_existing_solved
ac19_36495,YXXyx,YYYYXyyXYxyyxx,1,56903,s20_mk2_mK2,incomplete_all_existing_solved
ac19_36502,YXyXXyx,YYYYxxyXXyxxx,2,56918 137769,s20_mk2_mK2,incomplete_all_existing_solved
ac19_36537,YYXXYx,YYYXXyyXyyxxx,1,56994,s20_mk2_mK2,incomplete_all_existing_solved
ac19_36565,YYXXXYx,YYXXyyxyxyx,3,57047 58764 76711,baseline,incomplete_all_existing_solved
ac19_36574,YXYXYXXX,YYYYXXXXyyx,1,57065,s20_mk2_mK2,incomplete_all_existing_solved
ac19_36587,YYXXXyxx,YYXYYXXYYXX,1,57093,s20_f4,incomplete_all_existing_solved
ac19_366,YXXyx,YYXyyxxYYxyxx,2,896 34947,"s20_mk2_mK2,s20_f4",incomplete_all_existing_solved
ac19_36632,YXXYx,YYYYxYXXXXyyx,1,57182,s20_mk2,incomplete_all_existing_solved
ac19_36661,YYXXX,YYYXXyXXyXXYYx,1,57233,baseline,incomplete_all_existing_solved
ac19_36671,YXXyx,YYYYXyxxyXXyX,1,57247,s20_mk2,incomplete_all_existing_solved
ac19_36692,YXYXyx,YYYYXYxyyXXXX,2,57281 94911,s20_f4,incomplete_all_existing_solved
ac19_36697,YXXyx,YYXXyyXYXXyxyx,1,57292,"s20_mk2_mK2,s20_f4",incomplete_all_existing_solved
ac19_367,YXXyXyx,YXYxxyxx,21,897 7121 9271 12331 25697 33758 39813 41676 41926 43627 48760 76285 83359 84938 91870 94173 95611 97088 108632 129554 140650,"s20_mk2,s20_mk2_mK2,s20_f4",incomplete_all_existing_solved
ac19_3676,YXyXYxx,YYYYYYXYYxx,1,4487,baseline,incomplete_all_existing_solved
ac19_36761,YYXXyx,YYXyXXYXYYXyx,1,57433,baseline,incomplete_all_existing_solved
ac19_36780,YXXyx,YYXyyXXXyXYXyx,1,57471,s20_f4,incomplete_all_existing_solved
ac19_36785,YYXXXXX,YYXyXXXXYxyx,1,57481,baseline,incomplete_all_existing_solved
ac19_3680,YXYXyx,YYXXXyyxx,10,4491 12213 50717 61481 82816 83060 91133 115044 117474 145940,s20_mk2_mK2,incomplete_all_existing_solved
ac19_36801,YXXyx,YYYXXYxyXyyX,3,57525 80146 123295,s20_mk2_mK2,incomplete_all_existing_solved
ac19_36811,YYXXYx,YYxxYXXYxyXyX,1,57546,"s20_mk2,s20_mk2_mK2",incomplete_all_existing_solved
ac19_36817,YXXX,YYYYXXyxyxyyx,3,57557 111465 135541,baseline,incomplete_all_existing_solved
ac19_3685,YXXyx,YYYXyXYxyXXyXX,2,4496 105611,"s20_mk2,s20_mk2_mK2,s20_f4",incomplete_all_existing_solved
ac19_36856,YXXyx,YYXXYXyyXYXXyX,1,57659,baseline,incomplete_all_existing_solved
ac19_3687,YYXXX,YYYYXXXyXYxyX,2,4498 26599,"baseline,s20_mk2",incomplete_all_existing_solved
ac19_36874,YXYXyx,YYYXXXyXXYYxx,2,57696 146581,baseline,incomplete_all_existing_solved
ac19_36880,YXYXXYx,YXYxYxyXXXyx,1,57711,s20_f4,incomplete_all_existing_solved
ac19_3691,YXXyxYx,YYYYXXYxyxYx,1,4502,"baseline,s20_mk2_mK2",incomplete_all_existing_solved
ac19_36922,YYXXyx,YYXXYxxYXXXyx,1,57796,"s20_mk2,s20_mk2_mK2,s20_f4",incomplete_all_existing_solved
ac19_36946,YXXYxxyx,YYXXyXyxyxx,1,57851,s20_mk2_mK2,incomplete_all_existing_solved
ac19_36959,YXYXyx,YYXyxxYXyyXYx,1,57875,s20_f4,incomplete_all_existing_solved
ac19_36981,YXX,YYYXyyxyyXyXYYx,1,57915,baseline,incomplete_all_existing_solved
ac19_36984,YYXXXyXXX,YXyXYXyxx,4,57920 87195 110045 141927,s20_f4,incomplete_all_existing_solved
ac19_3701,YXXYxxyX,YYXyyXYxxyX,1,4512,"baseline,s20_mk2",incomplete_all_existing_solved
ac19_37020,YXXyx,YYYXyxxyyxxxYX,1,58002,s20_f4,incomplete_all_existing_solved
ac19_37021,YXXyx,YYXXXyyXyyXYXX,1,58006,s20_mk2,incomplete_all_existing_solved
ac19_37030,YXXyXyX,YYYYxyyxyx,3,58024 65222 92734,s20_f4,incomplete_all_existing_solved
ac19_37035,YYXXXYxx,YYXXXyyxxYx,1,58032,s20_mk2_mK2,incomplete_all_existing_solved
ac19_37061,YXXXyxx,YYXyXXyxxYX,3,58085 96102 116630,"baseline,s20_mk2",incomplete_all_existing_solved
ac19_3707,YX,YYXXyXYxx,7,4518 21205 52801 70506 94827 99277 122254,"s20_mk2,s20_mk2_mK2",incomplete_all_existing_solved
ac19_371,YXXYx,YYXyXyxyxxYxyX,1,901,s20_mk2,incomplete_all_existing_solved
ac19_3712,YXXYXXyX,YYxyXYXXXyX,3,4524 76312 142859,s20_f4,incomplete_all_existing_solved
ac19_37151,YXYXyx,YYXXXyyXYYxxx,2,58277 74840,s20_f4,incomplete_all_existing_solved
ac19_37156,YXXyx,YYXYXXyXyxYXyX,1,58286,s20_f4,incomplete_all_existing_solved
ac19_37161,YXXYx,YYXYXYXyXyxYxx,1,58300,baseline,incomplete_all_existing_solved
ac19_3717,YYXXX,YYYYYYXXyyyXX,1,4529,baseline,incomplete_all_existing_solved
ac19_37174,YYXXyx,YYXXYXXYxxyyX,1,58329,s20_mk2_mK2,incomplete_all_existing_solved
ac19_37307,YXXyx,YYYXyyXyyXYYXX,1,58632,s20_mk2_mK2,incomplete_all_existing_solved
ac19_37327,YXYXX,YYYXXyXyXYxyxx,1,58660,s20_f4,incomplete_all_existing_solved
ac19_37340,YXXYxYxx,YYXXyXyxxyx,2,58691 59072,baseline,incomplete_all_existing_solved
ac19_37342,YXXyx,YYYXXyXyyxxYXX,1,58693,s20_f4,incomplete_all_existing_solved
ac19_37345,YYYXXXX,YYYXXYXyyyxx,1,58697,s20_mk2_mK2,incomplete_all_existing_solved
ac19_37387,YYXXyx,YYXyxyXXyxxYx,1,58802,s20_f4,incomplete_all_existing_solved
ac19_37402,YXXyx,YYYXyyXyXYXyyx,2,58837 74420,"baseline,s20_mk2",incomplete_all_existing_solved
ac19_3744,YXXYx,YYYYYXYXXYYXyx,2,4561 94756,s20_mk2_mK2,incomplete_all_existing_solved
ac19_37461,YXXyxYx,YYYxxxYXXyXX,2,58969 138028,s20_f4,incomplete_all_existing_solved
ac19_375,YYYXXXXyx,YYYXyyyxyx,1,905,"s20_mk2,s20_mk2_mK2",incomplete_all_existing_solved
ac19_37504,YXXYxxyX,YYYxxyXXYXX,3,59064 88157 89347,"baseline,s20_mk2,s20_mk2_mK2",incomplete_all_existing_solved
ac19_37519,YXXXYxx,YYYXYxyyXXyx,1,59095,"s20_mk2_mK2,s20_f4",incomplete_all_existing_solved
ac19_37545,YXXyx,YYXYYxyXXXyyxx,1,59141,"baseline,s20_mk2",incomplete_all_existing_solved
ac19_37546,YXXyx,YYXyxyXYxyxxYx,1,59142,s20_mk2_mK2,incomplete_all_existing_solved
ac19_37549,YXX,YYYYXXyXyXyxYXyx,1,59149,"baseline,s20_mk2,s20_f4",incomplete_all_existing_solved
ac19_37559,YYXXYXYxx,YYYxxYYXXX,1,59174,s20_mk2_mK2,incomplete_all_existing_solved
ac19_37564,YYXXyx,YYYYYxyyXXXyx,1,59182,s20_mk2,incomplete_all_existing_solved
ac19_37591,YXYXYx,YYXXyxxYxYXyX,1,59246,"baseline,s20_mk2,s20_mk2_mK2",incomplete_all_existing_solved
ac19_37639,YXX,YYYYXyXyXYxyX,2,59363 90993,"baseline,s20_mk2,s20_mk2_mK2",incomplete_all_existing_solved
ac19_37672,YXyXXyX,YYYXyyXXyxx,3,59446 98933 108643,s20_f4,incomplete_all_existing_solved
ac19_37679,YXYXyx,YYYXYxyXXXyyyxx,1,59456,baseline,incomplete_all_existing_solved
ac19_37694,YXyXYxx,YYYYXYXYxxYX,1,59491,baseline,incomplete_all_existing_solved
ac19_37701,YYXXYYXXX,YYXXXYxYXyX,2,59509 105384,s20_mk2_mK2,incomplete_all_existing_solved
ac19_37704,YXXXyxx,YYXyxxyXXYxx,1,59513,s20_mk2_mK2,incomplete_all_existing_solved
ac19_37756,YYXXYXX,YYXXYYxyXyX,3,59622 99963 114134,s20_f4,incomplete_all_existing_solved
ac19_37772,YXYXX,YYYxxxyyXXyyx,1,59663,baseline,incomplete_all_existing_solved
ac19_37802,YXYXXyxYx,YYYxxyXyXX,2,59727 96496,"baseline,s20_mk2",incomplete_all_existing_solved
ac19_37816,YXXyx,YYYXXYXyyXyxxx,1,59764,baseline,incomplete_all_existing_solved
ac19_37840,YXXyx,YYYXXyyyXyyxYx,2,59803 61746,baseline,incomplete_all_existing_solved
ac19_37845,YXXyx,YYXyxxxYxYXyyx,1,59810,"baseline,s20_f4",incomplete_all_existing_solved
ac19_37870,YXYXX,YYYXYXXyXyyyxYx,1,59858,s20_mk2,incomplete_all_existing_solved
ac19_37881,YXXyx,YYXyxxxxxxxxxx,1,59880,s20_f4,incomplete_all_existing_solved
ac19_37891,YXXyx,YYXYxYxxyyxxyX,1,59892,"s20_mk2_mK2,s20_f4",incomplete_all_existing_solved
ac19_37894,YXXYXXyX,YYXYxxyyXyx,1,59898,s20_f4,incomplete_all_existing_solved
ac19_37896,YXXyx,YYYXyXyXXYxxyX,1,59900,s20_mk2_mK2,incomplete_all_existing_solved
ac19_37912,YXXyx,YYXYxxxyXXXyXX,1,59943,s20_f4,incomplete_all_existing_solved
ac19_37917,X,YYYYYYYXYxyyyyyyyX,2,59952 144441,baseline,incomplete_all_existing_solved
ac19_37939,YXyXXyX,YYYxxxYxxyxyx,1,59984,s20_mk2_mK2,incomplete_all_existing_solved
ac19_37944,YYXXX,YYXYXyxxxYXyyX,1,60000,"s20_mk2,s20_mk2_mK2,s20_f4",incomplete_all_existing_solved
ac19_37945,YXXyx,YYXyxxxxxYXyx,3,60003 127695 151876,baseline,incomplete_all_existing_solved
ac19_37957,YXXXyXyX,YYXyyXYXyyX,1,60028,baseline,incomplete_all_existing_solved
ac19_37965,YXXyx,YYXyxxYXyxxx,8,60053 91539 105826 115137 124969 141487 150852 155593,"s20_mk2,s20_f4",incomplete_all_existing_solved
ac19_37970,YXXyx,YYYXXXyXyXyxYX,1,60061,s20_mk2_mK2,incomplete_all_existing_solved
ac19_37972,YXXXyxx,YYYXyXXXXyXX,2,60063 94600,"s20_mk2_mK2,s20_f4",incomplete_all_existing_solved
ac19_37977,YYXXyxxyx,YYXXyyXXyx,1,60074,baseline,incomplete_all_existing_solved
ac19_37994,YXXyx,YYYYXXyyyxyxyx,2,60106 133490,s20_mk2_mK2,incomplete_all_existing_solved
ac19_380,YXXyx,YYXXyXyxyXYXyx,1,910,"baseline,s20_mk2",incomplete_all_existing_solved
ac19_3802,YXX,YYXyxYxxYxyXyyX,1,4624,"baseline,s20_mk2",incomplete_all_existing_solved
ac19_38040,YXXyx,YYYXyyyXYxYxyx,2,60196 152419,s20_f4,incomplete_all_existing_solved
ac19_38047,YXXYx,YYXyyXYxxyXyxx,1,60211,s20_f4,incomplete_all_existing_solved
ac19_38050,YXXyx,YYXyXXXXXyxyXX,1,60216,s20_mk2,incomplete_all_existing_solved
ac19_38055,YXYXyx,YYXXXYXyXyxYx,1,60222,"s20_mk2_mK2,s20_f4",incomplete_all_existing_solved
ac19_38059,YXX,YYXyXXyXYxxyx,1,60228,s20_f4,incomplete_all_existing_solved
ac19_38060,YXXXyxx,YYXyXXyxxYXX,1,60230,s20_mk2_mK2,incomplete_all_existing_solved
ac19_38092,YXXyx,YYYXYXXXyyxxyx,1,60298,s20_mk2_mK2,incomplete_all_existing_solved
ac19_38094,YXXYx,YYYXyXXYXYxYx,2,60302 91029,s20_mk2_mK2,incomplete_all_existing_solved
ac19_38142,YXXXyXXyx,YYxyxYxxyX,3,60406 91754 121107,s20_f4,incomplete_all_existing_solved
ac19_38146,YXXYx,YYXXyxyXXyxxxx,1,60413,s20_mk2_mK2,incomplete_all_existing_solved
ac19_38164,YYXXX,YYYXXyXXXyXYYx,1,60450,baseline,incomplete_all_existing_solved
ac19_38190,YXXYxxyx,YYxxYxxyXXX,2,60512 101461,s20_mk2,incomplete_all_existing_solved
ac19_38192,YYXXXyxx,YYXXyyXXYYx,1,60520,s20_mk2,incomplete_all_existing_solved
ac19_38199,YXXyx,YYXYXyxyyxYxxx,1,60541,"baseline,s20_f4",incomplete_all_existing_solved
ac19_38214,YXXyx,YYXyXyxYXyxxyx,1,60574,baseline,incomplete_all_existing_solved
ac19_38215,YYXXyx,YYXYYXXXXYx,3,60575 84374 136185,s20_f4,incomplete_all_existing_solved
ac19_38239,YXXyx,YYYYXyxyxxyyyX,2,60627 93087,s20_mk2_mK2,incomplete_all_existing_solved
ac19_38244,YXXYx,YYxYXyXYXXYxyx,1,60636,"baseline,s20_mk2",incomplete_all_existing_solved
ac19_38250,YXYXX,YYxxyXyxYXyXyx,1,60644,s20_mk2,incomplete_all_existing_solved
ac19_38251,YYXXYXX,YYXXyyXYxx,2,60645 126382,s20_f4,incomplete_all_existing_solved
ac19_38252,YXXyx,YYXyxYXYxxxyyx,1,60646,"baseline,s20_mk2",incomplete_all_existing_solved
ac19_38254,YXyXXyX,YYXYXyxyyXyX,2,60650 69638,"s20_mk2,s20_mk2_mK2",incomplete_all_existing_solved
ac19_38309,YXYXX,YYYXXyXyxYxyX,2,60766 68382,s20_mk2,incomplete_all_existing_solved
ac19_38354,YXXX,YYYXXyyyxYxyX,1,60853,s20_mk2,incomplete_all_existing_solved
ac19_38364,YXXyx,YYXXYXXyyxxxxx,1,60875,"baseline,s20_f4",incomplete_all_existing_solved
ac19_3839,YXXyXyX,YYYxxyyXXyx,3,4664 8828 140530,s20_mk2_mK2,incomplete_all_existing_solved
ac19_38416,YYYXXXXyx,YYYXXXyyxx,1,60980,s20_mk2,incomplete_all_existing_solved
ac19_38430,YXXyx,YYXyXyxxyXXXX,3,61011 87444 148559,s20_mk2_mK2,incomplete_all_existing_solved
ac19_38434,YXyXXyx,YYxyxxxxxYX,4,61015 70219 80971 122976,s20_mk2,incomplete_all_existing_solved
ac19_3846,YXXXyXXYx,YXYXXXXyxx,3,4671 118055 132673,s20_mk2_mK2,incomplete_all_existing_solved
ac19_38476,YXXyx,YYYYYXYXyyXyyyx,1,61105,s20_f4,incomplete_all_existing_solved
ac19_3849,YXXYx,YYXXYXXXyxxYx,3,4674 35752 72490,s20_mk2,incomplete_all_existing_solved
ac19_38495,YYXXXyxx,YYXXXYXXXYx,1,61152,"baseline,s20_mk2",incomplete_all_existing_solved
ac19_385,YYXXYx,YYYXyxxyyXyyx,1,915,s20_f4,incomplete_all_existing_solved
ac19_38514,YXXYx,YYYXYXXyXYYx,3,61199 66357 93004,"baseline,s20_mk2_mK2",incomplete_all_existing_solved
ac19_38527,YXXXyxYx,YYXYYxYXXXX,1,61217,"s20_mk2,s20_f4",incomplete_all_existing_solved
ac19_38537,YYXXX,YYXYxxyxYXXyyX,1,61244,baseline,incomplete_all_existing_solved
ac19_3854,YXXyx,YYYXXYXXXyxyyx,1,4679,"s20_mk2,s20_mk2_mK2",incomplete_all_existing_solved
ac19_38586,YXXyx,YYXYxxxyyXXXXX,1,61352,baseline,incomplete_all_existing_solved
ac19_38587,YXXYx,YYXYYXYxYYXyyX,3,61354 95897 112840,s20_mk2,incomplete_all_existing_solved
ac19_3859,YXXyx,YYXXyXYXyxyXyx,1,4685,baseline,incomplete_all_existing_solved
ac19_38607,YXyXXyx,YYXYxyyXXyx,3,61392 80454 107659,s20_mk2,incomplete_all_existing_solved
ac19_38627,YXXyx,YYXYxxxyXyxxx,3,61420 85135 90075,s20_f4,incomplete_all_existing_solved
ac19_3864,YYXXYx,YYXXXYXYxxx,2,4690 100741,s20_f4,incomplete_all_existing_solved
ac19_38707,YXXyx,YYYXXyxYxyxxyX,1,61586,baseline,incomplete_all_existing_solved
ac19_3872,YXYXyx,YYYXyXXyXYx,8,4701 33310 48693 56042 100009 134265 135658 139939,s20_mk2,incomplete_all_existing_solved
ac19_38767,YXXX,YYYYXyxyyxyyXYx,1,61717,s20_f4,incomplete_all_existing_solved
ac19_38785,YYXXYx,YYXXYxYxYXX,3,61743 130549 134747,"baseline,s20_mk2",incomplete_all_existing_solved
ac19_38804,YXXyx,YYXyxYYXyxxyxx,1,61780,s20_f4,incomplete_all_existing_solved
ac19_38805,YXXyx,YYYXyXXyxyyX,4,61781 77680 80700 94599,s20_mk2,incomplete_all_existing_solved
ac19_38809,YXXyx,YYYXyxxYXyxyx,3,61788 114626 144098,baseline,incomplete_all_existing_solved
ac19_38810,YXXyx,YYXYxxyyXXXXXX,1,61790,s20_mk2_mK2,incomplete_all_existing_solved
ac19_38814,YXXyXyx,YYYxyxyXYxx,3,61796 73723 77850,s20_mk2,incomplete_all_existing_solved
ac19_38816,YXXyx,YYYXyxyyXyXYYx,3,61799 105945 111990,baseline,incomplete_all_existing_solved
ac19_38890,YXYxYXXyx,YYXYxYxYXXX,1,61961,s20_mk2_mK2,incomplete_all_existing_solved
ac19_38919,YXYXX,YYXyXyXXyxxxxx,1,62025,s20_f4,incomplete_all_existing_solved
ac19_38975,YYXXXXX,YYYYXyXXXyyx,1,62141,"baseline,s20_mk2_mK2",incomplete_all_existing_solved
ac19_38980,YYXXYXyyx,YYXXYXyyxx,1,62149,s20_mk2,incomplete_all_existing_solved
ac19_38990,YXXyx,YYYXyxYxyxxyxx,1,62166,baseline,incomplete_all_existing_solved
ac19_39,X,YYYXyyx,70,170 171 172 173 174 175 178 181 190 199 218 237 272 307 2626 7797 11054 12819 20705 24196 24611 32284 33129 34878 35142 37910 40625 41263 45221 46931 49762 53918 58349 59373 62335 66839 68732 72839 84861 85589 87843 91616 91763 91934 92187 93650 98197 100813 103743 104392 106411 108094 108323 109911 112699 115433 117400 118775 121094 122962 125062 129000 130965 135259 141015 145669 148467 149672 152527 152675,s20_mk2_mK2,incomplete_all_existing_solved
ac19_39014,YXXyx,YYYXXyyxxxYXyX,1,62234,"s20_mk2,s20_mk2_mK2",incomplete_all_existing_solved
ac19_39041,YXYXX,YYYXXXYYYXXXyX,1,62294,baseline,incomplete_all_existing_solved
ac19_39042,YXYXyx,YYYXyxyXXyxxx,1,62296,s20_mk2_mK2,incomplete_all_existing_solved
ac19_39057,YXXyx,YYXXyXXXXyxYX,3,62324 77548 110356,s20_f4,incomplete_all_existing_solved
ac19_39105,YXXYx,YYXYXYYXyXyxx,3,62452 122435 131171,"s20_mk2_mK2,s20_f4",incomplete_all_existing_solved
ac19_39130,YYXXYx,YYxYXYxxyXYXX,1,62509,baseline,incomplete_all_existing_solved
ac19_39159,YXXyx,YYXyXXYXXXyXXX,1,62562,s20_f4,incomplete_all_existing_solved
ac19_3916,YXXYxxyx,YYYYxyXYxyx,1,4749,"baseline,s20_f4",incomplete_all_existing_solved
ac19_39162,YXXyx,YYYYXyxyXyxxxx,1,62566,"s20_mk2,s20_f4",incomplete_all_existing_solved
ac19_39165,YXXyx,YYYXXyXyXYXyxx,1,62574,s20_mk2,incomplete_all_existing_solved
ac19_39172,YYXXX,YYXXyXYxxyX,7,62594 64655 89641 104187 105459 146051 149779,s20_mk2,incomplete_all_existing_solved
ac19_39181,YYYXXXYxx,YYYxxYYXXX,2,62608 135744,s20_mk2_mK2,incomplete_all_existing_solved
ac19_39182,YXXYx,YYYXXYxYXXyxyx,1,62609,baseline,incomplete_all_existing_solved
ac19_39185,YYXXX,YYXyXYXyyXYxxx,1,62612,s20_mk2,incomplete_all_existing_solved
ac19_39194,YXXyx,YYXyyXYxyxxxyx,1,62632,"s20_mk2,s20_f4",incomplete_all_existing_solved
ac19_39196,YYXXXyx,YYYXXyyXXYx,1,62635,s20_f4,incomplete_all_existing_solved
ac19_39201,YXXYxxyX,YYXYYxxyXXX,2,62642 94017,s20_mk2_mK2,incomplete_all_existing_solved
ac19_39231,YYXXYx,YYXyyxxyXyx,3,62720 144377 154221,"baseline,s20_f4",incomplete_all_existing_solved
ac19_39237,YXXyx,YYYXyXyXyxxyX,3,62733 70231 117605,s20_mk2,incomplete_all_existing_solved
ac19_39239,YXXyx,YYXXYXXyyxyXyx,1,62740,s20_f4,incomplete_all_existing_solved
ac19_3924,YXXyXyX,YYXXyxYxxxyx,2,4760 131020,"s20_mk2,s20_mk2_mK2",incomplete_all_existing_solved
ac19_39247,YXXyx,YYYYXXyyXyxxx,1,62755,"baseline,s20_mk2",incomplete_all_existing_solved
ac19_39251,YXXyx,YYXXyyXyxYXXYx,1,62762,baseline,incomplete_all_existing_solved
ac19_39279,YXYXXYx,YYYxyxyXyXyx,1,62817,s20_mk2,incomplete_all_existing_solved
ac19_39295,YXYXYx,YYXXyxxxyXXyx,2,62845 107985,s20_f4,incomplete_all_existing_solved
ac19_39310,YYXXX,YYXyXXYYxxyyX,1,62871,s20_f4,incomplete_all_existing_solved
ac19_39314,YXXyx,YYXYxYxyyxxyx,3,62879 85761 94662,s20_mk2_mK2,incomplete_all_existing_solved
ac19_39327,YXXyx,YYXXyXYXyyXXYx,1,62907,s20_mk2,incomplete_all_existing_solved
ac19_39332,YXYXyx,YYXyXXyxYYxYX,1,62926,s20_f4,incomplete_all_existing_solved
ac19_39369,YYXXX,YYXXyyXyXYYxx,1,63007,s20_f4,incomplete_all_existing_solved
ac19_39375,YXXYx,YYYYxYXYXXyyyx,1,63028,s20_mk2_mK2,incomplete_all_existing_solved
ac19_39390,YYXXXXX,YYYXXXYXXXyX,1,63055,"baseline,s20_mk2,s20_mk2_mK2",incomplete_all_existing_solved
ac19_395,YYXXXYx,YYXYxyXyXYx,3,925 106149 126657,"baseline,s20_mk2,s20_mk2_mK2,s20_f4",never_10k
ac19_39512,YYXXX,YYXyyXXYxYXyxx,1,63295,s20_mk2,incomplete_all_existing_solved
ac19_39515,YXYXyx,YYXYXXyXyXYxx,1,63301,baseline,incomplete_all_existing_solved
ac19_39534,YXXyx,YYYXXXXXyyxxxx,1,63334,s20_mk2,incomplete_all_existing_solved
ac19_39549,YYXXX,YYYXXyXyyxxYX,1,63366,s20_mk2_mK2,incomplete_all_existing_solved
ac19_39585,YXXYx,YYYXXYXXYXyxYx,1,63441,"s20_mk2,s20_mk2_mK2",incomplete_all_existing_solved
ac19_39669,YXX,YYYXyyxYxyXyx,2,63610 127559,s20_f4,incomplete_all_existing_solved
ac19_39685,YYXXYXX,YYYXXyXXYYX,4,63636 67143 77127 116276,"s20_mk2,s20_mk2_mK2",incomplete_all_existing_solved
ac19_39691,YXYXYx,YYYXYXyXyyxxx,2,63647 71067,s20_f4,incomplete_all_existing_solved
ac19_39785,YXXyx,YYXyXXXyXYxyyx,1,63860,"s20_mk2_mK2,s20_f4",incomplete_all_existing_solved
ac19_39790,YXXYx,YYXXYxyXYxYXyx,1,63877,"baseline,s20_mk2",incomplete_all_existing_solved
ac19_3992,YXXXYXXXX,YYYXYXyyyX,1,4839,s20_mk2_mK2,incomplete_all_existing_solved
ac19_39940,YXXXX,YYxYXXyyXyx,2,64205 81633,"s20_mk2,s20_mk2_mK2",incomplete_all_existing_solved
ac19_39965,YXXYx,YYYXyXyxxYxyX,2,64260 89991,s20_f4,incomplete_all_existing_solved
ac19_3997,YYXXX,YYYXYXXyyXyxxx,1,4845,s20_f4,incomplete_all_existing_solved
ac19_39970,YXXXyXyxx,YYXYxyXyxx,2,64270 86178,s20_mk2,incomplete_all_existing_solved
ac19_39971,YXYXYx,YYXXYYXXyxxYx,1,64273,baseline,incomplete_all_existing_solved
ac19_39981,YXyXXyx,YYYYxyyxxYXyXYxyx,2,64293 134133,s20_mk2_mK2,incomplete_all_existing_solved
ac19_4002,YYXXX,YYxYXXXYXXXyx,2,4850 55184,baseline,incomplete_all_existing_solved
ac19_40036,YYXXXyx,YYXYXyyxYXyx,1,64428,s20_f4,incomplete_all_existing_solved
ac19_40041,YYXXyx,YYYXXyxyxYXXX,1,64436,s20_mk2,incomplete_all_existing_solved
ac19_40045,YXXXyxYx,YYXYxYXXXXX,1,64444,s20_mk2_mK2,incomplete_all_existing_solved
ac19_40046,YYXXX,YYXYxyyXXXYxyx,1,64445,s20_mk2,incomplete_all_existing_solved
ac19_40051,YXYXYx,YYXYXXXXYxYxx,2,64455 134602,baseline,incomplete_all_existing_solved
ac19_40055,YYXXX,YYYYXyXXyxxyX,1,64462,s20_mk2_mK2,incomplete_all_existing_solved
ac19_40060,YYXXX,YYXyXyxYxyxyx,3,64469 107868 111515,"baseline,s20_mk2",incomplete_all_existing_solved
ac19_4009,YXYXXYx,YXYxYXXyXyxx,3,4857 15181 140135,"baseline,s20_mk2_mK2,s20_f4",incomplete_all_existing_solved
ac19_4010,YXXyx,YYYXyyxyyXYXYx,2,4858 117336,s20_mk2,incomplete_all_existing_solved
ac19_40134,YXyXYxx,YYXYxYXYXyx,5,64651 65768 83565 134197 154216,s20_mk2_mK2,incomplete_all_existing_solved
ac19_4014,YYXXyx,YYYXXXYXXyXYx,1,4863,s20_mk2,incomplete_all_existing_solved
ac19_40164,YXXXXX,YYYxyXyyx,1,64701,"s20_mk2,s20_mk2_mK2",incomplete_all_existing_solved
ac19_40169,YXXYx,YYYxxyxyXyXXyx,1,64714,s20_mk2_mK2,incomplete_all_existing_solved
ac19_40170,YXX,YYXyXXyxxYXyx,1,64716,"s20_mk2,s20_mk2_mK2,s20_f4",incomplete_all_existing_solved
ac19_40174,YXXyx,YYYYXyxYxyxyyx,2,64725 101637,s20_mk2,incomplete_all_existing_solved
ac19_40180,YXXyx,YYXXYXyyXYxxyx,1,64736,s20_mk2,incomplete_all_existing_solved
ac19_40222,YYXXXXyx,YYYxyyxxyyX,1,64820,s20_mk2_mK2,incomplete_all_existing_solved
ac19_40281,YYXXYXX,YYYYXYXXYXXyXyx,1,64963,s20_mk2_mK2,incomplete_all_existing_solved
ac19_40290,YYXXXXX,YYYXyxxxyyyx,1,64987,s20_mk2,incomplete_all_existing_solved
ac19_40295,YXX,YYXYxYXyxYXyXyX,1,64998,"s20_mk2_mK2,s20_f4",incomplete_all_existing_solved
ac19_40300,YXXYXXyx,YYXXyxYXyyx,1,65017,s20_mk2,incomplete_all_existing_solved
ac19_40320,YXXyx,YYXYXyXXXXXyx,3,65072 120014 139017,s20_f4,incomplete_all_existing_solved
ac19_40342,YXyXXyx,YYYXyxxyXyx,2,65111 68034,s20_f4,incomplete_all_existing_solved
ac19_40346,YXXyx,YYYXXyxyXYxxyx,1,65124,baseline,incomplete_all_existing_solved
ac19_40409,YXXXXyXyx,YXYxyxYxyx,1,65275,s20_mk2_mK2,incomplete_all_existing_solved
ac19_40445,YYXXX,YYYXXyyxyXXYx,1,65366,s20_mk2,incomplete_all_existing_solved
ac19_40466,YYXXyx,YYXXyXXYYxxyX,1,65422,"baseline,s20_f4",incomplete_all_existing_solved
ac19_40506,YXXyx,YYXyXXYXXYXyyX,1,65487,baseline,incomplete_all_existing_solved
ac19_40537,YYXXXYx,YYXyyXyxyxYx,1,65548,s20_f4,incomplete_all_existing_solved
ac19_40547,YYXXYYXXX,YYXXXXXYx,3,65571 136472 138061,s20_mk2_mK2,incomplete_all_existing_solved
ac19_40569,YXXXXyxxYx,YXXYxxYXXXX,1,65616,s20_f4,incomplete_all_existing_solved
ac19_406,YXXYxYxx,YYXXYYxxx,2,936 110344,"s20_mk2,s20_mk2_mK2",incomplete_all_existing_solved
ac19_4060,YXYXyx,YYXyxYYXXXyyx,1,4916,s20_mk2,incomplete_all_existing_solved
ac19_4064,YXX,YYYYYXyXXXyyX,1,4920,s20_f4,incomplete_all_existing_solved
ac19_40644,YXXyx,YYXyXYXXXYxyyx,1,65798,s20_f4,incomplete_all_existing_solved
ac19_40649,YXXYXXyX,YYYXXyyyx,2,65807 152340,s20_f4,incomplete_all_existing_solved
ac19_40664,YXYXX,YYXXYYXXyXyXYx,1,65851,"s20_mk2,s20_f4",incomplete_all_existing_solved
ac19_40669,YXXyx,YYXyyXXyXYxxyx,1,65860,baseline,incomplete_all_existing_solved
ac19_40680,YYXXX,YYYXXyXyyXYxxx,1,65882,baseline,incomplete_all_existing_solved
ac19_40682,YXXyx,YYYXYxyyXXyX,3,65885 85914 150524,s20_f4,incomplete_all_existing_solved
ac19_40685,YXXYx,YYYXXyXyxxxyyx,1,65891,s20_mk2_mK2,incomplete_all_existing_solved
ac19_4074,YXYXYx,YYXXyxxYxyX,5,4932 7625 107374 120249 127983,"s20_mk2_mK2,s20_f4",incomplete_all_existing_solved
ac19_40760,YYXXX,YYXyXXXYxyyxYx,1,66039,baseline,incomplete_all_existing_solved
ac19_4077,YXyXXyx,YYYXyyxYxxx,3,4935 108134 137788,s20_mk2_mK2,incomplete_all_existing_solved
ac19_40789,YXXYx,YYXyxyXXYxyXYx,1,66110,s20_mk2,incomplete_all_existing_solved
ac19_40834,YYXXXyx,YYXXXyxxYxyX,1,66218,s20_mk2,incomplete_all_existing_solved
ac19_40880,YXXyx,YYYXXyxxYxyXyX,1,66304,baseline,incomplete_all_existing_solved
ac19_40895,YXXyx,YYYXyXYxxyyxx,1,66344,s20_f4,incomplete_all_existing_solved
ac19_40906,YXXYx,YYXXyXYYxyXyxx,1,66368,baseline,incomplete_all_existing_solved
ac19_40911,YXXYx,YYYXXyXYYXYx,3,66379 76414 111341,"baseline,s20_mk2,s20_mk2_mK2",incomplete_all_existing_solved
ac19_40919,YYXXX,YYXYXXyxyyXYx,3,66391 112253 135523,"s20_mk2,s20_mk2_mK2",incomplete_all_existing_solved
ac19_40926,YXXYxxyx,YYxYxxYxxyX,2,66411 75403,s20_mk2_mK2,incomplete_all_existing_solved
ac19_40931,YYXXXyxx,YYXXYXXXXYx,2,66429 110259,"baseline,s20_mk2",incomplete_all_existing_solved
ac19_40937,YXXYx,YYYYXyyXYXyxYx,2,66444 82476,s20_f4,incomplete_all_existing_solved
ac19_40955,YYXXX,YYYXYXXyxyXyx,3,66475 112667 140939,s20_mk2,incomplete_all_existing_solved
ac19_40987,YXXYxYxYx,YYYYXXYxxx,1,66563,s20_mk2_mK2,incomplete_all_existing_solved
ac19_40992,YYXXX,YYYxxyyXXyyx,1,66587,s20_mk2_mK2,incomplete_all_existing_solved
ac19_40999,YYXXYx,YYXYxYXyXYXYx,1,66602,baseline,incomplete_all_existing_solved
ac19_41019,YXYXyx,YYYxYYXyxyXyXXX,2,66646 114441,s20_mk2,incomplete_all_existing_solved
ac19_41027,YXXyx,YYXXYYxxyyXXyX,1,66658,s20_mk2,incomplete_all_existing_solved
ac19_41037,YXXYx,YYYXYXXYXXYxYx,1,66680,s20_mk2_mK2,incomplete_all_existing_solved
ac19_4104,YXXyx,YYXXYxyXyyxYX,3,4966 50939 144375,baseline,incomplete_all_existing_solved
ac19_41041,YYXXX,YYXXyXYXyXYYx,1,66685,s20_mk2,incomplete_all_existing_solved
ac19_41085,YYXXYx,YYYXyxyyxxYXX,1,66790,s20_mk2,incomplete_all_existing_solved
ac19_411,YXXYx,YYYYYXYXyXyyxx,1,941,baseline,incomplete_all_existing_solved
ac19_4117,YXXyx,YYYYYXYxyyyXyyX,2,4980 55790,s20_mk2_mK2,incomplete_all_existing_solved
ac19_41177,YXXyx,YYYXyyXYxyXyyX,3,67012 95323 128483,s20_f4,incomplete_all_existing_solved
ac19_41182,YXYXYx,YYYXXXyXYxxYx,1,67022,baseline,incomplete_all_existing_solved
ac19_41184,YYXXYYx,YYXXyXXYYxxx,1,67024,s20_f4,incomplete_all_existing_solved
ac19_41190,YXXXXYx,YYxyXXyxyx,3,67037 99149 112135,s20_mk2,incomplete_all_existing_solved
ac19_41194,YXXXyXyx,YYYXyXyyx,3,67046 68262 132427,s20_mk2_mK2,incomplete_all_existing_solved
ac19_41250,YXXXyxx,YYYXyxyyXyxx,1,67176,s20_mk2,incomplete_all_existing_solved
ac19_41254,YXYXX,YYYYXXXXyyxYX,1,67183,"s20_mk2,s20_f4",incomplete_all_existing_solved
ac19_41276,YXXYxxyX,YYXXyxxYXyx,2,67249 119293,baseline,incomplete_all_existing_solved
ac19_41316,YXXyx,YYYYYXXyyyXyX,2,67342 155293,"baseline,s20_f4",incomplete_all_existing_solved
ac19_41322,YXXXXYx,YYXyyXyxxxx,4,67354 91865 115644 129580,"s20_mk2,s20_mk2_mK2",incomplete_all_existing_solved
ac19_41342,YXYxyx,YYYXyxxxxYXYx,1,67403,s20_mk2,incomplete_all_existing_solved
ac19_41361,YXX,YYYxyXyXyXYxxyx,1,67439,"s20_mk2_mK2,s20_f4",incomplete_all_existing_solved
ac19_41391,YXXYx,YYXyxxyXXXYxx,3,67490 109791 109926,baseline,incomplete_all_existing_solved
ac19_414,YXYXXYx,YYYXyXyx,9,944 5792 56610 105855 112326 119598 121499 122207 148209,s20_mk2_mK2,incomplete_all_existing_solved
ac19_4140,YXXXyxx,YYXyXYXXyXX,4,5006 68183 69276 103314,s20_f4,incomplete_all_existing_solved
ac19_4145,YXXYx,YYXYxxYXyXyxYX,1,5013,s20_f4,incomplete_all_existing_solved
ac19_41456,YYXXX,YYYxyXyxyXyx,2,67645 140236,s20_mk2_mK2,incomplete_all_existing_solved
ac19_41465,YYXXyxx,YXYxYXXyx,7,67659 107045 113201 116303 126095 142480 153968,baseline,incomplete_all_existing_solved
ac19_4150,YXXYx,YYXyxYxxyXYYXX,1,5018,s20_mk2,incomplete_all_existing_solved
ac19_41532,YXXyx,YYYXXyyxxxxxxx,1,67813,s20_mk2,incomplete_all_existing_solved
ac19_4155,YXYXyx,YYYXyyyXYxx,4,5023 73056 79705 101238,"baseline,s20_f4",incomplete_all_existing_solved
ac19_41575,YXXYx,YYYYXyyXyyyxxx,1,67926,s20_mk2,incomplete_all_existing_solved
ac19_41581,YYYXXXX,YYYXYXyXyxyx,1,67942,baseline,incomplete_all_existing_solved
ac19_416,YXXXXXyxYx,YYYXXXXXXyX,2,946 98324,s20_f4,incomplete_all_existing_solved
ac19_4165,YXYXXXX,YYxYXXyXXyx,3,5035 125545 126639,"s20_mk2_mK2,s20_f4",incomplete_all_existing_solved
ac19_41657,YXXyx,YYXyxYXXXXyxxx,1,68144,"s20_mk2_mK2,s20_f4",incomplete_all_existing_solved
ac19_41671,YYXXXXYX,YYXyyxxyyxx,1,68177,s20_f4,incomplete_all_existing_solved
ac19_41692,YYXXXXyX,YYXXYXXyXyX,1,68230,s20_f4,incomplete_all_existing_solved
ac19_41694,YYXXXyxx,YYYXYXYYXXX,1,68233,s20_mk2,incomplete_all_existing_solved
ac19_41695,YXXXX,YYYYXXyyyX,2,68234 118799,baseline,incomplete_all_existing_solved
ac19_41697,YYXXXyxx,YYYXXXXYX,2,68236 95381,s20_mk2_mK2,incomplete_all_existing_solved
ac19_41699,YXXYx,YYYXyyXXXYYxx,2,68239 70476,s20_f4,incomplete_all_existing_solved
ac19_41702,YXYXX,YYXYxyXyXyXYxx,1,68243,s20_f4,incomplete_all_existing_solved
ac19_41724,YXXyx,YYXYxyyXYXXyXX,1,68289,s20_f4,incomplete_all_existing_solved
ac19_41734,YXYXX,YYYxxyXXYXyXyx,1,68313,s20_f4,incomplete_all_existing_solved
ac19_41765,YXXyx,YYYXyyXYxxyyyX,1,68379,s20_f4,incomplete_all_existing_solved
ac19_41780,YXXYx,YYXyXyxxYXYXyx,1,68420,s20_f4,incomplete_all_existing_solved
ac19_41790,YXXXyxx,YYYXXXXyyxx,1,68448,baseline,incomplete_all_existing_solved
ac19_41795,YXXyx,YYYYXyxyxxxxyX,1,68464,s20_mk2,incomplete_all_existing_solved
ac19_41806,YXYXyx,YYXyXXyxxYxyX,1,68492,s20_mk2_mK2,incomplete_all_existing_solved
ac19_41832,YXXyx,YYYXYYxyyXyyXXX,2,68548 141873,s20_f4,incomplete_all_existing_solved
ac19_41915,YYXXYx,YYYXXYXyxxxYX,1,68769,s20_f4,incomplete_all_existing_solved
ac19_41920,YXX,YYXyXYxYXXXyx,1,68778,baseline,incomplete_all_existing_solved
ac19_41925,YYXXXyxx,YXXXXXXYxxx,1,68790,s20_mk2_mK2,incomplete_all_existing_solved
ac19_41930,YXXyx,YYXXYXyyXXXyyx,1,68800,"s20_mk2,s20_mk2_mK2",incomplete_all_existing_solved
ac19_41960,YYXXYYx,YYXXYxYxYX,4,68863 81139 119367 151296,s20_mk2_mK2,incomplete_all_existing_solved
ac19_41965,YXXyx,YYXXyXXXXYXXyx,1,68869,s20_mk2,incomplete_all_existing_solved
ac19_41994,YXXyx,YYXyXXXyxYXyyX,1,68932,"baseline,s20_mk2_mK2",incomplete_all_existing_solved
ac19_42005,YX,YYXXXyXYxYx,2,68955 116269,"s20_mk2,s20_mk2_mK2,s20_f4",incomplete_all_existing_solved
ac19_42006,YXXX,YYYYXYxyxyyyXyx,1,68957,s20_mk2,incomplete_all_existing_solved
ac19_42026,YXYXyx,YYYXyXyXXYxYX,3,69006 103585 127348,s20_f4,incomplete_all_existing_solved
ac19_42027,YXXYx,YYYxYXXXyxyXYx,1,69009,"s20_mk2_mK2,s20_f4",incomplete_all_existing_solved
ac19_42070,YXYxyx,YYXYxYxxYxxyX,1,69103,s20_f4,incomplete_all_existing_solved
ac19_42090,YXX,YYYYXyyXyXYYXyx,1,69141,s20_mk2_mK2,incomplete_all_existing_solved
ac19_42110,YXXyx,YYXYXXXYXyyXyx,1,69185,"s20_mk2,s20_mk2_mK2,s20_f4",incomplete_all_existing_solved
ac19_42112,YYXXX,YYYYXXXXXXYXX,2,69187 130831,s20_f4,incomplete_all_existing_solved
ac19_42127,YYXXXXyx,YYXXyyXyxYx,1,69216,baseline,incomplete_all_existing_solved
ac19_42155,YXXYxxyX,YYXXXYxYxyX,3,69271 92882 93447,s20_f4,incomplete_all_existing_solved
ac19_42160,YXXYx,YYXXXYxxyXXYxx,1,69279,baseline,incomplete_all_existing_solved
ac19_42175,YXXyxYx,YYYxyXYxxyyX,1,69317,s20_mk2,incomplete_all_existing_solved
ac19_42184,YXYXYx,YYXXXXyXYxxxx,2,69332 70660,s20_mk2_mK2,incomplete_all_existing_solved
ac19_422,YYXXXXyx,YYxxYXXXyyX,1,952,s20_mk2_mK2,incomplete_all_existing_solved
ac19_42254,YXXXyxYx,YXYXyxYXXyx,3,69476 83845 140066,s20_mk2,incomplete_all_existing_solved
ac19_42265,YYXXYx,YYXyXyxxYYXyx,1,69494,baseline,incomplete_all_existing_solved
ac19_4227,YXYXyx,YYXXXyXYYxx,10,5108 15397 38293 50119 53227 54779 107039 122203 144359 145005,s20_mk2_mK2,incomplete_all_existing_solved
ac19_42316,YXXyx,YYYXyXyXXYxyXXX,1,69635,s20_mk2_mK2,incomplete_all_existing_solved
ac19_4232,YYXXX,YYXYXYxyXyXyx,5,5114 61069 93989 104893 149811,baseline,incomplete_all_existing_solved
ac19_4236,YYXXYXX,YYYXYXyXyyxx,1,5118,s20_mk2,incomplete_all_existing_solved
ac19_42366,YXYXyXYxyx,YYXXXyxYxyx,6,69744 77568 82199 93232 149082 155153,baseline,incomplete_all_existing_solved
ac19_42376,YYXXyx,YYXXYxyxYXyyx,1,69772,"s20_mk2_mK2,s20_f4",incomplete_all_existing_solved
ac19_42392,YXXYXXyX,YYXXXyyXXYX,2,69807 95996,s20_mk2,incomplete_all_existing_solved
ac19_42401,YXXyx,YYXYXyXXXXyXXX,1,69825,s20_mk2_mK2,incomplete_all_existing_solved
ac19_4242,YXXyx,YYXyXYxxYXyxyx,1,5124,s20_mk2,incomplete_all_existing_solved
ac19_42476,YXXyx,YYXYxYxyyxxyxx,1,70009,baseline,incomplete_all_existing_solved
ac19_42484,YXYXyx,YYYXXyxYxYXXX,1,70019,baseline,incomplete_all_existing_solved
ac19_42485,YYXXYxxxyxx,YYXXXyxxxxx,3,70020 110349 147509,s20_f4,incomplete_all_existing_solved
ac19_42496,YXXyx,YYXXyyxxxxYxxx,1,70043,s20_f4,incomplete_all_existing_solved
ac19_42517,YXYxyx,YYXXyyxxxyyXX,1,70092,s20_mk2,incomplete_all_existing_solved
ac19_42551,YXXYx,YYYXXXYYxYXXyx,1,70167,"baseline,s20_mk2",incomplete_all_existing_solved
ac19_42561,YYXXX,YYYYYYXXyXyXyX,1,70191,s20_f4,incomplete_all_existing_solved
ac19_4259,YXYXyx,YYXXXyxYYxxyX,1,5144,"s20_mk2,s20_mk2_mK2,s20_f4",incomplete_all_existing_solved
ac19_42607,YXYxyx,YYYXXYxyxYxxx,1,70291,baseline,incomplete_all_existing_solved
ac19_42617,YYXXYx,YYxxyXXYxxyXX,1,70315,s20_mk2,incomplete_all_existing_solved
ac19_42632,YXXyx,YYYXyXyXyyXXXX,2,70349 119341,s20_mk2_mK2,incomplete_all_existing_solved
ac19_42642,YXX,YYYXyXYYXyXyyx,2,70371 71555,s20_mk2,incomplete_all_existing_solved
ac19_42647,YXXyx,YYXyXyxxxxxxyX,1,70379,s20_mk2,incomplete_all_existing_solved
ac19_4266,YYXXXYxx,YYYXyXXYYxx,1,5153,baseline,incomplete_all_existing_solved
ac19_427,YXXXyxx,YYXXyXYXyx,13,957 7379 15149 15534 30321 87655 91037 99920 104551 110438 114335 121964 156037,s20_mk2_mK2,incomplete_all_existing_solved
ac19_42724,YXXX,YYYXYYXyyXXyX,1,70542,s20_mk2_mK2,incomplete_all_existing_solved
ac19_42740,YYXXYx,YYYYYXXYXYx,2,70578 105139,s20_mk2_mK2,incomplete_all_existing_solved
ac19_42744,YYXXyxxyX,YYXXYXXyyX,1,70595,s20_f4,incomplete_all_existing_solved
ac19_4277,YXYXyx,YYYXyXyXyxxxx,2,5168 97665,s20_f4,incomplete_all_existing_solved
ac19_42770,YXXYXXyxx,YYxyXyXyxx,1,70651,s20_f4,incomplete_all_existing_solved
ac19_4282,YXXYx,YYYYXXXyyyxYYx,2,5175 112044,"s20_mk2,s20_mk2_mK2",incomplete_all_existing_solved
ac19_42829,YYXXYXX,YYYXYXyyXyxx,1,70780,s20_f4,incomplete_all_existing_solved
ac19_4287,YXYXyx,YYYXyXXyxYx,4,5180 18069 72107 125470,s20_mk2_mK2,incomplete_all_existing_solved
ac19_4290,YXXyx,YYXyXXYXyX,20,5183 6002 6810 7092 16677 24015 28801 64931 81361 81598 82171 88268 89861 115543 118131 128144 139285 152638 155542 155977,"baseline,s20_mk2",incomplete_all_existing_solved
ac19_42906,YXX,YYYXyXyyXYxx,3,70965 73410 111937,"baseline,s20_mk2",incomplete_all_existing_solved
ac19_4292,YYXXX,YYxxyxyXXyx,6,5186 17101 40006 52021 99638 138672,s20_mk2_mK2,incomplete_all_existing_solved
ac19_42944,YXXyx,YYXXXyXXYxxyXX,1,71065,s20_mk2_mK2,incomplete_all_existing_solved
ac19_42956,YXYXYx,YYXYXyXyXYxxx,2,71097 81722,"baseline,s20_f4",incomplete_all_existing_solved
ac19_42959,YXXyx,YYYXyyyXYXyxyx,2,71114 99524,s20_f4,incomplete_all_existing_solved
ac19_4297,YYYXXXXX,YYYXXXXYXXX,1,5193,"baseline,s20_mk2,s20_mk2_mK2,s20_f4",never_10k
ac19_4300,YXXyx,YYYXyyXYxYxyyx,2,5196 32872,"s20_mk2_mK2,s20_f4",incomplete_all_existing_solved
ac19_43019,YXXXyxYx,YYYYXXXYXyX,1,71284,s20_f4,incomplete_all_existing_solved
ac19_43024,YXYXyx,YYYXXyxYxyXXX,1,71296,"s20_mk2,s20_mk2_mK2",incomplete_all_existing_solved
ac19_43029,YXyXXyX,YYXXXyxxxyX,3,71304 124577 133698,s20_mk2_mK2,incomplete_all_existing_solved
ac19_43054,YXX,YYYxxyyxyXyyx,1,71361,"s20_mk2,s20_mk2_mK2,s20_f4",incomplete_all_existing_solved
ac19_43067,YXXyx,YYYYXYXyyyXXyX,1,71396,s20_mk2,incomplete_all_existing_solved
ac19_43090,YYXXX,YYYXXXYxyyXYXX,1,71444,s20_f4,incomplete_all_existing_solved
ac19_43109,YXXyx,YYYXyxxyxxYxyx,1,71471,s20_mk2,incomplete_all_existing_solved
ac19_4311,YXXyx,YYYXXYXyyyxxxx,2,5208 43216,s20_f4,incomplete_all_existing_solved
ac19_43131,YXXXXYx,YYXXXXXXYxx,6,71512 108481 131394 142671 147445 153736,baseline,incomplete_all_existing_solved
ac19_43136,YYXXX,YYXYXXyXyyxYxx,1,71536,baseline,incomplete_all_existing_solved
ac19_43146,YXYXX,YYXyXXyxYYXyxx,1,71563,s20_mk2_mK2,incomplete_all_existing_solved
ac19_4315,YXXyx,YYXXyXXXYXyxx,3,5213 53468 143337,"baseline,s20_mk2,s20_mk2_mK2,s20_f4",never_10k
ac19_432,YXXyx,YYYYXyXyXyXX,6,962 3511 16458 36906 94872 146427,baseline,incomplete_all_existing_solved
ac19_4322,YYXXX,YYYXyyXYXyx,6,5223 21854 61091 100478 127974 144439,"baseline,s20_mk2",incomplete_all_existing_solved
ac19_43225,YXYXyx,YYxYYxyxyXyXX,1,71763,"baseline,s20_mk2",incomplete_all_existing_solved
ac19_4326,YYXXX,YYXYXYXyXyXYx,4,5228 10992 23067 38891,"s20_mk2,s20_mk2_mK2",incomplete_all_existing_solved
ac19_43281,YXXyx,YYXYXyyXXXyyxx,1,71913,s20_mk2,incomplete_all_existing_solved
ac19_4331,YX,YYXXyxYYxyXyx,1,5233,baseline,incomplete_all_existing_solved
ac19_43316,YYXXyxx,YYYYxxYYXXyX,1,71990,s20_f4,incomplete_all_existing_solved
ac19_43317,YYXXXyyxx,YYXyxxxxyyx,1,71991,s20_mk2_mK2,incomplete_all_existing_solved
ac19_43346,YYXXX,YYYYYYXXXyyXyX,1,72063,s20_mk2,incomplete_all_existing_solved
ac19_43355,YXXyx,YYXyXXyxxxYXX,3,72082 126183 131840,s20_mk2_mK2,incomplete_all_existing_solved
ac19_43371,YXyxYXXyx,YYXyxYXyyxxYxx,1,72120,baseline,incomplete_all_existing_solved
ac19_43431,YXXyx,YYYYXYXyyxxyyX,2,72259 111928,s20_mk2_mK2,incomplete_all_existing_solved
ac19_43480,YYXYXXXyx,YYXXYxyXyx,1,72359,baseline,incomplete_all_existing_solved
ac19_43532,YXXYx,YYXXYYXXYxxyyx,1,72466,s20_f4,incomplete_all_existing_solved
ac19_43542,YXXyx,YYXyxxxyXXyxx,3,72495 111896 122946,baseline,incomplete_all_existing_solved
ac19_43572,YXXyxYx,YYYxxxYXXXyX,1,72566,s20_mk2,incomplete_all_existing_solved
ac19_43577,YXXXyxx,YYXyxxYXXyx,3,72578 119842 142907,baseline,incomplete_all_existing_solved
ac19_43587,YXXyx,YYXYXyyxxYxyXX,1,72601,s20_mk2,incomplete_all_existing_solved
ac19_43606,YXXyx,YYYXXYYXyxyyxyxx,1,72644,s20_f4,incomplete_all_existing_solved
ac19_43654,YXYxYXXYx,YYXYXXyxYx,2,72767 103146,s20_mk2,incomplete_all_existing_solved
ac19_43720,YXYXYx,YYYXXyxxyyXYx,1,72903,baseline,incomplete_all_existing_solved
ac19_43736,YXXyXYx,YYXYXXXyXXYx,2,72940 119791,baseline,incomplete_all_existing_solved
ac19_43801,YXXyXyX,YYxYXyxyxyX,5,73097 82697 92673 131203 134577,s20_mk2_mK2,incomplete_all_existing_solved
ac19_4382,YYXXyx,YYXyXXXYxYxyx,1,5295,s20_f4,incomplete_all_existing_solved
ac19_43847,YXyXYxx,YYYXXyyxYxyx,1,73194,s20_f4,incomplete_all_existing_solved
ac19_4387,YYXXyxx,YYXXyyxYxYx,3,5302 17400 77935,baseline,incomplete_all_existing_solved
ac19_43881,YYYXXXXyx,YYXXXXyxx,1,73270,s20_mk2,incomplete_all_existing_solved
ac19_43887,YXXXXYx,YYXXXXXyXYYx,2,73289 108992,"baseline,s20_mk2",incomplete_all_existing_solved
ac19_43904,YYXXX,YYXYXXXXXXyxYx,1,73324,baseline,incomplete_all_existing_solved
ac19_43959,YXYXyx,YYxyXXyXYXYxx,2,73455 112289,s20_mk2,incomplete_all_existing_solved
ac19_43975,YXXyx,YYXXXyyXXyX,6,73489 97334 102579 110711 121959 136823,s20_mk2_mK2,incomplete_all_existing_solved
ac19_43982,YYXXX,YYYYXYXXXyyX,3,73499 93347 135186,s20_f4,incomplete_all_existing_solved
ac19_43984,YXX,YYYXYYXyyXyXyx,1,73504,s20_mk2_mK2,incomplete_all_existing_solved
ac19_43994,YXX,YYxYXXXyXyyXYx,1,73535,baseline,incomplete_all_existing_solved
ac19_4402,YXXyx,YYYXyxyXyxxYXX,1,5320,baseline,incomplete_all_existing_solved
ac19_44069,YXXyx,YYYYXyXXyXXXyx,1,73707,s20_mk2_mK2,incomplete_all_existing_solved
ac19_4411,YXXyXYx,YYxxxyxyXXyX,2,5329 36260,s20_mk2,incomplete_all_existing_solved
ac19_44110,YXX,YYYXYYxyXyyXyX,1,73802,s20_mk2_mK2,incomplete_all_existing_solved
ac19_4416,YXXyx,YYXyXXXYXXXXyx,1,5334,baseline,incomplete_all_existing_solved
ac19_44196,YXXyx,YYXXXyXyyXYXYX,1,74003,s20_mk2,incomplete_all_existing_solved
ac19_4421,YYXXX,YYYYXXXyXyxyx,2,5340 84459,"baseline,s20_mk2,s20_mk2_mK2",incomplete_all_existing_solved
ac19_4426,YXXyx,YYXyyXXYxyXyX,3,5345 37638 140178,"s20_mk2,s20_f4",incomplete_all_existing_solved
ac19_44271,YXXYx,YYXXYXYYxyXYx,3,74192 103529 118702,"baseline,s20_mk2,s20_f4",incomplete_all_existing_solved
ac19_44276,YYXXyx,YYYXXXXYYxxyX,1,74205,s20_f4,incomplete_all_existing_solved
ac19_4431,YXX,YYYYXyyXYYXyXyx,1,5350,"baseline,s20_mk2",incomplete_all_existing_solved
ac19_44331,YYXXyx,YYXXyxYXXXXYx,1,74348,s20_mk2,incomplete_all_existing_solved
ac19_44346,YXYXyx,YYYXXYXXXyXYx,1,74381,s20_mk2,incomplete_all_existing_solved
ac19_4445,YXXyXyx,YYxyXXyxyX,6,5367 15712 16574 45448 79532 151943,s20_mk2_mK2,incomplete_all_existing_solved
ac19_44455,YXXYxxyxx,YYXXyyxxxxYX,1,74633,s20_f4,incomplete_all_existing_solved
ac19_44480,YYXXX,YYYXXXXXyXXYxx,1,74683,s20_f4,incomplete_all_existing_solved
ac19_44485,YXXyx,YYYXyxxyXXXXXX,1,74690,s20_mk2,incomplete_all_existing_solved
ac19_4450,YXYXYx,YYYXXYYXXyxYx,1,5372,s20_f4,incomplete_all_existing_solved
ac19_44540,YXXYxxyX,YYXXXXXXYxx,1,74819,s20_f4,incomplete_all_existing_solved
ac19_4455,YXXYx,YYXYxYYXyyX,11,5377 17794 18224 22355 31152 37700 47250 54908 91836 95900 136025,"baseline,s20_mk2",incomplete_all_existing_solved
ac19_44596,YXXXyxYx,YYXXXyxYxyx,2,74967 111576,s20_f4,incomplete_all_existing_solved
ac19_4464,YYXXyx,YXXYxxyXXYx,4,5387 20597 79539 108959,s20_mk2,incomplete_all_existing_solved
ac19_4465,YXXyXyxx,YYXXyxxxx,8,5389 23852 28943 39979 49338 55210 97534 122140,s20_f4,incomplete_all_existing_solved
ac19_44684,YYXXX,YYYXyXyXYxyx,2,75199 118974,baseline,incomplete_all_existing_solved
ac19_4469,YXXyx,YYYXyxyXyXyX,6,5393 9904 11682 80949 101799 106129,s20_mk2_mK2,incomplete_all_existing_solved
ac19_44741,YXXyx,YYXYxyXYXyyXXX,1,75329,"s20_mk2,s20_mk2_mK2",incomplete_all_existing_solved
ac19_44809,YYXXyxx,YYXXYxxYXYxYx,1,75466,baseline,incomplete_all_existing_solved
ac19_44842,YXYXyx,YYXXyyXXYxxyx,1,75528,baseline,incomplete_all_existing_solved
ac19_44906,YYXXX,YYYXXXyXyXYYx,2,75700 86419,s20_mk2_mK2,incomplete_all_existing_solved
ac19_44909,YXyXXYxyx,YYxxyXYxyX,3,75708 87826 103980,s20_mk2,incomplete_all_existing_solved
ac19_44930,YXXyx,YYYXyyxxxxyyXX,1,75758,s20_mk2,incomplete_all_existing_solved
ac19_44957,YXXyx,YYXXyXXXyXYXX,3,75825 91590 104863,s20_f4,incomplete_all_existing_solved
ac19_45001,YXXYx,YYYXXyXyXYxxyx,1,75924,s20_f4,incomplete_all_existing_solved
ac19_45022,YYXXyx,YYXyXXYXyxYYx,1,75971,s20_mk2_mK2,incomplete_all_existing_solved
ac19_45136,YXXyx,YYXyXXXyxxyX,5,76262 78263 81895 89937 122780,s20_mk2_mK2,incomplete_all_existing_solved
ac19_45189,YYXXYx,YYxYxxyXyXXYX,1,76393,s20_f4,incomplete_all_existing_solved
ac19_4520,YXXXyxx,YYXYXXXyXyX,3,5452 97990 104434,baseline,incomplete_all_existing_solved
ac19_45246,YYXXYXYXX,YYxYXXyXyx,1,76509,s20_f4,incomplete_all_existing_solved
ac19_4525,YYXXXyX,YYXYXyyX,12,5457 33287 55914 55936 63198 67843 71166 93081 99799 100589 106705 142707,baseline,incomplete_all_existing_solved
ac19_45250,YXXX,YYYXyyXXYxyyx,2,76515 125046,s20_mk2,incomplete_all_existing_solved
ac19_45265,YXYXyx,YYYXYXyXXXyxx,1,76551,"baseline,s20_f4",incomplete_all_existing_solved
ac19_45270,YYXXXyX,YYXXXyyXYx,2,76560 104622,baseline,incomplete_all_existing_solved
ac19_45275,YXYXX,YYYXXXXyyxYYXX,1,76577,s20_f4,incomplete_all_existing_solved
ac19_4532,YXXXyxx,YYXXXXyXYXyx,7,5465 48177 52665 76957 87111 98130 124064,s20_mk2,incomplete_all_existing_solved
ac19_45340,YXXyx,YYYXXXYXyyXXyX,1,76721,s20_mk2,incomplete_all_existing_solved
ac19_4537,YYXXYXX,YYYYXXXyxyX,5,5470 23831 35441 126345 143909,"baseline,s20_mk2_mK2",incomplete_all_existing_solved
ac19_4540,YXYXXYx,YYxYXyyX,9,5474 37833 55294 68536 76172 83181 89512 110073 151502,"baseline,s20_mk2_mK2",incomplete_all_existing_solved
ac19_4542,YXXXyxx,YYXyXXyxyxx,3,5476 35842 149108,s20_mk2_mK2,incomplete_all_existing_solved
ac19_4545,YXXYx,YYYXyXXXyxYYx,4,5479 42593 72194 74295,s20_mk2,incomplete_all_existing_solved
ac19_4547,YXXyx,YYYXyyxyyxyXYx,3,5481 10614 118878,"baseline,s20_mk2,s20_mk2_mK2",incomplete_all_existing_solved
ac19_4549,YXXYXXyxx,YYYxxyXXyX,1,5484,s20_f4,incomplete_all_existing_solved
ac19_4562,YXXyxYx,YXYXXYxx,27,5497 5580 7900 9114 9588 10973 11523 16100 20673 20812 42506 47832 67513 67548 69166 70917 83806 105741 113054 122730 124285 127519 129276 138497 144063 151109 151435,s20_mk2,incomplete_all_existing_solved
ac19_45626,YYXXyx,YYXXYYxyXYXyx,1,77441,s20_f4,incomplete_all_existing_solved
ac19_45647,YYXXYXX,YYXyXXXyxxYx,1,77491,s20_mk2,incomplete_all_existing_solved
ac19_45666,YXXyx,YYXyXyxxxyyxYX,1,77550,s20_mk2_mK2,incomplete_all_existing_solved
ac19_4567,YXYXYx,YYXyXXyxYYx,8,5503 16901 30597 33153 39991 68815 77354 107398,"baseline,s20_mk2",incomplete_all_existing_solved
ac19_45675,YYXXyx,YYXYXXyXYYXyx,1,77576,"baseline,s20_mk2,s20_mk2_mK2",incomplete_all_existing_solved
ac19_4569,YYXXX,YYYXYXXXYXyXyx,1,5506,"s20_mk2,s20_mk2_mK2,s20_f4",incomplete_all_existing_solved
ac19_45735,YYXXXyx,YYYXXXyXYXXX,1,77706,baseline,incomplete_all_existing_solved
ac19_4574,YXXyx,YYXXYxyXYXXyyx,1,5512,"baseline,s20_mk2,s20_mk2_mK2,s20_f4",never_10k
ac19_45836,YXyxYXXyx,YYXyXYxyXyXYX,1,77954,s20_mk2_mK2,incomplete_all_existing_solved
ac19_4585,YXYXyx,YYXXXXyXyxYxx,3,5525 44152 128283,s20_mk2_mK2,incomplete_all_existing_solved
ac19_45856,YXYxYXXYx,YYYYYXyXYx,2,77999 81026,s20_f4,incomplete_all_existing_solved
ac19_4595,YXXyx,YYYYXXXXyyxyX,1,5536,"baseline,s20_mk2",incomplete_all_existing_solved
ac19_4602,YXXXyXyx,YYxxyXYxxyX,2,5543 86955,"baseline,s20_mk2_mK2",incomplete_all_existing_solved
ac19_46057,YXYXYx,YYXXyyXyxyxxx,1,78486,"baseline,s20_mk2",incomplete_all_existing_solved
ac19_4607,YXXyx,YYXXXXXXXXXyx,3,5548 23870 132938,"baseline,s20_f4",incomplete_all_existing_solved
ac19_46096,YXXyx,YYYXXyXyxYXXyX,1,78564,"baseline,s20_mk2",incomplete_all_existing_solved
ac19_46159,YXXYx,YYXXyyXYXYxxYx,1,78719,s20_mk2,incomplete_all_existing_solved
ac19_46167,YXXyx,YYYYXYYXyxxyyyyx,1,78736,s20_f4,incomplete_all_existing_solved
ac19_46179,YXYXX,YYYXyXyXXYxyxx,1,78764,"s20_mk2,s20_f4",incomplete_all_existing_solved
ac19_46182,YYXXXYX,YYXyyxxYYXyX,1,78771,baseline,incomplete_all_existing_solved
ac19_46199,YXXyx,YYXYXYxxxyXyyX,1,78827,"baseline,s20_f4",incomplete_all_existing_solved
ac19_46204,YXXXX,YYYXyxYXyxyyx,1,78840,baseline,incomplete_all_existing_solved
ac19_46219,YYXXYx,YYYYXyyxyXXYx,1,78880,"s20_mk2_mK2,s20_f4",incomplete_all_existing_solved
ac19_46224,YXXyxYx,YYXXYxxyXyxx,2,78891 94133,"baseline,s20_mk2,s20_mk2_mK2,s20_f4",never_10k
ac19_46226,YXXyx,YYXYxyyxyxxYxx,1,78895,s20_f4,incomplete_all_existing_solved
ac19_46274,YYXXyx,YYXXYXXXYYxyx,1,79016,s20_f4,incomplete_all_existing_solved
ac19_46276,YXXyx,YYXyyXYXXyxyX,3,79019 107472 126590,s20_mk2,incomplete_all_existing_solved
ac19_46427,YXYXX,YYXXXyyxxYYxyX,1,79414,s20_mk2,incomplete_all_existing_solved
ac19_46495,YXYXyx,YYXyXYXyyXYxx,1,79579,baseline,incomplete_all_existing_solved
ac19_46499,YXXyx,YYYXyxyxYxxyX,3,79589 122903 129392,"s20_mk2_mK2,s20_f4",incomplete_all_existing_solved
ac19_4650,YXXXyxx,YYXXYxxyyXX,2,5595 109746,"s20_mk2,s20_mk2_mK2",incomplete_all_existing_solved
ac19_46506,YXXyx,YYXyXXyXYxyXYX,1,79615,s20_mk2,incomplete_all_existing_solved
ac19_46520,YXXyx,YYXyxxyyxYxxYx,1,79663,s20_f4,incomplete_all_existing_solved
ac19_46530,YXXYx,YYYXXXyyxxxyyx,1,79683,"baseline,s20_mk2_mK2",incomplete_all_existing_solved
ac19_46539,YXYxYXXYx,YYYXXYxYXXYXYxx,1,79711,s20_mk2_mK2,incomplete_all_existing_solved
ac19_4655,YYXXXYx,YYXyxxxyyX,2,5601 108711,baseline,incomplete_all_existing_solved
ac19_46559,YXXXyXyxx,YYxyxYxyXX,2,79773 131666,s20_mk2_mK2,incomplete_all_existing_solved
ac19_4657,YXXXyXYx,YYXYxyxyXyx,1,5603,s20_f4,incomplete_all_existing_solved
ac19_46575,YYXXXYX,YYXyXyyxyxYx,1,79836,s20_mk2_mK2,incomplete_all_existing_solved
ac19_466,YXXYXXX,YYXyXyXYx,10,997 28142 35786 48366 58317 69982 73634 101139 112743 134753,"s20_mk2,s20_mk2_mK2",incomplete_all_existing_solved
ac19_46601,YXXYx,YYYXYYYXXXyxx,2,79905 113001,s20_mk2_mK2,incomplete_all_existing_solved
ac19_46687,YXXyx,YYYXyyxyXXXXyX,1,80110,baseline,incomplete_all_existing_solved
ac19_46711,YXyXXyx,YYxyxYYxyxyX,1,80159,s20_mk2_mK2,incomplete_all_existing_solved
ac19_46715,YXX,YYYxYXyXyXXyxyx,1,80171,baseline,incomplete_all_existing_solved
ac19_46716,YXXyx,YYXXXyyxxYXyyx,1,80173,s20_f4,incomplete_all_existing_solved
ac19_46761,YXXYx,YYXXXyXYxxxYX,4,80286 87080 113732 141902,"s20_mk2_mK2,s20_f4",incomplete_all_existing_solved
ac19_46770,YXXXyxx,YYXXXYXXXyyX,1,80302,s20_f4,incomplete_all_existing_solved
ac19_469,YXXyx,YYYXXyXXyXYxyX,1,1000,"s20_mk2_mK2,s20_f4",incomplete_all_existing_solved
ac19_46960,YXXyXyX,YYxxyXYxxxyx,2,80809 148730,s20_mk2,incomplete_all_existing_solved
ac19_47029,YXXyx,YYYYXyXXXyXXyx,1,80993,s20_mk2,incomplete_all_existing_solved
ac19_4706,YYXXyx,YYXXXYXyXYx,3,5661 73092 91898,s20_f4,incomplete_all_existing_solved
ac19_47111,YXXyx,YYYXXyxxyXXXX,2,81191 130359,s20_f4,incomplete_all_existing_solved
ac19_47116,YXXyx,YYXYxyXXyxYXyX,1,81204,baseline,incomplete_all_existing_solved
ac19_47129,YXXyx,YYXyXXYYxyXyXX,1,81229,s20_mk2_mK2,incomplete_all_existing_solved
ac19_47134,YYXXyx,YYXYYXXXXyxYx,1,81237,baseline,incomplete_all_existing_solved
ac19_47172,YYXXXyx,YYXXXXyXYxyx,1,81322,"s20_mk2_mK2,s20_f4",incomplete_all_existing_solved
ac19_47292,YYXXyx,YYXXXYXXXyxxx,1,81605,"s20_mk2_mK2,s20_f4",incomplete_all_existing_solved
ac19_47307,YYXXX,YYXYXXXXyXYxx,3,81635 92378 116245,s20_f4,incomplete_all_existing_solved
ac19_47309,YYXXXYXX,YYXyyxxxyyx,1,81642,s20_mk2_mK2,incomplete_all_existing_solved
ac19_474,YYXXX,YYXXYXyyxYXyx,3,1006 63964 112343,"baseline,s20_mk2",incomplete_all_existing_solved
ac19_47411,YXXyx,YYYXyyXXyXXyX,3,81870 102602 132061,s20_f4,incomplete_all_existing_solved
ac19_47426,YXXyx,YYXYxyxyXyXyxx,1,81902,s20_f4,incomplete_all_existing_solved
ac19_47480,YXYxxYXyx,YYxYxyXYYxyX,1,82022,s20_mk2_mK2,incomplete_all_existing_solved
ac19_47495,YXXXyxYx,YYxYXXXyyxx,2,82071 88124,s20_mk2_mK2,incomplete_all_existing_solved
ac19_47539,YXXyx,YYXYXyXYxxyyxx,1,82178,s20_mk2_mK2,incomplete_all_existing_solved
ac19_47684,YXXYx,YYYYXyxYXXXYx,1,82535,s20_mk2_mK2,incomplete_all_existing_solved
ac19_47689,YXXXXYx,YYXyXyxxxyx,4,82545 96122 150679 155040,s20_mk2,incomplete_all_existing_solved
ac19_4771,YXYXyx,YYXyXyxxx,21,5735 12097 19515 19958 32420 33046 46231 57331 66950 78728 80602 81860 105645 115952 120328 120844 125989 127234 133822 137250 137399,s20_f4,incomplete_all_existing_solved
ac19_47726,YYXYxxxyx,YYYxxxyxYx,1,82639,s20_f4,incomplete_all_existing_solved
ac19_47731,YXXyx,YYYXyxxxxxyXX,2,82654 93361,baseline,incomplete_all_existing_solved
ac19_4781,YYXXX,YYXXyxxyXXXYx,2,5746 125693,s20_mk2_mK2,incomplete_all_existing_solved
ac19_47820,YXYXyx,YYXYxxYYXyyXyXX,1,82904,s20_mk2_mK2,incomplete_all_existing_solved
ac19_47832,YXXYx,YYXYXYxYYXXXyx,1,82942,s20_f4,incomplete_all_existing_solved
ac19_47850,YYXXXyx,YYYxyyXYXXyX,1,82981,s20_mk2,incomplete_all_existing_solved
ac19_47852,YYXXX,YYXyxxYXXyyXYx,1,82984,s20_mk2,incomplete_all_existing_solved
ac19_4787,YYXXXyX,YYXYXXXXXyX,2,5753 43488,s20_f4,incomplete_all_existing_solved
ac19_479,YXyXYxx,YYYXYXyxYXyx,4,1012 1396 60457 117545,s20_mk2_mK2,incomplete_all_existing_solved
ac19_4801,YXyXYxx,YYXYXXyxx,7,5769 17493 22377 42677 102532 122142 137248,s20_mk2_mK2,incomplete_all_existing_solved
ac19_48147,YXXyx,YYYXyXyXXYXyxx,1,83773,s20_mk2,incomplete_all_existing_solved
ac19_48195,YXXyXYx,YYXYxyXyyxx,2,83916 98123,s20_mk2_mK2,incomplete_all_existing_solved
ac19_48285,YXXYx,YYXXXXyyxYYxYx,1,84192,baseline,incomplete_all_existing_solved
ac19_48452,YXYXYx,YYXYXXyXYxYxx,1,84619,"baseline,s20_mk2",incomplete_all_existing_solved
ac19_48466,YYXXYx,YYYYYxxyyyyXX,1,84658,baseline,incomplete_all_existing_solved
ac19_48467,YXXyx,YYYYXXYxyyxyyxxx,2,84659 100549,s20_f4,incomplete_all_existing_solved
ac19_48534,YYXXYx,YYXyxxyXXXyxx,1,84841,baseline,incomplete_all_existing_solved
ac19_48541,YXXyx,YYXYxyXyyXXXyx,1,84867,s20_mk2,incomplete_all_existing_solved
ac19_4855,YXXyx,YYYXXXXyxyxx,3,5837 87700 131455,"s20_mk2_mK2,s20_f4",incomplete_all_existing_solved
ac19_4856,YXXYxYxx,YYYYYYYxYxx,2,5841 121836,s20_f4,incomplete_all_existing_solved
ac19_4860,YXXyx,YYXYxyyxxYXyX,3,5846 87561 139671,baseline,incomplete_all_existing_solved
ac19_4861,YXXyx,YYYXyyxyXXYX,8,5848 86821 91199 108873 112083 115900 123579 141552,baseline,incomplete_all_existing_solved
ac19_48630,YXXYXXyxx,YYYXXXXyyx,1,85096,s20_mk2,incomplete_all_existing_solved
ac19_4865,YYXXYx,YYXyyxyXXyxxx,1,5853,"baseline,s20_f4",incomplete_all_existing_solved
ac19_4870,YXXyx,YYXYXXyXyyXYX,3,5858 37426 139069,baseline,incomplete_all_existing_solved
ac19_48717,YXXyx,YYYXXXyxyXyxyX,1,85302,s20_mk2_mK2,incomplete_all_existing_solved
ac19_48724,YXX,YYYYxyXXXyyyx,1,85318,baseline,incomplete_all_existing_solved
ac19_4875,YXXyx,YYXYXYXyyXyxx,4,5863 33379 53576 156748,s20_f4,incomplete_all_existing_solved
ac19_4880,YYXXX,YYYXYYXyyXyyx,3,5872 94422 151767,"baseline,s20_mk2_mK2",incomplete_all_existing_solved
ac19_48812,YYXXXXyX,YYXyyxyxYXX,1,85518,s20_f4,incomplete_all_existing_solved
ac19_48829,YYXXXyX,YYYXyXYXyXyX,1,85562,s20_f4,incomplete_all_existing_solved
ac19_48861,YXYXX,YYYXXyXXXYYXyx,1,85653,s20_f4,incomplete_all_existing_solved
ac19_48876,YXXYx,YYXYXYYXXyyxxx,1,85697,"s20_mk2,s20_mk2_mK2",incomplete_all_existing_solved
ac19_48897,YXYXX,YYYXyyyXyyxYxx,1,85742,s20_f4,incomplete_all_existing_solved
ac19_489,YYXXX,YYYxyxyXyyx,6,1023 11846 84198 116027 130745 131712,s20_mk2,incomplete_all_existing_solved
ac19_48935,YXXYx,YYxYXXYXyxYXyx,1,85816,s20_mk2_mK2,incomplete_all_existing_solved
ac19_48960,YYXXYx,YYXXXyxyxYXYx,1,85876,s20_mk2_mK2,incomplete_all_existing_solved
ac19_48974,YXYXYx,YYXyXyxxyXYYx,1,85903,baseline,incomplete_all_existing_solved
ac19_490,YXXXX,YYXXyyx,22,1024 17893 19476 20422 25039 30451 31784 31957 66299 67639 79335 83374 104346 104647 106344 114070 117551 126850 140032 146302 148780 155600,s20_f4,incomplete_all_existing_solved
ac19_49062,YXXyx,YYXyXYXyxxyXyX,1,86121,s20_mk2,incomplete_all_existing_solved
ac19_4917,YXXyx,YYXYxyyXyxyxx,3,5915 149498 149542,baseline,incomplete_all_existing_solved
ac19_49300,YXX,YYXyXyXYYxxyXyx,1,86716,s20_f4,incomplete_all_existing_solved
ac19_49317,YXXyx,YYXYxxxyXXyxx,3,86768 99571 106775,s20_mk2,incomplete_all_existing_solved
ac19_49321,YXXYXXyX,YYXyXYxyXyx,1,86775,s20_mk2,incomplete_all_existing_solved
ac19_49322,YYXXX,YYxYXyyXXyxxyx,1,86776,s20_f4,incomplete_all_existing_solved
ac19_49327,YXX,YYXYXyyXyXyxYxx,1,86795,"baseline,s20_mk2,s20_mk2_mK2,s20_f4",never_10k
ac19_49367,YXXyx,YYYYXYxyXyxyxxyx,2,86901 98742,s20_f4,incomplete_all_existing_solved
ac19_494,YXXyx,YYXyyXYxx,18,1028 4483 8128 24117 26609 54147 61960 64709 77801 78156 81282 82395 91601 100335 103255 106584 130526 155502,"baseline,s20_mk2,s20_mk2_mK2,s20_f4",never_10k
ac19_4941,YYXXXyx,YXyxYXXXyxx,9,5942 9142 19453 39202 76677 76760 77615 105415 126704,baseline,incomplete_all_existing_solved
ac19_4946,YYXXYx,YYYYXXyyyxyyx,1,5947,s20_f4,incomplete_all_existing_solved
ac19_495,YXXyx,YYXXyxYXyxxx,5,1029 4698 84805 120876 133802,"baseline,s20_mk2",incomplete_all_existing_solved
ac19_4951,YYXXXXXyX,YXyxYxxyX,3,5952 76043 119083,"s20_mk2_mK2,s20_f4",incomplete_all_existing_solved
ac19_49519,YXXyx,YYXXXXXXyXyyx,2,87256 92710,s20_mk2_mK2,incomplete_all_existing_solved
ac19_4956,YXXyx,YYXXXXyxxYXyX,4,5957 37534 73099 136852,"baseline,s20_mk2",incomplete_all_existing_solved
ac19_4971,YYXXXyx,YYXyyXXYxx,3,5975 24984 56810,s20_f4,incomplete_all_existing_solved
ac19_49726,YXXX,YYYxYYxyXyyXyyx,1,87783,baseline,incomplete_all_existing_solved
ac19_4976,YXXyx,YYXXyyXYxxxx,3,5980 7894 38703,"s20_mk2,s20_mk2_mK2,s20_f4",incomplete_all_existing_solved
ac19_49775,YXXyx,YYXXXyxYXyyxYx,1,87921,baseline,incomplete_all_existing_solved
ac19_49786,YXXYxYxx,YYXXXyyxYxx,2,87947 132207,"baseline,s20_mk2",incomplete_all_existing_solved
ac19_49860,YXXYx,YYYYXXXyXyxYx,3,88169 91495 156243,s20_mk2,incomplete_all_existing_solved
ac19_49897,YYXXyxx,YYXYYxyyXXYx,1,88274,baseline,incomplete_all_existing_solved
ac19_49904,YXyXXyx,YYYxyyxxYxyX,1,88289,s20_mk2,incomplete_all_existing_solved
ac19_4992,YXXYx,YYXXyx,85,5999 11230 12220 13826 15479 16118 17326 19852 20029 21093 21593 28642 30743 36137 37158 38048 41826 42312 44214 48943 49571 49787 50816 51173 51867 52023 52087 53265 57085 61088 65779 66265 66527 67034 67288 69662 70081 70436 70549 71184 74435 75274 80796 80961 83299 83956 84890 85443 85481 88034 88939 90046 91177 92467 93471 95437 95816 97449 99067 102950 103016 103067 104291 104799 117363 118118 123014 124595 128862 129191 129623 132497 133102 133565 139325 139542 141858 143156 143856 145574 146211 147094 148631 151457 153944,s20_mk2_mK2,incomplete_all_existing_solved
ac19_4997,YYXXX,YXYXXyXXyxxYx,2,6006 49492,baseline,incomplete_all_existing_solved
ac19_50014,YYXyxxxyX,YYXyXXXyyX,1,88603,s20_mk2_mK2,incomplete_all_existing_solved
ac19_5015,YXXyx,YYYXyxxyxxxx,5,6025 26935 72635 114208 150318,s20_mk2,incomplete_all_existing_solved
ac19_5020,YYXXyx,YYXXXXyxxYXyx,1,6031,"s20_mk2_mK2,s20_f4",incomplete_all_existing_solved
ac19_5025,YXXXXYx,YYXYXXyXyxx,3,6036 140460 141642,baseline,incomplete_all_existing_solved
ac19_50282,YXXyx,YYYXYXyyyXyyyXYX,2,89242 132050,s20_mk2,incomplete_all_existing_solved
ac19_50286,YXXyx,YYXyXyxYXXYXyX,1,89249,s20_f4,incomplete_all_existing_solved
ac19_50296,YXXyx,YYXXYXyXyyXYx,3,89266 101124 113454,"baseline,s20_mk2",incomplete_all_existing_solved
ac19_50307,YXXyx,YYXYxYXyxxyXyX,1,89288,s20_mk2_mK2,incomplete_all_existing_solved
ac19_50326,YXXyx,YYXXyyXXXXyXX,2,89332 94403,s20_f4,incomplete_all_existing_solved
ac19_5035,X,YYYXYxyXyyx,2,6046 35454,"s20_mk2,s20_mk2_mK2,s20_f4",incomplete_all_existing_solved
ac19_50392,YYXXXXX,YYYXXXXXXX,2,89465 151461,"s20_mk2_mK2,s20_f4",incomplete_all_existing_solved
ac19_5040,YYXXYXX,YYYXXyXYxyyx,1,6051,s20_mk2,incomplete_all_existing_solved
ac19_50402,YYXXX,YYYYXyyXXyyxYx,1,89484,s20_mk2_mK2,incomplete_all_existing_solved
ac19_50425,YXXyx,YYXXyXYxYXyyxx,1,89536,s20_mk2,incomplete_all_existing_solved
ac19_50429,YXYXX,YYXyXXYxyyXYx,2,89548 127704,baseline,incomplete_all_existing_solved
ac19_5046,YXXyx,YYYXyxxyXX,11,6057 8926 22323 28222 46519 74012 75095 88955 89840 134055 137282,s20_f4,incomplete_all_existing_solved
ac19_50492,YXXYx,YYXXyyXYXYxYxx,1,89719,s20_mk2_mK2,incomplete_all_existing_solved
ac19_5050,YYYXXXXYx,YXXyXyxxxx,1,6061,"baseline,s20_mk2_mK2",incomplete_all_existing_solved
ac19_5052,YXXyXYx,YYYXyxyXyxx,3,6063 28508 124116,"baseline,s20_mk2,s20_mk2_mK2",incomplete_all_existing_solved
ac19_50535,YXXyx,YYYYXYxyyyyxyXXYxyyX,1,89839,baseline,incomplete_all_existing_solved
ac19_5055,YXXyx,YYYYXyyxxyx,6,6068 29389 35568 50897 55609 78013,baseline,incomplete_all_existing_solved
ac19_5060,YXXXyxx,YYYXXXXXyyXX,1,6075,s20_f4,incomplete_all_existing_solved
ac19_50616,YXXyx,YYXYXyxyXyxxYx,1,90045,s20_mk2,incomplete_all_existing_solved
ac19_5062,YYXXyx,YYXXXYXXXYx,3,6078 49411 107203,baseline,incomplete_all_existing_solved
ac19_50621,YXXyx,YYYXXXXyxyyXyX,1,90059,s20_mk2_mK2,incomplete_all_existing_solved
ac19_50636,YXXyx,YYXXYYxxyxyXyx,1,90082,"baseline,s20_mk2_mK2,s20_f4",incomplete_all_existing_solved
ac19_5065,YYXXX,YXyXXXYXyxYxx,5,6081 31197 45197 92012 105479,baseline,incomplete_all_existing_solved
ac19_5070,YXXyXYx,YYYxxyXyyXX,3,6087 77983 97312,"s20_mk2_mK2,s20_f4",incomplete_all_existing_solved
ac19_50704,YXYXX,YYYXYxxxyXyXyX,1,90243,s20_mk2,incomplete_all_existing_solved
ac19_5077,YXXyXyx,YYXXyxxxyxYx,2,6095 81821,baseline,incomplete_all_existing_solved
ac19_50794,YXX,YYXYxyXyXXyxYx,1,90476,s20_mk2,incomplete_all_existing_solved
ac19_50819,YXYXX,YYYXyxxxyXXyyx,1,90533,s20_mk2_mK2,incomplete_all_existing_solved
ac19_50859,YXYXX,YYYYXXyXyyyxYx,1,90636,"baseline,s20_f4",incomplete_all_existing_solved
ac19_5087,YXXyx,YYYYXyXyxyyyxxxx,1,6105,s20_mk2_mK2,incomplete_all_existing_solved
ac19_5094,YXXYxxyx,YYYxxyxyX,5,6113 63110 119570 120335 127936,s20_f4,incomplete_all_existing_solved
ac19_50945,YYXXyXyxx,YYxYxyxyxx,1,90843,s20_f4,incomplete_all_existing_solved
ac19_5099,YXX,YYxyXYxyXyx,12,6118 8005 23634 25666 46686 80727 108814 112473 113499 121618 141260 153092,"baseline,s20_mk2,s20_mk2_mK2,s20_f4",never_10k
ac19_51,YXXXyxx,YYXXXXyX,50,238 288 1077 2371 4775 5838 8502 9494 9775 15975 16685 19135 19429 29558 31196 36629 37685 45573 46828 55455 57249 60552 63996 64564 66845 67142 70521 77187 80315 83100 84846 89816 90034 94362 95054 100773 107355 110984 117360 119287 120339 120722 131510 133272 137272 140467 140795 142967 146391 148431,s20_mk2,incomplete_all_existing_solved
ac19_510,YXXyx,YYYXXyyxx,7,1044 16443 25843 35410 51102 92104 108205,"baseline,s20_mk2,s20_mk2_mK2",incomplete_all_existing_solved
ac19_51004,YXYXX,YYYxyxYXXXXyyx,1,91011,s20_f4,incomplete_all_existing_solved
ac19_51082,YXXyxYx,YYXyXYxxyyX,3,91210 124676 127262,s20_mk2_mK2,incomplete_all_existing_solved
ac19_51087,YYXXX,YYYxxyxyXXXyyx,1,91216,s20_mk2_mK2,incomplete_all_existing_solved
ac19_51096,YXXyXyx,YYxyxYXyxyX,5,91243 131972 132565 146828 148691,"s20_mk2_mK2,s20_f4",incomplete_all_existing_solved
ac19_51102,YXXyx,YYXYYXXXXyxyyX,1,91259,s20_mk2,incomplete_all_existing_solved
ac19_51104,YXXyx,YYXyXYxxxyyXyX,1,91264,s20_mk2,incomplete_all_existing_solved
ac19_5112,YXXyx,YYYXXyxyxYxxyX,1,6138,s20_f4,incomplete_all_existing_solved
ac19_51204,YXXyx,YYYXXyxxyyXYx,1,91548,"baseline,s20_mk2,s20_mk2_mK2",incomplete_all_existing_solved
ac19_51211,YYXXXYx,YYYXXXXYYx,1,91570,baseline,incomplete_all_existing_solved
ac19_51216,YYXXXyX,YYYxyxyxxyyx,1,91593,s20_mk2,incomplete_all_existing_solved
ac19_51325,YXYXYx,YYXXyXyyxyxxx,2,91897 115945,s20_f4,incomplete_all_existing_solved
ac19_5141,YXXXYxx,YYXXyxYXXyxx,1,6172,"baseline,s20_mk2",incomplete_all_existing_solved
ac19_51446,YXYXX,YYYXXXYXyXyXYx,1,92220,"s20_mk2,s20_f4",incomplete_all_existing_solved
ac19_5162,YXX,YYYYxxyyXyyXyx,3,6203 36754 118173,"baseline,s20_mk2,s20_mk2_mK2,s20_f4",never_10k
ac19_5165,YXXYx,YYYXXyXYxx,9,6208 28779 54352 77481 100527 115689 131058 143601 155412,"baseline,s20_f4",incomplete_all_existing_solved
ac19_5166,YXXYx,YYXXYXyXyxxxx,3,6209 30634 154937,"s20_mk2_mK2,s20_f4",incomplete_all_existing_solved
ac19_5167,YXXYx,YYYXXXYXyxxyyx,1,6210,baseline,incomplete_all_existing_solved
ac19_51676,YXXyx,YYYXyyxyXyyxYx,2,92828 137415,s20_mk2_mK2,incomplete_all_existing_solved
ac19_5171,YXXyxYx,YYYYYxyXXXyx,1,6215,baseline,incomplete_all_existing_solved
ac19_51712,YXXyx,YYXYxyyXyXXYxx,1,92927,s20_mk2,incomplete_all_existing_solved
ac19_51751,YXXyx,YYYYYXXXyxyyyx,1,93026,s20_f4,incomplete_all_existing_solved
ac19_5177,YXXYx,YYYXXXXyxyxxx,3,6222 17758 63452,baseline,incomplete_all_existing_solved
ac19_51804,YXXXyxYx,YYXyxYYXXyx,1,93151,s20_f4,incomplete_all_existing_solved
ac19_51809,YXyxYXXyx,YYXyxxxYXyx,1,93159,s20_mk2,incomplete_all_existing_solved
ac19_51869,YXYXX,YYXXyyxYYXXyxx,1,93313,s20_mk2,incomplete_all_existing_solved
ac19_51927,YYXXyx,YYXyyxYXXyxxx,1,93475,"baseline,s20_mk2",incomplete_all_existing_solved
ac19_51957,YYXXX,YYYXYYXXXyXyx,2,93539 142391,"s20_mk2,s20_mk2_mK2",incomplete_all_existing_solved
ac19_52065,YYYXXXyxx,YXXXyxYxx,2,93899 148248,s20_mk2,incomplete_all_existing_solved
ac19_5211,YYXXX,YYYXyyxyyxx,8,6264 21600 27708 62920 65660 72911 104616 142690,"baseline,s20_mk2",incomplete_all_existing_solved
ac19_5216,YXXyx,YYYXyyxyXYXX,5,6269 51708 115234 121318 150368,s20_mk2_mK2,incomplete_all_existing_solved
ac19_522,YXXyx,YYYXyyyXXYXX,3,1057 56177 150175,baseline,incomplete_all_existing_solved
ac19_5226,YXXyx,YYYYXYXyyyXyx,4,6280 45386 95891 112162,s20_mk2_mK2,incomplete_all_existing_solved
ac19_524,YXXyx,YYXYXyyXyyXX,4,1059 12467 77139 141813,s20_mk2,incomplete_all_existing_solved
ac19_52409,YYXXYYx,YYXXyxyXyxx,1,94790,s20_mk2,incomplete_all_existing_solved
ac19_52432,YYXXYx,YYXXYXyXYYxxx,1,94850,s20_mk2,incomplete_all_existing_solved
ac19_52442,YXXyx,YYXyXYxYXXyxyX,1,94865,baseline,incomplete_all_existing_solved
ac19_52452,YYXXX,YYXyXYXYXyXXYx,1,94895,s20_mk2,incomplete_all_existing_solved
ac19_52486,YXXyx,YYYXYxxyXyXyx,3,95011 120282 147490,"s20_mk2,s20_f4",incomplete_all_existing_solved
ac19_5255,YXXyx,YYXXyXYxyXXXX,3,6314 27815 32888,s20_mk2_mK2,incomplete_all_existing_solved
ac19_5260,YXXyx,YYYXyXyxxxx,6,6319 35278 73966 93176 134010 137776,s20_mk2_mK2,incomplete_all_existing_solved
ac19_52637,YYXXX,YYYxxyyXXXyxyx,1,95440,s20_mk2_mK2,incomplete_all_existing_solved
ac19_5264,YXXyx,YYXyxYxyx,35,6325 7572 21167 27226 30988 31662 33490 35360 36395 38272 38988 40481 42873 47840 53048 55306 60699 63081 64401 67116 71744 81158 82702 82778 96601 101072 104344 105280 109910 113815 122858 127070 130402 146149 153693,s20_mk2_mK2,incomplete_all_existing_solved
ac19_52642,YXYXYx,YYXXyyxxxxyyX,1,95455,s20_f4,incomplete_all_existing_solved
ac19_5265,YYXXyxx,YYXXXYxxyXyx,1,6327,s20_f4,incomplete_all_existing_solved
ac19_52686,YYXXX,YYXYxyyXyXXYx,1,95581,baseline,incomplete_all_existing_solved
ac19_52804,YXXXyxYx,YYXXXyyxYxx,2,95882 101789,s20_f4,incomplete_all_existing_solved
ac19_529,YXXyx,YYYYXXyXyyxyyx,1,1064,s20_f4,incomplete_all_existing_solved
ac19_53062,YYXXyxx,YYYxxxYYXXXX,1,96550,s20_mk2_mK2,incomplete_all_existing_solved
ac19_53146,YYXXyx,YXyXYxyXYxxyx,1,96786,baseline,incomplete_all_existing_solved
ac19_53167,YXYXX,YYxxYXXXyXXyxx,1,96852,baseline,incomplete_all_existing_solved
ac19_5329,YXXYXXyxx,YYXyXXYYXX,3,6400 42823 121571,baseline,incomplete_all_existing_solved
ac19_53317,YYXXYXX,YYXXYXXXyXYYx,1,97281,s20_f4,incomplete_all_existing_solved
ac19_5334,YYXXyx,YYXXYXyyXYXYx,1,6408,s20_f4,incomplete_all_existing_solved
ac19_53356,YXXYx,YYXYXXyXYxYxyx,1,97393,baseline,incomplete_all_existing_solved
ac19_534,YXYXYx,YXyXYXyxxYx,8,1069 8996 22809 34326 46696 55339 56566 131654,baseline,incomplete_all_existing_solved
ac19_53410,YXXX,YYYYXyXXYXyyxyX,1,97557,s20_f4,incomplete_all_existing_solved
ac19_53420,YYXXYx,YYXXYXyxxYXYx,1,97593,s20_f4,incomplete_all_existing_solved
ac19_53475,YXYXyx,YYYXXXYYxYXXX,1,97746,s20_mk2,incomplete_all_existing_solved
ac19_535,YYXXXYx,YYYYXXYX,8,1070 17565 47112 49770 58825 71206 106186 139543,s20_mk2_mK2,incomplete_all_existing_solved
ac19_5354,YXXyx,YYYXXXYxyxyyx,3,6432 10706 130974,s20_mk2,incomplete_all_existing_solved
ac19_5357,YYXXYx,YYXYxYXYxxyXX,1,6436,s20_mk2_mK2,incomplete_all_existing_solved
ac19_5362,YYXXYx,YYxYXyxxYXXYX,1,6442,"baseline,s20_mk2",incomplete_all_existing_solved
ac19_53644,YXYXYx,YYxYXXXXyxxyx,2,98217 131131,s20_f4,incomplete_all_existing_solved
ac19_53677,YYXXX,YYYYxyyXXyxyyx,1,98307,baseline,incomplete_all_existing_solved
ac19_53706,YXXyx,YYXyXXXXyXXYXX,1,98400,s20_mk2_mK2,incomplete_all_existing_solved
ac19_5372,YXXYXXyx,YYXXyXXyXYx,2,6456 7291,"baseline,s20_f4",incomplete_all_existing_solved
ac19_53749,YXXyx,YYXXyXyxYXXyyx,1,98515,"s20_mk2_mK2,s20_f4",incomplete_all_existing_solved
ac19_5377,YXXyx,YYYYXYxxyyyyxx,1,6462,s20_mk2_mK2,incomplete_all_existing_solved
ac19_540,YYXXyx,YXyxxxxxyXXyx,1,1075,"baseline,s20_mk2",incomplete_all_existing_solved
ac19_5429,YXXyx,YYYXyyxYXyxyyx,3,6518 98262 141949,"s20_mk2_mK2,s20_f4",incomplete_all_existing_solved
ac19_5434,YXXyx,YYXyyxyXXYxYx,4,6524 8431 56595 80169,"s20_mk2_mK2,s20_f4",incomplete_all_existing_solved
ac19_5439,YXXyx,YYYXYXyyxyxxx,5,6529 36798 71598 76194 122127,s20_f4,incomplete_all_existing_solved
ac19_54861,X,YYYYYYXyyxyyyyyX,1,101645,baseline,incomplete_all_existing_solved
ac19_54876,YXYXX,YYYYXXyyXXXXYx,1,101695,s20_mk2,incomplete_all_existing_solved
ac19_5495,YXXyx,YYXYYXyxyXXXyX,1,6589,s20_f4,incomplete_all_existing_solved
ac19_54956,YXXYx,YYXYxyXyXyxyxx,1,101932,s20_mk2_mK2,incomplete_all_existing_solved
ac19_5499,YXYxYXXYx,YYXYxYXXyx,11,6597 19800 20932 36317 50354 78327 110447 119296 122310 143259 155238,s20_mk2,incomplete_all_existing_solved
ac19_5509,YXXyx,YYYXXXXyXXyx,3,6609 45687 101214,"baseline,s20_mk2,s20_mk2_mK2,s20_f4",never_10k
ac19_5510,X,YYXYXyyX,14,6610 19350 38514 49201 51017 57238 71546 78375 92360 118559 122811 130913 136691 156065,"s20_mk2_mK2,s20_f4",incomplete_all_existing_solved
ac19_5514,YXYXyx,YYXyXXYxyXXYxxx,1,6614,s20_f4,incomplete_all_existing_solved
ac19_5515,YXXYxxyX,YYYxyxYXXXX,3,6615 126853 127873,"baseline,s20_mk2",incomplete_all_existing_solved
ac19_5517,YYXXXXyxx,YXXXXXYxx,5,6617 50580 105064 125216 144746,s20_f4,incomplete_all_existing_solved
ac19_55197,YYXXYx,YYXXYxyxYxYXX,1,102549,baseline,incomplete_all_existing_solved
ac19_5521,YXXXyxYx,YYXYxxyXyXX,3,6622 60741 139238,s20_f4,incomplete_all_existing_solved
ac19_5522,YXXyx,YYXXXyXXXYXyX,3,6623 49137 153530,"baseline,s20_mk2,s20_f4",incomplete_all_existing_solved
ac19_55282,YX,YYXyxyXXyxYYx,1,102794,s20_f4,incomplete_all_existing_solved
ac19_55284,YXXyx,YYYYXXyXXXyyxx,1,102808,s20_mk2,incomplete_all_existing_solved
ac19_5541,YXXyXyxx,YYxYxyxYX,4,6645 34470 36691 129375,s20_f4,incomplete_all_existing_solved
ac19_55426,YXYXyx,YYYYXyXXXXYYx,1,103227,s20_mk2,incomplete_all_existing_solved
ac19_55481,YXYXX,YYXyxYxxYXXyyX,1,103383,s20_mk2,incomplete_all_existing_solved
ac19_55550,YXYXX,YYYYYXXXXXyxyX,1,103584,s20_mk2,incomplete_all_existing_solved
ac19_55596,YXXyx,YYYXyXYxyXyXXX,1,103707,s20_mk2,incomplete_all_existing_solved
ac19_5561,YXXYXXyx,YXXXXyXXYxx,7,6667 33428 36189 44060 110755 112383 141372,"baseline,s20_f4",incomplete_all_existing_solved
ac19_5566,YYXXXyxxx,YYxxxYXXXX,1,6674,s20_mk2,incomplete_all_existing_solved
ac19_5571,YXYXYx,YYYXXXyyyxxYx,1,6679,"baseline,s20_mk2,s20_mk2_mK2",incomplete_all_existing_solved
ac19_55722,YYXXyxxyx,YYXXyXyxYx,1,104056,s20_mk2_mK2,incomplete_all_existing_solved
ac19_55742,YYXXYXX,YYYXyyyXXYxx,1,104110,s20_f4,incomplete_all_existing_solved
ac19_5576,YXYXX,YYXXyyXXyxYYx,1,6685,baseline,incomplete_all_existing_solved
ac19_5577,YXXYxxyx,YYXXyXXyxxx,1,6686,s20_mk2,incomplete_all_existing_solved
ac19_5582,YYXyXYXyx,YXyxYXXyx,20,6693 17293 22414 26492 27773 32551 35081 38435 39191 65730 72585 74358 80022 89692 93136 102936 107167 110936 113540 144388,"baseline,s20_mk2",incomplete_all_existing_solved
ac19_5587,YXXXyxx,YYXXXXXyx,9,6698 46209 53124 66922 73219 96829 114400 129070 148745,"baseline,s20_f4",incomplete_all_existing_solved
ac19_5591,YYXXXYx,YYYxyyXX,10,6703 12306 30691 62295 67041 83923 92850 133223 134569 144167,baseline,incomplete_all_existing_solved
ac19_5597,YXXXyXyXX,YYXXXyXyyX,2,6710 23386,baseline,incomplete_all_existing_solved
ac19_5601,YXXyx,YYXyyXXyX,23,6714 8528 11484 25738 55694 64530 65208 68156 78613 79017 82954 85608 87251 97139 107706 112023 120074 129893 137478 139179 147486 149635 152572,s20_mk2_mK2,incomplete_all_existing_solved
ac19_5605,YXXyx,YYYXyyxxyxYx,4,6719 111687 115997 133236,s20_mk2,incomplete_all_existing_solved
ac19_5630,YYXXX,YYYYXyXXXYXXyx,1,6749,"s20_mk2,s20_mk2_mK2,s20_f4",incomplete_all_existing_solved
ac19_5635,YXXYx,YYYXXYYxYXXYX,3,6754 68456 112168,"baseline,s20_mk2,s20_mk2_mK2,s20_f4",never_10k
ac19_56387,YYXXYxYXXYx,YYYXYYXYYXXYx,1,105958,baseline,incomplete_all_existing_solved
ac19_564,YXYXyx,YYYXyXXyyxYYx,2,1100 78314,baseline,incomplete_all_existing_solved
ac19_5640,YXX,YYYxYxxyXyyXXyx,1,6759,"baseline,s20_mk2,s20_mk2_mK2,s20_f4",never_10k
ac19_5645,YXXYx,YYXyXyxYXYxyx,6,6765 34038 84141 93059 101841 114713,"s20_mk2,s20_mk2_mK2,s20_f4",incomplete_all_existing_solved
ac19_5649,YYXXX,YYXYXyyXyxxYX,4,6769 11068 41779 48152,baseline,incomplete_all_existing_solved
ac19_56570,YXXyx,YYYXyXyyXXyXYYxx,1,106486,s20_f4,incomplete_all_existing_solved
ac19_5675,YXXYx,YYYXXXYXXYYYx,1,6803,"s20_mk2_mK2,s20_f4",incomplete_all_existing_solved
ac19_5682,YXXXXYx,YYYYXXXXXyx,3,6812 53875 89463,s20_mk2,incomplete_all_existing_solved
ac19_5687,YYXXXXyx,YYXyyXYYXXX,1,6817,s20_f4,incomplete_all_existing_solved
ac19_569,YXXXYxx,YYYXXyxxYX,7,1105 60446 104535 115795 124295 131480 156513,s20_f4,incomplete_all_existing_solved
ac19_5692,YYXXXYx,YYXXYxxYYXXX,1,6822,baseline,incomplete_all_existing_solved
ac19_56930,YXXyx,YYYXyXyxYxxxyx,1,107507,s20_f4,incomplete_all_existing_solved
ac19_56935,YYXXyx,YYXXyXyyxxYxx,1,107516,baseline,incomplete_all_existing_solved
ac19_5696,YXYXyx,YYYYXyXXyyxYx,3,6826 32700 108885,s20_mk2,incomplete_all_existing_solved
ac19_5697,YYXXXXyx,YYXXYXXyX,4,6827 17331 115828 126902,s20_f4,incomplete_all_existing_solved
ac19_5700,YXX,YYYXYxyyyXyyxYx,1,6831,"s20_mk2,s20_mk2_mK2",incomplete_all_existing_solved
ac19_5701,YYXXXyx,YYXyyXXYxYX,1,6832,baseline,incomplete_all_existing_solved
ac19_57077,YXXYx,YYYYXXXYXXYxyx,1,107877,s20_mk2_mK2,incomplete_all_existing_solved
ac19_57181,YXXyxYx,YYXYXXXyxYxx,2,108174 109163,"s20_mk2_mK2,s20_f4",incomplete_all_existing_solved
ac19_57186,YXXyx,YYXXyxyxYXyXyX,1,108184,baseline,incomplete_all_existing_solved
ac19_57206,YYXXX,YYXyXXYYxyxxyX,1,108237,s20_f4,incomplete_all_existing_solved
ac19_57210,YXXX,YYYYYXyyXyXyx,2,108244 140923,baseline,incomplete_all_existing_solved
ac19_57237,YXXYx,YYXXYxYYXXyyxx,1,108318,s20_mk2,incomplete_all_existing_solved
ac19_5724,YYXXYXXyX,YYXXyyxYX,4,6860 30520 40261 109154,baseline,incomplete_all_existing_solved
ac19_57385,YXXyx,YYXyxxYxYxxyyX,1,108744,"s20_mk2,s20_mk2_mK2",incomplete_all_existing_solved
ac19_5739,YXXyx,YYYXyXyyXyxx,7,6878 36484 46053 48150 57685 104787 115547,baseline,incomplete_all_existing_solved
ac19_57440,YXXyx,YYYXyyyxYXyyxx,1,108895,s20_f4,incomplete_all_existing_solved
ac19_5746,YYXXyx,YYXYXyXXyxx,4,6886 45677 102752 150859,"s20_mk2,s20_mk2_mK2,s20_f4",incomplete_all_existing_solved
ac19_5751,YXXyx,YYXXyxxyxYxx,5,6893 23001 37479 104763 135925,"baseline,s20_mk2,s20_mk2_mK2",incomplete_all_existing_solved
ac19_57530,YXXyx,YYYXyyXXyyXXX,2,109182 134986,baseline,incomplete_all_existing_solved
ac19_57547,YYXXXXX,YYYXXXyXXYXX,1,109227,s20_f4,incomplete_all_existing_solved
ac19_57562,YXXYx,YYXXYXYYxyXXYx,1,109277,"s20_mk2_mK2,s20_f4",incomplete_all_existing_solved
ac19_57570,YXyxYXXyx,YYXYXXyXyX,1,109299,s20_mk2,incomplete_all_existing_solved
ac19_5760,YXXyx,YYYXXXXYXyyXyX,1,6904,baseline,incomplete_all_existing_solved
ac19_5762,YYXYxyXyx,YXYxYXXyx,6,6906 16673 51374 114620 130842 138203,"s20_mk2,s20_mk2_mK2,s20_f4",incomplete_all_existing_solved
ac19_57651,YXXyx,YYYYXXXXyyXyX,1,109494,baseline,incomplete_all_existing_solved
ac19_5772,YXXyXYx,YYXYxYXXyXXX,2,6918 22261,baseline,incomplete_all_existing_solved
ac19_5782,YXXyx,YYXYXXyyXyyxxx,1,6931,"s20_mk2,s20_mk2_mK2,s20_f4",incomplete_all_existing_solved
ac19_57875,YXXyx,YYXXyxYYxyxyXX,1,110167,s20_mk2,incomplete_all_existing_solved
ac19_5799,YXXyx,YYYYXyXXyXyxxx,1,6950,baseline,incomplete_all_existing_solved
ac19_5804,YXXyx,YYXyyXyxYXyx,7,6955 41048 53076 56616 79777 139778 145190,"baseline,s20_mk2,s20_mk2_mK2",incomplete_all_existing_solved
ac19_5814,YYXXYx,YXYXXyxYx,7,6965 67148 94040 112963 119159 141256 149847,s20_f4,incomplete_all_existing_solved
ac19_58164,YXXyx,YYYXXXXXyXyyyx,1,111005,baseline,incomplete_all_existing_solved
ac19_58194,YYXXX,YYXyxxyXYxxyyX,1,111087,s20_mk2,incomplete_all_existing_solved
ac19_5820,YXYXX,YYYXYxyyXXXyx,2,6971 89976,"baseline,s20_mk2,s20_mk2_mK2,s20_f4",never_10k
ac19_5824,YXXyx,YYXyXXXYXyXXX,4,6976 116559 117928 124440,s20_f4,incomplete_all_existing_solved
ac19_5831,YXYXYx,YYXyxYxxyXyyX,1,6985,s20_mk2,incomplete_all_existing_solved
ac19_5849,YXYXyx,YYXYxxyyXXXyxxx,1,7008,s20_mk2,incomplete_all_existing_solved
ac19_5850,YXXyx,YYXYxYXyxyyx,33,7010 11130 17682 20997 21149 27629 29921 34138 36090 42296 54561 55808 56192 67562 71768 72246 74049 82797 87028 91565 91625 93433 101926 113761 119552 125632 133700 135222 135433 137815 143031 145843 154636,s20_mk2_mK2,incomplete_all_existing_solved
ac19_5851,YXXyXyxx,YYYxxYXXyxx,2,7012 69106,baseline,incomplete_all_existing_solved
ac19_5875,YXXyx,YYYYXXXyXXyyxx,1,7046,s20_mk2_mK2,incomplete_all_existing_solved
ac19_5884,YYXXX,YYXyXyXYYXyxx,1,7059,baseline,incomplete_all_existing_solved
ac19_5900,YXYxyx,YYYxYxxYYYxyx,1,7076,s20_mk2_mK2,incomplete_all_existing_solved
ac19_5901,YXYXyx,YYYXyXXyyyxYx,2,7078 97525,s20_mk2_mK2,incomplete_all_existing_solved
ac19_591,YXXyx,YYXXXXyxxYxxyx,1,1129,"s20_mk2,s20_mk2_mK2,s20_f4",incomplete_all_existing_solved
ac19_5930,YXXyx,YYXyyXXYX,22,7114 19465 20634 39299 48540 62340 63799 64774 67974 77162 90203 103918 112922 131407 133366 134323 135075 137749 139993 149686 150419 154444,s20_f4,incomplete_all_existing_solved
ac19_5935,YXXyx,YYXXXyxxxYXyx,3,7119 129417 146821,"baseline,s20_mk2,s20_mk2_mK2",incomplete_all_existing_solved
ac19_5956,YXXyXyX,YYxxxyxYxyXX,2,7144 155042,s20_f4,incomplete_all_existing_solved
ac19_5961,YYXXXXyX,YXYxxxxyXyX,1,7151,baseline,incomplete_all_existing_solved
ac19_59717,YXXyx,YYXXyxyxxYXyyx,1,115381,s20_mk2,incomplete_all_existing_solved
ac19_5977,YXyXXyx,YYXyXYxYXyxxyyX,2,7171 142069,s20_mk2_mK2,incomplete_all_existing_solved
ac19_5990,YXXyx,YYXyyXXyXXYxYX,1,7193,baseline,incomplete_all_existing_solved
ac19_5995,YYXXXYx,YYYxyyxyyX,3,7199 74667 107052,s20_mk2,incomplete_all_existing_solved
ac19_59957,YYXXyx,YYYXyyXYxyyxx,1,116152,baseline,incomplete_all_existing_solved
ac19_6,YXXyx,YYXyxx,114,19 25 45 46 55 69 107 108 125 167 749 3275 4786 6716 7471 7861 9610 11242 16771 17736 18701 18720 20581 23118 25751 28694 29553 29995 30426 31279 32058 34275 36087 37754 40765 41785 42656 43449 45064 45653 46021 47809 47958 49737 52374 52806 54157 55614 58864 60750 61745 63409 64100 64614 66454 66660 67752 71388 71760 74179 76095 76643 77783 77800 79213 79871 80018 82681 84431 87893 90569 91096 91575 94734 95092 96060 100691 101627 103574 105044 109838 112053 112622 113775 113791 115268 115818 121629 121807 123076 123352 123518 128240 129667 130190 130734 132780 133437 135718 136131 137141 137547 139074 142938 144011 144016 144844 145885 147374 149986 153411 155019 155259 155511,baseline,incomplete_all_existing_solved
ac19_60,YXXXyxx,YYXyxxxx,28,271 293 8055 15420 16456 17984 19157 21046 22392 25623 33594 39885 48283 53448 68731 71020 73220 79754 87996 92483 102704 103555 117015 130688 137839 140737 142545 154879,"baseline,s20_mk2,s20_mk2_mK2,s20_f4",never_10k
ac19_6000,YXXXXYx,YYXYXXXyXXYx,1,7206,baseline,incomplete_all_existing_solved
ac19_6005,YXYXXYXX,YYYYXyXXyyx,1,7212,"baseline,s20_mk2_mK2",incomplete_all_existing_solved
ac19_6010,YYXXX,YYXYXXyxxYXyyx,1,7218,baseline,incomplete_all_existing_solved
ac19_60122,YXXXyXyX,YYXXyxYXyyx,1,116720,baseline,incomplete_all_existing_solved
ac19_6015,YXXyXYx,YYXXXyxYxxyX,2,7226 123144,"s20_mk2,s20_f4",incomplete_all_existing_solved
ac19_6020,YYYXXXX,YYYXyyXyxxyx,1,7233,"baseline,s20_mk2_mK2",incomplete_all_existing_solved
ac19_6030,YYXXX,YXYXyXXXyxYxx,7,7246 25378 71523 88116 88701 130452 154884,s20_mk2_mK2,incomplete_all_existing_solved
ac19_6040,YXXyx,YYXYxyyxYYXyyx,3,7259 80667 127911,"s20_mk2,s20_mk2_mK2",incomplete_all_existing_solved
ac19_6050,YXXYx,YYYYXYXXYxYX,4,7272 37621 83122 122102,baseline,incomplete_all_existing_solved
ac19_60622,YXYXX,YYYxxyXXXyxyyx,1,118197,s20_mk2,incomplete_all_existing_solved
ac19_6069,YYXXyxx,YXyXYxyxx,12,7301 16865 20146 20881 22302 30149 34092 43153 67499 94754 106554 123657,s20_f4,incomplete_all_existing_solved
ac19_6071,YYXXX,YYYXXYXyX,16,7303 14797 26956 37295 44215 50596 62983 64345 68505 79758 92768 98496 100709 108395 143554 147293,s20_mk2,incomplete_all_existing_solved
ac19_6084,YXXYx,YYXXXXYxxYXyxx,1,7316,"baseline,s20_f4",incomplete_all_existing_solved
ac19_6094,YYXXX,YYXYxyyXXYXyx,4,7330 121585 137535 153891,"s20_mk2_mK2,s20_f4",incomplete_all_existing_solved
ac19_6099,YXYXX,YYYXXXXXyXYx,4,7335 30468 41980 60493,"baseline,s20_mk2,s20_mk2_mK2",incomplete_all_existing_solved
ac19_6104,YXXYx,YYXYxxyyXyXyxx,1,7341,s20_mk2,incomplete_all_existing_solved
ac19_6105,YYXXYx,YXyxYxYXX,38,7342 8976 15402 17871 18627 18687 22378 22501 22517 25245 29010 38086 42507 45579 47103 48312 55713 61315 71940 86284 95824 96599 118350 118844 123817 126150 126827 127097 134034 137347 137571 137930 138165 138636 145500 147375 151589 151976,"s20_mk2,s20_mk2_mK2",incomplete_all_existing_solved
ac19_6114,YYXXYx,YYxYXyyXXXYxx,1,7352,s20_mk2_mK2,incomplete_all_existing_solved
ac19_6115,YXXyx,YYXyxyXXXXXYx,4,7353 108841 139087 153076,s20_mk2,incomplete_all_existing_solved
ac19_6129,YXXYx,YYXyXXYXYxx,7,7370 10164 48688 63666 102932 103461 118198,"baseline,s20_mk2",incomplete_all_existing_solved
ac19_6130,YXyXXXyX,YYXXyXYxyXyyX,3,7372 51564 60733,"baseline,s20_mk2_mK2",incomplete_all_existing_solved
ac19_6134,YXXyx,YYXyxyxxYx,12,7377 31141 32962 43946 48389 54880 92492 95459 96085 100925 120411 131585,s20_f4,incomplete_all_existing_solved
ac19_6137,YXXXYxx,YYXYYXXyx,11,7382 29868 57938 62005 79401 84812 96031 98479 114421 134065 156213,baseline,incomplete_all_existing_solved
ac19_6145,YXXX,YYYYYXyyxyyyx,3,7390 147250 155018,s20_mk2_mK2,incomplete_all_existing_solved
ac19_617,YXYXYx,YYXXyXYxyxx,5,1156 20622 39854 50603 72126,"baseline,s20_mk2",incomplete_all_existing_solved
ac19_6170,YYXXyx,YYXYYXyyXXXYx,2,7416 144307,"s20_mk2,s20_f4",incomplete_all_existing_solved
ac19_6174,YXXyx,YYYXyyyxxYx,7,7422 61814 62281 93968 107602 131629 144338,"s20_mk2_mK2,s20_f4",incomplete_all_existing_solved
ac19_6179,YXXyx,YYXyxYxxyXyxYX,1,7429,s20_mk2,incomplete_all_existing_solved
ac19_6184,YYXXXyx,YYYXXyyx,20,7434 14905 21318 24017 26530 35801 66046 71869 90221 91299 94692 105476 107645 113457 120753 123889 141434 143593 147741 152851,baseline,incomplete_all_existing_solved
ac19_6186,YXXyx,YYYXyxyyXyxxx,2,7436 66589,s20_mk2,incomplete_all_existing_solved
ac19_6197,YXXyx,YYXXyXyxxYYxyx,1,7449,s20_mk2,incomplete_all_existing_solved
ac19_6201,YXXyx,YYYXyyyXXyXYYx,2,7455 138011,baseline,incomplete_all_existing_solved
ac19_621,YXXYx,YYYYXXYxYXYX,5,1160 74469 87376 90123 127672,"s20_mk2,s20_f4",incomplete_all_existing_solved
ac19_6211,YYXXXXX,YYYYXXyyyX,1,7466,s20_mk2,incomplete_all_existing_solved
ac19_622,YXXyx,YYYXYxyyyXYxyX,6,1161 10894 120630 123874 126771 139651,"s20_mk2,s20_mk2_mK2",incomplete_all_existing_solved
ac19_6231,YYXXyx,YYXXXXyXYXYxx,1,7490,s20_f4,incomplete_all_existing_solved
ac19_6241,YXXyx,YYXyyXXXyxxx,4,7500 38503 50808 135665,"s20_mk2_mK2,s20_f4",incomplete_all_existing_solved
ac19_6255,YYXXXXyXX,YXyxYXXyx,3,7523 34823 144676,s20_mk2_mK2,incomplete_all_existing_solved
ac19_6272,YXXyx,YYYYXyXyxyXyyxx,2,7541 89922,s20_f4,incomplete_all_existing_solved
ac19_6295,YXXyx,YYYXYxyxxyXyx,3,7570 24102 110419,baseline,incomplete_all_existing_solved
ac19_632,YXXyx,YYYXyyxyyXYXyX,2,1171 65823,s20_mk2_mK2,incomplete_all_existing_solved
ac19_6320,YXXyx,YYXyXyxyxxyXYx,1,7600,"s20_mk2,s20_mk2_mK2,s20_f4",incomplete_all_existing_solved
ac19_634,YXXyx,YYXYYXyyXyxxx,2,1173 154620,s20_mk2_mK2,incomplete_all_existing_solved
ac19_6351,YXXyXXYx,YYXXXXyxx,6,7634 47420 62412 82191 95672 133716,s20_f4,incomplete_all_existing_solved
ac19_6361,YXXXyxYx,YYxxxyxyXyX,2,7647 133015,baseline,incomplete_all_existing_solved
ac19_6366,YXXyx,YYYXyyXyxxxYX,2,7653 153289,s20_f4,incomplete_all_existing_solved
ac19_637,YYXXYx,YYYXXXyxx,6,1176 25338 38625 59694 96501 96553,baseline,incomplete_all_existing_solved
ac19_6371,YXXyx,YYXXXyXyxyXXX,3,7658 38835 99029,baseline,incomplete_all_existing_solved
ac19_6376,YYXXyx,YXXYXXXXYxYxx,1,7663,baseline,incomplete_all_existing_solved
ac19_6380,YYXXXXyx,YXyXYxxyx,5,7668 18949 44754 63248 117384,"s20_mk2_mK2,s20_f4",incomplete_all_existing_solved
ac19_6382,YYXXyx,YYYYXyXXYXyxx,1,7670,s20_mk2,incomplete_all_existing_solved
ac19_6415,YXyXYxx,YYYXYxyX,29,7711 8951 23264 30226 33935 36746 45844 48573 55541 59430 71834 72978 78367 80804 87402 92567 94950 100623 110243 116889 120913 123473 124511 127273 127996 129666 134667 148115 150369,s20_mk2,incomplete_all_existing_solved
ac19_6420,YXXyx,YYXXXXXyX,19,7717 17461 21377 26373 42113 42273 44666 47384 62884 69101 86017 91363 100410 108334 109203 116493 123683 131323 151505,baseline,incomplete_all_existing_solved
ac19_6425,YXXyx,YYYYXyxxyyyXyx,1,7722,baseline,incomplete_all_existing_solved
ac19_6441,YXYXX,YYXXyXyxyXYYx,1,7739,s20_mk2,incomplete_all_existing_solved
ac19_6476,YYXXyxx,YYYYXXYxxYx,2,7782 69314,s20_f4,incomplete_all_existing_solved
ac19_6504,YXYXX,YYYXyXyXyXYxx,4,7818 39056 97033 101300,"s20_mk2_mK2,s20_f4",incomplete_all_existing_solved
ac19_6507,YYXXX,YYXyXyXXYxxx,3,7824 13718 18030,s20_f4,incomplete_all_existing_solved
ac19_6514,YXYXX,YYYXyXXYXXyXYx,1,7831,"baseline,s20_mk2_mK2,s20_f4",incomplete_all_existing_solved
ac19_6516,YXXyx,YYYXyxxxxyx,7,7833 39704 50985 69626 107086 123330 147753,s20_f4,incomplete_all_existing_solved
ac19_6519,YYXXYx,YYXYxYYxyXYXX,1,7837,baseline,incomplete_all_existing_solved
ac19_6524,YXX,YYYXXyxYxyXyXyx,2,7844 92316,"s20_mk2,s20_mk2_mK2,s20_f4",incomplete_all_existing_solved
ac19_6537,YYXXYXX,YYXYxYXXyyX,3,7858 33434 140208,s20_mk2_mK2,incomplete_all_existing_solved
ac19_6546,YYXXyxx,YYYYYXXyyyyx,1,7872,baseline,incomplete_all_existing_solved
ac19_6561,YYXXYx,YYXXXYYxYxxyX,1,7890,baseline,incomplete_all_existing_solved
ac19_6566,YXXyx,YYXyyxyXYXYx,6,7896 70606 97599 115929 129268 138035,s20_mk2,incomplete_all_existing_solved
ac19_6586,YXXyx,YYYXyyXyxxxxyx,1,7919,s20_mk2_mK2,incomplete_all_existing_solved
ac19_6589,YYXXYx,YYXXyxYXyXYxx,1,7923,"s20_mk2_mK2,s20_f4",incomplete_all_existing_solved
ac19_659,YXyXYxx,YYXYXXYxx,7,1198 7716 21165 50556 52005 72789 129084,"s20_mk2_mK2,s20_f4",incomplete_all_existing_solved
ac19_6594,YXYXX,YYxYXyXXXXyxxx,1,7929,s20_f4,incomplete_all_existing_solved
ac19_6597,YXYXX,YYYYXyxyXXXyxx,1,7932,"baseline,s20_mk2",incomplete_all_existing_solved
ac19_6602,YXXyx,YYXYxyXyyxYxx,3,7937 100966 114624,s20_mk2_mK2,incomplete_all_existing_solved
ac19_6605,YXXXyxx,YYXYXyXyXX,3,7940 98651 137061,s20_mk2_mK2,incomplete_all_existing_solved
ac19_6607,YXYXX,YYYXXyXYxYXXyX,1,7942,"s20_mk2,s20_mk2_mK2",incomplete_all_existing_solved
ac19_6609,YXXyx,YYYXYxxxyyxyXX,1,7944,baseline,incomplete_all_existing_solved
ac19_6615,YYXXYx,YXYxYXXyx,24,7952 9042 13058 15047 21106 22364 23164 39744 41953 50549 51495 61535 61776 67708 87232 94607 101750 108112 112052 118120 134746 137257 155257 156678,s20_mk2_mK2,incomplete_all_existing_solved
ac19_6617,YXXyx,YYYXyxxyXyXyx,3,7954 63522 87866,"baseline,s20_mk2",incomplete_all_existing_solved
ac19_6625,YXXYx,YYYXXYYXyxyx,4,7963 14970 40804 129225,"s20_mk2,s20_mk2_mK2",incomplete_all_existing_solved
ac19_6635,YXXYx,YYXXYYxYYXXYX,3,7973 53129 68529,"s20_mk2,s20_mk2_mK2,s20_f4",incomplete_all_existing_solved
ac19_664,YXXyx,YYYYXyyxxyyyX,4,1203 5760 70746 146704,s20_f4,incomplete_all_existing_solved
ac19_6640,YXXyx,YYXXXXyXYxyx,5,7978 93227 98109 126032 133113,"baseline,s20_mk2_mK2,s20_f4",incomplete_all_existing_solved
ac19_6655,YYYXXXX,YYYYXXyyX,3,7995 12090 87071,s20_mk2_mK2,incomplete_all_existing_solved
ac19_6660,YXYXXYx,YYXXYxYXXXYx,2,8000 80525,"baseline,s20_mk2,s20_mk2_mK2",incomplete_all_existing_solved
ac19_6687,YXXyx,YYYYXyxxyyxyyX,4,8037 49647 67100 123484,s20_mk2_mK2,incomplete_all_existing_solved
ac19_669,YYXXXXYXXX,YYXyyxxxyyXYx,1,1208,baseline,incomplete_all_existing_solved
ac19_6692,YXYxyx,YYXXXyyXXyxyx,2,8042 43182,s20_f4,incomplete_all_existing_solved
ac19_6711,YXXyxYx,YYYxxyxyXX,3,8064 28669 131033,s20_mk2_mK2,incomplete_all_existing_solved
ac19_6716,YYXXX,YYXXyXyXXYxxxx,1,8069,"s20_mk2,s20_mk2_mK2",incomplete_all_existing_solved
ac19_675,YXYXYx,YYXyXYxYXXYxx,1,1214,s20_mk2,incomplete_all_existing_solved
ac19_6750,YXYXyx,YYYXyyXYXXXXYYx,1,8114,s20_mk2_mK2,incomplete_all_existing_solved
ac19_6767,YXXyx,YYXXyXyXYxyxYX,1,8140,"s20_mk2_mK2,s20_f4",incomplete_all_existing_solved
ac19_677,YXYXYx,YYXXYxYxyXXyx,1,1216,s20_f4,incomplete_all_existing_solved
ac19_6772,YXXyx,YYXyxYYXyxyXX,4,8145 81923 104397 117105,baseline,incomplete_all_existing_solved
ac19_6781,YXXyXyx,YYXXyxyXyx,5,8157 23613 43784 98921 104019,"baseline,s20_mk2,s20_mk2_mK2,s20_f4",never_10k
ac19_6790,YXXXYxx,YYXXXYxYXyx,3,8169 32920 34605,baseline,incomplete_all_existing_solved
ac19_680,YXXyx,YYXXyxxYXyyxYx,1,1219,"s20_mk2_mK2,s20_f4",incomplete_all_existing_solved
ac19_6801,YYXXXyX,YXYxxxyXXyX,3,8181 16888 119316,s20_mk2,incomplete_all_existing_solved
ac19_6824,YXyXXyx,YYXXXXyxxyx,3,8209 13192 83564,s20_f4,incomplete_all_existing_solved
ac19_6826,YXXyXyx,YYYXyxyxxyX,2,8212 141585,s20_f4,incomplete_all_existing_solved
ac19_6831,YYXXYXX,YYxxyXyXyx,3,8217 14661 22973,s20_mk2_mK2,incomplete_all_existing_solved
ac19_6839,YXXyx,YYYYXyxyyXYYxyyX,3,8228 104966 135098,s20_f4,incomplete_all_existing_solved
ac19_6845,YXYXyx,YYYYXXyXXXyxx,1,8239,s20_mk2_mK2,incomplete_all_existing_solved
ac19_685,YYYXXXYXX,YYYXXXyxyx,1,1224,"baseline,s20_mk2,s20_mk2_mK2",incomplete_all_existing_solved
ac19_6870,YYXXXXyx,YYXXYXyyX,3,8268 124893 128247,s20_mk2_mK2,incomplete_all_existing_solved
ac19_6876,YXXXyxx,YYYXyxyxx,6,8274 38124 47893 78510 111575 116536,"baseline,s20_mk2",incomplete_all_existing_solved
ac19_6887,YXYXYx,YYYYxYXXXyXYx,1,8285,s20_mk2_mK2,incomplete_all_existing_solved
ac19_689,YXXXyxYx,YYXyyXYxx,8,1228 4895 57088 57575 85183 98824 123673 151871,s20_mk2_mK2,incomplete_all_existing_solved
ac19_6926,YXXyx,YYXyXXXyXXYXX,3,8335 79325 127795,s20_f4,incomplete_all_existing_solved
ac19_6962,YYXXyxx,YYXXyyxxyX,2,8375 142173,baseline,incomplete_all_existing_solved
ac19_6985,YXXYx,YYYXYXyyXyyxYx,2,8403 95501,"baseline,s20_mk2,s20_mk2_mK2",incomplete_all_existing_solved
ac19_6986,YXYXYx,YYXXXyyxYYx,6,8404 19344 46812 52070 117047 127917,s20_mk2_mK2,incomplete_all_existing_solved
ac19_6990,YXYXXYx,YYXXyxxxyXyx,2,8408 135225,"s20_mk2,s20_f4",incomplete_all_existing_solved
ac19_6995,YXYXyx,YYXXYXyyXXYYx,1,8414,s20_mk2,incomplete_all_existing_solved
ac19_7001,YXXyXyxx,YYxxyxxYXYx,3,8420 118603 123982,baseline,incomplete_all_existing_solved
ac19_7005,YXXyx,YYXyxxyXXXXYx,3,8424 99908 101444,"baseline,s20_f4",incomplete_all_existing_solved
ac19_7039,YXXYx,YYXyxYXYXyXYx,4,8464 17415 92641 104166,s20_mk2,incomplete_all_existing_solved
ac19_7045,YYXXX,YYYYXXYxyyyXyx,1,8471,s20_f4,incomplete_all_existing_solved
ac19_7060,YYXXYx,YYYXXXYxx,6,8491 25077 84067 122484 137440 156028,"baseline,s20_f4",incomplete_all_existing_solved
ac19_7064,YYXXYx,YYXYXXYXyxYYx,1,8497,"s20_mk2_mK2,s20_f4",incomplete_all_existing_solved
ac19_7065,YXXyxYx,YYYXYxYxxyX,3,8498 92780 125573,baseline,incomplete_all_existing_solved
ac19_7069,YXX,YYYYXXyxYXyyX,1,8505,"baseline,s20_mk2",incomplete_all_existing_solved
ac19_7075,YXXyx,YYXyXyXXXXXXYX,1,8513,s20_mk2,incomplete_all_existing_solved
ac19_7081,YXXyXyxx,YXYXXyxxx,10,8521 10929 36064 51186 56997 80575 98371 103639 109524 144751,s20_f4,incomplete_all_existing_solved
ac19_7086,YYXXYx,YYXXXYxxyXYYx,1,8527,s20_mk2,incomplete_all_existing_solved
ac19_7087,YXXyx,YYXXXyXXXyXYX,3,8529 101208 122341,s20_mk2_mK2,incomplete_all_existing_solved
ac19_7094,YXXyx,YYYXyyXyyxx,13,8543 17569 48906 59276 69160 80421 81248 118158 121226 126366 126847 147711 156014,s20_mk2,incomplete_all_existing_solved
ac19_7096,YXXyx,YYXXyyxYxYxxyx,1,8545,baseline,incomplete_all_existing_solved
ac19_7099,YXXyXyx,YYXXyxxxxyX,3,8548 10464 142678,s20_f4,incomplete_all_existing_solved
ac19_7100,YYXXyXyxx,YYYXXyXXyx,1,8549,s20_mk2,incomplete_all_existing_solved
ac19_7104,YYXXXyx,YYYXXXYYXyyX,1,8553,baseline,incomplete_all_existing_solved
ac19_7111,YYXXYx,YYXXYYxxxYXyX,1,8562,"baseline,s20_f4",incomplete_all_existing_solved
ac19_7116,YXXXyxx,YYXyyXXYx,5,8567 51128 90187 94332 121367,"s20_mk2,s20_mk2_mK2,s20_f4",incomplete_all_existing_solved
ac19_7140,YYXXYx,YYYXyyyxyXyxx,1,8593,s20_mk2_mK2,incomplete_all_existing_solved
ac19_7145,YYXXYXyxx,YYYYXXyyyx,1,8598,"s20_mk2,s20_mk2_mK2,s20_f4",incomplete_all_existing_solved
ac19_7146,YYXXyx,YYXXyxxxyyxyX,1,8599,"s20_mk2,s20_mk2_mK2,s20_f4",incomplete_all_existing_solved
ac19_7150,YXXyx,YYXyxxxxyyXX,4,8605 54664 78530 87000,"baseline,s20_mk2,s20_mk2_mK2",incomplete_all_existing_solved
ac19_7155,YXXYx,YYXXYxyXYXYYx,3,8610 32121 84248,baseline,incomplete_all_existing_solved
ac19_7160,YXyXXyx,YYYxxxYxyyx,9,8615 43618 56760 62973 65174 80328 111262 140346 141291,s20_mk2_mK2,incomplete_all_existing_solved
ac19_7171,YYXXXyxxx,YYXXYXYxYx,1,8628,s20_mk2_mK2,incomplete_all_existing_solved
ac19_7176,YYXXX,YYxYXXXXyxyx,3,8634 69118 130154,baseline,incomplete_all_existing_solved
ac19_7181,YXX,YYXYxyyXyyxYx,1,8640,baseline,incomplete_all_existing_solved
ac19_7215,YYXYxxyXyx,YYXXyxyXyyx,1,8683,s20_mk2,incomplete_all_existing_solved
ac19_7216,YYXXXXYX,YYXXyXXYxyx,2,8684 53043,s20_mk2_mK2,incomplete_all_existing_solved
ac19_7219,YYXXX,YYXXXYxxxxyXyX,1,8687,baseline,incomplete_all_existing_solved
ac19_7221,YXXyx,YYYXXyXXyXyXYX,1,8689,s20_mk2_mK2,incomplete_all_existing_solved
ac19_7222,YXXYx,YYYXyyxyyXyxyx,2,8692 141024,"baseline,s20_mk2,s20_mk2_mK2,s20_f4",never_10k
ac19_7224,YXXyx,YYXyyXXyxxxx,5,8695 83950 87255 97632 129505,baseline,incomplete_all_existing_solved
ac19_7229,YYXXX,YYXyXyxxxyx,9,8702 48745 53591 55069 67695 102575 106195 107488 147716,"s20_mk2_mK2,s20_f4",incomplete_all_existing_solved
ac19_7231,YXYXyx,YYYXyXXyx,12,8704 16095 36827 42126 46809 48555 108335 112805 126854 136911 146325 154310,baseline,incomplete_all_existing_solved
ac19_7234,YXXYx,YYYXYXyXXyxYx,4,8710 54389 96447 99333,"baseline,s20_mk2",incomplete_all_existing_solved
ac19_7235,YXX,YYXyyxYYXyXX,3,8711 28261 138927,"s20_mk2,s20_mk2_mK2,s20_f4",incomplete_all_existing_solved
ac19_7239,YXYXYx,YYXXYxxYxYXyX,1,8715,s20_mk2_mK2,incomplete_all_existing_solved
ac19_7246,YYXXX,YYYYYXXyXyXX,1,8724,s20_mk2,incomplete_all_existing_solved
ac19_7256,YYXXX,YYYYXyXyXyxx,4,8738 12910 88310 100265,s20_f4,incomplete_all_existing_solved
ac19_7261,YXX,YYYXyyXYxYXyyx,4,8743 29397 130117 137587,baseline,incomplete_all_existing_solved
ac19_7262,YXXyXyX,YYxyxyxYXyX,5,8744 32450 79733 82560 142971,"s20_mk2_mK2,s20_f4",incomplete_all_existing_solved
ac19_7266,YXXXyxx,YYXXXyyXXXYx,1,8749,s20_mk2_mK2,incomplete_all_existing_solved
ac19_7272,YXYXX,YYXXyxYXyyXYx,2,8755 65712,"baseline,s20_mk2_mK2,s20_f4",incomplete_all_existing_solved
ac19_7277,YYXXXYx,YXyXyxxx,15,8762 21979 23883 25050 38660 75976 80748 89643 95598 96309 98653 109242 125934 127220 146303,baseline,incomplete_all_existing_solved
ac19_7282,YXXX,YYYxyxxYXyyxyyx,1,8767,baseline,incomplete_all_existing_solved
ac19_7289,YXYXX,YYYYXXXXXXyxx,2,8775 124574,"baseline,s20_f4",incomplete_all_existing_solved
ac19_7294,YYXXX,YXXXXyxxYx,11,8781 34218 64490 83853 87502 100872 110763 121100 131954 150102 156729,s20_mk2_mK2,incomplete_all_existing_solved
ac19_7377,YYXXX,YYXXyXyyXYYxx,1,8883,s20_mk2,incomplete_all_existing_solved
ac19_7387,YXXYx,YYXYXyxYYxyX,3,8896 24274 113095,s20_mk2_mK2,incomplete_all_existing_solved
ac19_739,YXYXyx,YYYxxYXyyXX,4,1279 30301 73752 126110,"s20_mk2,s20_mk2_mK2",incomplete_all_existing_solved
ac19_7412,YXYXYx,YYYXXYXXYxYYx,1,8929,s20_mk2_mK2,incomplete_all_existing_solved
ac19_7419,YXXYx,YYXXyxYxyXyxYX,1,8938,baseline,incomplete_all_existing_solved
ac19_7446,YXYXYx,YXXXXXyxxYxxx,3,8970 79235 150489,baseline,incomplete_all_existing_solved
ac19_7451,YYXXX,YYxxxxyXXyXyx,3,8975 101713 145185,"s20_mk2,s20_f4",incomplete_all_existing_solved
ac19_7456,YXXYx,YYXXYxYXyx,12,8984 15720 37378 37889 52397 59328 64267 84112 96477 129589 153663 155799,baseline,incomplete_all_existing_solved
ac19_7461,YXYXyx,YYxYXyyXYXyxx,2,8990 50276,s20_mk2,incomplete_all_existing_solved
ac19_7480,YXXyx,YYXXyxYXyyXYX,3,9016 97430 98199,baseline,incomplete_all_existing_solved
ac19_7482,YXXyx,YYXYxyxYXyyX,6,9020 17277 39021 53193 103209 134587,"baseline,s20_mk2",incomplete_all_existing_solved
ac19_7485,YXXyxYx,YYYYYYYxYXX,2,9025 59529,"baseline,s20_mk2",incomplete_all_existing_solved
ac19_7490,YXYXYx,YYXXXYXXYYxxx,2,9030 31881,s20_mk2,incomplete_all_existing_solved
ac19_7492,YXXyx,YYXYYXyyxyXyyXXX,2,9032 116960,s20_mk2_mK2,incomplete_all_existing_solved
ac19_7495,YXXYxxyX,YYxyXYxyX,11,9037 18292 37752 42282 52361 65668 94085 96409 111752 122965 124958,s20_mk2,incomplete_all_existing_solved
ac19_7499,YXXyx,YYYYXXXXyyyXXX,1,9043,"s20_mk2_mK2,s20_f4",incomplete_all_existing_solved
ac19_7500,YXYXyx,YYXXXyyXyxYYx,4,9044 19119 54555 77313,baseline,incomplete_all_existing_solved
ac19_7510,YXXyx,YYYYXyXXyyyxyX,1,9058,s20_mk2_mK2,incomplete_all_existing_solved
ac19_7514,YXXyx,YYXyyXYYxxyxxx,1,9063,s20_f4,incomplete_all_existing_solved
ac19_7519,YXyxYXXyx,YYYXyxYXXyyX,1,9069,s20_mk2,incomplete_all_existing_solved
ac19_7520,YXXyXyX,YYXXXyxxxyx,3,9070 23128 27925,"s20_mk2_mK2,s20_f4",incomplete_all_existing_solved
ac19_7525,YYXXyxx,YYYYXXYYxyxx,1,9076,"baseline,s20_mk2",incomplete_all_existing_solved
ac19_7535,YXXX,YYYXyyxyXyxYx,2,9089 30266,"s20_mk2_mK2,s20_f4",incomplete_all_existing_solved
ac19_7542,YXyXXXyX,YYYXXyXXyyXyX,1,9097,"s20_mk2_mK2,s20_f4",incomplete_all_existing_solved
ac19_7547,YXXYx,YYXXXYYxYX,10,9105 15561 32090 52111 118678 125279 134578 138747 142561 148165,baseline,incomplete_all_existing_solved
ac19_7549,YYXXyx,YYXXXyXYxxxYX,1,9107,s20_f4,incomplete_all_existing_solved
ac19_7554,YXXYXXXYx,YYxYXyxyXX,2,9112 57360,baseline,incomplete_all_existing_solved
ac19_7555,YYXXXyyxx,YYXyyXXXyx,1,9113,s20_f4,incomplete_all_existing_solved
ac19_7560,YXXyx,YYXYxxxyyx,9,9120 25045 34359 36015 42294 51324 97887 120811 149160,baseline,incomplete_all_existing_solved
ac19_7564,YXXyx,YYYXXYxyxxyyx,3,9124 94683 140095,"s20_mk2_mK2,s20_f4",incomplete_all_existing_solved
ac19_7565,YYXXXYX,YYxxyXXX,14,9125 20442 48395 57551 58541 81746 117294 117581 121626 127481 136857 141595 153711 153855,s20_mk2_mK2,incomplete_all_existing_solved
ac19_7566,YXXyx,YYYXyXyxyxxYX,4,9126 33692 98773 132825,s20_mk2,incomplete_all_existing_solved
ac19_7569,YXXyx,YYXYXXyXXyxx,4,9129 54457 116664 153483,"baseline,s20_mk2,s20_mk2_mK2,s20_f4",never_10k
ac19_7571,YXYXYx,YYXXXXyyxxxyx,2,9131 64075,"baseline,s20_mk2",incomplete_all_existing_solved
ac19_7574,YXXyx,YYXXYXyyx,17,9134 11800 14940 23808 32147 75314 81663 83854 99176 100120 118550 122392 122520 139310 139850 150264 155450,"baseline,s20_mk2,s20_mk2_mK2,s20_f4",never_10k
ac19_7581,YXXyx,YYXXYXyXXXXyx,3,9143 116635 153401,"baseline,s20_mk2,s20_mk2_mK2,s20_f4",never_10k
ac19_7585,YXYxxyXyx,YYYXyxyXyyx,6,9147 21390 29514 90255 95046 96808,"baseline,s20_mk2_mK2",incomplete_all_existing_solved
ac19_7586,YXXyx,YYXXYxxxxyyx,4,9148 78245 95703 123649,baseline,incomplete_all_existing_solved
ac19_7592,YX,YYXXyyXXyxYxx,1,9154,"baseline,s20_mk2,s20_mk2_mK2,s20_f4",never_10k
ac19_7596,YXXyx,YYYYXyxyyyxxYX,3,9160 40725 98796,baseline,incomplete_all_existing_solved
ac19_7601,YYXXYx,YYXyyxyXXYxyx,1,9165,s20_mk2_mK2,incomplete_all_existing_solved
ac19_7602,YXXYXXXYx,YYxyXyxxxyXyx,1,9166,baseline,incomplete_all_existing_solved
ac19_7610,YXXyx,YYYYXXXyXXyyx,1,9174,"s20_mk2_mK2,s20_f4",incomplete_all_existing_solved
ac19_762,YXyXYxx,YYXYxxYxxyyXyyX,2,1305 155440,s20_mk2_mK2,incomplete_all_existing_solved
ac19_7622,YXXYx,YYYXyyyXYx,39,9189 10642 13056 13816 16952 28975 34474 36059 47413 47429 47970 50714 64575 67297 69081 73453 82896 84842 87354 88415 89706 91200 92772 93648 97304 101339 102189 105097 114705 124446 126206 127064 132305 139088 141766 142593 143693 155762 156320,s20_mk2,incomplete_all_existing_solved
ac19_7629,YXXyx,YYXXXXXyXyyXX,3,9196 10529 75553,s20_mk2,incomplete_all_existing_solved
ac19_7642,YYXXX,YYXyyXYXyyxYYx,1,9213,"baseline,s20_mk2",incomplete_all_existing_solved
ac19_7656,YYXXyx,YYXXXXyyXYxYx,1,9231,"s20_mk2_mK2,s20_f4",incomplete_all_existing_solved
ac19_7675,YXYXyx,YYYXyXYxYXXXX,3,9258 40242 112543,s20_mk2_mK2,incomplete_all_existing_solved
ac19_7676,YXXyx,YYYXyxyxxyyx,5,9259 106349 106570 125450 154107,s20_mk2_mK2,incomplete_all_existing_solved
ac19_7684,YXXyx,YYXYYxyyXyXXXX,2,9267 124526,s20_f4,incomplete_all_existing_solved
ac19_7686,YXYxyx,YYXXXyyxx,9,9270 12157 23891 49093 77514 79010 94304 95342 121955,s20_mk2,incomplete_all_existing_solved
ac19_7696,YXXyx,YYXXyxyXyxx,6,9281 54631 55955 107858 116010 147147,"baseline,s20_mk2",incomplete_all_existing_solved
ac19_7702,YXXyx,YYXyyXYXYxyx,5,9289 38667 68199 73705 119197,"baseline,s20_mk2,s20_mk2_mK2,s20_f4",never_10k
ac19_7705,YYXXXXX,YXXyXYx,26,9292 30607 35911 58214 59537 61183 63752 65463 67303 72014 75443 80036 93515 102111 103252 109860 112794 124016 124226 131893 134995 136880 137738 138791 143472 153334,"s20_mk2,s20_mk2_mK2",incomplete_all_existing_solved
ac19_7707,YYXXX,YYYYXXyXyXYX,3,9295 27263 29963,baseline,incomplete_all_existing_solved
ac19_7710,YXXyXyX,YYYXXyyyx,5,9298 47107 59111 86568 91424,s20_f4,incomplete_all_existing_solved
ac19_7719,YXX,YYYXyyXyyXXYYx,2,9310 56343,"s20_mk2,s20_mk2_mK2",incomplete_all_existing_solved
ac19_7725,YXXyx,YYYXyyxyyxYXyx,6,9316 45956 73434 75033 116479 143699,s20_mk2_mK2,incomplete_all_existing_solved
ac19_7729,YXXyx,YYYYXYXyyxyyXX,2,9320 79712,s20_mk2_mK2,incomplete_all_existing_solved
ac19_7739,YXXyXyx,YYxyXYxyxyX,5,9335 14775 63085 143049 146912,s20_mk2_mK2,incomplete_all_existing_solved
ac19_775,YXYXyx,YYYXXXXyyXYxx,1,1319,s20_f4,incomplete_all_existing_solved
ac19_7789,YXXyXyx,YYxxyxyXXYxx,2,9396 13604,s20_mk2_mK2,incomplete_all_existing_solved
ac19_7790,YXXyx,YYYXYXyXyyXyyX,3,9397 49215 117985,"baseline,s20_mk2_mK2",incomplete_all_existing_solved
ac19_7794,YXX,YYXyyXXXYx,2,9402 85709,baseline,incomplete_all_existing_solved
ac19_7796,YXXyx,YYYYXyyxxxxxyx,2,9404 30740,baseline,incomplete_all_existing_solved
ac19_7805,YXXyx,YYXXXXXYXyXyx,3,9415 34088 37456,"s20_mk2,s20_mk2_mK2,s20_f4",incomplete_all_existing_solved
ac19_7810,YXXyx,YYYXXyxyxYXyX,3,9421 114435 144001,"baseline,s20_mk2_mK2",incomplete_all_existing_solved
ac19_7816,YYXYXXXYx,YXXyXyxxxx,1,9428,"baseline,s20_mk2_mK2",incomplete_all_existing_solved
ac19_7825,YXXyx,YYXyyXXYxYxyx,3,9440 56535 144828,baseline,incomplete_all_existing_solved
ac19_784,YXXyx,YYXXXYXyXXXyX,3,1329 39233 49495,baseline,incomplete_all_existing_solved
ac19_7841,YXXyx,YYXYxxxyXXyXX,3,9461 76619 153328,"baseline,s20_f4",incomplete_all_existing_solved
ac19_7845,YXXyx,YYXYxxxyXyXXX,3,9465 22196 68004,baseline,incomplete_all_existing_solved
ac19_7846,YXyXXyx,YYXXyxYxyxyXX,3,9466 21352 49180,baseline,incomplete_all_existing_solved
ac19_7850,YXXX,YYYXXyxYXyXyx,1,9470,s20_mk2,incomplete_all_existing_solved
ac19_7869,YXXyx,YYYYXyxyXyyxyX,21,9496 15070 16252 21849 21891 22780 24549 27906 46110 51061 59409 66095 74584 101547 105084 109139 122729 123671 128314 146290 152142,s20_f4,incomplete_all_existing_solved
ac19_7872,YXXyx,YYYXYXyyxxyXX,3,9499 106876 120800,s20_f4,incomplete_all_existing_solved
ac19_7877,YXXyXXYx,YXXYXXyxx,11,9505 26952 35676 42982 72858 90068 106044 117482 151655 153818 156234,s20_mk2_mK2,incomplete_all_existing_solved
ac19_7882,YYXXyxx,YYYXXyxyxyyx,1,9511,"s20_mk2,s20_f4",incomplete_all_existing_solved
ac19_7885,YXXyx,YYXXYxxyyX,9,9514 14632 56594 57859 81228 94803 122943 123710 150136,"s20_mk2,s20_mk2_mK2,s20_f4",incomplete_all_existing_solved
ac19_7897,YXXyx,YYXyyxYXyXYx,6,9528 56408 75137 75668 76704 152251,"s20_mk2_mK2,s20_f4",incomplete_all_existing_solved
ac19_791,YXyxYXXyx,YYYXXyXyxYXyX,5,1336 3759 5527 20914 121303,"s20_mk2_mK2,s20_f4",incomplete_all_existing_solved
ac19_7926,YYXXX,YYXXXXyxx,11,9559 19616 26402 34461 62930 67930 97698 103959 121291 135376 137586,"baseline,s20_mk2,s20_mk2_mK2,s20_f4",never_10k
ac19_7936,YXXYXXyXX,YYXXyXyXYX,2,9570 74536,s20_mk2_mK2,incomplete_all_existing_solved
ac19_7939,YXXyx,YYXyyXYxyxyx,5,9574 49884 56201 75209 127628,"s20_mk2_mK2,s20_f4",incomplete_all_existing_solved
ac19_794,YYXXYx,YYxyXyxxYXX,3,1339 71080 77435,"baseline,s20_mk2,s20_mk2_mK2,s20_f4",never_10k
ac19_7944,YYYXXXyxx,YYYXXXYxyx,1,9579,"s20_mk2_mK2,s20_f4",incomplete_all_existing_solved
ac19_7954,YXYXXYx,YYxYXXyxxyXX,2,9591 88404,"baseline,s20_mk2,s20_mk2_mK2,s20_f4",never_10k
ac19_7959,YXYXYx,YYxYXXXyxyx,5,9596 10011 10032 76366 103043,"baseline,s20_mk2,s20_mk2_mK2,s20_f4",never_10k
ac19_796,YXXyx,YYXYYXyXyxyX,14,1341 14341 26085 29331 42347 51984 85477 86867 89335 95427 122274 134714 143194 154230,s20_mk2,incomplete_all_existing_solved
ac19_7981,YXX,YYYXyyxYxyyXyx,2,9622 53692,"s20_mk2_mK2,s20_f4",incomplete_all_existing_solved
ac19_799,YYXXX,YYXyxxxyXXyx,4,1345 18736 77063 111303,baseline,incomplete_all_existing_solved
ac19_7997,YXX,YYXXyXyXYXyXYYx,1,9642,"baseline,s20_mk2",incomplete_all_existing_solved
ac19_8001,YYXXYx,YYXYXXyXYxYYx,1,9646,baseline,incomplete_all_existing_solved
ac19_8019,YXXYx,YYYxYXYXyXyx,5,9667 31899 74301 104875 151494,"s20_mk2,s20_mk2_mK2",incomplete_all_existing_solved
ac19_8020,YXXyx,YYXYxyxYxxyyx,3,9668 76899 84131,"s20_mk2_mK2,s20_f4",incomplete_all_existing_solved
ac19_804,YXXYx,YYXYYXYXyXyxx,3,1351 78934 130140,"baseline,s20_mk2_mK2",incomplete_all_existing_solved
ac19_805,YXXyx,YYXyXyxxyyxYx,3,1352 87160 126064,baseline,incomplete_all_existing_solved
ac19_8051,YYYXXXXyX,YYXXXXXyxx,2,9709 33651,s20_mk2,incomplete_all_existing_solved
ac19_8054,YXXyXyx,YYxYXXyxyx,5,9714 95115 106164 108073 142584,s20_mk2,incomplete_all_existing_solved
ac19_8072,YYXXXyxx,YYXyxYXyx,3,9734 15849 108901,s20_mk2,incomplete_all_existing_solved
ac19_809,YYXXyxx,YYXYXXYxYx,3,1356 87862 88182,s20_f4,incomplete_all_existing_solved
ac19_81,YYXXYx,YYYYYxyyyyX,39,426 433 440 449 535 536 538 542 547 558 865 1055 3353 15728 22482 43056 46358 49867 52045 56923 57234 63017 69349 70268 74577 87452 89519 95060 99110 100117 100337 105040 110804 113325 122721 135625 143318 147028 150680,s20_mk2_mK2,incomplete_all_existing_solved
ac19_8111,YXXyx,YYYXYYxyyXyxyX,8,9782 76007 77266 91220 95711 123992 128601 135385,baseline,incomplete_all_existing_solved
ac19_8117,YXYXYx,YYXyXXYxxyx,5,9790 19888 39459 103524 114280,s20_mk2_mK2,incomplete_all_existing_solved
ac19_8122,YXXYx,YYXXYYXXYYxYX,3,9798 37097 47780,"s20_mk2_mK2,s20_f4",incomplete_all_existing_solved
ac19_8127,YYXXXyX,YYxxyXXyX,5,9805 40655 108530 122723 131656,baseline,incomplete_all_existing_solved
ac19_8130,YXYxyx,YYXXyXXyxxx,3,9808 126114 150087,baseline,incomplete_all_existing_solved
ac19_814,YXXyx,YYYYXyxyyxYxyX,3,1361 73240 105653,"s20_mk2,s20_f4",incomplete_all_existing_solved
ac19_8140,YYYXXXX,YYYYXYXyyyX,2,9820 140603,s20_mk2_mK2,incomplete_all_existing_solved
ac19_8141,YYXXXXyx,YXYXXXyxx,13,9821 10527 34175 34614 42684 46325 52791 66433 68702 68837 72921 114593 125179,baseline,incomplete_all_existing_solved
ac19_815,YXXyx,YYYXYYxyxyyyxx,3,1362 55564 112747,s20_mk2_mK2,incomplete_all_existing_solved
ac19_8152,YXXYxxyX,YYXXyyxyx,4,9835 91248 93843 126849,baseline,incomplete_all_existing_solved
ac19_8155,YXXyx,YYXyyXYYXyxx,4,9838 23447 98284 123334,"s20_mk2,s20_mk2_mK2,s20_f4",incomplete_all_existing_solved
ac19_8157,YYXXyx,YYXyyXXYxyx,3,9840 20215 51445,baseline,incomplete_all_existing_solved
ac19_8159,YXXXXyxYx,YYXXXXYXXX,5,9844 42537 61407 66271 135195,s20_mk2_mK2,incomplete_all_existing_solved
ac19_8160,YXX,YYYYXyyyXyXYxyx,1,9845,"s20_mk2,s20_mk2_mK2,s20_f4",incomplete_all_existing_solved
ac19_8164,YXXYx,YYYXYYXyXyx,9,9850 43999 60731 90050 93265 93750 95452 151768 152356,"s20_mk2_mK2,s20_f4",incomplete_all_existing_solved
ac19_8167,YXYXyx,YYXXyyXXYXYxx,2,9853 112831,s20_mk2_mK2,incomplete_all_existing_solved
ac19_8169,YXYXX,YYXyxxYxYXXyyX,1,9855,s20_f4,incomplete_all_existing_solved
ac19_8197,YYXXYYxyX,YYxYxyXyXX,1,9887,s20_f4,incomplete_all_existing_solved
ac19_820,YXXyx,YYXXXyXXyxYX,4,1367 59092 87911 103265,"baseline,s20_mk2,s20_mk2_mK2,s20_f4",never_10k
ac19_8200,YXXyx,YYXYxxyXyyXyx,3,9890 10659 22773,s20_f4,incomplete_all_existing_solved
ac19_8204,YXXyx,YYXXYxyXyXyyX,3,9895 24670 43154,s20_mk2_mK2,incomplete_all_existing_solved
ac19_8205,YXXyx,YYYXyyyXyxYXyx,9,9896 49396 49582 70217 75955 89565 98331 103565 148349,baseline,incomplete_all_existing_solved
ac19_8209,YXYXyx,YYYYYXXyXXXyx,1,9900,s20_mk2_mK2,incomplete_all_existing_solved
ac19_8212,YXXYx,YYYXyyXyxYYXYx,4,9905 13468 84831 120191,"s20_mk2,s20_f4",incomplete_all_existing_solved
ac19_8220,YXXYx,YYYXYXXXYxYYX,3,9916 42514 97368,s20_mk2_mK2,incomplete_all_existing_solved
ac19_8234,YXXyx,YYXyyXXyyxxxYx,1,9933,s20_mk2_mK2,incomplete_all_existing_solved
ac19_8236,YXXXXYx,YYXXXyXXYxYX,1,9936,"baseline,s20_f4",incomplete_all_existing_solved
ac19_8239,YXX,YYYYXYxyXyyXyX,2,9939 39442,s20_mk2,incomplete_all_existing_solved
ac19_8249,YXXyx,YYYXyxyXXXyxYX,1,9952,s20_mk2,incomplete_all_existing_solved
ac19_8275,YXYXYx,YYYXXXyyxYx,5,9983 27177 118574 126859 151273,s20_f4,incomplete_all_existing_solved
ac19_8280,YYXXyyx,YYxyxxx,12,9989 14534 31048 45156 56783 66919 98964 128194 137179 138997 141289 147595,s20_mk2,incomplete_all_existing_solved
ac19_8290,YYXXXYxYx,YYXYYXXyxx,1,10001,"s20_mk2_mK2,s20_f4",incomplete_all_existing_solved
ac19_8295,YYXXX,YYYXXXYxyXX,5,10007 11237 62404 98320 130376,"baseline,s20_mk2,s20_mk2_mK2",incomplete_all_existing_solved
ac19_8306,YXXYx,YYYXYYXXyxYX,8,10021 21736 46989 95802 108472 130935 136547 136806,s20_mk2,incomplete_all_existing_solved
ac19_8326,YXXXYxx,YYYXXyxyx,6,10045 39392 65701 94780 104117 104830,s20_mk2_mK2,incomplete_all_existing_solved
ac19_8346,YXXXyxx,YYXYXyXXyXX,4,10071 95892 118015 147305,s20_f4,incomplete_all_existing_solved
ac19_8350,YXXyx,YYXXXXYXyyXyyX,1,10075,s20_mk2_mK2,incomplete_all_existing_solved
ac19_8387,YXXYxxyx,YYYXyXyxxyX,1,10118,"baseline,s20_mk2",incomplete_all_existing_solved
ac19_8397,YYXXX,YYYXyyXyxyxxx,1,10132,s20_f4,incomplete_all_existing_solved
ac19_8399,YXXYx,YYYYXXyxYYX,5,10135 37927 69525 75123 130875,s20_mk2,incomplete_all_existing_solved
ac19_840,YYXXXyXX,YYXyXYxyXXX,1,1388,"baseline,s20_mk2_mK2,s20_f4",incomplete_all_existing_solved
ac19_8422,YYYXXXXX,YXXXyXYxx,3,10168 87489 92415,s20_f4,incomplete_all_existing_solved
ac19_8431,YXXYx,YYYYXXyyXyxYYx,4,10179 36005 140313 141869,s20_f4,incomplete_all_existing_solved
ac19_8439,YXYXX,YYYXyXyXXYxxyx,1,10188,"s20_mk2_mK2,s20_f4",incomplete_all_existing_solved
ac19_8444,YXXX,YYYYXXXyXyXyXyxYx,1,10193,"baseline,s20_mk2",incomplete_all_existing_solved
ac19_8455,YYXXyx,YXYxYxyXXyxyX,2,10208 86645,"baseline,s20_mk2",incomplete_all_existing_solved
ac19_8456,YXXyx,YYYXXXXyyxyxYx,1,10209,"s20_mk2,s20_mk2_mK2,s20_f4",incomplete_all_existing_solved
ac19_8499,YXXYx,YYYXXYYxyyX,9,10262 22962 38803 73589 117892 118165 130260 142297 144362,baseline,incomplete_all_existing_solved
ac19_850,YXXXyxx,YYYXXXyxyX,2,1400 5500,"baseline,s20_mk2_mK2,s20_f4",incomplete_all_existing_solved
ac19_8504,YXXyx,YYXYYxyXXyxyX,3,10270 18220 151378,s20_mk2,incomplete_all_existing_solved
ac19_852,YYYXXXX,YXYXyXXXYxx,2,1402 106694,s20_mk2_mK2,incomplete_all_existing_solved
ac19_8521,YXXyxYx,YYYxxYXYXyx,3,10292 34689 147127,s20_mk2,incomplete_all_existing_solved
ac19_8526,YYXXX,YYxYXYXyyXyx,7,10298 20213 33040 62839 67175 144765 149361,baseline,incomplete_all_existing_solved
ac19_855,X,YYYXYYxyXyyxyX,1,1405,baseline,incomplete_all_existing_solved
ac19_8550,YXXYx,YYXYxYXyyxxyX,3,10333 15936 74980,"baseline,s20_mk2,s20_mk2_mK2",incomplete_all_existing_solved
ac19_8554,YXXyx,YYYYXyxyXYxyyx,3,10339 24778 31229,"baseline,s20_f4",incomplete_all_existing_solved
ac19_8559,YXXyXyxx,YYXyXyyxx,3,10345 32240 59169,"baseline,s20_mk2_mK2",incomplete_all_existing_solved
ac19_8574,YXyXXyx,YYYXyxyXXyx,3,10362 59082 124802,s20_mk2_mK2,incomplete_all_existing_solved
ac19_8587,YYXXX,YYXyXYXyxx,13,10382 16840 21096 28035 44111 59692 75087 86276 88108 108387 111806 123891 156677,"s20_mk2,s20_f4",incomplete_all_existing_solved
ac19_8595,YXXXyXXyx,YYxyxyXYxx,3,10393 25156 134208,s20_mk2_mK2,incomplete_all_existing_solved
ac19_8602,YYYXXXXyx,YYxyxyXXyx,1,10400,s20_mk2_mK2,incomplete_all_existing_solved
ac19_8619,YYXXyxx,YYXYxYXXYx,17,10422 23149 35816 36828 40460 53845 57511 69293 91967 96798 98170 107869 119837 132070 141538 149782 151203,s20_f4,incomplete_all_existing_solved
ac19_8624,YXXYx,YYYxyXyyXyyxyx,4,10430 23422 120925 137940,"s20_mk2,s20_f4",incomplete_all_existing_solved
ac19_8627,YXXyx,YYYXYxyxyXyxx,4,10435 24983 53707 145173,"s20_mk2_mK2,s20_f4",incomplete_all_existing_solved
ac19_8629,YXXXyXyxx,YYxxyxYXyx,2,10437 37819,s20_mk2_mK2,incomplete_all_existing_solved
ac19_8632,YYXXX,YYYXyXXyxx,7,10440 31408 46038 48473 51068 83718 91776,baseline,incomplete_all_existing_solved
ac19_865,YYYXXXX,YYYXXYXYXyX,3,1415 8171 68734,s20_f4,incomplete_all_existing_solved
ac19_8657,YXX,YYYXXYxYXyXyXyx,2,10471 144175,"s20_mk2,s20_mk2_mK2,s20_f4",incomplete_all_existing_solved
ac19_8659,YXXyx,YYXYXyXXYXyyX,3,10474 103949 145006,s20_f4,incomplete_all_existing_solved
ac19_8674,YYXXXXXYx,YYXyyXyxxx,1,10491,s20_f4,incomplete_all_existing_solved
ac19_8682,YXXyx,YYYXyXXyXXXyyX,1,10500,baseline,incomplete_all_existing_solved
ac19_8687,YXYxxYxyx,YYYxxYxyxx,1,10505,"s20_mk2,s20_mk2_mK2,s20_f4",incomplete_all_existing_solved
ac19_8697,YXXyxYx,YYYYXYxYxxyX,1,10517,"baseline,s20_mk2,s20_mk2_mK2,s20_f4",never_10k
ac19_8775,YYXXyxx,YYYxxYYxyyXX,1,10615,"s20_mk2_mK2,s20_f4",incomplete_all_existing_solved
ac19_8776,YXX,YYXyXYxxYxyyXyX,1,10617,"s20_mk2_mK2,s20_f4",incomplete_all_existing_solved
ac19_8781,YYXXXyxYx,YYXXXyxYYx,1,10622,"baseline,s20_mk2,s20_mk2_mK2,s20_f4",never_10k
ac19_8796,YXXYx,YYYXXyxYXyxxyX,1,10637,s20_mk2,incomplete_all_existing_solved
ac19_880,YXXyx,YYXXXYxYXyXyyX,1,1430,s20_f4,incomplete_all_existing_solved
ac19_8820,YYXXyx,YYYYXXXXX,4,10674 50311 137549 154637,s20_f4,incomplete_all_existing_solved
ac19_8825,YXXYx,YYXyXYYXXYYx,4,10680 19606 32193 60311,"baseline,s20_mk2,s20_mk2_mK2",incomplete_all_existing_solved
ac19_8834,YXXyx,YYXYxYXYxyXyxyyx,7,10692 12455 19346 28773 59728 145630 148061,"baseline,s20_mk2_mK2",incomplete_all_existing_solved
ac19_8835,YXYXX,YYYXXXXXyXYxx,2,10695 111200,s20_mk2_mK2,incomplete_all_existing_solved
ac19_8846,YXYXyxYXyx,YYXXXYxyXYx,4,10711 12672 49601 154597,s20_mk2,incomplete_all_existing_solved
ac19_8874,YXYXX,YYXXXyXXXyxYxxx,1,10747,s20_mk2,incomplete_all_existing_solved
ac19_8897,YXXyx,YYXYXyXXyXXXX,4,10778 42455 70025 82034,s20_mk2_mK2,incomplete_all_existing_solved
ac19_89,YYXXXyX,YXXXXXXyxxxxx,6,470 475 478 486 574 589,s20_mk2,incomplete_all_existing_solved
ac19_8902,YXYXX,YYXyyXXYXyxYx,1,10784,s20_f4,incomplete_all_existing_solved
ac19_8906,YXXyxYx,YYXyxYXXyx,5,10788 29498 67864 134669 138852,"s20_mk2_mK2,s20_f4",incomplete_all_existing_solved
ac19_8911,YXXyx,YYYXyxxyx,25,10793 12566 21447 36464 40721 50072 65804 70150 73156 75658 79749 84649 86038 91014 92648 99696 101906 122942 123978 127308 132518 146675 151468 152346 153718,baseline,incomplete_all_existing_solved
ac19_8916,YXXX,YYYYXYxyXyyxyyx,1,10799,s20_f4,incomplete_all_existing_solved
ac19_8922,YYXXyx,YYXYXyXyXYxxx,1,10806,"s20_mk2,s20_mk2_mK2",incomplete_all_existing_solved
ac19_8929,YYXXyxxyx,YXXyXXXXyX,1,10816,s20_mk2,incomplete_all_existing_solved
ac19_8954,YYXXYx,YYYxyXX,46,10846 12062 15215 16516 19832 23593 25618 29177 35458 39943 41363 42269 47507 48166 50538 50543 58967 60057 60748 61489 68680 75184 76874 77650 87988 92061 98382 98835 99097 105276 107537 118907 122477 122552 124032 124377 131513 136387 138716 143373 147324 149109 150590 150677 152081 154724,"baseline,s20_mk2_mK2",incomplete_all_existing_solved
ac19_8964,YYXXX,YYxyXXYXXyx,6,10860 11721 42749 58627 139989 156139,"baseline,s20_mk2,s20_mk2_mK2",incomplete_all_existing_solved
ac19_8969,YXXXyxx,YYYXXXyxyXX,2,10865 12773,"baseline,s20_mk2",incomplete_all_existing_solved
ac19_8979,YXXyx,YYXyxyxYxyxYx,6,10876 87068 93781 106688 146028 148113,s20_mk2_mK2,incomplete_all_existing_solved
ac19_8987,YXX,YYXyXYxxyXyxx,1,10885,s20_f4,incomplete_all_existing_solved
ac19_899,YXXyx,YYYXyXyyxxxYx,4,1450 67393 77069 116669,s20_f4,incomplete_all_existing_solved
ac19_8992,YXXXXyxYx,YYxYXXXXXX,2,10891 25445,baseline,incomplete_all_existing_solved
ac19_9014,YXXyx,YYYYYXyyxxyyyxYX,4,10931 58062 115578 132659,baseline,incomplete_all_existing_solved
ac19_9024,YXXyx,YYYXYxyyxyyXyx,3,10944 58773 99627,s20_mk2,incomplete_all_existing_solved
ac19_9044,YXyXXyx,YYYXyXYxxxxyx,1,10971,s20_f4,incomplete_all_existing_solved
ac19_9061,YXXYXXyx,YXXXXyxYx,10,10993 14561 56239 58482 68772 74142 87085 97636 110138 114139,"baseline,s20_mk2",incomplete_all_existing_solved
ac19_907,YYXyxYXXYxyXyx,YYXyxYYXyxYXyyx,2,1461 144553,s20_mk2_mK2,incomplete_all_existing_solved
ac19_9076,YXXYx,YYXXyXXYYxYxyx,1,11015,"s20_mk2_mK2,s20_f4",incomplete_all_existing_solved
ac19_9079,YXYXyx,YYXYxxyXyXyXXYx,3,11018 56175 146204,s20_mk2,incomplete_all_existing_solved
ac19_9086,YXXyx,YYYYXyyyXX,8,11027 21828 33068 77765 86682 91827 126093 154404,s20_mk2,incomplete_all_existing_solved
ac19_9096,YXyXYXyxx,YYXyxxYxyxx,2,11040 15332,s20_f4,incomplete_all_existing_solved
ac19_9101,YXXyx,YYXXyyXXXYX,5,11046 58043 70870 91538 103665,s20_f4,incomplete_all_existing_solved
ac19_9110,YYXXYx,YYYXyxYYYXX,3,11059 85019 144600,baseline,incomplete_all_existing_solved
ac19_9114,YYYXXYYXX,YYXXXYXYx,5,11063 16017 53310 77912 85616,s20_mk2_mK2,incomplete_all_existing_solved
ac19_9130,YYXXX,YXXyXYXXyxYxx,2,11081 46034,s20_f4,incomplete_all_existing_solved
ac19_9146,YXXyx,YYXYYxyXyXyXX,4,11105 65797 116523 131979,s20_mk2_mK2,incomplete_all_existing_solved
ac19_9151,YYXXX,YXyXXXYxYxxxyX,1,11110,baseline,incomplete_all_existing_solved
ac19_9192,YXyXYxxx,YYXyXYxxyyx,1,11165,"s20_mk2,s20_mk2_mK2,s20_f4",incomplete_all_existing_solved
ac19_9197,YXXyx,YYYXyxxxxyX,7,11174 38634 44692 44821 55776 151201 152722,"baseline,s20_mk2,s20_mk2_mK2",incomplete_all_existing_solved
ac19_92,YYXXXyxx,YXXXXXXyxxxxx,2,483 488,"baseline,s20_mk2",incomplete_all_existing_solved
ac19_9201,YYXXYx,YYXYXXXYxxx,2,11178 151055,s20_mk2_mK2,incomplete_all_existing_solved
ac19_9220,YXXyxYx,YYXyyxxYxYX,3,11203 35732 49528,"s20_mk2_mK2,s20_f4",incomplete_all_existing_solved
ac19_9227,YXyXXyx,YYxyxYxxxyxYX,4,11214 88848 105516 110271,s20_f4,incomplete_all_existing_solved
ac19_9234,YXYXyx,YYYYXyXXyxyxx,2,11224 39359,baseline,incomplete_all_existing_solved
ac19_9255,YXXYx,YYYXYXyyyXyxYx,2,11255 128798,s20_f4,incomplete_all_existing_solved
ac19_9277,YXXyXYx,YYXXXYXXXyx,1,11281,s20_mk2_mK2,incomplete_all_existing_solved
ac19_9296,YXXXYxx,YYYXYxyXXyyx,1,11304,s20_mk2_mK2,incomplete_all_existing_solved
ac19_9301,YXYXX,YYYXXYxYXyyXX,2,11309 42594,baseline,incomplete_all_existing_solved
ac19_9306,YXXyx,YYYXyyxxyxxYXX,1,11314,"s20_mk2,s20_f4",incomplete_all_existing_solved
ac19_931,YXYXYx,YYYxYXyXXyx,6,1488 5394 61520 129215 136072 137365,s20_f4,incomplete_all_existing_solved
ac19_9321,YYXXyx,YYYXXYxyXXXyx,1,11334,s20_mk2_mK2,incomplete_all_existing_solved
ac19_9337,YXyXXyx,YYXXyxxyx,26,11352 18544 34281 43099 44377 45659 50859 50868 57294 58459 63857 65855 79032 80544 80635 88695 89468 94045 99664 99934 99987 102379 106995 110028 119233 146735,s20_f4,incomplete_all_existing_solved
ac19_9345,YYXXX,YYXyXyXYxYXyx,3,11360 82479 152282,"baseline,s20_mk2",incomplete_all_existing_solved
ac19_935,YXYXyx,YYXXyyxYxYXXX,1,1492,s20_mk2,incomplete_all_existing_solved
ac19_9372,YXXyx,YYYXyXyyXXYx,7,11393 22883 43574 80855 113806 121718 142044,s20_mk2,incomplete_all_existing_solved
ac19_9377,YXXyx,YYXYxyXyxYXyxx,1,11399,s20_mk2,incomplete_all_existing_solved
ac19_9392,YXXX,YYYXYXyXYYXyyyX,1,11417,s20_mk2_mK2,incomplete_all_existing_solved
ac19_9404,YYXXyxx,YYXXyyxYXyyx,1,11431,s20_f4,incomplete_all_existing_solved
ac19_942,YXXyXXYx,YYXXXyyxx,4,1499 25518 56849 81669,s20_mk2,incomplete_all_existing_solved
ac19_9432,YYXXYxyxx,YXXYxxYxx,4,11469 32239 132074 150683,"baseline,s20_mk2_mK2",incomplete_all_existing_solved
ac19_9435,YYXXyxxxx,YYXXXyxyx,5,11473 12337 57885 100305 150434,s20_f4,incomplete_all_existing_solved
ac19_9451,YYXXyxxyx,YYXXyXXyyX,1,11495,s20_f4,incomplete_all_existing_solved
ac19_9452,YXYxyx,YYYYXyyxYxx,3,11496 49060 96384,baseline,incomplete_all_existing_solved
ac19_9457,YYXXX,YYYXXyxyyXXYx,1,11501,"s20_mk2_mK2,s20_f4",incomplete_all_existing_solved
ac19_9467,YXXyx,YYXyyXXXYXX,9,11514 35340 53302 62169 75266 84501 89199 108215 152066,s20_mk2,incomplete_all_existing_solved
ac19_9480,YXXyx,YYYXyyXYXyXX,4,11533 45326 46073 106476,baseline,incomplete_all_existing_solved
ac19_9485,YXXyx,YYXYXyXXXXXXyx,1,11540,baseline,incomplete_all_existing_solved
ac19_9487,YXXyx,YYXYXyyXYXyxx,3,11543 53909 128206,"s20_mk2_mK2,s20_f4",incomplete_all_existing_solved
ac19_9497,YXYXYx,YYYXyyyXXYxxx,1,11554,baseline,incomplete_all_existing_solved
ac19_9507,YXXYx,YYYXYXyyXXyxxx,1,11568,s20_f4,incomplete_all_existing_solved
ac19_9512,YXXYx,YYYXyxYXXYXyx,3,11575 77867 145805,s20_f4,incomplete_all_existing_solved
ac19_9517,YYXXXyX,YYXyyXYxxyX,1,11582,baseline,incomplete_all_existing_solved
ac19_952,YXXyx,YYYXyXyyXYXXX,2,1509 99546,s20_mk2,incomplete_all_existing_solved
ac19_9531,YXXyx,YYYYYXyXyyxyX,4,11600 87907 121578 138886,s20_mk2,incomplete_all_existing_solved
ac19_9540,YXYXyx,YYXyXXyxxYxyx,9,11610 20877 30454 40529 47004 64000 98853 134380 151089,s20_mk2_mK2,incomplete_all_existing_solved
ac19_9551,YXXyx,YYXyyxYxYXyxxx,1,11626,"baseline,s20_mk2",incomplete_all_existing_solved
ac19_957,YXXyx,YYYXyxYYxyXyyx,3,1514 59924 155482,"s20_mk2,s20_mk2_mK2",incomplete_all_existing_solved
ac19_9581,YXXYxxyx,YYXYxxYxxyx,2,11666 44954,"baseline,s20_mk2,s20_mk2_mK2",incomplete_all_existing_solved
ac19_9589,YYXXXXX,YYYXyyxyyxx,1,11680,"baseline,s20_mk2",incomplete_all_existing_solved
ac19_9591,YYXYXXXYx,YYXXyXyxYx,1,11684,s20_mk2,incomplete_all_existing_solved
ac19_9596,YXYXyx,YYXXyxYYXXXYx,1,11690,s20_f4,incomplete_all_existing_solved
ac19_9597,YXXYx,YYXXyXYxYYxYX,3,11691 38340 155954,s20_f4,incomplete_all_existing_solved
ac19_9602,YYXXX,YYYYXyxxyyyXyx,1,11697,"s20_mk2_mK2,s20_f4",incomplete_all_existing_solved
ac19_9607,YXX,YYYxxyyXXyx,1,11703,"baseline,s20_mk2,s20_mk2_mK2,s20_f4",never_10k
ac19_9611,YXXyx,YYXyXYxyyXyxx,3,11708 40835 62764,"s20_mk2_mK2,s20_f4",incomplete_all_existing_solved
ac19_962,YYXXXYX,YYXyxxyXXXYx,2,1519 68462,baseline,incomplete_all_existing_solved
ac19_9621,YXXYx,YYYXYXyXyxyxx,3,11725 45684 73962,s20_mk2,incomplete_all_existing_solved
ac19_9629,YYXXyxx,YYYYYxxYXXX,1,11733,s20_mk2_mK2,incomplete_all_existing_solved
ac19_9634,YYXXYYxyX,YYxyxYXXX,3,11738 53479 123907,baseline,incomplete_all_existing_solved
ac19_9639,YXXyx,YYYXYxyXyyxyxxYX,1,11746,baseline,incomplete_all_existing_solved
ac19_9669,YXXYx,YYYXXYXyxYXyx,3,11787 87564 117351,s20_mk2_mK2,incomplete_all_existing_solved
ac19_967,YXXyx,YYYXYxyXyXyX,5,1524 26779 36135 65396 79948,"baseline,s20_f4",incomplete_all_existing_solved
ac19_97,YYXXXyxx,YXXXXXXyxxxxxxx,2,510 514,"s20_mk2,s20_mk2_mK2",incomplete_all_existing_solved
ac19_9716,YXXyx,YYXYXyXyXYxyX,5,11854 34210 52749 148472 153046,baseline,incomplete_all_existing_solved
ac19_972,YXYXX,YYXXXXyyXYYxYX,1,1529,s20_f4,incomplete_all_existing_solved
ac19_9735,YYXXXXyX,YYxyXXXXX,4,11879 88983 96834 150084,s20_mk2,incomplete_all_existing_solved
ac19_9745,YYXXX,YYYYXyXyyxyXYx,1,11891,s20_mk2,incomplete_all_existing_solved
ac19_975,YXYXyxYXyx,YXyXYxYXXyx,4,1532 38000 94781 110195,s20_mk2_mK2,incomplete_all_existing_solved
ac19_9754,YYXXYXX,YYYXyXXyxxyXYx,1,11902,s20_mk2_mK2,incomplete_all_existing_solved
ac19_9769,YYXXX,YYYYXXXyxyXXYX,1,11924,"baseline,s20_f4",incomplete_all_existing_solved
ac19_977,YXYxyx,YYXyxxYxYYx,6,1534 63434 70943 103357 119776 131759,s20_f4,incomplete_all_existing_solved
ac19_9805,YYXXX,YYXyyXYxxyxyx,4,11969 106382 124026 142783,baseline,incomplete_all_existing_solved
ac19_9809,YYXXX,YYXXYYxxxyyXyX,1,11973,"s20_mk2_mK2,s20_f4",incomplete_all_existing_solved
ac19_9834,YXXyx,YYYYYXyXyyXyxx,2,12008 94555,s20_f4,incomplete_all_existing_solved
ac19_9854,YXXYx,YYXYYXXyXYYxx,1,12037,s20_f4,incomplete_all_existing_solved
ac19_9864,YYXXyxx,YYXXXYxxxYx,2,12054 127448,s20_f4,incomplete_all_existing_solved
ac19_989,YXXyx,YYXyXyxyXYxyXX,1,1546,baseline,incomplete_all_existing_solved
ac19_9892,YXXyxYx,YYYxyXXYXyx,3,12095 122964 147968,"s20_mk2_mK2,s20_f4",incomplete_all_existing_solved
ac19_9932,YXXyx,YYXyyXXYxYxyX,3,12145 58140 110775,s20_mk2,incomplete_all_existing_solved
ac19_9934,YXXYx,YYYYXXYXyyxyyx,2,12149 111273,s20_mk2_mK2,incomplete_all_existing_solved
ac19_9935,YXXyx,YYYXyxxxyXyxYx,1,12150,s20_f4,incomplete_all_existing_solved
ac19_9940,YYXXXyxx,YYXyXYxxyyX,1,12159,"s20_mk2,s20_mk2_mK2,s20_f4",incomplete_all_existing_solved
ac19_9945,YYXXyxx,YYXXYxxyXyxx,1,12167,"baseline,s20_mk2,s20_mk2_mK2,s20_f4",never_10k
ac19_9947,YYXXXyxx,YYXYXyyxx,2,12170 123621,"s20_mk2_mK2,s20_f4",incomplete_all_existing_solved
ac19_9952,YYXXX,YYXyXXYXXXYx,4,12178 17681 38836 126556,baseline,incomplete_all_existing_solved
ac19_9960,YXXyXyX,YYXXyyxyXYx,3,12187 128035 140491,"baseline,s20_mk2_mK2",incomplete_all_existing_solved
ac19_9965,YXXyxYx,YYYXYXYxxyX,3,12192 16492 24839,s20_f4,incomplete_all_existing_solved
ac19_999,YYXXYx,YYYXYxxYYXXyX,1,1556,s20_f4,incomplete_all_existing_solved
ac19_9995,YXXyx,YYYXYXyXyxyxx,4,12232 38847 58497 74099,baseline,incomplete_all_existing_solved
ac19_9999,YYXYxyXyX,YXyxxyXYx,5,12238 20826 53956 103556 134081,s20_mk2,incomplete_all_existing_solved
