atlas: 124 rows, 1612 images, 362 already done, 1250 to run, budget 20000, cap 48, 4 workers
    [hcompact:python3] rows widen 6B -> 12B per relator at 1 states (in place)
    [hcompact:python3] rows widen 7B -> 12B per relator at 1 states (in place)
    [hcompact:python3] rows widen 6B -> 12B per relator at 1,089 states (in place)
    [hcompact:python3] rows widen 6B -> 12B per relator at 1,109 states (in place)
    [hcompact:python3] rows widen 7B -> 12B per relator at 1 states (in place)
    [hcompact:python3] rows widen 6B -> 12B per relator at 527 states (in place)
    [hcompact:python3] rows widen 6B -> 12B per relator at 6,137 states (in place)
    [hcompact:python3] rows widen 6B -> 12B per relator at 1,314 states (in place)
    [hcompact:python3] rows widen 6B -> 12B per relator at 844 states (in place)
    [hcompact:python3] reservation exceeded at 2,060,570 states; growing to 4,140,242 (this copies)
    [hcompact:python3] reservation exceeded at 2,060,601 states; growing to 4,140,242 (this copies)
    [hcompact:python3] reservation exceeded at 2,060,557 states; growing to 4,140,242 (this copies)
    [hcompact:python3] rows widen 6B -> 12B per relator at 34,437 states (in place)
    [hcompact:python3] rows widen 6B -> 12B per relator at 598 states (in place)
    [hcompact:python3] rows widen 6B -> 12B per relator at 7,911 states (in place)
    [hcompact:python3] rows widen 6B -> 12B per relator at 1 states (in place)
    [hcompact:python3] rows widen 6B -> 12B per relator at 598 states (in place)
    [hcompact:python3] rows widen 6B -> 12B per relator at 652 states (in place)
    [hcompact:python3] rows widen 6B -> 12B per relator at 565 states (in place)
    [hcompact:python3] reservation exceeded at 2,060,562 states; growing to 4,140,242 (this copies)
    [hcompact:python3] rows widen 6B -> 12B per relator at 1 states (in place)
    [hcompact:python3] rows widen 6B -> 12B per relator at 1 states (in place)
    [hcompact:python3] rows widen 6B -> 12B per relator at 1 states (in place)
    [hcompact:python3] rows widen 6B -> 12B per relator at 934 states (in place)
    [hcompact:python3] reservation exceeded at 2,060,583 states; growing to 4,140,242 (this copies)
    [hcompact:python3] rows widen 6B -> 12B per relator at 11,284 states (in place)
    [hcompact:python3] reservation exceeded at 2,060,599 states; growing to 4,140,242 (this copies)
    [hcompact:python3] rows widen 6B -> 12B per relator at 1 states (in place)
    [hcompact:python3] rows widen 6B -> 12B per relator at 10,888 states (in place)
    [hcompact:python3] reservation exceeded at 2,060,550 states; growing to 4,140,242 (this copies)
    [hcompact:python3] rows widen 6B -> 12B per relator at 780 states (in place)
    [hcompact:python3] reservation exceeded at 2,060,563 states; growing to 4,140,242 (this copies)
    [hcompact:python3] rows widen 6B -> 12B per relator at 2,660 states (in place)
    [hcompact:python3] rows widen 6B -> 12B per relator at 1 states (in place)
    [hcompact:python3] rows widen 6B -> 12B per relator at 1 states (in place)
    [hcompact:python3] rows widen 6B -> 12B per relator at 1 states (in place)
    [hcompact:python3] rows widen 6B -> 12B per relator at 1,241 states (in place)
    [hcompact:python3] rows widen 6B -> 12B per relator at 6,137 states (in place)
    [hcompact:python3] rows widen 6B -> 12B per relator at 1,161 states (in place)
    [hcompact:python3] rows widen 6B -> 12B per relator at 1 states (in place)
    [hcompact:python3] reservation exceeded at 2,060,523 states; growing to 4,140,242 (this copies)
    [hcompact:python3] reservation exceeded at 2,060,587 states; growing to 4,140,242 (this copies)
    [hcompact:python3] rows widen 6B -> 12B per relator at 1 states (in place)
    [hcompact:python3] rows widen 6B -> 12B per relator at 2,116 states (in place)
    [hcompact:python3] rows widen 6B -> 12B per relator at 951 states (in place)
    [hcompact:python3] reservation exceeded at 2,060,577 states; growing to 4,140,242 (this copies)
    [hcompact:python3] rows widen 6B -> 12B per relator at 34,437 states (in place)
    [hcompact:python3] rows widen 6B -> 12B per relator at 1 states (in place)
    [hcompact:python3] reservation exceeded at 2,060,557 states; growing to 4,140,242 (this copies)
    [hcompact:python3] reservation exceeded at 2,060,606 states; growing to 4,140,242 (this copies)
    [hcompact:python3] rows widen 6B -> 12B per relator at 1 states (in place)
    [hcompact:python3] rows widen 6B -> 12B per relator at 7,911 states (in place)
    [hcompact:python3] rows widen 6B -> 12B per relator at 269 states (in place)
    [hcompact:python3] rows widen 6B -> 12B per relator at 500 states (in place)
    [hcompact:python3] rows widen 6B -> 12B per relator at 1 states (in place)
    [hcompact:python3] rows widen 6B -> 12B per relator at 1 states (in place)
    [hcompact:python3] reservation exceeded at 2,060,636 states; growing to 4,140,242 (this copies)
    [hcompact:python3] rows widen 7B -> 12B per relator at 1 states (in place)
    [hcompact:python3] rows widen 6B -> 12B per relator at 1 states (in place)
    [hcompact:python3] rows widen 6B -> 12B per relator at 1 states (in place)
    [hcompact:python3] reservation exceeded at 2,060,578 states; growing to 4,140,242 (this copies)
    [hcompact:python3] rows widen 6B -> 12B per relator at 11,284 states (in place)
    [hcompact:python3] rows widen 6B -> 12B per relator at 10,888 states (in place)
    [hcompact:python3] rows widen 7B -> 12B per relator at 1 states (in place)
    [hcompact:python3] reservation exceeded at 2,060,552 states; growing to 4,140,242 (this copies)
    [hcompact:python3] rows widen 6B -> 12B per relator at 1 states (in place)
    [hcompact:python3] rows widen 8B -> 12B per relator at 1 states (in place)
    [hcompact:python3] rows widen 7B -> 12B per relator at 1 states (in place)
    [hcompact:python3] rows widen 7B -> 12B per relator at 1 states (in place)
  25/1250 records  0.6 min elapsed  ETA 29.8 min
    [hcompact:python3] rows widen 6B -> 12B per relator at 2,053 states (in place)
    [hcompact:python3] rows widen 6B -> 12B per relator at 1,342 states (in place)
    [hcompact:python3] rows widen 6B -> 12B per relator at 2,441 states (in place)
    [hcompact:python3] rows widen 6B -> 12B per relator at 1 states (in place)
    [hcompact:python3] rows widen 6B -> 12B per relator at 1 states (in place)
    [hcompact:python3] rows widen 8B -> 12B per relator at 1 states (in place)
    [hcompact:python3] reservation exceeded at 2,060,601 states; growing to 4,140,242 (this copies)
    [hcompact:python3] reservation exceeded at 2,060,595 states; growing to 4,140,242 (this copies)
    [hcompact:python3] reservation exceeded at 2,060,531 states; growing to 4,140,242 (this copies)
    [hcompact:python3] rows widen 6B -> 12B per relator at 1 states (in place)
    [hcompact:python3] rows widen 6B -> 12B per relator at 1 states (in place)
    [hcompact:python3] rows widen 6B -> 12B per relator at 907 states (in place)
    [hcompact:python3] rows widen 6B -> 12B per relator at 1 states (in place)
    [hcompact:python3] rows widen 6B -> 12B per relator at 1 states (in place)
    [hcompact:python3] rows widen 6B -> 12B per relator at 1 states (in place)
    [hcompact:python3] rows widen 6B -> 12B per relator at 1 states (in place)
    [hcompact:python3] reservation exceeded at 2,060,622 states; growing to 4,140,242 (this copies)
    [hcompact:python3] reservation exceeded at 2,060,568 states; growing to 4,140,242 (this copies)
    [hcompact:python3] rows widen 6B -> 12B per relator at 1 states (in place)
    [hcompact:python3] reservation exceeded at 2,060,612 states; growing to 4,140,242 (this copies)
    [hcompact:python3] reservation exceeded at 2,060,666 states; growing to 4,140,242 (this copies)
    [hcompact:python3] rows widen 6B -> 12B per relator at 1 states (in place)
    [hcompact:python3] rows widen 6B -> 12B per relator at 1 states (in place)
    [hcompact:python3] rows widen 6B -> 12B per relator at 7,566 states (in place)
    [hcompact:python3] reservation exceeded at 2,060,591 states; growing to 4,140,242 (this copies)
    [hcompact:python3] rows widen 6B -> 12B per relator at 7,114 states (in place)
    [hcompact:python3] rows widen 6B -> 12B per relator at 3,974 states (in place)
    [hcompact:python3] reservation exceeded at 2,060,594 states; growing to 4,140,242 (this copies)
    [hcompact:python3] rows widen 6B -> 12B per relator at 4,794 states (in place)
    [hcompact:python3] rows widen 6B -> 12B per relator at 433 states (in place)
    [hcompact:python3] reservation exceeded at 2,060,550 states; growing to 4,140,242 (this copies)
    [hcompact:python3] rows widen 6B -> 12B per relator at 1,440 states (in place)
    [hcompact:python3] rows widen 6B -> 12B per relator at 1 states (in place)
    [hcompact:python3] rows widen 6B -> 12B per relator at 2,667 states (in place)
    [hcompact:python3] rows widen 6B -> 12B per relator at 5,704 states (in place)
    [hcompact:python3] rows widen 6B -> 12B per relator at 1 states (in place)
    [hcompact:python3] rows widen 6B -> 12B per relator at 1 states (in place)
  50/1250 records  0.9 min elapsed  ETA 22.0 min
    [hcompact:python3] rows widen 6B -> 12B per relator at 3,904 states (in place)
    [hcompact:python3] rows widen 6B -> 12B per relator at 27,499 states (in place)
    [hcompact:python3] rows widen 6B -> 12B per relator at 594 states (in place)
    [hcompact:python3] rows widen 6B -> 12B per relator at 3,423 states (in place)
    [hcompact:python3] rows widen 6B -> 12B per relator at 1 states (in place)
    [hcompact:python3] rows widen 6B -> 12B per relator at 16,377 states (in place)
    [hcompact:python3] rows widen 6B -> 12B per relator at 1 states (in place)
    [hcompact:python3] reservation exceeded at 2,060,627 states; growing to 4,140,242 (this copies)
    [hcompact:python3] rows widen 6B -> 12B per relator at 1 states (in place)
    [hcompact:python3] reservation exceeded at 2,060,536 states; growing to 4,140,242 (this copies)
    [hcompact:python3] rows widen 6B -> 12B per relator at 1 states (in place)
    [hcompact:python3] rows widen 6B -> 12B per relator at 1 states (in place)
    [hcompact:python3] rows widen 6B -> 12B per relator at 1 states (in place)
    [hcompact:python3] rows widen 6B -> 12B per relator at 1 states (in place)
    [hcompact:python3] rows widen 6B -> 12B per relator at 1 states (in place)
    [hcompact:python3] rows widen 6B -> 12B per relator at 4,691 states (in place)
    [hcompact:python3] rows widen 6B -> 12B per relator at 7,931 states (in place)
    [hcompact:python3] rows widen 6B -> 12B per relator at 2,250 states (in place)
    [hcompact:python3] rows widen 6B -> 12B per relator at 2,728 states (in place)
    [hcompact:python3] rows widen 6B -> 12B per relator at 743 states (in place)
    [hcompact:python3] rows widen 6B -> 12B per relator at 1 states (in place)
    [hcompact:python3] rows widen 6B -> 12B per relator at 1 states (in place)
    [hcompact:python3] rows widen 6B -> 12B per relator at 1 states (in place)
    [hcompact:python3] rows widen 6B -> 12B per relator at 1 states (in place)
    [hcompact:python3] rows widen 6B -> 12B per relator at 1 states (in place)
    [hcompact:python3] rows widen 6B -> 12B per relator at 1 states (in place)
    [hcompact:python3] reservation exceeded at 2,060,632 states; growing to 4,140,242 (this copies)
  75/1250 records  1.1 min elapsed  ETA 16.6 min
    [hcompact:python3] rows widen 6B -> 12B per relator at 1 states (in place)
    [hcompact:python3] reservation exceeded at 2,060,549 states; growing to 4,140,242 (this copies)
    [hcompact:python3] rows widen 6B -> 12B per relator at 1 states (in place)
    [hcompact:python3] reservation exceeded at 2,060,621 states; growing to 4,140,242 (this copies)
    [hcompact:python3] rows widen 6B -> 12B per relator at 660 states (in place)
    [hcompact:python3] reservation exceeded at 2,060,563 states; growing to 4,140,242 (this copies)
    [hcompact:python3] rows widen 6B -> 12B per relator at 903 states (in place)
    [hcompact:python3] rows widen 6B -> 12B per relator at 544 states (in place)
    [hcompact:python3] rows widen 6B -> 12B per relator at 10,358 states (in place)
    [hcompact:python3] rows widen 6B -> 12B per relator at 1 states (in place)
    [hcompact:python3] reservation exceeded at 2,060,587 states; growing to 4,140,242 (this copies)
    [hcompact:python3] rows widen 6B -> 12B per relator at 1,009 states (in place)
    [hcompact:python3] reservation exceeded at 2,060,528 states; growing to 4,140,242 (this copies)
    [hcompact:python3] rows widen 6B -> 12B per relator at 1 states (in place)
    [hcompact:python3] reservation exceeded at 4,130,811 states; growing to 8,280,484 (this copies)
    [hcompact:python3] rows widen 6B -> 12B per relator at 1 states (in place)
    [hcompact:python3] rows widen 6B -> 12B per relator at 1 states (in place)
    [hcompact:python3] rows widen 6B -> 12B per relator at 1 states (in place)
    [hcompact:python3] rows widen 6B -> 12B per relator at 1 states (in place)
    [hcompact:python3] rows widen 6B -> 12B per relator at 1 states (in place)
    [hcompact:python3] reservation exceeded at 4,130,664 states; growing to 8,280,484 (this copies)
    [hcompact:python3] rows widen 6B -> 12B per relator at 1 states (in place)
    [hcompact:python3] reservation exceeded at 2,060,642 states; growing to 4,140,242 (this copies)
    [hcompact:python3] reservation exceeded at 2,060,533 states; growing to 4,140,242 (this copies)
    [hcompact:python3] rows widen 6B -> 12B per relator at 988 states (in place)
    [hcompact:python3] reservation exceeded at 2,060,565 states; growing to 4,140,242 (this copies)
    [hcompact:python3] rows widen 6B -> 12B per relator at 770 states (in place)
    [hcompact:python3] rows widen 6B -> 12B per relator at 674 states (in place)
    [hcompact:python3] rows widen 6B -> 12B per relator at 1 states (in place)
    [hcompact:python3] rows widen 6B -> 12B per relator at 1 states (in place)
    [hcompact:python3] reservation exceeded at 2,060,660 states; growing to 4,140,242 (this copies)
    [hcompact:python3] rows widen 6B -> 12B per relator at 303 states (in place)
    [hcompact:python3] reservation exceeded at 4,130,707 states; growing to 8,280,484 (this copies)
    [hcompact:python3] reservation exceeded at 2,060,681 states; growing to 4,140,242 (this copies)
    [hcompact:python3] reservation exceeded at 2,060,686 states; growing to 4,140,242 (this copies)
    [hcompact:python3] reservation exceeded at 2,060,546 states; growing to 4,140,242 (this copies)
    [hcompact:python3] rows widen 6B -> 12B per relator at 1 states (in place)
    [hcompact:python3] rows widen 6B -> 12B per relator at 1,523 states (in place)
    [hcompact:python3] rows widen 6B -> 12B per relator at 1 states (in place)
    [hcompact:python3] rows widen 6B -> 12B per relator at 1 states (in place)
  100/1250 records  1.5 min elapsed  ETA 17.1 min
    [hcompact:python3] rows widen 6B -> 12B per relator at 1 states (in place)
    [hcompact:python3] reservation exceeded at 2,060,615 states; growing to 4,140,242 (this copies)
    [hcompact:python3] reservation exceeded at 2,060,573 states; growing to 4,140,242 (this copies)
    [hcompact:python3] reservation exceeded at 2,060,682 states; growing to 4,140,242 (this copies)
    [hcompact:python3] reservation exceeded at 2,060,656 states; growing to 4,140,242 (this copies)
    [hcompact:python3] rows widen 6B -> 12B per relator at 1 states (in place)
    [hcompact:python3] rows widen 6B -> 12B per relator at 1 states (in place)
    [hcompact:python3] rows widen 6B -> 12B per relator at 7,076 states (in place)
    [hcompact:python3] rows widen 6B -> 12B per relator at 16,197 states (in place)
    [hcompact:python3] reservation exceeded at 2,060,520 states; growing to 4,140,242 (this copies)
    [hcompact:python3] rows widen 6B -> 12B per relator at 7,076 states (in place)
    [hcompact:python3] reservation exceeded at 4,130,775 states; growing to 8,280,484 (this copies)
    [hcompact:python3] rows widen 6B -> 12B per relator at 10,931 states (in place)
    [hcompact:python3] rows widen 6B -> 12B per relator at 555 states (in place)
    [hcompact:python3] reservation exceeded at 2,060,678 states; growing to 4,140,242 (this copies)
    [hcompact:python3] rows widen 6B -> 12B per relator at 59 states (in place)
    [hcompact:python3] rows widen 6B -> 12B per relator at 16,043 states (in place)
    [hcompact:python3] reservation exceeded at 4,130,670 states; growing to 8,280,484 (this copies)
    [hcompact:python3] rows widen 6B -> 12B per relator at 11,089 states (in place)
    [hcompact:python3] rows widen 6B -> 12B per relator at 1 states (in place)
    [hcompact:python3] rows widen 6B -> 12B per relator at 1 states (in place)
    [hcompact:python3] rows widen 6B -> 12B per relator at 1 states (in place)
    [hcompact:python3] rows widen 6B -> 12B per relator at 1 states (in place)
    [hcompact:python3] rows widen 6B -> 12B per relator at 6,658 states (in place)
    [hcompact:python3] rows widen 6B -> 12B per relator at 900 states (in place)
    [hcompact:python3] reservation exceeded at 4,130,763 states; growing to 8,280,484 (this copies)
    [hcompact:python3] rows widen 6B -> 12B per relator at 71 states (in place)
    [hcompact:python3] rows widen 6B -> 12B per relator at 195 states (in place)
    [hcompact:python3] rows widen 6B -> 12B per relator at 249 states (in place)
    [hcompact:python3] rows widen 6B -> 12B per relator at 1 states (in place)
    [hcompact:python3] rows widen 6B -> 12B per relator at 1 states (in place)
  125/1250 records  1.8 min elapsed  ETA 16.1 min
    [hcompact:python3] rows widen 6B -> 12B per relator at 1 states (in place)
    [hcompact:python3] rows widen 6B -> 12B per relator at 1 states (in place)
    [hcompact:python3] rows widen 6B -> 12B per relator at 1 states (in place)
    [hcompact:python3] rows widen 6B -> 12B per relator at 1 states (in place)
    [hcompact:python3] rows widen 6B -> 12B per relator at 1,214 states (in place)
    [hcompact:python3] reservation exceeded at 2,060,593 states; growing to 4,140,242 (this copies)
    [hcompact:python3] rows widen 6B -> 12B per relator at 1 states (in place)
    [hcompact:python3] reservation exceeded at 2,060,787 states; growing to 4,140,242 (this copies)
    [hcompact:python3] rows widen 6B -> 12B per relator at 1 states (in place)
    [hcompact:python3] rows widen 6B -> 12B per relator at 1 states (in place)
    [hcompact:python3] rows widen 6B -> 12B per relator at 1 states (in place)
    [hcompact:python3] rows widen 6B -> 12B per relator at 1 states (in place)
    [hcompact:python3] rows widen 7B -> 12B per relator at 1 states (in place)
    [hcompact:python3] rows widen 6B -> 12B per relator at 1 states (in place)
    [hcompact:python3] rows widen 6B -> 12B per relator at 1 states (in place)
    [hcompact:python3] rows widen 7B -> 12B per relator at 1 states (in place)
    [hcompact:python3] rows widen 7B -> 12B per relator at 1 states (in place)
    [hcompact:python3] rows widen 6B -> 12B per relator at 1 states (in place)
    [hcompact:python3] reservation exceeded at 2,060,563 states; growing to 4,140,242 (this copies)
    [hcompact:python3] reservation exceeded at 2,060,557 states; growing to 4,140,242 (this copies)
    [hcompact:python3] rows widen 6B -> 12B per relator at 1 states (in place)
    [hcompact:python3] rows widen 6B -> 12B per relator at 732 states (in place)
    [hcompact:python3] rows widen 6B -> 12B per relator at 1 states (in place)
    [hcompact:python3] rows widen 6B -> 12B per relator at 1 states (in place)
    [hcompact:python3] reservation exceeded at 2,060,658 states; growing to 4,140,242 (this copies)
    [hcompact:python3] reservation exceeded at 2,060,534 states; growing to 4,140,242 (this copies)
    [hcompact:python3] rows widen 6B -> 12B per relator at 810 states (in place)
    [hcompact:python3] reservation exceeded at 2,060,606 states; growing to 4,140,242 (this copies)
    [hcompact:python3] rows widen 6B -> 12B per relator at 331 states (in place)
    [hcompact:python3] rows widen 8B -> 12B per relator at 1 states (in place)
    [hcompact:python3] reservation exceeded at 2,060,628 states; growing to 4,140,242 (this copies)
    [hcompact:python3] rows widen 8B -> 12B per relator at 1 states (in place)
    [hcompact:python3] rows widen 8B -> 12B per relator at 1 states (in place)
  150/1250 records  2.1 min elapsed  ETA 15.4 min
    [hcompact:python3] rows widen 8B -> 12B per relator at 1 states (in place)
    [hcompact:python3] reservation exceeded at 2,060,584 states; growing to 4,140,242 (this copies)
    [hcompact:python3] reservation exceeded at 2,060,537 states; growing to 4,140,242 (this copies)
    [hcompact:python3] rows widen 6B -> 12B per relator at 1 states (in place)
    [hcompact:python3] reservation exceeded at 2,060,521 states; growing to 4,140,242 (this copies)
    [hcompact:python3] reservation exceeded at 2,060,623 states; growing to 4,140,242 (this copies)
    [hcompact:python3] rows widen 6B -> 12B per relator at 1,247 states (in place)
    [hcompact:python3] rows widen 6B -> 12B per relator at 1 states (in place)
    [hcompact:python3] rows widen 6B -> 12B per relator at 396 states (in place)
    [hcompact:python3] rows widen 6B -> 12B per relator at 1,997 states (in place)
    [hcompact:python3] rows widen 6B -> 12B per relator at 1 states (in place)
    [hcompact:python3] reservation exceeded at 2,060,528 states; growing to 4,140,242 (this copies)
    [hcompact:python3] rows widen 6B -> 12B per relator at 1 states (in place)
    [hcompact:python3] rows widen 6B -> 12B per relator at 653 states (in place)
    [hcompact:python3] reservation exceeded at 2,060,569 states; growing to 4,140,242 (this copies)
    [hcompact:python3] rows widen 6B -> 12B per relator at 878 states (in place)
    [hcompact:python3] rows widen 8B -> 12B per relator at 1 states (in place)
    [hcompact:python3] rows widen 8B -> 12B per relator at 1 states (in place)
    [hcompact:python3] reservation exceeded at 2,060,642 states; growing to 4,140,242 (this copies)
    [hcompact:python3] rows widen 8B -> 12B per relator at 1 states (in place)
    [hcompact:python3] rows widen 8B -> 12B per relator at 1 states (in place)
    [hcompact:python3] rows widen 6B -> 12B per relator at 1 states (in place)
    [hcompact:python3] reservation exceeded at 2,060,600 states; growing to 4,140,242 (this copies)
    [hcompact:python3] reservation exceeded at 2,060,801 states; growing to 4,140,242 (this copies)
    [hcompact:python3] reservation exceeded at 2,060,608 states; growing to 4,140,242 (this copies)
    [hcompact:python3] rows widen 6B -> 12B per relator at 392 states (in place)
    [hcompact:python3] rows widen 6B -> 12B per relator at 1 states (in place)
    [hcompact:python3] rows widen 6B -> 12B per relator at 5,283 states (in place)
    [hcompact:python3] rows widen 6B -> 12B per relator at 1,997 states (in place)
    [hcompact:python3] rows widen 6B -> 12B per relator at 1 states (in place)
    [hcompact:python3] reservation exceeded at 2,060,635 states; growing to 4,140,242 (this copies)
    [hcompact:python3] rows widen 6B -> 12B per relator at 1 states (in place)
    [hcompact:python3] reservation exceeded at 4,130,663 states; growing to 8,280,484 (this copies)
    [hcompact:python3] reservation exceeded at 4,130,775 states; growing to 8,280,484 (this copies)
    [hcompact:python3] rows widen 6B -> 12B per relator at 878 states (in place)
    [hcompact:python3] rows widen 6B -> 12B per relator at 653 states (in place)
    [hcompact:python3] rows widen 8B -> 12B per relator at 1 states (in place)
    [hcompact:python3] rows widen 8B -> 12B per relator at 1 states (in place)
  175/1250 records  2.4 min elapsed  ETA 15.0 min
    [hcompact:python3] rows widen 8B -> 12B per relator at 1 states (in place)
    [hcompact:python3] reservation exceeded at 2,060,631 states; growing to 4,140,242 (this copies)
    [hcompact:python3] rows widen 8B -> 12B per relator at 1 states (in place)
    [hcompact:python3] rows widen 6B -> 12B per relator at 1 states (in place)
    [hcompact:python3] reservation exceeded at 2,060,569 states; growing to 4,140,242 (this copies)
    [hcompact:python3] rows widen 6B -> 12B per relator at 5,283 states (in place)
    [hcompact:python3] rows widen 6B -> 12B per relator at 1 states (in place)
    [hcompact:python3] rows widen 6B -> 12B per relator at 392 states (in place)
    [hcompact:python3] rows widen 6B -> 12B per relator at 829 states (in place)
    [hcompact:python3] rows widen 6B -> 12B per relator at 1 states (in place)
    [hcompact:python3] reservation exceeded at 2,060,548 states; growing to 4,140,242 (this copies)
    [hcompact:python3] reservation exceeded at 2,060,549 states; growing to 4,140,242 (this copies)
    [hcompact:python3] reservation exceeded at 2,060,555 states; growing to 4,140,242 (this copies)
    [hcompact:python3] rows widen 6B -> 12B per relator at 1 states (in place)
    [hcompact:python3] rows widen 6B -> 12B per relator at 1,602 states (in place)
    [hcompact:python3] rows widen 6B -> 12B per relator at 762 states (in place)
    [hcompact:python3] rows widen 8B -> 12B per relator at 1 states (in place)
    [hcompact:python3] rows widen 8B -> 12B per relator at 1 states (in place)
    [hcompact:python3] reservation exceeded at 4,130,722 states; growing to 8,280,484 (this copies)
    [hcompact:python3] rows widen 8B -> 12B per relator at 1 states (in place)
    [hcompact:python3] reservation exceeded at 4,130,669 states; growing to 8,280,484 (this copies)
    [hcompact:python3] rows widen 8B -> 12B per relator at 1 states (in place)
    [hcompact:python3] reservation exceeded at 2,060,546 states; growing to 4,140,242 (this copies)
    [hcompact:python3] reservation exceeded at 2,060,645 states; growing to 4,140,242 (this copies)
    [hcompact:python3] rows widen 6B -> 12B per relator at 1 states (in place)
    [hcompact:python3] rows widen 6B -> 12B per relator at 1,908 states (in place)
    [hcompact:python3] rows widen 6B -> 12B per relator at 1 states (in place)
    [hcompact:python3] rows widen 6B -> 12B per relator at 4,562 states (in place)
    [hcompact:python3] rows widen 6B -> 12B per relator at 248 states (in place)
    [hcompact:python3] rows widen 8B -> 12B per relator at 1 states (in place)
    [hcompact:python3] reservation exceeded at 2,060,534 states; growing to 4,140,242 (this copies)
    [hcompact:python3] rows widen 8B -> 12B per relator at 1 states (in place)
    [hcompact:python3] rows widen 6B -> 12B per relator at 254 states (in place)
    [hcompact:python3] rows widen 6B -> 12B per relator at 254 states (in place)
    [hcompact:python3] rows widen 11B -> 12B per relator at 1 states (in place)
  200/1250 records  2.8 min elapsed  ETA 14.6 min
    [hcompact:python3] rows widen 11B -> 12B per relator at 1 states (in place)
    [hcompact:python3] rows widen 11B -> 12B per relator at 1 states (in place)
    [hcompact:python3] rows widen 11B -> 12B per relator at 1 states (in place)
    [hcompact:python3] rows widen 8B -> 12B per relator at 1 states (in place)
    [hcompact:python3] rows widen 6B -> 12B per relator at 179 states (in place)
    [hcompact:python3] rows widen 8B -> 12B per relator at 1 states (in place)
    [hcompact:python3] rows widen 6B -> 12B per relator at 179 states (in place)
    [hcompact:python3] rows widen 6B -> 12B per relator at 254 states (in place)
    [hcompact:python3] rows widen 8B -> 12B per relator at 1 states (in place)
    [hcompact:python3] rows widen 8B -> 12B per relator at 1 states (in place)
    [hcompact:python3] rows widen 6B -> 12B per relator at 248 states (in place)
    [hcompact:python3] rows widen 6B -> 12B per relator at 179 states (in place)
    [hcompact:python3] rows widen 11B -> 12B per relator at 1 states (in place)
    [hcompact:python3] rows widen 11B -> 12B per relator at 1 states (in place)
    [hcompact:python3] rows widen 11B -> 12B per relator at 1 states (in place)
    [hcompact:python3] rows widen 11B -> 12B per relator at 1 states (in place)
    [hcompact:python3] rows widen 8B -> 12B per relator at 1 states (in place)
    [hcompact:python3] rows widen 6B -> 12B per relator at 254 states (in place)
    [hcompact:python3] rows widen 8B -> 12B per relator at 1 states (in place)
    [hcompact:python3] rows widen 6B -> 12B per relator at 1 states (in place)
    [hcompact:python3] rows widen 6B -> 12B per relator at 254 states (in place)
    [hcompact:python3] reservation exceeded at 2,060,631 states; growing to 4,140,242 (this copies)
    [hcompact:python3] rows widen 8B -> 12B per relator at 1 states (in place)
    [hcompact:python3] rows widen 8B -> 12B per relator at 1 states (in place)
    [hcompact:python3] reservation exceeded at 2,060,586 states; growing to 4,140,242 (this copies)
    [hcompact:python3] rows widen 6B -> 12B per relator at 248 states (in place)
    [hcompact:python3] rows widen 6B -> 12B per relator at 179 states (in place)
  225/1250 records  3.1 min elapsed  ETA 14.0 min
    [hcompact:python3] rows widen 11B -> 12B per relator at 1 states (in place)
    [hcompact:python3] rows widen 11B -> 12B per relator at 1 states (in place)
    [hcompact:python3] rows widen 11B -> 12B per relator at 1 states (in place)
    [hcompact:python3] rows widen 11B -> 12B per relator at 1 states (in place)
    [hcompact:python3] rows widen 8B -> 12B per relator at 1 states (in place)
    [hcompact:python3] rows widen 6B -> 12B per relator at 254 states (in place)
    [hcompact:python3] rows widen 8B -> 12B per relator at 1 states (in place)
    [hcompact:python3] reservation exceeded at 2,060,518 states; growing to 4,140,242 (this copies)
    [hcompact:python3] rows widen 6B -> 12B per relator at 1 states (in place)
    [hcompact:python3] rows widen 6B -> 12B per relator at 1 states (in place)
    [hcompact:python3] rows widen 8B -> 12B per relator at 1 states (in place)
    [hcompact:python3] rows widen 8B -> 12B per relator at 1 states (in place)
    [hcompact:python3] rows widen 6B -> 12B per relator at 131 states (in place)
    [hcompact:python3] rows widen 6B -> 12B per relator at 1 states (in place)
    [hcompact:python3] rows widen 11B -> 12B per relator at 1 states (in place)
    [hcompact:python3] reservation exceeded at 2,060,607 states; growing to 4,140,242 (this copies)
    [hcompact:python3] rows widen 11B -> 12B per relator at 1 states (in place)
    [hcompact:python3] rows widen 11B -> 12B per relator at 1 states (in place)
    [hcompact:python3] rows widen 11B -> 12B per relator at 1 states (in place)
    [hcompact:python3] rows widen 8B -> 12B per relator at 1 states (in place)
    [hcompact:python3] rows widen 6B -> 12B per relator at 1 states (in place)
    [hcompact:python3] rows widen 8B -> 12B per relator at 1 states (in place)
    [hcompact:python3] rows widen 6B -> 12B per relator at 1 states (in place)
    [hcompact:python3] rows widen 6B -> 12B per relator at 1 states (in place)
    [hcompact:python3] rows widen 8B -> 12B per relator at 1 states (in place)
    [hcompact:python3] rows widen 8B -> 12B per relator at 1 states (in place)
    [hcompact:python3] rows widen 6B -> 12B per relator at 1 states (in place)
  250/1250 records  3.2 min elapsed  ETA 13.0 min
    [hcompact:python3] rows widen 6B -> 12B per relator at 131 states (in place)
    [hcompact:python3] rows widen 11B -> 12B per relator at 1 states (in place)
    [hcompact:python3] rows widen 11B -> 12B per relator at 1 states (in place)
    [hcompact:python3] rows widen 11B -> 12B per relator at 1 states (in place)
    [hcompact:python3] rows widen 11B -> 12B per relator at 1 states (in place)
    [hcompact:python3] rows widen 8B -> 12B per relator at 1 states (in place)
    [hcompact:python3] rows widen 6B -> 12B per relator at 1 states (in place)
    [hcompact:python3] rows widen 8B -> 12B per relator at 1 states (in place)
    [hcompact:python3] rows widen 6B -> 12B per relator at 1 states (in place)
    [hcompact:python3] rows widen 6B -> 12B per relator at 1 states (in place)
    [hcompact:python3] rows widen 6B -> 12B per relator at 1 states (in place)
    [hcompact:python3] reservation exceeded at 2,060,633 states; growing to 4,140,242 (this copies)
    [hcompact:python3] rows widen 6B -> 12B per relator at 2,434 states (in place)
    [hcompact:python3] rows widen 6B -> 12B per relator at 1 states (in place)
    [hcompact:python3] rows widen 6B -> 12B per relator at 1 states (in place)
    [hcompact:python3] reservation exceeded at 2,060,598 states; growing to 4,140,242 (this copies)
    [hcompact:python3] rows widen 6B -> 12B per relator at 1,579 states (in place)
    [hcompact:python3] reservation exceeded at 2,060,557 states; growing to 4,140,242 (this copies)
    [hcompact:python3] rows widen 6B -> 12B per relator at 1 states (in place)
    [hcompact:python3] reservation exceeded at 2,060,547 states; growing to 4,140,242 (this copies)
    [hcompact:python3] rows widen 6B -> 12B per relator at 1 states (in place)
    [hcompact:python3] rows widen 8B -> 12B per relator at 1 states (in place)
    [hcompact:python3] rows widen 6B -> 12B per relator at 46,655 states (in place)
    [hcompact:python3] rows widen 10B -> 12B per relator at 1 states (in place)
    [hcompact:python3] reservation exceeded at 2,060,544 states; growing to 4,140,242 (this copies)
    [hcompact:python3] rows widen 8B -> 12B per relator at 1 states (in place)
    [hcompact:python3] rows widen 6B -> 12B per relator at 1 states (in place)
    [hcompact:python3] rows widen 6B -> 12B per relator at 2,288 states (in place)
    [hcompact:python3] rows widen 6B -> 12B per relator at 1 states (in place)
    [hcompact:python3] rows widen 6B -> 12B per relator at 106,211 states (in place)
    [hcompact:python3] rows widen 9B -> 12B per relator at 1 states (in place)
    [hcompact:python3] rows widen 8B -> 12B per relator at 1 states (in place)
    [hcompact:python3] reservation exceeded at 2,060,580 states; growing to 4,140,242 (this copies)
    [hcompact:python3] rows widen 6B -> 12B per relator at 2,023 states (in place)
    [hcompact:python3] rows widen 10B -> 12B per relator at 1 states (in place)
    [hcompact:python3] reservation exceeded at 2,060,601 states; growing to 4,140,242 (this copies)
    [hcompact:python3] reservation exceeded at 2,060,604 states; growing to 4,140,242 (this copies)
    [hcompact:python3] rows widen 9B -> 12B per relator at 1 states (in place)
    [hcompact:python3] reservation exceeded at 2,060,524 states; growing to 4,140,242 (this copies)
    [hcompact:python3] reservation exceeded at 2,060,520 states; growing to 4,140,242 (this copies)
    [hcompact:python3] rows widen 6B -> 12B per relator at 8,977 states (in place)
    [hcompact:python3] rows widen 8B -> 12B per relator at 1 states (in place)
    [hcompact:python3] rows widen 6B -> 12B per relator at 1 states (in place)
    [hcompact:python3] reservation exceeded at 2,060,633 states; growing to 4,140,242 (this copies)
    [hcompact:python3] reservation exceeded at 2,060,525 states; growing to 4,140,242 (this copies)
    [hcompact:python3] rows widen 6B -> 12B per relator at 1 states (in place)
    [hcompact:python3] reservation exceeded at 2,060,625 states; growing to 4,140,242 (this copies)
    [hcompact:python3] rows widen 6B -> 12B per relator at 2,353 states (in place)
    [hcompact:python3] reservation exceeded at 2,060,654 states; growing to 4,140,242 (this copies)
    [hcompact:python3] rows widen 6B -> 12B per relator at 1 states (in place)
  275/1250 records  3.7 min elapsed  ETA 13.1 min
    [hcompact:python3] rows widen 6B -> 12B per relator at 1,579 states (in place)
    [hcompact:python3] rows widen 6B -> 12B per relator at 1 states (in place)
    [hcompact:python3] rows widen 6B -> 12B per relator at 1 states (in place)
    [hcompact:python3] rows widen 6B -> 12B per relator at 46,655 states (in place)
    [hcompact:python3] reservation exceeded at 2,060,585 states; growing to 4,140,242 (this copies)
    [hcompact:python3] reservation exceeded at 2,060,526 states; growing to 4,140,242 (this copies)
    [hcompact:python3] rows widen 6B -> 12B per relator at 1 states (in place)
    [hcompact:python3] reservation exceeded at 2,060,610 states; growing to 4,140,242 (this copies)
    [hcompact:python3] rows widen 6B -> 12B per relator at 1 states (in place)
    [hcompact:python3] rows widen 6B -> 12B per relator at 1 states (in place)
    [hcompact:python3] rows widen 6B -> 12B per relator at 2,201 states (in place)
    [hcompact:python3] rows widen 6B -> 12B per relator at 1 states (in place)
    [hcompact:python3] rows widen 6B -> 12B per relator at 106,211 states (in place)
    [hcompact:python3] rows widen 8B -> 12B per relator at 1 states (in place)
    [hcompact:python3] rows widen 10B -> 12B per relator at 1 states (in place)
    [hcompact:python3] reservation exceeded at 2,060,572 states; growing to 4,140,242 (this copies)
    [hcompact:python3] rows widen 6B -> 12B per relator at 2,023 states (in place)
    [hcompact:python3] rows widen 6B -> 12B per relator at 1 states (in place)
    [hcompact:python3] rows widen 8B -> 12B per relator at 1 states (in place)
    [hcompact:python3] reservation exceeded at 2,060,548 states; growing to 4,140,242 (this copies)
    [hcompact:python3] reservation exceeded at 2,060,661 states; growing to 4,140,242 (this copies)
    [hcompact:python3] rows widen 6B -> 12B per relator at 1 states (in place)
    [hcompact:python3] rows widen 10B -> 12B per relator at 1 states (in place)
    [hcompact:python3] reservation exceeded at 2,060,545 states; growing to 4,140,242 (this copies)
    [hcompact:python3] rows widen 9B -> 12B per relator at 1 states (in place)
    [hcompact:python3] rows widen 6B -> 12B per relator at 8,977 states (in place)
    [hcompact:python3] reservation exceeded at 2,060,644 states; growing to 4,140,242 (this copies)
    [hcompact:python3] reservation exceeded at 2,060,544 states; growing to 4,140,242 (this copies)
    [hcompact:python3] reservation exceeded at 2,060,531 states; growing to 4,140,242 (this copies)
    [hcompact:python3] reservation exceeded at 2,060,551 states; growing to 4,140,242 (this copies)
    [hcompact:python3] rows widen 8B -> 12B per relator at 1 states (in place)
    [hcompact:python3] rows widen 6B -> 12B per relator at 1 states (in place)
    [hcompact:python3] rows widen 6B -> 12B per relator at 7,615 states (in place)
    [hcompact:python3] rows widen 6B -> 12B per relator at 5,879 states (in place)
    [hcompact:python3] rows widen 6B -> 12B per relator at 2,821 states (in place)
    [hcompact:python3] rows widen 6B -> 12B per relator at 4,724 states (in place)
    [hcompact:python3] rows widen 6B -> 12B per relator at 4,059 states (in place)
    [hcompact:python3] rows widen 9B -> 12B per relator at 1 states (in place)
    [hcompact:python3] rows widen 6B -> 12B per relator at 7,525 states (in place)
    [hcompact:python3] rows widen 6B -> 12B per relator at 1 states (in place)
    [hcompact:python3] rows widen 6B -> 12B per relator at 1 states (in place)
    [hcompact:python3] reservation exceeded at 2,060,621 states; growing to 4,140,242 (this copies)
    [hcompact:python3] reservation exceeded at 2,060,588 states; growing to 4,140,242 (this copies)
    [hcompact:python3] rows widen 6B -> 12B per relator at 2,034 states (in place)
    [hcompact:python3] rows widen 6B -> 12B per relator at 7,473 states (in place)
    [hcompact:python3] rows widen 6B -> 12B per relator at 1 states (in place)
    [hcompact:python3] rows widen 6B -> 12B per relator at 1 states (in place)
    [hcompact:python3] reservation exceeded at 2,060,609 states; growing to 4,140,242 (this copies)
    [hcompact:python3] rows widen 8B -> 12B per relator at 1 states (in place)
    [hcompact:python3] rows widen 6B -> 12B per relator at 3,072 states (in place)
    [hcompact:python3] rows widen 6B -> 12B per relator at 1,665 states (in place)
  300/1250 records  4.1 min elapsed  ETA 13.0 min
    [hcompact:python3] rows widen 6B -> 12B per relator at 632 states (in place)
    [hcompact:python3] rows widen 6B -> 12B per relator at 2,067 states (in place)
    [hcompact:python3] rows widen 6B -> 12B per relator at 808 states (in place)
    [hcompact:python3] rows widen 6B -> 12B per relator at 1,516 states (in place)
    [hcompact:python3] rows widen 6B -> 12B per relator at 1 states (in place)
    [hcompact:python3] reservation exceeded at 2,060,627 states; growing to 4,140,242 (this copies)
    [hcompact:python3] rows widen 6B -> 12B per relator at 505 states (in place)
    [hcompact:python3] rows widen 6B -> 12B per relator at 1 states (in place)
    [hcompact:python3] rows widen 6B -> 12B per relator at 1 states (in place)
    [hcompact:python3] rows widen 6B -> 12B per relator at 1 states (in place)
    [hcompact:python3] rows widen 6B -> 12B per relator at 1 states (in place)
    [hcompact:python3] rows widen 6B -> 12B per relator at 1 states (in place)
    [hcompact:python3] rows widen 6B -> 12B per relator at 835 states (in place)
    [hcompact:python3] rows widen 6B -> 12B per relator at 777 states (in place)
    [hcompact:python3] reservation exceeded at 2,060,594 states; growing to 4,140,242 (this copies)
    [hcompact:python3] reservation exceeded at 2,060,578 states; growing to 4,140,242 (this copies)
    [hcompact:python3] rows widen 6B -> 12B per relator at 1,201 states (in place)
    [hcompact:python3] rows widen 6B -> 12B per relator at 2,296 states (in place)
    [hcompact:python3] rows widen 6B -> 12B per relator at 3,271 states (in place)
    [hcompact:python3] reservation exceeded at 2,060,548 states; growing to 4,140,242 (this copies)
    [hcompact:python3] reservation exceeded at 2,060,645 states; growing to 4,140,242 (this copies)
    [hcompact:python3] rows widen 6B -> 12B per relator at 1 states (in place)
    [hcompact:python3] rows widen 6B -> 12B per relator at 1 states (in place)
    [hcompact:python3] reservation exceeded at 2,060,597 states; growing to 4,140,242 (this copies)
    [hcompact:python3] rows widen 6B -> 12B per relator at 1 states (in place)
    [hcompact:python3] rows widen 6B -> 12B per relator at 1 states (in place)
    [hcompact:python3] reservation exceeded at 2,060,571 states; growing to 4,140,242 (this copies)
    [hcompact:python3] reservation exceeded at 2,060,608 states; growing to 4,140,242 (this copies)
    [hcompact:python3] reservation exceeded at 2,060,705 states; growing to 4,140,242 (this copies)
    [hcompact:python3] reservation exceeded at 2,060,595 states; growing to 4,140,242 (this copies)
    [hcompact:python3] rows widen 6B -> 12B per relator at 1 states (in place)
    [hcompact:python3] rows widen 6B -> 12B per relator at 1,058 states (in place)
    [hcompact:python3] rows widen 6B -> 12B per relator at 226 states (in place)
    [hcompact:python3] rows widen 6B -> 12B per relator at 1,016 states (in place)
    [hcompact:python3] rows widen 6B -> 12B per relator at 4,290 states (in place)
  325/1250 records  4.4 min elapsed  ETA 12.7 min
    [hcompact:python3] rows widen 6B -> 12B per relator at 8,244 states (in place)
    [hcompact:python3] rows widen 6B -> 12B per relator at 2,244 states (in place)
    [hcompact:python3] rows widen 6B -> 12B per relator at 1 states (in place)
    [hcompact:python3] rows widen 6B -> 12B per relator at 1 states (in place)
    [hcompact:python3] rows widen 6B -> 12B per relator at 1 states (in place)
    [hcompact:python3] rows widen 6B -> 12B per relator at 1 states (in place)
    [hcompact:python3] rows widen 6B -> 12B per relator at 1 states (in place)
    [hcompact:python3] rows widen 7B -> 12B per relator at 1 states (in place)
    [hcompact:python3] rows widen 6B -> 12B per relator at 1 states (in place)
    [hcompact:python3] rows widen 6B -> 12B per relator at 1 states (in place)
    [hcompact:python3] rows widen 7B -> 12B per relator at 1 states (in place)
    [hcompact:python3] reservation exceeded at 2,060,582 states; growing to 4,140,242 (this copies)
    [hcompact:python3] rows widen 6B -> 12B per relator at 1 states (in place)
    [hcompact:python3] rows widen 6B -> 12B per relator at 1 states (in place)
    [hcompact:python3] rows widen 6B -> 12B per relator at 1 states (in place)
    [hcompact:python3] rows widen 6B -> 12B per relator at 1 states (in place)
    [hcompact:python3] rows widen 6B -> 12B per relator at 1 states (in place)
    [hcompact:python3] reservation exceeded at 2,060,593 states; growing to 4,140,242 (this copies)
    [hcompact:python3] reservation exceeded at 2,060,650 states; growing to 4,140,242 (this copies)
    [hcompact:python3] reservation exceeded at 2,060,553 states; growing to 4,140,242 (this copies)
    [hcompact:python3] reservation exceeded at 2,060,639 states; growing to 4,140,242 (this copies)
    [hcompact:python3] rows widen 6B -> 12B per relator at 1 states (in place)
    [hcompact:python3] rows widen 8B -> 12B per relator at 1 states (in place)
    [hcompact:python3] rows widen 9B -> 12B per relator at 1 states (in place)
    [hcompact:python3] rows widen 7B -> 12B per relator at 1 states (in place)
    [hcompact:python3] rows widen 7B -> 12B per relator at 1 states (in place)
    [hcompact:python3] reservation exceeded at 2,060,621 states; growing to 4,140,242 (this copies)
    [hcompact:python3] rows widen 8B -> 12B per relator at 1 states (in place)
    [hcompact:python3] reservation exceeded at 2,060,599 states; growing to 4,140,242 (this copies)
    [hcompact:python3] reservation exceeded at 2,060,640 states; growing to 4,140,242 (this copies)
    [hcompact:python3] reservation exceeded at 2,060,576 states; growing to 4,140,242 (this copies)
    [hcompact:python3] rows widen 6B -> 12B per relator at 1 states (in place)
    [hcompact:python3] rows widen 6B -> 12B per relator at 1 states (in place)
    [hcompact:python3] rows widen 6B -> 12B per relator at 1 states (in place)
  350/1250 records  4.7 min elapsed  ETA 12.1 min
    [hcompact:python3] rows widen 6B -> 12B per relator at 157 states (in place)
    [hcompact:python3] rows widen 6B -> 12B per relator at 1 states (in place)
    [hcompact:python3] reservation exceeded at 2,060,613 states; growing to 4,140,242 (this copies)
    [hcompact:python3] rows widen 6B -> 12B per relator at 500 states (in place)
    [hcompact:python3] rows widen 6B -> 12B per relator at 1 states (in place)
    [hcompact:python3] rows widen 6B -> 12B per relator at 1 states (in place)
    [hcompact:python3] rows widen 6B -> 12B per relator at 1 states (in place)
    [hcompact:python3] rows widen 6B -> 12B per relator at 1 states (in place)
    [hcompact:python3] rows widen 6B -> 12B per relator at 1 states (in place)
    [hcompact:python3] reservation exceeded at 2,060,545 states; growing to 4,140,242 (this copies)
    [hcompact:python3] rows widen 6B -> 12B per relator at 1 states (in place)
    [hcompact:python3] rows widen 7B -> 12B per relator at 1 states (in place)
    [hcompact:python3] rows widen 6B -> 12B per relator at 1 states (in place)
    [hcompact:python3] rows widen 6B -> 12B per relator at 1 states (in place)
    [hcompact:python3] reservation exceeded at 2,060,520 states; growing to 4,140,242 (this copies)
    [hcompact:python3] reservation exceeded at 2,060,631 states; growing to 4,140,242 (this copies)
    [hcompact:python3] rows widen 6B -> 12B per relator at 1 states (in place)
    [hcompact:python3] reservation exceeded at 2,060,524 states; growing to 4,140,242 (this copies)
    [hcompact:python3] reservation exceeded at 2,060,586 states; growing to 4,140,242 (this copies)
    [hcompact:python3] rows widen 6B -> 12B per relator at 3,865 states (in place)
    [hcompact:python3] rows widen 6B -> 12B per relator at 382 states (in place)
    [hcompact:python3] rows widen 6B -> 12B per relator at 3,865 states (in place)
    [hcompact:python3] rows widen 6B -> 12B per relator at 652 states (in place)
    [hcompact:python3] rows widen 6B -> 12B per relator at 302 states (in place)
    [hcompact:python3] rows widen 6B -> 12B per relator at 1 states (in place)
    [hcompact:python3] reservation exceeded at 2,060,574 states; growing to 4,140,242 (this copies)
    [hcompact:python3] rows widen 6B -> 12B per relator at 1 states (in place)
    [hcompact:python3] rows widen 6B -> 12B per relator at 1 states (in place)
    [hcompact:python3] rows widen 6B -> 12B per relator at 1 states (in place)
    [hcompact:python3] rows widen 6B -> 12B per relator at 1 states (in place)
    [hcompact:python3] rows widen 6B -> 12B per relator at 1 states (in place)
    [hcompact:python3] rows widen 6B -> 12B per relator at 1 states (in place)
    [hcompact:python3] reservation exceeded at 2,060,590 states; growing to 4,140,242 (this copies)
    [hcompact:python3] reservation exceeded at 2,060,519 states; growing to 4,140,242 (this copies)
    [hcompact:python3] reservation exceeded at 2,060,673 states; growing to 4,140,242 (this copies)
    [hcompact:python3] reservation exceeded at 2,060,526 states; growing to 4,140,242 (this copies)
  375/1250 records  5.0 min elapsed  ETA 11.7 min
    [hcompact:python3] rows widen 6B -> 12B per relator at 1 states (in place)
    [hcompact:python3] rows widen 6B -> 12B per relator at 312 states (in place)
    [hcompact:python3] rows widen 7B -> 12B per relator at 1 states (in place)
    [hcompact:python3] rows widen 7B -> 12B per relator at 1 states (in place)
    [hcompact:python3] rows widen 6B -> 12B per relator at 598 states (in place)
    [hcompact:python3] rows widen 6B -> 12B per relator at 724 states (in place)
    [hcompact:python3] reservation exceeded at 2,060,685 states; growing to 4,140,242 (this copies)
    [hcompact:python3] rows widen 10B -> 12B per relator at 1 states (in place)
    [hcompact:python3] rows widen 10B -> 12B per relator at 1 states (in place)
    [hcompact:python3] reservation exceeded at 2,060,538 states; growing to 4,140,242 (this copies)
    [hcompact:python3] rows widen 10B -> 12B per relator at 1 states (in place)
    [hcompact:python3] rows widen 10B -> 12B per relator at 1 states (in place)
    [hcompact:python3] reservation exceeded at 2,060,678 states; growing to 4,140,242 (this copies)
    [hcompact:python3] reservation exceeded at 2,060,611 states; growing to 4,140,242 (this copies)
    [hcompact:python3] reservation exceeded at 2,060,546 states; growing to 4,140,242 (this copies)
    [hcompact:python3] rows widen 7B -> 12B per relator at 1 states (in place)
    [hcompact:python3] reservation exceeded at 2,060,524 states; growing to 4,140,242 (this copies)
    [hcompact:python3] rows widen 6B -> 12B per relator at 646 states (in place)
    [hcompact:python3] rows widen 7B -> 12B per relator at 1 states (in place)
    [hcompact:python3] rows widen 6B -> 12B per relator at 1 states (in place)
    [hcompact:python3] rows widen 6B -> 12B per relator at 312 states (in place)
    [hcompact:python3] rows widen 7B -> 12B per relator at 1 states (in place)
    [hcompact:python3] rows widen 7B -> 12B per relator at 1 states (in place)
    [hcompact:python3] rows widen 6B -> 12B per relator at 598 states (in place)
    [hcompact:python3] rows widen 6B -> 12B per relator at 722 states (in place)
    [hcompact:python3] rows widen 10B -> 12B per relator at 1 states (in place)
    [hcompact:python3] rows widen 10B -> 12B per relator at 1 states (in place)
    [hcompact:python3] rows widen 10B -> 12B per relator at 1 states (in place)
    [hcompact:python3] reservation exceeded at 2,060,588 states; growing to 4,140,242 (this copies)
    [hcompact:python3] rows widen 10B -> 12B per relator at 1 states (in place)
    [hcompact:python3] reservation exceeded at 2,060,540 states; growing to 4,140,242 (this copies)
    [hcompact:python3] reservation exceeded at 2,060,664 states; growing to 4,140,242 (this copies)
    [hcompact:python3] rows widen 7B -> 12B per relator at 1 states (in place)
    [hcompact:python3] reservation exceeded at 2,060,697 states; growing to 4,140,242 (this copies)
    [hcompact:python3] rows widen 6B -> 12B per relator at 646 states (in place)
  400/1250 records  5.4 min elapsed  ETA 11.5 min
    [hcompact:python3] rows widen 7B -> 12B per relator at 1 states (in place)
    [hcompact:python3] rows widen 6B -> 12B per relator at 1 states (in place)
    [hcompact:python3] rows widen 6B -> 12B per relator at 312 states (in place)
    [hcompact:python3] reservation exceeded at 2,060,634 states; growing to 4,140,242 (this copies)
    [hcompact:python3] rows widen 7B -> 12B per relator at 1 states (in place)
    [hcompact:python3] reservation exceeded at 4,130,828 states; growing to 8,280,484 (this copies)
    [hcompact:python3] reservation exceeded at 2,060,621 states; growing to 4,140,242 (this copies)
    [hcompact:python3] rows widen 7B -> 12B per relator at 1 states (in place)
    [hcompact:python3] reservation exceeded at 2,060,611 states; growing to 4,140,242 (this copies)
    [hcompact:python3] rows widen 6B -> 12B per relator at 724 states (in place)
    [hcompact:python3] rows widen 6B -> 12B per relator at 598 states (in place)
    [hcompact:python3] rows widen 10B -> 12B per relator at 1 states (in place)
    [hcompact:python3] rows widen 10B -> 12B per relator at 1 states (in place)
    [hcompact:python3] rows widen 10B -> 12B per relator at 1 states (in place)
    [hcompact:python3] rows widen 10B -> 12B per relator at 1 states (in place)
    [hcompact:python3] reservation exceeded at 2,060,525 states; growing to 4,140,242 (this copies)
    [hcompact:python3] reservation exceeded at 2,060,621 states; growing to 4,140,242 (this copies)
    [hcompact:python3] reservation exceeded at 2,060,590 states; growing to 4,140,242 (this copies)
    [hcompact:python3] reservation exceeded at 2,060,615 states; growing to 4,140,242 (this copies)
    [hcompact:python3] rows widen 7B -> 12B per relator at 1 states (in place)
    [hcompact:python3] rows widen 6B -> 12B per relator at 1 states (in place)
    [hcompact:python3] rows widen 7B -> 12B per relator at 1 states (in place)
    [hcompact:python3] rows widen 6B -> 12B per relator at 646 states (in place)
    [hcompact:python3] rows widen 6B -> 12B per relator at 179 states (in place)
    [hcompact:python3] rows widen 8B -> 12B per relator at 1 states (in place)
    [hcompact:python3] rows widen 8B -> 12B per relator at 1 states (in place)
    [hcompact:python3] rows widen 6B -> 12B per relator at 254 states (in place)
    [hcompact:python3] rows widen 6B -> 12B per relator at 1 states (in place)
    [hcompact:python3] rows widen 11B -> 12B per relator at 1 states (in place)
    [hcompact:python3] rows widen 11B -> 12B per relator at 1 states (in place)
    [hcompact:python3] reservation exceeded at 2,060,586 states; growing to 4,140,242 (this copies)
    [hcompact:python3] rows widen 11B -> 12B per relator at 1 states (in place)
    [hcompact:python3] rows widen 11B -> 12B per relator at 1 states (in place)
    [hcompact:python3] rows widen 8B -> 12B per relator at 1 states (in place)
    [hcompact:python3] reservation exceeded at 2,060,631 states; growing to 4,140,242 (this copies)
  425/1250 records  5.8 min elapsed  ETA 11.3 min
    [hcompact:python3] rows widen 6B -> 12B per relator at 248 states (in place)
    [hcompact:python3] rows widen 8B -> 12B per relator at 1 states (in place)
    [hcompact:python3] rows widen 6B -> 12B per relator at 1 states (in place)
    [hcompact:python3] rows widen 6B -> 12B per relator at 179 states (in place)
    [hcompact:python3] rows widen 8B -> 12B per relator at 1 states (in place)
    [hcompact:python3] rows widen 8B -> 12B per relator at 1 states (in place)
    [hcompact:python3] rows widen 6B -> 12B per relator at 1 states (in place)
    [hcompact:python3] rows widen 6B -> 12B per relator at 254 states (in place)
    [hcompact:python3] rows widen 11B -> 12B per relator at 1 states (in place)
    [hcompact:python3] reservation exceeded at 2,060,597 states; growing to 4,140,242 (this copies)
    [hcompact:python3] rows widen 11B -> 12B per relator at 1 states (in place)
    [hcompact:python3] rows widen 11B -> 12B per relator at 1 states (in place)
    [hcompact:python3] rows widen 11B -> 12B per relator at 1 states (in place)
    [hcompact:python3] rows widen 8B -> 12B per relator at 1 states (in place)
    [hcompact:python3] reservation exceeded at 2,060,611 states; growing to 4,140,242 (this copies)
    [hcompact:python3] reservation exceeded at 2,060,629 states; growing to 4,140,242 (this copies)
    [hcompact:python3] reservation exceeded at 2,060,588 states; growing to 4,140,242 (this copies)
    [hcompact:python3] rows widen 6B -> 12B per relator at 1 states (in place)
    [hcompact:python3] rows widen 8B -> 12B per relator at 1 states (in place)
    [hcompact:python3] rows widen 6B -> 12B per relator at 248 states (in place)
    [hcompact:python3] reservation exceeded at 2,060,647 states; growing to 4,140,242 (this copies)
    [hcompact:python3] rows widen 6B -> 12B per relator at 179 states (in place)
    [hcompact:python3] rows widen 8B -> 12B per relator at 1 states (in place)
    [hcompact:python3] rows widen 8B -> 12B per relator at 1 states (in place)
    [hcompact:python3] rows widen 6B -> 12B per relator at 254 states (in place)
    [hcompact:python3] rows widen 6B -> 12B per relator at 1 states (in place)
    [hcompact:python3] rows widen 11B -> 12B per relator at 1 states (in place)
    [hcompact:python3] rows widen 11B -> 12B per relator at 1 states (in place)
    [hcompact:python3] rows widen 11B -> 12B per relator at 1 states (in place)
    [hcompact:python3] reservation exceeded at 2,060,607 states; growing to 4,140,242 (this copies)
    [hcompact:python3] rows widen 11B -> 12B per relator at 1 states (in place)
  450/1250 records  6.2 min elapsed  ETA 11.0 min
    [hcompact:python3] rows widen 8B -> 12B per relator at 1 states (in place)
    [hcompact:python3] reservation exceeded at 2,060,551 states; growing to 4,140,242 (this copies)
    [hcompact:python3] reservation exceeded at 2,060,566 states; growing to 4,140,242 (this copies)
    [hcompact:python3] rows widen 6B -> 12B per relator at 248 states (in place)
    [hcompact:python3] reservation exceeded at 2,060,608 states; growing to 4,140,242 (this copies)
    [hcompact:python3] rows widen 8B -> 12B per relator at 1 states (in place)
    [hcompact:python3] rows widen 6B -> 12B per relator at 1 states (in place)
    [hcompact:python3] rows widen 6B -> 12B per relator at 1 states (in place)
    [hcompact:python3] rows widen 6B -> 12B per relator at 1 states (in place)
    [hcompact:python3] rows widen 6B -> 12B per relator at 1 states (in place)
    [hcompact:python3] rows widen 6B -> 12B per relator at 1 states (in place)
    [hcompact:python3] rows widen 6B -> 12B per relator at 1,681 states (in place)
    [hcompact:python3] rows widen 6B -> 12B per relator at 32,418 states (in place)
    [hcompact:python3] rows widen 7B -> 12B per relator at 1 states (in place)
    [hcompact:python3] reservation exceeded at 2,060,569 states; growing to 4,140,242 (this copies)
    [hcompact:python3] rows widen 6B -> 12B per relator at 1 states (in place)
    [hcompact:python3] rows widen 6B -> 12B per relator at 1 states (in place)
    [hcompact:python3] rows widen 6B -> 12B per relator at 1 states (in place)
    [hcompact:python3] rows widen 8B -> 12B per relator at 1 states (in place)
    [hcompact:python3] rows widen 8B -> 12B per relator at 1 states (in place)
    [hcompact:python3] rows widen 6B -> 12B per relator at 2,667 states (in place)
    [hcompact:python3] rows widen 6B -> 12B per relator at 1 states (in place)
    [hcompact:python3] rows widen 6B -> 12B per relator at 11,117 states (in place)
    [hcompact:python3] reservation exceeded at 2,060,586 states; growing to 4,140,242 (this copies)
    [hcompact:python3] reservation exceeded at 2,060,588 states; growing to 4,140,242 (this copies)
    [hcompact:python3] rows widen 7B -> 12B per relator at 1 states (in place)
    [hcompact:python3] rows widen 10B -> 12B per relator at 1 states (in place)
    [hcompact:python3] reservation exceeded at 2,060,522 states; growing to 4,140,242 (this copies)
    [hcompact:python3] rows widen 6B -> 12B per relator at 1 states (in place)
    [hcompact:python3] rows widen 6B -> 12B per relator at 1 states (in place)
    [hcompact:python3] reservation exceeded at 2,060,607 states; growing to 4,140,242 (this copies)
    [hcompact:python3] reservation exceeded at 2,060,553 states; growing to 4,140,242 (this copies)
    [hcompact:python3] reservation exceeded at 2,060,521 states; growing to 4,140,242 (this copies)
    [hcompact:python3] reservation exceeded at 2,060,675 states; growing to 4,140,242 (this copies)
    [hcompact:python3] rows widen 9B -> 12B per relator at 1 states (in place)
    [hcompact:python3] rows widen 7B -> 12B per relator at 1 states (in place)
    [hcompact:python3] rows widen 7B -> 12B per relator at 1 states (in place)
    [hcompact:python3] rows widen 10B -> 12B per relator at 1 states (in place)
    [hcompact:python3] reservation exceeded at 2,060,572 states; growing to 4,140,242 (this copies)
    [hcompact:python3] reservation exceeded at 2,060,595 states; growing to 4,140,242 (this copies)
    [hcompact:python3] reservation exceeded at 2,060,606 states; growing to 4,140,242 (this copies)
    [hcompact:python3] rows widen 6B -> 12B per relator at 1 states (in place)
    [hcompact:python3] rows widen 6B -> 12B per relator at 1 states (in place)
    [hcompact:python3] rows widen 7B -> 12B per relator at 1 states (in place)
    [hcompact:python3] rows widen 7B -> 12B per relator at 1 states (in place)
    [hcompact:python3] rows widen 6B -> 12B per relator at 1 states (in place)
    [hcompact:python3] rows widen 6B -> 12B per relator at 1 states (in place)
    [hcompact:python3] rows widen 6B -> 12B per relator at 1 states (in place)
    [hcompact:python3] rows widen 6B -> 12B per relator at 1 states (in place)
    [hcompact:python3] rows widen 9B -> 12B per relator at 1 states (in place)
    [hcompact:python3] reservation exceeded at 2,060,630 states; growing to 4,140,242 (this copies)
    [hcompact:python3] rows widen 6B -> 12B per relator at 1 states (in place)
    [hcompact:python3] reservation exceeded at 2,060,652 states; growing to 4,140,242 (this copies)
    [hcompact:python3] rows widen 6B -> 12B per relator at 1 states (in place)
    [hcompact:python3] reservation exceeded at 2,060,701 states; growing to 4,140,242 (this copies)
    [hcompact:python3] rows widen 6B -> 12B per relator at 1 states (in place)
    [hcompact:python3] rows widen 6B -> 12B per relator at 1 states (in place)
    [hcompact:python3] rows widen 7B -> 12B per relator at 1 states (in place)
    [hcompact:python3] reservation exceeded at 2,060,653 states; growing to 4,140,242 (this copies)
    [hcompact:python3] reservation exceeded at 2,060,527 states; growing to 4,140,242 (this copies)
    [hcompact:python3] rows widen 6B -> 12B per relator at 1 states (in place)
    [hcompact:python3] rows widen 6B -> 12B per relator at 1,717 states (in place)
    [hcompact:python3] rows widen 6B -> 12B per relator at 11,117 states (in place)
    [hcompact:python3] rows widen 7B -> 12B per relator at 1 states (in place)
    [hcompact:python3] rows widen 6B -> 12B per relator at 1 states (in place)
  475/1250 records  6.8 min elapsed  ETA 11.2 min
    [hcompact:python3] rows widen 6B -> 12B per relator at 1 states (in place)
    [hcompact:python3] reservation exceeded at 2,060,596 states; growing to 4,140,242 (this copies)
    [hcompact:python3] reservation exceeded at 2,060,575 states; growing to 4,140,242 (this copies)
    [hcompact:python3] reservation exceeded at 2,060,524 states; growing to 4,140,242 (this copies)
    [hcompact:python3] rows widen 9B -> 12B per relator at 1 states (in place)
    [hcompact:python3] rows widen 8B -> 12B per relator at 1 states (in place)
    [hcompact:python3] reservation exceeded at 2,060,522 states; growing to 4,140,242 (this copies)
    [hcompact:python3] rows widen 6B -> 12B per relator at 1 states (in place)
    [hcompact:python3] rows widen 8B -> 12B per relator at 1 states (in place)
    [hcompact:python3] reservation exceeded at 2,060,699 states; growing to 4,140,242 (this copies)
    [hcompact:python3] reservation exceeded at 2,060,606 states; growing to 4,140,242 (this copies)
    [hcompact:python3] reservation exceeded at 2,060,521 states; growing to 4,140,242 (this copies)
    [hcompact:python3] reservation exceeded at 2,060,531 states; growing to 4,140,242 (this copies)
    [hcompact:python3] rows widen 8B -> 12B per relator at 1 states (in place)
    [hcompact:python3] rows widen 9B -> 12B per relator at 1 states (in place)
    [hcompact:python3] rows widen 8B -> 12B per relator at 1 states (in place)
    [hcompact:python3] rows widen 6B -> 12B per relator at 2,936 states (in place)
    [hcompact:python3] rows widen 6B -> 12B per relator at 51,861 states (in place)
    [hcompact:python3] rows widen 8B -> 12B per relator at 1 states (in place)
    [hcompact:python3] reservation exceeded at 2,060,559 states; growing to 4,140,242 (this copies)
    [hcompact:python3] rows widen 6B -> 12B per relator at 967 states (in place)
    [hcompact:python3] reservation exceeded at 2,060,715 states; growing to 4,140,242 (this copies)
    [hcompact:python3] reservation exceeded at 2,060,602 states; growing to 4,140,242 (this copies)
    [hcompact:python3] rows widen 8B -> 12B per relator at 1 states (in place)
    [hcompact:python3] rows widen 6B -> 12B per relator at 951 states (in place)
    [hcompact:python3] reservation exceeded at 2,060,560 states; growing to 4,140,242 (this copies)
    [hcompact:python3] rows widen 6B -> 12B per relator at 12,190 states (in place)
    [hcompact:python3] rows widen 6B -> 12B per relator at 3,027 states (in place)
    [hcompact:python3] rows widen 6B -> 12B per relator at 18,818 states (in place)
    [hcompact:python3] reservation exceeded at 2,060,547 states; growing to 4,140,242 (this copies)
    [hcompact:python3] rows widen 6B -> 12B per relator at 713 states (in place)
    [hcompact:python3] rows widen 6B -> 12B per relator at 44,817 states (in place)
    [hcompact:python3] rows widen 6B -> 12B per relator at 8,796 states (in place)
    [hcompact:python3] rows widen 6B -> 12B per relator at 841 states (in place)
    [hcompact:python3] rows widen 6B -> 12B per relator at 75 states (in place)
    [hcompact:python3] rows widen 6B -> 12B per relator at 1 states (in place)
    [hcompact:python3] rows widen 6B -> 12B per relator at 1 states (in place)
    [hcompact:python3] reservation exceeded at 2,060,577 states; growing to 4,140,242 (this copies)
    [hcompact:python3] reservation exceeded at 2,060,617 states; growing to 4,140,242 (this copies)
    [hcompact:python3] reservation exceeded at 2,060,575 states; growing to 4,140,242 (this copies)
    [hcompact:python3] rows widen 6B -> 12B per relator at 1,645 states (in place)
    [hcompact:python3] rows widen 6B -> 12B per relator at 1 states (in place)
    [hcompact:python3] reservation exceeded at 2,060,561 states; growing to 4,140,242 (this copies)
    [hcompact:python3] rows widen 6B -> 12B per relator at 75 states (in place)
    [hcompact:python3] rows widen 6B -> 12B per relator at 1 states (in place)
    [hcompact:python3] reservation exceeded at 2,060,657 states; growing to 4,140,242 (this copies)
    [hcompact:python3] rows widen 6B -> 12B per relator at 1,125 states (in place)
    [hcompact:python3] reservation exceeded at 2,060,528 states; growing to 4,140,242 (this copies)
    [hcompact:python3] rows widen 6B -> 12B per relator at 2,045 states (in place)
    [hcompact:python3] rows widen 6B -> 12B per relator at 11,472 states (in place)
    [hcompact:python3] rows widen 6B -> 12B per relator at 1 states (in place)
    [hcompact:python3] reservation exceeded at 2,060,561 states; growing to 4,140,242 (this copies)
    [hcompact:python3] reservation exceeded at 2,060,631 states; growing to 4,140,242 (this copies)
    [hcompact:python3] reservation exceeded at 2,060,610 states; growing to 4,140,242 (this copies)
    [hcompact:python3] rows widen 6B -> 12B per relator at 1 states (in place)
    [hcompact:python3] rows widen 6B -> 12B per relator at 1 states (in place)
    [hcompact:python3] rows widen 6B -> 12B per relator at 1 states (in place)
    [hcompact:python3] rows widen 6B -> 12B per relator at 1 states (in place)
    [hcompact:python3] rows widen 6B -> 12B per relator at 1 states (in place)
    [hcompact:python3] rows widen 6B -> 12B per relator at 7,359 states (in place)
    [hcompact:python3] rows widen 6B -> 12B per relator at 1 states (in place)
    [hcompact:python3] rows widen 6B -> 12B per relator at 1 states (in place)
    [hcompact:python3] rows widen 6B -> 12B per relator at 1,681 states (in place)
    [hcompact:python3] rows widen 6B -> 12B per relator at 1 states (in place)
    [hcompact:python3] rows widen 6B -> 12B per relator at 32,418 states (in place)
    [hcompact:python3] rows widen 6B -> 12B per relator at 1 states (in place)
    [hcompact:python3] reservation exceeded at 2,060,563 states; growing to 4,140,242 (this copies)
    [hcompact:python3] rows widen 6B -> 12B per relator at 1 states (in place)
    [hcompact:python3] rows widen 6B -> 12B per relator at 1 states (in place)
    [hcompact:python3] rows widen 8B -> 12B per relator at 1 states (in place)
    [hcompact:python3] rows widen 8B -> 12B per relator at 1 states (in place)
  500/1250 records  7.5 min elapsed  ETA 11.3 min
    [hcompact:python3] rows widen 6B -> 12B per relator at 2,908 states (in place)
    [hcompact:python3] rows widen 6B -> 12B per relator at 1 states (in place)
    [hcompact:python3] rows widen 6B -> 12B per relator at 11,117 states (in place)
    [hcompact:python3] reservation exceeded at 2,060,555 states; growing to 4,140,242 (this copies)
    [hcompact:python3] reservation exceeded at 2,060,588 states; growing to 4,140,242 (this copies)
    [hcompact:python3] rows widen 6B -> 12B per relator at 1 states (in place)
    [hcompact:python3] rows widen 6B -> 12B per relator at 1 states (in place)
    [hcompact:python3] rows widen 9B -> 12B per relator at 1 states (in place)
    [hcompact:python3] reservation exceeded at 2,060,522 states; growing to 4,140,242 (this copies)
    [hcompact:python3] rows widen 6B -> 12B per relator at 1 states (in place)
    [hcompact:python3] reservation exceeded at 2,060,585 states; growing to 4,140,242 (this copies)
    [hcompact:python3] reservation exceeded at 2,060,542 states; growing to 4,140,242 (this copies)
    [hcompact:python3] rows widen 8B -> 12B per relator at 1 states (in place)
    [hcompact:python3] rows widen 6B -> 12B per relator at 1 states (in place)
    [hcompact:python3] reservation exceeded at 2,060,535 states; growing to 4,140,242 (this copies)
    [hcompact:python3] reservation exceeded at 2,060,557 states; growing to 4,140,242 (this copies)
    [hcompact:python3] rows widen 7B -> 12B per relator at 1 states (in place)
    [hcompact:python3] reservation exceeded at 2,060,584 states; growing to 4,140,242 (this copies)
    [hcompact:python3] reservation exceeded at 2,060,734 states; growing to 4,140,242 (this copies)
    [hcompact:python3] rows widen 9B -> 12B per relator at 1 states (in place)
    [hcompact:python3] reservation exceeded at 2,060,660 states; growing to 4,140,242 (this copies)
    [hcompact:python3] rows widen 6B -> 12B per relator at 1 states (in place)
    [hcompact:python3] rows widen 7B -> 12B per relator at 1 states (in place)
    [hcompact:python3] rows widen 8B -> 12B per relator at 1 states (in place)
    [hcompact:python3] reservation exceeded at 2,060,520 states; growing to 4,140,242 (this copies)
    [hcompact:python3] reservation exceeded at 2,060,659 states; growing to 4,140,242 (this copies)
    [hcompact:python3] reservation exceeded at 2,060,537 states; growing to 4,140,242 (this copies)
    [hcompact:python3] rows widen 6B -> 12B per relator at 1 states (in place)
    [hcompact:python3] reservation exceeded at 2,060,607 states; growing to 4,140,242 (this copies)
    [hcompact:python3] rows widen 6B -> 12B per relator at 1 states (in place)
    [hcompact:python3] rows widen 6B -> 12B per relator at 1 states (in place)
    [hcompact:python3] rows widen 6B -> 12B per relator at 1 states (in place)
    [hcompact:python3] rows widen 6B -> 12B per relator at 1 states (in place)
    [hcompact:python3] rows widen 6B -> 12B per relator at 1 states (in place)
    [hcompact:python3] rows widen 6B -> 12B per relator at 1 states (in place)
    [hcompact:python3] rows widen 6B -> 12B per relator at 1 states (in place)
    [hcompact:python3] rows widen 6B -> 12B per relator at 1 states (in place)
    [hcompact:python3] rows widen 6B -> 12B per relator at 1 states (in place)
    [hcompact:python3] rows widen 6B -> 12B per relator at 1 states (in place)
    [hcompact:python3] rows widen 6B -> 12B per relator at 1 states (in place)
    [hcompact:python3] rows widen 6B -> 12B per relator at 1 states (in place)
    [hcompact:python3] rows widen 6B -> 12B per relator at 1 states (in place)
    [hcompact:python3] rows widen 6B -> 12B per relator at 1 states (in place)
    [hcompact:python3] rows widen 6B -> 12B per relator at 1 states (in place)
    [hcompact:python3] rows widen 6B -> 12B per relator at 1 states (in place)
    [hcompact:python3] rows widen 8B -> 12B per relator at 1 states (in place)
    [hcompact:python3] rows widen 6B -> 12B per relator at 1 states (in place)
    [hcompact:python3] rows widen 8B -> 12B per relator at 1 states (in place)
    [hcompact:python3] rows widen 8B -> 12B per relator at 1 states (in place)
    [hcompact:python3] reservation exceeded at 2,060,576 states; growing to 4,140,242 (this copies)
    [hcompact:python3] rows widen 8B -> 12B per relator at 1 states (in place)
    [hcompact:python3] reservation exceeded at 2,060,621 states; growing to 4,140,242 (this copies)
    [hcompact:python3] reservation exceeded at 2,060,567 states; growing to 4,140,242 (this copies)
    [hcompact:python3] reservation exceeded at 2,060,568 states; growing to 4,140,242 (this copies)
    [hcompact:python3] rows widen 8B -> 12B per relator at 1 states (in place)
    [hcompact:python3] rows widen 8B -> 12B per relator at 1 states (in place)
    [hcompact:python3] rows widen 8B -> 12B per relator at 1 states (in place)
    [hcompact:python3] rows widen 8B -> 12B per relator at 1 states (in place)
    [hcompact:python3] reservation exceeded at 2,060,633 states; growing to 4,140,242 (this copies)
    [hcompact:python3] reservation exceeded at 2,060,608 states; growing to 4,140,242 (this copies)
    [hcompact:python3] reservation exceeded at 2,060,532 states; growing to 4,140,242 (this copies)
    [hcompact:python3] rows widen 6B -> 12B per relator at 179 states (in place)
    [hcompact:python3] rows widen 6B -> 12B per relator at 179 states (in place)
    [hcompact:python3] reservation exceeded at 2,060,537 states; growing to 4,140,242 (this copies)
    [hcompact:python3] rows widen 6B -> 12B per relator at 1 states (in place)
    [hcompact:python3] rows widen 6B -> 12B per relator at 1 states (in place)
    [hcompact:python3] rows widen 6B -> 12B per relator at 95 states (in place)
    [hcompact:python3] rows widen 6B -> 12B per relator at 195 states (in place)
    [hcompact:python3] rows widen 6B -> 12B per relator at 1 states (in place)
    [hcompact:python3] rows widen 6B -> 12B per relator at 1 states (in place)
    [hcompact:python3] rows widen 6B -> 12B per relator at 1 states (in place)
    [hcompact:python3] rows widen 6B -> 12B per relator at 1 states (in place)
  525/1250 records  8.3 min elapsed  ETA 11.5 min
    [hcompact:python3] rows widen 6B -> 12B per relator at 1 states (in place)
    [hcompact:python3] rows widen 6B -> 12B per relator at 187 states (in place)
    [hcompact:python3] rows widen 6B -> 12B per relator at 11,117 states (in place)
    [hcompact:python3] reservation exceeded at 2,060,551 states; growing to 4,140,242 (this copies)
    [hcompact:python3] reservation exceeded at 2,060,574 states; growing to 4,140,242 (this copies)
    [hcompact:python3] rows widen 6B -> 12B per relator at 1 states (in place)
    [hcompact:python3] rows widen 6B -> 12B per relator at 1 states (in place)
    [hcompact:python3] rows widen 6B -> 12B per relator at 1 states (in place)
    [hcompact:python3] rows widen 6B -> 12B per relator at 1 states (in place)
    [hcompact:python3] reservation exceeded at 2,060,548 states; growing to 4,140,242 (this copies)
    [hcompact:python3] reservation exceeded at 2,060,522 states; growing to 4,140,242 (this copies)
    [hcompact:python3] reservation exceeded at 2,060,551 states; growing to 4,140,242 (this copies)
    [hcompact:python3] reservation exceeded at 2,060,659 states; growing to 4,140,242 (this copies)
    [hcompact:python3] rows widen 8B -> 12B per relator at 1 states (in place)
    [hcompact:python3] rows widen 6B -> 12B per relator at 1 states (in place)
    [hcompact:python3] rows widen 7B -> 12B per relator at 1 states (in place)
    [hcompact:python3] rows widen 7B -> 12B per relator at 1 states (in place)
    [hcompact:python3] reservation exceeded at 2,060,521 states; growing to 4,140,242 (this copies)
    [hcompact:python3] reservation exceeded at 2,060,524 states; growing to 4,140,242 (this copies)
    [hcompact:python3] rows widen 7B -> 12B per relator at 1 states (in place)
    [hcompact:python3] reservation exceeded at 2,060,663 states; growing to 4,140,242 (this copies)
    [hcompact:python3] reservation exceeded at 2,060,635 states; growing to 4,140,242 (this copies)
    [hcompact:python3] rows widen 8B -> 12B per relator at 1 states (in place)
    [hcompact:python3] reservation exceeded at 2,060,671 states; growing to 4,140,242 (this copies)
    [hcompact:python3] rows widen 6B -> 12B per relator at 2,358 states (in place)
    [hcompact:python3] rows widen 6B -> 12B per relator at 10,652 states (in place)
    [hcompact:python3] rows widen 7B -> 12B per relator at 1 states (in place)
    [hcompact:python3] rows widen 7B -> 12B per relator at 1 states (in place)
    [hcompact:python3] rows widen 7B -> 12B per relator at 1 states (in place)
    [hcompact:python3] rows widen 6B -> 12B per relator at 2,518 states (in place)
    [hcompact:python3] rows widen 6B -> 12B per relator at 5,990 states (in place)
    [hcompact:python3] rows widen 6B -> 12B per relator at 1,681 states (in place)
    [hcompact:python3] reservation exceeded at 2,060,548 states; growing to 4,140,242 (this copies)
    [hcompact:python3] rows widen 6B -> 12B per relator at 32,418 states (in place)
    [hcompact:python3] reservation exceeded at 2,060,686 states; growing to 4,140,242 (this copies)
    [hcompact:python3] rows widen 6B -> 12B per relator at 1 states (in place)
    [hcompact:python3] reservation exceeded at 2,060,677 states; growing to 4,140,242 (this copies)
    [hcompact:python3] rows widen 6B -> 12B per relator at 1 states (in place)
    [hcompact:python3] rows widen 6B -> 12B per relator at 1 states (in place)
    [hcompact:python3] rows widen 6B -> 12B per relator at 1 states (in place)
    [hcompact:python3] rows widen 6B -> 12B per relator at 1 states (in place)
    [hcompact:python3] rows widen 6B -> 12B per relator at 1 states (in place)
    [hcompact:python3] rows widen 6B -> 12B per relator at 2,908 states (in place)
    [hcompact:python3] rows widen 6B -> 12B per relator at 11,117 states (in place)
    [hcompact:python3] rows widen 6B -> 12B per relator at 377 states (in place)
    [hcompact:python3] reservation exceeded at 2,060,529 states; growing to 4,140,242 (this copies)
    [hcompact:python3] reservation exceeded at 2,060,588 states; growing to 4,140,242 (this copies)
    [hcompact:python3] rows widen 6B -> 12B per relator at 1 states (in place)
    [hcompact:python3] rows widen 6B -> 12B per relator at 1 states (in place)
    [hcompact:python3] rows widen 8B -> 12B per relator at 1 states (in place)
    [hcompact:python3] reservation exceeded at 2,060,522 states; growing to 4,140,242 (this copies)
    [hcompact:python3] rows widen 6B -> 12B per relator at 3,143 states (in place)
    [hcompact:python3] reservation exceeded at 2,060,606 states; growing to 4,140,242 (this copies)
    [hcompact:python3] reservation exceeded at 2,060,545 states; growing to 4,140,242 (this copies)
    [hcompact:python3] rows widen 7B -> 12B per relator at 1 states (in place)
    [hcompact:python3] reservation exceeded at 2,060,716 states; growing to 4,140,242 (this copies)
    [hcompact:python3] rows widen 6B -> 12B per relator at 1 states (in place)
    [hcompact:python3] reservation exceeded at 2,060,616 states; growing to 4,140,242 (this copies)
    [hcompact:python3] rows widen 6B -> 12B per relator at 1 states (in place)
    [hcompact:python3] reservation exceeded at 2,060,682 states; growing to 4,140,242 (this copies)
    [hcompact:python3] reservation exceeded at 2,060,553 states; growing to 4,140,242 (this copies)
    [hcompact:python3] rows widen 8B -> 12B per relator at 1 states (in place)
    [hcompact:python3] reservation exceeded at 2,060,588 states; growing to 4,140,242 (this copies)
    [hcompact:python3] rows widen 6B -> 12B per relator at 1 states (in place)
    [hcompact:python3] rows widen 7B -> 12B per relator at 1 states (in place)
    [hcompact:python3] rows widen 6B -> 12B per relator at 1 states (in place)
    [hcompact:python3] reservation exceeded at 2,060,686 states; growing to 4,140,242 (this copies)
    [hcompact:python3] reservation exceeded at 2,060,560 states; growing to 4,140,242 (this copies)
    [hcompact:python3] reservation exceeded at 2,060,616 states; growing to 4,140,242 (this copies)
    [hcompact:python3] reservation exceeded at 2,060,555 states; growing to 4,140,242 (this copies)
    [hcompact:python3] rows widen 6B -> 12B per relator at 1 states (in place)
    [hcompact:python3] rows widen 6B -> 12B per relator at 1 states (in place)
    [hcompact:python3] rows widen 6B -> 12B per relator at 1 states (in place)
    [hcompact:python3] rows widen 6B -> 12B per relator at 1 states (in place)
    [hcompact:python3] rows widen 6B -> 12B per relator at 1 states (in place)
    [hcompact:python3] rows widen 6B -> 12B per relator at 1 states (in place)
    [hcompact:python3] rows widen 6B -> 12B per relator at 1 states (in place)
    [hcompact:python3] rows widen 6B -> 12B per relator at 1 states (in place)
  550/1250 records  9.2 min elapsed  ETA 11.7 min
    [hcompact:python3] rows widen 6B -> 12B per relator at 1 states (in place)
    [hcompact:python3] rows widen 6B -> 12B per relator at 1 states (in place)
    [hcompact:python3] rows widen 6B -> 12B per relator at 1 states (in place)
    [hcompact:python3] rows widen 6B -> 12B per relator at 1 states (in place)
    [hcompact:python3] rows widen 6B -> 12B per relator at 1 states (in place)
    [hcompact:python3] rows widen 6B -> 12B per relator at 1 states (in place)
    [hcompact:python3] rows widen 6B -> 12B per relator at 1 states (in place)
    [hcompact:python3] rows widen 6B -> 12B per relator at 1 states (in place)
    [hcompact:python3] rows widen 6B -> 12B per relator at 1 states (in place)
    [hcompact:python3] rows widen 8B -> 12B per relator at 1 states (in place)
    [hcompact:python3] rows widen 6B -> 12B per relator at 1 states (in place)
    [hcompact:python3] rows widen 8B -> 12B per relator at 1 states (in place)
    [hcompact:python3] rows widen 8B -> 12B per relator at 1 states (in place)
    [hcompact:python3] reservation exceeded at 2,060,599 states; growing to 4,140,242 (this copies)
    [hcompact:python3] rows widen 8B -> 12B per relator at 1 states (in place)
    [hcompact:python3] reservation exceeded at 2,060,586 states; growing to 4,140,242 (this copies)
    [hcompact:python3] reservation exceeded at 2,060,549 states; growing to 4,140,242 (this copies)
    [hcompact:python3] reservation exceeded at 2,060,622 states; growing to 4,140,242 (this copies)
    [hcompact:python3] rows widen 8B -> 12B per relator at 1 states (in place)
    [hcompact:python3] rows widen 8B -> 12B per relator at 1 states (in place)
    [hcompact:python3] rows widen 8B -> 12B per relator at 1 states (in place)
    [hcompact:python3] rows widen 8B -> 12B per relator at 1 states (in place)
    [hcompact:python3] reservation exceeded at 2,060,556 states; growing to 4,140,242 (this copies)
    [hcompact:python3] reservation exceeded at 2,060,632 states; growing to 4,140,242 (this copies)
    [hcompact:python3] rows widen 6B -> 12B per relator at 1 states (in place)
    [hcompact:python3] rows widen 6B -> 12B per relator at 1 states (in place)
    [hcompact:python3] reservation exceeded at 2,060,570 states; growing to 4,140,242 (this copies)
    [hcompact:python3] rows widen 6B -> 12B per relator at 1 states (in place)
    [hcompact:python3] rows widen 6B -> 12B per relator at 1 states (in place)
    [hcompact:python3] rows widen 6B -> 12B per relator at 1,681 states (in place)
    [hcompact:python3] reservation exceeded at 2,060,617 states; growing to 4,140,242 (this copies)
    [hcompact:python3] rows widen 6B -> 12B per relator at 1 states (in place)
    [hcompact:python3] rows widen 6B -> 12B per relator at 32,418 states (in place)
    [hcompact:python3] rows widen 6B -> 12B per relator at 1 states (in place)
    [hcompact:python3] rows widen 6B -> 12B per relator at 1 states (in place)
    [hcompact:python3] rows widen 6B -> 12B per relator at 1 states (in place)
    [hcompact:python3] rows widen 6B -> 12B per relator at 1 states (in place)
    [hcompact:python3] rows widen 6B -> 12B per relator at 1 states (in place)
    [hcompact:python3] rows widen 6B -> 12B per relator at 2,667 states (in place)
    [hcompact:python3] rows widen 6B -> 12B per relator at 11,117 states (in place)
    [hcompact:python3] rows widen 6B -> 12B per relator at 1 states (in place)
    [hcompact:python3] reservation exceeded at 2,060,569 states; growing to 4,140,242 (this copies)
    [hcompact:python3] reservation exceeded at 2,060,600 states; growing to 4,140,242 (this copies)
    [hcompact:python3] rows widen 8B -> 12B per relator at 1 states (in place)
    [hcompact:python3] rows widen 6B -> 12B per relator at 1 states (in place)
    [hcompact:python3] reservation exceeded at 2,060,522 states; growing to 4,140,242 (this copies)
    [hcompact:python3] rows widen 6B -> 12B per relator at 1 states (in place)
    [hcompact:python3] rows widen 6B -> 12B per relator at 1 states (in place)
    [hcompact:python3] reservation exceeded at 2,060,590 states; growing to 4,140,242 (this copies)
    [hcompact:python3] reservation exceeded at 2,060,548 states; growing to 4,140,242 (this copies)
    [hcompact:python3] reservation exceeded at 2,060,657 states; growing to 4,140,242 (this copies)
    [hcompact:python3] rows widen 8B -> 12B per relator at 1 states (in place)
    [hcompact:python3] rows widen 7B -> 12B per relator at 1 states (in place)
    [hcompact:python3] reservation exceeded at 2,060,521 states; growing to 4,140,242 (this copies)
    [hcompact:python3] rows widen 7B -> 12B per relator at 1 states (in place)
    [hcompact:python3] rows widen 8B -> 12B per relator at 1 states (in place)
    [hcompact:python3] reservation exceeded at 2,060,527 states; growing to 4,140,242 (this copies)
    [hcompact:python3] reservation exceeded at 2,060,623 states; growing to 4,140,242 (this copies)
    [hcompact:python3] rows widen 6B -> 12B per relator at 1,563 states (in place)
    [hcompact:python3] reservation exceeded at 2,060,552 states; growing to 4,140,242 (this copies)
    [hcompact:python3] rows widen 6B -> 12B per relator at 60,753 states (in place)
    [hcompact:python3] rows widen 7B -> 12B per relator at 1 states (in place)
    [hcompact:python3] rows widen 7B -> 12B per relator at 1 states (in place)
    [hcompact:python3] rows widen 6B -> 12B per relator at 1,061 states (in place)
    [hcompact:python3] rows widen 8B -> 12B per relator at 1 states (in place)
    [hcompact:python3] reservation exceeded at 2,060,602 states; growing to 4,140,242 (this copies)
    [hcompact:python3] reservation exceeded at 2,060,560 states; growing to 4,140,242 (this copies)
    [hcompact:python3] rows widen 6B -> 12B per relator at 996 states (in place)
    [hcompact:python3] reservation exceeded at 2,060,591 states; growing to 4,140,242 (this copies)
    [hcompact:python3] rows widen 6B -> 12B per relator at 14,755 states (in place)
    [hcompact:python3] reservation exceeded at 2,060,532 states; growing to 4,140,242 (this copies)
    [hcompact:python3] rows widen 6B -> 12B per relator at 1 states (in place)
    [hcompact:python3] reservation exceeded at 2,060,555 states; growing to 4,140,242 (this copies)
  575/1250 records  9.9 min elapsed  ETA 11.7 min
    [hcompact:python3] rows widen 6B -> 12B per relator at 1 states (in place)
    [hcompact:python3] rows widen 6B -> 12B per relator at 7,462 states (in place)
    [hcompact:python3] rows widen 6B -> 12B per relator at 1 states (in place)
    [hcompact:python3] rows widen 6B -> 12B per relator at 926 states (in place)
    [hcompact:python3] rows widen 6B -> 12B per relator at 1 states (in place)
    [hcompact:python3] rows widen 6B -> 12B per relator at 1 states (in place)
    [hcompact:python3] rows widen 6B -> 12B per relator at 760 states (in place)
    [hcompact:python3] reservation exceeded at 2,060,670 states; growing to 4,140,242 (this copies)
    [hcompact:python3] reservation exceeded at 2,060,531 states; growing to 4,140,242 (this copies)
    [hcompact:python3] reservation exceeded at 2,060,636 states; growing to 4,140,242 (this copies)
    [hcompact:python3] rows widen 6B -> 12B per relator at 1 states (in place)
    [hcompact:python3] rows widen 6B -> 12B per relator at 4,680 states (in place)
    [hcompact:python3] reservation exceeded at 2,060,634 states; growing to 4,140,242 (this copies)
    [hcompact:python3] rows widen 6B -> 12B per relator at 1 states (in place)
    [hcompact:python3] rows widen 6B -> 12B per relator at 3,791 states (in place)
    [hcompact:python3] reservation exceeded at 2,060,609 states; growing to 4,140,242 (this copies)
    [hcompact:python3] reservation exceeded at 2,060,545 states; growing to 4,140,242 (this copies)
    [hcompact:python3] rows widen 6B -> 12B per relator at 1 states (in place)
    [hcompact:python3] reservation exceeded at 2,060,663 states; growing to 4,140,242 (this copies)
    [hcompact:python3] reservation exceeded at 2,060,644 states; growing to 4,140,242 (this copies)
    [hcompact:python3] rows widen 6B -> 12B per relator at 1 states (in place)
    [hcompact:python3] rows widen 6B -> 12B per relator at 1 states (in place)
    [hcompact:python3] rows widen 7B -> 12B per relator at 1 states (in place)
    [hcompact:python3] rows widen 7B -> 12B per relator at 1 states (in place)
    [hcompact:python3] reservation exceeded at 2,060,604 states; growing to 4,140,242 (this copies)
    [hcompact:python3] rows widen 7B -> 12B per relator at 1 states (in place)
    [hcompact:python3] rows widen 7B -> 12B per relator at 1 states (in place)
    [hcompact:python3] rows widen 6B -> 12B per relator at 302 states (in place)
    [hcompact:python3] rows widen 6B -> 12B per relator at 60,607 states (in place)
    [hcompact:python3] reservation exceeded at 2,060,658 states; growing to 4,140,242 (this copies)
    [hcompact:python3] rows widen 6B -> 12B per relator at 1 states (in place)
    [hcompact:python3] rows widen 6B -> 12B per relator at 1 states (in place)
    [hcompact:python3] rows widen 6B -> 12B per relator at 1 states (in place)
    [hcompact:python3] rows widen 6B -> 12B per relator at 1 states (in place)
    [hcompact:python3] rows widen 6B -> 12B per relator at 1 states (in place)
    [hcompact:python3] rows widen 6B -> 12B per relator at 1 states (in place)
    [hcompact:python3] reservation exceeded at 2,060,522 states; growing to 4,140,242 (this copies)
    [hcompact:python3] rows widen 6B -> 12B per relator at 1 states (in place)
    [hcompact:python3] reservation exceeded at 2,060,538 states; growing to 4,140,242 (this copies)
    [hcompact:python3] rows widen 6B -> 12B per relator at 724 states (in place)
    [hcompact:python3] rows widen 6B -> 12B per relator at 1 states (in place)
    [hcompact:python3] rows widen 6B -> 12B per relator at 1 states (in place)
    [hcompact:python3] rows widen 6B -> 12B per relator at 1 states (in place)
    [hcompact:python3] rows widen 7B -> 12B per relator at 1 states (in place)
    [hcompact:python3] rows widen 6B -> 12B per relator at 44,815 states (in place)
    [hcompact:python3] rows widen 6B -> 12B per relator at 1 states (in place)
    [hcompact:python3] rows widen 6B -> 12B per relator at 1 states (in place)
    [hcompact:python3] rows widen 6B -> 12B per relator at 1 states (in place)
    [hcompact:python3] rows widen 6B -> 12B per relator at 1 states (in place)
    [hcompact:python3] reservation exceeded at 2,060,528 states; growing to 4,140,242 (this copies)
    [hcompact:python3] rows widen 6B -> 12B per relator at 1 states (in place)
    [hcompact:python3] rows widen 6B -> 12B per relator at 1 states (in place)
    [hcompact:python3] rows widen 7B -> 12B per relator at 1 states (in place)
    [hcompact:python3] reservation exceeded at 2,060,521 states; growing to 4,140,242 (this copies)
    [hcompact:python3] rows widen 6B -> 12B per relator at 1 states (in place)
    [hcompact:python3] rows widen 6B -> 12B per relator at 1 states (in place)
    [hcompact:python3] reservation exceeded at 2,060,580 states; growing to 4,140,242 (this copies)
    [hcompact:python3] reservation exceeded at 2,060,579 states; growing to 4,140,242 (this copies)
    [hcompact:python3] rows widen 6B -> 12B per relator at 1 states (in place)
    [hcompact:python3] reservation exceeded at 2,060,569 states; growing to 4,140,242 (this copies)
    [hcompact:python3] rows widen 6B -> 12B per relator at 1 states (in place)
    [hcompact:python3] reservation exceeded at 2,060,560 states; growing to 4,140,242 (this copies)
    [hcompact:python3] rows widen 6B -> 12B per relator at 1 states (in place)
    [hcompact:python3] rows widen 6B -> 12B per relator at 2,936 states (in place)
    [hcompact:python3] rows widen 6B -> 12B per relator at 51,861 states (in place)
    [hcompact:python3] reservation exceeded at 2,060,574 states; growing to 4,140,242 (this copies)
    [hcompact:python3] reservation exceeded at 2,060,575 states; growing to 4,140,242 (this copies)
    [hcompact:python3] rows widen 6B -> 12B per relator at 951 states (in place)
    [hcompact:python3] rows widen 6B -> 12B per relator at 1 states (in place)
    [hcompact:python3] reservation exceeded at 2,060,556 states; growing to 4,140,242 (this copies)
    [hcompact:python3] rows widen 6B -> 12B per relator at 967 states (in place)
  600/1250 records  10.7 min elapsed  ETA 11.6 min
    [hcompact:python3] rows widen 6B -> 12B per relator at 713 states (in place)
    [hcompact:python3] rows widen 6B -> 12B per relator at 44,817 states (in place)
    [hcompact:python3] rows widen 6B -> 12B per relator at 8,796 states (in place)
    [hcompact:python3] reservation exceeded at 2,060,579 states; growing to 4,140,242 (this copies)
    [hcompact:python3] reservation exceeded at 2,060,565 states; growing to 4,140,242 (this copies)
    [hcompact:python3] rows widen 6B -> 12B per relator at 3,027 states (in place)
    [hcompact:python3] rows widen 6B -> 12B per relator at 18,818 states (in place)
    [hcompact:python3] rows widen 6B -> 12B per relator at 12,190 states (in place)
    [hcompact:python3] rows widen 6B -> 12B per relator at 1 states (in place)
    [hcompact:python3] rows widen 6B -> 12B per relator at 1 states (in place)
    [hcompact:python3] rows widen 6B -> 12B per relator at 841 states (in place)
    [hcompact:python3] rows widen 6B -> 12B per relator at 75 states (in place)
    [hcompact:python3] reservation exceeded at 2,060,586 states; growing to 4,140,242 (this copies)
    [hcompact:python3] reservation exceeded at 2,060,579 states; growing to 4,140,242 (this copies)
    [hcompact:python3] reservation exceeded at 2,060,561 states; growing to 4,140,242 (this copies)
    [hcompact:python3] rows widen 6B -> 12B per relator at 1 states (in place)
    [hcompact:python3] rows widen 6B -> 12B per relator at 1 states (in place)
    [hcompact:python3] rows widen 6B -> 12B per relator at 1,645 states (in place)
    [hcompact:python3] reservation exceeded at 2,060,525 states; growing to 4,140,242 (this copies)
    [hcompact:python3] reservation exceeded at 2,060,550 states; growing to 4,140,242 (this copies)
    [hcompact:python3] reservation exceeded at 2,060,620 states; growing to 4,140,242 (this copies)
    [hcompact:python3] reservation exceeded at 2,060,524 states; growing to 4,140,242 (this copies)
    [hcompact:python3] rows widen 6B -> 12B per relator at 1 states (in place)
    [hcompact:python3] rows widen 6B -> 12B per relator at 75 states (in place)
    [hcompact:python3] rows widen 6B -> 12B per relator at 1 states (in place)
    [hcompact:python3] rows widen 6B -> 12B per relator at 1 states (in place)
    [hcompact:python3] rows widen 6B -> 12B per relator at 1,125 states (in place)
    [hcompact:python3] rows widen 6B -> 12B per relator at 1 states (in place)
    [hcompact:python3] rows widen 6B -> 12B per relator at 2,276 states (in place)
    [hcompact:python3] rows widen 6B -> 12B per relator at 11,472 states (in place)
    [hcompact:python3] rows widen 6B -> 12B per relator at 1 states (in place)
    [hcompact:python3] reservation exceeded at 2,060,629 states; growing to 4,140,242 (this copies)
    [hcompact:python3] rows widen 6B -> 12B per relator at 1 states (in place)
    [hcompact:python3] reservation exceeded at 2,060,518 states; growing to 4,140,242 (this copies)
    [hcompact:python3] rows widen 6B -> 12B per relator at 1 states (in place)
    [hcompact:python3] rows widen 6B -> 12B per relator at 1 states (in place)
    [hcompact:python3] rows widen 6B -> 12B per relator at 1 states (in place)
    [hcompact:python3] rows widen 6B -> 12B per relator at 7,359 states (in place)
    [hcompact:python3] rows widen 6B -> 12B per relator at 1 states (in place)
    [hcompact:python3] rows widen 6B -> 12B per relator at 1 states (in place)
    [hcompact:python3] rows widen 6B -> 12B per relator at 1 states (in place)
    [hcompact:python3] rows widen 6B -> 12B per relator at 1 states (in place)
    [hcompact:python3] rows widen 6B -> 12B per relator at 1 states (in place)
    [hcompact:python3] rows widen 6B -> 12B per relator at 1 states (in place)
    [hcompact:python3] rows widen 6B -> 12B per relator at 1 states (in place)
    [hcompact:python3] reservation exceeded at 2,060,596 states; growing to 4,140,242 (this copies)
    [hcompact:python3] rows widen 6B -> 12B per relator at 1 states (in place)
    [hcompact:python3] rows widen 6B -> 12B per relator at 1 states (in place)
    [hcompact:python3] rows widen 6B -> 12B per relator at 1 states (in place)
    [hcompact:python3] rows widen 6B -> 12B per relator at 1 states (in place)
    [hcompact:python3] rows widen 6B -> 12B per relator at 1 states (in place)
    [hcompact:python3] rows widen 6B -> 12B per relator at 1 states (in place)
    [hcompact:python3] rows widen 8B -> 12B per relator at 1 states (in place)
    [hcompact:python3] rows widen 8B -> 12B per relator at 1 states (in place)
    [hcompact:python3] rows widen 8B -> 12B per relator at 1 states (in place)
    [hcompact:python3] reservation exceeded at 2,060,602 states; growing to 4,140,242 (this copies)
    [hcompact:python3] reservation exceeded at 2,060,580 states; growing to 4,140,242 (this copies)
    [hcompact:python3] reservation exceeded at 2,060,612 states; growing to 4,140,242 (this copies)
    [hcompact:python3] reservation exceeded at 2,060,547 states; growing to 4,140,242 (this copies)
    [hcompact:python3] rows widen 8B -> 12B per relator at 1 states (in place)
    [hcompact:python3] rows widen 8B -> 12B per relator at 1 states (in place)
    [hcompact:python3] rows widen 8B -> 12B per relator at 1 states (in place)
    [hcompact:python3] rows widen 8B -> 12B per relator at 1 states (in place)
    [hcompact:python3] rows widen 8B -> 12B per relator at 1 states (in place)
    [hcompact:python3] reservation exceeded at 2,060,628 states; growing to 4,140,242 (this copies)
    [hcompact:python3] reservation exceeded at 2,060,564 states; growing to 4,140,242 (this copies)
    [hcompact:python3] reservation exceeded at 2,060,607 states; growing to 4,140,242 (this copies)
    [hcompact:python3] rows widen 6B -> 12B per relator at 20,457 states (in place)
    [hcompact:python3] reservation exceeded at 2,060,554 states; growing to 4,140,242 (this copies)
    [hcompact:python3] rows widen 6B -> 12B per relator at 60,437 states (in place)
  625/1250 records  11.3 min elapsed  ETA 11.3 min
    [hcompact:python3] rows widen 6B -> 12B per relator at 20,548 states (in place)
    [hcompact:python3] rows widen 6B -> 12B per relator at 4,561 states (in place)
    [hcompact:python3] rows widen 6B -> 12B per relator at 34,901 states (in place)
    [hcompact:python3] rows widen 6B -> 12B per relator at 1 states (in place)
    [hcompact:python3] rows widen 7B -> 12B per relator at 1 states (in place)
    [hcompact:python3] rows widen 6B -> 12B per relator at 1 states (in place)
    [hcompact:python3] rows widen 6B -> 12B per relator at 1 states (in place)
    [hcompact:python3] rows widen 6B -> 12B per relator at 1 states (in place)
    [hcompact:python3] rows widen 6B -> 12B per relator at 2,466 states (in place)
    [hcompact:python3] rows widen 6B -> 12B per relator at 25,969 states (in place)
    [hcompact:python3] rows widen 6B -> 12B per relator at 1 states (in place)
    [hcompact:python3] rows widen 6B -> 12B per relator at 1 states (in place)
    [hcompact:python3] rows widen 6B -> 12B per relator at 12,522 states (in place)
    [hcompact:python3] rows widen 6B -> 12B per relator at 1 states (in place)
    [hcompact:python3] rows widen 8B -> 12B per relator at 1 states (in place)
    [hcompact:python3] rows widen 8B -> 12B per relator at 1 states (in place)
    [hcompact:python3] rows widen 8B -> 12B per relator at 1 states (in place)
    [hcompact:python3] rows widen 9B -> 12B per relator at 1 states (in place)
    [hcompact:python3] rows widen 6B -> 12B per relator at 1 states (in place)
    [hcompact:python3] rows widen 6B -> 12B per relator at 12,017 states (in place)
    [hcompact:python3] rows widen 7B -> 12B per relator at 1 states (in place)
    [hcompact:python3] rows widen 6B -> 12B per relator at 1 states (in place)
    [hcompact:python3] rows widen 6B -> 12B per relator at 3,491 states (in place)
  650/1250 records  11.5 min elapsed  ETA 10.6 min
    [hcompact:python3] rows widen 6B -> 12B per relator at 5,177 states (in place)
    [hcompact:python3] rows widen 6B -> 12B per relator at 9,667 states (in place)
    [hcompact:python3] rows widen 6B -> 12B per relator at 3,540 states (in place)
    [hcompact:python3] rows widen 6B -> 12B per relator at 1,835 states (in place)
    [hcompact:python3] rows widen 6B -> 12B per relator at 2,551 states (in place)
    [hcompact:python3] rows widen 6B -> 12B per relator at 1 states (in place)
    [hcompact:python3] rows widen 6B -> 12B per relator at 4,984 states (in place)
    [hcompact:python3] rows widen 6B -> 12B per relator at 1 states (in place)
    [hcompact:python3] rows widen 6B -> 12B per relator at 1 states (in place)
    [hcompact:python3] reservation exceeded at 2,060,659 states; growing to 4,140,242 (this copies)
    [hcompact:python3] rows widen 6B -> 12B per relator at 1 states (in place)
    [hcompact:python3] rows widen 6B -> 12B per relator at 1 states (in place)
    [hcompact:python3] reservation exceeded at 2,060,571 states; growing to 4,140,242 (this copies)
    [hcompact:python3] reservation exceeded at 2,060,632 states; growing to 4,140,242 (this copies)
    [hcompact:python3] rows widen 6B -> 12B per relator at 1 states (in place)
    [hcompact:python3] rows widen 6B -> 12B per relator at 25,922 states (in place)
    [hcompact:python3] rows widen 6B -> 12B per relator at 60,430 states (in place)
    [hcompact:python3] rows widen 6B -> 12B per relator at 26,008 states (in place)
    [hcompact:python3] rows widen 6B -> 12B per relator at 12,055 states (in place)
    [hcompact:python3] rows widen 6B -> 12B per relator at 58,606 states (in place)
    [hcompact:python3] rows widen 6B -> 12B per relator at 1 states (in place)
    [hcompact:python3] rows widen 7B -> 12B per relator at 1 states (in place)
    [hcompact:python3] reservation exceeded at 2,060,537 states; growing to 4,140,242 (this copies)
    [hcompact:python3] rows widen 6B -> 12B per relator at 1 states (in place)
    [hcompact:python3] reservation exceeded at 2,060,558 states; growing to 4,140,242 (this copies)
    [hcompact:python3] rows widen 6B -> 12B per relator at 1 states (in place)
    [hcompact:python3] rows widen 6B -> 12B per relator at 1 states (in place)
    [hcompact:python3] rows widen 6B -> 12B per relator at 11,948 states (in place)
  675/1250 records  11.7 min elapsed  ETA 9.9 min
    [hcompact:python3] rows widen 6B -> 12B per relator at 2,103 states (in place)
    [hcompact:python3] rows widen 6B -> 12B per relator at 2,023 states (in place)
    [hcompact:python3] rows widen 6B -> 12B per relator at 2,353 states (in place)
    [hcompact:python3] rows widen 6B -> 12B per relator at 387 states (in place)
    [hcompact:python3] rows widen 6B -> 12B per relator at 2,968 states (in place)
    [hcompact:python3] rows widen 6B -> 12B per relator at 1,759 states (in place)
    [hcompact:python3] reservation exceeded at 2,060,572 states; growing to 4,140,242 (this copies)
    [hcompact:python3] rows widen 6B -> 12B per relator at 1 states (in place)
    [hcompact:python3] reservation exceeded at 2,060,603 states; growing to 4,140,242 (this copies)
    [hcompact:python3] rows widen 6B -> 12B per relator at 4,278 states (in place)
    [hcompact:python3] rows widen 6B -> 12B per relator at 1 states (in place)
    [hcompact:python3] rows widen 6B -> 12B per relator at 1 states (in place)
    [hcompact:python3] reservation exceeded at 2,060,591 states; growing to 4,140,242 (this copies)
    [hcompact:python3] rows widen 6B -> 12B per relator at 1 states (in place)
    [hcompact:python3] rows widen 6B -> 12B per relator at 1 states (in place)
    [hcompact:python3] reservation exceeded at 2,060,612 states; growing to 4,140,242 (this copies)
    [hcompact:python3] reservation exceeded at 2,060,647 states; growing to 4,140,242 (this copies)
    [hcompact:python3] reservation exceeded at 2,060,674 states; growing to 4,140,242 (this copies)
    [hcompact:python3] rows widen 6B -> 12B per relator at 1 states (in place)
    [hcompact:python3] reservation exceeded at 2,060,572 states; growing to 4,140,242 (this copies)
    [hcompact:python3] rows widen 6B -> 12B per relator at 21,185 states (in place)
    [hcompact:python3] rows widen 6B -> 12B per relator at 60,437 states (in place)
    [hcompact:python3] rows widen 6B -> 12B per relator at 21,273 states (in place)
    [hcompact:python3] rows widen 6B -> 12B per relator at 3,289 states (in place)
    [hcompact:python3] reservation exceeded at 2,060,585 states; growing to 4,140,242 (this copies)
    [hcompact:python3] rows widen 6B -> 12B per relator at 1 states (in place)
    [hcompact:python3] rows widen 7B -> 12B per relator at 1 states (in place)
    [hcompact:python3] rows widen 6B -> 12B per relator at 1 states (in place)
    [hcompact:python3] rows widen 6B -> 12B per relator at 1 states (in place)
    [hcompact:python3] rows widen 6B -> 12B per relator at 1 states (in place)
    [hcompact:python3] rows widen 6B -> 12B per relator at 2,526 states (in place)
  700/1250 records  12.0 min elapsed  ETA 9.4 min
    [hcompact:python3] rows widen 6B -> 12B per relator at 21,225 states (in place)
    [hcompact:python3] rows widen 6B -> 12B per relator at 60,437 states (in place)
    [hcompact:python3] rows widen 6B -> 12B per relator at 21,273 states (in place)
    [hcompact:python3] rows widen 6B -> 12B per relator at 5,526 states (in place)
    [hcompact:python3] rows widen 6B -> 12B per relator at 1 states (in place)
    [hcompact:python3] rows widen 6B -> 12B per relator at 1 states (in place)
    [hcompact:python3] rows widen 6B -> 12B per relator at 1 states (in place)
    [hcompact:python3] rows widen 6B -> 12B per relator at 1 states (in place)
    [hcompact:python3] rows widen 6B -> 12B per relator at 1 states (in place)
    [hcompact:python3] rows widen 6B -> 12B per relator at 1 states (in place)
    [hcompact:python3] rows widen 6B -> 12B per relator at 25,922 states (in place)
    [hcompact:python3] rows widen 6B -> 12B per relator at 60,430 states (in place)
    [hcompact:python3] rows widen 6B -> 12B per relator at 26,013 states (in place)
    [hcompact:python3] rows widen 6B -> 12B per relator at 14,395 states (in place)
    [hcompact:python3] rows widen 6B -> 12B per relator at 1 states (in place)
    [hcompact:python3] rows widen 6B -> 12B per relator at 47,256 states (in place)
    [hcompact:python3] rows widen 7B -> 12B per relator at 1 states (in place)
    [hcompact:python3] rows widen 6B -> 12B per relator at 1 states (in place)
    [hcompact:python3] rows widen 6B -> 12B per relator at 1 states (in place)
    [hcompact:python3] rows widen 6B -> 12B per relator at 1 states (in place)
    [hcompact:python3] rows widen 6B -> 12B per relator at 11,948 states (in place)
  725/1250 records  12.1 min elapsed  ETA 8.8 min
    [hcompact:python3] rows widen 6B -> 12B per relator at 20,457 states (in place)
    [hcompact:python3] rows widen 6B -> 12B per relator at 60,437 states (in place)
    [hcompact:python3] rows widen 6B -> 12B per relator at 20,550 states (in place)
    [hcompact:python3] rows widen 6B -> 12B per relator at 4,495 states (in place)
    [hcompact:python3] rows widen 6B -> 12B per relator at 37,915 states (in place)
    [hcompact:python3] rows widen 6B -> 12B per relator at 1 states (in place)
    [hcompact:python3] rows widen 7B -> 12B per relator at 1 states (in place)
    [hcompact:python3] rows widen 6B -> 12B per relator at 1 states (in place)
    [hcompact:python3] rows widen 6B -> 12B per relator at 1 states (in place)
    [hcompact:python3] rows widen 6B -> 12B per relator at 1 states (in place)
    [hcompact:python3] rows widen 6B -> 12B per relator at 1,748 states (in place)
    [hcompact:python3] rows widen 6B -> 12B per relator at 1,037 states (in place)
    [hcompact:python3] rows widen 6B -> 12B per relator at 635 states (in place)
    [hcompact:python3] rows widen 6B -> 12B per relator at 781 states (in place)
    [hcompact:python3] rows widen 6B -> 12B per relator at 1 states (in place)
    [hcompact:python3] rows widen 6B -> 12B per relator at 1 states (in place)
    [hcompact:python3] rows widen 6B -> 12B per relator at 670 states (in place)
    [hcompact:python3] reservation exceeded at 2,060,632 states; growing to 4,140,242 (this copies)
    [hcompact:python3] rows widen 6B -> 12B per relator at 1 states (in place)
    [hcompact:python3] reservation exceeded at 2,060,552 states; growing to 4,140,242 (this copies)
    [hcompact:python3] reservation exceeded at 2,060,622 states; growing to 4,140,242 (this copies)
    [hcompact:python3] reservation exceeded at 2,060,565 states; growing to 4,140,242 (this copies)
    [hcompact:python3] rows widen 6B -> 12B per relator at 1,027 states (in place)
    [hcompact:python3] reservation exceeded at 2,060,650 states; growing to 4,140,242 (this copies)
    [hcompact:python3] rows widen 6B -> 12B per relator at 1 states (in place)
    [hcompact:python3] rows widen 6B -> 12B per relator at 1 states (in place)
    [hcompact:python3] rows widen 6B -> 12B per relator at 1 states (in place)
  750/1250 records  12.3 min elapsed  ETA 8.2 min
    [hcompact:python3] rows widen 6B -> 12B per relator at 1 states (in place)
    [hcompact:python3] reservation exceeded at 2,060,554 states; growing to 4,140,242 (this copies)
    [hcompact:python3] rows widen 6B -> 12B per relator at 1 states (in place)
    [hcompact:python3] reservation exceeded at 2,060,662 states; growing to 4,140,242 (this copies)
    [hcompact:python3] reservation exceeded at 2,060,526 states; growing to 4,140,242 (this copies)
    [hcompact:python3] reservation exceeded at 2,060,630 states; growing to 4,140,242 (this copies)
    [hcompact:python3] reservation exceeded at 2,060,678 states; growing to 4,140,242 (this copies)
    [hcompact:python3] reservation exceeded at 4,130,760 states; growing to 8,280,484 (this copies)
    [hcompact:python3] reservation exceeded at 4,130,704 states; growing to 8,280,484 (this copies)
    [hcompact:python3] rows widen 6B -> 12B per relator at 5,952 states (in place)
    [hcompact:python3] rows widen 6B -> 12B per relator at 4,280 states (in place)
    [hcompact:python3] rows widen 6B -> 12B per relator at 5,421 states (in place)
    [hcompact:python3] rows widen 6B -> 12B per relator at 1 states (in place)
    [hcompact:python3] rows widen 6B -> 12B per relator at 1 states (in place)
    [hcompact:python3] rows widen 6B -> 12B per relator at 1 states (in place)
    [hcompact:python3] reservation exceeded at 4,130,750 states; growing to 8,280,484 (this copies)
    [hcompact:python3] rows widen 6B -> 12B per relator at 1 states (in place)
    [hcompact:python3] rows widen 6B -> 12B per relator at 3,356 states (in place)
    [hcompact:python3] rows widen 6B -> 12B per relator at 1 states (in place)
    [hcompact:python3] rows widen 8B -> 12B per relator at 1 states (in place)
    [hcompact:python3] rows widen 7B -> 12B per relator at 1 states (in place)
    [hcompact:python3] rows widen 6B -> 12B per relator at 1 states (in place)
    [hcompact:python3] rows widen 6B -> 12B per relator at 1 states (in place)
    [hcompact:python3] rows widen 6B -> 12B per relator at 1 states (in place)
    [hcompact:python3] rows widen 6B -> 12B per relator at 1 states (in place)
    [hcompact:python3] rows widen 7B -> 12B per relator at 1 states (in place)
    [hcompact:python3] rows widen 6B -> 12B per relator at 1 states (in place)
    [hcompact:python3] rows widen 6B -> 12B per relator at 1 states (in place)
    [hcompact:python3] rows widen 9B -> 12B per relator at 1 states (in place)
    [hcompact:python3] rows widen 8B -> 12B per relator at 1 states (in place)
    [hcompact:python3] rows widen 9B -> 12B per relator at 1 states (in place)
    [hcompact:python3] rows widen 10B -> 12B per relator at 1 states (in place)
    [hcompact:python3] reservation exceeded at 2,060,638 states; growing to 4,140,242 (this copies)
    [hcompact:python3] reservation exceeded at 2,060,518 states; growing to 4,140,242 (this copies)
  775/1250 records  12.8 min elapsed  ETA 7.8 min
    [hcompact:python3] rows widen 6B -> 12B per relator at 1 states (in place)
    [hcompact:python3] rows widen 6B -> 12B per relator at 1 states (in place)
    [hcompact:python3] rows widen 9B -> 12B per relator at 1 states (in place)
    [hcompact:python3] rows widen 7B -> 12B per relator at 1 states (in place)
    [hcompact:python3] rows widen 6B -> 12B per relator at 14,009 states (in place)
    [hcompact:python3] rows widen 6B -> 12B per relator at 1 states (in place)
    [hcompact:python3] rows widen 6B -> 12B per relator at 14,062 states (in place)
    [hcompact:python3] rows widen 6B -> 12B per relator at 1 states (in place)
    [hcompact:python3] rows widen 7B -> 12B per relator at 1 states (in place)
    [hcompact:python3] rows widen 8B -> 12B per relator at 1 states (in place)
    [hcompact:python3] rows widen 6B -> 12B per relator at 1 states (in place)
    [hcompact:python3] reservation exceeded at 2,060,543 states; growing to 4,140,242 (this copies)
    [hcompact:python3] rows widen 6B -> 12B per relator at 1 states (in place)
    [hcompact:python3] rows widen 7B -> 12B per relator at 1 states (in place)
    [hcompact:python3] rows widen 6B -> 12B per relator at 1 states (in place)
    [hcompact:python3] rows widen 6B -> 12B per relator at 1 states (in place)
    [hcompact:python3] rows widen 6B -> 12B per relator at 1 states (in place)
    [hcompact:python3] rows widen 6B -> 12B per relator at 25,922 states (in place)
    [hcompact:python3] rows widen 6B -> 12B per relator at 60,430 states (in place)
    [hcompact:python3] rows widen 6B -> 12B per relator at 26,065 states (in place)
    [hcompact:python3] rows widen 6B -> 12B per relator at 14,395 states (in place)
    [hcompact:python3] rows widen 6B -> 12B per relator at 47,256 states (in place)
    [hcompact:python3] rows widen 6B -> 12B per relator at 1 states (in place)
    [hcompact:python3] rows widen 6B -> 12B per relator at 1 states (in place)
    [hcompact:python3] rows widen 6B -> 12B per relator at 1 states (in place)
  800/1250 records  12.9 min elapsed  ETA 7.3 min
    [hcompact:python3] rows widen 6B -> 12B per relator at 1 states (in place)
    [hcompact:python3] rows widen 6B -> 12B per relator at 1 states (in place)
    [hcompact:python3] rows widen 6B -> 12B per relator at 11,948 states (in place)
    [hcompact:python3] rows widen 6B -> 12B per relator at 1 states (in place)
    [hcompact:python3] rows widen 6B -> 12B per relator at 299 states (in place)
    [hcompact:python3] rows widen 6B -> 12B per relator at 280 states (in place)
    [hcompact:python3] rows widen 6B -> 12B per relator at 914 states (in place)
    [hcompact:python3] rows widen 6B -> 12B per relator at 1,269 states (in place)
    [hcompact:python3] rows widen 6B -> 12B per relator at 3,188 states (in place)
    [hcompact:python3] rows widen 6B -> 12B per relator at 83 states (in place)
    [hcompact:python3] rows widen 6B -> 12B per relator at 1 states (in place)
    [hcompact:python3] reservation exceeded at 2,060,605 states; growing to 4,140,242 (this copies)
    [hcompact:python3] rows widen 6B -> 12B per relator at 1,589 states (in place)
    [hcompact:python3] reservation exceeded at 2,060,529 states; growing to 4,140,242 (this copies)
    [hcompact:python3] reservation exceeded at 2,060,669 states; growing to 4,140,242 (this copies)
    [hcompact:python3] rows widen 6B -> 12B per relator at 876 states (in place)
    [hcompact:python3] reservation exceeded at 2,060,533 states; growing to 4,140,242 (this copies)
    [hcompact:python3] rows widen 6B -> 12B per relator at 1 states (in place)
    [hcompact:python3] rows widen 6B -> 12B per relator at 1 states (in place)
    [hcompact:python3] reservation exceeded at 2,060,584 states; growing to 4,140,242 (this copies)
    [hcompact:python3] rows widen 6B -> 12B per relator at 1 states (in place)
    [hcompact:python3] rows widen 6B -> 12B per relator at 8,074 states (in place)
    [hcompact:python3] rows widen 6B -> 12B per relator at 1,214 states (in place)
    [hcompact:python3] rows widen 6B -> 12B per relator at 1 states (in place)
    [hcompact:python3] reservation exceeded at 2,060,607 states; growing to 4,140,242 (this copies)
    [hcompact:python3] reservation exceeded at 2,060,614 states; growing to 4,140,242 (this copies)
    [hcompact:python3] reservation exceeded at 2,060,610 states; growing to 4,140,242 (this copies)
    [hcompact:python3] rows widen 6B -> 12B per relator at 1 states (in place)
    [hcompact:python3] rows widen 6B -> 12B per relator at 1 states (in place)
    [hcompact:python3] rows widen 6B -> 12B per relator at 1 states (in place)
    [hcompact:python3] rows widen 6B -> 12B per relator at 1 states (in place)
    [hcompact:python3] rows widen 6B -> 12B per relator at 1 states (in place)
    [hcompact:python3] reservation exceeded at 2,060,588 states; growing to 4,140,242 (this copies)
    [hcompact:python3] reservation exceeded at 2,060,558 states; growing to 4,140,242 (this copies)
  825/1250 records  13.2 min elapsed  ETA 6.8 min
    [hcompact:python3] rows widen 6B -> 12B per relator at 1 states (in place)
    [hcompact:python3] reservation exceeded at 2,060,613 states; growing to 4,140,242 (this copies)
    [hcompact:python3] rows widen 6B -> 12B per relator at 1 states (in place)
    [hcompact:python3] rows widen 6B -> 12B per relator at 1 states (in place)
    [hcompact:python3] rows widen 6B -> 12B per relator at 1 states (in place)
    [hcompact:python3] reservation exceeded at 2,060,666 states; growing to 4,140,242 (this copies)
    [hcompact:python3] reservation exceeded at 2,060,582 states; growing to 4,140,242 (this copies)
    [hcompact:python3] rows widen 6B -> 12B per relator at 1 states (in place)
    [hcompact:python3] rows widen 6B -> 12B per relator at 1 states (in place)
    [hcompact:python3] reservation exceeded at 2,060,570 states; growing to 4,140,242 (this copies)
    [hcompact:python3] reservation exceeded at 2,060,530 states; growing to 4,140,242 (this copies)
    [hcompact:python3] reservation exceeded at 2,060,562 states; growing to 4,140,242 (this copies)
    [hcompact:python3] reservation exceeded at 2,060,533 states; growing to 4,140,242 (this copies)
    [hcompact:python3] rows widen 6B -> 12B per relator at 1 states (in place)
    [hcompact:python3] reservation exceeded at 4,130,746 states; growing to 8,280,484 (this copies)
    [hcompact:python3] reservation exceeded at 4,130,682 states; growing to 8,280,484 (this copies)
    [hcompact:python3] rows widen 8B -> 12B per relator at 1 states (in place)
    [hcompact:python3] rows widen 8B -> 12B per relator at 1 states (in place)
    [hcompact:python3] rows widen 6B -> 12B per relator at 1 states (in place)
    [hcompact:python3] rows widen 6B -> 12B per relator at 179 states (in place)
    [hcompact:python3] rows widen 11B -> 12B per relator at 1 states (in place)
    [hcompact:python3] reservation exceeded at 2,060,605 states; growing to 4,140,242 (this copies)
    [hcompact:python3] rows widen 11B -> 12B per relator at 1 states (in place)
    [hcompact:python3] rows widen 11B -> 12B per relator at 1 states (in place)
    [hcompact:python3] rows widen 11B -> 12B per relator at 1 states (in place)
    [hcompact:python3] reservation exceeded at 2,060,610 states; growing to 4,140,242 (this copies)
    [hcompact:python3] rows widen 8B -> 12B per relator at 1 states (in place)
    [hcompact:python3] rows widen 6B -> 12B per relator at 1 states (in place)
    [hcompact:python3] rows widen 8B -> 12B per relator at 1 states (in place)
    [hcompact:python3] reservation exceeded at 2,060,618 states; growing to 4,140,242 (this copies)
    [hcompact:python3] rows widen 6B -> 12B per relator at 254 states (in place)
    [hcompact:python3] rows widen 6B -> 12B per relator at 1 states (in place)
    [hcompact:python3] rows widen 8B -> 12B per relator at 1 states (in place)
    [hcompact:python3] reservation exceeded at 2,060,637 states; growing to 4,140,242 (this copies)
    [hcompact:python3] rows widen 8B -> 12B per relator at 1 states (in place)
    [hcompact:python3] rows widen 6B -> 12B per relator at 1 states (in place)
    [hcompact:python3] reservation exceeded at 2,060,647 states; growing to 4,140,242 (this copies)
    [hcompact:python3] rows widen 6B -> 12B per relator at 179 states (in place)
    [hcompact:python3] rows widen 11B -> 12B per relator at 1 states (in place)
    [hcompact:python3] reservation exceeded at 2,060,592 states; growing to 4,140,242 (this copies)
  850/1250 records  13.7 min elapsed  ETA 6.5 min
    [hcompact:python3] rows widen 11B -> 12B per relator at 1 states (in place)
    [hcompact:python3] rows widen 11B -> 12B per relator at 1 states (in place)
    [hcompact:python3] rows widen 11B -> 12B per relator at 1 states (in place)
    [hcompact:python3] reservation exceeded at 2,060,697 states; growing to 4,140,242 (this copies)
    [hcompact:python3] reservation exceeded at 2,060,677 states; growing to 4,140,242 (this copies)
    [hcompact:python3] reservation exceeded at 2,060,600 states; growing to 4,140,242 (this copies)
    [hcompact:python3] reservation exceeded at 2,060,690 states; growing to 4,140,242 (this copies)
    [hcompact:python3] rows widen 8B -> 12B per relator at 1 states (in place)
    [hcompact:python3] rows widen 6B -> 12B per relator at 1 states (in place)
    [hcompact:python3] reservation exceeded at 4,130,742 states; growing to 8,280,484 (this copies)
    [hcompact:python3] reservation exceeded at 4,130,712 states; growing to 8,280,484 (this copies)
    [hcompact:python3] rows widen 8B -> 12B per relator at 1 states (in place)
    [hcompact:python3] rows widen 6B -> 12B per relator at 254 states (in place)
    [hcompact:python3] reservation exceeded at 2,060,552 states; growing to 4,140,242 (this copies)
    [hcompact:python3] rows widen 6B -> 12B per relator at 1 states (in place)
    [hcompact:python3] rows widen 8B -> 12B per relator at 1 states (in place)
    [hcompact:python3] rows widen 8B -> 12B per relator at 1 states (in place)
    [hcompact:python3] rows widen 6B -> 12B per relator at 179 states (in place)
    [hcompact:python3] rows widen 6B -> 12B per relator at 1 states (in place)
    [hcompact:python3] rows widen 11B -> 12B per relator at 1 states (in place)
    [hcompact:python3] reservation exceeded at 2,060,592 states; growing to 4,140,242 (this copies)
    [hcompact:python3] rows widen 11B -> 12B per relator at 1 states (in place)
    [hcompact:python3] rows widen 11B -> 12B per relator at 1 states (in place)
    [hcompact:python3] rows widen 11B -> 12B per relator at 1 states (in place)
    [hcompact:python3] rows widen 8B -> 12B per relator at 1 states (in place)
    [hcompact:python3] rows widen 6B -> 12B per relator at 254 states (in place)
    [hcompact:python3] reservation exceeded at 2,060,606 states; growing to 4,140,242 (this copies)
    [hcompact:python3] rows widen 8B -> 12B per relator at 1 states (in place)
    [hcompact:python3] rows widen 6B -> 12B per relator at 1 states (in place)
    [hcompact:python3] reservation exceeded at 2,060,614 states; growing to 4,140,242 (this copies)
    [hcompact:python3] rows widen 6B -> 12B per relator at 1 states (in place)
    [hcompact:python3] rows widen 8B -> 12B per relator at 1 states (in place)
    [hcompact:python3] rows widen 8B -> 12B per relator at 1 states (in place)
    [hcompact:python3] rows widen 6B -> 12B per relator at 179 states (in place)
    [hcompact:python3] reservation exceeded at 2,060,610 states; growing to 4,140,242 (this copies)
    [hcompact:python3] rows widen 6B -> 12B per relator at 1 states (in place)
    [hcompact:python3] reservation exceeded at 2,060,579 states; growing to 4,140,242 (this copies)
  875/1250 records  14.2 min elapsed  ETA 6.1 min
    [hcompact:python3] rows widen 11B -> 12B per relator at 1 states (in place)
    [hcompact:python3] rows widen 11B -> 12B per relator at 1 states (in place)
    [hcompact:python3] reservation exceeded at 2,060,569 states; growing to 4,140,242 (this copies)
    [hcompact:python3] rows widen 11B -> 12B per relator at 1 states (in place)
    [hcompact:python3] rows widen 11B -> 12B per relator at 1 states (in place)
    [hcompact:python3] reservation exceeded at 2,060,680 states; growing to 4,140,242 (this copies)
    [hcompact:python3] reservation exceeded at 2,060,670 states; growing to 4,140,242 (this copies)
    [hcompact:python3] reservation exceeded at 2,060,736 states; growing to 4,140,242 (this copies)
    [hcompact:python3] rows widen 8B -> 12B per relator at 1 states (in place)
    [hcompact:python3] reservation exceeded at 2,060,681 states; growing to 4,140,242 (this copies)
    [hcompact:python3] rows widen 6B -> 12B per relator at 254 states (in place)
    [hcompact:python3] rows widen 8B -> 12B per relator at 1 states (in place)
    [hcompact:python3] rows widen 6B -> 12B per relator at 1 states (in place)
    [hcompact:python3] reservation exceeded at 4,130,681 states; growing to 8,280,484 (this copies)
    [hcompact:python3] reservation exceeded at 4,130,829 states; growing to 8,280,484 (this copies)
    [hcompact:python3] rows widen 6B -> 12B per relator at 7,038 states (in place)
    [hcompact:python3] reservation exceeded at 2,060,552 states; growing to 4,140,242 (this copies)
    [hcompact:python3] rows widen 6B -> 12B per relator at 1,446 states (in place)
    [hcompact:python3] rows widen 6B -> 12B per relator at 137,951 states (in place)
    [hcompact:python3] rows widen 6B -> 12B per relator at 7,391 states (in place)
    [hcompact:python3] rows widen 6B -> 12B per relator at 3,955 states (in place)
    [hcompact:python3] rows widen 6B -> 12B per relator at 67,919 states (in place)
    [hcompact:python3] rows widen 6B -> 12B per relator at 10,323 states (in place)
    [hcompact:python3] rows widen 6B -> 12B per relator at 55,671 states (in place)
    [hcompact:python3] rows widen 6B -> 12B per relator at 1 states (in place)
    [hcompact:python3] rows widen 6B -> 12B per relator at 85,936 states (in place)
    [hcompact:python3] rows widen 6B -> 12B per relator at 61,721 states (in place)
    [hcompact:python3] rows widen 6B -> 12B per relator at 1 states (in place)
    [hcompact:python3] rows widen 6B -> 12B per relator at 1 states (in place)
    [hcompact:python3] rows widen 6B -> 12B per relator at 1 states (in place)
    [hcompact:python3] reservation exceeded at 2,060,546 states; growing to 4,140,242 (this copies)
    [hcompact:python3] reservation exceeded at 2,060,611 states; growing to 4,140,242 (this copies)
    [hcompact:python3] rows widen 6B -> 12B per relator at 1 states (in place)
    [hcompact:python3] reservation exceeded at 2,060,518 states; growing to 4,140,242 (this copies)
    [hcompact:python3] rows widen 6B -> 12B per relator at 1 states (in place)
    [hcompact:python3] reservation exceeded at 2,060,565 states; growing to 4,140,242 (this copies)
    [hcompact:python3] rows widen 6B -> 12B per relator at 1 states (in place)
    [hcompact:python3] rows widen 6B -> 12B per relator at 1 states (in place)
    [hcompact:python3] reservation exceeded at 2,060,530 states; growing to 4,140,242 (this copies)
    [hcompact:python3] rows widen 6B -> 12B per relator at 1 states (in place)
    [hcompact:python3] reservation exceeded at 2,060,539 states; growing to 4,140,242 (this copies)
    [hcompact:python3] rows widen 6B -> 12B per relator at 1,814 states (in place)
    [hcompact:python3] rows widen 6B -> 12B per relator at 659 states (in place)
    [hcompact:python3] rows widen 6B -> 12B per relator at 5,774 states (in place)
    [hcompact:python3] rows widen 6B -> 12B per relator at 29,628 states (in place)
    [hcompact:python3] rows widen 6B -> 12B per relator at 4,113 states (in place)
    [hcompact:python3] rows widen 6B -> 12B per relator at 63 states (in place)
    [hcompact:python3] rows widen 6B -> 12B per relator at 44,190 states (in place)
    [hcompact:python3] reservation exceeded at 2,060,573 states; growing to 4,140,242 (this copies)
    [hcompact:python3] rows widen 6B -> 12B per relator at 14,374 states (in place)
    [hcompact:python3] rows widen 6B -> 12B per relator at 1 states (in place)
    [hcompact:python3] rows widen 6B -> 12B per relator at 1 states (in place)
    [hcompact:python3] rows widen 6B -> 12B per relator at 1 states (in place)
    [hcompact:python3] rows widen 6B -> 12B per relator at 99 states (in place)
  900/1250 records  14.9 min elapsed  ETA 5.8 min
    [hcompact:python3] rows widen 6B -> 12B per relator at 187 states (in place)
    [hcompact:python3] rows widen 6B -> 12B per relator at 11,117 states (in place)
    [hcompact:python3] rows widen 6B -> 12B per relator at 99 states (in place)
    [hcompact:python3] reservation exceeded at 2,060,634 states; growing to 4,140,242 (this copies)
    [hcompact:python3] reservation exceeded at 2,060,573 states; growing to 4,140,242 (this copies)
    [hcompact:python3] rows widen 6B -> 12B per relator at 1 states (in place)
    [hcompact:python3] rows widen 6B -> 12B per relator at 1 states (in place)
    [hcompact:python3] rows widen 9B -> 12B per relator at 1 states (in place)
    [hcompact:python3] reservation exceeded at 2,060,582 states; growing to 4,140,242 (this copies)
    [hcompact:python3] rows widen 9B -> 12B per relator at 1 states (in place)
    [hcompact:python3] rows widen 8B -> 12B per relator at 1 states (in place)
    [hcompact:python3] rows widen 8B -> 12B per relator at 1 states (in place)
    [hcompact:python3] reservation exceeded at 2,060,532 states; growing to 4,140,242 (this copies)
    [hcompact:python3] rows widen 9B -> 12B per relator at 1 states (in place)
    [hcompact:python3] reservation exceeded at 2,060,626 states; growing to 4,140,242 (this copies)
    [hcompact:python3] reservation exceeded at 2,060,597 states; growing to 4,140,242 (this copies)
    [hcompact:python3] reservation exceeded at 2,060,613 states; growing to 4,140,242 (this copies)
    [hcompact:python3] rows widen 8B -> 12B per relator at 1 states (in place)
    [hcompact:python3] reservation exceeded at 2,060,630 states; growing to 4,140,242 (this copies)
    [hcompact:python3] rows widen 9B -> 12B per relator at 1 states (in place)
    [hcompact:python3] rows widen 8B -> 12B per relator at 1 states (in place)
    [hcompact:python3] rows widen 7B -> 12B per relator at 1 states (in place)
    [hcompact:python3] reservation exceeded at 2,060,642 states; growing to 4,140,242 (this copies)
    [hcompact:python3] rows widen 6B -> 12B per relator at 1 states (in place)
    [hcompact:python3] rows widen 6B -> 12B per relator at 1 states (in place)
    [hcompact:python3] reservation exceeded at 2,060,688 states; growing to 4,140,242 (this copies)
    [hcompact:python3] reservation exceeded at 2,060,538 states; growing to 4,140,242 (this copies)
    [hcompact:python3] reservation exceeded at 2,060,704 states; growing to 4,140,242 (this copies)
    [hcompact:python3] rows widen 6B -> 12B per relator at 1 states (in place)
    [hcompact:python3] rows widen 6B -> 12B per relator at 95 states (in place)
    [hcompact:python3] rows widen 6B -> 12B per relator at 195 states (in place)
    [hcompact:python3] reservation exceeded at 2,060,586 states; growing to 4,140,242 (this copies)
    [hcompact:python3] rows widen 6B -> 12B per relator at 2,023 states (in place)
    [hcompact:python3] rows widen 7B -> 12B per relator at 1 states (in place)
    [hcompact:python3] rows widen 6B -> 12B per relator at 585 states (in place)
    [hcompact:python3] reservation exceeded at 2,060,522 states; growing to 4,140,242 (this copies)
    [hcompact:python3] rows widen 6B -> 12B per relator at 1 states (in place)
    [hcompact:python3] reservation exceeded at 2,060,532 states; growing to 4,140,242 (this copies)
    [hcompact:python3] reservation exceeded at 2,060,558 states; growing to 4,140,242 (this copies)
    [hcompact:python3] reservation exceeded at 2,060,698 states; growing to 4,140,242 (this copies)
    [hcompact:python3] rows widen 6B -> 12B per relator at 13,190 states (in place)
    [hcompact:python3] rows widen 6B -> 12B per relator at 12,625 states (in place)
    [hcompact:python3] reservation exceeded at 2,060,521 states; growing to 4,140,242 (this copies)
    [hcompact:python3] rows widen 6B -> 12B per relator at 2,418 states (in place)
    [hcompact:python3] rows widen 6B -> 12B per relator at 1 states (in place)
    [hcompact:python3] rows widen 6B -> 12B per relator at 1 states (in place)
    [hcompact:python3] rows widen 6B -> 12B per relator at 1 states (in place)
    [hcompact:python3] reservation exceeded at 2,060,632 states; growing to 4,140,242 (this copies)
    [hcompact:python3] rows widen 6B -> 12B per relator at 8,977 states (in place)
    [hcompact:python3] reservation exceeded at 2,060,635 states; growing to 4,140,242 (this copies)
    [hcompact:python3] reservation exceeded at 2,060,718 states; growing to 4,140,242 (this copies)
    [hcompact:python3] reservation exceeded at 2,060,618 states; growing to 4,140,242 (this copies)
    [hcompact:python3] rows widen 6B -> 12B per relator at 1 states (in place)
    [hcompact:python3] rows widen 6B -> 12B per relator at 1 states (in place)
    [hcompact:python3] reservation exceeded at 2,060,522 states; growing to 4,140,242 (this copies)
    [hcompact:python3] rows widen 6B -> 12B per relator at 1 states (in place)
    [hcompact:python3] rows widen 6B -> 12B per relator at 1 states (in place)
    [hcompact:python3] reservation exceeded at 2,060,597 states; growing to 4,140,242 (this copies)
    [hcompact:python3] reservation exceeded at 2,060,615 states; growing to 4,140,242 (this copies)
    [hcompact:python3] reservation exceeded at 2,060,553 states; growing to 4,140,242 (this copies)
    [hcompact:python3] rows widen 6B -> 12B per relator at 1,728 states (in place)
    [hcompact:python3] reservation exceeded at 2,060,527 states; growing to 4,140,242 (this copies)
    [hcompact:python3] rows widen 6B -> 12B per relator at 1 states (in place)
    [hcompact:python3] rows widen 7B -> 12B per relator at 1 states (in place)
    [hcompact:python3] rows widen 6B -> 12B per relator at 46,655 states (in place)
    [hcompact:python3] rows widen 6B -> 12B per relator at 1 states (in place)
    [hcompact:python3] reservation exceeded at 2,060,601 states; growing to 4,140,242 (this copies)
    [hcompact:python3] rows widen 6B -> 12B per relator at 1 states (in place)
    [hcompact:python3] reservation exceeded at 2,060,636 states; growing to 4,140,242 (this copies)
    [hcompact:python3] rows widen 6B -> 12B per relator at 1 states (in place)
    [hcompact:python3] reservation exceeded at 2,060,554 states; growing to 4,140,242 (this copies)
    [hcompact:python3] rows widen 6B -> 12B per relator at 1 states (in place)
    [hcompact:python3] reservation exceeded at 2,060,618 states; growing to 4,140,242 (this copies)
    [hcompact:python3] reservation exceeded at 2,060,626 states; growing to 4,140,242 (this copies)
    [hcompact:python3] rows widen 7B -> 12B per relator at 1 states (in place)
    [hcompact:python3] rows widen 6B -> 12B per relator at 1 states (in place)
    [hcompact:python3] rows widen 6B -> 12B per relator at 1 states (in place)
    [hcompact:python3] reservation exceeded at 2,060,721 states; growing to 4,140,242 (this copies)
    [hcompact:python3] reservation exceeded at 2,060,668 states; growing to 4,140,242 (this copies)
    [hcompact:python3] reservation exceeded at 2,060,640 states; growing to 4,140,242 (this copies)
    [hcompact:python3] reservation exceeded at 2,060,528 states; growing to 4,140,242 (this copies)
    [hcompact:python3] rows widen 6B -> 12B per relator at 253 states (in place)
    [hcompact:python3] reservation exceeded at 4,130,708 states; growing to 8,280,484 (this copies)
    [hcompact:python3] rows widen 6B -> 12B per relator at 1 states (in place)
    [hcompact:python3] reservation exceeded at 4,130,770 states; growing to 8,280,484 (this copies)
    [hcompact:python3] rows widen 6B -> 12B per relator at 1 states (in place)
    [hcompact:python3] reservation exceeded at 2,060,590 states; growing to 4,140,242 (this copies)
    [hcompact:python3] rows widen 6B -> 12B per relator at 1 states (in place)
    [hcompact:python3] rows widen 6B -> 12B per relator at 2,544 states (in place)
    [hcompact:python3] reservation exceeded at 2,060,583 states; growing to 4,140,242 (this copies)
    [hcompact:python3] rows widen 6B -> 12B per relator at 1 states (in place)
    [hcompact:python3] reservation exceeded at 2,060,615 states; growing to 4,140,242 (this copies)
    [hcompact:python3] rows widen 6B -> 12B per relator at 293 states (in place)
    [hcompact:python3] reservation exceeded at 2,060,702 states; growing to 4,140,242 (this copies)
    [hcompact:python3] reservation exceeded at 2,060,667 states; growing to 4,140,242 (this copies)
    [hcompact:python3] reservation exceeded at 4,130,692 states; growing to 8,280,484 (this copies)
    [hcompact:python3] reservation exceeded at 2,060,646 states; growing to 4,140,242 (this copies)
  925/1250 records  16.1 min elapsed  ETA 5.7 min
    [hcompact:python3] rows widen 6B -> 12B per relator at 1 states (in place)
    [hcompact:python3] rows widen 6B -> 12B per relator at 1,220 states (in place)
    [hcompact:python3] reservation exceeded at 4,130,654 states; growing to 8,280,484 (this copies)
    [hcompact:python3] rows widen 6B -> 12B per relator at 777 states (in place)
    [hcompact:python3] rows widen 6B -> 12B per relator at 1 states (in place)
    [hcompact:python3] reservation exceeded at 2,060,652 states; growing to 4,140,242 (this copies)
    [hcompact:python3] reservation exceeded at 2,060,641 states; growing to 4,140,242 (this copies)
    [hcompact:python3] reservation exceeded at 2,060,648 states; growing to 4,140,242 (this copies)
    [hcompact:python3] rows widen 7B -> 12B per relator at 1 states (in place)
    [hcompact:python3] rows widen 6B -> 12B per relator at 777 states (in place)
    [hcompact:python3] rows widen 6B -> 12B per relator at 1 states (in place)
    [hcompact:python3] reservation exceeded at 2,060,668 states; growing to 4,140,242 (this copies)
    [hcompact:python3] rows widen 6B -> 12B per relator at 1 states (in place)
    [hcompact:python3] rows widen 6B -> 12B per relator at 1 states (in place)
    [hcompact:python3] reservation exceeded at 2,060,554 states; growing to 4,140,242 (this copies)
    [hcompact:python3] reservation exceeded at 2,060,634 states; growing to 4,140,242 (this copies)
    [hcompact:python3] rows widen 6B -> 12B per relator at 1 states (in place)
    [hcompact:python3] reservation exceeded at 2,060,625 states; growing to 4,140,242 (this copies)
    [hcompact:python3] reservation exceeded at 2,060,644 states; growing to 4,140,242 (this copies)
    [hcompact:python3] rows widen 7B -> 12B per relator at 1 states (in place)
    [hcompact:python3] rows widen 7B -> 12B per relator at 1 states (in place)
    [hcompact:python3] rows widen 6B -> 12B per relator at 1 states (in place)
    [hcompact:python3] reservation exceeded at 2,060,607 states; growing to 4,140,242 (this copies)
    [hcompact:python3] reservation exceeded at 2,060,696 states; growing to 4,140,242 (this copies)
    [hcompact:python3] rows widen 6B -> 12B per relator at 1 states (in place)
    [hcompact:python3] reservation exceeded at 2,060,594 states; growing to 4,140,242 (this copies)
    [hcompact:python3] reservation exceeded at 2,060,576 states; growing to 4,140,242 (this copies)
    [hcompact:python3] reservation exceeded at 2,060,610 states; growing to 4,140,242 (this copies)
    [hcompact:python3] rows widen 6B -> 12B per relator at 1 states (in place)
    [hcompact:python3] rows widen 6B -> 12B per relator at 1 states (in place)
    [hcompact:python3] rows widen 6B -> 12B per relator at 1 states (in place)
    [hcompact:python3] rows widen 6B -> 12B per relator at 1 states (in place)
    [hcompact:python3] rows widen 6B -> 12B per relator at 2,382 states (in place)
    [hcompact:python3] reservation exceeded at 4,130,755 states; growing to 8,280,484 (this copies)
    [hcompact:python3] rows widen 6B -> 12B per relator at 44,190 states (in place)
    [hcompact:python3] reservation exceeded at 2,060,661 states; growing to 4,140,242 (this copies)
    [hcompact:python3] reservation exceeded at 2,060,531 states; growing to 4,140,242 (this copies)
    [hcompact:python3] rows widen 7B -> 12B per relator at 1 states (in place)
    [hcompact:python3] rows widen 6B -> 12B per relator at 1 states (in place)
    [hcompact:python3] rows widen 6B -> 12B per relator at 696 states (in place)
    [hcompact:python3] rows widen 6B -> 12B per relator at 811 states (in place)
    [hcompact:python3] rows widen 6B -> 12B per relator at 1 states (in place)
    [hcompact:python3] reservation exceeded at 2,060,718 states; growing to 4,140,242 (this copies)
    [hcompact:python3] reservation exceeded at 2,060,549 states; growing to 4,140,242 (this copies)
    [hcompact:python3] rows widen 6B -> 12B per relator at 5,061 states (in place)
    [hcompact:python3] reservation exceeded at 2,060,616 states; growing to 4,140,242 (this copies)
    [hcompact:python3] rows widen 6B -> 12B per relator at 7,446 states (in place)
    [hcompact:python3] reservation exceeded at 2,060,738 states; growing to 4,140,242 (this copies)
    [hcompact:python3] rows widen 6B -> 12B per relator at 2,188 states (in place)
    [hcompact:python3] reservation exceeded at 4,130,858 states; growing to 8,280,484 (this copies)
    [hcompact:python3] rows widen 6B -> 12B per relator at 2,908 states (in place)
    [hcompact:python3] rows widen 6B -> 12B per relator at 11,117 states (in place)
    [hcompact:python3] rows widen 6B -> 12B per relator at 3,694 states (in place)
    [hcompact:python3] reservation exceeded at 4,130,667 states; growing to 8,280,484 (this copies)
    [hcompact:python3] rows widen 6B -> 12B per relator at 1 states (in place)
    [hcompact:python3] rows widen 6B -> 12B per relator at 1 states (in place)
    [hcompact:python3] reservation exceeded at 2,060,562 states; growing to 4,140,242 (this copies)
    [hcompact:python3] rows widen 6B -> 12B per relator at 1 states (in place)
    [hcompact:python3] rows widen 6B -> 12B per relator at 1 states (in place)
    [hcompact:python3] reservation exceeded at 2,060,652 states; growing to 4,140,242 (this copies)
    [hcompact:python3] rows widen 6B -> 12B per relator at 1 states (in place)
    [hcompact:python3] reservation exceeded at 2,060,537 states; growing to 4,140,242 (this copies)
    [hcompact:python3] reservation exceeded at 2,060,581 states; growing to 4,140,242 (this copies)
    [hcompact:python3] reservation exceeded at 2,060,616 states; growing to 4,140,242 (this copies)
    [hcompact:python3] rows widen 6B -> 12B per relator at 1 states (in place)
    [hcompact:python3] reservation exceeded at 2,060,582 states; growing to 4,140,242 (this copies)
    [hcompact:python3] rows widen 6B -> 12B per relator at 1 states (in place)
    [hcompact:python3] rows widen 6B -> 12B per relator at 1 states (in place)
    [hcompact:python3] rows widen 6B -> 12B per relator at 1 states (in place)
    [hcompact:python3] reservation exceeded at 2,060,541 states; growing to 4,140,242 (this copies)
    [hcompact:python3] rows widen 6B -> 12B per relator at 495 states (in place)
    [hcompact:python3] reservation exceeded at 2,060,560 states; growing to 4,140,242 (this copies)
    [hcompact:python3] reservation exceeded at 2,060,704 states; growing to 4,140,242 (this copies)
    [hcompact:python3] rows widen 6B -> 12B per relator at 1,271 states (in place)
    [hcompact:python3] reservation exceeded at 2,060,524 states; growing to 4,140,242 (this copies)
    [hcompact:python3] rows widen 6B -> 12B per relator at 377 states (in place)
    [hcompact:python3] rows widen 6B -> 12B per relator at 1,681 states (in place)
    [hcompact:python3] rows widen 6B -> 12B per relator at 32,418 states (in place)
    [hcompact:python3] reservation exceeded at 2,060,640 states; growing to 4,140,242 (this copies)
    [hcompact:python3] rows widen 6B -> 12B per relator at 1 states (in place)
    [hcompact:python3] reservation exceeded at 2,060,522 states; growing to 4,140,242 (this copies)
    [hcompact:python3] rows widen 6B -> 12B per relator at 292 states (in place)
    [hcompact:python3] rows widen 6B -> 12B per relator at 1 states (in place)
    [hcompact:python3] rows widen 6B -> 12B per relator at 3,143 states (in place)
    [hcompact:python3] reservation exceeded at 2,060,612 states; growing to 4,140,242 (this copies)
    [hcompact:python3] reservation exceeded at 2,060,618 states; growing to 4,140,242 (this copies)
    [hcompact:python3] reservation exceeded at 2,060,616 states; growing to 4,140,242 (this copies)
    [hcompact:python3] reservation exceeded at 2,060,632 states; growing to 4,140,242 (this copies)
  950/1250 records  17.3 min elapsed  ETA 5.5 min
    [hcompact:python3] rows widen 6B -> 12B per relator at 1 states (in place)
    [hcompact:python3] rows widen 6B -> 12B per relator at 1 states (in place)
    [hcompact:python3] rows widen 6B -> 12B per relator at 1,313 states (in place)
    [hcompact:python3] rows widen 6B -> 12B per relator at 1 states (in place)
    [hcompact:python3] rows widen 6B -> 12B per relator at 1 states (in place)
    [hcompact:python3] reservation exceeded at 2,060,754 states; growing to 4,140,242 (this copies)
    [hcompact:python3] reservation exceeded at 2,060,612 states; growing to 4,140,242 (this copies)
    [hcompact:python3] reservation exceeded at 2,060,637 states; growing to 4,140,242 (this copies)
    [hcompact:python3] rows widen 6B -> 12B per relator at 1 states (in place)
    [hcompact:python3] reservation exceeded at 2,060,583 states; growing to 4,140,242 (this copies)
    [hcompact:python3] rows widen 6B -> 12B per relator at 1 states (in place)
    [hcompact:python3] rows widen 7B -> 12B per relator at 1 states (in place)
    [hcompact:python3] rows widen 6B -> 12B per relator at 1 states (in place)
    [hcompact:python3] reservation exceeded at 2,060,657 states; growing to 4,140,242 (this copies)
    [hcompact:python3] reservation exceeded at 2,060,559 states; growing to 4,140,242 (this copies)
    [hcompact:python3] reservation exceeded at 2,060,549 states; growing to 4,140,242 (this copies)
    [hcompact:python3] reservation exceeded at 2,060,658 states; growing to 4,140,242 (this copies)
    [hcompact:python3] rows widen 6B -> 12B per relator at 1 states (in place)
    [hcompact:python3] rows widen 6B -> 12B per relator at 1 states (in place)
    [hcompact:python3] rows widen 6B -> 12B per relator at 1 states (in place)
    [hcompact:python3] reservation exceeded at 2,060,545 states; growing to 4,140,242 (this copies)
    [hcompact:python3] reservation exceeded at 2,060,518 states; growing to 4,140,242 (this copies)
    [hcompact:python3] rows widen 6B -> 12B per relator at 1 states (in place)
    [hcompact:python3] rows widen 7B -> 12B per relator at 1 states (in place)
    [hcompact:python3] rows widen 6B -> 12B per relator at 1 states (in place)
    [hcompact:python3] rows widen 9B -> 12B per relator at 1 states (in place)
    [hcompact:python3] rows widen 9B -> 12B per relator at 1 states (in place)
    [hcompact:python3] reservation exceeded at 2,060,574 states; growing to 4,140,242 (this copies)
    [hcompact:python3] rows widen 9B -> 12B per relator at 1 states (in place)
    [hcompact:python3] rows widen 9B -> 12B per relator at 1 states (in place)
    [hcompact:python3] reservation exceeded at 2,060,556 states; growing to 4,140,242 (this copies)
    [hcompact:python3] rows widen 8B -> 12B per relator at 1 states (in place)
    [hcompact:python3] rows widen 6B -> 12B per relator at 1 states (in place)
    [hcompact:python3] rows widen 8B -> 12B per relator at 1 states (in place)
    [hcompact:python3] reservation exceeded at 4,130,868 states; growing to 8,280,484 (this copies)
    [hcompact:python3] reservation exceeded at 2,060,588 states; growing to 4,140,242 (this copies)
    [hcompact:python3] rows widen 6B -> 12B per relator at 1,466 states (in place)
    [hcompact:python3] reservation exceeded at 2,060,548 states; growing to 4,140,242 (this copies)
    [hcompact:python3] reservation exceeded at 2,060,523 states; growing to 4,140,242 (this copies)
    [hcompact:python3] rows widen 6B -> 12B per relator at 358 states (in place)
    [hcompact:python3] rows widen 8B -> 12B per relator at 1 states (in place)
    [hcompact:python3] reservation exceeded at 2,060,533 states; growing to 4,140,242 (this copies)
    [hcompact:python3] rows widen 6B -> 12B per relator at 7,093 states (in place)
    [hcompact:python3] rows widen 8B -> 12B per relator at 1 states (in place)
    [hcompact:python3] rows widen 6B -> 12B per relator at 28,912 states (in place)
    [hcompact:python3] rows widen 6B -> 12B per relator at 1,402 states (in place)
    [hcompact:python3] reservation exceeded at 2,060,577 states; growing to 4,140,242 (this copies)
    [hcompact:python3] rows widen 6B -> 12B per relator at 1 states (in place)
    [hcompact:python3] reservation exceeded at 2,060,625 states; growing to 4,140,242 (this copies)
    [hcompact:python3] reservation exceeded at 2,060,631 states; growing to 4,140,242 (this copies)
    [hcompact:python3] rows widen 6B -> 12B per relator at 1 states (in place)
    [hcompact:python3] rows widen 6B -> 12B per relator at 8,448 states (in place)
    [hcompact:python3] rows widen 6B -> 12B per relator at 409 states (in place)
    [hcompact:python3] reservation exceeded at 2,060,540 states; growing to 4,140,242 (this copies)
    [hcompact:python3] rows widen 6B -> 12B per relator at 1 states (in place)
    [hcompact:python3] reservation exceeded at 2,060,534 states; growing to 4,140,242 (this copies)
    [hcompact:python3] reservation exceeded at 2,060,582 states; growing to 4,140,242 (this copies)
    [hcompact:python3] reservation exceeded at 2,060,738 states; growing to 4,140,242 (this copies)
    [hcompact:python3] rows widen 6B -> 12B per relator at 1 states (in place)
    [hcompact:python3] reservation exceeded at 2,060,617 states; growing to 4,140,242 (this copies)
    [hcompact:python3] rows widen 6B -> 12B per relator at 5,886 states (in place)
    [hcompact:python3] rows widen 6B -> 12B per relator at 1,379 states (in place)
    [hcompact:python3] rows widen 6B -> 12B per relator at 1 states (in place)
    [hcompact:python3] rows widen 6B -> 12B per relator at 1 states (in place)
    [hcompact:python3] reservation exceeded at 2,060,626 states; growing to 4,140,242 (this copies)
    [hcompact:python3] reservation exceeded at 2,060,613 states; growing to 4,140,242 (this copies)
    [hcompact:python3] rows widen 6B -> 12B per relator at 1 states (in place)
    [hcompact:python3] rows widen 6B -> 12B per relator at 9,606 states (in place)
    [hcompact:python3] reservation exceeded at 2,060,556 states; growing to 4,140,242 (this copies)
    [hcompact:python3] reservation exceeded at 2,060,740 states; growing to 4,140,242 (this copies)
    [hcompact:python3] rows widen 6B -> 12B per relator at 1 states (in place)
    [hcompact:python3] reservation exceeded at 2,060,591 states; growing to 4,140,242 (this copies)
    [hcompact:python3] reservation exceeded at 2,060,527 states; growing to 4,140,242 (this copies)
    [hcompact:python3] rows widen 6B -> 12B per relator at 1 states (in place)
    [hcompact:python3] rows widen 6B -> 12B per relator at 1 states (in place)
    [hcompact:python3] rows widen 6B -> 12B per relator at 1 states (in place)
    [hcompact:python3] reservation exceeded at 2,060,558 states; growing to 4,140,242 (this copies)
    [hcompact:python3] reservation exceeded at 2,060,562 states; growing to 4,140,242 (this copies)
    [hcompact:python3] reservation exceeded at 2,060,669 states; growing to 4,140,242 (this copies)
    [hcompact:python3] reservation exceeded at 2,060,586 states; growing to 4,140,242 (this copies)
    [hcompact:python3] rows widen 6B -> 12B per relator at 1 states (in place)
    [hcompact:python3] rows widen 6B -> 12B per relator at 1 states (in place)
    [hcompact:python3] rows widen 6B -> 12B per relator at 1 states (in place)
    [hcompact:python3] reservation exceeded at 2,060,638 states; growing to 4,140,242 (this copies)
    [hcompact:python3] reservation exceeded at 4,130,761 states; growing to 8,280,484 (this copies)
    [hcompact:python3] reservation exceeded at 2,060,614 states; growing to 4,140,242 (this copies)
    [hcompact:python3] rows widen 6B -> 12B per relator at 2,023 states (in place)
    [hcompact:python3] reservation exceeded at 2,060,655 states; growing to 4,140,242 (this copies)
    [hcompact:python3] rows widen 6B -> 12B per relator at 1 states (in place)
    [hcompact:python3] reservation exceeded at 2,060,532 states; growing to 4,140,242 (this copies)
  975/1250 records  18.6 min elapsed  ETA 5.2 min
    [hcompact:python3] rows widen 6B -> 12B per relator at 585 states (in place)
    [hcompact:python3] rows widen 6B -> 12B per relator at 13,190 states (in place)
    [hcompact:python3] reservation exceeded at 4,130,718 states; growing to 8,280,484 (this copies)
    [hcompact:python3] reservation exceeded at 2,060,587 states; growing to 4,140,242 (this copies)
    [hcompact:python3] reservation exceeded at 2,060,662 states; growing to 4,140,242 (this copies)
    [hcompact:python3] rows widen 6B -> 12B per relator at 2,023 states (in place)
    [hcompact:python3] rows widen 6B -> 12B per relator at 1 states (in place)
    [hcompact:python3] rows widen 6B -> 12B per relator at 12,625 states (in place)
    [hcompact:python3] reservation exceeded at 2,060,594 states; growing to 4,140,242 (this copies)
    [hcompact:python3] rows widen 6B -> 12B per relator at 615 states (in place)
    [hcompact:python3] reservation exceeded at 4,130,825 states; growing to 8,280,484 (this copies)
    [hcompact:python3] reservation exceeded at 2,060,519 states; growing to 4,140,242 (this copies)
    [hcompact:python3] rows widen 6B -> 12B per relator at 8,977 states (in place)
    [hcompact:python3] rows widen 6B -> 12B per relator at 214 states (in place)
    [hcompact:python3] reservation exceeded at 2,060,635 states; growing to 4,140,242 (this copies)
    [hcompact:python3] reservation exceeded at 2,060,519 states; growing to 4,140,242 (this copies)
    [hcompact:python3] rows widen 6B -> 12B per relator at 1,241 states (in place)
    [hcompact:python3] rows widen 6B -> 12B per relator at 1,466 states (in place)
    [hcompact:python3] reservation exceeded at 4,130,817 states; growing to 8,280,484 (this copies)
    [hcompact:python3] reservation exceeded at 2,060,526 states; growing to 4,140,242 (this copies)
    [hcompact:python3] rows widen 6B -> 12B per relator at 137 states (in place)
    [hcompact:python3] reservation exceeded at 2,060,617 states; growing to 4,140,242 (this copies)
    [hcompact:python3] reservation exceeded at 2,060,579 states; growing to 4,140,242 (this copies)
    [hcompact:python3] rows widen 6B -> 12B per relator at 294 states (in place)
    [hcompact:python3] rows widen 6B -> 12B per relator at 3,969 states (in place)
    [hcompact:python3] rows widen 6B -> 12B per relator at 1,579 states (in place)
    [hcompact:python3] reservation exceeded at 2,060,527 states; growing to 4,140,242 (this copies)
    [hcompact:python3] reservation exceeded at 2,060,553 states; growing to 4,140,242 (this copies)
    [hcompact:python3] rows widen 6B -> 12B per relator at 46,655 states (in place)
    [hcompact:python3] reservation exceeded at 2,060,601 states; growing to 4,140,242 (this copies)
    [hcompact:python3] rows widen 6B -> 12B per relator at 1 states (in place)
    [hcompact:python3] rows widen 6B -> 12B per relator at 1 states (in place)
    [hcompact:python3] rows widen 6B -> 12B per relator at 137 states (in place)
    [hcompact:python3] rows widen 6B -> 12B per relator at 1 states (in place)
    [hcompact:python3] reservation exceeded at 2,060,568 states; growing to 4,140,242 (this copies)
    [hcompact:python3] reservation exceeded at 2,060,636 states; growing to 4,140,242 (this copies)
    [hcompact:python3] reservation exceeded at 2,060,631 states; growing to 4,140,242 (this copies)
    [hcompact:python3] reservation exceeded at 2,060,654 states; growing to 4,140,242 (this copies)
    [hcompact:python3] rows widen 6B -> 12B per relator at 1 states (in place)
    [hcompact:python3] rows widen 6B -> 12B per relator at 1 states (in place)
    [hcompact:python3] rows widen 6B -> 12B per relator at 1 states (in place)
    [hcompact:python3] reservation exceeded at 2,060,538 states; growing to 4,140,242 (this copies)
    [hcompact:python3] rows widen 6B -> 12B per relator at 1 states (in place)
    [hcompact:python3] rows widen 6B -> 12B per relator at 1 states (in place)
    [hcompact:python3] reservation exceeded at 2,060,721 states; growing to 4,140,242 (this copies)
    [hcompact:python3] reservation exceeded at 2,060,544 states; growing to 4,140,242 (this copies)
    [hcompact:python3] reservation exceeded at 2,060,648 states; growing to 4,140,242 (this copies)
    [hcompact:python3] reservation exceeded at 2,060,591 states; growing to 4,140,242 (this copies)
    [hcompact:python3] rows widen 6B -> 12B per relator at 55 states (in place)
    [hcompact:python3] reservation exceeded at 4,130,744 states; growing to 8,280,484 (this copies)
    [hcompact:python3] rows widen 6B -> 12B per relator at 1 states (in place)
    [hcompact:python3] rows widen 6B -> 12B per relator at 44,190 states (in place)
    [hcompact:python3] rows widen 6B -> 12B per relator at 1 states (in place)
    [hcompact:python3] reservation exceeded at 4,130,830 states; growing to 8,280,484 (this copies)
    [hcompact:python3] rows widen 6B -> 12B per relator at 1 states (in place)
    [hcompact:python3] reservation exceeded at 2,060,546 states; growing to 4,140,242 (this copies)
    [hcompact:python3] rows widen 6B -> 12B per relator at 1 states (in place)
    [hcompact:python3] rows widen 6B -> 12B per relator at 1 states (in place)
    [hcompact:python3] reservation exceeded at 2,060,604 states; growing to 4,140,242 (this copies)
    [hcompact:python3] reservation exceeded at 2,060,661 states; growing to 4,140,242 (this copies)
    [hcompact:python3] rows widen 6B -> 12B per relator at 1 states (in place)
    [hcompact:python3] rows widen 6B -> 12B per relator at 2,188 states (in place)
    [hcompact:python3] reservation exceeded at 2,060,703 states; growing to 4,140,242 (this copies)
    [hcompact:python3] rows widen 6B -> 12B per relator at 3,694 states (in place)
    [hcompact:python3] rows widen 6B -> 12B per relator at 2,667 states (in place)
    [hcompact:python3] rows widen 6B -> 12B per relator at 11,117 states (in place)
    [hcompact:python3] reservation exceeded at 4,130,780 states; growing to 8,280,484 (this copies)
    [hcompact:python3] reservation exceeded at 2,060,541 states; growing to 4,140,242 (this copies)
    [hcompact:python3] rows widen 7B -> 12B per relator at 1 states (in place)
    [hcompact:python3] rows widen 8B -> 12B per relator at 1 states (in place)
    [hcompact:python3] reservation exceeded at 4,130,691 states; growing to 8,280,484 (this copies)
    [hcompact:python3] rows widen 7B -> 12B per relator at 1 states (in place)
    [hcompact:python3] rows widen 7B -> 12B per relator at 1 states (in place)
    [hcompact:python3] reservation exceeded at 2,060,552 states; growing to 4,140,242 (this copies)
    [hcompact:python3] reservation exceeded at 2,060,581 states; growing to 4,140,242 (this copies)
    [hcompact:python3] reservation exceeded at 2,060,573 states; growing to 4,140,242 (this copies)
    [hcompact:python3] rows widen 7B -> 12B per relator at 1 states (in place)
    [hcompact:python3] rows widen 7B -> 12B per relator at 1 states (in place)
    [hcompact:python3] reservation exceeded at 2,060,586 states; growing to 4,140,242 (this copies)
    [hcompact:python3] rows widen 8B -> 12B per relator at 1 states (in place)
    [hcompact:python3] reservation exceeded at 2,060,622 states; growing to 4,140,242 (this copies)
    [hcompact:python3] rows widen 7B -> 12B per relator at 1 states (in place)
    [hcompact:python3] rows widen 6B -> 12B per relator at 1 states (in place)
    [hcompact:python3] reservation exceeded at 2,060,570 states; growing to 4,140,242 (this copies)
    [hcompact:python3] rows widen 6B -> 12B per relator at 1 states (in place)
    [hcompact:python3] reservation exceeded at 2,060,587 states; growing to 4,140,242 (this copies)
    [hcompact:python3] rows widen 6B -> 12B per relator at 1 states (in place)
    [hcompact:python3] reservation exceeded at 2,060,704 states; growing to 4,140,242 (this copies)
    [hcompact:python3] reservation exceeded at 2,060,562 states; growing to 4,140,242 (this copies)
    [hcompact:python3] rows widen 6B -> 12B per relator at 1 states (in place)
    [hcompact:python3] reservation exceeded at 2,060,639 states; growing to 4,140,242 (this copies)
    [hcompact:python3] rows widen 6B -> 12B per relator at 1,681 states (in place)
    [hcompact:python3] rows widen 6B -> 12B per relator at 32,418 states (in place)
    [hcompact:python3] reservation exceeded at 2,060,522 states; growing to 4,140,242 (this copies)
    [hcompact:python3] rows widen 6B -> 12B per relator at 1 states (in place)
  1000/1250 records  19.8 min elapsed  ETA 5.0 min
    [hcompact:python3] rows widen 6B -> 12B per relator at 6,986 states (in place)
    [hcompact:python3] rows widen 6B -> 12B per relator at 1,466 states (in place)
    [hcompact:python3] rows widen 6B -> 12B per relator at 1 states (in place)
    [hcompact:python3] rows widen 6B -> 12B per relator at 137,951 states (in place)
    [hcompact:python3] reservation exceeded at 2,060,698 states; growing to 4,140,242 (this copies)
    [hcompact:python3] rows widen 6B -> 12B per relator at 67,919 states (in place)
    [hcompact:python3] reservation exceeded at 2,060,521 states; growing to 4,140,242 (this copies)
    [hcompact:python3] rows widen 6B -> 12B per relator at 7,401 states (in place)
    [hcompact:python3] rows widen 6B -> 12B per relator at 3,735 states (in place)
    [hcompact:python3] rows widen 6B -> 12B per relator at 10,323 states (in place)
    [hcompact:python3] rows widen 6B -> 12B per relator at 1 states (in place)
    [hcompact:python3] rows widen 6B -> 12B per relator at 55,671 states (in place)
    [hcompact:python3] rows widen 6B -> 12B per relator at 85,936 states (in place)
    [hcompact:python3] rows widen 6B -> 12B per relator at 61,721 states (in place)
    [hcompact:python3] rows widen 6B -> 12B per relator at 1 states (in place)
    [hcompact:python3] rows widen 6B -> 12B per relator at 1 states (in place)
    [hcompact:python3] reservation exceeded at 2,060,566 states; growing to 4,140,242 (this copies)
    [hcompact:python3] rows widen 6B -> 12B per relator at 1 states (in place)
    [hcompact:python3] rows widen 6B -> 12B per relator at 1 states (in place)
    [hcompact:python3] reservation exceeded at 2,060,579 states; growing to 4,140,242 (this copies)
    [hcompact:python3] reservation exceeded at 2,060,534 states; growing to 4,140,242 (this copies)
    [hcompact:python3] rows widen 6B -> 12B per relator at 1 states (in place)
    [hcompact:python3] reservation exceeded at 2,060,549 states; growing to 4,140,242 (this copies)
    [hcompact:python3] rows widen 6B -> 12B per relator at 1 states (in place)
    [hcompact:python3] reservation exceeded at 2,060,596 states; growing to 4,140,242 (this copies)
    [hcompact:python3] rows widen 6B -> 12B per relator at 1 states (in place)
    [hcompact:python3] rows widen 6B -> 12B per relator at 1 states (in place)
    [hcompact:python3] rows widen 6B -> 12B per relator at 1,964 states (in place)
    [hcompact:python3] reservation exceeded at 2,060,541 states; growing to 4,140,242 (this copies)
    [hcompact:python3] rows widen 6B -> 12B per relator at 1,289 states (in place)
    [hcompact:python3] reservation exceeded at 2,060,540 states; growing to 4,140,242 (this copies)
    [hcompact:python3] rows widen 6B -> 12B per relator at 4,113 states (in place)
    [hcompact:python3] rows widen 6B -> 12B per relator at 5,774 states (in place)
    [hcompact:python3] rows widen 6B -> 12B per relator at 29,628 states (in place)
    [hcompact:python3] rows widen 6B -> 12B per relator at 143 states (in place)
    [hcompact:python3] rows widen 6B -> 12B per relator at 1 states (in place)
    [hcompact:python3] rows widen 6B -> 12B per relator at 14,374 states (in place)
    [hcompact:python3] rows widen 6B -> 12B per relator at 1 states (in place)
    [hcompact:python3] rows widen 6B -> 12B per relator at 1 states (in place)
    [hcompact:python3] rows widen 6B -> 12B per relator at 1 states (in place)
    [hcompact:python3] reservation exceeded at 2,060,677 states; growing to 4,140,242 (this copies)
    [hcompact:python3] rows widen 6B -> 12B per relator at 2,544 states (in place)
    [hcompact:python3] reservation exceeded at 2,060,545 states; growing to 4,140,242 (this copies)
    [hcompact:python3] reservation exceeded at 2,060,646 states; growing to 4,140,242 (this copies)
    [hcompact:python3] reservation exceeded at 2,060,652 states; growing to 4,140,242 (this copies)
    [hcompact:python3] rows widen 6B -> 12B per relator at 1 states (in place)
    [hcompact:python3] rows widen 6B -> 12B per relator at 1 states (in place)
    [hcompact:python3] rows widen 6B -> 12B per relator at 1 states (in place)
    [hcompact:python3] rows widen 6B -> 12B per relator at 1 states (in place)
    [hcompact:python3] reservation exceeded at 2,060,583 states; growing to 4,140,242 (this copies)
    [hcompact:python3] reservation exceeded at 2,060,518 states; growing to 4,140,242 (this copies)
    [hcompact:python3] reservation exceeded at 2,060,606 states; growing to 4,140,242 (this copies)
    [hcompact:python3] rows widen 8B -> 12B per relator at 1 states (in place)
    [hcompact:python3] rows widen 6B -> 12B per relator at 1 states (in place)
    [hcompact:python3] rows widen 9B -> 12B per relator at 1 states (in place)
    [hcompact:python3] reservation exceeded at 2,060,536 states; growing to 4,140,242 (this copies)
    [hcompact:python3] rows widen 7B -> 12B per relator at 1 states (in place)
    [hcompact:python3] reservation exceeded at 2,060,588 states; growing to 4,140,242 (this copies)
    [hcompact:python3] rows widen 7B -> 12B per relator at 1 states (in place)
    [hcompact:python3] reservation exceeded at 2,060,708 states; growing to 4,140,242 (this copies)
    [hcompact:python3] rows widen 8B -> 12B per relator at 1 states (in place)
    [hcompact:python3] reservation exceeded at 2,060,623 states; growing to 4,140,242 (this copies)
    [hcompact:python3] reservation exceeded at 2,060,614 states; growing to 4,140,242 (this copies)
    [hcompact:python3] rows widen 9B -> 12B per relator at 1 states (in place)
    [hcompact:python3] reservation exceeded at 2,060,549 states; growing to 4,140,242 (this copies)
    [hcompact:python3] rows widen 7B -> 12B per relator at 1 states (in place)
    [hcompact:python3] rows widen 7B -> 12B per relator at 1 states (in place)
    [hcompact:python3] rows widen 8B -> 12B per relator at 1 states (in place)
    [hcompact:python3] reservation exceeded at 2,060,654 states; growing to 4,140,242 (this copies)
    [hcompact:python3] reservation exceeded at 2,060,636 states; growing to 4,140,242 (this copies)
    [hcompact:python3] reservation exceeded at 2,060,632 states; growing to 4,140,242 (this copies)
    [hcompact:python3] rows widen 6B -> 12B per relator at 1 states (in place)
    [hcompact:python3] reservation exceeded at 2,060,551 states; growing to 4,140,242 (this copies)
    [hcompact:python3] rows widen 6B -> 12B per relator at 1 states (in place)
  1025/1250 records  20.7 min elapsed  ETA 4.6 min
    [hcompact:python3] rows widen 6B -> 12B per relator at 1 states (in place)
    [hcompact:python3] rows widen 6B -> 12B per relator at 1 states (in place)
    [hcompact:python3] reservation exceeded at 2,060,696 states; growing to 4,140,242 (this copies)
    [hcompact:python3] rows widen 6B -> 12B per relator at 2,023 states (in place)
    [hcompact:python3] reservation exceeded at 2,060,530 states; growing to 4,140,242 (this copies)
    [hcompact:python3] reservation exceeded at 4,130,731 states; growing to 8,280,484 (this copies)
    [hcompact:python3] rows widen 6B -> 12B per relator at 1 states (in place)
    [hcompact:python3] reservation exceeded at 2,060,605 states; growing to 4,140,242 (this copies)
    [hcompact:python3] rows widen 6B -> 12B per relator at 1 states (in place)
    [hcompact:python3] rows widen 8B -> 12B per relator at 1 states (in place)
    [hcompact:python3] rows widen 6B -> 12B per relator at 1,714 states (in place)
    [hcompact:python3] rows widen 6B -> 12B per relator at 8,977 states (in place)
    [hcompact:python3] rows widen 6B -> 12B per relator at 46,655 states (in place)
    [hcompact:python3] reservation exceeded at 2,060,666 states; growing to 4,140,242 (this copies)
    [hcompact:python3] reservation exceeded at 2,060,573 states; growing to 4,140,242 (this copies)
    [hcompact:python3] reservation exceeded at 2,060,637 states; growing to 4,140,242 (this copies)
    [hcompact:python3] rows widen 6B -> 12B per relator at 1,759 states (in place)
    [hcompact:python3] rows widen 6B -> 12B per relator at 1 states (in place)
    [hcompact:python3] reservation exceeded at 2,060,641 states; growing to 4,140,242 (this copies)
    [hcompact:python3] reservation exceeded at 4,130,905 states; growing to 8,280,484 (this copies)
    [hcompact:python3] reservation exceeded at 2,060,602 states; growing to 4,140,242 (this copies)
    [hcompact:python3] reservation exceeded at 4,130,697 states; growing to 8,280,484 (this copies)
    [hcompact:python3] rows widen 6B -> 12B per relator at 13,190 states (in place)
    [hcompact:python3] rows widen 6B -> 12B per relator at 1 states (in place)
    [hcompact:python3] rows widen 6B -> 12B per relator at 1 states (in place)
    [hcompact:python3] rows widen 6B -> 12B per relator at 2,353 states (in place)
    [hcompact:python3] rows widen 6B -> 12B per relator at 1 states (in place)
    [hcompact:python3] rows widen 6B -> 12B per relator at 585 states (in place)
    [hcompact:python3] reservation exceeded at 2,060,538 states; growing to 4,140,242 (this copies)
    [hcompact:python3] rows widen 6B -> 12B per relator at 1 states (in place)
    [hcompact:python3] rows widen 6B -> 12B per relator at 1 states (in place)
    [hcompact:python3] reservation exceeded at 2,060,673 states; growing to 4,140,242 (this copies)
    [hcompact:python3] reservation exceeded at 2,060,575 states; growing to 4,140,242 (this copies)
    [hcompact:python3] reservation exceeded at 2,060,619 states; growing to 4,140,242 (this copies)
    [hcompact:python3] rows widen 6B -> 12B per relator at 12,625 states (in place)
    [hcompact:python3] rows widen 6B -> 12B per relator at 1 states (in place)
    [hcompact:python3] rows widen 6B -> 12B per relator at 1 states (in place)
    [hcompact:python3] reservation exceeded at 2,060,777 states; growing to 4,140,242 (this copies)
    [hcompact:python3] rows widen 6B -> 12B per relator at 1 states (in place)
    [hcompact:python3] rows widen 6B -> 12B per relator at 1 states (in place)
    [hcompact:python3] reservation exceeded at 2,060,593 states; growing to 4,140,242 (this copies)
    [hcompact:python3] reservation exceeded at 2,060,647 states; growing to 4,140,242 (this copies)
    [hcompact:python3] rows widen 6B -> 12B per relator at 1 states (in place)
    [hcompact:python3] reservation exceeded at 2,060,540 states; growing to 4,140,242 (this copies)
    [hcompact:python3] reservation exceeded at 2,060,681 states; growing to 4,140,242 (this copies)
    [hcompact:python3] rows widen 6B -> 12B per relator at 1 states (in place)
    [hcompact:python3] rows widen 6B -> 12B per relator at 1 states (in place)
    [hcompact:python3] reservation exceeded at 2,060,575 states; growing to 4,140,242 (this copies)
    [hcompact:python3] rows widen 6B -> 12B per relator at 1 states (in place)
    [hcompact:python3] reservation exceeded at 2,060,561 states; growing to 4,140,242 (this copies)
    [hcompact:python3] reservation exceeded at 2,060,563 states; growing to 4,140,242 (this copies)
    [hcompact:python3] reservation exceeded at 4,130,639 states; growing to 8,280,484 (this copies)
    [hcompact:python3] rows widen 6B -> 12B per relator at 926 states (in place)
    [hcompact:python3] reservation exceeded at 2,060,524 states; growing to 4,140,242 (this copies)
    [hcompact:python3] reservation exceeded at 4,130,820 states; growing to 8,280,484 (this copies)
    [hcompact:python3] rows widen 6B -> 12B per relator at 1 states (in place)
    [hcompact:python3] reservation exceeded at 2,060,555 states; growing to 4,140,242 (this copies)
    [hcompact:python3] rows widen 6B -> 12B per relator at 414 states (in place)
    [hcompact:python3] rows widen 6B -> 12B per relator at 4,680 states (in place)
    [hcompact:python3] rows widen 6B -> 12B per relator at 1 states (in place)
    [hcompact:python3] reservation exceeded at 2,060,548 states; growing to 4,140,242 (this copies)
    [hcompact:python3] reservation exceeded at 2,060,608 states; growing to 4,140,242 (this copies)
    [hcompact:python3] reservation exceeded at 2,060,575 states; growing to 4,140,242 (this copies)
    [hcompact:python3] rows widen 6B -> 12B per relator at 4,085 states (in place)
    [hcompact:python3] rows widen 6B -> 12B per relator at 1,061 states (in place)
    [hcompact:python3] reservation exceeded at 2,060,556 states; growing to 4,140,242 (this copies)
    [hcompact:python3] reservation exceeded at 4,130,770 states; growing to 8,280,484 (this copies)
    [hcompact:python3] reservation exceeded at 2,060,587 states; growing to 4,140,242 (this copies)
    [hcompact:python3] reservation exceeded at 2,060,532 states; growing to 4,140,242 (this copies)
    [hcompact:python3] rows widen 6B -> 12B per relator at 1 states (in place)
    [hcompact:python3] rows widen 6B -> 12B per relator at 14,755 states (in place)
    [hcompact:python3] rows widen 6B -> 12B per relator at 1 states (in place)
    [hcompact:python3] reservation exceeded at 4,130,818 states; growing to 8,280,484 (this copies)
    [hcompact:python3] rows widen 6B -> 12B per relator at 1,288 states (in place)
    [hcompact:python3] rows widen 6B -> 12B per relator at 1 states (in place)
    [hcompact:python3] reservation exceeded at 2,060,704 states; growing to 4,140,242 (this copies)
    [hcompact:python3] reservation exceeded at 2,060,625 states; growing to 4,140,242 (this copies)
    [hcompact:python3] rows widen 6B -> 12B per relator at 1 states (in place)
    [hcompact:python3] reservation exceeded at 2,060,547 states; growing to 4,140,242 (this copies)
    [hcompact:python3] rows widen 6B -> 12B per relator at 1 states (in place)
    [hcompact:python3] reservation exceeded at 2,060,542 states; growing to 4,140,242 (this copies)
    [hcompact:python3] rows widen 6B -> 12B per relator at 7,992 states (in place)
    [hcompact:python3] rows widen 6B -> 12B per relator at 1 states (in place)
    [hcompact:python3] reservation exceeded at 2,060,652 states; growing to 4,140,242 (this copies)
    [hcompact:python3] reservation exceeded at 2,060,692 states; growing to 4,140,242 (this copies)
    [hcompact:python3] reservation exceeded at 2,060,589 states; growing to 4,140,242 (this copies)
    [hcompact:python3] rows widen 6B -> 12B per relator at 1,563 states (in place)
    [hcompact:python3] rows widen 6B -> 12B per relator at 1 states (in place)
    [hcompact:python3] rows widen 6B -> 12B per relator at 60,753 states (in place)
    [hcompact:python3] reservation exceeded at 2,060,610 states; growing to 4,140,242 (this copies)
    [hcompact:python3] rows widen 6B -> 12B per relator at 1 states (in place)
    [hcompact:python3] rows widen 6B -> 12B per relator at 1 states (in place)
    [hcompact:python3] rows widen 6B -> 12B per relator at 1 states (in place)
  1050/1250 records  22.0 min elapsed  ETA 4.2 min
    [hcompact:python3] rows widen 6B -> 12B per relator at 1 states (in place)
    [hcompact:python3] reservation exceeded at 2,060,637 states; growing to 4,140,242 (this copies)
    [hcompact:python3] reservation exceeded at 2,060,587 states; growing to 4,140,242 (this copies)
    [hcompact:python3] reservation exceeded at 2,060,519 states; growing to 4,140,242 (this copies)
    [hcompact:python3] rows widen 6B -> 12B per relator at 1 states (in place)
    [hcompact:python3] reservation exceeded at 2,060,646 states; growing to 4,140,242 (this copies)
    [hcompact:python3] rows widen 6B -> 12B per relator at 1 states (in place)
    [hcompact:python3] rows widen 6B -> 12B per relator at 1 states (in place)
    [hcompact:python3] reservation exceeded at 2,060,710 states; growing to 4,140,242 (this copies)
    [hcompact:python3] reservation exceeded at 4,130,662 states; growing to 8,280,484 (this copies)
    [hcompact:python3] reservation exceeded at 2,060,568 states; growing to 4,140,242 (this copies)
    [hcompact:python3] reservation exceeded at 2,060,552 states; growing to 4,140,242 (this copies)
    [hcompact:python3] rows widen 6B -> 12B per relator at 1 states (in place)
    [hcompact:python3] reservation exceeded at 4,130,766 states; growing to 8,280,484 (this copies)
    [hcompact:python3] rows widen 6B -> 12B per relator at 724 states (in place)
    [hcompact:python3] rows widen 6B -> 12B per relator at 1 states (in place)
    [hcompact:python3] rows widen 6B -> 12B per relator at 302 states (in place)
    [hcompact:python3] reservation exceeded at 2,060,710 states; growing to 4,140,242 (this copies)
    [hcompact:python3] rows widen 6B -> 12B per relator at 44,815 states (in place)
    [hcompact:python3] rows widen 6B -> 12B per relator at 60,607 states (in place)
    [hcompact:python3] reservation exceeded at 2,060,686 states; growing to 4,140,242 (this copies)
    [hcompact:python3] rows widen 6B -> 12B per relator at 1 states (in place)
    [hcompact:python3] rows widen 6B -> 12B per relator at 1 states (in place)
    [hcompact:python3] rows widen 6B -> 12B per relator at 1 states (in place)
    [hcompact:python3] reservation exceeded at 4,130,827 states; growing to 8,280,484 (this copies)
    [hcompact:python3] rows widen 6B -> 12B per relator at 1 states (in place)
    [hcompact:python3] reservation exceeded at 2,060,574 states; growing to 4,140,242 (this copies)
    [hcompact:python3] rows widen 6B -> 12B per relator at 1 states (in place)
    [hcompact:python3] reservation exceeded at 4,130,655 states; growing to 8,280,484 (this copies)
    [hcompact:python3] rows widen 6B -> 12B per relator at 1 states (in place)
    [hcompact:python3] rows widen 6B -> 12B per relator at 1 states (in place)
    [hcompact:python3] rows widen 6B -> 12B per relator at 1 states (in place)
    [hcompact:python3] rows widen 6B -> 12B per relator at 1 states (in place)
    [hcompact:python3] reservation exceeded at 2,060,604 states; growing to 4,140,242 (this copies)
    [hcompact:python3] rows widen 6B -> 12B per relator at 1 states (in place)
    [hcompact:python3] rows widen 6B -> 12B per relator at 1 states (in place)
    [hcompact:python3] rows widen 6B -> 12B per relator at 1 states (in place)
    [hcompact:python3] reservation exceeded at 2,060,519 states; growing to 4,140,242 (this copies)
    [hcompact:python3] reservation exceeded at 2,060,615 states; growing to 4,140,242 (this copies)
    [hcompact:python3] reservation exceeded at 2,060,605 states; growing to 4,140,242 (this copies)
    [hcompact:python3] rows widen 6B -> 12B per relator at 1 states (in place)
    [hcompact:python3] reservation exceeded at 2,060,733 states; growing to 4,140,242 (this copies)
    [hcompact:python3] rows widen 6B -> 12B per relator at 1 states (in place)
    [hcompact:python3] rows widen 6B -> 12B per relator at 1 states (in place)
    [hcompact:python3] rows widen 6B -> 12B per relator at 1 states (in place)
    [hcompact:python3] rows widen 6B -> 12B per relator at 1 states (in place)
    [hcompact:python3] rows widen 6B -> 12B per relator at 1 states (in place)
    [hcompact:python3] rows widen 6B -> 12B per relator at 1 states (in place)
    [hcompact:python3] rows widen 6B -> 12B per relator at 1 states (in place)
    [hcompact:python3] reservation exceeded at 2,060,666 states; growing to 4,140,242 (this copies)
    [hcompact:python3] reservation exceeded at 2,060,673 states; growing to 4,140,242 (this copies)
    [hcompact:python3] reservation exceeded at 2,060,588 states; growing to 4,140,242 (this copies)
    [hcompact:python3] reservation exceeded at 2,060,645 states; growing to 4,140,242 (this copies)
    [hcompact:python3] rows widen 6B -> 12B per relator at 1 states (in place)
    [hcompact:python3] rows widen 6B -> 12B per relator at 967 states (in place)
    [hcompact:python3] rows widen 6B -> 12B per relator at 2,936 states (in place)
    [hcompact:python3] rows widen 6B -> 12B per relator at 51,861 states (in place)
    [hcompact:python3] rows widen 6B -> 12B per relator at 1 states (in place)
    [hcompact:python3] reservation exceeded at 2,060,565 states; growing to 4,140,242 (this copies)
    [hcompact:python3] reservation exceeded at 2,060,530 states; growing to 4,140,242 (this copies)
    [hcompact:python3] rows widen 6B -> 12B per relator at 12,190 states (in place)
    [hcompact:python3] rows widen 6B -> 12B per relator at 841 states (in place)
    [hcompact:python3] reservation exceeded at 2,060,549 states; growing to 4,140,242 (this copies)
    [hcompact:python3] rows widen 6B -> 12B per relator at 3,027 states (in place)
    [hcompact:python3] rows widen 6B -> 12B per relator at 18,818 states (in place)
    [hcompact:python3] rows widen 6B -> 12B per relator at 75 states (in place)
    [hcompact:python3] rows widen 6B -> 12B per relator at 951 states (in place)
    [hcompact:python3] reservation exceeded at 2,060,561 states; growing to 4,140,242 (this copies)
    [hcompact:python3] rows widen 6B -> 12B per relator at 713 states (in place)
    [hcompact:python3] rows widen 6B -> 12B per relator at 44,817 states (in place)
    [hcompact:python3] rows widen 6B -> 12B per relator at 1,645 states (in place)
    [hcompact:python3] reservation exceeded at 2,060,525 states; growing to 4,140,242 (this copies)
    [hcompact:python3] rows widen 6B -> 12B per relator at 8,796 states (in place)
    [hcompact:python3] rows widen 6B -> 12B per relator at 1 states (in place)
    [hcompact:python3] reservation exceeded at 2,060,524 states; growing to 4,140,242 (this copies)
    [hcompact:python3] rows widen 6B -> 12B per relator at 1 states (in place)
    [hcompact:python3] rows widen 6B -> 12B per relator at 75 states (in place)
    [hcompact:python3] rows widen 6B -> 12B per relator at 2,040 states (in place)
    [hcompact:python3] rows widen 6B -> 12B per relator at 11,472 states (in place)
  1075/1250 records  23.0 min elapsed  ETA 3.8 min
    [hcompact:python3] rows widen 6B -> 12B per relator at 1,182 states (in place)
    [hcompact:python3] reservation exceeded at 2,060,549 states; growing to 4,140,242 (this copies)
    [hcompact:python3] rows widen 6B -> 12B per relator at 1 states (in place)
    [hcompact:python3] reservation exceeded at 2,060,648 states; growing to 4,140,242 (this copies)
    [hcompact:python3] reservation exceeded at 2,060,629 states; growing to 4,140,242 (this copies)
    [hcompact:python3] reservation exceeded at 2,060,552 states; growing to 4,140,242 (this copies)
    [hcompact:python3] rows widen 6B -> 12B per relator at 7,359 states (in place)
    [hcompact:python3] rows widen 6B -> 12B per relator at 1 states (in place)
    [hcompact:python3] reservation exceeded at 2,060,567 states; growing to 4,140,242 (this copies)
    [hcompact:python3] rows widen 6B -> 12B per relator at 1 states (in place)
    [hcompact:python3] rows widen 6B -> 12B per relator at 1 states (in place)
    [hcompact:python3] reservation exceeded at 2,060,559 states; growing to 4,140,242 (this copies)
    [hcompact:python3] rows widen 6B -> 12B per relator at 298 states (in place)
    [hcompact:python3] reservation exceeded at 2,060,539 states; growing to 4,140,242 (this copies)
    [hcompact:python3] reservation exceeded at 2,060,637 states; growing to 4,140,242 (this copies)
    [hcompact:python3] reservation exceeded at 2,060,635 states; growing to 4,140,242 (this copies)
    [hcompact:python3] reservation exceeded at 2,060,541 states; growing to 4,140,242 (this copies)
    [hcompact:python3] rows widen 6B -> 12B per relator at 1 states (in place)
    [hcompact:python3] reservation exceeded at 4,130,719 states; growing to 8,280,484 (this copies)
    [hcompact:python3] rows widen 6B -> 12B per relator at 1,313 states (in place)
    [hcompact:python3] reservation exceeded at 4,130,786 states; growing to 8,280,484 (this copies)
    [hcompact:python3] rows widen 6B -> 12B per relator at 1 states (in place)
    [hcompact:python3] reservation exceeded at 2,060,609 states; growing to 4,140,242 (this copies)
    [hcompact:python3] reservation exceeded at 2,060,546 states; growing to 4,140,242 (this copies)
    [hcompact:python3] rows widen 6B -> 12B per relator at 1 states (in place)
    [hcompact:python3] rows widen 6B -> 12B per relator at 1 states (in place)
    [hcompact:python3] rows widen 6B -> 12B per relator at 1 states (in place)
    [hcompact:python3] reservation exceeded at 2,060,592 states; growing to 4,140,242 (this copies)
    [hcompact:python3] rows widen 6B -> 12B per relator at 1 states (in place)
    [hcompact:python3] reservation exceeded at 2,060,681 states; growing to 4,140,242 (this copies)
    [hcompact:python3] reservation exceeded at 2,060,603 states; growing to 4,140,242 (this copies)
    [hcompact:python3] reservation exceeded at 2,060,546 states; growing to 4,140,242 (this copies)
    [hcompact:python3] reservation exceeded at 4,130,891 states; growing to 8,280,484 (this copies)
    [hcompact:python3] rows widen 6B -> 12B per relator at 1 states (in place)
    [hcompact:python3] rows widen 6B -> 12B per relator at 1 states (in place)
    [hcompact:python3] reservation exceeded at 4,130,653 states; growing to 8,280,484 (this copies)
    [hcompact:python3] rows widen 6B -> 12B per relator at 1 states (in place)
    [hcompact:python3] reservation exceeded at 2,060,536 states; growing to 4,140,242 (this copies)
    [hcompact:python3] rows widen 6B -> 12B per relator at 1 states (in place)
    [hcompact:python3] reservation exceeded at 2,060,568 states; growing to 4,140,242 (this copies)
    [hcompact:python3] reservation exceeded at 2,060,639 states; growing to 4,140,242 (this copies)
    [hcompact:python3] rows widen 6B -> 12B per relator at 1 states (in place)
    [hcompact:python3] rows widen 6B -> 12B per relator at 1 states (in place)
    [hcompact:python3] reservation exceeded at 2,060,636 states; growing to 4,140,242 (this copies)
    [hcompact:python3] rows widen 6B -> 12B per relator at 1 states (in place)
    [hcompact:python3] reservation exceeded at 2,060,582 states; growing to 4,140,242 (this copies)
    [hcompact:python3] reservation exceeded at 2,060,528 states; growing to 4,140,242 (this copies)
    [hcompact:python3] reservation exceeded at 2,060,652 states; growing to 4,140,242 (this copies)
    [hcompact:python3] rows widen 6B -> 12B per relator at 1 states (in place)
    [hcompact:python3] rows widen 6B -> 12B per relator at 1 states (in place)
    [hcompact:python3] rows widen 6B -> 12B per relator at 1 states (in place)
    [hcompact:python3] rows widen 6B -> 12B per relator at 1 states (in place)
    [hcompact:python3] rows widen 8B -> 12B per relator at 1 states (in place)
    [hcompact:python3] reservation exceeded at 2,060,574 states; growing to 4,140,242 (this copies)
    [hcompact:python3] rows widen 8B -> 12B per relator at 1 states (in place)
    [hcompact:python3] rows widen 8B -> 12B per relator at 1 states (in place)
    [hcompact:python3] reservation exceeded at 2,060,556 states; growing to 4,140,242 (this copies)
    [hcompact:python3] rows widen 8B -> 12B per relator at 1 states (in place)
    [hcompact:python3] rows widen 6B -> 12B per relator at 1 states (in place)
    [hcompact:python3] rows widen 8B -> 12B per relator at 1 states (in place)
    [hcompact:python3] reservation exceeded at 4,130,818 states; growing to 8,280,484 (this copies)
    [hcompact:python3] rows widen 8B -> 12B per relator at 1 states (in place)
    [hcompact:python3] reservation exceeded at 2,060,578 states; growing to 4,140,242 (this copies)
    [hcompact:python3] rows widen 6B -> 12B per relator at 500 states (in place)
    [hcompact:python3] reservation exceeded at 2,060,637 states; growing to 4,140,242 (this copies)
    [hcompact:python3] rows widen 6B -> 12B per relator at 236 states (in place)
    [hcompact:python3] rows widen 8B -> 12B per relator at 1 states (in place)
    [hcompact:python3] reservation exceeded at 2,060,580 states; growing to 4,140,242 (this copies)
    [hcompact:python3] reservation exceeded at 2,060,518 states; growing to 4,140,242 (this copies)
    [hcompact:python3] rows widen 6B -> 12B per relator at 10,888 states (in place)
    [hcompact:python3] rows widen 8B -> 12B per relator at 1 states (in place)
    [hcompact:python3] reservation exceeded at 2,060,549 states; growing to 4,140,242 (this copies)
    [hcompact:python3] rows widen 6B -> 12B per relator at 1,161 states (in place)
    [hcompact:python3] reservation exceeded at 2,060,747 states; growing to 4,140,242 (this copies)
    [hcompact:python3] rows widen 6B -> 12B per relator at 236 states (in place)
    [hcompact:python3] reservation exceeded at 2,060,603 states; growing to 4,140,242 (this copies)
    [hcompact:python3] reservation exceeded at 2,060,641 states; growing to 4,140,242 (this copies)
    [hcompact:python3] rows widen 6B -> 12B per relator at 34,437 states (in place)
    [hcompact:python3] reservation exceeded at 2,060,549 states; growing to 4,140,242 (this copies)
    [hcompact:python3] rows widen 6B -> 12B per relator at 488 states (in place)
    [hcompact:python3] rows widen 6B -> 12B per relator at 269 states (in place)
    [hcompact:python3] rows widen 6B -> 12B per relator at 1 states (in place)
    [hcompact:python3] rows widen 6B -> 12B per relator at 1 states (in place)
    [hcompact:python3] reservation exceeded at 2,060,656 states; growing to 4,140,242 (this copies)
    [hcompact:python3] reservation exceeded at 2,060,620 states; growing to 4,140,242 (this copies)
    [hcompact:python3] reservation exceeded at 2,060,606 states; growing to 4,140,242 (this copies)
    [hcompact:python3] rows widen 6B -> 12B per relator at 11,284 states (in place)
    [hcompact:python3] reservation exceeded at 2,060,741 states; growing to 4,140,242 (this copies)
    [hcompact:python3] rows widen 6B -> 12B per relator at 577 states (in place)
    [hcompact:python3] reservation exceeded at 2,060,518 states; growing to 4,140,242 (this copies)
    [hcompact:python3] rows widen 6B -> 12B per relator at 951 states (in place)
    [hcompact:python3] reservation exceeded at 4,130,787 states; growing to 8,280,484 (this copies)
    [hcompact:python3] reservation exceeded at 2,060,601 states; growing to 4,140,242 (this copies)
    [hcompact:python3] rows widen 6B -> 12B per relator at 1 states (in place)
    [hcompact:python3] reservation exceeded at 2,060,519 states; growing to 4,140,242 (this copies)
    [hcompact:python3] reservation exceeded at 4,130,681 states; growing to 8,280,484 (this copies)
    [hcompact:python3] rows widen 6B -> 12B per relator at 7,911 states (in place)
    [hcompact:python3] rows widen 6B -> 12B per relator at 1,241 states (in place)
    [hcompact:python3] rows widen 6B -> 12B per relator at 6,137 states (in place)
  1100/1250 records  24.5 min elapsed  ETA 3.3 min
    [hcompact:python3] rows widen 6B -> 12B per relator at 1 states (in place)
    [hcompact:python3] rows widen 6B -> 12B per relator at 1 states (in place)
    [hcompact:python3] reservation exceeded at 2,060,713 states; growing to 4,140,242 (this copies)
    [hcompact:python3] rows widen 6B -> 12B per relator at 1 states (in place)
    [hcompact:python3] reservation exceeded at 2,060,601 states; growing to 4,140,242 (this copies)
    [hcompact:python3] reservation exceeded at 2,060,650 states; growing to 4,140,242 (this copies)
    [hcompact:python3] reservation exceeded at 2,060,613 states; growing to 4,140,242 (this copies)
    [hcompact:python3] reservation exceeded at 4,130,785 states; growing to 8,280,484 (this copies)
    [hcompact:python3] rows widen 6B -> 12B per relator at 67 states (in place)
    [hcompact:python3] rows widen 6B -> 12B per relator at 1 states (in place)
    [hcompact:python3] reservation exceeded at 4,130,828 states; growing to 8,280,484 (this copies)
    [hcompact:python3] reservation exceeded at 4,130,815 states; growing to 8,280,484 (this copies)
    [hcompact:python3] rows widen 6B -> 12B per relator at 1 states (in place)
    [hcompact:python3] reservation exceeded at 2,060,576 states; growing to 4,140,242 (this copies)
    [hcompact:python3] rows widen 6B -> 12B per relator at 228 states (in place)
    [hcompact:python3] reservation exceeded at 2,060,673 states; growing to 4,140,242 (this copies)
    [hcompact:python3] rows widen 6B -> 12B per relator at 67 states (in place)
    [hcompact:python3] reservation exceeded at 2,060,521 states; growing to 4,140,242 (this copies)
    [hcompact:python3] rows widen 6B -> 12B per relator at 7,038 states (in place)
    [hcompact:python3] reservation exceeded at 2,060,571 states; growing to 4,140,242 (this copies)
    [hcompact:python3] reservation exceeded at 2,060,555 states; growing to 4,140,242 (this copies)
    [hcompact:python3] rows widen 6B -> 12B per relator at 137,951 states (in place)
    [hcompact:python3] rows widen 6B -> 12B per relator at 763 states (in place)
    [hcompact:python3] rows widen 6B -> 12B per relator at 1,387 states (in place)
    [hcompact:python3] rows widen 6B -> 12B per relator at 7,305 states (in place)
    [hcompact:python3] reservation exceeded at 4,130,672 states; growing to 8,280,484 (this copies)
    [hcompact:python3] rows widen 6B -> 12B per relator at 3,735 states (in place)
    [hcompact:python3] reservation exceeded at 2,060,604 states; growing to 4,140,242 (this copies)
    [hcompact:python3] rows widen 6B -> 12B per relator at 67,919 states (in place)
    [hcompact:python3] rows widen 6B -> 12B per relator at 55,671 states (in place)
    [hcompact:python3] rows widen 6B -> 12B per relator at 10,323 states (in place)
    [hcompact:python3] rows widen 6B -> 12B per relator at 85,936 states (in place)
    [hcompact:python3] rows widen 6B -> 12B per relator at 1 states (in place)
    [hcompact:python3] rows widen 6B -> 12B per relator at 1 states (in place)
    [hcompact:python3] rows widen 6B -> 12B per relator at 61,721 states (in place)
    [hcompact:python3] rows widen 6B -> 12B per relator at 1 states (in place)
    [hcompact:python3] reservation exceeded at 2,060,645 states; growing to 4,140,242 (this copies)
    [hcompact:python3] reservation exceeded at 2,060,588 states; growing to 4,140,242 (this copies)
    [hcompact:python3] rows widen 6B -> 12B per relator at 1 states (in place)
    [hcompact:python3] rows widen 6B -> 12B per relator at 1 states (in place)
    [hcompact:python3] reservation exceeded at 2,060,601 states; growing to 4,140,242 (this copies)
    [hcompact:python3] rows widen 6B -> 12B per relator at 1 states (in place)
    [hcompact:python3] rows widen 6B -> 12B per relator at 1 states (in place)
    [hcompact:python3] reservation exceeded at 2,060,543 states; growing to 4,140,242 (this copies)
    [hcompact:python3] reservation exceeded at 2,060,623 states; growing to 4,140,242 (this copies)
    [hcompact:python3] rows widen 6B -> 12B per relator at 1 states (in place)
    [hcompact:python3] rows widen 6B -> 12B per relator at 1 states (in place)
    [hcompact:python3] reservation exceeded at 2,060,628 states; growing to 4,140,242 (this copies)
    [hcompact:python3] rows widen 6B -> 12B per relator at 1,964 states (in place)
    [hcompact:python3] rows widen 6B -> 12B per relator at 1,225 states (in place)
    [hcompact:python3] rows widen 6B -> 12B per relator at 4,113 states (in place)
    [hcompact:python3] rows widen 6B -> 12B per relator at 5,975 states (in place)
    [hcompact:python3] reservation exceeded at 2,060,561 states; growing to 4,140,242 (this copies)
    [hcompact:python3] rows widen 6B -> 12B per relator at 29,628 states (in place)
    [hcompact:python3] rows widen 6B -> 12B per relator at 14,374 states (in place)
    [hcompact:python3] rows widen 6B -> 12B per relator at 2,418 states (in place)
    [hcompact:python3] rows widen 6B -> 12B per relator at 1 states (in place)
    [hcompact:python3] rows widen 6B -> 12B per relator at 2,096 states (in place)
    [hcompact:python3] rows widen 6B -> 12B per relator at 1,728 states (in place)
    [hcompact:python3] reservation exceeded at 2,060,536 states; growing to 4,140,242 (this copies)
    [hcompact:python3] rows widen 6B -> 12B per relator at 1 states (in place)
    [hcompact:python3] rows widen 6B -> 12B per relator at 8,977 states (in place)
    [hcompact:python3] reservation exceeded at 2,060,532 states; growing to 4,140,242 (this copies)
    [hcompact:python3] rows widen 6B -> 12B per relator at 46,655 states (in place)
    [hcompact:python3] rows widen 6B -> 12B per relator at 13,190 states (in place)
    [hcompact:python3] reservation exceeded at 2,060,603 states; growing to 4,140,242 (this copies)
    [hcompact:python3] reservation exceeded at 2,060,623 states; growing to 4,140,242 (this copies)
    [hcompact:python3] rows widen 6B -> 12B per relator at 1 states (in place)
    [hcompact:python3] rows widen 6B -> 12B per relator at 1 states (in place)
    [hcompact:python3] rows widen 6B -> 12B per relator at 1 states (in place)
    [hcompact:python3] rows widen 6B -> 12B per relator at 1 states (in place)
    [hcompact:python3] reservation exceeded at 2,060,563 states; growing to 4,140,242 (this copies)
    [hcompact:python3] reservation exceeded at 2,060,558 states; growing to 4,140,242 (this copies)
    [hcompact:python3] reservation exceeded at 2,060,635 states; growing to 4,140,242 (this copies)
    [hcompact:python3] reservation exceeded at 2,060,553 states; growing to 4,140,242 (this copies)
    [hcompact:python3] rows widen 6B -> 12B per relator at 1 states (in place)
    [hcompact:python3] rows widen 6B -> 12B per relator at 1 states (in place)
    [hcompact:python3] rows widen 6B -> 12B per relator at 9,751 states (in place)
    [hcompact:python3] rows widen 6B -> 12B per relator at 1 states (in place)
  1125/1250 records  25.5 min elapsed  ETA 2.8 min
    [hcompact:python3] rows widen 6B -> 12B per relator at 1 states (in place)
    [hcompact:python3] rows widen 6B -> 12B per relator at 1 states (in place)
    [hcompact:python3] rows widen 7B -> 12B per relator at 1 states (in place)
    [hcompact:python3] reservation exceeded at 2,060,525 states; growing to 4,140,242 (this copies)
    [hcompact:python3] rows widen 7B -> 12B per relator at 1 states (in place)
    [hcompact:python3] rows widen 6B -> 12B per relator at 1 states (in place)
    [hcompact:python3] reservation exceeded at 2,060,603 states; growing to 4,140,242 (this copies)
    [hcompact:python3] reservation exceeded at 2,060,612 states; growing to 4,140,242 (this copies)
    [hcompact:python3] rows widen 6B -> 12B per relator at 1 states (in place)
    [hcompact:python3] reservation exceeded at 2,060,554 states; growing to 4,140,242 (this copies)
    [hcompact:python3] reservation exceeded at 2,060,647 states; growing to 4,140,242 (this copies)
    [hcompact:python3] reservation exceeded at 2,060,570 states; growing to 4,140,242 (this copies)
    [hcompact:python3] reservation exceeded at 4,130,829 states; growing to 8,280,484 (this copies)
    [hcompact:python3] rows widen 6B -> 12B per relator at 1 states (in place)
    [hcompact:python3] reservation exceeded at 4,130,783 states; growing to 8,280,484 (this copies)
    [hcompact:python3] rows widen 7B -> 12B per relator at 1 states (in place)
    [hcompact:python3] rows widen 6B -> 12B per relator at 1 states (in place)
    [hcompact:python3] rows widen 7B -> 12B per relator at 1 states (in place)
    [hcompact:python3] reservation exceeded at 2,060,640 states; growing to 4,140,242 (this copies)
    [hcompact:python3] reservation exceeded at 2,060,541 states; growing to 4,140,242 (this copies)
    [hcompact:python3] reservation exceeded at 2,060,526 states; growing to 4,140,242 (this copies)
    [hcompact:python3] rows widen 6B -> 12B per relator at 113 states (in place)
    [hcompact:python3] reservation exceeded at 2,060,523 states; growing to 4,140,242 (this copies)
    [hcompact:python3] rows widen 6B -> 12B per relator at 44,190 states (in place)
    [hcompact:python3] rows widen 6B -> 12B per relator at 935 states (in place)
    [hcompact:python3] rows widen 6B -> 12B per relator at 1 states (in place)
    [hcompact:python3] reservation exceeded at 4,130,688 states; growing to 8,280,484 (this copies)
    [hcompact:python3] reservation exceeded at 4,130,829 states; growing to 8,280,484 (this copies)
    [hcompact:python3] reservation exceeded at 2,060,590 states; growing to 4,140,242 (this copies)
    [hcompact:python3] rows widen 6B -> 12B per relator at 2,667 states (in place)
    [hcompact:python3] rows widen 6B -> 12B per relator at 11,117 states (in place)
    [hcompact:python3] rows widen 6B -> 12B per relator at 7,446 states (in place)
    [hcompact:python3] reservation exceeded at 2,060,616 states; growing to 4,140,242 (this copies)
    [hcompact:python3] rows widen 6B -> 12B per relator at 1 states (in place)
    [hcompact:python3] rows widen 6B -> 12B per relator at 1 states (in place)
    [hcompact:python3] rows widen 6B -> 12B per relator at 1 states (in place)
    [hcompact:python3] rows widen 6B -> 12B per relator at 1 states (in place)
    [hcompact:python3] rows widen 6B -> 12B per relator at 1 states (in place)
    [hcompact:python3] rows widen 7B -> 12B per relator at 1 states (in place)
    [hcompact:python3] reservation exceeded at 2,060,579 states; growing to 4,140,242 (this copies)
    [hcompact:python3] reservation exceeded at 2,060,603 states; growing to 4,140,242 (this copies)
    [hcompact:python3] reservation exceeded at 2,060,672 states; growing to 4,140,242 (this copies)
    [hcompact:python3] reservation exceeded at 2,060,601 states; growing to 4,140,242 (this copies)
    [hcompact:python3] rows widen 7B -> 12B per relator at 1 states (in place)
    [hcompact:python3] rows widen 6B -> 12B per relator at 1 states (in place)
    [hcompact:python3] rows widen 7B -> 12B per relator at 1 states (in place)
    [hcompact:python3] rows widen 6B -> 12B per relator at 1 states (in place)
    [hcompact:python3] reservation exceeded at 2,060,551 states; growing to 4,140,242 (this copies)
    [hcompact:python3] reservation exceeded at 2,060,773 states; growing to 4,140,242 (this copies)
    [hcompact:python3] reservation exceeded at 2,060,641 states; growing to 4,140,242 (this copies)
    [hcompact:python3] rows widen 6B -> 12B per relator at 1 states (in place)
    [hcompact:python3] rows widen 6B -> 12B per relator at 1,681 states (in place)
    [hcompact:python3] rows widen 6B -> 12B per relator at 32,418 states (in place)
    [hcompact:python3] reservation exceeded at 2,060,550 states; growing to 4,140,242 (this copies)
    [hcompact:python3] rows widen 7B -> 12B per relator at 1 states (in place)
    [hcompact:python3] rows widen 7B -> 12B per relator at 1 states (in place)
    [hcompact:python3] reservation exceeded at 2,060,522 states; growing to 4,140,242 (this copies)
    [hcompact:python3] rows widen 6B -> 12B per relator at 1 states (in place)
    [hcompact:python3] rows widen 6B -> 12B per relator at 1 states (in place)
    [hcompact:python3] rows widen 6B -> 12B per relator at 1 states (in place)
    [hcompact:python3] reservation exceeded at 2,060,568 states; growing to 4,140,242 (this copies)
    [hcompact:python3] reservation exceeded at 2,060,546 states; growing to 4,140,242 (this copies)
    [hcompact:python3] reservation exceeded at 2,060,563 states; growing to 4,140,242 (this copies)
    [hcompact:python3] reservation exceeded at 2,060,602 states; growing to 4,140,242 (this copies)
    [hcompact:python3] rows widen 6B -> 12B per relator at 69 states (in place)
    [hcompact:python3] rows widen 6B -> 12B per relator at 1 states (in place)
    [hcompact:python3] rows widen 6B -> 12B per relator at 372 states (in place)
    [hcompact:python3] rows widen 7B -> 12B per relator at 1 states (in place)
    [hcompact:python3] reservation exceeded at 2,060,598 states; growing to 4,140,242 (this copies)
    [hcompact:python3] reservation exceeded at 2,060,545 states; growing to 4,140,242 (this copies)
    [hcompact:python3] rows widen 6B -> 12B per relator at 2,544 states (in place)
    [hcompact:python3] reservation exceeded at 2,060,646 states; growing to 4,140,242 (this copies)
    [hcompact:python3] rows widen 6B -> 12B per relator at 1 states (in place)
    [hcompact:python3] rows widen 6B -> 12B per relator at 1,220 states (in place)
    [hcompact:python3] reservation exceeded at 2,060,549 states; growing to 4,140,242 (this copies)
    [hcompact:python3] rows widen 6B -> 12B per relator at 1 states (in place)
    [hcompact:python3] reservation exceeded at 2,060,606 states; growing to 4,140,242 (this copies)
    [hcompact:python3] rows widen 6B -> 12B per relator at 777 states (in place)
    [hcompact:python3] reservation exceeded at 2,060,612 states; growing to 4,140,242 (this copies)
    [hcompact:python3] rows widen 7B -> 12B per relator at 1 states (in place)
    [hcompact:python3] rows widen 7B -> 12B per relator at 1 states (in place)
    [hcompact:python3] reservation exceeded at 2,060,652 states; growing to 4,140,242 (this copies)
    [hcompact:python3] reservation exceeded at 2,060,523 states; growing to 4,140,242 (this copies)
    [hcompact:python3] rows widen 6B -> 12B per relator at 777 states (in place)
    [hcompact:python3] reservation exceeded at 2,060,559 states; growing to 4,140,242 (this copies)
    [hcompact:python3] rows widen 6B -> 12B per relator at 1 states (in place)
    [hcompact:python3] reservation exceeded at 2,060,538 states; growing to 4,140,242 (this copies)
    [hcompact:python3] rows widen 7B -> 12B per relator at 1 states (in place)
  1150/1250 records  26.6 min elapsed  ETA 2.3 min
    [hcompact:python3] rows widen 6B -> 12B per relator at 1 states (in place)
    [hcompact:python3] reservation exceeded at 2,060,536 states; growing to 4,140,242 (this copies)
    [hcompact:python3] rows widen 7B -> 12B per relator at 1 states (in place)
    [hcompact:python3] reservation exceeded at 2,060,529 states; growing to 4,140,242 (this copies)
    [hcompact:python3] reservation exceeded at 2,060,617 states; growing to 4,140,242 (this copies)
    [hcompact:python3] rows widen 6B -> 12B per relator at 1 states (in place)
    [hcompact:python3] rows widen 7B -> 12B per relator at 1 states (in place)
    [hcompact:python3] reservation exceeded at 2,060,655 states; growing to 4,140,242 (this copies)
    [hcompact:python3] rows widen 6B -> 12B per relator at 1 states (in place)
    [hcompact:python3] reservation exceeded at 2,060,607 states; growing to 4,140,242 (this copies)
    [hcompact:python3] reservation exceeded at 2,060,551 states; growing to 4,140,242 (this copies)
    [hcompact:python3] rows widen 6B -> 12B per relator at 1 states (in place)
    [hcompact:python3] rows widen 6B -> 12B per relator at 1 states (in place)
    [hcompact:python3] reservation exceeded at 2,060,636 states; growing to 4,140,242 (this copies)
    [hcompact:python3] reservation exceeded at 2,060,636 states; growing to 4,140,242 (this copies)
    [hcompact:python3] rows widen 6B -> 12B per relator at 1 states (in place)
    [hcompact:python3] rows widen 6B -> 12B per relator at 1 states (in place)
    [hcompact:python3] reservation exceeded at 2,060,574 states; growing to 4,140,242 (this copies)
    [hcompact:python3] reservation exceeded at 4,130,731 states; growing to 8,280,484 (this copies)
    [hcompact:python3] rows widen 6B -> 12B per relator at 1 states (in place)
    [hcompact:python3] rows widen 6B -> 12B per relator at 2,023 states (in place)
    [hcompact:python3] reservation exceeded at 2,060,531 states; growing to 4,140,242 (this copies)
    [hcompact:python3] rows widen 7B -> 12B per relator at 1 states (in place)
    [hcompact:python3] rows widen 6B -> 12B per relator at 1 states (in place)
    [hcompact:python3] rows widen 6B -> 12B per relator at 1 states (in place)
    [hcompact:python3] reservation exceeded at 2,060,540 states; growing to 4,140,242 (this copies)
    [hcompact:python3] rows widen 6B -> 12B per relator at 13,190 states (in place)
    [hcompact:python3] rows widen 6B -> 12B per relator at 585 states (in place)
    [hcompact:python3] reservation exceeded at 2,060,637 states; growing to 4,140,242 (this copies)
    [hcompact:python3] reservation exceeded at 2,060,661 states; growing to 4,140,242 (this copies)
    [hcompact:python3] rows widen 6B -> 12B per relator at 2,181 states (in place)
    [hcompact:python3] reservation exceeded at 2,060,630 states; growing to 4,140,242 (this copies)
    [hcompact:python3] rows widen 6B -> 12B per relator at 12,625 states (in place)
    [hcompact:python3] reservation exceeded at 2,060,619 states; growing to 4,140,242 (this copies)
    [hcompact:python3] reservation exceeded at 4,130,697 states; growing to 8,280,484 (this copies)
    [hcompact:python3] rows widen 6B -> 12B per relator at 8,977 states (in place)
    [hcompact:python3] reservation exceeded at 4,130,730 states; growing to 8,280,484 (this copies)
    [hcompact:python3] rows widen 6B -> 12B per relator at 1 states (in place)
    [hcompact:python3] rows widen 6B -> 12B per relator at 1 states (in place)
    [hcompact:python3] rows widen 6B -> 12B per relator at 1,241 states (in place)
    [hcompact:python3] reservation exceeded at 2,060,587 states; growing to 4,140,242 (this copies)
    [hcompact:python3] reservation exceeded at 2,060,713 states; growing to 4,140,242 (this copies)
    [hcompact:python3] rows widen 6B -> 12B per relator at 1 states (in place)
    [hcompact:python3] rows widen 6B -> 12B per relator at 1 states (in place)
    [hcompact:python3] reservation exceeded at 2,060,518 states; growing to 4,140,242 (this copies)
    [hcompact:python3] reservation exceeded at 2,060,617 states; growing to 4,140,242 (this copies)
    [hcompact:python3] reservation exceeded at 2,060,634 states; growing to 4,140,242 (this copies)
    [hcompact:python3] rows widen 6B -> 12B per relator at 3,969 states (in place)
    [hcompact:python3] rows widen 6B -> 12B per relator at 1 states (in place)
    [hcompact:python3] reservation exceeded at 2,060,627 states; growing to 4,140,242 (this copies)
    [hcompact:python3] rows widen 6B -> 12B per relator at 1,579 states (in place)
    [hcompact:python3] rows widen 6B -> 12B per relator at 1 states (in place)
    [hcompact:python3] reservation exceeded at 2,060,554 states; growing to 4,140,242 (this copies)
    [hcompact:python3] reservation exceeded at 2,060,589 states; growing to 4,140,242 (this copies)
    [hcompact:python3] rows widen 6B -> 12B per relator at 1 states (in place)
    [hcompact:python3] rows widen 6B -> 12B per relator at 46,655 states (in place)
    [hcompact:python3] rows widen 6B -> 12B per relator at 1 states (in place)
    [hcompact:python3] reservation exceeded at 2,060,554 states; growing to 4,140,242 (this copies)
    [hcompact:python3] rows widen 6B -> 12B per relator at 1 states (in place)
    [hcompact:python3] reservation exceeded at 2,060,555 states; growing to 4,140,242 (this copies)
    [hcompact:python3] rows widen 6B -> 12B per relator at 1 states (in place)
    [hcompact:python3] rows widen 6B -> 12B per relator at 1 states (in place)
    [hcompact:python3] reservation exceeded at 2,060,636 states; growing to 4,140,242 (this copies)
    [hcompact:python3] reservation exceeded at 2,060,685 states; growing to 4,140,242 (this copies)
    [hcompact:python3] reservation exceeded at 2,060,653 states; growing to 4,140,242 (this copies)
    [hcompact:python3] reservation exceeded at 2,060,588 states; growing to 4,140,242 (this copies)
    [hcompact:python3] rows widen 6B -> 12B per relator at 1 states (in place)
    [hcompact:python3] rows widen 6B -> 12B per relator at 1 states (in place)
    [hcompact:python3] rows widen 6B -> 12B per relator at 1 states (in place)
    [hcompact:python3] reservation exceeded at 4,130,689 states; growing to 8,280,484 (this copies)
    [hcompact:python3] reservation exceeded at 2,060,547 states; growing to 4,140,242 (this copies)
    [hcompact:python3] reservation exceeded at 2,060,708 states; growing to 4,140,242 (this copies)
    [hcompact:python3] reservation exceeded at 2,060,638 states; growing to 4,140,242 (this copies)
    [hcompact:python3] rows widen 6B -> 12B per relator at 1 states (in place)
    [hcompact:python3] rows widen 6B -> 12B per relator at 180 states (in place)
    [hcompact:python3] rows widen 6B -> 12B per relator at 1 states (in place)
    [hcompact:python3] rows widen 6B -> 12B per relator at 44,190 states (in place)
    [hcompact:python3] reservation exceeded at 4,130,830 states; growing to 8,280,484 (this copies)
    [hcompact:python3] rows widen 6B -> 12B per relator at 1 states (in place)
    [hcompact:python3] reservation exceeded at 2,060,632 states; growing to 4,140,242 (this copies)
    [hcompact:python3] reservation exceeded at 2,060,720 states; growing to 4,140,242 (this copies)
    [hcompact:python3] rows widen 6B -> 12B per relator at 1 states (in place)
    [hcompact:python3] rows widen 6B -> 12B per relator at 1 states (in place)
    [hcompact:python3] reservation exceeded at 2,060,604 states; growing to 4,140,242 (this copies)
    [hcompact:python3] rows widen 6B -> 12B per relator at 1 states (in place)
    [hcompact:python3] rows widen 6B -> 12B per relator at 1 states (in place)
    [hcompact:python3] reservation exceeded at 2,060,714 states; growing to 4,140,242 (this copies)
    [hcompact:python3] rows widen 6B -> 12B per relator at 1 states (in place)
    [hcompact:python3] reservation exceeded at 4,130,648 states; growing to 8,280,484 (this copies)
    [hcompact:python3] rows widen 6B -> 12B per relator at 1,717 states (in place)
    [hcompact:python3] rows widen 6B -> 12B per relator at 11,117 states (in place)
    [hcompact:python3] rows widen 8B -> 12B per relator at 1 states (in place)
    [hcompact:python3] reservation exceeded at 2,060,618 states; growing to 4,140,242 (this copies)
    [hcompact:python3] reservation exceeded at 4,130,768 states; growing to 8,280,484 (this copies)
  1175/1250 records  27.9 min elapsed  ETA 1.8 min
    [hcompact:python3] rows widen 9B -> 12B per relator at 1 states (in place)
    [hcompact:python3] rows widen 8B -> 12B per relator at 1 states (in place)
    [hcompact:python3] rows widen 7B -> 12B per relator at 1 states (in place)
    [hcompact:python3] reservation exceeded at 2,060,581 states; growing to 4,140,242 (this copies)
    [hcompact:python3] rows widen 8B -> 12B per relator at 1 states (in place)
    [hcompact:python3] reservation exceeded at 2,060,590 states; growing to 4,140,242 (this copies)
    [hcompact:python3] reservation exceeded at 2,060,596 states; growing to 4,140,242 (this copies)
    [hcompact:python3] reservation exceeded at 2,060,586 states; growing to 4,140,242 (this copies)
    [hcompact:python3] rows widen 9B -> 12B per relator at 1 states (in place)
    [hcompact:python3] rows widen 8B -> 12B per relator at 1 states (in place)
    [hcompact:python3] reservation exceeded at 2,060,553 states; growing to 4,140,242 (this copies)
    [hcompact:python3] rows widen 8B -> 12B per relator at 1 states (in place)
    [hcompact:python3] rows widen 7B -> 12B per relator at 1 states (in place)
    [hcompact:python3] reservation exceeded at 2,060,545 states; growing to 4,140,242 (this copies)
    [hcompact:python3] reservation exceeded at 2,060,612 states; growing to 4,140,242 (this copies)
    [hcompact:python3] rows widen 6B -> 12B per relator at 1 states (in place)
    [hcompact:python3] rows widen 6B -> 12B per relator at 1 states (in place)
    [hcompact:python3] reservation exceeded at 2,060,622 states; growing to 4,140,242 (this copies)
    [hcompact:python3] rows widen 6B -> 12B per relator at 1 states (in place)
    [hcompact:python3] reservation exceeded at 2,060,527 states; growing to 4,140,242 (this copies)
    [hcompact:python3] rows widen 6B -> 12B per relator at 1 states (in place)
    [hcompact:python3] rows widen 6B -> 12B per relator at 1 states (in place)
    [hcompact:python3] reservation exceeded at 2,060,586 states; growing to 4,140,242 (this copies)
    [hcompact:python3] rows widen 8B -> 12B per relator at 1 states (in place)
    [hcompact:python3] reservation exceeded at 2,060,522 states; growing to 4,140,242 (this copies)
    [hcompact:python3] rows widen 6B -> 12B per relator at 1 states (in place)
    [hcompact:python3] rows widen 6B -> 12B per relator at 188 states (in place)
    [hcompact:python3] rows widen 6B -> 12B per relator at 246 states (in place)
    [hcompact:python3] reservation exceeded at 2,060,618 states; growing to 4,140,242 (this copies)
    [hcompact:python3] reservation exceeded at 2,060,521 states; growing to 4,140,242 (this copies)
    [hcompact:python3] reservation exceeded at 2,060,613 states; growing to 4,140,242 (this copies)
    [hcompact:python3] reservation exceeded at 2,060,548 states; growing to 4,140,242 (this copies)
    [hcompact:python3] rows widen 6B -> 12B per relator at 218 states (in place)
    [hcompact:python3] rows widen 6B -> 12B per relator at 1 states (in place)
    [hcompact:python3] rows widen 6B -> 12B per relator at 2,544 states (in place)
    [hcompact:python3] rows widen 6B -> 12B per relator at 799 states (in place)
    [hcompact:python3] reservation exceeded at 2,060,646 states; growing to 4,140,242 (this copies)
    [hcompact:python3] rows widen 6B -> 12B per relator at 777 states (in place)
    [hcompact:python3] reservation exceeded at 2,060,652 states; growing to 4,140,242 (this copies)
    [hcompact:python3] rows widen 6B -> 12B per relator at 1,220 states (in place)
    [hcompact:python3] reservation exceeded at 2,060,633 states; growing to 4,140,242 (this copies)
    [hcompact:python3] rows widen 6B -> 12B per relator at 1 states (in place)
    [hcompact:python3] reservation exceeded at 2,060,527 states; growing to 4,140,242 (this copies)
    [hcompact:python3] rows widen 6B -> 12B per relator at 1 states (in place)
    [hcompact:python3] reservation exceeded at 2,060,629 states; growing to 4,140,242 (this copies)
    [hcompact:python3] rows widen 6B -> 12B per relator at 777 states (in place)
    [hcompact:python3] rows widen 6B -> 12B per relator at 1 states (in place)
    [hcompact:python3] reservation exceeded at 2,060,522 states; growing to 4,140,242 (this copies)
    [hcompact:python3] rows widen 6B -> 12B per relator at 1 states (in place)
    [hcompact:python3] reservation exceeded at 2,060,584 states; growing to 4,140,242 (this copies)
    [hcompact:python3] rows widen 6B -> 12B per relator at 1 states (in place)
    [hcompact:python3] reservation exceeded at 2,060,697 states; growing to 4,140,242 (this copies)
    [hcompact:python3] rows widen 6B -> 12B per relator at 1 states (in place)
    [hcompact:python3] reservation exceeded at 2,060,527 states; growing to 4,140,242 (this copies)
    [hcompact:python3] reservation exceeded at 2,060,529 states; growing to 4,140,242 (this copies)
    [hcompact:python3] rows widen 6B -> 12B per relator at 1 states (in place)
    [hcompact:python3] reservation exceeded at 2,060,607 states; growing to 4,140,242 (this copies)
    [hcompact:python3] rows widen 6B -> 12B per relator at 1 states (in place)
    [hcompact:python3] rows widen 6B -> 12B per relator at 1 states (in place)
    [hcompact:python3] rows widen 6B -> 12B per relator at 1 states (in place)
    [hcompact:python3] reservation exceeded at 2,060,561 states; growing to 4,140,242 (this copies)
    [hcompact:python3] reservation exceeded at 2,060,567 states; growing to 4,140,242 (this copies)
    [hcompact:python3] reservation exceeded at 2,060,528 states; growing to 4,140,242 (this copies)
    [hcompact:python3] reservation exceeded at 2,060,619 states; growing to 4,140,242 (this copies)
    [hcompact:python3] rows widen 6B -> 12B per relator at 1 states (in place)
    [hcompact:python3] rows widen 6B -> 12B per relator at 1 states (in place)
    [hcompact:python3] rows widen 6B -> 12B per relator at 1 states (in place)
    [hcompact:python3] rows widen 6B -> 12B per relator at 1 states (in place)
    [hcompact:python3] rows widen 6B -> 12B per relator at 560 states (in place)
    [hcompact:python3] reservation exceeded at 4,130,727 states; growing to 8,280,484 (this copies)
    [hcompact:python3] reservation exceeded at 2,060,665 states; growing to 4,140,242 (this copies)
    [hcompact:python3] reservation exceeded at 2,060,531 states; growing to 4,140,242 (this copies)
    [hcompact:python3] rows widen 6B -> 12B per relator at 1 states (in place)
    [hcompact:python3] reservation exceeded at 2,060,529 states; growing to 4,140,242 (this copies)
    [hcompact:python3] rows widen 6B -> 12B per relator at 1 states (in place)
    [hcompact:python3] rows widen 6B -> 12B per relator at 10,888 states (in place)
    [hcompact:python3] rows widen 6B -> 12B per relator at 338 states (in place)
    [hcompact:python3] rows widen 6B -> 12B per relator at 1 states (in place)
    [hcompact:python3] rows widen 6B -> 12B per relator at 1 states (in place)
    [hcompact:python3] reservation exceeded at 2,060,677 states; growing to 4,140,242 (this copies)
    [hcompact:python3] reservation exceeded at 2,060,583 states; growing to 4,140,242 (this copies)
    [hcompact:python3] rows widen 6B -> 12B per relator at 11,284 states (in place)
    [hcompact:python3] reservation exceeded at 2,060,556 states; growing to 4,140,242 (this copies)
    [hcompact:python3] reservation exceeded at 2,060,561 states; growing to 4,140,242 (this copies)
    [hcompact:python3] reservation exceeded at 4,130,779 states; growing to 8,280,484 (this copies)
    [hcompact:python3] reservation exceeded at 2,060,540 states; growing to 4,140,242 (this copies)
    [hcompact:python3] rows widen 6B -> 12B per relator at 1 states (in place)
    [hcompact:python3] rows widen 6B -> 12B per relator at 1,163 states (in place)
    [hcompact:python3] reservation exceeded at 4,130,646 states; growing to 8,280,484 (this copies)
    [hcompact:python3] rows widen 6B -> 12B per relator at 1 states (in place)
    [hcompact:python3] reservation exceeded at 2,060,585 states; growing to 4,140,242 (this copies)
    [hcompact:python3] rows widen 6B -> 12B per relator at 1 states (in place)
    [hcompact:python3] reservation exceeded at 2,060,537 states; growing to 4,140,242 (this copies)
  1200/1250 records  29.1 min elapsed  ETA 1.2 min
    [hcompact:python3] rows widen 6B -> 12B per relator at 34,437 states (in place)
    [hcompact:python3] rows widen 6B -> 12B per relator at 1 states (in place)
    [hcompact:python3] reservation exceeded at 2,060,605 states; growing to 4,140,242 (this copies)
    [hcompact:python3] rows widen 6B -> 12B per relator at 1 states (in place)
    [hcompact:python3] reservation exceeded at 2,060,534 states; growing to 4,140,242 (this copies)
    [hcompact:python3] rows widen 6B -> 12B per relator at 1 states (in place)
    [hcompact:python3] reservation exceeded at 2,060,596 states; growing to 4,140,242 (this copies)
    [hcompact:python3] rows widen 6B -> 12B per relator at 1 states (in place)
    [hcompact:python3] reservation exceeded at 2,060,646 states; growing to 4,140,242 (this copies)
    [hcompact:python3] rows widen 6B -> 12B per relator at 1 states (in place)
    [hcompact:python3] reservation exceeded at 2,060,634 states; growing to 4,140,242 (this copies)
    [hcompact:python3] reservation exceeded at 2,060,631 states; growing to 4,140,242 (this copies)
    [hcompact:python3] rows widen 6B -> 12B per relator at 1 states (in place)
    [hcompact:python3] rows widen 6B -> 12B per relator at 1 states (in place)
    [hcompact:python3] reservation exceeded at 2,060,586 states; growing to 4,140,242 (this copies)
    [hcompact:python3] rows widen 6B -> 12B per relator at 1 states (in place)
    [hcompact:python3] rows widen 6B -> 12B per relator at 1 states (in place)
    [hcompact:python3] rows widen 6B -> 12B per relator at 1 states (in place)
    [hcompact:python3] rows widen 6B -> 12B per relator at 1 states (in place)
    [hcompact:python3] reservation exceeded at 2,060,518 states; growing to 4,140,242 (this copies)
    [hcompact:python3] reservation exceeded at 2,060,633 states; growing to 4,140,242 (this copies)
    [hcompact:python3] reservation exceeded at 2,060,518 states; growing to 4,140,242 (this copies)
    [hcompact:python3] rows widen 6B -> 12B per relator at 1 states (in place)
    [hcompact:python3] reservation exceeded at 2,060,667 states; growing to 4,140,242 (this copies)
    [hcompact:python3] rows widen 6B -> 12B per relator at 1 states (in place)
    [hcompact:python3] rows widen 6B -> 12B per relator at 178 states (in place)
    [hcompact:python3] reservation exceeded at 4,130,757 states; growing to 8,280,484 (this copies)
    [hcompact:python3] reservation exceeded at 2,060,556 states; growing to 4,140,242 (this copies)
    [hcompact:python3] rows widen 6B -> 12B per relator at 1 states (in place)
    [hcompact:python3] reservation exceeded at 4,130,694 states; growing to 8,280,484 (this copies)
    [hcompact:python3] rows widen 6B -> 12B per relator at 10,669 states (in place)
    [hcompact:python3] rows widen 6B -> 12B per relator at 1 states (in place)
    [hcompact:python3] rows widen 6B -> 12B per relator at 265 states (in place)
    [hcompact:python3] reservation exceeded at 4,130,768 states; growing to 8,280,484 (this copies)
    [hcompact:python3] reservation exceeded at 2,060,676 states; growing to 4,140,242 (this copies)
    [hcompact:python3] rows widen 6B -> 12B per relator at 1 states (in place)
    [hcompact:python3] reservation exceeded at 2,060,590 states; growing to 4,140,242 (this copies)
    [hcompact:python3] reservation exceeded at 2,060,534 states; growing to 4,140,242 (this copies)
    [hcompact:python3] rows widen 6B -> 12B per relator at 2,369 states (in place)
    [hcompact:python3] reservation exceeded at 4,130,808 states; growing to 8,280,484 (this copies)
    [hcompact:python3] reservation exceeded at 2,060,590 states; growing to 4,140,242 (this copies)
    [hcompact:python3] reservation exceeded at 2,060,553 states; growing to 4,140,242 (this copies)
    [hcompact:python3] rows widen 6B -> 12B per relator at 1,035 states (in place)
    [hcompact:python3] reservation exceeded at 4,130,720 states; growing to 8,280,484 (this copies)
    [hcompact:python3] rows widen 6B -> 12B per relator at 1 states (in place)
    [hcompact:python3] rows widen 6B -> 12B per relator at 1 states (in place)
    [hcompact:python3] rows widen 6B -> 12B per relator at 63,593 states (in place)
    [hcompact:python3] reservation exceeded at 2,060,574 states; growing to 4,140,242 (this copies)
    [hcompact:python3] reservation exceeded at 4,130,707 states; growing to 8,280,484 (this copies)
    [hcompact:python3] rows widen 6B -> 12B per relator at 238 states (in place)
    [hcompact:python3] rows widen 6B -> 12B per relator at 1 states (in place)
    [hcompact:python3] reservation exceeded at 2,060,535 states; growing to 4,140,242 (this copies)
    [hcompact:python3] rows widen 6B -> 12B per relator at 1 states (in place)
    [hcompact:python3] rows widen 6B -> 12B per relator at 1 states (in place)
    [hcompact:python3] reservation exceeded at 2,060,639 states; growing to 4,140,242 (this copies)
    [hcompact:python3] reservation exceeded at 2,060,617 states; growing to 4,140,242 (this copies)
    [hcompact:python3] rows widen 6B -> 12B per relator at 5,128 states (in place)
    [hcompact:python3] rows widen 6B -> 12B per relator at 1 states (in place)
    [hcompact:python3] rows widen 6B -> 12B per relator at 1 states (in place)
    [hcompact:python3] reservation exceeded at 2,060,612 states; growing to 4,140,242 (this copies)
    [hcompact:python3] rows widen 6B -> 12B per relator at 1 states (in place)
    [hcompact:python3] rows widen 6B -> 12B per relator at 238 states (in place)
    [hcompact:python3] rows widen 6B -> 12B per relator at 1 states (in place)
    [hcompact:python3] rows widen 6B -> 12B per relator at 1 states (in place)
    [hcompact:python3] reservation exceeded at 2,060,630 states; growing to 4,140,242 (this copies)
    [hcompact:python3] reservation exceeded at 2,060,595 states; growing to 4,140,242 (this copies)
    [hcompact:python3] reservation exceeded at 2,060,535 states; growing to 4,140,242 (this copies)
    [hcompact:python3] rows widen 6B -> 12B per relator at 1 states (in place)
    [hcompact:python3] reservation exceeded at 2,060,651 states; growing to 4,140,242 (this copies)
    [hcompact:python3] rows widen 6B -> 12B per relator at 1 states (in place)
    [hcompact:python3] rows widen 6B -> 12B per relator at 1 states (in place)
    [hcompact:python3] rows widen 6B -> 12B per relator at 1 states (in place)
    [hcompact:python3] reservation exceeded at 2,060,660 states; growing to 4,140,242 (this copies)
    [hcompact:python3] reservation exceeded at 2,060,557 states; growing to 4,140,242 (this copies)
    [hcompact:python3] reservation exceeded at 2,060,605 states; growing to 4,140,242 (this copies)
    [hcompact:python3] rows widen 6B -> 12B per relator at 1 states (in place)
    [hcompact:python3] rows widen 6B -> 12B per relator at 1 states (in place)
    [hcompact:python3] rows widen 6B -> 12B per relator at 2,352 states (in place)
    [hcompact:python3] rows widen 6B -> 12B per relator at 868 states (in place)
    [hcompact:python3] reservation exceeded at 2,060,541 states; growing to 4,140,242 (this copies)
    [hcompact:python3] reservation exceeded at 2,060,640 states; growing to 4,140,242 (this copies)
    [hcompact:python3] rows widen 6B -> 12B per relator at 44,190 states (in place)
    [hcompact:python3] rows widen 6B -> 12B per relator at 1 states (in place)
    [hcompact:python3] rows widen 6B -> 12B per relator at 2,667 states (in place)
    [hcompact:python3] rows widen 6B -> 12B per relator at 11,117 states (in place)
  1225/1250 records  30.3 min elapsed  ETA 0.6 min
    [hcompact:python3] rows widen 6B -> 12B per relator at 2,188 states (in place)
    [hcompact:python3] reservation exceeded at 2,060,566 states; growing to 4,140,242 (this copies)
    [hcompact:python3] rows widen 6B -> 12B per relator at 7,446 states (in place)
    [hcompact:python3] reservation exceeded at 2,060,603 states; growing to 4,140,242 (this copies)
    [hcompact:python3] rows widen 6B -> 12B per relator at 3,694 states (in place)
    [hcompact:python3] rows widen 6B -> 12B per relator at 1 states (in place)
    [hcompact:python3] rows widen 6B -> 12B per relator at 1 states (in place)
    [hcompact:python3] rows widen 6B -> 12B per relator at 1 states (in place)
    [hcompact:python3] reservation exceeded at 2,060,595 states; growing to 4,140,242 (this copies)
    [hcompact:python3] rows widen 6B -> 12B per relator at 1 states (in place)
    [hcompact:python3] reservation exceeded at 2,060,583 states; growing to 4,140,242 (this copies)
    [hcompact:python3] rows widen 7B -> 12B per relator at 1 states (in place)
    [hcompact:python3] rows widen 6B -> 12B per relator at 1 states (in place)
    [hcompact:python3] reservation exceeded at 2,060,574 states; growing to 4,140,242 (this copies)
    [hcompact:python3] reservation exceeded at 2,060,642 states; growing to 4,140,242 (this copies)
    [hcompact:python3] rows widen 6B -> 12B per relator at 1 states (in place)
    [hcompact:python3] reservation exceeded at 2,060,527 states; growing to 4,140,242 (this copies)
    [hcompact:python3] rows widen 6B -> 12B per relator at 1 states (in place)
    [hcompact:python3] reservation exceeded at 2,060,535 states; growing to 4,140,242 (this copies)
    [hcompact:python3] rows widen 6B -> 12B per relator at 1 states (in place)
    [hcompact:python3] rows widen 7B -> 12B per relator at 1 states (in place)
    [hcompact:python3] reservation exceeded at 2,060,550 states; growing to 4,140,242 (this copies)
    [hcompact:python3] reservation exceeded at 2,060,570 states; growing to 4,140,242 (this copies)
    [hcompact:python3] reservation exceeded at 2,060,522 states; growing to 4,140,242 (this copies)
    [hcompact:python3] rows widen 6B -> 12B per relator at 1,681 states (in place)
    [hcompact:python3] rows widen 6B -> 12B per relator at 32,418 states (in place)
    [hcompact:python3] rows widen 6B -> 12B per relator at 1 states (in place)
    [hcompact:python3] rows widen 6B -> 12B per relator at 1 states (in place)
    [hcompact:python3] reservation exceeded at 2,060,609 states; growing to 4,140,242 (this copies)
    [hcompact:python3] rows widen 6B -> 12B per relator at 1 states (in place)
    [hcompact:python3] rows widen 6B -> 12B per relator at 585 states (in place)
    [hcompact:python3] rows widen 6B -> 12B per relator at 1 states (in place)
    [hcompact:python3] reservation exceeded at 2,060,546 states; growing to 4,140,242 (this copies)
    [hcompact:python3] reservation exceeded at 2,060,582 states; growing to 4,140,242 (this copies)
    [hcompact:python3] rows widen 6B -> 12B per relator at 1,241 states (in place)
    [hcompact:python3] reservation exceeded at 2,060,570 states; growing to 4,140,242 (this copies)
    [hcompact:python3] reservation exceeded at 2,060,638 states; growing to 4,140,242 (this copies)
    [hcompact:python3] rows widen 6B -> 12B per relator at 12,625 states (in place)
    [hcompact:python3] rows widen 6B -> 12B per relator at 1 states (in place)
    [hcompact:python3] reservation exceeded at 2,060,576 states; growing to 4,140,242 (this copies)
    [hcompact:python3] rows widen 6B -> 12B per relator at 1,840 states (in place)
    [hcompact:python3] rows widen 6B -> 12B per relator at 3,969 states (in place)
    [hcompact:python3] rows widen 6B -> 12B per relator at 1 states (in place)
    [hcompact:python3] reservation exceeded at 2,060,607 states; growing to 4,140,242 (this copies)
    [hcompact:python3] reservation exceeded at 2,060,569 states; growing to 4,140,242 (this copies)
    [hcompact:python3] reservation exceeded at 2,060,518 states; growing to 4,140,242 (this copies)
    [hcompact:python3] rows widen 6B -> 12B per relator at 13,190 states (in place)
    [hcompact:python3] reservation exceeded at 2,060,590 states; growing to 4,140,242 (this copies)
    [hcompact:python3] rows widen 6B -> 12B per relator at 1 states (in place)
    [hcompact:python3] rows widen 6B -> 12B per relator at 606 states (in place)
    [hcompact:python3] rows widen 6B -> 12B per relator at 1 states (in place)
    [hcompact:python3] rows widen 6B -> 12B per relator at 1 states (in place)
    [hcompact:python3] reservation exceeded at 2,060,583 states; growing to 4,140,242 (this copies)
    [hcompact:python3] reservation exceeded at 2,060,611 states; growing to 4,140,242 (this copies)
    [hcompact:python3] rows widen 6B -> 12B per relator at 1 states (in place)
    [hcompact:python3] rows widen 6B -> 12B per relator at 2,531 states (in place)
    [hcompact:python3] reservation exceeded at 2,060,625 states; growing to 4,140,242 (this copies)
    [hcompact:python3] reservation exceeded at 2,060,661 states; growing to 4,140,242 (this copies)
    [hcompact:python3] rows widen 6B -> 12B per relator at 2,023 states (in place)
    [hcompact:python3] reservation exceeded at 2,060,571 states; growing to 4,140,242 (this copies)
    [hcompact:python3] reservation exceeded at 2,060,599 states; growing to 4,140,242 (this copies)
    [hcompact:python3] rows widen 6B -> 12B per relator at 1 states (in place)
    [hcompact:python3] rows widen 6B -> 12B per relator at 1 states (in place)
    [hcompact:python3] rows widen 6B -> 12B per relator at 1 states (in place)
    [hcompact:python3] reservation exceeded at 2,060,661 states; growing to 4,140,242 (this copies)
    [hcompact:python3] rows widen 6B -> 12B per relator at 8,977 states (in place)
    [hcompact:python3] reservation exceeded at 2,060,531 states; growing to 4,140,242 (this copies)
    [hcompact:python3] reservation exceeded at 2,060,663 states; growing to 4,140,242 (this copies)
    [hcompact:python3] reservation exceeded at 2,060,692 states; growing to 4,140,242 (this copies)
    [hcompact:python3] reservation exceeded at 2,060,531 states; growing to 4,140,242 (this copies)
    [hcompact:python3] rows widen 6B -> 12B per relator at 1 states (in place)
    [hcompact:python3] rows widen 6B -> 12B per relator at 1 states (in place)
    [hcompact:python3] rows widen 6B -> 12B per relator at 1 states (in place)
    [hcompact:python3] reservation exceeded at 2,060,557 states; growing to 4,140,242 (this copies)
    [hcompact:python3] reservation exceeded at 2,060,633 states; growing to 4,140,242 (this copies)
    [hcompact:python3] reservation exceeded at 2,060,616 states; growing to 4,140,242 (this copies)
    [hcompact:python3] reservation exceeded at 4,130,751 states; growing to 8,280,484 (this copies)
    [hcompact:python3] rows widen 6B -> 12B per relator at 1 states (in place)
    [hcompact:python3] rows widen 6B -> 12B per relator at 1 states (in place)
    [hcompact:python3] rows widen 6B -> 12B per relator at 1 states (in place)
    [hcompact:python3] reservation exceeded at 2,060,676 states; growing to 4,140,242 (this copies)
    [hcompact:python3] reservation exceeded at 4,130,757 states; growing to 8,280,484 (this copies)
    [hcompact:python3] reservation exceeded at 2,060,661 states; growing to 4,140,242 (this copies)
    [hcompact:python3] reservation exceeded at 2,060,690 states; growing to 4,140,242 (this copies)
    [hcompact:python3] rows widen 6B -> 12B per relator at 1 states (in place)
    [hcompact:python3] rows widen 6B -> 12B per relator at 1 states (in place)
    [hcompact:python3] reservation exceeded at 4,130,754 states; growing to 8,280,484 (this copies)
    [hcompact:python3] reservation exceeded at 2,060,664 states; growing to 4,140,242 (this copies)
    [hcompact:python3] reservation exceeded at 2,060,548 states; growing to 4,140,242 (this copies)
    [hcompact:python3] reservation exceeded at 4,130,738 states; growing to 8,280,484 (this copies)
  1250/1250 records  31.7 min elapsed  ETA 0.0 min
done: 1250 records in 31.7 min with 4 workers
