name,r1,r2,n_members,members,nodes_explored,min_relator_length
ac19x_634,YYxYYxyXYXXXYXXXX,YXyxYX,1,,1000,18
ac19x_652,YYYxxYxyXXyyX,YXyxYX,1,,1000,13
ac19x_698,YYYYXyyyXXXYx,YXyxYX,1,,1000,17
ac19x_769,YYXyXyyxyxxYx,YXyxYX,1,,1000,16
ac19x_770,YYXXXXYXXYYxx,YXyxYX,1,,1000,16
ac19x_914,YYYXyxyXyXXXYYx,YXyxYX,1,,1000,17
ac19x_964,YXYxYxyXXXXXXYx,YXyxYX,1,,1000,17
ac19x_990,YYXyxYxxxyXyX,YXyXYXXX,1,,1000,18
ac19x_1003,YYXYxYYxyyXXX,YXyxYX,1,,1000,16
ac19x_1062,YYYXXYYXXXYXXYxyyX,YXYXyxYXX,1,,1000,17
ac19x_1084,YYxYXyyxxYxYx,YXyxYxYxx,1,,1000,15
ac19x_1111,YYYYxxYXXyyyX,YXyxYX,1,,1000,16
ac19x_1116,YYxyXYXXyXyxxxx,YXyxYX,1,,1000,17
ac19x_1257,YYxYxYXyyXXXX,YXyxYX,1,,1000,18
ac19x_1299,YXYXXYxyX,YXYxxyxxyXyX,1,,1000,16
ac19x_1306,YYYYYXyXXXXYYXX,YXyxYX,1,,1000,17
ac19x_1370,YYYxyXXXyXYYx,YXyxYX,1,,1000,17
ac19x_1548,YYYYYYXXXXXYxyXYX,YXyxYX,1,,1000,17
ac19x_1564,YYYXXXyXXXYYxyx,YXyxYX,1,,1000,18
ac19x_1909,YYYXyXXyyxxxyxx,YXyxYX,1,,1000,19
ac19x_1924,YYYXYxyX,YYxYYxyXXyxyXyxyX,1,,1000,17
ac19x_1928,YYxYXYYxyXXXXXX,YXyxYX,1,,1000,19
ac19x_1974,YYYXYxyX,YXXYXyxxx,1,,1000,17
ac19x_2106,YYYYxxyXXXXYXyX,YXyxYX,1,,1000,19
ac19x_2120,YYYXYXXYxyyXX,YXYXyxYXX,1,,1000,17
ac19x_2183,YYYXyXXyXXYYxyx,YXyxYX,1,,1000,17
ac19x_2253,YYYXYxyX,YYYxyxYYXXX,1,,1000,17
ac19x_2354,YYYxxYXyXYXXX,YXyxYX,1,,1000,16
ac19x_2471,YYYYYXXXXXXYX,YXyxYX,1,,1000,18
ac19x_2495,YYxxYxYXXyxyXXX,YXyxYX,1,,1000,17
ac19x_2511,YYYxxxyXYXXXXyX,YXyxYX,1,,1000,18
ac19x_2517,YYxYxYXyXXyXX,YXyxYX,1,,1000,17
ac19x_2535,YYxxxyXyxyxxx,YXyXYXXX,1,,1000,18
ac19x_2784,YYYxYYXyXYXXXXX,YXyxYX,1,,1000,19
ac19x_2790,YYYXYxxyXyXXYYX,YXyxYX,1,,1000,11
ac19x_2824,YYXXyxyXXYXYYxx,YXyxYX,1,,1000,16
ac19x_2911,YYXyxYXXYxYXyxYXyx,YYXyxYXyxYYXyyx,1,,1000,16
ac19x_2919,YYYYXXXXXYXYx,YXyxYX,1,,1000,16
ac19x_2962,YYYxyyxyXyXXXYx,YXyxYX,1,,1000,17
ac19x_3049,YYYXYxyX,YXYxYXXYXyxYx,1,,1000,18
ac19x_3127,YXyXyXyxxYxYx,YXyxYX,1,,1000,16
ac19x_3146,YYxyXYXyyXyxxYx,YXyxYX,1,,1000,16
ac19x_3165,YYYxYxYXXXXXX,YXyxYX,1,,1000,19
ac19x_3226,YYYXyxyXyXXYYYx,YXyxYX,1,,1000,17
ac19x_3327,YXYxxyXYxyXYXyX,YXXyxYXXyxx,1,,1000,15
ac19x_3360,YYYXyXXYYXyX,YYYxyyXYYXyXX,1,,1000,17
ac19x_3372,YYXyyXyyxYxxx,YXyxYX,1,,1000,17
ac19x_3425,YYYYxYXXXyXYX,YXyxYX,1,,1000,17
ac19x_3474,YYxYXyXyXyyxx,YXyxYX,1,,1000,17
ac19x_3503,YXXyXXyxxxxxx,YXyxYX,1,,1000,17
ac19x_3525,YYxxYxyXyXyXX,YXyxYX,1,,1000,17
ac19x_3540,YYxxxxxyXXYXXyX,YXyxYX,1,,1000,16
ac19x_3570,YYYYYYXyXXX,YXyxYX,1,,1000,15
ac19x_3664,YYYXYxyX,YYXyxxyXXXYxxyxyX,1,,1000,18
ac19x_3678,YYYXyxyyXyXXYYx,YXyxYX,1,,1000,16
ac19x_3683,YYxYYxyxYXXyyXX,YXyxYX,1,,1000,17
ac19x_3796,YXYXYXYxYXyXXYXX,YXYXXYxyX,1,,1000,18
ac19x_3861,YYXYxyyXXXyyxxx,YXyxYX,1,,1000,17
ac19x_3890,YYYXXyyyXyxxx,YXyxYX,1,,1000,17
ac19x_4020,YYXYXXXXYXXyXyX,YXyXYXXX,1,,1000,14
ac19x_4023,YYYXYxyX,YYXYxYXyyXyxx,1,,1000,17
ac19x_4054,YYYXYxyX,YYYxYXyyXyx,1,,1000,17
ac19x_4143,YYYYYxYXXyxyXyX,YXyxYX,1,,1000,17
ac19x_4213,YYYXXyyXyyxYx,YXyxYX,1,,1000,16
ac19x_4224,YYYYxxyXXXyXX,YXyxYX,1,,1000,19
ac19x_4300,YYxYxxyXXyyXX,YXyxYX,1,,1000,17
ac19x_4321,YYYYYYYXXyxyXyX,YXyxYX,1,,1000,17
ac19x_4558,YYYYYYXXXXXYxyX,YXyxYX,1,,1000,16
ac19x_4629,YXyXyXyxxYxxx,YXyxYX,1,,1000,16
ac19x_4643,YYXXYxyyxYXYXyx,YXYXyxyxYX,1,,1000,19
ac19x_4712,YYYYxYXyXyXYX,YXyxYX,1,,1000,17
ac19x_4740,YYxYXyXXXYXYx,YXyxYX,1,,1000,16
ac19x_4809,YYxYXXyxyXXXXYx,YXyxYX,1,,1000,17
ac19x_4886,YYYxyXyXXYXYx,YXyxYX,1,,1000,16
ac19x_4891,YYYXYxyX,YXYxYXYxxyXyXYXyx,1,,1000,18
ac19x_4960,YYXYxyyXXyyxYxx,YXyxYX,1,,1000,16
ac19x_4996,YYYYYxyXXXXXX,YXyxYX,1,,1000,18
ac19x_5168,YYYYxxxyXyXyX,YXyxYX,1,,1000,17
ac19x_5171,YYxxYxyxYXyyXXX,YXyxYX,1,,1000,17
ac19x_5333,YYxyxxxyxyxyxyXX,YXYXyxYXX,1,,1000,17
ac19x_5351,YYxxxyXYXyyXXYX,YXyxYX,1,,1000,16
ac19x_5375,YYXXyXXXXYYxx,YXyxYX,1,,1000,18
ac19x_5554,YYXYxxxyXyXXXYx,YXyxYX,1,,1000,17
ac19x_5570,YYYYxxYXyXXXX,YXyxYX,1,,1000,18
ac19x_5575,YYXYYxYxyXXXX,YXyxYX,1,,1000,17
ac19x_5619,YXYXyxYXyXyxx,YXyXYXXX,1,,1000,14
ac19x_5653,YXYXYXYXXYXXyXYx,YXYXyxYXX,1,,1000,18
ac19x_5657,YYYxyXXXXXYYx,YXyxYX,1,,1000,19
ac19x_5676,YYYxYXYXyxxYXyx,YYYxyXYx,1,,1000,16
ac19x_5719,YYYXYxyX,YYXyxyXYxxxYXyX,1,,1000,17
ac19x_5727,YYxYYxyxxyXXyXX,YXyxYX,1,,1000,17
ac19x_5747,YXyXyXyxxxxYx,YXyxYX,1,,1000,17
ac19x_5800,YYxYxyxyXXyXYxx,YXyxYxYxx,1,,1000,16
ac19x_5913,YYYXXyyXyxyxx,YXyxYX,1,,1000,16
ac19x_5978,YYxyxYxyxYx,YXyXyxYXyX,1,,1000,15
ac19x_5986,YXXXXXXYxxYxx,YXyxYX,1,,1000,17
ac19x_6047,YYYxYxyyXyyXyXX,YXXyx,1,,1000,18
ac19x_6161,YYYxYxyxxyXyyXX,YXyxYX,1,,1000,18
ac19x_6268,YYXXXXXXXXX,YXYXXXXyx,1,,1000,15
ac19x_6286,YYxyxYxyxYx,YXyxxYx,1,,1000,15
ac19x_6304,YYYxyXyXXXXYx,YXyxYX,1,,1000,17
ac19x_6371,YYYYxyxYXXXXyXX,YXyxYX,1,,1000,19
ac19x_6398,YYxxYxYXyxyXXXX,YXyxYX,1,,1000,18
ac19x_6459,YYYYYxyXyXXYXyX,YXyxYX,1,,1000,17
ac19x_6463,YYYXYxyX,YYYXyxxxyXXyxyX,1,,1000,17
ac19x_6507,YYYxxYxxYxyyX,YXyXyXXyx,1,,1000,16
ac19x_6527,YYXyXyXXXYxYxyx,YXyxYX,1,,1000,16
ac19x_6583,YYxxyXYXXyXyxxx,YXyxYX,1,,1000,16
ac19x_6746,YYxxyXXXXXXYxYX,YXyxYX,1,,1000,18
ac19x_6836,YYYXYxyX,YYXYYxxyXXyxyXyyx,1,,1000,17
ac19x_6868,YYxxxxYXyXyXX,YXyxYX,1,,1000,16
ac19x_6902,YYYxxYXXyyXyX,YXyxYX,1,,1000,16
ac19x_6925,YYYxxyxYXyyXXyX,YXyxYX,1,,1000,17
ac19x_6958,YYxyXyXXXYxYxyx,YXyxYX,1,,1000,16
ac19x_6968,YYYxxyxYXXyXXYX,YXyxYX,1,,1000,17
ac19x_6973,YYYxYXXXXyXYx,YXyxYX,1,,1000,12
ac19x_7052,YYxxxyXyXYxxyxxyx,YXyXYXXX,1,,1000,18
ac19x_7078,YYxYXXXyXyxxx,YXyxYX,1,,1000,16
ac19x_7113,YYXyXyyXyxxxx,YXyxYX,1,,1000,16
ac19x_7133,YYYYXyXyyyxYx,YXyxYX,1,,1000,16
ac19x_7171,YXYXXYxyX,YXYxxyXyxxyXYXyx,1,,1000,17
ac19x_7173,YYxxxYXyyXXXX,YXyxYX,1,,1000,17
ac19x_7184,YYXXXyXyyxYxxyx,YXyxYX,1,,1000,17
ac19x_7235,YYXYYxxYXyyXX,YXyxYX,1,,1000,16
ac19x_7343,YYYYYYXyXXyXX,YXyxYX,1,,1000,18
ac19x_7394,YYxyxYXyXXyXXYx,YXyxYX,1,,1000,16
ac19x_7599,YYYxyxYYXXXyyXX,YXyxYX,1,,1000,16
ac19x_7604,YYXXyXYxyyxxxyx,YXYXXYxyX,1,,1000,17
ac19x_7678,YYYxYxyXXyXyyXyx,YXyXyXXyx,1,,1000,16
ac19x_7725,YYYxyxYYXyyyXXX,YXyxYX,1,,1000,18
ac19x_7772,YYxxyXXyXXXYx,YXyxYX,1,,1000,17
ac19x_7813,YYXYxxxxyXXXyXX,YXyxYX,1,,1000,19
ac19x_7834,YYYxyXYXXyXyyxx,YXyxYX,1,,1000,17
ac19x_7843,YYYYYXXyXXXYx,YXyxYX,1,,1000,17
ac19x_7883,YYXyxYXXyx,YXXYxyXYxyXYx,1,,1000,17
ac19x_7921,YXyXXXXYxxxYx,YXyxYX,1,,1000,16
ac19x_8006,YYYXyXyXyyxYxyx,YXyxYX,1,,1000,17
ac19x_8008,YYxxxyXYXXXyyxx,YXyxYX,1,,1000,16
ac19x_8031,YYXyXXXYXYYxx,YXyxYX,1,,1000,17
ac19x_8035,YYxYxxyxYXyXXXX,YXyxYX,1,,1000,17
ac19x_8083,YYYxYxyxYXXyyXX,YXyxYX,1,,1000,18
ac19x_8112,YYYxYxxyXYXyXyx,YYYxyXYx,1,,1000,13
ac19x_8114,YYYYXYxxYXXXyXX,YXyxYX,1,,1000,19
ac19x_8138,YYxxYxyxYXyXXXX,YXyxYX,1,,1000,18
ac19x_8168,YYxYXXyXyyxxx,YXyxYX,1,,1000,19
ac19x_8178,YYYXYYxYYXyyXyx,YYYXYxyX,1,,1000,19
ac19x_8196,YYYxxxYXyXXyX,YXyxYX,1,,1000,16
ac19x_8263,YXYXXYxyX,YXYXyxYXYxYXyXX,1,,1000,18
ac19x_8377,YYYXYxyX,YYXyxYXYxYXyyXyxx,1,,1000,19
ac19x_8380,YYxxyxYXyyXXXYx,YXyxYX,1,,1000,17
ac19x_8460,YYxyXYxyXyX,YXyXYXXX,1,,1000,14
ac19x_8481,YYYXXXXXXYxYxyx,YXyxYX,1,,1000,16
ac19x_8596,YYXXXXXYXXyXX,YXyXYXXX,1,,1000,14
ac19x_8606,YYYXXYYXyXYXYXyX,YXYXyxYXX,1,,1000,17
ac19x_8672,YYXYxYxYXyXXX,YXyxYX,1,,1000,10
ac19x_8737,YYYXYxyXyyXXYYx,YXyxYX,1,,1000,17
ac19x_8814,YYYxYYxyxyXXXyx,YYYxyXYx,1,,1000,17
ac19x_8943,YYYXyxYXXYXYXXXX,YXYXXYxyX,1,,1000,18
ac19x_8958,YYYXYxyX,YYYXyxYxxyXXYXYYX,1,,1000,18
ac19x_8964,YYYxYxxyyXXXX,YXyxYX,1,,1000,17
ac19x_8978,YYYXXXXyyxxYx,YXyxYX,1,,1000,17
ac19x_8983,YYYxYxyxYXXXyXX,YXyxYX,1,,1000,17
ac19x_8989,YYXyxxyXYxyXX,YXyXYXXX,1,,1000,14
ac19x_9073,YYXXyxxxxyX,YXyXYXXX,1,,1000,14
ac19x_9103,YYYYxYxyyXYXXyX,YXyxYX,1,,1000,17
ac19x_9127,YYYYYYXXYXXXX,YXyxYX,1,,1000,16
ac19x_9157,YYYxYYxyyXXyX,YXyxYX,1,,1000,17
ac19x_9176,YYXXXyxxxyXYXyxxxyx,YXYXXYxyX,1,,1000,17
ac19x_9317,YYYXXyxyXXYXYYx,YXyxYX,1,,1000,16
ac19x_9350,YYYxYxxyyXyXX,YXyxYX,1,,1000,17
ac19x_9395,YYYXYxxyyXyXXYx,YXyxYX,1,,1000,16
ac19x_9409,YYYxxyxYYXXyXXX,YXyxYX,1,,1000,19
ac19x_9410,YYYxYXyxyXXXXYx,YXyxYX,1,,1000,18
ac19x_9442,YXXXyXXXYxxYxyx,YXyxYX,1,,1000,16
ac19x_9450,YYYxxyXXyXXYx,YXyxYX,1,,1000,17
ac19x_9482,YYYXXXXXXYxYx,YXyxYX,1,,1000,18
ac19x_9530,YYYXYxyXyXyXYYx,YXyxYX,1,,1000,16
ac19x_9665,YYYXyxyXXXXYXYx,YXyxYX,1,,1000,17
ac19x_9706,YYXYYXYXyxxyxyyX,YXYXyxYXX,1,,1000,18
ac19x_9726,YYxxYXXXXXXYxYX,YXyxYX,1,,1000,17
ac19x_9742,YYxxxYXXXyXXX,YXyxYX,1,,1000,17
ac19x_9751,YYXyyxxyxyXYx,YXYXXYxyX,1,,1000,16
ac19x_9803,YYxYYxyXyXXyXyyx,YXyXyXXyx,1,,1000,16
ac19x_9818,YYYxxYXyXXXXX,YXyxYX,1,,1000,17
ac19x_9859,YYxxxYXXyxyXXXX,YXyxYX,1,,1000,17
ac19x_9919,YYYXYxyX,YYXYYxYxyyXyX,1,,1000,17
ac19x_9947,YYXyXyXyyxxYx,YXyxYX,1,,1000,16
ac19x_9975,YYYxyxxYxxYxxYx,YXyxYxYxx,1,,1000,17
ac19x_10005,YYxYYxyxxyXXXXX,YXyxYX,1,,1000,17
ac19x_10013,YYYxyXXyyXXYx,YXyxYX,1,,1000,16
ac19x_10083,YYYXyyXXXXYYx,YXyxYX,1,,1000,17
ac19x_10176,YYYXyyXXyXYYx,YXyxYX,1,,1000,17
ac19x_10260,YYxYxyXXXyXYX,YXyxYX,1,,1000,16
ac19x_10267,YYYYxYXXyXYXX,YXyxYX,1,,1000,17
ac19x_10274,YYYYYYYXyyXyX,YXyxYX,1,,1000,18
ac19x_10369,YYxYxyXyXXXYxyX,YXyxYX,1,,1000,16
ac19x_10386,YYXYxyxYXyyX,YXYXyxYXX,1,,1000,18
ac19x_10403,YYYxxYXXYXXXX,YXyxYX,1,,1000,16
ac19x_10434,YYYYYYXXXXXYX,YXyxYX,1,,1000,18
ac19x_10482,YYxYxxyxYXyXXyX,YXyxYX,1,,1000,16
ac19x_10497,YYYxxyxYXXyyXXX,YXyxYX,1,,1000,17
ac19x_10521,YYYxxyxYXyXyXyX,YXyxYX,1,,1000,16
ac19x_10640,YYYxxxxyXyXyX,YXyxYX,1,,1000,16
ac19x_10701,YYYxxYxyXXXXX,YXyxYX,1,,1000,17
ac19x_10739,YYYYYxxyXXyyX,YXyxYX,1,,1000,17
ac19x_10794,YYYxYXyXXXXXYxxyX,YXyxYX,1,,1000,18
ac19x_10811,YYYYXyXyXyyxxyx,YXyxYX,1,,1000,19
ac19x_10845,YYYYYYYXXXyXX,YXyxYX,1,,1000,17
ac19x_10851,YYYXYxyX,YYYXyyxYxxyXXYX,1,,1000,18
ac19x_11018,YYxxYxxxyXXyXYxxYx,YXyxYxYxx,1,,1000,16
ac19x_11139,YXXXyXXyxxxxx,YXyxYX,1,,1000,16
ac19x_11173,YYXXXXyxxx,YXXYxxxYXXX,1,,1000,16
ac19x_11275,YYXXXYxyyxxyX,YXYXyxyxYX,1,,1000,19
ac19x_11311,YYYYxxyxYXyyyXX,YXyxYX,1,,1000,17
ac19x_11345,YYYYxxyyyXYXX,YXyxYX,1,,1000,16
ac19x_11547,YYYXYxyX,YYXXYXyxxyx,1,,1000,17
ac19x_11617,YYYYYXXXXXXYxyXYX,YXyxYX,1,,1000,19
ac19x_11627,YYYXXXXyXyxxx,YXyxYX,1,,1000,15
ac19x_11643,YYXXXyXyXYYxx,YXyxYX,1,,1000,15
ac19x_11668,YYYxxyxYXXXyyXX,YXyxYX,1,,1000,16
ac19x_11722,YYYXXXXXXYYYx,YXyxYX,1,,1000,18
ac19x_11746,YYXYxyXyyXyxyxx,YXyxYX,1,,1000,16
ac19x_11832,YYYxyXYx,YYXyyxYYxxyXXYx,1,,1000,14
ac19x_11962,YYxxYxYXXXyXX,YXyxYX,1,,1000,17
ac19x_12071,YYYXXYXXXXXXYYx,YXyxYX,1,,1000,19
ac19x_12128,YYYXyxyXyXXYxYx,YXyxYX,1,,1000,16
ac19x_12265,YYYYxxyyXXXYXyX,YXyxYX,1,,1000,17
ac19x_12294,YYYYxyxxYXXyyXX,YXyxYX,1,,1000,17
ac19x_12347,YXXyxYXXyxx,YXyXYxYXyX,1,,1000,15
ac19x_12362,YYYYYYYYYxx,YYYYxYxyX,1,,1000,15
ac19x_12369,YYYXyXXyxyyxYxyxx,YXyxYX,1,,1000,19
ac19x_12398,YYYxxxyxxyXXXXX,YXyxYX,1,,1000,18
ac19x_12410,YYYXYxyX,YYXyXYXYYxx,1,,1000,17
ac19x_12471,YYYYXXXyyyyxx,YXyxYX,1,,1000,17
ac19x_12540,YYXyyxYYXyyxYx,YYXyyxYxYYxxxYx,1,,1000,18
ac19x_12631,YYYxxxYXXyyyX,YYYxyXYx,1,,1000,16
ac19x_12642,YYYXXyyXYXYYx,YXyxYX,1,,1000,16
ac19x_12844,YYxYXyXXXyyxx,YXyxYX,1,,1000,16
ac19x_12860,YYYYxxxyXXXyX,YXyxYX,1,,1000,16
ac19x_13002,YYYXYxyX,YYYXyyxYXXyxx,1,,1000,17
ac19x_13048,YYXyyXyyxxyxx,YXyxYX,1,,1000,16
ac19x_13073,YYXYxxYXXyXXX,YXyxYX,1,,1000,16
ac19x_13092,YYYYxYxyyXyXX,YXyxYX,1,,1000,18
ac19x_13107,YYxxYXyyXXXYxyX,YXyxYX,1,,1000,16
ac19x_13223,YYYxYXXXXXXYXYxyX,YXyxYX,1,,1000,17
ac19x_13325,YYYYYYYXyxyXXyX,YXyxYX,1,,1000,18
ac19x_13398,YYYYYYxyyXYXXyX,YXyxYX,1,,1000,18
ac19x_13415,YYXXXyXYxyX,YXyXYXXX,1,,1000,14
ac19x_13421,YYYYxxyXyXXYX,YXyxYX,1,,1000,17
ac19x_13436,YYYxyXXyXXXYx,YXyxYX,1,,1000,17
ac19x_13459,YYXyyXXXyxYxyXXyyX,YXyxYxYxx,1,,1000,16
ac19x_13637,YYYxxyxYXyXXXyX,YXyxYX,1,,1000,17
ac19x_13713,YYxYXyXYXXX,YXYXXYxyX,1,,1000,18
ac19x_13746,YYxxYxxxyXYxxYxYx,YXyxYxYxx,1,,1000,16
ac19x_13828,YYYYYxxyyXXyX,YXyxYX,1,,1000,18
ac19x_13882,YXXXyxxxxYXyx,YXyxxYx,1,,1000,15
ac19x_13926,YYYxxYXyyXyXX,YXyxYX,1,,1000,18
ac19x_13983,YYYXXyXyXXYYx,YXyxYX,1,,1000,17
ac19x_14053,YYYxxYYXXyxyXXX,YXyxYX,1,,1000,17
ac19x_14059,YYYYxyxYXyXXYXX,YXyxYX,1,,1000,17
ac19x_14087,YYYYxyxxyXyXYXX,YXyxYX,1,,1000,16
ac19x_14168,YYXyxyXXXXYxYxx,YXyxYX,1,,1000,16
ac19x_14272,YYYYXXyyyXXYx,YXyxYX,1,,1000,16
ac19x_14295,YYYXXXXXXYXYx,YXyxYX,1,,1000,17
ac19x_14328,YYYxxYXXXXXYXYxyX,YXyxYX,1,,1000,18
ac19x_14371,YYYxYYXyxyyXyXX,YXyxYX,1,,1000,18
ac19x_14419,YYYYYYXyXYXXX,YXyxYX,1,,1000,17
ac19x_14518,YYxYxyxYXXXyXXX,YXyxYX,1,,1000,17
ac19x_14560,YYxxYYxyx,YYxxyxxYX,1,,1000,18
ac19x_14581,YYxYYxYXXyXXX,YXyxYX,1,,1000,18
ac19x_14635,YYYxyXyyXyxxx,YXyxYX,1,,1000,16
ac19x_14644,YYXyyXXXYxYYx,YXyxYX,1,,1000,17
ac19x_14678,YXyXyXyXXXXyXyX,YXyxxYx,1,,1000,15
ac19x_14718,YYxxyXXXXXXYx,YXyxYX,1,,1000,18
ac19x_14764,YYxxYXXyXXXYx,YXyxYX,1,,1000,17
ac19x_14866,YYXXXyXXYXYxx,YXyxYX,1,,1000,14
ac19x_15054,YYYYxxxyyXYXyyX,YXyxYX,1,,1000,17
ac19x_15073,YYxYYxyXXyyXX,YXyxYX,1,,1000,17
ac19x_15225,YYYxYxxYxxYxxyx,YXyXyXXyx,1,,1000,17
ac19x_15268,YYYXyxyyXXXYYYx,YXyxYX,1,,1000,18
ac19x_15392,YXYXYxYXyXyxYXX,YXYXXYxyX,1,,1000,18
ac19x_15435,YYxxyXXXXXYxx,YXyxYX,1,,1000,16
ac19x_15473,YYxxyXXXXYXYx,YXyxYX,1,,1000,16
ac19x_15498,YYXYYxyxYxyXXXX,YXyxYX,1,,1000,16
ac19x_15515,YYYXyXXXXYYYx,YXyxYX,1,,1000,17
ac19x_15540,YYYXXXXyyxxyxYx,YXyxYX,1,,1000,17
ac19x_15554,YYYYYYXXXXYXX,YXyxYX,1,,1000,17
ac19x_15784,YYYYYxYXXyXXX,YXyxYX,1,,1000,19
ac19x_15805,YYXXXyxyXXXYxYx,YXyxYX,1,,1000,16
ac19x_15850,YYXXXYXyXYx,YXYXyxYXX,1,,1000,18
ac19x_15885,YYYXYxyX,YYYxyyxxYXXyX,1,,1000,18
ac19x_16018,YXXXXXYxxyXXX,YXyXYXXX,1,,1000,14
ac19x_16033,YYxYXXYXyxyxxxyXXX,YXYXyxYXX,1,,1000,17
ac19x_16047,YYxxYXyyXXyxx,YXyxYX,1,,1000,15
ac19x_16109,YYxxxxxyXyXXX,YXyxYX,1,,1000,17
ac19x_16133,YYxxYxYXXyXXX,YXyxYX,1,,1000,18
ac19x_16141,YYXyyXYxYXYXX,YXYXyxYXX,1,,1000,18
ac19x_16148,YYXyyXXXYxyXYYx,YXyxYX,1,,1000,16
ac19x_16159,YXXXyXyxxYxYxyx,YXyxYX,1,,1000,16
ac19x_16262,YYYxYxyXyXXYX,YXyxYX,1,,1000,17
ac19x_16304,YYXYYXXXXYxyXYXX,YXYXyxYXX,1,,1000,17
ac19x_16305,YYYYxyxYYXXXyyX,YXyxYX,1,,1000,10
ac19x_16362,YYYxyXXXXyyxx,YXyxYX,1,,1000,16
ac19x_16394,YYYXYYXyxYXXyxx,YYYXYxyX,1,,1000,19
ac19x_16411,YYxYxYXyXyyXX,YXyxYX,1,,1000,17
ac19x_16427,YYxxxYXyXXXYX,YXyxYX,1,,1000,16
ac19x_16459,YYYxYYXXyyXXX,YXyxYX,1,,1000,17
ac19x_16481,YYYYXYxxyyyXyXX,YXyxYX,1,,1000,18
ac19x_16509,YYXyyXXyyXXyXXyyX,YXyXyXXyx,1,,1000,16
ac19x_16567,YYYxxxyyXyXXX,YXyxYX,1,,1000,18
ac19x_16758,YYXyXXyXXYxYxyx,YXyxYX,1,,1000,16
ac19x_16796,YYYXYxyX,YYYXyxYxyxyyXXYYX,1,,1000,18
ac19x_16835,YYYYYYXyXXXYX,YXyxYX,1,,1000,18
ac19x_16881,YYYXXyXYXYxyxyyx,YXYXXYxyX,1,,1000,17
ac19x_17049,YYxYxYXyXXYXXXX,YXyxYX,1,,1000,19
ac19x_17052,YYYXYxyX,YYYXXyxYxYXyxYX,1,,1000,17
ac19x_17079,YYYYxYXXXXyyX,YXyxYX,1,,1000,16
ac19x_17135,YYXyXyXYxyxyX,YXyXyXXyx,1,,1000,16
ac19x_17190,YYYYXyxyXXXXXYx,YXyxYX,1,,1000,17
ac19x_17305,YYYXXXyyxyxxxyx,YXyxYX,1,,1000,18
ac19x_17316,YYYXYXYXXYXXyX,YXYXyxYXX,1,,1000,17
ac19x_17364,YYXXXyxxxyxyXYXXYx,YXYXXYxyX,1,,1000,17
ac19x_17514,YYYxyyx,YYxxyXYxx,1,,1000,15
ac19x_17515,YYYYxyyxYYXXX,YYYXYxyX,1,,1000,18
ac19x_17534,YYYxYXXXXXXYx,YXyxYX,1,,1000,18
ac19x_17550,YYYxYXXyXXXYYXX,YXyxYX,1,,1000,18
ac19x_17554,YYYYYxyxxyXyyXX,YXyxYX,1,,1000,18
ac19x_17692,YXyXXyXyxxxxx,YXyxYX,1,,1000,17
ac19x_17739,YYXYYxYXXXXXX,YXyxYX,1,,1000,17
ac19x_17979,YYYxYXyxyyXXXYX,YXyxYX,1,,1000,17
ac19x_17981,YYYXYxyX,YYYxyxYYXYXyX,1,,1000,18
ac19x_18000,YYXXYXYxyXyyx,YXYXyxYXX,1,,1000,16
ac19x_18005,YXYXyXYxyX,YXXyxYXXyxx,1,,1000,15
ac19x_18028,YYxxYxYYxxxxx,YXyXyXXyx,1,,1000,16
ac19x_18039,YYYYXXXyXXYYx,YXyxYX,1,,1000,18
ac19x_18126,YYYxyyXyXyxxx,YXyxYX,1,,1000,16
ac19x_18159,YYYYxxYXXyX,YYYXYxyX,1,,1000,17
ac19x_18305,YXXyXyxxxxxYXyX,YXyxYX,1,,1000,16
ac19x_18380,YYxYxxxyXXXyX,YXyxYX,1,,1000,14
ac19x_18398,YYYXXXXyyxxxx,YXyxYX,1,,1000,17
ac19x_18443,YYXyxYxxyXXXyyX,YXyXyXXyx,1,,1000,16
ac19x_18457,YYYXYxyX,YYYXXyxxxYXYXyxYX,1,,1000,18
ac19x_18593,YYxYxxYXXyyXX,YXyxYX,1,,1000,17
ac19x_18668,YYYYxxyXXXYXX,YXyxYX,1,,1000,17
ac19x_18686,YYXyxyXYxyXYxyX,YXYXyxyxYX,1,,1000,18
ac19x_18705,YYxxYxxyXXXXX,YXyxYX,1,,1000,18
ac19x_18748,YYYxyXYXYXXyX,YXYXyxYXX,1,,1000,17
ac19x_18779,YYXYxyXyyXyyxYx,YXyxYX,1,,1000,16
ac19x_18861,YYYYXXyxyXXXYYX,YXyxYX,1,,1000,16
ac19x_18876,YYYxYxYXyXXyX,YXyxYX,1,,1000,17
ac19x_18921,YYYXXXXYxyxyXYX,YXYXyxYXX,1,,1000,18
ac19x_18962,YYxYxyxYXyXXYXX,YXyxYX,1,,1000,15
ac19x_18982,YYXXyxYXXXYXXXXyX,YXyXYXXX,1,,1000,18
ac19x_19019,YYxYxxYYxxxxx,YXyxYxYxx,1,,1000,16
ac19x_19063,YYxYxYxYxyxYxxx,YXyxYxYxx,1,,1000,16
ac19x_19104,YYxxYXXyXXXYX,YXyxYX,1,,1000,17
ac19x_19124,YYxxxyXyXXYXX,YXyxYX,1,,1000,16
ac19x_19317,YYxYYxYXXXXyX,YXyxYX,1,,1000,16
ac19x_19360,YYXXyxYXXYxyXyX,YXyXYXXX,1,,1000,18
ac19x_19370,YYXyyXyyxYxYx,YXyxYX,1,,1000,16
ac19x_19381,YYxxYXyXXyxyxYx,YXyXyXXyx,1,,1000,16
ac19x_19435,YYYYXyXXyXYYx,YXyxYX,1,,1000,17
ac19x_19486,YYxYxyxYXyyXXyX,YXyxYX,1,,1000,16
ac19x_19490,YYxxYXyyXXYXX,YXyxYX,1,,1000,16
ac19x_19643,YYYYxxYXyXXyX,YXyxYX,1,,1000,17
ac19x_19912,YYYXXXXyxyyxxYx,YXyxYX,1,,1000,18
ac19x_19935,YYYxyXXyyXYYx,YXyxYX,1,,1000,15
ac19x_19964,YYYxYxyxxyXyXXX,YXyxYX,1,,1000,18
ac19x_19980,YYYxxxyXYYx,YXXXYxxxyx,1,,1000,15
ac19x_19991,YYxxxYXXXXXXX,YXyxYX,1,,1000,17
ac19x_19993,YXXyXXXXYxYxx,YXyxYX,1,,1000,17
ac19x_20005,YYYYYXyXXXXXYxxyX,YXyxYX,1,,1000,17
ac19x_20026,YYXXXyXyxxxxxyx,YXyxYX,1,,1000,18
ac19x_20163,YYYXYxxyyXXXX,YXyxYX,1,,1000,16
ac19x_20172,YYxYxYXyxyXyXXX,YXyxYX,1,,1000,17
ac19x_20312,YYYXXXyXyyxYxyx,YXyxYX,1,,1000,17
ac19x_20355,YXYXyXYXyxYXXyx,YXXyxYXXyxx,1,,1000,15
ac19x_20360,YYxYxYXXXYXXXXX,YXyxYX,1,,1000,19
ac19x_20394,YYYxxYYXXyXyX,YXyxYX,1,,1000,16
ac19x_20441,YYYYYYXyxyyyXXX,YXyxYX,1,,1000,17
ac19x_20486,YYYXYxxxyXyXXYX,YXyxYX,1,,1000,17
ac19x_20595,YYYxxYxyXYXXXyX,YXyxYX,1,,1000,17
ac19x_20642,YYYYxyxYYXXXXXX,YXyxYX,1,,1000,18
ac19x_20656,YYYxYXyxyXyXXYx,YXyxYX,1,,1000,17
ac19x_20686,YYYxYxyXXyXyXyyx,YXyXyXXyx,1,,1000,16
ac19x_20723,YYYxYXXyXXXYxyXYX,YXyxYX,1,,1000,17
ac19x_20729,YYYxYYXyXYXXX,YXyxYX,1,,1000,16
ac19x_20768,YYXyxyXXYxYXYXX,YXYXyxYXX,1,,1000,17
ac19x_20843,YYxxyXXXyXXYx,YXyxYX,1,,1000,17
ac19x_20867,YYYxyXyXXXYxx,YXyxYX,1,,1000,16
ac19x_20926,YYxxxxxyXYXyXXX,YXyxYX,1,,1000,18
ac19x_20957,YYXyxxyXYxxyxyx,YXyXYXXX,1,,1000,14
ac19x_21022,YYXXXXXXYxYxxyx,YXyxYX,1,,1000,16
ac19x_21076,YYxxYXXXXyyxx,YXyxYX,1,,1000,16
ac19x_21080,YYYxYxyxYXXXyyX,YXyxYX,1,,1000,16
ac19x_21126,YYYYYYxyyXXyX,YXyxYX,1,,1000,17
ac19x_21153,YXXyxxYXXyxxx,YXyXYXXX,1,,1000,18
ac19x_21163,YYYXYxyX,YYxxyXXYXYXYxYX,1,,1000,18
ac19x_21236,YYxxYxyXXXyXX,YXyxYX,1,,1000,18
ac19x_21244,YYxxYxxyXyXXX,YXyxYX,1,,1000,17
ac19x_21319,YYxYxYxxYXyxxxYxx,YXyXyXXyx,1,,1000,16
ac19x_21347,YYYxyxYYXXXXXXX,YXyxYX,1,,1000,17
ac19x_21416,YYYYYxxyyyyXX,YXyxYX,1,,1000,18
ac19x_21462,YYYxYYXXXXXYX,YXyxYX,1,,1000,17
ac19x_21497,YYYYxyXXXXXYYXX,YXyxYX,1,,1000,17
ac19x_21571,YYYxyxYXXXyXXYx,YXyxYX,1,,1000,17
ac19x_21673,YYYxxyXXXXXXYxxyX,YXyxYX,1,,1000,18
ac19x_21968,YYXYXYYXyyxxyxyX,YXYXXYxyX,1,,1000,18
ac19x_22020,YYYxxYXXyxyyXXX,YXyxYX,1,,1000,17
ac19x_22072,YYYXXyXXXYYxx,YXyxYX,1,,1000,18
ac19x_22104,YYxxxYXXyyXXX,YXyxYX,1,,1000,17
ac19x_22160,YYYxYXXyXXYXXYX,YXyxYX,1,,1000,17
ac19x_22182,YYXXXyXXYxYYx,YXyxYX,1,,1000,17
ac19x_22222,YYXyXXXYXXYYx,YXyxYX,1,,1000,16
ac19x_22223,YYYXYxyX,YYXYYXyxYXYYxxyXX,1,,1000,16
ac19x_22390,YYYxyXXXXXYYxyx,YXyxYX,1,,1000,18
ac19x_22446,YYxxyxxxxyXyX,YXyXYXXX,1,,1000,14
ac19x_22447,YYYXXXXyyyxxx,YXyxYX,1,,1000,18
ac19x_22448,YYxYXXXXXyyxx,YXyxYX,1,,1000,16
ac19x_22511,YYYYXXXyXyyxx,YXyxYX,1,,1000,17
ac19x_22538,YXYxxxxxYXyXXyXyxYx,YXyXyXXyx,1,,1000,17
ac19x_22686,YYYxyxYXXXXyXYX,YXyxYX,1,,1000,16
ac19x_22839,YYYXYxyX,YYXYYxYXYxxyXXX,1,,1000,17
ac19x_22877,YXYXyXyxxyxx,YXYXyxYXX,1,,1000,16
ac19x_22901,YYXyyXyyxxYxx,YXyxYX,1,,1000,17
ac19x_22966,YYYXyXyyxyxxx,YXyxYX,1,,1000,17
ac19x_23049,YYxYxyxYxyXXXyX,YXyxYX,1,,1000,16
ac19x_23077,YYYXyyyXXXYYx,YXyxYX,1,,1000,18
ac19x_23086,YYXyyXXXYXYxx,YXyxYX,1,,1000,16
ac19x_23098,YYXYxyXyyXyxxxx,YXyxYX,1,,1000,17
ac19x_23122,YYXYxyXyXXyxxxx,YXyxYX,1,,1000,16
ac19x_23276,YYYxyXXyXXYYx,YXyxYX,1,,1000,18
ac19x_23309,YYYYXXXXXXYYx,YXyxYX,1,,1000,19
ac19x_23392,YYxYXYxyXyXyyxx,YXyxYX,1,,1000,17
ac19x_23478,YYXyyXyyxxxxyxxyx,YXyxYX,1,,1000,19
ac19x_23512,YYXYYXXyXYYXXX,YXYXyxYXX,1,,1000,17
ac19x_23602,YYYXYxyX,YYYXyxxxyyXYXYYXYYX,1,,1000,18
ac19x_23681,YYxYxxyxYXXyXXX,YXyxYX,1,,1000,18
ac19x_23706,YYYXXyXyyyxYx,YXyxYX,1,,1000,16
ac19x_23812,YYXYXYxyxyxyXyxYX,YYXYxYXYYxYX,1,,1000,18
ac19x_23843,YYYxyyXXyXYYx,YXyxYX,1,,1000,17
ac19x_23898,YXYXyxYXXyxYXyX,YXXyxYXXyxx,1,,1000,15
ac19x_23941,YYxYxxYXXXyXX,YXyxYX,1,,1000,17
ac19x_23951,YYxxxxyXYXyyXXX,YXyxYX,1,,1000,17
ac19x_24028,YYYxyxYXyyXXXYX,YXyxYX,1,,1000,17
ac19x_24052,YYYYYXXXXXXYYXX,YXyxYX,1,,1000,17
ac19x_24055,YYYXyyXyXXYYx,YXyxYX,1,,1000,17
ac19x_24058,YYxYYxyXyXXYX,YXyxYX,1,,1000,17
ac19x_24127,YYYXXYYXyxyXX,YXYXyxYXX,1,,1000,17
ac19x_24206,YYYYYYYXXXXyX,YXyxYX,1,,1000,18
ac19x_24227,YYYYYXYYYXXXyXX,YXyxYX,1,,1000,19
ac19x_24235,YYYXYxyX,YYxxyXXyxyXYXYxYX,1,,1000,17
ac19x_24250,YYXXyXyyxYxxx,YXyxYX,1,,1000,17
ac19x_24252,YYXyXYxyXYxyX,YYXyXXYxyXYYXX,1,,1000,17
ac19x_24260,YYxxxxyXXyXXX,YXyxYX,1,,1000,18
ac19x_24294,YYxxYxxyXXyXX,YXyxYX,1,,1000,17
ac19x_24308,YXXYxxyxx,YXyXyXXyx,1,,1000,17
ac19x_24352,YYYxyyXyXXYYx,YXyxYX,1,,1000,17
ac19x_24367,YYXYxyyXXyyxyxx,YXyxYX,1,,1000,16
ac19x_24385,YYYYxxxyXyyXX,YXyxYX,1,,1000,17
ac19x_24442,YYxYxxxyXXX,YXXXYxxxyx,1,,1000,15
ac19x_24502,YYxYxxYXyXXXX,YXyxYX,1,,1000,17
ac19x_24511,YYYYYYXXXXXYYXX,YXyxYX,1,,1000,17
ac19x_24574,YYYxxxyXXyXXX,YXyxYX,1,,1000,18
ac19x_24729,YYXXYXXYxxxyyXYXXX,YXYXXYxyX,1,,1000,17
ac19x_24759,YYxxxYxyXYXyyXX,YXyxYX,1,,1000,16
ac19x_24806,YYxxxxyXYXyXyXX,YXyxYX,1,,1000,17
ac19x_24807,YYYxYYXyXyyXX,YXyxYX,1,,1000,18
ac19x_24855,YXXyxYXyXXyxxYxyX,YXyxYxYxx,1,,1000,18
ac19x_24888,YYXXyxyXyyxyxYx,YXyxYX,1,,1000,16
ac19x_24929,YYxYxyXXXyyxx,YXyxYX,1,,1000,16
ac19x_24930,YYYYXyxyXXXXYYx,YXyxYX,1,,1000,19
ac19x_24940,YYYYxYXXXyxyyXX,YXyxYX,1,,1000,18
ac19x_25016,YYYYxYXXyXXYX,YXyxYX,1,,1000,18
ac19x_25063,YYYxxxyyXYXXXyX,YXyxYX,1,,1000,18
ac19x_25098,YYxxYxYXyyXXX,YXyxYX,1,,1000,17
ac19x_25149,YYYYXyxyXXyXXYx,YXyxYX,1,,1000,16
ac19x_25189,YYYYYXyXXXYXXYX,YXyxYX,1,,1000,18
ac19x_25341,YYYYxxyXXyXYX,YXyxYX,1,,1000,17
ac19x_25361,YYxyXYXyXyXyxxx,YXyxYX,1,,1000,16
ac19x_25421,YYYxYXXXyyXYX,YXyxYX,1,,1000,16
ac19x_25457,YYYYxxxyyXXyX,YXyxYX,1,,1000,17
ac19x_25503,YYYxyxYYXyyXXXX,YXyxYX,1,,1000,17
ac19x_25517,YYXyXYxyyXyx,YXyXyXXyx,1,,1000,16
ac19x_25629,YYYYYYYXyyXXX,YXyxYX,1,,1000,19
ac19x_25635,YYYxYYXXXyxyyXX,YXyxYX,1,,1000,17
ac19x_25653,YXXyXXXXYxxYx,YXyxYX,1,,1000,17
ac19x_25875,YYYYxyyyXXXYx,YXyxYX,1,,1000,17
ac19x_25952,YYYYYXXXXXXYxyX,YXyxYX,1,,1000,17
ac19x_25978,YYYXYxyX,YYYxxyyXXYYXYYX,1,,1000,17
ac19x_26028,YYYYxYXXXXYXX,YXyxYX,1,,1000,16
ac19x_26029,YYYYXYYXYxxyyXyXX,YXyxYX,1,,1000,19
ac19x_26115,YYxYXXXXX,YXYXXYxyX,1,,1000,17
ac19x_26121,YYXyyXXYXXXYYxx,YXyxYX,1,,1000,19
ac19x_26123,YYYxxYXXXyXyX,YXyxYX,1,,1000,17
ac19x_26124,YYYxyXyyXyXXyxYx,YXyxYxYxx,1,,1000,15
ac19x_26277,YXXXyXXYxYxYx,YXyxYX,1,,1000,16
ac19x_26345,YYxyXXXXYXYYxyx,YXyxYX,1,,1000,16
ac19x_26347,YYYXXXXXXXYYx,YXyxYX,1,,1000,17
ac19x_26365,YXYXYXYxYXXyXYXX,YXYXXYxyX,1,,1000,17
ac19x_26491,YYYXXYxyxxyXyX,YXYXyxYXX,1,,1000,18
ac19x_26588,YYxYxYXXXyyXX,YXyxYX,1,,1000,17
ac19x_26870,YYYxxxyXYXXyXYX,YXyxYX,1,,1000,17
ac19x_26890,YYxyxYXXXXyXXYx,YXyxYX,1,,1000,16
ac19x_26895,YYYXXyXXYXYxx,YXyxYX,1,,1000,16
ac19x_26896,YYXXyyXXXYYxx,YXyxYX,1,,1000,18
ac19x_26899,YYYYxyyXXXXYx,YXyxYX,1,,1000,17
ac19x_26930,YYYXYxyX,YYYXyyxYYXyXyxx,1,,1000,19
ac19x_26943,YYYXYxyX,YYXYYxxyXXYXyyx,1,,1000,18
ac19x_26996,YYXXXYXXXYXYXYXYX,YXYXyxYXX,1,,1000,17
ac19x_27032,YYxxYXXyXXXYxyX,YXyxYX,1,,1000,16
ac19x_27057,YYYYXyXXXXYYX,YXyxYX,1,,1000,17
ac19x_27097,YYYYxyXXXXXYXYxyX,YXyxYX,1,,1000,17
ac19x_27180,YYxYxxxyXXyXXyX,YXXyXXyXYxxYxx,1,,1000,17
ac19x_27285,YYYxxxyXYXyyyXX,YXyxYX,1,,1000,17
ac19x_27372,YYYxxxyyXXXyX,YXyxYX,1,,1000,17
ac19x_27377,YYYYxyxYXyXXXYX,YXyxYX,1,,1000,18
ac19x_27524,YYYYYXyXXXX,YXyxYX,1,,1000,16
ac19x_27533,YYYYxyxYXXyyyXX,YXyxYX,1,,1000,17
ac19x_27567,YYYxyXXyyxyxx,YXyxYX,1,,1000,16
ac19x_27647,YYYXyXXXXYxxx,YXyxYX,1,,1000,16
ac19x_27663,YYXXXyXXYYxxx,YXyxYX,1,,1000,17
ac19x_27779,YYYXXXXYXXXXYYx,YXyxYX,1,,1000,18
ac19x_27828,YYYYxyxxYXXXXyX,YXyxYX,1,,1000,17
ac19x_27831,YXyXyXXXYxxYx,YXyxYX,1,,1000,16
ac19x_27848,YYYYXyXyyXXYx,YXyxYX,1,,1000,16
ac19x_27886,YYxxxyXyXYxyXYXyx,YXyXYXXX,1,,1000,18
ac19x_27964,YYYXYxyX,YYYXyyxyxYXYXXyxx,1,,1000,18
ac19x_27975,YYYYxYxyxyXXYYx,YYYxyXYx,1,,1000,17
ac19x_28012,YYxYxyXXXXXYX,YXyxYX,1,,1000,18
ac19x_28034,YYYYYXYxyyXXX,YXyxYX,1,,1000,13
ac19x_28066,YYYYYYYXyxyXXXX,YXyxYX,1,,1000,17
ac19x_28133,YYYXXyxyyXyyxYx,YXyxYX,1,,1000,16
ac19x_28159,YYYxxYXyyyXXX,YXyxYX,1,,1000,17
ac19x_28224,YYYxyyXXXXYYx,YXyxYX,1,,1000,19
ac19x_28390,YYxyXyXXXXYxx,YXyxYX,1,,1000,17
ac19x_28408,YXXXXXXYxYxYx,YXyxYX,1,,1000,17
ac19x_28445,YYXXyyXyyxxxxyx,YXyxYX,1,,1000,19
ac19x_28456,YYxYxxyxxyXyXXX,YXyxYX,1,,1000,17
ac19x_28484,YYYxxyxYXXyyXyX,YXyxYX,1,,1000,16
ac19x_28610,YYXyXXXXXYYxx,YXyxYX,1,,1000,17
ac19x_28647,YYYxyXYxyXyxx,YXyxYxYxx,1,,1000,16
ac19x_28666,YYYxxYXXXYXXX,YXyxYX,1,,1000,16
ac19x_28673,YYYxYXyXyXXYx,YXyxYX,1,,1000,17
ac19x_28770,YYYXXyXYXYXYXX,YXYXyxYXX,1,,1000,17
ac19x_28860,YYYYxxyXXXXyX,YXyxYX,1,,1000,17
ac19x_28974,YYYxYYxyXyXyX,YXyxYX,1,,1000,17
ac19x_29117,YYYYXyXyyyxxx,YXyxYX,1,,1000,17
ac19x_29140,YYYYXXyyXXYYX,YXyxYX,1,,1000,16
ac19x_29170,YYYYXXXyyxyyyxx,YXyxYX,1,,1000,17
ac19x_29234,YYYYXYYXYxxyXyyXX,YXyxYX,1,,1000,19
ac19x_29340,YYYxxxxyXXXyX,YXyxYX,1,,1000,16
ac19x_29394,YYxyxYxyXyXXXYx,YXyxYX,1,,1000,17
ac19x_29413,YYYxxxyXyXyyX,YXyxYX,1,,1000,15
ac19x_29480,YYYXYxyX,YXXYXyxxxYXyx,1,,1000,18
ac19x_29482,YYYXYxyX,YYXXYXyxYxyyx,1,,1000,18
ac19x_29512,YYxYYxYXyXXyX,YXyxYX,1,,1000,17
ac19x_29614,YYYYYXXyXXXXYxxyX,YXyxYX,1,,1000,18
ac19x_29621,YYYxxxyyXyXYX,YXyxYX,1,,1000,16
ac19x_29634,YYYXyxyXXyyyxYx,YXyxYX,1,,1000,16
ac19x_29643,YYxYxYXyXXXyX,YXyxYX,1,,1000,17
ac19x_29651,YYYYxyXyXXYYX,YXyxYX,1,,1000,17
ac19x_29709,YYYxYYXyXXXXX,YXyxYX,1,,1000,19
ac19x_29725,YYYXYxyX,YYYXyxxxyXXYYXYYX,1,,1000,16
ac19x_29773,YYXXyXyxyxxxx,YXyxYX,1,,1000,17
ac19x_29817,YYXyXyXyyxxxx,YXyxYX,1,,1000,17
ac19x_29819,YYYYXXyxxxYXYXYYX,YYYXYxyX,1,,1000,18
ac19x_29866,YYYxxYXXXYXXXXX,YXyxYX,1,,1000,18
ac19x_29948,YYXYYXXyxYXyX,YXYXXYxyX,1,,1000,16
ac19x_30095,YXyXXXXXYxxYxyx,YXyxYX,1,,1000,17
ac19x_30160,YYxxYXXyxyXXXYx,YXyxYX,1,,1000,17
ac19x_30163,YYYxyXyyXXyxYxxYx,YXyxYxYxx,1,,1000,15
ac19x_30183,YYxxyxYxYXXXXXX,YXyxYX,1,,1000,18
ac19x_30190,YYYXYxyX,YYXYxYXYXXyxx,1,,1000,18
ac19x_30240,YYxYYxyxYXXXXXX,YXyxYX,1,,1000,19
ac19x_30348,YYxYYxYXyxyXXyX,YXyxYX,1,,1000,16
ac19x_30371,YYYXXXyyyxyxx,YXyxYX,1,,1000,17
ac19x_30375,YYYxyXYx,YYxYXYXyxyxYXYx,1,,1000,17
ac19x_30378,YYXyyxyXYxYx,YYxyXyxyX,1,,1000,13
ac19x_30476,YYYYYYxyyyXXX,YXyxYX,1,,1000,17
ac19x_30480,YYXXYXyxyxyxyxx,YXYXXYxyX,1,,1000,13
ac19x_30482,YYYXYxyX,YYYXyxYXXyxxYYX,1,,1000,17
ac19x_30515,YYYYXYXYXyxYxYX,YYYXYxyX,1,,1000,17
ac19x_30586,YYxxxYxYxYYxxyx,YXyXyXXyx,1,,1000,16
ac19x_30631,YYYxyxYYXyXyXXX,YXyxYX,1,,1000,17
ac19x_30637,YYYYYxyXyyyXX,YXyxYX,1,,1000,18
ac19x_30675,YYYxYxyyXXXXX,YXyxYX,1,,1000,17
ac19x_30734,YYYXXXYXXXYX,YXYXyxYXX,1,,1000,18
ac19x_30766,YXYxYxYXyXXXX,YXyxYX,1,,1000,17
ac19x_30798,YYxYYxyxxyXyyXYXX,YXyxYX,1,,1000,19
ac19x_30915,YYXyxyXXXYXYYxx,YXyxYX,1,,1000,16
ac19x_30961,YYxYxxYXXyXXX,YXyxYX,1,,1000,17
ac19x_31055,YYYYxYYXyxyyXXX,YXyxYX,1,,1000,18
ac19x_31087,YYYxYXXXyXYXX,YXyxYX,1,,1000,16
ac19x_31149,YYYYxyxYXXyXXXX,YXyxYX,1,,1000,17
ac19x_31174,YYxxYxYYxxYxxyx,YXyxYxYxx,1,,1000,16
ac19x_31203,YYXXXyxyxYXyx,YXyXYXXX,1,,1000,14
ac19x_31211,YYYxyxyXYXyX,YXYXyxYXX,1,,1000,17
ac19x_31260,YYXYXYxyxxyyxxyyX,YXYXyxYXX,1,,1000,18
ac19x_31309,YYXXyXXXYYxYxyx,YXyxYX,1,,1000,18
ac19x_31478,YYYXyyXyXYYYx,YXyxYX,1,,1000,17
ac19x_31487,YYxyxYXXXXXXXYx,YXyxYX,1,,1000,18
ac19x_31579,YYYXyxyXXXXYxYx,YXyxYX,1,,1000,17
ac19x_31598,YYYxYYXyyyXXX,YXyxYX,1,,1000,18
ac19x_31614,YYYXYxyX,YYXYYxyxyyXXyyx,1,,1000,18
ac19x_31627,YXYxxxyXyXX,YXyXYXXX,1,,1000,14
ac19x_31642,YYYxxYXyyXYXX,YXyxYX,1,,1000,16
ac19x_31706,YYXXyXyXyxYxyx,YXyXyXXyx,1,,1000,18
ac19x_31727,YYXXXyXXYxYxx,YXyxYX,1,,1000,16
ac19x_31749,YYYXYxxyyXyyyxx,YXyxYX,1,,1000,17
ac19x_31796,YYYXyxxyXYxyX,YXYXyxyxYX,1,,1000,19
ac19x_31815,YYYXyXyXyyxxx,YXyxYX,1,,1000,17
ac19x_31901,YYYXXXXXyyxYxyx,YXyxYX,1,,1000,14
ac19x_31909,YYxYYxyXXyXyX,YXyxYX,1,,1000,16
ac19x_31911,YYYYxxyXXyyxyXYYX,YYYXYxyX,1,,1000,17
ac19x_31995,YYXXyXyyxxYxx,YXyxYX,1,,1000,18
ac19x_32072,YXYxxxxYxYxxxYx,YXyXyXXyx,1,,1000,17
ac19x_32076,YXYxyXyXXyxxxYx,YXyxYX,1,,1000,14
ac19x_32080,YYXXXyXyxxxYx,YXyxYX,1,,1000,16
ac19x_32150,YYYXYxyX,YXYxYXYxxyXyX,1,,1000,17
ac19x_32216,YYXXyXyyxyxxx,YXyxYX,1,,1000,17
ac19x_32272,YYYxxYXXyyXXX,YXyxYX,1,,1000,18
ac19x_32300,YYYxyxYxyXXXYXX,YXyxYX,1,,1000,16
ac19x_32486,YYYxyXyXXXYYX,YXyxYX,1,,1000,17
ac19x_32506,YYYXYxyX,YYXYYxYXYxxyXyXYX,1,,1000,18
ac19x_32568,YYYYxyXyXXXXYxxyX,YXyxYX,1,,1000,17
ac19x_32599,YYxYxxyXyXyXX,YXyxYX,1,,1000,16
ac19x_32670,YYxxxyxYXyyXyXX,YXyxYX,1,,1000,17
ac19x_32791,YYxxYXXyXXYXX,YXyxYX,1,,1000,16
ac19x_32844,YYxYYxxyXXXXX,YXyxYX,1,,1000,19
ac19x_32847,YYxxxxyXyXXyX,YXyxYX,1,,1000,16
ac19x_32900,YYYxYxYXyxyyXXX,YXyxYX,1,,1000,18
ac19x_32963,YYXYxyXXyXyyxxx,YXyxYX,1,,1000,17
ac19x_33010,YYYXYxyX,YYYXyxxYxyXXyyxyX,1,,1000,17
ac19x_33099,YYXYYxxxyyXXX,YXyxYX,1,,1000,16
ac19x_33165,YYYxYXXXyXXYxyX,YXyxYX,1,,1000,16
ac19x_33187,YXXXXyXXYxYxx,YXyxYX,1,,1000,16
ac19x_33232,YYYxxYXyxyyXXXX,YXyxYX,1,,1000,19
ac19x_33244,YYxYYxyxYXXXXyX,YXyxYX,1,,1000,16
ac19x_33271,YYYxYYXXXXXYxyXYX,YXyxYX,1,,1000,18
ac19x_33321,YYXyyXyyxxxxx,YXyxYX,1,,1000,18
ac19x_33386,YYYXXyXXXYxxx,YXyxYX,1,,1000,16
ac19x_33389,YXYxxxxyXyXXXYx,YXyxYX,1,,1000,17
ac19x_33471,YYYxxYXyyXXYX,YXyxYX,1,,1000,17
ac19x_33570,YYXXXYxYXXX,YYXXXyxx,1,,1000,17
ac19x_33578,YYYxxYYXyxyXXyX,YXyxYX,1,,1000,16
ac19x_33584,YYXXyXyXyyXyx,YXyXyXXyx,1,,1000,16
ac19x_33637,YYXyyXXyyXYxyXyX,YXyXyXXyx,1,,1000,16
ac19x_33803,YXYXyxxyXYxxyXX,YXyXYXXX,1,,1000,14
ac19x_33815,YYYYXYYYxyxyXyXYX,YYYXYxyX,1,,1000,17
ac19x_33816,YYYYxxyyXYXXX,YXyxYX,1,,1000,16
ac19x_33819,YYYYXyyXXyyxx,YXyxYX,1,,1000,17
ac19x_33825,YYXyxxxyxxYXyyx,YXyXYXXX,1,,1000,14
ac19x_33903,YYxyXYXyXXyxxxx,YXyxYX,1,,1000,16
ac19x_33942,YYYxxYxyxx,YXyxYxYxx,1,,1000,16
ac19x_33981,YYYXyxyXyXXXYxx,YXyxYX,1,,1000,16
ac19x_34104,YYXYxxyyXXyyxxx,YXyxYX,1,,1000,17
ac19x_34135,YYYYXYYYxyyXyXX,YXyxYX,1,,1000,19
ac19x_34147,YYXXXyxxxyXXYxyxyxx,YXYXXYxyX,1,,1000,17
ac19x_34238,YYYxyyXyXXyxYxxYx,YXyxYxYxx,1,,1000,16
ac19x_34310,YYXyyXXXXYxYxyx,YXyxYX,1,,1000,17
ac19x_34315,YYYXXyXyyxxxxyxyx,YXyxYX,1,,1000,19
ac19x_34368,YYYXYxyX,YYXYxYYxYXXYX,1,,1000,17
ac19x_34379,YYXYYXXYxyyxxyyX,YXYXyxYXX,1,,1000,18
ac19x_34393,YYxYxxxyXyXXX,YXyxYX,1,,1000,18
ac19x_34422,YYXXyxyXXXYXYYx,YXyxYX,1,,1000,17
ac19x_34426,YYYXXXXYXYXX,YXYXyxYXX,1,,1000,16
ac19x_34512,YYxxyXXyXyxxx,YXyxYX,1,,1000,16
ac19x_34603,YYYYxYXyXXXXX,YXyxYX,1,,1000,17
ac19x_34634,YYYXYxyX,YYYxyXyXXYx,1,,1000,18
ac19x_34656,YYYYXXXyXXXYx,YXyxYX,1,,1000,18
ac19x_34671,YYXyyXyxYxxYYxxYx,YXyxYxYxx,1,,1000,16
ac19x_34784,YYYYxxyyXXXXX,YXyxYX,1,,1000,19
ac19x_34887,YXYxYxxxYxYxxxx,YXyxYxYxx,1,,1000,17
ac19x_34888,YXYxyXXyXyxxxYx,YXyxYX,1,,1000,16
ac19x_34954,YYxYYxyxxx,YXyxYxYxx,1,,1000,17
ac19x_35032,YYXXXXXYXXXYxyXyX,YXyXYXXX,1,,1000,18
ac19x_35058,YYXXXyyxYXyxxxx,YXyxYX,1,,1000,16
ac19x_35096,YYYxyxYXyXXXYYX,YXyxYX,1,,1000,17
ac19x_35117,YYYxyXyXyXXYx,YXyxYX,1,,1000,17
ac19x_35239,YYYxYXXXXXXYxyX,YXyxYX,1,,1000,17
ac19x_35264,YYxYxyxYxyXyXXX,YXyxYX,1,,1000,17
ac19x_35426,YYYYYYXXyxyyyXX,YXyxYX,1,,1000,18
ac19x_35461,YYYXYYxyxYXyXXX,YXyxYX,1,,1000,15
ac19x_35466,YYYYxyxYYXyXXXX,YXyxYX,1,,1000,17
ac19x_35507,YYxYxxyXyXXYX,YXyxYX,1,,1000,16
ac19x_35516,YYXyxyXyXXYXYYx,YXyxYX,1,,1000,16
ac19x_35536,YYYxyXXXXXXYx,YXyxYX,1,,1000,18
ac19x_35588,YYYxYYXyXyXyyXX,YXXyx,1,,1000,15
ac19x_35629,YYYXyXXYYXyX,YYXyXYXyxYX,1,,1000,17
ac19x_35714,YYYXyXYXyxyx,YXYXXYxyX,1,,1000,17
ac19x_35717,YYYYYxyxYXXXyyX,YXyxYX,1,,1000,17
ac19x_35806,YYYxYXyXXYXXX,YXyxYX,1,,1000,14
ac19x_35828,YYYYYXXyyyyxx,YXyxYX,1,,1000,18
ac19x_35873,YYXyxYXyxxxyX,YXYXyxyxYX,1,,1000,19
ac19x_35910,YYYXyxYXYXyXX,YXYXXYxyX,1,,1000,18
ac19x_35924,YYYxyxYXyXXXXYx,YXyxYX,1,,1000,17
ac19x_35945,YYYYxxyxYXXXyXX,YXyxYX,1,,1000,18
ac19x_36003,YYXXXXXXYYxxx,YXyxYX,1,,1000,18
ac19x_36078,YYXYxyXyXyyxxYx,YXyxYX,1,,1000,17
ac19x_36079,YYXYxyXyXyyxyxx,YXyxYX,1,,1000,16
ac19x_36082,YYXyxyXXXXYXYYx,YXyxYX,1,,1000,17
ac19x_36123,YYXyyXyxyxxYx,YXyxYX,1,,1000,16
ac19x_36167,YYYYXYYxyXYXXXX,YXyxYX,1,,1000,9
ac19x_36228,YYYXYxyX,YYXYxxyyXyyxyXyyx,1,,1000,19
ac19x_36276,YYxyxYXyXXXXYxx,YXyxYX,1,,1000,17
ac19x_36280,YYYYxYYXXyXyX,YXyxYX,1,,1000,17
ac19x_36386,YXyXXXyxxxxYx,YXyxYX,1,,1000,16
ac19x_36398,YYYYYxYXXXXXX,YXyxYX,1,,1000,18
ac19x_36427,YYXXXXXXYxxYx,YXyxYX,1,,1000,16
ac19x_36534,YYYxyxYYXXXYXXX,YXyxYX,1,,1000,15
ac19x_36612,YYYXYxyX,YYYxYXXyxyyXYYxYX,1,,1000,17
ac19x_36631,YYYYYYxyyXXXX,YXyxYX,1,,1000,17
ac19x_36732,YYYXyXYYXyyyx,YYYXyXXYYXyX,1,,1000,17
ac19x_36885,YYXXyxyXXXXYxYx,YXyxYX,1,,1000,17
ac19x_36924,YYYYYXXXXXXYxYX,YXyxYX,1,,1000,19
ac19x_36935,YYYYXXXXXyyxx,YXyxYX,1,,1000,14
ac19x_36946,YYYYYXXXXXYXXYX,YXyxYX,1,,1000,19
ac19x_36968,YYYxYxxyXYXXXyX,YXyxYX,1,,1000,17
ac19x_36978,YXXXXXXYxYxyxYx,YXyxYX,1,,1000,16
ac19x_36994,YYXXXyyXXYYxx,YXyxYX,1,,1000,17
ac19x_37019,YYYYxxxyyyXYXyX,YXyxYX,1,,1000,17
ac19x_37050,YYXXXXyyxxYYx,YXyxYX,1,,1000,16
ac19x_37098,YYxYYxyXXXXXX,YXyxYX,1,,1000,17
ac19x_37109,YYxxyXyxyxyxxyX,YXYXXYxyX,1,,1000,17
ac19x_37128,YYXXyXyyxxxYx,YXyxYX,1,,1000,17
ac19x_37164,YYxxxYXyXXXXX,YXyxYX,1,,1000,18
ac19x_37208,YXXyxxYXyxx,YXyXYXXX,1,,1000,14
ac19x_37245,YYYxxyxYXXyXXXX,YXyxYX,1,,1000,18
ac19x_37292,YYYXYxyX,YYYxxyXXYYXYYXYYX,1,,1000,16
ac19x_37355,YYYYYxyyXXYXX,YXyxYX,1,,1000,17
ac19x_37398,YXyXyXXyxxxYx,YXyxYX,1,,1000,16
ac19x_37471,YYxyXXyXXXYxx,YXyxYX,1,,1000,16
ac19x_37538,YYXXXXyxyXyxxYx,YXyxYX,1,,1000,16
ac19x_37789,YYXYxyXXyyxyxxx,YXyxYX,1,,1000,17
ac19x_37815,YYXXyXyyxxxxyxx,YXyxYX,1,,1000,18
ac19x_37841,YYXyyXXXXYxYx,YXyxYX,1,,1000,17
ac19x_37855,YYXXYYxYYXyXXXX,YXyxYX,1,,1000,18
ac19x_37867,YYYYxYxyX,YXXyxYx,1,,1000,15
ac19x_37915,YYXyyXXyyXyX,YXyXyXXyx,1,,1000,16
ac19x_37930,YYYxxYXyXXXYX,YXyxYX,1,,1000,16
ac19x_37973,YYYXYxyX,YYYXyxYYXYYxxyXXX,1,,1000,17
ac19x_38018,YXXXXXXXYxYxx,YXyxYX,1,,1000,18
ac19x_38041,YYYYYxyXyXYXX,YXyxYX,1,,1000,17
ac19x_38106,YYYXYxyX,YYXYYxxYXyXyxyXyx,1,,1000,17
ac19x_38222,YYYxxxyxYXyyXXX,YXyxYX,1,,1000,18
ac19x_38255,YYXyXyXXXYYxxyx,YXyxYX,1,,1000,17
ac19x_38369,YYxxxYXyyXXYX,YXyxYX,1,,1000,16
ac19x_38386,YYYYYYxYXXX,YYYXYxyX,1,,1000,17
ac19x_38418,YYYXYxxyyXXXYYX,YXyxYX,1,,1000,16
ac19x_38441,YXYxxxxYxxYXyXyxYx,YXyXyXXyx,1,,1000,17
ac19x_38487,YYYxYYXXXXXyX,YXyxYX,1,,1000,17
ac19x_38498,YYYYXYYxYXXyxyXXX,YXyxYX,1,,1000,19
ac19x_38515,YYYXXyxyXXXYYxx,YXyxYX,1,,1000,16
ac19x_38566,YYXYxYxYXXXXX,YXyxYX,1,,1000,16
ac19x_38573,YYYXyXXYX,YYYXyXyXXYx,1,,1000,16
ac19x_38607,YYYYYXXXXXYXYYX,YXyxYX,1,,1000,19
ac19x_38716,YYYxyXXyXyxyX,YXyXyXXyx,1,,1000,16
ac19x_38742,YYYYxxyxYXXyyXX,YXyxYX,1,,1000,17
ac19x_38827,YYYYxyXXXXXYxyX,YXyxYX,1,,1000,16
ac19x_38846,YYYxyxYYXXXXXyX,YXyxYX,1,,1000,17
ac19x_38888,YYYYXYxYYxyXyXX,YYYXYxyX,1,,1000,18
ac19x_38928,YYXXyyXyyxYxx,YXyxYX,1,,1000,17
ac19x_38963,YYYXXyXXyXYYx,YXyxYX,1,,1000,17
ac19x_39038,YYYxxyXXXXXYYXX,YXyxYX,1,,1000,19
ac19x_39098,YYYYxyyxyxyxxyx,YXXyx,1,,1000,17
ac19x_39157,YYXXXXXXXYxxx,YXyxYX,1,,1000,17
ac19x_39226,YYYYxyyXYXyyyxx,YXyxYX,1,,1000,17
ac19x_39254,YYxYxxyXXXYXXXX,YXyxYX,1,,1000,19
ac19x_39427,YYYXXXXXXYYxx,YXyxYX,1,,1000,17
ac19x_39458,YYxxxYxyXXXXX,YXyxYX,1,,1000,18
ac19x_39474,YYYxxxxyXXyXX,YXyxYX,1,,1000,18
ac19x_39486,YYxYXXyXyXXYx,YXyxYX,1,,1000,17
ac19x_39494,YYYxyxYXyXyXXYx,YXyxYX,1,,1000,17
ac19x_39508,YYYXYxyX,YYXyXyxyXYxyxyx,1,,1000,17
ac19x_39560,YYYYxyyXXXYYX,YXyxYX,1,,1000,17
ac19x_39580,YYYYxyXYXXyyyxx,YXyxYX,1,,1000,17
ac19x_39600,YYYxYXXyxyXXXYx,YXyxYX,1,,1000,17
ac19x_39604,YYYxyyXXyXXYx,YXyxYX,1,,1000,17
ac19x_39700,YXXyXYxyxYxxYxxYxx,YXyXyXXyx,1,,1000,18
ac19x_39752,YYxYYxYXXXyXX,YXyxYX,1,,1000,18
ac19x_39859,YYYYYXyxyXyXXYx,YXyxYX,1,,1000,17
ac19x_39953,YYXXXXyyxxYYxyx,YXyxYX,1,,1000,17
ac19x_40067,YYxyXYXyXyxyxxx,YXyxYX,1,,1000,16
ac19x_40068,YYYxYYXXXXyyX,YXyxYX,1,,1000,16
ac19x_40126,YYYYxYYXXyxyXXX,YXyxYX,1,,1000,18
ac19x_40136,YYXYXYYXXyxyX,YXYXyxYXX,1,,1000,18
ac19x_40280,YXXyXYxyxYxxxYXyx,YXyXyXXyx,1,,1000,18
ac19x_40284,YYYYYXYxYXXyXXX,YXyxYX,1,,1000,19
ac19x_40312,YYYYxxYXyxyyXXX,YXyxYX,1,,1000,19
ac19x_40321,YYYYYYXXXXyXX,YXyxYX,1,,1000,19
ac19x_40406,YYYxxyXXyXXYxyX,YXyxYX,1,,1000,16
ac19x_40503,YYXXyyXyyxxxx,YXyxYX,1,,1000,17
ac19x_40566,YYYYxyyXyyyxx,YXyxYX,1,,1000,18
ac19x_40618,YYYxxxxyyXXXX,YXyxYX,1,,1000,18
ac19x_40653,YYxxYYxyXyXXX,YXyxYX,1,,1000,18
ac19x_40773,YYxYXXyyXXXYx,YXyxYX,1,,1000,17
ac19x_40849,YYYYYYXYxyXyXXX,YXyxYX,1,,1000,17
ac19x_40894,YYYYYYYXyXXXX,YXyxYX,1,,1000,18
ac19x_41023,YYYxYXXXXyyxx,YXyxYX,1,,1000,16
ac19x_41078,YYYXyxyyXyyyxYx,YXyxYX,1,,1000,17
ac19x_41202,YYYxyxYYXyXXYXXXX,YXyxYX,1,,1000,18
ac19x_41220,YYxYxyXyXXXYx,YXyxYX,1,,1000,17
ac19x_41289,YXYXYXXYxyXyXYx,YXYXyxYXX,1,,1000,18
ac19x_41322,YYYXYYYxyXXXX,YXyxYX,1,,1000,16
ac19x_41349,YYYYxYXXyxyyyXX,YXyxYX,1,,1000,18
ac19x_41369,YYYXXXyyyxxYx,YXyxYX,1,,1000,17
ac19x_41402,YYYxYxyXXXXyX,YXyxYX,1,,1000,18
ac19x_41418,YYxxxxyXYXyXXyX,YXyxYX,1,,1000,16
ac19x_41451,YYxxYxyXyXXXX,YXyxYX,1,,1000,18
ac19x_41470,YYXyyXXyyxxxx,YXyxYX,1,,1000,18
ac19x_41552,YYYxYxxyXXXyX,YXyxYX,1,,1000,17
ac19x_41579,YYYYxyyXyXXYx,YXyxYX,1,,1000,17
ac19x_41626,YYXYXyxYXyxYXyx,YYXyxYXyxYxyX,1,,1000,19
ac19x_41646,YYYYXYxyXyyyyxx,YXyxYX,1,,1000,18
ac19x_41677,YXYXXyxYXyxYXyx,YXYXyxyxYX,1,,1000,19
ac19x_41747,YYxYYxyXXXXyX,YXyxYX,1,,1000,17
ac19x_41756,YYYXyXyyyxxxx,YXyxYX,1,,1000,18
ac19x_41763,YYYYYxyxYXyXyyX,YXyxYX,1,,1000,17
ac19x_41833,YYYxxYXYXX,YXXyxYx,1,,1000,15
ac19x_41835,YYXXXXXXYxxxx,YXyxYX,1,,1000,16
ac19x_41845,YYYxxxyXYXXXyyX,YXyxYX,1,,1000,17
ac19x_41846,YYYYXXyxyyXXXYx,YXyxYX,1,,1000,16
ac19x_41865,YYXXXyXXYXXyx,YXyXYXXX,1,,1000,14
ac19x_41887,YYYYXXXXyyxxx,YXyxYX,1,,1000,18
ac19x_41902,YYxxyXYXyyXyxxx,YXyxYX,1,,1000,16
ac19x_41991,YYYxyXYXyXyyxxx,YXyxYX,1,,1000,17
ac19x_42098,YYxyXYXXYXyyx,YXYXyxYXX,1,,1000,16
ac19x_42231,YYYxyXXXXXXYxYX,YXyxYX,1,,1000,17
ac19x_42283,YYYYXXXXXXYYX,YXyxYX,1,,1000,17
ac19x_42292,YYXYxxxxyyXXyXX,YXyxYX,1,,1000,19
ac19x_42309,YYxxYxyXXXYXX,YXyxYX,1,,1000,12
ac19x_42350,YYXyxyxyXYxyXYxyX,YXYXyxyxYX,1,,1000,19
ac19x_42411,YYxxxyXyxyx,YXyXYXXX,1,,1000,14
ac19x_42434,YYYxyyXXXXXYx,YXyxYX,1,,1000,17
ac19x_42464,YYYYXyyXXXXYx,YXyxYX,1,,1000,17
ac19x_42697,YYYXYxxxyyXXyXX,YXyxYX,1,,1000,19
ac19x_42739,YYYYxyxYXXXyXYX,YXyxYX,1,,1000,17
ac19x_42760,YXXXyXyxxxxYxyX,YXyxYX,1,,1000,16
ac19x_42790,YYXXYxyXyyxxxYXXX,YXYXyxYXX,1,,1000,17
ac19x_42846,YYYXYxyX,YYXYXYxYXyXyxYx,1,,1000,17
ac19x_42985,YYxYXXyyXyxxx,YXyxYX,1,,1000,16
ac19x_43065,YYYXYxyX,YYXyyxYXYxxYYXX,1,,1000,18
ac19x_43175,YYYYXyyyXyyxx,YXyxYX,1,,1000,17
ac19x_43185,YXXyXyxxxYxYXyX,YXyxYX,1,,1000,16
ac19x_43409,YYXXyxYXYXyxxyX,YXYXyxyxYX,1,,1000,19
ac19x_43433,YYXXYxyxxyxyXYXyyx,YXYXyxYXX,1,,1000,16
ac19x_43481,YYXXyxYXyyx,YXyXYXXX,1,,1000,14
ac19x_43485,YYYYYxyyxyXyyXX,YXyxYX,1,,1000,18
ac19x_43498,YYYXYYxYXXXXX,YXyxYX,1,,1000,16
ac19x_43629,YYYxYxxYxyXXyyXyx,YXyXyXXyx,1,,1000,16
ac19x_43636,YYxYxxyxYXXyyXX,YXyxYX,1,,1000,16
ac19x_43727,YYYYxYXyxyXyyXX,YXyxYX,1,,1000,18
ac19x_43755,YYYYYXyXXyXYX,YXyxYX,1,,1000,16
ac19x_43810,YYYxYYXyxyXXXXX,YXyxYX,1,,1000,17
ac19x_43849,YYYxxxYxxxYxx,YXyXyXXyx,1,,1000,17
ac19x_43949,YYxxxYXXXXXyX,YXyxYX,1,,1000,17
ac19x_43966,YYYXYXYXXXXXXXYYx,YXyxYX,1,,1000,19
ac19x_44000,YYYxYYxxyXXYx,YYYxYXyx,1,,1000,14
ac19x_44013,YXXXXXXYxYxYxyx,YXyxYX,1,,1000,17
ac19x_44037,YYYYxxYxYXyX,YXXyxYx,1,,1000,15
ac19x_44056,YYYYYYXXXXYXXYX,YXyxYX,1,,1000,17
ac19x_44165,YYYxxyyXXXXYxyXYX,YXyxYX,1,,1000,17
ac19x_44259,YYYxYxxyXyXyX,YXyxYX,1,,1000,12
ac19x_44336,YYYYxyxYXXXXXYX,YXyxYX,1,,1000,17
ac19x_44346,YYYYYXyXyXXYx,YXyxYX,1,,1000,17
ac19x_44349,YYYXYxyX,YYXYYxyyxxyyXyX,1,,1000,18
ac19x_44368,YYYXyyyXyxxxx,YXyxYX,1,,1000,17
ac19x_44387,YXYxxxxxYx,YXyXyXXyx,1,,1000,16
ac19x_44408,YYXXXXyXXYxYx,YXyxYX,1,,1000,16
ac19x_44417,YYYxxyXyXXXYx,YXyxYX,1,,1000,17
ac19x_44423,YYxYxYxyXYXXXXX,YXyxYX,1,,1000,19
ac19x_44533,YYxYXYxxxyXyXyX,YXyxYX,1,,1000,16
ac19x_44604,YYXYXYXYXyxYXXXX,YXYXXYxyX,1,,1000,16
ac19x_44646,YYYYxxyXXXXXX,YXyxYX,1,,1000,17
ac19x_44678,YYxxxxyXXXYXX,YXXYxxxYXXX,1,,1000,16
ac19x_44730,YYYXYxyX,YYYxxYXXX,1,,1000,17
ac19x_44751,YYxYYxxyXyXXX,YXyxYX,1,,1000,18
ac19x_44763,YYxyXXyXXYXYx,YXyxYX,1,,1000,16
ac19x_44826,YYXXyXYXYxyXYXYXYX,YXYXyxYXX,1,,1000,17
ac19x_44846,YXXyXyXXYxYxx,YXyxYX,1,,1000,16
ac19x_44901,YYYxYXXXXyXYX,YXyxYX,1,,1000,17
ac19x_44928,YYYXXXXyyxxxxyxyx,YXyxYX,1,,1000,19
ac19x_44948,YXXXXXXXYxxYx,YXyxYX,1,,1000,17
ac19x_44993,YXYXXXXYXXyXyxx,YXyXYXXX,1,,1000,14
ac19x_45045,YYYXYxyX,YYYxxyyXYXYYXYYXYYX,1,,1000,17
ac19x_45049,YYYYxyXyXXXYxyXYX,YXyxYX,1,,1000,17
ac19x_45083,YYYYxyXyXXXYx,YXyxYX,1,,1000,18
ac19x_45275,YYxYxyxYxyXXXXX,YXyxYX,1,,1000,17
ac19x_45387,YYXXXXXYXXyyx,YXyXYXXX,1,,1000,14
ac19x_45439,YYYYXXyxYxYXYYX,YYYXYxyX,1,,1000,17
ac19x_45456,YYYXYxyX,YYYxYYXXyxyXYYXYxYX,1,,1000,19
ac19x_45538,YYYXYxyX,YYXYXXyxxyx,1,,1000,18
ac19x_45543,YYYxxxYXX,YXXXyxYxx,1,,1000,17
ac19x_45646,YYYXYYYxyyXXX,YXyxYX,1,,1000,16
ac19x_45741,YYXXyXXyyxxxx,YXyxYX,1,,1000,18
ac19x_45812,YYYxYxyXXyXXX,YXyxYX,1,,1000,17
ac19x_45850,YYYYYxyyyyXXX,YXyxYX,1,,1000,17
ac19x_45885,YYYXYxyX,YYYXyxyxYxyyXYXYX,1,,1000,17
ac19x_45961,YYXYxyyXXyXyxxx,YXyxYX,1,,1000,16
ac19x_46103,YYYYXYYxYXyXyXX,YXyxYX,1,,1000,19
ac19x_46109,YYYxyyXXXyyxx,YXyxYX,1,,1000,17
ac19x_46140,YYXyxxyXYXyyxYYXX,YXYXyxYXX,1,,1000,16
ac19x_46143,YYYXYxyX,YYXYXyxyXYXYYxx,1,,1000,19
ac19x_46163,YYxyXXXyXyxxx,YXyxYX,1,,1000,16
ac19x_46332,YYYYYYxyyyXyX,YXyxYX,1,,1000,17
ac19x_46396,YYxYYxyxxyXyyXX,YXyxYX,1,,1000,17
ac19x_46445,YYXyyXXXYYxYx,YXyxYX,1,,1000,17
ac19x_46496,YYYYXYxyyXyyyxx,YXyxYX,1,,1000,17
ac19x_46505,YYYYYxyXXXyxyXX,YXyxYX,1,,1000,18
ac19x_46522,YYxYxyXyXXYXX,YXyxYX,1,,1000,16
ac19x_46544,YXYXXYxyX,YXyXXYxxYXyx,1,,1000,16
ac19x_46546,YYYxYxxyXXXXX,YXyxYX,1,,1000,18
ac19x_46568,YYYYXYXYXyxxYYX,YYYXYxyX,1,,1000,17
ac19x_46668,YYYxYxyyXYXYXXXXX,YXyxYX,1,,1000,18
ac19x_46690,YYYXYxyX,YYYxyxyXyXYYXyxYX,1,,1000,17
ac19x_46703,YYYxYYxyyXYXXyX,YXyxYX,1,,1000,18
ac19x_46818,YYYYYXYYxyyyXXX,YXyxYX,1,,1000,19
ac19x_46853,YYYYxyyXXYXXX,YXyxYX,1,,1000,16
ac19x_46870,YYxxxyxYXyXXXXX,YXyxYX,1,,1000,18
ac19x_46905,YYYxxYYXyxyyXyX,YXyxYX,1,,1000,16
ac19x_46906,YXYxyXYXyX,YXXyxYXXyxx,1,,1000,17
ac19x_46941,YYXyyXyXXYYxx,YXyxYX,1,,1000,17
ac19x_46973,YYXXXXyXXYYxx,YXyxYX,1,,1000,17
ac19x_46974,YYYYYYxyXYXXXyX,YXyxYX,1,,1000,18
ac19x_47015,YYYYXXyyyxyxx,YXyxYX,1,,1000,16
ac19x_47025,YYYYxYXXXXXyX,YXyxYX,1,,1000,18
ac19x_47067,YYXyxYXXyx,YYXyxYXyxYxyX,1,,1000,19
ac19x_47109,YYYYYxxyXXXyX,YXyxYX,1,,1000,17
ac19x_47154,YYxYxxYYxyxxYxx,YXyXyXXyx,1,,1000,16
ac19x_47170,YYYXYYxxxyyXyXX,YXyxYX,1,,1000,19
ac19x_47173,YYYYxxxyyXYXXyX,YXyxYX,1,,1000,17
ac19x_47253,YYYxYxyXXYXXXXX,YXyxYX,1,,1000,18
ac19x_47347,YYYXyXXXXXYYx,YXyxYX,1,,1000,17
ac19x_47363,YYYYYYXXXXXXX,YXyxYX,1,,1000,17
ac19x_47435,YYxxxYXXyXXyX,YXyxYX,1,,1000,16
ac19x_47541,YYXYxxyyXyXXYYx,YXyxYX,1,,1000,18
ac19x_47684,YYXXyXXXYxYYx,YXyxYX,1,,1000,17
ac19x_47803,YXXyXXXYxYxYxyx,YXyxYX,1,,1000,16
ac19x_47814,YXYxYxxYXXyXX,YXyxYX,1,,1000,16
ac19x_47820,YYYxxxxyXyyXX,YXyxYX,1,,1000,17
ac19x_47835,YYXyxxyxxyXYxyxyX,YXYXyxyxYX,1,,1000,18
ac19x_47882,YYxxyxxYXyXyX,YXyXYXXX,1,,1000,14
ac19x_47990,YYxYxxYXyxyXXXX,YXyxYX,1,,1000,17
ac19x_48001,YYYxYYXyxyXXXYX,YXyxYX,1,,1000,17
ac19x_48022,YYXXXXXXXYxYxyx,YXyxYX,1,,1000,17
ac19x_48023,YYYxxYXyXyyXX,YXyxYX,1,,1000,17
ac19x_48026,YYXyyXyXXYxYx,YXyxYX,1,,1000,16
ac19x_48042,YYYxYYxYYxYYxxyXX,YYYxyXYx,1,,1000,16
ac19x_48046,YYYXYxyX,YYXYxYxYYXXYX,1,,1000,19
ac19x_48066,YYYYxYYXXyyXX,YXyxYX,1,,1000,18
ac19x_48137,YYYXYxyX,YYYxYXXYXyx,1,,1000,17
ac19x_48146,YYYYYxYXyyXyX,YXyxYX,1,,1000,17
ac19x_48239,YYYXYxyX,YYXYxYXYYxxYXyXyxyX,1,,1000,17
ac19x_48309,YYYYYxyxYXyXXXX,YXyxYX,1,,1000,19
ac19x_48491,YYXYXXYxyxyXYXyyx,YXYXyxYXX,1,,1000,16
ac19x_48497,YYYxxYXXXyXYX,YXyxYX,1,,1000,17
ac19x_48598,YYXYYxYYXXXXX,YXyxYX,1,,1000,16
ac19x_48603,YYYXyXXyxyxxx,YXyxYX,1,,1000,16
ac19x_48609,YYxxYxyXXyXYX,YXyxYX,1,,1000,15
ac19x_48724,YYYxxYYXXXyyX,YXyxYX,1,,1000,16
ac19x_48846,YYXyxxxyxxxxyXX,YXyXYXXX,1,,1000,14
ac19x_48853,YXYxyXYxYxxxxx,YXyxYxYxx,1,,1000,17
ac19x_48885,YYxxYXyxyXXXXYx,YXyxYX,1,,1000,17
ac19x_48962,YYxYxyxYXXyXXXX,YXyxYX,1,,1000,18
ac19x_48994,YYxYXXXXX,YXYXyxYXX,1,,1000,17
ac19x_49002,YYYYXXXXYxxx,YYxxyXX,1,,1000,19
ac19x_49019,YYxYYxxyXXyyx,YXyXyXXyx,1,,1000,16
ac19x_49045,YYYxYYXyxyyXXyX,YXyxYX,1,,1000,17
ac19x_49094,YXyXYxyxYxxxYxYx,YXyXyXXyx,1,,1000,18
ac19x_49147,YYYYXXYXyxx,YYYXYxyX,1,,1000,18
ac19x_49227,YYYxYxyXyyXyX,YXyxYX,1,,1000,16
ac19x_49253,YYXYxYYXyXXXX,YXyxYX,1,,1000,17
ac19x_49275,YYYXyXXyXyxxx,YXyxYX,1,,1000,16
ac19x_49318,YYYxYxyXXYXXX,YXyxYX,1,,1000,16
ac19x_49422,YYxYXXyxyXyXXYx,YXyxYX,1,,1000,16
ac19x_49449,YYYYxyyyXyyxx,YXyxYX,1,,1000,17
ac19x_49497,YYXyxxxxyXX,YXyXYXXX,1,,1000,14
ac19x_49513,YYYXYxyX,YYXYxYYxYXyyX,1,,1000,17
ac19x_49545,YYxYXXyXXXYxx,YXyxYX,1,,1000,16
ac19x_49565,YYYXYYXYYXYXyxx,YYYXYxyX,1,,1000,19
ac19x_49596,YYXXYYxyyXYXyxxyX,YXYXXYxyX,1,,1000,16
ac19x_49630,YYYxxxyyXXyXX,YXyxYX,1,,1000,17
ac19x_49667,YYXyXXXXYxxxx,YXyxYX,1,,1000,15
ac19x_49724,YYYYxyxYxyXXXyX,YXyxYX,1,,1000,17
ac19x_49746,YYYYYxyyXXyXX,YXyxYX,1,,1000,19
ac19x_49790,YXXyXXyxxxYxx,YXyxYX,1,,1000,16
ac19x_49839,YYYXXXYXXXYYx,YXyxYX,1,,1000,15
ac19x_49892,YYYXXyxyyXXXYYx,YXyxYX,1,,1000,18
ac19x_49960,YYXyXYxyXYxyX,YYXyXYxyyxYXYXX,1,,1000,18
ac19x_49991,YYYxYXyx,YYXyyxYXyxxYX,1,,1000,14
ac19x_49993,YYXXyxxYXXXyX,YXyXYXXX,1,,1000,18
ac19x_50000,YYxyxYXyXyXXXYx,YXyxYX,1,,1000,17
ac19x_50069,YYYXYxyX,YYXYxyXyXYxYYxyyX,1,,1000,17
ac19x_50140,YYXyxyXyXyXXyX,YXyxYxYxx,1,,1000,16
ac19x_50154,YYXXXyyXyxxYx,YXyxYX,1,,1000,16
ac19x_50380,YYXXyyXXXYxYx,YXyxYX,1,,1000,14
ac19x_50492,YYxYXyxyXXXyyxx,YXyxYX,1,,1000,17
ac19x_50508,YYYxyXYx,YYxyXyxyxyXYX,1,,1000,17
ac19x_50531,YYYxxxxyyXYXyyX,YXyxYX,1,,1000,14
ac19x_50552,YYYxyXYx,YYXYxyXyxyxYX,1,,1000,17
ac19x_50563,YYYxxyxYXyXXXYX,YXyxYX,1,,1000,17
ac19x_50576,YYYXXyxxyyxyx,YXYXXYxyX,1,,1000,17
ac19x_50659,YYYXYxxYXXXXX,YXyxYX,1,,1000,15
ac19x_50770,YYYxYXyXyyyxx,YXyxYX,1,,1000,18
ac19x_50782,YYYYXYxxyXyXyXX,YXyxYX,1,,1000,19
ac19x_50807,YYYXYXYxYXyXyxx,YYYXYxyX,1,,1000,19
ac19x_50826,YYYYxYXXXXYXXYX,YXyxYX,1,,1000,17
ac19x_50890,YYYYXXyxyyXyyxx,YXyxYX,1,,1000,18
ac19x_50977,YXXyXyxxYXyx,YXyxxYx,1,,1000,15
ac19x_51143,YYYYXXXyxyXXXYx,YXyxYX,1,,1000,16
ac19x_51217,YYXXXXyXyxxxx,YXyxYX,1,,1000,16
ac19x_51236,YYXyXXXXYYxYx,YXyxYX,1,,1000,17
ac19x_51249,YYYxyxYYXXXyXyX,YXyxYX,1,,1000,16
ac19x_51280,YYYYXXyXXXYYx,YXyxYX,1,,1000,19
ac19x_51322,YYXYxYxyXXXXX,YXyxYX,1,,1000,17
ac19x_51329,YYXXXXXXXYxYx,YXyxYX,1,,1000,18
ac19x_51377,YYYxyXXyxYYxxxxx,YXyxYxYxx,1,,1000,16
ac19x_51413,YYYYYxYYXXX,YYYXYxyX,1,,1000,19
ac19x_51437,YXXXyXyxxxYxxyX,YXyxYX,1,,1000,16
ac19x_51440,YYYYYxyxYXXyXyX,YXyxYX,1,,1000,17
ac19x_51531,YYXXXXXXYxYYxyx,YXyxYX,1,,1000,17
ac19x_51532,YYXYxxyXyXXYXYx,YXyxYX,1,,1000,16
ac19x_51561,YYYXYYXXXXXXXYx,YXyxYX,1,,1000,17
ac19x_51570,YYYYYxyyXXXYX,YXyxYX,1,,1000,17
ac19x_51638,YYYxYXyyXyyxx,YXyxYX,1,,1000,17
ac19x_51660,YYYxyXYx,YYxYxyxYXYX,1,,1000,17
ac19x_51663,YYYYXyxyXXXyyxx,YXyxYX,1,,1000,16
ac19x_51665,YYYYXyxYX,YYXyyxyxYXYXyyx,1,,1000,12
ac19x_51684,YYYxyXYXyyXyyxxyx,YXyxYX,1,,1000,19
ac19x_51709,YYYXYxyyyXyyxxx,YXyxYX,1,,1000,18
ac19x_51728,YYYxxYxyyXXXX,YXyxYX,1,,1000,17
ac19x_51924,YYXYxxYxyyXXyXX,YXyxYX,1,,1000,19
ac19x_52054,YYYYXXXXXYXYxyX,YXyxYX,1,,1000,16
ac19x_52058,YYYXYxyX,YYXYXYYxxYYXX,1,,1000,18
ac19x_52075,YYXYYXyyxyxxyXYX,YXYXXYxyX,1,,1000,18
ac19x_52110,YYXYYxYXyXXXX,YXyxYX,1,,1000,17
ac19x_52153,YYxYxyxYXyXXXyX,YXyxYX,1,,1000,17
ac19x_52183,YYYXXyyXXYYYx,YXyxYX,1,,1000,17
ac19x_52191,YYXyyXyyxxxYx,YXyxYX,1,,1000,17
ac19x_52298,YYYYYXYxyXXXyXX,YXyxYX,1,,1000,19
ac19x_52342,YYxyXYXyyXyxxxx,YXyxYX,1,,1000,17
ac19x_52377,YYxYxYxyXXXyX,YXyxYX,1,,1000,17
ac19x_52483,YYYYxxyyXYXXyyX,YXyxYX,1,,1000,16
ac19x_52501,YYXXXXyXYYxxx,YXyxYX,1,,1000,16
ac19x_52520,YYxyXYXyyXyxyxx,YXyxYX,1,,1000,16
ac19x_52575,YYxYxyXYXXXyyxx,YXyxYX,1,,1000,17
ac19x_52661,YYYxxyxxyXyXXYX,YXyxYX,1,,1000,17
ac19x_52677,YYYYxxxyyXyyX,YXyxYX,1,,1000,16
ac19x_52718,YYxYYxYXXyxyXXX,YXyxYX,1,,1000,17
ac19x_52793,YYXyyXyyxxYxxYX,YXyxYX,1,,1000,17
ac19x_52813,YYYYxyxYYXXXXyX,YXyxYX,1,,1000,16
ac19x_52917,YYYXYYXyyyX,YYXXyXYYXX,1,,1000,16
ac19x_52923,YYYxyxyXXX,YXYXyxYXX,1,,1000,17
ac19x_53073,YYxYXXXyyXXYx,YXyxYX,1,,1000,16
ac19x_53186,YYxYxYXyxyXXXyX,YXyxYX,1,,1000,17
ac19x_53300,YYYYYxyyxyXXyXX,YXyxYX,1,,1000,17
ac19x_53350,YYxxyxYXyXyXXYx,YXyxYX,1,,1000,16
ac19x_53384,YYXXXyyXyxxxx,YXyxYX,1,,1000,17
ac19x_53389,YYXYxyyXXyyxxYx,YXyxYX,1,,1000,17
ac19x_53402,YYXYYXyxyxYXXXX,YXYXXYxyX,1,,1000,16
ac19x_53433,YYxYxYxyXXyXX,YXyxYX,1,,1000,17
ac19x_53486,YYXXXyXyyxxxx,YXyxYX,1,,1000,17
ac19x_53489,YYYYYXyxyyXXXYx,YXyxYX,1,,1000,17
ac19x_53565,YYYYxYxyXyyyX,YXyxYX,1,,1000,16
ac19x_53589,YYXXXyXXYYxYx,YXyxYX,1,,1000,17
ac19x_53657,YYXYXXyXXyX,YXyXYXXX,1,,1000,14
ac19x_53737,YYYxYxyXXXyXX,YXyxYX,1,,1000,17
ac19x_53768,YXYxYxYXXyXXX,YXyxYX,1,,1000,17
ac19x_53831,YYYXXYxyyxxyX,YXYXyxyxYX,1,,1000,19
ac19x_53842,YXYxYxYXXXyXX,YXyxYX,1,,1000,16
ac19x_53913,YYxxYxYXXXXXX,YXyxYX,1,,1000,17
ac19x_53952,YYYxyXXyXyyxxyx,YXyxYX,1,,1000,19
ac19x_53955,YYYXYxyX,YYXyXyxYxYYXyyx,1,,1000,17
ac19x_54027,YYYxYXXXyyyxx,YXyxYX,1,,1000,17
ac19x_54047,YYYYxxYXXXXYXyX,YXyxYX,1,,1000,17
ac19x_54052,YYxYYxxyXYXXXyX,YXyxYX,1,,1000,16
ac19x_54068,YYYYxxYXXyxyXXX,YXyxYX,1,,1000,17
ac19x_54077,YYYxxxyXYXXyXyX,YXyxYX,1,,1000,17
ac19x_54121,YYYYxyxxYXXXyXX,YXyxYX,1,,1000,18
ac19x_54124,YYXYxyXyXyyxxxx,YXyxYX,1,,1000,18
ac19x_54143,YYxxxYXXXyXYX,YXyxYX,1,,1000,15
ac19x_54159,YYYYYxYXXyXyX,YXyxYX,1,,1000,18
ac19x_54219,YYXXyyXXyxxxx,YXyxYX,1,,1000,17
ac19x_54303,YYXXXyXXYXYYx,YXyxYX,1,,1000,17
ac19x_54316,YYYYxyXXXXYYX,YXyxYX,1,,1000,16
ac19x_54396,YXXYxyxYxYxxxx,YXyxYxYxx,1,,1000,17
ac19x_54532,YYYxYxYXXyxyXXX,YXyxYX,1,,1000,17
ac19x_54533,YYxYxyXXXXYXX,YXyxYX,1,,1000,17
ac19x_54656,YYYxyXyyXXYYx,YXyxYX,1,,1000,18
ac19x_54735,YYYXYxyX,YYYxxyXXYXYYXyxYX,1,,1000,18
ac19x_54783,YYxxxYXXyXyXX,YXyxYX,1,,1000,17
ac19x_54792,YYYXYxyyXXyyxxx,YXyxYX,1,,1000,17
ac19x_54904,YYYxxxyxYXXXyXX,YXyxYX,1,,1000,18
ac19x_54934,YYYXYxyX,YYYxYXyXyyxYXYxYX,1,,1000,17
ac19x_54942,YYYYxyxyxyyxyxx,YXXyx,1,,1000,18
ac19x_54978,YYYYxYxyXXXyX,YXyxYX,1,,1000,17
ac19x_54980,YYYxxyXXXyyxx,YXyxYX,1,,1000,17
ac19x_55064,YYYXyXXXyx,YXYXXXXyx,1,,1000,15
ac19x_55121,YYYXXXXXYXYxx,YXyxYX,1,,1000,16
ac19x_55144,YYYxxxyXXYXXXXX,YXyxYX,1,,1000,19
ac19x_55179,YYYYXYYYXXXXX,YXyxYX,1,,1000,16
ac19x_55303,YYYXyxyXXXXXYxx,YXyxYX,1,,1000,17
ac19x_55371,YYYxxyxYXyyXXYX,YXyxYX,1,,1000,17
ac19x_55387,YYYYYxyXXXXYXyX,YXyxYX,1,,1000,19
ac19x_55505,YYYYxYxyyyXXX,YXyxYX,1,,1000,18
ac19x_55540,YYYXXXXyyxyxx,YXyxYX,1,,1000,14
ac19x_55544,YYYYYxyxYXXyyXX,YXyxYX,1,,1000,18
ac19x_55559,YYXXYXXYxyyxxyX,YXYXyxyxYX,1,,1000,18
ac19x_55633,YYYxyXYx,YYYxyxyXXXyyx,1,,1000,17
ac19x_55785,YYYYxYXXXXXYXyX,YXyxYX,1,,1000,18
ac19x_55801,YYXXyXyxYxYxxyx,YXyXyXXyx,1,,1000,18
ac19x_55849,YYYXYxyX,YYXyXYXYYxYXYYx,1,,1000,19
ac19x_55960,YYYXYYxYXyXXX,YXyxYX,1,,1000,16
ac19x_55985,YYXyyXXyXyXyXyXyX,YXyXyXXyx,1,,1000,16
ac19x_56032,YYYxxYXXyXYXX,YXyxYX,1,,1000,16
ac19x_56060,YYXyyXXyxYxyXXXyyX,YXyXyXXyx,1,,1000,16
ac19x_56123,YYYYYXXyyXYXX,YXyxYX,1,,1000,16
ac19x_56175,YYXyXyXyyxYxxyx,YXyxYX,1,,1000,17
ac19x_56205,YYXyxYXyxxyxxyX,YXYXyxyxYX,1,,1000,18
ac19x_56263,YYYXYYXyyx,YXXYxyXYx,1,,1000,19
ac19x_56281,YYYYYYYXXyyyX,YXyxYX,1,,1000,17
ac19x_56326,YYYxxyxYXyyyXXX,YXyxYX,1,,1000,18
ac19x_56358,YYxYYxyXyXXyyXyx,YXyXyXXyx,1,,1000,16
ac19x_56428,YYYYxxyyXXyXX,YXyxYX,1,,1000,17
ac19x_56437,YYYXYxxxyXyXyXX,YXyxYX,1,,1000,19
ac19x_56450,YYYXYxyXXyXyxxx,YXyxYX,1,,1000,16
ac19x_56454,YYYxYxYXyXyXX,YXyxYX,1,,1000,17
ac19x_56461,YYXyxyXXXyyxxYx,YXyxYX,1,,1000,17
ac19x_56481,YYXYYXXXYXXX,YXYXXYxyX,1,,1000,16
ac19x_56551,YYxxxyxYXyXyXXX,YXyxYX,1,,1000,17
ac19x_56572,YYYYXXyxyXXXXYx,YXyxYX,1,,1000,17
ac19x_56701,YYXYXYYXyxyxxyyX,YXYXyxYXX,1,,1000,18
ac19x_56844,YYYxyxYYXyyXyXX,YXyxYX,1,,1000,17
ac19x_56918,YYYxyxYYXyXyXyX,YXyxYX,1,,1000,16
ac19x_57031,YYxxYXyyXyXYX,YXyxYX,1,,1000,16
ac19x_57151,YYxxYxYXyXXXX,YXyxYX,1,,1000,18
ac19x_57162,YYxYYxxyXYXXXXX,YXyxYX,1,,1000,19
ac19x_57187,YYXXyxYxyXYXyX,YXXyxYXXyxx,1,,1000,15
ac19x_57193,YYYXyyXyyxxxx,YXyxYX,1,,1000,18
ac19x_57281,YYYYXYxyyXXXX,YXyxYX,1,,1000,16
ac19x_57306,YYYXYxyX,YYXXYXyxYYx,1,,1000,19
ac19x_57315,YYXXyXyXyXyyx,YXyXyXXyx,1,,1000,16
ac19x_57341,YYxyxxyXyxyxxyX,YXYXXYxyX,1,,1000,16
ac19x_57365,YYxyxxYXXXXXXYx,YXyxYX,1,,1000,17
ac19x_57391,YYYYXXyxyXXXYYx,YXyxYX,1,,1000,18
ac19x_57461,YYYYXyXyXXYYx,YXyxYX,1,,1000,18
ac19x_57478,YYxxYXXyXyXYX,YXyxYX,1,,1000,16
ac19x_57497,YYYXyxyyXXXYYxx,YXyxYX,1,,1000,16
ac19x_57588,YYYxyxYXyXXXYXX,YXyxYX,1,,1000,17
ac19x_57605,YXYXXYxyX,YXYxYXyXyxxyxYXX,1,,1000,18
ac19x_57610,YYYYxxyxYXyXyXX,YXyxYX,1,,1000,18
ac19x_57679,YYYxxyxYXyXXXXX,YXyxYX,1,,1000,17
ac19x_57696,YYYXXXyyXXYYx,YXyxYX,1,,1000,16
ac19x_57741,YYYxYYXXXyyXX,YXyxYX,1,,1000,18
ac19x_57784,YYYXYxyX,YYXYYxYYxyXyXYX,1,,1000,17
ac19x_57820,YYYXyXXyyxxxx,YXyxYX,1,,1000,17
ac19x_57998,YYYXXYXXYXYXYXXXX,YXYXXYxyX,1,,1000,18
ac19x_58018,YYYxYxyxxyXXXyX,YXyxYX,1,,1000,17
ac19x_58019,YYXYxxxYXyyXyXX,YXyxYX,1,,1000,19
ac19x_58054,YYYYxYXXyxyXXYX,YXyxYX,1,,1000,17
ac19x_58079,YYYXyXXXyXYYx,YXyxYX,1,,1000,17
ac19x_58087,YYXXXXXyXYYxx,YXyxYX,1,,1000,17
ac19x_58263,YYYXXXyyyxYxx,YXyxYX,1,,1000,17
ac19x_58327,YYYxxyXYXXyyyxx,YXyxYX,1,,1000,17
ac19x_58359,YYXyXyXXYYxxx,YXyxYX,1,,1000,17
ac19x_58396,YYYYXYYxxyXXyXX,YXyxYX,1,,1000,19
ac19x_58479,YYYYxYXXXyxyXXX,YXyxYX,1,,1000,18
ac19x_58546,YYYYYXyXyyyxx,YXyxYX,1,,1000,17
ac19x_58591,YYxyxYxyXXyXXYx,YXyxYX,1,,1000,16
ac19x_58887,YXXyxYxYxyX,YXyXYXyxx,1,,1000,19
ac19x_59081,YYXXXXXXYxYYx,YXyxYX,1,,1000,17
ac19x_59257,YYXYxYXYYxYX,YYxYXYYxYxYXYxyXXYX,1,,1000,15
ac19x_59288,YYXXYXyxyXYxyx,YXYXXYxyX,1,,1000,12
ac19x_59358,YYYYYXYxyXyXyXX,YXyxYX,1,,1000,19
ac19x_59378,YYYYYYXXyxyyXXX,YXyxYX,1,,1000,17
ac19x_59456,YYYxyXYXXXyyxxx,YXyxYX,1,,1000,17
ac19x_59546,YYYYXYYxyxYXyyXXX,YXyxYX,1,,1000,18
ac19x_59665,YYXYYXYXXYXXXYxyyX,YXYXyxYXX,1,,1000,18
ac19x_59702,YYYxxxyXXXXyX,YXyxYX,1,,1000,17
ac19x_59712,YYxYYxxyXyyXX,YXyxYX,1,,1000,17
ac19x_59741,YYYxyxYYXyXXyXX,YXyxYX,1,,1000,17
ac19x_59814,YYYXYxyX,YYXyXYYXyxyxx,1,,1000,17
ac19x_59831,YYxYxyxYXyyXyXX,YXyxYX,1,,1000,17
ac19x_59852,YYYYxxYXXyXXX,YXyxYX,1,,1000,17
ac19x_59859,YXYXyxYXX,YXXyXYxyXYxx,1,,1000,16
ac19x_60011,YYYYXYYxYXXyyXX,YXyxYX,1,,1000,19
ac19x_60119,YYYYYYXyXXXyX,YXyxYX,1,,1000,18
ac19x_60252,YYYXYXYXyxx,YYYXYxyX,1,,1000,17
ac19x_60261,YYxYYxYXyxyXyXX,YXyxYX,1,,1000,18
ac19x_60318,YYYxxxyXyXXYX,YXyxYX,1,,1000,17
ac19x_60404,YYYxYxYXyXXXX,YXyxYX,1,,1000,18
ac19x_60449,YXYXXXXyX,YXXXXXyxxxxxx,1,,1000,17
ac19x_60509,YYXXyxYXyXX,YXyXYXXX,1,,1000,14
ac19x_60588,YYYXyxyXyXXYYxx,YXyxYX,1,,1000,17
ac19x_60595,YYxxYYxyx,YYxxyxYXyyXXyX,1,,1000,18
ac19x_60625,YYYXyyXXXXYYxyx,YXyxYX,1,,1000,17
ac19x_60715,YYxxyXyXXXXYx,YXyxYX,1,,1000,17
ac19x_60916,YYYYXXXXXXYxx,YXyxYX,1,,1000,16
ac19x_60921,YXyXyXyXXXXyXyX,YxYxxxYxxYxYxxxx,1,,1000,15
ac19x_60992,YYXYYxxyxYXyXXX,YXyxYX,1,,1000,16
ac19x_61004,YYXYxxYxyyXXXYXyX,YXyxYX,1,,1000,19
ac19x_61015,YYYYYxYXyXyyX,YXyxYX,1,,1000,17
ac19x_61029,YYXyXXXyxxxxxyx,YXyxYX,1,,1000,17
ac19x_61033,YYYYYxyyXXXYXyX,YXyxYX,1,,1000,19
ac19x_61049,YYYxYxxyXyXXX,YXyxYX,1,,1000,17
ac19x_61051,YYYYXXyxxYYYXYX,YYYXYxyX,1,,1000,19
ac19x_61107,YYYYxYXyxyXXXXX,YXyxYX,1,,1000,19
ac19x_61142,YYYXYxyX,YYXyyXyxxyx,1,,1000,17
ac19x_61241,YYYxyyXyyxyxx,YXyxYX,1,,1000,16
ac19x_61403,YYYYxxyxxyXXyXX,YXyxYX,1,,1000,18
ac19x_61438,YYYxyXYXyyXyyxx,YXyxYX,1,,1000,17
ac19x_61450,YYxxYXyXyXXYX,YXyxYX,1,,1000,3
ac19x_61456,YYXyXXXXXYxxx,YXyxYX,1,,1000,17
ac19x_61471,YYYxxxxyXXYXXyX,YXyxYX,1,,1000,17
ac19x_61473,YYxYXyyXXXXYx,YXyxYX,1,,1000,17
ac19x_61487,YYYYYXXXyXyxxyx,YXyxYX,1,,1000,17
ac19x_61582,YYxxxYXXyXXYXXX,YXyxYX,1,,1000,19
ac19x_61647,YYYXYxyX,YYYxyxyXXyxyXyxYX,1,,1000,17
ac19x_61703,YXXXyxxYXXXXX,YXyXYXXX,1,,1000,14
ac19x_61706,YYYXXXXyxyXyxxx,YXyxYX,1,,1000,17
ac19x_61723,YYXXXXXYXYYxx,YXyxYX,1,,1000,17
ac19x_61807,YYxxxxxyXyXYXyX,YXyxYX,1,,1000,16
ac19x_61877,YXXXXyXyxxYxxyx,YXyxYX,1,,1000,15
ac19x_61911,YYxxxxYXyXXXX,YXyxYX,1,,1000,18
ac19x_61924,YYxYXyXYXyXyyxx,YXyxYX,1,,1000,17
ac19x_61951,YYYYXyXXyXXYx,YXyxYX,1,,1000,16
ac19x_61988,YYYxyyx,YYxYXyXyxx,1,,1000,15
ac19x_61997,YYYYXXXyyyxxx,YXyxYX,1,,1000,19
ac19x_62074,YYxxxyXyXXXYx,YXyxYX,1,,1000,17
ac19x_62084,YYYYXYXYxxxyyyyXX,YXyxYX,1,,1000,19
ac19x_62139,YXYXXyxxYXXyX,YXXyxxYXyxx,1,,1000,14
ac19x_62187,YYXyXyyxyxxxx,YXyxYX,1,,1000,17
ac19x_62346,YYXXXXXXYYxYxyx,YXyxYX,1,,1000,17
ac19x_62411,YYxxxYxxxYXyxYxYx,YXyXyXXyx,1,,1000,16
ac19x_62499,YYYXYxyX,YYYXyxYXXyxxxYXYX,1,,1000,18
ac19x_62524,YYYXXyXyyxYxx,YXyxYX,1,,1000,16
ac19x_62528,YYXXXyyxxyxxx,YXyxYX,1,,1000,16
ac19x_62553,YYYxYxYXXXyXX,YXyxYX,1,,1000,17
ac19x_62601,YYYXyXXXXXYYxyx,YXyxYX,1,,1000,18
ac19x_62654,YYxyXYXyyXXyxxx,YXyxYX,1,,1000,16
ac19x_62697,YYxYXyXXXXXYx,YXyxYX,1,,1000,17
ac19x_62824,YYYXXyXyXXYYxyx,YXyxYX,1,,1000,16
ac19x_62834,YYXyXXyXYxxx,YXXyXYxYx,1,,1000,17
ac19x_62883,YYYYxxYXXXyyX,YXyxYX,1,,1000,17
ac19x_62886,YYYYXYYxxyyyXXX,YXyxYX,1,,1000,19
ac19x_62887,YYXyXXXXYxYYx,YXyxYX,1,,1000,17
ac19x_62936,YYYXYYxyXXXXX,YXyxYX,1,,1000,17
ac19x_63116,YYXyXXyXXYYxx,YXyxYX,1,,1000,18
ac19x_63133,YYxxYxxyXXXyX,YXyxYX,1,,1000,16
ac19x_63169,YYXYxYYXyyXXX,YXyxYX,1,,1000,16
ac19x_63204,YYXXyyXXYXYYx,YXyxYX,1,,1000,16
ac19x_63222,YYXXXyXyyxxYx,YXyxYX,1,,1000,17
ac19x_63401,YYXYXYXXXYXyyx,YXYXyxYXX,1,,1000,16
ac19x_63404,YYYYXyxyXXyXYYx,YXyxYX,1,,1000,16
ac19x_63422,YXYXyXXYxYXYxyX,YXYXyxYXX,1,,1000,17
ac19x_63480,YYYXYxyX,YYYxxyXXyxyXYYX,1,,1000,17
ac19x_63588,YYXyXXyXXYxYx,YXyxYX,1,,1000,16
ac19x_63603,YYYXYxxxyyXXXYX,YXyxYX,1,,1000,18
ac19x_63706,YYYxxyxYXyXXyyX,YXyxYX,1,,1000,16
ac19x_63774,YYYxYxyxYXXXXXX,YXyxYX,1,,1000,18
ac19x_63878,YYYxYYXXXyXYX,YXyxYX,1,,1000,17
ac19x_63950,YYYxxyyXXXXYX,YXyxYX,1,,1000,18
ac19x_63993,YYXXXyxyxYXXX,YXyXYXXX,1,,1000,14
ac19x_64055,YYYYXYYYxyXyyXX,YXyxYX,1,,1000,18
ac19x_64099,YYYYXyxyXyXXXYx,YXyxYX,1,,1000,17
ac19x_64244,YYYYYxyxYXyyXyX,YXyxYX,1,,1000,17
ac19x_64293,YYxxxxxYXYxYxyXXyx,YXyxYxYxx,1,,1000,17
ac19x_64328,YYYxYxyXyXXXX,YXyxYX,1,,1000,17
ac19x_64358,YYYXXyXYXXYYx,YXyxYX,1,,1000,16
ac19x_64420,YYxxxxYXXXXXX,YXyxYX,1,,1000,18
ac19x_64427,YYYYxyyXXXYXXYX,YXyxYX,1,,1000,18
ac19x_64432,YYxYXXyXXXXYx,YXyxYX,1,,1000,17
ac19x_64450,YYYxYXyyXXXYx,YXyxYX,1,,1000,17
ac19x_64458,YXYxyXXyXXyxxxx,YXyxYX,1,,1000,16
ac19x_64475,YYxYXyXXyyXXyXyyx,YXyXyXXyx,1,,1000,16
ac19x_64600,YYYYxyyyXX,YYYXYYXyyyX,1,,1000,16
ac19x_64603,YYYYxxyyXyXYX,YXyxYX,1,,1000,17
ac19x_64648,YYYxyXyXXXXYxYX,YXyxYX,1,,1000,17
ac19x_64708,YYxxYYxyx,YYxxyxYxYYxyXyX,1,,1000,18
ac19x_64739,YYYYYXyXXXYYX,YXyxYX,1,,1000,17
ac19x_64756,YYYxxxyXyyXXX,YXyxYX,1,,1000,17
ac19x_64790,YYYxYxyyxyXyXXX,YXyxYX,1,,1000,18
ac19x_64809,YYYxxYYXXyxyXyX,YXyxYX,1,,1000,16
ac19x_64818,YYXyXyyXXYYxx,YXyxYX,1,,1000,17
ac19x_64833,YYYxxyxYXyXyyXX,YXyxYX,1,,1000,17
ac19x_64862,YYYxyXXyXyyxx,YXyxYX,1,,1000,17
ac19x_64966,YYYxxyXXXXYXX,YXyxYX,1,,1000,17
ac19x_64979,YYxYxYXXyxyXXyX,YXyxYX,1,,1000,16
ac19x_65069,YYxYxxxyXYXyXyX,YXyxYX,1,,1000,16
ac19x_65273,YYYxxxyXYXXyyXX,YXyxYX,1,,1000,17
ac19x_65329,YYYYxyyXYXYXXXX,YXyxYX,1,,1000,16
ac19x_65341,YYxyxxyXyXXXYxx,YXyxYX,1,,1000,16
ac19x_65529,YYYXXXXYxyXYXYXX,YXYXyxYXX,1,,1000,18
ac19x_65586,YYYxxxYXXXyXX,YXyxYX,1,,1000,18
ac19x_65667,YXXyXyXYxyxx,YXyXYXyxx,1,,1000,19
ac19x_65755,YYxYxYxyXYXXXyX,YXyxYX,1,,1000,16
ac19x_65832,YYYXYxyX,YYYXyyxxxyyXYXYYX,1,,1000,18
ac19x_65861,YYXXyXyXXYYxxyx,YXyxYX,1,,1000,17
ac19x_65901,YYxYXyyxYxyX,YXyxYxYxx,1,,1000,16
ac19x_65917,YYxYxYXXyXXXX,YXyxYX,1,,1000,17
ac19x_65953,YYYYXXyxxYYXYYX,YYYXYxyX,1,,1000,17
ac19x_65956,YXyXYxYxYxxxYxyx,YXyxYxYxx,1,,1000,18
ac19x_65963,YYYxyxxyXyXXXYx,YXyxYX,1,,1000,17
ac19x_65967,YYxYXXXyXyyxxyx,YXyxYX,1,,1000,19
ac19x_66018,YXXXyxxxYxyXX,YXyXYXXX,1,,1000,14
ac19x_66077,YYYxxxYXXXXyX,YXyxYX,1,,1000,17
ac19x_66097,YYxYxxyxYXyyXXX,YXyxYX,1,,1000,17
ac19x_66130,YYxYxyxYXXXyXyX,YXyxYX,1,,1000,16
ac19x_66290,YYYYYXXyyyyyx,YXyxYX,1,,1000,16
ac19x_66375,YYYXXXXyyyxYx,YXyxYX,1,,1000,16
ac19x_66452,YYYxxYxyXyXXX,YXyxYX,1,,1000,18
ac19x_66613,YXYXXYxyX,YXXYXXXXYxx,1,,1000,16
ac19x_66646,YYYxYxyxYXXyXXX,YXyxYX,1,,1000,17
ac19x_66647,YYYXYxyX,YYXyXyxxYYXyx,1,,1000,17
ac19x_66696,YYYYYXXXyXXYxyX,YXyxYX,1,,1000,16
ac19x_66849,YYYYYxyxxyXyXyX,YXyxYX,1,,1000,17
ac19x_67075,YYYYYxYXyyXXX,YXyxYX,1,,1000,17
ac19x_67150,YYYYxxyxYXXXXXX,YXyxYX,1,,1000,18
ac19x_67302,YYxxyxYXyXXXXYx,YXyxYX,1,,1000,17
ac19x_67466,YYXyxyXXXXYYxYx,YXyxYX,1,,1000,17
ac19x_67485,YYxYxYXyyXyXX,YXyxYX,1,,1000,16
ac19x_67579,YYxxxYXXyXXXX,YXyxYX,1,,1000,18
ac19x_67641,YYYXyyXXyyxxx,YXyxYX,1,,1000,16
ac19x_67644,YYxxxxYXXyyXX,YXyxYX,1,,1000,16
ac19x_67731,YYxYxYXXXyXXX,YXyxYX,1,,1000,18
ac19x_67762,YXyXXyXyxxxYx,YXyxYX,1,,1000,16
ac19x_67830,YYYYxyXXXXYXXYX,YXyxYX,1,,1000,19
ac19x_67842,YYYYYXYxxyXyyyX,YXyxYX,1,,1000,17
ac19x_67929,YYYxxxxyXXXXX,YXyxYX,1,,1000,17
ac19x_67977,YYYYXXyXyXYYx,YXyxYX,1,,1000,16
ac19x_67983,YYxyxYXXXyXXXYx,YXyxYX,1,,1000,17
ac19x_68018,YYYxyyx,YYXyxxyXYx,1,,1000,15
ac19x_68164,YYYYYxxyXyXyX,YXyxYX,1,,1000,17
ac19x_68215,YYxyXyXXXYxYx,YXyxYX,1,,1000,17
ac19x_68228,YYxxxxxyXYXXyXX,YXyxYX,1,,1000,17
ac19x_68250,YYXyyXXXYXYYx,YXyxYX,1,,1000,17
ac19x_68251,YYxxxyxYXyyXXXX,YXyxYX,1,,1000,17
ac19x_68370,YYXYxxxyyXXXX,YXyxYX,1,,1000,16
ac19x_68397,YYXyxyXXYx,YXYXXYxyX,1,,1000,16
ac19x_68421,YYYxYxYXXXyyX,YXyxYX,1,,1000,16
ac19x_68437,YYYYXXyyyXyxx,YXyxYX,1,,1000,16
ac19x_68522,YXYxYxYxyXyXX,YXyxYX,1,,1000,16
ac19x_68525,YYYYYXXXyyyxx,YXyxYX,1,,1000,17
ac19x_68539,YYXyXyXXYXYYxyx,YXyxYX,1,,1000,16
ac19x_68543,YYxYxYXXyXXyX,YXyxYX,1,,1000,17
ac19x_68600,YYXyyXYxyxYX,YXYXXYxyX,1,,1000,18
ac19x_68645,YYxYXyXyyXyxx,YXyxYX,1,,1000,16
ac19x_68709,YYYxxyxYXyyXyXX,YXyxYX,1,,1000,17
ac19x_68723,YXYxYxxxxx,YXyxYxYxx,1,,1000,16
ac19x_68736,YYYXXYXYXXXX,YXYXXYxyX,1,,1000,16
ac19x_68751,YYXyXXXXYxYxx,YXyxYX,1,,1000,17
ac19x_68847,YXXYxxxxYxYxyx,YXyXyXXyx,1,,1000,17
ac19x_68850,YYXYYxYXXXXYXyX,YXyxYX,1,,1000,16
ac19x_68925,YYXYYxYXyxyXXXX,YXyxYX,1,,1000,17
ac19x_68941,YYYxxYxyyXXyX,YXyxYX,1,,1000,16
ac19x_68949,YYYYXXXXyXXYx,YXyxYX,1,,1000,17
ac19x_68978,YYYYXYXYXXXXXXXYx,YXyxYX,1,,1000,17
ac19x_68980,YYxYxYXyyXXYXXX,YXyxYX,1,,1000,19
ac19x_69052,YXXyXyXyXXXyxxYxyX,YXyxYxYxx,1,,1000,18
ac19x_69062,YYYxxxyyXyyXX,YXyxYX,1,,1000,17
ac19x_69099,YYYxyyXYXXyXYYx,YXyxYX,1,,1000,17
ac19x_69145,YYYxxxyyXXXXX,YXyxYX,1,,1000,17
ac19x_69215,YYXyxyXXyyXYx,YXyxYxYxx,1,,1000,16
ac19x_69344,YYYYYYXXXyXYX,YXyxYX,1,,1000,17
ac19x_69427,YYYXYxyX,YYXYYXYYXYXyxYx,1,,1000,17
ac19x_69496,YYYxYXXyyXXYx,YXyxYX,1,,1000,17
ac19x_69520,YYxxyxYXyXyXXYX,YXyxYX,1,,1000,16
ac19x_69533,YYxYxyxYXXyXyXX,YXyxYX,1,,1000,16
ac19x_69555,YYYxxxYXXyyXX,YXyxYX,1,,1000,18
ac19x_69618,YYYXXXXYXYXYXXYXX,YXYXyxYXX,1,,1000,18
ac19x_69644,YYxxxyXYXyyXXYx,YXyxYX,1,,1000,16
ac19x_69666,YYYxYxyxYXyyyXX,YXyxYX,1,,1000,17
ac19x_69701,YYYYxYXXyxyXYYXYxYX,YYYXYxyX,1,,1000,17
ac19x_69716,YYxxYXXXXXXYx,YXyxYX,1,,1000,18
ac19x_69747,YYYXXyyXXYYxx,YXyxYX,1,,1000,17
ac19x_69820,YXYXYXyXXYx,YXYXXYxyX,1,,1000,16
ac19x_69897,YYYxxyyXXXXYYXX,YXyxYX,1,,1000,17
ac19x_69928,YYYxYxyXyXYXX,YXyxYX,1,,1000,16
ac19x_69999,YYXyyXXXYxxYx,YXyxYX,1,,1000,16
ac19x_70014,YYxxxxyXyXXXX,YXyxYX,1,,1000,17
ac19x_70060,YYXXXXyXXYYxxyx,YXyxYX,1,,1000,17
ac19x_70143,YYxYxyxYXyXXXYX,YXyxYX,1,,1000,17
ac19x_70219,YYXYXYXYXYXyXX,YXYXXYxyX,1,,1000,18
ac19x_70266,YYxYYxyXyxYxxx,YXyxYxYxx,1,,1000,16
ac19x_70439,YYYXYxxxyXXXyXX,YXyxYX,1,,1000,19
ac19x_70603,YYYXYXyyxyyxxyx,YXXyx,1,,1000,17
ac19x_70734,YYXyXXXXXYxxyXYYx,YXyxYX,1,,1000,17
ac19x_70765,YYYxyxyxyxyxxyxyXX,YXYXyxYXX,1,,1000,17
ac19x_70785,YYYYxxxyyXXXX,YXyxYX,1,,1000,17
ac19x_70825,YYxYxYxYxxYxxxxYxx,YXyXyXXyx,1,,1000,16
ac19x_70828,YYYXXXyyyxYYxyx,YXyxYX,1,,1000,15
ac19x_70906,YYYYxYXXXXyxyXX,YXyxYX,1,,1000,18
ac19x_70966,YYXyXXXyyxxxx,YXyxYX,1,,1000,18
ac19x_70980,YYXXXyyXYXYYx,YXyxYX,1,,1000,16
ac19x_70990,YYxYxxyXXXXXX,YXyxYX,1,,1000,18
ac19x_71063,YYYXyXXyyxxYx,YXyxYX,1,,1000,17
ac19x_71066,YYXXXXyyxYxxx,YXyxYX,1,,1000,16
ac19x_71141,YYXXXXyyxyxxx,YXyxYX,1,,1000,16
ac19x_71178,YYxYYxyxxyXyXXX,YXyxYX,1,,1000,17
ac19x_71214,YYYxyxyyxxyXX,YXYXyxYXX,1,,1000,17
ac19x_71254,YYYXYxyX,YYxYXYxxYXXyxyXYX,1,,1000,17
ac19x_71312,YYYxxyXXyXYXX,YXyxYX,1,,1000,16
ac19x_71339,YYYXYXXYxyXyX,YXYXyxYXX,1,,1000,18
ac19x_71402,YYYXXyXXXYxYxyx,YXyxYX,1,,1000,16
ac19x_71442,YYYYxYYXyxyXyXX,YXyxYX,1,,1000,18
ac19x_71451,YYxxYxyXyXXyX,YXyxYX,1,,1000,16
ac19x_71484,YYYYXYxYXYxxyXyXX,YYYXYxyX,1,,1000,18
ac19x_71641,YYXYXYxyxxyXXYxyyX,YXYXyxYXX,1,,1000,18
ac19x_71661,YYYXXXyXXYYYx,YXyxYX,1,,1000,18
ac19x_71690,YYXYxyyXyXyxxxx,YXyxYX,1,,1000,17
ac19x_71694,YYYXYxyX,YXYXXyxxx,1,,1000,17
ac19x_71767,YYXXyXXYXXXYYxx,YXyxYX,1,,1000,19
ac19x_71771,YYYXYxyX,YYYXyxYxyxyXXyxyX,1,,1000,17
ac19x_71882,YYYYYYYYYxx,YYYYYYYYXyyyyxYx,1,,1000,15
ac19x_71946,YYXyxxxyXYxyxyX,YXYXyxyxYX,1,,1000,19
ac19x_71956,YYxxYxyXyXXYXXX,YXyxYX,1,,1000,19
ac19x_71967,YXXyXXXYxxYxx,YXyxYX,1,,1000,16
ac19x_72078,YYxYYxyxxyXyXyX,YXyxYX,1,,1000,16
ac19x_72091,YYXyXXXXXYxYx,YXyxYX,1,,1000,18
ac19x_72366,YYYxyXYx,YYXYxYYxyyxYX,1,,1000,17
ac19x_72399,YYYYxyxxyXXXYXX,YXyxYX,1,,1000,17
ac19x_72415,YYXXXyyXXYYxxyx,YXyxYX,1,,1000,16
ac19x_72425,YYXyyXXyxxxYx,YXyxYX,1,,1000,16
ac19x_72454,YYYXyyXyyxxxxyxyx,YXyxYX,1,,1000,18
ac19x_72508,YYYxxYYXyXyyX,YXyxYX,1,,1000,15
ac19x_72522,YYXyXXXyyxxYx,YXyxYX,1,,1000,16
ac19x_72547,YYXyXXXYXYxYx,YXyxYX,1,,1000,17
ac19x_72561,YYYYxyxYxyXXyXX,YXyxYX,1,,1000,18
ac19x_72644,YYYxyxYxyXyXXYX,YXyxYX,1,,1000,17
ac19x_72661,YYXyXXyXXYxYxYx,YXXyXYxYx,1,,1000,17
ac19x_72677,YYxyXXXXXXYxx,YXyxYX,1,,1000,17
ac19x_72680,YYXXyxyXYxyxxyx,YXYXXYxyX,1,,1000,17
ac19x_72697,YYYYxxyxxyXXXXX,YXyxYX,1,,1000,17
ac19x_72728,YYYXyxYXYXyxxyX,YXYXyxyxYX,1,,1000,19
ac19x_72729,YYYYYXyXyxxYX,YYYXYxyX,1,,1000,17
ac19x_72758,YYxxyxYXXyXXXYx,YXyxYX,1,,1000,17
ac19x_72891,YYYxyxYYXXyXyXX,YXyxYX,1,,1000,17
ac19x_72951,YYxYxYXXXyxyXXX,YXyxYX,1,,1000,18
ac19x_72997,YYYYxyyyXX,YYYXyXyXXYx,1,,1000,16
ac19x_73017,YYYxyXYx,YYXyxYXYXyxyx,1,,1000,17
ac19x_73066,YYXYxxxYXXX,YXXXyxYxx,1,,1000,17
ac19x_73071,YYYXYxyX,YYXYYxxYXXyyxyXyx,1,,1000,17
ac19x_73140,YYYYYxyxYXXXXXX,YXyxYX,1,,1000,19
ac19x_73147,YYYxxyyXYXXyyxx,YXyxYX,1,,1000,16
ac19x_73291,YYYXYxyX,YYYXyyxxxyyXX,1,,1000,17
ac19x_73338,YYYXYxyX,YYXYYXYYxYXyyXyxx,1,,1000,19
ac19x_73378,YXXXyXXXYxxYx,YXyxYX,1,,1000,16
ac19x_73381,YYXYYXXYxyXXYxyyX,YXYXyxYXX,1,,1000,17
ac19x_73390,YYYxxxyxYXXXXXX,YXyxYX,1,,1000,17
ac19x_73435,YYxxxxyXXXXXX,YXyxYX,1,,1000,18
ac19x_73445,YYYxxYYXyyXyX,YXyxYX,1,,1000,16
ac19x_73618,YYYYYXyXXXXYXYxyX,YXyxYX,1,,1000,17
ac19x_73620,YYYXYYxxxyXyyXX,YXyxYX,1,,1000,19
ac19x_73624,YYYXXXXXYXYYxyx,YXyxYX,1,,1000,16
ac19x_73726,YYXXXXyXyxxYxyx,YXyxYX,1,,1000,15
ac19x_73731,YYYYxYYXXXXXX,YXyxYX,1,,1000,17
ac19x_73742,YYYYxxYXXyyXX,YXyxYX,1,,1000,18
ac19x_73767,YXyXXXXyxxxxx,YXyxYX,1,,1000,13
ac19x_73859,YYXyyXXyxxxxx,YXyxYX,1,,1000,17
ac19x_73861,YYxYYxyXyXXXX,YXyxYX,1,,1000,17
ac19x_73915,YXXXYxxxyx,YXXXyxxxxYXyx,1,,1000,15
ac19x_73916,YYYxyXyyXXXYx,YXyxYX,1,,1000,17
ac19x_73935,YYYYxYYXyxyXXXX,YXyxYX,1,,1000,17
ac19x_73949,YYYYxYxyXyXyX,YXyxYX,1,,1000,17
ac19x_73951,YYYXYXXXYXXX,YXYXXYxyX,1,,1000,18
ac19x_74015,YYYXyxyXXYXXYYx,YXyxYX,1,,1000,16
ac19x_74078,YXYXXXXyX,YXXXXXXXYxyX,1,,1000,17
ac19x_74119,YYYYYxxyXYXyyyX,YXyxYX,1,,1000,17
ac19x_74137,YYXXXXXXXXX,YXYXXXXYXXXXXXXX,1,,1000,15
ac19x_74154,YYYxyXYXXyXyX,YXyXYXXX,1,,1000,14
ac19x_74225,YYYYXYYxyxxyXyXXX,YXyxYX,1,,1000,18
ac19x_74234,YYYxxYYXyXXXX,YXyxYX,1,,1000,17
ac19x_74297,YYYxyXyyXyyxx,YXyxYX,1,,1000,17
ac19x_74377,YYxxYxxxxYxYxyXYx,YXyxYxYxx,1,,1000,16
ac19x_74410,YYXXXyXyyxYxx,YXyxYX,1,,1000,16
ac19x_74520,YYYxxxxyXyXYXyX,YXyxYX,1,,1000,17
ac19x_74523,YYYxYYXYxyyXyyX,YXyxYX,1,,1000,16
ac19x_74581,YYxYXXXyyxyxx,YXyxYX,1,,1000,16
ac19x_74614,YYYYxxYXyXyXX,YXyxYX,1,,1000,18
ac19x_74616,YYYYYXyxyXXXXYx,YXyxYX,1,,1000,17
ac19x_74712,YYYxyXyXXyXYxxxxx,YXyxYxYxx,1,,1000,16
ac19x_74731,YYxxxxxyXYXyyXX,YXyxYX,1,,1000,16
ac19x_74736,YYYYYXyyyyyxx,YXyxYX,1,,1000,18
ac19x_74831,YYYYxyXYXyyyyxx,YXyxYX,1,,1000,18
ac19x_74846,YXYXXYxyX,YXYxYXXXyxyx,1,,1000,17
ac19x_74852,YYYXXyyxyyxxx,YXyxYX,1,,1000,16
ac19x_74893,YYYXXyXXXXYxx,YXyxYX,1,,1000,17
ac19x_74964,YYXYYxxyXXXXX,YXyxYX,1,,1000,17
ac19x_75010,YYXyxyXXXXXYxYx,YXyxYX,1,,1000,17
ac19x_75038,YYXYYXYxxxyXyXX,YXyxYX,1,,1000,16
ac19x_75131,YYxyxYxyXyXyXX,YXyxYxYxx,1,,1000,18
ac19x_75153,YXYxxxyXyXYxxyX,YXyXYXXX,1,,1000,18
ac19x_75186,YYxxyxyXYXXYxyXX,YXYXyxYXX,1,,1000,16
ac19x_75208,YYYYxxxyXYXyyyX,YXyxYX,1,,1000,16
ac19x_75267,YYYYXyyyyXYXXYx,YXyxYX,1,,1000,18
ac19x_75324,YYxyXXXXXYxYx,YXyxYX,1,,1000,17
ac19x_75339,YYXXXYXXYXYXyxyxx,YXYXXYxyX,1,,1000,13
ac19x_75372,YYxxYxyxxyXXXXX,YXyxYX,1,,1000,18
ac19x_75394,YYYYYYXXyXX,YXyxYX,1,,1000,16
ac19x_75411,YXYxxxyXXyXyxxx,YXyxYX,1,,1000,16
ac19x_75429,YYYYxYXXyyxyXYxYX,YYYXYxyX,1,,1000,17
ac19x_75705,YYYYxYxyyXXXX,YXyxYX,1,,1000,17
ac19x_75743,YYYYYxYXyxyyXXX,YXyxYX,1,,1000,17
ac19x_75773,YYYXYxyX,YYXyyXyxxYXYx,1,,1000,18
ac19x_75809,YYXXXXXXYXYxyXYYx,YXyxYX,1,,1000,18
ac19x_75895,YYYxyXYx,YYxYYxxyXXYYxYXyx,1,,1000,16
ac19x_75916,YXXyXXXXYxYxxyx,YXyxYX,1,,1000,17
ac19x_75959,YYxYxyxYXyyXXXX,YXyxYX,1,,1000,18
ac19x_75988,YYXyXyXyXyXyXXyyX,YXyxYxYxx,1,,1000,16
ac19x_76081,YYXYYxYXYXYXyxyxxYX,YYXYxYXYYxYX,1,,1000,18
ac19x_76107,YYXXyyXXYYxxx,YXyxYX,1,,1000,16
ac19x_76120,YYYxYYXXXXXYXyX,YXyxYX,1,,1000,17
ac19x_76134,YYYYxyxxyXXyXYX,YXyxYX,1,,1000,17
ac19x_76154,YYxxxxYXXyXXX,YXyxYX,1,,1000,18
ac19x_76198,YYYYYxyxYXXyXXX,YXyxYX,1,,1000,17
ac19x_76206,YYYYxyyXXXXYYXX,YXyxYX,1,,1000,18
ac19x_76220,YYYxxyXXXXXYXYxyX,YXyxYX,1,,1000,18
ac19x_76264,YYYxxxyxYXXyXXX,YXyxYX,1,,1000,17
ac19x_76325,YYxYYxyXXyXXX,YXyxYX,1,,1000,18
ac19x_76336,YYxxxxYXXYXXXyX,YXyxYX,1,,1000,16
ac19x_76376,YYxYXXXyXyyxx,YXyxYX,1,,1000,17
ac19x_76384,YYYxYYXXyXXYX,YXyxYX,1,,1000,17
ac19x_76422,YYXyXXXXYYxxx,YXyxYX,1,,1000,18
ac19x_76548,YYXXXXXYXXYYx,YXyxYX,1,,1000,12
ac19x_76566,YYXXXXYxxyXyX,YXyXYXXX,1,,1000,18
ac19x_76603,YYxxxYXXXyyXX,YXyxYX,1,,1000,17
ac19x_76611,YYYXyxyXXyxYxx,YXyxYxYxx,1,,1000,16
ac19x_76623,YYxxxxyXYXXXyXX,YXyxYX,1,,1000,18
ac19x_76639,YYYYYxxyyXyyX,YXyxYX,1,,1000,17
ac19x_76683,YYXXyxyXXXXYxxx,YXyxYX,1,,1000,16
ac19x_76718,YYYxYXXyXYXXX,YXyxYX,1,,1000,14
ac19x_76751,YYYxyXXyXyxxx,YXyxYX,1,,1000,16
ac19x_76856,YYYxyyXXXXYYX,YXyxYX,1,,1000,17
ac19x_77023,YYYxyxxxYxYxYxx,YXyxYxYxx,1,,1000,17
ac19x_77034,YYXyxYXyyXyXXyyX,YXyxYxYxx,1,,1000,16
ac19x_77053,YYYYYYXYxyyyXXX,YXyxYX,1,,1000,19
ac19x_77081,YYxxxyXyXYxyxxyxx,YXyXYXXX,1,,1000,18
ac19x_77084,YYXYXYXXyxyyx,YXYXyxYXX,1,,1000,18
ac19x_77132,YYYxxxyyXYXXyyX,YXyxYX,1,,1000,15
ac19x_77204,YYYxyXYXyyXyxxx,YXyxYX,1,,1000,16
ac19x_77255,YYYxyXyXXyyxx,YXyxYX,1,,1000,17
ac19x_77341,YYxYXyXyyxyxx,YXyxYX,1,,1000,16
ac19x_77371,YYXyXXyyxxxYx,YXyxYX,1,,1000,18
ac19x_77453,YYYxYxYXXyXyX,YXyxYX,1,,1000,17
ac19x_77486,YYYYxYXXyxyXyxYYX,YYYXYxyX,1,,1000,17
ac19x_77573,YYYxYXXyXXXXYxxyX,YXyxYX,1,,1000,17
ac19x_77594,YYXYYXyxyxxYXYXYxYX,YYXYxYXYYxYX,1,,1000,15
ac19x_77599,YYYXYxyX,YYXyxYXYYxxyXyX,1,,1000,17
ac19x_77611,YYXyxyXXXYXXXYYxx,YXyxYX,1,,1000,19
ac19x_77700,YYYXYxyX,YXXXyxYxx,1,,1000,17
ac19x_77743,YXYXXyXYxYXYxyX,YXYXyxYXX,1,,1000,18
ac19x_77842,YYYXYYYxYXyyXyx,YYYXYxyX,1,,1000,17
ac19x_77855,YYXYYxYYXyXXX,YXyxYX,1,,1000,17
ac19x_77922,YYYxxYxyXyyXX,YXyxYX,1,,1000,17
ac19x_78040,YYXXyyXXYXYYxyx,YXyxYX,1,,1000,16
ac19x_78069,YYXYxxyxyXYXXYxyyX,YXYXyxYXX,1,,1000,17
ac19x_78169,YYYYXXXyxyXyyxx,YXyxYX,1,,1000,18
ac19x_78228,YYYYXYYxyxYXXXyXX,YXyxYX,1,,1000,19
ac19x_78269,YYxxYxYXyxyXyXX,YXyxYX,1,,1000,17
ac19x_78317,YYXYYXyyxxyyxYXX,YXYXXYxyX,1,,1000,18
ac19x_78366,YYxyXXyXXYxYx,YXyxYX,1,,1000,16
ac19x_78373,YYxYxYxYxyXyxx,YXyxYxYxx,1,,1000,16
ac19x_78423,YYYxyyXYXyXyxxx,YXyxYX,1,,1000,14
ac19x_78491,YYxxxYXyyXyXX,YXyxYX,1,,1000,17
ac19x_78541,YYYXyXXYXXXXYYx,YXyxYX,1,,1000,19
ac19x_78689,YYxYxYXXXXyXX,YXyxYX,1,,1000,18
ac19x_78700,YYYYXyyXXYXYx,YXyxYX,1,,1000,16
ac19x_78806,YYYXYxyX,YYYXyxYXyXyxx,1,,1000,17
ac19x_78837,YYXYxxYYXXXXX,YXyxYX,1,,1000,16
ac19x_78845,YYxYxyxYXyyXXYXXX,YXyxYX,1,,1000,19
ac19x_78849,YXXXXXXYxYxxx,YXyxYX,1,,1000,17
ac19x_78874,YYYxYxYXyyXyX,YXyxYX,1,,1000,11
ac19x_78915,YXYXyXXXYxxyXXX,YXXyxxYXXyxxx,1,,1000,18
ac19x_78933,YYYXYxyX,YXyXYxyxxyX,1,,1000,16
ac19x_78949,YYYxyxYYXyyXXyX,YXyxYX,1,,1000,17
ac19x_78972,YYYxYYXyyXXXX,YXyxYX,1,,1000,17
ac19x_79034,YYYYYxyXyXyXX,YXyxYX,1,,1000,17
ac19x_79045,YYYXYxyX,YYXXyyxyXYxyyxx,1,,1000,17
ac19x_79169,YYxYxxYXyXyXX,YXyxYX,1,,1000,16
ac19x_79178,YYYYXXyyyyxYx,YXyxYX,1,,1000,16
ac19x_79185,YYYxYYXyxyXyyXX,YXyxYX,1,,1000,18
ac19x_79198,YYxxxyxYXXyyXXX,YXyxYX,1,,1000,17
ac19x_79199,YYYxyxxyXXyXXYx,YXyxYX,1,,1000,17
ac19x_79225,YYXyXXXYXXYXYYx,YXyxYX,1,,1000,18
ac19x_79251,YYYxYXXXyxyXXYX,YXyxYX,1,,1000,17
ac19x_79322,YYxYxYXXyxyXXXX,YXyxYX,1,,1000,18
ac19x_79326,YYXXYXYxYXXyxyX,YXYXXYxyX,1,,1000,17
ac19x_79332,YYxYYxyxYXyyXyX,YXyxYX,1,,1000,16
ac19x_79347,YXYXyxyxYx,YXyxYxYxx,1,,1000,16
ac19x_79365,YYxxYxYXXyyXX,YXyxYX,1,,1000,17
ac19x_79400,YYXXyxxxyXX,YXyXYXXX,1,,1000,14
ac19x_79405,YYxxxYxyXXyXX,YXyxYX,1,,1000,17
ac19x_79522,YYXYYXXXXYXYXYXXX,YXYXyxYXX,1,,1000,17
ac19x_79570,YXYXYxYXXYXyXYXX,YXYXXYxyX,1,,1000,16
ac19x_79582,YYXXXXXYx,YXYXyxYXX,1,,1000,17
ac19x_79592,YYYYXYxxyXyXYXX,YXyxYX,1,,1000,15
ac19x_79649,YYxyXXXXYXYxx,YXyxYX,1,,1000,16
ac19x_79665,YYYXyXXXXYxYx,YXyxYX,1,,1000,17
ac19x_79813,YYxYxyxYXXXyXYX,YXyxYX,1,,1000,16
ac19x_79815,YYXyyxyxyxxxyx,YXYXXYxyX,1,,1000,16
ac19x_79818,YYYYYxxyyX,YXXyxYx,1,,1000,15
ac19x_79874,YYYXYxyX,YYYXyyyxxxyyXYX,1,,1000,18
ac19x_79901,YYXYxyXyyXXyxxx,YXyxYX,1,,1000,16
ac19x_79926,YYXYxyyXyyxyxxx,YXyxYX,1,,1000,17
ac19x_79929,YYxYxYXyXXXXX,YXyxYX,1,,1000,18
ac19x_79932,YYYYXXyXXXYxx,YXyxYX,1,,1000,16
ac19x_79987,YYxxYxyxYXXXXyX,YXyxYX,1,,1000,16
ac19x_80011,YYxYxyxYXXXXXyX,YXyxYX,1,,1000,17
ac19x_80087,YYxYYxyXYXXYXXXXX,YXyxYX,1,,1000,19
ac19x_80119,YYYxYYXYXYXXXXX,YXyxYX,1,,1000,16
ac19x_80133,YYYXYxyX,YYXYxxyXyXyyx,1,,1000,17
ac19x_80136,YXXYXyXyXyxxxYx,YXyxYX,1,,1000,16
ac19x_80189,YYxYxYXXXXYXXXX,YXyxYX,1,,1000,19
ac19x_80214,YYYYYYXyyyyXX,YXyxYX,1,,1000,18
ac19x_80368,YYYxYxxyXYXXyyX,YXyxYX,1,,1000,16
ac19x_80405,YYYXXyyXyxxYx,YXyxYX,1,,1000,16
ac19x_80440,YYYxYXXyxyXXXYX,YXyxYX,1,,1000,17
ac19x_80481,YYYxxYXyxYxxyx,YXyXyXXyx,1,,1000,17
ac19x_80501,YYYxYYXXXyyyX,YXyxYX,1,,1000,16
ac19x_80573,YYXXyXyyxxxxxyxyx,YXyxYX,1,,1000,19
ac19x_80593,YYYYYxYXXXXYXyX,YXyxYX,1,,1000,17
ac19x_80641,YYYxYxyyXyXXX,YXyxYX,1,,1000,17
ac19x_80688,YYYYXXyyXyyxx,YXyxYX,1,,1000,17
ac19x_80690,YYYxYXXXXXXYYXX,YXyxYX,1,,1000,17
ac19x_80734,YYYxYYXXYXXXXXX,YXyxYX,1,,1000,18
ac19x_80754,YYxyXXXXXYXYx,YXyxYX,1,,1000,17
ac19x_80825,YYxYYxYXXyXyX,YXyxYX,1,,1000,16
ac19x_80900,YYYYxxxyXXyyX,YXyxYX,1,,1000,16
ac19x_80906,YYYXYxyX,YYYXyyyxxxyXX,1,,1000,16
ac19x_80907,YYYXXXyXyxxxxyx,YXyxYX,1,,1000,17
ac19x_80971,YYXXyXYXYXYXYX,YXYXyxYXX,1,,1000,18
ac19x_80972,YYYxxYYXXX,YXXXyxYxx,1,,1000,17
ac19x_80974,YYYXYxyX,YYXyyxyxYXYxxyXyX,1,,1000,17
ac19x_81061,YYYXyyyXXYXYx,YXyxYX,1,,1000,14
ac19x_81083,YYxYYxyxYXyXyXX,YXyxYX,1,,1000,17
ac19x_81098,YYYxYXyXXXXYYXX,YXyxYX,1,,1000,18
ac19x_81140,YYYYxYYXXXXYXyX,YXyxYX,1,,1000,18
ac19x_81205,YYYYxxyXXXXYX,YXyxYX,1,,1000,17
ac19x_81274,YYYYxxyyXXYXX,YXyxYX,1,,1000,17
ac19x_81447,YYYXYxxxyyyXXYX,YXyxYX,1,,1000,18
ac19x_81514,YYxYxyxYXXXXyXX,YXyxYX,1,,1000,17
ac19x_81559,YYXYYxxyyXXXX,YXyxYX,1,,1000,17
ac19x_81617,YYxYYxyXyyXXX,YXyxYX,1,,1000,18
ac19x_81678,YYxYxxxyXYXXXyX,YXyxYX,1,,1000,17
ac19x_81708,YYYXXXXyyxxYxyx,YXyxYX,1,,1000,18
ac19x_81775,YYYXXyXYXYxyXYxyX,YXYXyxYXX,1,,1000,17
ac19x_81785,YYXYxxxyXyXXX,YXyxYX,1,,1000,15
ac19x_81891,YYYYxYXyXXYXX,YXyxYX,1,,1000,17
ac19x_81893,YYYxxYXXyXXXX,YXyxYX,1,,1000,17
ac19x_81950,YYXXyxyxYx,YXXYxxyxx,1,,1000,17
ac19x_82014,YYYxYXXXyXXYx,YXyxYX,1,,1000,17
ac19x_82144,YYYXyXXyXXYYx,YXyxYX,1,,1000,18
ac19x_82234,YYYYYxyxxyXyyyX,YXyxYX,1,,1000,16
ac19x_82261,YYYYxyxYxyXyyXX,YXyxYX,1,,1000,17
ac19x_82280,YYYxxxyXYXyXYXX,YXyxYX,1,,1000,16
ac19x_82305,YYYXXyyXyyxxxyx,YXyxYX,1,,1000,19
ac19x_82343,YYYXyxyXXXYXYxx,YXyxYX,1,,1000,16
ac19x_82359,YYYxyXYx,YXYXyXyxyXyxx,1,,1000,17
ac19x_82376,YYxxYxyXXXXyX,YXyxYX,1,,1000,17
ac19x_82477,YYYxYXXXXXXYxYX,YXyxYX,1,,1000,19
ac19x_82593,YYYxYxxyyXYXXyX,YXyxYX,1,,1000,18
ac19x_82595,YYXXyyXXYYxYx,YXyxYX,1,,1000,17
ac19x_82615,YYYxyxYYXXyXXyX,YXyxYX,1,,1000,17
ac19x_82633,YYYXXYYXyyX,YXYXyxYXX,1,,1000,18
ac19x_82724,YYYXXXXXyyxxx,YXyxYX,1,,1000,17
ac19x_82752,YYYYXXyyXyxxx,YXyxYX,1,,1000,16
ac19x_82859,YYYXXyXyyxxxx,YXyxYX,1,,1000,18
ac19x_82867,YYYXYxyyXyXXYYx,YXyxYX,1,,1000,18
ac19x_82871,YYYXYxyX,YYxxyXXyxyXyxYX,1,,1000,17
ac19x_82895,YYXYxxyXyXyXYYx,YXyxYX,1,,1000,16
ac19x_82904,YYxYxxYXXyyXYXX,YXyxYX,1,,1000,19
ac19x_82936,YYYYxYXyxyXXXYX,YXyxYX,1,,1000,18
ac19x_82986,YYYYxxyXyyyXX,YXyxYX,1,,1000,18
ac19x_83036,YYxxYxyxYXXXXXX,YXyxYX,1,,1000,18
ac19x_83227,YYYxYxyyXXYXXXX,YXyxYX,1,,1000,18
ac19x_83242,YYYXyyXXXXYxx,YXyxYX,1,,1000,17
ac19x_83268,YYYxyxYYXXXXXYX,YXyxYX,1,,1000,16
ac19x_83286,YYYXXyyyxyxxx,YXyxYX,1,,1000,17
ac19x_83292,YYYYxyXXXXYXX,YXyxYX,1,,1000,16
ac19x_83309,YYYYxYXXyyyxyyxYX,YYYXYxyX,1,,1000,17
ac19x_83392,YYYXYxyX,YYXYYXYxYXyXyxx,1,,1000,17
ac19x_83479,YYXYYXYXXYXyxxyyX,YXYXyxYXX,1,,1000,18
ac19x_83636,YYXYxxxyyXyXXYx,YXyxYX,1,,1000,16
ac19x_83712,YYXXXyxx,YYxYXXXXX,1,,1000,17
ac19x_83730,YYYYxyxYxyXXXXX,YXyxYX,1,,1000,17
ac19x_83761,YYxYxYXXXXXyX,YXyxYX,1,,1000,17
ac19x_83828,YYYYxxxyyXyXX,YXyxYX,1,,1000,18
ac19x_83841,YYYxyXYx,YYxYxyxYXXyyX,1,,1000,13
ac19x_83918,YYYYxxyxYXXyXyX,YXyxYX,1,,1000,17
ac19x_83993,YYYxYYxyXyXXX,YXyxYX,1,,1000,17
ac19x_84002,YYXyyxyxyxxYX,YXYXXYxyX,1,,1000,18
ac19x_84014,YYxYxxyxxyXXyXX,YXyxYX,1,,1000,17
ac19x_84136,YYYXXXXXXYYxxyx,YXyxYX,1,,1000,18
ac19x_84288,YYYxYYxyyXyXX,YXyxYX,1,,1000,17
ac19x_84317,YYYYXyyyXyxxx,YXyxYX,1,,1000,16
ac19x_84339,YYYYxYXXXYxyyyxYX,YYYXYxyX,1,,1000,17
ac19x_84424,YYYxxxYXXXXXX,YXyxYX,1,,1000,17
ac19x_84555,YYYXYxyX,YYXYYxYxyyXYXYX,1,,1000,17
ac19x_84563,YYYXXyxyXyXXYYx,YXyxYX,1,,1000,16
ac19x_84624,YYxYxxyxYXyXyXX,YXyxYX,1,,1000,17
ac19x_84714,YYYXyXyXXYXYx,YXyxYX,1,,1000,16
ac19x_84716,YYxyxxyXXXXXYxx,YXyxYX,1,,1000,17
ac19x_84770,YYYXXXyyxyxYxyx,YXyxYX,1,,1000,16
ac19x_84792,YYYYxyxYYXXXyXX,YXyxYX,1,,1000,18
ac19x_84840,YYYxxxyXyXXXX,YXyxYX,1,,1000,18
ac19x_84964,YYYXyXXXXYYxx,YXyxYX,1,,1000,17
ac19x_85026,YYXyXyXYXX,YXYXXXXyX,1,,1000,17
ac19x_85028,YYYYYxYXyXXXX,YXyxYX,1,,1000,19
ac19x_85132,YYXYYXyxYXYXyxxyX,YXYXyxyxYX,1,,1000,18
ac19x_85239,YYxyxYxyXXXXXYx,YXyxYX,1,,1000,17
ac19x_85252,YYYYxxxyXYXXXyX,YXyxYX,1,,1000,17
ac19x_85282,YYYXYxyX,YYXYXyyxyXyxyxx,1,,1000,19
ac19x_85311,YYYYxYYxYXYXyxx,YYYxyXYx,1,,1000,17
ac19x_85355,YYYXXyXXXYYYx,YXyxYX,1,,1000,18
ac19x_85394,YYYXyyyXyXYYx,YXyxYX,1,,1000,14
ac19x_85421,YYXXyXXXYXYYx,YXyxYX,1,,1000,17
ac19x_85422,YYYxYXXyxyyXXYX,YXyxYX,1,,1000,16
ac19x_85452,YYYxxYXyXXYXXXX,YXyxYX,1,,1000,18
ac19x_85580,YYYxxyyXyXXYx,YXyxYX,1,,1000,17
ac19x_85679,YYxYXyXXyyxxx,YXyxYX,1,,1000,17
ac19x_85712,YYXXyyXyyxxYx,YXyxYX,1,,1000,18
ac19x_85717,YYxxyxxyXXXXXYx,YXyxYX,1,,1000,17
ac19x_85722,YYxYXXXyxyXXXYx,YXyxYX,1,,1000,17
ac19x_85765,YYYYxYXXXXXYXYxyX,YXyxYX,1,,1000,18
ac19x_85860,YYxYXyxyXXXYXYx,YXyxYX,1,,1000,16
ac19x_85896,YYXyxyXXXyyxYxx,YXyxYX,1,,1000,14
ac19x_85945,YYYxxxyXyyX,YXyXYXXX,1,,1000,18
ac19x_86048,YXXyXYxyxxYXyxYxx,YXyXyXXyx,1,,1000,18
ac19x_86053,YYxxxYxyXYXXXyX,YXyxYX,1,,1000,16
ac19x_86068,YYYXYxyX,YYXXyxyXyxyxYXYYx,1,,1000,19
ac19x_86122,YYYxyXYx,YYxYXyxYYxyxyXX,1,,1000,17
ac19x_86129,YYXYYxYXXXyXX,YXyxYX,1,,1000,16
ac19x_86209,YYXyxYXXyx,YXXyXYxYx,1,,1000,17
ac19x_86229,YYYxxYXyyXXyyXyx,YXyXyXXyx,1,,1000,16
ac19x_86290,YYYxxxxxYXyXXyXyx,YXyXyXXyx,1,,1000,16
ac19x_86332,YYXXXyXXYYxYxyx,YXyxYX,1,,1000,16
ac19x_86368,YYYXXyXyyxxxyxx,YXyxYX,1,,1000,19
ac19x_86407,YYxxYXXXyXXYx,YXyxYX,1,,1000,17
ac19x_86475,YYxYxxxyXYXyyXX,YXyxYX,1,,1000,17
ac19x_86559,YYYYxxYXyyXyX,YXyxYX,1,,1000,17
ac19x_86603,YYXyXYXyxYX,YYXyXYxyXYxyX,1,,1000,17
ac19x_86671,YYXXyyXyxyxxx,YXyxYX,1,,1000,17
ac19x_86728,YYYxxyxYYXXXyXX,YXyxYX,1,,1000,18
ac19x_86815,YYYXXyyyXYYYx,YXyxYX,1,,1000,2
ac19x_86839,YYXYxyXyXXyyxxx,YXyxYX,1,,1000,17
ac19x_86851,YYxyxYXyXXXYXYx,YXyxYX,1,,1000,17
ac19x_86901,YYXYYxyxYXyXXXX,YXyxYX,1,,1000,17
ac19x_86932,YYYXyXXXXXYxx,YXyxYX,1,,1000,17
ac19x_86954,YYYXyXyyXXYYxyx,YXyxYX,1,,1000,16
ac19x_86982,YYYYXyxyyyXyyxx,YXyxYX,1,,1000,18
ac19x_86986,YYYYxyXXXXX,YXyxYX,1,,1000,16
ac19x_87001,YYXXYYxYXX,YXXYxxxYXXX,1,,1000,16
ac19x_87013,YYYxYXXXXXXYX,YXyxYX,1,,1000,18
ac19x_87022,YYXXyXyyxxxxyxxyx,YXyxYX,1,,1000,19
ac19x_87139,YYXXyXXyyxYxxyx,YXyxYX,1,,1000,16
ac19x_87552,YYYxyyxyxxxyXXX,YXYXyxYXX,1,,1000,17
ac19x_87591,YYXyXyXyxxxYxYX,YXyxYX,1,,1000,16
ac19x_87603,YYYxyXYXXXyXYYx,YXyxYX,1,,1000,17
ac19x_87611,YYYYxyxYXyyyXyX,YXyxYX,1,,1000,16
ac19x_87702,YYXXyXXYXYYxx,YXyxYX,1,,1000,16
ac19x_87784,YYXYxyXyXyXyxxx,YXyxYX,1,,1000,16
ac19x_87844,YYXXXyxyxxxxyxx,YXyXYXXX,1,,1000,14
ac19x_87856,YYxxxyxYXXyXyXX,YXyxYX,1,,1000,17
ac19x_87867,YYYxyxxYxyXYxx,YXyxYxYxx,1,,1000,17
ac19x_88135,YYXXXyyxyxYxx,YXyxYX,1,,1000,16
ac19x_88203,YYXYXXYXXyyxxxYXXX,YXYXyxYXX,1,,1000,17
ac19x_88241,YYXyXXYXXYYxx,YXyxYX,1,,1000,13
ac19x_88354,YYYYXYxxyXyXXYX,YXyxYX,1,,1000,18
ac19x_88499,YXYXXyxYXyxYXyx,YXyxYXXYxyXyx,1,,1000,19
ac19x_88508,YYYXyXyyyxxYx,YXyxYX,1,,1000,18
ac19x_88521,YYxYYxyXXXYXX,YXyxYX,1,,1000,16
ac19x_88522,YYXYXYYXyxyXX,YXYXXYxyX,1,,1000,18
ac19x_88541,YYYYxYXyyXXYX,YXyxYX,1,,1000,17
ac19x_88668,YYYxyyXXXXXYxYX,YXyxYX,1,,1000,18
ac19x_88689,YYYXYxyX,YXYxYXYxYxyXXyxyX,1,,1000,17
ac19x_88735,YYXYYxxyXXyXX,YXyxYX,1,,1000,16
ac19x_88756,YXYXyXyxyx,YXyXyXXyx,1,,1000,16
ac19x_88761,YYYxYYxyXYXXXyX,YXyxYX,1,,1000,18
ac19x_88776,YYYxxYXXyyXYX,YXyxYX,1,,1000,16
ac19x_88988,YYYXyyXyyyxYxyx,YXyxYX,1,,1000,18
ac19x_88994,YYxxyxxyXXyXXYx,YXyxYX,1,,1000,16
ac19x_89061,YYYxyxYYXXyyXXX,YXyxYX,1,,1000,17
ac19x_89080,YYxxxyxYXXyXXXX,YXyxYX,1,,1000,17
ac19x_89119,YYYYYXYxYXyyXXX,YXyxYX,1,,1000,19
ac19x_89194,YYYxxYXyyXXyXyyx,YXyXyXXyx,1,,1000,16
ac19x_89208,YXXyxYXXyxx,YXyXYxxYXXXyX,1,,1000,17
ac19x_89242,YYYYXYYYYXXyyXX,YXyxYX,1,,1000,19
ac19x_89284,YYxYxyxYXXyXXYXXX,YXyxYX,1,,1000,19
ac19x_89308,YYYYYXXXXXYYX,YXyxYX,1,,1000,16
ac19x_89352,YYYXyXyyXYYYx,YXyxYX,1,,1000,16
ac19x_89353,YYYXXyxyXXXXYYx,YXyxYX,1,,1000,18
ac19x_89428,YYYxxyxYXyXyXXX,YXyxYX,1,,1000,18
ac19x_89440,YYYYXyxyyXXXYYx,YXyxYX,1,,1000,18
ac19x_89453,YYXYYXYxxxyyXXX,YXyxYX,1,,1000,16
ac19x_89462,YYXYYXXXXYxyxyX,YXYXyxYXX,1,,1000,16
ac19x_89464,YXyXXXXYxYxxx,YXyxYX,1,,1000,16
ac19x_89543,YYYYxyyXXXXYXYxyX,YXyxYX,1,,1000,18
ac19x_89661,YYxYxxxyXYXXXXX,YXyxYX,1,,1000,18
ac19x_89753,YYYxxYxyXXXyX,YXyxYX,1,,1000,17
ac19x_89820,YYYxxxxYxYxxx,YXyXyXXyx,1,,1000,16
ac19x_89839,YYYXYxyX,YYYXyxYYXyXyxYxYX,1,,1000,17
ac19x_89898,YYxYxyxxYXXyyXX,YXyxYX,1,,1000,17
ac19x_90017,YYXXyyXyxxYxx,YXyxYX,1,,1000,17
ac19x_90026,YXYXXYxyXYxYXyx,YXXYxyXYxyXYx,1,,1000,18
ac19x_90285,YYXXXXXyyxxYx,YXyxYX,1,,1000,16
ac19x_90310,YYYXyXXYXXYXYX,YXYXXYxyX,1,,1000,17
ac19x_90346,YYYYXXyXXyyxx,YXyxYX,1,,1000,16
ac19x_90360,YYYYxxxyXXXXX,YXyxYX,1,,1000,18
ac19x_90390,YYYYYxxyXyyXX,YXyxYX,1,,1000,18
ac19x_90436,YYYYYxxyyyXXX,YXyxYX,1,,1000,17
ac19x_90458,YXyXXYxyXYxxxYxyx,YXyxYxYxx,1,,1000,18
ac19x_90511,YYYXXXyXXYYYxyx,YXyxYX,1,,1000,18
ac19x_90555,YYYXXyxyxxyxyxyxyx,YXYXXYxyX,1,,1000,17
ac19x_90556,YYYxYXyXXXYXXYX,YXyxYX,1,,1000,19
ac19x_90694,YYYXyyXXXYXYx,YXyxYX,1,,1000,17
ac19x_90709,YYYxYXXyXXXYx,YXyxYX,1,,1000,18
ac19x_90714,YYYXyXyXXXYxx,YXyxYX,1,,1000,16
ac19x_90719,YYYXXyXXXXYYxyx,YXyxYX,1,,1000,17
ac19x_90805,YYYxxYxxxYxxx,YXyxYxYxx,1,,1000,17
ac19x_90857,YYxYxYXXyxyXyXX,YXyxYX,1,,1000,17
ac19x_90861,YYXXXXXyyxxYxyx,YXyxYX,1,,1000,17
ac19x_90940,YYYxxxYxYxxxx,YXyxYxYxx,1,,1000,16
ac19x_90952,YYxxxxxyXXXXX,YXyxYX,1,,1000,18
ac19x_90981,YYXyyxxYxYxYx,YXyxYxYxx,1,,1000,16
ac19x_91068,YYXYxyyXyyXyxxx,YXyxYX,1,,1000,17
ac19x_91095,YXXyXYxYx,YXyXXyXXYxxYxx,1,,1000,17
ac19x_91140,YYYxYYXXXyxyXXX,YXyxYX,1,,1000,19
ac19x_91266,YYYxYxyyXyyXX,YXyxYX,1,,1000,17
ac19x_91270,YXYXyxyxYX,YXXYxyXYxyXYx,1,,1000,18
ac19x_91280,YYYxYYXXyyyXX,YXyxYX,1,,1000,17
ac19x_91401,YYYXXyxyXXXYYYx,YXyxYX,1,,1000,18
ac19x_91419,YYYxYXyXXXYXX,YXyxYX,1,,1000,17
ac19x_91443,YYxYxYXXXXXXX,YXyxYX,1,,1000,17
ac19x_91451,YYYYYXXyyXXYx,YXyxYX,1,,1000,17
ac19x_91456,YXYxYxYXyXyXX,YXyxYX,1,,1000,16
ac19x_91481,YYYYYxYXyyyXX,YXyxYX,1,,1000,18
ac19x_91505,YYXYxxYXyyXXX,YXyxYX,1,,1000,16
ac19x_91531,YYYxxxyyXXYXXXX,YXyxYX,1,,1000,19
ac19x_91586,YYYxxYXXXXXYX,YXyxYX,1,,1000,18
ac19x_91596,YYYxYYXyxyyXXXX,YXyxYX,1,,1000,18
ac19x_91632,YYYXyxyXXXXYYYx,YXyxYX,1,,1000,18
ac19x_91747,YYYxYYxxyXXXyyx,YYYxyXYx,1,,1000,16
ac19x_91792,YYxYYxYXXyxyXyX,YXyxYX,1,,1000,16
ac19x_91829,YYxYxxyXXXyXX,YXyxYX,1,,1000,17
ac19x_91955,YYYXXXyXyyxxxyx,YXyxYX,1,,1000,18
ac19x_92015,YYxyXYXyxxyXyx,YXYXyxYXX,1,,1000,18
ac19x_92052,YYxYxYXyxyXXyXX,YXyxYX,1,,1000,17
ac19x_92096,YYxYxxyXXyXYX,YXyxYX,1,,1000,16
ac19x_92122,YYYYYXyXXXYXX,YXyxYX,1,,1000,16
ac19x_92201,YYYYxyXXXXXYxyXYX,YXyxYX,1,,1000,19
ac19x_92224,YYYYxxyXXYXXXXX,YXyxYX,1,,1000,18
ac19x_92258,YYXXYxyXYxyyx,YXYXyxyxYX,1,,1000,19
ac19x_92277,YYYxxyXXXXXYX,YXyxYX,1,,1000,18
ac19x_92285,YYYYXYxyXyXXXYx,YXyxYX,1,,1000,18
ac19x_92320,YYYxYXXXyXXYX,YXyxYX,1,,1000,17
ac19x_92364,YYYxyxYYXXXYXXXXX,YXyxYX,1,,1000,19
ac19x_92386,YYYYYxyXXXXYX,YXyxYX,1,,1000,18
ac19x_92462,YYXyXXyyxxYxx,YXyxYX,1,,1000,17
ac19x_92536,YYYxxyyXXXYXX,YXyxYX,1,,1000,17
ac19x_92542,YYxxxyxYXXXXyXX,YXyxYX,1,,1000,17
ac19x_92584,YYYxyXYx,YXyXYXyxYxx,1,,1000,16
ac19x_92593,YYXXXXyyxxYxxyx,YXyxYX,1,,1000,18
ac19x_92802,YYYYXXyyXXXYx,YXyxYX,1,,1000,17
ac19x_92804,YXXXXXyxxxxYx,YXyxYX,1,,1000,16
ac19x_92811,YYYYxyxyyXXYYXYYX,YYYXYxyX,1,,1000,18
ac19x_92831,YYYXYxyX,YYXXyxxxYXXYxYX,1,,1000,18
ac19x_92903,YYYXyxyXyyXXYYx,YXyxYX,1,,1000,17
ac19x_92906,YYYYXYYYxxyXXYXYX,YYYXYxyX,1,,1000,18
ac19x_92932,YYxyXyxxyXYXyx,YXYXXYxyX,1,,1000,18
ac19x_92996,YYxyxYxyxYXyX,YXyxYxYxx,1,,1000,18
ac19x_93008,YYYxYXyxyyXXXYx,YXyxYX,1,,1000,17
ac19x_93043,YYXXXXyyxxxYx,YXyxYX,1,,1000,17
ac19x_93071,YYYxxxyyXYXyyXX,YXyxYX,1,,1000,17
ac19x_93163,YYxxYXyyXXXYx,YXyxYX,1,,1000,17
ac19x_93185,YYYYYXyXXXXYX,YXyxYX,1,,1000,18
ac19x_93212,YYxYXXXXXXXYxYX,YXyxYX,1,,1000,17
ac19x_93240,YYYXXXXYXXYX,YXYXyxYXX,1,,1000,17
ac19x_93426,YYYxyxYYxyXXXXX,YXyxYX,1,,1000,18
ac19x_93494,YYYXXyyXXyxxx,YXyxYX,1,,1000,16
ac19x_93560,YYxYxxYXXyXyX,YXyxYX,1,,1000,16
ac19x_93669,YYxYXyxyXyXXXYx,YXyxYX,1,,1000,17
ac19x_93713,YYYxxyyXXXXYx,YXyxYX,1,,1000,18
ac19x_93733,YYYYxyxxyXyXXYX,YXyxYX,1,,1000,17
ac19x_93749,YYXXXXXXYxyXYXYYx,YXyxYX,1,,1000,17
ac19x_93770,YYYYYXXXyxyXXYX,YXyxYX,1,,1000,16
ac19x_93791,YYYXYxyX,YYYXyxYxxyXXyyxyX,1,,1000,17
ac19x_93804,YYYYYxYXyXXyX,YXyxYX,1,,1000,17
ac19x_93813,YYXyyXXyXyyXYxyX,YXyXyXXyx,1,,1000,16
ac19x_93850,YYYYxxYXyyXXX,YXyxYX,1,,1000,18
ac19x_93856,YYYXyxyXyXXYXYx,YXyxYX,1,,1000,16
ac19x_93886,YYxYYxyXXXYXXXX,YXyxYX,1,,1000,19
ac19x_93904,YYYXYxyX,YYYxyxyyXXYYXyxYX,1,,1000,18
ac19x_93951,YYYYYYXYYXyxyXXXX,YXyxYX,1,,1000,18
ac19x_93972,YYXyXXyXyxxxx,YXyxYX,1,,1000,16
ac19x_94001,YYYYYXYYYXXyxyXXX,YXyxYX,1,,1000,19
ac19x_94025,YYYxxxyyXXXYxyX,YXyxYX,1,,1000,16
ac19x_94076,YYxxYxxYXYxxxxx,YXyXyXXyx,1,,1000,17
ac19x_94086,YYYxYXyxyXXXXYX,YXyxYX,1,,1000,18
ac19x_94184,YYXYxyXyXyx,YYxyXyxyX,1,,1000,19
ac19x_94277,YYYYYYXXXXXyX,YXyxYX,1,,1000,18
ac19x_94294,YYXXXyxyXXYXYYx,YXyxYX,1,,1000,16
ac19x_94372,YYxYxYXyyXXYX,YXyxYX,1,,1000,16
ac19x_94380,YYYYxyxYXyXXyXX,YXyxYX,1,,1000,17
ac19x_94395,YYxxyxYYxyXXXXX,YXyxYX,1,,1000,18
ac19x_94459,YYYXXXyXyyxxx,YXyxYX,1,,1000,17
ac19x_94505,YYYYXYYxxyyXXYX,YYYXYxyX,1,,1000,17
ac19x_94507,YYYxxyxYXyyyXyX,YXyxYX,1,,1000,14
ac19x_94538,YYYXYxyX,YYYxxYXYXyX,1,,1000,17
ac19x_94556,YYxxyxYXXXXXXYx,YXyxYX,1,,1000,17
ac19x_94594,YYYYxYYXXyXXX,YXyxYX,1,,1000,17
ac19x_94725,YYYxxyXXXXXYx,YXyxYX,1,,1000,18
ac19x_94736,YYXXyXXXXYxYxyx,YXyxYX,1,,1000,17
ac19x_94760,YYxYYxyXXXyXX,YXyxYX,1,,1000,18
ac19x_94792,YYYxyxYXXXXyyxx,YXyxYX,1,,1000,17
ac19x_94795,YYYxxyXYXXXyyxx,YXyxYX,1,,1000,16
ac19x_94805,YYYxYxyyXYXXXXX,YXyxYX,1,,1000,19
ac19x_94809,YYYYYXYxYXXXyXX,YXyxYX,1,,1000,18
ac19x_94866,YYXXYxyyxYXYXyxYX,YXYXyxyxYX,1,,1000,18
ac19x_94911,YYYYxxyXYXXXX,YXyxYX,1,,1000,16
ac19x_95085,YYYxYxyxYXyXXyX,YXyxYX,1,,1000,17
ac19x_95103,YYYxyyxxyxxyxyxyXX,YXYXyxYXX,1,,1000,17
ac19x_95144,YYYYxxyXyyXXX,YXyxYX,1,,1000,17
ac19x_95211,YYXYxYXXXXXXXYx,YXyxYX,1,,1000,17
ac19x_95219,YYYXYxyX,YYXYxxyXyXXYx,1,,1000,18
ac19x_95233,YYYXYxyX,YYYxyXXXYxxyxyXYX,1,,1000,18
ac19x_95250,YYYYxxYXXXyXX,YXyxYX,1,,1000,17
ac19x_95253,YYYYxYYXyxyyXyX,YXyxYX,1,,1000,17
ac19x_95291,YYYXYxyX,YYYXyxYXYYXXyxx,1,,1000,18
ac19x_95315,YYXXYXYxYXyyX,YXYXXYxyX,1,,1000,18
ac19x_95337,YXXXyXXXYxYxx,YXyxYX,1,,1000,17
ac19x_95343,YYYYxyXXXyXYX,YXyxYX,1,,1000,16
ac19x_95350,YYYYxyyXXXXXYxxyX,YXyxYX,1,,1000,18
ac19x_95364,YYXXyXyXXYYxx,YXyxYX,1,,1000,17
ac19x_95448,YYYYxxxyXyXXX,YXyxYX,1,,1000,18
ac19x_95460,YYYxYYXXXXYXXYX,YXyxYX,1,,1000,18
ac19x_95479,YYYxxxxyyXyXX,YXyxYX,1,,1000,18
ac19x_95528,YYXyyXyyxyxYx,YXyxYX,1,,1000,16
ac19x_95550,YYYXYxyX,YYXyXyxyXYxYYXYYx,1,,1000,19
ac19x_95608,YYYYxxyxYXXXyyX,YXyxYX,1,,1000,11
ac19x_95617,YYXXyXXyyxYxx,YXyxYX,1,,1000,14
ac19x_95632,YYYxxYXYxyyXyyX,YXyxYX,1,,1000,15
ac19x_95688,YYYXYYxyyXYXXXX,YXyxYX,1,,1000,16
ac19x_95712,YYXyxyXyXXYYxYx,YXyxYX,1,,1000,16
ac19x_95724,YYXyyXXXXYYxxyx,YXyxYX,1,,1000,17
ac19x_95832,YYYxxYXXXXXXX,YXyxYX,1,,1000,19
ac19x_95846,YYYXXXXyxyxyyxx,YXyxYX,1,,1000,14
ac19x_95913,YYxYxYXyXyXXX,YXyxYX,1,,1000,17
ac19x_95941,YYXXXXXXYxYXYYx,YXyxYX,1,,1000,18
ac19x_95973,YYYXYxyX,YYxYxyXXyyxyXyxYX,1,,1000,17
ac19x_95976,YYYXXyXXyyxxx,YXyxYX,1,,1000,17
ac19x_96008,YYYxYXXXYXXXX,YXyxYX,1,,1000,14
ac19x_96035,YYYxxxyyXXXYX,YXyxYX,1,,1000,17
ac19x_96104,YYYXXXXyXXYYx,YXyxYX,1,,1000,18
ac19x_96180,YYXXYYxYxx,YXXXyxYxx,1,,1000,17
ac19x_96274,YYYxyXyyXXyyXYxx,YXyxYxYxx,1,,1000,15
ac19x_96398,YYxxxYXyxyXXXXX,YXyxYX,1,,1000,18
ac19x_96516,YYXXyyXyxxxYx,YXyxYX,1,,1000,17
ac19x_96530,YYXYxyyXyXyyxxx,YXyxYX,1,,1000,17
ac19x_96640,YYYxxxyxxyXyXXX,YXyxYX,1,,1000,18
ac19x_96642,YYXXXXXYXYxYx,YXyxYX,1,,1000,16
ac19x_96671,YYYxYxxyyXYXyyX,YXyxYX,1,,1000,16
ac19x_96851,YYYXYxyX,YYYXyxYXXyxYxYX,1,,1000,16
ac19x_96865,YYYxxyxYYXXXXyX,YXyxYX,1,,1000,16
ac19x_96891,YYYxYxyXXyyXX,YXyxYX,1,,1000,18
ac19x_96977,YYYxxYYXXXXyX,YXyxYX,1,,1000,17
ac19x_97021,YYYxYxyXyyXXX,YXyxYX,1,,1000,18
ac19x_97131,YYxyxYXyXXXXXYx,YXyxYX,1,,1000,18
ac19x_97165,YYYXyXyXyyyxxYx,YXXyx,1,,1000,17
ac19x_97197,YYYxxYXyyXXyX,YXyxYX,1,,1000,17
ac19x_97302,YYYxyyXyXyXXyxYx,YXyxYxYxx,1,,1000,16
ac19x_97401,YXyXyXXYxYxYx,YXyxYX,1,,1000,16
ac19x_97469,YXXyXXXyxxxxx,YXyxYX,1,,1000,16
ac19x_97525,YYYXyXXyyyxYx,YXyxYX,1,,1000,16
ac19x_97526,YYXYxxyyXyyxyxx,YXyxYX,1,,1000,16
ac19x_97665,YYYXyXyXyxxxx,YXyxYX,1,,1000,17
ac19x_97798,YYYXYxyX,YYXyxyxYXYxxYXyyX,1,,1000,17
ac19x_97846,YYYxxxyxYXXXXyX,YXyxYX,1,,1000,16
ac19x_97927,YYYYYxxyyyXYXyX,YXyxYX,1,,1000,18
ac19x_97943,YYXyXXXXYxyXYXYYx,YXyxYX,1,,1000,18
ac19x_97975,YYYxYXXyXXYYX,YXyxYX,1,,1000,16
ac19x_98101,YYYYXYYYYXyXyXX,YXyxYX,1,,1000,19
ac19x_98155,YYYYYxyXXXXyX,YXyxYX,1,,1000,18
ac19x_98189,YYxYxYXXXXYXX,YXyxYX,1,,1000,16
ac19x_98228,YYxYXyxyXXXXXYx,YXyxYX,1,,1000,17
ac19x_98312,YXXXXyXyxxxYx,YXyxYX,1,,1000,16
ac19x_98319,YYXyyXyXyxxYx,YXyxYX,1,,1000,16
ac19x_98358,YYYxYYxyXXyyX,YXyxYX,1,,1000,16
ac19x_98421,YXYXyxYXX,YXYXyxyXyxYxyx,1,,1000,18
ac19x_98439,YYYxyxYYXyXXXyX,YXyxYX,1,,1000,17
ac19x_98465,YYYXYXYXXYXyXX,YXYXyxYXX,1,,1000,17
ac19x_98467,YYXyXyyXXyyX,YXyxYxYxx,1,,1000,16
ac19x_98539,YYxYXyXyXyxxx,YXyxYX,1,,1000,16
ac19x_98559,YYYXXyXyyxyxx,YXyxYX,1,,1000,16
ac19x_98664,YYYXyXyXyyxxxyx,YXyxYX,1,,1000,19
ac19x_98742,YYYYxYXyxyXXYXX,YXyxYX,1,,1000,17
ac19x_98787,YYxYXXXXyXXYx,YXyxYX,1,,1000,17
ac19x_98797,YYXXXXyXYYxYx,YXyxYX,1,,1000,16
ac19x_98851,YYYXXXyyyxYxxyx,YXyxYX,1,,1000,17
ac19x_98919,YYYYxYXXXXXYYXX,YXyxYX,1,,1000,19
ac19x_98992,YYYYYxyyXYXXXXX,YXyxYX,1,,1000,18
ac19x_99045,YYXXXyXXXYxYx,YXyxYX,1,,1000,17
ac19x_99105,YYYxyxYXXyXXXYx,YXyxYX,1,,1000,17
ac19x_99154,YYYxYxYXXyXXX,YXyxYX,1,,1000,17
ac19x_99203,YYXyXXXXYxxYxyx,YXyxYX,1,,1000,16
ac19x_99204,YYYXXXXXXXYxx,YXyxYX,1,,1000,17
ac19x_99211,YYxyxyXYxyXYxyX,YXYXyxyxYX,1,,1000,19
ac19x_99224,YYYYYxyxYXyXXyX,YXyxYX,1,,1000,17
ac19x_99295,YYYXYxyX,YYXyyxYXYxYxYXX,1,,1000,17
ac19x_99362,YYXXYxyXYxyyxYX,YXYXyxyxYX,1,,1000,18
ac19x_99410,YYYxyxYYXXyyXyX,YXyxYX,1,,1000,16
ac19x_99434,YYYxYxyxYXyXyXX,YXyxYX,1,,1000,17
ac19x_99453,YYYXyxyyxYX,YYYxyXYx,1,,1000,17
ac19x_99580,YYYXYYYXyXyxx,YYYXYxyX,1,,1000,18
ac19x_99602,YYYXXyyXXXYYx,YXyxYX,1,,1000,17
ac19x_99686,YYXYYXyxxyXYxyX,YXYXyxyxYX,1,,1000,18
ac19x_99762,YYYxxyxYXyXXYXX,YXyxYX,1,,1000,16
ac19x_99795,YYXXYXyxxyXYxyX,YXYXyxyxYX,1,,1000,18
ac19x_99850,YYYxYxxyXXyyX,YXyxYX,1,,1000,16
ac19x_99855,YYYYYXyXyxxYYXYYX,YYYXYxyX,1,,1000,19
ac19x_99986,YYYxyyXXyyxxx,YXyxYX,1,,1000,17
ac19x_100005,YYYxYYXXXXXXX,YXyxYX,1,,1000,19
ac19x_100055,YYYXyXyxxyxYXX,YXYXXYxyX,1,,1000,18
ac19x_100129,YYYXXyyXXYXYx,YXyxYX,1,,1000,16
ac19x_100166,YYXyyxYxYXyyXYxx,YYxxYYxyx,1,,1000,18
ac19x_100210,YYYYYYXyXXXYXyX,YXyxYX,1,,1000,19
ac19x_100249,YYYYxYXXyxyyXXX,YXyxYX,1,,1000,18
ac19x_100388,YYxYXYxxxyXyyXX,YXyxYX,1,,1000,17
ac19x_100412,YYYxxYxyXyXyX,YXyxYX,1,,1000,16
ac19x_100437,YYYxxyyXXXYYX,YXyxYX,1,,1000,17
ac19x_100483,YYxYXXXyXXXYx,YXyxYX,1,,1000,17
ac19x_100635,YYXYxYXYYxYX,YYXYxyxyxyXyXYxYX,1,,1000,18
ac19x_100780,YYYXXXyXyxxxx,YXyxYX,1,,1000,17
ac19x_100828,YYYXXyyXXYxYx,YXyxYX,1,,1000,16
ac19x_100913,YYYXyXXYYXyX,YYYxYXyXXyX,1,,1000,17
ac19x_100991,YYXyxxyxyXyxxyx,YXYXyxYXX,1,,1000,16
ac19x_101031,YYxYXXyXXXXYxYX,YXyxYX,1,,1000,17
ac19x_101055,YYxxYxyXXXXYX,YXyxYX,1,,1000,17
ac19x_101097,YYYXXYxyxxyyXX,YXYXyxYXX,1,,1000,17
ac19x_101136,YXyXyXyxxYxxYXX,YXyxYX,1,,1000,15
ac19x_101173,YYXYYxYXyxyyXXX,YXyxYX,1,,1000,16
ac19x_101264,YYxYXYxYXXXXXXX,YXyxYX,1,,1000,19
ac19x_101268,YYXXXXXyxxxxx,YXyxYX,1,,1000,16
ac19x_101290,YYYXYxyX,YYXYxxyyXYXYYXyyx,1,,1000,17
ac19x_101379,YYYXyXXYYXyX,YYXyXyXYx,1,,1000,17
ac19x_101408,YYXyyXXXYxYxx,YXyxYX,1,,1000,16
ac19x_101476,YYxYYxyXyyXyX,YXyxYX,1,,1000,14
ac19x_101594,YXyXyXyxxxYxx,YXyxYX,1,,1000,17
ac19x_101604,YYYXyxyyXXXYxYx,YXyxYX,1,,1000,16
ac19x_101723,YYXyxyXXXXXYYxx,YXyxYX,1,,1000,18
ac19x_101755,YYYxYxyxYXyXXXX,YXyxYX,1,,1000,17
ac19x_101802,YYxYxyXXyXXYX,YXyxYX,1,,1000,17
ac19x_101842,YYYXyxyXXyXYYxx,YXyxYX,1,,1000,16
ac19x_101879,YYXXyXXXXYxYx,YXyxYX,1,,1000,17
ac19x_101928,YYxxxxyxYXyXXXX,YXyxYX,1,,1000,18
ac19x_101963,YYXXXyyXXYX,YXyXYXXX,1,,1000,14
ac19x_102006,YYxyXYXXyXyxx,YXyXYXXX,1,,1000,14
ac19x_102028,YYYxyXYx,YYXYXyxYxYx,1,,1000,16
ac19x_102032,YYYxxxyXYXyyXyX,YXyxYX,1,,1000,16
ac19x_102053,YYxyxxYxxYxYxyXX,YXyxYxYxx,1,,1000,18
ac19x_102103,YYYYxYXXyXyXX,YXyxYX,1,,1000,17
ac19x_102131,YYXXYYxYYXXXXXX,YXyxYX,1,,1000,18
ac19x_102144,YYYxYXyXXyX,YYxYxyXXyXX,1,,1000,17
ac19x_102162,YYYxxxxyyXXyX,YXyxYX,1,,1000,16
ac19x_102243,YYYXYxyX,YYXYxYXXYXyxx,1,,1000,17
ac19x_102340,YYXXyXyXyxxxx,YXyxYX,1,,1000,17
ac19x_102341,YYxxYxYXyXyXX,YXyxYX,1,,1000,17
ac19x_102354,YYYYYYXYxyyXXXX,YXyxYX,1,,1000,18
ac19x_102390,YYXYYXXyXYXYxyxyX,YXYXyxYXX,1,,1000,17
ac19x_102459,YYxxxYXXyXXYX,YXyxYX,1,,1000,16
ac19x_102512,YYYxxxxyyXYXXyX,YXyxYX,1,,1000,17
ac19x_102551,YYxxxxYXXXyXX,YXyxYX,1,,1000,17
ac19x_102577,YYYxYxyxYXyyXXX,YXyxYX,1,,1000,18
ac19x_102588,YYYXYxyX,YYXYYxyxyXyXyyx,1,,1000,17
ac19x_102669,YYxYxxxyXXXXX,YXyxYX,1,,1000,17
ac19x_102712,YXYXyxYXyxYXyxx,YXYXyxyxYX,1,,1000,19
ac19x_102728,YYXyxyXyXXXYYxx,YXyxYX,1,,1000,18
ac19x_102750,YYxYXyXyXXXYx,YXyxYX,1,,1000,17
ac19x_102790,YYXXXyxyxxxyXYX,YXyXYXXX,1,,1000,14
ac19x_102806,YYYxxyXXXXYYX,YXyxYX,1,,1000,16
ac19x_102939,YYXXyXXXXYYxxyx,YXyxYX,1,,1000,17
ac19x_102970,YYYYYXYYxyXyXXX,YXyxYX,1,,1000,18
ac19x_102989,YYYYYxxyyXYXXyX,YXyxYX,1,,1000,18
ac19x_103100,YYXyXXXXYYxYxyx,YXyxYX,1,,1000,17
ac19x_103107,YYYXXXXXYxyXYYx,YXyxYX,1,,1000,16
ac19x_103227,YYYYxYXXXXyXX,YXyxYX,1,,1000,19
ac19x_103321,YYYYYXXyXXYYX,YXyxYX,1,,1000,12
ac19x_103340,YYYxxYXXXXXyX,YXyxYX,1,,1000,18
ac19x_103371,YYYXYxyX,YYXyyxYXXyxYx,1,,1000,16
ac19x_103375,YYYYxyXXXXXYX,YXyxYX,1,,1000,18
ac19x_103376,YYXyXyXXyxxxx,YXyxYX,1,,1000,13
ac19x_103416,YYYYYYXXXXXYXyX,YXyxYX,1,,1000,19
ac19x_103432,YYXyXXXXXYxYxyx,YXyxYX,1,,1000,17
ac19x_103439,YYxYYxxyXXXyX,YXyxYX,1,,1000,17
ac19x_103456,YYXXYXyxYXYXyxxyX,YXYXyxyxYX,1,,1000,18
ac19x_103624,YYYxyXXXXYXYx,YXyxYX,1,,1000,16
ac19x_103625,YYYxxyXXyyXYX,YXyxYX,1,,1000,16
ac19x_103723,YYXyyXXyyxYxx,YXyxYX,1,,1000,16
ac19x_103744,YYYYxyyXXXXYxyXYX,YXyxYX,1,,1000,19
ac19x_103771,YYxYxxxyXYXyyXYXX,YXyxYX,1,,1000,19
ac19x_103793,YYxYxxyxYXXXXXX,YXyxYX,1,,1000,17
ac19x_103807,YYXyXYxyXyyx,YXyXyXXyx,1,,1000,16
ac19x_103847,YXYXXXXYXXXXXXXX,YXYXXXXyx,1,,1000,15
ac19x_103850,YYYYxYYXyxyXXyX,YXyxYX,1,,1000,17
ac19x_103933,YYxYYxxxyx,YXyXyXXyx,1,,1000,17
ac19x_103986,YYYxxxyyXYXyXyX,YXyxYX,1,,1000,17
ac19x_104016,YYYxxxyXXYXXX,YXyxYX,1,,1000,16
ac19x_104061,YYxxYxYXXXXyX,YXyxYX,1,,1000,16
ac19x_104165,YYXyXXXXYXYxyXYYx,YXyxYX,1,,1000,17
ac19x_104195,YYYXYYYXyXXXX,YXyxYX,1,,1000,17
ac19x_104255,YYYxxxyXYXyyXYX,YXyxYX,1,,1000,16
ac19x_104307,YYxyxxyXyXXYXYx,YXyxYX,1,,1000,16
ac19x_104331,YYxxYxxxYxyXyXYx,YXyxYxYxx,1,,1000,16
ac19x_104339,YXYxyXXyXyxxxxx,YXyxYX,1,,1000,17
ac19x_104373,YYxxxyxYXyXXyXX,YXyxYX,1,,1000,17
ac19x_104388,YYYxxxYXyyXXX,YXyxYX,1,,1000,17
ac19x_104419,YYxYXyxYxYxxxxYxx,YXyXyXXyx,1,,1000,16
ac19x_104438,YYYxxxyXXXYXXXX,YXyxYX,1,,1000,18
ac19x_104452,YYYYxYXyxyXXyXX,YXyxYX,1,,1000,17
ac19x_104458,YYxYxyxxYXXXyXX,YXyxYX,1,,1000,17
ac19x_104570,YYYxyyXyXXyyXYxx,YXyxYxYxx,1,,1000,16
ac19x_104629,YYxxYYxyxx,YYxxyXYxx,1,,1000,15
ac19x_104668,YYYYxyXXyXXYx,YXyxYX,1,,1000,17
ac19x_104686,YYYYXYXYxxxyXyyXX,YXyxYX,1,,1000,19
ac19x_104721,YYxYxYxyXyXXX,YXyxYX,1,,1000,17
ac19x_104753,YYYYYxyXYXXXXXX,YXyxYX,1,,1000,17
ac19x_104758,YYYYxxyxYXyXXyX,YXyxYX,1,,1000,17
ac19x_104785,YYYYYYxyXyXXX,YXyxYX,1,,1000,19
ac19x_105023,YYYYYxyxYXyyyXX,YXyxYX,1,,1000,18
ac19x_105039,YYYYYXXyyXXYxyX,YXyxYX,1,,1000,16
ac19x_105109,YYXXyxYxYxxYxxyx,YXyXyXXyx,1,,1000,18
ac19x_105176,YYYXXyxyXXXYxYx,YXyxYX,1,,1000,16
ac19x_105365,YYXyXyXXXYxYx,YXyxYX,1,,1000,17
ac19x_105395,YYYXYYXyyyX,YYYXyXYYXyyyx,1,,1000,16
ac19x_105584,YYXyxYXXyx,YXyXYXyxx,1,,1000,19
ac19x_105658,YYXXXXXXYXYYx,YXyxYX,1,,1000,18
ac19x_105754,YYYYxyxYXyXyyXX,YXyxYX,1,,1000,18
ac19x_105757,YXYXyxYXyxYXyxxyX,YXYXyxyxYX,1,,1000,19
ac19x_105784,YYYYXYYxxyyXYXYYXYX,YYYXYxyX,1,,1000,17
ac19x_105986,YYYXXXXXXYxxx,YXyxYX,1,,1000,16
ac19x_106038,YYYYxYxyXyyXX,YXyxYX,1,,1000,18
ac19x_106139,YYYXYxyX,YYXYXYYxYxYXX,1,,1000,17
ac19x_106179,YYYxxyyXXXXXYxxyX,YXyxYX,1,,1000,17
ac19x_106258,YYYYYXYxyyXXyXX,YXyxYX,1,,1000,19
ac19x_106277,YYYxYXYYXXXXX,YXyxYX,1,,1000,16
ac19x_106301,YYxxxYXyXyXXX,YXyxYX,1,,1000,18
ac19x_106307,YYYxyxYYXyXyyXX,YXyxYX,1,,1000,17
ac19x_106334,YYXXyxyXXXYYxYx,YXyxYX,1,,1000,17
ac19x_106338,YYYYYxyxxyXyXXX,YXyxYX,1,,1000,17
ac19x_106395,YYYxxYYXyxyyXXX,YXyxYX,1,,1000,17
ac19x_106484,YYYYxxYXXXXyX,YXyxYX,1,,1000,17
ac19x_106492,YYXYxxyXyyXyxxx,YXyxYX,1,,1000,16
ac19x_106518,YYYYXYYxxyyXyXX,YXyxYX,1,,1000,18
ac19x_106537,YYYxyxYYXXXXYXXXX,YXyxYX,1,,1000,18
ac19x_106573,YYYYYYXXyXXYX,YXyxYX,1,,1000,17
ac19x_106700,YYYYXYYxYXyxyyXXX,YXyxYX,1,,1000,18
ac19x_106736,YYYYXXyXyyxxx,YXyxYX,1,,1000,18
ac19x_106740,YYYxxyxYXyXXyXX,YXyxYX,1,,1000,17
ac19x_106756,YYXXXYxxxyyXyxYXX,YXYXXYxyX,1,,1000,17
ac19x_106831,YYYxxxxyyXYXyXX,YXyxYX,1,,1000,18
ac19x_106871,YYYYYYYXXyXyX,YXyxYX,1,,1000,17
ac19x_106956,YYYYYXXXXXXXYxxyX,YXyxYX,1,,1000,17
ac19x_107011,YXYXyxyxYX,YXXYxyXYxyXYxyx,1,,1000,18
ac19x_107017,YYxYxyXXXXXYx,YXyxYX,1,,1000,17
ac19x_107032,YYxxyxyXyxx,YXyXYXXX,1,,1000,14
ac19x_107076,YYxYxYXXyyXyX,YXyxYX,1,,1000,14
ac19x_107094,YYxxYxyXyXXYX,YXyxYX,1,,1000,16
ac19x_107145,YYYYXXyyXXYYx,YXyxYX,1,,1000,17
ac19x_107193,YYXyyxxyXYXXYXYxyx,YXYXXYxyX,1,,1000,16
ac19x_107224,YYYxxYXXyXXYX,YXyxYX,1,,1000,17
ac19x_107254,YYYYXXXXXXYYxyx,YXyxYX,1,,1000,18
ac19x_107304,YYYXXXyXXXYYx,YXyxYX,1,,1000,18
ac19x_107371,YXYxxYxyXyXXX,YXyxYX,1,,1000,16
ac19x_107372,YYXyXXXXYXYYxyx,YXyxYX,1,,1000,17
ac19x_107383,YYYYxxyyXXXYX,YXyxYX,1,,1000,18
ac19x_107449,YYYxxxyyXXyyX,YXyxYX,1,,1000,16
ac19x_107603,YYYXYxyX,YYXYxYXYYxxYXXyyxyX,1,,1000,17
ac19x_107630,YYYXyyXyyxxxyxx,YXyxYX,1,,1000,18
ac19x_107795,YYxYYxyXXYXXXXX,YXyxYX,1,,1000,19
ac19x_107815,YYxxYxyXXXXXX,YXyxYX,1,,1000,17
ac19x_107835,YYYYXyXyyxyxx,YXyxYX,1,,1000,16
ac19x_107908,YYXYYXXXYXXYXXYXX,YXYXyxYXX,1,,1000,17
ac19x_108046,YXYXYXXYXyXYXXYx,YXYXyxYXX,1,,1000,16
ac19x_108119,YYYXYxyX,YYXYYxyyxxyXyyX,1,,1000,17
ac19x_108140,YYYYXyXyXXXYx,YXyxYX,1,,1000,17
ac19x_108200,YYYXYxyX,YYXYYxYYxyXXyxyyX,1,,1000,17
ac19x_108201,YXXyxYXXyxx,YXyXYXyXYxYXXyx,1,,1000,17
ac19x_108229,YYYYxYXyyyXXX,YXyxYX,1,,1000,17
ac19x_108266,YYXXyXXyxxxxx,YXyxYX,1,,1000,17
ac19x_108281,YYYXXyXXXXYYx,YXyxYX,1,,1000,18
ac19x_108424,YYYXYYXYYYXXyxx,YYYXYxyX,1,,1000,18
ac19x_108468,YYXXXyXyxxxxx,YXyxYX,1,,1000,17
ac19x_108473,YYYXXyyyXXYYxyx,YXyxYX,1,,1000,16
ac19x_108519,YYYYxxYXyyyXX,YXyxYX,1,,1000,17
ac19x_108533,YXYxYxyXyXYxxYxxxx,YXyxYxYxx,1,,1000,17
ac19x_108600,YYYYxxxyXXyXX,YXyxYX,1,,1000,18
ac19x_108670,YYxYYxYXXyyXX,YXyxYX,1,,1000,18
ac19x_108690,YYXYXXXYx,YYXXXXyxxx,1,,1000,16
ac19x_108735,YYYYxYXXyyXYX,YXyxYX,1,,1000,17
ac19x_108847,YYxYxyxYXyXXYXXXX,YXyxYX,1,,1000,18
ac19x_108866,YYYYXYxYxyXXyXX,YXyxYX,1,,1000,19
ac19x_109012,YYXyXXyyxxxxyxxyx,YXyxYX,1,,1000,19
ac19x_109079,YYXyXXyyxxxyxxx,YXyxYX,1,,1000,19
ac19x_109108,YYXXXXXXYYxYx,YXyxYX,1,,1000,19
ac19x_109125,YYxYXyXyxYxxxYxx,YXyXyXXyx,1,,1000,16
ac19x_109159,YYXXXyXyyxxxxyx,YXyxYX,1,,1000,18
ac19x_109218,YYYxyXYXyyyXyxx,YXyxYX,1,,1000,16
ac19x_109229,YYxxYxyxYXXyXXX,YXyxYX,1,,1000,18
ac19x_109250,YYYxyxYXyXXXXYX,YXyxYX,1,,1000,18
ac19x_109263,YYXyyxyxxyXYXYxyx,YXYXXYxyX,1,,1000,16
ac19x_109325,YYYXyyXyXXYYxyx,YXyxYX,1,,1000,17
ac19x_109371,YYYYxYxyyXXyX,YXyxYX,1,,1000,17
ac19x_109393,YYYxYXXyXXXYXYxyX,YXyxYX,1,,1000,17
ac19x_109407,YYxyXXYXXXXyX,YXyXYXXX,1,,1000,14
ac19x_109425,YYYxxyyXYXyyyxx,YXyxYX,1,,1000,17
ac19x_109462,YYXyXXXXXYYxxyx,YXyxYX,1,,1000,18
ac19x_109633,YYxxyXyXXyxxx,YXyxYX,1,,1000,14
ac19x_109646,YYYxYYxyXYXyyyX,YXyxYX,1,,1000,16
ac19x_109674,YYYXyXyyXyxxx,YXyxYX,1,,1000,17
ac19x_109710,YYYYYxyXyXXYX,YXyxYX,1,,1000,18
ac19x_109776,YYxYXyXXXXYxx,YXyxYX,1,,1000,16
ac19x_109786,YYYxxYxyXXyxyX,YXyXyXXyx,1,,1000,16
ac19x_109816,YYYxxxYXyyXyX,YXyxYX,1,,1000,16
ac19x_109824,YYYYxyXyXXYXXYX,YXyxYX,1,,1000,17
ac19x_109921,YYXyXYxyxYxyx,YXyXyXXyx,1,,1000,18
ac19x_109941,YYYXYxyX,YYYxYYXXyxyXyxYYX,1,,1000,19
ac19x_110102,YYYXXyXXXYYYxyx,YXyxYX,1,,1000,19
ac19x_110113,YYYYXyXyXyyxx,YXyxYX,1,,1000,17
ac19x_110136,YYYXyXXyyyxxx,YXyxYX,1,,1000,17
ac19x_110157,YYYXYxyX,YYxYXyyXyxxYX,1,,1000,17
ac19x_110159,YYYXXXYXXXXXYYx,YXyxYX,1,,1000,19
ac19x_110210,YYYXYxyX,YYYxYXyyXYYXYxYYX,1,,1000,17
ac19x_110234,YYYYxyyyXX,YYYXyXXYX,1,,1000,16
ac19x_110276,YYYXyXXXXXYYxYX,YXyxYX,1,,1000,19
ac19x_110287,YYYxxyxYXXXXXyX,YXyxYX,1,,1000,17
ac19x_110291,YYYXXyXyxyxxx,YXyxYX,1,,1000,16
ac19x_110378,YYYYYYYXXXyyX,YXyxYX,1,,1000,17
ac19x_110395,YYXyxxyXYXYXyyx,YXyXYXXX,1,,1000,14
ac19x_110442,YYYxYYXXXyXyX,YXyxYX,1,,1000,17
ac19x_110445,YYxYxYXXXXXYX,YXyxYX,1,,1000,17
ac19x_110483,YYXXXyXyxxYxx,YXXyXXyXYxxYxx,1,,1000,17
ac19x_110520,YYYYxxyxYXyyXXX,YXyxYX,1,,1000,19
ac19x_110554,YYYxYxYXXyyXX,YXyxYX,1,,1000,17
ac19x_110587,YYYXXyXXyxxxx,YXyxYX,1,,1000,16
ac19x_110594,YYYxYxyyXYXXyyX,YXyxYX,1,,1000,16
ac19x_110598,YYYYXyxyyyXXXYx,YXyxYX,1,,1000,16
ac19x_110603,YYYYYYXXyXyXX,YXyxYX,1,,1000,19
ac19x_110748,YYXyyXyyxxxxyxx,YXyxYX,1,,1000,19
ac19x_110812,YYYYxyxYXXXXXXX,YXyxYX,1,,1000,17
ac19x_110815,YYYYXYYXXXXXX,YXyxYX,1,,1000,16
ac19x_110837,YYYXXyXXyyxYxyx,YXyxYX,1,,1000,16
ac19x_110874,YYYXYxyX,YYYXyxYXYXYXyxx,1,,1000,17
ac19x_110878,YYxyXXXyxyxxx,YXyxYX,1,,1000,16
ac19x_110916,YYXXyxYXXyxxyxYX,YXYXXYxyX,1,,1000,16
ac19x_110951,YYYXYxyX,YXyXYXyxxYx,1,,1000,18
ac19x_110989,YYYYxyXXXXXYx,YXyxYX,1,,1000,18
ac19x_111040,YXYXXYxyxxyXyXYx,YXYXyxYXX,1,,1000,18
ac19x_111062,YYYXXYYXXXYXYXXYXyX,YXYXyxYXX,1,,1000,17
ac19x_111103,YYYYxyxxyXXYXXX,YXyxYX,1,,1000,16
ac19x_111134,YYxYYxyXXXXYX,YXyxYX,1,,1000,17
ac19x_111182,YYYXYxyX,YYxYxyXyXyxyX,1,,1000,17
ac19x_111348,YYXXXyyxyxxxx,YXyxYX,1,,1000,17
ac19x_111379,YYxYxxyxxyXXXyX,YXyxYX,1,,1000,16
ac19x_111397,YXXyXyXyxxxYx,YXyxYX,1,,1000,16
ac19x_111424,YYxYXXXXXXYYxyx,YXyxYX,1,,1000,18
ac19x_111446,YYYxxxyyXYXYXXXXX,YXyxYX,1,,1000,18
ac19x_111507,YYYxYYxYYxyxyXX,YYYxyXYx,1,,1000,17
ac19x_111651,YYYxyyxYXyxxyxyXX,YXYXyxYXX,1,,1000,17
ac19x_111652,YYXyyXXyXYYxx,YXyxYX,1,,1000,16
ac19x_111672,YYYYYXXyXXXYxyXYX,YXyxYX,1,,1000,19
ac19x_111692,YYYXyyXyyxyxx,YXyxYX,1,,1000,11
ac19x_111800,YYXyyXyxyxxxx,YXyxYX,1,,1000,17
ac19x_111861,YYYXYxxxyyyXyXX,YXyxYX,1,,1000,18
ac19x_111906,YYYYxYxyyyXyX,YXyxYX,1,,1000,17
ac19x_111915,YYxYxxyXX,YXXXyxYxx,1,,1000,16
ac19x_111943,YYYXYxyyXyyyxxx,YXyxYX,1,,1000,17
ac19x_111948,YYYYxYXXXXX,YXyxYX,1,,1000,16
ac19x_111962,YYYYxxyxxyXXXyX,YXyxYX,1,,1000,17
ac19x_111970,YYYxxYxyyXyXX,YXyxYX,1,,1000,19
ac19x_111982,YYYYYxYXXXXyX,YXyxYX,1,,1000,18
ac19x_112030,YYYxYxyXXyXYX,YXyxYX,1,,1000,17
ac19x_112032,YYYYxyxYXyXYXXX,YXyxYX,1,,1000,16
ac19x_112050,YYYxxxyyXX,YXXXyxYxx,1,,1000,15
ac19x_112095,YYXyxYXXyx,YXYxYXXYXyx,1,,1000,17
ac19x_112335,YYYYXyyXyxx,YYYXYxyX,1,,1000,18
ac19x_112373,YYYXyXyXXXYYxyx,YXyxYX,1,,1000,17
ac19x_112404,YYYxxyXXXYXXX,YXyxYX,1,,1000,16
ac19x_112424,YYYYxYYXXXXyX,YXyxYX,1,,1000,17
ac19x_112442,YYxxxYxyXyXXX,YXyxYX,1,,1000,18
ac19x_112483,YYXXyxxxxyxyx,YXyXYXXX,1,,1000,14
ac19x_112571,YYYXYxyX,YYXYXXyxxYXYx,1,,1000,18
ac19x_112573,YYYxYxyxYXXyXyX,YXyxYX,1,,1000,12
ac19x_112657,YYXyyXXXXYYxx,YXyxYX,1,,1000,18
ac19x_112727,YYYYYXXXXYxyXYX,YXyxYX,1,,1000,16
ac19x_112806,YYYXyxyXXXYXYYx,YXyxYX,1,,1000,17
ac19x_112867,YYYxxxyXyyXyX,YXyxYX,1,,1000,16
ac19x_112870,YYXyXXyyxyxxx,YXyxYX,1,,1000,16
ac19x_112880,YYYxYxYXyxyXXyX,YXyxYX,1,,1000,17
ac19x_112912,YYYxyxYXXyXXXYX,YXyxYX,1,,1000,17
ac19x_113078,YYXXXyyxyxxYx,YXyxYX,1,,1000,16
ac19x_113090,YYYxxYXXXyXXX,YXyxYX,1,,1000,17
ac19x_113126,YYYXyXXYXYXyx,YXYXXYxyX,1,,1000,17
ac19x_113209,YYYxyXXXyXXYx,YXyxYX,1,,1000,17
ac19x_113253,YYYXYxyX,YYYxYXyXyxyXYxYYX,1,,1000,17
ac19x_113261,YYXXyxyXXXYxYYx,YXyxYX,1,,1000,17
ac19x_113267,YYXXXyXyyxxyxYx,YXyxYX,1,,1000,19
ac19x_113272,YYYYxYXyXXXYX,YXyxYX,1,,1000,17
ac19x_113359,YYYYYYXXyXYXX,YXyxYX,1,,1000,17
ac19x_113376,YYYYXYxYxyXyXXX,YXyxYX,1,,1000,18
ac19x_113381,YYYYYxYXyx,YYYYxYxyX,1,,1000,15
ac19x_113440,YYYXXyXyyxxYx,YXyxYX,1,,1000,17
ac19x_113524,YYYXyXyXXXYYx,YXyxYX,1,,1000,17
ac19x_113563,YYXYxyyXXXyxxxx,YXyxYX,1,,1000,16
ac19x_113573,YYYxyxYYXXXyXXX,YXyxYX,1,,1000,18
ac19x_113713,YYYxyxYYXXyXXXX,YXyxYX,1,,1000,18
ac19x_113793,YYXXXXXXYYxxxyx,YXyxYX,1,,1000,18
ac19x_113821,YYYxYYXXyXXXX,YXyxYX,1,,1000,17
ac19x_113830,YYYXYxyX,YYXyxYXYxYXYXXyxx,1,,1000,18
ac19x_113941,YYYXYxyX,YYXYYxYxyXyyX,1,,1000,17
ac19x_113948,YYYYYYXXyXXYXyX,YXyxYX,1,,1000,19
ac19x_114084,YYYYxYxyXXXXX,YXyxYX,1,,1000,19
ac19x_114138,YXyXXXXYxxYxx,YXyxYX,1,,1000,11
ac19x_114169,YYYXYxyX,YYXyxyXYxYxYYXX,1,,1000,18
ac19x_114232,YYYxxYYXXyyXX,YXyxYX,1,,1000,18
ac19x_114262,YYYYYXXXyXXYx,YXyxYX,1,,1000,17
ac19x_114272,YYYxYxyXXXXXX,YXyxYX,1,,1000,19
ac19x_114300,YYxxxYxyxYxYxYx,YXyXyXXyx,1,,1000,16
ac19x_114328,YXYxyXyXyXyxxxx,YXyxYX,1,,1000,17
ac19x_114398,YYxYxxxyXXyXX,YXyxYX,1,,1000,16
ac19x_114441,YYYxYYXyxyXyXXX,YXyxYX,1,,1000,17
ac19x_114444,YYYxxyXXXyXYX,YXyxYX,1,,1000,17
ac19x_114499,YXYxYxyXyXXyXYxxxxx,YXyxYxYxx,1,,1000,17
ac19x_114510,YYYYXyXXXXXYx,YXyxYX,1,,1000,18
ac19x_114616,YYYXYYXXyxx,YYYXYxyX,1,,1000,17
ac19x_114695,YYxxYXXyyXXYX,YXyxYX,1,,1000,16
ac19x_114698,YYXyyXXYXXYYx,YXyxYX,1,,1000,16
ac19x_114754,YXYXXYxyX,YXYxYXyXYXyxyx,1,,1000,18
ac19x_114795,YYYYYYXyxyXXyXX,YXyxYX,1,,1000,19
ac19x_114842,YYYXYxyXyyXyxxx,YXyxYX,1,,1000,16
ac19x_114861,YYxYxYXXXyXyX,YXyxYX,1,,1000,16
ac19x_114884,YYXXXyxyXyyxxYx,YXyxYX,1,,1000,18
ac19x_114904,YYYXYxyX,YYXYYXyxYXYYxxyyXYX,1,,1000,17
ac19x_114949,YYYxYYxYYxxyXXXyx,YYYxyXYx,1,,1000,16
ac19x_114984,YYXyXyXyyxxxxyx,YXyxYX,1,,1000,19
ac19x_115064,YYYYXXYXXXXXXYx,YXyxYX,1,,1000,18
ac19x_115138,YYYXXXXyXXYYxyx,YXyxYX,1,,1000,17
ac19x_115218,YYYYYxyxxyXXyyX,YXyxYX,1,,1000,17
ac19x_115293,YYxxxxxYxYxYx,YXyXyXXyx,1,,1000,17
ac19x_115419,YYYxYxYXyyyXX,YXyxYX,1,,1000,18
ac19x_115434,YXYxYxxyXXyXX,YXyxYX,1,,1000,16
ac19x_115448,YYxyXyXXXYXYx,YXyxYX,1,,1000,17
ac19x_115557,YYYXYxyX,YYYxxyXXyyxyXyxYX,1,,1000,17
ac19x_115573,YYYxYYXXyxyXyXX,YXyxYX,1,,1000,18
ac19x_115579,YXXyXyxxYxxYxyX,YXyxYX,1,,1000,16
ac19x_115696,YYYxYYXXyxyyXXX,YXyxYX,1,,1000,19
ac19x_115709,YXYXXXXyx,YXXXXXYxyX,1,,1000,15
ac19x_115715,YYYYXYXYxxxyyXyXX,YXyxYX,1,,1000,19
ac19x_115789,YYYxYxxyXyyXX,YXyxYX,1,,1000,18
ac19x_115925,YYYxxxyXXXyXX,YXyxYX,1,,1000,18
ac19x_115954,YYYYxxyxYXXXXyX,YXyxYX,1,,1000,16
ac19x_115966,YYYYxyyyXX,YYYXyXYYXyyyx,1,,1000,16
ac19x_115983,YYYxxxYXyXYXXyX,YXyxYX,1,,1000,17
ac19x_115996,YYXyyxYxyXYx,YXyxYxYxx,1,,1000,16
ac19x_116042,YYYYxyxYXyyyXXX,YXyxYX,1,,1000,18
ac19x_116071,YYxxxyXXXXXYx,YXyxYX,1,,1000,16
ac19x_116133,YYYxyxYXyyXXXYx,YXyxYX,1,,1000,17
ac19x_116219,YYxxyXYXYXXXYxyXX,YXYXyxYXX,1,,1000,16
ac19x_116272,YYYxYXyXXXXYxyXYX,YXyxYX,1,,1000,19
ac19x_116340,YYYxyXYxyxYxxx,YXyxYxYxx,1,,1000,16
ac19x_116343,YYXXyyXXXYxYxyx,YXyxYX,1,,1000,16
ac19x_116393,YYYYYYXYYXXyXXX,YXyxYX,1,,1000,19
ac19x_116397,YXXXyXyxxxxYx,YXyxYX,1,,1000,17
ac19x_116508,YYxyxYXYXXyxxxyXXX,YXYXyxYXX,1,,1000,17
ac19x_116552,YYxYxxyXyXXXX,YXyxYX,1,,1000,18
ac19x_116557,YYXXYYXXYXXyyx,YXYXyxYXX,1,,1000,16
ac19x_116599,YYYYYxYXXyyyX,YXyxYX,1,,1000,17
ac19x_116660,YYYxxxxYxxYXyXyx,YXyXyXXyx,1,,1000,16
ac19x_116678,YYYXYxyXyXXYXYx,YXyxYX,1,,1000,16
ac19x_116689,YYYXXyxyxyxxyxxyyx,YXYXXYxyX,1,,1000,17
ac19x_116844,YYxxxxyXXXX,YXXXYxxxyx,1,,1000,15
ac19x_116936,YYxYXyXXyyXXyyXyx,YXyXyXXyx,1,,1000,16
ac19x_116993,YYYxyxYxyXXXXYX,YXyxYX,1,,1000,17
ac19x_117132,YYXyXyXXXYYxx,YXyxYX,1,,1000,17
ac19x_117184,YYXYxxyXyyXXYYx,YXyxYX,1,,1000,17
ac19x_117189,YYYxYxYXXXXyX,YXyxYX,1,,1000,17
ac19x_117193,YYxYXXyXXyyxx,YXyxYX,1,,1000,17
ac19x_117207,YYYYXXXXXXXYx,YXyxYX,1,,1000,18
ac19x_117210,YYXXXyXXYXYYxyx,YXyxYX,1,,1000,16
ac19x_117213,YYYXYxyX,YYXYxyyXXYxYYxyyX,1,,1000,18
ac19x_117282,YYxYxxYXXXXXX,YXyxYX,1,,1000,18
ac19x_117290,YYXXXXXXXYxYXYx,YXyxYX,1,,1000,18
ac19x_117322,YYYxxyxYXXXXyXX,YXyxYX,1,,1000,18
ac19x_117365,YYYXyxyXXyXXYYx,YXyxYX,1,,1000,17
ac19x_117426,YYYXYxyX,YYYXyxyxYXYXXyxxYYX,1,,1000,18
ac19x_117530,YYYXYxyX,YYXyXyxYxYXyx,1,,1000,17
ac19x_117559,YYYXYxyyXXyXYYx,YXyxYX,1,,1000,17
ac19x_117577,YYYXXXyyxyxxx,YXyxYX,1,,1000,17
ac19x_117588,YYYYXYxyyyXXXYx,YXyxYX,1,,1000,18
ac19x_117608,YYYxxxxyXYXXyXX,YXyxYX,1,,1000,18
ac19x_117636,YYXXyXXXYxYxxyx,YXyxYX,1,,1000,16
ac19x_117650,YYYYYXXXYXXXX,YXyxYX,1,,1000,16
ac19x_117653,YYxYXXYXXyXyyxx,YXyxYX,1,,1000,17
ac19x_117667,YYXXXXyyxxxyxxx,YXyxYX,1,,1000,19
ac19x_117735,YYXXyyXXYYxYxyx,YXyxYX,1,,1000,16
ac19x_117748,YYXyyXyxyxxYxYX,YXyxYX,1,,1000,14
ac19x_117756,YYxYXXXXXYXYx,YXyxYX,1,,1000,16
ac19x_117789,YYYxxYxyyXYXXyX,YXyxYX,1,,1000,17
ac19x_117811,YXXXyXXYxYxxx,YXyxYX,1,,1000,15
ac19x_117837,YYxYxYXyxyXXXYX,YXyxYX,1,,1000,17
ac19x_117933,YYXyyXXXYXYYxyx,YXyxYX,1,,1000,17
ac19x_117948,YYYXyXXyyxYxx,YXyxYX,1,,1000,16
ac19x_117967,YXYXXYxyX,YXYXyxYXYxYXXyX,1,,1000,17
ac19x_118001,YYYXYxyX,YYYXyyxxxyXXYYX,1,,1000,16
ac19x_118014,YYYXXyXXXYXYx,YXyxYX,1,,1000,17
ac19x_118151,YYxYYxYXyxyXXXX,YXyxYX,1,,1000,17
ac19x_118193,YYxxxyXyXXYXyxx,YXyXYXXX,1,,1000,18
ac19x_118241,YYYYxxyxxyXyyXX,YXyxYX,1,,1000,17
ac19x_118269,YYxxxxYXyXYXXyX,YXyxYX,1,,1000,16
ac19x_118292,YYXXXXXXXYxxyXYYx,YXyxYX,1,,1000,18
ac19x_118318,YXYXYxYXXyX,YXYXyxYXX,1,,1000,16
ac19x_118388,YYYYXyXYXXXXXYx,YXyxYX,1,,1000,18
ac19x_118394,YYYYxxyXYXXXyyX,YXyxYX,1,,1000,16
ac19x_118429,YYYxyyXXXYXYx,YXyxYX,1,,1000,17
ac19x_118430,YYYxYxyXXXXYX,YXyxYX,1,,1000,17
ac19x_118564,YYXyxxyxyxyXyxx,YXYXyxYXX,1,,1000,17
ac19x_118669,YYYXXyyXyyxxx,YXyxYX,1,,1000,17
ac19x_118689,YXXXyXXYxYxYxyx,YXyxYX,1,,1000,16
ac19x_118705,YYYYxxYXyXX,YYYXYxyX,1,,1000,17
ac19x_118740,YYYxxxYXXyXyX,YXyxYX,1,,1000,16
ac19x_118741,YYXYxYxYXYX,YYxxyXX,1,,1000,18
ac19x_118834,YYYYxYXyXXyXX,YXyxYX,1,,1000,19
ac19x_118859,YYxYxyxYXXXyyXX,YXyxYX,1,,1000,17
ac19x_118876,YYXXXXXyyxYxxyx,YXyxYX,1,,1000,14
ac19x_119004,YYXXXyXyxxYxx,YXyxYX,1,,1000,16
ac19x_119054,YYYXXXXyXYYYxyx,YXyxYX,1,,1000,16
ac19x_119089,YYYYxxYXXXXXX,YXyxYX,1,,1000,19
ac19x_119112,YYYYYXyyXXXXYxxyX,YXyxYX,1,,1000,17
ac19x_119126,YYxYxyXyXXXYX,YXyxYX,1,,1000,17
ac19x_119153,YYYYXYxxyyXXyXX,YXyxYX,1,,1000,19
ac19x_119156,YYYxYXyx,YYYxyXYxyxyXXYx,1,,1000,14
ac19x_119211,YYYxYxyXyyXYX,YXyxYX,1,,1000,16
ac19x_119255,YYYxyxYYxyXyXXX,YXyxYX,1,,1000,17
ac19x_119273,YYYXyyXyyyxxx,YXyxYX,1,,1000,18
ac19x_119323,YYxxxYXXXXyXX,YXyxYX,1,,1000,18
ac19x_119422,YYXYYXXYxyyxxyX,YXYXyxyxYX,1,,1000,18
ac19x_119528,YYYYYXyXXXXYxyX,YXyxYX,1,,1000,16
ac19x_119539,YYXyyXXXyxxxx,YXyxYX,1,,1000,16
ac19x_119594,YYxYxxyxYXXXyXX,YXyxYX,1,,1000,16
ac19x_119632,YYXYYxYXXyXXX,YXyxYX,1,,1000,17
ac19x_119765,YYYYxyXyXXXYYXX,YXyxYX,1,,1000,18
ac19x_119798,YYYXXXXXXYYYxyx,YXyxYX,1,,1000,17
ac19x_119846,YYYYXyyXYXXXXYx,YXyxYX,1,,1000,18
ac19x_119939,YYYxyXYXXyXyxxx,YXyxYX,1,,1000,15
ac19x_119994,YYYXyXyyyxYxx,YXyxYX,1,,1000,17
ac19x_119998,YYxyxxYxYxyXyXX,YXyxYxYxx,1,,1000,18
ac19x_120016,YYYxxxYXXyXXX,YXyxYX,1,,1000,18
ac19x_120045,YYYYxYXXXXXYxyX,YXyxYX,1,,1000,16
ac19x_120054,YYYxxxYXyXyXX,YXyxYX,1,,1000,18
ac19x_120081,YYXyXXXXXYxYXYx,YXyxYX,1,,1000,17
ac19x_120100,YYYYXYYxxyXyXYX,YYYXYxyX,1,,1000,17
ac19x_120149,YYYxyxYYXXXXyXX,YXyxYX,1,,1000,18
ac19x_120305,YXXYXXXyXyxxxYx,YXyxYX,1,,1000,15
ac19x_120318,YYYxyXXXXXYYX,YXyxYX,1,,1000,17
ac19x_120363,YYYYxxxYXyX,YYYxyXYx,1,,1000,16
ac19x_120383,YYxxYYxyXXXyX,YXyxYX,1,,1000,16
ac19x_120393,YYYXXXyxyXyyxYx,YXyxYX,1,,1000,15
ac19x_120405,YYYxxxyyXXYXX,YXyxYX,1,,1000,16
ac19x_120562,YYYxxxYXyXXXX,YXyxYX,1,,1000,17
ac19x_120635,YYYYxyxYXXyXXYX,YXyxYX,1,,1000,17
ac19x_120637,YYYxxyxYXXyXXyX,YXyxYX,1,,1000,17
ac19x_120639,YYYYYYXXXXyxyXX,YXyxYX,1,,1000,18
ac19x_120653,YYYYXXyXXXXYxYX,YXyxYX,1,,1000,18
ac19x_120666,YYYxyXYx,YYxYYxYxxyXYX,1,,1000,13
ac19x_120715,YYYYXyXyXyxxx,YXyxYX,1,,1000,16
ac19x_120720,YYYxyyx,YXyXyxYXyX,1,,1000,15
ac19x_120731,YYYYxxYXXyXyX,YXyxYX,1,,1000,17
ac19x_120739,YYYxYXXXXXX,YXyxYX,1,,1000,15
ac19x_120767,YYYXXXXyyyxYxyx,YXyxYX,1,,1000,17
ac19x_120777,YYYxYYXXyxyXXXX,YXyxYX,1,,1000,18
ac19x_120819,YYYYxYYXXXyyX,YXyxYX,1,,1000,17
ac19x_120854,YYxxyXYXyXYXyX,YXXyxYXXyxx,1,,1000,17
ac19x_120877,YYXyxYXyxYYXyyx,YXXYxyXYx,1,,1000,19
ac19x_120899,YYYYXyxyXXXYXYx,YXyxYX,1,,1000,16
ac19x_120909,YYYYYxyxxyXXXXX,YXyxYX,1,,1000,19
ac19x_120987,YYYxYxYXXYXyyyX,YXyxYX,1,,1000,16
ac19x_120988,YYYYxxyyXyyXX,YXyxYX,1,,1000,18
ac19x_121021,YYYYYxYXXXyyX,YXyxYX,1,,1000,17
ac19x_121097,YXyXyXyxxxxxx,YXyxYX,1,,1000,18
ac19x_121129,YYxYYxyXyXyXX,YXyxYX,1,,1000,17
ac19x_121135,YYYxYxxyXXyXX,YXyxYX,1,,1000,17
ac19x_121137,YYYxyXYx,YYXYXyxxYXyyx,1,,1000,16
ac19x_121168,YYYxyXyXXXYYx,YXyxYX,1,,1000,17
ac19x_121289,YYxxxxYXXYXyyXX,YXyxYX,1,,1000,16
ac19x_121314,YYxYYxxyXyXyx,YXyXyXXyx,1,,1000,16
ac19x_121358,YYxxYxYXyXXyX,YXyxYX,1,,1000,16
ac19x_121480,YYYYxyxxyXXXXYX,YXyxYX,1,,1000,18
ac19x_121514,YYXYYXXXXXXXYYx,YXyxYX,1,,1000,19
ac19x_121519,YYXyxyx,YXYXXXXyx,1,,1000,15
ac19x_121546,YYYxxxyyXyXyX,YXyxYX,1,,1000,16
ac19x_121550,YYxxYXXyyXXYx,YXyxYX,1,,1000,16
ac19x_121596,YYYYYYXyyXXYXyX,YXyxYX,1,,1000,17
ac19x_121621,YYYYXXyyXyyxxyx,YXyxYX,1,,1000,19
ac19x_121639,YYXXyyXyxxxxx,YXyxYX,1,,1000,18
ac19x_121880,YYxYYxyXXyXYX,YXyxYX,1,,1000,16
ac19x_121925,YYYYXYxxyyXXXYX,YXyxYX,1,,1000,18
ac19x_121947,YYYYxyxYYXXyXXX,YXyxYX,1,,1000,18
ac19x_121960,YYYYXXXyXXYYX,YXyxYX,1,,1000,16
ac19x_122037,YYXyxyXXXXYxYYx,YXyxYX,1,,1000,17
ac19x_122134,YYYYxYXXXXXXX,YXyxYX,1,,1000,18
ac19x_122147,YYYYXyyXyXYYx,YXyxYX,1,,1000,16
ac19x_122236,YYYxyxYXXXXXYYX,YXyxYX,1,,1000,16
ac19x_122251,YYYXYxyX,YYXYYxYYXyXyyxyyx,1,,1000,19
ac19x_122306,YYYXXyXXXYxYx,YXyxYX,1,,1000,17
ac19x_122307,YYYYxxyxYXXyXXX,YXyxYX,1,,1000,18
ac19x_122369,YXyXXXyxxxxxx,YXyxYX,1,,1000,17
ac19x_122413,YYYxxYxyXXyXX,YXyxYX,1,,1000,18
ac19x_122487,YYYxYYxyXXXXX,YXyxYX,1,,1000,17
ac19x_122494,YYYxxYXyyyXyX,YXyxYX,1,,1000,16
ac19x_122502,YYYYXXXyXyxxx,YXyxYX,1,,1000,16
ac19x_122676,YYYXXXyxyXXXYYx,YXyxYX,1,,1000,18
ac19x_122741,YYYxxxxyXYXXXyX,YXyxYX,1,,1000,17
ac19x_122754,YYYYXyyXyyyxx,YXyxYX,1,,1000,18
ac19x_122776,YXXXXXXYxxxYx,YXyxYX,1,,1000,16
ac19x_122816,YYXyyxYYXyyxYx,YYxxYYxyx,1,,1000,18
ac19x_122905,YYxYxYXXyyXXX,YXyxYX,1,,1000,17
ac19x_122976,YXyXXXXXYxxYx,YXyxYX,1,,1000,17
ac19x_123046,YYYYXyXXXXXYxYX,YXyxYX,1,,1000,17
ac19x_123062,YYYxxyXyyXXYX,YXyxYX,1,,1000,16
ac19x_123110,YYYxxyxYXXyXyXX,YXyxYX,1,,1000,17
ac19x_123142,YYYXYxyX,YYXYXYxYXYxxyyXYX,1,,1000,17
ac19x_123282,YYYYXYYYxyxyyXXYX,YYYXYxyX,1,,1000,19
ac19x_123362,YYYYXXyyyyxxx,YXyxYX,1,,1000,18
ac19x_123415,YYXYYXyXYxyXX,YXYXyxYXX,1,,1000,16
ac19x_123439,YYYYxxyxYXyXXXX,YXyxYX,1,,1000,17
ac19x_123542,YYYXYxyX,YYYXyyxYxyxyyXX,1,,1000,18
ac19x_123576,YYXyyXyXXYYxxyx,YXyxYX,1,,1000,17
ac19x_123733,YYYXYxyX,YXyXYXyxYxx,1,,1000,17
ac19x_123754,YYXYXyxYXyXyX,YXyXYXXX,1,,1000,14
ac19x_123787,YYxxyXYXXyyxyxx,YXyxYX,1,,1000,16
ac19x_123922,YYxyxxyXyxxyXYXX,YXYXXYxyX,1,,1000,12
ac19x_124197,YYxyXXXXXYxYxyx,YXyxYX,1,,1000,16
ac19x_124229,YYYYXyXXyyxxx,YXyxYX,1,,1000,17
ac19x_124388,YYYXYxyX,YYxyxyXyXYXYxYX,1,,1000,17
ac19x_124532,YYYxYxyXXXYXX,YXyxYX,1,,1000,17
ac19x_124553,YYYYxyxYYXXyyXX,YXyxYX,1,,1000,17
ac19x_124555,YXXyxYXXyxx,YXyXYXXX,1,,1000,14
ac19x_124605,YYYxxYYXXyXXX,YXyxYX,1,,1000,17
ac19x_124633,YYYxxxYxyxYXyx,YXyXyXXyx,1,,1000,16
ac19x_124670,YYXYYxYYXXXXXYX,YXyxYX,1,,1000,19
ac19x_124709,YYYYxYxyyyXYXyX,YXyxYX,1,,1000,17
ac19x_124732,YYYYXYYXXyxxYYX,YYYXYxyX,1,,1000,18
ac19x_124769,YYYxyXyXYxxYxxxx,YXyxYxYxx,1,,1000,16
ac19x_124848,YYYxYXYXYXyxxYX,YYXYxYXYYxYX,1,,1000,18
ac19x_124897,YYxyxxxyXYXyxxxyXXX,YXYXyxYXX,1,,1000,17
ac19x_124931,YYYxyyXXXXYxx,YXyxYX,1,,1000,16
ac19x_124962,YYXXyXyyxxxxx,YXyxYX,1,,1000,17
ac19x_125036,YYYxyyXyXXXYx,YXyxYX,1,,1000,17
ac19x_125173,YYYYxxxyyyXyX,YXyxYX,1,,1000,17
ac19x_125194,YYYxxxyXyXyXX,YXyxYX,1,,1000,17
ac19x_125248,YYYxxYYXyxyXyXX,YXyxYX,1,,1000,19
ac19x_125369,YYYXYxyX,YYYxYXyXYXYYxYX,1,,1000,17
ac19x_125397,YYxxxyXyXXXYX,YXyxYX,1,,1000,17
ac19x_125409,YYYYXyXyxxYYX,YYYXYxyX,1,,1000,17
ac19x_125417,YYYYxYXXyXXYXyX,YXyxYX,1,,1000,17
ac19x_125434,YYxyXyXyXyxxx,YXyxYX,1,,1000,16
ac19x_125473,YYYYxyxYXXXXXyX,YXyxYX,1,,1000,17
ac19x_125476,YYYXYxyX,YYXyXyyxYXYxx,1,,1000,17
ac19x_125493,YYYYYxxyXXXXX,YXyxYX,1,,1000,19
ac19x_125515,YYYxxxxyXYXXyyX,YXyxYX,1,,1000,14
ac19x_125522,YYYxYXyXXXXYXYxyX,YXyxYX,1,,1000,18
ac19x_125686,YYYxYXyx,YYXyxyXyyXyxxYX,1,,1000,14
ac19x_125729,YYXYxxyXyXyyxxx,YXyxYX,1,,1000,18
ac19x_125742,YYYYYYYXXyxyXXX,YXyxYX,1,,1000,17
ac19x_125784,YYxYxYXXyXXYX,YXyxYX,1,,1000,17
ac19x_125785,YYYxYYXXXXyXX,YXyxYX,1,,1000,19
ac19x_125820,YYXXXyXXyxxxx,YXyxYX,1,,1000,16
ac19x_125984,YYxxYXXXyXXYX,YXyxYX,1,,1000,17
ac19x_125985,YYYXYxyX,YYXYYXYYxYXYXXyxx,1,,1000,18
ac19x_126014,YYYxyXyXyXYYx,YXyxYX,1,,1000,16
ac19x_126069,YYYXXyxyxxyXYxyyx,YXYXXYxyX,1,,1000,17
ac19x_126098,YYXXXXyyxxyxYxx,YXyxYX,1,,1000,19
ac19x_126174,YYYYxyxYXXyyXXX,YXyxYX,1,,1000,17
ac19x_126227,YYYYxyXXyyyxx,YXyxYX,1,,1000,17
ac19x_126239,YYYXYXyxyxYXXXX,YXYXXYxyX,1,,1000,18
ac19x_126266,YYYYYXXXXXXYx,YXyxYX,1,,1000,18
ac19x_126289,YYxyXXyXyxxxx,YXyxYX,1,,1000,17
ac19x_126330,YYxxYxyXXyXXX,YXyxYX,1,,1000,17
ac19x_126392,YYYXXXyxyyXyxxx,YXyxYX,1,,1000,17
ac19x_126427,YYxYYxyXYXyyXyX,YXyxYX,1,,1000,16
ac19x_126442,YYxYxyxYXXyXXYX,YXyxYX,1,,1000,16
ac19x_126470,YYYYXXXyXyyxxyx,YXyxYX,1,,1000,18
ac19x_126591,YYYXYxyX,YYXYxYxYYXyyX,1,,1000,17
ac19x_126596,YYYYYxYXyxyXXXX,YXyxYX,1,,1000,19
ac19x_126604,YYYYYXyyXXXYx,YXyxYX,1,,1000,18
ac19x_126613,YYYXXXyyxyx,YXyXYXXX,1,,1000,14
ac19x_126666,YYYxxYXXyyyXX,YXyxYX,1,,1000,18
ac19x_126748,YYxYxYXyXyXyX,YXyxYX,1,,1000,16
ac19x_126831,YYYXYxxyyyXXXYx,YXyxYX,1,,1000,18
ac19x_126843,YYYxxxyyXYXyXYX,YXyxYX,1,,1000,17
ac19x_126864,YYYYxYXyxyyyXXX,YXyxYX,1,,1000,18
ac19x_126876,YYXXyyXXXYYxxyx,YXyxYX,1,,1000,17
ac19x_127095,YYXXyxYXXYXyxyxx,YXYXXYxyX,1,,1000,16
ac19x_127102,YYYXXXXXXXYYxyx,YXyxYX,1,,1000,18
ac19x_127151,YXXyxYXXXYXXyxx,YXyXYXXX,1,,1000,14
ac19x_127221,YYYXyxyXXXXYYxx,YXyxYX,1,,1000,18
ac19x_127251,YYYYxyxyXXYxYYx,YYYxYXyx,1,,1000,14
ac19x_127255,YYYYXYYYxyXXyXX,YXyxYX,1,,1000,19
ac19x_127303,YYYYXyyXXXXYxYX,YXyxYX,1,,1000,17
ac19x_127368,YYYxxYXyyXXXX,YXyxYX,1,,1000,18
ac19x_127430,YYYYXXXXXXXYxYX,YXyxYX,1,,1000,17
ac19x_127492,YYxYYxYXyyXXX,YXyxYX,1,,1000,18
ac19x_127625,YXyXYXyxx,YXyxYXXyXyx,1,,1000,13
ac19x_127647,YYYYXXXyXyxxxyx,YXyxYX,1,,1000,18
ac19x_127700,YYXyyXYxyxxyx,YXYXXYxyX,1,,1000,16
ac19x_127782,YYXYYxYXyXyXX,YXyxYX,1,,1000,16
ac19x_127812,YYYxxxyxYXyXXXX,YXyxYX,1,,1000,18
ac19x_127929,YYYYxxyXyXXXX,YXyxYX,1,,1000,17
ac19x_127967,YYYxYxyyXXXYX,YXyxYX,1,,1000,17
ac19x_128014,YYYXyxyyXXXXYYx,YXyxYX,1,,1000,18
ac19x_128045,YYxYXXyXXYXYx,YXyxYX,1,,1000,16
ac19x_128080,YYYYXXXyyyxYx,YXyxYX,1,,1000,14
ac19x_128135,YYYxxyyXXXYXXYX,YXyxYX,1,,1000,17
ac19x_128155,YYxxyXyxyxxyXYXX,YXYXXYxyX,1,,1000,17
ac19x_128156,YYYYXYxyyXyXXYx,YXyxYX,1,,1000,16
ac19x_128192,YYxYxYxyXXXXX,YXyxYX,1,,1000,17
ac19x_128364,YXXyXXyxxxxYxyX,YXyxYX,1,,1000,16
ac19x_128498,YXYxYxYXyxyXyXX,YXyxYX,1,,1000,14
ac19x_128557,YYYYYXXyXXYXXYX,YXyxYX,1,,1000,19
ac19x_128561,YYYYxxyyxyyyX,YYYXYYXyyyX,1,,1000,16
ac19x_128569,YYYXYxyX,YYXYYXyxYXXyxYx,1,,1000,17
ac19x_128641,YYYXyyyXXXYYxyx,YXyxYX,1,,1000,17
ac19x_128648,YYYxxyxYYXXXXXX,YXyxYX,1,,1000,17
ac19x_128665,YYYXXyXyyyxxx,YXyxYX,1,,1000,18
ac19x_128691,YYYXXyXYxyxyxxyyx,YXYXXYxyX,1,,1000,17
ac19x_128745,YYYYYXXXXXXYXYxyX,YXyxYX,1,,1000,17
ac19x_128766,YYYxyXXXXXYxx,YXyxYX,1,,1000,16
ac19x_128819,YYYXYxyX,YYYXyxYYXyXyxxYYX,1,,1000,19
ac19x_128858,YYxxYxxxxYxxYxYxYx,YXyxYxYxx,1,,1000,16
ac19x_128918,YYxxxxxYXYxxYxx,YXyxYxYxx,1,,1000,17
ac19x_128971,YYYxyyxyXXyXXYx,YXyxYX,1,,1000,17
ac19x_129111,YYYxYXXXXXXYxyXYX,YXyxYX,1,,1000,18
ac19x_129140,YYYxxyxYxyXyXXX,YXyxYX,1,,1000,18
ac19x_129143,YYXyXXYXXXXYYxx,YXyxYX,1,,1000,19
ac19x_129269,YYYYYXXXXyXYX,YXyxYX,1,,1000,16
ac19x_129306,YYXXyxyxyxyxxxyx,YXYXXYxyX,1,,1000,17
ac19x_129313,YYXXXyxxxyXXYXYxyx,YXYXXYxyX,1,,1000,17
ac19x_129428,YYYYxYxyXXyyX,YXyxYX,1,,1000,17
ac19x_129509,YYxYYxyxxyXXXyX,YXyxYX,1,,1000,17
ac19x_129587,YXyXYXyXXyxxxxx,YXyxYX,1,,1000,16
ac19x_129630,YYYxYxxyyXXyX,YXyxYX,1,,1000,17
ac19x_129660,YYxxYxyXXXYXXXX,YXyxYX,1,,1000,18
ac19x_129710,YYYXXXXyxyyxyxx,YXyxYX,1,,1000,17
ac19x_129731,YYxYXyxyXXXXYxx,YXyxYX,1,,1000,16
ac19x_129795,YYXyXyxYXyyXXyyX,YXyxYxYxx,1,,1000,16
ac19x_129848,YYYYXXXyyxyxxyx,YXyxYX,1,,1000,17
ac19x_129856,YYxyxYXXyXXXXYx,YXyxYX,1,,1000,17
ac19x_129919,YXXyXyXyxxYxx,YXyxYX,1,,1000,16
ac19x_129998,YYYxxxyXyXXyX,YXyxYX,1,,1000,17
ac19x_130008,YYYYXyyXyXXYx,YXyxYX,1,,1000,17
ac19x_130010,YYXYxxYYXyXXX,YXyxYX,1,,1000,13
ac19x_130063,YYYYXYYxyxxyXXyXX,YXyxYX,1,,1000,19
ac19x_130098,YYYYXXXXyXYYx,YXyxYX,1,,1000,16
ac19x_130163,YYYXXXyxxxyxyyx,YXYXXYxyX,1,,1000,17
ac19x_130174,YYXyXyXYXYYxx,YXyxYX,1,,1000,15
ac19x_130199,YYYYYXyXyxYxYXYYX,YYYXYxyX,1,,1000,17
ac19x_130326,YYXyyXyyxxYYx,YXyxYX,1,,1000,17
ac19x_130512,YYXYxyXXyyXyxxx,YXyxYX,1,,1000,17
ac19x_130514,YYXXXyXYxyxyx,YXyXYXXX,1,,1000,14
ac19x_130928,YYYYXXyXyyyxx,YXyxYX,1,,1000,18
ac19x_130998,YYXYYxyxYXXXyXX,YXyxYX,1,,1000,16
ac19x_131028,YXyXXYxxYxxYxxYxyx,YXyxYxYxx,1,,1000,18
ac19x_131052,YYYYYYXYYXXyxyXXX,YXyxYX,1,,1000,19
ac19x_131106,YYYYXyxYX,YXYxYXYxYXYxYXyxyX,1,,1000,2
ac19x_131312,YYxxxxyXXXyXX,YXyxYX,1,,1000,17
ac19x_131443,YYxxyxYXyXXyX,YXyXYXXX,1,,1000,14
ac19x_131450,YYxYXyXyXyyxxyx,YXyxYX,1,,1000,19
ac19x_131515,YYYXyyXYYXX,YXYXXYxyX,1,,1000,18
ac19x_131530,YYYYXyyyXXYYx,YXyxYX,1,,1000,18
ac19x_131594,YYYYYxyXXXyXX,YXyxYX,1,,1000,19
ac19x_131595,YYYXYxyX,YXYxYXYxxyXXXyx,1,,1000,17
ac19x_131605,YYYXXyXyyyxYxyx,YXyxYX,1,,1000,18
ac19x_131647,YYXXyxyXyXXYYxx,YXyxYX,1,,1000,16
ac19x_131649,YYYYYYxyXyyyX,YXyxYX,1,,1000,17
ac19x_131671,YYYYYYxyXyXyX,YXyxYX,1,,1000,18
ac19x_131694,YYYXXyXYxyXYX,YXYXyxYXX,1,,1000,17
ac19x_131708,YYXXyyxyXyxxxxx,YXyxYX,1,,1000,17
ac19x_131775,YYYXyXXyyxxxxyxyx,YXyxYX,1,,1000,19
ac19x_131792,YYYxYYXXyxyXXYX,YXyxYX,1,,1000,17
ac19x_131804,YXYXXXXyx,YXYXXXyXYXXXX,1,,1000,15
ac19x_131805,YYxxYXyXXXXYX,YXyxYX,1,,1000,17
ac19x_131854,YYYxyxYYXXyXXYX,YXyxYX,1,,1000,17
ac19x_131894,YYYxxYXXXXyyX,YXyxYX,1,,1000,17
ac19x_132015,YYXyXXXXYxxYx,YXyxYX,1,,1000,17
ac19x_132050,YYXXXXYXXXXYYxx,YXyxYX,1,,1000,19
ac19x_132107,YYXYxyXXyXyxxxx,YXyxYX,1,,1000,17
ac19x_132113,YYYXyxyXyXXyx,YXyxYxYxx,1,,1000,16
ac19x_132132,YYYYYxyxYXXXXyX,YXyxYX,1,,1000,17
ac19x_132193,YYxYxyxYXyXXyXX,YXyxYX,1,,1000,18
ac19x_132233,YYxYxyXXyXX,YXXyXXyXYxxYxx,1,,1000,17
ac19x_132268,YYXYxyXyyXyyxxx,YXyxYX,1,,1000,17
ac19x_132296,YYYxYYXXXyXXX,YXyxYX,1,,1000,18
ac19x_132355,YYXyxYXXyx,YXyxYXXYxyXyx,1,,1000,19
ac19x_132380,YYXXXYXyyxxYxyX,YXYXyxYXX,1,,1000,17
ac19x_132428,YYXXyyXyyxYxxyx,YXyxYX,1,,1000,17
ac19x_132503,YYXXXXyyxxYxx,YXyxYX,1,,1000,17
ac19x_132629,YYYxxyxxYXXXXXX,YXyxYX,1,,1000,18
ac19x_132772,YYXYxYYxyXXXX,YXyxYX,1,,1000,16
ac19x_133019,YYYxyxYYXyXXXXX,YXyxYX,1,,1000,17
ac19x_133020,YYXyyXyyxxxxxyxyx,YXyxYX,1,,1000,19
ac19x_133051,YXXYxxyxx,YXyxYxYxx,1,,1000,17
ac19x_133076,YYXyxYXyxYx,YYxyXyxyX,1,,1000,11
ac19x_133140,YYXXYXyyxxyxxyx,YXYXXYxyX,1,,1000,12
ac19x_133183,YYxYYxYXXXXXX,YXyxYX,1,,1000,18
ac19x_133184,YYXyXXyXyXyxyX,YXyXyXXyx,1,,1000,16
ac19x_133187,YYYXXXyyXXYYxyx,YXyxYX,1,,1000,15
ac19x_133203,YYYXXXXyXYYYx,YXyxYX,1,,1000,18
ac19x_133208,YYxYYxyxYXyXXXX,YXyxYX,1,,1000,17
ac19x_133292,YYYYYxxyyXXXX,YXyxYX,1,,1000,19
ac19x_133293,YYxYYxyxYXyyXXX,YXyxYX,1,,1000,17
ac19x_133319,YYYXXXyyXyxxx,YXyxYX,1,,1000,17
ac19x_133382,YYYxyxYYXyyyXyX,YXyxYX,1,,1000,14
ac19x_133432,YYXyXyXyxxxxx,YXyxYX,1,,1000,17
ac19x_133439,YYYxYYXXyxyXXyX,YXyxYX,1,,1000,17
ac19x_133586,YYXXXXXyxx,YXYXXXXyx,1,,1000,15
ac19x_133609,YYXXyxxyXYxyX,YXYXyxyxYX,1,,1000,19
ac19x_133615,YYxxyxxyXyXXXYx,YXyxYX,1,,1000,17
ac19x_133683,YYXXXyyxyxYxxyx,YXyxYX,1,,1000,17
ac19x_133710,YYxYYxxyXXyXX,YXyxYX,1,,1000,17
ac19x_133743,YYYYYYXXXXXYXYxyX,YXyxYX,1,,1000,19
ac19x_133771,YYXXyxyXXXYYxxx,YXyxYX,1,,1000,17
ac19x_133773,YYYXyxyXXXXYxxx,YXyxYX,1,,1000,16
ac19x_133830,YYXyyXyyXXYxx,YXyxYxYxx,1,,1000,16
ac19x_133848,YYXyyXyxx,YXXyXYxYx,1,,1000,17
ac19x_133862,YYYxxxyXXXXXX,YXyxYX,1,,1000,17
ac19x_133893,YXyXXyXXYxxYxx,YXyXXyXXyxxYxYxYx,1,,1000,17
ac19x_133895,YYxYYxxxyXX,YXXXYxxxyx,1,,1000,15
ac19x_133975,YYXyyXyyxxxYxYX,YXyxYX,1,,1000,17
ac19x_133977,YYYxYxYXyyXXX,YXyxYX,1,,1000,17
ac19x_134064,YYYYXyXyyyyxx,YXyxYX,1,,1000,17
ac19x_134067,YYYXXyxyyXyxyxx,YXyxYX,1,,1000,17
ac19x_134113,YYYYYYXYYXXXyXX,YXyxYX,1,,1000,18
ac19x_134123,YYXXyXXXYXYYxyx,YXyxYX,1,,1000,17
ac19x_134133,YYxyXXyxYxYXYxxxxx,YXyXyXXyx,1,,1000,17
ac19x_134173,YYXyyXXXXYxxx,YXyxYX,1,,1000,16
ac19x_134329,YYxxxxYXyyXXX,YXyxYX,1,,1000,17
ac19x_134339,YYYYYxyyxyX,YYYxYXyx,1,,1000,14
ac19x_134375,YYYYXXXyyXXYx,YXyxYX,1,,1000,15
ac19x_134382,YXXyXXXXYxxxx,YXyxYX,1,,1000,16
ac19x_134402,YXXyXXXYxYxxx,YXyxYX,1,,1000,16
ac19x_134440,YXYxxxxxYxYXyx,YXyXyXXyx,1,,1000,17
ac19x_134511,YYYxyxYxYXXXXXX,YXyxYX,1,,1000,18
ac19x_134530,YYYxxyxYxx,YXyXyXXyx,1,,1000,16
ac19x_134552,YYYXyyyXyyxxx,YXyxYX,1,,1000,18
ac19x_134553,YYXyyXyyXYxYxxYx,YXyxYxYxx,1,,1000,16
ac19x_134586,YYXYxYXYYxYX,YXYXyxyXYXyxyxx,1,,1000,18
ac19x_134674,YYYYxxyyyXYXyyX,YXyxYX,1,,1000,16
ac19x_134750,YYxYYxyXyXXyX,YXyxYX,1,,1000,17
ac19x_134751,YYXXXyXXYXXXX,YXyXYXXX,1,,1000,14
ac19x_134764,YYYXXXXyyxxxyxx,YXyxYX,1,,1000,17
ac19x_134765,YYYxYxyXYXXXyyX,YXyxYX,1,,1000,16
ac19x_134779,YYxxYYxyXXXXX,YXyxYX,1,,1000,17
ac19x_134805,YYXyxYXXyx,YYxyXyxyX,1,,1000,19
ac19x_134867,YYYYYXyyXXXYXYxyX,YXyxYX,1,,1000,17
ac19x_134892,YYxYYxyxYXXyXXX,YXyxYX,1,,1000,17
ac19x_134961,YYXyXXXXYXYYx,YXyxYX,1,,1000,18
ac19x_135040,YYXXXyXYXYYxx,YXyxYX,1,,1000,16
ac19x_135185,YYYXyyXXyyxYxyx,YXyxYX,1,,1000,17
ac19x_135198,YYYxYYXyXXXYXyX,YXyxYX,1,,1000,17
ac19x_135204,YYxYxYXyXyXYX,YXyxYX,1,,1000,16
ac19x_135212,YYYXYxyX,YYXYxxxYXyXYX,1,,1000,17
ac19x_135269,YYXYYXyyxxyXYXXYX,YXYXXYxyX,1,,1000,18
ac19x_135312,YYYxyXXXyyxxx,YXyxYX,1,,1000,17
ac19x_135328,YYYxyxYXXXXXXYx,YXyxYX,1,,1000,18
ac19x_135344,YYxYxyxYXXyyXXX,YXyxYX,1,,1000,19
ac19x_135536,YYYxYxyXYXXXXXX,YXyxYX,1,,1000,17
ac19x_135543,YXXXXyXyxxxxx,YXyxYX,1,,1000,16
ac19x_135577,YYxxyxYXyyXXXYX,YXyxYX,1,,1000,17
ac19x_135583,YYYYxyxYxyXyXXX,YXyxYX,1,,1000,17
ac19x_135652,YYxxYxxyXYXXXyX,YXyxYX,1,,1000,16
ac19x_135671,YYYxxYXXXXyXX,YXyxYX,1,,1000,17
ac19x_135679,YYYxYYXXXYXXXXX,YXyxYX,1,,1000,18
ac19x_135695,YYXXyXyyx,YYxxyXXyX,1,,1000,15
ac19x_135701,YYXXyxyXXXYxYxx,YXyxYX,1,,1000,16
ac19x_135793,YYYYYxyXXXX,YXyxYX,1,,1000,16
ac19x_135807,YYXyyxYxYxYYxxx,YYxxYYxyx,1,,1000,18
ac19x_135831,YYXyXYxyyXYYXYX,YXYXyxYXX,1,,1000,18
ac19x_135958,YYXXXXyyxyxYxyx,YXyxYX,1,,1000,14
ac19x_135962,YXYXyxYXyxYXyxxyx,YXYXyxyxYX,1,,1000,18
ac19x_135986,YYYYxxxyXYXyXyX,YXyxYX,1,,1000,17
ac19x_136037,YYYYYXXyXXXYYXX,YXyxYX,1,,1000,18
ac19x_136097,YYYXYxyX,YYXyyxYXXyxxxYX,1,,1000,18
ac19x_136153,YYYYYXXyXXXYXYxyX,YXyxYX,1,,1000,18
ac19x_136187,YYYxYYXXXXyxyXX,YXyxYX,1,,1000,17
ac19x_136205,YYXXXyxyXyyxYxx,YXyxYX,1,,1000,16
ac19x_136215,YYXXXXXyyxxxx,YXyxYX,1,,1000,18
ac19x_136254,YYxYYxyxYXyXXyX,YXyxYX,1,,1000,17
ac19x_136274,YYYxxYXyXyXXX,YXyxYX,1,,1000,17
ac19x_136318,YYXYxYXYYxYX,YYXyxyxxYXyxyXX,1,,1000,15
ac19x_136385,YYXyxxxyX,YXYXXXXyX,1,,1000,17
ac19x_136413,YXYxyXXXyXyxxxx,YXyxYX,1,,1000,16
ac19x_136495,YYYxxYXXXXYXX,YXyxYX,1,,1000,17
ac19x_136566,YYxYxxYXXyxyXXX,YXyxYX,1,,1000,17
ac19x_136667,YYYxyyx,YYXyxYXyXyx,1,,1000,15
ac19x_136713,YXyXXXXYxYxYx,YXyxYX,1,,1000,17
ac19x_136762,YYXyXXXXYXYxx,YXyxYX,1,,1000,17
ac19x_136825,YYxxyXX,YXYxYXXXYxYx,1,,1000,18
ac19x_136829,YYXYxyXyXyxyxxx,YXyxYX,1,,1000,16
ac19x_136837,YYYYxxxyXYXyyXX,YXyxYX,1,,1000,18
ac19x_136888,YYYxYYXyyyXyX,YXyxYX,1,,1000,16
ac19x_136896,YYxYxxyXyXXYXXX,YXyxYX,1,,1000,19
ac19x_136907,YYYxxxYXXXyyX,YXyxYX,1,,1000,13
ac19x_136915,YYYXXXXXyXYYx,YXyxYX,1,,1000,17
ac19x_136917,YYYYYYXyXyx,YYYXYxyX,1,,1000,17
ac19x_136957,YYYxyxYXXyyXXYX,YXyxYX,1,,1000,16
ac19x_136981,YYYxxxxxYYxyXXyx,YXyXyXXyx,1,,1000,16
ac19x_137107,YYYYXYxYXYXXyxxYX,YYYXYxyX,1,,1000,18
ac19x_137174,YYYxYxYXyxyXXXX,YXyxYX,1,,1000,17
ac19x_137201,YYxxyXYxx,YXyxxYx,1,,1000,15
ac19x_137229,YYYYYxYXXYXyyyX,YXyxYX,1,,1000,17
ac19x_137237,YYXYxYXYYxYX,YXYxyXXXyxxYx,1,,1000,15
ac19x_137288,YYYxxYXyxyXyXXX,YXyxYX,1,,1000,18
ac19x_137397,YYYXXXyyyxxxx,YXyxYX,1,,1000,19
ac19x_137412,YYYXYxyyyXyXYYx,YXyxYX,1,,1000,16
ac19x_137488,YYYYYYXyyXyXX,YXyxYX,1,,1000,17
ac19x_137503,YYYYXYYYXXyxxxYXX,YYYXYxyX,1,,1000,18
ac19x_137648,YYxYXXyxyX,YXYXyxYXX,1,,1000,16
ac19x_137692,YYYYXYxYYXXXyXX,YXyxYX,1,,1000,19
ac19x_137713,YYxYxYxyXyXyX,YXyxYX,1,,1000,16
ac19x_137748,YYxYYxyXyXyxx,YXyxYxYxx,1,,1000,16
ac19x_137769,YXYxxyXyXyXyxxx,YXyxYX,1,,1000,16
ac19x_137943,YYxyxYXXXXXXYxx,YXyxYX,1,,1000,16
ac19x_138090,YYYxYYXYXYXXXXXXX,YXyxYX,1,,1000,18
ac19x_138116,YYYYYXYxyyyXyXX,YXyxYX,1,,1000,18
ac19x_138127,YYXyxyX,YYxxxxxyx,1,,1000,15
ac19x_138152,YXYxYxYxyXXXX,YXyxYX,1,,1000,17
ac19x_138176,YYYYYxxyXyXXX,YXyxYX,1,,1000,17
ac19x_138224,YYYXXyyXyyxYxyx,YXyxYX,1,,1000,17
ac19x_138260,YYxxxxyXyXXYX,YXyxYX,1,,1000,16
ac19x_138475,YYXyXYxyXYxyX,YXYXyxyxYX,1,,1000,18
ac19x_138574,YYYYxxYXyxyXXXX,YXyxYX,1,,1000,17
ac19x_138597,YYYXXXXYxYYxx,YYxxyXX,1,,1000,19
ac19x_138600,YYYYXXyXyXXYx,YXyxYX,1,,1000,16
ac19x_138646,YYXXyXyyxxYYx,YXyxYX,1,,1000,17
ac19x_138815,YYYXYYxyxYXXXXX,YXyxYX,1,,1000,16
ac19x_138832,YYxYXyXXXXXYxYX,YXyxYX,1,,1000,18
ac19x_138899,YYYYxYYXXyxyXyX,YXyxYX,1,,1000,17
ac19x_138934,YYYYxyxyXXyxyXYYX,YYYXYxyX,1,,1000,17
ac19x_138987,YYXXXyXXXYxxx,YXyxYX,1,,1000,16
ac19x_138989,YYYxyxxyXXXXYYX,YXyxYX,1,,1000,17
ac19x_139189,YYYXYxyX,YYxYxYXyXYX,1,,1000,17
ac19x_139334,YYXYxyxyXYxyXYxyX,YXYXyxyxYX,1,,1000,18
ac19x_139357,YYXXyxyXXXXYYxx,YXyxYX,1,,1000,17
ac19x_139415,YYYxyyxyxYXYXyXX,YXYXyxYXX,1,,1000,17
ac19x_139431,YYYxxyxYXXXyXyX,YXyxYX,1,,1000,16
ac19x_139440,YYYXyxyXXXyXYYx,YXyxYX,1,,1000,17
ac19x_139468,YYXyXyyXXYYxxyx,YXyxYX,1,,1000,16
ac19x_139591,YYYYXyXyxYxYXyxYX,YYYXYxyX,1,,1000,17
ac19x_139648,YYYxxYXXXyxyXXX,YXyxYX,1,,1000,17
ac19x_139681,YYYxYxYXyxyXyXX,YXyxYX,1,,1000,17
ac19x_139685,YYXYxxxxYXX,YXXyxYx,1,,1000,15
ac19x_139736,YYYXYxyX,YYXyxyXYxYYxYXX,1,,1000,17
ac19x_139774,YXYxxyXXyXyxxxx,YXyxYX,1,,1000,17
ac19x_139813,YYYYxxyXXYXYYXYYX,YYYXYxyX,1,,1000,18
ac19x_139826,YYXYxxxxyXyXyXX,YXyxYX,1,,1000,19
ac19x_139830,YYXyyXXXYYxxx,YXyxYX,1,,1000,18
ac19x_139849,YYYxYXXXXXYXX,YXyxYX,1,,1000,17
ac19x_139881,YYYXYxyX,YYXYYxYYXyyXYYXYx,1,,1000,19
ac19x_139933,YYYXYxyX,YYXYXYXyxxxYX,1,,1000,18
ac19x_139983,YYYYXXyXXYXYx,YXyxYX,1,,1000,16
ac19x_140051,YYYxxYXXXyyXX,YXyxYX,1,,1000,18
ac19x_140092,YYYxYxxYXX,YXXyxYx,1,,1000,15
ac19x_140247,YYYXXyyXyxxxx,YXyxYX,1,,1000,17
ac19x_140254,YYYxxYXyXXXyX,YXyxYX,1,,1000,17
ac19x_140267,YYYXYxyX,YYYXyxxxyyXXYYX,1,,1000,17
ac19x_140465,YYXYYxxYXXXXX,YXyxYX,1,,1000,17
ac19x_140502,YYxxyxyxYXXyxxxyXXX,YXYXyxYXX,1,,1000,17
ac19x_140617,YYxYxYXXyxyXXYX,YXyxYX,1,,1000,16
ac19x_140620,YYYXYxyXXyyyxxx,YXyxYX,1,,1000,18
ac19x_140635,YYYYYYYXyxyyXXX,YXyxYX,1,,1000,17
ac19x_140641,YYYXyXXXyyxxx,YXyxYX,1,,1000,17
ac19x_140644,YYxYxxYXXXXyX,YXyxYX,1,,1000,17
ac19x_140741,YYxxYXyyXXXYX,YXyxYX,1,,1000,17
ac19x_140754,YYYXXyXyXYYYx,YXyxYX,1,,1000,17
ac19x_140777,YYxxYXXXXyXYX,YXyxYX,1,,1000,16
ac19x_140878,YYxYXyyXyxyxx,YXyxYX,1,,1000,14
ac19x_140882,YYYXYxyX,YYXXyxyXyxyxx,1,,1000,17
ac19x_140916,YYYxyXYx,YYXyyxyxyXXYx,1,,1000,17
ac19x_140921,YYxxxxyXyXyXX,YXyxYX,1,,1000,17
ac19x_140925,YYYxYxxYxyXXyXyyx,YXyXyXXyx,1,,1000,16
ac19x_140936,YYxxxxYXyyXYXyX,YXyxYX,1,,1000,16
ac19x_141075,YYYxYXyXXXXYx,YXyxYX,1,,1000,18
ac19x_141098,YYXYYXXXYXXX,YXYXyxYXX,1,,1000,16
ac19x_141112,YYxxYYxyXXyXX,YXyxYX,1,,1000,17
ac19x_141133,YYXyyXXXyxxYxyX,YXyxYxYxx,1,,1000,16
ac19x_141161,YXYXXYxyX,YXYXyxYxYXXYXyX,1,,1000,16
ac19x_141227,YYYxxxyXXyyXX,YXyxYX,1,,1000,16
ac19x_141322,YYYYxYXyXYXXXXX,YXyxYX,1,,1000,18
ac19x_141364,YYYYYxYXX,YXyXYxx,1,,1000,16
ac19x_141407,YYxyXXXXyxxxx,YXyxYX,1,,1000,16
ac19x_141422,YYxYxYXXXyXYX,YXyxYX,1,,1000,16
ac19x_141431,YYYxYXYxxyyXyyX,YXyxYX,1,,1000,16
ac19x_141462,YYxYXyyXyxYxxYYxx,YXyxYxYxx,1,,1000,16
ac19x_141475,YYYYYXXXXXYXX,YXyxYX,1,,1000,16
ac19x_141546,YYXXXXXXXYYxxyx,YXyxYX,1,,1000,18
ac19x_141576,YYYxxyxYxyXXXXX,YXyxYX,1,,1000,18
ac19x_141696,YXYxyXyXXyxxxxx,YXyxYX,1,,1000,17
ac19x_141738,YYYxyyXyXXYYX,YXyxYX,1,,1000,15
ac19x_141740,YYYYYxyxyxyxyxx,YXXyx,1,,1000,18
ac19x_141779,YYYXXyyXXXYYxyx,YXyxYX,1,,1000,17
ac19x_141832,YYXyxyXXyyxyxYx,YXyxYX,1,,1000,15
ac19x_141852,YYYxyxxyXXXXXYx,YXyxYX,1,,1000,17
ac19x_141864,YYYYxxxyyyXXX,YXyxYX,1,,1000,19
ac19x_141870,YYYXXyXYXYxyX,YXYXyxYXX,1,,1000,18
ac19x_142004,YYYXyXXXXYXYx,YXyxYX,1,,1000,17
ac19x_142010,YYxYxYXXyXyXX,YXyxYX,1,,1000,17
ac19x_142029,YYXyyXyXyxxxx,YXyxYX,1,,1000,17
ac19x_142039,YYXyxyXXXXYYxxx,YXyxYX,1,,1000,17
ac19x_142069,YXYXyxYXX,YXYxyXYXyxxyXyxx,1,,1000,17
ac19x_142077,YYxYXyXXyXXYx,YXyxYX,1,,1000,17
ac19x_142087,YYYxYXXyXXXYX,YXyxYX,1,,1000,17
ac19x_142110,YYXXyxYXXXYXYXyxx,YXYXXYxyX,1,,1000,16
ac19x_142192,YXXXyxxYXyxYXXX,YXyXYXXX,1,,1000,14
ac19x_142251,YYYxYxyxYXXXXyX,YXyxYX,1,,1000,17
ac19x_142254,YYxYYxYXyXXXX,YXyxYX,1,,1000,19
ac19x_142298,YYYxxYXyxyXXXYX,YXyxYX,1,,1000,17
ac19x_142299,YYYYxYXyyyyXX,YXyxYX,1,,1000,18
ac19x_142328,YYXYxyXXXyyxxxx,YXyxYX,1,,1000,17
ac19x_142346,YYYYYYXYxyXyXyX,YXyxYX,1,,1000,18
ac19x_142429,YYYYXYxYxyyXYXX,YYYXYxyX,1,,1000,17
ac19x_142439,YYXXYXyxxyxyXyxx,YXYXyxYXX,1,,1000,17
ac19x_142449,YYxxYxyxxyXyXXX,YXyxYX,1,,1000,18
ac19x_142457,YYYXYxyX,YXYxyxYXXXyxx,1,,1000,18
ac19x_142473,YYXyXXyyxxxxx,YXyxYX,1,,1000,18
ac19x_142490,YYYxYXyyyXXYX,YXyxYX,1,,1000,16
ac19x_142534,YXXYXyXyXyxxxxx,YXyxYX,1,,1000,17
ac19x_142544,YYXYxYYXXXyXX,YXyxYX,1,,1000,15
ac19x_142604,YYXyyXyyxyxxx,YXyxYX,1,,1000,17
ac19x_142632,YYYYYxyxYXyyXXX,YXyxYX,1,,1000,17
ac19x_142698,YYYXyXXyyxyxx,YXyxYX,1,,1000,16
ac19x_142935,YXyXXyXyxxYxx,YXyxYX,1,,1000,15
ac19x_143061,YYYxYYXXXXXYYXX,YXyxYX,1,,1000,18
ac19x_143187,YYYxyXYXYXyXX,YXYXyxYXX,1,,1000,17
ac19x_143247,YYYYxyxYXXXYXXXXX,YXyxYX,1,,1000,18
ac19x_143280,YYYxxxxyXYXyyXX,YXyxYX,1,,1000,18
ac19x_143334,YYxxYXyXXyyxx,YXyxYX,1,,1000,17
ac19x_143462,YYYXyXyXyXYYx,YXyxYX,1,,1000,16
ac19x_143486,YYYXyyXyyxxYx,YXyxYX,1,,1000,16
ac19x_143487,YYXYXyxYXyxYXyx,YXYXyxyxYX,1,,1000,19
ac19x_143584,YYxxYXyXXXXYx,YXyxYX,1,,1000,16
ac19x_143586,YYXXyXXyyxxYx,YXyxYX,1,,1000,17
ac19x_143739,YYYYYxYXXXyXX,YXyxYX,1,,1000,17
ac19x_143828,YYYYxxyxxyXyXXX,YXyxYX,1,,1000,17
ac19x_143838,YYYYYYYXXXXYXyX,YXyxYX,1,,1000,17
ac19x_144002,YYxYYxxxYxyXyx,YXyXyXXyx,1,,1000,16
ac19x_144039,YYxYXXXXXXYxx,YXyxYX,1,,1000,16
ac19x_144076,YYxYxyxYxyXXyXX,YXyxYX,1,,1000,17
ac19x_144151,YYXXyXXXYxYxx,YXyxYX,1,,1000,16
ac19x_144195,YYYXyXyyyxyxx,YXyxYX,1,,1000,17
ac19x_144220,YXXyXXYxYxyXX,YXyXYXXX,1,,1000,14
ac19x_144233,YYYXXyXyXyxxx,YXyxYX,1,,1000,16
ac19x_144238,YYYYXXXyyyxYxyx,YXyxYX,1,,1000,17
ac19x_144278,YYXXYYxyyXXYXX,YXYXXYxyX,1,,1000,16
ac19x_144501,YYXXyxyXXyXYYxx,YXyxYX,1,,1000,16
ac19x_144529,YXYXyxYXX,YXYXyxyXyxxx,1,,1000,17
ac19x_144547,YYYYYYxyyyyXX,YXyxYX,1,,1000,18
ac19x_144609,YYYxxYYXyxyXXXX,YXyxYX,1,,1000,17
ac19x_144636,YYYYYXyyXXXYYXX,YXyxYX,1,,1000,17
ac19x_144639,YYYxxyxYXXXXXXX,YXyxYX,1,,1000,17
ac19x_144665,YYxYxyxYXyyXXYX,YXyxYX,1,,1000,16
ac19x_144731,YYXyXXyyxYxxxyx,YXyxYX,1,,1000,17
ac19x_144767,YYXYXyXyyxx,YXXYxxyx,1,,1000,17
ac19x_144776,YYYYxYYXXXyXX,YXyxYX,1,,1000,18
ac19x_144871,YXXYxxxyx,YXyXyXXyx,1,,1000,16
ac19x_144944,YYxxxxyXYXXyyXX,YXyxYX,1,,1000,17
ac19x_145112,YYYYxyXXXXXXYxxyX,YXyxYX,1,,1000,17
ac19x_145208,YYxxxxxyXXyXX,YXyxYX,1,,1000,16
ac19x_145286,YYYxxyxYXyXXYXXXX,YXyxYX,1,,1000,18
ac19x_145296,YYYXyyXXyxxxx,YXyxYX,1,,1000,15
ac19x_145297,YYYxYYxyyXXXX,YXyxYX,1,,1000,18
ac19x_145301,YYXYYXXXYXXXYxyX,YXYXyxYXX,1,,1000,17
ac19x_145384,YYxYxxyXXXXyX,YXyxYX,1,,1000,17
ac19x_145457,YYYXXXyxyXyxyxx,YXyxYX,1,,1000,16
ac19x_145539,YYYYXXyxYxYYXYX,YYYXYxyX,1,,1000,17
ac19x_145556,YYXXXyXXXYYxxyx,YXyxYX,1,,1000,18
ac19x_145693,YYXYxyxxyXXYxyXX,YXYXyxYXX,1,,1000,16
ac19x_145732,YYYXYxyX,YYYxYYXXyyyxyyxYX,1,,1000,19
ac19x_145800,YYXXXXYxyXYXYXYX,YXYXyxYXX,1,,1000,16
ac19x_145816,YYYxxxYXX,YYYxyXYx,1,,1000,17
ac19x_145830,YYYYxYxYYxxyXXYYx,YYYxyXYx,1,,1000,14
ac19x_145859,YYYxxYXXyxyXXXX,YXyxYX,1,,1000,17
ac19x_145870,YYYXyyyXyyxYxyx,YXyxYX,1,,1000,17
ac19x_145891,YYYXYxyX,YYXyxYXYXYXyxYx,1,,1000,17
ac19x_145912,YYYXXyyyXXYYx,YXyxYX,1,,1000,17
ac19x_146056,YYYxxYYXXXXXX,YXyxYX,1,,1000,18
ac19x_146089,YXXyXYxyxxYxYxYxxx,YXyXyXXyx,1,,1000,18
ac19x_146204,YYxYxxYXyXXyxxxYxx,YXyXyXXyx,1,,1000,16
ac19x_146259,YYXyXXyXXYYxxyx,YXyxYX,1,,1000,17
ac19x_146291,YYXYXXXyyX,YXYXXXXyx,1,,1000,15
ac19x_146308,YYxxyXyXyxyxx,YXyxYX,1,,1000,14
ac19x_146342,YYxyxxYXXXyXXYx,YXyxYX,1,,1000,16
ac19x_146352,YYxYXyxyXXyXXYx,YXyxYX,1,,1000,17
ac19x_146403,YYXYxyXyyXyxxYx,YXyxYX,1,,1000,16
ac19x_146416,YYXXXXXXXYYxx,YXyxYX,1,,1000,18
ac19x_146447,YYYYxyxYYXXyXyX,YXyxYX,1,,1000,17
ac19x_146467,YYYXyXyxYXXYX,YXYXXYxyX,1,,1000,18
ac19x_146576,YYXXyXXXYYxxx,YXyxYX,1,,1000,17
ac19x_146581,YYYXXXyXXYYxx,YXyxYX,1,,1000,16
ac19x_146742,YYYxYXXXXXYXYYX,YXyxYX,1,,1000,18
ac19x_146745,YYYxxyXXXXXYxyXYX,YXyxYX,1,,1000,19
ac19x_146805,YXXyXXXYxYxYx,YXyxYX,1,,1000,17
ac19x_146980,YYYXyXXXyxxxx,YXyxYX,1,,1000,16
ac19x_146983,YYYxxYXXXXXYYXX,YXyxYX,1,,1000,17
ac19x_147057,YXXYxyxxx,YXyxYxYxx,1,,1000,16
ac19x_147100,YYxxxyxYxyXXXXX,YXyxYX,1,,1000,18
ac19x_147150,YYXyyXXyXXyyXXyyX,YXyxYxYxx,1,,1000,16
ac19x_147161,YYxxYXXXyxYX,YYxxyXX,1,,1000,16
ac19x_147165,YYYYYxYXyxyXXyX,YXyxYX,1,,1000,18
ac19x_147190,YYYXYxyX,YYXyXyxyXYxYx,1,,1000,17
ac19x_147256,YYYxxxyXXXXYX,YXyxYX,1,,1000,16
ac19x_147319,YYYYxxxyXYXXyyX,YXyxYX,1,,1000,17
ac19x_147341,YYXYxYYXXXXXX,YXyxYX,1,,1000,17
ac19x_147395,YYXYxyyXXyxyxxx,YXyxYX,1,,1000,16
ac19x_147418,YYxYxxYXyyXXX,YXyxYX,1,,1000,18
ac19x_147483,YYYxYXYYXXXXXXX,YXyxYX,1,,1000,18
ac19x_147547,YXyXXXXYxYxYxyx,YXyxYX,1,,1000,17
ac19x_147606,YYXyyXXyyxxYx,YXyxYX,1,,1000,17
ac19x_147619,YYXyXXXXYxYYxyx,YXyxYX,1,,1000,17
ac19x_147628,YYYxxYYXXXyXX,YXyxYX,1,,1000,17
ac19x_147650,YYxxxYXyyXXyX,YXyxYX,1,,1000,16
ac19x_147662,YYYxYxyXYXXYXXXXX,YXyxYX,1,,1000,18
ac19x_147714,YXYXyxYXX,YXXYxxYXXXX,1,,1000,16
ac19x_147715,YYYxxxxyXyXXX,YXyxYX,1,,1000,17
ac19x_147847,YYYXYxyX,YYYXyxxxyyXyyyxyX,1,,1000,19
ac19x_147861,YYYYYXyyXXXYxyXYX,YXyxYX,1,,1000,17
ac19x_148011,YYXXXyxyXXXYYxx,YXyxYX,1,,1000,17
ac19x_148024,YYYxxYXyxyXXXXX,YXyxYX,1,,1000,17
ac19x_148149,YYYxxxYXyxyXXXX,YXyxYX,1,,1000,18
ac19x_148175,YYYxYXXXXYXXX,YXyxYX,1,,1000,16
ac19x_148256,YYYYxyxxYXXXXXX,YXyxYX,1,,1000,17
ac19x_148394,YYxYxyxxYXXXXXX,YXyxYX,1,,1000,17
ac19x_148537,YYYXYxyX,YYxyXyXYXyxYXYx,1,,1000,17
ac19x_148748,YYYXXXXXYXYYx,YXyxYX,1,,1000,18
ac19x_148824,YYYYYYXyxyx,YYYxyXYx,1,,1000,17
ac19x_148825,YYYXYxyXyXyyxxx,YXyxYX,1,,1000,18
ac19x_148857,YYYYXyxyXXXXYxx,YXyxYX,1,,1000,16
ac19x_148972,YYXXXYxxxyyXXYXXYX,YXYXXYxyX,1,,1000,17
ac19x_148974,YYxYxxyXXXXYX,YXyxYX,1,,1000,17
ac19x_148986,YYXYxyyXXyyxxxx,YXyxYX,1,,1000,17
ac19x_148990,YYYXYxyX,YYXyXYXYYxyyxyx,1,,1000,17
ac19x_149004,YYXXyXXXYxYYxyx,YXyxYX,1,,1000,17
ac19x_149011,YYYxxyXyxYXyx,YXyXyXXyx,1,,1000,16
ac19x_149030,YYxYxyXXyXXYx,YXyxYX,1,,1000,17
ac19x_149067,YYYXYxyX,YYxYXYxxYXyyXYX,1,,1000,17
ac19x_149074,YYYYXyxyXyXXYYx,YXyxYX,1,,1000,17
ac19x_149083,YYYxYXXXXXYYX,YXyxYX,1,,1000,16
ac19x_149101,YYYYXyyXyyxxx,YXyxYX,1,,1000,18
ac19x_149155,YYYXYxyX,YYxYxYXYXyxyXYX,1,,1000,17
ac19x_149254,YYXXXYXYXyxyxyxx,YXYXXYxyX,1,,1000,13
ac19x_149352,YYYXYxyX,YYYXyxyxYXYxxyXyXYX,1,,1000,18
ac19x_149376,YYxYXXXXXXXYx,YXyxYX,1,,1000,18
ac19x_149514,YYYXXyyXyXYYx,YXyxYX,1,,1000,16
ac19x_149532,YXXXyxYxYXXXyXX,YXyXYXXX,1,,1000,18
ac19x_149547,YYxYxxyxxyXXXXX,YXyxYX,1,,1000,17
ac19x_149564,YYxYxyXYXyXyyxx,YXyxYX,1,,1000,17
ac19x_149622,YYxYxyxxYXXXXyX,YXyxYX,1,,1000,16
ac19x_149632,YYXXXXyXYXYYx,YXyxYX,1,,1000,16
ac19x_150011,YYYxxYXXXXXYxyXYX,YXyxYX,1,,1000,17
ac19x_150022,YYXXXyXXXYYxx,YXyxYX,1,,1000,17
ac19x_150064,YYYxYXyxyXXYXXX,YXyxYX,1,,1000,17
ac19x_150158,YYYXyxyXXyXYYYx,YXyxYX,1,,1000,17
ac19x_150262,YYXYxYXYYxYX,YYXYxYxYXYX,1,,1000,18
ac19x_150294,YYYxxyXyXXXYX,YXyxYX,1,,1000,17
ac19x_150339,YYYYxYxyXyXXX,YXyxYX,1,,1000,17
ac19x_150387,YYYXYxyX,YYxYXyXyxyXYx,1,,1000,17
ac19x_150445,YYYXYxyX,YYYxYYXXyyxyXYxYX,1,,1000,19
ac19x_150480,YYYYYYxyXXXXX,YXyxYX,1,,1000,18
ac19x_150509,YYxxxyxYXXXyXXX,YXyxYX,1,,1000,18
ac19x_150550,YYxYYxYXyXyXX,YXyxYX,1,,1000,17
ac19x_150602,YYYXyXXyxyyxxYx,YXyxYX,1,,1000,19
ac19x_150695,YYYXyXyXYXYYx,YXyxYX,1,,1000,16
ac19x_150699,YYYXyXYXXXXXYYx,YXyxYX,1,,1000,18
ac19x_150737,YXXyXyXyxxxxx,YXyxYX,1,,1000,17
ac19x_150741,YYxYXXXXyyxxx,YXyxYX,1,,1000,17
ac19x_150846,YYYYYxxyyyXyX,YXyxYX,1,,1000,17
ac19x_150900,YYXYxxyyXyXyxxx,YXyxYX,1,,1000,16
ac19x_150957,YYXXXYXyyxxxYXXYXX,YXYXyxYXX,1,,1000,17
ac19x_150972,YYYYYxYXyxyyXyX,YXyxYX,1,,1000,17
ac19x_151027,YYYYxYXXyXXXX,YXyxYX,1,,1000,19
ac19x_151082,YYYYxYXXXXXYxyXYX,YXyxYX,1,,1000,17
ac19x_151143,YXYxxYxYXyXXX,YXyxYX,1,,1000,16
ac19x_151146,YYXXXXXXYYx,YXyxYX,1,,1000,16
ac19x_151194,YYYYXYYxyxYXyXyXX,YXyxYX,1,,1000,19
ac19x_151202,YYXYxxxYXyXXyXX,YXyxYX,1,,1000,19
ac19x_151338,YYXYYxYXXyxyXXX,YXyxYX,1,,1000,16
ac19x_151360,YYXYxxyyXXyXYYx,YXyxYX,1,,1000,17
ac19x_151368,YYYxxyxYXyyXXXX,YXyxYX,1,,1000,19
ac19x_151399,YYXyXXyXYYxxx,YXyxYX,1,,1000,15
ac19x_151411,YYxYxxyXXyXyX,YXyxYX,1,,1000,16
ac19x_151427,YYYXYxyyXyXyxxx,YXyxYX,1,,1000,16
ac19x_151466,YYXyXXXyXYYxx,YXyxYX,1,,1000,17
ac19x_151503,YYYxyyXYXXyyxxx,YXyxYX,1,,1000,17
ac19x_151507,YYxYYxyXyyXXyXyx,YXyxYxYxx,1,,1000,16
ac19x_151528,YYXYYxyxYXyyXXX,YXyxYX,1,,1000,16
ac19x_151559,YYxYYxyxYXXXyXX,YXyxYX,1,,1000,17
ac19x_151651,YYxYxyxYXyXyXXX,YXyxYX,1,,1000,17
ac19x_151705,YYYXYxyX,YYXXYxxxyXX,1,,1000,18
ac19x_151736,YYxyXXXXXYxxx,YXyxYX,1,,1000,16
ac19x_151743,YYYXXyyXXXYxx,YXyxYX,1,,1000,16
ac19x_151744,YYYYxyXyXXXYXYxyX,YXyxYX,1,,1000,17
ac19x_151787,YYYXYxyX,YYYxYXXyxyXyxyxYX,1,,1000,17
ac19x_151798,YXyXXXXXYxYxx,YXyxYX,1,,1000,17
ac19x_151856,YYYxYxyxxyXXyXX,YXyxYX,1,,1000,17
ac19x_151972,YXXyXyxxxxxYxyX,YXyxYX,1,,1000,17
ac19x_152000,YYYxyXYx,YYXyyXyyxyxYX,1,,1000,17
ac19x_152024,YYYxyyxxyxyxYXyXX,YXYXyxYXX,1,,1000,17
ac19x_152243,YYYYYYXXXyxyyXX,YXyxYX,1,,1000,18
ac19x_152315,YYYxyxxyXyyXXYx,YXyxYX,1,,1000,16
ac19x_152525,YYxxYXXyyXyxx,YXyxYX,1,,1000,16
ac19x_152545,YYxYxYxYxxxxx,YXyxYxYxx,1,,1000,17
ac19x_152602,YYYYXYYxYXXXyXX,YXyxYX,1,,1000,19
ac19x_152636,YYYYYxyxxyXXXyX,YXyxYX,1,,1000,17
ac19x_152648,YYxxyxx,YXyXXXyxxYx,1,,1000,15
ac19x_152660,YYXXXyXyxyxxx,YXyxYX,1,,1000,16
ac19x_152808,YYYYXyyyXYXXXYx,YXyxYX,1,,1000,18
ac19x_152935,YYYYxYXyXXXYXyX,YXyxYX,1,,1000,18
ac19x_153028,YYYXyXyyyxYYxyx,YXyxYX,1,,1000,16
ac19x_153108,YYYxyXyXyyxxx,YXyxYX,1,,1000,18
ac19x_153246,YYXXYYxyyxyxyXYXX,YXYXXYxyX,1,,1000,18
ac19x_153255,YXyXXyXXyXyX,YXyxxYx,1,,1000,14
ac19x_153313,YYXYxYxyXyXXX,YXyxYX,1,,1000,16
ac19x_153359,YYXYxyxYXXXYXXYxyyX,YXYXyxYXX,1,,1000,17
ac19x_153437,YYYXyXyxxyX,YYYxyyx,1,,1000,15
ac19x_153513,YYXYXYYXXXYXyX,YXYXyxYXX,1,,1000,18
ac19x_153521,YYYxxyxYXXXyXXX,YXyxYX,1,,1000,18
ac19x_153547,YYYXYxyX,YYxyXyxyXYxyXyXYx,1,,1000,17
ac19x_153583,YYYXXyXXYXYYx,YXyxYX,1,,1000,17
ac19x_153591,YYYYxYXXXXXYX,YXyxYX,1,,1000,18
ac19x_153609,YYYXYxxyXyXXXYx,YXyxYX,1,,1000,17
ac19x_153621,YYYxYYXyXXyXX,YXyxYX,1,,1000,18
ac19x_153702,YYYYYYYXXyXXX,YXyxYX,1,,1000,19
ac19x_153760,YYYYYXyXXXXYxyXYX,YXyxYX,1,,1000,19
ac19x_153769,YYXYxyXyXyyxYxx,YXyxYX,1,,1000,16
ac19x_153807,YYYXXYXYXyxYXXXX,YXYXXYxyX,1,,1000,18
ac19x_153832,YYYYYXYYxxyXXXYYX,YYYXYxyX,1,,1000,17
ac19x_153841,YYXyyXXyxxxYxYX,YXyxYX,1,,1000,14
ac19x_154000,YYxyxxyxYXyxyXX,YXYXyxYXX,1,,1000,17
ac19x_154050,YYXYxxyXXyXyxxx,YXyxYX,1,,1000,16
ac19x_154056,YYxYxxyXXyXXX,YXyxYX,1,,1000,17
ac19x_154124,YYYxYxyxxyXXXXX,YXyxYX,1,,1000,17
ac19x_154165,YYYxxyyXXXXYXYxyX,YXyxYX,1,,1000,17
ac19x_154184,YYYXYxYXXXXXX,YXyxYX,1,,1000,17
ac19x_154212,YYYxxyxyXyX,YXyXYXXX,1,,1000,14
ac19x_154214,YYYxYXXXXXXXYxxyX,YXyxYX,1,,1000,17
ac19x_154318,YYYXYxyX,YYXYXYXyxYx,1,,1000,16
ac19x_154360,YYYYYYXXXyxyXXX,YXyxYX,1,,1000,17
ac19x_154395,YYYYYXYxxyXyXXX,YXyxYX,1,,1000,19
ac19x_154399,YYYYYxxyXYXXXyX,YXyxYX,1,,1000,18
ac19x_154401,YYYYxyxYXXX,YYYXYxyX,1,,1000,16
ac19x_154410,YXYXyXYXXYxYxyX,YXYXyxYXX,1,,1000,16
ac19x_154530,YYXyxyXXyXXYYxx,YXyxYX,1,,1000,17
ac19x_154562,YXYXyXXYxxyXX,YXXyxYXXyxx,1,,1000,14
ac19x_154599,YYYxxYxYxYxxxyx,YXyXyXXyx,1,,1000,17
ac19x_154639,YYYXYxyX,YYXyXyyxYXYxYXYYx,1,,1000,19
ac19x_154688,YYXXXXyyxxxxx,YXyxYX,1,,1000,18
ac19x_154694,YYYxYXyXXXYYX,YXyxYX,1,,1000,17
ac19x_154701,YYxxyXyxYxYxYx,YXyXyXXyx,1,,1000,16
ac19x_154703,YYXyyXyyxxYYxYX,YXyxYX,1,,1000,17
ac19x_154714,YYYxYXyx,YYxYxxyXX,1,,1000,15
ac19x_154742,YYYYXyxyyXXXXYx,YXyxYX,1,,1000,17
ac19x_154771,YYYxYYXXXXXYXYxyX,YXyxYX,1,,1000,19
ac19x_154861,YYYxxYXyXYXXXXX,YXyxYX,1,,1000,19
ac19x_154862,YYXyxyxYXyXyX,YXyxYxYxx,1,,1000,16
ac19x_154970,YYYYXXXXyyyxx,YXyxYX,1,,1000,17
ac19x_155016,YYYYYxYXXyxyXXX,YXyxYX,1,,1000,17
ac19x_155085,YXYXYXYXXYXyXXYx,YXYXyxYXX,1,,1000,17
ac19x_155116,YYxYxYXyXXXYX,YXyxYX,1,,1000,17
ac19x_155161,YYYXYxyX,YYXyyXyxYYx,1,,1000,17
ac19x_155164,YYYXYxyX,YYYxYXyXyyxyyxYYX,1,,1000,17
ac19x_155179,YYYXyXyyXXYYx,YXyxYX,1,,1000,17
ac19x_155190,YYxxxYXyXXyXX,YXyxYX,1,,1000,17
ac19x_155220,YYYXYxyX,YYYxYxyXXyyxyXYYX,1,,1000,17
ac19x_155319,YYYXXyxyXyyyxYx,YXyxYX,1,,1000,17
ac19x_155333,YYYxYXyXXXXYX,YXyxYX,1,,1000,17
ac19x_155357,YYXXXXXXYxYxx,YXyxYX,1,,1000,17
ac19x_155415,YYYxYxYXyXyyX,YXyxYX,1,,1000,16
ac19x_155443,YYYYXYxxyXXXyXX,YXyxYX,1,,1000,19
ac19x_155452,YYYYxxyyyXXYX,YXyxYX,1,,1000,17
ac19x_155464,YYYxxxxyXYXyXyX,YXyxYX,1,,1000,16
ac19x_155477,YXXXyXyxxxxxx,YXyxYX,1,,1000,17
ac19x_155504,YYYXXyXYYXXYXX,YXYXyxYXX,1,,1000,18
ac19x_155505,YYXYYxxxyXXXX,YXyxYX,1,,1000,14
ac19x_155579,YYYYYXXyxyXXXYx,YXyxYX,1,,1000,17
ac19x_155701,YYYYXXyXXXXYx,YXyxYX,1,,1000,17
ac19x_155702,YYxxYxyxYXXXyXX,YXyxYX,1,,1000,17
ac19x_155791,YYxyXYXXXyXyxxx,YXyxYX,1,,1000,15
ac19x_155997,YXXyXyxxxYxYxyX,YXyxYX,1,,1000,16
ac19x_156036,YXYxxyXyXXyxxxx,YXyxYX,1,,1000,16
ac19x_156248,YXyXyXXYxYxYxyx,YXyxYX,1,,1000,15
ac19x_156288,YYXyyXXyxyxxx,YXyxYX,1,,1000,16
ac19x_156303,YYYYXYYxYXyxyXyXX,YXyxYX,1,,1000,18
ac19x_156323,YXyXXXXYxxxYxyx,YXyxYX,1,,1000,14
ac19x_156519,YYYYxyxYXyXXXXX,YXyxYX,1,,1000,19
ac19x_156601,YYXXyXXXYYxYx,YXyxYX,1,,1000,17
ac19x_156623,YYYxYXyxyXXXYYX,YXyxYX,1,,1000,17
ac19x_156659,YYYYxYxyXYXXXyX,YXyxYX,1,,1000,17
ac19x_156670,YYxYxyxxyXyXXYX,YXyxYX,1,,1000,16
ac19x_156722,YYXYxxyXYXYXXXYxyyX,YXYXyxYXX,1,,1000,18
ac19x_156739,YXyXyXXyxxxxx,YXyxYX,1,,1000,17
