orbit_id,kind,source_side,rep_r1,rep_r2,mu,n_parents,L,K,MK,S,xyimb
orb_0000,seed,solved,X,YYXyx,6,14,6.0,2.0,2.0,1.0,0.0
orb_0001,moved_cov,solved,X,YYXXyx,7,1,7.0,2.0,2.0,1.3333333333333333,0.14285714285714285
orb_0002,seed,solved,X,YYYXyyx,8,9,8.0,2.0,2.0,1.0,0.25
orb_0003,moved_cov,solved,X,YYXYXyyx,9,1,9.0,3.0,3.0,1.0,0.1111111111111111
orb_0004,moved_cov,solved,X,YYXYxyyX,9,1,9.0,3.0,3.0,1.0,0.1111111111111111
orb_0005,moved_cov,solved,X,YYXYxyyx,9,1,9.0,3.0,3.0,1.0,0.1111111111111111
orb_0006,moved_cov,solved,X,YYYXXyyx,9,1,9.0,2.0,2.0,1.3333333333333333,0.1111111111111111
orb_0007,moved_cov,solved,X,YYYXyXyx,9,3,9.0,3.0,3.0,1.0,0.1111111111111111
orb_0008,moved_cov,solved,X,YYYXyxyX,9,1,9.0,3.0,3.0,1.0,0.1111111111111111
orb_0009,moved_cov,solved,X,YYXYXyXyx,10,1,10.0,4.0,4.0,1.0,0.0
orb_0010,moved_cov,solved,X,YYXyxYXyx,10,4,10.0,4.0,4.0,1.0,0.0
orb_0011,seed,solved,X,YYYYXyyyx,10,7,10.0,2.0,2.0,1.0,0.4
orb_0012,seed,solved,YYXyX,YXXyx,10,11,10.0,4.0,2.0,1.25,0.0
orb_0013,seed,solved,YYXyx,YXXyx,10,11,10.0,4.0,2.0,1.25,0.0
orb_0014,moved_cov,solved,X,YYYXYxyyyX,11,1,11.0,3.0,3.0,1.0,0.2727272727272727
orb_0015,moved_cov,solved,X,YYYXYxyyyx,11,1,11.0,3.0,3.0,1.0,0.2727272727272727
orb_0016,moved_cov,solved,X,YYYXyyXyyx,11,1,11.0,3.0,3.0,1.0,0.2727272727272727
orb_0017,moved_cov,solved,X,YYYYXyxyyX,11,2,11.0,3.0,3.0,1.0,0.2727272727272727
orb_0018,moved_cov,solved,X,YYYYXyxyyx,11,2,11.0,3.0,3.0,1.0,0.2727272727272727
orb_0019,moved_cov,solved,YX,YYXXyXYxx,11,1,11.0,4.0,3.0,1.25,0.09090909090909091
orb_0020,moved_cov,solved,YXXYx,YYXXyx,11,3,11.0,4.0,2.0,1.25,0.09090909090909091
orb_0021,seed,solved,YXXyx,YYXXyX,11,3,11.0,4.0,2.0,1.25,0.09090909090909091
orb_0022,seed,solved,YXXyx,YYXXyx,11,3,11.0,4.0,2.0,1.25,0.09090909090909091
orb_0023,seed,solved,YXXyx,YYXyXX,11,13,11.0,4.0,2.0,1.25,0.09090909090909091
orb_0024,seed,solved,YXXyx,YYXyxx,11,14,11.0,4.0,2.0,1.25,0.09090909090909091
orb_0025,moved_cov,solved,YYXXX,YXyXYx,11,1,11.0,4.0,3.0,1.25,0.09090909090909091
orb_0026,moved_cov,solved,X,YYXXyxYXXyx,12,1,12.0,4.0,4.0,1.25,0.16666666666666666
orb_0027,moved_cov,solved,X,YYXyyxYXyyx,12,3,12.0,4.0,4.0,1.0,0.16666666666666666
orb_0028,seed,solved,X,YYYYYXyyyyx,12,3,12.0,2.0,2.0,1.0,0.5
orb_0029,seed,solved,YXXYx,YYYXyyx,12,8,12.0,4.0,2.0,1.25,0.16666666666666666
orb_0030,seed,solved,YXXyx,YYXXXyX,12,3,12.0,4.0,2.0,1.25,0.16666666666666666
orb_0031,seed,solved,YXXyx,YYXXXyx,12,3,12.0,4.0,2.0,1.25,0.16666666666666666
orb_0032,seed,solved,YXXyx,YYXXyXX,12,4,12.0,4.0,2.0,1.25,0.16666666666666666
orb_0033,seed,solved,YXXyx,YYXXyxx,12,3,12.0,4.0,2.0,1.25,0.16666666666666666
orb_0034,seed,solved,YXXyx,YYXyXXX,12,7,12.0,4.0,2.0,1.25,0.16666666666666666
orb_0035,seed,solved,YXXyx,YYXyxxx,12,6,12.0,4.0,2.0,1.25,0.16666666666666666
orb_0036,seed,solved,YXXyx,YYYXyyX,12,4,12.0,4.0,2.0,1.25,0.16666666666666666
orb_0037,seed,solved,YXXyx,YYYXyyx,12,9,12.0,4.0,2.0,1.25,0.16666666666666666
orb_0038,moved_cov,solved,YYXXX,YXXyXYx,12,1,12.0,4.0,3.0,1.25,0.16666666666666666
orb_0039,moved_cov,solved,X,YYXyXyxYYXyx,13,1,13.0,5.0,5.0,1.0,0.07692307692307693
orb_0040,moved_cov,solved,X,YYYYXYxyyyyX,13,1,13.0,3.0,3.0,1.0,0.38461538461538464
orb_0041,moved_cov,solved,X,YYYYXYxyyyyx,13,1,13.0,3.0,3.0,1.0,0.38461538461538464
orb_0042,moved_cov,solved,X,YYYYXyyxyyyX,13,1,13.0,3.0,3.0,1.0,0.38461538461538464
orb_0043,moved_cov,solved,X,YYYYYXyxyyyX,13,2,13.0,3.0,3.0,1.0,0.38461538461538464
orb_0044,moved_cov,solved,X,YYYYYXyyxyyX,13,1,13.0,3.0,3.0,1.0,0.38461538461538464
orb_0045,moved_cov,solved,YXXYx,YYXXXYxx,13,1,13.0,4.0,2.0,1.25,0.23076923076923078
orb_0046,moved_cov,solved,YXXYx,YYXYYXyx,13,1,13.0,5.0,3.0,1.2,0.07692307692307693
orb_0047,moved_cov,solved,YXXYx,YYXYxyyX,13,3,13.0,5.0,3.0,1.2,0.07692307692307693
orb_0048,moved_cov,solved,YXXYx,YYYXXyyx,13,2,13.0,4.0,2.0,1.5,0.07692307692307693
orb_0049,seed,solved,YXXYx,YYYXYxyX,13,3,13.0,5.0,3.0,1.2,0.07692307692307693
orb_0050,moved_cov,solved,YXXYx,YYYYXXyx,13,2,13.0,4.0,2.0,1.5,0.07692307692307693
orb_0051,seed,solved,YXXyx,YYXXXXyX,13,2,13.0,4.0,2.0,1.25,0.23076923076923078
orb_0052,seed,solved,YXXyx,YYXXXXyx,13,1,13.0,4.0,2.0,1.25,0.23076923076923078
orb_0053,seed,solved,YXXyx,YYXXXyXX,13,4,13.0,4.0,2.0,1.25,0.23076923076923078
orb_0054,seed,solved,YXXyx,YYXXXyxx,13,4,13.0,4.0,2.0,1.25,0.23076923076923078
orb_0055,seed,solved,YXXyx,YYXXyXXX,13,1,13.0,4.0,2.0,1.25,0.23076923076923078
orb_0056,seed,solved,YXXyx,YYXXyxxx,13,1,13.0,4.0,2.0,1.25,0.23076923076923078
orb_0057,seed,solved,YXXyx,YYXYXyyX,13,2,13.0,5.0,3.0,1.2,0.07692307692307693
orb_0058,seed,solved,YXXyx,YYXYXyyx,13,2,13.0,5.0,3.0,1.2,0.07692307692307693
orb_0059,seed,solved,YXXyx,YYXYxyyX,13,2,13.0,5.0,3.0,1.2,0.07692307692307693
orb_0060,seed,solved,YXXyx,YYXYxyyx,13,3,13.0,5.0,3.0,1.2,0.07692307692307693
orb_0061,seed,solved,YXXyx,YYXyXXXX,13,2,13.0,4.0,2.0,1.25,0.23076923076923078
orb_0062,seed,solved,YXXyx,YYXyxxxx,13,3,13.0,4.0,2.0,1.25,0.23076923076923078
orb_0063,seed,solved,YXXyx,YYXyyXYX,13,2,13.0,5.0,3.0,1.2,0.07692307692307693
orb_0064,seed,solved,YXXyx,YYXyyXYx,13,3,13.0,5.0,3.0,1.2,0.07692307692307693
orb_0065,seed,solved,YXXyx,YYXyyXyx,13,1,13.0,5.0,3.0,1.2,0.07692307692307693
orb_0066,seed,solved,YXXyx,YYXyyxYx,13,3,13.0,5.0,3.0,1.2,0.07692307692307693
orb_0067,seed,solved,YXXyx,YYYXXyyX,13,1,13.0,4.0,2.0,1.5,0.07692307692307693
orb_0068,seed,solved,YXXyx,YYYXXyyx,13,1,13.0,4.0,2.0,1.5,0.07692307692307693
orb_0069,seed,solved,YXXyx,YYYXyXyX,13,1,13.0,5.0,3.0,1.2,0.07692307692307693
orb_0070,seed,solved,YXXyx,YYYXyXyx,13,1,13.0,5.0,3.0,1.2,0.07692307692307693
orb_0071,seed,solved,YXXyx,YYYXyxyx,13,2,13.0,5.0,3.0,1.2,0.07692307692307693
orb_0072,seed,solved,YXXyx,YYYXyyXX,13,2,13.0,4.0,2.0,1.5,0.07692307692307693
orb_0073,seed,solved,YXXyx,YYYXyyxx,13,5,13.0,4.0,2.0,1.5,0.07692307692307693
orb_0074,seed,unsolved,YXYxyx,YYYYxxx,13,1,13.0,4.0,3.0,1.5,0.07692307692307693
orb_0075,moved_cov,solved,YYXXYx,YXXXYxx,13,2,13.0,4.0,2.0,1.25,0.23076923076923078
orb_0076,moved_cov,solved,YYXXYx,YXXyxYx,13,1,13.0,5.0,3.0,1.2,0.07692307692307693
orb_0077,moved_cov,solved,YYXXYx,YXYXyxx,13,1,13.0,5.0,3.0,1.2,0.07692307692307693
orb_0078,seed,solved,YYXXYx,YYYXyyx,13,6,13.0,4.0,2.0,1.25,0.23076923076923078
orb_0079,moved_cov,solved,YYXXYx,YYYxyXX,13,2,13.0,4.0,2.0,1.5,0.07692307692307693
orb_0080,seed,solved,YYXXYx,YYYxyyX,13,3,13.0,4.0,2.0,1.25,0.23076923076923078
orb_0081,moved_cov,solved,YYXXYx,YYxYXYX,13,1,13.0,5.0,3.0,1.2,0.07692307692307693
orb_0082,moved_cov,solved,YYXXyx,YXXXXYx,13,2,13.0,4.0,2.0,1.25,0.23076923076923078
orb_0083,seed,solved,YYXXyx,YXXXyxx,13,6,13.0,4.0,2.0,1.25,0.23076923076923078
orb_0084,seed,solved,YYXXyx,YXXyxxx,13,3,13.0,4.0,2.0,1.25,0.23076923076923078
orb_0085,moved_cov,solved,YYXXyx,YXYXyxx,13,2,13.0,5.0,3.0,1.2,0.07692307692307693
orb_0086,moved_cov,solved,YYXXyx,YYXyyxx,13,2,13.0,4.0,2.0,1.5,0.07692307692307693
orb_0087,moved_cov,solved,X,YYXyxYXyxYXyx,14,2,14.0,6.0,6.0,1.0,0.0
orb_0088,moved_cov,solved,X,YYYXyyxYYXyyx,14,1,14.0,4.0,4.0,1.0,0.2857142857142857
orb_0089,seed,solved,X,YYYYYYXyyyyyx,14,1,14.0,2.0,2.0,1.0,0.5714285714285714
orb_0090,moved_cov,solved,YXX,YYXyXYYXXyX,14,1,14.0,5.0,4.0,1.4,0.0
orb_0091,moved_cov,solved,YXXYx,YYXYYXXyx,14,1,14.0,5.0,3.0,1.4,0.0
orb_0092,moved_cov,solved,YXXYx,YYXyxYXyx,14,3,14.0,6.0,4.0,1.1666666666666667,0.0
orb_0093,moved_cov,unsolved,YXXYx,YYYYXyyyx,14,1,14.0,4.0,2.0,1.25,0.2857142857142857
orb_0094,moved_cov,solved,YXXyx,YYXXXXXyX,14,1,14.0,4.0,2.0,1.25,0.2857142857142857
orb_0095,moved_cov,solved,YXXyx,YYXXXXyXX,14,1,14.0,4.0,2.0,1.25,0.2857142857142857
orb_0096,moved_cov,solved,YXXyx,YYXXXyXXX,14,1,14.0,4.0,2.0,1.25,0.2857142857142857
orb_0097,moved_cov,solved,YXXyx,YYXYxyXyX,14,2,14.0,6.0,4.0,1.1666666666666667,0.0
orb_0098,moved_cov,solved,YXXyx,YYXYxyXyx,14,2,14.0,6.0,4.0,1.1666666666666667,0.0
orb_0099,moved_cov,solved,YXXyx,YYXYxyyXX,14,1,14.0,5.0,3.0,1.4,0.0
orb_0100,moved_cov,solved,YXXyx,YYXYxyyxx,14,1,14.0,5.0,3.0,1.4,0.0
orb_0101,moved_cov,solved,YXXyx,YYXyxYXyx,14,2,14.0,6.0,4.0,1.1666666666666667,0.0
orb_0102,moved_cov,solved,YXXyx,YYXyxxxxx,14,1,14.0,4.0,2.0,1.25,0.2857142857142857
orb_0103,moved_cov,solved,YXXyx,YYXyxxyyX,14,1,14.0,5.0,3.0,1.4,0.0
orb_0104,moved_cov,solved,YXXyx,YYXyxxyyx,14,1,14.0,5.0,3.0,1.4,0.0
orb_0105,moved_cov,solved,YXXyx,YYXyxyXYx,14,1,14.0,6.0,4.0,1.1666666666666667,0.0
orb_0106,moved_cov,solved,YXXyx,YYXyxyXyX,14,1,14.0,6.0,4.0,1.1666666666666667,0.0
orb_0107,moved_cov,solved,YXXyx,YYXyxyXyx,14,1,14.0,6.0,4.0,1.1666666666666667,0.0
orb_0108,moved_cov,solved,YXXyx,YYXyxyxYx,14,1,14.0,6.0,4.0,1.1666666666666667,0.0
orb_0109,moved_cov,solved,YXXyx,YYXyyXXyX,14,1,14.0,5.0,3.0,1.4,0.0
orb_0110,moved_cov,solved,YXXyx,YYXyyxYxx,14,1,14.0,5.0,3.0,1.4,0.0
orb_0111,moved_cov,solved,YXXyx,YYYXyXXyX,14,1,14.0,5.0,3.0,1.4,0.0
orb_0112,moved_cov,solved,YXXyx,YYYXyxxyx,14,1,14.0,5.0,3.0,1.4,0.0
orb_0113,moved_cov,solved,YXXyx,YYYXyxyXX,14,1,14.0,5.0,3.0,1.4,0.0
orb_0114,moved_cov,solved,YXXyx,YYYXyxyxx,14,1,14.0,5.0,3.0,1.4,0.0
orb_0115,moved_cov,solved,YXXyx,YYYYXyyyX,14,1,14.0,4.0,2.0,1.25,0.2857142857142857
orb_0116,seed,solved,YXXyx,YYYYXyyyx,14,6,14.0,4.0,2.0,1.25,0.2857142857142857
orb_0117,seed,solved,YYXXXyX,YXXXyxx,14,2,14.0,4.0,2.0,1.25,0.2857142857142857
orb_0118,seed,solved,YYXXXyX,YXXyxxx,14,4,14.0,4.0,2.0,1.25,0.2857142857142857
orb_0119,moved_cov,solved,YYXXXyX,YYxyXyx,14,1,14.0,5.0,3.0,1.4,0.0
orb_0120,moved_cov,solved,YYXXXyX,YYxyxyX,14,1,14.0,5.0,3.0,1.4,0.0
orb_0121,moved_cov,solved,YYXXXyx,YXXXXYx,14,2,14.0,4.0,2.0,1.25,0.2857142857142857
orb_0122,seed,solved,YYXXXyx,YXXXyxx,14,2,14.0,4.0,2.0,1.25,0.2857142857142857
orb_0123,seed,solved,YYXXXyx,YXXyxxx,14,4,14.0,4.0,2.0,1.25,0.2857142857142857
orb_0124,moved_cov,solved,YYXXXyx,YYxyXyx,14,1,14.0,5.0,3.0,1.4,0.0
orb_0125,seed,solved,YYXXyXX,YXXXyxx,14,3,14.0,4.0,2.0,1.25,0.2857142857142857
orb_0126,seed,solved,YYXXyxx,YXXXyxx,14,2,14.0,4.0,2.0,1.25,0.2857142857142857
orb_0127,moved_cov,solved,YYXYXyx,YXyXYxx,14,1,14.0,6.0,3.0,1.1666666666666667,0.0
orb_0128,seed,unsolved,YYYXyyX,YXXXyxx,14,1,14.0,4.0,2.0,1.75,0.0
orb_0129,seed,unsolved,YYYXyyx,YXXXyxx,14,1,14.0,4.0,2.0,1.75,0.0
orb_0130,moved_cov,solved,X,YYYYYYXyxyyyyX,15,2,15.0,3.0,3.0,1.0,0.4666666666666667
orb_0131,moved_cov,solved,X,YYYYYYXyyxyyyX,15,2,15.0,3.0,3.0,1.0,0.4666666666666667
orb_0132,moved_cov,solved,YXXX,YYXyXYYXXyX,15,1,15.0,5.0,4.0,1.4,0.06666666666666667
orb_0133,seed,solved,YXXXyxx,YYXXXXyX,15,3,15.0,4.0,2.0,1.25,0.3333333333333333
orb_0134,seed,solved,YXXXyxx,YYXXXXyx,15,3,15.0,4.0,2.0,1.25,0.3333333333333333
orb_0135,seed,solved,YXXXyxx,YYXXXyXX,15,1,15.0,4.0,2.0,1.25,0.3333333333333333
orb_0136,seed,solved,YXXXyxx,YYXXXyxx,15,1,15.0,4.0,2.0,1.25,0.3333333333333333
orb_0137,seed,solved,YXXXyxx,YYXXyXXX,15,2,15.0,4.0,2.0,1.25,0.3333333333333333
orb_0138,seed,solved,YXXXyxx,YYXXyxxx,15,3,15.0,4.0,2.0,1.25,0.3333333333333333
orb_0139,seed,unsolved,YXXXyxx,YYXYXyyX,15,1,15.0,5.0,3.0,1.4,0.06666666666666667
orb_0140,seed,unsolved,YXXXyxx,YYXYxyyX,15,1,15.0,5.0,3.0,1.4,0.06666666666666667
orb_0141,seed,solved,YXXXyxx,YYXyXXXX,15,1,15.0,4.0,2.0,1.25,0.3333333333333333
orb_0142,seed,solved,YXXXyxx,YYXyxxxx,15,2,15.0,4.0,2.0,1.25,0.3333333333333333
orb_0143,seed,unsolved,YXXXyxx,YYYXXyyX,15,1,15.0,4.0,2.0,1.75,0.06666666666666667
orb_0144,seed,unsolved,YXXXyxx,YYYXyxyx,15,1,15.0,5.0,3.0,1.4,0.06666666666666667
orb_0145,seed,solved,YXXXyxx,YYYXyyXX,15,1,15.0,4.0,2.0,1.75,0.06666666666666667
orb_0146,seed,solved,YXXXyxx,YYYXyyxx,15,1,15.0,4.0,2.0,1.75,0.06666666666666667
orb_0147,moved_cov,solved,YXXYx,YYYXyyxyyx,15,1,15.0,5.0,3.0,1.2,0.2
orb_0148,moved_cov,solved,YXXyXYx,YXXYXXyx,15,1,15.0,6.0,3.0,1.0,0.2
orb_0149,moved_cov,solved,YXXyXYx,YXXYxxyX,15,3,15.0,6.0,3.0,1.0,0.2
orb_0150,moved_cov,solved,YXXyXYx,YXyxxxyx,15,2,15.0,6.0,3.0,1.0,0.2
orb_0151,moved_cov,solved,YXXyXYx,YYXXYXXX,15,1,15.0,5.0,3.0,1.2,0.2
orb_0152,moved_cov,solved,YXXyXyx,YYXYxyyx,15,1,15.0,6.0,3.0,1.1666666666666667,0.06666666666666667
orb_0153,seed,unsolved,YXXyXyx,YYYXyyxx,15,1,15.0,5.0,3.0,1.4,0.06666666666666667
orb_0154,moved_cov,solved,YXXyx,YYXYxyXyxx,15,1,15.0,6.0,4.0,1.1666666666666667,0.06666666666666667
orb_0155,moved_cov,solved,YXXyx,YYXyxyXXYx,15,1,15.0,6.0,4.0,1.1666666666666667,0.06666666666666667
orb_0156,moved_cov,solved,YXXyx,YYXyxyXyxx,15,1,15.0,6.0,4.0,1.1666666666666667,0.06666666666666667
orb_0157,moved_cov,solved,YXXyx,YYYXYxyyyx,15,2,15.0,5.0,3.0,1.2,0.2
orb_0158,moved_cov,solved,YXXyx,YYYYXyyyxx,15,1,15.0,4.0,2.0,1.5,0.2
orb_0159,moved_cov,solved,YXXyxYx,YYYYXYxx,15,1,15.0,5.0,3.0,1.4,0.06666666666666667
orb_0160,seed,unsolved,YXXyxYx,YYYYXyxx,15,1,15.0,5.0,3.0,1.4,0.06666666666666667
orb_0161,moved_cov,solved,YXYXXYx,YXXXyxYx,15,1,15.0,6.0,3.0,1.0,0.2
orb_0162,moved_cov,solved,YXYXXYx,YYYXXyyx,15,1,15.0,5.0,3.0,1.4,0.06666666666666667
orb_0163,seed,unsolved,YXyXYxx,YYXYXyyx,15,1,15.0,6.0,3.0,1.1666666666666667,0.06666666666666667
orb_0164,moved_cov,solved,YXyXYxx,YYYYXXYx,15,1,15.0,5.0,3.0,1.4,0.06666666666666667
orb_0165,moved_cov,solved,YXyXYxx,YYYYXXyx,15,1,15.0,5.0,3.0,1.4,0.06666666666666667
orb_0166,moved_cov,solved,YYXXXYx,YYYXYYXX,15,1,15.0,4.0,2.0,1.75,0.06666666666666667
orb_0167,moved_cov,solved,YYXXXyX,YYYXXyyX,15,2,15.0,4.0,2.0,1.75,0.06666666666666667
orb_0168,moved_cov,solved,YYXXXyX,YYxyXXXX,15,2,15.0,4.0,2.0,1.5,0.2
orb_0169,moved_cov,solved,YYXXXyx,YYYXXyyx,15,2,15.0,4.0,2.0,1.75,0.06666666666666667
orb_0170,moved_cov,unsolved,YYXXXyx,YYYXyxyX,15,1,15.0,5.0,3.0,1.4,0.06666666666666667
orb_0171,moved_cov,solved,YYXXYx,YXYxYXXyx,15,1,15.0,6.0,4.0,1.1666666666666667,0.06666666666666667
orb_0172,moved_cov,solved,YYXXYx,YXYxxYXyX,15,1,15.0,6.0,4.0,1.1666666666666667,0.06666666666666667
orb_0173,seed,solved,YYXXYx,YYYYXyyyx,15,3,15.0,4.0,2.0,1.25,0.3333333333333333
orb_0174,moved_cov,solved,YYXXYx,YYYYYxyXX,15,1,15.0,4.0,2.0,1.5,0.2
orb_0175,moved_cov,solved,YYXXYx,YYYYxyyXX,15,1,15.0,4.0,2.0,1.5,0.2
orb_0176,seed,solved,YYXXYx,YYYYxyyyX,15,3,15.0,4.0,2.0,1.25,0.3333333333333333
orb_0177,moved_cov,solved,YYXXYx,YYxYXyxyX,15,1,15.0,6.0,4.0,1.1666666666666667,0.06666666666666667
orb_0178,moved_cov,solved,YYXXYx,YYxyXyxYX,15,1,15.0,6.0,4.0,1.1666666666666667,0.06666666666666667
orb_0179,seed,solved,YYXXyx,YXXXXyxxx,15,4,15.0,4.0,2.0,1.25,0.3333333333333333
orb_0180,moved_cov,solved,YYXXyx,YXyXXYxyx,15,1,15.0,6.0,4.0,1.1666666666666667,0.06666666666666667
orb_0181,moved_cov,solved,YYXXyx,YXyXYxyxx,15,1,15.0,6.0,4.0,1.1666666666666667,0.06666666666666667
orb_0182,moved_cov,solved,YYXXyx,YXyxYXXYx,15,1,15.0,6.0,4.0,1.1666666666666667,0.06666666666666667
orb_0183,moved_cov,solved,YYXXyx,YXyxYXyxx,15,1,15.0,6.0,4.0,1.1666666666666667,0.06666666666666667
orb_0184,moved_cov,solved,YYXXyx,YYYYxyyXX,15,1,15.0,4.0,2.0,1.5,0.2
orb_0185,moved_cov,solved,YYXXyxx,YYXYYXyx,15,1,15.0,5.0,3.0,1.4,0.06666666666666667
orb_0186,moved_cov,solved,YYXXyxx,YYXYxyyx,15,1,15.0,5.0,3.0,1.4,0.06666666666666667
orb_0187,seed,unsolved,YYXXyxx,YYYxyXyX,15,1,15.0,5.0,3.0,1.4,0.06666666666666667
orb_0188,moved_cov,solved,YYXXyxx,YYxxxyXX,15,2,15.0,4.0,2.0,1.5,0.2
orb_0189,moved_cov,solved,X,YYYXyyyxYYXyyyx,16,1,16.0,4.0,4.0,1.0,0.375
orb_0190,seed,solved,X,YYYYYYYXyyyyyyx,16,1,16.0,2.0,2.0,1.0,0.625
orb_0191,moved_cov,solved,YXXXYxx,YYXyxYXyx,16,1,16.0,6.0,4.0,1.1666666666666667,0.125
orb_0192,seed,unsolved,YXXXYxx,YYYYXyyyx,16,1,16.0,4.0,2.0,1.75,0.125
orb_0193,moved_cov,solved,YXXXyxx,YYXXXXXyX,16,1,16.0,4.0,2.0,1.25,0.375
orb_0194,moved_cov,solved,YXXXyxx,YYXXXXXyx,16,1,16.0,4.0,2.0,1.25,0.375
orb_0195,moved_cov,solved,YXXXyxx,YYXXXXyXX,16,1,16.0,4.0,2.0,1.25,0.375
orb_0196,moved_cov,solved,YXXXyxx,YYXXyXXXX,16,1,16.0,4.0,2.0,1.25,0.375
orb_0197,moved_cov,solved,YXXXyxx,YYXXyxxxx,16,2,16.0,4.0,2.0,1.25,0.375
orb_0198,moved_cov,unsolved,YXXXyxx,YYXYxxyyx,16,1,16.0,5.0,3.0,1.4,0.125
orb_0199,moved_cov,solved,YXXXyxx,YYXyxxxxx,16,1,16.0,4.0,2.0,1.25,0.375
orb_0200,moved_cov,unsolved,YXXXyxx,YYXyxxyyx,16,1,16.0,5.0,3.0,1.4,0.125
orb_0201,moved_cov,unsolved,YXXXyxx,YYYXXyxyX,16,1,16.0,5.0,3.0,1.4,0.125
orb_0202,moved_cov,unsolved,YXXXyxx,YYYXyxxyx,16,1,16.0,5.0,3.0,1.4,0.125
orb_0203,seed,unsolved,YXXXyxx,YYYYXyyyx,16,1,16.0,4.0,2.0,1.75,0.125
orb_0204,moved_cov,solved,YXXYx,YYXyyxYXyyx,16,2,16.0,6.0,4.0,1.1666666666666667,0.125
orb_0205,moved_cov,solved,YXXyXyx,YYYXyxyyX,16,1,16.0,6.0,3.0,1.1666666666666667,0.125
orb_0206,seed,unsolved,YXXyXyx,YYYXyyyxx,16,1,16.0,5.0,3.0,1.4,0.125
orb_0207,moved_cov,solved,YXXyx,YYXyxxYXyxx,16,1,16.0,6.0,4.0,1.1666666666666667,0.125
orb_0208,moved_cov,solved,YXXyx,YYXyyxYXyyx,16,2,16.0,6.0,4.0,1.1666666666666667,0.125
orb_0209,seed,solved,YXXyx,YYYYYXyyyyx,16,3,16.0,4.0,2.0,1.25,0.375
orb_0210,moved_cov,unsolved,YXXyxYx,YYXYYXYYx,16,1,16.0,6.0,3.0,1.1666666666666667,0.125
orb_0211,seed,unsolved,YXXyxYx,YYYYYXyxx,16,1,16.0,5.0,3.0,1.4,0.125
orb_0212,moved_cov,unsolved,YXyXYxx,YYXXXyxyx,16,1,16.0,6.0,3.0,1.1666666666666667,0.125
orb_0213,seed,solved,YYXXXyX,YXXXXyxxx,16,4,16.0,4.0,2.0,1.25,0.375
orb_0214,seed,solved,YYXXXyX,YXXXyxxxx,16,1,16.0,4.0,2.0,1.25,0.375
orb_0215,seed,solved,YYXXXyx,YXXXyxxxx,16,1,16.0,4.0,2.0,1.25,0.375
orb_0216,moved_cov,solved,YYXXXyx,YXyxYXyxx,16,1,16.0,6.0,4.0,1.1666666666666667,0.125
orb_0217,moved_cov,solved,YYXXXyx,YYXXYXXyX,16,1,16.0,5.0,3.0,1.4,0.125
orb_0218,seed,unsolved,YYXXYYx,YXXXyxxYx,16,1,16.0,5.0,3.0,1.4,0.125
orb_0219,seed,solved,YYXXYYx,YYYYXyyyx,16,3,16.0,4.0,2.0,1.25,0.375
orb_0220,seed,solved,YYXXyxx,YXXXXyxxx,16,4,16.0,4.0,2.0,1.25,0.375
orb_0221,seed,unsolved,YYXXyxx,YYYYxYXYX,16,1,16.0,5.0,3.0,1.4,0.125
orb_0222,seed,unsolved,YXXXYxYx,YYYYXyyyx,17,1,17.0,5.0,3.0,1.4,0.17647058823529413
orb_0223,moved_cov,unsolved,YXXXYxx,YYXXYxxyyX,17,1,17.0,5.0,3.0,1.4,0.17647058823529413
orb_0224,moved_cov,unsolved,YXXXYxx,YYXyyXyxxx,17,1,17.0,5.0,3.0,1.4,0.17647058823529413
orb_0225,moved_cov,unsolved,YXXXYxx,YYYXXYxxyX,17,1,17.0,5.0,3.0,1.4,0.17647058823529413
orb_0226,moved_cov,unsolved,YXXXYxx,YYYxYXXXyx,17,1,17.0,5.0,3.0,1.4,0.17647058823529413
orb_0227,moved_cov,solved,YXXXyXYx,YXyxxxxyx,17,2,17.0,6.0,3.0,1.0,0.29411764705882354
orb_0228,moved_cov,solved,YXXXyXYx,YYYXXyXyx,17,1,17.0,6.0,3.0,1.3333333333333333,0.058823529411764705
orb_0229,moved_cov,solved,YXXXyXYx,YYYXyXyyx,17,1,17.0,6.0,3.0,1.3333333333333333,0.058823529411764705
orb_0230,moved_cov,solved,YXXXyXyx,YYYxxyXyx,17,1,17.0,6.0,3.0,1.3333333333333333,0.058823529411764705
orb_0231,moved_cov,solved,YXXXyXyx,YYYxyXyyx,17,1,17.0,6.0,3.0,1.3333333333333333,0.058823529411764705
orb_0232,moved_cov,solved,YXXXyxYx,YXYXXXYxx,17,1,17.0,6.0,3.0,1.0,0.29411764705882354
orb_0233,moved_cov,unsolved,YXXXyxYx,YYXXyxxyx,17,1,17.0,6.0,3.0,1.1666666666666667,0.17647058823529413
orb_0234,seed,unsolved,YXXXyxYx,YYXyXyxyx,17,1,17.0,7.0,4.0,1.1428571428571428,0.058823529411764705
orb_0235,seed,unsolved,YXXXyxYx,YYYYXyyyx,17,1,17.0,5.0,3.0,1.4,0.17647058823529413
orb_0236,seed,unsolved,YXXXyxYx,YYYYxyyyX,17,1,17.0,5.0,3.0,1.4,0.17647058823529413
orb_0237,moved_cov,solved,YXXXyxYx,YYxyXYxyX,17,1,17.0,7.0,4.0,1.1428571428571428,0.058823529411764705
orb_0238,moved_cov,unsolved,YXXXyxYx,YYxyxYXXX,17,1,17.0,6.0,3.0,1.1666666666666667,0.17647058823529413
orb_0239,moved_cov,solved,YXXXyxx,YYXXXXXXyx,17,1,17.0,4.0,2.0,1.25,0.4117647058823529
orb_0240,moved_cov,unsolved,YXXXyxx,YYXXYxxyyX,17,1,17.0,5.0,3.0,1.4,0.17647058823529413
orb_0241,moved_cov,unsolved,YXXXyxx,YYXXYxxyyx,17,1,17.0,5.0,3.0,1.4,0.17647058823529413
orb_0242,moved_cov,solved,YXXXyxx,YYXXyxxxxx,17,1,17.0,4.0,2.0,1.25,0.4117647058823529
orb_0243,moved_cov,unsolved,YXXXyxx,YYXXyyxYxx,17,1,17.0,5.0,3.0,1.4,0.17647058823529413
orb_0244,moved_cov,unsolved,YXXXyxx,YYXyyXXXyx,17,1,17.0,5.0,3.0,1.4,0.17647058823529413
orb_0245,moved_cov,unsolved,YXXXyxx,YYXyyXYxxx,17,1,17.0,5.0,3.0,1.4,0.17647058823529413
orb_0246,moved_cov,unsolved,YXXXyxx,YYYXXyXXyx,17,1,17.0,5.0,3.0,1.4,0.17647058823529413
orb_0247,moved_cov,unsolved,YXXXyxx,YYYXXyxxyX,17,1,17.0,5.0,3.0,1.4,0.17647058823529413
orb_0248,moved_cov,unsolved,YXXXyxx,YYYXXyxxyx,17,1,17.0,5.0,3.0,1.4,0.17647058823529413
orb_0249,moved_cov,unsolved,YXXXyxx,YYYXyXXXyx,17,1,17.0,5.0,3.0,1.4,0.17647058823529413
orb_0250,moved_cov,unsolved,YXXXyxx,YYYXyxxxyX,17,1,17.0,5.0,3.0,1.4,0.17647058823529413
orb_0251,moved_cov,unsolved,YXXYXXyx,YYXyyxyxx,17,1,17.0,6.0,3.0,1.3333333333333333,0.058823529411764705
orb_0252,moved_cov,solved,YXXYx,YYYXYxyXYxyX,17,1,17.0,7.0,5.0,1.1428571428571428,0.058823529411764705
orb_0253,moved_cov,unsolved,YXXYx,YYYYXYxyyyyX,17,1,17.0,5.0,3.0,1.2,0.29411764705882354
orb_0254,seed,unsolved,YXXYxYxx,YYYYXyyyx,17,1,17.0,5.0,3.0,1.4,0.17647058823529413
orb_0255,seed,unsolved,YXXYxYxx,YYYYxyyyX,17,1,17.0,5.0,3.0,1.4,0.17647058823529413
orb_0256,moved_cov,solved,YXXYxxyX,YXXyXYxxx,17,2,17.0,6.0,3.0,1.0,0.29411764705882354
orb_0257,moved_cov,unsolved,YXXYxxyX,YYXyXXYxx,17,1,17.0,6.0,3.0,1.1666666666666667,0.17647058823529413
orb_0258,moved_cov,solved,YXXYxxyX,YYXyxYXyx,17,1,17.0,7.0,4.0,1.1428571428571428,0.058823529411764705
orb_0259,seed,unsolved,YXXYxxyX,YYYYXyyyx,17,1,17.0,5.0,3.0,1.4,0.17647058823529413
orb_0260,seed,unsolved,YXXYxxyX,YYYYxyyyX,17,1,17.0,5.0,3.0,1.4,0.17647058823529413
orb_0261,moved_cov,solved,YXXYxxyX,YYxyXYxyX,17,1,17.0,7.0,4.0,1.1428571428571428,0.058823529411764705
orb_0262,moved_cov,unsolved,YXXYxxyx,YXYxYxxxx,17,1,17.0,6.0,3.0,1.0,0.29411764705882354
orb_0263,moved_cov,unsolved,YXXYxxyx,YYYXyXyxx,17,1,17.0,6.0,3.0,1.3333333333333333,0.058823529411764705
orb_0264,seed,unsolved,YXXYxxyx,YYYYXyxyx,17,1,17.0,6.0,3.0,1.3333333333333333,0.058823529411764705
orb_0265,seed,unsolved,YXXYxxyx,YYYYXyyyx,17,1,17.0,5.0,3.0,1.4,0.17647058823529413
orb_0266,seed,unsolved,YXXYxxyx,YYYYxyyyX,17,1,17.0,5.0,3.0,1.4,0.17647058823529413
orb_0267,moved_cov,solved,YXXYxxyx,YYxxYxxyX,17,1,17.0,6.0,3.0,1.1666666666666667,0.17647058823529413
orb_0268,moved_cov,solved,YXXYxxyx,YYxyXYxyX,17,1,17.0,7.0,4.0,1.1428571428571428,0.058823529411764705
orb_0269,moved_cov,unsolved,YXXyXyXX,YYxYxyxyx,17,1,17.0,7.0,4.0,1.1428571428571428,0.058823529411764705
orb_0270,moved_cov,solved,YXXyXyxx,YYXyxYXyx,17,1,17.0,7.0,4.0,1.1428571428571428,0.058823529411764705
orb_0271,moved_cov,unsolved,YXXyXyxx,YYXyxyXyX,17,1,17.0,7.0,4.0,1.1428571428571428,0.058823529411764705
orb_0272,seed,unsolved,YXXyXyxx,YYYYXyyyx,17,1,17.0,5.0,3.0,1.4,0.17647058823529413
orb_0273,seed,unsolved,YXXyXyxx,YYYYxyyyX,17,1,17.0,5.0,3.0,1.4,0.17647058823529413
orb_0274,moved_cov,unsolved,YXXyXyxx,YYxyxyXXX,17,1,17.0,6.0,3.0,1.1666666666666667,0.17647058823529413
orb_0275,moved_cov,solved,YXXyx,YYXyXyxYYXyx,17,1,17.0,7.0,5.0,1.1428571428571428,0.058823529411764705
orb_0276,moved_cov,solved,YXXyx,YYYYXYxyyyyx,17,2,17.0,5.0,3.0,1.2,0.29411764705882354
orb_0277,moved_cov,solved,YXXyx,YYYYYXyyyyxx,17,1,17.0,4.0,2.0,1.5,0.29411764705882354
orb_0278,seed,unsolved,YXXyxYx,YYYYYxyxyX,17,1,17.0,6.0,3.0,1.1666666666666667,0.17647058823529413
orb_0279,moved_cov,solved,YXYXYx,YYXXYxYXXYx,17,1,17.0,7.0,4.0,1.1428571428571428,0.058823529411764705
orb_0280,seed,unsolved,YXyXYxxx,YYYYXyyyx,17,1,17.0,5.0,3.0,1.4,0.17647058823529413
orb_0281,seed,solved,YYXXXXyX,YXXXXyxxx,17,1,17.0,4.0,2.0,1.25,0.4117647058823529
orb_0282,moved_cov,solved,YYXXXXyX,YYxyXXXXX,17,1,17.0,4.0,2.0,1.5,0.29411764705882354
orb_0283,seed,solved,YYXXXXyx,YXXXXyxxx,17,1,17.0,4.0,2.0,1.25,0.4117647058823529
orb_0284,seed,solved,YYXXXXyx,YXXXyxxxx,17,2,17.0,4.0,2.0,1.25,0.4117647058823529
orb_0285,moved_cov,solved,YYXXXXyx,YYXXYXXyX,17,1,17.0,5.0,3.0,1.4,0.17647058823529413
orb_0286,moved_cov,solved,YYXXXXyx,YYYXXXyyx,17,1,17.0,4.0,2.0,2.0,0.058823529411764705
orb_0287,moved_cov,solved,YYXXXYx,YYXXYxxyyX,17,1,17.0,5.0,3.0,1.6,0.058823529411764705
orb_0288,moved_cov,solved,YYXXXYxx,YXXXXYxxx,17,1,17.0,4.0,2.0,1.25,0.4117647058823529
orb_0289,moved_cov,unsolved,YYXXXYxx,YXYxYXXyx,17,1,17.0,6.0,4.0,1.1666666666666667,0.17647058823529413
orb_0290,moved_cov,unsolved,YYXXXYxx,YYXXYxxyX,17,1,17.0,5.0,3.0,1.4,0.17647058823529413
orb_0291,moved_cov,solved,YYXXXYxx,YYXYYXXYx,17,1,17.0,5.0,3.0,1.6,0.058823529411764705
orb_0292,seed,unsolved,YYXXXYxx,YYYXXYXYx,17,1,17.0,5.0,3.0,1.6,0.058823529411764705
orb_0293,moved_cov,unsolved,YYXXXYxx,YYxyXXXYx,17,1,17.0,5.0,3.0,1.4,0.17647058823529413
orb_0294,moved_cov,solved,YYXXXyX,YYxyXXXXXX,17,1,17.0,4.0,2.0,1.5,0.29411764705882354
orb_0295,seed,solved,YYXXXyXX,YXXXyxxxx,17,2,17.0,4.0,2.0,1.25,0.4117647058823529
orb_0296,moved_cov,solved,YYXXXyx,YYxxxyXXXX,17,1,17.0,4.0,2.0,1.5,0.29411764705882354
orb_0297,seed,unsolved,YYXXXyx,YYxxyxyXyX,17,1,17.0,6.0,4.0,1.3333333333333333,0.058823529411764705
orb_0298,seed,solved,YYXXXyxx,YXXXXyxxx,17,5,17.0,4.0,2.0,1.25,0.4117647058823529
orb_0299,seed,solved,YYXXXyxx,YXXXyxxxx,17,2,17.0,4.0,2.0,1.25,0.4117647058823529
orb_0300,seed,unsolved,YYXXXyxx,YXyxxyXYx,17,1,17.0,6.0,4.0,1.1666666666666667,0.17647058823529413
orb_0301,moved_cov,solved,YYXXXyxx,YYXYYXXyx,17,1,17.0,5.0,3.0,1.6,0.058823529411764705
orb_0302,moved_cov,solved,YYXXXyxx,YYxxxyXXX,17,1,17.0,4.0,2.0,1.5,0.29411764705882354
orb_0303,moved_cov,unsolved,YYXXXyxx,YYxxyXXXX,17,1,17.0,4.0,2.0,1.5,0.29411764705882354
orb_0304,moved_cov,unsolved,YYXXYYx,YYYxYXXXYx,17,1,17.0,5.0,3.0,1.6,0.058823529411764705
orb_0305,moved_cov,solved,YYXXYx,YYXyyxYYXyx,17,2,17.0,6.0,4.0,1.1666666666666667,0.17647058823529413
orb_0306,moved_cov,solved,YYXXYx,YYYYYYxyyXX,17,1,17.0,4.0,2.0,1.5,0.29411764705882354
orb_0307,seed,solved,YYXXYx,YYYYYxyyyyX,17,2,17.0,4.0,2.0,1.25,0.4117647058823529
orb_0308,seed,solved,YYXXyx,YXXXXyxxxxx,17,2,17.0,4.0,2.0,1.25,0.4117647058823529
orb_0309,moved_cov,unsolved,YYXXyx,YXyXXXYxyxx,17,1,17.0,6.0,4.0,1.1666666666666667,0.17647058823529413
orb_0310,moved_cov,unsolved,YYXXyx,YYXYYxyXXXX,17,1,17.0,5.0,3.0,1.6,0.058823529411764705
orb_0311,moved_cov,unsolved,YYXXyx,YYXyxxYXyXX,17,1,17.0,6.0,4.0,1.3333333333333333,0.058823529411764705
orb_0312,moved_cov,solved,YYXXyx,YYYYXyyyyxx,17,1,17.0,4.0,2.0,1.5,0.29411764705882354
orb_0313,seed,unsolved,YYXXyx,YYYYYxyXXyX,17,1,17.0,5.0,3.0,1.4,0.17647058823529413
orb_0314,moved_cov,unsolved,YYXXyx,YYYYYxyyyXX,17,1,17.0,4.0,2.0,1.5,0.29411764705882354
orb_0315,seed,unsolved,YYXXyxx,YYYYYXyXyx,17,1,17.0,5.0,3.0,1.4,0.17647058823529413
orb_0316,moved_cov,unsolved,YYXXyxx,YYYxyyXyyX,17,1,17.0,5.0,3.0,1.4,0.17647058823529413
orb_0317,moved_cov,solved,YYXXyxx,YYxxxxyXXX,17,1,17.0,4.0,2.0,1.5,0.29411764705882354
orb_0318,moved_cov,solved,X,YYXyxYXyxYXyxYXyx,18,1,18.0,8.0,8.0,1.0,0.0
orb_0319,moved_cov,solved,X,YYYYXyyyxYYYXyyyx,18,1,18.0,4.0,4.0,1.0,0.4444444444444444
orb_0320,seed,solved,X,YYYYYYYYXyyyyyyyx,18,1,18.0,2.0,2.0,1.0,0.6666666666666666
orb_0321,moved_cov,solved,YXXXYxx,YYXXYxYXXYx,18,1,18.0,6.0,4.0,1.1666666666666667,0.2222222222222222
orb_0322,seed,unsolved,YXXXYxx,YYYYYXyyyyx,18,1,18.0,4.0,2.0,1.75,0.2222222222222222
orb_0323,moved_cov,solved,YXXXyxx,YYXXXXXXXyx,18,1,18.0,4.0,2.0,1.25,0.4444444444444444
orb_0324,moved_cov,solved,YXXXyxx,YYXXYxxyyXX,18,1,18.0,5.0,3.0,1.4,0.2222222222222222
orb_0325,moved_cov,solved,YXXXyxx,YYXXYxxyyxx,18,1,18.0,5.0,3.0,1.4,0.2222222222222222
orb_0326,moved_cov,solved,YXXXyxx,YYXXyxxxxxx,18,1,18.0,4.0,2.0,1.25,0.4444444444444444
orb_0327,moved_cov,unsolved,YXXXyxx,YYXXyyXXXyx,18,1,18.0,5.0,3.0,1.4,0.2222222222222222
orb_0328,moved_cov,unsolved,YXXXyxx,YYXYXyXXXyx,18,1,18.0,6.0,4.0,1.1666666666666667,0.2222222222222222
orb_0329,moved_cov,unsolved,YXXXyxx,YYXYxxyXXyX,18,1,18.0,6.0,4.0,1.1666666666666667,0.2222222222222222
orb_0330,moved_cov,unsolved,YXXXyxx,YYXYxyXXXyx,18,1,18.0,6.0,4.0,1.1666666666666667,0.2222222222222222
orb_0331,moved_cov,unsolved,YXXXyxx,YYXyxyXYxxx,18,1,18.0,6.0,4.0,1.1666666666666667,0.2222222222222222
orb_0332,moved_cov,unsolved,YXXXyxx,YYYXXyXXXyx,18,1,18.0,5.0,3.0,1.4,0.2222222222222222
orb_0333,moved_cov,solved,YXXXyxx,YYYXXyxxyXX,18,1,18.0,5.0,3.0,1.4,0.2222222222222222
orb_0334,moved_cov,solved,YXXXyxx,YYYXXyxxyxx,18,1,18.0,5.0,3.0,1.4,0.2222222222222222
orb_0335,seed,unsolved,YXXXyxx,YYYYYXyyyyx,18,1,18.0,4.0,2.0,1.75,0.2222222222222222
orb_0336,moved_cov,solved,YXXYx,YYXyxYXyxYXyx,18,1,18.0,8.0,6.0,1.125,0.0
orb_0337,moved_cov,solved,YXXYx,YYYXyyxYYXyyx,18,1,18.0,6.0,4.0,1.1666666666666667,0.2222222222222222
orb_0338,moved_cov,solved,YXXyx,YYXyxYXyxYXyx,18,1,18.0,8.0,6.0,1.125,0.0
orb_0339,moved_cov,solved,YXXyx,YYYXyyxYYXyyx,18,2,18.0,6.0,4.0,1.1666666666666667,0.2222222222222222
orb_0340,seed,solved,YXXyx,YYYYYYXyyyyyx,18,2,18.0,4.0,2.0,1.25,0.4444444444444444
orb_0341,seed,unsolved,YXXyxYx,YYXyyXyxyxx,18,1,18.0,7.0,4.0,1.2857142857142858,0.0
orb_0342,seed,unsolved,YXXyxYx,YYYYYYXyxyX,18,1,18.0,6.0,3.0,1.1666666666666667,0.2222222222222222
orb_0343,moved_cov,unsolved,YXXyxYx,YYYYxyxxYXX,18,1,18.0,6.0,3.0,1.5,0.0
orb_0344,moved_cov,solved,YYXXXXXyx,YXXXXyxxx,18,1,18.0,4.0,2.0,1.25,0.4444444444444444
orb_0345,moved_cov,solved,YYXXXXyXX,YXXXXyxxx,18,1,18.0,4.0,2.0,1.25,0.4444444444444444
orb_0346,moved_cov,solved,YYXXXXyxx,YXXXXyxxx,18,1,18.0,4.0,2.0,1.25,0.4444444444444444
orb_0347,moved_cov,solved,YYXXXXyxx,YXXXyxxxx,18,1,18.0,4.0,2.0,1.25,0.4444444444444444
orb_0348,seed,solved,YYXXXyX,YXXXXyxxxxx,18,2,18.0,4.0,2.0,1.25,0.4444444444444444
orb_0349,moved_cov,solved,YYXXXyX,YYxyXYXXyyx,18,1,18.0,6.0,4.0,1.5,0.0
orb_0350,moved_cov,solved,YYXXXyXXX,YXXXXyxxx,18,1,18.0,4.0,2.0,1.25,0.4444444444444444
orb_0351,moved_cov,solved,YYXXXyx,YYXyXYYXyXX,18,1,18.0,6.0,4.0,1.5,0.0
orb_0352,seed,unsolved,YYXXXyx,YYYxxyxyXyX,18,1,18.0,6.0,4.0,1.5,0.0
orb_0353,moved_cov,unsolved,YYXXXyx,YYxyxYXXXXX,18,1,18.0,5.0,3.0,1.4,0.2222222222222222
orb_0354,seed,unsolved,YYXXXyx,YYxyxyXyXYX,18,1,18.0,7.0,5.0,1.2857142857142858,0.0
orb_0355,moved_cov,solved,YYXXXyxxx,YXXXXyxxx,18,1,18.0,4.0,2.0,1.25,0.4444444444444444
orb_0356,moved_cov,unsolved,YYXXXyxyx,YXXXXyxYx,18,1,18.0,6.0,3.0,1.1666666666666667,0.2222222222222222
orb_0357,moved_cov,solved,YYXXYXXyX,YYXXXXyxx,18,1,18.0,5.0,3.0,1.4,0.2222222222222222
orb_0358,moved_cov,solved,YYXXYXXyx,YXXyXXYxx,18,1,18.0,6.0,3.0,1.1666666666666667,0.2222222222222222
orb_0359,moved_cov,solved,YYXXYXXyx,YYXXyyxYX,18,1,18.0,6.0,3.0,1.5,0.0
orb_0360,seed,solved,YYXXYYx,YYYYYXyyyyx,18,3,18.0,4.0,2.0,1.25,0.4444444444444444
orb_0361,seed,solved,YYXXyxx,YXXXXXyxxxx,18,4,18.0,4.0,2.0,1.25,0.4444444444444444
orb_0362,moved_cov,solved,YYXXyxx,YXXyxYXXyxx,18,1,18.0,6.0,4.0,1.1666666666666667,0.2222222222222222
orb_0363,moved_cov,unsolved,YYXXyxx,YYYXXYxyXyx,18,1,18.0,6.0,4.0,1.5,0.0
orb_0364,moved_cov,unsolved,YYXXyxx,YYYXXYxyxyx,18,1,18.0,6.0,4.0,1.5,0.0
orb_0365,moved_cov,unsolved,YYXXyxx,YYxxxYXYXXX,18,1,18.0,5.0,3.0,1.4,0.2222222222222222
orb_0366,moved_cov,solved,YYXXyxx,YYxyXYYxxyX,18,1,18.0,6.0,4.0,1.5,0.0
orb_0367,moved_cov,solved,YYXXyyXyx,YXyxYXXyx,18,1,18.0,7.0,4.0,1.2857142857142858,0.0
orb_0368,moved_cov,solved,YYXYYXXYx,YYXXXYxyx,18,1,18.0,6.0,3.0,1.5,0.0
orb_0369,seed,unsolved,YYXYYXXyX,YYXyxYXXX,18,1,18.0,6.0,3.0,1.5,0.0
orb_0370,moved_cov,unsolved,YYXYxxxyX,YXXYxYxxx,18,1,18.0,6.0,3.0,1.1666666666666667,0.2222222222222222
orb_0371,moved_cov,solved,YYXYxyXyx,YXYxYXYxx,18,1,18.0,8.0,4.0,1.125,0.0
orb_0372,moved_cov,solved,YYXYxyXyx,YXyxYXXyx,18,1,18.0,8.0,4.0,1.125,0.0
orb_0373,moved_cov,solved,YYXyXYxxx,YYXyxYXyx,18,1,18.0,7.0,4.0,1.2857142857142858,0.0
orb_0374,moved_cov,solved,YYXyxYXyx,YXyXYXyxx,18,1,18.0,8.0,4.0,1.125,0.0
orb_0375,moved_cov,solved,YYXyxYXyx,YYXXyxxyX,18,1,18.0,7.0,4.0,1.2857142857142858,0.0
orb_0376,moved_cov,unsolved,YXXXXYxYx,YXXYXXyxxx,19,1,19.0,6.0,3.0,1.0,0.3684210526315789
orb_0377,moved_cov,solved,YXXXXyXYx,YXXyxxxxyx,19,2,19.0,6.0,3.0,1.0,0.3684210526315789
orb_0378,moved_cov,solved,YXXXXyXYx,YXyxxxxxyx,19,2,19.0,6.0,3.0,1.0,0.3684210526315789
orb_0379,moved_cov,solved,YXXXXyXYx,YYYXXXyXyx,19,1,19.0,6.0,3.0,1.3333333333333333,0.15789473684210525
orb_0380,moved_cov,solved,YXXXXyXyx,YYYxxxyXyx,19,1,19.0,6.0,3.0,1.3333333333333333,0.15789473684210525
orb_0381,moved_cov,unsolved,YXXXXyxYx,YXXYxxxyXX,19,1,19.0,6.0,3.0,1.0,0.3684210526315789
orb_0382,moved_cov,unsolved,YXXXXyxYx,YYXXXXXyxx,19,1,19.0,5.0,3.0,1.2,0.3684210526315789
orb_0383,moved_cov,solved,YXXXXyxxx,YYXXXXXXyx,19,1,19.0,4.0,2.0,1.25,0.47368421052631576
orb_0384,moved_cov,solved,YXXXXyxxx,YYXXXyXXXX,19,1,19.0,4.0,2.0,1.25,0.47368421052631576
orb_0385,moved_cov,solved,YXXXXyxxx,YYXXyxxxxx,19,1,19.0,4.0,2.0,1.25,0.47368421052631576
orb_0386,moved_cov,unsolved,YXXXXyxxx,YYYXXXyyxx,19,1,19.0,4.0,2.0,1.75,0.2631578947368421
orb_0387,moved_cov,solved,YXXXYxYx,YYXXYxYXXYx,19,1,19.0,7.0,4.0,1.1428571428571428,0.15789473684210525
orb_0388,seed,unsolved,YXXXYxYx,YYYYYXyyyyx,19,1,19.0,5.0,3.0,1.4,0.2631578947368421
orb_0389,moved_cov,unsolved,YXXXYxx,YYYXXYxxyyyX,19,1,19.0,5.0,3.0,1.8,0.05263157894736842
orb_0390,moved_cov,unsolved,YXXXYxx,YYYXyyyXyxxx,19,1,19.0,5.0,3.0,1.8,0.05263157894736842
orb_0391,moved_cov,unsolved,YXXXYxx,YYYYXXYxxyyX,19,1,19.0,5.0,3.0,1.8,0.05263157894736842
orb_0392,moved_cov,unsolved,YXXXYxx,YYYYxYXXXyyx,19,1,19.0,5.0,3.0,1.8,0.05263157894736842
orb_0393,moved_cov,solved,YXXXyXXyx,YYxxyXYxyx,19,1,19.0,7.0,4.0,1.1428571428571428,0.15789473684210525
orb_0394,moved_cov,solved,YXXXyXYx,YXXXyxxxxyx,19,2,19.0,6.0,3.0,1.0,0.3684210526315789
orb_0395,seed,unsolved,YXXXyXYx,YYxyxYXXyyX,19,1,19.0,7.0,4.0,1.2857142857142858,0.05263157894736842
orb_0396,moved_cov,unsolved,YXXXyXyxx,YYXXYxxyyx,19,1,19.0,6.0,3.0,1.3333333333333333,0.15789473684210525
orb_0397,moved_cov,unsolved,YXXXyxYx,YYXXXXyxxyx,19,1,19.0,6.0,3.0,1.1666666666666667,0.2631578947368421
orb_0398,moved_cov,unsolved,YXXXyxYx,YYXXyXyxxyx,19,1,19.0,7.0,4.0,1.1428571428571428,0.15789473684210525
orb_0399,moved_cov,solved,YXXXyxYx,YYXXyxYXXyx,19,1,19.0,7.0,4.0,1.1428571428571428,0.15789473684210525
orb_0400,moved_cov,unsolved,YXXXyxYx,YYXyXyxxxyx,19,1,19.0,7.0,4.0,1.1428571428571428,0.15789473684210525
orb_0401,moved_cov,unsolved,YXXXyxYx,YYYXyyxxxyX,19,1,19.0,6.0,3.0,1.5,0.05263157894736842
orb_0402,seed,unsolved,YXXXyxYx,YYYYYXyyyyx,19,1,19.0,5.0,3.0,1.4,0.2631578947368421
orb_0403,seed,unsolved,YXXXyxYx,YYYYYxyyyyX,19,1,19.0,5.0,3.0,1.4,0.2631578947368421
orb_0404,moved_cov,unsolved,YXXXyxYx,YYYxyyxYXXX,19,1,19.0,6.0,3.0,1.5,0.05263157894736842
orb_0405,seed,unsolved,YXXXyxYxx,YYYYXXyxxx,19,1,19.0,5.0,3.0,1.6,0.15789473684210525
orb_0406,moved_cov,unsolved,YXXXyxx,YYXXyxxxxyyX,19,1,19.0,5.0,3.0,1.4,0.2631578947368421
orb_0407,moved_cov,unsolved,YXXXyxx,YYXXyxyXXXyx,19,1,19.0,6.0,4.0,1.1666666666666667,0.2631578947368421
orb_0408,moved_cov,unsolved,YXXXyxx,YYYXXYxxyyyx,19,1,19.0,5.0,3.0,1.8,0.05263157894736842
orb_0409,moved_cov,unsolved,YXXXyxx,YYYXyyyXYxxx,19,1,19.0,5.0,3.0,1.8,0.05263157894736842
orb_0410,moved_cov,unsolved,YXXXyxx,YYYYXXyxxyyX,19,1,19.0,5.0,3.0,1.8,0.05263157894736842
orb_0411,moved_cov,unsolved,YXXXyxx,YYYYXyyxxxyX,19,1,19.0,5.0,3.0,1.8,0.05263157894736842
orb_0412,moved_cov,unsolved,YXXYx,YYYYYXYxyyyyyX,19,1,19.0,5.0,3.0,1.2,0.3684210526315789
orb_0413,seed,unsolved,YXXYxYxx,YYYYYXyyyyx,19,1,19.0,5.0,3.0,1.4,0.2631578947368421
orb_0414,moved_cov,solved,YXXYxYxx,YYxxYXYxxYX,19,2,19.0,7.0,4.0,1.1428571428571428,0.15789473684210525
orb_0415,seed,unsolved,YXXYxYxxx,YYXyyXXyxx,19,1,19.0,6.0,3.0,1.3333333333333333,0.15789473684210525
orb_0416,moved_cov,unsolved,YXXYxxyX,YYYXyyXXYxx,19,1,19.0,6.0,3.0,1.5,0.05263157894736842
orb_0417,seed,unsolved,YXXYxxyX,YYYYYXyyyyx,19,1,19.0,5.0,3.0,1.4,0.2631578947368421
orb_0418,seed,unsolved,YXXYxxyX,YYYYYxyyyyX,19,1,19.0,5.0,3.0,1.4,0.2631578947368421
orb_0419,moved_cov,unsolved,YXXYxxyX,YYYxyyXXyxx,19,1,19.0,6.0,3.0,1.5,0.05263157894736842
orb_0420,moved_cov,unsolved,YXXYxxyx,YXyXXyxYXyx,19,1,19.0,8.0,5.0,1.0,0.15789473684210525
orb_0421,moved_cov,unsolved,YXXYxxyx,YYYXyyXXyxx,19,1,19.0,6.0,3.0,1.5,0.05263157894736842
orb_0422,seed,unsolved,YXXYxxyx,YYYYYXyyyyx,19,1,19.0,5.0,3.0,1.4,0.2631578947368421
orb_0423,seed,unsolved,YXXYxxyx,YYYYYxyyyyX,19,1,19.0,5.0,3.0,1.4,0.2631578947368421
orb_0424,moved_cov,unsolved,YXXYxxyx,YYYxyyXXYxx,19,1,19.0,6.0,3.0,1.5,0.05263157894736842
orb_0425,seed,unsolved,YXXyXYxxx,YYYYXXXYxx,19,1,19.0,5.0,3.0,1.6,0.15789473684210525
orb_0426,seed,unsolved,YXXyXyxx,YYYYYXyyyyx,19,1,19.0,5.0,3.0,1.4,0.2631578947368421
orb_0427,moved_cov,solved,YXXyXyxx,YYxxyXYxxyX,19,2,19.0,7.0,4.0,1.1428571428571428,0.15789473684210525
orb_0428,moved_cov,solved,YXXyXyxx,YYxyXXYxyxx,19,1,19.0,7.0,4.0,1.1428571428571428,0.15789473684210525
orb_0429,moved_cov,solved,YXXyx,YYYYYXYxyyyyyx,19,1,19.0,5.0,3.0,1.2,0.3684210526315789
orb_0430,moved_cov,solved,YXXyx,YYYYYYXyyyyyxx,19,1,19.0,4.0,2.0,1.5,0.3684210526315789
orb_0431,moved_cov,solved,YXXyxYx,YYXYXyxYYXyx,19,1,19.0,8.0,5.0,1.125,0.05263157894736842
orb_0432,moved_cov,unsolved,YXXyxYx,YYXyXXyxxyxx,19,1,19.0,7.0,4.0,1.1428571428571428,0.15789473684210525
orb_0433,moved_cov,unsolved,YXXyxYx,YYYYYXyxxYXX,19,1,19.0,6.0,3.0,1.5,0.05263157894736842
orb_0434,moved_cov,solved,YXyXXYxyx,YYXyXXYXyX,19,1,19.0,8.0,4.0,1.125,0.05263157894736842
orb_0435,moved_cov,solved,YXyXXYxyx,YYXyxxYXyx,19,1,19.0,8.0,4.0,1.125,0.05263157894736842
orb_0436,moved_cov,solved,YXyXXYxyx,YYxyXXYxyX,19,1,19.0,8.0,4.0,1.125,0.05263157894736842
orb_0437,moved_cov,solved,YXyXXYxyx,YYxyxxYxyx,19,1,19.0,8.0,4.0,1.125,0.05263157894736842
orb_0438,moved_cov,unsolved,YXyXYxxx,YYYXXXyxyyx,19,1,19.0,6.0,3.0,1.5,0.05263157894736842
orb_0439,moved_cov,unsolved,YXyXYxxx,YYYXYxxxyyX,19,1,19.0,6.0,3.0,1.5,0.05263157894736842
orb_0440,seed,unsolved,YXyXYxxx,YYYYYXyyyyx,19,1,19.0,5.0,3.0,1.4,0.2631578947368421
orb_0441,moved_cov,unsolved,YYXXXXXyx,YYxxyXXXXX,19,1,19.0,4.0,2.0,1.5,0.3684210526315789
orb_0442,moved_cov,unsolved,YYXXXXXyx,YYxyXXXXXX,19,1,19.0,4.0,2.0,1.5,0.3684210526315789
orb_0443,moved_cov,solved,YYXXXXYX,YYXXyxxxyyx,19,1,19.0,5.0,3.0,1.6,0.15789473684210525
orb_0444,seed,solved,YYXXXXyX,YXXXXXyxxxx,19,2,19.0,4.0,2.0,1.25,0.47368421052631576
orb_0445,seed,solved,YYXXXXyX,YXXXXyxxxxx,19,1,19.0,4.0,2.0,1.25,0.47368421052631576
orb_0446,moved_cov,solved,YYXXXXyX,YYxxyXXXXXX,19,1,19.0,4.0,2.0,1.5,0.3684210526315789
orb_0447,moved_cov,solved,YYXXXXyX,YYxyXXXXXXX,19,1,19.0,4.0,2.0,1.5,0.3684210526315789
orb_0448,moved_cov,solved,YYXXXXyX,YYxyXYXXyyx,19,1,19.0,6.0,4.0,1.5,0.05263157894736842
orb_0449,moved_cov,solved,YYXXXXyX,YYxyxYXXyyX,19,1,19.0,6.0,4.0,1.5,0.05263157894736842
orb_0450,seed,solved,YYXXXXyx,YXXXXyxxxxx,19,1,19.0,4.0,2.0,1.25,0.47368421052631576
orb_0451,moved_cov,solved,YYXXXXyx,YXXyxYXXyxx,19,1,19.0,6.0,4.0,1.1666666666666667,0.2631578947368421
orb_0452,moved_cov,solved,YYXXXXyx,YYXyXYYXyXX,19,1,19.0,6.0,4.0,1.5,0.05263157894736842
orb_0453,moved_cov,unsolved,YYXXXXyx,YYXyxYXXXXX,19,1,19.0,5.0,3.0,1.4,0.2631578947368421
orb_0454,seed,unsolved,YYXXXXyxx,YYxxyXXXXX,19,1,19.0,4.0,2.0,1.5,0.3684210526315789
orb_0455,seed,unsolved,YYXXXYxx,YYYYYXyyyyx,19,1,19.0,4.0,2.0,1.75,0.2631578947368421
orb_0456,seed,unsolved,YYXXXyX,YYYxyXyxyxyx,19,1,19.0,7.0,5.0,1.2857142857142858,0.05263157894736842
orb_0457,moved_cov,solved,YYXXXyX,YYxxxyXXXXXX,19,1,19.0,4.0,2.0,1.5,0.3684210526315789
orb_0458,seed,solved,YYXXXyXX,YXXXXXyxxxx,19,3,19.0,4.0,2.0,1.25,0.47368421052631576
orb_0459,moved_cov,unsolved,YYXXXyx,YYXXXYYxyXXX,19,1,19.0,5.0,3.0,1.6,0.15789473684210525
orb_0460,moved_cov,unsolved,YYXXXyx,YYYXyyxxxyyx,19,1,19.0,5.0,3.0,1.8,0.05263157894736842
orb_0461,moved_cov,solved,YYXXXyx,YYxxxyXXXXXX,19,1,19.0,4.0,2.0,1.5,0.3684210526315789
orb_0462,seed,solved,YYXXXyxx,YXXXXXyxxxx,19,4,19.0,4.0,2.0,1.25,0.47368421052631576
orb_0463,seed,unsolved,YYXXXyxx,YYXYYxxyXXX,19,1,19.0,5.0,3.0,1.6,0.15789473684210525
orb_0464,seed,unsolved,YYXXXyxx,YYXYYxyXXXX,19,1,19.0,5.0,3.0,1.6,0.15789473684210525
orb_0465,moved_cov,unsolved,YYXXXyxx,YYYXXYxyXyx,19,1,19.0,6.0,4.0,1.5,0.05263157894736842
orb_0466,seed,unsolved,YYXXXyxx,YYYYYXXyXyx,19,1,19.0,5.0,3.0,1.8,0.05263157894736842
orb_0467,seed,unsolved,YYXXXyxx,YYYYYXyyyyx,19,1,19.0,4.0,2.0,1.75,0.2631578947368421
orb_0468,moved_cov,solved,YYXXXyxx,YYxxxxyXXXX,19,1,19.0,4.0,2.0,1.5,0.3684210526315789
orb_0469,moved_cov,solved,YYXXXyxx,YYxxxyXXXXX,19,1,19.0,4.0,2.0,1.5,0.3684210526315789
orb_0470,moved_cov,solved,YYXXYXXyX,YYXXXXXyxx,19,1,19.0,5.0,3.0,1.4,0.2631578947368421
orb_0471,moved_cov,solved,YYXXYXXyx,YYXXyyxxYX,19,1,19.0,6.0,3.0,1.5,0.05263157894736842
orb_0472,moved_cov,solved,YYXXYx,YYYXyyxYYXyyx,19,1,19.0,6.0,4.0,1.1666666666666667,0.2631578947368421
orb_0473,moved_cov,unsolved,YYXXYx,YYYYxYXXyyxYX,19,1,19.0,6.0,4.0,1.3333333333333333,0.15789473684210525
orb_0474,moved_cov,unsolved,YYXXYx,YYYYxYXyyyxyX,19,1,19.0,6.0,4.0,1.1666666666666667,0.2631578947368421
orb_0475,moved_cov,unsolved,YYXXYx,YYYYxyXyyyxYX,19,1,19.0,6.0,4.0,1.1666666666666667,0.2631578947368421
orb_0476,moved_cov,unsolved,YYXXYx,YYYxYXXyyyxYX,19,1,19.0,6.0,4.0,1.3333333333333333,0.15789473684210525
orb_0477,moved_cov,unsolved,YYXXYx,YYYxxyXyxYXyX,19,1,19.0,7.0,5.0,1.2857142857142858,0.05263157894736842
orb_0478,seed,solved,YYXXyx,YXXXXXXyxxxxx,19,2,19.0,4.0,2.0,1.25,0.47368421052631576
orb_0479,moved_cov,unsolved,YYXXyx,YXyXXXXYxyxxx,19,1,19.0,6.0,4.0,1.1666666666666667,0.2631578947368421
orb_0480,moved_cov,unsolved,YYXXyx,YXyXXXYxyxxxx,19,1,19.0,6.0,4.0,1.1666666666666667,0.2631578947368421
orb_0481,moved_cov,solved,YYXXyx,YXyxYXyxYXyxx,19,1,19.0,8.0,6.0,1.125,0.05263157894736842
orb_0482,moved_cov,unsolved,YYXXyx,YYXyxxxYXyXXX,19,1,19.0,6.0,4.0,1.3333333333333333,0.15789473684210525
orb_0483,moved_cov,unsolved,YYXXyx,YYXyxxxxYXyXX,19,1,19.0,6.0,4.0,1.3333333333333333,0.15789473684210525
orb_0484,moved_cov,unsolved,YYXXyx,YYYYYYXyxyyXX,19,1,19.0,5.0,3.0,1.4,0.2631578947368421
orb_0485,moved_cov,unsolved,YYXXyx,YYYxyXXYYxyXX,19,1,19.0,6.0,4.0,1.5,0.05263157894736842
orb_0486,moved_cov,solved,YYXXyxx,YYxxxxxyXXXX,19,1,19.0,4.0,2.0,1.5,0.3684210526315789
orb_0487,seed,unsolved,YYXXyxxyx,YXXXXXyxYx,19,1,19.0,6.0,3.0,1.1666666666666667,0.2631578947368421
orb_0488,moved_cov,solved,YYYXXXX,YYXXXYxxxyyX,19,1,19.0,4.0,3.0,2.0,0.15789473684210525
orb_0489,moved_cov,solved,X,YYYXyyxYYXyyxYYXyyx,20,1,20.0,6.0,6.0,1.0,0.3
orb_0490,moved_cov,solved,X,YYYYXyyyyxYYYXyyyyx,20,1,20.0,4.0,4.0,1.0,0.5
orb_0491,moved_cov,solved,YXXXXyxxx,YYXXXXXXyxx,20,1,20.0,4.0,2.0,1.25,0.5
orb_0492,moved_cov,solved,YXXXXyxxx,YYXXXyxxxxx,20,1,20.0,4.0,2.0,1.25,0.5
orb_0493,moved_cov,unsolved,YXXXXyxxx,YYXXYxxxyyX,20,1,20.0,5.0,3.0,1.4,0.3
orb_0494,moved_cov,unsolved,YXXXXyxxx,YYXXYxxxyyx,20,1,20.0,5.0,3.0,1.4,0.3
orb_0495,moved_cov,solved,YXXXXyxxx,YYXXyxxxxxx,20,1,20.0,4.0,2.0,1.25,0.5
orb_0496,moved_cov,unsolved,YXXXXyxxx,YYXyyXXXyxx,20,1,20.0,5.0,3.0,1.4,0.3
orb_0497,moved_cov,unsolved,YXXXXyxxx,YYXyyXXYxxx,20,1,20.0,5.0,3.0,1.4,0.3
orb_0498,moved_cov,unsolved,YXXXXyxxx,YYYXXXyxxyX,20,1,20.0,5.0,3.0,1.4,0.3
orb_0499,moved_cov,unsolved,YXXXXyxxx,YYYXXXyxxyx,20,1,20.0,5.0,3.0,1.4,0.3
orb_0500,moved_cov,unsolved,YXXXXyxxx,YYYXyXXXyxx,20,1,20.0,5.0,3.0,1.4,0.3
orb_0501,moved_cov,unsolved,YXXXXyxxx,YYYXyxxxyXX,20,1,20.0,5.0,3.0,1.4,0.3
orb_0502,seed,unsolved,YXXXYxx,YYYYYYXyyyyyx,20,1,20.0,4.0,2.0,1.75,0.3
orb_0503,seed,unsolved,YXXXyXyxx,YYYxyyXXXyx,20,1,20.0,6.0,3.0,1.5,0.1
orb_0504,seed,unsolved,YXXXyxYxx,YYYYYXXyxxx,20,1,20.0,5.0,3.0,1.8,0.1
orb_0505,seed,unsolved,YXXXyxx,YYYYYYXyyyyyx,20,1,20.0,4.0,2.0,1.75,0.3
orb_0506,seed,unsolved,YXXYxYxxx,YYYxyyXXYxx,20,1,20.0,6.0,3.0,1.5,0.1
orb_0507,seed,unsolved,YXXYxxyxx,YYYYxxxxxxx,20,1,20.0,4.0,3.0,1.75,0.3
orb_0508,seed,unsolved,YXXyXYxxx,YYYYYXXXYxx,20,1,20.0,5.0,3.0,1.8,0.1
orb_0509,moved_cov,solved,YXXyx,YYYXyyyxYYXyyyx,20,1,20.0,6.0,4.0,1.1666666666666667,0.3
orb_0510,seed,solved,YXXyx,YYYYYYYXyyyyyyx,20,1,20.0,4.0,2.0,1.25,0.5
orb_0511,moved_cov,unsolved,YXYxYXXYx,YYYXyxyyXYx,20,1,20.0,8.0,4.0,1.125,0.1
orb_0512,moved_cov,solved,YXyXXYxyx,YYXyXXYXyXX,20,1,20.0,8.0,4.0,1.125,0.1
orb_0513,moved_cov,solved,YXyXXYxyx,YYXyxxYXyxx,20,1,20.0,8.0,4.0,1.125,0.1
orb_0514,moved_cov,unsolved,YXyxYXXyx,YYYXYxyyXyx,20,1,20.0,8.0,4.0,1.125,0.1
orb_0515,moved_cov,unsolved,YXyxYXXyx,YYYXyxyyXYx,20,1,20.0,8.0,4.0,1.125,0.1
orb_0516,moved_cov,unsolved,YXyxYXXyx,YYYYXyxyXyx,20,1,20.0,8.0,4.0,1.125,0.1
orb_0517,moved_cov,solved,YYXXXXXyx,YXXXXyxxxxx,20,1,20.0,4.0,2.0,1.25,0.5
orb_0518,moved_cov,solved,YYXXXXyXX,YXXXXXyxxxx,20,1,20.0,4.0,2.0,1.25,0.5
orb_0519,moved_cov,solved,YYXXXXyxx,YXXXXXyxxxx,20,2,20.0,4.0,2.0,1.25,0.5
orb_0520,moved_cov,solved,YYXXXYxyx,YYXyyxYYXyx,20,1,20.0,7.0,4.0,1.2857142857142858,0.1
orb_0521,seed,solved,YYXXXyX,YXXXXXXyxxxxx,20,2,20.0,4.0,2.0,1.25,0.5
orb_0522,moved_cov,unsolved,YYXXXyX,YYxyXyxyxYXXX,20,1,20.0,7.0,5.0,1.2857142857142858,0.1
orb_0523,seed,solved,YYXXXyx,YXXXXXXyxxxxx,20,2,20.0,4.0,2.0,1.25,0.5
orb_0524,moved_cov,solved,YYXXXyx,YXXyxxYXXyxxx,20,1,20.0,6.0,4.0,1.1666666666666667,0.3
orb_0525,moved_cov,unsolved,YYXXXyx,YXYXXXXXyxxYx,20,1,20.0,6.0,4.0,1.1666666666666667,0.3
orb_0526,moved_cov,solved,YYXXYXXyX,YYYXXyxxyXX,20,1,20.0,6.0,3.0,1.5,0.1
orb_0527,moved_cov,unsolved,YYXXYXXyx,YYXXyyxxYXX,20,1,20.0,6.0,3.0,1.5,0.1
orb_0528,moved_cov,solved,YYXXYYx,YYYXyyxYYXyyx,20,1,20.0,6.0,4.0,1.1666666666666667,0.3
orb_0529,moved_cov,solved,YYXXyXyxx,YYXyyxYYXyx,20,1,20.0,7.0,4.0,1.2857142857142858,0.1
orb_0530,seed,solved,YYXXyxx,YXXXXXXyxxxxx,20,2,20.0,4.0,2.0,1.25,0.5
orb_0531,moved_cov,solved,YXXXXXyXYx,YXyxxxxxxyx,21,1,21.0,6.0,3.0,1.0,0.42857142857142855
orb_0532,moved_cov,unsolved,YXXXXXyxYx,YXXyxxxxxyX,21,1,21.0,6.0,3.0,1.0,0.42857142857142855
orb_0533,moved_cov,unsolved,YXXXXXyxYx,YXyxxxxxxyX,21,1,21.0,6.0,3.0,1.0,0.42857142857142855
orb_0534,moved_cov,unsolved,YXXXXXyxYx,YYXXXXXXyxx,21,1,21.0,5.0,3.0,1.2,0.42857142857142855
orb_0535,moved_cov,unsolved,YXXXXyxYx,YXXXYxxxyXXX,21,1,21.0,6.0,3.0,1.0,0.42857142857142855
orb_0536,seed,unsolved,YXXXXyxxYx,YXYxYXyxyXX,21,1,21.0,8.0,5.0,1.0,0.23809523809523808
orb_0537,moved_cov,solved,YXXXXyxxx,YYXXXXXXXyxx,21,1,21.0,4.0,2.0,1.25,0.5238095238095238
orb_0538,moved_cov,unsolved,YXXXXyxxx,YYXXXYxxxyyX,21,1,21.0,5.0,3.0,1.4,0.3333333333333333
orb_0539,moved_cov,unsolved,YXXXXyxxx,YYXXXYxxxyyx,21,1,21.0,5.0,3.0,1.4,0.3333333333333333
orb_0540,moved_cov,solved,YXXXXyxxx,YYXXXyxxxxxx,21,1,21.0,4.0,2.0,1.25,0.5238095238095238
orb_0541,moved_cov,unsolved,YXXXXyxxx,YYXXXyyXYxxx,21,1,21.0,5.0,3.0,1.4,0.3333333333333333
orb_0542,moved_cov,unsolved,YXXXXyxxx,YYXXXyyxYxxx,21,1,21.0,5.0,3.0,1.4,0.3333333333333333
orb_0543,moved_cov,unsolved,YXXXXyxxx,YYXXYXyXXyxx,21,1,21.0,6.0,4.0,1.1666666666666667,0.3333333333333333
orb_0544,moved_cov,unsolved,YXXXXyxxx,YYXXYxyXXyxx,21,1,21.0,6.0,4.0,1.1666666666666667,0.3333333333333333
orb_0545,moved_cov,unsolved,YXXXXyxxx,YYXyyXXXXyxx,21,1,21.0,5.0,3.0,1.4,0.3333333333333333
orb_0546,moved_cov,unsolved,YXXXXyxxx,YYXyyXXYxxxx,21,1,21.0,5.0,3.0,1.4,0.3333333333333333
orb_0547,moved_cov,unsolved,YXXXXyxxx,YYYXXXyXXyxx,21,1,21.0,5.0,3.0,1.4,0.3333333333333333
orb_0548,moved_cov,unsolved,YXXXXyxxx,YYYXXXyxxxyX,21,1,21.0,5.0,3.0,1.4,0.3333333333333333
orb_0549,moved_cov,unsolved,YXXXXyxxx,YYYXXXyxxxyx,21,1,21.0,5.0,3.0,1.4,0.3333333333333333
orb_0550,moved_cov,unsolved,YXXXXyxxx,YYYXXXyyxxxx,21,1,21.0,4.0,2.0,1.75,0.3333333333333333
orb_0551,moved_cov,unsolved,YXXXXyxxx,YYYXyXXXXyxx,21,1,21.0,5.0,3.0,1.4,0.3333333333333333
orb_0552,moved_cov,unsolved,YXXXXyxxx,YYYXyxxxxyXX,21,1,21.0,5.0,3.0,1.4,0.3333333333333333
orb_0553,seed,unsolved,YXXXYxYx,YYYYYYXyyyyyx,21,1,21.0,5.0,3.0,1.4,0.3333333333333333
orb_0554,moved_cov,unsolved,YXXXYxx,YYYYXXYxxyyyyX,21,1,21.0,5.0,3.0,2.0,0.047619047619047616
orb_0555,moved_cov,unsolved,YXXXYxx,YYYYXyyyyXyxxx,21,1,21.0,5.0,3.0,2.0,0.047619047619047616
orb_0556,moved_cov,unsolved,YXXXYxx,YYYYYXXYxxyyyX,21,1,21.0,5.0,3.0,2.0,0.047619047619047616
orb_0557,moved_cov,unsolved,YXXXYxx,YYYYYxYXXXyyyx,21,1,21.0,5.0,3.0,2.0,0.047619047619047616
orb_0558,moved_cov,solved,YXXXYxxxyX,YXXXyXYxxxx,21,2,21.0,6.0,3.0,1.0,0.42857142857142855
orb_0559,moved_cov,unsolved,YXXXyXyx,YYxxYxxyxxyXX,21,1,21.0,7.0,4.0,1.1428571428571428,0.23809523809523808
orb_0560,moved_cov,unsolved,YXXXyXyxx,YYXXYxxxxyyX,21,1,21.0,6.0,3.0,1.3333333333333333,0.23809523809523808
orb_0561,moved_cov,unsolved,YXXXyxYx,YYXXXXyxyxYxx,21,1,21.0,7.0,4.0,1.1428571428571428,0.23809523809523808
orb_0562,moved_cov,unsolved,YXXXyxYx,YYYYXyyyxxxyX,21,1,21.0,6.0,3.0,1.6666666666666667,0.047619047619047616
orb_0563,seed,unsolved,YXXXyxYx,YYYYYYXyyyyyx,21,1,21.0,5.0,3.0,1.4,0.3333333333333333
orb_0564,seed,unsolved,YXXXyxYx,YYYYYYxyyyyyX,21,1,21.0,5.0,3.0,1.4,0.3333333333333333
orb_0565,moved_cov,unsolved,YXXXyxYx,YYYYxyyyxYXXX,21,1,21.0,6.0,3.0,1.6666666666666667,0.047619047619047616
orb_0566,seed,unsolved,YXXXyxYxx,YYYYYYXXXYxx,21,1,21.0,5.0,3.0,2.0,0.047619047619047616
orb_0567,seed,unsolved,YXXXyxYxx,YYYYYYXXyxxx,21,1,21.0,5.0,3.0,2.0,0.047619047619047616
orb_0568,moved_cov,unsolved,YXXXyxx,YYXXXXyxyXXXyx,21,1,21.0,6.0,4.0,1.1666666666666667,0.3333333333333333
orb_0569,moved_cov,unsolved,YXXXyxx,YYXXYxxyXXyxxx,21,1,21.0,6.0,4.0,1.1666666666666667,0.3333333333333333
orb_0570,moved_cov,unsolved,YXXXyxx,YYYYXXYxxyyyyx,21,1,21.0,5.0,3.0,2.0,0.047619047619047616
orb_0571,moved_cov,unsolved,YXXXyxx,YYYYXyyyyXYxxx,21,1,21.0,5.0,3.0,2.0,0.047619047619047616
orb_0572,moved_cov,unsolved,YXXXyxx,YYYYYXXyxxyyyX,21,1,21.0,5.0,3.0,2.0,0.047619047619047616
orb_0573,moved_cov,unsolved,YXXXyxx,YYYYYXyyyxxxyX,21,1,21.0,5.0,3.0,2.0,0.047619047619047616
orb_0574,moved_cov,unsolved,YXXYx,YYXyxYXYxyXYYxyX,21,1,21.0,9.0,7.0,1.1111111111111112,0.047619047619047616
orb_0575,moved_cov,unsolved,YXXYx,YYXyxYXYxyXYxyyX,21,1,21.0,9.0,7.0,1.1111111111111112,0.047619047619047616
orb_0576,moved_cov,solved,YXXYx,YYYXYxyXYxyXYxyX,21,1,21.0,9.0,7.0,1.1111111111111112,0.047619047619047616
orb_0577,moved_cov,unsolved,YXXYxYxxx,YYXXXYxxxyyx,21,1,21.0,6.0,3.0,1.3333333333333333,0.23809523809523808
orb_0578,seed,unsolved,YXXYxYxxx,YYYXyyyXXyxx,21,1,21.0,6.0,3.0,1.6666666666666667,0.047619047619047616
orb_0579,moved_cov,unsolved,YXXYxxyX,YYYYXyyyXXYxx,21,1,21.0,6.0,3.0,1.6666666666666667,0.047619047619047616
orb_0580,seed,unsolved,YXXYxxyX,YYYYYYXyyyyyx,21,1,21.0,5.0,3.0,1.4,0.3333333333333333
orb_0581,seed,unsolved,YXXYxxyX,YYYYYYxyyyyyX,21,1,21.0,5.0,3.0,1.4,0.3333333333333333
orb_0582,moved_cov,unsolved,YXXYxxyX,YYYYxyyyXXyxx,21,1,21.0,6.0,3.0,1.6666666666666667,0.047619047619047616
orb_0583,moved_cov,unsolved,YXXYxxyx,YYYYXyyyXXyxx,21,1,21.0,6.0,3.0,1.6666666666666667,0.047619047619047616
orb_0584,seed,unsolved,YXXYxxyx,YYYYYYXyyyyyx,21,1,21.0,5.0,3.0,1.4,0.3333333333333333
orb_0585,seed,unsolved,YXXYxxyx,YYYYYYxyyyyyX,21,1,21.0,5.0,3.0,1.4,0.3333333333333333
orb_0586,moved_cov,unsolved,YXXYxxyx,YYYYxyyyXXYxx,21,1,21.0,6.0,3.0,1.6666666666666667,0.047619047619047616
orb_0587,seed,unsolved,YXXyXYxxx,YYYYYYXXXYxx,21,1,21.0,5.0,3.0,2.0,0.047619047619047616
orb_0588,moved_cov,unsolved,YXXyXyx,YYYXYxyyXXyxxx,21,1,21.0,7.0,4.0,1.4285714285714286,0.047619047619047616
orb_0589,seed,unsolved,YXXyXyxx,YYYYYYXyyyyyx,21,1,21.0,5.0,3.0,1.4,0.3333333333333333
orb_0590,moved_cov,solved,YXXyx,YYYYYYXYxyyyyyyx,21,1,21.0,5.0,3.0,1.2,0.42857142857142855
orb_0591,moved_cov,solved,YXXyx,YYYYYYYXyyyyyyxx,21,1,21.0,4.0,2.0,1.5,0.42857142857142855
orb_0592,moved_cov,unsolved,YXYxyXXyx,YYXyyXYxyXYx,21,1,21.0,9.0,5.0,1.1111111111111112,0.047619047619047616
orb_0593,moved_cov,unsolved,YXYxyx,YYYYxxxYYYYxxxx,21,1,21.0,5.0,3.0,2.0,0.047619047619047616
orb_0594,moved_cov,unsolved,YXyXYxx,YYXYXyyxYYXyyx,21,1,21.0,8.0,5.0,1.125,0.14285714285714285
orb_0595,moved_cov,unsolved,YXyXYxxx,YYYXyxxYYXyxx,21,1,21.0,7.0,4.0,1.4285714285714286,0.047619047619047616
orb_0596,moved_cov,unsolved,YXyXYxxx,YYYYXXXyxyyyx,21,1,21.0,6.0,3.0,1.6666666666666667,0.047619047619047616
orb_0597,moved_cov,unsolved,YXyXYxxx,YYYYXYxxxyyyX,21,1,21.0,6.0,3.0,1.6666666666666667,0.047619047619047616
orb_0598,seed,unsolved,YXyXYxxx,YYYYYYXyyyyyx,21,1,21.0,5.0,3.0,1.4,0.3333333333333333
orb_0599,moved_cov,solved,YYXXXXXXyx,YXXXXXyxxxx,21,1,21.0,4.0,2.0,1.25,0.5238095238095238
orb_0600,moved_cov,unsolved,YYXXXXXyx,YYxxyXXXXXXX,21,1,21.0,4.0,2.0,1.5,0.42857142857142855
orb_0601,moved_cov,unsolved,YYXXXXXyxx,YYxxxyXXXXX,21,1,21.0,4.0,2.0,1.5,0.42857142857142855
orb_0602,seed,solved,YYXXXXyX,YXXXXXXyxxxxx,21,2,21.0,4.0,2.0,1.25,0.5238095238095238
orb_0603,seed,solved,YYXXXXyX,YXXXXXyxxxxxx,21,2,21.0,4.0,2.0,1.25,0.5238095238095238
orb_0604,moved_cov,unsolved,YYXXXXyX,YYYxyyxxxxyyX,21,1,21.0,5.0,3.0,2.0,0.047619047619047616
orb_0605,moved_cov,solved,YYXXXXyx,YYxxxxyXXXXXX,21,1,21.0,4.0,2.0,1.5,0.42857142857142855
orb_0606,moved_cov,solved,YYXXXXyxxx,YXXXXXyxxxx,21,3,21.0,4.0,2.0,1.25,0.5238095238095238
orb_0607,moved_cov,unsolved,YYXXXYxx,YYYYXXYxxyyyX,21,1,21.0,5.0,3.0,2.0,0.047619047619047616
orb_0608,moved_cov,unsolved,YYXXXYxx,YYYYYXXYxxyyX,21,1,21.0,5.0,3.0,2.0,0.047619047619047616
orb_0609,seed,unsolved,YYXXXYxx,YYYYYYxyyyyyX,21,1,21.0,4.0,2.0,1.75,0.3333333333333333
orb_0610,moved_cov,unsolved,YYXXXYxx,YYYYxyyyXXXYx,21,1,21.0,5.0,3.0,2.0,0.047619047619047616
orb_0611,moved_cov,solved,YYXXXyX,YYxxxyXXXXXXXX,21,1,21.0,4.0,2.0,1.5,0.42857142857142855
orb_0612,seed,solved,YYXXXyXX,YXXXXXXyxxxxx,21,2,21.0,4.0,2.0,1.25,0.5238095238095238
orb_0613,seed,solved,YYXXXyXX,YXXXXXyxxxxxx,21,2,21.0,4.0,2.0,1.25,0.5238095238095238
orb_0614,seed,solved,YYXXXyxx,YXXXXXXyxxxxx,21,2,21.0,4.0,2.0,1.25,0.5238095238095238
orb_0615,moved_cov,solved,YYXXXyxx,YXXyxxYXXyxxx,21,1,21.0,6.0,4.0,1.1666666666666667,0.3333333333333333
orb_0616,moved_cov,unsolved,YYXXXyxx,YYYXXyXyXYxxx,21,1,21.0,6.0,4.0,1.5,0.14285714285714285
orb_0617,moved_cov,unsolved,YYXXXyxx,YYYYXXyxxyyyX,21,1,21.0,5.0,3.0,2.0,0.047619047619047616
orb_0618,seed,unsolved,YYXXXyxx,YYYYYYxyyyyyX,21,1,21.0,4.0,2.0,1.75,0.3333333333333333
orb_0619,moved_cov,unsolved,YYXXXyxx,YYYYxyyyXXXyx,21,1,21.0,5.0,3.0,2.0,0.047619047619047616
orb_0620,moved_cov,unsolved,YYXXXyxx,YYxxxxxyXXXXX,21,1,21.0,4.0,2.0,1.5,0.42857142857142855
orb_0621,moved_cov,unsolved,YYXXXyxx,YYxxxxyXXXXXX,21,1,21.0,4.0,2.0,1.5,0.42857142857142855
orb_0622,moved_cov,unsolved,YYXXXyxx,YYxxyXXXXXYxx,21,1,21.0,5.0,3.0,1.4,0.3333333333333333
orb_0623,moved_cov,unsolved,YYXXXyxx,YYxyXXXXXXYxx,21,1,21.0,5.0,3.0,1.4,0.3333333333333333
orb_0624,moved_cov,unsolved,YYXXXyxyx,YXXXyXYxxxxx,21,1,21.0,6.0,3.0,1.1666666666666667,0.3333333333333333
orb_0625,seed,unsolved,YYXXXyyxx,YXXXXXyxxYxx,21,1,21.0,5.0,3.0,1.4,0.3333333333333333
orb_0626,moved_cov,solved,YYXXYXXyX,YYXXXXXXyxxx,21,1,21.0,5.0,3.0,1.4,0.3333333333333333
orb_0627,moved_cov,solved,YYXXYXXyX,YYYXXyxxyXXX,21,1,21.0,6.0,3.0,1.5,0.14285714285714285
orb_0628,moved_cov,solved,YYXXYXXyx,YXXyXXXYxxxx,21,1,21.0,6.0,3.0,1.1666666666666667,0.3333333333333333
orb_0629,moved_cov,solved,YYXXYXyyxx,YYXyyxYXyyx,21,1,21.0,7.0,4.0,1.2857142857142858,0.14285714285714285
orb_0630,moved_cov,unsolved,YYXXYYXXYx,YYYYXXyxxyX,21,1,21.0,6.0,3.0,1.6666666666666667,0.047619047619047616
orb_0631,moved_cov,solved,YYXXYx,YYYXyyyxYYXyyyx,21,1,21.0,6.0,4.0,1.1666666666666667,0.3333333333333333
orb_0632,moved_cov,unsolved,YYXXYx,YYYYYxYXXyyyxYX,21,1,21.0,6.0,4.0,1.3333333333333333,0.23809523809523808
orb_0633,moved_cov,unsolved,YYXXYx,YYYYYxYXyyyyxyX,21,1,21.0,6.0,4.0,1.1666666666666667,0.3333333333333333
orb_0634,moved_cov,unsolved,YYXXYx,YYYYYxyXyyyyxYX,21,1,21.0,6.0,4.0,1.1666666666666667,0.3333333333333333
orb_0635,moved_cov,unsolved,YYXXYx,YYYYxYXXyyyyxYX,21,1,21.0,6.0,4.0,1.3333333333333333,0.23809523809523808
orb_0636,moved_cov,unsolved,YYXXYx,YYYYxYXyxyXyxyX,21,1,21.0,8.0,6.0,1.125,0.14285714285714285
orb_0637,moved_cov,solved,YYXXyXyxx,YYXyXyxYYXyx,21,1,21.0,8.0,5.0,1.25,0.047619047619047616
orb_0638,moved_cov,unsolved,YYXXyx,YXyXXXXXYxyxxxx,21,1,21.0,6.0,4.0,1.1666666666666667,0.3333333333333333
orb_0639,moved_cov,unsolved,YYXXyx,YXyXXXXYxyxxxxx,21,1,21.0,6.0,4.0,1.1666666666666667,0.3333333333333333
orb_0640,moved_cov,unsolved,YYXXyx,YYXXYYXXXyxxYXX,21,1,21.0,6.0,4.0,1.5,0.14285714285714285
orb_0641,moved_cov,unsolved,YYXXyx,YYXyxxxxYXyXXXX,21,1,21.0,6.0,4.0,1.3333333333333333,0.23809523809523808
orb_0642,moved_cov,unsolved,YYXXyx,YYXyxxxxxYXyXXX,21,1,21.0,6.0,4.0,1.3333333333333333,0.23809523809523808
orb_0643,moved_cov,unsolved,YYXXyx,YYXyyxxxyyxxxyX,21,1,21.0,6.0,4.0,1.6666666666666667,0.047619047619047616
orb_0644,moved_cov,unsolved,YYXXyx,YYYYXYxyyyyXyxx,21,1,21.0,6.0,4.0,1.3333333333333333,0.23809523809523808
orb_0645,moved_cov,unsolved,YYXXyx,YYYYYXYxyXyxyXX,21,1,21.0,7.0,5.0,1.2857142857142858,0.14285714285714285
orb_0646,moved_cov,unsolved,YYXXyx,YYYYYYXyxyyyyXX,21,1,21.0,5.0,3.0,1.4,0.3333333333333333
orb_0647,seed,unsolved,YYXXyx,YYYYYYYXyXyxyXX,21,1,21.0,6.0,4.0,1.3333333333333333,0.23809523809523808
orb_0648,moved_cov,unsolved,YYXXyx,YYYYYYYXyxyyyXX,21,1,21.0,5.0,3.0,1.4,0.3333333333333333
orb_0649,moved_cov,unsolved,YYXXyxx,YYXyxxYxyXYxyX,21,1,21.0,8.0,6.0,1.25,0.047619047619047616
orb_0650,moved_cov,solved,YYXXyxx,YYxxxxxxyXXXXX,21,1,21.0,4.0,2.0,1.5,0.42857142857142855
orb_0651,moved_cov,solved,YYXYXXyXyx,YXXyxYXXyxx,21,1,21.0,8.0,4.0,1.125,0.14285714285714285
orb_0652,moved_cov,unsolved,YYXYxYXXYx,YYYXyxyyXYx,21,1,21.0,8.0,4.0,1.125,0.14285714285714285
orb_0653,moved_cov,unsolved,YYYXXXXyyx,YYYxxyyXXXX,21,1,21.0,4.0,2.0,2.5,0.047619047619047616
orb_0654,moved_cov,solved,X,YYXyxYXyxYXyxYXyxYXyx,22,1,22.0,10.0,10.0,1.0,0.0
orb_0655,moved_cov,solved,YXXXXyxxx,YYXXXXXXXXyxx,22,1,22.0,4.0,2.0,1.25,0.5454545454545454
orb_0656,moved_cov,unsolved,YXXXXyxxx,YYXXXYxxxyXyX,22,1,22.0,6.0,4.0,1.1666666666666667,0.36363636363636365
orb_0657,moved_cov,unsolved,YXXXXyxxx,YYXXXYxxxyXyx,22,1,22.0,6.0,4.0,1.1666666666666667,0.36363636363636365
orb_0658,moved_cov,unsolved,YXXXXyxxx,YYXXXyxxxyXYx,22,1,22.0,6.0,4.0,1.1666666666666667,0.36363636363636365
orb_0659,moved_cov,unsolved,YXXXXyxxx,YYXXXyxxxyXyX,22,1,22.0,6.0,4.0,1.1666666666666667,0.36363636363636365
orb_0660,moved_cov,unsolved,YXXXXyxxx,YYXXXyxxxyXyx,22,1,22.0,6.0,4.0,1.1666666666666667,0.36363636363636365
orb_0661,moved_cov,unsolved,YXXXXyxxx,YYXXXyxxxyxYx,22,1,22.0,6.0,4.0,1.1666666666666667,0.36363636363636365
orb_0662,moved_cov,unsolved,YXXXXyxxx,YYXYXyXXXXyxx,22,1,22.0,6.0,4.0,1.1666666666666667,0.36363636363636365
orb_0663,moved_cov,unsolved,YXXXXyxxx,YYXYxxxyXXXyX,22,1,22.0,6.0,4.0,1.1666666666666667,0.36363636363636365
orb_0664,moved_cov,unsolved,YXXXXyxxx,YYXYxxxyXXXyx,22,1,22.0,6.0,4.0,1.1666666666666667,0.36363636363636365
orb_0665,moved_cov,unsolved,YXXXXyxxx,YYXYxyXXXXyxx,22,1,22.0,6.0,4.0,1.1666666666666667,0.36363636363636365
orb_0666,moved_cov,unsolved,YXXXXyxxx,YYXyXXXXyxxYX,22,1,22.0,6.0,4.0,1.1666666666666667,0.36363636363636365
orb_0667,moved_cov,unsolved,YXXXXyxxx,YYXyXyxxYXXXX,22,1,22.0,6.0,4.0,1.1666666666666667,0.36363636363636365
orb_0668,moved_cov,unsolved,YXXXXyxxx,YYXyXyxxxxyXX,22,1,22.0,6.0,4.0,1.1666666666666667,0.36363636363636365
orb_0669,moved_cov,unsolved,YXXXXyxxx,YYXyxxxxyXXYx,22,1,22.0,6.0,4.0,1.1666666666666667,0.36363636363636365
orb_0670,moved_cov,unsolved,YXXXXyxxx,YYXyxyXXXXyxx,22,1,22.0,6.0,4.0,1.1666666666666667,0.36363636363636365
orb_0671,moved_cov,unsolved,YXXXXyxxx,YYXyxyXXYxxxx,22,1,22.0,6.0,4.0,1.1666666666666667,0.36363636363636365
orb_0672,seed,unsolved,YXXXYxx,YYYYYYYXyyyyyyx,22,1,22.0,4.0,2.0,1.75,0.36363636363636365
orb_0673,moved_cov,unsolved,YXXXyXyxx,YYYXyyXXXyxxx,22,1,22.0,6.0,3.0,1.5,0.18181818181818182
orb_0674,moved_cov,unsolved,YXXXyXyxx,YYYYXXyxxyyyX,22,1,22.0,6.0,3.0,1.8333333333333333,0.0
orb_0675,moved_cov,unsolved,YXXXyxYxx,YYYYYXXXXYxxx,22,1,22.0,5.0,3.0,1.8,0.18181818181818182
orb_0676,seed,unsolved,YXXXyxYxx,YYYYYYYXXXYxx,22,1,22.0,5.0,3.0,2.2,0.0
orb_0677,seed,unsolved,YXXXyxx,YYYYYYYXyyyyyyx,22,1,22.0,4.0,2.0,1.75,0.36363636363636365
orb_0678,moved_cov,solved,YXXYx,YYXyxYXyxYXyxYXyx,22,1,22.0,10.0,8.0,1.1,0.0
orb_0679,moved_cov,unsolved,YXXYxYxxx,YYYXyyXXYxxxx,22,1,22.0,6.0,3.0,1.5,0.18181818181818182
orb_0680,moved_cov,unsolved,YXXYxYxxx,YYYYxyyyXXYxx,22,1,22.0,6.0,3.0,1.8333333333333333,0.0
orb_0681,seed,unsolved,YXXyXYxxx,YYYYYYYXXyxxx,22,1,22.0,5.0,3.0,2.2,0.0
orb_0682,moved_cov,solved,YXXyx,YYYYXyyyxYYYXyyyx,22,1,22.0,6.0,4.0,1.1666666666666667,0.36363636363636365
orb_0683,seed,solved,YXXyx,YYYYYYYYXyyyyyyyx,22,1,22.0,4.0,2.0,1.25,0.5454545454545454
orb_0684,moved_cov,unsolved,YXYxYXXYx,YYYYXYxyyyXyx,22,1,22.0,8.0,4.0,1.125,0.18181818181818182
orb_0685,moved_cov,solved,YXYxxYXyx,YYXyxYXyxYXyx,22,1,22.0,10.0,6.0,1.1,0.0
orb_0686,moved_cov,solved,YXyXXYxyx,YYXyxYXyxYXyx,22,1,22.0,10.0,6.0,1.1,0.0
orb_0687,moved_cov,unsolved,YXyxYXXyx,YYYYXyxyyyXYx,22,1,22.0,8.0,4.0,1.125,0.18181818181818182
orb_0688,moved_cov,solved,YYXXXXXXyxx,YXXXXXyxxxx,22,1,22.0,4.0,2.0,1.25,0.5454545454545454
orb_0689,moved_cov,solved,YYXXXXXXyxx,YXXXXyxxxxx,22,1,22.0,4.0,2.0,1.25,0.5454545454545454
orb_0690,moved_cov,solved,YYXXXXXyX,YXXXXXXyxxxxx,22,1,22.0,4.0,2.0,1.25,0.5454545454545454
orb_0691,moved_cov,solved,YYXXXXyXX,YXXXXXXyxxxxx,22,1,22.0,4.0,2.0,1.25,0.5454545454545454
orb_0692,moved_cov,solved,YYXXXXyXX,YXXXXXyxxxxxx,22,1,22.0,4.0,2.0,1.25,0.5454545454545454
orb_0693,moved_cov,solved,YYXXXXyXXXX,YXXXXXyxxxx,22,1,22.0,4.0,2.0,1.25,0.5454545454545454
orb_0694,moved_cov,solved,YYXXXXyxx,YXXyxxYXXyxxx,22,1,22.0,6.0,4.0,1.1666666666666667,0.36363636363636365
orb_0695,moved_cov,unsolved,YYXXXXyxx,YYXyxxYXXXXXX,22,1,22.0,5.0,3.0,1.4,0.36363636363636365
orb_0696,moved_cov,solved,YYXXXXyxxxx,YXXXXXyxxxx,22,1,22.0,4.0,2.0,1.25,0.5454545454545454
orb_0697,seed,solved,YYXXXyX,YXXXXXXyxxxxxxx,22,2,22.0,4.0,2.0,1.25,0.5454545454545454
orb_0698,moved_cov,unsolved,YYXXXyX,YXXXXYxxxxxyXyx,22,1,22.0,6.0,4.0,1.1666666666666667,0.36363636363636365
orb_0699,moved_cov,unsolved,YYXXXyX,YXYXYxYXyXXXyXX,22,1,22.0,8.0,6.0,1.125,0.18181818181818182
orb_0700,moved_cov,solved,YYXXXyXXX,YXXXXXXyxxxxx,22,1,22.0,4.0,2.0,1.25,0.5454545454545454
orb_0701,seed,solved,YYXXXyx,YXXXXXXyxxxxxxx,22,2,22.0,4.0,2.0,1.25,0.5454545454545454
orb_0702,moved_cov,unsolved,YYXXXyx,YYXXXYxxxxyXXXX,22,1,22.0,5.0,3.0,1.4,0.36363636363636365
orb_0703,moved_cov,solved,YYXXXyxxx,YXXXXXXyxxxxx,22,2,22.0,4.0,2.0,1.25,0.5454545454545454
orb_0704,moved_cov,unsolved,YYXXXyxxyxx,YXXXXyxxYxx,22,1,22.0,6.0,3.0,1.1666666666666667,0.36363636363636365
orb_0705,moved_cov,solved,YYXXyXYXXyX,YXXyXXYxxyx,22,1,22.0,8.0,4.0,1.125,0.18181818181818182
orb_0706,moved_cov,unsolved,YYXXyXYXXyX,YXXyxYxxxyX,22,1,22.0,8.0,4.0,1.125,0.18181818181818182
orb_0707,moved_cov,solved,YYXXyxYXXyx,YXXyXXYxxyx,22,1,22.0,8.0,4.0,1.125,0.18181818181818182
orb_0708,seed,solved,YYXXyxx,YXXXXXXXyxxxxxx,22,1,22.0,4.0,2.0,1.25,0.5454545454545454
orb_0709,moved_cov,unsolved,YYXXyxx,YXYXXXyxYxxyXyx,22,1,22.0,8.0,6.0,1.125,0.18181818181818182
orb_0710,moved_cov,unsolved,YYXXyxx,YXyXXYXyxxxYXyx,22,1,22.0,8.0,6.0,1.125,0.18181818181818182
orb_0711,moved_cov,solved,YYXXyxxyX,YYXyxYXyxYXyx,22,1,22.0,9.0,6.0,1.2222222222222223,0.0
orb_0712,moved_cov,solved,YYXYxxyXXyx,YXXyxYXXyxx,22,1,22.0,8.0,4.0,1.125,0.18181818181818182
orb_0713,seed,unsolved,YYYXXXXXyyX,YYXyxxyyXYx,22,1,22.0,6.0,4.0,1.8333333333333333,0.0
orb_0714,seed,unsolved,YYYXXXXXyyx,YYXyxxyyxYX,22,1,22.0,6.0,4.0,1.8333333333333333,0.0
orb_0715,moved_cov,solved,YXXXXXXyXYx,YXyxxxxxxxyx,23,1,23.0,6.0,3.0,1.0,0.4782608695652174
orb_0716,moved_cov,unsolved,YXXXXXXyxYx,YXyxxxxxxxyX,23,1,23.0,6.0,3.0,1.0,0.4782608695652174
orb_0717,moved_cov,unsolved,YXXXXXyxYx,YXXyxxxxxxxyX,23,1,23.0,6.0,3.0,1.0,0.4782608695652174
orb_0718,moved_cov,solved,YXXXXXyxxxx,YYXXXXXXXyxx,23,1,23.0,4.0,2.0,1.25,0.5652173913043478
orb_0719,moved_cov,solved,YXXXXXyxxxx,YYXXXyxxxxxx,23,1,23.0,4.0,2.0,1.25,0.5652173913043478
orb_0720,moved_cov,unsolved,YXXXXXyxxxx,YYYXXXXyyxxx,23,1,23.0,4.0,2.0,1.75,0.391304347826087
orb_0721,moved_cov,unsolved,YXXXXyXXyx,YYXXXyxyXYxyx,23,1,23.0,8.0,5.0,1.125,0.21739130434782608
orb_0722,moved_cov,solved,YXXXXyXYx,YXXXXyxxxxxxyx,23,2,23.0,6.0,3.0,1.0,0.4782608695652174
orb_0723,moved_cov,unsolved,YXXXXyxxx,YYXyyXXXXXXyxx,23,1,23.0,5.0,3.0,1.4,0.391304347826087
orb_0724,moved_cov,unsolved,YXXXXyxxx,YYXyyXXYxxxxxx,23,1,23.0,5.0,3.0,1.4,0.391304347826087
orb_0725,moved_cov,unsolved,YXXXXyxxx,YYYXXXXXyXXyxx,23,1,23.0,5.0,3.0,1.4,0.391304347826087
orb_0726,seed,unsolved,YXXXYxYx,YYYYYYYXyyyyyyx,23,1,23.0,5.0,3.0,1.4,0.391304347826087
orb_0727,moved_cov,unsolved,YXXXYxx,YYYYYXXYxxyyyyyX,23,1,23.0,5.0,3.0,2.0,0.13043478260869565
orb_0728,moved_cov,unsolved,YXXXYxx,YYYYYXyyyyyXyxxx,23,1,23.0,5.0,3.0,2.0,0.13043478260869565
orb_0729,moved_cov,unsolved,YXXXYxx,YYYYYYXXYxxyyyyX,23,1,23.0,5.0,3.0,2.0,0.13043478260869565
orb_0730,moved_cov,unsolved,YXXXYxx,YYYYYYxYXXXyyyyx,23,1,23.0,5.0,3.0,2.0,0.13043478260869565
orb_0731,moved_cov,unsolved,YXXXyXyxx,YYYXXYxxxxyyyX,23,1,23.0,6.0,3.0,1.6666666666666667,0.13043478260869565
orb_0732,moved_cov,unsolved,YXXXyXyxx,YYYxyXXXyxxyyX,23,1,23.0,7.0,4.0,1.4285714285714286,0.13043478260869565
orb_0733,moved_cov,unsolved,YXXXyxYx,YYYYYXyyyyxxxyX,23,1,23.0,6.0,3.0,1.6666666666666667,0.13043478260869565
orb_0734,seed,unsolved,YXXXyxYx,YYYYYYYXyyyyyyx,23,1,23.0,5.0,3.0,1.4,0.391304347826087
orb_0735,seed,unsolved,YXXXyxYx,YYYYYYYxyyyyyyX,23,1,23.0,5.0,3.0,1.4,0.391304347826087
orb_0736,moved_cov,unsolved,YXXXyxYx,YYYYYxyyyyxYXXX,23,1,23.0,6.0,3.0,1.6666666666666667,0.13043478260869565
orb_0737,moved_cov,unsolved,YXXXyxYxx,YYYYYYXXXXYxxx,23,1,23.0,5.0,3.0,2.0,0.13043478260869565
orb_0738,moved_cov,unsolved,YXXXyxx,YYYYYXXYxxyyyyyx,23,1,23.0,5.0,3.0,2.0,0.13043478260869565
orb_0739,moved_cov,unsolved,YXXXyxx,YYYYYXyyyyyXYxxx,23,1,23.0,5.0,3.0,2.0,0.13043478260869565
orb_0740,moved_cov,unsolved,YXXXyxx,YYYYYYXXyxxyyyyX,23,1,23.0,5.0,3.0,2.0,0.13043478260869565
orb_0741,moved_cov,unsolved,YXXXyxx,YYYYYYXyyyyxxxyX,23,1,23.0,5.0,3.0,2.0,0.13043478260869565
orb_0742,moved_cov,unsolved,YXXYx,YYYYYYYXYxyyyyyyyX,23,1,23.0,5.0,3.0,1.2,0.4782608695652174
orb_0743,moved_cov,unsolved,YXXYxYxxx,YYYXXXYxxxyyyx,23,1,23.0,6.0,3.0,1.6666666666666667,0.13043478260869565
orb_0744,moved_cov,unsolved,YXXYxxyX,YYYYYXyyyyXXYxx,23,1,23.0,6.0,3.0,1.6666666666666667,0.13043478260869565
orb_0745,seed,unsolved,YXXYxxyX,YYYYYYYXyyyyyyx,23,1,23.0,5.0,3.0,1.4,0.391304347826087
orb_0746,moved_cov,unsolved,YXXYxxyX,YYYYYxyyyyXXyxx,23,1,23.0,6.0,3.0,1.6666666666666667,0.13043478260869565
orb_0747,moved_cov,unsolved,YXXYxxyx,YYYYYXyyyyXXyxx,23,1,23.0,6.0,3.0,1.6666666666666667,0.13043478260869565
orb_0748,seed,unsolved,YXXYxxyx,YYYYYYYXyyyyyyx,23,1,23.0,5.0,3.0,1.4,0.391304347826087
orb_0749,moved_cov,unsolved,YXXYxxyx,YYYYYxyyyyXXYxx,23,1,23.0,6.0,3.0,1.6666666666666667,0.13043478260869565
orb_0750,moved_cov,unsolved,YXXyXYxxx,YYYYYYXXXyxxxx,23,1,23.0,5.0,3.0,2.0,0.13043478260869565
orb_0751,moved_cov,solved,YXXyx,YYYYYYYXYxyyyyyyyx,23,1,23.0,5.0,3.0,1.2,0.4782608695652174
orb_0752,moved_cov,unsolved,YXyXYxxx,YYYYYXXXyxyyyyx,23,1,23.0,6.0,3.0,1.6666666666666667,0.13043478260869565
orb_0753,moved_cov,unsolved,YXyXYxxx,YYYYYXYxxxyyyyX,23,1,23.0,6.0,3.0,1.6666666666666667,0.13043478260869565
orb_0754,seed,unsolved,YXyXYxxx,YYYYYYYXyyyyyyx,23,1,23.0,5.0,3.0,1.4,0.391304347826087
orb_0755,moved_cov,solved,YYXXXXyX,YYxxxxyXXXXXXXX,23,1,23.0,4.0,2.0,1.5,0.4782608695652174
orb_0756,moved_cov,solved,YYXXXXyXXX,YXXXXXyxxxxxx,23,1,23.0,4.0,2.0,1.25,0.5652173913043478
orb_0757,moved_cov,solved,YYXXXXyx,YXXXyxxYXXXyxxx,23,1,23.0,6.0,4.0,1.1666666666666667,0.391304347826087
orb_0758,moved_cov,unsolved,YYXXXXyx,YYXXXXYxxxyXXXX,23,1,23.0,5.0,3.0,1.4,0.391304347826087
orb_0759,moved_cov,solved,YYXXXXyxxx,YXXXXXXyxxxxx,23,2,23.0,4.0,2.0,1.25,0.5652173913043478
orb_0760,moved_cov,solved,YYXXXXyxxx,YXXXXXyxxxxxx,23,2,23.0,4.0,2.0,1.25,0.5652173913043478
orb_0761,moved_cov,unsolved,YYXXXYx,YYXYYXXYxxyyxyyX,23,1,23.0,7.0,5.0,1.5714285714285714,0.043478260869565216
orb_0762,moved_cov,unsolved,YYXXXYxx,YYYYYXXYxxyyyyX,23,1,23.0,5.0,3.0,2.0,0.13043478260869565
orb_0763,moved_cov,unsolved,YYXXXYxx,YYYYYYXXYxxyyyX,23,1,23.0,5.0,3.0,2.0,0.13043478260869565
orb_0764,seed,unsolved,YYXXXYxx,YYYYYYYXyyyyyyx,23,1,23.0,4.0,2.0,1.75,0.391304347826087
orb_0765,moved_cov,unsolved,YYXXXYxx,YYYYYYxyyyXXXYx,23,1,23.0,5.0,3.0,2.0,0.13043478260869565
orb_0766,seed,solved,YYXXXyXX,YXXXXXXyxxxxxxx,23,2,23.0,4.0,2.0,1.25,0.5652173913043478
orb_0767,seed,solved,YYXXXyxx,YXXXXXXXyxxxxxx,23,1,23.0,4.0,2.0,1.25,0.5652173913043478
orb_0768,seed,solved,YYXXXyxx,YXXXXXXyxxxxxxx,23,2,23.0,4.0,2.0,1.25,0.5652173913043478
orb_0769,moved_cov,unsolved,YYXXXyxx,YXyXXYXyxxxYXyx,23,1,23.0,8.0,6.0,1.125,0.21739130434782608
orb_0770,moved_cov,unsolved,YYXXXyxx,YYXXyxxYxyXYxyX,23,1,23.0,8.0,6.0,1.25,0.13043478260869565
orb_0771,moved_cov,unsolved,YYXXXyxx,YYYXXYxYxyXyXyx,23,1,23.0,8.0,6.0,1.375,0.043478260869565216
orb_0772,seed,unsolved,YYXXXyxx,YYYYYXXYxyXyXyx,23,1,23.0,7.0,5.0,1.5714285714285714,0.043478260869565216
orb_0773,moved_cov,unsolved,YYXXXyxx,YYYYYXXyxxyyyyX,23,1,23.0,5.0,3.0,2.0,0.13043478260869565
orb_0774,moved_cov,unsolved,YYXXXyxx,YYYYYYXXyxxyyyX,23,1,23.0,5.0,3.0,2.0,0.13043478260869565
orb_0775,seed,unsolved,YYXXXyxx,YYYYYYYXyyyyyyx,23,1,23.0,4.0,2.0,1.75,0.391304347826087
orb_0776,moved_cov,unsolved,YYXXXyxx,YYYYYYxyyyXXXyx,23,1,23.0,5.0,3.0,2.0,0.13043478260869565
orb_0777,moved_cov,unsolved,YYXXYx,YYYYYYxYXXyyyyxYX,23,1,23.0,6.0,4.0,1.3333333333333333,0.30434782608695654
orb_0778,moved_cov,unsolved,YYXXYx,YYYYYYxYXyyyyyxyX,23,1,23.0,6.0,4.0,1.1666666666666667,0.391304347826087
orb_0779,moved_cov,unsolved,YYXXYx,YYYYYYxyXyyyyyxYX,23,1,23.0,6.0,4.0,1.1666666666666667,0.391304347826087
orb_0780,moved_cov,unsolved,YYXXYx,YYYYYxYXXyyyyyxYX,23,1,23.0,6.0,4.0,1.3333333333333333,0.30434782608695654
orb_0781,moved_cov,solved,YYXXYxYXXYx,YYYXYXXYxyyx,23,1,23.0,8.0,4.0,1.375,0.043478260869565216
orb_0782,moved_cov,solved,YYXXyXyyxx,YXXyxxYXXyxxx,23,1,23.0,7.0,4.0,1.2857142857142858,0.21739130434782608
orb_0783,moved_cov,unsolved,YYXXyx,YXXXyxxxxxxxxyXyX,23,1,23.0,6.0,4.0,1.1666666666666667,0.391304347826087
orb_0784,moved_cov,unsolved,YYXXyx,YXYxYXyxYXyxYXXyX,23,1,23.0,10.0,8.0,1.1,0.043478260869565216
orb_0785,moved_cov,unsolved,YYXXyx,YXyXXXXXXYxyxxxxx,23,1,23.0,6.0,4.0,1.1666666666666667,0.391304347826087
orb_0786,moved_cov,unsolved,YYXXyx,YXyXXXXXYxyxxxxxx,23,1,23.0,6.0,4.0,1.1666666666666667,0.391304347826087
orb_0787,moved_cov,solved,YYXXyx,YXyxYXyxYXyxYXyxx,23,1,23.0,10.0,8.0,1.1,0.043478260869565216
orb_0788,moved_cov,unsolved,YYXXyx,YYXyxxxxxYXyXXXXX,23,1,23.0,6.0,4.0,1.3333333333333333,0.30434782608695654
orb_0789,moved_cov,unsolved,YYXXyx,YYXyxxxxxxYXyXXXX,23,1,23.0,6.0,4.0,1.3333333333333333,0.30434782608695654
orb_0790,moved_cov,unsolved,YYXXyx,YYYXXYxxxyXXXYYXX,23,1,23.0,6.0,4.0,1.6666666666666667,0.13043478260869565
orb_0791,moved_cov,unsolved,YYXXyx,YYYYYYXyxyyyyXXYx,23,1,23.0,6.0,4.0,1.3333333333333333,0.30434782608695654
orb_0792,moved_cov,solved,YYXXyxYXXyx,YYYXYXXyxyyx,23,1,23.0,8.0,4.0,1.375,0.043478260869565216
orb_0793,moved_cov,unsolved,YYXXyxYXyx,YXYXyxxYXyXYx,23,1,23.0,10.0,6.0,1.1,0.043478260869565216
orb_0794,moved_cov,solved,YYXXyxYXyx,YXyxYXyxYXyxx,23,1,23.0,10.0,6.0,1.1,0.043478260869565216
orb_0795,moved_cov,unsolved,YYXXyxx,YYXyxxYXyxxYxyXX,23,1,23.0,8.0,6.0,1.25,0.13043478260869565
orb_0796,moved_cov,unsolved,YYXYxYXXYx,YYYYXYxyyyXyx,23,1,23.0,8.0,4.0,1.125,0.21739130434782608
orb_0797,moved_cov,unsolved,YYXYxYXXYx,YYYYXyxyyyXYx,23,1,23.0,8.0,4.0,1.125,0.21739130434782608
orb_0798,moved_cov,unsolved,YYXyxYXXyx,YXXXyXYxxxxyx,23,1,23.0,8.0,4.0,1.125,0.21739130434782608
orb_0799,moved_cov,unsolved,YYXyxYXXyx,YXXXyxYxxxxyX,23,1,23.0,8.0,4.0,1.125,0.21739130434782608
orb_0800,moved_cov,unsolved,YYYXXXXyyx,YYYYYXXyyyyyx,23,1,23.0,4.0,2.0,2.0,0.30434782608695654
orb_0801,moved_cov,solved,YXXXXXyxxxx,YYXXXXXXXXyxx,24,1,24.0,4.0,2.0,1.25,0.5833333333333334
orb_0802,moved_cov,solved,YXXXXXyxxxx,YYXXXXyxxxxxx,24,1,24.0,4.0,2.0,1.25,0.5833333333333334
orb_0803,moved_cov,unsolved,YXXXXXyxxxx,YYXXXYxxxxyyX,24,1,24.0,5.0,3.0,1.4,0.4166666666666667
orb_0804,moved_cov,unsolved,YXXXXXyxxxx,YYXXXYxxxxyyx,24,1,24.0,5.0,3.0,1.4,0.4166666666666667
orb_0805,moved_cov,unsolved,YXXXXXyxxxx,YYXXXyxxxxyyX,24,1,24.0,5.0,3.0,1.4,0.4166666666666667
orb_0806,moved_cov,unsolved,YXXXXXyxxxx,YYXXXyxxxxyyx,24,1,24.0,5.0,3.0,1.4,0.4166666666666667
orb_0807,moved_cov,unsolved,YXXXXXyxxxx,YYXyyXXXXyxxx,24,1,24.0,5.0,3.0,1.4,0.4166666666666667
orb_0808,moved_cov,unsolved,YXXXXXyxxxx,YYXyyXXXYxxxx,24,1,24.0,5.0,3.0,1.4,0.4166666666666667
orb_0809,moved_cov,unsolved,YXXXXXyxxxx,YYYXXXXyxxxyX,24,1,24.0,5.0,3.0,1.4,0.4166666666666667
orb_0810,moved_cov,unsolved,YXXXXXyxxxx,YYYXXXXyxxxyx,24,1,24.0,5.0,3.0,1.4,0.4166666666666667
orb_0811,moved_cov,unsolved,YXXXXXyxxxx,YYYXXXyxxxxyX,24,1,24.0,5.0,3.0,1.4,0.4166666666666667
orb_0812,moved_cov,unsolved,YXXXXXyxxxx,YYYXXXyxxxxyx,24,1,24.0,5.0,3.0,1.4,0.4166666666666667
orb_0813,moved_cov,unsolved,YXXXXXyxxxx,YYYXyXXXXyxxx,24,1,24.0,5.0,3.0,1.4,0.4166666666666667
orb_0814,moved_cov,unsolved,YXXXXXyxxxx,YYYXyxxxxyXXX,24,1,24.0,5.0,3.0,1.4,0.4166666666666667
orb_0815,moved_cov,unsolved,YXXXXyxxx,YYXXXyxxxxxxyyX,24,1,24.0,5.0,3.0,1.4,0.4166666666666667
orb_0816,moved_cov,unsolved,YXXXXyxxx,YYXXXyxxxxxxyyx,24,1,24.0,5.0,3.0,1.4,0.4166666666666667
orb_0817,seed,unsolved,YXXXYxx,YYYYYYYYXyyyyyyyx,24,1,24.0,4.0,2.0,1.75,0.4166666666666667
orb_0818,moved_cov,unsolved,YXXXyXyxx,YYYYXyyyXXXyxxx,24,1,24.0,6.0,3.0,1.8333333333333333,0.08333333333333333
orb_0819,seed,unsolved,YXXXyxx,YYYYYYYYXyyyyyyyx,24,1,24.0,4.0,2.0,1.75,0.4166666666666667
orb_0820,moved_cov,unsolved,YXXYxYxxx,YYYYXyyyXXYxxxx,24,1,24.0,6.0,3.0,1.8333333333333333,0.08333333333333333
orb_0821,moved_cov,unsolved,YXXyXXYxxyx,YYxyXYxyXYxyX,24,1,24.0,10.0,6.0,1.1,0.08333333333333333
orb_0822,moved_cov,unsolved,YXXyXYxxxyX,YYXyxYXyxYXyx,24,1,24.0,10.0,6.0,1.1,0.08333333333333333
orb_0823,moved_cov,unsolved,YXXyXYxxxyx,YYXyxYXyxYXyx,24,1,24.0,10.0,6.0,1.1,0.08333333333333333
orb_0824,moved_cov,solved,YXXyx,YYYYXyyyyxYYYXyyyyx,24,1,24.0,6.0,4.0,1.1666666666666667,0.4166666666666667
orb_0825,moved_cov,unsolved,YXXyxYXXyxx,YYYXXyxyyXXyx,24,1,24.0,8.0,4.0,1.375,0.08333333333333333
orb_0826,moved_cov,unsolved,YXXyxYXXyxx,YYYXYxxyyXXyx,24,1,24.0,8.0,4.0,1.375,0.08333333333333333
orb_0827,moved_cov,unsolved,YXYxYXXYx,YYYYYXYxyyyyXyx,24,1,24.0,8.0,4.0,1.125,0.25
orb_0828,moved_cov,unsolved,YXyXXXYxxyx,YYXyxYXyxYXyx,24,1,24.0,10.0,6.0,1.1,0.08333333333333333
orb_0829,moved_cov,unsolved,YXyXXYxxxyX,YYxyXYxyXYxyX,24,1,24.0,10.0,6.0,1.1,0.08333333333333333
orb_0830,moved_cov,solved,YXyxYXXXyxx,YYxyXYxyXYxyX,24,1,24.0,10.0,6.0,1.1,0.08333333333333333
orb_0831,moved_cov,unsolved,YXyxYXXyx,YYYXyxYXYxyyXyx,24,1,24.0,10.0,6.0,1.1,0.08333333333333333
orb_0832,moved_cov,unsolved,YXyxYXXyx,YYYXyxYYXyxyXyx,24,1,24.0,10.0,6.0,1.1,0.08333333333333333
orb_0833,moved_cov,unsolved,YXyxYXXyx,YYYXyxyXYxyyXYx,24,1,24.0,10.0,6.0,1.1,0.08333333333333333
orb_0834,moved_cov,unsolved,YXyxYXXyx,YYYYYXyxyyyyXYx,24,1,24.0,8.0,4.0,1.125,0.25
orb_0835,moved_cov,solved,YYXXXXXXXyx,YXXXXXXyxxxxx,24,1,24.0,4.0,2.0,1.25,0.5833333333333334
orb_0836,moved_cov,solved,YYXXXXXXyxx,YXXXXXyxxxxxx,24,1,24.0,4.0,2.0,1.25,0.5833333333333334
orb_0837,moved_cov,solved,YYXXXXXyX,YXXXXXXyxxxxxxx,24,1,24.0,4.0,2.0,1.25,0.5833333333333334
orb_0838,moved_cov,solved,YYXXXXyXX,YXXXXXXXyxxxxxx,24,1,24.0,4.0,2.0,1.25,0.5833333333333334
orb_0839,moved_cov,solved,YYXXXXyXX,YXXXXXXyxxxxxxx,24,1,24.0,4.0,2.0,1.25,0.5833333333333334
orb_0840,moved_cov,unsolved,YYXXXXyxx,YXXXXXXyxxxxxxx,24,1,24.0,4.0,2.0,1.25,0.5833333333333334
orb_0841,moved_cov,unsolved,YYXXXXyxx,YYXXXXYxxxyXXXX,24,1,24.0,5.0,3.0,1.4,0.4166666666666667
orb_0842,moved_cov,solved,YYXXXXyxxxx,YXXXXXXyxxxxx,24,2,24.0,4.0,2.0,1.25,0.5833333333333334
orb_0843,moved_cov,unsolved,YYXXXyx,YYXXyxYXXyxYXyXYx,24,1,24.0,9.0,7.0,1.2222222222222223,0.08333333333333333
orb_0844,moved_cov,unsolved,YYXXYYx,YYYYYYYYXyyyyyyyx,24,1,24.0,4.0,2.0,1.25,0.5833333333333334
orb_0845,moved_cov,solved,YYXXYxYXXYx,YYYXYXXYxyyyx,24,1,24.0,8.0,4.0,1.375,0.08333333333333333
orb_0846,moved_cov,unsolved,YYXXYxxxYYx,YYXXyyXYYxxxx,24,1,24.0,6.0,3.0,1.8333333333333333,0.08333333333333333
orb_0847,moved_cov,solved,YYXXyXYXXyX,YXXyXXXYxxyxx,24,1,24.0,8.0,4.0,1.125,0.25
orb_0848,moved_cov,solved,YYXXyxYXXyx,YXXyXXXYxxyxx,24,1,24.0,8.0,4.0,1.125,0.25
orb_0849,moved_cov,solved,YYXXyxYXXyx,YYYXYXXyxyyyx,24,1,24.0,8.0,4.0,1.375,0.08333333333333333
orb_0850,seed,solved,YYXXyxx,YXXXXXXXXyxxxxxxx,24,1,24.0,4.0,2.0,1.25,0.5833333333333334
orb_0851,moved_cov,solved,YYXXyxx,YXXXyxxxYXXXXyxxx,24,1,24.0,6.0,4.0,1.1666666666666667,0.4166666666666667
orb_0852,moved_cov,unsolved,YYXXyxxxYYx,YYXXXyyxYYxxx,24,1,24.0,6.0,3.0,1.8333333333333333,0.08333333333333333
orb_0853,moved_cov,solved,YYXyyXYYxxx,YYYXyyxYYXyyx,24,1,24.0,7.0,4.0,1.2857142857142858,0.25
orb_0854,moved_cov,unsolved,YXXXXXyxxYx,YXXXyxxxxxxyXX,25,1,25.0,6.0,3.0,1.0,0.52
orb_0855,moved_cov,unsolved,YXXXXXyxxxx,YYXXXXYxxxxyyX,25,1,25.0,5.0,3.0,1.4,0.44
orb_0856,moved_cov,unsolved,YXXXXXyxxxx,YYXXXXYxxxxyyx,25,1,25.0,5.0,3.0,1.4,0.44
orb_0857,moved_cov,solved,YXXXXXyxxxx,YYXXXXyxxxxxxx,25,1,25.0,4.0,2.0,1.25,0.6
orb_0858,moved_cov,unsolved,YXXXXXyxxxx,YYXXXYXyXXyxxx,25,1,25.0,6.0,4.0,1.1666666666666667,0.44
orb_0859,moved_cov,unsolved,YXXXXXyxxxx,YYXXXYxyXXyxxx,25,1,25.0,6.0,4.0,1.1666666666666667,0.44
orb_0860,moved_cov,unsolved,YXXXXXyxxxx,YYXyyXXXXXyxxx,25,1,25.0,5.0,3.0,1.4,0.44
orb_0861,moved_cov,unsolved,YXXXXXyxxxx,YYXyyXXXYxxxxx,25,1,25.0,5.0,3.0,1.4,0.44
orb_0862,moved_cov,unsolved,YXXXXXyxxxx,YYYXXXXyXXyxxx,25,1,25.0,5.0,3.0,1.4,0.44
orb_0863,moved_cov,unsolved,YXXXXXyxxxx,YYYXXXXyxxxxyX,25,1,25.0,5.0,3.0,1.4,0.44
orb_0864,moved_cov,unsolved,YXXXXXyxxxx,YYYXXXXyxxxxyx,25,1,25.0,5.0,3.0,1.4,0.44
orb_0865,moved_cov,unsolved,YXXXXXyxxxx,YYYXXXXyyxxxxx,25,1,25.0,4.0,2.0,1.75,0.44
orb_0866,moved_cov,unsolved,YXXXXXyxxxx,YYYXyXXXXXyxxx,25,1,25.0,5.0,3.0,1.4,0.44
orb_0867,moved_cov,unsolved,YXXXXXyxxxx,YYYXyxxxxxyXXX,25,1,25.0,5.0,3.0,1.4,0.44
orb_0868,moved_cov,unsolved,YXXXXyxxx,YYXXXYxxxyXXXyxx,25,1,25.0,6.0,4.0,1.1666666666666667,0.44
orb_0869,moved_cov,unsolved,YXXXXyxxx,YYXXXyxxxyXXXyxx,25,1,25.0,6.0,4.0,1.1666666666666667,0.44
orb_0870,moved_cov,unsolved,YXXXXyxxx,YYXXXyxxxyXXYxxx,25,1,25.0,6.0,4.0,1.1666666666666667,0.44
orb_0871,moved_cov,unsolved,YXXXXyxxx,YYXXXyxxyXXXXyxx,25,1,25.0,6.0,4.0,1.1666666666666667,0.44
orb_0872,moved_cov,unsolved,YXXXXyxxx,YYXXXyxxyXXYxxxx,25,1,25.0,6.0,4.0,1.1666666666666667,0.44
orb_0873,moved_cov,unsolved,YXXXXyxxx,YYXXYxxxyXXXXyxx,25,1,25.0,6.0,4.0,1.1666666666666667,0.44
orb_0874,seed,unsolved,YXXXYxYx,YYYYYYYYXyyyyyyyx,25,1,25.0,5.0,3.0,1.4,0.44
orb_0875,moved_cov,unsolved,YXXXYxx,YYYYYYXXYxxyyyyyyX,25,1,25.0,5.0,3.0,2.0,0.2
orb_0876,moved_cov,unsolved,YXXXYxx,YYYYYYXyyyyyyXyxxx,25,1,25.0,5.0,3.0,2.0,0.2
orb_0877,moved_cov,unsolved,YXXXYxx,YYYYYYYXXYxxyyyyyX,25,1,25.0,5.0,3.0,2.0,0.2
orb_0878,moved_cov,unsolved,YXXXYxx,YYYYYYYxYXXXyyyyyx,25,1,25.0,5.0,3.0,2.0,0.2
orb_0879,moved_cov,unsolved,YXXXyXXyx,YYxxyXYxxyXYxxyx,25,1,25.0,9.0,6.0,1.1111111111111112,0.2
orb_0880,moved_cov,unsolved,YXXXyxYx,YYYYYYXyyyyyxxxyX,25,1,25.0,6.0,3.0,1.6666666666666667,0.2
orb_0881,seed,unsolved,YXXXyxYx,YYYYYYYYXyyyyyyyx,25,1,25.0,5.0,3.0,1.4,0.44
orb_0882,seed,unsolved,YXXXyxYx,YYYYYYYYxyyyyyyyX,25,1,25.0,5.0,3.0,1.4,0.44
orb_0883,moved_cov,unsolved,YXXXyxYx,YYYYYYxyyyyyxYXXX,25,1,25.0,6.0,3.0,1.6666666666666667,0.2
orb_0884,moved_cov,unsolved,YXXXyxx,YYYYYYXXYxxyyyyyyx,25,1,25.0,5.0,3.0,2.0,0.2
orb_0885,moved_cov,unsolved,YXXXyxx,YYYYYYXyyyyyyXYxxx,25,1,25.0,5.0,3.0,2.0,0.2
orb_0886,moved_cov,unsolved,YXXXyxx,YYYYYYYXXyxxyyyyyX,25,1,25.0,5.0,3.0,2.0,0.2
orb_0887,moved_cov,unsolved,YXXXyxx,YYYYYYYXyyyyyxxxyX,25,1,25.0,5.0,3.0,2.0,0.2
orb_0888,moved_cov,unsolved,YXXYXXyxxyx,YYYxxyXYXXyyxx,25,1,25.0,8.0,4.0,1.375,0.12
orb_0889,moved_cov,unsolved,YXXYXXyxxyx,YYYxxyxYXXyyXX,25,1,25.0,8.0,4.0,1.375,0.12
orb_0890,moved_cov,solved,YXXYx,YYYXYxyXYxyXYxyXYxyX,25,1,25.0,11.0,9.0,1.0909090909090908,0.04
orb_0891,moved_cov,unsolved,YXXYx,YYYYYYXyxYXYxyyyyyyX,25,1,25.0,7.0,5.0,1.1428571428571428,0.36
orb_0892,moved_cov,unsolved,YXXYx,YYYYYYYXyxYXYxyyyyyX,25,1,25.0,7.0,5.0,1.1428571428571428,0.36
orb_0893,seed,unsolved,YXXYxYxx,YYYYYYYYXyyyyyyyx,25,1,25.0,5.0,3.0,1.4,0.44
orb_0894,seed,unsolved,YXXYxYxx,YYYYYYYYxyyyyyyyX,25,1,25.0,5.0,3.0,1.4,0.44
orb_0895,moved_cov,unsolved,YXXYxxyX,YYYYYYXyyyyyXXYxx,25,1,25.0,6.0,3.0,1.6666666666666667,0.2
orb_0896,seed,unsolved,YXXYxxyX,YYYYYYYYXyyyyyyyx,25,1,25.0,5.0,3.0,1.4,0.44
orb_0897,seed,unsolved,YXXYxxyX,YYYYYYYYxyyyyyyyX,25,1,25.0,5.0,3.0,1.4,0.44
orb_0898,moved_cov,unsolved,YXXYxxyX,YYxyXYxyXYxyXYxyX,25,1,25.0,11.0,8.0,1.0909090909090908,0.04
orb_0899,moved_cov,unsolved,YXXYxxyx,YYYYYYXyyyyyXXyxx,25,1,25.0,6.0,3.0,1.6666666666666667,0.2
orb_0900,seed,unsolved,YXXYxxyx,YYYYYYYYXyyyyyyyx,25,1,25.0,5.0,3.0,1.4,0.44
orb_0901,seed,unsolved,YXXYxxyx,YYYYYYYYxyyyyyyyX,25,1,25.0,5.0,3.0,1.4,0.44
orb_0902,moved_cov,unsolved,YXXyXYXXyXYx,YXXYXXyXYxxyX,25,1,25.0,10.0,5.0,1.0,0.2
orb_0903,moved_cov,unsolved,YXXyXYxYxxyX,YXXYxxyXYxxyX,25,1,25.0,10.0,5.0,1.0,0.2
orb_0904,seed,unsolved,YXXyXyxx,YYYYYYYYXyyyyyyyx,25,1,25.0,5.0,3.0,1.4,0.44
orb_0905,seed,unsolved,YXXyXyxx,YYYYYYYYxyyyyyyyX,25,1,25.0,5.0,3.0,1.4,0.44
orb_0906,moved_cov,unsolved,YXXyxYXXyxx,YYXYxYxxyyXXyx,25,1,25.0,9.0,5.0,1.2222222222222223,0.12
orb_0907,moved_cov,unsolved,YXXyxYXXyxx,YYYXXyXyxyXXyx,25,1,25.0,9.0,5.0,1.2222222222222223,0.12
orb_0908,moved_cov,unsolved,YXXyxYXXyxx,YYYXYxxyXXyXyx,25,1,25.0,9.0,5.0,1.2222222222222223,0.12
orb_0909,moved_cov,unsolved,YXYXyXYXyxx,YYxxyXYXyXYXyx,25,1,25.0,11.0,6.0,1.0909090909090908,0.04
orb_0910,moved_cov,solved,YXYXyxYXyxx,YXyxYXyxYXyxYx,25,1,25.0,12.0,7.0,1.0,0.04
orb_0911,moved_cov,unsolved,YXyXYxxx,YYYYYYXXXyxyyyyyx,25,1,25.0,6.0,3.0,1.6666666666666667,0.2
orb_0912,moved_cov,unsolved,YXyXYxxx,YYYYYYXYxxxyyyyyX,25,1,25.0,6.0,3.0,1.6666666666666667,0.2
orb_0913,seed,unsolved,YXyXYxxx,YYYYYYYYXyyyyyyyx,25,1,25.0,5.0,3.0,1.4,0.44
orb_0914,moved_cov,solved,YYXXXXXXyX,YXXXXXXXyxxxxxx,25,1,25.0,4.0,2.0,1.25,0.6
orb_0915,moved_cov,solved,YYXXXXXXyxxx,YXXXXXyxxxxxx,25,1,25.0,4.0,2.0,1.25,0.6
orb_0916,moved_cov,solved,YYXXXXXyXX,YXXXXXXXyxxxxxx,25,1,25.0,4.0,2.0,1.25,0.6
orb_0917,moved_cov,unsolved,YYXXXXXyxx,YXXXXXXXyxxxxxx,25,1,25.0,4.0,2.0,1.25,0.6
orb_0918,moved_cov,solved,YYXXXXXyxx,YXXXyxxYXXXyxxx,25,1,25.0,6.0,4.0,1.1666666666666667,0.44
orb_0919,moved_cov,solved,YYXXXXXyxxxx,YXXXXXXyxxxxx,25,2,25.0,4.0,2.0,1.25,0.6
orb_0920,seed,solved,YYXXXXyX,YXXXXXXXXyxxxxxxx,25,2,25.0,4.0,2.0,1.25,0.6
orb_0921,moved_cov,solved,YYXXXXyXXX,YXXXXXXyxxxxxxx,25,1,25.0,4.0,2.0,1.25,0.6
orb_0922,seed,solved,YYXXXXyx,YXXXXXXXXyxxxxxxx,25,2,25.0,4.0,2.0,1.25,0.6
orb_0923,moved_cov,unsolved,YYXXXYxx,YYYYYYXXYxxyyyyyX,25,1,25.0,5.0,3.0,2.0,0.2
orb_0924,moved_cov,unsolved,YYXXXYxx,YYYYYYYXXYxxyyyyX,25,1,25.0,5.0,3.0,2.0,0.2
orb_0925,seed,unsolved,YYXXXYxx,YYYYYYYYXyyyyyyyx,25,1,25.0,4.0,2.0,1.75,0.44
orb_0926,seed,unsolved,YYXXXYxx,YYYYYYYYxyyyyyyyX,25,1,25.0,4.0,2.0,1.75,0.44
orb_0927,moved_cov,unsolved,YYXXXYxx,YYYYYYxyyyyyXXXYx,25,1,25.0,5.0,3.0,2.0,0.2
orb_0928,moved_cov,unsolved,YYXXXYxxxyyx,YYYxyyXYYxyyX,25,1,25.0,7.0,4.0,1.5714285714285714,0.12
orb_0929,moved_cov,unsolved,YYXXXyxx,YXYXXXXyxYxxxyXyx,25,1,25.0,8.0,6.0,1.125,0.28
orb_0930,moved_cov,unsolved,YYXXXyxx,YYXXYYXXXYxYYXXXX,25,1,25.0,6.0,4.0,1.6666666666666667,0.2
orb_0931,moved_cov,unsolved,YYXXXyxx,YYYXXYxyXyXyXYxxx,25,1,25.0,8.0,6.0,1.375,0.12
orb_0932,moved_cov,unsolved,YYXXXyxx,YYYYYXXYxyXyXyXyx,25,1,25.0,8.0,6.0,1.5,0.04
orb_0933,moved_cov,unsolved,YYXXXyxx,YYYYYYXXyxxyyyyyX,25,1,25.0,5.0,3.0,2.0,0.2
orb_0934,seed,unsolved,YYXXXyxx,YYYYYYYXXyXyXyXyx,25,1,25.0,7.0,5.0,1.5714285714285714,0.12
orb_0935,seed,unsolved,YYXXXyxx,YYYYYYYYxyyyyyyyX,25,1,25.0,4.0,2.0,1.75,0.44
orb_0936,moved_cov,unsolved,YYXXXyxx,YYYYYYxyyyyyXXXyx,25,1,25.0,5.0,3.0,2.0,0.2
orb_0937,moved_cov,unsolved,YYXXYYXXXXyx,YYXXXXXXyxxxx,25,1,25.0,5.0,3.0,1.6,0.36
orb_0938,moved_cov,unsolved,YYXXYYXXXXyx,YYXXYYxxyyXXX,25,1,25.0,6.0,3.0,1.8333333333333333,0.12
orb_0939,moved_cov,solved,YYXXYx,YYYXyyxYYXyyxYYXyyx,25,1,25.0,8.0,6.0,1.125,0.28
orb_0940,moved_cov,unsolved,YYXXYx,YYYYYYYxYXyyyyyyxyX,25,1,25.0,6.0,4.0,1.1666666666666667,0.44
orb_0941,moved_cov,unsolved,YYXXYx,YYYYYYxYXXyyyyyyxYX,25,1,25.0,6.0,4.0,1.3333333333333333,0.36
orb_0942,moved_cov,unsolved,YYXXYxxxxyyX,YYYxyyXYYxyyX,25,1,25.0,7.0,4.0,1.5714285714285714,0.12
orb_0943,moved_cov,unsolved,YYXXyx,YXyXXXXXXXYxyxxxxxx,25,1,25.0,6.0,4.0,1.1666666666666667,0.44
orb_0944,moved_cov,unsolved,YYXXyx,YYXXYYXXYYXXXyxxYXX,25,1,25.0,7.0,5.0,1.5714285714285714,0.12
orb_0945,moved_cov,unsolved,YYXXyx,YYXyxxxxxxYXyXXXXXX,25,1,25.0,6.0,4.0,1.3333333333333333,0.36
orb_0946,moved_cov,unsolved,YYXXyxYxyx,YYXXXyXYxxxyxyX,25,1,25.0,9.0,5.0,1.2222222222222223,0.12
orb_0947,moved_cov,unsolved,YYXYxYXXYx,YYYYYXYxyyyyXyx,25,1,25.0,8.0,4.0,1.125,0.28
orb_0948,moved_cov,unsolved,YYXyxYXXyx,YXXXXyxYxxxxxyX,25,1,25.0,8.0,4.0,1.125,0.28
orb_0949,moved_cov,unsolved,YYXyxYXXyx,YXyXYxxxxyXYXyx,25,1,25.0,10.0,6.0,1.1,0.12
orb_0950,moved_cov,solved,X,YYXyxYXyxYXyxYXyxYXyxYXyx,26,1,26.0,12.0,12.0,1.0,0.0
orb_0951,moved_cov,solved,YXXXXXyxxxx,YYXXXXXXXXXyxxx,26,1,26.0,4.0,2.0,1.25,0.6153846153846154
orb_0952,moved_cov,unsolved,YXXXXXyxxxx,YYXXXXYxxxxyXyX,26,1,26.0,6.0,4.0,1.1666666666666667,0.46153846153846156
orb_0953,moved_cov,unsolved,YXXXXXyxxxx,YYXXXXYxxxxyXyx,26,1,26.0,6.0,4.0,1.1666666666666667,0.46153846153846156
orb_0954,moved_cov,solved,YXXXXXyxxxx,YYXXXXyxxxxxxxx,26,1,26.0,4.0,2.0,1.25,0.6153846153846154
orb_0955,moved_cov,unsolved,YXXXXXyxxxx,YYXXXXyxxxxyXYx,26,1,26.0,6.0,4.0,1.1666666666666667,0.46153846153846156
orb_0956,moved_cov,unsolved,YXXXXXyxxxx,YYXXXXyxxxxyXyX,26,1,26.0,6.0,4.0,1.1666666666666667,0.46153846153846156
orb_0957,moved_cov,unsolved,YXXXXXyxxxx,YYXXXXyxxxxyXyx,26,1,26.0,6.0,4.0,1.1666666666666667,0.46153846153846156
orb_0958,moved_cov,unsolved,YXXXXXyxxxx,YYXXXXyxxxxyxYx,26,1,26.0,6.0,4.0,1.1666666666666667,0.46153846153846156
orb_0959,moved_cov,unsolved,YXXXXXyxxxx,YYXXyyXXXXXyxxx,26,1,26.0,5.0,3.0,1.4,0.46153846153846156
orb_0960,moved_cov,unsolved,YXXXXXyxxxx,YYXXyyXXXYxxxxx,26,1,26.0,5.0,3.0,1.4,0.46153846153846156
orb_0961,moved_cov,unsolved,YXXXXXyxxxx,YYXYxyXXXXXyxxx,26,1,26.0,6.0,4.0,1.1666666666666667,0.46153846153846156
orb_0962,moved_cov,unsolved,YXXXXXyxxxx,YYXyXXXXXyxxxYX,26,1,26.0,6.0,4.0,1.1666666666666667,0.46153846153846156
orb_0963,moved_cov,unsolved,YXXXXXyxxxx,YYXyXyxxxYXXXXX,26,1,26.0,6.0,4.0,1.1666666666666667,0.46153846153846156
orb_0964,moved_cov,unsolved,YXXXXXyxxxx,YYXyxxxxxyXXXYx,26,1,26.0,6.0,4.0,1.1666666666666667,0.46153846153846156
orb_0965,moved_cov,unsolved,YXXXXXyxxxx,YYXyxyXXXXXyxxx,26,1,26.0,6.0,4.0,1.1666666666666667,0.46153846153846156
orb_0966,moved_cov,unsolved,YXXXXXyxxxx,YYXyxyXXXYxxxxx,26,1,26.0,6.0,4.0,1.1666666666666667,0.46153846153846156
orb_0967,moved_cov,unsolved,YXXXXXyxxxx,YYYXXyXXXXXyxxx,26,1,26.0,5.0,3.0,1.4,0.46153846153846156
orb_0968,moved_cov,unsolved,YXXXXXyxxxx,YYYXXyxxxxxyXXX,26,1,26.0,5.0,3.0,1.4,0.46153846153846156
orb_0969,moved_cov,unsolved,YXXyXYx,YYXXyxYXXyxYXXyxYXX,26,1,26.0,10.0,7.0,1.1,0.15384615384615385
orb_0970,moved_cov,unsolved,YXYxYXXYx,YYYYYYXYxyyyyyXyx,26,1,26.0,8.0,4.0,1.125,0.3076923076923077
orb_0971,moved_cov,solved,YXyXXYxyx,YYXyxYXyxYXyxYXyx,26,1,26.0,12.0,8.0,1.0833333333333333,0.0
orb_0972,moved_cov,unsolved,YXyxYXXyx,YYYYYYXyxyyyyyXYx,26,1,26.0,8.0,4.0,1.125,0.3076923076923077
orb_0973,moved_cov,solved,YYXXXXXXXXyxx,YXXXXXXyxxxxx,26,1,26.0,4.0,2.0,1.25,0.6153846153846154
orb_0974,moved_cov,solved,YYXXXXXXXyxxx,YXXXXXyxxxxxx,26,1,26.0,4.0,2.0,1.25,0.6153846153846154
orb_0975,moved_cov,solved,YYXXXXXyXXX,YXXXXXXXyxxxxxx,26,1,26.0,4.0,2.0,1.25,0.6153846153846154
orb_0976,moved_cov,solved,YYXXXXXyxxx,YXXXXXXXyxxxxxx,26,2,26.0,4.0,2.0,1.25,0.6153846153846154
orb_0977,moved_cov,unsolved,YYXXXXyxx,YYxxxyXXyxxYXXyXX,26,1,26.0,7.0,5.0,1.2857142857142858,0.3076923076923077
orb_0978,moved_cov,solved,YYXXXXyxxxx,YXXXXXXXyxxxxxx,26,1,26.0,4.0,2.0,1.25,0.6153846153846154
orb_0979,moved_cov,solved,YYXXXyxyXYx,YXXXyxxYXXXyxxx,26,1,26.0,8.0,4.0,1.125,0.3076923076923077
orb_0980,moved_cov,solved,YYXXXyxyxYx,YXXXyxxYXXXyxxx,26,1,26.0,8.0,4.0,1.125,0.3076923076923077
orb_0981,moved_cov,solved,YYXXYxxyXXyxx,YXXyxxYXXXyxx,26,1,26.0,8.0,4.0,1.125,0.3076923076923077
orb_0982,moved_cov,unsolved,YYXXyxYXXyx,YXXyxxxYXXXyxxx,26,1,26.0,8.0,4.0,1.125,0.3076923076923077
orb_0983,moved_cov,unsolved,YYXXyxYXXyx,YYxYXXyXXYxxyXX,26,1,26.0,9.0,5.0,1.2222222222222223,0.15384615384615385
orb_0984,moved_cov,unsolved,YYXYxYXyxyXyx,YXyxYXyxYXXyx,26,1,26.0,12.0,6.0,1.0833333333333333,0.0
orb_0985,moved_cov,solved,YYXYxyXyxYXyx,YXyxYXyxYXyxx,26,1,26.0,12.0,6.0,1.0833333333333333,0.0
orb_0986,moved_cov,unsolved,YYXYxyXyxyXyx,YXyxYXyxYXXyx,26,1,26.0,12.0,6.0,1.0833333333333333,0.0
orb_0987,moved_cov,solved,YYXyxYXyxYXyx,YXyXYXyxxYXyx,26,1,26.0,12.0,6.0,1.0833333333333333,0.0
orb_0988,moved_cov,unsolved,YXXXXXXyxxxxx,YYYXXXXXyyxxxx,27,1,27.0,4.0,2.0,1.75,0.48148148148148145
orb_0989,moved_cov,unsolved,YXXXXXyxxxx,YYYXXXXXXyXXyxxx,27,1,27.0,5.0,3.0,1.4,0.48148148148148145
orb_0990,moved_cov,unsolved,YXXXXyxxx,YYXXXXXyxxyXXXXyxx,27,1,27.0,6.0,4.0,1.1666666666666667,0.48148148148148145
orb_0991,moved_cov,unsolved,YXXXXyxxx,YYXXXXXyxxyXXYxxxx,27,1,27.0,6.0,4.0,1.1666666666666667,0.48148148148148145
orb_0992,moved_cov,unsolved,YXXXXyxxx,YYXXXYxxxyXXXyxxxx,27,1,27.0,6.0,4.0,1.1666666666666667,0.48148148148148145
orb_0993,moved_cov,unsolved,YXXXXyxxx,YYXXXyxxxyXXXXYxxx,27,1,27.0,6.0,4.0,1.1666666666666667,0.48148148148148145
orb_0994,moved_cov,unsolved,YXXXXyxxx,YYXXXyxxxyXXXyxxxx,27,1,27.0,6.0,4.0,1.1666666666666667,0.48148148148148145
orb_0995,moved_cov,unsolved,YXXXXyxxx,YYXXYxxxxxyXXXXyxx,27,1,27.0,6.0,4.0,1.1666666666666667,0.48148148148148145
orb_0996,moved_cov,unsolved,YXXXYxx,YYYYYYYXXYxxyyyyyyyX,27,1,27.0,5.0,3.0,2.0,0.25925925925925924
orb_0997,moved_cov,unsolved,YXXXYxx,YYYYYYYXyyyyyyyXyxxx,27,1,27.0,5.0,3.0,2.0,0.25925925925925924
orb_0998,moved_cov,unsolved,YXXXYxx,YYYYYYYYXXYxxyyyyyyX,27,1,27.0,5.0,3.0,2.0,0.25925925925925924
orb_0999,moved_cov,unsolved,YXXXYxx,YYYYYYYYxYXXXyyyyyyx,27,1,27.0,5.0,3.0,2.0,0.25925925925925924
orb_1000,moved_cov,unsolved,YXXXYxxxyX,YYxyXYxyXYxyXYxyX,27,1,27.0,11.0,8.0,1.0909090909090908,0.1111111111111111
orb_1001,moved_cov,unsolved,YXXXyxYx,YYYYYYYXyyyyyyxxxyX,27,1,27.0,6.0,3.0,1.6666666666666667,0.25925925925925924
orb_1002,moved_cov,unsolved,YXXXyxYx,YYYYYYYxyyyyyyxYXXX,27,1,27.0,6.0,3.0,1.6666666666666667,0.25925925925925924
orb_1003,moved_cov,unsolved,YXXXyxx,YYYYYYYXXYxxyyyyyyyx,27,1,27.0,5.0,3.0,2.0,0.25925925925925924
orb_1004,moved_cov,unsolved,YXXXyxx,YYYYYYYXyyyyyyyXYxxx,27,1,27.0,5.0,3.0,2.0,0.25925925925925924
orb_1005,moved_cov,unsolved,YXXXyxx,YYYYYYYYXXyxxyyyyyyX,27,1,27.0,5.0,3.0,2.0,0.25925925925925924
orb_1006,moved_cov,unsolved,YXXXyxx,YYYYYYYYXyyyyyyxxxyX,27,1,27.0,5.0,3.0,2.0,0.25925925925925924
orb_1007,moved_cov,unsolved,YXXYXXYxxyx,YYYYXXyyyxxyxYXX,27,1,27.0,8.0,4.0,1.625,0.037037037037037035
orb_1008,moved_cov,unsolved,YXXYXXYxxyx,YYYYYXXyyxxyxYXX,27,1,27.0,8.0,4.0,1.625,0.037037037037037035
orb_1009,moved_cov,unsolved,YXXYXXyxYxxyx,YXXyxYXXyxYxxx,27,1,27.0,10.0,5.0,1.0,0.25925925925925924
orb_1010,moved_cov,unsolved,YXXYXXyxxyx,YYYYxxyXYXXyyyxx,27,1,27.0,8.0,4.0,1.625,0.037037037037037035
orb_1011,moved_cov,unsolved,YXXYxxyX,YYYYYYYXyyyyyyXXYxx,27,1,27.0,6.0,3.0,1.6666666666666667,0.25925925925925924
orb_1012,moved_cov,unsolved,YXXYxxyX,YYYYYYYxyyyyyyXXyxx,27,1,27.0,6.0,3.0,1.6666666666666667,0.25925925925925924
orb_1013,moved_cov,unsolved,YXXYxxyx,YXyXXyxYXyxYXyxYXyx,27,1,27.0,12.0,9.0,1.0,0.1111111111111111
orb_1014,moved_cov,unsolved,YXXYxxyx,YYYYYYYXyyyyyyXXyxx,27,1,27.0,6.0,3.0,1.6666666666666667,0.25925925925925924
orb_1015,moved_cov,unsolved,YXXYxxyx,YYYYYYYxyyyyyyXXYxx,27,1,27.0,6.0,3.0,1.6666666666666667,0.25925925925925924
orb_1016,moved_cov,unsolved,YXXyxYXXyxx,YYXYxxYXXyxyXXyx,27,1,27.0,10.0,6.0,1.1,0.18518518518518517
orb_1017,moved_cov,unsolved,YXXyxYXXyxx,YYXYxxyXXyxyXXyx,27,1,27.0,10.0,6.0,1.1,0.18518518518518517
orb_1018,moved_cov,unsolved,YXyXYxxx,YYYYYYYXXXyxyyyyyyx,27,1,27.0,6.0,3.0,1.6666666666666667,0.25925925925925924
orb_1019,moved_cov,unsolved,YXyXYxxx,YYYYYYYXYxxxyyyyyyX,27,1,27.0,6.0,3.0,1.6666666666666667,0.25925925925925924
orb_1020,moved_cov,solved,YYXXXXXXyX,YXXXXXXXyxxxxxxxx,27,1,27.0,4.0,2.0,1.25,0.6296296296296297
orb_1021,moved_cov,solved,YYXXXXXXyXXX,YXXXXXXXyxxxxxx,27,1,27.0,4.0,2.0,1.25,0.6296296296296297
orb_1022,moved_cov,solved,YYXXXXXXyxxx,YXXXXXXXyxxxxxx,27,2,27.0,4.0,2.0,1.25,0.6296296296296297
orb_1023,moved_cov,unsolved,YYXXXXXYXX,YYXXyXYYXXXYxxyyX,27,1,27.0,7.0,5.0,1.5714285714285714,0.18518518518518517
orb_1024,moved_cov,solved,YYXXXXXyXX,YXXXXXXXyxxxxxxxx,27,1,27.0,4.0,2.0,1.25,0.6296296296296297
orb_1025,moved_cov,solved,YYXXXXXyxxxx,YXXXXXXXyxxxxxx,27,1,27.0,4.0,2.0,1.25,0.6296296296296297
orb_1026,moved_cov,unsolved,YYXXXXyX,YYXXXYxxxyyxxxxyyxx,27,1,27.0,6.0,4.0,1.6666666666666667,0.25925925925925924
orb_1027,moved_cov,unsolved,YYXXXXyxxyx,YXXXXyXYXXXXyXYx,27,1,27.0,8.0,5.0,1.125,0.3333333333333333
orb_1028,moved_cov,unsolved,YYXXXYYxxxyyX,YYXYYXYYxxYXXX,27,1,27.0,7.0,4.0,1.8571428571428572,0.037037037037037035
orb_1029,moved_cov,unsolved,YYXXXYYxxxyyX,YYXYYXYYxxyXXX,27,1,27.0,7.0,4.0,1.8571428571428572,0.037037037037037035
orb_1030,moved_cov,unsolved,YYXXXYxx,YYYYYYYXXYxxyyyyyyX,27,1,27.0,5.0,3.0,2.0,0.25925925925925924
orb_1031,moved_cov,unsolved,YYXXXYxx,YYYYYYYYXXYxxyyyyyX,27,1,27.0,5.0,3.0,2.0,0.25925925925925924
orb_1032,moved_cov,unsolved,YYXXXYxx,YYYYYYYYxyyyyyXXXYx,27,1,27.0,5.0,3.0,2.0,0.25925925925925924
orb_1033,moved_cov,unsolved,YYXXXYxx,YYYYYYYxyyyyyyXXXYx,27,1,27.0,5.0,3.0,2.0,0.25925925925925924
orb_1034,moved_cov,solved,YYXXXyXX,YXXXyxxxxYXXXXyxxxx,27,1,27.0,6.0,4.0,1.1666666666666667,0.48148148148148145
orb_1035,moved_cov,solved,YYXXXyxx,YXXyxxYXXyxxYXXyxxx,27,1,27.0,8.0,6.0,1.125,0.3333333333333333
orb_1036,moved_cov,unsolved,YYXXXyxx,YYYYYXXyXyXyXyXYxxx,27,1,27.0,8.0,6.0,1.625,0.037037037037037035
orb_1037,moved_cov,unsolved,YYXXXyxx,YYYYYYYYXXyxxyyyyyX,27,1,27.0,5.0,3.0,2.0,0.25925925925925924
orb_1038,moved_cov,unsolved,YYXXXyxx,YYYYYYYYxyyyyyXXXyx,27,1,27.0,5.0,3.0,2.0,0.25925925925925924
orb_1039,moved_cov,unsolved,YYXXYx,YYYYYYYYxYXXyyyyyyxYX,27,1,27.0,6.0,4.0,1.3333333333333333,0.4074074074074074
orb_1040,moved_cov,unsolved,YYXXYx,YYYYYYYYxYXyyyyyyyxyX,27,1,27.0,6.0,4.0,1.1666666666666667,0.48148148148148145
orb_1041,moved_cov,unsolved,YYXXYx,YYYYYYYYxyXyyyyyyyxYX,27,1,27.0,6.0,4.0,1.1666666666666667,0.48148148148148145
orb_1042,moved_cov,unsolved,YYXXYx,YYYYYYYxYXXyyyyyyyxYX,27,1,27.0,6.0,4.0,1.3333333333333333,0.4074074074074074
orb_1043,moved_cov,unsolved,YYXXyx,YXyXXXXXXXXYxyxxxxxxx,27,1,27.0,6.0,4.0,1.1666666666666667,0.48148148148148145
orb_1044,moved_cov,unsolved,YYXXyx,YXyXXXXXXXYxyxxxxxxxx,27,1,27.0,6.0,4.0,1.1666666666666667,0.48148148148148145
orb_1045,moved_cov,unsolved,YYXXyx,YYXyxxxxxxxYXyXXXXXXX,27,1,27.0,6.0,4.0,1.3333333333333333,0.4074074074074074
orb_1046,moved_cov,unsolved,YYXXyx,YYXyxxxxxxxxYXyXXXXXX,27,1,27.0,6.0,4.0,1.3333333333333333,0.4074074074074074
orb_1047,moved_cov,unsolved,YYXXyx,YYXyxxyXXYYXXYYXXYYXX,27,1,27.0,8.0,6.0,1.625,0.037037037037037035
orb_1048,moved_cov,solved,YYXXyxyxxxYx,YXXyxxxYXXXyxxx,27,1,27.0,8.0,4.0,1.125,0.3333333333333333
orb_1049,moved_cov,unsolved,YYXXyyXYYxxxx,YYXXYxxxYYxYYx,27,1,27.0,7.0,4.0,1.8571428571428572,0.037037037037037035
orb_1050,moved_cov,unsolved,YYXyxYXXyx,YXXXXXyxYxxxxxxyX,27,1,27.0,8.0,4.0,1.125,0.3333333333333333
orb_1051,moved_cov,solved,YYYXXXYYxyyx,YYYXyyyxYYYXyyx,27,1,27.0,7.0,4.0,1.2857142857142858,0.3333333333333333
orb_1052,moved_cov,solved,YXXXXXXyxxxxx,YYXXXXXXXXXyxxx,28,1,28.0,4.0,2.0,1.25,0.6428571428571429
orb_1053,moved_cov,unsolved,YXXXXXXyxxxxx,YYXXXXYxxxxxyyX,28,1,28.0,5.0,3.0,1.4,0.5
orb_1054,moved_cov,unsolved,YXXXXXXyxxxxx,YYXXXXYxxxxxyyx,28,1,28.0,5.0,3.0,1.4,0.5
orb_1055,moved_cov,solved,YXXXXXXyxxxxx,YYXXXXyxxxxxxxx,28,1,28.0,4.0,2.0,1.25,0.6428571428571429
orb_1056,moved_cov,unsolved,YXXXXXXyxxxxx,YYXyyXXXXXXyxxx,28,1,28.0,5.0,3.0,1.4,0.5
orb_1057,moved_cov,unsolved,YXXXXXXyxxxxx,YYXyyXXXXXyxxxx,28,1,28.0,5.0,3.0,1.4,0.5
orb_1058,moved_cov,unsolved,YXXXXXXyxxxxx,YYXyyXXXXYxxxxx,28,1,28.0,5.0,3.0,1.4,0.5
orb_1059,moved_cov,unsolved,YXXXXXXyxxxxx,YYXyyXXXYxxxxxx,28,1,28.0,5.0,3.0,1.4,0.5
orb_1060,moved_cov,unsolved,YXXXXXXyxxxxx,YYYXXXXXyxxxxyX,28,1,28.0,5.0,3.0,1.4,0.5
orb_1061,moved_cov,unsolved,YXXXXXXyxxxxx,YYYXXXXXyxxxxyx,28,1,28.0,5.0,3.0,1.4,0.5
orb_1062,moved_cov,unsolved,YXXXXXXyxxxxx,YYYXyXXXXXXyxxx,28,1,28.0,5.0,3.0,1.4,0.5
orb_1063,moved_cov,unsolved,YXXXXXXyxxxxx,YYYXyXXXXXyxxxx,28,1,28.0,5.0,3.0,1.4,0.5
orb_1064,moved_cov,unsolved,YXXXXXXyxxxxx,YYYXyxxxxxxyXXX,28,1,28.0,5.0,3.0,1.4,0.5
orb_1065,moved_cov,unsolved,YXXXXXXyxxxxx,YYYXyxxxxxyXXXX,28,1,28.0,5.0,3.0,1.4,0.5
orb_1066,moved_cov,unsolved,YXXXXXyxxxx,YYXyyXXXXXXXXyxxx,28,1,28.0,5.0,3.0,1.4,0.5
orb_1067,moved_cov,unsolved,YXXXXXyxxxx,YYXyyXXXYxxxxxxxx,28,1,28.0,5.0,3.0,1.4,0.5
orb_1068,moved_cov,unsolved,YXXXyXXyX,YYxyxYxyXYXXyyxYXyX,28,1,28.0,11.0,8.0,1.1818181818181819,0.07142857142857142
orb_1069,moved_cov,unsolved,YXXyXYxxxyX,YYXyxYXyxYXyxYXyx,28,1,28.0,12.0,8.0,1.0833333333333333,0.07142857142857142
orb_1070,moved_cov,unsolved,YXXyXYxxxyx,YYXyxYXyxYXyxYXyx,28,1,28.0,12.0,8.0,1.0833333333333333,0.07142857142857142
orb_1071,moved_cov,unsolved,YXXyxxYXXXyxx,YYYXXYxxyXXyyxx,28,1,28.0,8.0,4.0,1.375,0.21428571428571427
orb_1072,moved_cov,unsolved,YXXyxxYXXXyxx,YYYXXYxxyyXXyxx,28,1,28.0,8.0,4.0,1.375,0.21428571428571427
orb_1073,moved_cov,unsolved,YXXyxxYXXXyxx,YYYXXyxxyyXXyxx,28,1,28.0,8.0,4.0,1.375,0.21428571428571427
orb_1074,moved_cov,unsolved,YXYxYXXYx,YYYYYYYXYxyyyyyyXyx,28,1,28.0,8.0,4.0,1.125,0.35714285714285715
orb_1075,moved_cov,unsolved,YXyXXXYxxyx,YYXyxYXyxYXyxYXyx,28,1,28.0,12.0,8.0,1.0833333333333333,0.07142857142857142
orb_1076,moved_cov,solved,YXyxYXXXyxx,YYxyXYxyXYxyXYxyX,28,1,28.0,12.0,8.0,1.0833333333333333,0.07142857142857142
orb_1077,moved_cov,unsolved,YXyxYXXyx,YYYYYYYXyxyyyyyyXYx,28,1,28.0,8.0,4.0,1.125,0.35714285714285715
orb_1078,moved_cov,unsolved,YXyxYXyxYXXyx,YYXYxyyXYxyyXYx,28,1,28.0,12.0,6.0,1.0833333333333333,0.07142857142857142
orb_1079,moved_cov,unsolved,YXyxYXyxYXXyx,YYXYxyyXyxYYXyx,28,1,28.0,12.0,6.0,1.0833333333333333,0.07142857142857142
orb_1080,moved_cov,unsolved,YXyxYXyxYXXyx,YYYXYxyyXYxyXyx,28,1,28.0,12.0,6.0,1.0833333333333333,0.07142857142857142
orb_1081,moved_cov,unsolved,YXyxYXyxYXXyx,YYYXyxyXyxYYXyx,28,1,28.0,12.0,6.0,1.0833333333333333,0.07142857142857142
orb_1082,moved_cov,unsolved,YXyxYXyxYXXyx,YYYXyxyyXYxYXyx,28,1,28.0,12.0,6.0,1.0833333333333333,0.07142857142857142
orb_1083,moved_cov,unsolved,YXyxYXyxYXXyx,YYYXyxyyXYxyXyx,28,1,28.0,12.0,6.0,1.0833333333333333,0.07142857142857142
orb_1084,moved_cov,unsolved,YXyxYXyxYXXyx,YYYYXyxyXYxyXyx,28,1,28.0,12.0,6.0,1.0833333333333333,0.07142857142857142
orb_1085,moved_cov,solved,YYXXXXXXXyX,YXXXXXXXXyxxxxxxx,28,1,28.0,4.0,2.0,1.25,0.6428571428571429
orb_1086,moved_cov,solved,YYXXXXXXyXX,YXXXXXXXXyxxxxxxx,28,1,28.0,4.0,2.0,1.25,0.6428571428571429
orb_1087,moved_cov,unsolved,YYXXyXYXXyX,YXXyXXXXYxxyxxxxx,28,1,28.0,8.0,4.0,1.125,0.35714285714285715
orb_1088,moved_cov,unsolved,YYXXyxYXXyx,YXXyXXXXYxxyxxxxx,28,1,28.0,8.0,4.0,1.125,0.35714285714285715
orb_1089,moved_cov,unsolved,YYXXyxYXXyx,YXXyXXYxxyXXYxxyx,28,1,28.0,10.0,6.0,1.1,0.21428571428571427
orb_1090,moved_cov,unsolved,YYYXXXXYxxyyx,YYYXyyyxYYYXyyx,28,1,28.0,7.0,4.0,1.5714285714285714,0.21428571428571427
orb_1091,moved_cov,unsolved,YYYXXXyxxxyyx,YYYXyyyxYYYXyyx,28,1,28.0,7.0,4.0,1.5714285714285714,0.21428571428571427
orb_1092,moved_cov,solved,YXXXXXXyxxxxx,YYXXXXXXXXXyxxxx,29,1,29.0,4.0,2.0,1.25,0.6551724137931034
orb_1093,moved_cov,unsolved,YXXXXXXyxxxxx,YYXXXXXYxxxxxyyX,29,1,29.0,5.0,3.0,1.4,0.5172413793103449
orb_1094,moved_cov,unsolved,YXXXXXXyxxxxx,YYXXXXXYxxxxxyyx,29,1,29.0,5.0,3.0,1.4,0.5172413793103449
orb_1095,moved_cov,unsolved,YXXXXXXyxxxxx,YYXXXXYxyXXyxxxx,29,1,29.0,6.0,4.0,1.1666666666666667,0.5172413793103449
orb_1096,moved_cov,unsolved,YXXXXXXyxxxxx,YYXyyXXXXXXyxxxx,29,1,29.0,5.0,3.0,1.4,0.5172413793103449
orb_1097,moved_cov,unsolved,YXXXXXXyxxxxx,YYXyyXXXXYxxxxxx,29,1,29.0,5.0,3.0,1.4,0.5172413793103449
orb_1098,moved_cov,unsolved,YXXXXXXyxxxxx,YYYXXXXXyXXyxxxx,29,1,29.0,5.0,3.0,1.4,0.5172413793103449
orb_1099,moved_cov,unsolved,YXXXXXXyxxxxx,YYYXXXXXyxxxxxyX,29,1,29.0,5.0,3.0,1.4,0.5172413793103449
orb_1100,moved_cov,unsolved,YXXXXXXyxxxxx,YYYXXXXXyxxxxxyx,29,1,29.0,5.0,3.0,1.4,0.5172413793103449
orb_1101,moved_cov,unsolved,YXXXXXXyxxxxx,YYYXXXXXyyxxxxxx,29,1,29.0,4.0,2.0,1.75,0.5172413793103449
orb_1102,moved_cov,unsolved,YXXXXXXyxxxxx,YYYXyXXXXXXyxxxx,29,1,29.0,5.0,3.0,1.4,0.5172413793103449
orb_1103,moved_cov,unsolved,YXXXXXXyxxxxx,YYYXyxxxxxxyXXXX,29,1,29.0,5.0,3.0,1.4,0.5172413793103449
orb_1104,moved_cov,unsolved,YXXXXXyXXyx,YYxxxyXYxxxxyXYxyx,29,1,29.0,9.0,6.0,1.1111111111111112,0.3103448275862069
orb_1105,moved_cov,unsolved,YXXXXXyxxxx,YYXXXXyxxxxxxxxyyX,29,1,29.0,5.0,3.0,1.4,0.5172413793103449
orb_1106,moved_cov,unsolved,YXXXXXyxxxx,YYXXXXyxxxxxxxxyyx,29,1,29.0,5.0,3.0,1.4,0.5172413793103449
orb_1107,moved_cov,unsolved,YXXXyXXyx,YYxxyXYxxyXYxyxYXXyx,29,1,29.0,11.0,8.0,1.0909090909090908,0.1724137931034483
orb_1108,moved_cov,unsolved,YXXYXXYxxyx,YYYYYYXXyyyxxyxYXX,29,1,29.0,8.0,4.0,1.75,0.034482758620689655
orb_1109,moved_cov,unsolved,YXXYXXyxxyx,YYYYYxxyXYXXyyyyxx,29,1,29.0,8.0,4.0,1.75,0.034482758620689655
orb_1110,moved_cov,unsolved,YXXYxxyX,YYxyXYxyXYxyXYxyXYxyX,29,1,29.0,13.0,10.0,1.0769230769230769,0.034482758620689655
orb_1111,moved_cov,unsolved,YXXyXyx,YYxyXXYxyxYXyxYXyxYXyx,29,1,29.0,13.0,10.0,1.0769230769230769,0.034482758620689655
orb_1112,moved_cov,unsolved,YXXyxYXXyxx,YYXYxxyyXXyxYYXXyx,29,1,29.0,10.0,6.0,1.3,0.10344827586206896
orb_1113,moved_cov,unsolved,YXXyxYXXyxx,YYXYxxyyXYxxyyXYxx,29,1,29.0,10.0,6.0,1.3,0.10344827586206896
orb_1114,moved_cov,unsolved,YXXyxYXXyxx,YYYXXyxyXXyxYYXXyx,29,1,29.0,10.0,6.0,1.3,0.10344827586206896
orb_1115,moved_cov,unsolved,YXXyxYXXyxx,YYYXXyxyyXYxxYXXyx,29,1,29.0,10.0,6.0,1.3,0.10344827586206896
orb_1116,moved_cov,unsolved,YXXyxYXXyxx,YYYXXyxyyXYxxyXXyx,29,1,29.0,10.0,6.0,1.3,0.10344827586206896
orb_1117,moved_cov,unsolved,YXXyxYXXyxx,YYYXYxxyyXYxxyXXyx,29,1,29.0,10.0,6.0,1.3,0.10344827586206896
orb_1118,moved_cov,unsolved,YXXyxYXXyxx,YYYYXXyxyXYxxyXXyx,29,1,29.0,10.0,6.0,1.3,0.10344827586206896
orb_1119,moved_cov,unsolved,YXYXXyxYXyx,YYXyxxYXyXYxyXYxyX,29,1,29.0,13.0,8.0,1.0769230769230769,0.034482758620689655
orb_1120,moved_cov,unsolved,YXYXyxyXYxx,YYYYXyxYYYYXyxYYYx,29,1,29.0,10.0,5.0,1.1,0.2413793103448276
orb_1121,moved_cov,solved,YYXXXXXXXXyxxx,YXXXXXXXyxxxxxx,29,1,29.0,4.0,2.0,1.25,0.6551724137931034
orb_1122,moved_cov,solved,YYXXXXXXyxxxxx,YXXXXXXXyxxxxxx,29,1,29.0,4.0,2.0,1.25,0.6551724137931034
orb_1123,moved_cov,unsolved,YYXXXXYX,YYXXyxxxyyxxxyyxxxyyx,29,1,29.0,7.0,5.0,1.7142857142857142,0.1724137931034483
orb_1124,moved_cov,solved,YYXXXyXyyxxx,YXXXyxxxYXXXyxxxx,29,1,29.0,7.0,4.0,1.2857142857142858,0.3793103448275862
orb_1125,moved_cov,unsolved,YYXXXyx,YYXXyyxxYXYYXXXXYYXXXX,29,1,29.0,7.0,5.0,1.7142857142857142,0.1724137931034483
orb_1126,moved_cov,unsolved,YYXXXyx,YYXyyxxxyyxxxYXXXYYXXX,29,1,29.0,7.0,5.0,1.7142857142857142,0.1724137931034483
orb_1127,moved_cov,unsolved,YYXXXyx,YYXyyxxxyyxxxyyxxxYXXX,29,1,29.0,7.0,5.0,1.7142857142857142,0.1724137931034483
orb_1128,moved_cov,solved,YYXXXyxxyXYx,YXXXyxxxYXXXyxxxx,29,1,29.0,8.0,4.0,1.125,0.3793103448275862
orb_1129,moved_cov,solved,YYXXXyxxyxYx,YXXXyxxxYXXXyxxxx,29,1,29.0,8.0,4.0,1.125,0.3793103448275862
orb_1130,moved_cov,unsolved,YYYXXXYXXXyyX,YYYXXXyyyxxxYXXX,29,1,29.0,6.0,3.0,2.1666666666666665,0.10344827586206896
orb_1131,moved_cov,unsolved,YYYXXXYXXXyyX,YYYYXXXyyxxxyXXX,29,1,29.0,6.0,3.0,2.1666666666666665,0.10344827586206896
orb_1132,moved_cov,unsolved,YYYXXXYXXXyyx,YYYXXXyyyxxxYXXX,29,1,29.0,6.0,3.0,2.1666666666666665,0.10344827586206896
orb_1133,moved_cov,solved,X,YYXyxYXyxYXyxYXyxYXyxYXyxYXyx,30,1,30.0,14.0,14.0,1.0,0.0
orb_1134,moved_cov,solved,YXXXXXXyxxxxx,YYXXXXXXXXXXyxxxx,30,1,30.0,4.0,2.0,1.25,0.6666666666666666
orb_1135,moved_cov,unsolved,YXXXXXXyxxxxx,YYXXXXXYxxxxxyXyX,30,1,30.0,6.0,4.0,1.1666666666666667,0.5333333333333333
orb_1136,moved_cov,unsolved,YXXXXXXyxxxxx,YYXXXXXYxxxxxyXyx,30,1,30.0,6.0,4.0,1.1666666666666667,0.5333333333333333
orb_1137,moved_cov,unsolved,YXXXXXXyxxxxx,YYXXXXXYxxxxxyyXX,30,1,30.0,5.0,3.0,1.4,0.5333333333333333
orb_1138,moved_cov,unsolved,YXXXXXXyxxxxx,YYXXXXXYxxxxxyyxx,30,1,30.0,5.0,3.0,1.4,0.5333333333333333
orb_1139,moved_cov,solved,YXXXXXXyxxxxx,YYXXXXXyxxxxxxxxx,30,1,30.0,4.0,2.0,1.25,0.6666666666666666
orb_1140,moved_cov,unsolved,YXXXXXXyxxxxx,YYXXXXXyxxxxxyXYx,30,1,30.0,6.0,4.0,1.1666666666666667,0.5333333333333333
orb_1141,moved_cov,unsolved,YXXXXXXyxxxxx,YYXXXXXyxxxxxyXyX,30,1,30.0,6.0,4.0,1.1666666666666667,0.5333333333333333
orb_1142,moved_cov,unsolved,YXXXXXXyxxxxx,YYXXXXXyxxxxxyXyx,30,1,30.0,6.0,4.0,1.1666666666666667,0.5333333333333333
orb_1143,moved_cov,unsolved,YXXXXXXyxxxxx,YYXYxyXXXXXXyxxxx,30,1,30.0,6.0,4.0,1.1666666666666667,0.5333333333333333
orb_1144,moved_cov,unsolved,YXXXXXXyxxxxx,YYXyXyxxxxYXXXXXX,30,1,30.0,6.0,4.0,1.1666666666666667,0.5333333333333333
orb_1145,moved_cov,unsolved,YXXXXXXyxxxxx,YYXyxxxxxxyXXXXYx,30,1,30.0,6.0,4.0,1.1666666666666667,0.5333333333333333
orb_1146,moved_cov,unsolved,YXXXXXXyxxxxx,YYXyxyXXXXXXyxxxx,30,1,30.0,6.0,4.0,1.1666666666666667,0.5333333333333333
orb_1147,moved_cov,unsolved,YXXXXXXyxxxxx,YYXyxyXXXXYxxxxxx,30,1,30.0,6.0,4.0,1.1666666666666667,0.5333333333333333
orb_1148,moved_cov,unsolved,YXXXXXXyxxxxx,YYYXXXXXyxxxxxyXX,30,1,30.0,5.0,3.0,1.4,0.5333333333333333
orb_1149,moved_cov,unsolved,YXXXXXXyxxxxx,YYYXXXXXyxxxxxyxx,30,1,30.0,5.0,3.0,1.4,0.5333333333333333
orb_1150,moved_cov,unsolved,YXYxYXXYx,YYYYYYYYXYxyyyyyyyXyx,30,1,30.0,8.0,4.0,1.125,0.4
orb_1151,moved_cov,unsolved,YXYxyXXyx,YYXYxyXYxyXYxyXyxYXyx,30,1,30.0,14.0,10.0,1.0714285714285714,0.0
orb_1152,moved_cov,solved,YXyXXYxyXYxyx,YYXyxYXyxYXyxYXyx,30,1,30.0,14.0,8.0,1.0714285714285714,0.0
orb_1153,moved_cov,solved,YXyXXYxyx,YYXyxYXyxYXyxYXyxYXyx,30,1,30.0,14.0,10.0,1.0714285714285714,0.0
orb_1154,moved_cov,unsolved,YXyXYXXyxYxyx,YYXyxYXyxYXyxYXyx,30,1,30.0,14.0,8.0,1.0714285714285714,0.0
orb_1155,moved_cov,unsolved,YXyXYXyXYxxyx,YYXyxYXyxYXyxYXyx,30,1,30.0,14.0,8.0,1.0714285714285714,0.0
orb_1156,moved_cov,unsolved,YXyxYXXyx,YYYYYYYYXyxyyyyyyyXYx,30,1,30.0,8.0,4.0,1.125,0.4
orb_1157,moved_cov,solved,YXyxYXyxYXXyx,YYXyxYXyxyXYxyXYx,30,1,30.0,14.0,8.0,1.0714285714285714,0.0
orb_1158,moved_cov,solved,YXyxYXyxYXXyx,YYXyxYXyxyXyxYXyx,30,1,30.0,14.0,8.0,1.0714285714285714,0.0
orb_1159,moved_cov,solved,YYXXXXXXXXXyxxx,YXXXXXXXyxxxxxx,30,1,30.0,4.0,2.0,1.25,0.6666666666666666
orb_1160,moved_cov,solved,YYXXXXXXyXXXX,YXXXXXXXyxxxxxxxx,30,1,30.0,4.0,2.0,1.25,0.6666666666666666
orb_1161,moved_cov,solved,YYXXXXXXyxxxx,YXXXXXXXyxxxxxxxx,30,2,30.0,4.0,2.0,1.25,0.6666666666666666
orb_1162,moved_cov,solved,YYXXXXYxxyXyxxx,YXXyxxxYXXXyxxx,30,1,30.0,8.0,4.0,1.125,0.4
orb_1163,moved_cov,solved,YYXXYxxxyXXXyxx,YXXXyxxYXXXyxxx,30,1,30.0,8.0,4.0,1.125,0.4
orb_1164,moved_cov,unsolved,YYXXyXYXXyX,YXXyXXXXXXYxxyxxxxx,30,1,30.0,8.0,4.0,1.125,0.4
orb_1165,moved_cov,unsolved,YYXXyxYXXyX,YXXyXYXXyxxxxYxxyXX,30,1,30.0,10.0,6.0,1.1,0.26666666666666666
orb_1166,moved_cov,unsolved,YYXXyxYXXyx,YXXyXXXXXXYxxyxxxxx,30,1,30.0,8.0,4.0,1.125,0.4
orb_1167,moved_cov,unsolved,YXXXXXXXyxxxxxx,YYYXXXXXXyyxxxxx,31,1,31.0,4.0,2.0,1.75,0.5483870967741935
orb_1168,moved_cov,unsolved,YXXXXXXyxxxxx,YYYXXXXXXXyXXyxxxx,31,1,31.0,5.0,3.0,1.4,0.5483870967741935
orb_1169,moved_cov,unsolved,YXXXXXyXXXXyx,YYxxxyXYxxxxyXYxyx,31,1,31.0,9.0,6.0,1.1111111111111112,0.3548387096774194
orb_1170,moved_cov,unsolved,YXXXXXyXXXyx,YYxxxxyXYxxxxyXYxyx,31,1,31.0,9.0,6.0,1.1111111111111112,0.3548387096774194
orb_1171,moved_cov,unsolved,YXXXXXyxxxx,YYXXXXYxxxxyXXXXyxxx,31,1,31.0,6.0,4.0,1.1666666666666667,0.5483870967741935
orb_1172,moved_cov,unsolved,YXXXXXyxxxx,YYXXXXyxxxxyXXXXyxxx,31,1,31.0,6.0,4.0,1.1666666666666667,0.5483870967741935
orb_1173,moved_cov,unsolved,YXXXXXyxxxx,YYXXXXyxxxxyXXXYxxxx,31,1,31.0,6.0,4.0,1.1666666666666667,0.5483870967741935
orb_1174,moved_cov,unsolved,YXXXXXyxxxx,YYXXXXyxxxyXXXXXyxxx,31,1,31.0,6.0,4.0,1.1666666666666667,0.5483870967741935
orb_1175,moved_cov,unsolved,YXXXXXyxxxx,YYXXXXyxxxyXXXYxxxxx,31,1,31.0,6.0,4.0,1.1666666666666667,0.5483870967741935
orb_1176,moved_cov,unsolved,YXXXXXyxxxx,YYXXXYxxxxyXXXXXyxxx,31,1,31.0,6.0,4.0,1.1666666666666667,0.5483870967741935
orb_1177,moved_cov,unsolved,YXXXYxxxyX,YYXyxYXyxYXyxYXyxYXyx,31,1,31.0,13.0,10.0,1.0769230769230769,0.0967741935483871
orb_1178,moved_cov,unsolved,YXXXYxxxyX,YYxyXYxyXYxyXYxyXYxyX,31,1,31.0,13.0,10.0,1.0769230769230769,0.0967741935483871
orb_1179,moved_cov,unsolved,YXXYXXyxYxxxxyx,YXXyxYXXyxYxxxxx,31,1,31.0,10.0,5.0,1.0,0.3548387096774194
orb_1180,moved_cov,unsolved,YXXYxxyx,YXyXXyxYXyxYXyxYXyxYXyx,31,1,31.0,14.0,11.0,1.0,0.0967741935483871
orb_1181,moved_cov,solved,YYXXXXXXyxxx,YXXXXyxxxYXXXXyxxxx,31,1,31.0,6.0,4.0,1.1666666666666667,0.5483870967741935
orb_1182,moved_cov,solved,YYXXXXXXyxxxxx,YXXXXXXXXyxxxxxxx,31,1,31.0,4.0,2.0,1.25,0.6774193548387096
orb_1183,moved_cov,unsolved,YYXXXXXyxxxyx,YXXXXXyXYXXXXXyXYx,31,1,31.0,8.0,5.0,1.125,0.41935483870967744
orb_1184,moved_cov,unsolved,YYXXyx,YYXyxxYXXYYXXYYXXYYXXYYXX,31,1,31.0,9.0,7.0,1.6666666666666667,0.03225806451612903
orb_1185,moved_cov,unsolved,YYXXyx,YYXyyxxxyyxxxyXYYXXXYYXXX,31,1,31.0,8.0,6.0,1.75,0.0967741935483871
orb_1186,moved_cov,unsolved,YYXXyx,YYXyyxxxyyxxxyyxxxyXYYXXX,31,1,31.0,8.0,6.0,1.75,0.0967741935483871
orb_1187,moved_cov,unsolved,YYXXyxYxyx,YXyXYXyXYXyxYxyxYxyxx,31,1,31.0,14.0,10.0,1.0714285714285714,0.03225806451612903
orb_1188,moved_cov,solved,YYXXyxxYXXyX,YXXyxxYXXyxxYXXXyxx,31,1,31.0,10.0,6.0,1.1,0.2903225806451613
orb_1189,moved_cov,unsolved,YYXYxYXXYx,YYYYYYYYXYxyyyyyyyXyx,31,1,31.0,8.0,4.0,1.125,0.41935483870967744
orb_1190,moved_cov,unsolved,YYXYxYXXYx,YYYYYYYYXyxyyyyyyyXYx,31,1,31.0,8.0,4.0,1.125,0.41935483870967744
orb_1191,moved_cov,unsolved,YYXyxYXXyx,YXXXXXXXyXYxxxxxxxxyx,31,1,31.0,8.0,4.0,1.125,0.41935483870967744
orb_1192,moved_cov,unsolved,YYXyxYXXyx,YXXXXXXXyxYxxxxxxxxyX,31,1,31.0,8.0,4.0,1.125,0.41935483870967744
orb_1193,moved_cov,unsolved,YYYXXXYxxxyyyx,YXXXyxxxYXXXyxxxx,31,1,31.0,7.0,4.0,1.5714285714285714,0.2903225806451613
orb_1194,moved_cov,unsolved,YYYXXYxxxxyyyX,YYYYxyyyXYYYxyyyX,31,1,31.0,7.0,4.0,1.5714285714285714,0.2903225806451613
orb_1195,moved_cov,unsolved,YXXXXXXXyxxxxxx,YYXXXXXYxxxxxxyyX,32,1,32.0,5.0,3.0,1.4,0.5625
orb_1196,moved_cov,unsolved,YXXXXXXXyxxxxxx,YYXXXXXYxxxxxxyyx,32,1,32.0,5.0,3.0,1.4,0.5625
orb_1197,moved_cov,solved,YXXXXXXXyxxxxxx,YYXXXXXyxxxxxxxxx,32,1,32.0,4.0,2.0,1.25,0.6875
orb_1198,moved_cov,unsolved,YXXXXXXXyxxxxxx,YYXXXXXyxxxxxxyyX,32,1,32.0,5.0,3.0,1.4,0.5625
orb_1199,moved_cov,unsolved,YXXXXXXXyxxxxxx,YYXXXXXyxxxxxxyyx,32,1,32.0,5.0,3.0,1.4,0.5625
orb_1200,moved_cov,unsolved,YXXXXXXXyxxxxxx,YYYXXXXXXyxxxxxyX,32,1,32.0,5.0,3.0,1.4,0.5625
orb_1201,moved_cov,unsolved,YXXXXXXXyxxxxxx,YYYXXXXXXyxxxxxyx,32,1,32.0,5.0,3.0,1.4,0.5625
orb_1202,moved_cov,unsolved,YXXXXXXXyxxxxxx,YYYXXXXXyxxxxxxyX,32,1,32.0,5.0,3.0,1.4,0.5625
orb_1203,moved_cov,unsolved,YXXXXXXXyxxxxxx,YYYXXXXXyxxxxxxyx,32,1,32.0,5.0,3.0,1.4,0.5625
orb_1204,moved_cov,unsolved,YXXXXXXXyxxxxxx,YYYXyXXXXXXyxxxxx,32,1,32.0,5.0,3.0,1.4,0.5625
orb_1205,moved_cov,unsolved,YXXXXXXXyxxxxxx,YYYXyxxxxxxyXXXXX,32,1,32.0,5.0,3.0,1.4,0.5625
orb_1206,moved_cov,unsolved,YXXXyxxYXXXyxxx,YYYXXXyxxyyXXXyxx,32,1,32.0,8.0,4.0,1.375,0.3125
orb_1207,moved_cov,unsolved,YXXXyxxYXXXyxxx,YYYXXYxxxyyXXXyxx,32,1,32.0,8.0,4.0,1.375,0.3125
orb_1208,moved_cov,unsolved,YXXyXYxxxyX,YYXyxYXyxYXyxYXyxYXyx,32,1,32.0,14.0,10.0,1.0714285714285714,0.0625
orb_1209,moved_cov,unsolved,YXXyXYxxxyx,YYXyxYXyxYXyxYXyxYXyx,32,1,32.0,14.0,10.0,1.0714285714285714,0.0625
orb_1210,moved_cov,unsolved,YXXyXYxxyXYxxyX,YYXyxYXyxYXyxYXyx,32,1,32.0,14.0,8.0,1.0714285714285714,0.0625
orb_1211,moved_cov,unsolved,YXXyXYxxyXYxxyx,YYXyxYXyxYXyxYXyx,32,1,32.0,14.0,8.0,1.0714285714285714,0.0625
orb_1212,moved_cov,unsolved,YXXyxxYXXXyxx,YYXXYxxYXXyxxyXXyxx,32,1,32.0,10.0,6.0,1.1,0.3125
orb_1213,moved_cov,unsolved,YXXyxxYXXXyxx,YYXXYxxyXXyxxyXXyxx,32,1,32.0,10.0,6.0,1.1,0.3125
orb_1214,moved_cov,unsolved,YXYXyxyXYxx,YYYYYXyxYYYYYXyxYYYYx,32,1,32.0,10.0,5.0,1.1,0.3125
orb_1215,moved_cov,unsolved,YXyXXXYxxyx,YYXyxYXyxYXyxYXyxYXyx,32,1,32.0,14.0,10.0,1.0714285714285714,0.0625
orb_1216,moved_cov,unsolved,YXyXXXYxyxYXyxx,YYXyxYXyxYXyxYXyx,32,1,32.0,14.0,8.0,1.0714285714285714,0.0625
orb_1217,moved_cov,unsolved,YXyXXXYxyxxYXyx,YYXyxYXyxYXyxYXyx,32,1,32.0,14.0,8.0,1.0714285714285714,0.0625
orb_1218,moved_cov,unsolved,YXyXXYXyxYXyxxx,YYxyXYxyXYxyXYxyX,32,1,32.0,14.0,8.0,1.0714285714285714,0.0625
orb_1219,moved_cov,unsolved,YXyXXYxyXYXyxxx,YYXyxYXyxYXyxYXyx,32,1,32.0,14.0,8.0,1.0714285714285714,0.0625
orb_1220,moved_cov,unsolved,YXyXXYxyxYXyxxx,YYXyxYXyxYXyxYXyx,32,1,32.0,14.0,8.0,1.0714285714285714,0.0625
orb_1221,moved_cov,unsolved,YXyXYXyxxYXyxxx,YYXyxYXyxYXyxYXyx,32,1,32.0,14.0,8.0,1.0714285714285714,0.0625
orb_1222,moved_cov,unsolved,YXyXYxxxxyXYXyx,YYXyxYXyxYXyxYXyx,32,1,32.0,14.0,8.0,1.0714285714285714,0.0625
orb_1223,moved_cov,solved,YXyxYXyxYXXXyxx,YYxyXYxyXYxyXYxyX,32,1,32.0,14.0,8.0,1.0714285714285714,0.0625
orb_1224,moved_cov,solved,YYXXXXXXXXyxxxx,YXXXXXXXyxxxxxxxx,32,1,32.0,4.0,2.0,1.25,0.6875
orb_1225,moved_cov,unsolved,YYXXXyxxxxyyx,YXXXyxxxxYXXXXyxxxx,32,1,32.0,7.0,4.0,1.2857142857142858,0.4375
orb_1226,moved_cov,solved,YYXXYxxyXXyxx,YXXyxxYXXyxxYXXXyxx,32,1,32.0,10.0,6.0,1.1,0.3125
orb_1227,moved_cov,unsolved,YYXXyXYXXyX,YXXyXXXXXXYxxyxxxxxxx,32,1,32.0,8.0,4.0,1.125,0.4375
orb_1228,moved_cov,unsolved,YYXXyxYXXyx,YXXyXXXXXXYxxyxxxxxxx,32,1,32.0,8.0,4.0,1.125,0.4375
orb_1229,moved_cov,unsolved,YXXXXXXXyxxxxxx,YYXXXXXXYxxxxxxyyX,33,1,33.0,5.0,3.0,1.4,0.5757575757575758
orb_1230,moved_cov,unsolved,YXXXXXXXyxxxxxx,YYXXXXXXYxxxxxxyyx,33,1,33.0,5.0,3.0,1.4,0.5757575757575758
orb_1231,moved_cov,solved,YXXXXXXXyxxxxxx,YYXXXXXXyxxxxxxxxx,33,1,33.0,4.0,2.0,1.25,0.696969696969697
orb_1232,moved_cov,unsolved,YXXXXXXXyxxxxxx,YYXyyXXXXXXXyxxxxx,33,1,33.0,5.0,3.0,1.4,0.5757575757575758
orb_1233,moved_cov,unsolved,YXXXXXXXyxxxxxx,YYXyyXXXXXYxxxxxxx,33,1,33.0,5.0,3.0,1.4,0.5757575757575758
orb_1234,moved_cov,unsolved,YXXXXXXXyxxxxxx,YYYXXXXXXyXXyxxxxx,33,1,33.0,5.0,3.0,1.4,0.5757575757575758
orb_1235,moved_cov,unsolved,YXXXXXXXyxxxxxx,YYYXXXXXXyxxxxxxyX,33,1,33.0,5.0,3.0,1.4,0.5757575757575758
orb_1236,moved_cov,unsolved,YXXXXXXXyxxxxxx,YYYXXXXXXyxxxxxxyx,33,1,33.0,5.0,3.0,1.4,0.5757575757575758
orb_1237,moved_cov,unsolved,YXXXXXXXyxxxxxx,YYYXXXXXXyyxxxxxxx,33,1,33.0,4.0,2.0,1.75,0.5757575757575758
orb_1238,moved_cov,unsolved,YXXXXXXXyxxxxxx,YYYXyXXXXXXXyxxxxx,33,1,33.0,5.0,3.0,1.4,0.5757575757575758
orb_1239,moved_cov,unsolved,YXXXXXXXyxxxxxx,YYYXyxxxxxxxyXXXXX,33,1,33.0,5.0,3.0,1.4,0.5757575757575758
orb_1240,moved_cov,unsolved,YXXXXXXyxxxxx,YYXyyXXXXXXXXXXyxxxx,33,1,33.0,5.0,3.0,1.4,0.5757575757575758
orb_1241,moved_cov,unsolved,YXXXXXXyxxxxx,YYXyyXXXXYxxxxxxxxxx,33,1,33.0,5.0,3.0,1.4,0.5757575757575758
orb_1242,moved_cov,unsolved,YXXXXXyXXXyxx,YYxxyXXYxxxyXXYxxyxx,33,1,33.0,9.0,6.0,1.1111111111111112,0.3939393939393939
orb_1243,moved_cov,unsolved,YXXXXXyxxxx,YYXXXXXXyxxxyXXXYxxxxx,33,1,33.0,6.0,4.0,1.1666666666666667,0.5757575757575758
orb_1244,moved_cov,unsolved,YXXXXXyxxxx,YYXXXXYxxxxyXXXXyxxxxx,33,1,33.0,6.0,4.0,1.1666666666666667,0.5757575757575758
orb_1245,moved_cov,unsolved,YXXXXXyxxxx,YYXXXXyxxxxyXXXXXYxxxx,33,1,33.0,6.0,4.0,1.1666666666666667,0.5757575757575758
orb_1246,moved_cov,unsolved,YXXXXXyxxxx,YYXXXXyxxxxyXXXXyxxxxx,33,1,33.0,6.0,4.0,1.1666666666666667,0.5757575757575758
orb_1247,moved_cov,unsolved,YXXXyxxYXXXyxxx,YYYXXYxxxyXXXyXyxx,33,1,33.0,9.0,5.0,1.2222222222222223,0.3333333333333333
orb_1248,moved_cov,unsolved,YXXYXXyxxyx,YYYYYYYxxyXYXXyyyyyyxx,33,1,33.0,8.0,4.0,1.75,0.15151515151515152
orb_1249,moved_cov,unsolved,YXXYXXyxxyx,YYYYYYYxxyxYXXyyyyyyXX,33,1,33.0,8.0,4.0,1.75,0.15151515151515152
orb_1250,moved_cov,unsolved,YXXYx,YYYXyxYYXyxYXYxyyXYxyyXYxyyX,33,1,33.0,13.0,11.0,1.0769230769230769,0.15151515151515152
orb_1251,moved_cov,unsolved,YXXYx,YYYXyxYYXyxYYXyxYXYxyyXYxyyX,33,1,33.0,13.0,11.0,1.0769230769230769,0.15151515151515152
orb_1252,moved_cov,unsolved,YXXYxxyXYxxyX,YXXyXXXXXyxYxxxxxxyx,33,1,33.0,10.0,5.0,1.0,0.3939393939393939
orb_1253,moved_cov,solved,YYXXXXXXXyxxxxxx,YXXXXXXXXyxxxxxxx,33,1,33.0,4.0,2.0,1.25,0.696969696969697
orb_1254,moved_cov,unsolved,YYXXXXXYXX,YYXXyXYYXXXYxxyyXYYXXXX,33,1,33.0,8.0,6.0,1.625,0.21212121212121213
orb_1255,moved_cov,solved,YYXXXyxxYXXyxx,YXXyxxYXXyxxYXXyxxx,33,1,33.0,10.0,6.0,1.1,0.3333333333333333
orb_1256,moved_cov,unsolved,YXXXXXXXyxxxxxx,YYXXXXXXYxxxxxxyXyX,34,1,34.0,6.0,4.0,1.1666666666666667,0.5882352941176471
orb_1257,moved_cov,unsolved,YXXXXXXXyxxxxxx,YYXXXXXXYxxxxxxyXyx,34,1,34.0,6.0,4.0,1.1666666666666667,0.5882352941176471
orb_1258,moved_cov,unsolved,YXXXXXXXyxxxxxx,YYXXyyXXXXXXXyxxxxx,34,1,34.0,5.0,3.0,1.4,0.5882352941176471
orb_1259,moved_cov,unsolved,YXXXXXXXyxxxxxx,YYXXyyXXXXXYxxxxxxx,34,1,34.0,5.0,3.0,1.4,0.5882352941176471
orb_1260,moved_cov,unsolved,YXXXXXXXyxxxxxx,YYXYxyXXXXXXXyxxxxx,34,1,34.0,6.0,4.0,1.1666666666666667,0.5882352941176471
orb_1261,moved_cov,unsolved,YXXXXXXXyxxxxxx,YYXyXyxxxxxYXXXXXXX,34,1,34.0,6.0,4.0,1.1666666666666667,0.5882352941176471
orb_1262,moved_cov,unsolved,YXXXXXXXyxxxxxx,YYXyxyXXXXXXXyxxxxx,34,1,34.0,6.0,4.0,1.1666666666666667,0.5882352941176471
orb_1263,moved_cov,unsolved,YXXXXXXXyxxxxxx,YYXyxyXXXXXYxxxxxxx,34,1,34.0,6.0,4.0,1.1666666666666667,0.5882352941176471
orb_1264,moved_cov,unsolved,YXXXXXXXyxxxxxx,YYYXXyXXXXXXXyxxxxx,34,1,34.0,5.0,3.0,1.4,0.5882352941176471
orb_1265,moved_cov,unsolved,YXXXXXXXyxxxxxx,YYYXXyxxxxxxxyXXXXX,34,1,34.0,5.0,3.0,1.4,0.5882352941176471
orb_1266,moved_cov,unsolved,YXXXXXXyxxxxx,YYXXXXXyxxxxxxxxxxyyX,34,1,34.0,5.0,3.0,1.4,0.5882352941176471
orb_1267,moved_cov,unsolved,YXXXXXXyxxxxx,YYXXXXXyxxxxxxxxxxyyx,34,1,34.0,5.0,3.0,1.4,0.5882352941176471
orb_1268,moved_cov,unsolved,YXXyxxYXXXyxx,YYXXYxxyyXXYxxyyXXYxx,34,1,34.0,10.0,6.0,1.3,0.23529411764705882
orb_1269,moved_cov,unsolved,YXXyxxYXXXyxx,YYXXYxxyyXXyxxYYXXyxx,34,1,34.0,10.0,6.0,1.3,0.23529411764705882
orb_1270,moved_cov,unsolved,YXXyxxYXXXyxx,YYYXXYxxyyXXYxxyXXyxx,34,1,34.0,10.0,6.0,1.3,0.23529411764705882
orb_1271,moved_cov,unsolved,YXXyxxYXXXyxx,YYYXXyxxyXXyxxYYXXyxx,34,1,34.0,10.0,6.0,1.3,0.23529411764705882
orb_1272,moved_cov,unsolved,YXXyxxYXXXyxx,YYYXXyxxyyXXYxxYXXyxx,34,1,34.0,10.0,6.0,1.3,0.23529411764705882
orb_1273,moved_cov,unsolved,YXXyxxYXXXyxx,YYYXXyxxyyXXYxxyXXyxx,34,1,34.0,10.0,6.0,1.3,0.23529411764705882
orb_1274,moved_cov,unsolved,YXXyxxYXXXyxx,YYYYXXyxxyXXYxxyXXyxx,34,1,34.0,10.0,6.0,1.3,0.23529411764705882
orb_1275,moved_cov,solved,YXyXXYxyXYxyx,YYxyXYxyXYxyXYxyXYxyX,34,1,34.0,16.0,10.0,1.0625,0.0
orb_1276,moved_cov,solved,YXyXXYxyx,YYXyxYXyxYXyxYXyxYXyxYXyx,34,1,34.0,16.0,12.0,1.0625,0.0
orb_1277,moved_cov,unsolved,YXyXYXXyxYxyx,YYXyxYXyxYXyxYXyxYXyx,34,1,34.0,16.0,10.0,1.0625,0.0
orb_1278,moved_cov,unsolved,YXyXYXyXYxxyx,YYXyxYXyxYXyxYXyxYXyx,34,1,34.0,16.0,10.0,1.0625,0.0
orb_1279,moved_cov,solved,YYXXXXYxxxyXXyxxx,YXXXyxxxYXXXXyxxx,34,1,34.0,8.0,4.0,1.125,0.47058823529411764
orb_1280,moved_cov,solved,YYXXXYxxxyXXXyxxx,YXXXyxxxYXXXXyxxx,34,1,34.0,8.0,4.0,1.125,0.47058823529411764
orb_1281,moved_cov,unsolved,YYXXyXYXXyX,YXXyXXXXXXXXYxxyxxxxxxx,34,1,34.0,8.0,4.0,1.125,0.47058823529411764
orb_1282,moved_cov,unsolved,YYXXyXYXXyX,YXXyXXXXXXXYxxyxxxxxxxx,34,1,34.0,8.0,4.0,1.125,0.47058823529411764
orb_1283,moved_cov,unsolved,YYXXyxYXXyx,YXXyXXXXXXXXYxxyxxxxxxx,34,1,34.0,8.0,4.0,1.125,0.47058823529411764
orb_1284,moved_cov,unsolved,YYXXyyXYYxxxyyX,YYYXyyxYYXyyxYYXyyx,34,1,34.0,10.0,6.0,1.3,0.23529411764705882
orb_1285,moved_cov,unsolved,YYXXyyXYYxxxyyx,YYYXyyxYYXyyxYYXyyx,34,1,34.0,10.0,6.0,1.3,0.23529411764705882
orb_1286,moved_cov,solved,YYXYxyXYxyXyxYXyx,YXyxYXyxYXyxYXyxx,34,1,34.0,16.0,8.0,1.0625,0.0
orb_1287,moved_cov,solved,YYXyxYXyxYXyxYXyx,YXyXYXyxYXyxxYXyx,34,1,34.0,16.0,8.0,1.0625,0.0
orb_1288,moved_cov,unsolved,YYXyyXXXYYxxyyx,YYYXyyxYYXyyxYYXyyx,34,1,34.0,10.0,6.0,1.3,0.23529411764705882
orb_1289,moved_cov,unsolved,YYYXXXYxxxxyyyX,YXXXXyxxxYXXXXyxxxx,34,1,34.0,7.0,4.0,1.5714285714285714,0.35294117647058826
orb_1290,moved_cov,unsolved,YYYYXXXXYxxyyyx,YYYYXyyyyxYYYYXyyyx,34,1,34.0,7.0,4.0,1.5714285714285714,0.35294117647058826
orb_1291,moved_cov,unsolved,YXXXXXXXXyxxxxxxx,YYYXXXXXXXyyxxxxxx,35,1,35.0,4.0,2.0,1.75,0.6
orb_1292,moved_cov,unsolved,YXXXXXXXyxxxxxx,YYYXXXXXXXXyXXyxxxxx,35,1,35.0,5.0,3.0,1.4,0.6
orb_1293,moved_cov,unsolved,YXXXYxxxyX,YYXyxYXyxYXyxYXyxYXyxYXyx,35,1,35.0,15.0,12.0,1.0666666666666667,0.08571428571428572
orb_1294,moved_cov,unsolved,YXXXYxxxyX,YYxyXYxyXYxyXYxyXYxyXYxyX,35,1,35.0,15.0,12.0,1.0666666666666667,0.08571428571428572
orb_1295,moved_cov,unsolved,YXXYXXYxxyx,YYYYYYYYXXyyyyyyyxxyxYXX,35,1,35.0,8.0,4.0,1.75,0.2
orb_1296,moved_cov,unsolved,YXXYXXYxxyx,YYYYYYYYYXXyyyyyyxxyxYXX,35,1,35.0,8.0,4.0,1.75,0.2
orb_1297,moved_cov,unsolved,YXXYxxyx,YXXyXYxxyXYxxyXYxxyXyxYXXyx,35,1,35.0,14.0,11.0,1.0,0.2
orb_1298,moved_cov,unsolved,YXXYxxyx,YXXyXYxxyXYxxyXyxYXXyxYXXyx,35,1,35.0,14.0,11.0,1.0,0.2
orb_1299,moved_cov,unsolved,YXXYxxyx,YXyXXyxYXyxYXyxYXyxYXyxYXyx,35,1,35.0,16.0,13.0,1.0,0.08571428571428572
orb_1300,moved_cov,unsolved,YXXYxxyx,YXyxYXyxYXyxYXyxYXyxYXyxYxx,35,1,35.0,16.0,13.0,1.0,0.08571428571428572
orb_1301,moved_cov,unsolved,YXXYxxyx,YYXXyxxYXXyxxYXXyxxxxxYXXyx,35,1,35.0,11.0,8.0,1.0909090909090908,0.3142857142857143
orb_1302,moved_cov,unsolved,YXYXyxyXYxx,YYYYYYXyxYYYYYYXyxYYYYYx,35,1,35.0,10.0,5.0,1.1,0.37142857142857144
orb_1303,moved_cov,unsolved,YYXXXXXXyxxxxyx,YXXXXXXyXYXXXXXXyXYx,35,1,35.0,8.0,5.0,1.125,0.4857142857142857
orb_1304,moved_cov,unsolved,YYXXXyx,YYXXyyxxYXYYXXXXYYXXXXYYXXXX,35,1,35.0,8.0,6.0,1.75,0.2
orb_1305,moved_cov,solved,YYXXYxxyXXYxxyyX,YXXyxxYXXyxxYXXyxxx,35,1,35.0,11.0,6.0,1.1818181818181819,0.2571428571428571
orb_1306,moved_cov,unsolved,YYXXyx,YXyxYXyxYXyxYXyxYXyxYXXYxyXyx,35,1,35.0,16.0,14.0,1.0625,0.02857142857142857
orb_1307,moved_cov,unsolved,YXXXXXXXXyxxxxxxx,YYXXXXXXYxxxxxxxyyX,36,1,36.0,5.0,3.0,1.4,0.6111111111111112
orb_1308,moved_cov,unsolved,YXXXXXXXXyxxxxxxx,YYXXXXXXYxxxxxxxyyx,36,1,36.0,5.0,3.0,1.4,0.6111111111111112
orb_1309,moved_cov,unsolved,YXXXXXXXXyxxxxxxx,YYXXXXXXyxxxxxxxyyx,36,1,36.0,5.0,3.0,1.4,0.6111111111111112
orb_1310,moved_cov,unsolved,YXXXXXXXXyxxxxxxx,YYXyyXXXXXXXXyxxxxx,36,1,36.0,5.0,3.0,1.4,0.6111111111111112
orb_1311,moved_cov,unsolved,YXXXXXXXXyxxxxxxx,YYXyyXXXXXXXyxxxxxx,36,1,36.0,5.0,3.0,1.4,0.6111111111111112
orb_1312,moved_cov,unsolved,YXXXXXXXXyxxxxxxx,YYXyyXXXXXXYxxxxxxx,36,1,36.0,5.0,3.0,1.4,0.6111111111111112
orb_1313,moved_cov,unsolved,YXXXXXXXXyxxxxxxx,YYXyyXXXXXYxxxxxxxx,36,1,36.0,5.0,3.0,1.4,0.6111111111111112
orb_1314,moved_cov,unsolved,YXXXXXXXXyxxxxxxx,YYYXXXXXXXyxxxxxxyX,36,1,36.0,5.0,3.0,1.4,0.6111111111111112
orb_1315,moved_cov,unsolved,YXXXXXXXXyxxxxxxx,YYYXXXXXXXyxxxxxxyx,36,1,36.0,5.0,3.0,1.4,0.6111111111111112
orb_1316,moved_cov,unsolved,YXXXXXXXXyxxxxxxx,YYYXXXXXXyxxxxxxxyx,36,1,36.0,5.0,3.0,1.4,0.6111111111111112
orb_1317,moved_cov,unsolved,YXXXXXXXXyxxxxxxx,YYYXyXXXXXXXXyxxxxx,36,1,36.0,5.0,3.0,1.4,0.6111111111111112
orb_1318,moved_cov,unsolved,YXXXXXXXXyxxxxxxx,YYYXyXXXXXXXyxxxxxx,36,1,36.0,5.0,3.0,1.4,0.6111111111111112
orb_1319,moved_cov,unsolved,YXXXXXXXXyxxxxxxx,YYYXyxxxxxxxxyXXXXX,36,1,36.0,5.0,3.0,1.4,0.6111111111111112
orb_1320,moved_cov,unsolved,YXXXXXXXXyxxxxxxx,YYYXyxxxxxxxyXXXXXX,36,1,36.0,5.0,3.0,1.4,0.6111111111111112
orb_1321,moved_cov,unsolved,YXXXXXyXYxxxxxxyx,YYXXXXXXyXYXXXXXXyX,36,1,36.0,8.0,4.0,1.125,0.5
orb_1322,moved_cov,unsolved,YXXXyxxYx,YYxxxyXYxxxyXYXXXyyxxYXXXyx,36,1,36.0,11.0,8.0,1.1818181818181819,0.2777777777777778
orb_1323,moved_cov,unsolved,YXXXyxxxYXXXXyxxx,YYYXXXYxxxyXXXyyxxx,36,1,36.0,8.0,4.0,1.375,0.3888888888888889
orb_1324,moved_cov,unsolved,YXXXyxxxYXXXXyxxx,YYYXXXYxxxyyXXXyxxx,36,1,36.0,8.0,4.0,1.375,0.3888888888888889
orb_1325,moved_cov,unsolved,YXXXyxxxYXXXXyxxx,YYYXXXyxxxyyXXXyxxx,36,1,36.0,8.0,4.0,1.375,0.3888888888888889
orb_1326,moved_cov,unsolved,YXXyXYxxxyX,YYXyxYXyxYXyxYXyxYXyxYXyx,36,1,36.0,16.0,12.0,1.0625,0.05555555555555555
orb_1327,moved_cov,unsolved,YXXyXYxxxyx,YYXyxYXyxYXyxYXyxYXyxYXyx,36,1,36.0,16.0,12.0,1.0625,0.05555555555555555
orb_1328,moved_cov,unsolved,YXXyXYxxyXYxxyX,YYXyxYXyxYXyxYXyxYXyx,36,1,36.0,16.0,10.0,1.0625,0.05555555555555555
orb_1329,moved_cov,unsolved,YXXyXYxxyXYxxyx,YYXyxYXyxYXyxYXyxYXyx,36,1,36.0,16.0,10.0,1.0625,0.05555555555555555
orb_1330,moved_cov,unsolved,YXYxYXXyx,YYYxyXyyxYXyxYXyxYXyxYXyxYX,36,1,36.0,16.0,12.0,1.0625,0.05555555555555555
orb_1331,moved_cov,unsolved,YXyXXXYxxyx,YYXyxYXyxYXyxYXyxYXyxYXyx,36,1,36.0,16.0,12.0,1.0625,0.05555555555555555
orb_1332,moved_cov,unsolved,YXyXXXYxyXYxyxx,YYXyxYXyxYXyxYXyxYXyx,36,1,36.0,16.0,10.0,1.0625,0.05555555555555555
orb_1333,moved_cov,unsolved,YXyXXXYxyxYXyxx,YYXyxYXyxYXyxYXyxYXyx,36,1,36.0,16.0,10.0,1.0625,0.05555555555555555
orb_1334,moved_cov,unsolved,YXyXXYxyXYXyxxx,YYXyxYXyxYXyxYXyxYXyx,36,1,36.0,16.0,10.0,1.0625,0.05555555555555555
orb_1335,moved_cov,unsolved,YXyXXYxyxYXyxxx,YYXyxYXyxYXyxYXyxYXyx,36,1,36.0,16.0,10.0,1.0625,0.05555555555555555
orb_1336,moved_cov,unsolved,YXyXYXyxYXyxxxx,YYXyxYXyxYXyxYXyxYXyx,36,1,36.0,16.0,10.0,1.0625,0.05555555555555555
orb_1337,moved_cov,unsolved,YXyXYxxxxyXYXyx,YYXyxYXyxYXyxYXyxYXyx,36,1,36.0,16.0,10.0,1.0625,0.05555555555555555
orb_1338,moved_cov,solved,YXyxYXyxYXXXyxx,YYXyxYXyxYXyxYXyxYXyx,36,1,36.0,16.0,10.0,1.0625,0.05555555555555555
orb_1339,moved_cov,solved,YXyxYXyxYXyxYXXyx,YYYXyxYXyxYXyyxYXyx,36,1,36.0,16.0,8.0,1.0625,0.05555555555555555
orb_1340,moved_cov,unsolved,YYXXyxxxYXXyx,YXXyXXYxxyXXYxxyXXYxxyx,36,1,36.0,12.0,8.0,1.0833333333333333,0.2777777777777778
orb_1341,moved_cov,unsolved,YXXXXXXXXyxxxxxxx,YYXXXXXXXYxxxxxxxyyX,37,1,37.0,5.0,3.0,1.4,0.6216216216216216
orb_1342,moved_cov,unsolved,YXXXXXXXXyxxxxxxx,YYXXXXXXXYxxxxxxxyyx,37,1,37.0,5.0,3.0,1.4,0.6216216216216216
orb_1343,moved_cov,unsolved,YXXXXXXXXyxxxxxxx,YYXXXXXXXyyXYxxxxxxx,37,1,37.0,5.0,3.0,1.4,0.6216216216216216
orb_1344,moved_cov,unsolved,YXXXXXXXXyxxxxxxx,YYXXXXXXXyyxYxxxxxxx,37,1,37.0,5.0,3.0,1.4,0.6216216216216216
orb_1345,moved_cov,unsolved,YXXXXXXXXyxxxxxxx,YYXXXXXXYXyXXyxxxxxx,37,1,37.0,6.0,4.0,1.1666666666666667,0.6216216216216216
orb_1346,moved_cov,unsolved,YXXXXXXXXyxxxxxxx,YYXXXXXXYxyXXyxxxxxx,37,1,37.0,6.0,4.0,1.1666666666666667,0.6216216216216216
orb_1347,moved_cov,unsolved,YXXXXXXXXyxxxxxxx,YYXyyXXXXXXXXyxxxxxx,37,1,37.0,5.0,3.0,1.4,0.6216216216216216
orb_1348,moved_cov,unsolved,YXXXXXXXXyxxxxxxx,YYXyyXXXXXXYxxxxxxxx,37,1,37.0,5.0,3.0,1.4,0.6216216216216216
orb_1349,moved_cov,unsolved,YXXXXXXXXyxxxxxxx,YYYXXXXXXXyXXyxxxxxx,37,1,37.0,5.0,3.0,1.4,0.6216216216216216
orb_1350,moved_cov,unsolved,YXXXXXXXXyxxxxxxx,YYYXXXXXXXyxxxxxxxyX,37,1,37.0,5.0,3.0,1.4,0.6216216216216216
orb_1351,moved_cov,unsolved,YXXXXXXXXyxxxxxxx,YYYXXXXXXXyxxxxxxxyx,37,1,37.0,5.0,3.0,1.4,0.6216216216216216
orb_1352,moved_cov,unsolved,YXXXXXXXXyxxxxxxx,YYYXXXXXXXyyxxxxxxxx,37,1,37.0,4.0,2.0,1.75,0.6216216216216216
orb_1353,moved_cov,unsolved,YXXXXXXXXyxxxxxxx,YYYXyXXXXXXXXyxxxxxx,37,1,37.0,5.0,3.0,1.4,0.6216216216216216
orb_1354,moved_cov,unsolved,YXXXXXXXXyxxxxxxx,YYYXyxxxxxxxxyXXXXXX,37,1,37.0,5.0,3.0,1.4,0.6216216216216216
orb_1355,moved_cov,unsolved,YXXXXXXyxxxxx,YYXXXXXYxxxxxyXXXXXyxxxx,37,1,37.0,6.0,4.0,1.1666666666666667,0.6216216216216216
orb_1356,moved_cov,unsolved,YXXXXXXyxxxxx,YYXXXXXyxxxxxyXXXXXyxxxx,37,1,37.0,6.0,4.0,1.1666666666666667,0.6216216216216216
orb_1357,moved_cov,unsolved,YXXXXXXyxxxxx,YYXXXXXyxxxxxyXXXXYxxxxx,37,1,37.0,6.0,4.0,1.1666666666666667,0.6216216216216216
orb_1358,moved_cov,unsolved,YXXXXXXyxxxxx,YYXXXXXyxxxxyXXXXXXyxxxx,37,1,37.0,6.0,4.0,1.1666666666666667,0.6216216216216216
orb_1359,moved_cov,unsolved,YXXXXXXyxxxxx,YYXXXXXyxxxxyXXXXYxxxxxx,37,1,37.0,6.0,4.0,1.1666666666666667,0.6216216216216216
orb_1360,moved_cov,unsolved,YXXXXXXyxxxxx,YYXXXXYxxxxxyXXXXXXyxxxx,37,1,37.0,6.0,4.0,1.1666666666666667,0.6216216216216216
orb_1361,moved_cov,unsolved,YXXXyxxYXXXyxxx,YYXXYxxxYXXXyxxyXXXyxx,37,1,37.0,10.0,6.0,1.1,0.40540540540540543
orb_1362,moved_cov,unsolved,YXXXyxxYXXXyxxx,YYXXYxxxyXXXyxxyXXXyxx,37,1,37.0,10.0,6.0,1.1,0.40540540540540543
orb_1363,moved_cov,unsolved,YYXXyxYxYXXyx,YYXXyxYXYxxYXXyxyXYxxyyX,37,1,37.0,14.0,9.0,1.2142857142857142,0.08108108108108109
orb_1364,moved_cov,unsolved,YYXYxyXXyx,YYYXyxYXyxYXyxYXyxYXyxyyXyx,37,1,37.0,16.0,12.0,1.0625,0.08108108108108109
orb_1365,moved_cov,solved,YXXXXXXXXyxxxxxxx,YYXXXXXXXXXXXXyxxxxxx,38,1,38.0,4.0,2.0,1.25,0.7368421052631579
orb_1366,moved_cov,unsolved,YXXXXXXXXyxxxxxxx,YYXXXXXXXYxxxxxxxyXyX,38,1,38.0,6.0,4.0,1.1666666666666667,0.631578947368421
orb_1367,moved_cov,unsolved,YXXXXXXXXyxxxxxxx,YYXXXXXXXYxxxxxxxyXyx,38,1,38.0,6.0,4.0,1.1666666666666667,0.631578947368421
orb_1368,moved_cov,unsolved,YXXXXXXXXyxxxxxxx,YYXXXXXXXYxxxxxxxyyXX,38,1,38.0,5.0,3.0,1.4,0.631578947368421
orb_1369,moved_cov,unsolved,YXXXXXXXXyxxxxxxx,YYXXXXXXXYxxxxxxxyyxx,38,1,38.0,5.0,3.0,1.4,0.631578947368421
orb_1370,moved_cov,unsolved,YXXXXXXXXyxxxxxxx,YYXXXXXXXyxxxxxxxyXYx,38,1,38.0,6.0,4.0,1.1666666666666667,0.631578947368421
orb_1371,moved_cov,unsolved,YXXXXXXXXyxxxxxxx,YYXXXXXXXyxxxxxxxyXyX,38,1,38.0,6.0,4.0,1.1666666666666667,0.631578947368421
orb_1372,moved_cov,unsolved,YXXXXXXXXyxxxxxxx,YYXXXXXXXyxxxxxxxyXyx,38,1,38.0,6.0,4.0,1.1666666666666667,0.631578947368421
orb_1373,moved_cov,unsolved,YXXXXXXXXyxxxxxxx,YYXXXXXXXyxxxxxxxyxYx,38,1,38.0,6.0,4.0,1.1666666666666667,0.631578947368421
orb_1374,moved_cov,unsolved,YXXXXXXXXyxxxxxxx,YYXXyyXXXXXXXXyxxxxxx,38,1,38.0,5.0,3.0,1.4,0.631578947368421
orb_1375,moved_cov,unsolved,YXXXXXXXXyxxxxxxx,YYXYXyXXXXXXXXyxxxxxx,38,1,38.0,6.0,4.0,1.1666666666666667,0.631578947368421
orb_1376,moved_cov,unsolved,YXXXXXXXXyxxxxxxx,YYXYxxxxxxxyXXXXXXXyX,38,1,38.0,6.0,4.0,1.1666666666666667,0.631578947368421
orb_1377,moved_cov,unsolved,YXXXXXXXXyxxxxxxx,YYXYxxxxxxxyXXXXXXXyx,38,1,38.0,6.0,4.0,1.1666666666666667,0.631578947368421
orb_1378,moved_cov,unsolved,YXXXXXXXXyxxxxxxx,YYXYxyXXXXXXXXyxxxxxx,38,1,38.0,6.0,4.0,1.1666666666666667,0.631578947368421
orb_1379,moved_cov,unsolved,YXXXXXXXXyxxxxxxx,YYXyXXXXXXXXyxxxxxxYX,38,1,38.0,6.0,4.0,1.1666666666666667,0.631578947368421
orb_1380,moved_cov,unsolved,YXXXXXXXXyxxxxxxx,YYXyXyxxxxxxYXXXXXXXX,38,1,38.0,6.0,4.0,1.1666666666666667,0.631578947368421
orb_1381,moved_cov,unsolved,YXXXXXXXXyxxxxxxx,YYXyXyxxxxxxxxyXXXXXX,38,1,38.0,6.0,4.0,1.1666666666666667,0.631578947368421
orb_1382,moved_cov,unsolved,YXXXXXXXXyxxxxxxx,YYXyxxxxxxxxyXXXXXXYx,38,1,38.0,6.0,4.0,1.1666666666666667,0.631578947368421
orb_1383,moved_cov,unsolved,YXXXXXXXXyxxxxxxx,YYXyxyXXXXXXXXyxxxxxx,38,1,38.0,6.0,4.0,1.1666666666666667,0.631578947368421
orb_1384,moved_cov,unsolved,YXXXXXXXXyxxxxxxx,YYXyxyXXXXXXYxxxxxxxx,38,1,38.0,6.0,4.0,1.1666666666666667,0.631578947368421
orb_1385,moved_cov,unsolved,YXXXXXXXXyxxxxxxx,YYYXXXXXXXyxxxxxxxyXX,38,1,38.0,5.0,3.0,1.4,0.631578947368421
orb_1386,moved_cov,unsolved,YXXXXXXXXyxxxxxxx,YYYXXXXXXXyxxxxxxxyxx,38,1,38.0,5.0,3.0,1.4,0.631578947368421
orb_1387,moved_cov,unsolved,YXXXXXXXXyxxxxxxx,YYYXXyXXXXXXXXyxxxxxx,38,1,38.0,5.0,3.0,1.4,0.631578947368421
orb_1388,moved_cov,solved,YXyXXYxyXYxyXYxyx,YYxyXYxyXYxyXYxyXYxyX,38,1,38.0,18.0,10.0,1.0555555555555556,0.0
orb_1389,moved_cov,solved,YXyXXYxyXYxyxYXyx,YYxyXYxyXYxyXYxyXYxyX,38,1,38.0,18.0,10.0,1.0555555555555556,0.0
orb_1390,moved_cov,solved,YXyXXYxyx,YYXyxYXyxYXyxYXyxYXyxYXyxYXyx,38,1,38.0,18.0,14.0,1.0555555555555556,0.0
orb_1391,moved_cov,unsolved,YXyXYXXyxYxyx,YYXyxYXyxYXyxYXyxYXyxYXyx,38,1,38.0,18.0,12.0,1.0555555555555556,0.0
orb_1392,moved_cov,unsolved,YXyXYXyXYxxyx,YYXyxYXyxYXyxYXyxYXyxYXyx,38,1,38.0,18.0,12.0,1.0555555555555556,0.0
orb_1393,moved_cov,solved,YXyxYXyxYXyxYXXyx,YYXyxYXyxYXyxyXYxyXYx,38,1,38.0,18.0,10.0,1.0555555555555556,0.0
orb_1394,moved_cov,unsolved,YYXXXXXyxYXXXXXyx,YXYXXyXYxxxxxxyXXXXyx,38,1,38.0,10.0,6.0,1.1,0.42105263157894735
orb_1395,moved_cov,solved,YYXXXYxxxxyXXXXyxxx,YXXXXyxxxYXXXXyxxxx,38,1,38.0,8.0,4.0,1.125,0.5263157894736842
orb_1396,moved_cov,unsolved,YYXXYxxYXXyxxyXXyxx,YXXyxxYXXyxxYXXXyxx,38,1,38.0,12.0,6.0,1.0833333333333333,0.3157894736842105
orb_1397,moved_cov,unsolved,YYXXYxxyXXyxxyXXyxx,YXXyxxYXXyxxYXXXyxx,38,1,38.0,12.0,6.0,1.0833333333333333,0.3157894736842105
orb_1398,moved_cov,unsolved,YXXXXXXXXyxxxxxxx,YYYXXXXXXXXXyXXyxxxxxx,39,1,39.0,5.0,3.0,1.4,0.6410256410256411
orb_1399,moved_cov,unsolved,YXXXXXXXyxxxxxx,YYXXXXXXyxxxxxxxxxxxxyyX,39,1,39.0,5.0,3.0,1.4,0.6410256410256411
orb_1400,moved_cov,unsolved,YXXXXXXXyxxxxxx,YYXXXXXXyxxxxxxxxxxxxyyx,39,1,39.0,5.0,3.0,1.4,0.6410256410256411
orb_1401,moved_cov,unsolved,YXXXXXXyxxxxx,YYXXXXXXXyxxxxyXXXXYxxxxxx,39,1,39.0,6.0,4.0,1.1666666666666667,0.6410256410256411
orb_1402,moved_cov,unsolved,YXXXXXXyxxxxx,YYXXXXXYxxxxxyXXXXXyxxxxxx,39,1,39.0,6.0,4.0,1.1666666666666667,0.6410256410256411
orb_1403,moved_cov,unsolved,YXXXXXXyxxxxx,YYXXXXXyxxxxxyXXXXXXYxxxxx,39,1,39.0,6.0,4.0,1.1666666666666667,0.6410256410256411
orb_1404,moved_cov,unsolved,YXXXXXyXYXXXXXyXyX,YYxxyXYXXXXXXyxxxxxyx,39,1,39.0,10.0,5.0,1.1,0.4358974358974359
orb_1405,moved_cov,unsolved,YXXXyXXyx,YYxxyXYxxyXYxxyXYxxyXYxyxYXXyx,39,1,39.0,15.0,12.0,1.0666666666666667,0.1794871794871795
orb_1406,moved_cov,unsolved,YXXXyXXyx,YYxxyXYxxyXYxxyXYxyxYXXyxYXXyx,39,1,39.0,15.0,12.0,1.0666666666666667,0.1794871794871795
orb_1407,moved_cov,unsolved,YXXXyxxYXXXyxxx,YYXXYxxxyyXXXyxxYYXXXyxx,39,1,39.0,10.0,6.0,1.3,0.3333333333333333
orb_1408,moved_cov,unsolved,YXXXyxxYXXXyxxx,YYXXYxxxyyXXYxxxyyXXYxxx,39,1,39.0,10.0,6.0,1.3,0.3333333333333333
orb_1409,moved_cov,unsolved,YXXXyxxYXXXyxxx,YYYXXXyxxyyXXYxxxYXXXyxx,39,1,39.0,10.0,6.0,1.3,0.3333333333333333
orb_1410,moved_cov,unsolved,YXXXyxxYXXXyxxx,YYYXXXyxxyyXXYxxxyXXXyxx,39,1,39.0,10.0,6.0,1.3,0.3333333333333333
orb_1411,moved_cov,unsolved,YXXXyxxYXXXyxxx,YYYXXYxxxyyXXYxxxyXXXyxx,39,1,39.0,10.0,6.0,1.3,0.3333333333333333
orb_1412,moved_cov,unsolved,YXXXyxxYXXXyxxx,YYYYXXXyxxyXXYxxxyXXXyxx,39,1,39.0,10.0,6.0,1.3,0.3333333333333333
orb_1413,moved_cov,unsolved,YXXyXyxx,YYxyXXYxyXXYxyXXYxyXXYxyxxYXyxx,39,1,39.0,15.0,12.0,1.0666666666666667,0.1794871794871795
orb_1414,moved_cov,unsolved,YXXyXyxx,YYxyXXYxyXXYxyXXYxyxxYXyxxYXyxx,39,1,39.0,15.0,12.0,1.0666666666666667,0.1794871794871795
orb_1415,moved_cov,unsolved,YYXXXXXYXX,YYXXyXYYXXXYxxyyxxxxyyXYYXXXX,39,1,39.0,9.0,7.0,1.6666666666666667,0.23076923076923078
orb_1416,moved_cov,unsolved,YYXXXXYX,YYXXyxxxyyxxxyyxxxyyxYYXXXYYXXX,39,1,39.0,9.0,7.0,1.7777777777777777,0.1794871794871795
orb_1417,moved_cov,unsolved,YYXXXXYX,YYXXyxxxyyxxxyyxxxyyxxxyyxYYXXX,39,1,39.0,9.0,7.0,1.7777777777777777,0.1794871794871795
orb_1418,moved_cov,unsolved,YYXXXyx,YYXyyxxxyyxxxyyxxxYXXXYYXXXYYXXX,39,1,39.0,9.0,7.0,1.7777777777777777,0.1794871794871795
orb_1419,moved_cov,unsolved,YYXXXyx,YYXyyxxxyyxxxyyxxxyyxxxYXXXYYXXX,39,1,39.0,9.0,7.0,1.7777777777777777,0.1794871794871795
orb_1420,moved_cov,unsolved,YYYXXXX,YYXXXYYXXXYYXXXYYXXXYxxxyyxxxyyX,39,1,39.0,8.0,7.0,2.0,0.1794871794871795
orb_1421,moved_cov,unsolved,YYYXXXX,YYXXXYYXXXYYXXXYxxxyyxxxyyxxxyyX,39,1,39.0,8.0,7.0,2.0,0.1794871794871795
orb_1422,moved_cov,unsolved,YXXXXXXYxxxxxxyXXyx,YYxxxxxxxyXYxxxxxxxyX,40,1,40.0,8.0,4.0,1.125,0.55
orb_1423,moved_cov,unsolved,YXXXXXXyXYxxxxxxxyx,YYXXXXXXXyXYXXXXXXXyX,40,1,40.0,8.0,4.0,1.125,0.55
orb_1424,moved_cov,unsolved,YXXXXyxxxYXXXXyxxxx,YYYXXXXyxxxyyXXXXyxxx,40,1,40.0,8.0,4.0,1.375,0.45
orb_1425,moved_cov,unsolved,YXXXXyxxxYXXXXyxxxx,YYYXXXYxxxxyyXXXXyxxx,40,1,40.0,8.0,4.0,1.375,0.45
orb_1426,moved_cov,unsolved,YXXyXXYxxyx,YYxyXYxyXYxyXYxyXYxyXYxyXYxyX,40,1,40.0,18.0,14.0,1.0555555555555556,0.05
orb_1427,moved_cov,unsolved,YXXyXYxxxyX,YYXyxYXyxYXyxYXyxYXyxYXyxYXyx,40,1,40.0,18.0,14.0,1.0555555555555556,0.05
orb_1428,moved_cov,unsolved,YXXyXYxxxyx,YYXyxYXyxYXyxYXyxYXyxYXyxYXyx,40,1,40.0,18.0,14.0,1.0555555555555556,0.05
orb_1429,moved_cov,unsolved,YXXyXYxxyXYxxyX,YYXyxYXyxYXyxYXyxYXyxYXyx,40,1,40.0,18.0,12.0,1.0555555555555556,0.05
orb_1430,moved_cov,unsolved,YXXyxxYXXyxxYXXXyxx,YYXXYxxyyXXYxxyyXXYxx,40,1,40.0,12.0,6.0,1.25,0.25
orb_1431,moved_cov,unsolved,YXXyxxYXXyxxYXXXyxx,YYYXXYxxyXXYxxyyXXyxx,40,1,40.0,12.0,6.0,1.25,0.25
orb_1432,moved_cov,unsolved,YXXyxxYXXyxxYXXXyxx,YYYXXYxxyyXXYxxyXXyxx,40,1,40.0,12.0,6.0,1.25,0.25
orb_1433,moved_cov,unsolved,YXXyxxYXXyxxYXXXyxx,YYYXXyxxYXXyxxyyXXyxx,40,1,40.0,12.0,6.0,1.25,0.25
orb_1434,moved_cov,unsolved,YXXyxxYXXyxxYXXXyxx,YYYYXXyxxyXXYxxyXXyxx,40,1,40.0,12.0,6.0,1.25,0.25
orb_1435,moved_cov,unsolved,YXyXXXYxxyx,YYXyxYXyxYXyxYXyxYXyxYXyxYXyx,40,1,40.0,18.0,14.0,1.0555555555555556,0.05
orb_1436,moved_cov,unsolved,YXyXXXYxyxYXyxx,YYXyxYXyxYXyxYXyxYXyxYXyx,40,1,40.0,18.0,12.0,1.0555555555555556,0.05
orb_1437,moved_cov,unsolved,YXyXXXYxyxxYXyx,YYXyxYXyxYXyxYXyxYXyxYXyx,40,1,40.0,18.0,12.0,1.0555555555555556,0.05
orb_1438,moved_cov,unsolved,YXyXXYXyxYXyxxx,YYxyXYxyXYxyXYxyXYxyXYxyX,40,1,40.0,18.0,12.0,1.0555555555555556,0.05
orb_1439,moved_cov,unsolved,YXyXXYxxxyX,YYxyXYxyXYxyXYxyXYxyXYxyXYxyX,40,1,40.0,18.0,14.0,1.0555555555555556,0.05
orb_1440,moved_cov,unsolved,YXyXYxxxxyXYXyx,YYXyxYXyxYXyxYXyxYXyxYXyx,40,1,40.0,18.0,12.0,1.0555555555555556,0.05
orb_1441,moved_cov,solved,YXyxYXyxYXXXyxYXyxx,YYXyxYXyxYXyxYXyxYXyx,40,1,40.0,18.0,10.0,1.0555555555555556,0.05
orb_1442,moved_cov,solved,YXyxYXyxYXXXyxYXyxx,YYxyXYxyXYxyXYxyXYxyX,40,1,40.0,18.0,10.0,1.0555555555555556,0.05
orb_1443,moved_cov,solved,YXyxYXyxYXXXyxx,YYxyXYxyXYxyXYxyXYxyXYxyX,40,1,40.0,18.0,12.0,1.0555555555555556,0.05
orb_1444,moved_cov,solved,YXyxYXyxYXyxYXXXyxx,YYXyxYXyxYXyxYXyxYXyx,40,1,40.0,18.0,10.0,1.0555555555555556,0.05
orb_1445,moved_cov,solved,YXyxYXyxYXyxYXXXyxx,YYxyXYxyXYxyXYxyXYxyX,40,1,40.0,18.0,10.0,1.0555555555555556,0.05
orb_1446,moved_cov,unsolved,YXXXXyxxxYXXXXyxxxx,YYXXXYxYxxxxyyXXXXyxxx,41,1,41.0,9.0,5.0,1.2222222222222223,0.4634146341463415
orb_1447,moved_cov,unsolved,YXXXXyxxxYXXXXyxxxx,YYYXXXXyXyxxxyXXXXyxxx,41,1,41.0,9.0,5.0,1.2222222222222223,0.4634146341463415
orb_1448,moved_cov,unsolved,YXXXXyxxxYXXXXyxxxx,YYYXXXYxxxxyXXXXyXyxxx,41,1,41.0,9.0,5.0,1.2222222222222223,0.4634146341463415
orb_1449,moved_cov,unsolved,YXXYxxyx,YYXXyxxYXXyxxYXXyxxYXXyxxxxxYXXyx,41,1,41.0,13.0,10.0,1.0769230769230769,0.3170731707317073
orb_1450,moved_cov,unsolved,YYXXXyx,YYXXyyxxYXYYXXXXYYXXXXYYXXXXYYXXXX,41,1,41.0,9.0,7.0,1.7777777777777777,0.21951219512195122
orb_1451,moved_cov,unsolved,YYXXyx,YYXyyxxxyyxxxyyxxxyXYYXXXYYXXXYYXXX,41,1,41.0,10.0,8.0,1.8,0.12195121951219512
orb_1452,moved_cov,unsolved,YYXXyx,YYXyyxxxyyxxxyyxxxyyxxxyXYYXXXYYXXX,41,1,41.0,10.0,8.0,1.8,0.12195121951219512
orb_1453,moved_cov,unsolved,YXXXyxxxYXXXXyxxx,YYXXXYxxxYXXXyxxxyXXXyxxx,42,1,42.0,10.0,6.0,1.1,0.47619047619047616
orb_1454,moved_cov,unsolved,YXXXyxxxYXXXXyxxx,YYXXXYxxxyXXXyxxxyXXXyxxx,42,1,42.0,10.0,6.0,1.1,0.47619047619047616
orb_1455,moved_cov,solved,YXyXXYxyXYxyXYxyx,YYXyxYXyxYXyxYXyxYXyxYXyx,42,1,42.0,20.0,12.0,1.05,0.0
orb_1456,moved_cov,solved,YXyXXYxyXYxyxYXyx,YYxyXYxyXYxyXYxyXYxyXYxyX,42,1,42.0,20.0,12.0,1.05,0.0
orb_1457,moved_cov,unsolved,YXyXYXXyxYxyx,YYXyxYXyxYXyxYXyxYXyxYXyxYXyx,42,1,42.0,20.0,14.0,1.05,0.0
orb_1458,moved_cov,unsolved,YXyXYXyXYxxyx,YYXyxYXyxYXyxYXyxYXyxYXyxYXyx,42,1,42.0,20.0,14.0,1.05,0.0
orb_1459,moved_cov,solved,YYXYxyXYxyXyxYXyxYXyx,YXyxYXyxYXyxYXyxYXyxx,42,1,42.0,20.0,10.0,1.05,0.0
orb_1460,moved_cov,unsolved,YXXXXXXXXyxxxxxxx,YYXyyXXXXXXXXXXXXXXyxxxxxx,43,1,43.0,5.0,3.0,1.4,0.6744186046511628
orb_1461,moved_cov,unsolved,YXXXXXXXXyxxxxxxx,YYXyyXXXXXXYxxxxxxxxxxxxxx,43,1,43.0,5.0,3.0,1.4,0.6744186046511628
orb_1462,moved_cov,unsolved,YXXXXXXXyxxxxxx,YYXXXXXXYxxxxxxyXXXXXXyxxxxx,43,1,43.0,6.0,4.0,1.1666666666666667,0.6744186046511628
orb_1463,moved_cov,unsolved,YXXXXXXXyxxxxxx,YYXXXXXXyxxxxxyXXXXXXXyxxxxx,43,1,43.0,6.0,4.0,1.1666666666666667,0.6744186046511628
orb_1464,moved_cov,unsolved,YXXXXXXXyxxxxxx,YYXXXXXXyxxxxxyXXXXXYxxxxxxx,43,1,43.0,6.0,4.0,1.1666666666666667,0.6744186046511628
orb_1465,moved_cov,unsolved,YXXXXXXXyxxxxxx,YYXXXXXYxxxxxxyXXXXXXXyxxxxx,43,1,43.0,6.0,4.0,1.1666666666666667,0.6744186046511628
orb_1466,moved_cov,unsolved,YXXYx,YYYXyxYYXyxYYXyxYXYxyyXYxyyXYxyyXYxyyX,43,1,43.0,17.0,15.0,1.0588235294117647,0.16279069767441862
orb_1467,moved_cov,unsolved,YXXYx,YYYXyxYYXyxYYXyxYYXyxYXYxyyXYxyyXYxyyX,43,1,43.0,17.0,15.0,1.0588235294117647,0.16279069767441862
orb_1468,moved_cov,unsolved,YXXXXXXXXyxxxxxxx,YYXXXXXXXyxxxxxxxxxxxxxxyyX,44,1,44.0,5.0,3.0,1.4,0.6818181818181818
orb_1469,moved_cov,unsolved,YXXXXXXXXyxxxxxxx,YYXXXXXXXyxxxxxxxxxxxxxxyyx,44,1,44.0,5.0,3.0,1.4,0.6818181818181818
orb_1470,moved_cov,unsolved,YXXXyxxxYXXXXyxxx,YYXXXYxxxyyXXXYxxxyyXXXYxxx,44,1,44.0,10.0,6.0,1.3,0.4090909090909091
orb_1471,moved_cov,unsolved,YXXXyxxxYXXXXyxxx,YYYXXXYxxxyyXXXYxxxyXXXyxxx,44,1,44.0,10.0,6.0,1.3,0.4090909090909091
orb_1472,moved_cov,unsolved,YXXXyxxxYXXXXyxxx,YYYYXXXyxxxyXXXYxxxyXXXyxxx,44,1,44.0,10.0,6.0,1.3,0.4090909090909091
orb_1473,moved_cov,unsolved,YXXyXYxxyXYxxyX,YYXyxYXyxYXyxYXyxYXyxYXyxYXyx,44,1,44.0,20.0,14.0,1.05,0.045454545454545456
orb_1474,moved_cov,unsolved,YXXyXYxxyXYxxyx,YYXyxYXyxYXyxYXyxYXyxYXyxYXyx,44,1,44.0,20.0,14.0,1.05,0.045454545454545456
orb_1475,moved_cov,solved,YXXyxxYXXyxxYXXXyxx,YYXXyxxYXXyxxyXXYxxyXXYxx,44,1,44.0,14.0,8.0,1.0714285714285714,0.3181818181818182
orb_1476,moved_cov,unsolved,YXyXXXYxyXYxyxx,YYXyxYXyxYXyxYXyxYXyxYXyxYXyx,44,1,44.0,20.0,14.0,1.05,0.045454545454545456
orb_1477,moved_cov,unsolved,YXyXXXYxyxYXyxx,YYXyxYXyxYXyxYXyxYXyxYXyxYXyx,44,1,44.0,20.0,14.0,1.05,0.045454545454545456
orb_1478,moved_cov,unsolved,YXyXXYXyxYXyxxx,YYxyXYxyXYxyXYxyXYxyXYxyXYxyX,44,1,44.0,20.0,14.0,1.05,0.045454545454545456
orb_1479,moved_cov,unsolved,YXyXXYxyXYXyxxx,YYXyxYXyxYXyxYXyxYXyxYXyxYXyx,44,1,44.0,20.0,14.0,1.05,0.045454545454545456
orb_1480,moved_cov,unsolved,YXyXXYxyxYXyxxx,YYXyxYXyxYXyxYXyxYXyxYXyxYXyx,44,1,44.0,20.0,14.0,1.05,0.045454545454545456
orb_1481,moved_cov,unsolved,YXyXYXyxYXyxxxx,YYXyxYXyxYXyxYXyxYXyxYXyxYXyx,44,1,44.0,20.0,14.0,1.05,0.045454545454545456
orb_1482,moved_cov,unsolved,YXyXYXyxxYXyxxx,YYXyxYXyxYXyxYXyxYXyxYXyxYXyx,44,1,44.0,20.0,14.0,1.05,0.045454545454545456
orb_1483,moved_cov,unsolved,YXyXYxxxxyXYXyx,YYXyxYXyxYXyxYXyxYXyxYXyxYXyx,44,1,44.0,20.0,14.0,1.05,0.045454545454545456
orb_1484,moved_cov,solved,YXyxYXyxYXXXyxYXyxx,YYxyXYxyXYxyXYxyXYxyXYxyX,44,1,44.0,20.0,12.0,1.05,0.045454545454545456
orb_1485,moved_cov,unsolved,YXXXXXXXyxxxxxx,YYXXXXXXXXyxxxxxyXXXXXYxxxxxxx,45,1,45.0,6.0,4.0,1.1666666666666667,0.6888888888888889
orb_1486,moved_cov,unsolved,YXXXXXXXyxxxxxx,YYXXXXXXYxxxxxxyXXXXXXyxxxxxxx,45,1,45.0,6.0,4.0,1.1666666666666667,0.6888888888888889
orb_1487,moved_cov,unsolved,YXXYxxyx,YXXyXYxxyXYxxyXYxxyXYxxyXyxYXXyxYXXyx,45,1,45.0,18.0,15.0,1.0,0.2
orb_1488,moved_cov,unsolved,YXXYxxyx,YXXyXYxxyXYxxyXYxxyXyxYXXyxYXXyxYXXyx,45,1,45.0,18.0,15.0,1.0,0.2
orb_1489,moved_cov,solved,YXyXXYxyXYxyXYxyxYXyx,YYXyxYXyxYXyxYXyxYXyxYXyx,46,1,46.0,22.0,12.0,1.0454545454545454,0.0
orb_1490,moved_cov,solved,YXyXXYxyXYxyXYxyxYXyx,YYxyXYxyXYxyXYxyXYxyXYxyX,46,1,46.0,22.0,12.0,1.0454545454545454,0.0
orb_1491,moved_cov,solved,YXyXXYxyXYxyxYXyx,YYxyXYxyXYxyXYxyXYxyXYxyXYxyX,46,1,46.0,22.0,14.0,1.0454545454545454,0.0
orb_1492,moved_cov,unsolved,YXXXXyxxxYXXXXyxxxx,YYXXXYxxxxYXXXXyxxxyXXXXyxxx,47,1,47.0,10.0,6.0,1.1,0.5319148936170213
orb_1493,moved_cov,unsolved,YXXXXyxxxYXXXXyxxxx,YYXXXYxxxxyXXXXyxxxyXXXXyxxx,47,1,47.0,10.0,6.0,1.1,0.5319148936170213
orb_1494,moved_cov,unsolved,YXXXyxYx,YYxYXXXYxYXXXYxYXXXYxYXXXYxYXXXXXXYxYXX,47,1,47.0,15.0,12.0,1.0666666666666667,0.3191489361702128
orb_1495,moved_cov,unsolved,YXXYxxyx,YYXXyxxYXXyxxYXXyxxYXXyxxYXXyxxxxxYXXyx,47,1,47.0,15.0,12.0,1.0666666666666667,0.3191489361702128
orb_1496,moved_cov,solved,YXyxYXyxYXyxYXXXyxx,YYXyxYXyxYXyxYXyxYXyxYXyxYXyx,48,1,48.0,22.0,14.0,1.0454545454545454,0.041666666666666664
orb_1497,moved_cov,unsolved,YXXXXXXXXyxxxxxxx,YYXXXXXXXYxxxxxxxyXXXXXXXyxxxxxx,49,1,49.0,6.0,4.0,1.1666666666666667,0.7142857142857143
orb_1498,moved_cov,unsolved,YXXXXXXXXyxxxxxxx,YYXXXXXXXyxxxxxxxyXXXXXXXyxxxxxx,49,1,49.0,6.0,4.0,1.1666666666666667,0.7142857142857143
orb_1499,moved_cov,unsolved,YXXXXXXXXyxxxxxxx,YYXXXXXXXyxxxxxxxyXXXXXXYxxxxxxx,49,1,49.0,6.0,4.0,1.1666666666666667,0.7142857142857143
orb_1500,moved_cov,unsolved,YXXXXXXXXyxxxxxxx,YYXXXXXXXyxxxxxxyXXXXXXXXyxxxxxx,49,1,49.0,6.0,4.0,1.1666666666666667,0.7142857142857143
orb_1501,moved_cov,unsolved,YXXXXXXXXyxxxxxxx,YYXXXXXXXyxxxxxxyXXXXXXYxxxxxxxx,49,1,49.0,6.0,4.0,1.1666666666666667,0.7142857142857143
orb_1502,moved_cov,unsolved,YXXXXXXXXyxxxxxxx,YYXXXXXXYxxxxxxxyXXXXXXXXyxxxxxx,49,1,49.0,6.0,4.0,1.1666666666666667,0.7142857142857143
orb_1503,moved_cov,unsolved,YXXXXyxxxYXXXXyxxxx,YYXXXYxxxxyyXXXXyxxxYYXXXXyxxx,49,1,49.0,10.0,6.0,1.3,0.46938775510204084
orb_1504,moved_cov,unsolved,YXXXXyxxxYXXXXyxxxx,YYXXXYxxxxyyXXXYxxxxyyXXXYxxxx,49,1,49.0,10.0,6.0,1.3,0.46938775510204084
orb_1505,moved_cov,unsolved,YXXXXyxxxYXXXXyxxxx,YYYXXXXyxxxyXXXXyxxxYYXXXXyxxx,49,1,49.0,10.0,6.0,1.3,0.46938775510204084
orb_1506,moved_cov,unsolved,YXXXXyxxxYXXXXyxxxx,YYYXXXXyxxxyyXXXYxxxxYXXXXyxxx,49,1,49.0,10.0,6.0,1.3,0.46938775510204084
orb_1507,moved_cov,unsolved,YXXXXyxxxYXXXXyxxxx,YYYXXXXyxxxyyXXXYxxxxyXXXXyxxx,49,1,49.0,10.0,6.0,1.3,0.46938775510204084
orb_1508,moved_cov,unsolved,YXXXXyxxxYXXXXyxxxx,YYYXXXYxxxxyyXXXYxxxxyXXXXyxxx,49,1,49.0,10.0,6.0,1.3,0.46938775510204084
orb_1509,moved_cov,unsolved,YXXXXyxxxYXXXXyxxxx,YYYYXXXXyxxxyXXXYxxxxyXXXXyxxx,49,1,49.0,10.0,6.0,1.3,0.46938775510204084
orb_1510,moved_cov,unsolved,YXXXyXXyx,YYxxyXYxxyXYxxyXYxxyXYxxyXYxyxYXXyxYXXyx,49,1,49.0,19.0,16.0,1.0526315789473684,0.1836734693877551
orb_1511,moved_cov,unsolved,YXXXyXXyx,YYxxyXYxxyXYxxyXYxxyXYxyxYXXyxYXXyxYXXyx,49,1,49.0,19.0,16.0,1.0526315789473684,0.1836734693877551
orb_1512,moved_cov,unsolved,YXXyXyxx,YYxyXXYxyXXYxyXXYxyXXYxyxxYXyxxYXyxxYXyxx,49,1,49.0,19.0,16.0,1.0526315789473684,0.1836734693877551
orb_1513,moved_cov,unsolved,YYXXXXYX,YYXXyxxxyyxxxyyxxxyyxxxyyxYYXXXYYXXXYYXXX,49,1,49.0,11.0,9.0,1.8181818181818181,0.1836734693877551
orb_1514,moved_cov,unsolved,YYXXXyx,YYXyyxxxyyxxxyyxxxyyxxxYXXXYYXXXYYXXXYYXXX,49,1,49.0,11.0,9.0,1.8181818181818181,0.1836734693877551
orb_1515,moved_cov,unsolved,YYXXXyx,YYXyyxxxyyxxxyyxxxyyxxxyyxxxYXXXYYXXXYYXXX,49,1,49.0,11.0,9.0,1.8181818181818181,0.1836734693877551
orb_1516,moved_cov,unsolved,YYXXYYxyXyyx,YYYYXyyxYYXyyxYYXyyxYYXyyxYYXyyxyXyyx,49,1,49.0,16.0,12.0,1.0625,0.30612244897959184
orb_1517,moved_cov,unsolved,YYYXXXX,YYXXXYYXXXYYXXXYYXXXYYXXXYxxxyyxxxyyxxxyyX,49,1,49.0,10.0,9.0,2.0,0.1836734693877551
orb_1518,moved_cov,unsolved,YYYXXXX,YYXXXYYXXXYYXXXYYXXXYxxxyyxxxyyxxxyyxxxyyX,49,1,49.0,10.0,9.0,2.0,0.1836734693877551
orb_1519,moved_cov,solved,YXyXXYxyXYxyXYxyXYxyx,YYxyXYxyXYxyXYxyXYxyXYxyXYxyX,50,1,50.0,24.0,14.0,1.0416666666666667,0.0
orb_1520,moved_cov,unsolved,YYYXXXXYYXXXXYYXXXX,YYXyyxxxxyyxxxxxyyxxxxyyXYYXXXX,50,1,50.0,9.0,6.0,2.111111111111111,0.24
orb_1521,moved_cov,unsolved,YXXXXXXXXyxxxxxxx,YYXXXXXXXXXyxxxxxxyXXXXXXXXyxxxxxx,51,1,51.0,6.0,4.0,1.1666666666666667,0.7254901960784313
orb_1522,moved_cov,unsolved,YXXXXXXXXyxxxxxxx,YYXXXXXXXXXyxxxxxxyXXXXXXYxxxxxxxx,51,1,51.0,6.0,4.0,1.1666666666666667,0.7254901960784313
orb_1523,moved_cov,unsolved,YXXXXXXXXyxxxxxxx,YYXXXXXXXYxxxxxxxyXXXXXXXyxxxxxxxx,51,1,51.0,6.0,4.0,1.1666666666666667,0.7254901960784313
orb_1524,moved_cov,unsolved,YXXXXXXXXyxxxxxxx,YYXXXXXXXyxxxxxxxyXXXXXXXXYxxxxxxx,51,1,51.0,6.0,4.0,1.1666666666666667,0.7254901960784313
orb_1525,moved_cov,unsolved,YXXXXXXXXyxxxxxxx,YYXXXXXXXyxxxxxxxyXXXXXXXyxxxxxxxx,51,1,51.0,6.0,4.0,1.1666666666666667,0.7254901960784313
orb_1526,moved_cov,unsolved,YXXXXXXXXyxxxxxxx,YYXXXXXXYxxxxxxxxxyXXXXXXXXyxxxxxx,51,1,51.0,6.0,4.0,1.1666666666666667,0.7254901960784313
orb_1527,moved_cov,unsolved,YXXYxxyx,YYXXyxxYXXyxxYXXyxxYXXyxxYXXyxxYXXyxxYxxyXX,51,1,51.0,17.0,14.0,1.0588235294117647,0.29411764705882354
orb_1528,moved_cov,unsolved,YYXXyx,YYXyyxxxyyxxxyyxxxyyxxxyXYYXXXYYXXXYYXXXYYXXX,51,1,51.0,12.0,10.0,1.8333333333333333,0.13725490196078433
orb_1529,moved_cov,unsolved,YYXXyx,YYXyyxxxyyxxxyyxxxyyxxxyyxxxyXYYXXXYYXXXYYXXX,51,1,51.0,12.0,10.0,1.8333333333333333,0.13725490196078433
orb_1530,moved_cov,unsolved,YXXXyxYx,YYxYXXXYxYXXXYxYXXXYxYXXXYxYXXXYxYXXXXXXYxYXX,53,1,53.0,17.0,14.0,1.0588235294117647,0.32075471698113206
orb_1531,moved_cov,unsolved,YXXYx,YYYXyxYYXyxYYXyxYYXyxYXYxyyXYxyyXYxyyXYxyyXYxyyX,53,1,53.0,21.0,19.0,1.0476190476190477,0.16981132075471697
orb_1532,moved_cov,unsolved,YXXYx,YYYXyxYYXyxYYXyxYYXyxYYXyxYXYxyyXYxyyXYxyyXYxyyX,53,1,53.0,21.0,19.0,1.0476190476190477,0.16981132075471697
orb_1533,moved_cov,unsolved,YXXYxxyx,YXXyXYxxyXYxxyXYxxyXYxxyXYxxyXyxYXXyxYXXyxYXXyx,55,1,55.0,22.0,19.0,1.0,0.2
orb_1534,moved_cov,unsolved,YXXYxxyx,YXXyXYxxyXYxxyXYxxyXYxxyXyxYXXyxYXXyxYXXyxYXXyx,55,1,55.0,22.0,19.0,1.0,0.2
orb_1535,moved_cov,unsolved,YXXXyXXyx,YYxxyXYxxyXYxxyXYxxyXYxxyXYxxyXYxyxYXXyxYXXyxYXXyx,59,1,59.0,23.0,20.0,1.0434782608695652,0.1864406779661017
orb_1536,moved_cov,unsolved,YXXXyXXyx,YYxxyXYxxyXYxxyXYxxyXYxxyXYxyxYXXyxYXXyxYXXyxYXXyx,59,1,59.0,23.0,20.0,1.0434782608695652,0.1864406779661017
orb_1537,moved_cov,unsolved,YXXyXyxx,YYxyXXYxyXXYxyXXYxyXXYxyXXYxyxxYXyxxYXyxxYXyxxYXyxx,59,1,59.0,23.0,20.0,1.0434782608695652,0.1864406779661017
orb_1538,moved_cov,unsolved,YYXXXyx,YYXyyxxxyyxxxyyxxxyyxxxyyxxxYXXXYYXXXYYXXXYYXXXYYXXX,59,1,59.0,13.0,11.0,1.8461538461538463,0.1864406779661017
orb_1539,moved_cov,unsolved,YYXXXyx,YYXyyxxxyyxxxyyxxxyyxxxyyxxxyyxxxYXXXYYXXXYYXXXYYXXX,59,1,59.0,13.0,11.0,1.8461538461538463,0.1864406779661017
orb_1540,moved_cov,unsolved,YYYXXXX,YYXXXYYXXXYYXXXYYXXXYYXXXYYXXXYxxxyyxxxyyxxxyyxxxyyX,59,1,59.0,12.0,11.0,2.0,0.1864406779661017
orb_1541,moved_cov,unsolved,YYYXXXX,YYXXXYYXXXYYXXXYYXXXYYXXXYxxxyyxxxyyxxxyyxxxyyxxxyyX,59,1,59.0,12.0,11.0,2.0,0.1864406779661017
orb_1542,moved_cov,unsolved,YYXXyx,YYXyyxxxyyxxxyyxxxyyxxxyyxxxyyxxxyXYYXXXYYXXXYYXXXYYXXX,61,1,61.0,14.0,12.0,1.8571428571428572,0.14754098360655737
orb_1543,moved_cov,unsolved,YXXYx,YYYXyxYYXyxYYXyxYYXyxYYXyxYXYxyyXYxyyXYxyyXYxyyXYxyyXYxyyX,63,1,63.0,25.0,23.0,1.04,0.1746031746031746
orb_1544,moved_cov,unsolved,YXXYx,YYYXyxYYXyxYYXyxYYXyxYYXyxYYXyxYXYxyyXYxyyXYxyyXYxyyXYxyyX,63,1,63.0,25.0,23.0,1.04,0.1746031746031746
orb_1545,moved_cov,unsolved,YXXYxxyx,YXXyXYxxyXYxxyXYxxyXYxxyXYxxyXyxYXXyxYXXyxYXXyxYXXyxYXXyx,65,1,65.0,26.0,23.0,1.0,0.2
orb_1546,moved_cov,unsolved,YXXXyXXyx,YYxxyXYxxyXYxxyXYxxyXYxxyXYxxyXYxxyXYxyxYXXyxYXXyxYXXyxYXXyx,69,1,69.0,27.0,24.0,1.037037037037037,0.18840579710144928
orb_1547,moved_cov,unsolved,YXXXyXXyx,YYxxyXYxxyXYxxyXYxxyXYxxyXYxxyXYxyxYXXyxYXXyxYXXyxYXXyxYXXyx,69,1,69.0,27.0,24.0,1.037037037037037,0.18840579710144928
orb_1548,moved_cov,unsolved,YYXXXyx,YYXyyxxxyyxxxyyxxxyyxxxyyxxxyyxxxYXXXYYXXXYYXXXYYXXXYYXXXYYXXX,69,1,69.0,15.0,13.0,1.8666666666666667,0.18840579710144928
orb_1549,moved_cov,unsolved,YYXXXyx,YYXyyxxxyyxxxyyxxxyyxxxyyxxxyyxxxyyxxxYXXXYYXXXYYXXXYYXXXYYXXX,69,1,69.0,15.0,13.0,1.8666666666666667,0.18840579710144928
orb_1550,moved_cov,unsolved,YYYXXXX,YYXXXYYXXXYYXXXYYXXXYYXXXYYXXXYYXXXYxxxyyxxxyyxxxyyxxxyyxxxyyX,69,1,69.0,14.0,13.0,2.0,0.18840579710144928
orb_1551,moved_cov,unsolved,YYYXXXX,YYXXXYYXXXYYXXXYYXXXYYXXXYYXXXYxxxyyxxxyyxxxyyxxxyyxxxyyxxxyyX,69,1,69.0,14.0,13.0,2.0,0.18840579710144928
orb_1552,moved_cov,unsolved,YYXXyx,YYXyyxxxyyxxxyyxxxyyxxxyyxxxyyxxxyXYYXXXYYXXXYYXXXYYXXXYYXXXYYXXX,71,1,71.0,16.0,14.0,1.875,0.15492957746478872
orb_1553,moved_cov,unsolved,YYXXyx,YYXyyxxxyyxxxyyxxxyyxxxyyxxxyyxxxyyxxxyXYYXXXYYXXXYYXXXYYXXXYYXXX,71,1,71.0,16.0,14.0,1.875,0.15492957746478872
orb_1554,moved_cov,unsolved,YXXYx,YYYXyxYYXyxYYXyxYYXyxYYXyxYYXyxYXYxyyXYxyyXYxyyXYxyyXYxyyXYxyyXYxyyX,73,1,73.0,29.0,27.0,1.0344827586206897,0.1780821917808219
orb_1555,moved_cov,unsolved,YXXYx,YYYXyxYYXyxYYXyxYYXyxYYXyxYYXyxYYXyxYXYxyyXYxyyXYxyyXYxyyXYxyyXYxyyX,73,1,73.0,29.0,27.0,1.0344827586206897,0.1780821917808219
orb_1556,moved_cov,unsolved,YXXYxxyx,YXXyXYxxyXYxxyXYxxyXYxxyXYxxyXYxxyXYxxyXyxYXXyxYXXyxYXXyxYXXyxYXXyx,75,1,75.0,30.0,27.0,1.0,0.2
orb_1557,moved_cov,unsolved,YXXYxxyx,YXXyXYxxyXYxxyXYxxyXYxxyXYxxyXYxxyXyxYXXyxYXXyxYXXyxYXXyxYXXyxYXXyx,75,1,75.0,30.0,27.0,1.0,0.2
orb_1558,moved_cov,unsolved,YXXXyXXyx,YYxxyXYxxyXYxxyXYxxyXYxxyXYxxyXYxxyXYxxyXYxyxYXXyxYXXyxYXXyxYXXyxYXXyx,79,1,79.0,31.0,28.0,1.032258064516129,0.189873417721519
orb_1559,moved_cov,unsolved,YXXXyXXyx,YYxxyXYxxyXYxxyXYxxyXYxxyXYxxyXYxxyXYxyxYXXyxYXXyxYXXyxYXXyxYXXyxYXXyx,79,1,79.0,31.0,28.0,1.032258064516129,0.189873417721519
orb_1560,moved_cov,unsolved,YXXyXyxx,YYxyXXYxyXXYxyXXYxyXXYxyXXYxyXXYxyXXYxyXXYxyxxYXyxxYXyxxYXyxxYXyxxYXyxx,79,1,79.0,31.0,28.0,1.032258064516129,0.189873417721519
orb_1561,moved_cov,unsolved,YXXyXyxx,YYxyXXYxyXXYxyXXYxyXXYxyXXYxyXXYxyXXYxyxxYXyxxYXyxxYXyxxYXyxxYXyxxYXyxx,79,1,79.0,31.0,28.0,1.032258064516129,0.189873417721519
orb_1562,moved_cov,unsolved,YYXXXXYX,YYXXyxxxyyxxxyyxxxyyxxxyyxxxyyxxxyyxxxyyxYYXXXYYXXXYYXXXYYXXXYYXXXYYXXX,79,1,79.0,17.0,15.0,1.8823529411764706,0.189873417721519
orb_1563,moved_cov,unsolved,YYXXXXYX,YYXXyxxxyyxxxyyxxxyyxxxyyxxxyyxxxyyxxxyyxxxyyxYYXXXYYXXXYYXXXYYXXXYYXXX,79,1,79.0,17.0,15.0,1.8823529411764706,0.189873417721519
orb_1564,moved_cov,unsolved,YYYXXXX,YYXXXYYXXXYYXXXYYXXXYYXXXYYXXXYYXXXYYXXXYxxxyyxxxyyxxxyyxxxyyxxxyyxxxyyX,79,1,79.0,16.0,15.0,2.0,0.189873417721519
orb_1565,moved_cov,unsolved,YYYXXXX,YYXXXYYXXXYYXXXYYXXXYYXXXYYXXXYYXXXYxxxyyxxxyyxxxyyxxxyyxxxyyxxxyyxxxyyX,79,1,79.0,16.0,15.0,2.0,0.189873417721519
