mu,ncov,norb
18,62,7
15,45,3
16,50,3
17,58,6
18,53,3
19,56,2
19,63,5
16,49,3
15,51,7
15,48,9
15,53,8
15,52,8
15,55,9
16,50,6
15,46,4
17,70,9
17,52,3
17,68,8
17,69,9
17,69,10
17,69,9
17,72,10
17,72,10
17,72,10
17,48,3
17,72,10
17,70,9
17,70,9
17,70,9
17,47,2
17,52,3
17,53,6
17,61,8
17,54,4
16,49,3
18,50,2
16,55,5
19,85,10
19,85,10
19,88,8
19,89,9
19,89,10
19,89,9
18,53,2
18,55,3
19,61,4
19,92,10
19,92,10
19,61,4
19,92,10
19,92,10
19,90,9
19,90,9
18,55,3
19,57,3
18,53,3
19,57,5
19,57,5
17,54,4
20,56,3
20,62,3
20,62,3
21,112,8
21,113,9
21,113,10
21,113,9
20,61,3
20,63,3
21,116,10
21,116,10
21,116,10
19,60,5
18,53,2
21,116,10
21,114,9
21,66,6
21,66,5
21,66,5
19,56,3
21,72,5
19,54,4
18,57,3
22,61,2
22,66,4
22,66,4
18,57,3
22,62,3
20,62,2
19,60,4
23,145,11
20,64,4
23,142,10
23,142,11
23,142,10
23,141,9
19,58,3
23,145,11
19,62,4
19,62,4
19,57,2
20,63,4
21,68,5
21,70,5
22,66,3
23,66,5
22,66,3
23,70,6
23,70,6
13,34,1
14,50,10
14,50,6
15,46,5
16,48,4
15,46,4
15,46,4
16,49,3
17,54,4
14,55,10
19,73,7
19,76,8
15,55,8
15,47,7
15,52,9
15,44,6
22,71,5
16,61,8
15,58,8
22,71,4
17,59,9
17,56,8
17,56,8
17,57,6
17,59,9
17,56,8
17,56,8
17,57,7
20,65,3
20,66,4
17,59,8
17,56,7
17,56,7
17,57,5
20,65,3
20,65,3
21,67,7
17,52,9
18,59,7
18,59,7
23,75,6
21,68,3
19,65,8
19,61,8
16,53,8
18,59,6
17,58,8
17,50,2
17,49,5
21,57,8
18,54,7
16,53,8
18,59,6
16,53,7
17,61,6
19,68,7
17,51,6
17,51,4
22,70,5
17,52,5
21,69,7
18,56,7
17,56,8
16,50,7
19,55,6
17,55,7
16,43,6
16,46,1
17,48,4
13,35,3
23,77,7
16,37,7
16,50,6
17,54,4
16,44,5
17,59,8
19,60,4
19,55,3
16,49,4
22,66,1
19,72,6
21,63,7
19,52,6
19,66,5
21,58,6
19,62,4
17,70,9
20,57,4
21,57,5
21,63,7
21,69,8
16,48,4
15,46,6
23,67,6
17,59,8
19,66,5
17,65,7
15,43,2
20,68,5
17,53,3
19,56,5
15,50,4
19,60,6
19,58,7
19,55,6
15,43,4
17,70,8
19,64,6
18,56,2
16,44,3
15,45,5
17,52,3
14,46,6
15,53,7
17,54,4
19,57,5
15,44,6
19,63,8
17,59,8
17,52,4
17,54,6
19,55,3
14,46,6
17,62,7
15,50,4
22,68,4
15,44,6
15,44,5
23,77,9
17,60,7
15,42,4
16,47,3
17,52,4
15,46,4
19,57,5
15,41,5
19,63,6
15,53,5
15,49,6
17,54,6
18,81,8
16,46,5
19,85,7
17,48,5
20,54,5
15,45,4
17,59,8
22,68,4
15,44,5
17,57,3
23,71,3
17,52,4
19,55,3
14,46,7
16,47,4
16,47,3
17,52,3
19,53,6
17,55,3
17,52,4
21,62,10
17,54,7
19,58,6
18,59,7
16,52,6
23,85,7
21,66,2
19,60,8
18,60,7
17,55,7
20,63,3
18,56,8
16,52,5
23,85,7
19,65,5
20,61,7
19,59,8
17,53,6
18,50,5
17,51,5
17,44,9
17,45,9
17,51,4
18,55,5
15,47,4
21,88,5
21,58,6
23,70,6
21,75,4
21,69,3
19,85,8
17,57,5
23,63,6
21,60,6
17,52,5
19,60,6
21,75,4
21,74,7
14,42,4
22,69,4
17,53,3
17,61,5
18,58,5
17,60,3
19,73,5
19,71,5
17,55,4
16,58,6
17,49,3
17,51,3
17,59,7
21,62,8
18,48,2
17,49,5
15,50,6
22,68,3
19,61,7
18,56,6
17,55,7
21,66,9
18,57,9
20,63,7
17,57,5
17,58,6
19,53,6
20,57,7
17,52,4
22,84,8
22,82,9
23,85,8
21,69,9
20,66,7
18,58,9
17,57,6
18,52,2
17,49,3
14,41,3
18,59,8
20,65,9
23,74,2
17,54,8
16,50,7
18,58,6
21,64,4
21,70,5
21,73,7
17,47,6
15,48,6
17,56,7
19,71,7
17,78,9
18,55,2
17,53,5
19,62,6
17,47,6
19,62,5
22,78,5
18,50,3
22,84,7
19,64,8
20,76,7
19,61,5
22,82,8
21,77,8
20,75,8
19,60,5
23,75,8
19,65,3
20,66,7
17,56,7
18,61,6
18,52,2
17,49,3
20,66,7
17,56,7
18,61,7
14,41,2
17,49,3
18,52,2
20,63,7
18,60,7
19,65,6
18,59,8
18,59,5
23,74,2
20,67,3
21,72,6
18,53,7
16,52,5
21,74,6
22,79,6
17,56,7
20,66,5
17,53,8
20,61,8
16,53,8
21,74,5
21,65,3
17,54,8
16,53,8
21,65,3
21,60,7
18,54,6
20,65,2
23,66,2
16,50,6
23,76,6
19,60,3
19,68,4
19,58,8
18,61,7
20,68,5
20,62,9
18,56,6
21,75,5
21,63,8
18,56,8
23,83,6
19,74,6
21,70,7
21,63,6
17,53,6
16,51,4
17,49,6
19,56,2
18,48,6
18,46,7
17,53,6
18,58,6
18,58,6
17,49,6
23,69,4
20,56,4
22,68,4
18,53,6
18,51,6
17,53,3
17,58,7
19,67,7
18,48,5
16,75,10
19,85,9
17,50,2
19,55,5
15,42,4
22,63,2
22,84,7
21,76,9
22,86,9
23,76,2
21,74,10
22,84,8
22,87,8
23,76,2
21,62,4
21,62,6
22,72,6
19,59,4
17,47,4
22,72,6
19,59,7
17,47,4
20,77,9
22,84,7
19,65,8
19,58,2
19,56,5
22,84,7
20,77,9
23,90,9
19,65,8
19,58,2
19,56,4
17,45,5
17,44,6
19,53,5
22,68,2
23,67,3
19,55,4
19,55,4
23,67,3
15,41,3
23,81,8
23,86,7
18,54,3
21,63,5
16,48,3
21,61,5
22,68,3
23,67,4
16,51,7
23,76,6
17,55,5
23,78,5
19,54,4
18,56,4
21,63,4
19,53,3
20,77,9
22,84,7
19,65,8
19,58,2
19,56,5
22,84,7
23,90,9
20,77,9
19,65,8
19,56,4
19,58,2
16,48,6
19,55,4
23,67,3
22,60,6
21,74,8
17,54,5
16,48,3
19,65,6
21,62,5
21,60,4
19,65,6
23,68,1
19,52,3
22,84,8
21,77,10
22,86,7
23,76,2
21,75,10
22,87,6
22,84,8
23,76,2
21,52,4
23,66,5
16,48,4
23,67,2
17,49,3
22,64,6
23,68,1
23,67,3
17,49,5
19,55,2
23,85,4
21,74,7
18,57,5
19,55,5
23,85,4
20,75,8
20,76,8
19,60,5
19,61,5
17,53,4
22,61,3
19,61,4
17,52,3
18,60,2
19,70,5
20,73,5
21,74,2
18,67,5
20,65,3
20,59,4
16,51,5
17,55,4
20,65,2
21,68,4
15,46,6
22,112,6
21,109,7
21,70,4
19,59,3
17,52,4
19,60,4
21,70,5
17,52,4
17,50,5
20,60,4
21,78,5
17,48,4
23,70,1
17,57,6
17,50,5
17,53,5
19,66,5
20,56,3
19,63,4
17,51,4
21,81,4
19,63,4
21,78,7
17,55,4
19,56,4
18,50,4
18,49,3
21,65,7
17,55,3
21,66,7
17,55,4
17,51,5
19,76,7
18,81,8
16,51,5
19,59,4
17,52,4
17,50,5
19,53,7
16,46,2
17,48,9
21,69,6
18,54,7
16,52,6
18,59,6
17,55,8
19,60,9
18,57,6
15,55,9
17,58,8
21,73,6
20,63,3
19,63,8
18,57,6
15,55,9
17,58,8
21,74,6
20,63,3
22,66,7
21,76,8
18,57,6
22,70,5
23,105,7
23,108,8
17,59,7
17,56,6
21,73,10
15,48,5
21,73,7
21,71,7
19,49,6
17,55,6
21,56,5
17,59,5
15,51,6
15,44,3
23,86,9
18,59,7
22,70,3
17,51,5
17,50,2
18,59,7
22,70,3
17,50,2
17,51,5
21,58,9
21,71,8
15,49,6
23,76,4
17,52,4
21,78,6
19,54,6
19,56,5
15,42,6
19,61,4
16,47,3
17,52,4
17,48,4
19,53,7
21,73,7
16,37,3
21,64,9
20,69,6
16,53,8
18,53,3
19,65,7
15,55,9
18,59,7
17,58,8
23,83,6
21,66,2
19,65,8
17,50,2
17,49,5
18,51,6
21,65,7
19,55,9
19,63,7
20,60,5
21,72,6
20,60,6
19,61,5
19,63,7
15,50,6
19,70,7
21,63,6
17,50,4
21,67,3
19,62,6
16,51,5
18,50,4
18,49,4
18,58,7
20,65,7
20,65,7
20,70,8
23,74,2
21,73,6
22,70,8
19,63,7
20,64,8
17,53,8
16,52,7
20,70,7
23,82,5
21,65,3
20,63,8
18,54,9
16,52,7
16,52,8
23,82,5
21,65,3
17,53,9
16,50,7
15,53,8
18,59,7
21,75,6
21,65,7
19,59,7
21,62,4
18,60,4
16,50,6
17,50,4
19,58,2
19,49,7
18,41,7
18,61,5
18,49,6
18,60,6
17,58,4
19,51,8
17,56,2
21,52,8
22,73,5
17,59,7
17,52,4
17,54,4
15,41,4
19,64,6
21,62,4
21,62,6
21,62,4
19,58,4
21,60,5
21,64,4
19,64,6
21,62,4
17,44,3
23,72,6
19,58,5
21,57,5
21,70,5
20,52,5
20,60,4
19,66,5
22,64,5
21,76,9
17,43,3
23,64,5
19,58,3
19,59,8
18,54,4
19,63,6
18,54,1
21,73,5
16,52,6
21,65,2
21,81,8
19,53,5
23,60,6
19,58,6
17,49,5
17,57,4
22,99,6
17,53,5
23,86,7
16,48,2
19,59,5
17,48,4
21,63,6
21,65,3
21,78,5
17,48,4
23,70,1
21,70,4
19,58,6
17,49,5
20,64,1
17,50,3
17,54,4
15,43,3
17,53,4
17,50,5
17,52,4
15,44,5
15,43,5
23,71,5
23,63,8
19,61,4
19,64,5
17,47,3
17,54,4
19,64,5
17,49,4
19,65,6
19,59,2
16,48,2
17,48,4
19,64,5
17,47,3
19,63,4
17,52,4
19,59,2
19,102,8
17,47,4
23,58,4
21,77,6
18,59,5
18,59,7
21,69,6
21,68,3
23,71,6
21,66,6
19,52,7
17,62,6
17,50,7
17,49,4
15,44,3
17,52,4
17,60,6
17,53,4
20,89,6
17,78,8
15,48,6
19,57,7
17,57,6
23,72,9
17,55,3
17,49,5
16,46,2
22,69,6
19,64,8
17,55,8
23,74,3
21,77,8
19,60,8
22,82,5
17,56,7
23,74,3
21,75,7
19,58,8
16,52,5
21,70,2
20,66,6
19,62,8
19,60,8
17,56,7
21,74,6
22,70,3
18,54,5
22,69,4
19,67,7
21,67,5
19,65,6
19,47,6
19,64,4
21,66,7
23,71,4
21,71,6
17,46,4
19,62,6
16,49,7
19,62,6
20,67,6
17,55,7
19,72,5
21,89,8
17,56,7
18,81,9
20,70,5
18,59,7
22,82,5
20,67,3
22,69,3
17,53,7
20,60,9
19,59,8
17,56,7
18,57,7
19,59,7
16,52,7
16,52,7
18,58,8
23,73,3
21,74,6
17,58,6
18,53,4
15,53,7
17,54,6
19,52,4
19,56,6
17,45,6
21,63,4
16,48,4
22,59,3
23,67,4
21,71,6
19,67,6
18,60,4
23,65,8
23,56,2
19,58,3
19,56,5
21,51,4
21,69,6
21,70,5
17,49,4
23,75,8
19,57,5
19,60,4
23,62,10
20,57,1
19,56,8
21,109,9
17,48,5
18,49,3
20,54,3
22,112,6
19,65,8
16,44,3
23,117,7
20,105,8
18,48,4
23,70,5
19,56,4
17,47,4
17,52,2
21,58,8
21,78,5
17,50,4
19,64,5
17,47,3
17,51,3
19,64,5
17,57,4
19,85,7
23,86,7
19,65,6
17,44,4
17,50,3
19,63,3
19,63,3
19,63,5
17,52,4
19,64,5
19,70,6
17,53,4
19,71,7
21,62,5
21,78,5
23,70,1
19,61,4
19,65,6
19,70,8
16,48,4
21,66,5
17,52,4
19,55,3
20,60,8
20,62,7
18,56,8
21,66,7
15,38,3
19,59,6
21,63,5
19,102,9
17,52,3
16,48,3
18,58,4
20,58,2
21,69,10
20,63,6
18,59,7
17,55,7
23,80,5
18,59,6
15,53,8
17,55,4
23,71,2
21,63,6
19,56,5
19,60,4
23,62,3
20,57,1
21,70,5
19,56,6
21,56,5
18,61,5
21,64,4
19,61,5
23,67,3
18,58,5
21,71,3
19,53,5
16,49,6
19,63,3
17,47,4
19,58,5
19,65,6
17,51,4
19,61,4
21,71,7
18,57,7
18,59,6
20,67,3
21,65,5
21,68,3
17,55,5
17,45,3
23,72,7
23,82,6
20,61,8
21,72,3
20,60,4
21,69,6
20,62,4
18,64,7
17,54,3
19,63,3
17,53,5
19,67,3
23,77,3
19,65,8
22,58,9
17,54,3
22,63,5
21,67,1
20,65,7
22,74,1
21,65,3
21,62,7
20,67,8
19,64,7
21,66,8
17,55,7
22,68,4
20,67,7
20,64,2
18,56,9
15,51,7
18,58,5
19,68,4
17,56,9
20,66,8
20,57,8
19,56,7
17,56,9
19,62,9
20,62,7
19,61,9
21,73,5
20,62,7
19,64,7
21,73,7
23,79,6
21,63,2
21,70,8
17,53,8
16,53,8
23,80,6
21,63,2
21,73,5
17,53,8
17,53,9
17,53,9
18,60,6
19,68,5
21,73,5
18,57,8
20,67,2
21,70,11
19,63,8
18,59,7
18,56,7
16,52,5
19,59,8
17,55,8
18,53,8
18,56,6
21,67,3
18,59,7
23,85,7
21,76,7
19,65,2
22,69,2
21,66,8
19,65,3
22,69,2
19,60,9
17,55,7
23,82,5
20,67,9
19,57,10
20,67,6
23,83,5
18,54,8
20,67,7
21,65,9
15,53,8
22,68,3
22,69,3
21,72,8
22,66,4
22,69,3
21,72,9
21,66,8
22,68,4
21,74,5
22,68,3
21,65,9
19,59,6
17,55,7
15,48,9
15,52,8
23,80,6
16,50,6
23,68,1
18,48,8
17,50,6
17,52,6
19,54,4
20,57,6
18,60,5
19,51,9
19,65,6
18,61,6
20,56,6
19,65,6
19,58,5
20,54,6
19,56,5
19,50,10
19,49,8
19,60,5
20,59,4
20,56,5
19,59,5
19,59,4
20,63,5
19,58,5
21,76,4
21,73,6
17,53,3
20,60,7
23,70,1
21,71,8
19,59,4
21,53,5
22,63,5
19,68,9
16,47,4
17,53,4
18,59,6
22,63,5
19,64,10
22,68,5
19,60,4
23,67,4
23,66,6
23,82,7
23,123,8
19,60,5
17,55,6
23,71,3
22,63,5
19,68,8
17,54,4
16,47,4
18,59,7
20,79,6
22,74,3
21,93,7
17,50,4
18,51,3
21,75,5
20,89,6
18,51,3
21,96,8
18,51,3
17,54,4
21,65,2
19,58,4
21,83,6
19,65,7
21,62,4
19,61,4
21,83,7
19,60,4
21,67,2
19,60,4
21,70,4
20,66,3
17,54,3
23,73,5
21,75,8
19,62,3
17,47,2
21,81,7
17,57,8
21,79,5
21,70,4
20,66,3
21,66,5
19,59,3
17,65,10
17,56,6
18,56,2
18,56,4
19,52,5
18,56,5
21,69,7
18,57,6
18,59,8
23,69,5
21,68,3
17,59,4
19,65,5
18,54,7
16,53,7
17,51,6
17,51,4
22,70,5
19,63,8
17,47,7
18,73,7
17,55,5
21,64,8
18,57,6
20,67,2
19,63,7
20,65,10
21,67,8
18,53,8
22,78,3
19,64,7
20,63,3
19,71,6
20,66,9
17,51,6
18,46,7
23,92,9
15,46,5
19,57,5
21,55,7
23,89,8
21,63,7
21,67,8
15,46,5
17,55,4
22,68,5
17,55,4
23,86,8
17,46,5
19,73,6
23,71,6
20,60,4
18,50,3
20,57,3
21,60,7
20,66,8
18,56,9
18,54,6
19,56,3
23,71,3
19,56,2
21,67,5
19,62,9
19,57,9
17,55,8
16,50,6
19,60,6
19,68,8
21,63,8
21,65,7
22,63,7
18,56,7
17,54,8
21,74,6
17,54,8
19,63,6
19,61,6
23,78,3
19,59,7
18,56,8
21,72,3
19,59,7
18,53,7
18,59,6
19,68,4
21,68,10
19,55,8
19,53,5
17,54,6
17,47,4
19,49,4
21,70,7
20,65,2
21,71,8
15,46,4
22,69,6
22,69,6
20,55,3
20,77,9
22,79,8
22,84,7
20,76,8
19,58,8
19,57,5
20,68,6
18,48,4
21,64,5
23,82,10
21,72,2
17,46,5
22,71,7
21,75,5
18,58,4
19,72,6
20,67,2
23,72,8
23,59,5
20,66,7
17,57,6
16,50,7
19,57,7
21,75,5
19,59,6
17,56,7
23,77,6
16,52,8
20,66,8
20,63,8
23,74,2
19,65,7
23,82,5
22,71,8
18,47,7
16,47,3
23,91,4
19,63,8
19,64,8
20,69,5
17,53,7
21,74,6
22,70,3
21,67,4
17,54,8
15,52,9
21,66,5
20,58,7
16,53,7
20,62,3
22,65,3
19,58,9
16,50,7
23,73,7
23,75,8
17,52,5
17,55,5
20,62,7
16,52,7
23,86,6
21,67,4
19,61,8
20,62,7
17,55,8
19,65,6
18,57,8
19,56,9
18,54,7
18,56,9
21,74,7
19,89,9
21,70,6
21,64,9
16,52,5
22,68,3
23,80,10
21,72,9
22,66,3
23,73,8
20,66,6
21,75,5
22,74,9
19,63,9
22,68,4
19,63,7
16,52,6
17,56,7
21,73,4
20,61,9
18,56,8
18,56,7
18,56,8
17,57,9
18,53,7
20,66,3
22,77,6
19,55,7
20,70,5
20,69,6
19,58,9
18,60,6
18,56,3
17,53,9
23,77,4
19,57,9
18,56,3
21,66,8
19,64,8
23,80,5
19,62,7
22,79,6
19,59,8
19,64,3
18,58,8
18,58,8
20,65,8
19,59,9
19,59,9
17,53,7
18,59,8
19,59,9
18,54,8
22,68,3
20,60,7
19,61,7
22,70,4
22,67,2
21,74,6
18,61,6
23,79,6
20,54,7
18,50,6
19,58,6
20,56,6
19,59,6
20,56,7
19,58,4
18,50,7
17,47,6
19,60,6
21,63,1
19,57,4
17,51,4
19,58,5
17,46,2
22,69,5
22,69,5
22,69,5
19,72,8
21,67,3
23,88,9
22,85,9
21,81,9
18,49,6
16,48,3
18,53,4
16,48,3
20,69,9
18,53,8
22,78,3
21,74,7
16,50,7
21,79,7
19,58,8
16,52,7
18,56,8
21,75,6
21,70,2
19,62,7
16,49,7
18,59,8
20,65,6
19,62,9
20,65,6
17,55,7
23,85,7
19,65,6
21,63,9
21,74,11
19,57,7
17,55,8
18,56,6
18,58,8
20,67,3
22,59,2
21,60,5
20,60,7
19,59,7
17,51,7
19,63,6
19,74,7
17,53,6
23,68,5
23,68,6
19,59,6
17,55,4
17,53,4
18,49,3
21,76,7
18,59,7
20,61,8
20,63,9
16,50,7
23,74,2
23,76,6
18,61,6
21,62,7
21,61,6
19,71,8
19,60,6
17,58,8
19,59,6
20,66,8
21,79,8
21,66,9
21,70,9
19,63,9
22,68,4
21,70,8
21,76,8
22,68,4
19,61,7
21,69,7
19,59,8
21,73,8
19,68,3
19,63,6
20,59,7
18,59,6
18,59,8
22,69,8
20,67,6
19,64,8
17,52,7
23,81,8
19,59,7
22,71,8
22,67,2
22,74,7
20,66,4
22,79,4
20,65,10
21,72,8
22,69,3
19,57,10
21,67,8
20,69,6
19,65,2
19,58,9
19,58,9
17,49,5
18,50,5
22,63,7
19,59,10
19,61,4
22,63,7
21,65,8
17,56,8
17,48,7
19,53,5
21,72,9
18,53,7
19,60,9
19,63,7
17,50,6
20,65,7
21,69,8
23,85,8
19,65,6
19,44,6
19,51,6
23,72,2
19,62,5
21,58,6
23,61,6
19,49,4
19,56,5
19,60,6
20,56,6
21,69,8
17,51,3
21,84,6
21,61,9
20,56,6
17,59,8
19,57,2
20,71,5
21,75,7
21,70,9
19,58,5
22,66,4
21,70,6
19,52,6
18,67,6
21,68,2
21,74,8
17,65,8
21,66,4
22,76,8
20,71,8
22,87,6
23,80,4
20,52,6
21,72,7
21,65,4
21,61,9
21,65,4
21,89,7
23,81,8
23,84,8
18,59,7
20,58,1
22,55,4
23,103,8
19,63,7
19,66,9
20,105,9
21,67,6
20,58,6
20,74,6
23,76,6
21,64,9
22,65,3
19,48,4
19,46,4
17,54,4
22,62,4
19,60,4
15,50,6
18,51,3
21,58,4
17,51,3
20,54,5
19,62,6
21,92,9
19,67,9
19,102,9
23,73,6
22,61,4
19,57,4
21,61,3
21,67,6
20,58,6
19,69,4
20,58,6
18,53,2
18,58,4
21,62,4
21,73,4
22,66,6
20,55,5
21,78,6
20,56,4
21,73,4
23,89,9
21,72,5
21,71,5
21,71,3
21,72,6
22,70,3
21,70,8
20,67,2
23,64,7
22,80,9
18,56,9
20,58,6
21,65,2
23,84,5
20,58,6
21,66,2
23,69,8
23,71,7
20,65,8
20,65,9
20,68,7
21,65,3
20,67,8
23,83,8
19,64,3
20,69,8
21,69,3
22,70,4
23,78,9
20,66,8
19,59,6
21,72,2
23,76,4
19,58,9
23,77,7
18,57,3
20,67,8
20,64,8
19,57,10
20,61,7
19,64,8
19,69,7
20,62,9
20,62,9
19,59,8
18,57,7
19,62,9
21,74,4
22,68,4
21,63,8
19,60,8
22,72,6
19,62,7
22,73,7
21,65,8
19,62,8
19,57,9
19,57,8
22,80,7
21,73,5
21,61,1
22,67,4
22,74,8
16,52,8
17,53,7
17,55,8
21,73,5
22,67,4
21,64,1
18,59,7
23,80,5
21,74,6
19,63,8
18,56,8
23,80,5
21,74,4
19,59,7
19,63,7
19,63,6
20,60,9
19,59,8
20,61,9
20,64,9
21,69,6
19,62,8
22,66,7
20,67,7
20,60,9
21,72,6
19,61,9
23,77,4
20,62,8
21,65,3
18,53,8
23,71,5
21,74,4
20,69,7
21,66,4
22,69,8
20,69,8
21,68,3
23,84,6
22,73,10
19,62,7
21,72,9
20,62,9
18,59,8
23,77,3
18,52,8
21,72,6
20,69,8
23,86,6
22,69,1
18,56,6
19,59,8
17,53,7
21,71,3
20,70,8
22,79,4
20,67,7
23,77,4
20,61,8
21,67,7
20,67,2
23,64,7
21,65,2
21,74,4
21,69,10
20,64,8
21,66,2
21,74,5
21,67,4
21,63,7
19,68,4
23,69,10
20,58,8
23,70,8
22,63,7
20,65,7
23,71,2
20,67,3
19,69,7
22,63,4
19,57,2
19,69,7
22,63,4
19,57,2
23,71,8
20,63,7
19,65,8
19,66,7
22,67,5
22,68,2
20,52,6
21,64,8
21,65,5
23,80,7
23,86,8
19,49,4
21,60,7
23,76,8
21,69,7
19,63,5
19,64,5
19,57,6
23,77,6
19,62,5
19,52,6
23,71,5
19,62,6
18,56,5
23,72,4
20,61,4
20,55,4
19,62,5
21,65,3
21,68,9
18,55,9
18,52,5
17,46,7
20,61,7
19,59,6
19,63,7
17,55,4
19,59,6
21,61,6
21,57,7
21,62,7
18,61,5
19,55,6
15,50,7
20,59,2
18,55,4
19,54,6
19,60,7
20,55,8
20,58,8
20,54,7
20,51,7
19,64,5
23,71,6
20,63,6
15,49,4
18,53,5
20,60,5
17,58,5
20,72,6
20,67,5
23,68,5
19,60,6
20,58,8
21,63,6
18,61,3
19,57,6
18,58,6
23,68,2
22,67,5
19,59,5
20,52,7
19,63,6
20,63,6
19,59,4
19,66,7
21,81,7
20,55,6
18,99,10
22,111,8
18,52,1
21,60,4
17,48,4
20,61,6
15,39,2
18,47,6
21,56,10
18,47,6
19,61,5
17,54,4
23,68,3
19,58,6
17,52,5
21,59,6
22,68,5
23,67,2
19,62,5
19,64,5
23,68,2
19,61,5
21,86,6
19,59,4
19,50,5
17,40,4
19,61,5
19,62,6
21,63,6
23,71,4
23,68,6
21,76,8
21,66,2
21,63,5
21,76,8
21,66,2
21,63,4
23,71,2
23,71,4
23,70,5
19,49,5
19,64,6
19,62,5
19,56,6
19,53,3
23,83,8
17,58,7
21,61,5
19,52,5
20,56,6
22,68,6
18,61,6
21,72,9
18,58,5
18,56,4
23,67,3
20,56,6
17,59,8
19,74,5
18,61,4
22,68,5
18,58,4
18,57,4
23,68,6
23,71,4
21,76,8
21,66,2
21,63,5
21,76,8
21,63,4
21,66,2
23,70,5
23,71,4
23,71,2
19,64,6
23,72,5
19,64,5
19,55,3
21,71,6
23,73,4
21,63,11
20,52,6
18,51,4
22,70,6
19,49,5
19,64,3
23,59,4
18,53,3
16,50,4
23,77,3
23,75,6
18,55,3
23,73,5
19,54,7
20,60,4
22,62,4
21,55,5
20,60,4
18,61,7
23,61,6
18,58,5
23,67,3
18,56,4
22,60,5
22,69,2
20,60,2
23,64,5
18,54,3
19,60,3
22,68,4
22,65,5
19,60,6
17,50,4
17,50,4
19,59,6
23,70,3
21,70,6
21,79,6
17,56,6
22,71,7
22,70,7
21,66,5
21,71,5
21,72,5
22,66,4
18,52,6
18,57,5
22,69,0
23,138,10
19,51,4
23,62,4
17,52,5
22,60,5
20,61,2
19,60,4
19,63,4
19,63,6
21,62,4
22,60,5
19,57,3
21,65,1
23,59,4
20,63,5
18,52,3
21,76,4
21,69,9
21,68,7
22,67,1
20,56,3
22,93,5
23,81,3
22,70,2
23,79,3
22,79,4
22,63,5
17,58,6
16,45,3
21,67,5
21,61,3
21,64,3
16,46,2
18,60,4
20,57,2
20,66,5
18,53,4
17,61,6
19,59,3
20,67,4
17,45,4
16,46,4
18,57,5
22,134,9
19,58,3
18,55,2
22,63,5
23,80,2
22,70,3
21,74,3
21,70,4
23,79,6
21,51,4
21,74,4
21,70,4
15,46,4
21,69,4
17,47,4
20,60,3
21,69,2
22,79,4
23,85,5
19,56,4
21,72,4
21,69,9
21,68,7
23,79,3
22,79,4
23,94,8
21,68,4
19,60,4
21,67,5
17,55,8
16,52,8
20,68,5
18,59,6
21,63,2
23,76,3
16,51,5
21,65,6
16,50,5
17,49,4
21,67,6
18,51,3
17,52,4
19,55,6
19,53,6
15,43,2
17,54,6
21,74,6
19,60,5
19,67,6
21,81,5
23,80,4
19,52,3
22,63,2
22,67,2
23,70,4
19,52,3
20,58,3
17,47,2
19,64,7
19,53,3
17,49,4
21,64,4
17,52,3
22,63,5
22,61,7
21,64,8
18,58,4
23,117,7
19,59,4
19,55,3
19,58,4
19,53,4
18,58,5
17,47,4
19,56,3
19,55,6
19,62,6
19,58,5
17,56,4
22,62,4
21,64,6
22,64,3
21,64,6
22,67,2
19,61,5
23,73,5
17,54,4
21,64,4
21,65,5
17,52,4
21,64,5
21,64,5
17,54,6
19,65,6
21,63,4
19,65,6
23,74,5
19,61,5
21,62,3
19,61,5
19,55,4
20,56,3
19,54,5
21,68,6
23,70,3
19,52,3
23,79,5
19,52,3
21,63,5
16,48,2
20,63,5
19,52,6
17,49,5
17,49,5
17,58,7
17,54,4
17,47,2
23,63,1
19,50,5
21,76,5
17,53,6
17,52,4
17,51,3
22,65,2
19,56,5
17,53,6
21,76,5
22,65,2
19,50,4
18,60,4
17,53,3
19,52,5
21,65,4
21,75,4
19,51,4
19,56,4
19,62,5
19,52,3
21,80,7
17,43,4
21,56,4
17,51,4
19,67,6
19,56,6
19,59,5
19,54,5
21,70,5
21,67,5
19,52,7
21,61,3
22,63,5
21,70,9
19,59,10
23,88,7
21,64,4
23,71,2
21,62,10
22,64,6
22,64,6
22,63,5
21,69,8
22,67,5
19,64,10
21,86,5
16,51,5
23,69,5
19,52,7
23,82,8
21,67,6
21,67,7
16,48,4
19,58,6
22,72,9
19,52,6
21,66,4
18,60,5
21,63,5
20,58,7
19,60,9
19,62,8
17,55,8
17,53,7
21,76,8
22,70,3
19,59,8
19,60,9
17,56,7
21,75,6
22,70,3
21,68,5
23,71,6
21,71,8
21,68,5
21,67,8
19,62,3
21,82,5
17,51,3
19,68,5
21,61,5
21,69,8
23,60,4
17,46,2
19,55,4
21,75,5
20,60,10
18,58,7
20,63,9
20,65,8
23,74,2
21,74,6
20,60,7
19,62,6
23,83,5
19,56,9
18,54,7
21,67,12
18,56,7
19,57,7
17,51,7
19,72,5
20,67,6
19,57,9
17,53,6
17,56,8
18,58,8
23,73,3
21,75,6
20,69,6
16,53,7
20,61,3
22,64,2
20,58,6
22,69,10
18,55,7
21,67,5
20,59,3
18,50,2
17,55,6
17,49,4
21,57,5
22,64,6
21,60,7
23,70,2
17,48,5
19,62,5
20,58,6
23,62,3
21,67,10
21,72,6
22,65,3
18,49,3
21,73,9
23,61,3
19,54,5
21,66,6
19,59,4
21,66,6
21,71,5
17,49,4
23,61,4
19,55,5
21,63,6
19,59,6
17,53,4
19,57,7
21,62,7
19,65,6
22,90,6
21,72,5
17,48,7
21,66,4
19,54,3
23,65,3
21,109,9
17,55,6
22,55,4
21,60,6
23,67,2
20,67,4
23,81,5
18,55,2
23,61,6
18,50,4
18,50,4
17,60,5
23,60,8
21,78,5
22,69,3
19,58,4
19,58,3
17,53,5
17,53,4
17,54,4
17,52,6
19,64,5
19,64,5
17,49,3
17,40,3
19,59,9
18,53,7
21,70,5
22,66,9
21,76,8
19,59,9
21,66,8
18,59,7
20,65,8
23,83,8
19,57,9
23,83,7
21,53,7
17,50,4
23,86,6
17,57,6
19,57,6
22,66,6
23,70,1
19,55,4
17,47,4
19,50,6
19,55,4
23,91,7
16,48,4
15,46,6
18,58,4
19,62,6
17,51,3
17,47,5
19,64,4
23,71,4
20,58,4
19,49,5
18,52,3
19,72,4
17,69,9
17,55,4
20,57,4
21,55,7
21,86,8
17,57,7
18,55,3
17,50,2
22,63,2
19,64,6
19,53,7
21,70,7
22,72,4
17,51,3
19,63,6
19,62,4
19,57,7
18,49,5
17,50,2
18,54,3
19,49,4
23,64,5
22,68,4
22,68,3
22,79,9
19,63,7
22,66,9
22,79,10
19,60,9
18,53,7
19,59,6
19,68,4
22,69,10
18,56,7
19,63,8
22,71,4
22,82,7
21,75,5
21,66,9
19,59,9
17,47,7
18,73,7
23,73,11
20,63,8
22,83,8
22,71,4
20,60,8
23,85,7
20,62,8
23,82,4
21,65,9
21,66,9
17,55,7
22,71,4
20,62,7
22,70,7
18,56,9
19,65,7
23,80,5
18,50,6
22,69,5
21,66,10
20,50,5
19,54,7
20,57,5
20,54,6
17,68,9
18,60,6
19,62,6
16,48,5
20,69,7
20,56,6
18,58,6
20,59,4
20,64,5
19,73,7
19,70,6
20,52,7
19,66,8
23,80,7
21,71,8
23,67,4
17,50,4
21,71,5
17,40,6
17,54,4
21,70,5
19,63,6
23,70,7
19,58,5
21,59,6
19,65,6
21,52,6
23,76,6
17,51,7
21,54,8
21,64,3
23,68,1
21,63,2
23,68,1
21,65,5
19,58,3
17,53,6
23,68,2
21,65,7
19,57,5
23,89,6
22,72,2
22,63,7
19,59,10
19,60,4
17,51,5
19,55,6
17,46,1
21,69,4
19,51,5
21,69,3
19,58,4
21,86,6
21,64,5
19,57,8
19,73,5
21,96,9
23,72,9
17,53,4
17,56,6
21,70,4
19,59,3
23,91,7
21,71,7
19,53,4
18,52,1
21,62,4
19,55,3
21,69,6
21,66,5
19,63,7
21,64,7
19,62,4
22,62,4
22,68,5
23,76,6
20,66,7
18,59,7
23,83,8
18,59,7
18,58,6
18,54,6
19,59,6
19,68,9
21,69,6
18,54,5
21,66,5
23,82,8
20,52,3
21,66,3
21,72,9
16,50,5
17,57,6
17,55,5
17,54,6
17,50,3
17,50,5
23,60,5
18,49,3
22,69,4
17,53,5
17,60,6
19,60,3
22,68,3
17,53,3
17,50,6
23,80,6
17,46,4
20,60,6
15,53,7
19,51,5
18,58,4
19,59,6
21,65,6
21,71,10
16,50,4
19,58,7
17,52,4
16,48,3
23,68,1
21,62,5
19,51,5
17,46,5
21,68,6
19,69,5
17,45,5
17,52,5
17,51,3
19,64,4
17,50,5
17,51,4
17,51,3
19,53,5
19,61,5
18,56,4
17,51,4
23,51,4
22,69,9
22,79,9
19,59,7
20,67,7
20,61,7
17,53,6
19,70,4
19,61,8
19,68,4
21,65,9
22,70,7
18,56,9
19,59,8
19,63,8
22,82,6
22,67,7
19,59,6
19,68,3
21,60,1
19,51,8
20,54,6
19,60,6
18,62,6
19,64,5
20,58,6
21,66,6
21,64,7
21,47,4
17,58,6
21,52,7
23,70,1
23,104,5
23,68,9
21,81,9
18,49,6
19,51,7
18,61,7
19,69,4
23,68,5
18,53,2
22,73,10
19,55,9
19,59,9
20,63,8
18,56,7
19,65,6
22,71,4
21,72,9
21,67,9
22,83,6
20,66,6
22,73,4
19,58,9
19,58,9
20,58,5
20,56,7
17,57,5
19,60,6
17,53,5
17,52,4
19,58,6
17,53,5
21,63,9
20,69,8
19,63,7
20,57,8
23,76,3
21,70,5
23,81,6
17,56,6
17,43,7
23,72,5
22,76,4
18,56,3
21,69,5
21,77,7
16,54,6
21,74,8
17,54,5
21,61,6
21,58,4
18,58,8
22,80,6
19,58,1
18,54,2
22,74,6
20,65,8
19,57,2
19,56,5
20,53,4
19,58,3
20,71,5
18,56,3
22,65,2
20,58,2
19,53,4
23,80,6
17,56,6
23,79,5
18,50,2
22,65,3
23,58,6
20,58,2
22,60,3
21,70,10
23,77,10
20,63,8
20,68,7
21,63,3
20,71,6
21,66,4
23,86,8
23,73,10
20,66,8
23,87,9
20,66,7
21,69,3
22,77,9
20,67,9
22,70,3
21,72,9
20,64,9
19,65,9
18,53,7
21,68,6
20,66,3
23,78,10
20,56,8
20,65,8
21,73,4
20,63,9
19,65,4
22,72,5
22,82,5
20,63,8
22,82,5
20,69,5
20,61,8
22,70,4
21,67,8
21,74,5
20,65,8
21,72,4
23,84,9
21,69,9
23,90,8
21,72,9
19,63,9
19,63,9
20,69,8
21,69,6
22,70,2
22,66,3
22,79,6
22,76,5
19,60,6
19,65,3
18,56,7
18,53,7
20,63,9
18,54,7
18,52,8
18,58,7
23,79,5
22,73,7
20,67,6
23,80,5
22,71,8
22,67,3
18,52,7
21,68,8
21,63,9
19,59,9
19,59,6
23,80,5
21,74,8
18,59,8
23,69,8
21,68,8
19,56,7
20,64,9
22,74,6
19,57,2
22,74,6
19,57,2
23,79,8
23,84,6
21,65,3
21,73,5
20,57,7
20,66,5
21,74,4
22,76,7
22,71,2
23,74,8
22,79,4
23,69,10
20,58,8
19,57,9
22,60,7
23,71,8
20,65,7
22,68,4
23,70,8
22,63,7
20,65,8
20,67,3
23,71,9
20,63,8
19,65,8
22,63,4
19,66,7
22,69,4
20,52,6
19,56,5
23,66,6
17,47,3
21,60,7
23,62,7
19,56,6
22,68,5
23,78,3
21,63,4
19,68,5
19,57,5
21,61,8
18,50,8
22,63,5
19,50,8
18,51,6
20,59,1
21,60,6
21,60,6
20,55,8
20,57,7
19,57,8
19,57,7
20,60,7
20,54,7
19,59,5
19,53,6
20,69,8
17,57,5
18,54,5
19,59,3
21,59,5
19,58,3
19,58,7
21,64,7
19,63,7
19,60,5
18,58,8
19,60,6
19,57,7
18,62,7
19,60,5
19,59,5
18,58,8
19,58,6
19,58,6
19,57,6
21,59,5
21,69,6
21,52,6
22,67,5
19,59,5
23,73,7
20,59,6
20,58,8
19,62,4
23,67,1
20,60,5
21,57,7
19,61,7
20,72,5
19,65,7
18,60,6
21,56,7
22,65,6
21,53,7
20,45,7
20,76,6
20,54,5
20,73,5
21,57,8
19,68,2
21,59,8
19,68,3
23,67,3
22,68,5
19,57,5
22,68,5
23,68,1
22,72,5
23,63,5
19,63,5
18,59,4
23,68,4
22,63,5
17,55,6
23,59,5
19,62,6
19,55,2
23,66,3
18,54,3
22,68,5
18,61,6
23,67,3
23,96,7
19,55,6
18,56,3
23,68,5
21,61,6
19,64,6
23,73,5
23,71,4
20,56,3
21,73,8
19,43,6
20,74,6
21,75,5
20,64,3
19,56,5
22,63,2
19,62,6
19,60,5
18,57,5
18,54,5
23,71,5
19,66,6
18,57,5
21,53,5
21,75,8
16,42,4
23,82,4
19,62,5
19,51,8
19,60,6
18,55,5
19,56,2
18,58,4
19,57,6
22,63,7
17,54,5
17,54,5
18,57,5
20,61,7
20,56,6
20,56,6
22,60,3
20,55,5
22,62,4
22,60,4
21,70,5
22,64,3
17,56,7
23,64,7
23,101,7
19,61,5
17,54,6
16,49,5
19,56,5
19,59,4
21,52,3
23,94,5
22,70,2
19,61,7
18,65,6
18,54,3
19,55,4
21,75,7
19,59,3
18,56,6
18,53,4
22,78,5
20,54,3
23,68,5
21,78,4
19,58,3
19,60,3
23,73,5
19,62,6
23,85,4
22,74,1
21,61,6
22,64,5
20,58,4
21,69,4
23,77,4
23,82,5
19,57,4
19,62,3
19,60,5
19,52,4
21,56,4
19,63,4
18,56,2
19,64,6
20,58,4
23,79,5
23,79,6
19,56,4
21,68,6
19,53,5
21,67,6
19,53,4
19,56,4
23,82,6
21,64,5
19,56,4
17,58,7
21,71,7
21,63,3
22,64,6
22,64,6
19,55,7
22,61,7
19,59,4
18,52,2
19,64,6
17,47,4
19,59,4
21,71,8
19,55,4
17,50,5
19,55,4
19,62,3
19,60,5
19,62,5
19,55,3
19,60,6
19,50,4
19,62,3
19,60,5
17,51,3
19,61,5
18,53,3
22,65,4
23,76,7
19,60,6
21,69,6
19,53,4
18,57,3
17,53,3
22,67,3
19,56,4
20,63,5
23,74,4
21,68,5
21,72,5
19,52,5
19,61,5
19,55,4
23,84,4
23,84,3
19,61,5
18,47,4
23,82,4
19,53,4
23,82,4
19,61,4
19,63,6
23,71,4
19,56,3
19,56,4
23,94,5
19,52,3
19,52,4
21,75,6
19,59,5
21,79,6
21,87,6
19,61,5
19,54,6
19,51,4
21,131,9
19,63,5
21,72,6
21,62,3
23,86,6
23,99,5
23,81,4
19,56,5
21,72,6
21,70,3
23,92,5
22,63,5
21,70,9
19,60,10
22,64,6
21,64,8
21,84,7
17,49,2
19,48,4
19,65,6
19,43,6
21,53,7
23,60,7
17,52,3
18,57,4
22,68,3
19,60,5
19,59,2
21,63,4
21,57,7
19,54,4
22,69,6
21,57,5
18,58,5
17,47,4
23,56,2
19,64,7
17,54,5
19,51,4
16,52,5
20,58,2
19,61,5
17,51,2
20,104,6
17,43,3
23,62,6
23,71,7
17,65,7
23,72,7
22,60,4
21,53,4
23,75,7
18,56,4
19,56,6
20,58,5
17,57,5
20,78,5
21,72,5
20,60,2
23,77,8
21,66,1
20,57,7
19,60,9
20,67,4
22,70,11
19,61,8
19,60,9
23,85,6
22,69,8
19,65,9
19,61,9
22,73,7
19,55,9
18,56,7
21,72,6
22,70,4
22,76,6
21,68,8
19,62,7
22,71,5
19,66,9
19,66,8
18,54,6
22,66,8
19,55,6
23,71,3
20,54,6
23,70,2
20,57,5
20,61,6
19,64,6
20,55,5
20,55,6
19,89,9
23,81,11
17,53,5
23,71,8
21,47,4
19,61,5
21,71,5
21,52,6
19,64,4
19,55,3
19,62,5
17,51,4
23,74,5
20,74,7
19,62,7
21,61,6
17,47,2
19,59,3
18,56,4
17,48,3
20,62,4
19,56,5
22,74,4
20,55,6
17,49,4
21,60,6
21,64,3
20,60,7
21,69,4
19,58,5
21,87,7
21,64,6
21,60,7
21,81,5
19,62,5
19,57,5
18,59,5
20,65,2
23,82,7
20,65,2
21,63,9
20,69,7
21,61,7
22,71,4
23,59,11
19,49,6
17,47,2
22,74,9
20,62,9
21,71,3
20,62,8
22,80,8
21,71,3
20,71,6
19,64,7
21,63,3
23,86,9
20,67,7
20,65,7
22,71,6
20,70,8
21,72,4
20,66,8
21,74,5
23,76,9
23,88,10
20,67,8
20,69,6
22,80,6
23,69,0
21,73,4
23,90,8
22,79,4
19,60,9
20,60,8
21,65,8
23,80,5
21,68,10
20,57,8
20,67,9
23,77,4
21,68,9
20,67,8
18,58,6
22,71,4
21,69,10
20,69,5
20,68,7
21,74,4
22,74,8
22,57,4
22,71,9
23,92,7
21,69,3
21,59,7
21,74,4
20,62,8
22,74,6
23,80,5
20,59,7
23,77,4
19,57,9
22,60,7
18,58,7
23,71,9
20,65,8
22,58,4
19,51,6
19,50,6
21,51,8
19,64,6
21,67,8
19,62,6
21,62,4
23,66,6
23,77,6
21,57,7
20,61,1
21,67,7
19,60,6
20,60,2
21,61,7
21,64,6
21,52,9
22,64,6
20,54,7
19,62,4
19,61,6
19,62,6
20,61,6
21,56,9
19,58,3
21,60,8
21,65,6
21,66,6
21,47,5
20,51,7
20,62,7
21,61,6
21,66,6
20,59,7
19,54,4
20,49,7
20,63,7
19,60,4
19,61,6
19,51,5
20,75,6
19,62,6
23,87,3
19,54,7
19,51,8
21,54,9
21,63,6
21,58,6
19,55,4
21,63,8
21,60,5
21,58,5
21,59,5
19,55,5
23,58,5
21,52,5
19,51,4
21,57,5
21,64,6
21,56,6
19,62,6
19,65,4
19,56,4
19,64,6
19,63,4
19,56,5
17,53,5
21,67,6
21,65,6
19,47,8
19,62,4
22,67,6
22,69,6
18,57,3
19,50,7
22,66,6
22,74,7
19,53,4
19,55,3
21,62,5
23,67,4
23,79,6
20,60,3
23,68,4
18,57,3
23,68,5
21,66,5
18,50,4
21,54,6
21,56,8
23,71,4
23,68,7
19,57,5
23,67,9
19,60,5
19,59,5
23,70,2
18,57,4
22,63,2
20,61,7
19,59,5
17,53,4
21,64,4
19,57,5
21,60,1
21,61,4
19,54,4
21,66,4
20,61,3
20,65,4
20,55,4
21,66,7
18,54,3
18,51,4
21,70,6
23,84,4
21,69,6
23,79,6
19,55,3
19,56,4
21,64,4
19,57,3
19,60,4
23,79,4
19,54,4
21,76,4
19,48,5
19,55,4
19,51,6
20,56,3
19,53,4
19,60,2
21,70,3
23,85,4
19,60,3
21,69,3
21,70,6
19,69,8
22,64,3
21,65,10
22,63,5
19,65,9
23,82,6
19,59,3
21,64,5
21,64,6
17,46,4
17,39,5
21,64,5
19,60,5
23,65,4
17,47,5
19,63,4
22,62,3
19,60,5
19,57,5
19,55,4
20,61,3
19,55,4
19,56,5
19,49,7
23,76,4
19,57,5
23,99,5
21,68,4
19,55,7
17,55,4
21,75,5
21,75,4
20,64,4
21,76,5
19,56,5
19,58,4
19,62,3
19,57,5
19,54,5
19,73,7
19,61,4
17,44,5
17,51,6
19,58,6
21,92,8
19,51,6
21,72,6
19,53,4
19,65,7
21,66,5
22,64,3
22,63,5
19,65,8
21,68,6
19,60,5
22,70,7
17,53,4
18,56,6
19,54,5
17,53,4
17,49,5
17,49,4
21,68,5
17,58,6
22,73,5
21,61,5
22,68,3
22,67,7
21,70,7
19,60,9
19,62,7
20,67,3
20,68,3
21,79,5
21,63,6
21,65,5
17,58,5
19,59,4
19,60,5
19,51,3
19,55,2
22,68,2
17,47,4
17,54,6
22,69,5
20,60,8
20,63,9
22,71,8
21,69,8
20,67,8
22,69,6
20,70,8
19,61,7
23,81,11
19,61,7
20,69,6
20,68,7
21,74,4
23,69,7
22,63,6
20,69,7
21,65,4
21,57,7
17,48,3
21,64,4
23,70,6
21,62,4
19,59,7
19,64,5
20,60,2
21,57,5
18,52,4
20,49,7
21,62,6
21,53,8
22,64,6
21,62,6
19,55,5
21,64,7
19,53,7
20,58,6
21,51,8
21,59,8
21,51,7
20,50,8
21,63,7
19,53,5
23,71,7
19,63,6
21,58,7
21,51,8
21,67,6
19,59,6
19,58,6
19,58,6
19,67,5
21,66,6
19,53,5
19,56,4
23,57,7
23,57,7
21,62,4
23,73,5
21,57,5
19,67,4
19,60,5
23,79,9
23,71,6
21,55,6
20,63,4
19,59,5
20,62,6
22,64,6
20,63,7
21,62,6
22,65,5
19,57,6
20,57,7
19,57,5
23,70,2
23,83,4
19,67,6
19,51,2
19,48,2
21,70,5
19,58,3
21,70,6
19,56,4
19,50,4
19,48,5
19,56,5
19,49,5
19,64,5
19,53,4
20,59,4
18,53,3
19,57,6
17,54,5
21,71,5
19,51,4
21,76,6
19,53,3
19,53,4
21,67,5
19,54,5
21,72,6
19,55,4
19,55,4
17,50,4
21,65,6
17,45,3
23,86,6
21,56,5
19,53,5
19,48,5
19,53,5
19,57,5
23,78,7
23,74,5
21,54,8
22,72,5
19,61,4
19,64,2
19,61,6
17,53,4
23,70,7
17,52,2
19,49,5
17,51,5
17,54,6
19,62,5
19,52,7
21,61,7
21,60,3
22,66,7
21,76,7
21,65,9
22,67,8
22,71,3
21,68,4
19,49,6
19,63,6
23,71,6
21,66,7
19,65,5
20,59,5
19,57,6
17,46,4
21,66,6
21,50,8
20,58,5
23,67,5
19,61,5
18,59,4
18,55,3
20,73,6
21,57,5
23,76,5
17,58,5
23,56,8
21,58,4
22,66,7
19,52,6
20,68,7
19,56,5
21,66,4
19,53,5
19,57,3
23,60,6
21,63,4
22,70,3
19,52,3
21,76,5
22,72,8
21,62,3
19,53,4
19,65,5
19,65,6
20,61,3
19,62,4
19,49,6
18,51,5
21,64,3
19,53,6
21,72,6
21,71,4
23,93,4
21,76,3
19,53,4
21,77,4
21,78,5
19,49,6
23,80,4
23,67,5
23,64,8
16,40,4
19,59,7
19,60,7
19,62,5
17,50,6
18,47,2
18,43,4
23,70,7
21,77,6
19,49,1
19,72,5
21,87,7
21,65,7
21,57,7
22,64,3
20,57,4
23,71,6
21,58,5
23,62,7
20,58,6
19,56,7
21,60,7
19,54,5
20,72,5
20,55,7
20,55,9
20,57,6
20,63,7
19,59,4
21,59,6
19,57,6
20,72,5
19,66,6
21,78,4
19,59,2
21,72,9
20,49,4
20,67,4
21,67,7
19,60,4
18,57,2
21,64,3
18,58,5
19,53,4
19,56,5
19,55,4
17,49,5
21,71,4
19,48,5
19,54,5
19,58,5
16,47,3
20,50,4
21,50,7
18,43,3
18,53,4
19,55,4
23,51,4
19,61,3
23,68,2
21,59,5
21,47,4
23,67,5
20,58,5
19,54,5
20,63,6
17,55,4
23,57,7
21,63,5
20,61,6
17,58,3
19,55,3
21,68,5
17,51,3
17,51,4
21,65,6
19,57,4
23,84,5
18,61,4
21,63,6
19,60,5
18,56,4
19,55,5
23,80,5
19,49,6
23,82,5
19,48,6
20,60,6
20,58,6
19,57,4
21,72,5
19,52,6
19,53,4
19,60,4
19,48,5
19,53,7
17,63,8
23,74,8
22,68,7
19,60,4
19,59,5
19,58,4
19,51,4
21,71,6
21,68,5
21,73,6
19,59,5
23,74,6
19,67,5
22,67,7
23,67,3
19,60,3
19,58,5
23,75,7
21,52,6
20,57,7
19,65,6
23,68,1
23,71,6
21,55,6
23,65,7
23,67,3
19,64,4
23,77,6
21,64,4
23,68,5
19,54,4
21,72,4
19,54,5
21,74,5
19,58,3
19,59,5
21,69,3
21,53,7
21,68,4
19,54,3
19,57,4
21,72,4
19,57,9
21,65,8
21,81,7
22,71,3
21,78,7
21,79,8
19,71,9
21,79,8
19,70,9
21,77,9
21,82,9
23,71,2
20,68,5
23,87,9
21,79,8
23,93,8
21,74,10
20,76,9
21,75,9
20,76,9
22,78,9
19,73,8
19,72,9
21,74,9
21,68,8
22,73,7
23,71,4
20,55,8
21,68,4
19,54,9
22,69,2
18,50,2
22,70,1
21,62,8
21,66,2
21,62,8
21,65,2
21,69,8
21,69,9
21,73,7
21,71,3
21,76,6
21,72,3
20,62,9
21,72,4
23,69,10
21,67,7
21,67,7
23,77,7
22,61,8
21,60,7
22,61,8
21,60,7
19,63,8
21,59,7
19,63,7
20,70,5
21,73,7
21,73,4
22,68,7
21,73,8
19,65,8
22,67,3
22,68,7
19,64,8
21,73,4
19,64,8
21,70,8
22,66,3
21,72,4
22,83,5
21,74,5
21,73,6
20,58,7
21,73,7
19,65,4
21,63,1
20,67,6
21,74,8
20,69,6
23,86,10
23,86,6
23,70,2
21,74,4
23,83,6
23,70,2
21,71,3
22,75,9
21,74,9
22,70,3
21,67,9
19,59,9
22,70,3
21,72,9
20,69,8
19,59,7
21,65,6
21,72,3
19,59,8
21,65,6
22,74,6
22,67,3
23,82,9
21,72,9
21,71,2
22,74,8
20,67,7
22,72,3
20,64,9
21,74,4
19,63,7
18,56,8
19,60,7
18,57,3
22,76,8
20,67,9
20,67,6
22,68,9
22,79,8
20,67,8
21,65,2
23,75,4
22,77,6
22,82,5
21,66,9
21,76,5
22,68,4
21,76,7
19,59,6
21,76,8
22,68,4
18,58,5
21,72,4
22,79,6
21,75,5
21,70,9
20,64,9
21,75,6
21,73,8
23,84,5
23,79,6
19,65,6
21,74,5
23,77,5
20,68,6
21,74,5
21,72,6
21,70,8
22,68,3
21,60,7
20,68,6
19,65,3
20,62,8
20,67,6
23,83,5
22,75,8
20,67,8
22,63,7
20,67,6
20,67,9
21,66,9
21,72,8
23,79,5
22,75,6
21,77,9
22,73,7
20,62,7
18,59,7
19,59,7
19,56,7
20,66,7
22,63,7
20,67,8
21,65,9
20,69,8
22,74,9
22,68,3
21,66,7
23,74,10
20,62,9
23,80,5
23,69,3
22,71,2
23,75,4
23,72,4
21,70,3
22,69,9
22,61,4
22,73,9
21,73,5
21,71,3
21,76,8
19,70,4
21,68,9
22,69,4
21,71,6
21,63,10
23,78,4
20,60,8
21,74,4
22,64,7
21,69,7
23,80,8
21,66,9
19,61,7
23,82,9
23,71,4
23,71,9
22,64,9
22,64,9
21,68,8
21,71,2
23,85,5
23,84,6
20,62,9
21,74,7
20,58,7
21,60,11
22,69,6
22,67,7
21,63,9
22,67,7
21,63,9
20,64,6
21,64,8
20,64,6
21,64,8
22,67,6
21,63,9
23,82,8
23,72,3
21,66,8
21,66,7
21,66,9
21,66,8
21,74,3
19,69,4
22,69,7
21,67,6
22,69,8
21,67,6
23,77,4
23,79,6
21,70,7
20,65,2
22,66,7
22,66,8
21,63,8
20,66,5
21,69,8
22,65,6
21,68,9
22,65,7
21,65,6
21,59,9
19,53,5
20,57,5
22,60,6
18,51,6
20,52,9
19,50,8
19,58,6
20,52,9
19,62,5
20,62,6
22,59,7
22,68,7
22,56,7
22,60,5
22,76,7
22,48,6
22,50,8
22,63,8
22,63,6
22,57,8
22,63,7
20,57,7
21,58,8
21,60,7
21,67,6
21,55,7
21,55,7
22,59,9
21,64,6
21,59,8
21,59,7
21,63,7
21,60,7
21,60,6
21,60,7
22,61,7
21,70,6
21,65,6
21,64,6
22,61,6
23,68,6
19,49,9
19,49,8
20,52,8
21,63,5
21,62,6
19,55,7
19,58,5
21,69,6
23,63,6
21,71,6
21,58,6
19,58,5
19,60,5
23,61,5
22,62,6
21,71,6
22,58,8
21,62,6
19,56,4
22,69,6
22,67,7
20,64,5
19,63,6
19,62,6
19,59,7
19,59,5
22,51,6
18,62,6
20,63,6
21,59,5
22,51,6
19,59,5
20,57,7
21,59,7
20,53,7
20,54,7
21,61,7
21,63,6
19,59,4
22,56,8
21,66,7
21,65,6
21,57,6
21,57,7
21,55,7
19,62,4
21,63,8
21,67,6
21,71,6
21,72,5
21,62,5
20,54,7
22,68,5
20,55,5
22,67,6
21,64,6
20,58,9
19,62,6
21,66,6
20,63,6
22,61,7
23,65,6
21,66,5
22,54,9
22,73,6
22,72,6
20,53,7
19,61,6
19,64,7
21,65,3
22,68,5
20,54,7
20,53,5
22,67,6
18,62,6
20,74,5
22,63,6
21,57,9
21,79,6
22,61,5
20,75,6
21,73,5
21,60,6
21,68,5
20,64,8
22,59,9
21,66,5
20,56,8
19,60,6
19,62,6
22,60,6
21,63,5
21,54,9
21,55,9
21,73,5
22,66,4
21,66,5
22,60,6
21,64,5
21,70,5
22,67,4
21,69,6
22,64,7
22,52,7
21,74,6
21,63,3
19,59,3
21,66,6
19,55,2
17,57,7
19,61,5
23,79,8
17,50,5
19,56,4
23,76,8
23,72,6
19,62,6
17,49,4
18,57,4
21,57,5
19,62,6
19,61,5
17,50,5
23,60,6
23,70,4
19,61,5
23,59,7
23,68,8
23,69,3
19,61,6
23,56,8
21,68,6
19,58,4
19,61,5
22,63,4
19,58,3
19,60,3
19,58,3
23,68,4
22,60,6
22,60,7
22,60,7
22,56,7
22,62,7
19,57,9
22,63,7
19,58,9
21,70,2
22,63,6
19,56,8
19,56,8
19,58,3
22,63,6
19,55,8
19,59,2
19,55,8
22,63,7
22,64,7
22,60,7
22,67,7
19,55,8
22,64,7
19,55,8
22,67,7
19,64,9
19,55,8
19,56,5
23,100,7
19,55,5
23,80,3
23,72,8
17,56,5
21,57,5
19,58,4
19,59,3
21,69,4
21,59,4
23,98,7
23,101,6
22,77,2
21,71,3
23,79,3
19,59,3
19,62,6
20,59,8
19,55,6
22,68,4
21,60,3
19,56,4
19,52,2
19,56,4
21,65,6
23,77,4
23,94,7
21,79,7
23,95,6
21,76,6
21,71,3
23,67,6
23,79,3
23,66,6
19,51,4
23,59,2
20,67,5
19,70,8
23,69,8
23,66,4
23,65,4
23,81,5
19,53,5
19,59,5
23,76,5
19,58,3
19,59,4
18,54,3
22,75,7
21,51,4
21,62,6
18,55,4
19,55,7
18,51,2
21,63,7
23,59,6
21,60,8
22,79,7
19,56,3
21,70,5
20,56,5
21,69,6
23,72,3
19,58,5
20,62,6
20,65,4
23,79,6
23,59,7
23,57,6
20,65,8
23,72,7
20,59,8
19,63,7
23,78,3
23,85,6
18,54,8
18,56,9
21,79,7
20,57,7
22,71,4
20,52,7
19,62,6
20,54,7
19,64,7
22,63,7
17,52,9
19,66,6
23,77,2
23,56,8
20,66,4
21,65,7
18,58,8
20,63,9
23,74,1
20,67,3
21,63,10
19,61,7
21,70,9
19,59,9
19,57,9
18,59,7
18,56,9
21,66,8
19,65,5
23,69,9
22,82,8
18,53,8
22,73,6
19,63,8
19,63,9
22,73,6
19,64,8
22,78,3
21,73,9
23,67,2
22,84,6
21,68,8
22,67,3
20,76,9
21,80,7
23,86,10
20,76,8
19,73,8
23,86,10
20,71,9
19,71,9
23,85,11
21,76,8
19,62,4
20,71,5
20,65,5
17,65,7
23,74,7
23,86,10
20,69,3
22,68,2
22,71,5
22,74,7
23,69,0
23,85,9
20,62,7
21,63,9
21,74,8
22,69,9
20,62,9
21,68,3
22,62,7
23,69,8
19,64,7
23,76,9
23,86,9
21,73,8
21,71,7
23,82,7
20,65,3
22,69,8
19,57,8
21,67,8
20,66,2
22,64,7
21,67,7
19,55,7
19,67,3
22,76,7
20,70,7
23,80,5
21,68,7
19,52,8
21,59,8
20,58,9
21,62,8
20,58,9
20,59,7
21,62,8
20,58,9
20,59,7
21,66,8
20,60,9
23,78,9
20,60,7
20,61,8
23,70,8
20,60,8
23,77,5
21,62,7
20,57,9
20,59,7
21,62,7
20,57,9
20,59,7
23,71,9
20,57,7
18,55,6
21,63,8
20,63,9
23,68,7
20,66,7
23,75,9
20,58,5
22,68,4
20,55,4
19,62,5
23,72,5
19,56,5
21,58,8
19,53,6
18,45,8
19,57,9
18,46,6
20,55,8
21,62,6
20,59,7
21,65,5
21,63,7
22,59,2
19,53,4
21,64,5
19,62,5
19,64,6
23,59,3
19,44,6
20,60,5
21,69,6
23,73,5
23,70,1
20,59,7
19,59,6
19,58,5
21,62,7
19,62,6
19,60,6
19,64,6
19,58,5
23,68,2
19,62,6
19,60,7
21,85,7
19,58,5
22,70,7
19,58,4
20,56,6
20,53,6
20,56,6
19,52,4
20,63,3
23,70,5
18,54,2
20,58,5
21,65,10
22,63,5
19,65,9
21,85,5
21,59,4
22,69,1
19,61,3
23,80,6
19,59,3
21,68,3
23,71,4
22,73,7
22,67,3
21,65,2
21,72,6
19,56,5
19,61,4
18,61,6
23,88,8
19,56,3
18,56,4
20,58,2
21,55,6
23,85,8
20,55,8
20,52,7
19,57,4
19,58,3
21,92,9
21,67,6
23,83,10
19,72,8
22,84,7
23,88,9
21,77,9
22,83,9
22,79,8
21,62,4
20,52,5
22,70,7
19,63,7
23,84,8
20,67,8
21,72,7
21,68,9
20,62,9
19,65,9
23,68,7
22,63,6
18,54,6
20,69,7
20,65,2
23,70,4
17,55,6
20,60,6
19,56,6
22,67,7
21,53,8
19,67,7
21,53,8
19,60,7
21,62,1
21,59,6
19,62,7
20,51,9
17,59,4
21,68,4
23,69,5
18,45,4
22,65,6
19,53,6
19,57,6
20,58,5
21,70,5
23,71,6
19,67,5
19,55,6
18,57,4
18,51,2
20,53,6
21,70,7
19,55,5
22,61,7
21,64,8
19,57,5
19,50,6
19,60,5
23,92,5
18,54,3
21,58,8
22,65,5
21,63,6
21,61,7
21,68,6
19,67,8
19,66,4
23,162,9
23,74,7
19,62,5
19,52,3
19,57,4
19,59,3
20,62,3
21,72,8
21,77,10
20,65,4
22,74,7
20,63,9
22,57,4
21,73,4
22,74,8
21,80,8
22,62,5
20,51,6
19,61,7
21,65,7
23,72,6
21,69,6
19,63,5
21,79,6
20,64,5
19,59,6
20,55,4
19,57,4
19,47,6
19,54,4
20,61,2
19,56,5
23,71,6
21,69,8
22,67,5
19,64,9
22,63,6
23,69,8
20,66,7
23,65,4
20,62,2
19,63,4
21,70,5
19,61,5
21,70,4
19,52,7
17,50,4
19,56,5
19,61,4
23,70,5
18,55,5
19,66,6
23,71,6
22,58,2
21,62,4
23,66,5
20,64,7
22,87,9
21,73,8
23,87,10
20,73,9
22,81,7
19,57,7
17,65,10
20,73,8
22,83,6
19,57,7
17,65,10
19,63,5
23,71,7
23,80,5
21,66,9
21,74,10
23,71,4
21,77,9
23,69,4
23,77,8
21,76,8
22,69,3
21,59,7
20,58,7
23,76,7
20,67,7
19,64,8
21,69,7
21,66,8
21,73,8
22,79,9
23,71,4
22,67,3
20,62,8
21,74,3
22,77,7
23,77,4
21,72,6
23,82,4
23,81,4
21,72,6
23,81,4
19,65,3
21,65,8
21,71,3
21,67,8
21,64,8
21,67,7
23,79,6
23,75,10
21,67,9
23,71,3
22,79,7
20,67,7
21,63,7
20,64,9
21,71,8
22,73,9
21,68,9
23,69,4
20,69,4
23,81,8
23,80,5
19,62,8
20,60,8
19,59,9
21,72,5
23,81,8
21,68,8
23,75,9
20,67,6
23,77,4
23,71,9
20,67,7
21,65,8
21,73,9
22,67,9
21,76,8
21,72,8
23,73,4
20,52,6
21,59,10
20,58,7
21,61,9
22,64,11
21,62,8
21,61,9
22,64,11
21,62,8
23,67,9
21,61,9
21,65,8
21,68,7
23,76,8
22,69,11
21,63,8
21,66,9
22,69,9
21,63,8
21,66,7
23,78,5
23,75,4
22,65,10
19,57,7
23,70,8
21,61,8
22,79,4
22,66,11
21,66,9
21,70,7
20,63,6
22,63,5
22,79,4
22,64,9
21,65,6
21,69,7
21,69,7
19,53,7
19,51,6
19,49,8
21,57,10
19,53,4
19,51,7
19,53,7
21,60,8
18,53,5
22,54,8
22,55,8
22,61,7
20,56,6
22,54,7
22,56,8
20,65,7
22,54,9
21,62,5
22,58,8
22,58,8
22,64,7
22,61,7
22,62,6
20,56,8
22,58,8
22,64,7
22,61,7
22,56,8
22,59,7
20,68,7
22,58,8
22,55,8
20,54,6
21,60,8
21,62,6
22,60,7
22,56,8
22,58,7
22,66,5
21,66,6
22,63,6
21,66,5
20,56,7
21,68,6
20,54,6
19,51,6
21,60,7
22,58,8
22,56,8
22,56,8
19,57,3
18,57,3
20,69,6
17,49,5
21,57,6
21,59,7
23,75,5
21,65,5
19,64,6
22,66,7
22,63,7
19,55,8
22,56,7
21,68,5
23,64,5
19,55,5
19,56,3
21,59,3
21,75,6
20,61,5
19,57,3
19,71,8
19,64,5
21,63,3
23,95,6
19,62,5
23,110,5
18,42,4
23,72,3
19,57,4
23,57,6
22,83,6
20,78,8
19,59,1
19,59,5
22,75,5
22,81,7
20,78,7
19,59,1
19,59,5
22,78,5
20,59,5
19,75,8
21,73,8
21,63,6
20,66,5
23,78,7
20,56,8
20,67,6
21,74,5
22,62,7
21,74,7
22,72,4
18,52,7
17,53,8
20,61,8
23,70,9
20,60,8
22,79,4
20,59,7
18,46,8
19,54,8
19,51,8
20,54,7
21,58,8
21,59,5
19,51,4
21,68,6
19,65,6
21,72,4
19,56,4
21,67,4
20,70,4
21,63,5
18,51,5
19,60,6
23,84,5
19,67,6
22,72,2
21,76,7
20,67,3
22,64,6
23,72,6
19,63,4
21,62,4
22,64,2
18,56,8
18,57,9
19,61,6
17,53,8
18,61,5
23,81,5
19,59,10
21,65,8
19,60,8
17,52,7
19,60,9
18,53,8
18,59,8
23,85,8
20,65,9
17,55,7
21,75,6
20,69,5
21,73,4
20,57,8
19,56,7
18,57,7
20,59,7
18,59,8
23,81,5
21,65,10
20,69,8
19,66,3
17,53,6
19,59,3
22,63,7
21,74,9
23,82,5
21,78,9
21,61,3
22,77,9
19,55,7
23,71,8
22,73,7
19,63,7
19,59,8
22,61,4
21,68,8
22,70,3
21,74,3
20,64,8
22,78,3
19,55,7
21,72,9
20,62,9
21,71,6
19,67,3
23,80,8
21,68,5
21,64,5
19,54,8
18,53,7
22,62,3
23,82,9
23,84,6
23,78,4
22,67,5
21,59,7
20,66,8
20,62,9
19,70,4
19,50,8
22,61,7
20,56,6
19,57,9
23,66,6
21,76,7
21,76,9
19,70,7
23,83,9
22,75,5
19,62,6
23,62,8
22,73,9
20,62,8
21,73,7
21,68,2
21,76,6
20,66,8
21,69,3
21,66,9
21,67,3
21,72,8
21,74,6
19,57,7
21,72,7
23,75,4
21,72,3
20,61,8
20,62,7
20,67,8
19,60,6
20,59,7
19,69,4
22,68,4
23,84,4
20,67,6
22,77,9
21,67,8
22,73,8
22,79,9
21,67,9
21,68,7
22,73,8
22,73,8
20,62,7
19,65,7
21,68,3
21,73,2
21,66,9
23,73,4
20,52,6
21,59,10
20,58,7
22,65,10
19,57,7
21,59,10
21,66,8
21,64,9
22,66,8
22,65,6
19,60,5
22,59,7
20,57,6
22,61,7
19,60,6
23,65,6
22,66,6
20,63,6
21,73,5
22,61,9
22,67,7
21,73,5
22,66,6
19,60,4
19,61,3
18,54,3
21,57,7
21,62,8
20,59,7
20,55,6
21,57,9
22,64,7
23,58,9
20,65,2
19,59,6
22,76,8
22,71,9
23,91,7
20,59,7
23,81,4
18,55,5
20,56,6
17,50,3
22,69,2
22,66,2
20,70,6
21,64,7
20,58,3
21,72,4
20,62,8
21,71,7
23,71,7
22,75,8
21,74,8
22,61,8
21,65,7
21,67,9
22,70,7
23,81,3
21,63,10
20,69,7
19,66,3
21,59,10
21,66,10
20,63,7
22,60,7
19,67,6
19,55,7
21,64,6
21,60,8
22,60,5
20,59,1
21,56,7
22,63,5
21,68,9
23,76,9
21,63,10
21,65,7
22,78,9
21,81,10
22,78,10
21,83,10
21,55,5
19,55,4
23,79,5
21,52,4
23,69,3
21,67,6
21,131,10
23,77,5
21,105,10
23,93,7
20,128,11
23,78,6
21,58,7
18,54,3
23,87,7
21,60,5
22,65,7
18,55,2
21,70,9
20,65,9
21,78,10
21,79,10
19,59,3
19,66,7
19,63,7
23,138,11
21,69,6
21,75,9
23,138,11
21,52,3
21,52,5
23,79,7
23,63,5
19,58,5
21,52,4
19,63,6
19,64,7
22,134,10
23,81,6
23,73,3
23,78,7
21,53,3
22,72,3
19,73,9
22,76,9
22,86,9
22,88,8
23,82,9
20,70,9
22,87,8
21,82,8
22,88,8
23,94,7
22,87,9
23,91,7
21,79,8
23,91,7
22,85,8
18,70,9
21,78,11
20,75,9
21,77,9
21,74,11
21,82,8
22,85,8
18,70,9
22,84,7
20,71,8
18,69,8
22,66,0
22,74,4
23,85,9
19,70,10
21,78,10
22,80,9
21,79,10
23,86,8
20,73,9
23,95,7
23,72,4
20,75,9
20,70,9
23,82,9
22,84,9
23,87,9
21,77,10
22,79,9
20,70,9
22,86,6
22,75,9
22,75,8
22,87,7
22,86,6
23,84,5
22,68,3
17,45,3
22,66,5
18,43,2
19,69,5
23,83,8
20,66,3
20,61,5
17,46,4
18,56,6
16,56,7
16,51,5
21,58,4
21,70,3
21,66,2
21,68,2
21,69,9
23,73,4
22,67,4
21,65,8
22,83,5
22,69,8
22,79,6
23,66,5
18,56,4
20,68,4
22,74,4
20,59,5
17,58,6
21,62,8
23,65,7
21,58,4
19,66,6
18,56,4
19,62,5
23,72,5
22,82,5
22,84,6
20,62,4
15,46,4
19,52,4
22,59,3
21,73,5
21,64,3
20,58,2
22,68,3
16,44,2
23,73,7
23,71,6
23,73,6
23,73,5
22,59,8
23,99,8
19,60,4
23,70,6
19,62,6
22,65,1
19,59,5
20,66,6
23,88,6
22,70,3
23,72,2
23,82,4
23,85,5
23,84,5
23,78,4
20,60,4
23,99,7
20,63,4
19,70,5
23,88,6
19,58,3
17,56,7
22,70,3
18,67,8
22,73,4
23,76,10
23,71,3
23,71,3
23,78,10
21,68,2
22,70,7
22,70,7
22,61,7
21,63,8
23,64,9
22,62,7
23,64,9
22,62,7
22,61,7
20,67,8
21,74,6
23,71,7
22,79,8
20,68,7
23,71,7
20,68,7
20,67,7
22,73,7
23,91,6
22,79,6
21,63,8
22,79,7
21,72,6
21,72,7
22,74,8
22,67,2
23,59,5
22,74,8
22,67,2
23,59,5
22,80,7
22,68,2
22,79,7
22,80,8
21,74,8
22,79,8
23,71,3
23,80,10
20,65,8
20,65,9
22,79,8
21,70,9
22,70,9
20,61,7
21,72,4
22,79,8
21,74,8
22,68,7
21,63,7
23,71,3
22,68,9
22,68,9
22,68,2
20,69,8
22,68,3
21,69,3
21,65,6
23,68,4
21,68,7
21,67,9
19,61,6
19,63,7
21,72,6
23,91,6
23,74,3
21,74,7
21,74,8
21,67,7
22,66,8
22,66,8
21,72,7
22,64,3
22,63,3
22,63,3
22,64,3
22,75,7
22,75,8
23,86,9
21,71,2
22,67,2
22,75,9
21,71,3
23,80,9
23,73,4
21,72,9
23,71,4
22,69,3
22,68,6
22,68,6
23,79,7
22,74,7
22,71,3
22,70,2
23,85,9
22,68,2
23,78,8
21,71,3
22,65,9
22,67,8
21,62,9
21,72,4
23,72,12
23,72,11
21,69,6
21,68,9
21,60,7
21,73,5
23,82,9
20,66,8
20,61,8
22,74,9
21,63,10
21,76,6
22,68,2
22,71,3
21,67,3
22,69,7
23,83,6
23,83,5
22,70,8
23,85,6
22,66,3
22,68,2
21,74,4
22,71,3
22,68,3
20,67,2
23,72,8
21,68,9
23,71,9
21,68,6
21,63,9
21,68,8
22,69,11
20,66,9
22,71,9
21,68,10
20,69,7
23,84,6
22,71,4
22,75,8
22,71,3
22,79,5
22,68,3
22,80,8
20,69,3
21,75,6
22,79,8
20,67,7
22,72,4
22,77,6
22,69,9
20,62,8
23,80,5
22,71,4
22,68,4
22,66,3
22,79,9
22,68,3
23,80,3
21,72,6
22,66,9
21,70,6
22,67,9
22,74,10
23,77,6
21,72,8
22,67,8
23,80,5
22,71,9
23,73,8
22,80,8
23,82,6
21,69,9
20,61,7
22,71,3
22,79,8
22,69,3
23,79,6
23,74,3
21,68,7
22,80,7
22,71,8
23,79,8
23,84,8
23,91,8
23,82,9
21,68,9
20,57,8
22,71,8
22,69,9
20,67,7
22,69,7
22,63,8
21,82,7
23,74,3
23,77,6
23,77,3
20,56,8
23,80,10
22,71,9
23,73,2
23,69,3
23,70,8
22,72,9
21,65,3
23,71,2
21,61,8
21,65,7
23,83,7
22,79,7
23,72,10
22,69,10
22,70,10
20,67,10
21,63,10
19,62,7
21,66,10
22,68,2
21,63,8
21,69,2
23,76,4
22,83,8
21,68,6
21,73,3
22,75,6
23,77,4
21,59,7
21,72,8
22,70,9
21,71,8
22,70,9
19,63,2
22,67,8
19,62,7
20,62,8
20,59,7
23,85,4
22,72,8
23,82,3
20,67,6
23,83,5
22,67,8
23,75,7
21,70,2
23,76,9
21,59,5
23,76,9
21,65,8
23,77,4
21,65,9
20,56,7
23,82,7
21,62,2
23,82,7
21,59,3
22,65,3
22,66,3
23,77,4
23,76,7
22,69,3
23,77,10
22,67,2
22,69,3
22,67,3
23,74,8
20,65,7
23,78,3
23,74,10
20,65,7
23,79,4
22,62,10
22,66,10
22,62,10
22,66,8
21,70,4
23,71,10
23,72,11
23,66,3
22,65,8
22,73,3
20,68,3
21,74,4
23,69,7
21,74,4
23,84,5
23,71,11
22,68,10
23,82,5
23,74,8
20,65,6
23,74,10
20,65,6
23,79,3
23,71,9
22,69,8
20,61,6
21,62,9
18,55,6
21,63,9
22,69,10
21,62,9
18,55,6
21,63,9
22,69,8
23,72,10
21,66,8
19,70,5
20,58,7
23,72,11
20,52,6
21,66,9
23,79,6
22,70,7
21,63,9
22,70,9
22,66,7
22,70,8
20,57,7
20,56,6
23,71,7
19,70,4
22,69,8
22,68,8
23,68,10
21,59,7
22,69,8
19,65,6
23,73,2
20,66,7
21,67,8
23,65,5
23,73,2
22,69,8
19,65,6
23,70,3
21,59,7
21,66,9
23,84,5
23,68,8
23,80,4
21,62,9
21,61,9
18,55,6
22,68,7
21,62,9
18,55,6
23,75,8
23,73,9
22,70,9
22,68,7
23,86,8
23,63,5
19,60,3
21,63,6
21,74,6
19,58,9
21,79,6
18,55,1
18,53,2
20,58,2
18,52,3
20,65,2
22,66,2
20,57,4
19,67,7
23,72,6
21,52,5
23,56,9
21,55,6
19,67,7
21,65,8
21,62,7
21,64,7
21,60,8
19,58,4
21,52,5
19,64,7
21,62,5
23,77,7
23,77,3
22,68,5
21,55,6
19,63,5
21,58,6
23,64,7
21,74,6
21,60,7
21,71,5
23,64,3
20,60,3
22,67,4
23,74,6
19,56,3
19,63,4
21,71,4
21,77,5
19,63,4
23,72,7
19,58,5
21,60,6
19,53,6
21,55,6
21,61,6
19,60,5
22,65,3
18,56,3
21,54,6
21,58,3
23,61,5
20,48,8
19,43,7
20,54,7
20,54,5
19,51,7
19,55,5
23,67,7
22,62,6
21,65,2
20,59,8
23,61,8
19,43,5
22,62,6
23,65,7
23,64,8
23,69,3
22,59,7
23,58,8
19,62,5
22,62,4
20,60,7
22,62,6
23,70,2
23,63,5
20,62,7
22,62,7
20,59,6
22,59,7
20,58,6
19,60,6
20,56,5
23,70,3
18,53,2
22,66,6
22,65,6
20,60,8
20,55,7
20,59,7
19,54,7
19,55,8
19,61,3
20,59,5
23,68,3
22,64,3
20,59,5
19,57,3
18,55,5
20,59,6
23,65,7
21,62,5
21,55,9
21,63,0
23,59,9
21,57,7
23,65,7
23,59,8
23,71,5
23,58,9
23,71,8
21,61,3
23,60,10
22,62,7
23,56,10
23,66,7
23,65,8
22,60,8
22,60,7
23,64,9
22,62,8
23,57,9
23,58,8
22,60,6
21,59,6
23,67,9
23,68,5
21,60,6
22,60,7
21,56,9
22,71,7
22,60,7
23,59,8
23,75,6
23,75,6
22,68,5
20,49,2
21,64,4
22,68,7
21,56,8
20,75,3
21,70,6
23,67,7
21,68,4
23,74,7
21,74,6
23,75,7
19,61,6
21,71,6
23,63,7
22,66,6
23,66,8
23,71,7
21,58,8
20,60,6
20,63,6
20,55,6
22,69,5
20,57,7
20,56,2
23,62,9
20,55,6
21,60,7
22,60,7
21,62,5
21,66,3
22,59,2
21,61,7
22,59,3
21,56,8
20,60,5
20,59,6
21,63,5
22,56,6
23,72,7
21,69,6
21,64,4
21,61,10
21,66,4
23,59,10
20,61,6
21,58,8
23,71,7
23,66,7
23,64,8
22,62,7
23,62,10
22,60,7
22,64,6
21,58,6
21,66,7
22,66,7
19,52,7
22,69,6
21,53,7
21,63,8
21,57,8
22,69,9
23,70,6
22,65,7
22,69,5
20,58,6
23,65,7
23,65,7
21,72,6
20,75,6
21,72,5
23,74,8
21,55,8
22,67,5
23,61,7
23,71,8
22,61,2
21,55,6
20,75,6
20,75,5
19,61,6
20,76,6
21,61,5
16,54,7
21,62,2
20,63,5
20,56,8
20,68,4
21,65,6
22,56,6
23,70,6
21,69,6
21,53,10
20,54,6
19,55,5
21,62,6
21,73,7
22,61,8
22,64,7
22,60,7
22,56,7
21,79,6
20,60,5
22,67,7
22,68,5
19,70,5
21,72,4
22,67,7
20,61,7
22,70,6
22,67,6
23,72,6
21,73,6
22,62,7
23,70,6
20,74,4
21,63,6
20,65,6
21,65,6
22,57,7
21,76,5
22,69,7
21,71,6
22,64,8
23,71,6
21,65,5
22,73,6
21,65,4
20,51,5
23,59,9
23,60,10
21,54,8
20,52,6
23,63,8
20,53,7
23,55,5
21,69,4
21,63,6
21,67,3
20,54,7
20,69,5
21,65,6
23,72,6
23,69,5
23,62,9
23,58,9
23,59,9
22,60,8
22,68,6
20,54,8
20,57,5
21,59,5
21,72,5
19,62,7
19,58,3
21,81,6
22,67,4
21,68,2
23,69,2
23,77,3
19,65,7
22,69,5
19,67,5
22,67,4
22,68,4
21,65,4
22,66,6
22,72,7
23,68,5
19,65,6
23,68,5
19,62,5
19,55,3
21,58,3
19,64,5
20,59,3
19,63,5
21,57,5
21,65,3
19,55,4
21,66,5
21,77,5
19,53,5
23,80,5
19,58,6
23,71,7
21,67,4
23,68,6
20,63,6
20,60,4
19,56,4
20,66,7
23,83,7
17,51,4
22,69,4
19,59,8
22,67,4
21,72,6
21,66,6
21,72,6
21,61,4
21,65,6
22,69,4
23,89,8
23,74,2
23,70,5
23,89,8
23,74,2
23,70,4
20,63,4
23,71,5
21,62,4
18,56,4
22,66,5
23,83,7
23,74,5
22,69,4
21,72,8
18,58,6
21,58,5
23,77,3
20,69,4
22,68,4
19,64,6
20,60,4
19,58,5
23,89,8
23,74,2
23,70,5
23,89,8
23,70,4
23,74,2
22,71,7
17,57,6
18,56,5
20,63,5
19,61,5
17,60,9
19,54,4
21,50,6
22,77,5
18,56,5
20,58,6
23,82,5
20,62,4
21,55,7
20,55,3
18,51,4
23,57,7
23,59,6
19,49,3
19,51,3
19,66,6
21,69,7
23,63,4
19,60,4
21,76,5
17,54,5
18,55,3
20,62,6
18,54,4
17,50,4
19,54,4
23,82,7
18,57,3
23,69,7
23,70,5
20,56,1
18,57,3
23,69,6
21,55,5
19,58,5
22,64,3
19,55,5
23,72,7
20,65,7
19,61,5
20,63,4
19,56,4
18,57,5
20,54,3
18,55,3
21,67,7
20,62,7
23,69,7
18,55,5
20,63,4
23,82,6
23,59,5
19,61,5
22,60,6
23,80,7
22,67,3
21,75,5
21,57,5
19,58,3
21,69,6
19,62,7
22,58,3
19,59,4
21,51,3
19,64,6
20,52,3
21,65,2
22,58,3
18,59,5
21,77,5
21,64,5
21,55,7
21,77,6
20,56,5
18,52,4
19,56,3
22,64,3
23,65,5
20,59,2
22,72,4
18,57,4
19,62,4
23,75,5
20,62,5
23,66,3
17,55,6
23,80,6
19,60,4
19,54,3
21,66,5
19,65,6
23,67,4
23,83,7
18,58,6
20,60,4
23,68,5
20,55,6
22,67,5
20,58,5
22,67,5
20,56,4
20,61,5
19,55,2
19,63,5
23,73,5
22,68,4
23,77,6
19,63,6
22,68,4
23,59,7
20,56,3
23,73,8
22,69,5
21,72,9
20,60,3
22,69,3
21,65,7
19,58,5
21,69,10
19,52,4
23,81,4
21,57,9
18,58,5
20,61,4
23,76,4
19,63,4
19,62,6
23,76,4
18,53,4
21,64,2
19,63,3
18,59,7
23,64,5
23,71,5
18,58,6
19,56,4
23,70,6
23,78,5
20,66,4
17,58,7
20,59,4
18,54,4
20,58,3
23,71,5
19,57,7
19,66,6
21,64,8
21,65,8
21,68,10
21,69,11
21,65,8
20,64,8
21,61,8
21,71,7
20,65,7
21,61,8
21,74,7
21,74,7
20,58,8
21,64,8
20,61,6
21,61,10
20,61,7
21,63,8
20,61,6
21,61,10
20,61,6
23,80,7
21,64,10
23,76,7
21,69,4
21,64,10
23,76,8
21,68,4
18,58,7
18,62,8
23,69,9
18,58,6
23,73,8
19,63,3
21,59,9
23,76,7
20,63,4
21,60,9
23,69,8
21,59,9
22,69,4
23,69,9
18,58,6
22,69,3
18,55,6
20,65,3
20,59,2
21,63,8
20,60,3
23,73,8
21,63,8
23,69,8
21,63,8
22,72,5
18,56,6
21,67,2
23,71,7
20,63,3
23,71,7
20,63,3
21,63,9
22,68,8
21,62,8
22,74,6
22,68,10
21,60,11
21,63,9
21,63,8
21,63,8
19,58,9
23,78,8
21,63,9
23,76,8
21,62,9
23,76,8
21,68,8
23,70,9
23,70,10
23,70,9
23,75,10
23,70,9
21,69,8
23,71,10
21,64,8
21,64,5
22,69,10
21,61,9
21,59,9
22,68,9
21,61,9
22,69,10
21,61,9
23,66,9
21,62,8
23,68,8
21,62,8
23,66,9
21,62,8
21,64,9
23,64,9
23,70,7
21,63,9
23,64,9
21,62,9
23,80,7
21,65,10
23,71,8
21,62,8
21,70,9
20,64,8
21,62,9
23,80,7
21,62,9
23,76,7
22,69,3
21,69,8
23,76,7
22,70,4
21,68,7
21,70,9
20,63,2
23,82,5
19,63,4
19,59,4
19,63,7
20,64,4
21,62,7
20,64,5
21,63,7
18,53,3
20,60,2
21,66,4
21,68,6
18,54,4
18,53,4
23,71,5
21,66,3
20,60,2
23,73,6
18,54,3
21,66,5
21,62,4
21,66,6
19,56,4
19,53,5
23,68,4
23,84,5
23,85,5
21,59,9
21,62,8
21,59,8
21,59,8
21,59,8
19,57,8
21,63,8
19,55,8
21,61,8
19,55,8
18,57,6
21,69,8
23,84,3
23,65,4
20,53,3
20,54,5
22,99,6
23,79,5
18,57,6
17,54,6
20,60,2
21,86,6
20,69,4
21,73,7
19,51,4
21,67,5
17,50,5
22,59,4
22,93,5
23,66,3
23,78,3
23,80,2
19,55,4
19,69,7
22,83,2
19,55,4
21,62,5
18,56,4
22,79,3
17,51,4
21,69,7
19,62,5
20,63,5
20,58,3
22,72,2
18,50,3
18,54,1
23,80,2
23,71,7
22,69,2
23,77,9
19,54,4
19,56,5
20,60,4
21,62,3
21,77,4
19,53,6
20,60,3
20,60,4
19,56,4
20,58,3
23,81,5
21,72,4
21,62,4
23,70,6
19,57,4
21,68,6
21,71,2
21,65,3
23,67,3
20,61,4
20,55,4
22,62,4
20,65,5
21,69,3
17,51,5
19,53,3
19,54,4
17,55,6
18,54,4
21,58,2
20,56,4
21,73,5
20,61,4
20,55,4
20,66,3
20,61,3
20,63,2
18,54,3
20,60,3
19,56,4
19,50,4
23,61,4
23,120,8
22,68,4
19,51,2
17,49,2
19,52,3
21,76,6
19,70,6
21,54,5
19,54,3
23,83,5
21,59,3
21,60,4
19,60,4
23,76,4
21,76,4
20,61,3
21,62,4
23,70,6
23,79,5
22,71,5
21,71,2
21,65,3
22,85,6
19,59,4
20,66,3
22,70,3
20,58,2
20,60,2
21,81,6
21,68,4
21,68,3
23,66,4
18,56,4
18,54,4
20,61,3
22,61,2
18,53,1
23,74,8
20,60,3
21,67,6
23,71,3
19,62,5
23,73,4
21,70,13
20,57,4
22,71,4
19,75,10
20,71,7
19,57,1
22,52,3
19,53,5
20,50,6
17,52,5
23,64,5
18,53,3
18,53,2
20,72,7
19,70,10
22,57,4
22,55,5
23,70,3
21,60,6
21,69,6
23,75,5
21,63,3
19,60,4
23,72,4
21,57,5
21,62,5
23,70,6
23,72,4
19,60,4
21,59,7
21,57,5
21,64,7
21,63,5
19,55,4
21,77,5
19,56,3
23,81,5
21,58,3
21,64,5
21,62,5
21,63,5
21,61,3
23,71,3
21,72,6
21,59,7
21,52,7
21,65,7
19,53,5
19,56,6
21,57,5
17,53,5
21,81,4
19,57,5
21,57,6
19,53,4
21,64,5
18,58,5
21,94,9
20,60,3
21,58,3
23,77,7
21,65,5
21,58,3
23,62,4
21,62,4
23,94,5
19,53,7
23,81,4
22,63,4
18,55,2
19,59,5
19,65,6
19,65,6
19,65,8
21,69,3
18,55,2
19,56,3
21,60,3
21,62,3
21,60,3
21,62,3
17,65,7
19,60,3
20,65,5
20,63,4
19,50,5
21,71,4
21,62,5
21,67,5
19,59,3
21,64,3
23,72,4
23,70,2
19,55,3
21,62,7
20,60,4
21,66,5
17,58,7
18,58,5
23,70,2
23,78,6
17,62,8
18,51,3
17,49,4
23,67,4
21,64,5
17,51,5
19,59,4
23,72,6
21,66,5
19,63,6
21,65,6
21,72,4
21,67,4
19,57,5
23,72,5
21,64,5
23,67,2
23,76,6
21,67,5
23,73,5
19,60,5
19,62,3
19,62,5
21,64,3
19,55,4
17,53,4
19,60,3
19,56,5
21,62,4
21,62,7
21,75,5
21,65,5
19,58,4
17,50,4
21,59,7
21,57,8
21,57,7
23,66,2
21,56,6
21,60,7
19,56,5
19,52,4
16,56,7
21,70,5
17,50,3
23,71,5
19,63,5
21,58,6
21,64,2
21,58,6
21,57,6
19,49,3
22,60,2
17,53,5
19,62,4
19,56,6
17,54,4
19,60,3
23,63,4
21,68,4
23,74,6
23,73,6
21,64,3
19,50,5
20,61,4
23,76,6
23,73,7
21,62,5
23,79,5
17,49,5
19,55,4
23,79,6
22,69,3
19,55,5
21,60,7
21,60,6
23,72,5
21,58,3
21,58,3
21,72,5
20,61,0
23,71,4
21,54,5
18,56,5
21,62,4
19,56,4
21,66,4
21,65,6
19,59,4
18,55,3
21,64,5
21,56,4
19,58,5
21,65,4
21,65,4
21,61,5
19,61,5
21,62,3
21,57,4
23,81,5
21,66,4
21,66,6
21,66,6
23,76,6
21,61,7
21,76,5
21,57,6
23,91,6
21,72,4
21,70,5
23,88,7
22,62,3
21,57,5
21,63,6
21,82,5
23,100,6
21,59,6
21,64,3
21,66,5
19,60,6
23,82,6
23,74,1
19,56,7
22,63,3
19,75,8
20,52,2
20,49,2
19,56,3
18,52,3
21,62,3
19,60,4
18,51,2
20,62,7
20,56,3
21,75,8
23,61,5
21,61,8
23,62,6
21,62,8
21,65,2
21,64,2
21,69,6
20,62,4
23,71,4
23,81,6
19,64,8
19,63,8
20,60,0
20,62,5
22,73,6
21,64,4
23,68,4
19,63,8
20,60,0
21,64,2
20,57,1
23,76,3
23,63,6
19,53,7
19,56,4
19,60,5
18,57,5
18,57,5
21,64,3
23,77,5
20,61,6
21,95,10
20,59,6
20,68,6
23,70,2
21,68,3
21,66,7
20,57,5
21,67,6
23,61,6
19,57,7
18,65,7
19,52,6
21,54,6
17,54,5
23,60,7
21,49,8
21,57,6
17,54,4
22,68,3
18,57,4
22,62,3
17,57,5
20,57,1
19,59,4
21,64,5
21,80,4
18,54,4
20,58,1
21,60,4
19,60,5
18,61,6
21,66,5
23,65,6
23,70,2
20,60,5
23,57,6
19,59,5
21,73,4
21,74,7
17,46,4
20,58,2
19,53,6
21,65,4
19,65,6
22,73,3
19,54,4
21,80,4
20,63,4
19,63,4
20,62,1
19,64,5
16,46,2
17,60,7
17,52,5
17,48,2
23,60,7
19,63,6
19,57,3
19,74,5
21,66,4
23,70,1
20,59,4
20,59,4
19,61,6
23,80,6
23,77,6
21,67,5
20,57,5
18,52,3
19,63,7
21,63,10
22,67,8
19,63,7
23,71,10
19,61,6
21,68,8
19,65,7
20,59,8
20,59,8
23,85,9
19,57,8
23,77,3
20,63,7
23,82,7
17,51,3
23,67,3
23,73,3
19,56,6
23,66,5
23,67,3
23,73,7
21,63,5
19,57,4
23,63,5
21,62,7
21,67,5
19,60,7
23,72,7
23,70,8
21,72,8
17,51,4
19,51,7
21,53,8
19,64,5
23,73,2
23,67,4
19,51,6
17,55,4
21,64,4
21,68,6
19,62,6
19,58,6
19,51,3
23,77,8
21,47,6
19,60,5
19,54,4
23,70,1
19,58,5
23,73,6
19,56,5
19,60,5
19,59,4
19,51,5
19,56,5
21,60,6
23,68,5
23,81,8
23,73,7
19,58,4
23,68,2
23,76,9
19,64,5
22,69,6
23,73,8
19,64,5
22,69,6
23,89,5
19,64,5
21,80,4
23,78,5
21,69,4
20,62,3
23,62,6
18,42,6
17,50,4
21,69,5
20,66,3
22,63,3
22,65,5
21,58,5
23,86,10
21,82,8
23,80,5
23,71,4
19,59,3
19,53,5
19,52,4
23,79,5
21,70,6
21,67,5
21,65,4
23,89,7
21,80,8
19,76,10
23,75,4
22,71,3
19,62,7
23,85,8
21,80,8
19,76,10
23,75,4
22,71,3
19,62,7
21,64,5
19,54,4
23,62,6
23,69,5
21,72,6
16,44,2
19,57,7
22,74,7
23,92,10
19,60,3
20,67,2
19,49,6
23,88,9
22,84,8
22,86,8
19,72,7
20,62,3
19,60,3
22,81,5
20,59,3
23,82,4
23,62,7
23,83,10
21,77,10
22,83,9
21,79,8
21,69,5
19,57,3
20,60,1
21,79,8
21,69,5
20,60,1
19,57,3
22,74,8
20,62,9
22,65,8
21,63,8
21,68,8
18,62,7
22,68,9
21,63,8
21,70,4
18,53,2
23,64,3
19,58,3
20,71,5
23,71,1
21,66,5
23,74,6
23,77,4
18,59,7
21,67,10
21,65,7
19,55,7
20,64,9
20,67,2
23,73,1
21,74,4
20,60,9
23,75,9
20,60,7
20,67,2
23,69,10
20,58,7
18,56,6
23,69,10
20,58,7
23,71,9
20,57,7
22,79,4
19,52,8
22,63,7
21,63,8
20,63,6
21,64,4
21,63,6
20,51,4
19,59,5
19,68,7
23,82,5
21,70,6
21,63,1
19,66,4
23,72,8
23,71,6
23,70,9
19,62,6
23,68,2
19,65,6
23,64,8
19,55,6
18,66,7
21,64,5
18,54,7
19,56,7
21,63,9
18,54,6
21,58,7
20,54,7
20,57,9
19,52,7
21,57,5
21,57,6
22,62,3
17,59,10
19,67,8
19,55,2
21,52,7
23,61,6
19,54,4
21,62,5
21,60,6
19,55,3
23,56,4
21,60,6
19,55,4
23,63,5
21,63,2
19,53,4
21,70,5
21,67,5
19,55,6
23,80,4
23,56,6
22,69,4
23,71,4
23,77,6
19,57,5
20,67,4
21,68,3
18,56,5
21,63,7
21,62,7
19,52,4
21,56,6
23,72,4
21,75,6
19,58,4
19,55,5
22,72,7
23,86,7
21,66,10
21,76,10
23,84,5
18,57,3
22,66,6
23,71,7
23,73,6
19,52,4
21,65,6
21,55,2
23,68,7
18,55,3
21,66,5
21,57,5
23,82,7
19,67,6
21,73,6
19,55,7
19,55,6
17,53,6
23,73,3
21,55,6
20,60,3
21,63,5
21,59,5
21,70,1
20,56,4
23,67,4
19,57,5
19,50,7
23,73,2
21,62,3
21,62,7
18,58,6
23,68,1
18,57,3
23,68,1
18,59,5
17,54,5
23,68,6
23,79,5
20,64,7
18,57,4
17,46,3
23,62,4
18,57,5
23,59,6
20,63,3
19,53,3
19,57,4
21,73,6
22,67,6
18,57,5
16,51,5
21,63,5
21,64,6
21,57,5
19,61,6
20,63,7
19,51,5
19,62,6
18,57,5
21,64,6
23,68,7
23,73,7
19,57,5
23,72,6
19,66,5
23,69,6
19,62,5
21,60,5
23,82,9
19,58,6
19,59,5
21,60,7
22,63,5
19,54,4
21,57,6
21,64,5
19,79,6
21,68,3
19,61,5
19,58,4
20,61,5
23,75,12
19,57,5
20,58,4
19,67,5
17,50,1
19,62,2
21,69,5
23,74,2
17,49,2
20,75,5
21,73,8
21,66,6
23,70,0
23,83,6
19,57,2
23,60,6
21,84,4
23,81,7
19,55,4
20,64,2
19,52,7
21,66,3
19,56,4
21,70,5
19,59,2
19,52,5
19,54,5
23,79,4
19,65,5
19,63,5
19,51,5
19,50,5
23,92,5
21,69,3
21,64,4
23,72,4
22,68,4
21,66,4
22,71,4
21,60,5
18,58,4
22,64,2
20,65,3
23,78,5
20,63,4
17,47,4
21,64,5
19,56,5
21,64,5
19,55,3
19,55,3
23,62,6
19,64,4
19,57,6
19,59,5
23,68,1
21,66,1
19,60,4
21,70,5
23,72,4
21,68,6
23,72,2
21,65,6
17,53,4
19,61,4
19,62,6
19,55,5
21,72,4
19,62,5
19,65,6
21,63,5
19,50,4
21,73,6
19,58,4
19,56,5
21,70,5
23,85,5
19,57,3
21,67,4
21,69,4
19,56,5
19,57,4
21,87,6
19,60,3
19,51,4
19,61,5
21,65,2
19,57,3
20,59,3
23,88,8
18,46,2
20,50,3
18,46,2
21,61,6
20,60,4
22,64,2
19,62,3
22,64,3
23,70,4
23,61,8
23,82,7
21,62,2
23,81,4
23,78,4
20,65,1
21,65,2
20,64,1
17,55,4
21,66,7
23,67,3
21,56,8
22,80,3
20,59,8
18,63,8
20,56,6
18,58,7
21,69,7
21,67,7
20,58,4
17,53,3
22,59,5
22,64,4
19,59,6
23,81,5
19,52,4
22,70,9
19,62,6
21,64,8
21,63,9
21,60,9
21,64,7
19,65,6
19,59,8
22,79,6
23,77,3
19,56,6
21,67,1
23,61,6
22,70,5
17,57,4
22,68,5
18,54,1
23,79,7
23,61,8
18,53,4
18,52,3
23,67,3
21,56,6
21,57,5
19,59,3
22,64,10
22,74,8
19,59,6
22,69,9
21,66,7
18,58,7
23,84,6
22,62,5
21,70,6
20,65,7
20,70,7
20,63,8
21,65,6
20,67,8
23,74,9
20,67,7
22,73,8
23,79,5
21,71,3
22,59,4
23,67,6
21,63,7
19,60,5
23,72,7
23,70,7
23,64,7
23,62,6
21,60,6
23,71,5
23,66,6
21,64,7
21,52,9
20,59,6
23,67,3
23,58,6
21,69,6
19,54,5
21,60,5
21,66,5
19,64,6
21,65,4
21,66,6
21,64,4
19,51,3
22,70,6
22,70,6
19,57,6
19,63,3
23,85,7
19,60,5
23,62,4
21,59,7
19,54,5
19,61,5
23,72,5
22,70,4
22,67,6
19,54,5
21,65,6
22,63,10
21,54,7
18,56,4
22,75,3
21,73,5
17,53,3
21,70,5
19,60,6
21,66,6
19,62,5
23,57,4
22,69,2
23,76,3
19,58,6
21,56,4
21,64,5
23,85,3
22,64,4
23,84,2
18,50,3
23,82,6
19,63,4
19,58,4
17,53,4
19,60,3
21,72,4
19,62,6
19,60,4
19,53,4
19,51,5
19,54,6
18,55,4
23,74,6
19,55,5
19,60,5
19,53,4
21,64,4
19,58,4
21,73,8
17,50,4
23,84,6
19,53,7
19,55,2
23,72,6
19,55,4
21,65,5
19,59,7
19,66,6
21,72,5
19,53,5
19,67,4
19,59,6
19,56,4
21,71,4
21,64,4
18,50,3
21,63,6
21,62,6
21,54,5
19,58,5
20,57,4
21,69,6
18,52,5
17,54,4
19,57,5
21,59,6
20,75,6
21,69,4
19,55,9
21,71,5
21,62,4
17,48,1
17,48,1
23,99,6
20,63,2
20,65,1
20,65,1
23,76,4
19,60,3
20,57,8
23,67,7
20,57,10
20,62,9
20,52,6
22,79,5
23,68,1
23,67,3
23,58,7
19,60,5
20,60,4
22,58,3
21,72,5
23,72,5
18,54,2
21,62,6
20,74,7
19,55,4
23,59,5
21,62,1
21,56,4
20,61,4
21,58,6
22,61,8
18,55,3
23,65,5
19,60,5
19,64,5
18,51,4
19,53,5
19,54,3
21,72,6
19,60,3
19,62,7
19,59,3
23,59,5
19,56,5
21,70,5
21,63,5
23,95,6
19,56,6
19,55,3
19,50,7
21,62,5
21,77,5
19,57,6
19,52,3
21,82,5
19,60,4
19,51,5
19,51,4
21,79,4
23,66,5
20,66,2
23,66,8
21,63,4
17,57,6
23,60,7
22,65,3
18,48,3
17,56,6
18,49,3
22,69,4
21,66,6
23,60,5
23,70,6
19,69,5
18,58,6
22,69,2
23,76,7
22,71,3
18,51,2
18,54,3
19,62,4
19,54,4
20,60,4
23,94,5
21,61,3
21,76,4
19,51,4
19,53,5
19,51,5
19,58,4
19,51,6
19,56,4
23,74,7
22,72,9
23,68,4
23,101,5
19,65,5
19,63,5
18,57,5
21,74,4
21,70,5
19,61,5
18,54,3
21,67,5
19,59,7
23,57,7
21,57,5
21,57,5
23,74,3
21,71,7
21,65,7
19,63,5
19,64,4
21,70,10
22,60,6
21,71,9
22,80,8
23,86,10
19,70,6
23,67,7
22,82,8
23,93,9
21,79,7
23,85,8
23,85,8
23,84,9
21,79,7
20,71,8
23,90,8
19,69,10
21,76,9
22,75,8
18,66,8
21,60,10
21,64,9
21,57,9
22,62,8
22,79,4
22,65,9
21,64,10
21,63,9
21,71,8
21,61,10
22,64,9
21,62,9
21,65,9
22,67,7
21,61,10
22,66,8
22,63,7
21,69,7
19,62,3
21,51,4
23,59,6
23,78,9
21,65,9
23,80,4
21,74,4
22,68,3
22,65,3
22,79,7
21,69,2
21,63,8
21,70,9
21,65,9
22,66,7
22,79,9
21,72,9
21,68,9
23,73,7
20,66,6
21,72,7
22,77,6
22,71,3
23,87,6
23,78,7
20,62,7
22,74,7
21,75,7
23,73,8
23,85,6
21,74,5
22,68,3
21,66,9
21,72,8
19,51,7
23,73,9
22,76,7
22,83,7
23,75,9
20,71,6
23,65,1
23,74,10
21,68,8
21,67,8
22,63,6
23,81,6
23,70,10
21,68,8
21,59,10
21,66,9
21,67,9
23,78,9
21,73,6
23,75,4
23,75,4
20,65,7
21,67,9
21,76,8
21,68,8
22,69,8
23,80,5
22,68,9
20,62,7
20,67,7
23,79,3
20,67,10
20,57,4
20,65,6
23,73,9
20,59,3
23,72,8
20,60,8
20,62,9
20,62,8
19,65,6
21,74,4
21,69,8
21,74,4
23,82,7
21,73,7
21,68,7
21,73,3
21,66,8
21,66,8
23,67,10
21,61,9
21,59,10
22,69,8
22,66,6
21,63,9
23,67,9
21,66,8
23,67,10
21,66,9
21,64,8
23,70,9
21,61,8
21,62,9
21,66,6
21,68,7
21,63,8
21,63,8
23,80,5
19,50,7
20,58,9
20,54,6
21,60,6
22,59,7
23,69,6
22,60,9
23,70,3
22,53,9
21,62,8
19,56,7
22,56,8
20,57,6
19,55,6
21,61,6
22,62,7
22,59,8
21,63,5
22,60,8
21,62,6
20,59,7
19,60,6
22,65,6
20,49,8
22,52,6
20,50,6
22,64,6
22,61,7
19,54,6
20,58,6
20,65,7
22,67,4
19,59,5
22,60,5
19,84,9
20,73,5
21,73,6
18,54,4
20,57,7
19,64,6
19,59,5
22,81,6
22,62,6
19,62,6
20,56,7
20,50,7
22,65,5
21,63,6
20,51,7
22,65,6
22,78,6
22,66,6
19,62,7
21,90,8
21,87,7
22,52,4
19,69,3
22,61,7
22,64,6
22,64,5
21,67,5
19,56,4
21,70,5
23,79,9
19,57,3
21,70,4
23,67,5
23,56,8
21,74,6
21,70,6
19,64,6
23,70,6
21,59,7
21,64,7
21,66,4
23,78,8
19,61,5
21,53,7
22,68,6
19,60,4
21,67,6
19,48,6
19,53,4
21,59,7
21,68,7
21,72,4
19,61,5
19,60,3
23,71,7
21,63,5
21,69,6
19,59,3
21,60,4
21,65,7
21,57,5
23,74,6
21,57,4
19,58,6
17,57,5
23,63,6
19,60,3
23,79,5
21,69,5
21,67,5
19,59,2
22,70,7
21,70,6
19,65,5
22,66,5
22,60,6
22,63,6
19,57,9
22,66,7
22,64,7
19,54,3
21,66,4
23,81,6
22,97,5
21,64,3
23,73,3
23,79,8
21,68,4
21,63,3
21,69,4
23,82,4
19,55,4
20,59,3
20,61,5
19,53,4
19,59,2
22,64,2
22,75,6
21,62,4
23,74,4
19,58,3
17,56,4
19,51,5
19,56,3
21,58,4
22,70,4
21,57,3
21,66,5
22,66,5
19,56,4
19,54,3
20,55,5
17,48,3
19,53,1
19,56,3
19,56,2
23,69,4
20,64,3
19,55,3
23,68,4
23,77,3
21,63,6
21,63,5
21,63,4
17,45,5
23,59,9
21,53,5
19,64,7
19,63,6
19,64,6
19,52,2
20,53,2
19,57,4
18,52,3
23,61,7
21,63,4
18,53,4
21,56,4
19,59,4
22,68,4
21,60,6
21,56,4
19,57,3
23,75,3
18,54,0
19,53,4
17,52,6
19,65,6
17,52,6
23,81,5
21,63,5
21,60,6
20,55,4
18,60,4
21,76,7
23,71,7
19,57,6
23,66,7
22,71,6
17,65,10
21,80,8
23,90,9
20,77,9
22,79,8
22,84,6
20,76,7
19,58,8
19,57,5
20,68,6
21,77,10
23,81,9
21,70,3
21,86,7
21,59,8
20,58,9
20,67,4
20,66,6
20,66,6
19,69,4
22,71,8
23,77,4
23,66,7
21,70,6
19,58,6
19,63,6
21,62,4
23,75,5
23,85,7
20,55,3
23,63,5
21,57,6
21,59,9
20,57,8
19,56,4
21,55,5
20,62,6
21,67,6
21,80,9
21,55,5
19,63,5
17,56,4
20,61,4
17,53,5
23,67,4
21,64,8
19,51,4
23,79,2
21,66,5
23,68,1
19,59,6
23,71,4
19,61,7
22,61,4
20,60,1
21,75,2
20,57,3
20,58,3
19,58,3
22,74,5
21,78,5
19,58,4
21,62,5
20,53,4
21,65,4
19,68,7
20,65,4
20,60,4
19,55,4
23,70,5
21,55,6
23,71,4
20,57,1
19,54,4
23,75,3
21,72,3
19,68,5
19,59,6
19,57,5
21,73,6
19,73,7
19,59,6
23,70,1
20,56,6
19,66,5
19,63,5
19,63,6
19,59,5
17,43,2
23,81,5
21,72,9
21,77,9
21,82,9
23,71,2
20,68,6
21,75,10
21,82,9
22,79,9
19,68,9
23,88,9
21,76,8
22,68,4
22,69,8
21,68,3
21,67,8
20,65,7
20,59,8
21,73,9
23,72,10
21,68,8
21,69,9
20,57,4
22,71,7
21,67,9
19,59,6
20,67,1
21,73,8
23,86,6
23,82,7
22,66,1
22,82,6
21,65,6
21,74,4
22,66,10
21,66,7
23,78,5
21,62,9
22,68,6
22,69,12
19,53,7
20,54,8
19,48,9
18,57,6
19,53,7
22,60,5
22,62,7
20,54,5
22,59,6
21,63,6
22,60,7
22,57,8
22,61,6
22,60,7
19,56,5
20,51,8
20,49,8
21,63,5
22,53,8
20,58,6
20,61,6
22,62,5
22,69,7
20,61,6
21,59,9
22,60,6
21,68,5
20,76,6
21,75,5
22,63,5
21,67,7
22,61,7
19,60,3
17,51,4
21,70,2
21,64,4
21,68,5
21,64,3
22,69,6
22,68,3
19,62,5
21,61,5
23,73,4
18,51,2
19,62,5
21,65,1
19,67,4
21,67,5
22,72,3
21,66,10
21,68,3
23,95,6
23,81,6
19,52,5
17,50,4
21,68,7
21,55,7
20,70,6
20,68,2
22,71,10
18,51,6
21,59,7
21,59,8
19,64,7
21,60,6
19,58,4
23,95,5
21,68,7
23,72,6
19,64,4
22,64,2
21,61,3
21,68,10
20,57,7
19,60,5
20,74,5
22,54,3
20,60,4
22,73,3
18,53,4
23,69,5
21,67,3
21,81,5
21,57,7
20,60,6
19,62,5
22,62,6
19,59,5
21,55,6
19,58,6
21,55,7
21,59,5
21,70,5
21,73,8
21,74,8
23,79,3
23,69,7
22,82,7
23,78,4
23,82,9
22,83,6
22,76,6
21,71,3
22,56,8
21,59,8
20,56,5
22,59,7
20,54,8
22,69,7
22,60,7
21,61,5
20,54,6
21,69,6
22,65,5
22,65,6
19,68,4
23,65,5
20,69,4
18,56,4
20,49,8
23,66,5
22,60,7
20,57,7
22,69,6
22,69,6
22,63,5
22,64,7
21,68,4
18,55,4
19,59,4
21,54,8
22,49,7
21,53,8
20,66,3
21,73,6
19,59,5
22,64,3
19,55,5
23,72,6
19,59,5
19,59,5
19,59,5
21,70,6
22,56,8
20,59,5
22,59,8
20,63,7
23,63,7
22,61,7
20,62,7
20,54,6
19,53,6
22,62,6
21,53,8
22,48,6
21,59,7
21,58,7
22,63,7
22,61,5
23,63,4
22,64,8
22,56,8
21,71,6
19,53,4
22,64,7
20,66,10
21,56,6
19,70,9
23,87,10
22,62,4
21,58,6
19,62,4
22,73,8
22,82,10
20,76,9
21,51,6
19,51,5
21,65,8
20,64,8
21,74,11
20,73,8
20,48,5
21,65,3
21,67,8
20,62,8
21,70,6
23,67,5
23,65,7
22,74,4
23,90,7
20,66,5
22,69,3
22,79,4
22,84,9
22,79,11
22,84,7
23,85,8
19,72,9
22,81,9
21,74,11
19,73,10
19,71,11
22,83,9
23,89,7
23,86,9
20,69,7
19,68,5
23,73,3
21,78,9
23,83,9
22,79,10
20,70,9
22,63,0
22,71,3
18,69,8
23,84,9
22,86,8
21,79,7
22,79,9
23,82,10
23,78,9
22,74,9
23,85,9
20,71,8
20,74,11
20,77,10
22,82,9
20,73,9
22,84,8
21,78,8
20,73,8
20,73,10
22,80,9
18,69,8
20,73,9
22,83,8
18,69,8
22,78,4
20,49,2
23,80,4
22,71,7
22,64,7
22,71,3
20,52,5
22,70,8
23,73,10
21,62,8
23,71,9
21,63,8
22,66,9
22,68,9
23,70,11
21,62,8
22,72,9
23,63,9
22,74,8
23,78,10
22,68,7
23,67,7
23,64,7
23,79,3
23,67,10
21,63,10
23,68,7
20,59,9
22,63,8
23,79,8
23,67,7
22,66,7
21,70,3
22,62,8
23,68,9
22,74,8
22,66,10
21,71,7
22,74,8
22,79,4
21,62,8
21,65,3
23,69,3
22,62,10
20,59,7
23,69,7
22,60,8
23,69,9
23,74,8
22,66,9
22,70,10
19,62,6
22,71,7
23,76,7
22,72,6
21,62,3
23,69,5
22,66,9
21,65,3
23,73,4
23,67,9
22,66,8
22,71,9
23,85,4
19,58,5
18,56,4
19,50,6
19,64,6
19,49,4
19,46,5
21,64,6
22,58,4
22,75,3
22,74,7
20,58,3
19,59,3
22,75,3
19,59,4
21,68,2
23,69,2
21,68,7
22,79,7
22,68,3
22,74,9
20,68,2
22,68,7
22,80,8
21,69,3
23,86,9
22,70,9
21,65,2
22,67,3
22,60,8
22,79,8
20,60,7
22,69,3
22,79,6
22,69,3
22,79,7
22,83,5
22,68,3
22,69,10
22,70,8
20,64,2
20,64,2
22,66,3
21,75,7
23,86,7
22,69,8
22,72,8
22,74,8
22,79,8
22,71,3
21,74,4
20,67,7
22,71,3
23,73,8
23,87,8
20,67,1
23,67,6
22,74,6
22,70,9
20,65,1
21,60,8
22,69,9
22,64,10
21,67,8
22,80,7
23,73,3
22,67,9
23,67,9
22,65,10
22,66,9
21,65,9
22,61,9
20,63,8
23,72,7
22,65,9
22,65,9
21,66,8
20,58,8
22,65,9
22,67,10
21,62,9
22,72,7
23,71,11
23,76,10
22,72,7
23,71,11
23,76,10
20,64,7
22,71,5
22,70,5
22,80,7
20,69,4
22,74,8
22,69,8
23,73,8
21,68,8
22,74,9
21,73,7
20,59,7
23,76,6
21,69,3
23,74,9
23,84,8
21,65,8
23,85,7
23,69,9
22,69,9
21,74,8
22,77,9
23,78,8
20,67,2
21,60,8
22,64,10
20,64,7
23,74,9
23,73,9
22,71,11
22,73,8
22,71,9
22,79,9
21,69,4
22,70,3
22,65,9
23,70,8
22,71,8
22,65,9
23,70,8
22,71,8
21,66,10
19,63,6
21,73,6
21,71,6
22,77,8
20,66,2
21,70,7
20,65,7
22,67,8
21,70,7
22,71,8
23,71,7
22,71,9
23,84,5
22,73,8
22,69,3
20,58,8
22,71,7
22,69,8
23,71,8
22,74,9
21,65,6
23,71,9
22,74,9
22,70,9
20,57,9
22,70,10
23,80,4
21,68,9
22,68,7
22,71,9
22,77,6
21,68,9
23,81,8
22,75,8
23,75,4
22,83,8
23,81,9
21,69,7
20,69,7
21,75,6
19,62,7
22,63,7
23,78,9
23,76,7
20,66,8
23,78,9
22,69,8
20,66,9
23,77,8
21,57,3
21,65,9
19,68,3
22,70,10
21,68,9
22,69,10
22,69,11
21,68,10
22,72,10
20,60,7
22,72,10
20,63,7
20,56,8
20,66,7
23,81,5
23,75,7
21,59,7
21,72,3
21,74,7
20,56,7
23,76,8
23,69,9
21,72,7
21,65,6
23,77,4
23,76,8
21,60,7
22,79,8
22,80,7
22,68,2
21,73,7
22,71,7
23,75,3
22,60,2
22,68,3
23,75,3
22,60,2
21,74,7
22,71,7
21,63,8
23,70,7
20,58,7
23,84,6
20,66,2
23,76,8
20,58,8
20,60,8
20,60,7
23,77,9
23,76,8
23,70,9
20,60,8
20,60,7
23,72,4
23,67,10
22,62,10
22,66,10
23,71,10
19,61,5
23,71,10
23,72,10
23,72,3
19,52,5
21,69,4
23,71,10
23,72,11
23,66,3
22,77,6
23,73,5
21,61,10
20,57,7
21,61,10
20,57,7
21,75,5
23,71,10
23,72,10
23,72,3
19,52,5
22,65,9
22,65,7
21,61,9
22,72,8
22,69,2
22,71,3
21,61,7
23,67,6
22,71,3
20,57,9
19,57,5
22,65,9
21,61,10
20,57,9
18,58,6
21,61,10
20,57,9
21,68,8
23,71,8
22,68,8
23,69,7
20,61,8
23,76,3
22,65,7
23,82,5
22,65,7
23,82,5
20,61,5
22,65,9
23,79,4
20,61,5
23,72,8
23,69,7
22,61,7
22,74,5
22,71,2
23,85,5
22,66,8
22,70,8
22,75,7
22,63,8
20,62,7
22,75,8
22,68,7
20,58,7
22,69,10
23,71,9
21,66,10
20,58,7
21,66,8
20,58,7
22,70,7
23,80,5
20,61,5
23,75,2
22,69,7
21,65,8
21,66,8
22,69,9
22,69,7
22,69,7
21,72,7
23,71,9
22,70,7
20,61,7
21,73,7
22,68,8
23,84,3
21,63,9
22,70,9
22,67,7
22,74,9
22,70,8
20,65,7
22,68,7
22,70,8
20,65,6
21,68,3
22,70,9
20,65,7
21,68,3
22,70,8
19,65,6
21,72,5
22,70,8
19,65,6
22,71,9
22,68,8
22,75,8
23,73,1
23,73,1
23,71,9
22,65,8
22,77,6
21,70,5
21,56,6
21,62,7
19,67,6
21,69,2
23,63,5
19,55,7
21,55,7
21,56,10
19,49,5
20,61,4
23,95,6
19,58,6
21,93,7
23,77,3
21,47,6
21,67,6
21,72,7
21,71,6
23,78,6
21,58,4
20,66,4
21,70,6
21,60,6
23,75,8
19,65,6
21,69,5
20,60,4
20,58,5
23,74,7
21,55,7
21,62,6
21,70,6
22,83,5
23,68,5
21,53,2
21,63,5
23,60,10
22,60,5
23,73,7
23,67,9
23,73,4
19,62,5
22,61,6
21,64,7
20,54,7
21,62,5
21,62,7
22,64,6
20,57,7
21,54,8
20,60,7
22,59,8
20,60,5
22,63,7
21,60,6
20,54,6
20,57,7
22,61,7
20,57,7
21,60,5
20,55,7
20,49,8
19,49,7
22,61,6
23,65,7
23,63,9
21,56,9
20,57,6
23,66,8
23,63,9
21,62,7
21,54,9
23,67,9
23,64,8
22,61,7
20,53,7
22,59,7
23,59,9
22,61,8
23,64,9
22,62,7
22,66,7
21,57,7
21,63,7
23,65,9
22,70,5
21,57,7
21,60,8
20,56,7
21,57,4
21,65,8
22,64,7
23,59,9
21,65,7
23,60,9
20,74,2
21,74,7
19,59,3
22,63,5
22,59,3
23,67,7
20,75,6
21,74,7
22,67,6
20,65,6
21,67,3
23,72,7
23,70,6
23,56,9
23,72,7
23,66,6
23,65,9
20,61,7
23,59,8
21,63,6
23,65,9
23,68,9
23,72,9
21,57,8
23,64,5
23,68,6
22,62,7
22,64,7
21,61,6
21,68,6
21,62,6
21,66,7
22,62,7
22,70,5
21,59,7
21,54,9
21,59,5
22,80,8
20,63,6
23,62,9
22,67,5
23,78,5
21,55,8
21,76,7
21,68,5
20,60,6
23,65,5
21,55,8
20,61,6
23,65,6
21,75,3
21,73,6
21,66,5
21,65,7
21,73,5
20,59,3
19,62,8
21,65,6
23,61,7
21,70,6
21,66,5
20,61,6
21,68,5
23,63,6
23,71,7
23,57,7
21,65,5
21,72,4
23,61,6
21,74,7
22,84,5
21,79,7
20,74,6
23,61,7
21,70,6
23,65,5
23,81,6
23,56,6
23,97,7
22,60,5
19,57,3
23,68,6
23,65,2
22,50,8
22,91,5
22,62,7
22,91,7
23,67,8
21,82,3
23,69,7
21,82,3
21,55,8
20,54,6
23,65,9
23,63,7
22,55,8
23,57,8
21,64,5
22,60,6
23,69,6
23,63,6
23,59,10
22,63,8
22,62,6
22,70,6
18,50,2
21,58,4
19,53,5
21,61,6
21,61,6
19,53,4
21,66,4
23,67,4
22,68,4
21,72,9
21,63,3
21,56,5
19,56,4
21,66,4
19,56,5
23,81,5
21,63,3
21,52,5
21,72,5
19,55,4
19,48,4
18,58,5
21,64,3
21,78,5
19,51,5
19,53,4
19,55,5
23,65,7
21,60,6
23,54,6
19,53,5
21,65,4
21,58,6
23,76,7
20,65,5
23,71,7
21,63,5
20,62,4
22,68,4
19,58,5
21,65,4
23,83,6
23,71,4
23,68,6
21,69,5
19,57,4
19,53,4
23,83,6
19,63,6
18,57,5
19,55,3
21,59,6
19,61,5
19,65,5
22,62,3
21,71,5
23,72,5
21,65,5
19,57,4
21,58,5
22,62,3
20,67,4
23,92,5
21,65,7
23,78,4
23,81,4
23,68,6
23,65,7
19,49,6
19,49,5
23,72,5
19,55,3
23,67,6
23,66,3
18,55,5
19,55,3
19,51,5
23,70,6
18,54,4
21,64,6
23,62,5
23,75,8
23,67,4
19,60,3
22,73,2
22,59,3
23,78,8
21,63,5
23,76,5
22,70,6
18,55,4
21,65,6
19,47,4
23,80,4
21,67,8
18,58,5
19,50,5
20,60,4
23,65,6
19,54,5
22,68,5
20,60,4
23,51,4
21,64,6
21,67,8
18,54,3
19,55,3
23,81,5
20,60,5
23,56,3
19,62,5
20,60,4
23,64,4
19,53,3
20,63,4
23,58,5
18,60,7
18,55,3
21,69,5
19,55,3
20,55,3
20,58,3
19,53,6
23,68,5
19,58,5
23,68,5
23,69,6
21,69,6
19,56,6
21,61,7
19,53,5
19,58,4
23,58,5
21,71,5
20,66,3
21,61,4
20,67,5
22,65,2
20,66,3
20,59,4
19,66,3
21,59,9
21,63,9
23,76,8
21,67,2
22,68,10
21,59,7
21,63,8
21,65,9
21,63,9
23,76,8
23,70,8
23,70,9
21,62,8
21,63,8
23,70,9
23,70,10
22,69,11
21,63,8
22,68,10
21,63,8
21,62,9
23,76,8
21,64,8
21,63,9
23,71,8
21,71,7
20,60,3
19,58,3
18,55,4
20,60,4
18,58,5
21,64,6
21,68,6
21,67,5
21,65,5
21,65,6
21,67,5
21,70,6
21,63,5
20,60,6
21,68,6
21,67,7
21,65,5
21,60,5
21,65,5
22,71,7
22,68,6
22,76,7
21,65,4
23,74,5
22,57,2
21,61,4
21,63,8
21,62,8
23,81,7
18,58,7
23,72,7
21,61,5
23,74,9
23,63,6
23,75,5
21,57,6
23,69,7
21,63,8
23,71,5
23,98,7
21,57,5
20,49,4
22,65,3
21,68,7
23,101,6
21,51,6
22,65,0
20,58,9
21,64,4
23,62,5
22,68,4
20,61,6
21,64,5
21,73,6
23,71,6
23,73,7
21,73,6
21,69,2
22,61,8
21,66,7
21,65,4
21,66,4
21,67,5
19,53,5
23,69,7
22,69,4
19,55,5
23,78,4
19,56,6
23,76,4
22,75,8
21,60,4
22,62,4
21,64,3
22,69,4
22,79,5
22,71,5
23,66,4
21,62,6
20,54,0
19,52,6
23,80,5
19,54,3
21,58,2
21,65,4
23,68,4
21,65,5
23,76,5
19,59,5
19,64,8
19,62,5
23,74,5
23,74,5
21,66,6
22,66,6
22,54,7
21,54,9
20,61,3
19,53,5
20,64,3
23,73,4
22,57,4
19,57,2
22,61,3
20,54,4
20,58,3
22,68,3
19,57,4
23,74,5
21,62,6
21,55,6
21,65,5
18,56,4
21,80,6
21,59,5
20,60,3
21,59,5
20,56,5
23,76,5
19,59,4
21,61,6
23,71,6
21,62,6
21,62,5
21,61,5
21,63,4
21,62,7
21,72,6
21,53,4
21,57,7
19,57,5
19,56,5
21,69,4
21,63,4
21,60,5
21,62,5
21,62,5
21,67,6
21,64,4
21,52,5
19,59,4
21,77,4
20,61,3
19,49,5
19,60,5
22,69,3
21,62,5
19,67,4
21,81,5
16,49,3
21,63,4
19,56,5
21,72,3
19,61,5
20,62,4
21,64,3
23,93,4
19,53,5
19,53,5
21,57,4
21,65,5
21,52,4
19,57,2
23,74,4
20,67,5
23,65,5
23,73,4
19,62,5
20,56,1
19,56,2
21,62,5
19,52,6
18,54,3
21,63,4
19,49,7
19,58,6
21,63,4
21,70,4
21,72,5
21,62,5
21,61,6
20,63,3
23,70,4
21,61,3
23,69,4
21,66,4
21,65,4
23,73,5
21,65,5
21,63,5
19,55,2
21,56,4
21,65,5
21,63,6
19,53,3
21,70,4
21,62,4
21,62,5
19,59,4
19,59,5
19,59,4
23,70,6
21,60,5
19,53,5
21,60,5
21,65,4
21,66,3
19,56,5
21,56,6
21,67,5
19,60,4
19,51,4
21,56,8
21,67,5
21,51,7
21,58,5
21,58,8
21,66,4
21,67,4
21,65,5
21,65,7
19,59,8
21,62,5
21,57,5
20,58,2
19,54,4
19,58,7
19,56,5
19,56,5
23,78,4
21,62,6
21,71,4
20,64,4
23,76,6
21,59,5
21,59,5
23,77,5
19,53,4
21,63,5
20,63,4
23,73,5
21,61,6
21,61,6
21,58,5
21,67,4
21,70,5
21,63,5
23,72,5
21,66,5
18,57,5
21,65,5
19,53,4
23,78,4
19,62,6
23,80,5
19,51,4
21,64,6
19,59,8
23,72,5
21,65,5
21,62,7
23,84,4
23,75,7
21,67,5
19,60,5
19,57,4
21,63,5
20,58,4
23,72,6
21,70,5
21,57,7
19,56,5
19,55,5
21,65,5
23,81,5
21,64,5
19,53,5
19,55,3
21,65,5
21,64,4
21,62,4
23,88,8
19,57,4
18,56,4
21,64,5
21,64,3
19,55,2
23,80,7
18,52,3
19,53,4
19,54,5
21,63,5
21,63,7
23,91,4
19,51,5
19,48,5
20,60,3
21,63,5
23,90,3
19,47,5
20,62,3
21,75,6
18,45,4
21,58,6
21,79,6
21,56,6
23,162,8
19,54,4
19,60,6
21,64,8
23,94,5
19,54,5
21,59,5
19,53,4
23,75,7
23,75,5
23,71,5
21,65,6
20,60,2
20,53,2
21,59,5
20,49,3
18,55,3
22,65,2
23,72,8
22,60,3
23,74,4
23,70,4
22,72,6
23,66,8
21,69,5
23,77,3
23,61,4
23,68,3
21,64,2
23,63,7
23,60,3
23,61,4
23,79,1
23,72,1
20,64,4
23,74,4
19,73,5
23,85,9
21,62,5
21,61,6
21,63,6
19,55,6
18,60,6
22,63,5
19,69,9
19,65,10
21,65,5
21,57,3
19,55,3
21,65,6
21,67,4
20,62,4
23,91,10
21,81,9
23,75,4
23,89,8
21,80,9
23,85,9
21,80,7
19,69,8
21,55,3
17,56,6
19,80,8
20,58,2
19,72,7
17,54,5
19,53,6
23,73,3
23,75,4
23,80,11
22,81,9
22,86,8
21,55,4
22,80,9
22,59,4
21,86,10
21,69,9
22,65,7
16,67,11
19,57,2
19,55,3
21,82,10
21,67,9
22,72,7
19,62,7
21,58,4
20,56,4
19,58,6
18,54,4
21,71,3
22,76,7
23,73,1
19,53,4
23,78,5
20,54,1
23,64,6
19,59,4
19,61,5
19,56,5
21,69,7
23,67,2
23,61,6
19,61,5
21,66,6
19,58,5
19,67,4
21,60,6
23,72,6
23,73,6
21,62,3
23,65,5
23,72,3
22,66,5
23,74,4
19,54,3
19,55,2
19,61,3
23,68,2
21,67,6
19,53,5
20,63,7
22,68,4
23,64,5
20,66,4
21,62,7
21,62,6
22,71,6
20,56,4
20,60,4
19,55,3
21,67,3
21,62,2
19,58,3
23,78,4
22,86,7
21,68,6
19,57,4
23,77,4
23,83,3
18,48,3
23,90,6
19,57,3
23,82,2
22,74,6
18,53,3
23,74,3
23,74,5
21,69,4
21,77,4
19,53,4
19,50,3
21,71,4
19,55,5
19,53,4
18,54,2
19,56,5
19,56,6
19,62,4
22,67,3
19,56,4
23,76,2
21,51,4
19,55,3
21,64,4
19,53,5
21,64,4
21,64,5
19,58,5
23,60,6
19,62,5
17,51,3
17,58,4
21,67,5
19,53,4
19,51,4
23,85,4
21,68,6
23,68,5
19,56,4
21,72,8
19,52,4
19,52,4
19,50,4
18,55,3
21,62,4
19,61,6
21,74,4
19,64,6
21,69,6
21,63,5
19,48,5
21,69,7
21,64,4
21,63,2
23,86,5
19,57,6
20,59,4
21,66,4
19,53,5
19,59,3
20,66,2
21,66,3
23,66,5
21,61,3
21,66,3
21,62,2
23,71,5
22,64,6
21,71,7
21,83,9
21,82,9
19,66,8
19,65,8
22,73,3
21,65,4
19,62,4
22,68,4
21,70,6
19,52,7
21,69,4
20,62,3
23,71,8
20,65,8
20,67,8
23,72,8
23,75,4
21,63,5
19,52,4
21,54,5
19,59,6
23,65,5
21,63,3
20,61,4
22,66,5
20,65,6
21,58,6
20,65,5
18,48,4
18,54,3
18,56,5
23,97,6
18,52,3
20,70,7
21,64,0
23,79,3
21,61,6
19,56,6
17,53,3
21,72,5
19,55,3
20,64,3
21,64,4
21,64,5
21,66,4
23,75,4
19,53,7
21,75,5
19,56,5
21,72,4
19,59,3
19,53,6
20,63,3
19,55,3
19,53,4
19,57,2
21,78,4
19,54,4
21,65,11
17,46,5
19,55,4
19,59,3
17,65,7
20,62,4
21,87,5
19,51,4
23,71,1
20,58,2
23,80,6
23,72,5
21,58,5
22,69,5
21,55,5
20,61,3
20,67,4
19,48,7
19,63,5
21,63,4
19,51,4
19,55,3
19,53,4
21,66,3
19,50,4
19,56,4
21,71,4
19,54,8
19,54,6
21,65,6
23,67,9
22,59,4
21,62,8
22,60,6
22,66,3
23,91,8
23,77,5
22,79,6
19,58,4
22,66,2
23,84,9
21,82,8
22,79,10
23,85,10
22,84,10
20,73,10
23,90,9
21,75,10
23,86,9
23,87,9
23,80,11
21,78,9
22,58,4
21,76,8
18,67,8
21,63,10
23,71,10
21,62,10
21,59,9
22,67,8
22,73,8
19,59,7
21,72,7
21,69,8
21,70,8
22,66,7
21,68,7
21,71,3
21,63,8
22,68,9
21,67,7
22,70,4
22,67,10
21,66,9
22,70,9
21,69,9
21,73,8
20,62,7
21,72,8
21,69,9
21,71,3
20,62,7
21,74,7
20,67,7
23,71,7
20,65,7
21,67,10
23,70,10
21,65,8
23,76,10
22,61,3
21,66,8
23,76,9
22,75,6
23,80,4
23,76,8
21,68,7
23,73,4
22,71,6
21,76,8
21,74,6
20,58,6
21,64,8
21,64,8
21,61,10
22,70,9
21,66,9
20,58,8
22,73,5
23,82,9
23,75,9
22,80,6
23,77,4
23,70,10
21,61,9
20,57,6
19,57,8
21,66,10
22,73,5
22,73,5
22,66,8
21,66,6
23,77,5
23,70,9
21,67,8
22,71,3
23,72,9
23,71,10
21,67,8
20,58,5
22,62,7
23,65,7
23,61,6
21,69,11
23,69,10
19,58,5
20,57,6
20,59,6
20,58,5
20,62,7
22,64,4
22,73,6
22,68,7
22,56,7
22,61,8
22,61,6
21,108,8
22,64,4
21,68,7
22,81,2
22,67,4
23,74,3
19,56,3
21,79,4
18,51,3
21,70,7
23,87,6
21,57,8
21,72,5
23,67,6
23,67,2
21,65,4
19,59,5
23,67,2
21,63,5
21,66,4
23,56,6
21,72,4
22,68,6
22,64,6
23,80,8
21,66,5
21,71,4
19,62,7
22,67,6
20,63,5
21,71,5
19,65,8
20,63,5
23,74,8
19,59,5
22,60,6
22,64,7
22,56,7
22,56,7
22,63,5
22,63,5
22,66,7
22,56,7
22,64,7
21,59,6
21,58,6
23,63,4
21,59,3
23,84,5
18,57,3
21,65,6
23,61,7
19,58,4
22,73,5
19,55,2
20,55,4
20,63,4
21,57,3
21,64,3
17,50,3
19,65,6
21,73,6
21,69,5
22,78,2
21,70,4
23,110,8
23,112,9
20,67,5
23,68,6
21,62,4
21,76,9
21,80,7
23,82,3
20,60,7
20,62,8
20,62,7
23,75,4
23,71,10
21,66,7
21,65,4
23,68,5
23,72,11
23,70,1
21,70,4
19,52,4
22,56,6
21,56,2
22,78,10
23,89,9
21,63,10
21,60,9
21,65,9
21,61,9
20,62,7
21,67,3
19,62,8
22,73,7
23,82,6
22,70,2
23,67,10
20,65,7
23,65,7
23,75,4
22,58,9
22,63,6
21,68,10
23,66,8
19,59,4
22,62,6
21,57,3
20,70,5
22,69,6
20,62,8
22,70,8
19,59,7
21,73,6
23,75,9
22,79,8
23,71,13
23,74,10
21,71,8
21,69,7
21,73,8
23,71,9
21,68,8
23,70,4
19,57,4
20,59,7
21,56,6
22,82,10
20,76,9
20,76,8
22,75,7
21,65,3
19,58,4
22,84,8
21,80,9
21,80,7
18,69,9
22,77,8
20,74,9
22,73,3
23,82,10
23,80,10
22,71,3
20,71,8
21,74,9
23,89,10
22,86,7
21,54,4
21,74,10
19,73,9
23,81,9
22,75,8
22,76,8
21,54,7
20,46,5
21,76,4
22,68,10
22,67,9
22,68,9
22,62,10
23,72,10
22,70,9
20,63,7
22,66,1
22,71,9
23,74,11
22,67,9
22,67,9
22,71,8
23,75,10
22,74,8
22,60,8
23,68,9
22,66,8
22,57,7
23,65,9
23,71,3
22,68,9
23,67,9
22,61,8
23,65,10
22,65,8
21,68,3
22,71,7
23,75,10
22,72,9
22,73,3
23,65,9
23,71,4
23,70,8
21,67,5
23,74,8
21,59,7
23,69,8
21,77,5
20,53,4
23,78,10
21,74,8
23,63,7
20,68,2
23,84,5
22,69,3
23,77,8
22,69,8
22,72,8
21,74,8
22,74,7
23,81,5
22,77,7
23,76,7
23,88,9
22,66,10
21,65,8
22,61,9
23,72,10
22,68,11
22,69,10
23,71,10
22,75,9
22,79,6
22,71,3
22,72,9
20,69,7
22,70,4
22,77,6
22,69,3
22,79,6
20,66,2
23,72,7
22,67,9
22,71,9
23,90,7
23,78,3
23,84,7
23,71,9
22,77,8
22,68,8
21,77,6
22,69,8
21,65,8
22,69,10
21,65,9
22,69,11
21,65,9
23,76,7
21,66,9
21,68,9
22,73,8
23,71,8
23,77,4
21,63,9
22,69,10
21,63,9
22,69,11
23,78,10
22,61,8
22,77,9
23,69,9
21,65,6
23,80,9
20,67,7
20,66,6
21,66,2
23,71,4
22,73,9
22,69,10
22,72,9
22,71,9
22,70,8
22,74,9
22,70,11
22,69,11
23,74,10
21,57,3
23,79,10
22,77,5
23,82,5
20,69,6
23,72,9
20,59,8
22,71,9
22,67,8
22,80,7
22,68,2
22,67,8
22,71,9
22,66,10
21,61,10
21,62,7
22,61,9
23,93,7
20,68,2
21,59,8
22,64,10
20,57,9
19,57,5
23,79,5
22,69,3
20,65,6
23,71,7
23,84,3
23,69,8
22,69,9
23,82,4
22,66,8
22,69,9
21,61,8
22,61,9
21,66,8
23,76,4
21,63,8
22,68,8
22,69,7
21,65,8
21,66,10
21,74,4
22,66,7
20,66,5
23,79,6
21,69,3
22,63,10
22,68,8
21,65,10
23,71,9
21,64,9
23,71,10
22,65,7
22,61,8
22,69,7
22,61,10
21,64,8
23,72,9
22,71,9
23,73,9
22,68,7
23,72,9
22,71,9
23,73,8
22,68,7
22,65,8
23,78,3
23,74,7
20,63,7
19,55,4
23,63,5
21,69,4
23,71,6
23,73,4
20,60,3
23,62,6
18,60,6
21,63,5
23,63,8
21,56,6
23,73,6
21,54,7
21,61,5
20,63,3
21,51,7
20,61,4
23,72,4
21,55,7
21,55,7
21,71,5
20,58,4
23,73,4
22,62,7
21,60,7
21,60,7
20,54,6
22,61,7
19,59,3
23,65,7
22,66,9
21,56,8
20,61,7
21,58,7
20,50,8
20,49,8
23,66,7
20,57,6
20,51,7
20,49,5
22,62,7
23,76,6
23,66,8
23,74,8
23,62,9
20,56,6
20,59,7
21,61,7
23,59,8
22,63,6
22,60,7
21,59,6
21,65,8
21,58,8
20,65,7
21,64,8
21,63,8
23,62,9
23,62,8
23,65,6
23,71,5
23,56,9
22,63,7
22,55,7
21,65,6
22,69,7
21,60,4
23,79,6
23,71,6
23,64,8
22,66,7
21,73,7
21,60,5
23,57,8
23,55,7
23,63,7
23,65,6
23,67,6
23,69,7
23,51,7
22,56,7
21,68,5
23,66,5
23,82,6
23,63,6
23,67,6
22,65,7
21,61,6
22,55,8
22,69,6
21,70,5
21,70,5
21,55,9
21,74,6
21,57,5
22,90,5
21,74,5
21,67,8
21,57,8
23,51,5
23,64,9
23,68,5
23,66,6
23,72,6
23,69,6
22,61,8
23,63,6
23,74,9
19,62,7
21,57,6
21,59,3
23,65,5
23,59,6
23,94,5
19,50,6
19,65,8
21,69,6
20,60,4
21,70,6
19,61,5
21,59,5
21,62,4
21,71,6
21,75,4
21,62,5
21,66,7
23,59,6
21,71,4
19,56,4
23,70,5
20,61,4
21,63,5
19,63,5
23,66,4
18,56,3
19,63,5
20,58,4
19,51,4
18,50,5
20,61,4
23,68,6
20,63,4
20,62,4
23,91,5
18,56,4
23,94,4
20,59,4
22,65,0
20,60,3
22,63,5
23,55,6
23,64,4
20,58,4
21,56,6
23,70,6
23,72,6
22,71,6
21,64,4
23,73,6
23,65,7
19,56,5
19,53,4
21,61,6
21,56,7
20,54,4
22,67,5
20,60,5
19,58,5
18,55,3
16,55,8
18,54,3
18,55,4
19,53,5
22,67,5
21,64,7
21,67,6
23,67,8
22,72,4
18,57,3
23,56,6
19,53,4
23,55,7
23,67,5
22,73,6
18,58,5
20,60,3
22,70,4
20,59,5
21,68,6
20,65,5
20,58,5
21,79,5
21,66,5
21,65,5
20,63,4
21,63,5
19,50,4
23,64,4
19,53,4
20,63,4
23,67,6
22,69,6
23,68,5
23,65,7
21,52,8
21,60,6
23,69,9
22,65,9
21,60,4
19,56,2
22,70,8
21,56,4
19,54,3
23,62,8
23,61,8
23,71,9
23,70,9
23,71,9
21,62,8
21,68,8
23,75,4
21,63,8
21,62,8
20,62,4
21,63,9
21,62,8
21,71,10
21,63,9
21,69,8
21,70,5
19,60,3
21,65,5
21,65,6
21,65,7
21,68,6
21,66,6
21,72,6
21,66,5
20,63,6
23,74,7
21,64,6
21,68,6
21,67,5
23,73,7
19,59,5
21,65,7
21,74,6
21,72,6
21,63,5
21,65,5
22,73,6
21,60,6
22,66,6
22,73,7
22,72,6
21,72,5
21,65,6
21,62,6
21,62,8
21,59,8
21,59,8
21,64,9
21,71,8
21,63,8
23,73,1
20,53,5
23,63,4
19,55,4
23,70,6
23,63,5
22,93,6
23,80,5
22,63,4
23,72,4
19,61,2
19,53,7
23,72,7
21,68,3
21,66,4
21,63,5
23,62,4
23,69,5
18,52,4
21,60,3
23,67,3
23,64,3
18,49,2
23,68,7
20,62,5
21,62,5
22,70,4
20,64,5
23,72,5
23,91,5
23,57,7
21,63,6
23,84,5
22,72,2
19,63,5
23,67,3
21,63,3
22,64,4
23,72,2
23,69,0
23,75,7
23,70,5
21,63,4
23,69,4
21,61,3
21,65,4
20,61,4
21,57,4
21,61,5
21,65,5
23,83,5
21,70,4
21,56,3
21,57,6
21,64,5
21,53,7
21,61,5
19,61,4
23,91,5
21,78,6
21,61,4
21,57,5
21,76,4
21,62,5
21,61,5
21,59,5
21,62,5
23,71,5
22,64,3
21,64,5
21,70,5
22,64,3
21,65,2
19,53,4
21,61,6
21,63,4
21,59,5
21,60,4
21,70,5
20,63,5
23,76,6
21,59,4
23,71,6
21,62,5
21,63,5
21,59,3
20,64,3
21,74,5
21,65,3
19,56,3
21,58,7
21,76,5
19,57,3
23,71,4
21,65,6
21,57,6
19,65,5
21,60,5
23,82,5
21,60,6
21,60,5
21,72,7
21,65,3
21,64,5
21,66,5
21,56,6
21,65,6
21,63,6
23,72,4
19,56,5
21,62,6
21,63,4
21,65,5
21,65,4
21,64,4
21,65,4
19,42,5
19,55,5
21,56,7
21,65,5
23,82,5
21,56,7
21,57,5
23,86,5
21,57,5
19,53,5
23,88,4
21,59,6
23,71,6
23,67,4
21,62,6
21,63,6
21,61,5
23,79,7
21,58,5
23,80,5
19,57,3
21,57,5
21,57,5
22,70,3
22,72,4
21,83,7
20,66,3
19,48,6
19,59,7
21,69,5
21,70,4
21,62,5
19,58,6
21,62,6
23,70,6
21,58,5
20,61,4
18,56,4
23,76,5
23,66,5
19,57,4
21,66,3
20,63,3
19,70,8
18,58,5
21,64,3
21,57,5
23,71,10
20,61,4
17,53,8
17,64,8
20,51,5
23,75,5
19,55,7
18,49,5
22,63,0
23,97,7
18,55,3
22,64,3
19,52,7
20,57,6
20,59,4
19,58,5
23,76,7
23,70,6
23,69,5
21,57,5
23,69,8
23,89,8
23,89,9
21,82,9
17,53,5
21,62,4
23,73,2
18,55,3
18,50,3
16,46,2
20,56,3
21,64,3
23,74,4
17,59,5
21,71,8
17,54,3
17,46,5
22,80,2
22,80,2
22,71,7
22,71,7
23,83,9
17,48,3
17,52,5
21,70,5
22,54,5
20,68,3
23,89,7
19,59,6
18,70,9
23,73,2
21,68,6
23,71,4
23,60,9
21,61,9
18,49,6
19,51,8
17,50,5
22,63,5
18,49,6
18,50,7
19,49,8
21,60,4
18,56,5
23,69,2
17,53,4
23,57,6
23,73,5
23,60,6
23,65,5
19,65,6
23,67,4
23,65,5
19,62,3
18,52,5
23,75,3
23,66,7
23,67,8
23,70,7
18,55,3
20,60,3
23,73,6
19,63,5
19,60,4
19,59,5
22,82,5
22,72,3
21,64,3
19,57,5
21,70,5
19,57,5
19,51,6
21,72,4
19,53,5
19,55,2
19,53,5
21,76,5
19,52,7
19,60,6
19,53,7
19,53,7
20,54,5
18,51,7
18,60,5
23,75,6
23,72,2
20,76,7
22,82,8
23,74,2
20,51,7
19,55,7
18,44,6
20,54,8
18,49,7
18,50,5
17,53,6
20,59,5
19,59,6
21,55,5
21,59,8
20,53,7
21,62,4
18,60,4
18,55,5
19,49,5
21,70,5
19,66,4
21,71,5
19,56,5
21,72,6
20,54,3
17,44,4
19,59,5
21,75,6
19,49,7
19,54,7
20,58,8
18,47,7
17,52,6
20,54,7
21,53,6
19,49,9
20,56,5
17,51,6
19,52,7
19,56,7
19,56,8
19,58,5
20,56,8
20,59,7
18,53,7
19,54,7
23,75,6
20,59,6
18,57,5
21,65,4
23,93,4
23,67,2
18,52,6
18,53,6
23,68,1
19,58,5
22,64,3
19,55,7
18,50,5
20,59,7
20,60,6
20,61,6
21,66,6
20,58,7
21,64,7
21,57,6
19,59,4
21,63,7
20,50,7
20,48,7
21,64,7
22,83,9
23,86,10
22,77,8
22,71,2
19,72,8
22,80,8
22,79,12
23,85,9
22,79,8
22,75,7
20,65,7
20,59,3
21,61,10
22,70,8
22,77,6
21,71,3
23,75,4
23,75,8
21,71,3
21,61,9
21,65,8
18,50,6
19,53,6
22,69,6
19,53,7
18,56,9
22,64,9
21,63,5
18,47,6
22,59,5
19,57,8
22,68,6
21,62,6
19,51,7
19,59,5
19,55,7
21,66,7
19,60,6
19,59,7
19,51,8
21,61,5
21,60,8
21,59,8
20,56,8
21,47,7
22,55,7
19,47,7
19,53,7
18,50,6
21,55,7
21,63,7
20,56,7
19,53,7
22,62,7
21,63,7
21,62,6
19,54,7
19,57,5
22,60,7
23,65,7
21,61,6
21,67,5
21,61,5
23,71,7
19,59,3
21,70,5
19,62,4
19,60,6
21,67,5
23,70,6
23,67,6
19,59,4
21,65,5
21,67,5
21,62,4
18,56,6
23,66,6
21,64,4
19,60,5
20,60,5
22,64,7
22,56,7
22,64,7
21,60,4
22,70,4
23,72,5
19,49,5
22,73,3
22,68,4
19,57,7
19,58,4
21,59,8
20,55,9
22,69,5
20,63,3
22,69,3
19,51,7
19,56,8
18,50,6
19,60,4
19,48,7
19,55,7
17,51,5
19,53,7
20,59,8
20,58,7
18,48,5
20,62,7
21,69,5
22,57,7
20,59,7
20,61,6
22,60,6
21,62,6
20,48,7
20,68,6
18,55,7
20,56,8
19,58,5
20,59,7
19,58,6
18,54,7
18,53,6
19,53,6
20,54,7
21,74,7
19,60,6
19,48,7
20,59,6
20,52,8
20,56,8
19,57,7
21,61,6
19,51,8
20,60,7
19,49,7
23,84,6
23,96,4
21,69,7
22,72,7
18,56,6
18,50,2
21,56,6
18,60,5
21,60,5
18,54,7
21,57,6
21,64,6
18,48,5
20,59,4
19,48,7
19,47,7
20,45,7
20,49,8
21,53,7
18,47,5
18,53,7
20,59,6
21,57,7
19,56,9
19,58,6
21,53,7
20,52,6
19,53,7
18,50,7
23,87,11
20,55,7
20,50,7
20,54,7
20,63,7
21,62,7
18,60,5
19,55,7
19,57,4
20,57,6
18,50,6
18,47,5
20,52,7
20,59,6
20,60,6
19,55,6
20,54,7
19,53,7
19,62,6
20,57,6
18,50,5
21,62,5
19,51,9
20,56,7
19,53,5
19,59,6
22,61,6
19,63,4
21,64,8
19,62,4
21,74,8
21,69,9
21,82,7
21,81,9
21,62,7
21,58,7
22,70,7
19,55,7
18,53,7
21,66,0
19,57,7
19,55,6
19,51,6
20,59,7
20,57,7
21,58,8
19,51,5
21,66,8
21,56,6
23,71,2
21,63,2
21,52,8
21,61,5
21,57,8
21,57,7
19,53,8
20,51,8
19,55,7
20,60,5
20,56,7
19,49,6
20,50,7
20,52,7
21,47,7
19,57,6
23,73,8
21,59,7
19,51,6
21,57,7
21,71,5
21,57,7
20,59,5
19,59,7
18,53,6
19,50,8
21,63,6
21,66,6
21,62,7
20,49,7
22,59,5
19,54,5
19,50,7
20,60,6
22,69,7
19,55,7
19,59,4
21,52,8
19,59,4
19,50,7
20,54,9
22,60,6
19,58,5
20,59,5
20,57,8
20,51,8
20,59,5
21,59,6
19,53,6
21,58,6
20,58,6
22,64,6
19,50,7
19,53,7
19,61,6
19,62,3
22,68,6
19,61,4
20,48,7
21,60,7
21,64,7
20,64,6
19,64,5
18,52,4
19,54,6
21,63,7
20,54,7
21,71,6
20,54,5
19,61,5
22,64,4
23,84,9
23,70,1
20,53,6
20,59,6
20,51,7
18,55,7
22,61,7
21,55,7
21,59,8
19,57,3
21,64,8
19,49,8
19,63,4
18,53,6
18,61,6
20,59,4
22,64,6
22,68,7
19,55,7
21,60,8
20,56,8
21,63,7
21,61,6
21,59,7
21,63,6
23,67,7
21,52,8
23,68,6
19,58,7
21,63,5
20,49,8
22,62,8
22,53,7
19,56,7
23,70,1
21,58,8
22,65,6
19,52,7
22,61,7
22,62,5
20,61,6
19,53,7
21,62,7
19,60,5
21,47,7
20,56,8
19,55,7
20,59,6
20,57,8
23,70,2
19,50,3
19,58,5
20,60,5
19,54,6
21,71,6
21,53,7
21,62,6
20,53,7
22,60,4
20,62,1
21,63,6
21,57,7
23,67,7
20,59,7
19,53,7
22,71,6
21,64,0
21,57,8
22,59,7
20,56,8
19,53,8
21,60,8
20,56,9
20,59,9
20,59,6
19,63,7
19,53,7
19,59,8
21,60,8
19,64,7
20,56,1
19,60,7
21,66,7
20,57,7
20,60,2
23,69,3
19,61,2
22,86,7
22,73,5
22,87,6
19,57,6
16,59,4
22,73,4
19,56,6
21,80,10
22,76,8
23,93,9
23,91,7
22,78,10
20,73,10
20,73,10
21,78,9
23,82,8
21,71,3
23,86,8
22,64,9
23,71,10
21,63,9
22,69,11
22,68,9
22,69,9
23,71,10
22,73,9
23,70,8
22,70,3
23,78,8
22,80,8
22,82,8
21,67,7
23,71,9
22,64,10
23,71,10
22,70,9
23,71,9
22,64,10
23,71,11
22,70,9
23,80,5
22,70,9
23,69,10
22,65,10
22,70,7
22,70,10
23,80,5
23,76,7
20,64,7
22,68,7
22,77,8
22,64,7
21,66,4
23,79,8
23,68,8
20,58,7
23,67,9
22,65,10
21,56,8
22,65,7
22,66,7
22,62,10
22,66,7
22,62,10
23,73,7
23,74,9
22,69,10
22,72,7
19,64,6
23,74,9
22,69,9
22,72,7
19,63,6
23,69,8
23,69,8
22,65,8
22,65,10
23,70,7
22,68,8
22,65,9
22,65,10
23,71,7
22,76,7
23,76,8
20,65,8
22,69,9
21,61,8
22,61,9
21,66,10
22,69,8
22,66,8
20,61,8
22,69,9
22,68,7
22,75,7
22,76,7
21,67,8
22,66,10
23,73,7
20,66,7
22,71,6
22,66,9
22,65,7
22,65,8
22,68,8
23,78,4
22,64,7
21,65,9
22,70,9
23,73,10
23,69,10
23,68,8
19,58,5
23,81,7
20,66,3
19,56,4
20,60,4
20,59,2
19,54,3
23,67,7
23,73,5
21,61,6
23,72,5
21,67,6
21,65,6
22,62,10
22,62,8
20,58,8
20,57,6
20,59,7
23,66,2
22,62,6
20,57,6
20,58,8
22,65,8
22,64,9
23,63,7
23,63,7
22,60,6
21,62,8
20,59,7
22,67,5
20,59,8
22,68,5
20,57,7
20,56,7
22,69,7
20,59,8
20,57,8
22,68,5
22,64,6
23,70,6
20,58,8
22,61,7
19,51,2
20,53,6
20,54,7
21,57,8
21,57,4
22,67,7
19,59,5
23,70,2
21,62,6
20,59,8
21,57,4
21,66,0
22,64,9
23,64,5
20,54,6
21,61,6
21,61,8
22,62,8
20,54,5
20,55,7
19,56,8
22,69,5
22,67,8
20,57,9
23,70,6
21,61,5
21,64,0
20,59,6
22,52,8
22,61,9
20,60,7
20,62,7
22,63,7
19,50,3
22,60,7
22,64,7
20,56,8
19,55,9
23,60,9
23,61,8
22,66,7
23,73,6
23,66,7
23,69,6
23,69,6
20,55,7
22,70,6
21,68,6
22,71,7
21,62,4
21,52,8
20,50,6
23,65,8
19,60,7
22,57,9
23,69,6
21,65,6
23,71,6
21,52,9
20,50,6
22,62,8
23,73,6
20,53,7
23,72,6
23,64,7
21,72,7
23,71,7
23,66,8
23,64,6
20,52,7
20,55,5
22,73,7
21,54,8
21,68,6
23,64,7
22,71,5
21,73,7
20,74,2
21,53,8
20,51,6
21,59,7
20,51,8
21,59,6
22,65,6
21,54,8
23,67,6
23,66,5
23,79,8
23,76,7
21,64,8
20,64,7
23,72,6
22,55,7
23,57,7
21,65,6
23,55,7
22,55,8
23,70,7
21,57,4
23,57,9
23,72,5
23,64,5
22,70,6
22,69,5
21,62,6
19,65,6
20,56,5
23,74,7
23,68,7
19,55,3
23,58,6
23,66,4
23,64,5
19,58,5
22,69,4
21,67,4
23,71,7
21,63,5
23,68,6
19,61,5
21,66,5
21,62,6
20,60,5
23,69,6
20,60,4
20,61,4
21,63,4
23,73,5
20,60,4
21,65,5
19,58,4
20,64,5
23,73,5
23,83,6
20,66,5
21,74,5
19,53,4
21,57,5
23,70,6
23,51,4
21,55,5
21,66,4
20,58,3
23,74,6
20,65,6
20,56,4
21,66,5
21,65,4
22,66,4
22,66,4
23,69,6
23,69,8
21,60,5
21,59,6
20,57,8
21,62,5
22,66,8
21,59,5
21,64,5
23,80,6
21,66,3
23,80,7
19,62,6
18,52,3
21,67,5
23,71,5
22,68,9
23,71,10
23,70,8
21,69,9
22,73,4
21,66,6
21,70,6
20,63,6
21,68,7
21,57,5
21,60,5
21,61,5
21,59,4
21,66,5
21,68,4
21,63,6
21,66,5
22,72,6
20,58,2
21,67,6
21,68,6
20,63,5
21,70,5
21,62,6
21,66,8
21,63,5
21,65,5
22,73,7
19,59,4
21,62,5
21,63,8
21,63,4
20,52,3
20,52,3
21,57,4
23,62,5
22,70,4
23,60,4
21,66,6
23,73,6
21,62,3
20,64,5
19,50,6
19,55,3
22,73,4
22,57,2
23,73,7
23,78,4
21,60,5
21,69,6
21,59,7
21,63,6
21,64,3
19,56,4
19,52,5
22,74,5
21,63,4
21,59,4
21,63,3
21,60,3
21,65,7
23,80,6
20,62,4
23,75,5
21,60,8
23,75,7
21,57,5
23,80,7
21,56,4
19,54,1
19,64,5
21,65,4
21,61,5
21,61,5
21,66,4
21,61,5
21,57,5
21,66,6
19,55,4
19,51,5
21,65,5
19,54,5
23,83,4
23,77,7
21,61,6
21,63,6
21,65,3
21,63,5
23,71,6
22,73,5
21,65,6
19,53,3
21,66,4
21,74,5
19,55,3
19,53,3
22,73,5
21,65,6
19,51,5
19,57,6
18,57,5
21,65,4
21,58,5
19,56,5
21,62,6
21,65,3
21,64,4
21,62,6
21,66,6
21,55,6
19,60,4
21,70,5
19,56,4
21,60,6
21,62,5
21,66,6
23,74,6
21,54,4
19,57,4
21,61,6
21,59,6
21,55,5
21,61,6
23,78,5
21,70,5
21,61,3
23,71,4
21,63,5
23,90,3
21,61,6
21,62,5
21,64,7
23,80,5
19,55,3
21,57,5
21,68,4
23,91,6
21,60,6
23,73,4
21,61,5
23,74,5
21,62,4
23,76,5
22,72,7
20,52,5
21,66,4
18,48,4
23,75,4
23,66,7
23,66,4
18,69,7
21,64,4
23,69,6
22,68,4
23,67,3
20,61,5
18,54,3
19,62,6
19,59,6
19,60,5
19,59,4
23,73,4
19,55,6
19,54,6
21,71,5
19,60,5
21,84,7
23,74,6
19,58,5
19,56,4
22,67,7
23,84,4
21,68,5
19,48,4
21,67,5
20,71,4
23,100,6
23,71,6
19,64,4
19,62,6
23,70,1
23,95,6
19,61,3
21,62,6
23,80,4
20,54,5
23,71,3
20,73,8
23,68,9
21,63,8
21,68,7
21,69,7
23,69,9
22,72,7
20,60,4
19,55,6
20,57,8
20,59,5
20,52,8
20,60,6
20,53,8
22,62,7
20,52,4
20,59,8
20,59,6
19,59,5
19,57,4
23,64,6
20,57,7
21,59,7
20,59,6
20,59,5
21,61,8
21,57,6
21,57,6
19,56,7
22,60,7
20,53,8
22,56,6
21,65,5
20,54,9
22,69,7
23,70,6
22,63,6
22,63,5
21,64,5
22,63,6
23,93,5
21,63,4
23,87,6
21,71,6
21,72,5
23,65,6
19,53,3
19,53,3
22,67,6
21,64,5
22,65,9
21,60,5
22,63,7
19,62,6
21,65,6
21,53,1
21,53,1
22,48,4
22,58,2
20,67,4
21,62,7
21,61,6
20,54,8
19,63,4
21,55,3
20,50,5
22,59,3
23,75,5
23,66,4
20,58,2
21,80,8
20,75,8
20,57,7
21,54,9
21,62,7
23,68,6
21,59,7
21,62,6
21,60,8
22,65,7
22,63,6
21,57,7
21,61,9
21,57,8
20,57,7
21,64,7
21,62,6
19,50,4
22,70,7
20,50,6
23,67,7
18,54,6
21,55,7
17,51,6
23,81,8
19,73,9
21,78,4
21,71,6
19,58,4
19,57,3
18,53,2
23,66,7
21,66,5
19,66,6
23,61,4
21,69,4
21,71,5
19,54,4
23,73,2
23,67,8
20,59,3
23,61,3
22,60,4
22,60,4
20,71,7
22,63,10
22,62,8
22,64,10
23,74,8
23,74,11
22,70,9
23,75,3
20,61,2
23,71,7
23,77,3
21,63,8
22,69,9
22,68,7
23,71,9
22,67,7
22,70,10
22,71,9
22,75,8
23,70,9
22,70,10
22,68,8
22,73,9
23,61,5
23,70,6
21,51,9
21,57,6
21,75,5
19,55,3
23,64,6
21,68,6
21,69,6
21,70,6
21,62,6
23,64,7
22,65,7
23,73,8
22,69,6
22,64,6
20,59,5
20,59,6
22,59,4
23,68,7
22,61,9
22,61,6
20,60,6
20,61,7
22,55,7
22,55,8
20,56,7
20,56,9
21,56,8
20,61,7
21,53,9
20,56,7
20,53,8
23,67,8
22,64,8
19,63,7
20,61,6
21,53,8
21,53,9
22,65,8
22,59,4
22,62,6
23,60,8
20,61,5
21,63,7
21,60,8
23,61,8
23,66,6
23,56,8
23,68,6
23,61,8
23,72,6
23,83,6
21,67,8
23,55,9
19,59,3
22,64,7
23,57,8
23,66,6
23,77,7
23,68,6
23,55,8
23,70,6
20,59,7
20,57,6
20,53,7
20,63,3
23,57,5
23,55,6
23,71,7
20,60,4
23,61,6
20,63,5
19,58,6
23,71,5
21,68,6
21,60,8
21,65,6
23,72,6
22,84,5
23,93,5
23,63,5
19,63,8
23,57,5
20,62,6
23,55,6
20,58,5
19,53,4
23,72,4
23,71,5
21,61,5
20,65,5
23,58,7
22,69,6
23,68,5
23,67,6
23,74,6
21,58,6
20,49,4
21,71,6
20,54,5
20,52,4
21,62,6
21,66,8
21,61,4
22,65,10
21,66,5
21,62,4
23,62,4
19,53,3
20,60,5
22,64,7
21,60,5
21,56,4
19,54,3
21,62,6
21,61,4
20,63,6
21,65,5
20,60,2
19,62,6
19,63,4
21,61,10
23,69,8
21,58,6
21,65,6
21,66,6
21,62,5
21,61,6
21,65,6
21,65,6
21,65,7
22,76,6
21,58,5
21,66,6
22,72,6
22,69,6
22,67,7
23,72,7
22,68,7
22,76,7
21,65,6
21,65,5
22,58,2
22,58,2
20,60,9
23,69,2
22,72,6
19,53,4
21,69,5
18,52,4
21,56,6
21,74,6
21,59,7
21,65,5
23,67,2
21,60,6
23,75,5
21,62,5
23,80,4
21,62,4
21,64,6
22,65,4
21,62,6
21,57,5
21,67,6
21,75,4
20,57,5
21,57,5
21,60,6
21,60,6
23,83,5
21,65,6
21,62,4
21,62,4
21,74,5
19,56,4
19,53,3
21,62,3
21,56,6
21,59,6
21,59,5
21,62,6
21,66,5
21,57,6
21,62,5
23,79,5
21,64,6
21,74,4
23,74,3
23,89,5
21,64,5
21,68,4
20,62,3
21,65,6
21,62,6
23,76,3
21,65,4
21,63,3
23,89,6
19,51,5
21,60,7
23,84,5
21,65,5
21,65,5
22,79,3
20,52,8
21,66,7
20,62,2
21,73,7
19,65,7
19,61,5
21,64,6
19,55,3
20,55,3
21,75,5
23,66,3
19,62,5
22,64,3
19,58,4
19,51,4
21,57,5
22,63,1
23,73,3
21,64,4
20,60,4
21,71,4
23,70,1
21,83,10
20,59,7
21,60,7
21,60,7
23,68,6
22,63,7
21,80,7
21,56,9
20,53,5
19,60,5
21,56,8
22,68,7
22,60,6
20,57,6
20,58,7
20,63,7
23,74,6
19,53,6
23,98,8
19,61,7
19,55,4
23,62,6
21,52,5
21,63,5
23,74,9
21,47,7
23,79,7
20,52,4
21,65,6
22,73,8
22,60,7
21,57,6
21,58,3
21,55,4
21,56,4
21,69,8
18,50,4
21,57,5
18,50,5
20,58,5
19,59,4
21,64,7
19,62,5
21,56,6
21,56,2
21,55,4
21,67,6
23,77,9
22,66,7
21,62,7
22,70,9
20,57,9
22,70,7
23,79,5
21,70,6
21,71,6
21,70,5
21,65,7
21,63,6
21,64,7
21,62,7
21,56,10
20,58,8
19,57,7
23,70,2
20,60,3
19,62,4
22,64,6
21,53,7
20,58,7
20,53,9
21,61,6
19,54,3
22,59,4
22,67,8
22,59,4
20,59,6
23,60,7
22,62,7
19,61,6
23,74,8
22,71,4
22,74,5
20,63,4
19,63,3
21,57,5
20,63,4
20,56,3
20,62,5
20,54,4
21,65,5
20,58,4
23,66,4
22,67,5
21,60,5
20,49,4
21,71,6
20,52,4
22,58,7
21,60,5
21,65,6
21,63,5
22,78,6
21,60,4
21,65,5
21,65,5
22,71,5
21,65,5
21,61,5
21,66,5
23,69,6
21,70,5
22,70,6
22,66,5
21,58,4
20,56,6
23,68,10
22,68,1
23,59,5
21,66,6
20,60,4
21,62,3
21,57,6
21,62,6
19,55,4
19,49,7
19,56,5
18,57,4
23,76,6
21,61,6
21,60,5
19,50,4
21,63,5
21,57,6
21,63,5
21,63,5
21,62,5
23,76,6
19,52,4
21,58,5
21,62,3
23,87,5
23,67,5
22,63,3
21,64,5
23,84,5
23,92,4
21,65,5
23,72,4
20,65,7
20,59,1
21,65,6
21,72,7
21,70,3
19,50,5
22,67,10
21,66,7
22,70,4
22,69,5
20,58,5
23,71,4
23,69,3
19,65,5
21,79,5
21,70,6
23,68,6
23,67,5
21,53,8
23,80,7
20,52,4
21,55,5
23,68,3
21,56,2
23,70,3
21,61,3
23,68,1
22,69,5
20,52,4
21,56,5
21,56,2
21,72,5
22,64,5
21,67,6
20,56,7
22,64,8
22,65,7
21,59,7
23,69,6
19,53,4
21,64,6
21,57,5
19,53,4
19,51,4
20,50,4
18,48,3
17,62,8
22,65,6
22,65,6
21,65,5
22,71,7
22,66,6
23,65,7
21,64,4
21,70,5
22,70,6
22,59,5
21,56,2
21,69,6
20,62,5
23,67,5
19,60,2
21,64,4
20,69,5
23,70,3
21,59,3
21,68,5
21,63,6
21,59,4
23,73,5
21,63,5
19,59,4
23,79,3
21,65,4
19,50,5
21,57,5
19,62,6
19,60,5
20,52,4
22,67,3
21,62,4
23,87,9
23,78,4
20,55,3
20,58,3
19,55,3
22,65,5
22,65,5
19,56,4
23,62,7
21,57,5
19,56,3
19,59,4
19,64,3
21,56,2
20,57,3
20,60,2
23,71,6
21,70,6
21,60,7
21,62,6
23,67,7
21,65,5
23,62,6
20,67,3
22,59,7
22,69,5
21,65,5
23,63,2
21,54,6
21,67,2
20,58,2
21,61,5
23,69,3
19,54,3
21,62,4
21,62,5
21,64,6
23,84,6
23,78,6
23,72,7
23,70,5
21,67,4
22,58,4
23,71,3
21,65,5
22,62,7
21,63,5
21,58,6
22,53,5
21,67,4
21,67,5
22,58,6
20,64,5
21,65,6
23,64,5
21,70,4
21,57,6
22,63,6
23,65,6
21,65,6
23,68,6
23,76,7
23,78,8
20,71,11
22,84,10
22,54,2
23,86,8
23,79,7
23,81,8
23,73,4
23,86,10
22,80,10
21,55,5
23,79,10
23,95,9
23,81,3
23,88,10
21,79,8
21,73,9
22,78,9
19,72,8
20,76,8
23,81,5
19,72,8
20,76,7
21,75,9
21,76,10
22,80,8
22,79,10
21,74,9
23,91,9
22,78,10
23,85,10
20,49,6
21,74,10
23,80,10
20,78,7
20,73,6
23,72,4
22,71,5
19,73,9
21,78,9
19,73,9
20,73,9
21,76,10
21,76,10
22,88,7
23,81,6
23,81,11
22,88,7
22,70,4
22,77,8
23,93,9
23,90,9
22,81,8
19,73,10
23,84,12
22,79,11
20,71,8
20,67,3
22,85,8
23,85,10
22,77,9
19,70,8
23,87,10
21,77,10
23,82,10
23,82,10
20,73,8
22,86,9
23,77,9
22,74,9
21,81,9
23,76,9
23,86,8
23,57,7
22,83,7
22,85,8
19,70,9
22,57,4
23,84,10
23,84,10
21,81,8
23,74,3
22,76,9
23,87,9
23,86,8
19,70,9
23,89,8
22,86,8
21,76,10
21,73,8
22,80,10
23,86,10
23,80,10
23,96,8
22,86,7
23,80,9
22,82,11
21,78,9
23,69,1
23,83,8
21,70,10
22,67,9
23,70,9
21,60,10
22,66,7
23,74,8
23,66,9
23,72,13
23,69,8
23,69,8
21,68,7
22,68,3
22,66,10
21,64,10
23,73,8
22,65,7
22,71,8
21,67,2
23,71,9
23,70,10
23,69,9
23,71,3
22,64,9
22,71,8
23,71,7
23,67,8
23,77,7
23,67,9
23,71,9
22,80,6
22,66,8
23,85,6
23,67,10
23,76,10
23,65,7
23,66,10
23,72,10
21,70,3
23,74,10
23,70,8
22,72,9
23,72,8
23,76,4
23,69,8
23,64,10
22,74,6
23,74,8
23,81,6
21,74,5
23,81,2
20,55,3
23,72,8
22,75,5
22,66,7
23,70,9
22,58,4
23,79,6
22,68,8
23,79,9
23,77,9
23,59,6
23,60,6
23,72,8
23,77,6
22,68,2
23,66,8
22,67,2
23,66,8
22,67,2
23,76,9
20,57,8
23,77,8
23,77,9
23,83,7
22,68,3
23,83,7
22,68,2
23,86,6
22,69,3
21,65,9
23,89,8
23,79,9
22,69,2
23,79,9
22,68,2
23,71,7
22,69,8
23,71,9
23,71,9
23,63,9
23,63,9
21,72,7
22,69,3
23,72,9
22,68,6
22,71,7
23,73,9
22,77,6
23,86,6
23,86,7
23,92,6
23,80,4
22,79,6
23,73,10
23,73,8
22,70,8
23,73,9
22,79,7
22,71,8
22,71,3
22,68,2
22,66,3
22,68,3
23,82,8
22,71,2
23,82,9
23,69,3
23,86,7
23,86,8
22,68,1
23,74,7
22,79,7
22,79,8
22,70,9
21,74,8
22,68,3
22,79,7
22,68,7
20,62,7
23,69,8
22,66,1
19,61,8
20,62,3
23,71,8
19,61,8
21,68,7
20,61,3
23,77,7
23,83,7
21,65,7
22,68,3
22,65,2
23,63,7
21,67,8
22,69,3
22,67,3
21,70,9
23,69,4
21,65,6
21,82,7
19,59,7
23,72,6
22,71,3
23,86,7
23,91,6
19,61,8
20,69,4
22,68,2
23,73,9
22,83,7
21,71,3
20,62,7
22,75,7
20,67,7
22,62,7
20,61,2
21,72,7
21,74,8
22,66,2
23,79,7
23,79,8
23,84,8
22,79,6
23,87,8
22,69,4
22,68,3
20,64,2
23,83,7
20,67,8
21,71,9
22,72,2
21,71,4
22,71,6
23,77,9
21,65,9
23,73,3
23,82,8
22,68,1
23,89,8
22,70,1
22,62,7
22,65,9
22,64,7
22,71,7
22,65,9
23,67,10
23,70,13
23,67,10
23,70,10
22,71,8
22,79,7
23,75,3
23,70,13
22,64,8
23,75,12
22,68,8
23,65,8
23,65,8
22,76,7
23,70,9
23,70,9
23,76,6
22,70,9
23,76,6
22,70,9
22,76,5
23,70,9
23,70,9
22,67,8
23,70,10
22,67,8
23,70,8
23,75,11
23,75,8
23,65,10
23,76,7
23,76,7
23,69,9
23,70,11
22,66,9
23,70,10
22,66,8
22,70,8
22,67,9
22,70,8
19,57,6
21,63,9
21,68,3
22,67,8
22,70,7
19,57,6
21,73,5
22,68,2
23,88,8
22,71,3
22,77,7
21,73,3
22,72,9
22,71,3
22,68,7
22,68,7
21,69,8
22,76,8
21,68,8
22,79,7
22,74,6
22,68,7
22,79,8
21,68,6
22,65,7
19,57,2
23,65,10
22,70,7
22,79,6
22,74,8
23,70,9
22,69,8
23,69,9
23,70,9
22,73,8
23,70,9
22,71,7
23,69,9
23,70,9
22,69,8
22,70,1
20,65,2
23,75,10
22,79,8
22,79,9
23,82,9
22,71,3
22,66,2
22,69,1
19,68,4
23,68,8
23,72,3
23,74,10
23,73,9
23,71,11
21,54,3
21,68,10
21,66,10
21,68,9
21,69,10
23,83,8
22,66,3
23,78,9
23,74,8
22,70,8
23,81,6
22,65,9
23,71,11
22,67,8
23,86,8
23,74,9
22,70,8
21,66,7
23,72,8
22,65,8
21,68,8
23,71,8
22,65,8
23,74,9
22,70,8
21,66,7
23,74,9
22,69,10
23,73,10
21,66,9
23,73,10
23,71,11
22,70,11
21,69,10
21,54,3
23,71,10
21,54,3
23,69,4
22,72,3
23,80,8
23,80,9
23,85,6
22,68,2
23,88,9
22,71,3
23,82,6
23,75,10
21,71,3
20,60,7
21,65,8
23,78,5
22,76,6
22,71,3
23,78,8
23,83,5
23,64,7
22,76,6
21,72,3
22,77,6
23,80,4
22,67,8
22,77,8
23,81,4
22,69,8
23,72,12
21,63,9
23,72,11
22,70,8
22,70,8
22,68,7
23,82,6
23,70,9
22,79,9
22,75,6
22,77,9
22,80,6
21,68,3
22,62,7
23,82,8
22,71,7
23,75,8
22,68,7
23,73,8
23,73,10
22,68,8
22,66,7
23,73,9
22,70,8
19,60,7
22,70,8
23,72,9
19,60,7
22,70,8
23,70,10
22,70,9
20,65,7
21,69,8
20,65,7
21,68,9
22,64,9
22,64,9
23,70,9
22,66,7
21,65,8
21,64,9
23,71,9
20,71,6
22,68,7
20,67,7
21,72,7
23,69,10
21,64,8
21,60,7
22,76,7
22,75,8
23,80,7
22,79,8
23,72,11
19,58,6
20,60,8
23,72,12
19,58,6
20,60,8
21,67,8
21,65,8
21,67,8
22,64,9
22,64,9
22,70,9
22,65,9
23,75,9
23,71,3
23,73,8
23,80,9
20,67,7
23,77,4
23,78,8
23,86,7
23,75,3
23,75,3
22,60,3
21,68,9
22,71,10
23,64,5
23,69,11
22,69,10
23,72,11
22,70,7
23,69,9
22,70,9
22,61,3
22,72,10
23,69,11
22,71,2
22,66,8
22,71,4
21,68,7
21,65,9
20,67,2
23,80,10
23,76,8
22,68,3
22,73,8
21,73,6
21,71,3
23,84,8
20,65,1
21,71,3
23,76,9
21,71,7
23,69,10
22,69,3
20,66,2
22,66,8
19,65,3
22,71,3
22,70,10
22,68,9
21,67,8
23,65,9
21,67,8
22,70,10
22,68,9
21,67,8
22,69,3
22,61,8
23,74,9
22,70,10
23,65,9
22,69,7
23,77,7
20,68,2
23,70,8
23,75,6
22,63,7
21,67,8
21,66,9
21,67,8
23,72,8
21,68,9
21,68,9
23,83,7
21,67,7
22,66,2
23,72,9
21,63,7
23,79,9
22,68,9
23,72,9
21,63,8
23,72,10
20,60,8
23,79,9
22,68,9
23,72,9
22,65,8
22,65,8
23,69,11
20,60,8
22,72,3
20,59,7
22,73,3
23,65,10
22,67,7
22,68,1
22,57,7
21,59,9
22,67,8
21,61,8
23,69,10
21,61,8
23,69,8
22,70,8
22,70,10
22,56,6
23,81,5
22,65,7
22,63,9
22,70,8
22,70,10
19,65,3
21,61,8
22,69,8
23,71,10
23,68,9
22,69,8
23,71,10
22,68,9
23,71,7
22,64,7
23,69,7
23,71,8
23,69,9
23,71,9
23,76,8
22,71,1
23,73,6
23,67,10
20,65,7
23,73,6
23,67,10
20,65,6
22,64,7
23,70,6
23,67,10
23,67,10
23,71,9
23,70,6
23,67,10
22,74,7
22,70,7
23,76,9
22,76,6
22,68,8
21,65,8
22,68,11
21,65,9
23,71,9
22,68,9
23,86,7
21,69,8
23,74,12
23,63,10
21,67,8
21,62,8
22,62,7
23,71,8
23,72,10
21,69,8
23,70,9
21,68,7
21,62,8
23,71,9
21,67,8
23,71,9
23,79,8
21,68,9
23,75,9
21,68,9
23,75,9
23,73,8
23,69,11
23,65,9
23,71,9
23,71,7
22,69,9
20,65,6
23,71,8
22,68,8
22,68,8
23,71,11
19,58,6
23,71,10
22,69,9
23,75,8
23,68,10
23,71,9
23,79,9
22,65,8
19,57,5
23,71,9
21,63,9
22,65,8
19,57,5
22,68,8
23,79,9
23,71,8
22,73,2
20,66,2
22,67,8
22,68,9
23,77,5
22,67,9
22,66,7
23,70,7
23,78,3
22,63,7
23,75,9
23,85,3
23,75,8
23,84,5
23,79,3
23,79,3
23,72,11
20,60,6
22,68,9
21,63,8
23,71,9
23,73,9
23,72,9
23,80,7
22,65,7
23,80,8
23,73,9
23,80,7
22,65,7
23,80,8
23,71,3
22,65,7
23,73,9
22,66,8
21,68,8
23,65,10
23,81,5
23,71,10
21,67,8
21,67,8
23,68,10
23,70,12
23,69,9
22,68,9
23,73,9
23,80,9
23,80,8
23,77,4
21,69,3
21,65,8
23,78,7
23,78,3
23,76,4
22,65,8
21,60,8
23,65,8
20,52,4
21,56,5
20,51,8
22,67,8
21,60,8
21,58,8
22,63,7
21,65,9
21,57,6
22,66,7
22,63,7
21,65,8
20,57,6
21,63,6
19,57,5
22,63,8
21,66,5
21,66,6
21,59,7
21,57,6
22,64,7
22,60,7
21,55,9
23,60,9
22,65,7
23,70,7
21,58,6
21,64,6
23,63,9
21,58,8
21,59,8
22,63,8
20,53,4
21,65,7
23,62,9
21,55,9
20,60,7
21,59,6
23,62,7
23,65,9
21,60,5
21,60,5
21,60,6
23,63,7
23,66,8
23,65,7
23,64,8
23,72,7
21,58,6
21,66,5
21,57,7
23,69,6
23,69,6
21,59,8
21,60,5
21,60,6
22,58,8
23,61,7
21,62,6
21,62,6
22,61,8
23,62,8
23,64,8
21,57,8
23,63,7
23,63,8
22,60,9
21,66,4
21,57,7
21,62,7
23,69,6
21,59,7
21,59,8
22,61,9
23,63,8
22,68,4
22,65,6
21,63,8
20,57,8
19,56,8
22,68,6
20,57,8
21,61,8
22,64,6
19,54,7
23,66,5
22,62,6
20,56,8
21,62,5
21,61,7
21,56,7
23,67,7
22,62,6
21,59,6
23,66,7
23,70,6
23,68,5
21,60,7
23,69,6
23,62,5
21,61,5
21,65,7
21,56,6
22,59,9
21,59,7
21,61,6
20,55,5
21,61,6
22,57,8
21,62,6
20,56,6
21,60,5
21,60,7
23,70,8
23,67,7
21,60,5
20,60,9
23,66,8
23,66,6
23,70,6
23,69,6
21,59,6
21,59,6
20,57,6
21,62,6
23,74,7
21,60,9
23,68,5
21,63,7
23,66,9
22,61,8
20,52,3
22,61,7
20,53,4
22,65,8
20,52,8
20,58,8
20,57,6
22,70,7
23,64,7
23,63,6
23,63,8
21,63,6
21,64,7
20,61,6
21,59,8
21,62,5
22,61,8
21,58,7
22,63,7
23,64,8
23,60,7
21,56,6
22,58,8
23,64,8
23,59,8
22,57,8
21,58,7
23,66,8
23,65,8
21,57,7
23,65,8
21,57,8
22,65,8
21,55,8
21,59,6
22,59,7
21,60,6
22,58,7
21,55,8
22,60,7
22,62,6
23,64,10
21,67,7
23,60,7
21,61,7
21,52,9
20,60,7
21,61,9
20,61,6
22,66,5
22,64,6
22,63,7
21,61,6
23,64,8
23,65,6
23,66,8
21,61,5
21,57,7
21,57,7
22,65,7
20,60,6
23,68,7
19,63,7
23,69,6
21,55,6
23,71,6
21,57,6
21,64,6
23,61,8
23,63,7
21,57,8
21,53,8
23,70,5
21,60,7
23,68,6
21,62,6
21,61,6
21,64,5
23,71,6
23,65,8
21,61,5
23,71,6
23,64,8
23,62,8
22,57,8
21,59,7
21,57,9
21,57,7
22,61,8
23,69,6
21,62,5
23,65,7
23,63,7
21,55,6
22,75,6
22,62,7
22,58,8
22,65,7
21,55,6
22,62,8
21,67,6
23,66,9
21,60,6
21,64,6
22,67,5
23,69,6
21,58,7
22,62,7
23,69,6
21,55,7
23,70,6
21,71,4
23,64,6
21,73,6
21,74,6
23,77,6
21,67,6
19,63,6
21,55,6
22,67,7
23,60,8
23,65,7
23,69,5
23,61,6
21,61,7
20,63,5
21,63,7
23,59,8
23,68,5
23,69,6
23,66,6
23,66,7
23,71,6
21,60,8
21,70,4
23,66,6
21,80,6
23,78,6
21,65,6
19,65,6
23,65,6
21,83,5
21,73,6
23,79,6
21,70,6
19,62,6
21,68,4
23,66,6
21,63,6
21,60,5
21,62,6
20,58,5
21,59,6
23,80,8
20,62,6
20,57,6
20,58,7
21,62,6
22,71,6
22,55,8
21,65,6
22,61,8
22,64,9
21,57,8
22,57,9
21,55,8
21,54,4
22,57,8
22,64,8
23,59,9
23,68,6
21,75,3
21,63,5
21,71,3
22,53,8
21,59,9
21,58,6
21,55,7
21,57,7
21,64,9
21,60,7
23,77,5
22,70,6
23,61,7
23,63,7
23,61,7
23,60,7
23,70,6
21,62,4
22,65,6
22,62,7
20,60,6
23,68,7
23,63,7
23,72,5
20,58,6
23,70,7
21,53,8
23,68,7
23,72,5
21,61,8
22,65,6
23,62,7
23,65,8
21,63,6
21,64,7
22,64,8
22,62,9
21,68,7
23,70,6
23,79,6
22,73,7
23,59,8
23,61,8
21,53,8
23,81,5
22,75,6
21,72,6
23,67,8
22,70,8
23,59,7
22,58,8
23,68,6
21,57,8
23,80,6
23,68,7
23,69,5
22,68,8
21,67,7
21,67,6
22,56,9
21,54,8
22,53,5
21,67,7
20,76,6
22,76,6
22,54,8
23,75,4
22,64,7
22,69,5
23,63,6
22,61,6
23,65,7
22,60,8
22,60,7
23,68,7
23,80,6
23,70,5
23,68,7
23,63,7
23,63,7
23,60,7
21,76,6
23,85,4
23,84,5
23,75,6
22,73,5
21,65,8
22,69,8
23,75,5
22,60,8
21,74,6
21,74,5
23,69,6
22,64,7
21,75,5
22,70,8
23,74,6
21,78,6
20,76,6
22,73,6
22,63,7
23,61,7
21,74,4
23,82,4
22,76,5
23,77,5
22,77,8
23,74,5
22,61,7
21,73,6
21,76,7
23,73,3
23,70,5
23,61,11
23,59,8
23,88,5
23,78,5
22,74,8
23,74,5
23,71,5
23,85,5
23,79,6
21,66,6
21,61,4
23,72,6
21,55,6
23,68,6
23,69,7
23,69,7
21,62,6
22,69,6
21,59,9
21,64,8
22,61,7
21,56,7
21,54,9
20,63,7
21,57,7
21,57,9
21,57,6
21,60,6
22,60,9
19,60,6
22,65,7
20,55,7
21,60,8
20,57,7
22,62,6
21,57,8
22,67,7
22,67,6
22,64,9
20,55,5
22,75,2
23,83,6
23,75,3
21,70,6
21,68,8
23,81,5
21,70,6
23,80,5
19,63,4
21,69,5
21,64,6
19,60,5
21,72,6
19,63,6
19,61,5
23,77,6
23,83,5
23,70,6
23,74,5
21,63,4
21,69,7
23,64,6
23,59,7
20,64,4
22,69,7
21,62,4
21,70,4
23,67,5
19,57,5
21,63,4
23,74,8
18,55,3
19,65,7
21,65,5
21,66,5
21,71,5
21,67,4
21,64,6
21,65,4
23,73,7
21,64,5
21,65,5
19,59,4
21,62,5
19,64,5
23,74,7
21,71,5
20,63,4
21,65,5
20,60,4
23,73,6
21,61,6
19,63,6
19,64,5
23,71,7
21,66,5
21,66,4
19,61,6
23,72,5
23,76,6
21,59,5
19,63,6
21,61,6
21,61,3
21,75,5
21,63,4
19,56,5
23,69,7
21,64,6
19,65,4
22,73,5
21,63,7
21,66,9
23,61,6
23,65,5
21,70,4
23,65,7
23,83,7
17,55,6
18,55,6
23,81,5
21,67,6
18,55,4
23,59,5
19,57,5
19,59,4
19,57,6
20,60,2
20,61,1
21,63,3
23,68,5
17,51,5
23,67,4
21,54,6
23,95,10
18,54,4
17,49,4
19,63,6
21,66,6
21,63,5
23,90,11
22,64,2
20,64,2
19,65,4
19,60,4
23,69,6
21,63,3
22,69,5
21,66,5
21,64,5
23,65,7
23,59,7
19,54,4
20,68,7
21,65,4
21,64,5
23,79,4
21,67,5
19,59,6
18,53,4
23,67,3
19,60,6
23,67,3
21,67,4
23,84,4
23,61,7
21,62,5
21,67,4
21,55,5
21,70,4
21,74,4
21,54,4
21,56,5
21,55,4
21,63,4
23,58,8
23,65,5
21,63,4
18,50,3
19,63,5
23,70,8
21,62,8
21,69,2
22,73,1
22,59,4
18,53,2
21,65,3
22,66,3
20,65,2
17,55,4
22,63,2
21,72,9
19,58,4
22,68,3
20,56,1
18,54,4
23,77,5
21,65,3
19,60,3
21,66,4
20,59,2
19,58,4
22,69,2
19,54,1
23,70,4
21,68,2
22,68,3
19,56,2
19,56,4
22,70,3
19,57,2
19,61,2
19,60,2
23,72,3
23,65,9
21,64,6
21,64,6
23,67,9
21,61,5
21,64,6
23,71,9
21,69,5
21,66,6
22,61,7
23,58,9
22,60,7
21,61,5
21,73,9
23,82,9
21,65,5
21,66,5
18,53,3
21,65,6
19,55,5
19,61,6
20,64,2
19,55,5
21,66,6
22,67,5
21,66,6
21,65,6
22,67,6
20,61,5
21,65,6
21,66,6
20,60,4
22,67,6
22,68,5
22,69,5
21,65,7
21,66,6
22,69,5
21,65,6
22,67,5
23,67,9
23,67,9
23,69,8
23,67,9
23,68,10
23,68,10
23,70,9
23,66,10
23,65,9
23,70,9
23,70,9
22,68,10
20,61,7
23,71,9
23,71,8
23,71,8
23,72,9
21,63,8
23,71,8
23,71,8
18,58,6
23,76,8
22,68,8
23,65,11
20,61,8
23,63,10
23,67,9
23,71,9
21,63,9
21,63,9
23,71,10
23,65,8
23,70,9
23,65,8
23,70,7
23,68,9
21,64,8
21,64,8
21,59,8
21,59,8
23,72,9
23,65,8
23,71,10
21,62,8
21,62,8
22,68,10
22,68,9
21,70,3
23,69,8
23,70,9
21,62,8
21,70,2
21,70,2
21,68,2
21,68,2
21,61,8
21,61,8
23,78,8
21,69,2
21,69,3
20,53,5
22,58,2
21,61,3
21,56,4
21,55,3
22,53,6
23,66,5
22,63,8
21,61,8
21,62,5
21,61,8
21,63,5
23,67,7
21,62,4
21,60,4
21,75,5
21,67,6
22,67,2
23,98,8
23,84,9
21,64,5
21,69,3
21,62,5
23,79,5
23,99,6
23,64,7
23,69,7
23,65,8
21,62,4
23,68,6
19,62,6
23,72,7
20,57,5
21,61,9
21,55,5
23,70,4
19,63,5
18,52,4
19,54,4
21,65,7
21,61,6
22,70,7
19,55,3
21,63,6
18,55,4
19,57,6
21,62,4
21,65,8
21,61,5
21,63,6
19,53,3
19,55,3
19,52,4
21,60,6
21,61,6
18,50,2
18,55,3
23,69,5
19,53,1
19,58,6
21,76,6
18,54,3
20,56,3
20,58,2
23,95,7
22,63,3
20,58,1
19,53,4
18,54,4
21,61,7
21,59,3
23,90,8
22,61,2
19,53,1
19,63,8
20,58,2
20,58,2
20,54,2
19,53,4
19,59,4
18,42,4
19,60,5
21,60,3
19,53,6
23,68,4
21,62,4
21,60,2
19,56,4
23,70,4
21,63,4
21,59,3
20,64,4
19,58,5
22,81,5
22,63,4
21,65,3
23,93,6
23,66,5
23,88,4
21,59,4
19,57,5
22,63,5
21,59,4
19,53,2
22,55,4
21,61,6
19,52,1
23,74,6
19,63,8
23,69,3
23,85,4
21,49,5
21,59,4
21,79,8
22,71,5
19,54,2
17,53,5
23,84,9
19,56,2
23,75,5
21,55,4
21,60,4
23,75,5
20,58,1
19,55,2
23,78,5
21,63,3
23,84,7
22,63,6
23,65,5
23,63,7
23,61,4
22,64,6
23,68,5
23,57,7
23,61,4
21,65,5
23,73,6
21,65,4
23,74,2
19,58,4
19,58,5
21,62,4
21,65,4
19,58,4
19,58,5
19,53,2
19,60,5
19,55,2
21,60,3
20,55,1
21,89,5
22,71,6
21,79,4
23,77,7
22,69,2
21,58,5
21,70,3
23,58,8
21,60,8
19,52,5
23,61,6
21,64,5
19,59,2
20,65,3
23,67,8
18,54,4
21,65,4
19,57,3
19,59,4
20,65,4
21,65,4
21,72,9
21,65,1
19,51,6
23,61,6
23,70,2
22,55,3
23,65,7
23,61,6
21,64,6
21,65,1
19,51,6
23,61,6
23,55,4
23,70,2
21,70,6
19,57,4
21,67,3
17,53,4
21,72,4
17,56,5
21,69,5
19,54,2
21,56,4
19,57,4
21,62,5
19,54,2
19,54,4
18,50,3
21,58,4
19,71,8
20,59,4
23,73,8
22,73,6
19,67,6
23,62,5
21,59,6
22,63,7
21,64,3
22,61,3
19,57,3
21,65,3
21,66,6
21,72,9
23,77,7
21,57,6
23,66,4
19,57,3
23,80,4
18,53,2
21,57,6
21,65,3
23,70,9
22,70,10
22,69,5
21,61,0
22,69,5
19,56,1
23,79,9
23,70,9
21,67,6
21,64,5
23,62,5
23,73,4
21,67,6
21,64,5
19,63,5
19,54,3
22,66,3
23,73,4
22,65,6
18,56,3
19,62,4
23,80,4
23,68,2
23,70,9
23,68,2
21,66,4
21,67,4
23,70,5
19,57,3
21,72,6
21,75,4
20,65,4
21,68,3
23,71,3
23,60,7
16,49,4
23,69,5
20,60,5
23,51,4
19,65,4
21,63,9
21,72,5
23,72,6
19,59,5
16,50,3
23,62,4
22,69,7
23,59,7
19,57,3
19,60,4
21,72,5
21,67,4
21,69,5
20,68,5
23,72,5
20,60,1
19,60,6
21,67,5
21,78,9
23,80,10
21,76,9
21,78,9
19,68,8
19,72,8
19,69,8
21,80,8
21,77,10
22,79,9
20,76,8
23,86,7
23,73,2
19,56,6
18,67,10
20,76,8
23,82,8
23,73,2
19,56,6
18,67,10
22,81,9
22,85,8
23,74,3
23,66,2
19,61,5
22,69,9
22,73,8
22,73,7
22,82,8
20,60,8
19,62,7
23,79,7
23,79,7
22,69,9
22,69,9
23,68,7
23,67,2
19,59,6
23,70,1
23,73,5
22,70,4
22,58,4
23,70,1
23,70,1
23,84,5
23,68,1
23,68,6
20,60,4
23,71,4
23,78,6
23,81,5
23,70,1
23,77,7
18,52,6
21,63,4
23,68,1
21,76,5
21,72,5
18,54,4
21,56,7
22,65,4
19,55,5
22,64,6
19,58,5
19,60,4
19,61,4
23,70,6
19,59,7
23,70,1
18,52,3
22,69,8
19,68,7
21,72,6
18,54,3
19,59,5
18,54,3
21,63,1
19,58,3
21,66,4
20,61,5
21,67,1
23,72,8
21,65,1
20,65,6
23,83,2
19,55,3
18,54,3
22,54,4
20,79,6
20,57,4
23,80,7
22,64,3
18,53,2
21,65,3
20,59,3
21,74,4
19,61,4
18,52,2
20,73,5
22,54,3
23,82,3
19,55,3
21,67,4
19,53,4
22,63,3
21,69,4
21,64,3
22,68,3
23,69,5
23,69,4
23,69,10
19,59,5
19,53,4
21,63,8
22,63,5
23,76,5
19,63,7
23,70,5
21,63,8
22,63,5
22,67,5
17,57,7
21,71,6
23,73,7
19,62,4
23,73,8
19,63,4
23,74,8
19,64,4
19,61,4
23,91,8
19,74,8
18,58,3
19,57,4
23,82,9
19,74,8
18,58,3
19,57,4
23,78,3
23,58,6
19,72,9
23,87,9
23,88,9
19,73,8
23,88,6
22,84,8
23,87,7
23,85,8
19,57,3
18,67,8
20,73,7
23,86,7
20,70,5
20,51,8
23,85,7
20,62,4
23,69,6
19,58,5
19,59,4
19,60,6
19,59,6
19,62,6
23,72,7
23,72,7
19,64,6
23,71,6
23,70,6
19,62,4
23,69,6
23,70,6
19,61,4
23,84,2
23,85,3
19,60,3
20,65,4
22,64,3
23,76,4
19,60,5
18,59,7
20,74,7
18,58,6
23,84,4
19,53,5
22,71,2
22,64,4
18,56,2
20,60,2
20,71,4
21,68,2
20,71,4
19,61,5
22,70,8
23,69,0
23,75,8
19,62,4
20,69,9
23,90,9
21,59,7
21,66,5
22,65,6
18,55,3
22,68,5
19,62,3
21,66,5
22,65,6
19,59,5
19,61,6
23,69,6
18,55,3
22,63,7
19,62,6
19,54,4
23,69,6
20,63,7
23,70,6
18,57,3
23,71,6
18,56,3
23,69,6
20,71,4
21,72,5
19,56,5
22,68,7
19,58,4
22,68,6
21,62,6
21,56,8
19,58,5
21,57,7
23,71,6
19,58,5
20,60,3
17,47,4
21,62,3
21,59,6
21,60,6
21,59,8
23,85,10
20,75,9
21,76,7
23,86,8
20,75,9
19,70,7
23,81,9
23,90,10
21,77,10
21,80,10
23,83,9
19,69,10
21,88,8
22,72,3
19,47,6
23,81,10
23,96,9
22,79,2
22,73,7
20,69,8
21,65,9
23,74,9
22,65,8
21,63,8
21,64,8
21,65,9
22,74,8
22,65,8
21,77,8
22,71,7
22,78,1
23,80,6
23,81,6
23,80,7
23,73,4
22,66,1
21,65,3
21,60,7
19,57,8
22,70,9
19,58,6
20,60,8
20,60,8
21,65,9
21,54,8
22,65,7
23,61,6
23,70,2
20,60,6
23,65,6
21,62,6
22,53,8
21,57,7
21,54,9
22,63,7
23,64,5
21,74,6
22,60,6
23,65,5
23,66,6
21,73,6
19,53,8
19,63,7
19,53,7
23,69,6
21,63,7
22,58,7
21,72,6
22,60,7
21,75,7
21,74,8
21,66,5
19,60,3
21,64,7
23,64,6
17,51,4
21,70,5
21,70,4
23,72,3
21,69,6
23,74,8
22,56,7
22,60,7
22,62,7
22,66,7
22,63,6
22,63,6
22,63,5
22,56,7
22,64,7
22,60,7
22,67,6
20,56,7
21,56,2
21,59,5
23,76,4
21,63,2
23,79,8
21,76,5
21,67,4
21,65,5
21,66,3
19,53,3
18,53,3
22,72,5
21,67,3
21,68,4
21,67,5
21,65,5
21,63,5
23,77,4
23,71,2
19,56,5
22,87,4
19,53,4
17,47,3
19,53,4
23,81,9
21,81,9
21,79,10
21,70,3
20,78,7
19,70,9
23,70,10
23,75,10
20,61,7
19,58,5
21,72,6
21,69,2
19,56,4
19,52,3
22,75,3
20,56,4
19,47,6
21,66,4
23,81,4
22,87,5
23,70,5
23,64,4
21,64,7
17,51,3
21,58,8
21,63,5
23,78,1
23,80,3
19,54,3
19,70,9
21,70,10
22,66,7
23,79,8
23,74,4
21,66,8
20,69,4
21,65,9
21,61,7
20,59,7
22,70,5
23,65,6
23,87,9
20,78,8
23,70,5
23,64,4
21,64,7
20,59,6
22,66,6
22,59,5
23,82,4
21,77,7
22,83,9
22,83,9
22,80,7
22,69,2
22,81,8
22,74,4
23,91,11
21,71,4
23,89,10
21,80,10
20,70,8
23,99,6
22,84,7
22,76,8
21,85,10
22,67,3
21,76,9
23,89,7
20,73,9
23,86,11
23,85,9
22,77,9
21,78,8
21,78,8
23,89,7
18,69,9
20,69,7
21,82,10
19,72,9
21,78,8
23,86,8
22,77,10
22,84,8
21,77,10
22,79,8
22,77,10
20,70,9
20,75,9
23,82,10
23,82,10
22,77,11
21,76,9
21,77,10
22,60,8
23,67,2
22,66,8
21,72,6
22,69,8
22,77,3
21,70,6
21,64,3
19,59,3
21,77,7
20,65,2
22,68,9
22,68,2
22,69,9
21,62,7
23,81,4
23,73,9
22,67,3
22,60,8
20,67,6
22,68,3
23,74,7
23,80,8
22,74,7
23,65,7
21,73,7
21,66,2
21,70,7
21,76,6
21,68,7
22,67,9
23,67,10
22,65,9
21,72,4
21,56,8
23,72,10
21,68,8
21,74,6
23,78,7
22,77,6
21,74,4
20,64,6
23,74,9
21,68,3
22,69,9
22,72,8
22,79,7
23,82,5
22,68,9
22,67,7
22,71,9
23,71,7
21,69,3
23,80,8
23,80,8
23,73,12
22,66,10
22,68,8
23,77,3
23,86,6
22,70,3
22,67,9
23,72,10
23,72,10
21,74,7
21,67,4
23,87,8
23,85,8
21,71,7
22,70,9
21,57,3
23,79,8
21,65,2
22,70,8
21,57,3
23,79,6
21,72,3
22,70,9
23,72,8
21,59,8
21,62,7
22,70,9
21,59,8
23,74,10
22,70,9
23,74,10
23,72,8
23,72,10
23,72,10
22,82,7
20,67,7
20,66,8
23,80,9
20,60,8
20,60,7
23,75,9
21,63,2
23,76,7
23,70,8
20,60,8
20,60,7
23,71,3
20,57,8
23,81,5
21,65,6
22,72,7
22,72,9
22,75,7
22,65,6
21,68,7
22,65,6
23,65,9
22,65,9
23,82,5
21,64,10
22,69,8
23,79,8
22,67,9
23,71,8
21,70,2
22,69,8
22,64,6
23,80,5
20,61,7
21,65,6
20,61,7
21,66,2
23,85,7
23,73,8
20,68,4
20,65,7
21,66,6
21,66,6
23,68,7
20,57,7
20,59,7
21,69,8
23,84,5
22,73,8
23,77,5
19,53,4
21,77,5
21,61,7
19,66,6
22,64,6
20,53,8
20,56,8
21,59,7
20,58,8
23,65,9
21,62,6
21,62,6
20,57,7
22,64,6
19,63,5
21,64,6
21,67,4
21,62,7
23,65,7
23,58,8
22,63,7
20,56,5
23,69,7
21,64,6
21,67,5
20,54,8
22,66,8
22,60,6
22,61,7
23,61,7
21,61,4
23,65,7
22,64,6
21,64,4
23,66,8
21,59,9
21,67,8
19,62,6
21,55,9
22,68,5
22,69,7
21,61,4
23,63,8
21,60,8
22,60,7
20,62,6
23,70,3
22,63,7
22,64,6
20,63,5
22,64,6
21,61,6
20,57,8
21,53,7
21,57,8
23,67,7
22,60,7
20,61,5
20,62,5
22,63,7
21,60,7
19,57,5
20,64,6
21,58,8
20,61,6
22,61,6
23,63,6
22,61,6
22,67,7
20,59,7
20,57,7
20,62,6
22,62,7
20,56,5
22,62,7
22,58,8
20,61,6
23,59,9
21,58,7
21,64,6
22,63,8
23,65,7
23,68,7
22,60,8
23,66,8
21,57,7
23,61,8
22,61,7
23,69,8
21,65,5
21,59,8
23,61,6
20,61,6
23,74,6
19,56,5
20,63,6
23,61,6
20,61,5
20,60,6
23,64,9
21,73,5
21,67,6
21,66,5
21,62,5
23,66,9
22,60,7
21,67,7
20,57,6
22,76,8
23,81,5
23,60,8
21,57,7
21,69,6
23,68,7
22,64,8
21,64,7
22,61,8
23,61,7
21,73,4
20,57,5
23,60,7
22,52,7
23,65,6
20,65,6
21,67,7
20,63,6
21,69,3
22,60,5
21,58,7
21,60,7
23,62,8
23,74,7
19,60,6
23,75,7
23,70,6
20,63,6
23,71,7
22,59,6
22,62,7
22,64,8
21,67,5
23,69,6
23,73,7
21,56,2
22,72,6
21,61,6
21,54,8
21,61,7
20,56,6
22,60,7
23,59,8
22,67,5
22,65,8
21,66,5
23,64,7
20,60,5
23,64,9
21,59,9
22,69,5
21,67,9
23,64,9
21,67,9
20,56,6
21,72,5
23,63,7
20,61,6
22,58,5
23,69,6
22,56,6
23,76,8
21,66,4
22,67,5
23,68,6
23,68,7
23,74,6
23,63,7
23,73,5
23,69,7
23,64,7
21,81,1
22,60,7
19,67,7
21,68,5
21,61,6
21,57,4
23,58,8
21,64,7
21,72,3
21,57,7
21,69,3
20,54,7
22,69,4
23,62,8
21,60,7
21,64,4
20,58,7
21,62,8
20,58,6
20,63,7
23,61,8
23,62,7
23,60,7
19,66,2
21,60,6
21,69,7
21,62,6
21,65,3
21,60,8
21,60,9
22,60,6
23,59,6
23,69,5
22,68,4
23,67,3
23,80,5
23,67,4
23,59,6
21,67,6
23,67,3
23,74,6
23,70,4
20,61,4
20,60,5
20,63,5
23,78,7
22,65,3
23,80,7
19,57,6
21,65,5
22,85,5
19,61,7
19,60,3
23,70,4
19,53,3
19,50,4
23,70,7
20,60,3
21,61,3
23,60,7
21,56,4
22,71,5
19,57,5
21,65,5
20,65,3
20,61,4
21,70,4
20,55,3
21,63,7
21,59,5
21,56,4
23,70,7
19,55,2
21,69,2
19,62,5
20,56,3
20,56,3
19,51,4
23,71,6
20,64,5
21,62,3
21,64,6
23,76,5
19,53,4
23,57,7
20,63,4
18,51,4
23,71,6
23,71,6
22,57,6
21,56,4
23,75,11
22,69,2
23,74,8
19,56,5
23,66,6
23,79,8
23,80,6
20,56,4
22,72,4
21,60,4
23,64,5
21,62,7
21,62,5
23,63,6
21,62,6
21,61,4
21,63,4
21,63,4
21,63,9
22,67,5
23,71,9
21,68,8
22,70,8
21,63,8
23,76,8
21,65,9
23,67,9
21,62,8
23,66,3
21,61,3
20,63,4
21,66,3
22,71,3
19,59,2
21,64,5
19,57,4
20,58,5
21,72,4
21,66,6
21,66,6
21,68,5
21,71,7
20,63,5
21,63,5
23,72,7
21,64,5
21,70,6
21,66,5
20,61,5
23,76,8
21,68,5
21,67,6
20,60,5
21,70,5
21,68,6
23,74,7
21,71,6
21,70,5
21,68,7
21,74,7
21,65,6
18,57,5
18,55,3
20,62,6
21,66,5
23,74,5
23,67,1
20,67,4
21,65,6
23,75,6
21,66,5
21,72,6
21,65,7
21,65,6
21,69,6
21,71,7
21,62,7
19,56,3
23,65,7
21,54,4
20,62,5
22,60,7
22,60,8
20,58,5
20,56,5
21,63,8
21,68,8
22,59,5
22,61,7
21,62,4
23,72,5
22,60,5
20,52,4
22,59,3
21,62,6
19,59,5
23,73,2
21,58,2
21,64,5
22,63,6
23,76,6
21,62,4
21,66,5
23,62,5
19,55,4
21,66,6
21,72,8
21,68,7
22,66,7
21,60,6
20,75,9
19,72,9
21,72,5
20,60,5
20,65,4
21,73,6
21,64,5
22,85,6
20,52,5
20,69,5
23,70,5
19,63,4
20,63,2
22,79,4
23,64,6
21,64,5
23,84,4
21,61,3
22,70,0
23,70,4
21,67,3
20,53,4
22,78,5
23,82,4
21,64,5
21,55,4
22,74,3
20,55,3
19,55,4
23,68,1
23,80,9
23,67,1
18,55,2
23,78,9
18,55,3
23,73,4
21,61,2
23,68,0
23,72,5
21,63,5
19,55,4
19,53,7
22,69,3
23,94,5
21,56,3
21,68,6
21,74,6
23,70,7
21,64,7
19,55,4
19,52,6
21,75,6
21,62,5
19,54,5
19,52,7
21,64,8
21,62,4
23,61,5
19,56,2
19,54,1
19,56,1
23,66,4
23,64,6
23,66,5
19,66,6
21,71,6
21,62,4
21,60,5
21,66,4
19,57,3
21,63,7
19,54,6
19,53,6
19,51,5
22,73,4
21,70,5
21,59,4
21,63,4
21,63,5
21,64,6
21,64,1
22,69,5
22,61,3
19,53,4
18,62,5
19,55,3
23,75,10
18,55,3
20,62,3
23,84,8
20,69,4
22,82,4
20,69,4
23,66,5
22,82,4
23,83,2
19,63,4
22,67,6
23,74,8
19,68,5
23,85,8
23,89,10
21,80,9
21,82,9
20,64,3
19,57,2
20,76,9
20,71,7
20,76,8
20,60,4
19,59,6
20,59,2
20,67,4
23,81,6
23,75,4
18,52,3
21,58,5
23,72,4
21,66,3
19,60,6
23,70,6
23,70,6
19,59,4
19,60,5
23,70,6
23,68,6
21,74,7
19,66,5
23,74,7
23,72,7
18,53,3
21,71,2
19,57,4
18,56,4
23,75,5
21,68,6
19,51,5
19,47,4
21,56,6
20,61,2
23,73,2
18,51,4
19,61,5
17,51,3
19,60,4
19,53,5
21,57,4
23,51,4
23,65,5
23,74,8
18,55,2
20,54,5
23,64,10
23,55,7
23,71,8
21,62,6
23,73,6
19,59,4
23,72,6
22,69,3
23,68,3
23,74,2
19,70,6
19,61,4
19,56,6
19,57,6
23,68,5
21,55,7
19,49,6
23,65,6
21,60,7
19,61,5
19,44,7
19,54,4
19,57,4
19,64,5
19,57,3
21,72,8
23,63,9
20,63,3
21,78,8
23,93,9
21,79,10
23,86,11
23,87,9
19,68,5
20,73,7
20,71,8
20,76,8
22,81,9
23,84,9
21,79,8
19,75,9
23,93,7
21,82,8
20,71,7
22,68,9
21,67,9
22,70,3
23,77,8
23,70,9
21,66,9
21,67,8
23,70,10
23,72,5
22,66,0
21,63,10
22,64,10
21,61,9
23,65,10
21,65,7
23,70,10
21,62,8
21,61,9
22,71,3
20,57,6
19,57,8
23,72,9
23,68,9
22,64,7
20,62,6
20,58,8
21,59,6
21,64,7
21,59,8
21,62,6
21,60,7
20,59,7
21,60,8
22,62,6
23,65,6
23,64,5
23,66,6
20,65,4
22,53,7
20,63,7
22,61,7
22,66,6
20,67,4
22,60,6
20,59,6
22,56,7
22,61,7
23,66,6
21,70,5
19,61,6
21,62,6
19,59,7
21,70,6
23,81,6
23,75,6
21,73,6
23,71,7
19,60,3
21,64,5
20,60,4
19,53,5
23,57,5
21,68,5
23,76,6
23,67,6
21,56,4
23,74,4
19,60,5
21,73,5
23,74,8
23,73,7
19,62,4
23,71,6
22,64,6
21,56,5
21,65,6
19,56,4
23,66,4
20,63,4
21,67,3
19,57,6
21,61,3
19,50,5
22,74,1
21,66,5
21,74,6
23,71,3
23,85,9
23,71,10
21,58,6
21,59,5
21,67,8
23,74,9
23,70,6
23,73,7
19,61,4
18,54,4
23,71,4
23,74,8
23,73,6
19,61,4
23,71,6
23,80,10
21,80,9
20,65,7
22,65,7
21,63,7
20,44,6
21,61,6
23,70,5
21,55,6
21,52,8
22,48,6
22,69,6
23,71,9
21,69,9
22,61,7
22,63,7
20,69,4
21,60,4
20,76,8
20,76,7
23,90,7
23,86,9
22,79,10
22,78,9
22,79,10
22,73,9
23,82,10
22,73,9
22,77,9
19,72,9
20,73,10
21,78,9
21,65,2
23,88,10
21,63,2
21,66,2
23,71,8
22,69,9
21,59,8
22,64,10
21,67,9
23,72,13
23,79,9
23,86,9
22,68,7
23,80,7
20,61,6
23,80,8
20,61,7
23,70,10
21,65,6
22,68,8
22,67,8
22,69,8
21,73,5
23,83,7
23,76,9
22,77,7
22,82,8
23,85,3
23,76,4
22,79,8
20,58,6
21,74,3
21,74,4
22,64,2
23,69,8
23,67,9
22,65,8
23,69,7
20,61,8
23,79,4
23,67,9
22,64,8
23,71,7
22,70,8
23,69,9
21,61,8
23,71,7
21,71,3
22,61,8
22,82,6
21,74,6
22,76,7
22,75,7
22,68,7
21,64,6
22,58,4
19,65,5
21,69,8
21,58,7
21,75,7
21,60,6
22,54,3
19,58,5
21,62,3
22,61,6
21,60,7
22,66,6
23,63,7
21,67,6
22,61,7
21,56,5
21,63,7
22,64,7
20,57,7
20,57,6
21,61,8
23,90,7
21,57,7
20,55,7
22,68,7
21,65,2
21,57,9
21,61,6
23,69,5
22,64,7
21,61,9
22,62,8
22,53,7
23,55,8
22,63,7
23,59,7
19,59,5
22,61,6
23,57,8
22,62,7
22,56,7
23,61,8
23,64,7
23,61,8
23,68,8
23,71,8
22,64,7
22,66,4
21,57,8
22,63,6
22,62,7
20,61,7
22,73,6
23,63,7
21,53,10
22,70,5
22,60,7
23,65,7
22,64,6
21,60,5
19,65,4
23,65,7
21,64,5
23,64,7
23,66,7
22,62,7
23,60,9
23,59,8
21,59,6
19,66,5
22,61,5
22,72,6
23,62,8
22,62,6
20,54,6
23,94,7
21,63,0
22,65,7
22,54,7
22,62,7
20,59,7
22,72,6
23,61,7
21,67,5
23,64,8
21,61,5
20,51,9
21,53,9
23,64,8
22,69,9
23,70,6
22,65,6
22,70,6
20,68,6
22,55,6
20,62,6
23,68,6
23,67,7
23,71,8
23,57,7
21,74,7
23,58,7
21,76,7
22,68,6
21,53,6
22,67,5
21,57,8
23,63,7
22,69,6
20,63,5
20,56,6
22,55,6
22,56,6
23,66,9
19,72,5
23,66,7
22,66,7
22,66,2
23,64,9
21,56,8
22,70,6
22,58,6
22,62,6
23,69,6
23,71,6
20,66,4
23,69,5
23,67,4
22,75,4
23,68,6
21,62,5
23,56,6
20,64,3
20,60,4
23,55,4
22,58,4
21,63,5
21,62,6
21,71,7
23,61,6
22,67,9
22,62,8
20,59,6
23,76,8
23,71,8
22,69,11
21,63,8
21,68,5
18,57,3
21,61,5
21,70,6
20,56,4
21,63,5
21,69,5
21,68,5
21,68,5
21,63,5
19,65,4
18,55,4
21,68,6
21,69,5
23,72,6
23,72,8
21,64,5
21,68,5
21,69,7
21,65,6
21,67,5
21,72,5
21,65,5
20,61,5
23,74,7
21,68,6
21,62,5
22,68,6
21,75,6
23,71,6
21,68,6
21,68,6
21,70,4
22,69,6
21,65,6
21,68,5
21,70,5
23,89,6
21,66,6
21,67,6
21,71,8
23,74,4
22,59,5
23,68,3
21,63,7
22,62,5
23,63,7
19,63,4
21,54,5
19,54,3
21,63,4
21,60,5
23,81,6
20,59,2
21,67,6
21,58,8
21,66,4
21,85,8
20,63,4
19,48,6
19,59,7
21,56,6
20,58,6
23,77,4
19,55,5
22,60,5
21,64,5
21,67,6
23,74,5
21,62,5
21,56,6
23,71,5
21,62,5
21,75,5
23,85,4
21,59,7
21,62,5
19,58,5
19,56,5
19,48,5
21,62,5
21,69,7
19,58,4
19,60,3
23,74,8
19,67,5
20,71,7
21,65,7
21,63,6
20,51,4
19,59,5
21,62,7
22,58,7
23,68,1
23,71,7
23,69,6
19,64,4
23,74,8
23,70,6
23,71,7
19,51,6
19,57,5
19,49,8
20,48,6
17,53,3
19,50,7
21,69,6
18,53,2
20,66,3
19,59,5
21,71,5
19,56,5
19,57,4
18,57,4
21,63,6
23,72,5
20,63,4
23,70,6
21,71,5
22,79,8
22,79,9
18,67,8
19,74,8
23,74,7
23,71,9
23,70,10
23,73,9
21,66,7
22,65,8
23,76,6
21,74,4
22,64,6
20,62,7
20,62,5
22,62,8
21,57,6
23,63,4
23,65,5
19,53,5
21,67,8
21,59,8
22,56,8
22,62,6
22,60,5
21,62,7
21,70,7
23,72,7
18,51,3
23,72,5
21,73,6
23,73,7
19,59,6
20,54,3
21,77,8
19,57,2
21,57,7
21,56,8
22,55,5
23,68,6
22,60,7
22,66,7
22,56,8
19,59,7
17,55,4
19,59,4
23,69,5
21,64,4
21,64,4
20,75,8
20,74,10
23,72,2
23,76,8
21,74,7
22,66,3
22,68,9
22,69,8
23,86,6
23,68,9
22,74,9
23,69,8
20,66,7
21,54,5
21,55,7
21,51,7
21,59,4
23,72,5
23,69,6
22,64,6
21,61,6
21,64,8
21,58,8
22,64,8
22,56,7
21,68,7
21,53,8
23,67,8
21,52,10
21,58,7
21,57,8
23,65,7
23,72,7
23,63,7
22,63,7
23,66,6
23,72,6
23,74,6
22,64,6
21,61,7
23,85,5
23,65,6
22,62,8
23,90,5
22,70,7
22,47,5
22,57,8
23,58,7
22,57,6
23,56,7
20,56,6
21,64,5
21,57,8
21,60,7
23,71,8
22,67,7
22,61,7
23,70,8
21,66,2
23,57,7
21,80,6
22,60,6
23,62,5
21,51,10
21,74,6
21,59,6
23,59,7
22,67,7
22,65,6
21,63,5
23,67,4
23,65,5
23,72,4
21,64,5
23,74,8
23,81,9
21,70,4
22,69,6
21,61,5
19,55,4
21,73,6
21,65,6
19,57,4
19,56,4
21,63,5
21,73,6
21,68,6
21,65,5
21,67,6
20,63,3
21,68,6
20,63,5
21,69,7
21,64,5
21,60,4
21,66,6
21,68,6
21,69,5
21,64,5
22,67,5
23,73,6
21,63,5
21,66,4
19,61,4
21,57,5
21,74,6
23,68,9
21,74,7
23,79,4
22,65,7
21,51,7
23,65,7
21,58,2
21,63,3
23,67,3
21,63,3
23,81,5
21,65,4
19,55,5
21,60,6
21,62,6
21,66,6
21,56,7
21,53,6
23,83,6
21,57,5
21,71,4
20,59,4
22,64,2
18,53,1
23,70,7
21,60,5
21,71,4
23,75,6
21,64,6
21,59,6
21,64,6
23,94,6
23,71,4
23,68,7
19,54,4
23,68,6
19,54,4
23,68,7
19,56,4
17,58,4
19,56,5
19,55,4
23,69,7
23,70,7
23,69,7
22,80,10
21,77,10
22,84,7
21,80,8
23,68,8
21,69,7
22,72,7
22,68,3
22,56,8
23,77,9
22,74,9
23,83,10
21,72,5
20,55,5
23,76,8
21,58,6
21,72,5
23,73,7
21,60,7
23,57,7
21,60,6
20,57,6
22,64,7
23,61,7
22,58,7
20,64,7
21,62,6
23,67,8
22,64,7
23,73,6
21,60,8
21,57,8
23,67,7
23,70,6
23,62,9
21,61,7
22,67,7
20,64,5
21,66,6
22,72,6
23,61,7
22,62,5
23,72,7
23,63,8
21,61,7
21,62,7
21,58,8
20,54,7
22,62,7
23,65,6
23,70,6
22,60,5
21,55,9
21,76,7
22,57,7
21,56,4
21,62,4
20,60,3
18,54,2
18,53,3
21,59,6
21,70,4
21,65,5
21,65,6
21,65,6
21,66,5
21,67,6
19,55,4
21,74,6
21,69,6
21,65,5
21,68,6
23,71,4
19,55,4
21,72,6
21,62,6
21,54,5
21,66,5
19,60,6
21,74,6
20,63,4
21,56,7
23,71,6
21,61,4
23,78,7
19,63,5
23,75,5
21,65,6
19,56,5
19,50,4
21,64,2
22,72,5
23,69,7
19,55,4
19,56,5
23,70,7
23,76,5
22,58,7
22,60,8
21,57,6
20,60,8
21,71,4
23,71,5
19,59,3
18,57,3
22,59,7
20,57,6
22,75,6
22,60,6
23,63,7
23,68,6
21,63,7
21,59,6
20,60,6
21,64,7
21,70,6
22,70,5
21,64,6
21,60,7
22,62,6
23,64,8
23,73,7
23,68,7
23,66,7
22,62,6
20,64,7
21,62,6
21,62,6
23,63,7
23,63,6
22,57,7
22,60,8
21,64,8
23,72,6
20,55,6
20,61,6
21,58,8
21,63,7
21,54,8
23,66,7
23,75,6
22,64,6
21,67,4
23,75,7
19,60,5
19,64,7
22,64,6
23,70,6
21,68,5
19,62,5
23,74,8
21,65,6
21,65,5
21,68,5
20,63,5
23,73,8
18,56,4
21,75,7
22,68,3
21,61,8
21,57,5
19,54,5
21,56,6
21,63,5
19,56,4
19,55,4
23,77,5
23,67,2
23,73,7
23,70,6
19,60,4
18,57,4
19,52,3
23,74,8
19,62,4
23,72,6
23,72,6
22,65,6
21,69,4
20,57,6
22,62,7
21,59,6
23,58,6
21,73,4
21,61,7
20,61,6
22,55,8
21,62,6
21,61,6
22,69,6
20,61,7
22,68,7
22,64,7
22,69,5
22,62,8
22,65,8
22,64,6
22,70,6
21,60,6
21,56,8
23,57,8
22,63,6
21,59,6
23,65,7
21,57,7
22,68,6
21,57,7
22,69,5
22,69,5
22,64,7
22,66,6
23,60,7
22,62,8
21,66,8
23,69,6
22,62,7
23,70,7
23,76,7
22,54,7
23,74,5
21,64,6
21,66,7
21,71,6
19,53,3
23,67,7
23,69,7
21,73,6
22,67,7
22,70,5
20,60,7
21,58,9
21,61,7
23,59,7
22,65,7
23,68,6
23,69,5
22,58,7
22,60,5
23,74,7
22,64,8
22,64,6
21,55,7
20,56,6
22,67,7
21,60,5
21,66,7
21,68,6
21,65,6
21,64,6
22,66,3
23,74,6
23,85,3
21,59,6
21,64,7
23,65,6
20,58,8
22,67,5
20,57,6
23,63,7
22,59,6
22,58,6
21,65,7
22,60,8
22,60,8
21,64,6
21,62,5
21,68,5
21,63,4
23,65,8
23,78,7
22,84,9
22,73,8
23,72,4
20,74,8
23,85,10
23,86,8
22,82,10
21,77,8
23,85,10
22,84,10
23,91,8
23,89,10
22,83,9
23,89,10
23,84,10
22,70,4
23,85,10
22,82,9
23,78,9
22,75,9
22,84,10
23,85,10
21,80,8
19,72,8
20,70,9
23,85,10
19,70,9
22,70,7
22,64,4
21,74,11
21,74,11
21,76,11
23,74,3
23,89,10
21,80,10
22,83,9
23,66,8
23,71,9
22,69,10
19,57,8
19,64,8
23,71,10
23,68,9
23,66,9
23,73,3
23,72,8
23,67,8
20,69,4
23,81,2
23,68,8
22,65,6
23,77,7
23,74,8
22,74,9
23,86,6
22,68,3
22,71,6
23,85,8
23,80,5
22,70,3
23,80,10
22,68,3
22,68,3
23,84,7
23,73,3
22,62,7
22,82,5
23,80,9
22,68,3
23,86,6
19,61,8
22,66,3
23,72,8
23,78,7
23,73,9
21,65,7
20,67,2
23,78,8
23,73,7
23,81,7
22,69,10
21,66,8
20,65,7
23,85,7
23,87,8
22,71,3
20,58,8
23,76,7
23,75,7
23,67,10
23,67,9
22,70,9
23,67,10
22,70,7
22,79,6
23,74,5
23,70,9
23,70,9
21,61,10
22,69,11
21,72,3
21,61,10
22,69,8
21,73,5
22,75,6
23,65,10
22,70,8
21,62,8
21,62,9
21,68,4
22,66,8
22,64,8
22,66,10
22,68,10
23,79,7
23,80,9
23,82,8
23,68,8
20,65,2
22,66,7
23,88,9
23,74,4
20,65,1
23,67,8
22,68,3
23,74,11
23,74,10
23,71,10
21,54,3
22,65,9
23,71,11
23,83,6
23,86,6
23,78,6
22,65,9
23,71,10
23,72,10
23,79,8
23,74,9
23,77,8
23,68,7
22,84,6
23,87,8
23,78,9
22,68,4
22,75,6
22,65,8
22,70,8
22,70,8
22,70,8
23,84,5
23,71,12
22,68,9
23,71,10
22,70,8
23,72,9
23,86,8
23,71,8
22,71,2
23,72,11
23,68,8
23,83,6
23,75,9
22,72,9
23,71,10
23,74,10
21,65,6
23,74,11
23,74,10
21,64,10
23,69,10
21,67,7
22,70,9
20,64,6
22,68,9
19,59,7
22,68,8
23,72,7
23,76,11
22,65,9
23,72,8
23,69,9
22,68,9
23,71,8
22,65,9
20,62,8
20,62,8
23,74,9
20,65,7
20,65,6
23,80,4
23,78,7
19,62,8
21,67,9
22,69,3
22,73,6
23,76,9
23,73,2
22,79,7
21,71,7
23,69,9
22,66,3
23,74,8
23,73,9
23,72,10
23,71,9
21,74,4
21,67,7
21,67,7
23,77,7
23,70,9
23,70,9
21,64,8
23,69,10
22,66,8
23,79,5
22,66,8
21,64,10
22,64,8
21,68,8
21,68,8
22,69,3
21,67,7
22,69,3
22,64,8
21,64,10
21,67,7
22,70,8
23,69,9
23,65,9
22,71,7
22,68,9
22,79,7
23,71,8
23,85,9
23,71,7
23,73,9
23,84,8
23,90,8
23,86,8
21,68,7
23,68,7
21,67,8
23,68,7
23,67,10
23,73,12
23,72,6
21,69,6
22,67,8
22,66,8
21,63,8
22,62,8
23,82,5
22,62,8
22,66,7
22,63,9
22,62,7
22,64,10
23,73,8
22,74,7
22,70,8
22,56,6
22,65,7
21,67,8
23,68,8
23,71,11
23,63,10
21,67,8
21,62,8
23,75,9
23,69,9
23,75,9
23,71,7
21,62,9
22,67,7
23,71,9
21,66,8
23,71,9
22,66,9
22,66,7
22,70,7
23,71,8
23,76,9
23,71,9
22,75,7
23,73,10
23,71,7
21,65,6
23,75,9
23,80,5
21,64,9
23,71,9
23,71,9
22,70,9
23,76,9
22,75,7
23,73,10
22,64,8
23,75,9
23,67,8
23,76,8
22,70,8
20,60,8
20,61,7
23,69,10
22,80,6
21,73,2
23,69,9
23,83,6
23,75,3
23,82,5
22,65,7
23,69,7
23,82,5
23,75,3
21,66,8
21,70,3
23,73,6
23,73,10
23,71,9
23,76,10
23,68,10
22,70,9
23,76,9
23,73,7
23,80,7
23,75,3
23,80,7
23,73,9
21,62,8
23,71,10
21,65,6
23,70,7
23,78,6
21,57,6
23,60,7
23,66,5
23,70,6
21,60,8
23,68,8
23,69,9
21,62,6
19,62,6
21,60,6
21,61,7
21,62,8
21,68,8
23,66,7
21,57,5
23,67,7
21,60,6
23,63,9
22,65,6
22,63,6
22,65,9
21,61,6
21,57,5
22,63,7
21,64,5
22,63,8
21,66,5
22,66,6
21,59,8
20,52,3
21,59,6
23,62,5
21,57,6
21,62,6
21,63,6
23,70,6
22,62,7
23,65,7
21,57,9
23,66,10
23,63,8
23,66,8
21,63,5
22,65,6
22,68,6
23,61,4
21,62,6
21,58,6
21,64,7
22,58,8
23,77,5
23,67,8
23,59,7
21,55,8
21,60,7
20,53,4
23,67,9
21,62,5
22,64,7
22,69,8
22,71,7
23,61,4
22,65,6
19,61,5
23,66,8
21,64,8
22,59,7
23,69,6
21,61,6
23,73,8
21,62,6
21,61,6
21,60,5
22,60,6
21,63,6
23,73,7
20,59,6
21,62,6
23,66,7
21,60,7
23,70,6
21,60,5
22,62,6
22,63,7
21,60,7
23,67,7
23,69,5
21,58,7
21,60,8
20,57,7
22,64,7
21,59,8
19,61,5
21,61,6
21,59,7
23,66,8
21,58,5
23,65,6
21,58,6
23,64,8
22,61,8
21,62,5
21,64,7
23,65,7
20,57,10
23,64,9
23,66,6
23,70,6
23,61,8
23,63,7
23,63,7
23,62,8
21,59,7
21,56,7
21,63,6
21,59,7
21,62,8
22,61,7
21,66,6
22,58,8
21,62,7
22,60,9
23,60,6
21,57,6
23,63,7
23,68,6
23,64,6
23,69,8
23,66,7
21,58,5
23,70,8
21,70,4
23,65,8
21,59,6
23,73,6
22,58,8
23,66,7
23,63,7
21,62,6
20,60,5
23,61,7
23,64,8
21,60,6
23,59,7
21,62,5
22,59,8
21,61,7
22,61,8
23,63,8
22,60,8
22,68,7
23,64,7
23,63,7
23,66,7
23,64,7
22,60,8
21,59,7
22,61,8
22,63,7
21,55,8
22,61,9
23,73,5
21,68,6
22,64,7
22,60,7
22,68,8
21,65,4
22,66,6
21,57,7
22,63,8
21,63,6
21,69,6
22,67,6
22,68,5
21,58,6
21,62,5
22,66,8
22,64,7
21,64,4
22,64,8
23,63,8
23,68,7
23,68,6
23,65,7
22,59,8
21,61,6
20,64,5
22,69,7
22,64,5
21,67,8
21,66,8
19,64,7
20,63,6
23,61,8
22,56,8
21,66,6
22,67,5
21,64,7
23,67,8
22,65,6
23,72,8
21,61,5
21,77,6
21,75,7
23,70,6
23,78,5
23,70,6
21,57,8
21,64,7
22,67,7
21,64,8
23,59,8
21,65,8
23,80,7
21,77,6
21,75,7
23,64,8
23,63,8
23,70,5
20,65,6
21,62,7
21,61,7
21,58,7
22,59,7
22,64,4
21,58,6
23,71,6
19,57,4
21,57,6
20,55,5
23,64,8
21,59,7
22,74,7
21,72,6
23,61,8
21,60,7
23,64,8
23,80,6
23,63,6
23,65,5
21,59,6
22,73,7
23,71,7
23,59,8
21,57,6
21,64,6
20,62,6
23,70,6
21,56,7
23,71,6
23,62,8
21,58,8
23,74,6
21,62,7
21,61,8
23,60,8
23,71,6
21,69,5
21,64,7
21,61,6
20,59,6
22,61,7
21,61,7
21,64,6
22,62,8
22,69,6
23,65,7
23,63,7
22,58,8
21,55,7
22,58,7
21,61,6
22,64,8
21,61,7
21,65,7
22,66,8
23,68,8
23,61,7
21,57,6
22,59,8
20,58,7
21,57,5
23,63,7
21,72,5
22,62,8
23,60,7
22,64,7
21,59,7
22,62,6
22,64,8
21,59,7
22,60,7
23,65,7
22,77,6
23,67,8
23,65,6
23,70,7
22,65,6
23,77,5
23,55,8
22,67,8
23,67,9
23,71,6
22,64,8
21,59,6
20,63,5
22,67,6
23,65,7
21,62,7
23,80,5
22,63,6
23,78,6
23,69,6
23,69,6
21,66,8
23,70,6
23,56,9
21,66,7
23,64,7
21,70,6
22,67,7
23,71,7
21,55,6
21,58,6
21,71,5
23,72,6
22,62,7
23,70,6
21,63,7
21,69,6
22,82,7
23,57,8
22,60,6
23,66,7
23,70,6
23,67,8
23,72,6
21,70,5
22,60,6
23,70,8
22,60,6
21,57,6
23,66,7
23,70,6
20,66,5
23,73,7
20,61,7
19,64,7
22,61,7
21,59,6
23,66,8
23,77,6
23,75,6
23,58,8
23,72,6
21,55,8
23,76,6
21,67,5
23,69,6
23,64,7
23,64,9
23,68,7
22,58,7
22,60,8
21,57,6
23,60,8
22,58,7
23,61,8
21,56,6
23,63,6
21,64,4
23,68,7
23,69,6
21,59,7
23,70,6
22,65,7
21,58,8
22,63,9
20,55,5
21,56,6
21,65,5
21,71,7
21,69,7
19,67,5
19,57,6
18,52,4
21,76,4
23,74,5
21,65,5
21,63,5
21,67,5
21,71,5
23,65,5
21,75,7
23,65,6
21,64,6
21,54,4
19,51,2
20,56,4
21,71,8
21,54,4
21,68,5
21,67,4
19,62,4
23,70,5
21,57,5
19,60,6
21,67,6
21,68,5
19,58,1
21,74,10
21,84,10
21,63,0
20,57,2
19,63,4
19,56,2
19,58,3
21,63,6
21,66,6
21,66,6
22,70,6
21,58,2
23,64,2
21,66,6
22,64,6
21,63,5
21,66,6
22,69,6
21,66,6
19,59,5
23,63,11
23,65,10
23,65,10
23,67,10
23,65,10
23,65,9
23,69,9
23,64,11
23,67,9
21,63,9
21,64,10
21,71,9
23,70,10
23,71,10
23,70,10
23,68,9
23,72,9
23,72,9
23,75,9
21,56,7
21,75,8
23,63,9
23,66,3
23,63,4
23,64,7
21,59,8
23,70,9
23,70,6
21,63,5
21,62,5
23,68,5
21,63,4
20,67,4
22,63,5
23,67,4
22,66,4
21,66,4
23,95,7
19,59,7
19,53,0
23,62,4
19,50,5
23,54,6
23,68,6
21,72,5
21,61,2
17,46,1
19,57,2
21,62,5
23,80,11
23,73,4
23,69,3
20,57,1
19,60,4
20,63,5
22,69,2
23,82,5
23,70,4
23,65,4
21,71,5
20,56,4
23,86,8
23,60,5
23,78,9
22,84,9
21,74,9
22,83,8
21,77,9
22,80,7
19,63,7
21,60,6
22,69,8
20,63,7
20,60,9
22,76,8
22,69,8
21,70,6
23,70,6
23,74,3
20,63,4
23,74,4
21,70,6
23,76,4
19,60,6
19,59,6
23,64,6
23,65,6
23,75,6
20,65,7
19,60,4
18,51,3
23,70,2
19,54,4
21,64,2
19,61,4
23,62,4
19,64,4
21,70,4
20,54,5
22,79,6
23,90,9
19,66,7
22,79,7
22,67,3
21,63,9
21,63,9
22,68,8
23,64,0
20,61,7
20,61,7
23,71,8
22,71,4
22,63,6
23,60,7
23,65,7
22,60,7
23,58,6
23,67,7
22,60,6
21,61,5
22,60,7
23,65,7
22,61,6
20,63,3
21,57,3
21,58,3
22,60,6
22,63,6
22,63,5
19,59,3
20,65,3
20,61,4
20,57,1
23,72,10
21,69,8
22,67,4
22,63,4
21,55,4
23,87,9
22,84,10
23,90,9
23,90,10
23,79,8
20,71,10
21,76,10
22,84,8
23,82,9
22,81,10
22,86,7
21,76,7
22,79,7
22,68,8
22,69,2
23,71,10
22,64,8
23,71,9
22,64,8
22,76,6
23,71,6
22,79,8
22,79,7
22,67,3
21,64,10
21,64,10
22,67,9
23,72,7
21,71,3
22,71,7
22,64,10
22,68,9
23,73,12
22,65,9
20,61,8
23,70,10
22,67,8
23,79,7
23,74,8
23,74,8
23,74,9
23,72,9
23,74,9
22,64,8
23,72,9
22,70,9
22,61,9
22,70,8
23,68,10
22,65,9
21,75,6
22,72,9
21,76,6
21,61,7
20,61,7
21,65,6
22,67,8
21,70,3
22,66,8
23,68,7
22,66,8
21,72,3
22,66,9
23,69,7
23,75,3
22,63,8
22,70,7
22,68,8
23,67,10
20,58,7
23,80,4
22,64,6
20,65,6
19,65,3
22,70,8
22,65,9
22,69,7
22,70,8
22,64,10
22,73,7
23,71,6
22,72,8
21,57,6
23,61,6
23,66,8
21,60,8
20,60,8
22,64,7
23,65,8
21,55,5
22,66,7
23,66,6
22,62,7
22,68,7
21,71,4
21,68,6
22,65,7
23,65,6
22,60,7
21,57,6
19,58,4
22,60,7
22,67,9
20,58,4
22,59,7
22,61,8
21,55,5
22,65,5
23,67,8
23,68,7
23,68,7
23,65,7
23,76,6
20,57,4
22,62,7
22,72,4
20,63,5
23,69,7
20,60,7
21,59,6
19,61,6
21,62,3
22,65,7
23,61,7
21,63,6
21,61,6
23,58,9
23,66,8
23,56,8
21,62,6
22,65,6
23,58,8
23,64,8
22,60,6
22,63,6
23,68,8
22,60,8
23,66,8
21,64,7
22,65,8
21,68,5
23,63,7
21,64,6
22,65,8
21,68,5
21,68,5
23,69,9
23,69,6
21,62,1
22,59,6
21,59,0
21,65,6
21,69,6
22,68,6
20,55,5
21,64,8
19,61,5
21,74,4
23,65,7
23,65,8
22,75,7
20,55,6
21,55,8
21,70,6
22,60,6
21,59,7
22,68,8
22,61,7
21,60,7
21,74,6
23,59,7
22,61,6
21,62,1
21,59,0
23,58,7
21,57,6
21,57,7
19,57,6
22,63,7
21,59,6
21,64,6
21,63,4
22,61,5
22,56,6
21,57,7
22,61,7
21,59,9
23,68,7
23,63,6
20,63,5
22,59,7
23,70,6
21,76,3
21,75,4
22,60,6
23,67,7
23,64,7
21,74,5
23,63,7
23,78,8
22,74,8
20,63,5
20,64,3
21,76,5
21,73,7
22,61,4
22,65,4
23,80,7
20,56,2
22,59,4
20,54,3
23,84,4
19,56,4
22,74,4
19,61,4
21,65,5
22,67,5
23,70,9
23,72,6
23,74,6
22,69,5
21,64,5
22,67,6
21,63,5
21,66,5
21,65,5
22,63,7
21,66,5
21,63,4
22,65,7
21,66,5
21,66,5
21,67,5
21,66,5
20,60,5
20,62,4
21,55,4
21,63,2
22,58,2
20,53,4
20,54,5
23,63,5
21,55,3
19,62,5
20,60,3
22,59,3
20,61,4
21,69,4
20,60,2
23,66,4
19,57,3
20,60,5
21,62,3
19,55,2
22,65,8
20,69,9
22,84,11
23,85,9
22,84,9
22,67,8
22,59,6
22,63,6
22,60,5
22,61,6
20,63,3
23,71,6
23,69,5
23,63,7
21,58,6
21,59,2
21,57,3
22,58,6
22,63,7
21,70,5
22,61,4
22,68,2
21,70,5
23,90,10
21,81,9
22,67,4
22,86,9
21,78,8
21,72,8
23,52,7
19,54,3
22,68,9
22,68,8
22,68,9
22,71,9
23,78,5
22,61,10
19,56,2
22,64,7
22,65,7
22,60,8
23,70,2
22,62,8
22,61,6
22,64,6
22,61,8
22,63,7
21,55,7
20,55,6
19,59,3
23,65,6
22,68,5
21,60,8
21,59,8
22,62,7
22,65,8
22,68,6
22,69,6
22,60,7
23,65,8
21,70,6
22,63,6
23,65,6
23,82,5
23,63,7
23,65,7
23,77,6
23,67,8
19,70,8
20,74,5
19,84,8
22,58,5
22,64,6
22,56,6
22,59,6
22,55,7
22,71,6
22,73,7
23,64,8
23,58,7
21,67,3
21,56,8
23,62,8
21,66,4
19,62,4
23,71,8
22,68,4
21,68,6
21,66,6
22,72,7
22,68,6
22,67,6
21,66,5
22,65,7
21,64,6
21,68,6
21,59,4
21,66,4
22,67,4
21,68,4
22,66,5
23,58,6
21,65,5
22,59,3
20,60,5
22,59,4
23,69,4
21,56,2
21,56,2
23,85,7
23,69,2
22,62,5
22,69,3
23,80,4
21,61,5
21,62,4
22,64,3
21,62,4
21,69,4
21,67,7
19,63,4
18,53,1
20,87,7
18,52,1
23,81,7
16,48,5
17,51,5
22,63,5
21,58,7
20,60,7
20,47,5
21,55,4
21,92,8
19,53,7
19,61,5
22,64,2
22,60,5
22,62,6
20,52,7
22,54,8
22,57,8
20,54,8
22,62,7
21,60,6
20,62,7
22,63,7
20,57,6
21,51,9
21,63,1
22,60,8
22,62,7
21,61,6
23,68,7
23,65,7
23,70,7
21,51,10
23,68,7
21,60,7
21,65,5
21,62,6
21,66,6
21,63,5
21,66,5
21,67,5
21,68,5
21,65,5
22,59,5
23,73,2
21,65,6
22,65,5
22,62,7
23,78,6
23,68,7
23,66,5
23,65,6
21,62,6
20,59,6
22,64,7
23,62,9
21,62,7
23,63,8
23,68,6
21,59,6
21,66,5
21,66,6
20,59,5
21,60,6
21,65,6
19,61,7
21,60,7
22,58,7
23,67,7
22,63,6
21,61,6
21,59,6
19,61,6
23,65,7
19,59,7
19,61,7
23,70,2
22,64,6
23,71,2
21,61,6
19,59,6
23,69,3
23,71,2
22,65,5
19,57,5
22,70,8
22,67,6
22,64,8
21,60,7
22,66,7
22,62,8
20,60,7
20,59,5
21,62,6
23,63,8
22,63,7
21,59,6
23,61,8
21,59,6
22,65,7
21,60,5
19,60,5
21,59,6
23,65,7
22,70,6
22,63,6
22,64,6
21,61,6
21,61,7
20,58,5
22,60,7
21,66,5
22,62,6
23,71,7
22,60,7
22,58,8
23,65,7
21,60,7
21,60,6
23,64,8
23,63,7
22,61,8
22,63,6
22,62,7
23,61,7
21,59,6
20,57,7
21,57,9
19,58,4
23,65,6
22,60,7
22,61,8
21,71,4
22,67,6
21,63,5
22,64,7
21,58,7
21,60,7
21,60,7
20,59,7
22,60,7
22,61,7
20,61,6
20,59,5
21,59,8
22,65,6
23,61,7
20,59,6
21,67,5
23,65,6
22,63,7
23,65,7
21,62,7
22,61,7
22,68,7
21,59,6
21,64,7
22,58,8
21,61,6
22,69,6
22,63,7
21,62,6
22,59,7
22,62,6
22,68,5
22,62,8
22,63,8
22,65,7
22,63,7
21,62,6
22,63,6
19,54,4
21,60,7
22,64,7
19,54,3
21,62,6
21,60,7
20,63,5
22,65,8
23,69,7
21,70,5
19,59,5
22,63,7
19,62,5
21,60,6
22,64,7
21,64,7
21,60,7
21,62,8
21,59,7
21,63,7
23,60,7
22,62,7
22,65,7
21,61,6
20,63,7
23,71,6
22,62,7
21,62,6
23,67,7
22,57,6
22,63,8
20,60,6
22,62,7
23,67,6
22,62,7
22,67,6
22,62,7
22,61,7
21,67,8
23,82,10
23,91,9
22,84,9
23,91,10
23,93,9
22,78,9
23,85,10
23,80,9
23,84,11
23,82,9
23,80,10
23,80,10
23,71,7
23,70,6
21,64,9
20,67,6
22,79,8
22,76,8
22,71,4
23,74,7
22,68,3
21,76,7
21,71,3
23,67,10
22,69,9
23,76,7
23,69,8
23,75,6
22,70,7
23,69,8
22,60,8
23,71,9
21,72,3
23,69,11
23,72,11
23,79,8
21,74,6
21,63,9
23,73,10
23,70,8
22,64,10
23,65,8
21,65,9
22,64,10
23,65,8
22,64,10
23,65,8
22,68,9
23,68,9
22,68,7
23,68,9
23,68,9
22,72,9
23,70,10
21,67,7
23,79,5
23,73,10
22,65,7
21,65,7
19,59,7
23,82,5
21,64,10
22,67,10
21,67,9
23,72,12
21,67,9
23,72,12
21,59,9
23,73,10
23,73,10
21,73,7
23,71,10
19,61,7
21,67,9
22,70,3
23,71,9
21,65,8
19,59,8
23,70,9
22,68,7
21,77,7
22,71,2
23,67,8
23,73,8
20,56,3
22,68,10
23,72,9
23,81,5
22,68,3
23,88,8
20,68,2
23,72,9
21,71,3
23,77,5
22,71,7
23,79,6
23,66,9
23,65,8
22,66,8
22,68,9
22,68,8
22,69,3
22,70,7
23,66,2
23,77,9
22,64,7
21,69,3
22,74,6
22,65,8
23,80,9
23,76,9
22,70,9
23,69,8
23,73,9
22,68,8
23,69,9
23,70,10
23,79,9
23,74,9
23,71,10
22,70,8
23,71,10
21,65,6
22,68,8
23,71,9
23,74,9
23,79,8
23,79,4
23,71,8
21,65,9
23,80,5
22,68,8
23,80,5
23,70,11
21,67,6
23,75,3
21,67,6
23,68,10
23,69,10
23,73,11
21,60,7
22,66,6
21,62,7
21,60,6
23,65,6
21,61,5
23,61,8
21,65,8
20,57,5
21,55,5
23,65,7
21,68,8
21,59,7
21,60,5
20,59,5
22,64,7
21,63,7
21,60,7
19,62,5
21,60,7
22,66,6
22,67,9
23,64,7
22,65,7
21,59,6
22,61,8
21,61,6
21,59,6
22,64,6
22,68,8
21,65,4
22,63,6
22,66,8
21,62,6
21,62,5
22,60,6
23,70,6
21,60,4
21,59,6
21,61,5
23,57,4
22,66,8
23,68,8
22,67,8
23,65,7
22,64,7
22,62,6
21,64,6
21,71,6
22,64,6
21,60,6
21,61,6
22,60,7
21,65,4
20,59,4
21,58,6
23,67,6
23,63,7
21,61,6
21,67,8
23,69,6
23,65,8
22,64,7
22,61,7
21,61,5
23,63,9
23,60,8
22,60,7
23,68,8
21,61,7
23,70,6
23,67,7
22,61,9
23,68,6
21,62,6
23,67,7
21,59,7
23,70,6
23,66,8
23,70,5
23,70,5
21,58,7
23,69,6
22,64,7
23,68,8
23,67,7
23,70,6
22,64,7
23,65,8
22,66,8
22,65,8
21,60,5
22,67,7
23,69,7
23,66,8
23,70,6
20,64,5
19,57,7
18,46,5
23,68,7
23,65,6
21,59,6
23,72,6
21,60,6
23,76,10
22,62,4
22,61,7
21,57,5
23,67,7
21,61,5
22,64,6
22,64,7
22,58,6
22,60,8
21,57,7
22,61,6
21,60,5
22,61,7
23,67,8
21,63,7
22,63,7
21,61,7
21,64,4
22,60,7
21,61,6
23,58,8
21,62,7
22,61,8
22,59,9
21,63,5
21,60,7
22,58,9
21,63,7
23,59,7
22,64,6
21,61,6
22,65,7
21,57,3
21,61,7
23,68,8
22,65,7
21,60,5
21,57,8
22,60,9
21,59,7
21,61,6
22,61,7
22,64,7
22,60,8
21,56,8
22,63,6
22,66,7
21,64,4
22,66,5
21,62,5
22,62,6
23,64,7
22,65,5
22,61,7
21,62,6
21,59,7
22,63,7
21,64,7
21,61,6
21,58,6
22,63,6
22,65,7
22,62,6
21,63,3
21,65,7
22,67,8
23,65,7
22,64,7
23,73,4
23,66,7
23,68,8
22,67,7
23,66,6
21,66,4
23,65,8
22,68,6
22,62,7
22,63,7
23,62,7
22,70,5
23,67,7
23,63,9
21,60,6
23,63,8
21,57,5
22,62,7
23,66,8
22,65,8
22,63,8
21,59,6
23,70,6
23,70,5
23,59,7
21,64,7
21,66,7
23,72,6
21,73,5
23,65,8
22,58,7
22,62,7
22,64,8
23,64,6
23,58,8
23,59,7
23,71,7
23,66,7
23,66,7
21,60,6
23,59,8
21,59,7
21,68,6
22,65,7
23,69,5
21,61,8
21,61,6
23,66,7
23,65,7
21,59,6
21,63,7
22,59,8
20,61,6
21,62,6
22,66,4
23,61,8
21,70,5
23,66,6
23,64,8
22,68,7
21,58,7
22,68,6
21,69,5
23,66,8
21,59,7
21,57,8
21,60,7
21,58,7
23,63,7
23,65,7
23,63,6
23,65,8
22,62,7
22,56,9
22,62,6
21,65,8
22,66,8
21,63,4
21,60,7
22,59,8
22,68,7
21,61,5
22,57,8
23,66,8
23,73,7
22,61,8
22,58,8
21,55,7
21,53,7
22,56,9
22,60,8
23,67,5
21,57,9
22,60,9
21,57,8
19,57,5
19,60,5
21,63,5
22,58,8
21,63,5
20,62,6
21,72,6
21,66,6
19,60,6
20,58,7
20,64,6
22,57,9
21,69,8
22,69,6
21,64,7
23,70,8
22,67,9
21,64,6
23,63,7
22,60,8
21,57,6
23,75,8
23,78,5
22,72,6
23,73,5
23,62,9
21,60,7
23,69,6
21,67,5
23,69,6
23,69,6
21,66,5
21,57,6
23,61,8
23,69,7
22,57,7
21,69,6
21,73,4
22,73,6
23,69,5
20,60,7
23,73,7
21,70,6
21,65,6
22,67,5
23,78,5
22,76,6
23,88,5
23,84,4
23,70,6
22,73,6
23,71,6
21,65,7
23,68,8
22,61,8
23,66,7
23,70,6
21,61,6
19,58,5
23,68,5
23,70,6
23,64,6
22,61,7
23,59,9
22,63,8
21,61,4
21,61,5
22,58,8
23,55,10
22,59,7
21,59,5
21,58,5
21,65,6
23,63,9
23,71,10
23,67,10
21,61,8
23,70,10
23,71,10
23,70,9
23,68,9
23,65,8
23,65,8
23,70,10
23,69,8
23,70,8
23,63,5
23,66,5
21,60,5
21,61,2
23,68,4
20,54,4
21,59,3
21,90,9
22,67,5
19,56,4
23,70,9
22,68,5
20,60,9
20,62,8
20,61,6
21,60,7
19,57,7
18,50,5
23,67,5
23,76,7
20,66,7
21,63,9
22,68,8
22,61,5
22,65,6
20,72,5
23,64,8
21,58,8
22,64,6
22,61,6
20,68,5
22,60,6
22,64,7
23,72,9
22,73,1
23,70,2
22,70,3
21,64,8
23,84,7
22,69,9
23,74,7
22,65,11
20,61,8
23,70,10
22,69,9
22,69,10
22,66,7
23,75,10
22,69,8
22,69,7
22,71,9
23,92,8
23,75,9
22,69,7
21,74,4
22,71,7
22,65,3
22,71,7
21,62,7
19,58,4
21,62,6
22,69,4
22,69,4
22,59,8
23,67,7
23,65,7
22,61,7
21,60,8
23,67,7
23,62,8
23,82,4
23,67,8
21,73,6
21,62,2
23,66,9
23,62,9
23,59,6
23,55,8
23,59,7
23,60,8
22,63,6
23,61,7
23,73,7
22,60,5
20,54,6
22,60,6
21,60,7
21,65,7
22,67,7
21,71,5
21,58,6
22,59,7
22,64,8
21,68,5
23,68,8
22,62,8
21,67,6
22,60,6
21,63,7
23,65,7
22,63,7
21,64,7
21,66,1
22,60,7
21,75,3
21,67,2
23,63,8
22,65,7
23,65,7
22,72,4
22,56,5
22,61,5
20,61,7
23,69,7
21,64,7
21,64,8
20,61,6
22,60,8
23,61,8
21,64,6
22,61,6
22,63,6
21,73,5
21,61,7
22,63,6
22,65,7
21,66,5
22,61,7
21,64,7
22,70,5
19,56,2
23,67,7
21,64,7
23,66,6
21,66,8
23,71,9
23,73,7
22,67,6
21,63,7
22,57,7
23,70,6
22,61,7
21,54,8
19,64,7
22,60,7
21,57,7
20,72,5
22,58,7
21,62,7
21,66,8
23,68,7
23,67,7
22,62,7
23,71,2
23,76,6
22,67,3
23,81,9
21,59,4
21,64,4
22,68,6
21,62,4
22,69,5
21,65,5
22,72,6
21,62,4
21,67,6
21,71,5
22,70,0
20,55,3
19,81,9
23,69,5
22,63,5
22,61,7
20,72,5
22,58,5
22,59,6
20,62,6
22,66,3
23,77,5
22,65,7
22,64,6
22,70,8
22,69,5
22,60,9
22,63,8
22,72,5
22,65,8
22,62,7
22,62,7
21,63,1
22,62,7
21,66,6
22,63,6
23,84,5
21,64,7
23,65,7
20,64,6
22,63,7
21,57,8
21,72,6
21,62,6
23,59,7
23,66,8
22,60,7
22,63,7
22,72,5
22,70,4
21,61,6
23,66,7
23,63,7
21,73,6
23,67,8
22,68,6
22,62,7
21,67,6
23,67,7
21,59,6
23,61,7
23,72,5
22,69,6
23,59,7
23,63,8
21,66,3
21,68,4
21,67,4
21,68,6
21,60,5
22,65,7
21,65,5
23,64,7
23,66,7
21,74,7
22,63,7
22,62,8
21,52,8
22,62,7
22,62,7
23,69,7
21,55,9
21,67,6
22,60,8
22,62,7
22,68,5
22,65,7
21,70,6
21,68,5
23,62,8
22,62,8
20,61,6
22,63,8
23,71,6
23,60,9
21,65,7
21,70,6
21,60,5
21,59,6
21,65,6
22,66,8
21,62,7
21,73,6
21,59,4
22,60,6
23,70,6
22,61,7
22,82,9
23,86,9
23,85,8
23,67,10
23,78,8
23,74,9
23,76,9
22,68,7
23,73,11
23,71,10
23,67,10
23,79,8
22,73,7
23,72,9
23,82,8
19,66,3
23,68,7
23,85,7
22,65,8
23,85,9
22,67,10
20,65,7
22,67,10
20,65,7
21,76,6
23,69,8
23,75,9
23,81,6
22,72,9
23,79,8
23,85,8
21,68,8
22,71,4
21,63,8
23,68,7
23,73,8
23,65,10
22,67,7
23,76,7
22,68,8
23,71,9
22,68,8
23,71,10
23,76,9
21,57,6
22,62,8
23,70,7
21,60,7
23,67,6
23,60,8
21,62,6
21,60,6
22,64,7
23,63,8
22,65,8
22,61,8
22,71,5
23,63,7
23,69,6
22,65,7
23,62,8
23,65,7
23,58,7
21,60,6
23,69,8
21,63,6
22,64,8
22,68,6
22,60,8
20,52,4
21,55,2
21,63,7
22,61,8
23,70,5
23,67,8
23,60,8
22,64,6
22,60,7
22,65,4
21,62,6
21,60,6
23,70,6
23,69,6
23,71,6
23,60,8
23,69,8
23,71,7
21,63,7
23,70,8
21,62,7
23,66,7
21,60,6
23,72,6
22,65,4
22,62,7
21,67,7
23,70,5
23,57,7
22,62,8
22,64,7
22,64,8
22,64,8
21,65,7
23,69,8
22,60,8
22,65,7
21,60,6
22,61,8
22,58,8
22,62,6
23,64,7
23,63,6
21,58,6
23,61,9
22,66,8
21,66,5
22,65,7
21,60,7
22,66,7
23,68,8
22,62,7
21,73,6
23,64,7
22,59,8
22,63,9
23,71,7
22,65,7
22,64,7
21,62,7
21,59,7
21,57,8
22,65,8
23,63,7
23,66,7
21,59,7
22,59,8
21,64,5
23,65,6
23,65,7
22,61,9
23,70,6
22,61,8
23,69,5
22,64,8
23,66,7
23,81,5
20,60,4
22,55,9
21,60,7
21,62,5
23,63,8
21,62,5
21,57,6
22,60,8
23,63,7
23,79,5
22,62,7
23,60,8
21,60,6
23,63,7
21,59,5
22,64,5
23,62,8
21,70,6
22,62,7
22,72,6
22,65,7
23,62,9
22,62,7
22,69,6
22,66,6
23,60,8
23,60,8
23,58,9
23,60,7
23,69,6
23,55,9
21,57,7
23,64,7
21,56,7
21,59,6
22,73,6
22,61,7
23,66,7
22,67,7
22,59,7
21,64,7
22,65,4
21,60,6
21,62,7
23,71,7
21,70,6
22,59,8
21,64,6
22,62,8
23,66,6
23,64,8
23,69,6
23,61,7
23,59,8
23,73,7
23,66,7
23,66,7
22,60,8
22,67,8
23,63,7
23,68,7
23,65,7
23,58,6
21,57,5
23,63,6
23,65,8
22,59,7
21,57,6
22,66,8
21,59,7
22,60,8
23,64,7
22,72,7
22,57,8
22,66,8
22,71,7
23,64,7
23,68,7
23,60,7
23,66,7
22,64,5
22,66,7
22,65,6
22,64,7
23,66,7
23,65,7
21,61,3
21,63,5
21,64,3
23,66,7
21,67,4
23,69,5
21,60,7
23,61,8
23,70,6
21,70,5
23,68,7
21,73,5
21,66,6
23,72,6
23,64,9
23,72,5
23,65,6
23,60,8
23,67,8
23,76,5
23,76,6
23,66,8
21,56,8
23,70,5
23,68,6
21,57,3
23,63,7
23,70,6
23,67,6
23,83,4
22,64,7
23,71,10
23,70,8
23,70,8
20,62,8
23,71,10
23,68,8
23,71,8
23,64,9
23,65,8
21,56,6
19,56,2
19,56,4
22,67,5
23,67,5
22,63,5
19,60,9
20,66,7
23,70,10
23,72,9
23,80,4
22,82,7
23,80,6
23,69,2
23,63,6
22,69,4
22,69,5
21,60,5
22,61,7
21,65,4
22,63,8
21,68,4
22,62,7
22,69,6
22,64,7
22,62,7
20,58,5
23,69,3
23,70,7
21,76,6
22,62,7
23,68,7
22,66,7
21,65,5
20,63,5
23,63,7
21,62,7
22,63,7
22,60,8
23,66,6
23,59,6
21,54,8
21,63,6
21,76,4
23,69,7
22,69,5
22,60,8
21,65,5
22,60,6
22,63,7
23,70,7
21,68,5
23,64,7
23,65,6
23,68,6
23,61,6
22,69,7
23,63,8
22,61,7
23,74,7
21,63,1
22,62,7
22,72,6
22,70,6
21,65,5
21,65,1
22,63,7
23,67,7
21,55,8
23,74,5
23,64,8
21,67,4
21,67,5
21,62,6
22,73,6
21,65,3
23,63,7
23,69,7
21,66,6
21,62,5
21,64,7
21,63,6
21,59,6
23,67,7
21,76,7
23,82,7
23,85,8
23,84,8
23,75,4
23,69,10
23,72,8
23,76,10
23,76,9
23,76,9
23,70,9
23,71,9
23,68,8
23,73,8
22,61,8
22,57,8
23,63,8
23,65,8
22,67,6
21,58,7
23,68,7
23,60,9
23,61,8
23,70,6
23,68,7
23,62,7
23,69,6
23,63,7
22,65,7
21,67,4
21,63,7
21,60,6
23,73,7
21,69,5
23,66,8
22,60,7
23,69,6
22,66,8
21,58,8
23,69,5
23,65,7
23,64,9
22,65,7
23,65,8
23,69,6
23,69,8
23,68,6
23,68,7
23,73,6
23,61,7
21,64,7
23,60,7
22,62,7
22,62,7
22,61,7
23,60,9
23,67,8
21,59,6
22,65,7
22,60,9
22,60,8
23,69,9
21,57,7
23,68,8
22,58,8
22,55,8
23,63,9
22,63,7
22,71,6
22,65,7
21,68,4
22,65,7
21,68,5
23,62,7
22,71,5
22,64,8
21,63,7
22,61,7
23,73,7
23,80,5
22,66,6
21,64,5
22,62,6
21,60,6
22,66,5
22,67,7
22,66,5
22,62,6
23,69,7
21,64,6
22,68,6
21,65,7
23,63,7
21,58,6
21,57,7
23,65,7
22,74,6
23,64,7
23,69,5
23,70,6
21,70,5
21,65,7
21,63,4
22,63,7
23,62,7
23,59,7
23,68,6
23,70,6
23,67,7
21,64,6
21,60,7
23,63,7
22,69,7
23,62,7
22,60,8
23,80,6
22,61,6
22,66,7
22,67,8
23,60,6
21,62,6
22,64,7
23,68,6
23,63,7
22,60,8
21,62,6
21,63,6
21,66,6
23,64,7
23,70,6
22,64,6
22,67,5
22,67,6
22,69,6
23,65,8
22,59,8
23,69,6
22,57,8
21,60,6
23,58,9
23,66,7
23,71,6
22,60,8
23,68,9
22,61,6
23,72,9
22,86,8
23,68,6
23,64,7
21,56,6
21,64,7
21,69,6
21,60,7
20,64,5
21,70,5
22,67,7
21,64,3
21,62,3
21,68,5
21,65,5
21,68,3
21,68,4
21,67,5
22,72,6
21,59,4
21,62,5
22,73,6
21,60,4
21,62,5
22,62,7
22,63,7
22,68,5
21,60,7
22,55,6
19,62,5
22,62,7
22,58,7
20,59,5
22,70,6
20,63,6
22,60,7
23,70,6
21,66,5
21,68,4
21,63,7
21,68,7
22,75,6
22,75,6
21,73,6
21,70,6
19,62,5
19,60,5
21,51,7
22,65,6
19,62,5
20,53,8
23,55,6
22,65,7
21,69,4
23,74,7
21,54,7
19,65,6
20,55,7
21,58,7
21,65,7
23,65,8
22,58,7
22,56,8
22,69,7
22,68,5
22,60,7
22,51,6
23,71,6
23,70,6
22,60,7
22,65,7
21,57,6
20,59,5
22,60,8
22,62,7
22,63,6
22,62,7
22,72,6
21,59,5
21,66,7
21,62,6
21,67,6
21,59,6
21,71,6
21,74,6
21,71,5
21,68,7
22,62,7
22,61,7
23,63,7
22,64,7
20,57,5
20,60,6
21,73,6
21,66,6
21,70,6
21,59,6
22,70,6
21,63,7
21,62,6
21,60,7
21,56,6
22,66,8
21,56,6
19,62,5
21,78,4
21,62,6
21,73,5
20,57,5
22,59,7
22,60,7
22,67,7
22,57,7
20,63,6
22,54,7
21,59,7
20,57,7
19,63,5
21,64,7
20,55,7
22,62,5
22,60,5
21,59,6
22,69,7
22,63,7
23,64,7
23,57,7
21,69,4
21,64,7
21,62,6
23,69,6
19,62,6
20,65,6
21,58,7
21,60,5
21,57,9
22,60,6
20,55,6
23,65,6
22,57,8
20,59,4
22,60,7
22,57,7
22,69,5
22,68,5
22,55,8
22,61,7
21,57,7
22,66,8
21,59,6
23,73,7
22,56,7
22,52,7
23,70,7
23,57,8
23,70,6
23,64,7
22,62,6
21,57,7
20,54,5
22,62,7
23,81,6
22,56,7
20,60,6
20,61,6
23,62,6
23,63,6
20,52,5
21,53,7
21,63,7
19,62,5
23,66,5
19,60,5
20,62,7
21,63,6
21,57,6
21,57,6
21,53,7
21,54,8
21,51,6
22,49,7
22,54,8
23,56,6
22,60,7
22,60,8
22,60,6
20,55,6
22,57,7
20,58,5
22,70,6
19,63,5
22,60,7
22,64,7
23,81,5
21,57,6
23,65,7
20,58,5
22,60,6
21,64,6
23,58,8
22,53,8
23,55,6
22,66,7
21,69,4
23,71,6
23,65,7
23,63,8
22,63,7
22,52,6
23,68,7
23,73,7
22,58,7
23,68,7
20,74,5
20,58,7
20,48,6
22,62,6
22,60,5
20,57,7
22,58,8
22,55,7
23,68,7
23,62,8
21,58,6
22,63,8
23,70,6
21,61,6
22,62,8
23,62,8
23,76,5
23,62,8
23,68,8
23,70,6
23,69,5
23,65,8
21,57,6
21,62,6
23,63,7
23,63,7
21,60,6
22,63,7
22,64,6
21,61,7
21,65,7
21,60,6
21,60,6
23,69,5
22,68,7
23,65,8
23,66,7
21,60,5
21,57,6
22,60,8
22,62,7
22,60,8
21,55,6
21,62,7
22,65,7
22,64,7
21,60,7
23,69,6
23,68,8
22,58,7
23,65,6
22,63,8
23,75,8
23,69,10
21,60,5
23,61,7
22,60,6
21,55,6
23,71,7
23,65,8
22,58,8
23,63,8
23,71,5
21,65,7
22,67,8
22,64,7
21,66,5
22,64,6
21,61,7
20,61,6
23,67,7
21,60,6
21,60,6
23,67,8
22,60,5
21,61,6
23,61,8
23,66,7
23,68,8
23,70,6
23,68,8
23,78,5
23,60,7
23,65,8
22,56,7
20,61,6
23,63,7
21,55,6
20,66,7
23,69,7
23,68,8
23,56,8
21,59,7
23,70,6
21,70,4
23,56,8
21,68,7
23,64,7
22,68,7
23,68,9
23,69,6
21,63,6
21,59,7
23,69,5
22,65,6
22,67,6
23,63,8
22,70,6
23,64,7
21,57,7
21,66,7
22,62,8
23,51,7
22,58,8
21,55,6
22,55,7
23,50,6
22,58,7
21,63,7
21,67,6
23,70,7
21,61,5
22,60,8
21,63,7
22,62,8
21,57,6
21,62,7
23,67,7
23,65,6
22,68,7
23,68,7
23,68,8
23,70,5
21,63,7
22,65,7
21,63,7
22,63,7
20,66,7
21,63,6
21,67,4
23,61,7
22,68,7
22,67,6
21,65,7
22,62,6
22,61,7
23,74,6
23,63,7
22,63,7
22,72,6
21,64,8
21,63,6
22,62,7
21,64,7
21,60,7
21,59,6
21,59,6
22,64,5
21,71,7
22,66,5
19,64,8
21,60,7
23,70,7
21,56,7
23,56,8
22,69,6
21,68,5
23,73,6
23,72,6
21,71,5
21,63,7
23,62,7
22,67,6
23,66,8
22,54,7
22,62,7
21,55,6
23,51,7
22,62,8
21,64,8
21,65,6
20,61,5
23,65,7
23,69,7
22,62,7
22,62,7
22,62,7
21,64,5
23,69,5
23,66,7
23,70,6
23,69,6
23,55,7
23,63,5
20,61,7
22,64,7
22,63,7
21,62,5
21,56,3
21,66,6
22,62,6
21,67,5
21,61,6
21,56,6
21,69,6
22,59,7
22,70,5
21,62,7
23,63,7
21,68,6
22,61,8
21,58,6
22,55,6
22,68,5
22,69,7
23,65,8
22,52,7
22,80,7
23,65,6
23,61,7
23,51,7
22,62,7
23,56,6
21,70,5
22,63,6
21,70,6
20,65,7
21,60,8
21,69,5
21,59,6
21,73,3
21,66,3
22,62,7
21,63,7
22,66,6
22,57,6
21,60,8
21,74,5
22,52,6
22,74,5
20,63,6
23,51,7
23,65,6
20,56,5
20,61,6
22,67,7
21,70,6
20,64,7
21,59,6
21,72,3
22,56,8
22,57,6
22,65,6
22,61,7
18,57,4
22,70,6
21,62,5
21,65,5
22,52,6
21,61,8
20,75,6
23,55,7
20,74,5
22,67,4
22,67,4
22,59,7
22,65,7
22,57,8
22,55,7
22,62,8
22,68,5
22,68,6
23,64,7
21,57,9
21,70,6
22,58,6
22,67,6
22,68,7
22,55,6
22,67,7
23,59,7
22,63,6
21,70,6
21,70,6
23,65,7
21,62,9
23,70,5
21,51,9
22,59,7
21,67,6
21,66,7
21,62,6
21,63,5
22,66,6
21,66,4
21,68,5
23,62,8
21,63,5
21,65,7
21,59,7
21,68,6
21,65,6
21,57,6
22,68,5
21,63,5
21,70,5
22,69,6
22,62,6
21,62,7
21,75,4
23,65,7
22,63,6
21,63,7
21,71,5
21,64,7
21,59,5
22,65,6
23,74,8
21,73,4
22,54,7
20,62,6
22,68,5
22,60,7
23,55,8
23,70,6
21,62,6
23,69,7
23,59,9
23,62,7
21,64,5
23,62,8
23,71,7
21,67,6
23,67,8
21,57,7
23,55,8
23,70,7
23,55,8
23,64,7
21,60,5
23,65,7
23,68,8
23,65,8
21,62,6
21,60,6
22,62,7
21,59,6
22,58,8
23,61,8
22,65,6
21,60,6
21,64,5
22,63,7
21,59,5
21,65,5
22,66,7
23,61,6
23,61,6
23,65,7
23,70,8
21,61,6
23,72,7
21,64,5
22,62,7
23,57,8
23,69,6
21,57,6
23,71,6
23,65,7
21,60,6
23,64,7
23,64,7
23,61,8
23,56,7
23,65,7
23,55,9
21,60,8
23,55,7
23,70,5
23,55,7
23,68,5
23,73,8
23,66,8
23,70,5
21,64,7
23,66,7
23,69,5
21,58,6
23,74,8
21,57,6
23,66,8
23,55,9
21,69,7
23,64,8
22,62,7
22,53,7
22,60,7
22,58,7
22,60,7
21,57,5
22,60,8
23,62,6
23,60,6
22,62,7
21,65,5
23,66,7
23,66,7
21,70,5
22,64,8
22,63,9
22,65,7
22,67,7
22,61,8
23,76,5
23,68,7
21,55,5
23,60,7
23,72,6
23,61,9
21,58,7
21,63,5
22,60,7
23,69,5
22,60,8
22,69,6
23,67,7
21,59,7
23,64,7
23,81,5
22,53,8
23,65,7
21,63,7
22,70,5
23,67,8
21,73,5
22,58,7
21,57,5
23,67,7
23,61,7
23,81,5
21,56,7
23,62,8
22,61,7
22,69,5
23,65,8
22,62,7
23,68,3
22,58,5
23,65,6
22,63,6
22,64,7
22,69,4
22,60,7
23,83,6
22,60,5
23,65,7
23,69,6
22,64,7
21,64,6
23,83,6
22,65,7
22,61,8
21,68,4
23,57,7
21,66,4
21,69,3
23,71,6
22,58,7
21,69,4
21,63,4
21,65,4
22,73,6
21,65,3
23,60,7
23,62,7
21,63,3
23,63,8
23,63,8
21,66,4
23,61,7
23,63,8
21,65,3
21,67,4
23,65,6
23,64,7
23,59,9
23,69,5
21,61,5
23,60,8
22,65,7
21,59,6
23,62,7
23,62,8
23,69,7
23,70,6
23,56,8
21,60,6
23,55,7
23,61,8
23,72,7
23,63,7
23,66,8
23,66,8
23,62,7
23,60,9
23,66,7
23,70,5
22,65,7
23,69,6
21,62,6
23,66,7
23,55,8
23,72,7
21,62,6
22,60,8
21,59,8
23,69,6
23,62,7
23,68,8
23,77,4
23,74,8
23,71,5
21,64,6
22,62,7
22,69,6
21,74,6
22,59,9
22,69,4
21,72,4
21,59,7
23,72,5
21,55,9
22,62,7
23,60,7
21,61,5
21,67,6
21,73,4
23,72,8
21,72,4
21,62,6
23,62,8
21,58,7
21,57,6
23,71,6
23,69,6
23,58,8
23,64,8
22,73,5
22,62,7
23,63,7
23,68,7
23,70,6
23,69,7
22,58,8
23,65,7
22,69,7
23,57,8
23,82,7
23,59,7
23,74,6
23,79,6
23,64,7
19,58,6
23,74,6
22,159,10
18,62,6
21,61,5
17,53,6
23,63,7
20,68,3
21,69,6
21,77,8
23,73,4
17,58,6
23,64,4
23,58,4
23,56,4
21,66,3
20,61,4
21,69,5
21,77,8
23,73,4
23,78,5
23,88,8
23,162,9
20,61,2
22,61,2
23,81,7
23,81,8
23,59,4
23,67,0
23,70,1
19,47,4
23,88,11
21,49,4
23,81,10
22,75,8
23,87,9
21,86,7
21,71,5
23,60,6
19,51,4
22,81,4
19,52,4
23,66,5
22,63,2
22,67,4
21,68,3
23,68,3
22,67,4
21,71,7
21,78,8
21,69,6
23,58,4
18,57,5
21,59,6
23,79,5
16,49,3
21,58,4
23,64,5
21,57,5
23,61,6
23,67,5
21,71,5
21,58,5
21,48,5
23,54,5
23,69,3
23,72,4
21,68,4
23,77,3
20,78,9
21,74,6
20,66,6
21,57,3
23,86,8
23,138,8
23,57,5
21,62,4
22,70,4
22,58,2
22,68,2
20,54,2
23,77,3
23,74,4
22,83,9
23,86,11
22,71,2
22,82,8
22,80,6
20,65,2
23,80,9
23,90,9
21,74,7
23,90,7
23,73,5
21,81,7
23,88,8
20,74,9
21,78,9
23,93,9
23,99,9
23,73,4
23,85,9
23,89,11
23,57,8
23,93,7
23,93,7
23,89,7
19,69,7
23,85,10
21,75,10
22,76,9
20,74,8
23,76,2
23,74,3
23,75,4
23,70,4
23,80,11
22,80,6
23,86,12
20,67,2
23,90,9
20,71,10
22,71,3
20,71,11
22,77,11
23,74,4
22,80,8
23,84,9
23,80,11
23,84,9
23,77,4
23,90,9
23,85,9
23,80,9
23,82,9
23,84,9
22,74,9
23,86,9
20,73,8
23,85,9
23,78,10
23,79,9
23,76,8
23,83,4
22,79,10
22,74,8
23,74,3
21,71,5
23,75,7
23,77,4
22,82,11
21,79,7
22,69,1
23,96,9
21,74,8
19,43,7
20,60,4
21,57,3
21,56,6
21,49,4
23,69,6
23,58,7
22,50,6
21,65,4
23,81,7
23,71,2
22,78,2
23,68,4
21,64,7
21,63,7
21,72,8
21,70,3
23,66,8
21,64,5
23,70,6
22,59,3
22,63,1
22,67,8
23,72,10
23,78,8
23,71,8
23,72,3
23,77,7
23,76,9
23,72,12
23,72,8
22,69,9
23,85,8
23,84,6
22,70,8
22,69,7
23,69,10
23,70,8
23,75,8
22,70,4
22,67,3
23,70,7
23,78,2
22,69,9
23,67,7
23,67,10
21,66,6
23,64,2
22,68,3
23,77,2
23,68,9
22,73,7
23,68,7
23,82,6
23,77,5
23,69,7
23,72,10
22,66,3
23,66,4
21,80,7
21,72,8
22,73,4
21,67,3
19,61,5
19,60,3
21,63,6
21,55,5
19,65,5
21,70,5
20,61,4
20,78,9
23,79,4
21,74,6
21,78,6
21,60,3
20,65,5
21,74,5
19,61,5
22,64,3
20,62,4
23,59,6
19,51,4
20,50,3
23,64,5
23,70,4
21,65,5
20,59,3
20,62,5
19,59,3
19,62,4
21,62,4
19,62,5
19,57,5
23,75,5
23,75,3
19,60,3
23,78,4
23,79,5
23,80,8
23,72,5
21,67,4
23,74,3
20,62,2
23,72,4
23,65,2
21,68,5
19,63,3
22,70,3
21,67,5
19,56,6
19,61,3
19,62,7
19,58,3
21,64,3
21,66,5
22,63,6
21,64,3
21,62,5
21,74,5
22,67,2
21,70,6
21,74,4
23,73,6
23,58,5
18,52,2
23,70,4
20,59,2
23,84,5
19,55,3
22,76,4
23,78,3
21,64,4
21,61,3
19,58,4
19,58,5
21,57,5
21,69,7
19,54,3
20,62,3
20,58,2
21,67,4
20,56,4
19,51,5
19,57,4
23,72,4
23,71,2
23,72,2
23,67,3
23,69,3
23,69,3
23,67,3
23,75,7
22,68,8
22,79,8
23,86,6
22,76,7
22,76,7
23,82,6
23,82,7
21,68,7
22,68,9
23,71,2
23,71,2
22,73,8
22,73,8
22,69,9
21,61,7
23,73,9
23,86,8
23,78,4
23,76,7
20,66,8
23,67,8
22,80,8
22,71,9
23,86,6
22,73,8
22,68,6
23,90,7
23,78,4
23,67,8
21,71,2
22,76,8
23,72,3
23,72,2
23,71,3
23,69,2
23,80,7
22,73,7
22,67,8
22,62,8
20,64,6
22,69,3
22,69,3
21,75,4
22,73,5
23,74,9
22,67,7
22,71,3
23,80,8
21,65,7
23,73,3
23,70,2
20,64,8
23,72,3
23,69,7
22,63,2
23,85,6
23,67,3
23,69,2
22,79,7
22,72,2
22,83,8
23,71,3
23,70,4
22,75,7
21,67,2
23,69,2
22,68,3
21,63,10
22,69,8
23,70,9
22,61,8
22,65,8
22,71,8
23,72,10
22,79,7
23,73,3
23,70,3
23,89,8
23,86,8
23,90,7
20,64,8
23,74,6
20,65,7
23,67,3
20,64,8
23,71,5
22,83,5
22,68,2
21,71,7
23,73,7
23,82,7
23,67,3
21,66,4
22,79,7
21,65,4
21,67,6
23,72,9
23,74,7
22,75,8
21,67,6
22,67,8
23,71,9
22,71,8
23,64,4
23,67,3
23,85,7
22,67,9
22,67,3
20,69,7
22,66,1
22,69,2
23,86,8
21,71,2
22,71,2
22,65,10
22,69,3
21,71,3
23,71,3
23,70,10
22,68,9
23,82,8
23,69,3
22,70,9
22,71,8
23,75,3
23,72,2
21,70,1
22,68,7
22,74,7
22,70,2
23,64,8
22,66,8
22,64,8
21,67,7
21,68,9
20,57,8
23,70,11
23,73,10
22,66,11
23,70,10
23,73,9
22,66,9
23,71,2
22,71,2
23,73,10
22,65,10
21,65,9
22,63,5
22,62,10
23,70,10
23,73,9
23,72,10
23,68,8
22,67,8
22,69,3
23,67,8
23,67,10
23,69,11
23,71,10
23,69,8
23,69,9
23,73,9
21,76,5
21,61,7
23,69,11
23,71,10
22,70,4
23,73,7
22,70,3
23,71,9
23,82,7
23,77,7
22,61,8
22,65,7
22,65,9
21,66,8
20,57,8
23,85,7
22,71,3
23,68,7
23,70,10
22,71,4
22,70,8
21,67,8
22,69,3
23,71,9
22,63,5
19,59,2
22,80,6
22,69,10
22,80,6
23,83,6
20,61,6
23,76,9
22,71,5
22,71,4
23,71,8
22,65,7
23,77,7
21,70,5
22,71,3
23,76,9
20,61,7
22,73,5
23,73,9
22,65,8
22,70,4
22,70,4
21,75,5
21,71,3
23,75,9
22,69,3
22,71,7
20,65,8
21,67,8
20,65,7
19,61,7
22,70,3
22,70,4
20,65,7
21,65,6
20,66,7
21,65,6
23,64,7
22,71,3
20,58,7
23,80,5
20,58,7
23,80,5
23,82,9
23,67,10
22,67,9
23,73,10
23,71,8
23,73,7
23,71,9
23,71,10
22,63,5
19,59,2
23,69,10
23,86,6
23,73,9
22,66,11
23,74,11
22,66,9
23,71,10
22,65,9
23,70,10
22,65,9
23,74,9
23,71,2
22,68,2
23,69,3
23,69,2
23,75,3
23,72,3
21,65,8
22,71,9
22,70,10
23,87,9
22,78,1
23,77,3
21,66,3
22,71,3
22,71,3
22,69,10
22,56,4
22,69,9
23,69,10
22,64,7
23,78,9
23,76,6
23,69,9
23,80,8
22,63,7
22,67,9
22,67,9
22,70,9
22,71,9
22,56,4
23,56,7
21,57,6
22,59,3
23,73,11
21,53,2
23,75,3
23,71,3
21,73,7
23,84,8
21,68,7
21,65,7
23,75,4
23,69,3
23,69,3
23,70,9
22,70,9
22,75,7
23,73,9
22,68,8
22,68,8
23,73,8
23,81,6
23,73,8
22,64,9
20,64,6
22,64,9
20,64,6
22,69,8
22,68,3
21,66,4
20,61,8
21,65,9
22,71,5
22,66,8
22,68,3
21,67,8
20,67,7
21,66,7
20,66,8
23,73,9
22,65,9
22,70,4
22,71,2
20,65,7
22,69,3
23,71,9
23,82,8
23,86,6
23,82,6
23,82,8
23,68,10
23,68,9
23,70,9
23,69,9
23,70,9
23,85,9
23,77,9
22,65,8
22,68,8
21,61,9
23,69,8
22,61,7
23,80,5
22,65,9
22,68,10
21,61,9
23,69,9
22,61,7
22,71,7
21,66,3
22,67,9
22,68,9
23,75,3
22,67,9
22,68,9
23,70,3
23,78,3
22,60,10
21,66,8
22,64,8
23,76,3
22,71,8
23,66,9
22,73,7
22,71,9
22,70,9
23,71,8
23,69,9
23,85,7
23,69,8
22,69,10
20,60,6
22,65,7
22,73,7
23,71,9
22,68,8
22,68,8
22,68,8
22,65,7
23,72,9
23,74,9
22,69,8
23,76,10
23,72,11
22,66,10
22,69,8
22,66,9
22,67,9
22,69,11
22,68,7
23,72,4
23,75,5
22,65,9
21,65,7
23,67,9
23,74,8
23,69,8
23,71,9
23,71,9
22,74,7
22,74,8
22,74,8
23,78,4
23,80,4
23,75,10
22,61,9
22,67,8
23,85,8
23,83,7
23,70,8
23,70,10
23,72,8
23,70,10
22,67,10
23,72,8
22,60,8
23,69,8
23,73,7
23,73,8
23,67,10
23,73,7
23,73,8
23,72,9
21,74,3
22,68,7
23,69,10
21,72,7
21,63,8
21,63,8
23,71,9
22,68,7
23,70,8
23,72,8
23,75,6
21,66,9
23,64,4
23,69,11
22,69,10
23,69,2
22,72,8
21,63,9
23,76,6
22,71,2
22,75,7
23,80,4
23,63,7
23,88,9
23,85,9
21,73,2
22,61,9
22,70,8
22,65,7
23,84,4
21,66,9
23,67,12
23,69,10
21,66,9
23,67,12
22,79,6
22,71,6
23,79,5
22,69,7
22,66,9
22,69,7
23,68,11
23,77,7
22,60,9
22,60,9
23,66,9
21,66,8
23,71,7
22,74,2
23,63,7
22,71,2
23,66,9
23,71,9
23,73,10
23,72,10
22,63,10
23,65,10
23,68,8
22,70,9
23,73,8
21,76,5
23,71,9
23,71,9
23,67,9
23,68,8
22,67,9
22,70,9
23,71,7
23,65,8
23,73,9
23,69,10
22,63,10
23,69,11
22,63,10
23,78,9
23,71,9
22,63,5
23,72,8
20,67,1
23,82,7
23,71,9
21,63,8
21,63,8
22,60,7
23,69,9
22,66,8
23,79,8
22,71,8
23,83,7
22,71,7
21,68,2
23,71,9
23,87,7
23,77,9
22,70,2
22,84,6
21,67,8
22,66,8
22,71,4
22,71,7
22,71,8
22,68,3
23,67,3
23,68,3
23,71,3
23,71,2
23,71,3
23,72,2
23,76,8
23,70,10
22,64,9
22,63,9
22,62,8
22,70,9
23,67,8
22,65,8
22,63,7
20,67,1
23,68,8
23,69,9
23,74,3
23,71,2
21,70,3
23,64,8
22,63,9
22,68,7
23,74,3
21,71,5
22,71,4
22,64,9
21,61,9
22,63,9
23,69,9
23,74,10
23,80,4
22,66,8
23,71,8
23,76,7
23,68,10
22,71,3
21,65,9
23,68,8
22,71,4
23,79,7
22,68,3
23,71,9
23,67,10
23,71,9
23,70,11
22,64,10
23,68,10
23,73,10
22,64,10
22,70,10
23,69,8
22,64,6
20,68,4
23,72,2
22,71,9
22,61,8
23,72,6
22,65,7
23,66,9
22,71,3
23,77,3
22,70,3
22,71,8
23,79,6
23,80,5
22,66,10
22,71,4
22,68,2
22,67,10
21,63,8
23,83,4
23,80,4
23,71,10
22,69,5
22,74,3
23,77,4
23,67,10
23,68,7
22,70,2
23,63,8
23,74,10
23,70,9
23,69,9
23,73,9
22,68,8
21,67,6
20,61,6
23,71,10
23,70,10
22,69,5
23,72,9
22,69,9
23,71,10
22,66,9
23,75,10
23,71,8
22,66,7
23,84,7
22,70,7
22,67,7
23,71,7
22,74,5
22,67,3
23,80,4
22,67,9
23,71,9
20,65,6
22,66,8
23,71,9
22,68,8
22,69,10
22,66,7
22,64,7
23,79,8
21,67,7
23,71,9
23,72,8
21,66,6
20,60,8
20,61,7
23,70,10
20,61,7
23,71,10
23,71,9
20,61,6
23,65,10
23,72,10
22,68,8
23,75,9
22,61,7
22,64,7
23,71,9
22,66,7
20,68,2
22,69,8
21,65,9
23,71,8
22,67,7
21,67,7
23,71,10
23,69,8
22,68,8
22,69,9
22,75,6
19,64,6
22,75,6
22,69,8
19,63,6
22,74,7
22,68,7
23,80,8
23,63,7
21,64,7
22,71,4
22,75,6
22,71,4
22,71,3
22,71,7
22,76,6
22,68,4
22,67,8
22,68,4
22,71,4
22,74,7
23,80,8
22,68,7
22,71,3
23,63,8
23,77,4
23,79,7
22,68,3
23,70,11
22,83,7
22,74,3
22,73,6
23,59,7
22,73,3
22,80,5
22,73,6
21,77,8
20,62,4
17,51,3
23,72,8
21,68,2
19,59,3
21,59,3
23,67,4
22,60,6
21,58,6
22,65,4
21,65,8
23,51,6
23,81,6
21,57,6
23,60,5
21,57,6
21,63,4
21,67,7
21,56,7
23,66,4
23,80,5
23,80,8
23,71,6
21,73,6
23,70,9
23,66,6
23,69,6
21,76,6
23,67,6
23,62,6
23,67,6
21,70,8
21,54,5
23,59,10
23,64,9
21,65,3
23,93,5
23,72,6
21,83,7
21,63,8
23,69,6
23,61,3
22,80,4
21,73,4
19,61,5
19,67,6
21,55,5
23,61,7
21,56,4
23,60,7
21,62,6
23,73,6
21,64,6
21,65,7
22,72,7
20,60,3
21,58,4
23,64,4
23,68,5
21,70,5
22,70,6
20,53,4
23,77,7
23,76,7
21,65,6
22,71,4
22,69,3
20,60,3
21,63,6
23,70,7
21,64,6
19,68,7
23,68,5
22,67,5
22,66,4
23,78,6
22,61,4
19,58,5
23,74,6
21,58,4
21,70,6
23,73,7
23,73,6
23,73,5
23,73,6
23,70,5
21,56,4
23,73,7
23,74,5
21,66,6
23,76,6
23,74,6
21,68,7
23,73,6
23,75,7
21,62,6
23,78,5
23,76,5
21,51,5
21,67,6
20,58,4
21,81,6
22,78,5
20,53,3
21,60,4
23,63,5
23,64,4
23,77,5
20,63,3
21,63,5
19,63,6
21,60,6
22,79,2
23,89,5
23,66,6
23,60,5
20,56,3
23,61,5
23,65,3
22,63,8
21,61,6
21,56,5
22,62,7
21,56,5
22,60,7
23,76,7
22,62,7
22,62,7
23,70,7
22,66,8
23,70,6
22,69,7
22,63,7
21,62,8
21,55,4
23,64,9
22,65,7
21,55,5
23,68,7
22,65,6
22,63,8
23,70,5
21,55,3
23,63,2
23,67,2
22,66,8
21,62,7
21,53,6
23,61,8
22,65,10
22,63,7
22,64,6
22,60,5
21,59,6
23,76,8
22,58,6
23,67,9
21,65,6
23,64,8
21,63,6
22,58,9
22,64,8
22,66,6
22,63,6
23,68,5
23,73,5
22,63,6
23,69,9
23,70,5
23,70,8
23,67,8
22,64,6
21,64,6
23,63,3
22,65,6
22,63,6
21,64,7
22,62,6
21,64,6
22,65,8
23,63,8
22,63,8
22,56,4
22,64,8
22,57,5
23,69,5
22,63,6
22,57,7
23,64,8
22,64,6
22,65,6
22,65,6
22,64,6
23,63,7
22,61,7
22,59,9
22,61,8
23,65,8
23,65,9
23,59,4
22,61,8
22,61,7
23,61,9
22,56,8
22,60,7
22,61,6
23,64,6
23,69,8
23,65,7
23,65,7
23,69,8
22,61,7
23,64,8
23,67,7
23,65,6
23,66,8
23,66,8
22,55,7
22,58,7
23,67,6
22,59,9
23,69,7
22,58,9
22,62,7
22,64,7
22,59,7
23,67,6
23,64,5
23,66,7
22,55,6
23,64,6
21,63,7
22,61,10
22,65,7
22,63,6
22,60,7
23,64,6
22,63,7
22,58,8
23,64,6
23,69,7
23,65,7
23,68,8
22,62,7
23,63,8
22,57,7
23,66,6
22,59,6
23,69,4
23,64,6
23,70,5
22,63,6
23,64,5
22,65,9
23,70,6
23,68,8
22,62,7
22,61,8
23,70,7
23,69,6
22,61,7
22,69,5
22,65,7
22,62,7
21,62,8
22,63,6
22,61,7
22,60,7
22,69,5
22,65,7
22,60,7
23,69,7
22,59,7
23,65,8
23,72,6
22,68,5
22,68,7
23,63,7
22,62,7
22,57,8
22,60,7
22,58,7
22,62,7
22,65,6
23,62,6
23,65,7
23,63,7
22,60,7
22,59,7
22,61,8
22,60,7
23,63,5
21,62,7
22,59,8
22,63,6
22,59,8
22,65,7
23,69,7
23,69,4
22,63,6
23,64,6
23,69,7
22,60,9
22,64,6
22,62,8
22,59,8
21,59,5
22,64,7
22,63,8
23,70,6
23,69,6
23,66,8
22,65,5
21,63,6
22,69,5
22,63,8
22,68,9
22,62,6
22,64,6
20,61,6
22,64,8
22,64,7
21,64,5
22,65,7
22,68,7
23,66,6
23,68,7
22,68,6
21,59,7
23,68,6
22,68,7
22,64,6
22,65,7
22,60,8
23,65,8
21,62,6
21,64,7
22,64,6
22,64,7
22,64,6
23,69,7
22,61,7
22,66,8
21,59,8
22,65,7
22,64,7
23,66,7
22,63,7
23,69,7
22,61,7
22,65,7
21,56,8
22,65,9
21,56,10
22,64,5
23,63,7
23,67,9
22,64,6
22,62,8
22,62,8
23,71,6
23,70,6
23,73,5
23,69,8
22,65,6
22,63,7
21,62,5
22,65,7
22,62,8
23,60,8
21,57,7
22,64,9
21,62,6
23,70,6
22,62,7
22,64,7
22,68,6
21,68,5
20,59,6
20,59,5
22,70,6
23,75,7
21,65,5
21,60,5
22,60,6
23,72,7
21,60,6
22,62,6
22,65,7
22,64,6
22,64,6
22,65,8
23,69,7
22,62,6
23,70,5
21,62,6
22,61,9
22,61,8
22,63,7
22,62,6
23,68,6
23,62,5
23,63,7
22,60,7
22,70,6
23,74,7
23,72,9
21,69,3
22,70,6
22,69,7
23,66,9
22,68,6
22,68,6
22,62,7
22,69,6
23,73,7
22,64,6
23,69,8
22,63,8
22,60,9
22,68,5
22,64,7
23,73,6
22,63,5
22,62,7
23,65,9
21,66,4
23,62,7
23,66,7
22,64,8
22,65,7
23,65,8
22,63,6
20,63,6
23,71,5
23,62,4
22,62,7
23,63,6
22,60,6
23,65,6
23,71,6
23,69,6
22,63,6
22,64,7
22,62,6
23,68,6
23,67,6
22,64,7
21,59,5
23,73,7
22,67,9
22,65,7
22,60,7
22,68,4
23,66,7
23,71,7
22,69,6
22,61,7
21,61,6
22,62,6
22,63,6
22,66,8
22,66,4
22,62,8
22,65,7
22,63,6
22,63,7
22,68,7
22,58,8
22,65,8
23,71,7
22,59,8
23,62,7
22,61,7
23,67,7
23,71,8
21,62,6
23,68,7
23,67,7
22,64,7
22,64,8
22,65,7
23,73,5
23,70,7
22,62,6
23,70,7
23,70,4
22,62,7
22,60,9
22,64,7
22,63,8
23,62,9
23,65,8
22,61,9
22,65,6
22,61,9
23,68,8
21,62,6
22,61,8
22,59,8
23,69,7
21,62,6
22,60,8
21,57,7
22,61,8
22,62,6
23,68,5
23,67,8
23,71,7
23,66,7
23,76,6
22,69,5
23,66,7
23,69,4
21,66,2
23,67,7
22,61,7
23,73,4
23,80,9
23,71,6
22,53,7
22,60,4
22,54,7
22,60,4
22,65,7
21,58,5
23,66,6
23,64,7
23,66,7
23,65,7
22,65,7
23,64,8
23,64,7
23,65,7
22,62,7
23,65,6
22,66,7
23,70,8
23,57,8
23,71,7
22,60,6
23,55,7
22,62,7
20,62,8
21,66,5
22,57,7
22,68,6
22,62,6
22,63,6
22,57,7
22,56,8
22,59,7
23,68,8
22,65,6
22,67,7
22,64,6
22,62,7
22,62,7
23,67,8
22,60,7
22,62,7
23,61,9
22,59,6
22,63,7
22,62,7
22,63,9
23,64,8
22,65,7
22,62,6
22,68,5
23,66,6
22,61,6
22,59,7
22,65,7
22,63,7
23,60,6
23,62,7
23,67,7
22,62,8
22,64,6
23,65,8
22,65,7
23,66,7
23,69,8
23,71,5
23,69,5
22,68,7
22,60,7
22,55,7
22,62,7
23,61,8
21,62,5
23,69,7
23,69,5
23,73,8
22,64,7
22,59,7
22,57,8
22,60,7
22,62,8
22,61,6
23,66,7
23,68,8
23,64,6
23,71,6
21,66,5
23,55,8
22,58,8
23,61,9
23,66,9
23,66,7
22,63,7
23,65,8
23,68,8
22,61,7
22,70,6
23,65,8
23,67,8
22,61,7
23,68,9
21,47,7
22,59,5
22,58,8
22,65,6
23,70,4
22,64,7
22,60,7
22,57,9
22,57,8
23,61,9
22,63,6
22,62,7
21,62,4
21,66,6
23,71,8
21,63,4
23,69,8
21,67,5
22,69,6
23,75,7
22,71,6
22,70,6
23,75,7
22,72,7
22,65,5
22,60,7
23,69,5
22,63,7
22,65,6
22,72,6
22,62,8
22,68,6
22,72,6
22,61,7
22,65,7
22,69,6
21,65,5
23,71,8
21,68,5
23,65,8
23,73,9
22,70,7
21,58,4
21,57,5
23,63,7
22,69,6
21,65,5
23,71,8
21,69,5
23,63,8
23,68,7
22,62,6
22,64,8
23,68,7
22,67,7
22,66,6
23,68,7
22,58,8
22,66,6
21,46,4
22,60,5
22,55,9
21,58,7
23,63,5
22,57,7
22,60,8
23,65,7
23,63,7
22,64,5
22,63,7
22,61,8
22,65,7
22,67,7
23,68,7
23,63,8
23,69,6
22,62,7
22,66,5
22,60,7
23,63,7
23,66,7
23,73,8
23,70,5
22,68,7
23,64,8
23,70,7
23,67,7
22,58,7
23,64,7
23,70,5
22,70,7
23,66,9
22,58,9
22,67,6
23,69,5
23,69,7
22,62,6
23,66,6
23,65,5
23,67,8
22,58,7
23,70,6
23,69,6
23,67,7
23,64,6
22,66,7
23,65,7
23,67,8
22,65,6
22,58,7
21,64,4
23,72,7
21,68,5
23,69,6
21,63,4
21,65,5
23,64,7
23,66,5
23,66,8
23,66,8
22,68,8
21,63,6
23,67,7
22,64,7
23,69,5
22,56,7
23,64,7
23,70,4
23,72,4
22,60,7
22,68,5
22,66,7
23,73,7
22,60,8
22,59,7
22,64,7
22,59,6
20,62,5
23,70,7
22,72,5
22,65,8
23,73,6
22,62,7
22,59,8
22,64,8
23,69,6
22,63,6
23,69,6
22,68,5
23,68,9
23,80,6
22,68,7
23,69,6
23,71,6
22,65,8
22,62,6
23,70,7
23,68,8
22,64,6
23,71,5
22,69,7
23,65,7
23,67,9
23,72,5
22,68,7
22,62,9
23,70,5
23,70,4
23,64,9
23,63,7
22,67,5
21,66,6
23,66,9
23,70,5
23,67,8
23,63,6
22,60,6
22,60,7
22,67,6
23,71,6
22,68,5
23,69,5
22,70,7
22,69,6
23,65,9
22,60,8
23,66,9
22,65,8
22,60,7
23,65,4
22,60,7
23,67,9
22,60,7
22,57,8
21,70,4
22,68,6
21,68,7
21,66,5
21,68,5
23,71,6
22,68,6
21,63,6
21,67,5
21,69,4
22,70,6
21,66,6
21,68,6
22,69,6
21,69,6
21,66,5
22,70,6
21,58,4
21,64,6
19,58,4
22,64,5
22,68,6
22,70,6
21,60,5
21,65,6
22,72,6
21,64,4
22,69,6
21,65,7
21,63,4
22,68,6
22,65,6
23,69,5
21,70,4
22,68,6
21,68,7
21,67,5
22,68,6
21,73,6
21,68,5
21,68,5
22,70,6
21,66,4
22,66,6
23,68,8
22,60,9
22,66,8
22,57,8
22,58,9
23,61,8
23,67,8
22,60,6
23,66,6
22,55,8
21,62,7
22,61,6
22,68,7
22,68,6
21,70,5
22,65,8
22,65,7
23,72,8
21,72,5
22,71,6
21,64,5
21,71,5
23,75,6
22,72,6
21,58,4
22,74,7
23,72,8
21,68,5
22,68,6
23,75,6
21,71,4
22,71,6
21,68,5
23,74,8
23,61,9
22,63,7
23,70,6
23,64,8
23,69,7
22,67,2
22,58,6
22,63,7
22,65,7
22,60,6
23,56,8
22,53,5
23,69,5
22,62,6
23,69,8
23,66,7
22,60,8
23,68,6
22,69,4
22,65,8
22,59,7
22,57,9
22,60,8
22,57,9
22,58,8
23,69,6
22,56,7
22,59,9
22,63,7
23,74,8
20,63,5
22,60,7
22,64,7
21,59,6
23,70,6
21,62,5
21,64,6
22,69,8
23,73,7
22,64,8
22,60,8
23,70,7
22,66,6
23,77,7
19,59,4
21,68,7
21,63,4
22,68,6
21,65,4
22,66,6
21,65,5
22,69,5
23,71,8
23,69,9
22,64,7
21,64,7
22,61,8
22,58,9
23,64,8
22,65,7
23,67,6
22,59,8
21,64,7
23,68,6
22,59,7
22,70,4
23,69,6
22,64,6
22,73,6
22,68,5
21,58,4
22,61,8
22,68,4
21,68,5
22,65,5
22,60,7
22,66,6
21,67,4
23,65,8
22,72,7
22,70,7
23,73,6
21,65,5
22,60,7
22,62,7
22,59,8
22,60,7
22,67,8
22,66,5
22,63,8
22,58,7
22,67,6
22,58,7
21,62,6
23,67,7
23,65,8
23,70,7
22,62,6
23,69,5
22,58,8
22,72,6
22,73,6
22,69,7
22,69,7
22,61,7
22,72,7
23,72,9
23,70,7
22,59,8
22,64,8
22,59,6
23,72,6
23,60,6
22,59,5
23,75,5
23,55,8
22,54,6
23,62,7
23,70,5
22,64,7
23,64,8
23,62,8
22,70,5
21,63,7
23,70,6
22,64,7
23,66,8
23,65,8
21,63,4
20,52,4
22,71,6
22,66,5
22,65,8
22,57,7
22,68,7
22,69,5
22,68,7
21,65,4
22,68,7
21,65,6
22,68,6
23,69,5
23,73,7
22,64,6
22,65,7
23,71,7
23,60,6
22,62,6
23,70,4
22,69,0
22,71,5
22,56,7
22,59,5
22,65,7
23,63,8
20,56,7
23,62,7
23,68,9
23,68,8
20,59,6
23,66,7
23,66,7
23,68,9
22,62,6
22,68,6
22,65,6
22,70,4
22,65,7
22,62,8
22,67,7
22,67,8
22,65,7
22,66,8
22,65,7
22,57,7
22,62,8
22,65,5
22,60,7
22,62,7
21,59,7
21,62,5
23,62,7
22,63,7
22,62,6
22,63,7
22,70,5
22,62,6
23,59,8
23,71,7
23,71,8
22,73,5
19,55,5
22,69,5
23,77,6
19,55,4
22,68,6
21,58,5
21,58,5
22,74,5
19,57,4
22,74,5
22,64,8
22,65,7
23,62,8
23,58,9
22,62,6
23,71,8
22,66,7
22,63,7
22,70,5
22,61,7
21,64,7
21,64,7
22,70,5
19,54,4
22,68,5
23,60,8
23,73,7
23,60,8
22,67,5
23,76,6
23,71,7
23,70,7
22,62,7
22,65,6
22,54,9
23,71,8
23,73,9
22,68,8
22,72,6
23,74,8
22,71,6
21,58,4
21,58,5
22,75,6
22,67,7
22,70,8
22,70,6
21,65,5
23,72,7
21,69,5
22,72,5
22,67,5
22,70,6
22,65,6
23,67,7
20,64,8
23,75,9
23,79,7
23,64,4
23,69,6
23,63,8
22,59,8
22,60,7
22,63,6
22,67,7
19,56,3
22,62,8
23,76,7
23,66,5
23,68,7
23,71,8
23,69,7
23,70,4
23,69,5
23,69,4
23,69,4
23,71,7
22,61,8
22,62,7
22,66,6
23,68,8
22,66,7
23,68,7
23,76,7
23,71,6
23,74,5
22,58,8
23,71,8
23,65,6
22,67,7
23,70,7
23,69,6
22,63,7
22,67,5
23,64,6
19,56,4
23,72,6
22,68,6
23,76,5
22,61,7
22,69,5
23,71,7
23,69,6
23,83,5
22,65,7
22,66,8
23,66,7
23,73,5
23,61,9
22,66,6
22,68,5
23,65,7
22,70,7
23,63,6
23,72,6
22,70,7
21,71,5
21,68,7
21,66,5
21,70,5
23,76,7
22,72,7
21,63,6
21,66,5
22,72,7
21,59,4
21,66,6
22,67,6
22,67,6
23,73,6
22,70,7
21,71,5
21,68,7
21,66,5
22,70,6
22,69,6
23,64,9
22,65,6
23,68,7
23,70,9
23,84,6
23,71,7
23,66,8
22,73,6
23,61,6
22,90,5
21,74,6
22,60,6
23,69,6
22,67,7
23,57,8
22,56,7
23,63,7
23,70,5
22,69,6
22,69,5
23,69,9
23,74,3
22,62,8
22,64,8
23,76,7
22,72,6
23,72,6
23,63,8
22,68,5
22,68,6
23,60,6
22,61,6
23,69,4
23,55,7
22,56,6
23,64,8
22,59,7
22,65,6
22,66,6
22,67,6
21,59,9
22,57,7
22,56,8
23,57,8
22,60,6
21,64,8
22,65,1
22,65,7
23,63,7
22,57,5
23,63,7
22,62,8
22,62,6
22,69,6
22,68,7
19,62,4
22,62,8
21,59,7
22,53,5
23,74,9
21,65,8
23,69,8
23,71,9
23,71,8
23,70,7
22,73,6
23,64,8
23,63,8
23,73,7
23,67,6
21,58,7
23,69,5
23,71,7
23,74,5
23,69,4
23,71,5
22,72,6
23,77,8
22,69,5
23,74,7
22,65,6
23,87,6
23,62,8
23,61,6
22,90,5
22,90,4
21,74,6
23,58,8
22,55,5
22,91,5
23,69,6
17,58,7
22,65,2
22,73,5
23,62,8
22,69,6
22,68,5
23,71,5
23,57,8
22,58,6
22,56,7
22,59,5
23,54,8
22,64,6
23,55,8
22,60,6
23,94,5
21,65,6
23,71,6
22,66,6
23,71,5
23,75,8
22,66,6
23,88,6
22,91,5
23,69,5
22,76,6
23,57,10
22,60,6
21,59,5
23,72,6
23,94,7
23,84,5
23,85,6
20,58,1
23,71,6
23,79,6
23,60,8
22,60,6
22,57,6
22,61,7
23,57,7
22,62,5
23,59,8
22,58,6
22,57,6
23,77,4
23,75,4
22,63,7
22,57,7
22,60,5
22,62,7
22,61,8
22,70,4
20,61,6
23,69,9
22,64,7
21,69,5
23,66,8
22,65,6
21,66,5
23,69,7
23,77,7
22,71,5
23,57,7
22,52,5
23,55,8
22,52,6
22,67,5
22,65,7
22,62,6
22,61,7
22,61,7
20,52,7
21,62,7
21,57,5
23,58,8
22,62,6
21,47,7
22,60,8
22,59,7
23,69,6
22,58,7
23,65,6
22,65,6
23,66,6
23,70,4
21,59,8
23,66,7
22,63,8
21,59,8
21,60,8
23,64,5
22,64,8
22,65,8
22,62,7
23,67,7
22,63,6
20,57,9
21,53,7
21,73,6
23,58,4
22,58,5
21,60,4
21,71,5
23,65,5
19,50,4
22,58,5
19,65,7
22,69,5
23,67,3
21,65,5
22,64,3
23,73,7
22,69,3
23,94,5
21,63,6
23,73,7
22,69,3
23,92,5
21,61,6
23,60,5
19,56,5
21,62,6
23,67,3
23,65,5
23,63,5
22,69,3
23,65,5
21,65,3
23,68,4
21,65,7
22,74,3
21,70,5
21,62,6
19,64,7
20,63,4
21,55,6
23,70,6
23,70,5
23,74,7
23,79,5
21,62,5
21,68,7
22,68,4
21,63,6
22,68,5
23,68,5
21,61,5
19,62,4
21,64,6
23,64,4
23,56,5
19,62,6
22,70,5
23,64,3
22,68,5
22,66,4
23,91,5
22,66,4
23,94,6
21,63,5
21,65,5
23,84,7
23,78,6
21,69,6
21,56,4
21,64,5
21,59,3
22,62,1
21,56,5
21,65,5
21,64,4
20,58,4
23,55,4
21,68,6
21,58,5
21,68,5
21,70,6
19,65,6
17,55,5
19,63,6
19,64,6
20,63,6
22,69,5
22,84,5
19,67,8
21,72,5
19,61,5
19,58,4
20,63,5
19,62,4
20,61,5
21,64,3
18,54,3
19,61,5
22,59,3
21,72,5
21,67,6
20,60,4
20,64,4
23,61,5
23,72,8
22,81,2
20,67,5
21,69,6
20,57,1
22,54,3
21,67,3
22,68,3
23,68,6
23,75,6
21,63,3
20,63,5
18,55,4
23,77,6
20,61,4
21,62,5
21,66,5
20,62,6
22,69,2
21,75,7
21,65,1
23,70,5
23,73,5
21,75,7
21,65,1
19,58,5
23,70,5
23,73,5
23,57,6
21,64,5
23,71,5
21,67,6
21,63,6
21,72,5
22,70,4
22,69,4
21,66,5
22,67,3
23,75,5
19,60,4
22,69,5
22,76,4
19,55,2
23,65,5
22,67,5
22,68,5
23,64,6
21,62,5
22,68,5
21,70,6
23,72,7
22,69,4
22,71,4
21,67,5
23,64,6
21,62,7
22,66,4
21,63,5
21,62,7
21,62,5
21,61,5
23,69,7
21,69,6
20,61,4
21,72,4
22,67,6
23,74,5
23,73,8
20,65,5
19,57,4
20,65,5
23,65,4
22,70,6
22,68,3
23,70,7
19,58,3
20,65,5
23,74,4
23,72,7
21,55,4
21,60,5
21,60,5
21,58,5
22,71,5
23,59,6
21,60,5
21,64,4
23,61,7
20,69,5
22,69,5
23,67,6
19,56,4
22,60,3
23,60,4
19,55,3
21,66,2
18,57,4
20,59,3
20,61,3
23,86,3
22,61,4
23,73,3
23,63,4
21,66,5
18,49,3
20,58,2
20,57,1
19,55,3
22,69,4
23,79,4
23,67,4
22,82,4
23,55,7
22,66,5
23,73,6
22,63,4
23,60,5
21,59,5
23,91,6
19,64,6
18,57,4
19,63,5
19,55,3
21,71,5
23,71,7
23,68,7
22,65,4
20,60,4
23,82,6
22,66,2
23,70,7
22,68,6
20,63,4
22,61,4
22,67,4
18,58,6
23,72,6
21,54,5
22,66,5
21,57,5
21,64,6
22,67,3
21,63,4
21,63,5
21,60,7
22,69,6
21,55,5
22,74,5
23,75,5
21,56,4
21,61,4
22,66,3
23,73,7
23,71,4
23,72,6
21,67,7
20,55,4
18,55,5
20,64,5
21,64,6
22,66,3
22,67,4
21,72,5
20,63,5
22,64,2
21,64,5
21,56,6
23,63,5
23,63,4
22,55,6
22,60,5
22,66,4
22,56,4
22,60,4
22,61,7
21,53,6
21,66,7
23,73,6
22,72,4
22,61,6
21,52,5
21,61,5
20,62,3
21,60,8
21,58,6
22,69,6
23,75,5
21,60,6
21,64,6
23,74,5
21,60,6
23,66,5
21,62,5
23,72,6
19,53,5
19,56,6
19,61,3
20,53,7
23,70,7
22,59,7
23,59,7
23,61,7
21,51,7
21,56,4
21,62,5
22,67,4
21,62,3
21,60,6
21,57,5
22,68,5
21,60,5
23,66,5
21,62,5
22,66,5
21,62,5
22,68,3
23,70,7
21,62,5
22,66,5
22,68,4
23,66,4
21,68,5
18,52,3
23,60,8
23,69,4
22,59,4
22,65,3
22,59,5
22,68,5
23,63,5
21,60,5
21,63,3
21,65,4
21,56,4
23,75,4
23,67,6
23,64,5
23,73,4
22,61,8
23,75,5
23,67,6
23,74,5
23,63,6
21,73,4
22,63,8
23,70,6
23,72,4
23,73,4
23,70,6
23,70,4
23,68,6
23,72,5
23,66,6
22,61,7
23,68,5
23,66,6
23,66,4
23,66,6
23,77,5
23,72,6
23,77,5
23,72,4
22,62,7
23,73,4
21,76,4
23,68,7
23,65,6
22,63,8
23,68,5
23,66,5
23,68,4
22,61,8
23,76,5
23,66,6
23,73,4
21,61,4
23,77,8
18,58,6
21,73,4
20,58,4
21,72,5
21,64,5
19,54,1
19,56,1
18,57,5
22,69,4
20,65,3
18,57,5
23,75,3
22,71,3
21,67,9
21,62,3
22,64,7
23,78,2
23,74,3
21,65,3
17,48,3
19,55,2
22,65,7
23,77,5
23,71,7
22,73,7
23,68,7
23,63,7
23,70,3
23,68,7
23,63,7
23,71,7
23,71,2
23,63,8
23,63,8
19,56,1
23,63,8
22,72,7
23,78,2
23,63,8
20,60,2
22,68,1
23,68,1
21,64,1
22,68,1
23,68,1
23,71,1
21,62,8
23,72,8
23,71,7
20,60,3
21,62,3
23,63,7
21,61,2
23,70,4
23,63,7
23,72,8
23,71,7
21,63,7
21,67,9
21,64,9
21,62,7
21,62,7
21,63,7
21,64,9
21,64,9
23,70,8
23,70,8
23,70,9
23,70,10
23,64,10
23,70,8
23,70,9
23,70,9
21,55,8
21,55,8
23,70,9
23,65,8
23,70,9
23,70,8
23,70,8
21,63,8
23,68,9
22,70,8
23,74,9
22,65,8
23,68,7
22,65,8
23,68,7
23,75,9
23,72,10
21,62,8
21,62,8
21,59,9
23,68,10
23,65,8
23,76,9
23,75,8
23,74,7
23,68,7
23,75,9
23,70,8
22,71,8
23,68,7
23,74,9
23,68,7
22,70,8
22,61,7
21,61,8
23,71,8
23,72,11
21,63,9
23,62,7
23,75,9
22,61,7
23,68,7
23,65,9
22,61,7
23,71,8
23,63,8
23,74,8
20,64,8
20,61,7
23,75,9
22,68,7
23,75,9
23,74,7
22,68,5
23,74,8
20,64,7
23,73,10
22,69,8
23,70,7
22,66,4
22,73,6
20,66,6
21,71,5
19,60,4
19,62,3
20,68,5
23,66,6
19,58,6
22,65,2
23,73,5
19,58,6
22,65,2
23,73,5
21,65,8
22,68,2
22,67,3
22,67,3
22,65,3
23,70,9
21,59,4
20,65,2
22,67,3
20,60,4
22,66,3
23,65,4
21,58,5
23,79,6
18,57,5
19,54,3
19,56,3
23,66,4
21,66,3
22,65,2
19,54,3
21,70,6
19,66,6
22,68,3
22,66,2
19,55,3
22,65,2
23,73,6
21,61,3
23,74,7
22,70,5
23,71,7
23,74,7
23,69,5
22,70,4
21,65,6
21,65,6
23,70,7
23,70,7
22,69,5
22,71,5
23,75,7
21,68,6
21,68,6
23,69,5
22,68,5
21,61,5
21,68,6
21,61,5
23,71,6
23,69,6
21,68,7
23,70,6
23,69,5
21,65,6
23,71,6
23,68,6
21,67,6
21,68,6
21,67,6
23,73,7
23,68,5
22,70,5
23,73,6
23,68,5
23,69,6
23,73,6
21,67,6
21,68,5
21,66,7
23,72,6
21,66,6
21,67,6
22,69,5
21,68,6
23,71,6
22,71,6
21,67,6
21,64,6
21,67,6
20,63,5
23,71,6
21,68,5
21,68,6
21,68,5
21,69,6
21,62,6
21,62,6
21,67,7
21,64,6
21,68,7
23,74,7
21,68,7
21,65,7
21,66,6
21,63,5
21,64,6
21,67,6
21,70,2
23,68,5
21,71,7
23,70,6
21,71,6
21,70,4
23,81,5
22,68,5
22,59,4
20,62,0
22,66,7
22,68,8
20,63,2
22,69,0
22,71,1
22,67,1
22,72,0
22,69,0
21,63,4
23,68,1
23,63,11
23,80,9
23,71,9
23,67,8
23,65,9
20,60,8
23,69,7
20,60,9
23,71,6
23,71,8
21,63,8
22,71,3
21,63,8
22,71,3
22,64,2
23,68,7
22,71,2
23,88,6
23,69,7
23,86,7
23,69,7
23,88,7
23,68,8
23,88,8
23,71,9
23,70,7
22,69,3
23,69,8
22,75,3
22,72,3
22,72,3
23,63,7
22,75,3
19,54,4
22,60,4
22,60,5
21,51,7
23,66,5
23,63,5
22,58,2
22,58,2
22,58,2
22,58,2
22,58,2
21,62,4
22,59,3
22,59,3
21,66,5
21,57,9
21,62,3
22,59,3
22,59,3
22,56,3
23,74,6
19,60,6
18,57,5
23,70,4
22,52,4
21,62,2
22,52,4
21,69,5
22,63,2
20,63,3
21,65,2
21,74,6
21,68,1
21,72,6
21,67,6
23,66,8
21,65,6
21,84,4
23,68,5
23,70,6
20,58,3
20,54,2
23,68,1
21,71,5
21,59,4
22,69,2
21,59,4
20,65,3
21,59,4
22,67,4
21,64,1
21,64,3
23,72,4
21,64,2
21,62,6
21,59,2
21,61,5
21,56,4
23,64,5
22,68,2
21,54,4
21,59,6
19,61,4
19,58,5
19,54,3
23,66,4
21,60,5
23,73,3
19,53,2
21,65,6
21,71,4
23,75,6
20,54,5
23,70,5
22,66,3
23,69,4
17,57,5
17,57,5
21,64,5
23,61,5
19,55,5
23,67,11
23,58,3
21,57,6
23,68,6
23,55,7
21,56,4
21,63,5
21,58,8
22,68,6
21,55,5
21,65,5
22,66,4
22,65,4
21,57,4
21,63,5
21,61,5
22,69,4
23,72,5
20,58,4
23,70,5
23,65,7
23,72,5
22,69,7
23,70,4
23,77,5
23,74,2
22,63,5
23,69,5
20,54,7
19,59,5
22,57,6
21,63,5
21,63,7
20,56,5
21,64,6
21,60,5
21,58,5
21,60,8
23,62,5
22,69,5
21,70,6
23,78,6
22,62,5
23,69,6
23,71,5
20,57,3
21,65,5
23,67,5
23,78,7
22,74,5
21,69,5
23,70,7
23,63,5
23,69,10
23,73,7
23,71,5
21,64,7
20,60,4
22,68,4
23,72,5
20,63,3
21,65,6
21,68,9
21,78,10
23,79,8
22,70,6
19,51,4
23,82,6
21,72,5
23,68,5
21,61,8
23,82,4
23,70,7
23,70,7
22,72,4
23,72,5
23,67,7
21,68,8
21,67,5
21,77,6
22,70,1
18,54,3
21,56,6
20,50,5
21,63,3
19,57,4
20,60,5
21,59,5
23,78,5
23,67,3
19,59,5
22,61,6
19,61,5
19,56,4
22,72,4
23,67,5
20,59,2
22,71,2
21,71,4
22,66,2
21,68,3
23,84,5
19,62,4
19,57,3
21,70,5
21,66,3
19,55,3
23,67,4
23,74,5
21,60,4
20,55,3
20,53,4
20,54,3
21,76,6
20,60,4
21,60,5
19,54,6
21,65,3
23,67,3
20,61,3
20,63,5
19,54,3
21,66,3
19,65,6
23,89,4
23,72,3
20,57,6
19,60,5
21,58,5
19,57,4
21,61,6
23,74,3
21,66,5
23,55,2
19,51,4
23,76,6
23,62,5
23,77,3
23,76,5
23,67,3
23,68,7
19,66,6
23,70,2
20,60,3
19,55,2
23,65,9
20,55,2
20,55,2
20,52,2
21,65,4
20,64,4
21,66,6
23,65,2
22,71,4
22,69,2
22,67,4
22,69,2
23,53,7
21,69,3
22,55,5
22,68,5
22,58,2
21,59,2
21,60,6
22,72,5
23,71,2
22,72,5
22,56,3
22,63,3
21,65,3
22,56,3
19,58,1
23,75,0
21,63,4
23,66,3
23,67,0
22,70,3
23,71,6
22,69,3
22,62,5
21,66,5
23,73,4
21,67,1
21,73,6
23,69,6
21,63,0
21,65,2
22,66,3
22,55,3
22,81,2
22,70,3
23,75,6
23,77,5
22,56,6
21,65,4
23,66,5
21,71,4
23,74,6
23,65,6
23,62,4
23,75,6
23,71,5
23,75,6
21,75,7
23,82,3
23,65,4
21,69,5
23,64,5
23,64,4
21,60,5
23,87,5
23,71,7
23,79,6
23,72,4
21,58,6
23,70,4
19,57,4
22,64,4
22,63,4
21,70,6
20,62,4
21,62,4
21,59,5
21,65,4
23,78,8
23,68,6
23,73,5
23,65,5
22,76,3
23,67,5
23,75,6
21,63,4
23,71,5
22,72,5
21,68,5
23,72,8
21,64,5
23,64,5
23,57,6
23,66,5
23,65,6
23,61,6
22,67,4
22,69,4
23,73,6
21,62,4
21,64,4
23,79,7
23,86,6
23,63,4
23,69,6
23,74,6
23,66,6
21,60,5
23,83,7
22,63,4
19,53,4
21,67,7
23,67,3
23,67,3
23,66,5
23,67,4
22,69,6
23,65,5
21,63,5
23,51,6
23,66,5
23,69,6
23,56,7
23,56,5
23,66,5
23,62,5
23,72,6
21,60,5
23,55,6
21,60,4
19,56,5
23,68,5
21,63,4
23,71,5
21,57,6
23,72,5
23,64,5
23,68,4
23,78,6
23,82,5
19,61,6
21,75,5
21,71,5
23,57,9
21,62,5
21,58,7
23,71,7
18,57,3
23,80,6
21,67,4
23,73,5
23,76,5
23,69,6
21,63,7
21,62,5
23,98,5
23,108,9
21,63,3
23,64,3
19,60,3
23,64,3
23,81,4
21,69,6
23,75,8
21,59,4
21,55,7
19,61,4
21,64,4
23,64,6
23,63,7
21,64,5
20,55,3
23,59,6
23,85,5
23,67,5
21,59,5
23,76,5
23,73,4
23,80,5
23,73,4
23,82,6
19,60,6
23,65,5
23,67,3
21,70,6
22,68,5
23,69,6
21,61,6
21,63,5
19,57,4
21,64,4
23,66,7
23,78,8
23,63,7
23,67,4
18,52,4
22,66,3
23,70,6
22,65,4
21,62,4
21,64,5
21,63,6
21,59,6
21,59,6
23,62,4
21,65,5
23,60,9
21,57,4
22,65,4
23,73,2
23,71,6
19,60,3
21,71,5
19,53,3
23,66,3
21,68,5
21,67,3
20,56,2
22,69,3
20,55,4
21,64,2
21,62,3
23,64,6
23,73,6
18,57,5
23,71,2
21,131,10
23,65,7
21,71,2
17,48,2
21,87,7
21,87,6
19,61,4
23,60,8
17,53,3
23,62,5
22,69,5
23,67,2
19,60,5
22,70,8
19,61,7
23,72,5
17,55,4
20,66,1
17,47,3
20,58,5
20,57,4
22,77,8
22,65,3
23,63,8
22,62,5
20,71,5
20,61,3
21,64,3
22,64,1
22,56,5
22,67,3
23,82,6
23,52,6
20,58,2
23,73,7
19,60,3
23,58,6
23,82,7
23,67,7
22,63,5
19,61,5
23,69,6
20,71,4
21,57,5
21,58,4
21,60,6
21,66,5
22,69,4
23,71,4
23,75,6
22,70,4
21,69,7
18,52,5
22,80,4
23,81,5
23,74,7
23,75,3
18,51,2
18,51,2
20,56,3
20,62,5
18,57,5
23,64,4
21,63,7
21,67,5
19,64,5
23,74,4
19,55,3
23,81,5
23,68,5
23,73,7
23,64,4
23,73,7
20,65,4
23,71,6
23,71,6
23,72,6
19,55,4
19,75,8
21,65,7
23,72,5
21,68,3
23,79,3
23,72,3
21,52,4
23,75,6
21,64,3
23,70,4
20,65,3
18,53,2
22,70,3
22,77,5
22,79,5
21,65,4
21,71,4
23,67,3
22,71,4
19,55,5
21,64,3
23,80,5
19,55,4
21,70,4
20,63,1
23,74,3
21,70,7
19,55,6
21,70,5
23,69,7
21,67,4
23,72,4
22,70,4
23,63,8
23,75,7
19,56,5
19,55,3
19,50,6
21,62,5
20,58,6
23,51,7
23,52,7
22,83,9
22,83,9
23,80,10
23,85,10
22,79,9
21,76,8
20,70,8
23,88,6
20,70,9
22,84,8
22,80,9
21,57,4
23,103,8
23,72,9
23,78,9
23,71,4
21,65,8
23,87,8
23,83,5
21,64,8
23,74,9
21,63,10
21,63,9
20,64,8
21,63,9
23,74,7
23,70,9
21,70,8
23,71,9
23,72,9
23,75,4
23,82,8
23,68,4
23,75,6
22,66,0
21,66,8
23,82,9
23,72,8
23,71,4
21,60,9
21,61,9
22,63,8
21,65,6
23,81,7
23,84,6
21,65,7
21,65,7
22,66,10
23,68,9
23,68,9
23,59,5
21,57,4
21,61,6
23,68,6
20,62,6
19,57,3
23,62,5
23,76,7
23,76,6
22,68,6
23,70,6
23,73,6
21,69,4
23,66,8
21,67,7
19,59,3
19,54,4
21,66,3
23,67,5
21,73,7
19,56,7
23,62,8
21,71,6
19,49,4
21,66,4
22,74,4
21,61,3
23,65,5
22,63,6
19,51,5
21,61,4
23,74,6
21,57,3
21,71,6
23,64,4
21,62,4
22,88,5
19,57,4
19,53,5
21,72,6
19,54,6
22,72,4
19,60,3
21,69,3
19,55,7
21,65,6
21,73,8
19,57,4
23,68,5
19,60,5
21,75,10
23,99,5
19,52,2
22,61,1
19,60,4
23,74,6
22,64,3
22,70,4
23,77,7
18,52,5
19,61,7
23,71,1
18,53,2
18,55,1
23,74,7
23,78,2
19,57,4
19,62,3
20,52,7
21,63,5
20,73,5
19,59,4
18,53,4
21,66,7
17,50,3
22,87,9
20,74,10
21,80,8
21,70,8
23,77,4
22,65,7
21,66,6
23,52,7
23,60,5
21,72,9
23,78,4
20,62,2
19,62,6
21,73,7
21,53,4
21,71,3
20,71,4
22,68,3
21,72,4
22,59,3
23,77,2
21,62,4
22,69,3
23,71,3
22,84,8
22,85,9
22,83,9
23,75,4
23,83,9
21,65,8
21,65,3
23,73,1
23,75,8
20,61,1
19,61,5
21,67,5
21,70,4
23,71,5
21,77,5
21,89,8
23,74,3
23,77,4
21,59,4
23,69,2
19,59,5
22,66,4
20,55,4
19,60,5
21,49,5
21,56,4
20,56,2
23,61,6
20,66,6
21,72,3
23,75,4
22,82,8
22,82,7
22,68,9
21,63,10
21,65,9
21,71,8
21,74,9
23,78,8
23,77,3
21,54,3
21,70,10
21,70,10
21,66,10
21,64,8
21,67,10
21,54,3
22,64,9
23,74,10
22,67,10
22,64,9
22,64,10
22,68,9
22,65,7
22,70,9
23,72,11
22,70,8
21,65,9
23,70,9
23,70,9
21,65,9
21,65,9
20,60,8
22,60,10
22,69,9
23,78,8
23,73,7
21,59,7
22,79,7
21,68,2
21,74,4
22,70,9
20,60,8
23,73,8
22,69,9
22,68,3
22,65,8
22,69,9
23,70,9
22,67,8
23,85,5
23,65,9
23,71,8
22,68,9
22,69,10
22,70,8
23,78,5
22,60,9
23,67,6
23,67,6
20,57,9
21,65,9
21,63,9
20,57,9
23,74,6
23,72,6
20,58,9
21,69,8
22,66,8
23,81,4
23,83,6
23,68,9
23,68,9
23,70,10
22,66,8
21,64,7
22,70,8
23,68,9
23,84,3
23,72,8
22,74,8
23,71,9
23,77,4
23,75,11
22,71,9
23,73,10
22,73,9
23,68,8
22,72,8
19,56,3
23,71,8
22,68,3
20,60,4
22,61,5
21,68,5
23,70,6
21,68,5
21,60,5
22,66,3
23,76,6
23,70,6
23,71,7
23,81,8
23,63,4
21,56,5
23,59,8
21,54,6
21,47,6
23,71,6
21,69,6
23,71,7
21,72,6
21,66,6
23,71,6
20,61,5
20,63,4
19,64,5
22,67,4
21,61,5
19,63,5
23,75,9
23,68,6
23,64,7
21,64,8
21,61,7
20,54,7
23,68,8
22,60,7
23,66,8
22,62,7
23,68,8
20,58,8
23,69,7
23,65,6
22,66,5
23,66,7
23,69,7
23,69,7
23,67,7
21,66,5
22,64,7
23,68,6
23,61,6
20,56,4
23,83,6
23,65,7
23,65,6
21,69,5
23,68,6
23,66,6
23,66,7
22,62,6
22,70,5
22,63,7
23,63,7
23,66,7
22,60,6
22,65,7
21,59,5
22,63,7
23,64,6
23,66,7
23,61,6
23,66,7
23,64,6
23,61,6
21,69,5
20,58,7
20,61,6
23,64,9
21,67,5
22,68,8
21,70,5
21,62,7
23,67,6
21,69,5
20,69,7
21,51,8
23,64,7
21,65,3
21,58,7
23,63,5
23,67,6
23,61,10
23,63,6
23,64,8
23,64,10
23,64,6
23,61,6
21,67,5
23,67,7
23,64,6
21,62,5
23,63,6
23,70,6
23,66,6
23,67,7
23,71,5
23,74,6
23,75,10
23,64,6
21,65,3
21,64,6
23,67,6
21,67,4
19,59,8
23,70,6
23,66,4
23,73,4
20,63,3
23,68,6
23,70,4
23,68,5
23,68,4
23,68,5
21,65,6
23,67,3
23,68,5
21,59,4
23,69,4
21,66,2
23,68,5
23,89,6
22,71,8
19,55,3
23,72,5
23,79,6
19,58,4
22,59,6
19,53,4
21,65,6
20,63,5
23,74,5
23,73,5
19,56,2
22,73,5
21,72,7
21,60,5
21,59,6
20,65,4
20,65,4
20,58,6
22,66,5
20,68,4
23,68,8
19,58,6
23,67,4
19,62,4
23,64,2
22,55,4
17,49,3
23,77,7
21,55,7
19,53,3
22,71,6
19,56,4
20,61,4
20,60,6
23,59,6
20,56,3
19,62,6
23,67,4
22,57,5
20,45,5
23,61,5
23,75,6
21,62,5
21,62,3
23,78,5
22,73,4
22,74,5
23,71,8
21,67,4
21,59,5
22,60,7
22,61,7
23,56,6
21,63,3
23,56,6
21,66,3
20,62,4
18,52,1
18,52,3
23,70,9
23,67,4
23,78,9
22,66,9
21,59,8
21,58,5
21,67,5
20,60,5
21,58,5
21,57,5
21,58,4
21,72,5
22,71,6
21,58,5
21,71,5
21,71,5
21,62,5
21,64,5
21,62,5
21,66,5
21,68,5
21,61,5
21,63,5
21,66,5
23,71,8
21,65,5
21,69,7
21,69,5
21,63,5
21,67,6
21,65,5
21,65,6
21,66,5
22,73,7
21,57,5
21,63,5
22,70,6
21,66,6
21,65,6
21,65,7
21,66,5
20,58,5
23,71,8
21,68,5
23,71,7
21,67,6
21,68,5
20,60,5
21,68,6
23,73,7
20,63,6
20,56,4
20,62,5
21,68,6
21,70,5
21,68,6
23,77,8
21,66,6
21,68,6
21,65,7
21,72,5
21,68,6
21,72,5
22,72,6
21,64,5
21,65,5
21,63,5
21,66,5
21,69,5
23,69,5
21,71,5
21,72,6
21,67,6
21,68,5
21,67,5
21,65,6
21,62,4
23,77,5
21,65,5
21,65,5
21,63,5
21,69,5
21,70,6
21,66,5
22,72,6
21,65,5
21,67,5
21,65,6
21,70,6
22,72,6
21,67,5
21,66,5
22,62,7
23,80,5
23,79,6
23,73,3
20,52,3
21,56,2
20,54,5
20,56,7
22,58,5
21,67,5
19,62,7
22,67,3
22,76,3
19,47,7
23,76,6
23,66,5
21,57,5
22,67,4
22,66,2
21,68,7
21,60,1
23,66,4
21,67,4
23,73,5
19,58,3
21,64,5
23,68,3
22,74,1
23,78,8
21,68,7
22,69,4
23,60,7
21,62,6
21,64,5
23,67,6
23,67,6
19,51,4
23,72,6
20,62,5
21,62,4
23,73,7
22,64,5
23,67,5
23,73,5
23,70,8
18,50,0
22,68,0
20,66,2
20,52,2
18,53,2
22,66,5
23,61,4
21,59,3
22,72,2
22,88,5
23,77,4
22,78,5
19,61,4
19,55,6
19,59,4
23,76,4
23,72,3
19,61,3
19,53,4
23,69,4
21,63,3
21,72,6
23,81,7
19,56,1
22,72,4
23,74,6
23,72,1
23,72,4
22,76,7
22,56,5
23,79,6
18,52,3
21,60,8
23,75,6
23,70,4
21,56,5
23,70,4
21,62,4
21,59,4
21,68,7
21,56,6
19,55,5
21,64,5
21,63,5
21,64,5
21,62,4
23,71,5
23,80,6
20,58,5
22,66,3
19,56,3
21,64,5
21,67,5
21,60,5
21,59,5
23,72,6
21,63,4
22,65,4
23,66,3
21,61,7
21,67,4
21,62,4
21,64,4
21,52,5
23,85,3
21,65,6
21,64,6
21,63,4
23,74,7
19,54,4
21,54,7
21,56,5
21,63,5
22,67,3
21,64,5
21,80,8
23,138,10
21,78,5
23,66,7
21,80,5
21,57,5
21,60,5
21,59,7
21,65,4
21,60,3
23,72,3
21,65,4
21,71,5
21,65,3
21,60,5
23,71,4
20,62,4
23,73,4
21,59,4
21,65,4
21,74,7
21,55,6
21,68,5
21,71,5
21,60,4
23,76,3
21,65,4
23,68,5
21,53,5
23,82,3
21,62,5
21,63,4
21,62,2
21,58,6
23,80,4
21,58,7
23,83,6
21,64,5
23,72,4
21,62,3
21,64,4
23,65,4
21,64,5
19,59,2
22,72,5
21,55,6
19,52,3
19,60,3
21,54,4
21,64,5
21,55,6
19,54,5
21,62,4
21,62,3
21,65,5
21,58,6
23,77,6
21,62,6
23,73,6
21,65,4
21,61,4
18,54,4
23,72,5
20,65,5
21,68,5
19,60,3
21,62,5
21,54,6
21,68,6
21,59,6
21,70,6
23,77,5
21,55,6
21,62,7
21,61,6
21,65,6
20,63,3
21,66,6
21,57,4
23,81,7
21,60,6
21,62,4
21,59,5
21,58,4
21,65,4
21,59,5
21,62,6
21,59,5
23,69,6
21,63,5
23,81,5
23,75,4
23,75,5
21,63,6
19,62,4
21,56,6
21,66,7
21,59,5
21,60,6
21,74,5
21,57,3
21,67,6
21,70,5
21,65,5
22,68,3
22,68,7
20,60,3
20,82,7
21,73,6
23,69,3
19,56,1
20,60,3
20,59,1
18,43,2
19,44,3
21,55,2
23,97,6
19,52,5
21,64,5
21,64,5
18,48,6
21,63,3
20,66,4
23,70,7
19,60,3
22,76,4
19,64,5
23,76,6
23,69,6
23,70,5
23,78,5
21,72,5
19,55,2
21,67,7
23,84,9
20,58,3
21,64,4
23,64,4
19,59,8
21,58,4
19,59,4
18,53,3
21,62,4
19,55,3
19,52,6
21,63,5
19,59,4
21,70,4
18,44,2
19,52,6
19,48,6
20,68,5
17,55,7
22,82,5
21,64,5
18,54,4
21,64,2
23,87,6
23,59,6
19,57,4
19,84,8
22,55,4
23,65,4
23,63,4
20,66,4
19,55,5
19,69,9
22,59,3
23,76,9
22,69,9
21,65,10
22,67,10
21,63,10
22,67,10
21,63,10
22,67,9
19,59,3
21,63,6
19,67,6
19,60,4
21,68,4
22,67,5
19,60,5
23,67,7
23,68,6
23,71,6
23,70,2
22,61,6
22,69,3
21,62,2
21,69,5
23,110,9
21,75,9
16,56,7
19,57,4
18,59,5
21,61,4
18,51,3
20,63,7
22,51,4
22,64,9
20,60,9
23,75,9
22,67,8
23,71,9
22,67,10
23,71,9
22,77,7
22,70,8
23,72,8
23,72,10
20,60,9
22,75,8
20,65,7
23,72,10
20,60,9
22,75,8
23,88,7
20,65,7
23,73,10
20,60,9
20,64,8
22,55,3
23,72,10
20,60,9
22,68,8
22,64,7
22,69,7
20,55,2
21,64,4
22,71,9
20,67,7
22,68,10
23,71,8
22,71,10
23,70,8
20,62,7
23,70,8
22,69,8
20,62,4
23,65,7
23,66,6
23,64,6
19,54,4
23,71,7
23,72,5
23,64,4
21,56,7
23,59,8
23,66,7
19,61,4
23,69,7
23,63,6
23,65,7
21,59,6
21,54,9
23,59,8
23,68,6
22,68,5
23,56,9
22,67,6
19,57,4
23,59,4
23,70,4
21,67,5
23,78,7
20,60,4
23,66,3
23,66,6
21,64,5
21,61,5
19,53,4
19,55,5
21,64,4
20,56,3
19,57,4
23,70,4
23,63,7
21,70,6
19,64,6
21,60,6
23,74,4
20,63,3
21,61,5
21,57,5
18,58,4
22,70,4
23,65,5
23,68,6
23,70,10
21,58,4
21,61,5
21,66,4
21,65,5
21,65,5
21,63,5
23,72,7
23,71,6
21,65,6
21,69,5
21,66,5
21,66,5
21,69,5
21,68,5
23,73,8
23,77,8
23,70,6
21,70,5
21,67,6
21,70,6
21,65,6
21,65,6
22,73,6
21,65,5
21,70,5
23,77,7
23,74,7
22,59,5
22,59,5
19,54,3
23,75,3
19,53,3
21,57,5
21,64,4
21,57,7
20,59,4
23,75,2
23,71,7
20,60,3
21,63,6
21,67,4
19,60,5
23,74,5
21,65,6
21,60,4
23,74,4
21,62,5
22,60,3
21,65,5
21,62,5
21,63,4
19,51,5
21,63,5
21,63,5
21,58,5
21,55,6
23,71,7
23,84,3
23,74,5
21,62,5
23,69,5
23,67,5
21,56,6
21,57,5
21,72,6
23,70,3
21,62,4
20,56,4
21,62,4
22,74,4
21,61,3
21,61,5
22,62,4
23,73,5
21,58,6
21,61,5
21,63,4
23,67,4
16,49,3
21,58,6
21,73,4
21,48,7
21,55,4
21,69,4
23,72,4
21,59,5
21,72,5
21,58,4
21,61,5
23,67,3
21,57,5
23,85,4
21,61,3
23,81,6
21,67,5
21,59,5
23,71,4
21,63,5
21,61,5
21,64,6
21,63,5
21,65,7
23,74,5
20,61,4
23,68,4
23,69,4
21,60,6
21,64,5
21,61,7
21,65,4
21,70,4
23,69,6
21,60,6
21,64,5
21,61,5
20,61,4
21,63,5
22,73,2
23,71,3
21,62,2
21,71,6
21,61,6
23,93,5
19,50,5
21,66,5
21,69,4
21,57,5
21,61,4
21,55,6
21,62,3
23,83,8
21,59,4
21,64,6
21,64,6
23,94,5
19,49,5
21,59,5
21,63,4
21,61,7
23,81,5
22,75,3
20,51,4
19,73,7
17,54,5
20,58,2
19,50,5
21,60,5
18,54,4
23,74,7
17,43,4
23,68,4
18,54,4
23,77,7
23,71,5
21,67,4
17,50,3
20,62,4
21,71,7
20,65,4
21,57,3
16,47,3
21,57,6
23,67,5
21,59,4
23,73,3
23,79,3
23,75,3
19,52,6
22,82,8
20,65,2
21,73,8
23,77,4
19,55,5
19,53,4
19,49,7
19,49,6
19,58,6
19,59,4
22,72,4
20,63,4
21,85,7
22,69,4
23,72,4
21,59,5
21,65,9
22,67,7
21,65,9
22,67,8
21,69,8
22,71,7
21,69,8
22,71,7
21,63,9
20,64,7
23,58,3
23,79,4
21,68,5
21,72,6
21,72,3
19,59,3
21,58,4
18,54,5
23,90,4
23,74,1
21,70,4
17,54,4
22,80,6
22,61,6
22,72,4
23,91,7
19,57,5
23,69,1
19,51,6
23,70,10
23,70,8
23,70,9
22,66,7
23,70,9
20,62,7
23,70,9
23,70,9
23,64,8
20,55,3
21,59,7
21,59,7
21,61,6
21,68,5
23,79,10
20,66,5
20,63,5
19,67,7
23,68,5
23,77,5
20,60,3
19,57,4
22,60,5
23,72,5
19,62,4
23,66,8
21,54,7
23,74,2
22,65,3
21,68,3
19,56,3
21,72,6
19,51,4
19,64,6
21,67,5
21,66,5
21,66,5
23,71,7
21,65,6
21,70,5
22,57,3
19,60,7
23,65,5
19,53,5
20,65,7
19,60,4
23,69,8
21,65,1
21,67,5
21,65,5
23,69,6
21,62,5
21,59,5
23,69,3
21,60,5
21,59,4
23,75,5
21,59,5
21,70,4
21,62,6
21,78,4
21,60,4
21,48,7
21,62,6
23,79,6
23,70,5
21,61,6
21,62,4
21,60,5
21,65,5
23,68,3
21,60,4
21,61,4
23,70,4
21,63,4
23,85,6
23,88,3
21,63,6
21,62,4
21,60,5
21,73,5
21,62,5
23,84,4
21,63,5
22,63,2
20,60,3
21,61,4
23,70,5
21,62,7
21,61,6
21,60,5
23,76,6
22,67,4
21,65,5
23,72,4
20,68,6
21,61,6
23,61,6
23,72,5
23,70,4
21,61,3
20,61,5
23,70,1
20,57,3
21,67,3
18,69,7
22,70,4
18,50,2
18,48,3
23,65,3
23,75,3
23,72,3
21,62,2
23,71,6
21,74,8
19,60,4
23,68,4
21,79,5
19,66,4
23,66,6
23,77,5
23,70,4
23,61,4
21,60,6
23,64,8
21,66,5
22,57,6
20,61,5
23,57,4
21,60,5
19,48,6
20,61,5
23,67,4
20,61,4
22,58,6
21,64,7
21,64,4
21,68,4
21,67,6
21,65,3
21,60,6
21,59,5
21,59,5
23,72,6
21,63,5
21,60,5
19,60,2
21,57,5
21,63,3
20,56,3
21,81,4
23,67,6
21,63,4
21,71,6
23,70,4
21,62,4
23,71,5
21,60,7
19,53,3
23,65,4
20,66,3
23,76,4
23,73,5
21,64,5
21,57,4
21,61,7
21,61,7
21,64,4
23,73,4
21,62,5
21,58,6
21,59,4
21,63,5
20,63,3
23,73,5
21,55,7
21,64,3
19,54,4
19,64,6
23,63,6
21,56,4
21,66,3
21,62,4
21,56,6
23,71,5
23,67,7
21,64,5
22,61,6
23,80,8
23,81,6
22,73,5
21,58,5
21,58,4
23,78,7
22,69,3
21,68,5
21,65,6
23,72,5
21,59,5
21,60,6
23,66,6
21,63,3
23,73,4
18,56,4
23,82,5
21,60,4
23,82,6
21,58,4
21,58,5
21,67,5
21,65,7
21,64,6
23,73,6
21,65,4
23,70,5
21,75,6
23,80,5
19,60,4
23,75,5
21,64,5
23,69,6
23,61,4
23,77,8
20,61,6
19,62,6
23,88,10
23,82,9
23,84,8
23,84,4
23,93,9
23,79,8
21,78,6
20,73,10
20,67,2
23,80,9
23,89,9
22,80,9
23,86,9
23,80,11
23,88,7
22,79,9
22,80,10
23,83,9
23,88,9
22,83,9
21,79,8
23,71,9
23,66,9
23,73,3
21,70,6
22,66,7
22,68,9
22,70,2
23,78,9
23,71,9
22,78,1
23,73,9
23,69,8
23,71,9
22,73,8
23,72,3
23,74,7
23,72,5
23,71,3
22,71,2
20,62,8
23,69,9
21,67,3
23,69,9
21,72,4
23,67,9
21,73,5
22,70,3
21,69,7
23,69,11
23,72,10
23,67,10
23,82,7
23,65,10
23,70,11
23,70,8
22,68,8
23,73,11
23,87,6
22,79,8
23,75,3
23,65,10
22,70,7
23,74,5
23,69,10
23,69,8
21,59,8
23,72,9
22,70,8
23,69,9
22,70,9
23,73,3
23,75,3
23,75,6
23,68,7
22,70,7
19,57,8
23,74,5
22,60,8
23,71,8
22,68,10
23,73,8
23,74,11
23,74,10
23,88,7
23,84,5
23,70,9
23,69,9
23,70,8
23,69,9
23,72,3
22,79,6
23,72,10
23,81,7
23,86,8
21,55,7
23,73,10
23,71,8
23,77,4
23,73,10
23,72,8
23,77,4
23,74,9
23,74,10
21,73,6
22,75,7
22,68,8
23,67,10
22,68,7
23,80,7
23,74,7
23,74,10
23,76,8
23,68,7
23,69,9
22,74,8
22,64,9
23,72,10
21,67,9
23,74,8
21,67,8
23,74,8
22,62,8
21,69,6
21,61,8
23,72,10
23,69,9
22,68,8
23,76,8
23,69,7
23,76,10
23,72,8
23,77,9
23,78,3
22,71,8
23,77,8
23,76,10
23,68,10
21,64,9
21,64,8
22,70,8
22,70,8
23,72,9
21,60,10
22,72,8
23,71,9
22,73,7
23,72,10
23,76,10
23,72,10
23,72,10
23,76,11
23,72,10
23,72,10
23,68,8
21,73,7
22,71,3
23,74,2
21,69,7
22,74,3
23,69,7
23,75,4
23,67,8
21,57,2
22,72,3
22,68,7
23,71,2
21,63,8
23,71,9
21,57,2
22,68,10
23,75,8
23,75,8
22,68,10
22,67,8
23,72,11
22,68,7
23,75,11
22,68,8
22,69,7
22,70,7
22,79,7
23,72,11
23,64,3
23,90,8
23,70,10
21,66,8
23,72,10
21,64,7
23,77,8
22,70,2
22,69,6
23,74,7
22,71,2
22,69,9
23,77,9
22,66,8
23,83,5
23,77,8
23,71,2
23,77,8
23,72,3
23,87,8
23,74,7
23,74,5
22,69,9
23,77,9
23,73,3
23,69,11
20,60,8
21,68,8
22,65,8
22,69,8
22,65,7
23,68,9
22,65,8
23,68,7
23,80,7
23,65,10
23,71,10
23,69,8
22,61,8
21,55,8
22,66,11
21,62,9
23,69,9
23,71,8
22,68,8
22,74,7
23,71,9
22,69,9
23,71,9
23,70,9
23,75,10
21,65,8
22,76,6
23,69,11
23,69,11
21,62,9
23,71,9
23,66,9
23,69,10
23,68,7
23,71,9
23,76,9
23,75,9
23,79,8
23,71,3
21,68,3
23,73,9
23,74,10
21,66,8
21,66,6
23,76,9
22,66,8
23,73,10
23,71,9
23,68,7
23,79,4
23,78,5
23,71,7
23,76,10
23,65,11
23,72,8
23,71,3
23,75,3
23,75,4
23,70,11
23,80,8
23,73,7
23,72,8
23,72,9
23,72,8
23,80,7
21,71,3
22,64,7
23,72,7
23,73,8
23,74,9
21,60,8
21,57,7
23,75,6
23,59,8
21,65,5
21,56,6
22,60,9
21,62,7
22,60,4
21,65,7
22,61,9
23,65,9
22,60,7
23,65,7
22,60,8
23,60,8
22,65,7
23,66,8
23,73,6
21,64,6
23,66,7
22,65,7
23,70,5
23,68,5
23,62,7
23,63,8
23,72,4
23,68,7
23,69,6
23,70,6
23,61,8
21,60,6
22,57,9
23,61,7
21,61,6
21,62,7
22,65,7
22,65,6
23,73,6
23,60,8
21,63,6
22,63,5
21,56,7
23,62,8
23,60,8
21,64,7
23,68,7
23,61,4
23,67,8
23,73,8
23,65,7
22,68,5
23,70,6
22,60,8
23,70,7
22,65,8
23,67,7
23,65,6
21,63,6
23,63,7
21,62,6
23,62,6
23,64,9
22,63,7
21,59,6
22,65,7
21,61,6
22,69,9
21,58,7
23,64,7
23,71,5
22,64,6
21,61,5
22,63,8
22,65,8
23,73,7
23,70,5
21,64,6
21,62,6
23,69,5
23,63,7
23,64,4
21,63,7
23,67,7
23,69,5
23,70,6
22,70,7
23,69,6
22,60,4
22,63,4
23,71,6
23,71,5
23,70,5
23,73,6
23,65,6
22,64,6
20,59,8
23,70,5
23,65,9
23,60,8
23,62,6
23,69,5
23,77,4
23,57,4
21,62,7
23,64,8
22,69,4
21,62,7
23,65,7
23,69,6
23,61,8
22,66,7
21,61,5
23,76,4
22,72,5
21,61,6
23,64,7
23,71,5
23,72,5
21,63,7
22,70,7
22,62,7
22,58,8
22,62,7
23,67,7
22,59,7
22,58,7
22,60,7
22,65,7
21,64,7
23,67,7
21,58,6
22,64,8
21,66,7
22,67,9
21,64,7
21,59,7
21,61,8
23,65,8
23,66,8
21,62,5
23,60,7
22,63,7
21,59,6
23,65,8
23,64,9
22,58,9
21,62,6
22,62,8
22,58,9
22,61,8
23,69,7
21,64,6
21,60,6
22,67,5
22,66,6
22,63,8
23,61,9
23,65,8
22,65,6
20,58,7
22,62,7
22,66,5
21,63,5
23,82,4
23,70,8
23,72,6
23,69,6
23,63,7
23,66,8
23,65,9
23,61,7
22,67,6
23,67,9
21,69,6
21,66,6
23,63,6
22,72,6
23,64,7
21,64,7
23,71,6
22,65,8
23,64,9
21,67,4
23,68,6
23,63,8
23,65,7
23,64,10
21,72,5
21,72,4
22,64,8
23,66,8
23,72,7
22,72,5
22,64,8
22,63,9
21,63,7
21,66,4
23,87,6
22,68,6
21,66,5
21,65,7
21,65,5
21,65,6
23,66,8
21,67,5
20,59,7
22,68,5
23,68,8
21,60,7
22,58,8
23,66,6
23,64,5
22,63,7
23,66,8
21,58,6
22,73,7
23,61,9
23,63,8
23,67,7
22,69,9
23,71,6
21,72,5
23,72,5
21,62,6
21,62,6
23,64,8
23,68,7
23,71,5
23,67,7
23,63,8
23,64,7
23,69,5
23,69,7
23,58,9
23,68,7
21,64,6
22,67,8
23,55,8
23,60,9
23,68,8
23,55,8
23,56,8
23,63,6
23,55,8
21,62,6
23,69,6
23,71,6
21,69,5
23,70,6
23,72,8
23,73,7
21,64,7
23,76,5
23,75,5
22,68,5
23,61,7
23,80,5
23,67,7
23,66,8
23,57,8
23,70,6
23,69,7
23,66,7
22,65,8
23,85,6
23,82,4
23,89,6
23,61,8
23,65,8
23,65,8
23,71,6
23,63,7
23,60,8
23,61,6
22,58,9
21,62,7
23,59,8
22,68,6
23,64,6
23,65,8
21,63,5
21,63,6
21,65,3
21,63,7
22,69,5
23,59,9
23,60,5
22,54,8
23,63,7
23,83,4
23,87,6
23,89,6
23,83,4
23,67,5
23,64,9
23,60,7
23,68,7
21,62,7
22,67,8
22,62,6
22,58,9
23,68,7
21,70,7
21,59,7
21,63,6
22,65,7
22,62,6
22,62,7
21,65,4
21,65,7
21,63,5
21,65,6
23,68,7
23,62,7
21,57,7
22,62,7
21,57,5
23,72,7
23,56,7
23,65,7
21,59,7
23,66,6
23,75,7
23,81,8
23,73,6
22,66,5
23,67,6
23,66,6
22,67,9
22,69,5
22,65,9
23,82,5
23,80,4
23,72,6
23,65,8
23,70,8
23,64,9
22,67,6
21,70,6
21,66,6
23,72,6
21,66,5
21,65,6
22,65,8
23,77,4
22,70,6
23,71,4
22,60,9
22,63,6
23,69,5
23,63,8
21,59,5
22,63,5
20,61,6
22,67,7
21,65,7
23,67,7
22,72,7
23,58,8
23,63,6
22,69,6
22,69,6
23,59,9
23,61,6
21,64,3
23,61,6
23,59,8
21,73,5
23,69,8
23,59,7
23,84,4
23,59,9
22,61,7
22,62,7
22,65,6
23,59,9
22,70,6
22,74,7
22,63,6
22,78,7
23,73,5
23,68,6
20,66,6
22,68,8
22,55,7
22,53,8
22,67,7
21,76,6
21,65,5
20,66,7
23,107,7
23,104,6
21,84,4
22,69,6
21,74,5
21,60,7
22,63,8
21,62,4
21,62,5
23,85,6
23,68,7
23,70,6
21,70,5
23,87,6
21,61,6
23,58,9
22,62,8
21,62,6
21,59,8
21,66,5
22,63,8
21,64,7
22,65,7
22,74,5
23,63,5
23,61,8
22,67,5
21,63,4
21,69,5
23,68,6
21,63,4
22,63,9
23,67,8
23,65,7
23,71,6
23,77,4
22,73,3
21,66,6
23,79,5
23,78,7
21,69,5
23,76,5
23,84,5
21,68,5
23,75,7
21,64,8
21,71,3
23,74,6
21,70,3
22,64,4
21,64,6
21,64,3
19,56,3
21,68,4
21,57,6
21,63,5
21,66,4
21,64,5
23,68,11
21,70,3
23,70,6
23,75,10
23,70,7
21,63,4
21,61,6
21,72,5
21,59,5
17,57,6
23,85,5
23,76,5
21,71,6
21,70,3
21,63,4
23,76,7
20,63,5
19,59,3
23,72,5
19,59,4
21,64,6
19,55,2
20,60,4
21,62,3
23,66,7
21,62,3
23,64,6
21,72,6
21,70,5
21,63,5
17,45,4
23,67,3
23,67,4
19,58,6
23,73,7
23,79,4
19,64,6
23,85,4
23,67,4
21,56,6
23,78,5
21,61,3
23,67,6
21,68,5
23,67,3
21,63,4
21,61,4
21,63,6
21,69,6
23,71,5
21,67,3
23,59,5
21,61,5
23,63,7
21,57,3
23,66,7
23,65,4
21,64,5
21,67,4
21,62,5
23,70,4
21,59,4
21,61,5
23,64,5
21,65,5
23,67,7
21,67,4
21,74,4
23,72,4
21,60,5
23,76,4
23,67,8
21,70,4
21,72,2
21,62,3
23,60,6
23,69,4
23,65,3
23,80,5
21,65,4
23,81,5
21,65,4
23,71,8
23,65,10
23,71,9
23,67,8
23,67,8
23,67,8
23,65,10
23,70,8
23,71,9
23,67,8
23,71,9
23,67,9
20,61,7
20,61,7
23,73,9
23,65,8
23,68,9
23,68,9
23,71,8
23,70,9
21,63,8
23,78,8
21,62,8
23,78,9
23,70,9
23,70,8
23,70,8
23,70,9
23,65,8
23,72,9
21,60,2
22,58,2
22,58,2
22,58,2
21,56,5
21,67,5
22,59,8
22,62,7
22,65,8
21,56,4
23,58,2
22,56,4
23,67,10
21,64,4
22,58,8
23,61,4
19,51,3
23,67,5
21,66,6
23,64,5
23,79,5
21,63,3
22,74,4
21,70,5
21,52,5
23,64,1
21,65,4
22,74,4
21,64,4
23,60,7
21,57,4
21,65,7
21,68,4
21,63,4
21,64,5
23,71,4
22,64,3
21,63,3
21,80,5
22,63,5
21,53,6
19,54,3
21,59,2
21,60,4
23,77,4
19,61,3
23,63,4
21,65,6
19,61,3
21,62,4
19,54,2
19,53,5
21,68,6
21,68,5
22,63,5
20,59,2
20,63,1
19,54,1
21,63,4
23,61,6
19,58,4
21,60,5
21,63,6
19,57,2
23,64,3
21,63,3
21,61,4
23,65,3
23,62,5
22,63,6
23,59,5
20,57,3
21,59,3
21,71,6
23,61,5
21,57,7
23,58,6
23,80,2
23,67,4
19,63,4
23,75,6
21,75,9
22,64,0
21,75,5
23,58,6
19,52,6
22,66,3
21,58,3
21,59,4
20,56,4
19,55,3
21,64,5
22,61,3
22,72,7
23,72,9
21,59,6
20,55,3
21,66,5
23,71,3
21,61,8
22,69,6
23,84,8
20,57,1
21,63,2
21,67,5
23,74,5
19,64,6
21,67,3
20,57,5
23,82,3
23,68,4
23,89,10
23,91,10
22,76,9
20,68,7
21,63,8
21,64,8
21,60,7
21,61,7
22,64,8
22,62,8
21,70,7
20,59,5
21,72,5
23,61,6
21,66,6
21,68,7
21,68,4
23,78,3
23,82,5
23,78,8
23,70,2
21,58,7
22,85,8
22,87,7
23,69,1
22,69,4
22,71,5
21,74,9
21,64,6
23,71,6
22,70,3
22,71,8
22,67,10
22,70,9
21,72,8
22,66,0
23,76,9
22,72,8
22,75,9
22,66,9
21,68,3
23,65,9
23,82,5
22,69,9
22,74,6
20,68,2
22,66,8
23,84,5
22,66,8
22,67,8
22,74,3
22,69,8
20,63,6
21,71,3
21,53,7
21,61,7
23,65,6
23,69,8
22,62,6
23,67,7
22,64,7
22,62,7
22,64,7
22,64,7
23,61,8
23,64,6
21,69,5
21,59,6
23,58,7
22,62,7
21,59,6
23,62,7
23,80,5
23,66,5
23,61,5
22,69,6
21,74,7
22,57,7
23,66,8
23,68,6
22,60,6
22,60,8
21,52,9
23,63,5
20,64,5
21,66,4
23,66,8
23,70,6
23,61,5
22,72,7
22,60,5
22,63,9
23,65,6
22,64,6
23,70,2
21,73,3
21,75,5
18,54,3
21,67,6
23,73,6
20,65,3
20,67,4
23,57,5
20,56,4
19,58,6
18,50,4
18,50,4
20,64,4
21,55,6
19,53,4
20,57,2
19,57,6
23,61,5
19,55,4
23,60,7
23,66,5
21,62,5
23,84,5
18,56,7
23,67,6
22,75,5
21,63,7
19,56,5
21,62,5
20,61,3
23,78,7
20,63,5
23,72,4
23,75,6
21,65,4
19,55,2
21,62,3
21,68,6
22,65,7
21,58,6
21,60,6
22,71,8
23,67,5
21,63,7
21,64,5
23,76,8
19,60,4
21,64,4
21,57,4
21,64,3
21,68,5
22,64,4
21,62,4
23,74,8
23,74,8
23,74,8
23,75,7
21,61,3
21,65,5
23,72,7
21,63,5
21,69,6
23,66,7
21,65,6
21,65,6
21,63,6
21,66,5
21,63,5
21,72,6
21,68,6
23,87,6
21,83,6
21,65,6
21,63,6
23,88,6
21,86,6
21,66,6
23,66,4
23,76,5
23,74,7
23,75,5
19,53,2
21,57,3
23,67,4
21,64,4
22,65,6
22,58,5
20,59,3
21,51,6
23,78,4
22,69,3
21,61,4
22,67,5
21,55,7
20,57,2
21,54,6
21,56,3
20,59,3
20,59,3
21,57,4
20,59,3
20,59,3
21,67,3
20,57,2
20,65,4
21,66,3
23,72,7
20,61,3
23,83,5
19,54,4
21,57,4
21,56,4
21,62,4
23,70,6
21,58,6
20,56,2
20,57,2
21,63,5
23,72,5
23,70,1
18,50,5
19,55,5
23,65,8
22,72,4
21,66,5
20,63,3
19,54,4
23,59,5
18,55,4
21,70,5
22,64,8
23,76,6
21,72,6
19,63,5
19,57,5
22,64,7
22,56,6
21,56,3
22,55,5
21,60,4
23,75,3
21,61,4
22,72,4
22,68,6
22,68,8
21,64,6
23,71,6
23,71,5
23,70,7
19,62,4
23,67,7
22,60,7
23,84,5
21,62,6
21,60,5
19,62,4
21,68,5
23,71,7
22,63,7
22,60,6
22,62,5
23,57,8
21,65,6
20,58,6
19,65,4
21,68,5
21,67,6
21,79,5
21,77,6
21,65,6
21,63,6
21,63,5
23,88,3
21,65,6
21,65,5
21,62,5
22,59,3
23,71,6
20,57,2
20,46,6
21,61,5
21,61,8
21,65,6
23,71,4
21,65,5
23,74,4
21,57,6
21,55,6
21,59,5
21,57,5
19,48,4
20,60,7
21,74,8
22,71,5
23,71,6
21,54,4
21,64,5
23,72,4
22,63,6
21,64,4
23,71,6
21,71,6
21,74,5
21,69,5
23,72,8
22,66,4
23,64,6
19,63,5
23,72,5
19,53,4
23,72,4
19,47,5
20,60,4
21,59,4
23,76,5
21,59,4
21,57,5
23,77,5
21,64,5
19,64,5
21,64,4
21,65,5
21,66,4
21,57,8
21,61,6
17,54,5
21,66,5
23,73,5
21,61,5
19,48,3
23,73,5
23,82,10
23,76,9
23,80,9
23,88,8
23,76,9
23,83,10
22,82,9
21,74,8
23,77,7
23,83,8
21,70,7
23,69,3
22,71,3
23,87,7
22,68,9
22,71,7
23,73,10
23,87,6
22,77,6
23,71,10
23,76,10
23,73,9
22,72,8
23,71,9
23,76,10
23,73,9
21,66,8
23,69,8
22,68,8
23,69,8
23,76,8
21,69,8
23,77,4
23,77,10
23,76,11
23,69,7
22,68,8
23,84,7
21,65,6
21,68,1
20,67,7
23,69,9
23,75,6
21,61,9
22,64,11
20,67,7
22,79,7
23,69,11
22,68,3
21,69,7
23,76,8
23,74,8
22,65,7
23,73,6
23,71,6
22,71,2
23,79,8
21,72,3
23,72,11
21,61,9
22,68,7
22,63,6
20,52,2
21,62,6
21,59,8
21,53,8
21,59,9
21,60,7
23,70,6
23,70,6
22,57,8
21,64,6
22,64,7
23,71,5
23,63,8
23,69,5
22,59,9
21,62,6
22,65,6
23,70,6
23,69,6
23,64,7
22,62,6
22,63,7
23,69,5
23,69,6
23,69,6
22,63,8
22,62,7
23,73,7
23,61,4
22,61,8
22,66,7
22,63,7
23,70,6
23,71,6
21,59,6
23,62,5
23,68,6
21,59,8
23,70,6
23,68,8
22,68,4
21,63,6
21,58,7
23,72,6
23,63,7
22,62,7
23,69,5
22,58,8
22,62,7
22,60,9
22,61,7
23,70,7
23,59,8
21,59,7
22,66,5
23,64,7
23,63,7
23,65,8
22,65,6
23,85,6
23,69,6
22,62,7
21,62,6
22,64,6
23,61,7
23,71,6
22,62,4
23,63,8
23,61,9
22,62,5
22,66,6
21,65,7
23,67,8
23,69,7
22,60,8
22,63,8
22,66,7
23,58,7
23,60,7
23,69,7
23,69,8
21,59,6
23,65,8
21,73,5
22,60,6
22,67,5
22,73,6
22,57,5
23,66,7
21,63,7
22,61,7
23,63,7
23,67,9
23,85,6
22,67,6
23,63,8
23,70,7
22,54,7
23,70,6
21,68,5
21,65,7
22,70,6
23,72,7
21,69,6
22,55,7
22,62,8
23,66,6
22,67,6
22,65,6
22,73,6
22,61,8
23,69,7
22,73,6
23,63,9
21,69,7
21,57,5
23,61,9
23,65,7
23,70,6
23,77,4
21,61,3
21,61,5
22,60,6
23,65,9
23,69,8
23,73,8
23,71,8
21,55,5
22,63,9
23,64,8
23,58,1
23,64,7
21,62,5
22,74,5
23,64,6
23,65,3
23,65,8
21,59,4
20,59,3
23,71,4
23,71,6
23,77,5
22,77,10
22,71,10
21,67,8
23,59,7
22,82,6
21,71,2
22,65,8
22,65,8
23,75,8
21,69,3
20,58,8
23,76,6
23,67,7
23,66,9
23,62,5
22,59,6
20,61,6
21,59,6
22,63,8
22,61,6
23,66,5
23,64,7
21,78,7
23,69,6
22,62,8
23,61,6
22,70,5
22,63,6
23,69,6
22,62,8
21,56,5
21,62,4
21,72,6
23,72,6
20,60,4
22,62,5
21,61,9
23,74,9
21,73,5
22,90,5
22,69,9
22,65,8
22,71,10
23,65,8
22,68,6
21,72,6
21,74,7
23,69,6
21,74,6
21,68,5
23,63,7
21,70,5
22,65,0
21,66,5
21,68,5
23,63,8
23,65,5
23,83,5
21,64,5
21,68,6
23,82,10
23,88,8
21,68,8
23,72,10
23,74,9
23,79,8
23,75,9
23,74,12
23,76,8
21,69,8
23,76,11
22,70,3
22,68,7
21,71,7
20,65,7
23,69,8
23,73,9
23,71,7
22,73,2
23,78,8
23,78,4
22,64,9
22,61,8
22,66,6
23,70,6
23,63,6
23,69,5
23,70,5
22,65,9
23,72,6
22,65,6
21,59,5
22,65,7
23,65,7
21,61,6
22,58,9
23,62,8
23,71,6
23,63,6
23,69,6
22,63,7
21,60,5
23,67,8
22,69,6
23,65,6
23,68,6
22,68,6
22,62,7
23,63,6
22,64,7
21,63,5
23,69,6
22,67,6
22,60,8
23,68,5
22,61,6
23,78,5
22,83,4
22,55,9
22,70,8
22,62,8
21,57,7
23,61,8
22,70,7
23,87,6
23,71,6
21,61,6
23,70,6
22,60,7
23,72,9
23,69,9
20,55,6
23,71,9
23,71,3
21,60,4
22,82,8
23,80,6
22,75,9
21,74,3
21,59,7
21,63,6
21,63,5
21,70,5
23,72,8
21,66,8
23,70,6
23,69,5
22,74,6
21,62,4
21,67,6
22,65,8
22,58,7
22,63,8
22,67,7
23,67,5
22,70,5
22,76,7
23,85,6
22,76,8
22,60,6
23,66,5
23,57,8
23,71,7
23,65,7
22,65,7
23,70,8
23,80,5
23,84,5
21,61,5
21,63,5
21,59,4
21,63,6
23,70,5
23,70,7
20,67,5
21,63,5
19,61,8
22,71,4
22,85,10
20,71,7
20,67,3
19,72,7
22,81,10
22,71,2
22,84,8
22,75,8
22,80,8
22,76,8
22,68,1
22,61,2
22,70,9
21,62,8
22,71,3
22,69,7
22,68,3
19,45,7
22,68,4
21,71,6
21,75,6
22,65,2
22,63,1
19,65,7
19,59,3
21,69,3
22,65,3
22,61,3
21,68,5
19,53,4
21,64,4
19,54,4
22,65,2
21,63,4
22,68,3
22,73,9
22,79,8
22,71,2
21,71,3
21,67,1
21,65,1
22,70,3
22,66,2
22,65,8
22,69,3
22,62,8
22,66,2
21,71,8
21,67,7
22,66,7
21,68,2
21,73,2
22,72,10
22,79,8
21,72,7
21,72,7
21,71,7
21,65,2
22,77,7
22,79,8
22,60,9
22,73,7
22,62,8
20,58,7
22,60,9
22,65,8
22,68,4
22,68,4
21,67,2
22,66,9
22,82,8
21,68,1
21,71,2
21,76,5
22,65,10
21,66,8
21,72,4
21,66,1
22,70,2
22,65,10
21,67,8
22,73,4
22,73,4
22,66,8
22,61,8
22,65,9
22,66,7
22,70,4
22,70,6
21,66,2
22,65,9
22,70,3
22,70,4
22,65,9
22,66,8
20,65,8
21,67,7
22,65,9
22,66,10
22,65,7
22,73,3
22,76,6
22,66,7
22,77,8
21,72,2
21,68,2
22,71,10
22,71,3
22,69,10
22,70,9
21,66,9
20,64,8
22,70,9
21,66,9
20,64,8
21,72,3
21,69,4
22,65,10
20,62,7
22,66,9
22,71,9
20,65,6
22,65,10
21,71,4
21,71,4
22,74,6
22,65,10
22,70,8
22,70,9
22,65,9
22,70,8
22,70,9
21,64,8
22,70,9
22,67,8
22,67,9
21,63,9
22,65,9
22,70,8
22,72,3
21,66,8
22,68,9
22,68,7
22,69,9
21,63,8
22,69,8
21,65,8
22,68,9
21,68,7
22,66,9
22,68,8
22,66,8
22,70,8
22,77,7
22,63,7
22,70,4
22,75,7
22,69,2
22,68,3
20,62,6
22,70,7
22,70,8
22,70,8
22,68,1
22,66,7
22,73,6
20,59,8
22,77,6
22,60,8
22,83,7
22,67,7
22,71,9
22,59,2
19,62,7
22,60,7
22,60,8
22,70,6
22,66,8
22,71,3
22,64,8
21,67,9
22,73,8
21,72,2
22,65,7
20,61,6
22,63,7
22,61,7
22,71,4
22,70,10
20,65,7
20,65,8
22,65,7
22,68,7
22,63,6
21,61,9
20,57,6
21,61,9
20,57,6
22,66,11
22,66,8
22,68,9
21,65,6
20,66,7
22,68,9
19,62,7
20,66,7
22,63,7
22,68,8
22,64,7
22,68,9
21,67,6
22,69,9
22,72,2
22,69,8
22,66,2
22,69,6
20,62,7
22,66,7
22,79,8
22,71,7
22,66,7
22,82,7
22,71,7
22,71,3
22,66,7
22,73,7
21,65,6
22,63,7
20,70,5
21,64,5
20,70,7
21,68,7
21,58,8
20,67,4
21,57,4
21,57,6
21,73,6
21,61,7
21,76,6
21,68,6
21,60,6
22,67,5
21,61,4
21,58,5
21,67,6
22,64,4
22,66,5
22,69,5
21,61,8
21,57,6
21,72,7
22,66,3
22,69,4
22,71,4
19,57,5
21,69,5
21,68,6
21,68,4
22,62,3
21,66,5
21,57,8
22,66,8
22,64,7
22,61,8
22,62,8
21,57,9
21,57,6
20,57,6
22,62,6
22,64,6
22,60,8
21,62,7
22,61,7
22,59,7
22,58,7
22,65,8
22,61,8
22,63,7
22,60,7
22,58,6
22,65,6
22,61,7
20,60,5
22,58,6
22,58,8
22,63,5
21,60,6
22,69,7
22,69,8
21,67,7
22,65,6
22,64,7
22,62,9
22,62,7
22,64,7
22,64,7
22,62,7
22,62,5
21,59,5
22,59,7
22,62,7
22,62,7
22,63,9
22,65,8
22,61,8
22,67,7
22,60,7
22,71,6
22,62,8
22,64,7
22,64,7
22,64,6
22,62,7
22,62,7
22,63,7
22,63,7
22,62,7
22,64,6
22,68,7
22,66,7
22,60,6
22,64,7
22,62,7
22,65,6
22,61,7
22,69,8
22,59,7
22,64,7
22,62,8
22,59,7
22,70,1
22,68,8
22,68,7
22,71,6
22,65,8
22,61,8
22,60,7
22,62,6
22,66,8
22,65,7
22,62,7
22,64,7
22,59,7
22,63,8
22,64,6
22,59,5
22,62,9
22,66,7
21,60,7
22,63,6
22,68,9
22,64,6
22,64,7
22,65,7
22,69,4
21,63,6
22,58,7
22,62,6
22,62,6
21,60,6
22,62,8
22,61,8
22,58,7
22,62,7
22,67,7
22,68,8
22,64,9
22,59,8
22,68,5
22,66,7
22,59,7
22,65,7
22,63,6
22,62,6
22,61,8
22,66,7
22,68,7
22,62,7
22,62,6
22,69,5
21,63,6
21,63,4
22,65,7
22,64,6
22,65,9
22,68,5
22,61,7
22,60,8
22,53,7
22,66,6
22,70,7
22,66,5
22,69,5
21,56,8
22,61,6
22,66,6
22,65,6
22,69,5
22,63,6
22,59,7
21,64,6
22,63,7
22,67,6
21,66,5
21,67,3
22,69,7
22,62,7
21,61,5
21,62,4
22,70,5
22,68,4
22,67,4
22,65,8
22,64,3
21,64,6
21,60,5
22,63,8
22,63,7
22,63,5
22,69,5
22,68,7
22,67,3
22,70,6
21,62,4
22,63,6
22,64,8
22,62,7
22,63,6
22,71,7
22,58,6
22,64,6
22,61,7
22,65,5
22,69,5
22,64,7
21,62,5
22,59,6
22,65,5
22,65,6
22,63,7
22,66,8
22,68,8
22,69,5
22,66,8
22,66,3
22,65,8
22,72,4
22,72,0
22,59,5
22,60,5
22,66,8
22,65,7
22,65,9
22,62,6
22,65,7
22,65,7
22,58,8
22,60,7
22,60,8
22,67,6
22,71,7
22,66,6
22,67,8
22,65,7
22,60,6
22,62,7
22,63,7
22,67,7
22,59,7
20,60,5
22,64,7
22,64,8
22,67,7
22,59,6
22,65,8
21,59,5
22,70,6
22,56,7
22,67,6
22,66,8
22,63,7
22,67,7
22,70,7
22,70,7
22,62,8
22,59,7
22,70,7
22,68,8
22,62,7
22,62,9
22,64,8
22,60,7
21,64,7
22,69,4
22,62,8
22,68,7
22,71,5
22,72,7
22,62,8
22,68,7
22,73,7
22,65,7
22,59,8
22,66,8
22,63,7
22,67,7
22,72,5
22,61,7
22,68,5
22,64,7
22,69,5
21,71,7
22,65,7
21,63,7
22,66,7
22,62,7
22,62,6
21,52,6
22,68,6
22,71,6
22,65,6
22,62,7
22,60,8
21,57,8
22,62,6
22,65,7
22,63,7
21,64,7
22,62,4
22,57,6
22,67,4
22,67,7
22,62,6
22,58,7
22,67,6
22,65,4
21,64,3
22,69,4
22,90,4
20,63,4
22,63,8
22,58,7
22,59,7
22,62,7
22,55,6
22,91,3
21,69,4
21,67,5
22,66,6
21,64,5
21,64,5
20,61,6
22,67,7
22,73,6
22,64,6
22,60,8
22,65,7
22,61,7
21,60,7
22,60,7
22,61,7
22,61,8
22,63,7
22,63,7
22,60,6
22,61,7
22,66,7
22,61,8
21,62,8
22,59,5
21,60,4
22,62,8
22,64,7
22,61,9
22,62,7
21,67,6
19,49,5
21,63,4
21,63,5
21,52,7
21,67,8
21,62,6
21,67,6
21,67,6
19,61,5
20,60,4
21,72,7
21,66,6
21,68,5
21,66,6
21,66,5
22,79,4
20,71,6
22,72,4
21,66,6
21,70,6
22,67,5
20,63,4
21,68,5
21,76,5
21,69,4
21,73,6
22,79,3
22,70,5
22,69,6
21,59,5
22,69,3
22,68,5
22,71,4
21,64,5
22,72,4
22,60,3
21,61,5
22,68,5
22,68,5
21,62,4
22,66,3
21,56,5
21,67,5
22,62,3
22,61,3
22,69,5
22,66,4
22,70,4
22,66,4
22,69,3
21,64,4
22,71,4
21,67,4
22,68,4
19,53,3
21,61,4
20,58,3
20,63,4
22,69,4
22,67,6
21,63,4
19,50,6
20,60,4
19,56,5
21,62,7
20,59,4
22,66,4
22,68,3
21,72,4
21,69,3
19,62,4
22,56,4
22,81,9
21,62,9
22,69,4
21,59,6
21,68,5
22,73,7
21,57,6
19,50,4
21,72,6
22,69,5
20,63,4
22,66,5
22,71,5
21,57,5
21,67,5
22,67,4
21,68,6
21,70,5
22,60,4
22,59,4
22,59,5
22,78,4
21,63,7
20,61,4
18,58,5
21,60,5
21,64,4
21,61,5
21,60,7
22,66,5
21,64,4
22,65,4
22,64,5
19,56,4
22,68,3
22,68,3
20,57,4
22,61,6
21,63,5
22,56,7
21,61,2
21,62,4
22,62,6
21,60,7
21,62,6
22,74,5
21,64,4
21,59,4
22,69,5
22,63,6
22,76,6
22,59,7
22,76,6
22,70,5
22,62,8
22,73,5
22,68,2
19,58,1
21,64,9
22,61,7
22,68,5
21,61,8
22,61,7
22,68,5
22,69,8
22,66,4
20,57,8
21,57,3
19,68,6
22,67,3
22,69,5
21,64,6
21,65,7
21,67,6
21,64,5
21,63,5
21,70,5
21,68,5
21,65,6
21,65,5
21,65,6
21,66,6
21,67,6
21,70,5
21,67,6
21,67,6
21,65,4
21,71,5
22,59,3
22,71,0
22,64,7
21,73,8
21,73,8
22,66,8
21,56,5
22,59,5
21,60,2
22,58,2
22,59,5
22,58,2
22,58,2
22,58,2
22,59,3
22,59,3
21,61,3
22,59,3
22,59,3
21,62,4
22,59,3
22,59,3
21,59,7
19,55,3
19,63,9
21,65,4
20,60,2
20,55,0
18,49,1
22,68,1
20,59,2
22,66,2
21,68,3
21,61,7
21,61,5
20,60,4
21,70,3
19,59,4
21,59,4
20,76,6
21,62,3
19,56,5
21,62,5
21,65,0
21,65,6
21,60,6
21,64,2
22,69,2
22,66,8
19,52,3
21,52,5
22,68,5
22,66,3
22,69,8
21,73,7
21,63,4
21,70,6
20,68,7
21,63,5
22,63,2
21,61,5
21,78,8
22,72,6
22,72,4
20,62,3
19,57,3
21,60,6
22,81,6
18,51,2
20,50,6
22,58,3
21,61,5
19,63,4
21,56,4
21,69,3
21,61,4
21,64,5
22,66,3
21,62,5
21,60,5
21,55,4
21,63,5
22,52,5
22,54,5
22,58,2
22,60,3
22,69,5
22,59,3
21,65,6
21,67,4
21,59,5
21,62,4
21,72,6
21,63,4
21,56,5
21,57,5
21,62,5
21,65,4
19,53,4
21,62,4
20,61,4
19,53,5
21,59,4
22,67,4
22,71,4
22,66,3
21,56,5
22,70,2
21,62,3
21,65,7
21,62,5
21,61,5
22,67,4
21,69,5
22,66,4
21,65,5
21,60,4
20,61,5
19,60,3
19,62,6
22,65,3
21,62,3
21,61,3
21,58,6
22,64,4
20,60,4
21,58,6
19,59,5
20,67,2
22,65,3
21,60,6
21,60,6
19,60,3
21,58,9
21,62,6
21,58,7
21,65,5
21,60,5
22,66,4
21,60,6
21,61,5
19,67,6
21,59,5
21,60,6
21,59,5
22,68,5
21,64,6
21,69,6
21,57,4
21,70,4
21,54,5
22,69,4
19,53,0
21,67,5
22,71,4
21,68,5
22,61,1
19,59,5
21,59,4
20,61,4
19,57,4
21,64,5
22,72,3
22,64,2
21,66,7
20,64,7
19,54,2
21,59,4
20,57,4
22,64,1
22,68,4
20,52,3
19,54,2
20,52,3
21,58,6
19,60,4
21,67,4
22,69,7
20,70,5
21,64,3
19,60,3
21,65,4
21,65,5
21,59,6
21,68,4
21,68,6
21,67,5
21,62,6
21,59,5
19,55,4
21,63,5
21,62,4
19,53,3
19,62,5
21,64,4
21,63,4
21,60,3
21,64,4
20,62,5
21,66,4
19,62,5
21,61,5
19,58,5
21,60,6
21,58,6
21,56,7
21,60,6
21,66,4
21,63,4
18,54,3
20,66,5
21,59,3
19,55,3
19,56,5
21,72,6
21,60,4
21,68,4
21,62,4
21,58,4
21,64,4
21,63,4
19,55,2
18,55,3
21,71,8
19,55,3
21,64,4
22,66,4
21,64,5
22,67,3
22,68,4
21,60,5
21,64,4
21,59,5
21,64,5
21,74,6
21,60,5
21,69,3
21,68,3
21,65,3
19,55,5
21,60,6
21,63,4
21,54,3
21,52,3
21,57,4
21,62,4
21,52,4
21,61,4
21,61,3
21,66,5
21,57,5
19,57,8
21,71,5
22,68,5
21,53,3
21,55,4
19,54,5
22,68,5
21,67,6
19,63,4
19,53,5
21,63,5
21,52,3
21,61,5
19,55,4
21,57,6
21,61,6
21,55,5
19,62,3
21,62,4
19,62,3
19,58,6
21,63,5
21,54,6
21,57,4
21,63,6
21,67,5
21,65,6
21,56,4
21,56,3
19,52,3
21,62,5
22,69,4
21,62,5
19,55,4
21,66,6
21,69,7
21,65,4
19,56,4
21,64,5
21,65,6
18,55,6
19,59,5
17,51,2
19,59,5
22,65,3
20,58,3
21,65,6
21,58,9
21,58,8
21,58,4
21,52,6
21,58,4
21,67,4
21,65,5
21,59,5
22,76,4
21,56,5
21,63,5
21,60,5
19,61,7
18,55,5
21,52,6
21,72,4
19,58,4
21,59,6
19,56,4
21,70,4
21,52,4
18,57,4
21,61,4
21,68,4
21,65,6
21,64,4
21,69,5
19,60,6
19,60,7
19,54,5
21,62,6
21,57,4
19,53,5
21,63,4
21,58,5
21,62,4
21,59,5
22,69,3
21,62,5
21,58,5
21,70,5
19,53,4
21,57,5
21,61,5
21,57,5
21,58,3
19,52,3
21,66,5
21,60,5
21,58,3
21,59,6
21,70,4
21,59,5
19,53,4
21,63,5
21,61,5
21,61,5
21,59,6
21,59,5
21,58,5
21,62,5
21,53,6
19,53,5
21,56,8
21,58,6
21,61,3
21,60,3
21,62,4
21,59,6
21,63,2
21,76,5
21,81,5
21,72,6
19,52,5
21,57,4
21,59,5
21,58,4
19,59,6
21,67,5
20,62,2
21,69,4
21,62,3
21,63,1
21,64,2
19,50,2
20,54,4
21,56,3
18,52,3
21,58,5
20,58,3
20,62,3
20,57,3
21,62,4
22,70,3
19,65,4
22,66,5
22,68,2
21,64,0
21,60,5
21,65,5
21,65,5
19,57,2
20,58,2
21,71,8
21,74,8
21,64,5
21,69,5
20,62,2
19,55,0
21,63,2
21,63,2
21,67,1
19,63,3
21,63,2
21,66,2
21,64,2
21,74,8
21,71,8
19,55,6
21,69,4
21,63,6
21,62,2
21,66,3
22,59,3
21,52,4
19,46,3
21,66,5
21,68,4
19,57,3
22,63,4
22,66,3
20,57,1
19,59,7
21,71,3
22,82,7
19,59,7
22,54,6
22,67,5
21,49,6
22,63,6
22,69,6
21,56,4
22,68,4
21,64,4
22,69,3
22,82,5
18,58,5
22,69,8
19,67,7
21,70,6
18,57,5
21,67,4
22,65,2
21,54,4
21,58,6
18,55,4
18,51,5
19,68,4
21,62,4
19,58,1
21,51,4
21,64,5
19,56,4
19,52,6
21,71,4
20,58,3
22,63,3
21,64,3
19,53,4
19,55,5
19,53,7
17,49,4
21,65,7
19,53,5
19,67,5
19,64,5
19,58,5
19,51,5
19,52,7
19,57,5
21,73,6
19,53,5
21,73,7
19,62,3
19,56,6
19,55,5
21,64,4
19,57,4
21,63,3
21,67,4
21,64,5
19,60,4
21,69,3
21,95,7
20,69,4
21,77,5
19,61,5
19,56,5
19,57,3
19,54,6
21,67,4
19,57,3
19,57,4
19,56,4
19,55,4
21,61,4
19,55,2
20,60,2
21,78,6
20,61,3
19,53,4
20,58,4
21,131,9
21,63,5
19,50,4
21,59,5
21,65,5
19,55,3
21,58,5
21,65,4
21,72,5
19,51,5
21,70,4
21,75,8
21,65,4
21,65,5
21,71,4
19,56,5
21,74,8
21,66,7
22,79,7
21,66,7
22,71,9
22,71,9
21,64,7
21,64,7
21,66,7
21,65,8
21,69,7
21,65,8
22,65,9
19,61,7
22,63,5
19,60,4
21,72,5
19,64,4
20,70,5
19,65,4
21,67,6
18,54,4
21,69,4
21,65,7
22,65,2
19,56,5
19,54,3
22,67,3
22,77,7
21,69,5
21,63,3
22,67,3
21,62,4
18,54,5
20,56,3
19,70,6
22,57,6
19,56,5
21,67,6
22,65,10
22,65,10
21,70,6
22,69,3
22,68,3
22,68,8
22,67,3
21,71,9
22,64,9
21,65,8
21,74,4
20,62,8
22,70,8
22,71,10
20,63,7
22,67,7
21,65,8
21,65,8
22,71,8
21,62,7
22,61,9
22,57,7
20,67,3
20,58,5
21,62,8
21,62,5
21,64,7
20,60,5
19,64,5
22,62,4
22,67,7
22,62,7
22,65,6
20,65,5
22,65,6
22,68,5
22,63,7
22,70,4
22,69,4
22,65,7
21,54,7
22,57,7
22,65,7
22,67,4
22,66,7
21,62,7
21,64,5
21,63,4
22,57,7
21,66,2
20,55,5
22,61,7
22,62,7
22,69,5
20,59,6
21,63,4
21,62,6
21,66,4
21,56,6
20,55,4
21,58,3
18,55,5
21,56,4
21,59,3
22,69,4
21,65,4
19,62,5
19,66,4
21,72,6
21,73,7
21,48,7
21,67,6
20,54,4
20,60,4
22,69,8
21,52,5
21,55,6
21,57,5
22,68,4
20,58,3
22,74,4
20,63,3
20,63,4
21,59,5
19,54,4
19,52,5
19,55,5
21,55,6
21,70,4
22,60,4
22,57,3
21,52,6
22,84,5
20,60,5
22,70,5
20,63,4
20,63,4
22,73,5
21,62,6
22,78,4
22,64,5
21,65,5
20,63,4
21,63,5
20,56,3
20,63,4
21,62,5
21,55,7
21,62,7
20,63,4
19,53,5
20,60,5
20,55,1
20,61,4
22,65,6
20,58,4
21,62,5
20,65,3
21,72,8
21,72,8
21,63,7
21,60,5
21,73,6
22,73,6
21,62,4
21,71,6
21,64,4
19,65,4
21,62,8
21,62,3
21,82,10
21,62,3
21,61,4
21,65,5
19,55,4
21,63,4
21,60,3
22,69,2
22,69,3
22,64,7
22,64,6
19,55,5
21,74,5
21,63,6
20,59,5
19,57,4
21,67,5
22,71,5
21,62,5
21,65,4
21,61,4
21,65,4
21,62,4
21,58,6
21,58,6
21,72,7
21,54,8
21,57,4
21,63,4
21,61,4
21,77,6
21,63,6
21,63,4
21,57,7
21,75,6
21,65,5
21,64,4
21,59,4
21,71,6
21,58,5
21,59,4
21,54,8
21,68,6
21,71,5
21,57,5
19,56,5
21,54,5
21,64,5
21,65,5
21,66,7
21,64,5
21,60,5
21,62,4
19,67,4
21,70,4
21,66,4
21,62,2
21,62,4
21,62,4
21,57,5
21,61,5
21,65,7
21,62,5
21,63,6
21,64,5
21,65,5
21,61,6
19,55,3
21,57,5
21,57,5
19,50,3
21,60,5
21,72,6
21,64,4
21,51,6
21,66,7
21,62,5
21,60,5
21,75,3
21,70,6
21,58,6
21,58,6
21,59,5
21,61,4
21,65,4
21,60,4
21,59,6
21,58,4
21,62,5
19,56,4
21,62,4
21,59,6
22,69,6
21,54,5
20,60,3
21,54,5
21,54,5
22,69,3
19,55,4
21,60,7
21,60,6
21,63,5
19,54,4
20,62,4
21,51,7
21,61,6
21,52,7
21,64,7
21,61,5
21,62,5
21,66,5
21,65,4
21,60,5
21,56,6
21,59,5
21,75,6
21,65,6
21,65,4
21,59,7
21,61,7
21,59,5
21,65,4
21,59,4
21,57,5
19,60,4
21,51,6
21,55,5
21,63,2
21,63,3
21,71,8
21,66,5
21,57,5
18,52,2
19,54,4
19,57,3
22,64,3
22,85,5
19,50,5
21,67,3
21,62,2
22,69,4
19,55,3
22,60,5
19,56,3
19,49,5
21,65,5
21,69,6
19,55,4
19,53,6
21,61,3
21,56,8
21,72,5
21,66,4
21,75,5
21,62,4
21,66,5
21,59,5
21,67,5
21,77,7
21,72,5
21,64,4
19,60,3
22,67,7
20,55,2
19,56,4
21,65,4
18,54,3
22,82,8
22,71,3
22,66,3
22,67,5
21,71,5
20,64,7
22,60,3
22,68,10
22,69,8
22,68,8
21,67,3
20,68,7
20,68,7
21,64,6
22,57,7
19,51,6
19,53,4
19,62,7
19,59,6
22,72,6
19,63,5
21,58,4
21,66,5
21,56,8
19,60,4
21,60,6
20,61,4
21,56,6
21,64,5
20,64,5
19,56,4
21,56,6
21,60,4
21,66,6
22,68,5
22,55,5
22,66,2
21,64,5
21,63,1
18,54,4
21,69,4
21,59,7
21,75,5
21,77,6
19,65,5
21,51,7
20,63,4
21,59,5
21,57,6
21,60,6
21,62,3
21,63,3
21,54,5
21,62,4
21,69,7
21,61,5
21,63,5
21,65,6
21,62,3
19,61,4
21,57,5
21,68,4
21,63,5
21,58,8
21,64,5
22,63,4
21,60,5
21,59,5
21,58,4
21,66,6
21,59,6
21,61,6
21,63,4
19,55,2
21,58,7
21,65,7
21,60,4
21,61,5
21,63,4
21,65,5
21,61,6
21,63,5
21,62,3
21,64,8
21,61,4
21,65,6
21,65,7
21,55,7
21,64,4
21,64,5
21,57,7
21,60,6
21,64,6
21,55,4
21,60,3
21,60,7
21,60,4
21,64,4
21,60,6
21,71,5
21,59,5
21,57,7
21,61,4
21,61,6
21,59,6
21,62,5
19,50,6
21,57,5
21,62,6
21,64,5
21,59,4
21,63,5
21,69,5
21,62,6
20,63,4
21,64,5
21,55,2
19,62,6
22,67,7
19,58,4
18,57,5
19,53,3
21,70,6
19,58,3
19,49,5
19,51,3
21,69,8
21,63,5
21,72,3
21,53,2
21,70,7
21,70,7
22,71,7
22,69,2
19,59,4
21,60,5
20,65,5
20,65,4
21,57,6
20,59,5
20,60,4
20,53,6
20,57,5
20,60,4
21,63,5
21,62,7
21,59,5
21,57,5
21,60,7
22,71,4
21,74,4
21,63,4
21,70,6
21,61,5
21,70,4
19,53,4
21,66,4
21,64,3
19,57,3
21,68,6
21,63,4
21,59,6
21,65,6
21,57,5
21,59,6
21,62,5
21,59,4
21,62,6
21,61,4
21,65,4
21,68,6
21,55,6
21,57,6
21,57,6
21,66,4
21,62,6
21,64,6
21,60,5
21,60,6
21,64,4
19,62,5
19,53,5
19,50,4
21,55,7
21,65,6
19,55,3
21,63,5
21,64,5
21,61,3
21,65,5
21,69,7
21,63,6
21,59,5
21,59,3
21,60,4
21,60,5
21,59,4
21,65,4
21,62,5
22,67,3
21,71,4
19,56,5
19,53,5
21,76,5
19,57,4
19,62,3
22,78,3
20,60,4
19,54,5
20,68,6
22,87,5
21,59,3
21,65,4
21,63,5
21,62,5
21,63,4
21,61,3
21,59,5
21,56,6
21,65,6
21,61,6
21,59,6
21,64,5
21,65,5
21,61,4
21,66,7
21,59,4
21,63,5
19,55,3
19,54,3
21,58,5
21,69,5
21,64,4
21,68,6
21,58,6
22,69,3
21,62,4
21,59,5
21,60,4
21,62,5
21,64,5
21,65,5
19,57,5
20,57,5
21,66,5
20,56,6
20,67,3
20,65,3
20,63,4
21,66,5
19,56,3
21,60,5
21,58,7
21,65,4
21,62,5
21,65,4
21,58,5
21,72,6
19,55,7
18,61,5
19,65,6
21,68,5
21,60,5
19,56,4
21,63,4
