from_class,from_side,parent_r1,parent_r2,z,iso_gen,iso_index,n_subs,out_r1,out_r2,to_orbit_id,to_rep_r1,to_rep_r2,to_mu,category
sol_000,solved,YXXyx,YYYXyyx,Xy,x,1,2,XXXXyxyXYxxx,YXXXyxx,orb_0029,YXXYx,YYYXyyx,12,solved_to_solved
sol_000,solved,YXXyx,YYYXyyx,Xy,y,0,2,XYYYxyXyxx,YXXyx,orb_0049,YXXYx,YYYXYxyX,13,solved_to_solved
sol_000,solved,YXXyx,YYYXyyx,xy,x,1,2,YXXYxyxx,YXXyxxx,orb_0078,YYXXYx,YYYXyyx,13,solved_to_solved
sol_000,solved,YXXyx,YYYXyyx,xy,y,0,2,xYYXYxyy,YxxyX,orb_0060,YXXyx,YYXYxyyx,13,solved_to_solved
sol_000,solved,YXXyx,YYYXyyx,yX,x,1,2,YxxyyX,YxxxyXX,orb_0083,YYXXyx,YXXXyxx,13,solved_to_solved
sol_000,solved,YXXyx,YYYXyyx,yX,y,0,2,YYXXYXyxxy,YxxyX,orb_0024,YXXyx,YYXyxx,11,solved_to_solved
sol_000,solved,YXXyx,YYYXyyx,yx,x,1,2,xxYxxYXy,YxxyXXX,orb_0083,YYXXyx,YXXXyxx,13,solved_to_solved
sol_000,solved,YXXyx,YYYXyyx,yx,y,0,2,YxxYxxYXyy,YXXyx,orb_0024,YXXyx,YYXyxx,11,solved_to_solved
sol_000,solved,YXXyx,YYYXyyx,yy,y,1,2,yXYXXyxYx,YXyxYXyxY,orb_0372,YYXYxyXyx,YXyxYXXyx,18,
sol_000,solved,YXXyx,YYYXyyx,yxY,x,1,2,yxxYxYX,YxxyXXX,orb_0083,YYXXyx,YXXXyxx,13,solved_to_solved
sol_002,solved,X,YYYXyyx,yy,y,1,2,X,YXyxYXyxY,orb_0010,X,YYXyxYXyx,10,
sol_003,solved,X,YYYYXyyyx,yy,y,1,3,X,YYxyyXYxyyX,orb_0027,X,YYXyyxYXyyx,12,
sol_003,solved,X,YYYYXyyyx,yyy,y,1,2,X,YXyxYXyxYXyxY,orb_0087,X,YYXyxYXyxYXyx,14,
sol_004,solved,X,YYYYYXyyyyx,yy,y,1,4,X,YXyyxYYXyyxYY,orb_0088,X,YYYXyyxYYXyyx,14,
sol_004,solved,X,YYYYYXyyyyx,yyyy,y,1,2,X,YXyxYXyxYXyxYXyxY,orb_0318,X,YYXyxYXyxYXyxYXyx,18,
sol_005,solved,X,YYYYYYXyyyyyx,yy,y,1,5,X,YYYxyyyXYYxyyyX,orb_0189,X,YYYXyyyxYYXyyyx,16,
sol_005,solved,X,YYYYYYXyyyyyx,yyyyy,y,1,2,X,YXyxYXyxYXyxYXyxYXyxY,orb_0654,X,YYXyxYXyxYXyxYXyxYXyx,22,
sol_006,solved,X,YYYYYYYXyyyyyyx,yy,y,1,6,X,YXyyyxYYYXyyyxYYY,orb_0319,X,YYYYXyyyxYYYXyyyx,18,
sol_006,solved,X,YYYYYYYXyyyyyyx,yyy,y,1,4,X,YXyyxYYXyyxYYXyyxYY,orb_0489,X,YYYXyyxYYXyyxYYXyyx,20,
sol_006,solved,X,YYYYYYYXyyyyyyx,yyyyyy,y,1,2,X,YXyxYXyxYXyxYXyxYXyxYXyxY,orb_0950,X,YYXyxYXyxYXyxYXyxYXyxYXyx,26,
sol_007,solved,X,YYYYYYYYXyyyyyyyx,yy,y,1,7,X,YYYYxyyyyXYYYxyyyyX,orb_0490,X,YYYYXyyyyxYYYXyyyyx,20,
sol_007,solved,X,YYYYYYYYXyyyyyyyx,yyyyyyy,y,1,2,X,YXyxYXyxYXyxYXyxYXyxYXyxYXyxY,orb_1133,X,YYXyxYXyxYXyxYXyxYXyxYXyxYXyx,30,
sol_008,solved,YXXYx,YYYXyyx,Xy,x,1,2,XXXXyXXyxY,YXXXyxx,orb_0134,YXXXyxx,YYXXXXyx,15,solved_to_solved
sol_008,solved,YXXYx,YYYXyyx,Xy,y,0,2,yxxyxxyxxyXXYx,YXXXY,orb_0050,YXXYx,YYYYXXyx,13,
sol_008,solved,YXXYx,YYYXyyx,xy,x,1,2,YXXYXyxx,YXXyxxx,orb_0083,YYXXyx,YXXXyxx,13,solved_to_solved
sol_008,solved,YXXYx,YYYXyyx,xy,y,0,2,xyyXYxYY,YxxYX,orb_0047,YXXYx,YYXYxyyX,13,
sol_008,solved,YXXYx,YYYXyyx,yX,x,1,2,YxxyyXXX,YxxxyXX,orb_0138,YXXXyxx,YYXXyxxx,15,solved_to_solved
sol_008,solved,YXXYx,YYYXyyx,yX,y,0,2,YxxyxxyXYXXYXX,YYXXX,orb_0048,YXXYx,YYYXXyyx,13,
sol_008,solved,YXXYx,YYYXyyx,yx,x,1,2,xxYXYxyXXX,YxxyXXX,orb_0037,YXXyx,YYYXyyx,12,solved_to_solved
sol_008,solved,YXXYx,YYYXyyx,yx,y,0,2,XyyyXYxy,YXYxx,orb_0049,YXXYx,YYYXYxyX,13,solved_to_solved
sol_008,solved,YXXYx,YYYXyyx,yy,y,1,2,yXYXyXYxx,YXyxYXyxY,orb_0374,YYXyxYXyx,YXyXYXyxx,18,
sol_009,solved,YXXyx,YYYYXyyyx,Xy,x,1,2,XXXXXyxxyXXYxxxx,YXXXXyxxx,orb_0176,YYXXYx,YYYYxyyyX,15,solved_to_solved
sol_009,solved,YXXyx,YYYYXyyyx,Xy,y,0,2,XYYYYxyXyyxx,YXXyx,orb_0150,YXXyXYx,YXyxxxyx,15,
sol_009,solved,YXXyx,YYYYXyyyx,xy,x,1,2,YXXXYxyxxx,YXXXyxxxx,orb_0213,YYXXXyX,YXXXXyxxx,16,solved_to_solved
sol_009,solved,YXXyx,YYYYXyyyx,xy,y,0,2,xYYYXYxyyy,YxxyX,orb_0157,YXXyx,YYYXYxyyyx,15,
sol_009,solved,YXXyx,YYYYXyyyx,yX,x,1,2,YxxxyyXX,YxxxxyXXX,orb_0298,YYXXXyxx,YXXXXyxxx,17,solved_to_solved
sol_009,solved,YXXyx,YYYYXyyyx,yX,y,0,2,YYXXYXXYXyxxyxxy,YxxyX,orb_0073,YXXyx,YYYXyyxx,13,solved_to_solved
sol_009,solved,YXXyx,YYYYXyyyx,yx,x,1,2,xxxYxxYXXy,YxxxyXXXX,orb_0298,YYXXXyxx,YXXXXyxxx,17,solved_to_solved
sol_009,solved,YXXyx,YYYYXyyyx,yx,y,0,2,YxxYxxYxxYXyXXyy,YXXyx,orb_0073,YXXyx,YYYXyyxx,13,solved_to_solved
sol_009,solved,YXXyx,YYYYXyyyx,yy,y,1,3,xYYXyXXYxyy,YYxyyXYxyyX,orb_0712,YYXYxxyXXyx,YXXyxYXXyxx,22,
sol_009,solved,YXXyx,YYYYXyyyx,yxY,x,1,2,yxxxYxYXX,YxxxyXXXX,orb_0298,YYXXXyxx,YXXXXyxxx,17,solved_to_solved
sol_009,solved,YXXyx,YYYYXyyyx,yyy,y,1,2,yXYXXyxYx,YXyxYXyxYXyxY,orb_0686,YXyXXYxyx,YYXyxYXyxYXyx,22,
sol_010,solved,YXXyx,YYYYYXyyyyx,Xy,x,1,2,XXXXXXyxxxyXXXYxxxxx,YXXXXXyxxxx,orb_0348,YYXXXyX,YXXXXyxxxxx,18,solved_to_solved
sol_010,solved,YXXyx,YYYYYXyyyyx,Xy,y,0,2,XYYYYYxyXyyyxx,YXXyx,orb_0227,YXXXyXYx,YXyxxxxyx,17,
sol_010,solved,YXXyx,YYYYYXyyyyx,xy,x,1,2,YXXXXYxyxxxx,YXXXXyxxxxx,orb_0444,YYXXXXyX,YXXXXXyxxxx,19,solved_to_solved
sol_010,solved,YXXyx,YYYYYXyyyyx,xy,y,0,2,xYYYYXYxyyyy,YxxyX,orb_0276,YXXyx,YYYYXYxyyyyx,17,
sol_010,solved,YXXyx,YYYYYXyyyyx,yX,x,1,2,YxxxxyyXXX,YxxxxxyXXXX,orb_0606,YYXXXXyxxx,YXXXXXyxxxx,21,
sol_010,solved,YXXyx,YYYYYXyyyyx,yX,y,0,2,YYXXYXXYXXYXyxxyxxyxxy,YxxyX,orb_0158,YXXyx,YYYYXyyyxx,15,
sol_010,solved,YXXyx,YYYYYXyyyyx,yx,x,1,2,xxxxYxxYXXXy,YxxxxyXXXXX,orb_0606,YYXXXXyxxx,YXXXXXyxxxx,21,
sol_010,solved,YXXyx,YYYYYXyyyyx,yx,y,0,2,YxxYxxYxxYxxYXyXXyXXyy,YXXyx,orb_0158,YXXyx,YYYYXyyyxx,15,
sol_010,solved,YXXyx,YYYYYXyyyyx,yy,y,1,4,yyXYYXXyyxYYx,YXyyxYYXyyxYY,orb_0981,YYXXYxxyXXyxx,YXXyxxYXXXyxx,26,
sol_010,solved,YXXyx,YYYYYXyyyyx,yxY,x,1,2,yxxxxYxYXXX,YxxxxyXXXXX,orb_0606,YYXXXXyxxx,YXXXXXyxxxx,21,
sol_010,solved,YXXyx,YYYYYXyyyyx,yyyy,y,1,2,yXYXXyxYx,YXyxYXyxYXyxYXyxY,orb_0971,YXyXXYxyx,YYXyxYXyxYXyxYXyx,26,
sol_011,solved,YXXyx,YYYYYYXyyyyyx,Xy,x,1,2,XXXXXXXyxxxxyXXXXYxxxxxx,YXXXXXXyxxxxx,orb_0603,YYXXXXyX,YXXXXXyxxxxxx,21,solved_to_solved
sol_011,solved,YXXyx,YYYYYYXyyyyyx,Xy,y,0,2,XYYYYYYxyXyyyyxx,YXXyx,orb_0378,YXXXXyXYx,YXyxxxxxyx,19,
sol_011,solved,YXXyx,YYYYYYXyyyyyx,xy,x,1,2,YXXXXXYxyxxxxx,YXXXXXyxxxxxx,orb_0690,YYXXXXXyX,YXXXXXXyxxxxx,22,
sol_011,solved,YXXyx,YYYYYYXyyyyyx,xy,y,0,2,xYYYYYXYxyyyyy,YxxyX,orb_0429,YXXyx,YYYYYXYxyyyyyx,19,
sol_011,solved,YXXyx,YYYYYYXyyyyyx,yX,x,1,2,YxxxxxyyXXXX,YxxxxxxyXXXXX,orb_0919,YYXXXXXyxxxx,YXXXXXXyxxxxx,25,
sol_011,solved,YXXyx,YYYYYYXyyyyyx,yX,y,0,2,YYXXYXXYXXYXXYXyxxyxxyxxyxxy,YxxyX,orb_0277,YXXyx,YYYYYXyyyyxx,17,
sol_011,solved,YXXyx,YYYYYYXyyyyyx,yx,x,1,2,xxxxxYxxYXXXXy,YxxxxxyXXXXXX,orb_0919,YYXXXXXyxxxx,YXXXXXXyxxxxx,25,
sol_011,solved,YXXyx,YYYYYYXyyyyyx,yx,y,0,2,YxxYxxYxxYxxYxxYXyXXyXXyXXyy,YXXyx,orb_0277,YXXyx,YYYYYXyyyyxx,17,
sol_011,solved,YXXyx,YYYYYYXyyyyyx,yy,y,1,5,xYYYXyyXXYYxyyy,YYYxyyyXYYxyyyX,orb_1163,YYXXYxxxyXXXyxx,YXXXyxxYXXXyxxx,30,
sol_011,solved,YXXyx,YYYYYYXyyyyyx,yxY,x,1,2,yxxxxxYxYXXXX,YxxxxxyXXXXXX,orb_0919,YYXXXXXyxxxx,YXXXXXXyxxxxx,25,
sol_011,solved,YXXyx,YYYYYYXyyyyyx,yyyyy,y,1,2,yXYXXyxYx,YXyxYXyxYXyxYXyxYXyxY,orb_1153,YXyXXYxyx,YYXyxYXyxYXyxYXyxYXyx,30,
sol_012,solved,YXXyx,YYYYYYYXyyyyyyx,Xy,x,1,2,XXXXXXXXyxxxxxyXXXXXYxxxxxxx,YXXXXXXXyxxxxxx,orb_0837,YYXXXXXyX,YXXXXXXyxxxxxxx,24,
sol_012,solved,YXXyx,YYYYYYYXyyyyyyx,Xy,y,0,2,XYYYYYYYxyXyyyyyxx,YXXyx,orb_0531,YXXXXXyXYx,YXyxxxxxxyx,21,
sol_012,solved,YXXyx,YYYYYYYXyyyyyyx,xy,x,1,2,YXXXXXXYxyxxxxxx,YXXXXXXyxxxxxxx,orb_0914,YYXXXXXXyX,YXXXXXXXyxxxxxx,25,
sol_012,solved,YXXyx,YYYYYYYXyyyyyyx,xy,y,0,2,xYYYYYYXYxyyyyyy,YxxyX,orb_0590,YXXyx,YYYYYYXYxyyyyyyx,21,
sol_012,solved,YXXyx,YYYYYYYXyyyyyyx,yX,x,1,2,YxxxxxxyyXXXXX,YxxxxxxxyXXXXXX,orb_1122,YYXXXXXXyxxxxx,YXXXXXXXyxxxxxx,29,
sol_012,solved,YXXyx,YYYYYYYXyyyyyyx,yX,y,0,2,YYXXYXXYXXYXXYXXYXyxxyxxyxxyxxyxxy,YxxyX,orb_0430,YXXyx,YYYYYYXyyyyyxx,19,
sol_012,solved,YXXyx,YYYYYYYXyyyyyyx,yx,x,1,2,xxxxxxYxxYXXXXXy,YxxxxxxyXXXXXXX,orb_1122,YYXXXXXXyxxxxx,YXXXXXXXyxxxxxx,29,
sol_012,solved,YXXyx,YYYYYYYXyyyyyyx,yx,y,0,2,YxxYxxYxxYxxYxxYxxYXyXXyXXyXXyXXyy,YXXyx,orb_0430,YXXyx,YYYYYYXyyyyyxx,19,
sol_012,solved,YXXyx,YYYYYYYXyyyyyyx,yy,y,1,6,yyyXYYYXXyyyxYYYx,YXyyyxYYYXyyyxYYY,orb_1280,YYXXXYxxxyXXXyxxx,YXXXyxxxYXXXXyxxx,34,
sol_012,solved,YXXyx,YYYYYYYXyyyyyyx,yxY,x,1,2,yxxxxxxYxYXXXXX,YxxxxxxyXXXXXXX,orb_1122,YYXXXXXXyxxxxx,YXXXXXXXyxxxxxx,29,
sol_012,solved,YXXyx,YYYYYYYXyyyyyyx,yyy,y,1,4,yyXYYXXyyxYYx,YXyyxYYXyyxYYXyyxYY,orb_1226,YYXXYxxyXXyxx,YXXyxxYXXyxxYXXXyxx,32,
sol_012,solved,YXXyx,YYYYYYYXyyyyyyx,yyyyyy,y,1,2,yXYXXyxYx,YXyxYXyxYXyxYXyxYXyxYXyxY,orb_1276,YXyXXYxyx,YYXyxYXyxYXyxYXyxYXyxYXyx,34,
sol_013,solved,YXXyx,YYYYYYYYXyyyyyyyx,Xy,x,1,2,XXXXXXXXXyxxxxxxyXXXXXXYxxxxxxxx,YXXXXXXXXyxxxxxxx,orb_1020,YYXXXXXXyX,YXXXXXXXyxxxxxxxx,27,
sol_013,solved,YXXyx,YYYYYYYYXyyyyyyyx,Xy,y,0,2,XYYYYYYYYxyXyyyyyyxx,YXXyx,orb_0715,YXXXXXXyXYx,YXyxxxxxxxyx,23,
sol_013,solved,YXXyx,YYYYYYYYXyyyyyyyx,xy,x,1,2,YXXXXXXXYxyxxxxxxx,YXXXXXXXyxxxxxxxx,orb_1085,YYXXXXXXXyX,YXXXXXXXXyxxxxxxx,28,
sol_013,solved,YXXyx,YYYYYYYYXyyyyyyyx,xy,y,0,2,xYYYYYYYXYxyyyyyyy,YxxyX,orb_0751,YXXyx,YYYYYYYXYxyyyyyyyx,23,
sol_013,solved,YXXyx,YYYYYYYYXyyyyyyyx,yX,x,1,2,YxxxxxxxyyXXXXXX,YxxxxxxxxyXXXXXXX,orb_1253,YYXXXXXXXyxxxxxx,YXXXXXXXXyxxxxxxx,33,
sol_013,solved,YXXyx,YYYYYYYYXyyyyyyyx,yX,y,0,2,YYXXYXXYXXYXXYXXYXXYXyxxyxxyxxyxxyxxyxxy,YxxyX,orb_0591,YXXyx,YYYYYYYXyyyyyyxx,21,
sol_013,solved,YXXyx,YYYYYYYYXyyyyyyyx,yx,x,1,2,xxxxxxxYxxYXXXXXXy,YxxxxxxxyXXXXXXXX,orb_1253,YYXXXXXXXyxxxxxx,YXXXXXXXXyxxxxxxx,33,
sol_013,solved,YXXyx,YYYYYYYYXyyyyyyyx,yx,y,0,2,YxxYxxYxxYxxYxxYxxYxxYXyXXyXXyXXyXXyXXyy,YXXyx,orb_0591,YXXyx,YYYYYYYXyyyyyyxx,21,
sol_013,solved,YXXyx,YYYYYYYYXyyyyyyyx,yy,y,1,7,xYYYYXyyyXXYYYxyyyy,YYYYxyyyyXYYYxyyyyX,orb_1395,YYXXXYxxxxyXXXXyxxx,YXXXXyxxxYXXXXyxxxx,38,
sol_013,solved,YXXyx,YYYYYYYYXyyyyyyyx,yxY,x,1,2,yxxxxxxxYxYXXXXXX,YxxxxxxxyXXXXXXXX,orb_1253,YYXXXXXXXyxxxxxx,YXXXXXXXXyxxxxxxx,33,
sol_013,solved,YXXyx,YYYYYYYYXyyyyyyyx,yyyyyyy,y,1,2,yXYXXyxYx,YXyxYXyxYXyxYXyxYXyxYXyxYXyxY,orb_1390,YXyXXYxyx,YYXyxYXyxYXyxYXyxYXyxYXyxYXyx,38,
sol_014,solved,YYXyX,YXXyx,Xy,x,0,2,XYxxyXXy,YYxxx,orb_0020,YXXYx,YYXXyx,11,
sol_014,solved,YYXyX,YXXyx,Xy,y,1,2,XYYxyX,YXXyx,orb_0024,YXXyx,YYXyxx,11,solved_to_solved
sol_014,solved,YYXyX,YXXyx,xy,y,1,2,xYXYxyXX,YxxyX,orb_0013,YYXyx,YXXyx,10,solved_to_solved
sol_014,solved,YYXyX,YXXyx,yX,x,0,2,YxxYxxYx,YxxxY,orb_0008,X,YYYXyxyX,9,
sol_014,solved,YYXyX,YXXyx,yX,y,1,2,YXXYXXXy,YxxyX,orb_0000,X,YYXyx,6,solved_to_solved
sol_014,solved,YYXyX,YXXyx,yx,x,0,2,yyXy,YxxYX,orb_0008,X,YYYXyxyX,9,
sol_014,solved,YYXyX,YXXyx,yx,y,1,2,YYXy,YXXyx,orb_0000,X,YYXyx,6,solved_to_solved
sol_014,solved,YYXyX,YXXyx,yxY,x,0,2,yxyxy,YxYXX,orb_0008,X,YYYXyxyX,9,
sol_014,solved,YYXyX,YXXyx,yxY,y,0,2,yXX,YXYxyx,orb_0008,X,YYYXyxyX,9,
sol_015,solved,YYXyx,YXXyx,Xy,x,0,2,XXXyxx,YXXyx,orb_0000,X,YYXyx,6,solved_to_solved
sol_015,solved,YYXyx,YXXyx,Xy,y,1,2,XYYxyx,YXXyx,orb_0000,X,YYXyx,6,solved_to_solved
sol_015,solved,YYXyx,YXXyx,xy,x,0,2,YXYxyx,YXyxx,orb_0012,YYXyX,YXXyx,10,solved_to_solved
sol_015,solved,YYXyx,YXXyx,xy,y,1,2,xYXYxy,YxxyX,orb_0012,YYXyX,YXXyx,10,solved_to_solved
sol_015,solved,YYXyx,YXXyx,yX,x,0,2,Yxyy,YxxyX,orb_0000,X,YYXyx,6,solved_to_solved
sol_015,solved,YYXyx,YXXyx,yX,y,1,2,YYXy,YxxyX,orb_0000,X,YYXyx,6,solved_to_solved
sol_015,solved,YYXyx,YXXyx,yx,x,0,2,xYxx,YxyXX,orb_0000,X,YYXyx,6,solved_to_solved
sol_015,solved,YYXyx,YXXyx,yx,y,1,2,YxxYxy,YXXyx,orb_0000,X,YYXyx,6,solved_to_solved
sol_015,solved,YYXyx,YXXyx,Xyx,x,1,2,XXy,YxYxyX,orb_0000,X,YYXyx,6,solved_to_solved
sol_015,solved,YYXyx,YXXyx,Xyx,y,1,2,YxYxy,YXXyx,orb_0000,X,YYXyx,6,solved_to_solved
sol_015,solved,YYXyx,YXXyx,yxY,x,0,2,yxYxY,YxyXX,orb_0000,X,YYXyx,6,solved_to_solved
sol_015,solved,YYXyx,YXXyx,yxY,y,0,2,yXX,YXyxYx,orb_0000,X,YYXyx,6,solved_to_solved
sol_016,solved,YXXyx,YYXXyX,Xy,y,0,2,XYX,YXXyx,orb_0000,X,YYXyx,6,solved_to_solved
sol_016,solved,YXXyx,YYXXyX,xx,x,0,2,XXYYx,YXyyx,orb_0000,X,YYXyx,6,solved_to_solved
sol_016,solved,YXXyx,YYXXyX,xx,x,1,2,XYXYx,YXXYXYx,orb_0005,X,YYXYxyyx,9,
sol_016,solved,YXXyx,YYXXyX,xy,y,0,2,xYXXX,YxxyX,orb_0000,X,YYXyx,6,solved_to_solved
sol_016,solved,YXXyx,YYXXyX,yX,y,0,2,YXXYXXXXy,YxxyX,orb_0000,X,YYXyx,6,solved_to_solved
sol_016,solved,YXXyx,YYXXyX,yx,y,0,2,YYXXy,YXXyx,orb_0000,X,YYXyx,6,solved_to_solved
sol_016,solved,YXXyx,YYXXyX,XXy,x,0,2,XXyXy,YXyXyx,orb_0000,X,YYXyx,6,solved_to_solved
sol_016,solved,YXXyx,YYXXyX,XXy,x,1,2,XyXXy,YYxxYxxx,orb_0005,X,YYXYxyyx,9,
sol_016,solved,YXXyx,YYXXyX,XXy,y,0,2,XYXX,YXXyx,orb_0000,X,YYXyx,6,solved_to_solved
sol_016,solved,YXXyx,YYXXyX,xxy,x,0,2,XYxYx,YXyXyx,orb_0000,X,YYXyx,6,solved_to_solved
sol_016,solved,YXXyx,YYXXyX,xxy,x,1,2,YYx,YXYYxx,orb_0005,X,YYXYxyyx,9,
sol_016,solved,YXXyx,YYXXyX,xxy,y,0,2,xYXX,YxxyX,orb_0000,X,YYXyx,6,solved_to_solved
sol_016,solved,YXXyx,YYXXyX,yxY,y,1,2,yXX,YXXYxyxx,orb_0017,X,YYYYXyxyyX,11,
sol_017,solved,YXXyx,YYXXyx,Xy,y,0,2,XYx,YXXyx,orb_0000,X,YYXyx,6,solved_to_solved
sol_017,solved,YXXyx,YYXXyx,xx,x,0,2,X,YXyyx,orb_0000,X,YYXyx,6,solved_to_solved
sol_017,solved,YXXyx,YYXXyx,xx,x,1,2,x,YXyxyxx,orb_0001,X,YYXXyx,7,
sol_017,solved,YXXyx,YYXXyx,xy,y,0,2,xYX,YxxyX,orb_0000,X,YYXyx,6,solved_to_solved
sol_017,solved,YXXyx,YYXXyx,yX,y,0,2,YYXXy,YxxyX,orb_0000,X,YYXyx,6,solved_to_solved
sol_017,solved,YXXyx,YYXXyx,yx,y,0,2,Yxx,YXXyx,orb_0000,X,YYXyx,6,solved_to_solved
sol_017,solved,YXXyx,YYXXyx,XXy,x,0,2,X,YXyXyx,orb_0000,X,YYXyx,6,solved_to_solved
sol_017,solved,YXXyx,YYXXyx,XXy,x,1,2,x,YXXyXXyx,orb_0001,X,YYXXyx,7,
sol_017,solved,YXXyx,YYXXyx,XXy,y,0,2,XY,YXXyx,orb_0000,X,YYXyx,6,solved_to_solved
sol_017,solved,YXXyx,YYXXyx,Xyx,x,0,2,X,YxYxyX,orb_0000,X,YYXyx,6,solved_to_solved
sol_017,solved,YXXyx,YYXXyx,Xyx,x,1,2,x,YxxYxyXX,orb_0001,X,YYXXyx,7,
sol_017,solved,YXXyx,YYXXyx,Xyx,y,0,2,Yx,YXXyx,orb_0000,X,YYXyx,6,solved_to_solved
sol_017,solved,YXXyx,YYXXyx,xxy,x,1,2,x,YXyyxx,orb_0001,X,YYXXyx,7,
sol_017,solved,YXXyx,YYXXyx,xxy,y,0,2,xY,YxxyX,orb_0000,X,YYXyx,6,solved_to_solved
sol_017,solved,YXXyx,YYXXyx,yxY,y,1,2,yXX,YXXyxYxx,orb_0001,X,YYXXyx,7,
sol_018,solved,YXXyx,YYXyXX,Xy,y,0,2,XYYxyXX,YXXyx,orb_0035,YXXyx,YYXyxxx,12,solved_to_solved
sol_018,solved,YXXyx,YYXyXX,xx,x,0,2,XXXYxxY,YXyyx,orb_0036,YXXyx,YYYXyyX,12,solved_to_solved
sol_018,solved,YXXyx,YYXyXX,xx,x,1,2,XYxxYXX,YxYXYXX,orb_0075,YYXXYx,YXXXYxx,13,
sol_018,solved,YXXyx,YYXyXX,xy,y,0,2,xYXYxyXXX,YxxyX,orb_0024,YXXyx,YYXyxx,11,solved_to_solved
sol_018,solved,YXXyx,YYXyXX,yX,y,0,2,YXXYXXXyX,YxxyX,orb_0030,YXXyx,YYXXXyX,12,solved_to_solved
sol_018,solved,YXXyx,YYXyXX,yx,y,0,2,YYXyX,YXXyx,orb_0012,YYXyX,YXXyx,10,solved_to_solved
sol_019,solved,YXXyx,YYXyxx,Xy,y,0,2,XYYxyxx,YXXyx,orb_0012,YYXyX,YXXyx,10,solved_to_solved
sol_019,solved,YXXyx,YYXyxx,xx,x,0,2,XXXYxxy,YXyyx,orb_0037,YXXyx,YYYXyyx,12,solved_to_solved
sol_019,solved,YXXyx,YYXyxx,xx,x,1,2,XYxxyXX,YxyXyXX,orb_0083,YYXXyx,YXXXyxx,13,solved_to_solved
sol_019,solved,YXXyx,YYXyxx,xy,y,0,2,xYXYxyx,YxxyX,orb_0023,YXXyx,YYXyXX,11,solved_to_solved
sol_019,solved,YXXyx,YYXyxx,yX,y,0,2,YYXyx,YxxyX,orb_0013,YYXyx,YXXyx,10,solved_to_solved
sol_019,solved,YXXyx,YYXyxx,yx,y,0,2,YxxYxyx,YXXyx,orb_0012,YYXyX,YXXyx,10,solved_to_solved
sol_019,solved,YXXyx,YYXyxx,Xyx,x,0,2,XXyyX,YxYxyX,orb_0012,YYXyX,YXXyx,10,solved_to_solved
sol_019,solved,YXXyx,YYXyxx,Xyx,x,1,2,XXXyy,YXXyxYxx,orb_0020,YXXYx,YYXXyx,11,
sol_019,solved,YXXyx,YYXyxx,Xyx,y,0,2,YxYxyx,YXXyx,orb_0012,YYXyX,YXXyx,10,solved_to_solved
sol_020,solved,YYXXYx,YYYXyyx,Xy,x,1,2,XXXXXyXXyxY,YXXXyxx,orb_0194,YXXXyxx,YYXXXXXyx,16,
sol_020,solved,YYXXYx,YYYXyyx,xy,x,1,2,XYXXYXyxx,YXXyxxx,orb_0037,YXXyx,YYYXyyx,12,solved_to_solved
sol_020,solved,YYXXYx,YYYXyyx,yX,x,1,2,YxyyXXX,YxxxyXX,orb_0123,YYXXXyx,YXXyxxx,14,solved_to_solved
sol_020,solved,YYXXYx,YYYXyyx,yx,x,1,2,xYXYxyXXX,YxxyXXX,orb_0083,YYXXyx,YXXXyxx,13,solved_to_solved
sol_020,solved,YYXXYx,YYYXyyx,yy,y,0,3,YxxyXXyx,YxYXYXX,orb_0151,YXXyXYx,YYXXYXXX,15,
sol_020,solved,YYXXYx,YYYXyyx,yy,y,1,3,YXXyXYxx,YXyxYXyxY,orb_0268,YXXYxxyx,YYxyXYxyX,17,
sol_020,solved,YYXXYx,YYYXyyx,xyy,x,1,2,YXYXyx,YXXyxxx,orb_0037,YXXyx,YYYXyyx,12,solved_to_solved
sol_020,solved,YYXXYx,YYYXyyx,xyy,y,0,2,xyXYxYY,YxxYYX,orb_0060,YXXyx,YYXYxyyx,13,solved_to_solved
sol_020,solved,YYXXYx,YYYXyyx,yyX,x,1,2,YxyXyXXX,YxxxyXX,orb_0123,YYXXXyx,YXXyxxx,14,solved_to_solved
sol_020,solved,YYXXYx,YYYXyyx,yyX,y,0,2,YxxyXYXXYXX,YYXXYXXX,orb_0079,YYXXYx,YYYxyXX,13,
sol_021,solved,YYXXYx,YYYYXyyyx,Xy,x,1,2,XXXXXXyXXyxxY,YXXXXyxxx,orb_0491,YXXXXyxxx,YYXXXXXXyxx,20,
sol_021,solved,YYXXYx,YYYYXyyyx,xy,x,1,2,XYXXXYXyxxx,YXXXyxxxx,orb_0179,YYXXyx,YXXXXyxxx,15,solved_to_solved
sol_021,solved,YYXXYx,YYYYXyyyx,yX,x,1,2,YxxyyXXXX,YxxxxyXXX,orb_0347,YYXXXXyxx,YXXXyxxxx,18,
sol_021,solved,YYXXYx,YYYYXyyyx,yx,x,1,2,xxYXXYxxyXXXX,YxxxyXXXX,orb_0220,YYXXyxx,YXXXXyxxx,16,solved_to_solved
sol_021,solved,YYXXYx,YYYYXyyyx,yy,y,0,4,YYXyxYX,YxYXYXX,orb_0064,YXXyx,YYXyyXYx,13,solved_to_solved
sol_021,solved,YYXXYx,YYYYXyyyx,yy,y,1,4,YXYYXyx,YYxyyXYxyyX,orb_0208,YXXyx,YYXyyxYXyyx,16,
sol_021,solved,YYXXYx,YYYYXyyyx,xyy,x,1,2,YXXYXyxx,YXXXyxxxx,orb_0179,YYXXyx,YXXXXyxxx,15,solved_to_solved
sol_021,solved,YYXXYx,YYYYXyyyx,xyy,y,0,2,xyyXYxYYY,YxxYYX,orb_0149,YXXyXYx,YXXYxxyX,15,
sol_021,solved,YYXXYx,YYYYXyyyx,yyX,x,1,2,YxxyXyXXXX,YxxxxyXXX,orb_0347,YYXXXXyxx,YXXXyxxxx,18,
sol_021,solved,YYXXYx,YYYYXyyyx,yyX,y,0,2,YxxyxxyXYXXYXXYXX,YYXXYXXX,orb_0175,YYXXYx,YYYYxyyXX,15,
sol_021,solved,YYXXYx,YYYYXyyyx,yyy,y,1,2,yXYxyXYXyXYxx,YXyxYXyxYXyxY,orb_0987,YYXyxYXyxYXyx,YXyXYXyxxYXyx,26,
sol_022,solved,YYXXYx,YYYYYxyyyyX,Xy,x,1,2,XXXXXXyyxxxxY,YXXXXyxxxxx,orb_0802,YXXXXXyxxxx,YYXXXXyxxxxxx,24,
sol_022,solved,YYXXYx,YYYYYxyyyyX,xy,x,1,2,XYXXXYXyxxx,YXXXXXyxxxx,orb_0308,YYXXyx,YXXXXyxxxxx,17,solved_to_solved
sol_022,solved,YYXXYx,YYYYYxyyyyX,yX,x,1,2,YxxyXXyXXXXXX,YxxxxyXXXXX,orb_0688,YYXXXXXXyxx,YXXXXXyxxxx,22,
sol_022,solved,YYXXYx,YYYYYxyyyyX,yx,x,1,2,xxYXXXXYxxxxyXXXX,YxxxxxyXXXX,orb_0519,YYXXXXyxx,YXXXXXyxxxx,20,
sol_022,solved,YYXXYx,YYYYYxyyyyX,yy,y,0,5,YYxxyyyX,YxYXYXX,orb_0162,YXYXXYx,YYYXXyyx,15,
sol_022,solved,YYXXYx,YYYYYxyyyyX,yy,y,1,5,YXXyyxYY,YxyyXYYxyyXYY,orb_0615,YYXXXyxx,YXXyxxYXXyxxx,21,
sol_022,solved,YYXXYx,YYYYYxyyyyX,xyy,x,1,2,YXXYXyxx,YXXXXXyxxxx,orb_0308,YYXXyx,YXXXXyxxxxx,17,solved_to_solved
sol_022,solved,YYXXYx,YYYYYxyyyyX,xyy,y,0,2,xyyyyyXyxYYXX,YxxYYX,orb_0256,YXXYxxyX,YXXyXYxxx,17,
sol_022,solved,YYXXYx,YYYYYxyyyyX,yyX,x,1,2,YxxyXXXyXXXXXX,YxxxxyXXXXX,orb_0688,YYXXXXXXyxx,YXXXXXyxxxx,22,
sol_022,solved,YYXXYx,YYYYYxyyyyX,yyX,y,0,2,xxyxxyxxyxxyxxyxYXXYXXy,YYXXYXXX,orb_0306,YYXXYx,YYYYYYxyyXX,17,
sol_022,solved,YYXXYx,YYYYYxyyyyX,yyyy,y,1,2,yxYXyxYXXXyxY,YxyXYxyXYxyXYxyXY,orb_1076,YXyxYXXXyxx,YYxyXYxyXYxyXYxyX,28,
sol_023,solved,YYXXYx,YYYYxyyyX,Xy,x,1,2,XXXXXyyxxxY,YXXXyxxxx,orb_0492,YXXXXyxxx,YYXXXyxxxxx,20,
sol_023,solved,YYXXYx,YYYYxyyyX,xy,x,1,2,XYXXYXyxx,YXXXXyxxx,orb_0116,YXXyx,YYYYXyyyx,14,solved_to_solved
sol_023,solved,YYXXYx,YYYYxyyyX,yX,x,1,2,YxyXXyXXXXX,YxxxyXXXX,orb_0344,YYXXXXXyx,YXXXXyxxx,18,
sol_023,solved,YYXXYx,YYYYxyyyX,yx,x,1,2,xYXXXYxxxyXXX,YxxxxyXXX,orb_0298,YYXXXyxx,YXXXXyxxx,17,solved_to_solved
sol_023,solved,YYXXYx,YYYYxyyyX,yy,y,0,4,YYxyxYXXX,YxYXYXX,orb_0172,YYXXYx,YXYxxYXyX,15,
sol_023,solved,YYXXYx,YYYYxyyyX,yy,y,1,4,YXXXYYxyx,YYXyyxYXyyx,orb_0520,YYXXXYxyx,YYXyyxYYXyx,20,
sol_023,solved,YYXXYx,YYYYxyyyX,xyy,x,1,2,YXYXyx,YXXXXyxxx,orb_0116,YXXyx,YYYYXyyyx,14,solved_to_solved
sol_023,solved,YYXXYx,YYYYxyyyX,xyy,y,0,2,xyyyyXyxYXX,YxxYYX,orb_0150,YXXyXYx,YXyxxxyx,15,
sol_023,solved,YYXXYx,YYYYxyyyX,yyX,x,1,2,YxyXXXyXXXXX,YxxxyXXXX,orb_0344,YYXXXXXyx,YXXXXyxxx,18,
sol_023,solved,YYXXYx,YYYYxyyyX,yyX,y,0,2,xxyxxyxxyxxyxYXXy,YYXXYXXX,orb_0174,YYXXYx,YYYYYxyXX,15,
sol_023,solved,YYXXYx,YYYYxyyyX,yyy,y,1,2,yxYXyxYXXXyxY,YxyXYxyXYxyXY,orb_0830,YXyxYXXXyxx,YYxyXYxyXYxyX,24,
sol_024,solved,YYXXYx,YYYxyyX,Xy,x,1,2,XXXXyyxxY,YXXyxxx,orb_0197,YXXXyxx,YYXXyxxxx,16,
sol_024,solved,YYXXYx,YYYxyyX,xy,x,1,2,XYXYXyx,YXXXyxx,orb_0002,X,YYYXyyx,8,solved_to_solved
sol_024,solved,YYXXYx,YYYxyyX,yX,x,1,2,XXyXXXX,YxxyXXX,orb_0002,X,YYYXyyx,8,solved_to_solved
sol_024,solved,YYXXYx,YYYxyyX,yx,x,1,2,YXXYxxyXX,YxxxyXX,orb_0126,YYXXyxx,YXXXyxx,14,solved_to_solved
sol_024,solved,YYXXYx,YYYxyyX,yy,y,0,3,YxxyyX,YxYXYXX,orb_0077,YYXXYx,YXYXyxx,13,
sol_024,solved,YYXXYx,YYYxyyX,yy,y,1,3,YXXyxY,YxyXYxyXY,orb_0183,YYXXyx,YXyxYXyxx,15,
sol_024,solved,YYXXYx,YYYxyyX,xyy,x,1,2,YYXy,YXXXyxx,orb_0002,X,YYYXyyx,8,solved_to_solved
sol_024,solved,YYXXYx,YYYxyyX,xyy,y,0,2,xyyyXyX,YxxYYX,orb_0017,X,YYYYXyxyyX,11,
sol_024,solved,YYXXYx,YYYxyyX,yyX,x,1,2,XXXyXXXX,YxxyXXX,orb_0002,X,YYYXyyx,8,solved_to_solved
sol_024,solved,YYXXYx,YYYxyyX,yyX,y,0,2,xxyxxyxxyxy,YYXXYXXX,orb_0017,X,YYYYXyxyyX,11,
sol_024,solved,YYXXYx,YYYxyyX,xyyX,x,0,2,XXXy,YXYxxyx,orb_0017,X,YYYYXyxyyX,11,
sol_024,solved,YYXXYx,YYYxyyX,xyyX,y,0,2,xyxyxyy,YxYXYXX,orb_0017,X,YYYYXyxyyX,11,
sol_025,solved,YYXXyx,YXXXXXXyxxxxx,Xy,y,1,2,XXXXXYYxxxxyx,YXXXXXXyxxxxx,orb_0842,YYXXXXyxxxx,YXXXXXXyxxxxx,24,
sol_025,solved,YYXXyx,YXXXXXXyxxxxx,xx,x,0,6,XYYYxyyXyxx,YXyxyxx,orb_0205,YXXyXyx,YYYXyxyyX,16,
sol_025,solved,YYXXyx,YXXXXXXyxxxxx,xx,x,1,6,XXYxYYXyyyx,YYYXyyyxYYXyyyx,orb_0631,YYXXYx,YYYXyyyxYYXyyyx,21,
sol_025,solved,YYXXyx,YXXXXXXyxxxxx,xy,y,1,2,xxxxxYXXXXXYxxxxyXXXX,YxxxxxxyXXXXX,orb_0602,YYXXXXyX,YXXXXXXyxxxxx,21,solved_to_solved
sol_025,solved,YYXXyx,YXXXXXXyxxxxx,yX,y,1,2,YxxxxYXXyXXXX,YxxxxxxyXXXXX,orb_0692,YYXXXXyXX,YXXXXXyxxxxxx,22,
sol_025,solved,YYXXyx,YXXXXXXyxxxxx,yx,y,1,2,XXXXYxxYxxxxy,YXXXXXXyxxxxx,orb_0842,YYXXXXyxxxx,YXXXXXXyxxxxx,24,
sol_025,solved,YYXXyx,YXXXXXXyxxxxx,XXy,x,0,2,XXXyXXyXXyXXyxxYxxYxxYxxYxx,YXXyXXyx,orb_0312,YYXXyx,YYYYXyyyyxx,17,
sol_025,solved,YYXXyx,YXXXXXXyxxxxx,XXy,y,1,2,XXXXXYXYxxxxyx,YXXXXXXyxxxxx,orb_0842,YYXXXXyxxxx,YXXXXXXyxxxxx,24,
sol_025,solved,YYXXyx,YXXXXXXyxxxxx,Xyx,x,0,2,xYxxYxxYxxYxxyXXyXXyXXyXX,YxxYxyXX,orb_0312,YYXXyx,YYYYXyyyyxx,17,
sol_025,solved,YYXXyx,YXXXXXXyxxxxx,Xyx,y,1,2,XXXXYxYxxxxy,YXXXXXXyxxxxx,orb_0842,YYXXXXyxxxx,YXXXXXXyxxxxx,24,
sol_025,solved,YYXXyx,YXXXXXXyxxxxx,xxy,x,0,2,YXYYYYxyyyyyx,YXyyxx,orb_0377,YXXXXyXYx,YXXyxxxxyx,19,
sol_025,solved,YYXXyx,YXXXXXXyxxxxx,xxy,y,1,2,xxxxxYXXXXYxxxxyXXXX,YxxxxxxyXXXXX,orb_0602,YYXXXXyX,YXXXXXXyxxxxx,21,solved_to_solved
sol_025,solved,YYXXyx,YXXXXXXyxxxxx,XXyx,y,1,2,XXXXYYxxxxy,YXXXXXXyxxxxx,orb_0842,YYXXXXyxxxx,YXXXXXXyxxxxx,24,
sol_025,solved,YYXXyx,YXXXXXXyxxxxx,xxxxx,x,1,2,XXyxYXyxYxyXY,YxyXYxyXYxyXYxyXYxyXY,orb_1275,YXyXXYxyXYxyx,YYxyXYxyXYxyXYxyXYxyX,34,
sol_026,solved,YYXXyx,YXXXXyxxx,Xy,y,1,2,XXXYYxxyx,YXXXXyxxx,orb_0220,YYXXyxx,YXXXXyxxx,16,solved_to_solved
sol_026,solved,YYXXyx,YXXXXyxxx,xx,x,0,4,XYYxyXyxx,YXyxyxx,orb_0127,YYXYXyx,YXyXYxx,14,
sol_026,solved,YYXXyx,YXXXXyxxx,xx,x,1,4,XXYxYXyyx,YYXyyxYXyyx,orb_0204,YXXYx,YYXyyxYXyyx,16,
sol_026,solved,YYXXyx,YXXXXyxxx,xy,y,1,2,xxxYXXXYxxyXX,YxxxxyXXX,orb_0173,YYXXYx,YYYYXyyyx,15,solved_to_solved
sol_026,solved,YYXXyx,YXXXXyxxx,yX,y,1,2,YxxYXXyXX,YxxxxyXXX,orb_0219,YYXXYYx,YYYYXyyyx,16,solved_to_solved
sol_026,solved,YYXXyx,YXXXXyxxx,yx,y,1,2,XXYxxYxxy,YXXXXyxxx,orb_0220,YYXXyxx,YXXXXyxxx,16,solved_to_solved
sol_026,solved,YYXXyx,YXXXXyxxx,XXy,x,0,2,XXXyXXyxxYxxYxx,YXXyXXyx,orb_0086,YYXXyx,YYXyyxx,13,
sol_026,solved,YYXXyx,YXXXXyxxx,XXy,y,1,2,XXXYXYxxyx,YXXXXyxxx,orb_0220,YYXXyxx,YXXXXyxxx,16,solved_to_solved
sol_026,solved,YYXXyx,YXXXXyxxx,Xyx,x,0,2,xYxxYxxyXXyXX,YxxYxyXX,orb_0086,YYXXyx,YYXyyxx,13,
sol_026,solved,YYXXyx,YXXXXyxxx,Xyx,y,1,2,XXYxYxxy,YXXXXyxxx,orb_0220,YYXXyxx,YXXXXyxxx,16,solved_to_solved
sol_026,solved,YYXXyx,YXXXXyxxx,xxx,x,1,2,XXyxYXyxYxyXY,YxyXYxyXYxyXY,orb_0985,YYXYxyXyxYXyx,YXyxYXyxYXyxx,26,
sol_026,solved,YYXXyx,YXXXXyxxx,xxy,x,0,2,YXYYxyyyx,YXyyxx,orb_0149,YXXyXYx,YXXYxxyX,15,
sol_026,solved,YYXXyx,YXXXXyxxx,xxy,y,1,2,xxxYXXYxxyXX,YxxxxyXXX,orb_0173,YYXXYx,YYYYXyyyx,15,solved_to_solved
sol_026,solved,YYXXyx,YXXXXyxxx,XXyx,y,1,2,XXYYxxy,YXXXXyxxx,orb_0220,YYXXyxx,YXXXXyxxx,16,solved_to_solved
sol_027,solved,YYXXyx,YXXXXyxxxxx,Xy,y,1,2,XXXXXYXXYxxyx,YXXXXyxxxxx,orb_0519,YYXXXXyxx,YXXXXXyxxxx,20,
sol_027,solved,YYXXyx,YXXXXyxxxxx,xx,x,0,5,XYYxyyXyxx,YXyxyxx,orb_0152,YXXyXyx,YYXYxyyx,15,
sol_027,solved,YYXXyx,YXXXXyxxxxx,xx,x,1,5,XXYxYYXyyx,YYYXyyxYYXyyx,orb_0472,YYXXYx,YYYXyyxYYXyyx,19,
sol_027,solved,YYXXyx,YXXXXyxxxxx,xy,y,1,2,xxxxxYXXXYxxyXXXX,YxxxxyXXXXX,orb_0307,YYXXYx,YYYYYxyyyyX,17,solved_to_solved
sol_027,solved,YYXXyx,YXXXXyxxxxx,yX,y,1,2,YxxxxYXXyXXXX,YxxxxyXXXXX,orb_0518,YYXXXXyXX,YXXXXXyxxxx,20,
sol_027,solved,YYXXyx,YXXXXyxxxxx,yx,y,1,2,XXXXYYxxy,YXXXXyxxxxx,orb_0519,YYXXXXyxx,YXXXXXyxxxx,20,
sol_027,solved,YYXXyx,YXXXXyxxxxx,XXy,x,0,2,XXXyXXyxxYxxYxxYxxYxx,YXXyXXyx,orb_0184,YYXXyx,YYYYxyyXX,15,
sol_027,solved,YYXXyx,YXXXXyxxxxx,XXy,y,1,2,XXXXXYXXXYxxyx,YXXXXyxxxxx,orb_0519,YYXXXXyxx,YXXXXXyxxxx,20,
sol_027,solved,YYXXyx,YXXXXyxxxxx,Xyx,x,0,2,xYxxYxxyXXyXXyXXyXX,YxxYxyXX,orb_0184,YYXXyx,YYYYxyyXX,15,
sol_027,solved,YYXXyx,YXXXXyxxxxx,Xyx,y,1,2,XXXXYXYxxy,YXXXXyxxxxx,orb_0519,YYXXXXyxx,YXXXXXyxxxx,20,
sol_027,solved,YYXXyx,YXXXXyxxxxx,xxy,x,0,2,YXYYxyyyyyx,YXyyxx,orb_0256,YXXYxxyX,YXXyXYxxx,17,
sol_027,solved,YYXXyx,YXXXXyxxxxx,xxy,y,1,2,xxxxxYXXYxxyXXXX,YxxxxyXXXXX,orb_0307,YYXXYx,YYYYYxyyyyX,17,solved_to_solved
sol_027,solved,YYXXyx,YXXXXyxxxxx,XXyx,y,1,2,XXXXYXXYxxy,YXXXXyxxxxx,orb_0519,YYXXXXyxx,YXXXXXyxxxx,20,
sol_027,solved,YYXXyx,YXXXXyxxxxx,xxxx,x,1,2,XXXYxyXYxyxYXyx,YYXyxYXyxYXyxYXyx,orb_1152,YXyXXYxyXYxyx,YYXyxYXyxYXyxYXyx,30,
sol_028,solved,YYXXyx,YXXXyxx,Xy,y,1,2,XXYYxyx,YXXXyxx,orb_0037,YXXyx,YYYXyyx,12,solved_to_solved
sol_028,solved,YYXXyx,YXXXyxx,xx,x,0,3,XYXXYxxy,YXyxyxx,orb_0085,YYXXyx,YXYXyxx,13,
sol_028,solved,YYXXyx,YXXXyxx,xx,x,1,3,XXYxxyXY,YxyXYxyXY,orb_0261,YXXYxxyX,YYxyXYxyX,17,
sol_028,solved,YYXXyx,YXXXyxx,xy,y,1,2,xxYXXYxyX,YxxxyXX,orb_0029,YXXYx,YYYXyyx,12,solved_to_solved
sol_028,solved,YYXXyx,YXXXyxx,yX,y,1,2,YxYXXyX,YxxxyXX,orb_0078,YYXXYx,YYYXyyx,13,solved_to_solved
sol_028,solved,YYXXyx,YXXXyxx,yx,y,1,2,XYxxYxy,YXXXyxx,orb_0037,YXXyx,YYYXyyx,12,solved_to_solved
sol_028,solved,YYXXyx,YXXXyxx,XXy,x,0,2,XXXyxxYxx,YXXyXXyx,orb_0024,YXXyx,YYXyxx,11,solved_to_solved
sol_028,solved,YYXXyx,YXXXyxx,XXy,y,1,2,XXYXYxyx,YXXXyxx,orb_0037,YXXyx,YYYXyyx,12,solved_to_solved
sol_028,solved,YYXXyx,YXXXyxx,Xyx,x,0,2,xYxxyXX,YxxYxyXX,orb_0024,YXXyx,YYXyxx,11,solved_to_solved
sol_028,solved,YYXXyx,YXXXyxx,Xyx,y,1,2,XYxYxy,YXXXyxx,orb_0037,YXXyx,YYYXyyx,12,solved_to_solved
sol_028,solved,YYXXyx,YXXXyxx,xxy,x,0,2,YXYxyyx,YXyyxx,orb_0047,YXXYx,YYXYxyyX,13,
sol_028,solved,YYXXyx,YXXXyxx,xxy,y,1,2,xxYXYxyX,YxxxyXX,orb_0029,YXXYx,YYYXyyx,12,solved_to_solved
sol_028,solved,YYXXyx,YXXXyxx,XXyx,y,1,2,XYYxy,YXXXyxx,orb_0037,YXXyx,YYYXyyx,12,solved_to_solved
sol_029,solved,YYXXyx,YXXyxxx,Xy,y,1,2,XXXYX,YXXyxxx,orb_0002,X,YYYXyyx,8,solved_to_solved
sol_029,solved,YYXXyx,YXXyxxx,xx,x,0,3,XYxyXyxx,YXyxyxx,orb_0046,YXXYx,YYXYYXyx,13,
sol_029,solved,YYXXyx,YXXyxxx,xx,x,1,3,XXYxYXyx,YYXyxYXyx,orb_0092,YXXYx,YYXyxYXyx,14,
sol_029,solved,YYXXyx,YXXyxxx,xy,y,1,2,xxxYXXX,YxxyXXX,orb_0002,X,YYYXyyx,8,solved_to_solved
sol_029,solved,YYXXyx,YXXyxxx,yX,y,1,2,YxxYXXyXX,YxxyXXX,orb_0125,YYXXyXX,YXXXyxx,14,solved_to_solved
sol_029,solved,YYXXyx,YXXyxxx,yx,y,1,2,XXY,YXXyxxx,orb_0002,X,YYYXyyx,8,solved_to_solved
sol_029,solved,YYXXyx,YXXyxxx,XXy,x,0,2,xYxxYxx,YXXyXXyx,orb_0004,X,YYXYxyyX,9,
sol_029,solved,YYXXyx,YXXyxxx,XXy,y,1,2,XXXYXX,YXXyxxx,orb_0002,X,YYYXyyx,8,solved_to_solved
sol_029,solved,YYXXyx,YXXyxxx,Xyx,x,0,2,xyXXyXX,YxxYxyXX,orb_0004,X,YYXYxyyX,9,
sol_029,solved,YYXXyx,YXXyxxx,Xyx,y,1,2,XXYX,YXXyxxx,orb_0002,X,YYYXyyx,8,solved_to_solved
sol_029,solved,YYXXyx,YXXyxxx,xxy,x,0,2,yyx,YXyyxx,orb_0004,X,YYXYxyyX,9,
sol_029,solved,YYXXyx,YXXyxxx,xxy,y,1,2,xxxYXX,YxxyXXX,orb_0002,X,YYYXyyx,8,solved_to_solved
sol_029,solved,YYXXyx,YXXyxxx,Yxxy,x,0,2,xyxyx,YXyxyxx,orb_0004,X,YYXYxyyX,9,
sol_029,solved,YYXXyx,YXXyxxx,Yxxy,y,0,2,Yxxx,YXyxxYx,orb_0004,X,YYXYxyyX,9,
sol_029,solved,YYXXyx,YXXyxxx,XXyx,y,1,2,XXYXX,YXXyxxx,orb_0002,X,YYYXyyx,8,solved_to_solved
sol_030,solved,YXXyx,YYXXXyX,Xy,y,0,2,XYYXyX,YXXyx,orb_0023,YXXyx,YYXyXX,11,solved_to_solved
sol_030,solved,YXXyx,YYXXXyX,xx,x,0,2,XXYXYxYx,YXyyx,orb_0012,YYXyX,YXXyx,10,solved_to_solved
sol_030,solved,YXXyx,YYXXXyX,xy,y,0,2,xYXYXyXX,YxxyX,orb_0012,YYXyX,YXXyx,10,solved_to_solved
sol_030,solved,YXXyx,YYXXXyX,yX,y,0,2,YXXYXXXXXy,YxxyX,orb_0000,X,YYXyx,6,solved_to_solved
sol_030,solved,YXXyx,YYXXXyX,yx,y,0,2,YYXXXy,YXXyx,orb_0000,X,YYXyx,6,solved_to_solved
sol_030,solved,YXXyx,YYXXXyX,XXy,x,0,2,XXXyyXy,YXyXyx,orb_0023,YXXyx,YYXyXX,11,solved_to_solved
sol_030,solved,YXXyx,YYXXXyX,XXy,y,0,2,XYXYXyX,YXXyx,orb_0023,YXXyx,YYXyXX,11,solved_to_solved
sol_030,solved,YXXyx,YYXXXyX,xxy,x,0,2,XYYxxYx,YXyXyx,orb_0012,YYXyX,YXXyx,10,solved_to_solved
sol_030,solved,YXXyx,YYXXXyX,xxy,y,0,2,xYYXyXX,YxxyX,orb_0012,YYXyX,YXXyx,10,solved_to_solved
sol_030,solved,YXXyx,YYXXXyX,yxY,y,1,2,yXX,YXXXYxyxxx,orb_0043,X,YYYYYXyxyyyX,13,
sol_031,solved,YXXyx,YYXXXyx,Xy,y,0,2,XYYXyx,YXXyx,orb_0000,X,YYXyx,6,solved_to_solved
sol_031,solved,YXXyx,YYXXXyx,xx,x,0,2,XXYXYxyx,YXyyx,orb_0013,YYXyx,YXXyx,10,solved_to_solved
sol_031,solved,YXXyx,YYXXXyx,xy,y,0,2,xYXYXy,YxxyX,orb_0013,YYXyx,YXXyx,10,solved_to_solved
sol_031,solved,YXXyx,YYXXXyx,yX,y,0,2,YYXXXy,YxxyX,orb_0000,X,YYXyx,6,solved_to_solved
sol_031,solved,YXXyx,YYXXXyx,yx,y,0,2,YxxYXy,YXXyx,orb_0000,X,YYXyx,6,solved_to_solved
sol_031,solved,YXXyx,YYXXXyx,XXy,x,0,2,XXXyx,YXyXyx,orb_0000,X,YYXyx,6,solved_to_solved
sol_031,solved,YXXyx,YYXXXyx,XXy,y,0,2,XYXYXyx,YXXyx,orb_0000,X,YYXyx,6,solved_to_solved
sol_031,solved,YXXyx,YYXXXyx,Xyx,x,0,2,XYx,YxYxyX,orb_0000,X,YYXyx,6,solved_to_solved
sol_031,solved,YXXyx,YYXXXyx,Xyx,y,0,2,YxYXy,YXXyx,orb_0000,X,YYXyx,6,solved_to_solved
sol_031,solved,YXXyx,YYXXXyx,xxy,x,0,2,XYYxy,YXyXyx,orb_0013,YYXyx,YXXyx,10,solved_to_solved
sol_031,solved,YXXyx,YYXXXyx,xxy,y,0,2,xYYXy,YxxyX,orb_0013,YYXyx,YXXyx,10,solved_to_solved
sol_031,solved,YXXyx,YYXXXyx,yxY,y,1,2,yXX,YXXXyxYxxx,orb_0007,X,YYYXyXyx,9,
sol_032,solved,YXXyx,YYXXyXX,Xy,y,0,2,XYXX,YXXyx,orb_0000,X,YYXyx,6,solved_to_solved
sol_032,solved,YXXyx,YYXXyXX,xx,x,0,3,XXYxY,YXyyx,orb_0012,YYXyX,YXXyx,10,solved_to_solved
sol_032,solved,YXXyx,YYXXyXX,xy,y,0,2,xYXXXX,YxxyX,orb_0000,X,YYXyx,6,solved_to_solved
sol_032,solved,YXXyx,YYXXyXX,yX,y,0,2,YXXYXXXXyX,YxxyX,orb_0051,YXXyx,YYXXXXyX,13,solved_to_solved
sol_032,solved,YXXyx,YYXXyXX,yx,y,0,2,YYXXyX,YXXyx,orb_0021,YXXyx,YYXXyX,11,solved_to_solved
sol_032,solved,YXXyx,YYXXyXX,XXy,x,0,2,XXyXyXy,YXyXyx,orb_0000,X,YYXyx,6,solved_to_solved
sol_032,solved,YXXyx,YYXXyXX,XXy,y,0,2,XYXXX,YXXyx,orb_0000,X,YYXyx,6,solved_to_solved
sol_032,solved,YXXyx,YYXXyXX,xxy,x,0,2,XYxYxYx,YXyXyx,orb_0000,X,YYXyx,6,solved_to_solved
sol_032,solved,YXXyx,YYXXyXX,xxy,y,0,2,xYXXX,YxxyX,orb_0000,X,YYXyx,6,solved_to_solved
sol_033,solved,YXXyx,YYXXyxx,Xy,y,0,2,XYxx,YXXyx,orb_0000,X,YYXyx,6,solved_to_solved
sol_033,solved,YXXyx,YYXXyxx,xx,x,0,3,XXYxy,YXyyx,orb_0013,YYXyx,YXXyx,10,solved_to_solved
sol_033,solved,YXXyx,YYXXyxx,xy,y,0,2,xY,YxxyX,orb_0000,X,YYXyx,6,solved_to_solved
sol_033,solved,YXXyx,YYXXyxx,yX,y,0,2,YYXXyx,YxxyX,orb_0022,YXXyx,YYXXyx,11,solved_to_solved
sol_033,solved,YXXyx,YYXXyxx,yx,y,0,2,Yxxx,YXXyx,orb_0000,X,YYXyx,6,solved_to_solved
sol_033,solved,YXXyx,YYXXyxx,XXy,x,0,2,XYx,YXyXyx,orb_0000,X,YYXyx,6,solved_to_solved
sol_033,solved,YXXyx,YYXXyxx,XXy,y,0,2,XYx,YXXyx,orb_0000,X,YYXyx,6,solved_to_solved
sol_033,solved,YXXyx,YYXXyxx,Xyx,x,0,2,XyX,YxYxyX,orb_0000,X,YYXyx,6,solved_to_solved
sol_033,solved,YXXyx,YYXXyxx,Xyx,y,0,2,Yxx,YXXyx,orb_0000,X,YYXyx,6,solved_to_solved
sol_033,solved,YXXyx,YYXXyxx,xxy,x,0,2,XXy,YXyXyx,orb_0000,X,YYXyx,6,solved_to_solved
sol_033,solved,YXXyx,YYXXyxx,xxy,y,0,2,xYx,YxxyX,orb_0000,X,YYXyx,6,solved_to_solved
sol_034,solved,YXXyx,YYXyXXX,Xy,y,0,2,XYYxyXXX,YXXyx,orb_0062,YXXyx,YYXyxxxx,13,solved_to_solved
sol_034,solved,YXXyx,YYXyXXX,xx,x,0,2,XXXYxxYXYx,YXyyx,orb_0063,YXXyx,YYXyyXYX,13,solved_to_solved
sol_034,solved,YXXyx,YYXyXXX,xy,y,0,2,xYXYxyXXXX,YxxyX,orb_0035,YXXyx,YYXyxxx,12,solved_to_solved
sol_034,solved,YXXyx,YYXyXXX,yX,y,0,2,YXXYXXXyXX,YxxyX,orb_0053,YXXyx,YYXXXyXX,13,solved_to_solved
sol_034,solved,YXXyx,YYXyXXX,yx,y,0,2,YYXyXX,YXXyx,orb_0023,YXXyx,YYXyXX,11,solved_to_solved
sol_035,solved,YXXyx,YYXyxxx,Xy,y,0,2,XYYxyxxx,YXXyx,orb_0023,YXXyx,YYXyXX,11,solved_to_solved
sol_035,solved,YXXyx,YYXyxxx,xx,x,0,2,XXXYxxyXyx,YXyyx,orb_0066,YXXyx,YYXyyxYx,13,solved_to_solved
sol_035,solved,YXXyx,YYXyxxx,xy,y,0,2,xYXYxyxx,YxxyX,orb_0034,YXXyx,YYXyXXX,12,solved_to_solved
sol_035,solved,YXXyx,YYXyxxx,yX,y,0,2,YYXyxx,YxxyX,orb_0024,YXXyx,YYXyxx,11,solved_to_solved
sol_035,solved,YXXyx,YYXyxxx,yx,y,0,2,YxxYxyxx,YXXyx,orb_0023,YXXyx,YYXyXX,11,solved_to_solved
sol_035,solved,YXXyx,YYXyxxx,Xyx,x,0,2,XXyyXyX,YxYxyX,orb_0023,YXXyx,YYXyXX,11,solved_to_solved
sol_035,solved,YXXyx,YYXyxxx,Xyx,y,0,2,YxYxyxx,YXXyx,orb_0023,YXXyx,YYXyXX,11,solved_to_solved
sol_036,solved,YYXXXyX,YXXXXXXyxxxxx,Xy,y,1,2,XXXXXYYxxxyX,YXXXXXXyxxxxx,orb_0915,YYXXXXXXyxxx,YXXXXXyxxxxxx,25,
sol_036,solved,YYXXXyX,YXXXXXXyxxxxx,xx,x,1,6,XXYXYYYxYxyy,YYYXyyyxYYXyyyx,orb_1048,YYXXyxyxxxYx,YXXyxxxYXXXyxxx,27,
sol_036,solved,YYXXXyX,YXXXXXXyxxxxx,xy,y,1,2,xxxxxYXXXXXYxxxyXXXXXX,YxxxxxxyXXXXX,orb_0523,YYXXXyx,YXXXXXXyxxxxx,20,solved_to_solved
sol_036,solved,YYXXXyX,YXXXXXXyxxxxx,yX,y,1,2,xxxxYXXYXXXXXXXXXy,YxxxxxxyXXXXX,orb_1092,YXXXXXXyxxxxx,YYXXXXXXXXXyxxxx,29,
sol_036,solved,YYXXXyX,YXXXXXXyxxxxx,yx,y,1,2,YXXXXYXXXyxxxx,YXXXXXXyxxxxx,orb_0760,YYXXXXyxxx,YXXXXXyxxxxxx,23,
sol_036,solved,YYXXXyX,YXXXXXXyxxxxx,XXy,y,1,2,XXXXXYXYxxxyX,YXXXXXXyxxxxx,orb_0915,YYXXXXXXyxxx,YXXXXXyxxxxxx,25,
sol_036,solved,YYXXXyX,YXXXXXXyxxxxx,xxx,x,0,4,XYYxyXXYXYx,YXXYXYXYx,orb_0228,YXXXyXYx,YYYXXyXyx,17,
sol_036,solved,YYXXXyX,YXXXXXXyxxxxx,xxy,y,1,2,xxxxxYXXXXYxxxyXXXXXX,YxxxxxxyXXXXX,orb_0523,YYXXXyx,YXXXXXXyxxxxx,20,solved_to_solved
sol_036,solved,YYXXXyX,YXXXXXXyxxxxx,XXXy,x,0,2,XYxxYxxYxxyXXyXXyXXyXXyXXy,YYxxYxxYxxx,orb_0457,YYXXXyX,YYxxxyXXXXXX,19,
sol_036,solved,YYXXXyX,YXXXXXXyxxxxx,XXXy,y,1,2,XXXXXYXXYxxxyX,YXXXXXXyxxxxx,orb_0915,YYXXXXXXyxxx,YXXXXXyxxxxxx,25,
sol_036,solved,YYXXXyX,YXXXXXXyxxxxx,xxxy,x,0,2,YXyyyxYYYYYx,YXYYYxx,orb_0394,YXXXyXYx,YXXXyxxxxyx,19,
sol_036,solved,YYXXXyX,YXXXXXXyxxxxx,xxxy,y,1,2,xxxxxYXXXYxxxyXXXXXX,YxxxxxxyXXXXX,orb_0523,YYXXXyx,YXXXXXXyxxxxx,20,solved_to_solved
sol_036,solved,YYXXXyX,YXXXXXXyxxxxx,xxxxx,x,1,2,XXyxYXyxYXyxxYX,YxyXYxyXYxyXYxyXYxyXY,orb_1338,YXyxYXyxYXXXyxx,YYXyxYXyxYXyxYXyxYXyx,36,
sol_037,solved,YYXXXyX,YXXXXXXyxxxxxxx,Xy,y,1,2,XXXXXXXYXXYxxxyX,YXXXXXXyxxxxxxx,orb_1121,YYXXXXXXXXyxxx,YXXXXXXXyxxxxxx,29,
sol_037,solved,YYXXXyX,YXXXXXXyxxxxxxx,xx,x,1,7,XXYXYYYxxyyy,YYYYXyyyxYYYXyyyx,orb_1124,YYXXXyXyyxxx,YXXXyxxxYXXXyxxxx,29,
sol_037,solved,YYXXXyX,YXXXXXXyxxxxxxx,xy,y,1,2,xxxxxxxYXXXXXYxxxyXXXXXXXX,YxxxxxxyXXXXXXX,orb_0701,YYXXXyx,YXXXXXXyxxxxxxx,22,solved_to_solved
sol_037,solved,YYXXXyX,YXXXXXXyxxxxxxx,yX,y,1,2,xxxxxxYYXXXXXXXXXy,YxxxxxxyXXXXXXX,orb_1231,YXXXXXXXyxxxxxx,YYXXXXXXyxxxxxxxxx,33,
sol_037,solved,YYXXXyX,YXXXXXXyxxxxxxx,yx,y,1,2,YXXXXXXYXXXyxxxxxx,YXXXXXXyxxxxxxx,orb_1022,YYXXXXXXyxxx,YXXXXXXXyxxxxxx,27,
sol_037,solved,YYXXXyX,YXXXXXXyxxxxxxx,XXy,y,1,2,XXXXXXXYXXXYxxxyX,YXXXXXXyxxxxxxx,orb_1121,YYXXXXXXXXyxxx,YXXXXXXXyxxxxxx,29,
sol_037,solved,YYXXXyX,YXXXXXXyxxxxxxx,xxx,x,0,5,XYYxyyXXYx,YXXYXYXYx,orb_0229,YXXXyXYx,YYYXyXyyx,17,
sol_037,solved,YYXXXyX,YXXXXXXyxxxxxxx,xxx,x,1,5,XXYYYxyy,YYYXyyxYYXyyxYYXyyx,orb_1035,YYXXXyxx,YXXyxxYXXyxxYXXyxxx,27,
sol_037,solved,YYXXXyX,YXXXXXXyxxxxxxx,xxy,y,1,2,xxxxxxxYXXXXYxxxyXXXXXXXX,YxxxxxxyXXXXXXX,orb_0701,YYXXXyx,YXXXXXXyxxxxxxx,22,solved_to_solved
sol_037,solved,YYXXXyX,YXXXXXXyxxxxxxx,XXXy,x,0,2,XYxxYxxYxxyXXyXXyXXyXXyXXyXXyXXy,YYxxYxxYxxx,orb_0611,YYXXXyX,YYxxxyXXXXXXXX,21,
sol_037,solved,YYXXXyX,YXXXXXXyxxxxxxx,XXXy,y,1,2,XXXXXXXYXXXXYxxxyX,YXXXXXXyxxxxxxx,orb_1121,YYXXXXXXXXyxxx,YXXXXXXXyxxxxxx,29,
sol_037,solved,YYXXXyX,YXXXXXXyxxxxxxx,xxxy,x,0,2,YXyyyxYYYYYYYx,YXYYYxx,orb_0558,YXXXYxxxyX,YXXXyXYxxxx,21,
sol_037,solved,YYXXXyX,YXXXXXXyxxxxxxx,xxxy,y,1,2,xxxxxxxYXXXYxxxyXXXXXXXX,YxxxxxxyXXXXXXX,orb_0701,YYXXXyx,YXXXXXXyxxxxxxx,22,solved_to_solved
sol_037,solved,YYXXXyX,YXXXXXXyxxxxxxx,xxxxxx,x,1,2,XXXYxyXYxyXYxxy,YYXyxYXyxYXyxYXyxYXyxYXyx,orb_1443,YXyxYXyxYXXXyxx,YYxyXYxyXYxyXYxyXYxyXYxyX,40,
sol_038,solved,YYXXXyX,YXXXXyxxx,Xy,y,1,2,XXXYYxyX,YXXXXyxxx,orb_0284,YYXXXXyx,YXXXyxxxx,17,solved_to_solved
sol_038,solved,YYXXXyX,YXXXXyxxx,xx,x,1,4,XXYXYYxYxy,YYXyyxYXyyx,orb_0651,YYXYXXyXyx,YXXyxYXXyxx,21,
sol_038,solved,YYXXXyX,YXXXXyxxx,xy,y,1,2,xxxYXXXYxyXXXX,YxxxxyXXX,orb_0116,YXXyx,YYYYXyyyx,14,solved_to_solved
sol_038,solved,YYXXXyX,YXXXXyxxx,yX,y,1,2,xxYXXYXXXXXXXy,YxxxxyXXX,orb_0537,YXXXXyxxx,YYXXXXXXXyxx,21,
sol_038,solved,YYXXXyX,YXXXXyxxx,yx,y,1,2,YXXYXXXyxx,YXXXXyxxx,orb_0298,YYXXXyxx,YXXXXyxxx,17,solved_to_solved
sol_038,solved,YYXXXyX,YXXXXyxxx,XXy,y,1,2,XXXYXYxyX,YXXXXyxxx,orb_0284,YYXXXXyx,YXXXyxxxx,17,solved_to_solved
sol_038,solved,YYXXXyX,YXXXXyxxx,xxx,x,0,3,XYXyxxxy,YXXYXYXYx,orb_0119,YYXXXyX,YYxyXyx,14,
sol_038,solved,YYXXXyX,YXXXXyxxx,xxx,x,1,3,XXYxyxYX,YxyXYxyXYxyXY,orb_0576,YXXYx,YYYXYxyXYxyXYxyX,21,
sol_038,solved,YYXXXyX,YXXXXyxxx,xxy,y,1,2,xxxYXXYxyXXXX,YxxxxyXXX,orb_0116,YXXyx,YYYYXyyyx,14,solved_to_solved
sol_038,solved,YYXXXyX,YXXXXyxxx,XXXy,x,0,2,XYxxyXXyXXyXXy,YYxxYxxYxxx,orb_0168,YYXXXyX,YYxyXXXX,15,
sol_038,solved,YYXXXyX,YXXXXyxxx,XXXy,y,1,2,XXXYXXYxyX,YXXXXyxxx,orb_0284,YYXXXXyx,YXXXyxxxx,17,solved_to_solved
sol_038,solved,YYXXXyX,YXXXXyxxx,xxxy,x,0,2,YXyxYYYx,YXYYYxx,orb_0157,YXXyx,YYYXYxyyyx,15,
sol_038,solved,YYXXXyX,YXXXXyxxx,xxxy,y,1,2,xxxYXYxyXXXX,YxxxxyXXX,orb_0116,YXXyx,YYYYXyyyx,14,solved_to_solved
sol_039,solved,YYXXXyX,YXXXXyxxxxx,Xy,y,1,2,XXXXXYXXYxyX,YXXXXyxxxxx,orb_0599,YYXXXXXXyx,YXXXXXyxxxx,21,
sol_039,solved,YYXXXyX,YXXXXyxxxxx,xx,x,1,5,XXYXYYxxyy,YYYXyyxYYXyyx,orb_0782,YYXXyXyyxx,YXXyxxYXXyxxx,23,
sol_039,solved,YYXXXyX,YXXXXyxxxxx,xy,y,1,2,xxxxxYXXXYxyXXXXXX,YxxxxyXXXXX,orb_0209,YXXyx,YYYYYXyyyyx,16,solved_to_solved
sol_039,solved,YYXXXyX,YXXXXyxxxxx,yX,y,1,2,xxxxYYXXXXXXXy,YxxxxyXXXXX,orb_0857,YXXXXXyxxxx,YYXXXXyxxxxxxx,25,
sol_039,solved,YYXXXyX,YXXXXyxxxxx,yx,y,1,2,YXXXXYXXXyxxxx,YXXXXyxxxxx,orb_0606,YYXXXXyxxx,YXXXXXyxxxx,21,
sol_039,solved,YYXXXyX,YXXXXyxxxxx,XXy,y,1,2,XXXXXYXXXYxyX,YXXXXyxxxxx,orb_0599,YYXXXXXXyx,YXXXXXyxxxx,21,
sol_039,solved,YYXXXyX,YXXXXyxxxxx,xxx,x,0,3,XYXyxxxyXXYXYx,YXXYXYXYx,orb_0349,YYXXXyX,YYxyXYXXyyx,18,
sol_039,solved,YYXXXyX,YXXXXyxxxxx,xxy,y,1,2,xxxxxYXXYxyXXXXXX,YxxxxyXXXXX,orb_0209,YXXyx,YYYYYXyyyyx,16,solved_to_solved
sol_039,solved,YYXXXyX,YXXXXyxxxxx,XXXy,x,0,2,XYxxyXXyXXyXXyXXyXXy,YYxxYxxYxxx,orb_0294,YYXXXyX,YYxyXXXXXX,17,
sol_039,solved,YYXXXyX,YXXXXyxxxxx,XXXy,y,1,2,XXXXXYXXXXYxyX,YXXXXyxxxxx,orb_0599,YYXXXXXXyx,YXXXXXyxxxx,21,
sol_039,solved,YYXXXyX,YXXXXyxxxxx,xxxx,x,1,2,XXXYxyXYxyXYxxy,YYXyxYXyxYXyxYXyx,orb_1223,YXyxYXyxYXXXyxx,YYxyXYxyXYxyXYxyX,32,
sol_039,solved,YYXXXyX,YXXXXyxxxxx,xxxy,x,0,2,YXyxYYYYYx,YXYYYxx,orb_0227,YXXXyXYx,YXyxxxxyx,17,
sol_039,solved,YYXXXyX,YXXXXyxxxxx,xxxy,y,1,2,xxxxxYXYxyXXXXXX,YxxxxyXXXXX,orb_0209,YXXyx,YYYYYXyyyyx,16,solved_to_solved
sol_040,solved,YYXXXyX,YXXXyxx,Xy,y,1,2,XXYX,YXXXyxx,orb_0002,X,YYYXyyx,8,solved_to_solved
sol_040,solved,YYXXXyX,YXXXyxx,xx,x,1,3,YX,YxyXYxyXY,orb_0010,X,YYXyxYXyx,10,
sol_040,solved,YYXXXyX,YXXXyxx,xy,y,1,2,xxYXXXXX,YxxxyXX,orb_0002,X,YYYXyyx,8,solved_to_solved
sol_040,solved,YYXXXyX,YXXXyxx,yX,y,1,2,xYXXYXXXXXXy,YxxxyXX,orb_0239,YXXXyxx,YYXXXXXXyx,17,
sol_040,solved,YYXXXyX,YXXXyxx,yx,y,1,2,YXYXXXyx,YXXXyxx,orb_0122,YYXXXyx,YXXXyxx,14,solved_to_solved
sol_040,solved,YYXXXyX,YXXXyxx,XXy,y,1,2,XXYXX,YXXXyxx,orb_0002,X,YYYXyyx,8,solved_to_solved
sol_040,solved,YYXXXyX,YXXXyxx,xxx,x,0,2,XYXYXYx,YXXYXYXYx,orb_0015,X,YYYXYxyyyx,11,
sol_040,solved,YYXXXyX,YXXXyxx,xxy,y,1,2,xxYXXXX,YxxxyXX,orb_0002,X,YYYXyyx,8,solved_to_solved
sol_040,solved,YYXXXyX,YXXXyxx,XXXy,x,0,2,XyXXyXXy,YYxxYxxYxxx,orb_0015,X,YYYXYxyyyx,11,
sol_040,solved,YYXXXyX,YXXXyxx,XXXy,y,1,2,XXYXXX,YXXXyxx,orb_0002,X,YYYXyyx,8,solved_to_solved
sol_040,solved,YYXXXyX,YXXXyxx,xxxy,x,0,2,YYYx,YXYYYxx,orb_0015,X,YYYXYxyyyx,11,
sol_040,solved,YYXXXyX,YXXXyxx,xxxy,y,1,2,xxYXXX,YxxxyXX,orb_0002,X,YYYXyyx,8,solved_to_solved
sol_040,solved,YYXXXyX,YXXXyxx,Yxxxy,x,0,2,YXYXY,YXXYXYXYx,orb_0015,X,YYYXYxyyyx,11,
sol_040,solved,YYXXXyX,YXXXyxx,Yxxxy,y,0,2,Yxx,YxyxxxYX,orb_0015,X,YYYXYxyyyx,11,
sol_041,solved,YYXXXyX,YXXXyxxxx,Xy,y,1,2,XXXXYXXX,YXXXyxxxx,orb_0011,X,YYYYXyyyx,10,solved_to_solved
sol_041,solved,YYXXXyX,YXXXyxxxx,xx,x,1,4,XYxYYX,YxyyXYxyyXY,orb_0305,YYXXYx,YYXyyxYYXyx,17,
sol_041,solved,YYXXXyX,YXXXyxxxx,xy,y,1,2,xxxxYXXXXXXX,YxxxyXXXX,orb_0011,X,YYYYXyyyx,10,solved_to_solved
sol_041,solved,YYXXXyX,YXXXyxxxx,yX,y,1,2,xxxYYXXXXXXy,YxxxyXXXX,orb_0540,YXXXXyxxx,YYXXXyxxxxxx,21,
sol_041,solved,YYXXXyX,YXXXyxxxx,yx,y,1,2,YXXXYXXXyxxx,YXXXyxxxx,orb_0355,YYXXXyxxx,YXXXXyxxx,18,
sol_041,solved,YYXXXyX,YXXXyxxxx,XXy,y,1,2,XXXXYXXXX,YXXXyxxxx,orb_0011,X,YYYYXyyyx,10,solved_to_solved
sol_041,solved,YYXXXyX,YXXXyxxxx,xxx,x,0,3,XYxyXXYx,YXXYXYXYx,orb_0120,YYXXXyX,YYxyxyX,14,
sol_041,solved,YYXXXyX,YXXXyxxxx,xxx,x,1,3,XXYYxy,YYXyxYXyxYXyx,orb_0481,YYXXyx,YXyxYXyxYXyxx,19,
sol_041,solved,YYXXXyX,YXXXyxxxx,xxy,y,1,2,xxxxYXXXXXX,YxxxyXXXX,orb_0011,X,YYYYXyyyx,10,solved_to_solved
sol_041,solved,YYXXXyX,YXXXyxxxx,XXXy,x,0,2,XyXXyXXyXXyXXy,YYxxYxxYxxx,orb_0043,X,YYYYYXyxyyyX,13,
sol_041,solved,YYXXXyX,YXXXyxxxx,XXXy,y,1,2,XXXXYXXXXX,YXXXyxxxx,orb_0011,X,YYYYXyyyx,10,solved_to_solved
sol_041,solved,YYXXXyX,YXXXyxxxx,xxxy,x,0,2,YYYYYx,YXYYYxx,orb_0043,X,YYYYYXyxyyyX,13,
sol_041,solved,YYXXXyX,YXXXyxxxx,xxxy,y,1,2,xxxxYXXXXX,YxxxyXXXX,orb_0011,X,YYYYXyyyx,10,solved_to_solved
sol_041,solved,YYXXXyX,YXXXyxxxx,Yxxxy,x,0,2,YXYXYXYXY,YXXYXYXYx,orb_0043,X,YYYYYXyxyyyX,13,
sol_041,solved,YYXXXyX,YXXXyxxxx,Yxxxy,y,0,2,Yxxxx,YxyxxxYX,orb_0043,X,YYYYYXyxyyyX,13,
sol_042,solved,YYXXXyX,YXXyxxx,Xy,y,1,2,XXXYXXYXyX,YXXyxxx,orb_0133,YXXXyxx,YYXXXXyX,15,solved_to_solved
sol_042,solved,YYXXXyX,YXXyxxx,xx,x,1,3,XXYXYxxy,YYXyxYXyx,orb_0270,YXXyXyxx,YYXyxYXyx,17,
sol_042,solved,YYXXXyX,YXXyxxx,xy,y,1,2,xxxYXYXyXXXX,YxxyXXX,orb_0029,YXXYx,YYYXyyx,12,solved_to_solved
sol_042,solved,YYXXXyX,YXXyxxx,yX,y,1,2,xxYYXXXXXy,YxxyXXX,orb_0242,YXXXyxx,YYXXyxxxxx,17,
sol_042,solved,YYXXXyX,YXXyxxx,yx,y,1,2,YXXYXXXyxx,YXXyxxx,orb_0138,YXXXyxx,YYXXyxxx,15,solved_to_solved
sol_042,solved,YYXXXyX,YXXyxxx,XXy,y,1,2,XXXYXXXYXyX,YXXyxxx,orb_0133,YXXXyxx,YYXXXXyX,15,solved_to_solved
sol_042,solved,YYXXXyX,YXXyxxx,xxx,x,0,2,XXyxyxxxy,YXXYXYXYx,orb_0167,YYXXXyX,YYYXXyyX,15,
sol_042,solved,YYXXXyX,YXXyxxx,xxy,y,1,2,xxxYYXyXXXX,YxxyXXX,orb_0029,YXXYx,YYYXyyx,12,solved_to_solved
sol_043,solved,YYXXXyx,YXXXXXXyxxxxx,Xy,y,1,2,XXXXXYYxxxyx,YXXXXXXyxxxxx,orb_0760,YYXXXXyxxx,YXXXXXyxxxxxx,23,
sol_043,solved,YYXXXyx,YXXXXXXyxxxxx,xx,x,1,6,XXYXYYYxyyxYYXyyyx,YYYXyyyxYYXyyyx,orb_1162,YYXXXXYxxyXyxxx,YXXyxxxYXXXyxxx,30,
sol_043,solved,YYXXXyx,YXXXXXXyxxxxx,xy,y,1,2,xxxxxYXXXXXYxxxyXXXX,YxxxxxxyXXXXX,orb_0521,YYXXXyX,YXXXXXXyxxxxx,20,solved_to_solved
sol_043,solved,YYXXXyx,YXXXXXXyxxxxx,yX,y,1,2,YxxxxYXXXyXXXX,YxxxxxxyXXXXX,orb_0756,YYXXXXyXXX,YXXXXXyxxxxxx,23,
sol_043,solved,YYXXXyx,YXXXXXXyxxxxx,yx,y,1,2,XXXXYxxYxxxy,YXXXXXXyxxxxx,orb_0760,YYXXXXyxxx,YXXXXXyxxxxxx,23,
sol_043,solved,YYXXXyx,YXXXXXXyxxxxx,XXy,y,1,2,XXXXXYXYxxxyx,YXXXXXXyxxxxx,orb_0760,YYXXXXyxxx,YXXXXXyxxxxxx,23,
sol_043,solved,YYXXXyx,YXXXXXXyxxxxx,Xyx,y,1,2,XXXXYxYxxxy,YXXXXXXyxxxxx,orb_0760,YYXXXXyxxx,YXXXXXyxxxxxx,23,
sol_043,solved,YYXXXyx,YXXXXXXyxxxxx,xxx,x,0,4,XYYxyXyxyxx,YXyxyxyxx,orb_0230,YXXXyXyx,YYYxxyXyx,17,
sol_043,solved,YYXXXyx,YXXXXXXyxxxxx,xxy,y,1,2,xxxxxYXXXXYxxxyXXXX,YxxxxxxyXXXXX,orb_0521,YYXXXyX,YXXXXXXyxxxxx,20,solved_to_solved
sol_043,solved,YYXXXyx,YXXXXXXyxxxxx,XXXy,x,0,2,XXXyXXyXXyxxYxxYxxYxxYxx,YXXyXXyXXyx,orb_0296,YYXXXyx,YYxxxyXXXX,17,
sol_043,solved,YYXXXyx,YXXXXXXyxxxxx,XXXy,y,1,2,XXXXXYXXYxxxyx,YXXXXXXyxxxxx,orb_0760,YYXXXXyxxx,YXXXXXyxxxxxx,23,
sol_043,solved,YYXXXyx,YXXXXXXyxxxxx,XXyx,x,0,2,xYxxYxxYxxyXXyXXyXXyXX,YxxYxxYxyXX,orb_0296,YYXXXyx,YYxxxyXXXX,17,
sol_043,solved,YYXXXyx,YXXXXXXyxxxxx,XXyx,y,1,2,XXXXYYxxxy,YXXXXXXyxxxxx,orb_0760,YYXXXXyxxx,YXXXXXyxxxxxx,23,
sol_043,solved,YYXXXyx,YXXXXXXyxxxxx,xxxy,x,0,2,YXYYYxyyyyyx,YXyyyxx,orb_0394,YXXXyXYx,YXXXyxxxxyx,19,
sol_043,solved,YYXXXyx,YXXXXXXyxxxxx,xxxy,y,1,2,xxxxxYXXXYxxxyXXXX,YxxxxxxyXXXXX,orb_0521,YYXXXyX,YXXXXXXyxxxxx,20,solved_to_solved
sol_043,solved,YYXXXyx,YXXXXXXyxxxxx,XXXyx,y,1,2,XXXXYXYxxxy,YXXXXXXyxxxxx,orb_0760,YYXXXXyxxx,YXXXXXyxxxxxx,23,
sol_043,solved,YYXXXyx,YXXXXXXyxxxxx,xxxxx,x,1,2,XXyxYXyxYXyxYxyXY,YxyXYxyXYxyXYxyXYxyXY,orb_1388,YXyXXYxyXYxyXYxyx,YYxyXYxyXYxyXYxyXYxyX,38,
sol_044,solved,YYXXXyx,YXXXXXXyxxxxxxx,Xy,y,1,2,XXXXXXXYXXYxxxyx,YXXXXXXyxxxxxxx,orb_1022,YYXXXXXXyxxx,YXXXXXXXyxxxxxx,27,
sol_044,solved,YYXXXyx,YXXXXXXyxxxxxxx,xx,x,1,7,XXYXYYYxyyyxYYYXyyyx,YYYYXyyyxYYYXyyyx,orb_1279,YYXXXXYxxxyXXyxxx,YXXXyxxxYXXXXyxxx,34,
sol_044,solved,YYXXXyx,YXXXXXXyxxxxxxx,xy,y,1,2,xxxxxxxYXXXXXYxxxyXXXXXX,YxxxxxxyXXXXXXX,orb_0697,YYXXXyX,YXXXXXXyxxxxxxx,22,solved_to_solved
sol_044,solved,YYXXXyx,YXXXXXXyxxxxxxx,yX,y,1,2,YxxxxxxYXXXyXXXXXX,YxxxxxxyXXXXXXX,orb_1021,YYXXXXXXyXXX,YXXXXXXXyxxxxxx,27,
sol_044,solved,YYXXXyx,YXXXXXXyxxxxxxx,yx,y,1,2,XXXXXXYYxxxy,YXXXXXXyxxxxxxx,orb_1022,YYXXXXXXyxxx,YXXXXXXXyxxxxxx,27,
sol_044,solved,YYXXXyx,YXXXXXXyxxxxxxx,XXy,y,1,2,XXXXXXXYXXXYxxxyx,YXXXXXXyxxxxxxx,orb_1022,YYXXXXXXyxxx,YXXXXXXXyxxxxxx,27,
sol_044,solved,YYXXXyx,YXXXXXXyxxxxxxx,Xyx,y,1,2,XXXXXXYXYxxxy,YXXXXXXyxxxxxxx,orb_1022,YYXXXXXXyxxx,YXXXXXXXyxxxxxx,27,
sol_044,solved,YYXXXyx,YXXXXXXyxxxxxxx,xxx,x,0,5,XYYxyyXyxx,YXyxyxyxx,orb_0231,YXXXyXyx,YYYxyXyyx,17,
sol_044,solved,YYXXXyx,YXXXXXXyxxxxxxx,xxx,x,1,5,XXYxYYXyyx,YYYXyyxYYXyyxYYXyyx,orb_0939,YYXXYx,YYYXyyxYYXyyxYYXyyx,25,
sol_044,solved,YYXXXyx,YXXXXXXyxxxxxxx,xxy,y,1,2,xxxxxxxYXXXXYxxxyXXXXXX,YxxxxxxyXXXXXXX,orb_0697,YYXXXyX,YXXXXXXyxxxxxxx,22,solved_to_solved
sol_044,solved,YYXXXyx,YXXXXXXyxxxxxxx,XXXy,x,0,2,XXXyXXyXXyxxYxxYxxYxxYxxYxxYxx,YXXyXXyXXyx,orb_0461,YYXXXyx,YYxxxyXXXXXX,19,
sol_044,solved,YYXXXyx,YXXXXXXyxxxxxxx,XXXy,y,1,2,XXXXXXXYXXXXYxxxyx,YXXXXXXyxxxxxxx,orb_1022,YYXXXXXXyxxx,YXXXXXXXyxxxxxx,27,
sol_044,solved,YYXXXyx,YXXXXXXyxxxxxxx,XXyx,x,0,2,xYxxYxxYxxyXXyXXyXXyXXyXXyXX,YxxYxxYxyXX,orb_0461,YYXXXyx,YYxxxyXXXXXX,19,
sol_044,solved,YYXXXyx,YXXXXXXyxxxxxxx,XXyx,y,1,2,XXXXXXYXXYxxxy,YXXXXXXyxxxxxxx,orb_1022,YYXXXXXXyxxx,YXXXXXXXyxxxxxx,27,
sol_044,solved,YYXXXyx,YXXXXXXyxxxxxxx,xxxy,x,0,2,YXYYYxyyyyyyyx,YXyyyxx,orb_0558,YXXXYxxxyX,YXXXyXYxxxx,21,
sol_044,solved,YYXXXyx,YXXXXXXyxxxxxxx,xxxy,y,1,2,xxxxxxxYXXXYxxxyXXXXXX,YxxxxxxyXXXXXXX,orb_0697,YYXXXyX,YXXXXXXyxxxxxxx,22,solved_to_solved
sol_044,solved,YYXXXyx,YXXXXXXyxxxxxxx,XXXyx,y,1,2,XXXXXXYXXXYxxxy,YXXXXXXyxxxxxxx,orb_1022,YYXXXXXXyxxx,YXXXXXXXyxxxxxx,27,
sol_044,solved,YYXXXyx,YXXXXXXyxxxxxxx,xxxxxx,x,1,2,XXXYxyXYxyXYxyxYXyx,YYXyxYXyxYXyxYXyxYXyxYXyx,orb_1455,YXyXXYxyXYxyXYxyx,YYXyxYXyxYXyxYXyxYXyxYXyx,42,
sol_045,solved,YYXXXyx,YXXXyxx,Xy,y,1,2,XXYx,YXXXyxx,orb_0002,X,YYYXyyx,8,solved_to_solved
sol_045,solved,YYXXXyx,YXXXyxx,xx,x,1,3,XYxyXY,YxyXYxyXY,orb_0101,YXXyx,YYXyxYXyx,14,
sol_045,solved,YYXXXyx,YXXXyxx,xy,y,1,2,xxYXXX,YxxxyXX,orb_0002,X,YYYXyyx,8,solved_to_solved
sol_045,solved,YYXXXyx,YXXXyxx,yX,y,1,2,YxYXXXyX,YxxxyXX,orb_0117,YYXXXyX,YXXXyxx,14,solved_to_solved
sol_045,solved,YYXXXyx,YXXXyxx,yx,y,1,2,XYxx,YXXXyxx,orb_0002,X,YYYXyyx,8,solved_to_solved
sol_045,solved,YYXXXyx,YXXXyxx,XXy,y,1,2,XXY,YXXXyxx,orb_0002,X,YYYXyyx,8,solved_to_solved
sol_045,solved,YYXXXyx,YXXXyxx,Xyx,y,1,2,XYx,YXXXyxx,orb_0002,X,YYYXyyx,8,solved_to_solved
sol_045,solved,YYXXXyx,YXXXyxx,xxx,x,0,2,yxx,YXyxyxyxx,orb_0007,X,YYYXyXyx,9,
sol_045,solved,YYXXXyx,YXXXyxx,xxy,y,1,2,xxYXX,YxxxyXX,orb_0002,X,YYYXyyx,8,solved_to_solved
sol_045,solved,YYXXXyx,YXXXyxx,XXXy,x,0,2,xYxx,YXXyXXyXXyx,orb_0007,X,YYYXyXyx,9,
sol_045,solved,YYXXXyx,YXXXyxx,XXXy,y,1,2,XXYX,YXXXyxx,orb_0002,X,YYYXyyx,8,solved_to_solved
sol_045,solved,YYXXXyx,YXXXyxx,XXyx,x,0,2,xyXX,YxxYxxYxyXX,orb_0007,X,YYYXyXyx,9,
sol_045,solved,YYXXXyx,YXXXyxx,XXyx,y,1,2,XY,YXXXyxx,orb_0002,X,YYYXyyx,8,solved_to_solved
sol_045,solved,YYXXXyx,YXXXyxx,xxxy,x,0,2,yx,YXyyyxx,orb_0007,X,YYYXyXyx,9,
sol_045,solved,YYXXXyx,YXXXyxx,xxxy,y,1,2,xxYX,YxxxyXX,orb_0002,X,YYYXyyx,8,solved_to_solved
sol_045,solved,YYXXXyx,YXXXyxx,Yxxxy,x,0,2,xyx,YXyxyxyxx,orb_0007,X,YYYXyXyx,9,
sol_045,solved,YYXXXyx,YXXXyxx,Yxxxy,y,0,2,Yxx,YXyxxxYx,orb_0007,X,YYYXyXyx,9,
sol_045,solved,YYXXXyx,YXXXyxx,XXXyx,x,1,2,XXy,YXyXyXyxYx,orb_0002,X,YYYXyyx,8,solved_to_solved
sol_045,solved,YYXXXyx,YXXXyxx,XXXyx,y,1,2,XYX,YXXXyxx,orb_0002,X,YYYXyyx,8,solved_to_solved
sol_046,solved,YYXXXyx,YXXXyxxxx,Xy,y,1,2,XXXXYX,YXXXyxxxx,orb_0011,X,YYYYXyyyx,10,solved_to_solved
sol_046,solved,YYXXXyx,YXXXyxxxx,xx,x,1,4,XYYxyyXY,YxyyXYxyyXY,orb_0362,YYXXyxx,YXXyxYXXyxx,18,
sol_046,solved,YYXXXyx,YXXXyxxxx,xy,y,1,2,xxxxYXXXXX,YxxxyXXXX,orb_0011,X,YYYYXyyyx,10,solved_to_solved
sol_046,solved,YYXXXyx,YXXXyxxxx,yX,y,1,2,YxxxYXXXyXXX,YxxxyXXXX,orb_0350,YYXXXyXXX,YXXXXyxxx,18,
sol_046,solved,YYXXXyx,YXXXyxxxx,yx,y,1,2,XXXY,YXXXyxxxx,orb_0011,X,YYYYXyyyx,10,solved_to_solved
sol_046,solved,YYXXXyx,YXXXyxxxx,XXy,y,1,2,XXXXYXX,YXXXyxxxx,orb_0011,X,YYYYXyyyx,10,solved_to_solved
sol_046,solved,YYXXXyx,YXXXyxxxx,Xyx,y,1,2,XXXYX,YXXXyxxxx,orb_0011,X,YYYYXyyyx,10,solved_to_solved
sol_046,solved,YYXXXyx,YXXXyxxxx,xxx,x,0,3,XYxyXyxx,YXyxyxyxx,orb_0124,YYXXXyx,YYxyXyx,14,
sol_046,solved,YYXXXyx,YXXXyxxxx,xxx,x,1,3,XXYxYXyx,YYXyxYXyxYXyx,orb_0336,YXXYx,YYXyxYXyxYXyx,18,
sol_046,solved,YYXXXyx,YXXXyxxxx,xxy,y,1,2,xxxxYXXXX,YxxxyXXXX,orb_0011,X,YYYYXyyyx,10,solved_to_solved
sol_046,solved,YYXXXyx,YXXXyxxxx,XXXy,x,0,2,xYxxYxxYxx,YXXyXXyXXyx,orb_0014,X,YYYXYxyyyX,11,
sol_046,solved,YYXXXyx,YXXXyxxxx,XXXy,y,1,2,XXXXYXXX,YXXXyxxxx,orb_0011,X,YYYYXyyyx,10,solved_to_solved
sol_046,solved,YYXXXyx,YXXXyxxxx,XXyx,x,0,2,xyXXyXXyXX,YxxYxxYxyXX,orb_0014,X,YYYXYxyyyX,11,
sol_046,solved,YYXXXyx,YXXXyxxxx,XXyx,y,1,2,XXXYXX,YXXXyxxxx,orb_0011,X,YYYYXyyyx,10,solved_to_solved
sol_046,solved,YYXXXyx,YXXXyxxxx,xxxy,x,0,2,yyyx,YXyyyxx,orb_0014,X,YYYXYxyyyX,11,
sol_046,solved,YYXXXyx,YXXXyxxxx,xxxy,y,1,2,xxxxYXXX,YxxxyXXXX,orb_0011,X,YYYYXyyyx,10,solved_to_solved
sol_046,solved,YYXXXyx,YXXXyxxxx,Yxxxy,x,0,2,xyxyxyx,YXyxyxyxx,orb_0014,X,YYYXYxyyyX,11,
sol_046,solved,YYXXXyx,YXXXyxxxx,Yxxxy,y,0,2,Yxxxx,YXyxxxYx,orb_0014,X,YYYXYxyyyX,11,
sol_046,solved,YYXXXyx,YXXXyxxxx,XXXyx,y,1,2,XXXYXXX,YXXXyxxxx,orb_0011,X,YYYYXyyyx,10,solved_to_solved
sol_047,solved,YYXXXyx,YXXyxxx,Xy,y,1,2,XXXYXXYXyx,YXXyxxx,orb_0078,YYXXYx,YYYXyyx,13,solved_to_solved
sol_047,solved,YYXXXyx,YXXyxxx,xx,x,1,3,XXYXYxyxYXyx,YYXyxYXyx,orb_0375,YYXyxYXyx,YYXXyxxyX,18,
sol_047,solved,YYXXXyx,YXXyxxx,xy,y,1,2,xxxYXYXyXX,YxxyXXX,orb_0037,YXXyx,YYYXyyx,12,solved_to_solved
sol_047,solved,YYXXXyx,YXXyxxx,yX,y,1,2,YxxYXXXyXX,YxxyXXX,orb_0137,YXXXyxx,YYXXyXXX,15,solved_to_solved
sol_047,solved,YYXXXyx,YXXyxxx,yx,y,1,2,XXYYXy,YXXyxxx,orb_0078,YYXXYx,YYYXyyx,13,solved_to_solved
sol_047,solved,YYXXXyx,YXXyxxx,XXy,y,1,2,XXXYXXXYXyx,YXXyxxx,orb_0078,YYXXYx,YYYXyyx,13,solved_to_solved
sol_047,solved,YYXXXyx,YXXyxxx,Xyx,y,1,2,XXYXYXy,YXXyxxx,orb_0078,YYXXYx,YYYXyyx,13,solved_to_solved
sol_047,solved,YYXXXyx,YXXyxxx,xxx,x,0,2,XXXYXYxxy,YXyxyxyxx,orb_0169,YYXXXyx,YYYXXyyx,15,
sol_047,solved,YYXXXyx,YXXyxxx,xxy,y,1,2,xxxYYXyXX,YxxyXXX,orb_0037,YXXyx,YYYXyyx,12,solved_to_solved
sol_047,solved,YYXXXyx,YXXyxxx,XXyx,x,0,2,XyyXXyXX,YxxYxxYxyXX,orb_0079,YYXXYx,YYYxyXX,13,
sol_047,solved,YYXXXyx,YXXyxxx,XXyx,y,1,2,XXYXXYXy,YXXyxxx,orb_0078,YYXXYx,YYYXyyx,13,solved_to_solved
sol_048,solved,YYXXYYx,YYYYXyyyx,Xy,x,1,2,XXXXXXyXXyxY,YXXXXyxxx,orb_0383,YXXXXyxxx,YYXXXXXXyx,19,
sol_048,solved,YYXXYYx,YYYYXyyyx,xy,x,1,2,XYXXXYXXyxxx,YXXXyxxxx,orb_0220,YYXXyxx,YXXXXyxxx,16,solved_to_solved
sol_048,solved,YYXXYYx,YYYYXyyyx,yX,x,1,2,YxxyyXXXXX,YxxxxyXXX,orb_0385,YXXXXyxxx,YYXXyxxxxx,19,
sol_048,solved,YYXXYYx,YYYYXyyyx,yx,x,1,2,xxYXXYxyXXXX,YxxxyXXXX,orb_0179,YYXXyx,YXXXXyxxx,15,solved_to_solved
sol_048,solved,YYXXYYx,YYYYXyyyx,yy,y,1,5,YXXYx,YYxyyXYxyyX,orb_0204,YXXYx,YYXyyxYXyyx,16,
sol_048,solved,YYXXYYx,YYYYXyyyx,Xyy,x,1,2,XXXXXXyXXXyxY,YXXXXyxxx,orb_0383,YXXXXyxxx,YYXXXXXXyx,19,
sol_048,solved,YYXXYYx,YYYYXyyyx,xyy,x,1,2,YXXYXXyxx,YXXXyxxxx,orb_0220,YYXXyxx,YXXXXyxxx,16,solved_to_solved
sol_048,solved,YYXXYYx,YYYYXyyyx,yyX,x,1,2,YxxyXyXXXXX,YxxxxyXXX,orb_0385,YXXXXyxxx,YYXXyxxxxx,19,
sol_048,solved,YYXXYYx,YYYYXyyyx,yyx,x,1,2,xxYXYxyXXXX,YxxxyXXXX,orb_0179,YYXXyx,YXXXXyxxx,15,solved_to_solved
sol_048,solved,YYXXYYx,YYYYXyyyx,yyy,y,1,2,yXYxyXYXyXYxyXYxx,YXyxYXyxYXyxY,orb_1158,YXyxYXyxYXXyx,YYXyxYXyxyXyxYXyx,30,
sol_049,solved,YYXXYYx,YYYYYXyyyyx,Xy,x,1,2,XXXXXXXyXXyxxY,YXXXXXyxxxx,orb_0718,YXXXXXyxxxx,YYXXXXXXXyxx,23,
sol_049,solved,YYXXYYx,YYYYYXyyyyx,xy,x,1,2,XYXXXXYXXyxxxx,YXXXXyxxxxx,orb_0462,YYXXXyxx,YXXXXXyxxxx,19,solved_to_solved
sol_049,solved,YYXXYYx,YYYYYXyyyyx,yX,x,1,2,YxxxyyXXXXXX,YxxxxxyXXXX,orb_0719,YXXXXXyxxxx,YYXXXyxxxxxx,23,
sol_049,solved,YYXXYYx,YYYYYXyyyyx,yx,x,1,2,xxxYXXXYxxyXXXXX,YxxxxyXXXXX,orb_0361,YYXXyxx,YXXXXXyxxxx,18,solved_to_solved
sol_049,solved,YYXXYYx,YYYYYXyyyyx,yy,y,1,6,YXXYx,YXyyxYYXyyxYY,orb_0337,YXXYx,YYYXyyxYYXyyx,18,
sol_049,solved,YYXXYYx,YYYYYXyyyyx,Xyy,x,1,2,XXXXXXXyXXXyxxY,YXXXXXyxxxx,orb_0718,YXXXXXyxxxx,YYXXXXXXXyxx,23,
sol_049,solved,YYXXYYx,YYYYYXyyyyx,xyy,x,1,2,YXXXYXXyxxx,YXXXXyxxxxx,orb_0462,YYXXXyxx,YXXXXXyxxxx,19,solved_to_solved
sol_049,solved,YYXXYYx,YYYYYXyyyyx,yyX,x,1,2,YxxxyXyXXXXXX,YxxxxxyXXXX,orb_0719,YXXXXXyxxxx,YYXXXyxxxxxx,23,
sol_049,solved,YYXXYYx,YYYYYXyyyyx,yyx,x,1,2,xxxYXXYxxyXXXXX,YxxxxyXXXXX,orb_0361,YYXXyxx,YXXXXXyxxxx,18,solved_to_solved
sol_049,solved,YYXXYYx,YYYYYXyyyyx,yyyy,y,1,2,yXYxyXYXyXYxyXYxx,YXyxYXyxYXyxYXyxY,orb_1287,YYXyxYXyxYXyxYXyx,YXyXYXyxYXyxxYXyx,34,
sol_050,solved,YYXXyXX,YXXXyxx,Xy,y,1,2,XXYYxyXX,YXXXyxx,orb_0142,YXXXyxx,YYXyxxxx,15,solved_to_solved
sol_050,solved,YYXXyXX,YXXXyxx,xx,x,1,4,XXYxY,YxyXYxyXY,orb_0092,YXXYx,YYXyxYXyx,14,
sol_050,solved,YYXXyXX,YXXXyxx,xy,y,1,2,xxYXXYxyXXXX,YxxxyXX,orb_0084,YYXXyx,YXXyxxx,13,solved_to_solved
sol_050,solved,YYXXyXX,YXXXyxx,yX,y,1,2,xYXXYXXXXXyX,YxxxyXX,orb_0002,X,YYYXyyx,8,solved_to_solved
sol_050,solved,YYXXyXX,YXXXyxx,yx,y,1,2,YXYXXy,YXXXyxx,orb_0002,X,YYYXyyx,8,solved_to_solved
sol_050,solved,YYXXyXX,YXXXyxx,XXy,y,1,2,XXYXYxyXX,YXXXyxx,orb_0142,YXXXyxx,YYXyxxxx,15,solved_to_solved
sol_050,solved,YYXXyXX,YXXXyxx,xxy,y,1,2,xxYXYxyXXXX,YxxxyXX,orb_0084,YYXXyx,YXXyxxx,13,solved_to_solved
sol_050,solved,YYXXyXX,YXXXyxx,yXX,y,1,2,YXXXYXXXXXy,YxxxyXX,orb_0002,X,YYYXyyx,8,solved_to_solved
sol_050,solved,YYXXyXX,YXXXyxx,yxx,y,1,2,YYXXy,YXXXyxx,orb_0002,X,YYYXyyx,8,solved_to_solved
sol_050,solved,YYXXyXX,YXXXyxx,yxxY,y,0,2,yXXX,YXXYxxyxx,orb_0044,X,YYYYYXyyxyyX,13,
sol_051,solved,YYXXyxx,YXXXXXXXXyxxxxxxx,Xy,y,1,2,XXXXXXXYYxxxxxxyxx,YXXXXXXXXyxxxxxxx,orb_1182,YYXXXXXXyxxxxx,YXXXXXXXXyxxxxxxx,31,
sol_051,solved,YYXXyxx,YXXXXXXXXyxxxxxxx,xx,x,1,9,XXYxy,YYYYXyyyyxYYYXyyyyx,orb_0824,YXXyx,YYYYXyyyyxYYYXyyyyx,24,
sol_051,solved,YYXXyxx,YXXXXXXXXyxxxxxxx,xy,y,1,2,xxxxxxxYXXXXXXXYxxxxxxyXXXXX,YxxxxxxxxyXXXXXXX,orb_1086,YYXXXXXXyXX,YXXXXXXXXyxxxxxxx,28,
sol_051,solved,YYXXyxx,YXXXXXXXXyxxxxxxx,yX,y,1,2,YxxxxxxYXXyXXXXX,YxxxxxxxxyXXXXXXX,orb_1024,YYXXXXXyXX,YXXXXXXXyxxxxxxxx,27,
sol_051,solved,YYXXyxx,YXXXXXXXXyxxxxxxx,yx,y,1,2,XXXXXXYxxYxxxxxxyx,YXXXXXXXXyxxxxxxx,orb_1182,YYXXXXXXyxxxxx,YXXXXXXXXyxxxxxxx,31,
sol_051,solved,YYXXyxx,YXXXXXXXXyxxxxxxx,XXy,y,1,2,XXXXXXXYXYxxxxxxyxx,YXXXXXXXXyxxxxxxx,orb_1182,YYXXXXXXyxxxxx,YXXXXXXXXyxxxxxxx,31,
sol_051,solved,YYXXyxx,YXXXXXXXXyxxxxxxx,Xyx,y,1,2,XXXXXXYxYxxxxxxyx,YXXXXXXXXyxxxxxxx,orb_1182,YYXXXXXXyxxxxx,YXXXXXXXXyxxxxxxx,31,
sol_051,solved,YYXXyxx,YXXXXXXXXyxxxxxxx,xxy,y,1,2,xxxxxxxYXXXXXXYxxxxxxyXXXXX,YxxxxxxxxyXXXXXXX,orb_1086,YYXXXXXXyXX,YXXXXXXXXyxxxxxxx,28,
sol_051,solved,YYXXyxx,YXXXXXXXXyxxxxxxx,yXX,y,1,2,YxxxxxYXXyXXXXX,YxxxxxxxxyXXXXXXX,orb_1024,YYXXXXXyXX,YXXXXXXXyxxxxxxxx,27,
sol_051,solved,YYXXyxx,YXXXXXXXXyxxxxxxx,yxx,y,1,2,XXXXXYxxxYxxxxxxy,YXXXXXXXXyxxxxxxx,orb_1182,YYXXXXXXyxxxxx,YXXXXXXXXyxxxxxxx,31,
sol_051,solved,YYXXyxx,YXXXXXXXXyxxxxxxx,XXyx,x,0,2,XXXyXXyXXyXXyXXyXXyxxYxxYxxYxxYxxYxx,YXXyXXyxYxx,orb_0650,YYXXyxx,YYxxxxxxyXXXXX,21,
sol_051,solved,YYXXyxx,YXXXXXXXXyxxxxxxx,XXyx,y,1,2,XXXXXXYYxxxxxxyx,YXXXXXXXXyxxxxxxx,orb_1182,YYXXXXXXyxxxxx,YXXXXXXXXyxxxxxxx,31,
sol_051,solved,YYXXyxx,YXXXXXXXXyxxxxxxx,Xyxx,x,0,2,xYxxYxxYxxYxxYxxYxxyXXyXXyXXyXXyXX,YxxYxyXXyXX,orb_0650,YYXXyxx,YYxxxxxxyXXXXX,21,
sol_051,solved,YYXXyxx,YXXXXXXXXyxxxxxxx,Xyxx,y,1,2,XXXXXYxxYxxxxxxy,YXXXXXXXXyxxxxxxx,orb_1182,YYXXXXXXyxxxxx,YXXXXXXXXyxxxxxxx,31,
sol_051,solved,YYXXyxx,YXXXXXXXXyxxxxxxx,XXyxx,y,1,2,XXXXXYxYxxxxxxy,YXXXXXXXXyxxxxxxx,orb_1182,YYXXXXXXyxxxxx,YXXXXXXXXyxxxxxxx,31,
sol_051,solved,YYXXyxx,YXXXXXXXXyxxxxxxx,xxxxxxx,x,1,2,XXyxYXyxYxyXYxyXY,YxyXYxyXYxyXYxyXYxyXYxyXYxyXY,orb_1491,YXyXXYxyXYxyxYXyx,YYxyXYxyXYxyXYxyXYxyXYxyXYxyX,46,
sol_052,solved,YYXXyxx,YXXXXXXXyxxxxxx,Xy,y,1,2,XXXXXXYYxxxxxyxx,YXXXXXXXyxxxxxx,orb_1025,YYXXXXXyxxxx,YXXXXXXXyxxxxxx,27,
sol_052,solved,YYXXyxx,YXXXXXXXyxxxxxx,xx,x,1,8,XXYxy,YxyyyXYYYxyyyXYYY,orb_0682,YXXyx,YYYYXyyyxYYYXyyyx,22,
sol_052,solved,YYXXyxx,YXXXXXXXyxxxxxx,xy,y,1,2,xxxxxxYXXXXXXYxxxxxyXXXX,YxxxxxxxyXXXXXX,orb_0916,YYXXXXXyXX,YXXXXXXXyxxxxxx,25,
sol_052,solved,YYXXyxx,YXXXXXXXyxxxxxx,yX,y,1,2,YxxxxxYXXyXXXX,YxxxxxxxyXXXXXX,orb_0839,YYXXXXyXX,YXXXXXXyxxxxxxx,24,
sol_052,solved,YYXXyxx,YXXXXXXXyxxxxxx,yx,y,1,2,XXXXXYxxYxxxxxyx,YXXXXXXXyxxxxxx,orb_1025,YYXXXXXyxxxx,YXXXXXXXyxxxxxx,27,
sol_052,solved,YYXXyxx,YXXXXXXXyxxxxxx,XXy,y,1,2,XXXXXXYXYxxxxxyxx,YXXXXXXXyxxxxxx,orb_1025,YYXXXXXyxxxx,YXXXXXXXyxxxxxx,27,
sol_052,solved,YYXXyxx,YXXXXXXXyxxxxxx,Xyx,y,1,2,XXXXXYxYxxxxxyx,YXXXXXXXyxxxxxx,orb_1025,YYXXXXXyxxxx,YXXXXXXXyxxxxxx,27,
sol_052,solved,YYXXyxx,YXXXXXXXyxxxxxx,xxx,x,1,4,XXyyxYYXyyxYYxyyXYYxyyXYY,YxyyXYYxyyXYYxyyXYY,orb_1475,YXXyxxYXXyxxYXXXyxx,YYXXyxxYXXyxxyXXYxxyXXYxx,44,
sol_052,solved,YYXXyxx,YXXXXXXXyxxxxxx,xxy,y,1,2,xxxxxxYXXXXXYxxxxxyXXXX,YxxxxxxxyXXXXXX,orb_0916,YYXXXXXyXX,YXXXXXXXyxxxxxx,25,
sol_052,solved,YYXXyxx,YXXXXXXXyxxxxxx,yXX,y,1,2,YxxxxYXXyXXXX,YxxxxxxxyXXXXXX,orb_0839,YYXXXXyXX,YXXXXXXyxxxxxxx,24,
sol_052,solved,YYXXyxx,YXXXXXXXyxxxxxx,yxx,y,1,2,XXXXYxxxYxxxxxy,YXXXXXXXyxxxxxx,orb_1025,YYXXXXXyxxxx,YXXXXXXXyxxxxxx,27,
sol_052,solved,YYXXyxx,YXXXXXXXyxxxxxx,XXyx,x,0,2,XXXyXXyXXyXXyXXyxxYxxYxxYxxYxx,YXXyXXyxYxx,orb_0486,YYXXyxx,YYxxxxxyXXXX,19,
sol_052,solved,YYXXyxx,YXXXXXXXyxxxxxx,XXyx,y,1,2,XXXXXYYxxxxxyx,YXXXXXXXyxxxxxx,orb_1025,YYXXXXXyxxxx,YXXXXXXXyxxxxxx,27,
sol_052,solved,YYXXyxx,YXXXXXXXyxxxxxx,Xyxx,x,0,2,xYxxYxxYxxYxxYxxyXXyXXyXXyXX,YxxYxyXXyXX,orb_0486,YYXXyxx,YYxxxxxyXXXX,19,
sol_052,solved,YYXXyxx,YXXXXXXXyxxxxxx,Xyxx,y,1,2,XXXXYxxYxxxxxy,YXXXXXXXyxxxxxx,orb_1025,YYXXXXXyxxxx,YXXXXXXXyxxxxxx,27,
sol_052,solved,YYXXyxx,YXXXXXXXyxxxxxx,XXyxx,y,1,2,XXXXYxYxxxxxy,YXXXXXXXyxxxxxx,orb_1025,YYXXXXXyxxxx,YXXXXXXXyxxxxxx,27,
sol_052,solved,YYXXyxx,YXXXXXXXyxxxxxx,xxxxxx,x,1,2,XXyxYXyxYxyXYxyXY,YxyXYxyXYxyXYxyXYxyXYxyXY,orb_1456,YXyXXYxyXYxyxYXyx,YYxyXYxyXYxyXYxyXYxyXYxyX,42,
sol_053,solved,YYXXyxx,YXXXXXXyxxxxx,Xy,y,1,2,XXXXXYYxxxxyxx,YXXXXXXyxxxxx,orb_0759,YYXXXXyxxx,YXXXXXXyxxxxx,23,
sol_053,solved,YYXXyxx,YXXXXXXyxxxxx,xx,x,1,7,XXYxy,YYYXyyyxYYXyyyx,orb_0509,YXXyx,YYYXyyyxYYXyyyx,20,
sol_053,solved,YYXXyxx,YXXXXXXyxxxxx,xy,y,1,2,xxxxxYXXXXXYxxxxyXXX,YxxxxxxyXXXXX,orb_0691,YYXXXXyXX,YXXXXXXyxxxxx,22,
sol_053,solved,YYXXyxx,YXXXXXXyxxxxx,yX,y,1,2,YxxxxYXXyXXX,YxxxxxxyXXXXX,orb_0613,YYXXXyXX,YXXXXXyxxxxxx,21,solved_to_solved
sol_053,solved,YYXXyxx,YXXXXXXyxxxxx,yx,y,1,2,XXXXYxxYxxxxyx,YXXXXXXyxxxxx,orb_0759,YYXXXXyxxx,YXXXXXXyxxxxx,23,
sol_053,solved,YYXXyxx,YXXXXXXyxxxxx,XXy,y,1,2,XXXXXYXYxxxxyxx,YXXXXXXyxxxxx,orb_0759,YYXXXXyxxx,YXXXXXXyxxxxx,23,
sol_053,solved,YYXXyxx,YXXXXXXyxxxxx,Xyx,y,1,2,XXXXYxYxxxxyx,YXXXXXXyxxxxx,orb_0759,YYXXXXyxxx,YXXXXXXyxxxxx,23,
sol_053,solved,YYXXyxx,YXXXXXXyxxxxx,xxy,y,1,2,xxxxxYXXXXYxxxxyXXX,YxxxxxxyXXXXX,orb_0691,YYXXXXyXX,YXXXXXXyxxxxx,22,
sol_053,solved,YYXXyxx,YXXXXXXyxxxxx,yXX,y,1,2,YxxxYXXyXXX,YxxxxxxyXXXXX,orb_0613,YYXXXyXX,YXXXXXyxxxxxx,21,solved_to_solved
sol_053,solved,YYXXyxx,YXXXXXXyxxxxx,yxx,y,1,2,XXXYxxxYxxxxy,YXXXXXXyxxxxx,orb_0759,YYXXXXyxxx,YXXXXXXyxxxxx,23,
sol_053,solved,YYXXyxx,YXXXXXXyxxxxx,XXyx,x,0,2,XXXyXXyXXyXXyxxYxxYxxYxx,YXXyXXyxYxx,orb_0317,YYXXyxx,YYxxxxyXXX,17,
sol_053,solved,YYXXyxx,YXXXXXXyxxxxx,XXyx,y,1,2,XXXXYYxxxxyx,YXXXXXXyxxxxx,orb_0759,YYXXXXyxxx,YXXXXXXyxxxxx,23,
sol_053,solved,YYXXyxx,YXXXXXXyxxxxx,Xyxx,x,0,2,xYxxYxxYxxYxxyXXyXXyXX,YxxYxyXXyXX,orb_0317,YYXXyxx,YYxxxxyXXX,17,
sol_053,solved,YYXXyxx,YXXXXXXyxxxxx,Xyxx,y,1,2,XXXYxxYxxxxy,YXXXXXXyxxxxx,orb_0759,YYXXXXyxxx,YXXXXXXyxxxxx,23,
sol_053,solved,YYXXyxx,YXXXXXXyxxxxx,XXyxx,y,1,2,XXXYxYxxxxy,YXXXXXXyxxxxx,orb_0759,YYXXXXyxxx,YXXXXXXyxxxxx,23,
sol_053,solved,YYXXyxx,YXXXXXXyxxxxx,xxxxx,x,1,2,XXyxYXyxYxyXYxyXY,YxyXYxyXYxyXYxyXYxyXY,orb_1389,YXyXXYxyXYxyxYXyx,YYxyXYxyXYxyXYxyXYxyX,38,
sol_054,solved,YYXXyxx,YXXXXXyxxxx,Xy,y,1,2,XXXXYYxxxyxx,YXXXXXyxxxx,orb_0462,YYXXXyxx,YXXXXXyxxxx,19,solved_to_solved
sol_054,solved,YYXXyxx,YXXXXXyxxxx,xx,x,1,6,XXYxy,YxyyXYYxyyXYY,orb_0339,YXXyx,YYYXyyxYYXyyx,18,
sol_054,solved,YYXXyxx,YXXXXXyxxxx,xy,y,1,2,xxxxYXXXXYxxxyXX,YxxxxxyXXXX,orb_0458,YYXXXyXX,YXXXXXyxxxx,19,solved_to_solved
sol_054,solved,YYXXyxx,YXXXXXyxxxx,yX,y,1,2,YxxxYXXyXX,YxxxxxyXXXX,orb_0360,YYXXYYx,YYYYYXyyyyx,18,solved_to_solved
sol_054,solved,YYXXyxx,YXXXXXyxxxx,yx,y,1,2,XXXYxxYxxxyx,YXXXXXyxxxx,orb_0462,YYXXXyxx,YXXXXXyxxxx,19,solved_to_solved
sol_054,solved,YYXXyxx,YXXXXXyxxxx,XXy,y,1,2,XXXXYXYxxxyxx,YXXXXXyxxxx,orb_0462,YYXXXyxx,YXXXXXyxxxx,19,solved_to_solved
sol_054,solved,YYXXyxx,YXXXXXyxxxx,Xyx,y,1,2,XXXYxYxxxyx,YXXXXXyxxxx,orb_0462,YYXXXyxx,YXXXXXyxxxx,19,solved_to_solved
sol_054,solved,YYXXyxx,YXXXXXyxxxx,xxy,y,1,2,xxxxYXXXYxxxyXX,YxxxxxyXXXX,orb_0458,YYXXXyXX,YXXXXXyxxxx,19,solved_to_solved
sol_054,solved,YYXXyxx,YXXXXXyxxxx,yXX,y,1,2,YxxYXXyXX,YxxxxxyXXXX,orb_0360,YYXXYYx,YYYYYXyyyyx,18,solved_to_solved
sol_054,solved,YYXXyxx,YXXXXXyxxxx,yxx,y,1,2,XXYxxxYxxxy,YXXXXXyxxxx,orb_0462,YYXXXyxx,YXXXXXyxxxx,19,solved_to_solved
sol_054,solved,YYXXyxx,YXXXXXyxxxx,XXyx,x,0,2,XXXyXXyXXyxxYxxYxx,YXXyXXyxYxx,orb_0188,YYXXyxx,YYxxxyXX,15,
sol_054,solved,YYXXyxx,YXXXXXyxxxx,XXyx,y,1,2,XXXYYxxxyx,YXXXXXyxxxx,orb_0462,YYXXXyxx,YXXXXXyxxxx,19,solved_to_solved
sol_054,solved,YYXXyxx,YXXXXXyxxxx,Xyxx,x,0,2,xYxxYxxYxxyXXyXX,YxxYxyXXyXX,orb_0188,YYXXyxx,YYxxxyXX,15,
sol_054,solved,YYXXyxx,YXXXXXyxxxx,Xyxx,y,1,2,XXYxxYxxxy,YXXXXXyxxxx,orb_0462,YYXXXyxx,YXXXXXyxxxx,19,solved_to_solved
sol_054,solved,YYXXyxx,YXXXXXyxxxx,xxxx,x,1,2,XXyxYXyxYxyXYxyXY,YxyXYxyXYxyXYxyXY,orb_1286,YYXYxyXYxyXyxYXyx,YXyxYXyxYXyxYXyxx,34,
sol_054,solved,YYXXyxx,YXXXXXyxxxx,XXyxx,y,1,2,XXYxYxxxy,YXXXXXyxxxx,orb_0462,YYXXXyxx,YXXXXXyxxxx,19,solved_to_solved
sol_055,solved,YYXXyxx,YXXXXyxxx,Xy,y,1,2,XXXYYxxyxx,YXXXXyxxx,orb_0179,YYXXyx,YXXXXyxxx,15,solved_to_solved
sol_055,solved,YYXXyxx,YXXXXyxxx,xx,x,1,5,XXYxy,YYXyyxYXyyx,orb_0208,YXXyx,YYXyyxYXyyx,16,
sol_055,solved,YYXXyxx,YXXXXyxxx,xy,y,1,2,xxxYXXXYxxyX,YxxxxyXXX,orb_0219,YYXXYYx,YYYYXyyyx,16,solved_to_solved
sol_055,solved,YYXXyxx,YXXXXyxxx,yX,y,1,2,YxxYXXyX,YxxxxyXXX,orb_0173,YYXXYx,YYYYXyyyx,15,solved_to_solved
sol_055,solved,YYXXyxx,YXXXXyxxx,yx,y,1,2,XXYxxYxxyx,YXXXXyxxx,orb_0179,YYXXyx,YXXXXyxxx,15,solved_to_solved
sol_055,solved,YYXXyxx,YXXXXyxxx,XXy,y,1,2,XXXYXYxxyxx,YXXXXyxxx,orb_0179,YYXXyx,YXXXXyxxx,15,solved_to_solved
sol_055,solved,YYXXyxx,YXXXXyxxx,Xyx,y,1,2,XXYxYxxyx,YXXXXyxxx,orb_0179,YYXXyx,YXXXXyxxx,15,solved_to_solved
sol_055,solved,YYXXyxx,YXXXXyxxx,xxx,x,1,2,XXyxYXyxYxyXYxyXY,YxyXYxyXYxyXY,orb_1157,YXyxYXyxYXXyx,YYXyxYXyxyXYxyXYx,30,
sol_055,solved,YYXXyxx,YXXXXyxxx,xxy,y,1,2,xxxYXXYxxyX,YxxxxyXXX,orb_0219,YYXXYYx,YYYYXyyyx,16,solved_to_solved
sol_055,solved,YYXXyxx,YXXXXyxxx,yXX,y,1,2,YxYXXyX,YxxxxyXXX,orb_0173,YYXXYx,YYYYXyyyx,15,solved_to_solved
sol_055,solved,YYXXyxx,YXXXXyxxx,yxx,y,1,2,XYxxxYxxy,YXXXXyxxx,orb_0179,YYXXyx,YXXXXyxxx,15,solved_to_solved
sol_055,solved,YYXXyxx,YXXXXyxxx,XXyx,x,0,2,XXXyXXyxxYxx,YXXyXXyxYxx,orb_0086,YYXXyx,YYXyyxx,13,
sol_055,solved,YYXXyxx,YXXXXyxxx,XXyx,y,1,2,XXYYxxyx,YXXXXyxxx,orb_0179,YYXXyx,YXXXXyxxx,15,solved_to_solved
sol_055,solved,YYXXyxx,YXXXXyxxx,Xyxx,x,0,2,xYxxYxxyXX,YxxYxyXXyXX,orb_0086,YYXXyx,YYXyyxx,13,
sol_055,solved,YYXXyxx,YXXXXyxxx,Xyxx,y,1,2,XYxxYxxy,YXXXXyxxx,orb_0179,YYXXyx,YXXXXyxxx,15,solved_to_solved
sol_055,solved,YYXXyxx,YXXXXyxxx,XXyxx,y,1,2,XYxYxxy,YXXXXyxxx,orb_0179,YYXXyx,YXXXXyxxx,15,solved_to_solved
sol_056,solved,YYXXyxx,YXXXyxx,Xy,y,1,2,XXYYxyxx,YXXXyxx,orb_0002,X,YYYXyyx,8,solved_to_solved
sol_056,solved,YYXXyxx,YXXXyxx,xx,x,1,4,XXYxy,YxyXYxyXY,orb_0101,YXXyx,YYXyxYXyx,14,
sol_056,solved,YYXXyxx,YXXXyxx,xy,y,1,2,xxYXXYxy,YxxxyXX,orb_0080,YYXXYx,YYYxyyX,13,solved_to_solved
sol_056,solved,YYXXyxx,YXXXyxx,yX,y,1,2,YxYXXy,YxxxyXX,orb_0002,X,YYYXyyx,8,solved_to_solved
sol_056,solved,YYXXyxx,YXXXyxx,yx,y,1,2,XYxxYxyx,YXXXyxx,orb_0002,X,YYYXyyx,8,solved_to_solved
sol_056,solved,YYXXyxx,YXXXyxx,XXy,y,1,2,XXYXYxyxx,YXXXyxx,orb_0002,X,YYYXyyx,8,solved_to_solved
sol_056,solved,YYXXyxx,YXXXyxx,Xyx,y,1,2,XYxYxyx,YXXXyxx,orb_0002,X,YYYXyyx,8,solved_to_solved
sol_056,solved,YYXXyxx,YXXXyxx,xxy,y,1,2,xxYXYxy,YxxxyXX,orb_0080,YYXXYx,YYYxyyX,13,solved_to_solved
sol_056,solved,YYXXyxx,YXXXyxx,yXX,y,1,2,YYXXy,YxxxyXX,orb_0002,X,YYYXyyx,8,solved_to_solved
sol_056,solved,YYXXyxx,YXXXyxx,yxx,y,1,2,YxxxYxy,YXXXyxx,orb_0002,X,YYYXyyx,8,solved_to_solved
sol_056,solved,YYXXyxx,YXXXyxx,XXyx,x,0,2,XXXyxx,YXXyXXyxYxx,orb_0003,X,YYXYXyyx,9,
sol_056,solved,YYXXyxx,YXXXyxx,XXyx,y,1,2,XYYxyx,YXXXyxx,orb_0002,X,YYYXyyx,8,solved_to_solved
sol_056,solved,YYXXyxx,YXXXyxx,Xyxx,x,0,2,xYxx,YxxYxyXXyXX,orb_0003,X,YYXYXyyx,9,
sol_056,solved,YYXXyxx,YXXXyxx,Xyxx,y,1,2,YxxYxy,YXXXyxx,orb_0002,X,YYYXyyx,8,solved_to_solved
sol_056,solved,YYXXyxx,YXXXyxx,yxxY,y,0,2,yXXX,YXXyxxYxx,orb_0003,X,YYXYXyyx,9,
sol_056,solved,YYXXyxx,YXXXyxx,XXyxx,x,1,2,XXy,YxYxYxyXyX,orb_0002,X,YYYXyyx,8,solved_to_solved
sol_056,solved,YYXXyxx,YXXXyxx,XXyxx,y,1,2,YxYxy,YXXXyxx,orb_0002,X,YYYXyyx,8,solved_to_solved
sol_056,solved,YYXXyxx,YXXXyxx,yXXYx,x,0,2,Yxyxy,YxxyxyXYX,orb_0003,X,YYXYXyyx,9,
sol_056,solved,YYXXyxx,YXXXyxx,yXXYx,y,0,2,YXX,YXYXXyxx,orb_0003,X,YYXYXyyx,9,
sol_057,solved,YXXXyxx,YYXXXXyX,Xy,y,0,2,XXYYXyX,YXXXyxx,orb_0118,YYXXXyX,YXXyxxx,14,solved_to_solved
sol_057,solved,YXXXyxx,YYXXXXyX,xx,x,0,4,XXYYxyxYX,YxyXYxyXY,orb_0373,YYXyXYxxx,YYXyxYXyx,18,
sol_057,solved,YXXXyxx,YYXXXXyX,xx,x,1,4,XYXyyxxxy,YXXYYXYYx,orb_0368,YYXYYXXYx,YYXXXYxyx,18,
sol_057,solved,YXXXyxx,YYXXXXyX,xy,y,0,2,xxYXXYXyXXX,YxxxyXX,orb_0029,YXXYx,YYYXyyx,12,solved_to_solved
sol_057,solved,YXXXyxx,YYXXXXyX,yX,y,0,2,xYXXYXXXXXXXy,YxxxyXX,orb_0323,YXXXyxx,YYXXXXXXXyx,18,
sol_057,solved,YXXXyxx,YYXXXXyX,yx,y,0,2,YXYXXXXyx,YXXXyxx,orb_0134,YXXXyxx,YYXXXXyx,15,solved_to_solved
sol_057,solved,YXXXyxx,YYXXXXyX,XXy,y,0,2,XXYXYXyX,YXXXyxx,orb_0118,YYXXXyX,YXXyxxx,14,solved_to_solved
sol_057,solved,YXXXyxx,YYXXXXyX,xxy,y,0,2,xxYXYXyXXX,YxxxyXX,orb_0029,YXXYx,YYYXyyx,12,solved_to_solved
sol_057,solved,YXXXyxx,YYXXXXyX,XXXy,y,0,2,XXYXXYXyX,YXXXyxx,orb_0118,YYXXXyX,YXXyxxx,14,solved_to_solved
sol_057,solved,YXXXyxx,YYXXXXyX,xxxy,y,0,2,xxYYXyXXX,YxxxyXX,orb_0029,YXXYx,YYYXyyx,12,solved_to_solved
sol_058,solved,YXXXyxx,YYXXXXyx,Xy,y,0,2,XXYYXyx,YXXXyxx,orb_0029,YXXYx,YYYXyyx,12,solved_to_solved
sol_058,solved,YXXXyxx,YYXXXXyx,xx,x,0,4,XXYYxxyXY,YxyXYxyXY,orb_0367,YYXXyyXyx,YXyxYXXyx,18,
sol_058,solved,YXXXyxx,YYXXXXyx,xx,x,1,4,XYXXYYxxy,YXyyxyyxx,orb_0359,YYXXYXXyx,YYXXyyxYX,18,
sol_058,solved,YXXXyxx,YYXXXXyx,xy,y,0,2,xxYXXYXyX,YxxxyXX,orb_0037,YXXyx,YYYXyyx,12,solved_to_solved
sol_058,solved,YXXXyxx,YYXXXXyx,yX,y,0,2,YxYXXXXyX,YxxxyXX,orb_0133,YXXXyxx,YYXXXXyX,15,solved_to_solved
sol_058,solved,YXXXyxx,YYXXXXyx,yx,y,0,2,XYxxYXy,YXXXyxx,orb_0029,YXXYx,YYYXyyx,12,solved_to_solved
sol_058,solved,YXXXyxx,YYXXXXyx,XXy,y,0,2,XXYXYXyx,YXXXyxx,orb_0029,YXXYx,YYYXyyx,12,solved_to_solved
sol_058,solved,YXXXyxx,YYXXXXyx,Xyx,y,0,2,XYxYXy,YXXXyxx,orb_0029,YXXYx,YYYXyyx,12,solved_to_solved
sol_058,solved,YXXXyxx,YYXXXXyx,xxy,y,0,2,xxYXYXyX,YxxxyXX,orb_0037,YXXyx,YYYXyyx,12,solved_to_solved
sol_058,solved,YXXXyxx,YYXXXXyx,XXXy,y,0,2,XXYXXYXyx,YXXXyxx,orb_0029,YXXYx,YYYXyyx,12,solved_to_solved
sol_058,solved,YXXXyxx,YYXXXXyx,XXyx,y,0,2,XYYXy,YXXXyxx,orb_0029,YXXYx,YYYXyyx,12,solved_to_solved
sol_058,solved,YXXXyxx,YYXXXXyx,xxxy,y,0,2,xxYYXyX,YxxxyXX,orb_0037,YXXyx,YYYXyyx,12,solved_to_solved
sol_058,solved,YXXXyxx,YYXXXXyx,XXXyx,x,0,2,XXXyy,YXyXyXyxYx,orb_0029,YXXYx,YYYXyyx,12,solved_to_solved
sol_058,solved,YXXXyxx,YYXXXXyx,XXXyx,x,1,2,XyyXX,YxxYxxYxxYxyXX,orb_0050,YXXYx,YYYYXXyx,13,
sol_058,solved,YXXXyxx,YYXXXXyx,XXXyx,y,0,2,XYXYXy,YXXXyxx,orb_0029,YXXYx,YYYXyyx,12,solved_to_solved
sol_059,solved,YXXXyxx,YYXXXyXX,Xy,y,0,2,XXYXX,YXXXyxx,orb_0002,X,YYYXyyx,8,solved_to_solved
sol_059,solved,YXXXyxx,YYXXXyXX,xx,x,0,4,XYY,YxyXYxyXY,orb_0010,X,YYXyxYXyx,10,
sol_059,solved,YXXXyxx,YYXXXyXX,xx,x,1,4,xyy,YxYXXYxYXXY,orb_0090,YXX,YYXyXYYXXyX,14,
sol_059,solved,YXXXyxx,YYXXXyXX,xy,y,0,2,xxYXXXXXX,YxxxyXX,orb_0002,X,YYYXyyx,8,solved_to_solved
sol_059,solved,YXXXyxx,YYXXXyXX,yX,y,0,2,xYXXYXXXXXXyX,YxxxyXX,orb_0002,X,YYYXyyx,8,solved_to_solved
sol_059,solved,YXXXyxx,YYXXXyXX,yx,y,0,2,YXYXXXy,YXXXyxx,orb_0002,X,YYYXyyx,8,solved_to_solved
sol_059,solved,YXXXyxx,YYXXXyXX,XXy,y,0,2,XXYXXX,YXXXyxx,orb_0002,X,YYYXyyx,8,solved_to_solved
sol_059,solved,YXXXyxx,YYXXXyXX,xxy,y,0,2,xxYXXXXX,YxxxyXX,orb_0002,X,YYYXyyx,8,solved_to_solved
sol_059,solved,YXXXyxx,YYXXXyXX,yXX,y,0,2,YXXXYXXXXXXy,YxxxyXX,orb_0002,X,YYYXyyx,8,solved_to_solved
sol_059,solved,YXXXyxx,YYXXXyXX,yxx,y,0,2,YYXXXy,YXXXyxx,orb_0002,X,YYYXyyx,8,solved_to_solved
sol_059,solved,YXXXyxx,YYXXXyXX,XXXy,y,0,2,XXYXXXX,YXXXyxx,orb_0002,X,YYYXyyx,8,solved_to_solved
sol_059,solved,YXXXyxx,YYXXXyXX,xxxy,y,0,2,xxYXXXX,YxxxyXX,orb_0002,X,YYYXyyx,8,solved_to_solved
sol_059,solved,YXXXyxx,YYXXXyXX,yxxY,y,1,2,yXXX,YXXXYxxyxxx,orb_0131,X,YYYYYYXyyxyyyX,15,
sol_059,solved,YXXXyxx,YYXXXyXX,Yxxxy,y,1,2,Yxx,YxxyxxxYXX,orb_0042,X,YYYYXyyxyyyX,13,
sol_060,solved,YXXXyxx,YYXXXyxx,Xy,y,0,2,XXYxx,YXXXyxx,orb_0002,X,YYYXyyx,8,solved_to_solved
sol_060,solved,YXXXyxx,YYXXXyxx,xx,x,0,4,X,YxyXYxyXY,orb_0010,X,YYXyxYXyx,10,
sol_060,solved,YXXXyxx,YYXXXyxx,xx,x,1,4,x,YxyXXYxyXXY,orb_0026,X,YYXXyxYXXyx,12,
sol_060,solved,YXXXyxx,YYXXXyxx,xy,y,0,2,xxYXX,YxxxyXX,orb_0002,X,YYYXyyx,8,solved_to_solved
sol_060,solved,YXXXyxx,YYXXXyxx,yX,y,0,2,YxYXXXy,YxxxyXX,orb_0002,X,YYYXyyx,8,solved_to_solved
sol_060,solved,YXXXyxx,YYXXXyxx,yx,y,0,2,XYxxx,YXXXyxx,orb_0002,X,YYYXyyx,8,solved_to_solved
sol_060,solved,YXXXyxx,YYXXXyxx,XXy,y,0,2,XXYx,YXXXyxx,orb_0002,X,YYYXyyx,8,solved_to_solved
sol_060,solved,YXXXyxx,YYXXXyxx,Xyx,y,0,2,XYxx,YXXXyxx,orb_0002,X,YYYXyyx,8,solved_to_solved
sol_060,solved,YXXXyxx,YYXXXyxx,xxy,y,0,2,xxYX,YxxxyXX,orb_0002,X,YYYXyyx,8,solved_to_solved
sol_060,solved,YXXXyxx,YYXXXyxx,yXX,y,0,2,YYXXXy,YxxxyXX,orb_0002,X,YYYXyyx,8,solved_to_solved
sol_060,solved,YXXXyxx,YYXXXyxx,yxx,y,0,2,Yxxx,YXXXyxx,orb_0002,X,YYYXyyx,8,solved_to_solved
sol_060,solved,YXXXyxx,YYXXXyxx,XXXy,y,0,2,XXY,YXXXyxx,orb_0002,X,YYYXyyx,8,solved_to_solved
sol_060,solved,YXXXyxx,YYXXXyxx,XXyx,y,0,2,XYx,YXXXyxx,orb_0002,X,YYYXyyx,8,solved_to_solved
sol_060,solved,YXXXyxx,YYXXXyxx,Xyxx,y,0,2,Yxx,YXXXyxx,orb_0002,X,YYYXyyx,8,solved_to_solved
sol_060,solved,YXXXyxx,YYXXXyxx,xxxy,y,0,2,xxY,YxxxyXX,orb_0002,X,YYYXyyx,8,solved_to_solved
sol_060,solved,YXXXyxx,YYXXXyxx,yxxY,y,1,2,yXXX,YXXXyxxYxxx,orb_0006,X,YYYXXyyx,9,
sol_060,solved,YXXXyxx,YYXXXyxx,Yxxxy,y,1,2,Yxx,YXXyxxxYxx,orb_0006,X,YYYXXyyx,9,
sol_060,solved,YXXXyxx,YYXXXyxx,XXXyx,x,0,2,X,YXyXyXyxYx,orb_0002,X,YYYXyyx,8,solved_to_solved
sol_060,solved,YXXXyxx,YYXXXyxx,XXXyx,x,1,2,x,YXXyXXyXXyxYxx,orb_0006,X,YYYXXyyx,9,
sol_060,solved,YXXXyxx,YYXXXyxx,XXXyx,y,0,2,XY,YXXXyxx,orb_0002,X,YYYXyyx,8,solved_to_solved
sol_060,solved,YXXXyxx,YYXXXyxx,XXyxx,x,0,2,X,YxYxYxyXyX,orb_0002,X,YYYXyyx,8,solved_to_solved
sol_060,solved,YXXXyxx,YYXXXyxx,XXyxx,x,1,2,x,YxxYxxYxyXXyXX,orb_0006,X,YYYXXyyx,9,
sol_060,solved,YXXXyxx,YYXXXyxx,XXyxx,y,0,2,Yx,YXXXyxx,orb_0002,X,YYYXyyx,8,solved_to_solved
sol_060,solved,YXXXyxx,YYXXXyxx,yXXYx,y,1,2,YXX,YXXYXXyxxx,orb_0006,X,YYYXXyyx,9,
sol_061,solved,YXXXyxx,YYXXyXXX,Xy,y,0,2,XXYYxyXXX,YXXXyxx,orb_0199,YXXXyxx,YYXyxxxxx,16,
sol_061,solved,YXXXyxx,YYXXyXXX,xx,x,0,4,XXYxxYX,YxyXYxyXY,orb_0191,YXXXYxx,YYXyxYXyx,16,
sol_061,solved,YXXXyxx,YYXXyXXX,xx,x,1,4,XXyxxxy,YXXYxYXXYxY,orb_0321,YXXXYxx,YYXXYxYXXYx,18,
sol_061,solved,YXXXyxx,YYXXyXXX,xy,y,0,2,xxYXXYxyXXXXX,YxxxyXX,orb_0123,YYXXXyx,YXXyxxx,14,solved_to_solved
sol_061,solved,YXXXyxx,YYXXyXXX,yX,y,0,2,xYXXYXXXXXyXX,YxxxyXX,orb_0193,YXXXyxx,YYXXXXXyX,16,
sol_061,solved,YXXXyxx,YYXXyXXX,yx,y,0,2,YXYXXyX,YXXXyxx,orb_0078,YYXXYx,YYYXyyx,13,solved_to_solved
sol_061,solved,YXXXyxx,YYXXyXXX,XXy,y,0,2,XXYXYxyXXX,YXXXyxx,orb_0199,YXXXyxx,YYXyxxxxx,16,
sol_061,solved,YXXXyxx,YYXXyXXX,xxy,y,0,2,xxYXYxyXXXXX,YxxxyXX,orb_0123,YYXXXyx,YXXyxxx,14,solved_to_solved
sol_061,solved,YXXXyxx,YYXXyXXX,yXX,y,0,2,YXXXYXXXXXyX,YxxxyXX,orb_0193,YXXXyxx,YYXXXXXyX,16,
sol_061,solved,YXXXyxx,YYXXyXXX,yxx,y,0,2,YYXXyX,YXXXyxx,orb_0078,YYXXYx,YYYXyyx,13,solved_to_solved
sol_062,solved,YXXXyxx,YYXXyxxx,Xy,y,0,2,XXYYxyxxx,YXXXyxx,orb_0029,YXXYx,YYYXyyx,12,solved_to_solved
sol_062,solved,YXXXyxx,YYXXyxxx,xx,x,0,4,XXYxyxyXY,YxyXYxyXY,orb_0258,YXXYxxyX,YYXyxYXyx,17,
sol_062,solved,YXXXyxx,YYXXyxxx,xx,x,1,4,XYXXYxyxy,YYXyxxYXyxx,orb_0431,YXXyxYx,YYXYXyxYYXyx,19,
sol_062,solved,YXXXyxx,YYXXyxxx,xy,y,0,2,xxYXXYxyx,YxxxyXX,orb_0118,YYXXXyX,YXXyxxx,14,solved_to_solved
sol_062,solved,YXXXyxx,YYXXyxxx,yX,y,0,2,YxYXXyx,YxxxyXX,orb_0083,YYXXyx,YXXXyxx,13,solved_to_solved
sol_062,solved,YXXXyxx,YYXXyxxx,yx,y,0,2,XYxxYxyxx,YXXXyxx,orb_0029,YXXYx,YYYXyyx,12,solved_to_solved
sol_062,solved,YXXXyxx,YYXXyxxx,XXy,y,0,2,XXYXYxyxxx,YXXXyxx,orb_0029,YXXYx,YYYXyyx,12,solved_to_solved
sol_062,solved,YXXXyxx,YYXXyxxx,Xyx,y,0,2,XYxYxyxx,YXXXyxx,orb_0029,YXXYx,YYYXyyx,12,solved_to_solved
sol_062,solved,YXXXyxx,YYXXyxxx,xxy,y,0,2,xxYXYxyx,YxxxyXX,orb_0118,YYXXXyX,YXXyxxx,14,solved_to_solved
sol_062,solved,YXXXyxx,YYXXyxxx,yXX,y,0,2,YYXXyx,YxxxyXX,orb_0083,YYXXyx,YXXXyxx,13,solved_to_solved
sol_062,solved,YXXXyxx,YYXXyxxx,yxx,y,0,2,YxxxYxyx,YXXXyxx,orb_0029,YXXYx,YYYXyyx,12,solved_to_solved
sol_062,solved,YXXXyxx,YYXXyxxx,XXyx,y,0,2,XYYxyxx,YXXXyxx,orb_0029,YXXYx,YYYXyyx,12,solved_to_solved
sol_062,solved,YXXXyxx,YYXXyxxx,Xyxx,y,0,2,YxxYxyx,YXXXyxx,orb_0029,YXXYx,YYYXyyx,12,solved_to_solved
sol_062,solved,YXXXyxx,YYXXyxxx,XXyxx,x,0,2,XXyyX,YxYxYxyXyX,orb_0029,YXXYx,YYYXyyx,12,solved_to_solved
sol_062,solved,YXXXyxx,YYXXyxxx,XXyxx,x,1,2,XXXyy,YXXyXXyxYxxYxx,orb_0048,YXXYx,YYYXXyyx,13,
sol_062,solved,YXXXyxx,YYXXyxxx,XXyxx,y,0,2,YxYxyx,YXXXyxx,orb_0029,YXXYx,YYYXyyx,12,solved_to_solved
sol_063,solved,YXXXyxx,YYXyXXXX,Xy,y,0,2,XXYYxxyXXXX,YXXXyxx,orb_0326,YXXXyxx,YYXXyxxxxxx,18,
sol_063,solved,YXXXyxx,YYXyXXXX,xx,x,0,4,XXyxYYY,YxyXYxyXY,orb_0216,YYXXXyx,YXyxYXyxx,16,
sol_063,solved,YXXXyxx,YYXyXXXX,xx,x,1,4,XYxxyyy,YxYYXYYXX,orb_0217,YYXXXyx,YYXXYXXyX,16,
sol_063,solved,YXXXyxx,YYXyXXXX,xy,y,0,2,xxYXXYxxyXXXXXX,YxxxyXX,orb_0197,YXXXyxx,YYXXyxxxx,16,
sol_063,solved,YXXXyxx,YYXyXXXX,yX,y,0,2,xYXXYXXXXyXXX,YxxxyXX,orb_0195,YXXXyxx,YYXXXXyXX,16,
sol_063,solved,YXXXyxx,YYXyXXXX,yx,y,0,2,YXYXyXX,YXXXyxx,orb_0080,YYXXYx,YYYxyyX,13,solved_to_solved
sol_063,solved,YXXXyxx,YYXyXXXX,yXX,y,0,2,YXXXYXXXXyXX,YxxxyXX,orb_0195,YXXXyxx,YYXXXXyXX,16,
sol_063,solved,YXXXyxx,YYXyXXXX,yxx,y,0,2,YYXyXX,YXXXyxx,orb_0080,YYXXYx,YYYxyyX,13,solved_to_solved
sol_064,solved,YXXXyxx,YYXyxxxx,Xy,y,0,2,XXYYxxyxxxx,YXXXyxx,orb_0125,YYXXyXX,YXXXyxx,14,solved_to_solved
sol_064,solved,YXXXyxx,YYXyxxxx,xx,x,0,4,XXyxy,YxyXYxyXY,orb_0092,YXXYx,YYXyxYXyx,14,
sol_064,solved,YXXXyxx,YYXyxxxx,xx,x,1,4,XYxxY,YxyyXyyXX,orb_0091,YXXYx,YYXYYXXyx,14,
sol_064,solved,YXXXyxx,YYXyxxxx,xy,y,0,2,xxYXXYxxyxx,YxxxyXX,orb_0196,YXXXyxx,YYXXyXXXX,16,
sol_064,solved,YXXXyxx,YYXyxxxx,yX,y,0,2,YxYXyxx,YxxxyXX,orb_0084,YYXXyx,YXXyxxx,13,solved_to_solved
sol_064,solved,YXXXyxx,YYXyxxxx,yx,y,0,2,XYxxYxxyxxx,YXXXyxx,orb_0125,YYXXyXX,YXXXyxx,14,solved_to_solved
sol_064,solved,YXXXyxx,YYXyxxxx,Xyx,y,0,2,XYxYxxyxxx,YXXXyxx,orb_0125,YYXXyXX,YXXXyxx,14,solved_to_solved
sol_064,solved,YXXXyxx,YYXyxxxx,yXX,y,0,2,YYXyxx,YxxxyXX,orb_0084,YYXXyx,YXXyxxx,13,solved_to_solved
sol_064,solved,YXXXyxx,YYXyxxxx,yxx,y,0,2,YxxxYxxyxx,YXXXyxx,orb_0125,YYXXyXX,YXXXyxx,14,solved_to_solved
sol_064,solved,YXXXyxx,YYXyxxxx,Xyxx,y,0,2,YxxYxxyxx,YXXXyxx,orb_0125,YYXXyXX,YXXXyxx,14,solved_to_solved
sol_065,solved,YXXXyxx,YYYXyyXX,Xy,y,0,2,XXYYYxxyXXy,YXXXyxx,orb_0334,YXXXyxx,YYYXXyxxyxx,18,
sol_065,solved,YXXXyxx,YYYXyyXX,xx,x,0,3,XXXyxYxY,YxyXYxyXY,orb_0237,YXXXyxYx,YYxyXYxyX,17,
sol_065,solved,YXXXyxx,YYYXyyXX,xx,x,1,3,XYxxxyXy,YxxYXYXXX,orb_0232,YXXXyxYx,YXYXXXYxx,17,
sol_065,solved,YXXXyxx,YYYXyyXX,xy,y,0,2,xxYYXXYxxyyXXXX,YxxxyXX,orb_0324,YXXXyxx,YYXXYxxyyXX,18,
sol_065,solved,YXXXyxx,YYYXyyXX,yX,y,0,2,xYXXYXXYXyXyX,YxxxyXX,orb_0118,YYXXXyX,YXXyxxx,14,solved_to_solved
sol_065,solved,YXXXyxx,YYYXyyXX,yx,y,0,2,YXYxxYXyXXy,YXXXyxx,orb_0118,YYXXXyX,YXXyxxx,14,solved_to_solved
sol_065,solved,YXXXyxx,YYYXyyXX,yy,y,1,2,yxxYXXXyXXYxx,YXyXXYXyXXY,orb_0847,YYXXyXYXXyX,YXXyXXXYxxyxx,24,
sol_065,solved,YXXXyxx,YYYXyyXX,yXX,x,1,2,YxxxYxxYxxY,YxxxxYxxYX,orb_0167,YYXXXyX,YYYXXyyX,15,
sol_065,solved,YXXXyxx,YYYXyyXX,yXX,y,0,2,YXXXYXXXYXyy,YxxxyXX,orb_0118,YYXXXyX,YXXyxxx,14,solved_to_solved
sol_065,solved,YXXXyxx,YYYXyyXX,yxx,x,1,2,xyyyXXy,YxxxYYXX,orb_0167,YYXXXyX,YYYXXyyX,15,
sol_065,solved,YXXXyxx,YYYXyyXX,yxx,y,0,2,YYxxxYXyXXXy,YXXXyxx,orb_0118,YYXXXyX,YXXyxxx,14,solved_to_solved
sol_065,solved,YXXXyxx,YYYXyyXX,yxxY,x,1,2,yxxyxyxyX,YxxYXYXXX,orb_0167,YYXXXyX,YYYXXyyX,15,
sol_066,solved,YXXXyxx,YYYXyyxx,Xy,y,0,2,XXYYYxxyXXyxxxx,YXXXyxx,orb_0333,YXXXyxx,YYYXXyxxyXX,18,
sol_066,solved,YXXXyxx,YYYXyyxx,xx,x,0,3,XXXyxYxy,YxyXYxyXY,orb_0252,YXXYx,YYYXYxyXYxyX,17,
sol_066,solved,YXXXyxx,YYYXyyxx,xx,x,1,3,XYxxxYXy,YxxyXyXXX,orb_0147,YXXYx,YYYXyyxyyx,15,
sol_066,solved,YXXXyxx,YYYXyyxx,xy,y,0,2,xxYYXXYxxyy,YxxxyXX,orb_0325,YXXXyxx,YYXXYxxyyxx,18,
sol_066,solved,YXXXyxx,YYYXyyxx,yX,y,0,2,YxYXXYXyxxy,YxxxyXX,orb_0123,YYXXXyx,YXXyxxx,14,solved_to_solved
sol_066,solved,YXXXyxx,YYYXyyxx,yx,y,0,2,XYxxYxxYXyxyx,YXXXyxx,orb_0123,YYXXXyx,YXXyxxx,14,solved_to_solved
sol_066,solved,YXXXyxx,YYYXyyxx,yy,y,1,2,yXXYXXXyxxYxx,YXyxxYXyxxY,orb_0848,YYXXyxYXXyx,YXXyXXXYxxyxx,24,
sol_066,solved,YXXXyxx,YYYXyyxx,yXX,x,1,2,YxxyyyX,YxxxyyXX,orb_0169,YYXXXyx,YYYXXyyx,15,
sol_066,solved,YXXXyxx,YYYXyyxx,yXX,y,0,2,YYXXXYXyxxxy,YxxxyXX,orb_0123,YYXXXyx,YXXyxxx,14,solved_to_solved
sol_066,solved,YXXXyxx,YYYXyyxx,yxx,x,1,2,xxYxxYxxYXy,YxxyXXyXXX,orb_0169,YYXXXyx,YYYXXyyx,15,
sol_066,solved,YXXXyxx,YYYXyyxx,yxx,y,0,2,YxxxYxxxYXyy,YXXXyxx,orb_0123,YYXXXyx,YXXyxxx,14,solved_to_solved
sol_066,solved,YXXXyxx,YYYXyyxx,yxxY,x,1,2,yxxYxYxYX,YxxyXyXXX,orb_0169,YYXXXyx,YYYXXyyx,15,
sol_067,solved,YXXYx,YYYXYxyX,Xy,y,0,2,yxxyxxyxYXXYX,YXXXY,orb_0029,YXXYx,YYYXyyx,12,solved_to_solved
sol_067,solved,YXXYx,YYYXYxyX,xy,x,1,3,YYxyXYXy,YXXYXyx,orb_0013,YYXyx,YXXyx,10,solved_to_solved
sol_067,solved,YXXYx,YYYXYxyX,yX,y,0,2,xxyxxyxxyxyxy,YYXXX,orb_0025,YYXXX,YXyXYx,11,
sol_067,solved,YXXYx,YYYXYxyX,yx,x,1,3,YXXYxxyX,YxyxxyX,orb_0024,YXXyx,YYXyxx,11,solved_to_solved
sol_067,solved,YXXYx,YYYXYxyX,yx,y,0,3,YXyyxYYx,YXYxx,orb_0047,YXXYx,YYXYxyyX,13,
sol_067,solved,YXXYx,YYYXYxyX,Xyx,x,0,2,XXXYxxy,YxyxYX,orb_0029,YXXYx,YYYXyyx,12,solved_to_solved
sol_067,solved,YXXYx,YYYXYxyX,Xyx,x,1,2,XXyxxxY,YXyxYx,orb_0037,YXXyx,YYYXyyx,12,solved_to_solved
sol_067,solved,YXXYx,YYYXYxyX,Xyx,y,0,2,yxyxyxYXYX,YXXYx,orb_0029,YXXYx,YYYXyyx,12,solved_to_solved
sol_067,solved,YXXYx,YYYXYxyX,xyX,x,0,2,XXXyy,YXYxyx,orb_0025,YYXXX,YXyXYx,11,
sol_067,solved,YXXYx,YYYXYxyX,xyX,x,1,2,YxxxY,YXyxYx,orb_0012,YYXyX,YXXyx,10,solved_to_solved
sol_067,solved,YXXYx,YYYXYxyX,xyX,y,0,2,xyxyxyyy,YxYXX,orb_0025,YYXXX,YXyXYx,11,
sol_068,solved,YXXyx,YYXXXXyX,Xy,y,0,2,XYYXXyX,YXXyx,orb_0032,YXXyx,YYXXyXX,12,solved_to_solved
sol_068,solved,YXXyx,YYXXXXyX,xx,x,0,3,XXYYYx,YXyyx,orb_0000,X,YYXyx,6,solved_to_solved
sol_068,solved,YXXyx,YYXXXXyX,xx,x,1,3,XYXYYx,YXXYYXYYx,orb_0019,YX,YYXXyXYxx,11,
sol_068,solved,YXXyx,YYXXXXyX,xy,y,0,2,xYXYXXyXX,YxxyX,orb_0021,YXXyx,YYXXyX,11,solved_to_solved
sol_068,solved,YXXyx,YYXXXXyX,yX,y,0,2,YXXYXXXXXXy,YxxyX,orb_0000,X,YYXyx,6,solved_to_solved
sol_068,solved,YXXyx,YYXXXXyX,yx,y,0,2,YYXXXXy,YXXyx,orb_0000,X,YYXyx,6,solved_to_solved
sol_068,solved,YXXyx,YYXXXXyX,XXy,x,0,2,XXXyXyyXy,YXyXyx,orb_0032,YXXyx,YYXXyXX,12,solved_to_solved
sol_068,solved,YXXyx,YYXXXXyX,XXy,y,0,2,XYXYXXyX,YXXyx,orb_0032,YXXyx,YYXXyXX,12,solved_to_solved
sol_068,solved,YXXyx,YYXXXXyX,xxy,x,0,2,XYYxYxxYx,YXyXyx,orb_0021,YXXyx,YYXXyX,11,solved_to_solved
sol_068,solved,YXXyx,YYXXXXyX,xxy,y,0,2,xYYXXyXX,YxxyX,orb_0021,YXXyx,YYXXyX,11,solved_to_solved
sol_068,solved,YXXyx,YYXXXXyX,yxY,y,1,2,yXX,YXXXXYxyxxxx,orb_0130,X,YYYYYYXyxyyyyX,15,
sol_069,solved,YXXyx,YYXXXXyx,Xy,y,0,2,XYYXXyx,YXXyx,orb_0000,X,YYXyx,6,solved_to_solved
sol_069,solved,YXXyx,YYXXXXyx,xx,x,0,3,XXYx,YXyyx,orb_0000,X,YYXyx,6,solved_to_solved
sol_069,solved,YXXyx,YYXXXXyx,xx,x,1,3,Xyxx,YXyyxyyxx,orb_0009,X,YYXYXyXyx,10,
sol_069,solved,YXXyx,YYXXXXyx,xy,y,0,2,xYXYXXy,YxxyX,orb_0022,YXXyx,YYXXyx,11,solved_to_solved
sol_069,solved,YXXyx,YYXXXXyx,yX,y,0,2,YYXXXXy,YxxyX,orb_0000,X,YYXyx,6,solved_to_solved
sol_069,solved,YXXyx,YYXXXXyx,yx,y,0,2,YxxYXXy,YXXyx,orb_0000,X,YYXyx,6,solved_to_solved
sol_069,solved,YXXyx,YYXXXXyx,XXy,x,0,2,XXXyXyx,YXyXyx,orb_0000,X,YYXyx,6,solved_to_solved
sol_069,solved,YXXyx,YYXXXXyx,XXy,y,0,2,XYXYXXyx,YXXyx,orb_0000,X,YYXyx,6,solved_to_solved
sol_069,solved,YXXyx,YYXXXXyx,Xyx,x,0,2,XYxYx,YxYxyX,orb_0000,X,YYXyx,6,solved_to_solved
sol_069,solved,YXXyx,YYXXXXyx,Xyx,y,0,2,YxYXXy,YXXyx,orb_0000,X,YYXyx,6,solved_to_solved
sol_069,solved,YXXyx,YYXXXXyx,xxy,x,0,2,XYYxYxy,YXyXyx,orb_0022,YXXyx,YYXXyx,11,solved_to_solved
sol_069,solved,YXXyx,YYXXXXyx,xxy,y,0,2,xYYXXy,YxxyX,orb_0022,YXXyx,YYXXyx,11,solved_to_solved
sol_069,solved,YXXyx,YYXXXXyx,yxY,y,1,2,yXX,YXXXXyxYxxxx,orb_0018,X,YYYYXyxyyx,11,
sol_070,solved,YXXyx,YYXXXyXX,Xy,y,0,2,XYYXyXX,YXXyx,orb_0034,YXXyx,YYXyXXX,12,solved_to_solved
sol_070,solved,YXXyx,YYXXXyXX,xx,x,0,3,XXYXYxxY,YXyyx,orb_0057,YXXyx,YYXYXyyX,13,solved_to_solved
sol_070,solved,YXXyx,YYXXXyXX,xx,x,1,3,XYxxYXXY,YxYXXYxYXXY,orb_0414,YXXYxYxx,YYxxYXYxxYX,19,
sol_070,solved,YXXyx,YYXXXyXX,xy,y,0,2,xYXYXyXXX,YxxyX,orb_0023,YXXyx,YYXyXX,11,solved_to_solved
sol_070,solved,YXXyx,YYXXXyXX,yX,y,0,2,YXXYXXXXXyX,YxxyX,orb_0094,YXXyx,YYXXXXXyX,14,
sol_070,solved,YXXyx,YYXXXyXX,yx,y,0,2,YYXXXyX,YXXyx,orb_0030,YXXyx,YYXXXyX,12,solved_to_solved
sol_070,solved,YXXyx,YYXXXyXX,XXy,x,0,2,XXXyyXyXy,YXyXyx,orb_0034,YXXyx,YYXyXXX,12,solved_to_solved
sol_070,solved,YXXyx,YYXXXyXX,XXy,y,0,2,XYXYXyXX,YXXyx,orb_0034,YXXyx,YYXyXXX,12,solved_to_solved
sol_070,solved,YXXyx,YYXXXyXX,xxy,x,0,2,XYYxxYxYx,YXyXyx,orb_0023,YXXyx,YYXyXX,11,solved_to_solved
sol_070,solved,YXXyx,YYXXXyXX,xxy,y,0,2,xYYXyXXX,YxxyX,orb_0023,YXXyx,YYXyXX,11,solved_to_solved
sol_071,solved,YXXyx,YYXXXyxx,Xy,y,0,2,XYYXyxx,YXXyx,orb_0013,YYXyx,YXXyx,10,solved_to_solved
sol_071,solved,YXXyx,YYXXXyxx,xx,x,0,3,XXYXYxxy,YXyyx,orb_0058,YXXyx,YYXYXyyx,13,solved_to_solved
sol_071,solved,YXXyx,YYXXXyxx,xx,x,1,3,XYxxyXXY,YxyXXYxyXXY,orb_0427,YXXyXyxx,YYxxyXYxxyX,19,
sol_071,solved,YXXyx,YYXXXyxx,xy,y,0,2,xYXYXyx,YxxyX,orb_0024,YXXyx,YYXyxx,11,solved_to_solved
sol_071,solved,YXXyx,YYXXXyxx,yX,y,0,2,YYXXXyx,YxxyX,orb_0031,YXXyx,YYXXXyx,12,solved_to_solved
sol_071,solved,YXXyx,YYXXXyxx,yx,y,0,2,YxxYXyx,YXXyx,orb_0013,YYXyx,YXXyx,10,solved_to_solved
sol_071,solved,YXXyx,YYXXXyxx,XXy,x,0,2,XXXyxYx,YXyXyx,orb_0013,YYXyx,YXXyx,10,solved_to_solved
sol_071,solved,YXXyx,YYXXXyxx,XXy,y,0,2,XYXYXyxx,YXXyx,orb_0013,YYXyx,YXXyx,10,solved_to_solved
sol_071,solved,YXXyx,YYXXXyxx,Xyx,x,0,2,XYxyX,YxYxyX,orb_0013,YYXyx,YXXyx,10,solved_to_solved
sol_071,solved,YXXyx,YYXXXyxx,Xyx,y,0,2,YxYXyx,YXXyx,orb_0013,YYXyx,YXXyx,10,solved_to_solved
sol_071,solved,YXXyx,YYXXXyxx,xxy,x,0,2,XYYxyXy,YXyXyx,orb_0024,YXXyx,YYXyxx,11,solved_to_solved
sol_071,solved,YXXyx,YYXXXyxx,xxy,y,0,2,xYYXyx,YxxyX,orb_0024,YXXyx,YYXyxx,11,solved_to_solved
sol_072,solved,YXXyx,YYXXyXXX,Xy,y,0,2,XYXXX,YXXyx,orb_0000,X,YYXyx,6,solved_to_solved
sol_072,solved,YXXyx,YYXXyXXX,xx,x,0,3,XXYxYXYx,YXyyx,orb_0012,YYXyX,YXXyx,10,solved_to_solved
sol_072,solved,YXXyx,YYXXyXXX,xx,x,1,3,XYXYxY,YXXYxYXXYxY,orb_0279,YXYXYx,YYXXYxYXXYx,17,
sol_072,solved,YXXyx,YYXXyXXX,xy,y,0,2,xYXXXXX,YxxyX,orb_0000,X,YYXyx,6,solved_to_solved
sol_072,solved,YXXyx,YYXXyXXX,yX,y,0,2,YXXYXXXXyXX,YxxyX,orb_0095,YXXyx,YYXXXXyXX,14,
sol_072,solved,YXXyx,YYXXyXXX,yx,y,0,2,YYXXyXX,YXXyx,orb_0032,YXXyx,YYXXyXX,12,solved_to_solved
sol_072,solved,YXXyx,YYXXyXXX,XXy,x,0,2,XXyXyXyXy,YXyXyx,orb_0000,X,YYXyx,6,solved_to_solved
sol_072,solved,YXXyx,YYXXyXXX,XXy,y,0,2,XYXXXX,YXXyx,orb_0000,X,YYXyx,6,solved_to_solved
sol_072,solved,YXXyx,YYXXyXXX,xxy,x,0,2,XYxYxYxYx,YXyXyx,orb_0000,X,YYXyx,6,solved_to_solved
sol_072,solved,YXXyx,YYXXyXXX,xxy,y,0,2,xYXXXX,YxxyX,orb_0000,X,YYXyx,6,solved_to_solved
sol_073,solved,YXXyx,YYXXyxxx,Xy,y,0,2,XYxxx,YXXyx,orb_0000,X,YYXyx,6,solved_to_solved
sol_073,solved,YXXyx,YYXXyxxx,xx,x,0,3,XXYxyXyx,YXyyx,orb_0013,YYXyx,YXXyx,10,solved_to_solved
sol_073,solved,YXXyx,YYXXyxxx,xx,x,1,3,XYxYXyxx,YYXyxxYXyxx,orb_0275,YXXyx,YYXyXyxYYXyx,17,
sol_073,solved,YXXyx,YYXXyxxx,xy,y,0,2,xYx,YxxyX,orb_0000,X,YYXyx,6,solved_to_solved
sol_073,solved,YXXyx,YYXXyxxx,yX,y,0,2,YYXXyxx,YxxyX,orb_0033,YXXyx,YYXXyxx,12,solved_to_solved
sol_073,solved,YXXyx,YYXXyxxx,yx,y,0,2,Yxxxx,YXXyx,orb_0000,X,YYXyx,6,solved_to_solved
sol_073,solved,YXXyx,YYXXyxxx,XXy,x,0,2,XYxYx,YXyXyx,orb_0000,X,YYXyx,6,solved_to_solved
sol_073,solved,YXXyx,YYXXyxxx,XXy,y,0,2,XYxx,YXXyx,orb_0000,X,YYXyx,6,solved_to_solved
sol_073,solved,YXXyx,YYXXyxxx,Xyx,x,0,2,XyXyX,YxYxyX,orb_0000,X,YYXyx,6,solved_to_solved
sol_073,solved,YXXyx,YYXXyxxx,Xyx,y,0,2,Yxxx,YXXyx,orb_0000,X,YYXyx,6,solved_to_solved
sol_073,solved,YXXyx,YYXXyxxx,xxy,x,0,2,XXyXy,YXyXyx,orb_0000,X,YYXyx,6,solved_to_solved
sol_073,solved,YXXyx,YYXXyxxx,xxy,y,0,2,xYxx,YxxyX,orb_0000,X,YYXyx,6,solved_to_solved
sol_074,solved,YXXyx,YYXYXyyX,Xy,y,0,2,XYYXYxyXy,YXXyx,orb_0097,YXXyx,YYXYxyXyX,14,
sol_074,solved,YXXyx,YYXYXyyX,xy,x,1,3,YXXyyxYYxx,YXYYxxx,orb_0287,YYXXXYx,YYXXYxxyyX,17,
sol_074,solved,YXXyx,YYXYXyyX,xy,y,0,3,xYXYYxyyXX,YxxyX,orb_0066,YXXyx,YYXyyxYx,13,solved_to_solved
sol_074,solved,YXXyx,YYXYXyyX,yX,y,0,2,YXXYXXXYXyy,YxxyX,orb_0023,YXXyx,YYXyXX,11,solved_to_solved
sol_074,solved,YXXyx,YYXYXyyX,yx,x,1,3,XyxyXXyxyXXy,YxxxYXY,orb_0414,YXXYxYxx,YYxxYXYxxYX,19,
sol_074,solved,YXXyx,YYXYXyyX,yx,y,0,3,YYxxYXXXyXXy,YXXyx,orb_0053,YXXyx,YYXXXyXX,13,solved_to_solved
sol_074,solved,YXXyx,YYXYXyyX,yy,y,1,2,xyxYXXyXY,YXyXYXXyXYX,orb_0434,YXyXXYxyx,YYXyXXYXyX,19,
sol_075,solved,YXXyx,YYXYXyyx,Xy,y,0,2,XYYXYxyXyxx,YXXyx,orb_0098,YXXyx,YYXYxyXyx,14,
sol_075,solved,YXXyx,YYXYXyyx,xy,x,1,3,YXYYxyyx,YXXyyxx,orb_0186,YYXXyxx,YYXYxyyx,15,
sol_075,solved,YXXyx,YYXYXyyx,xy,y,0,3,xYXYYxyy,YxxyX,orb_0064,YXXyx,YYXyyXYx,13,solved_to_solved
sol_075,solved,YXXyx,YYXYXyyx,yX,y,0,2,YYXXXYXyxxy,YxxyX,orb_0024,YXXyx,YYXyxx,11,solved_to_solved
sol_075,solved,YXXyx,YYXYXyyx,yx,x,1,3,XyxxYXyxxYXy,YxxyXXY,orb_0427,YXXyXyxx,YYxxyXYxxyX,19,
sol_075,solved,YXXyx,YYXYXyyx,yx,y,0,3,YxxYxxYXXXyy,YXXyx,orb_0054,YXXyx,YYXXXyxx,13,solved_to_solved
sol_075,solved,YXXyx,YYXYXyyx,yy,y,1,2,xyXYXXyxY,YXyxYXXyxYX,orb_0435,YXyXXYxyx,YYXyxxYXyx,19,
sol_076,solved,YXXyx,YYXYxyyX,Xy,y,0,2,XYYYXyy,YXXyx,orb_0036,YXXyx,YYYXyyX,12,solved_to_solved
sol_076,solved,YXXyx,YYXYxyyX,xy,x,1,3,YXYxyxYXyx,YXYXyxx,orb_0182,YYXXyx,YXyxYXXYx,15,
sol_076,solved,YXXyx,YYXYxyyX,xy,y,0,3,xYXYxYXyxyXX,YxxyX,orb_0103,YXXyx,YYXyxxyyX,14,
sol_076,solved,YXXyx,YYXYxyyX,yX,y,0,2,YXXYXXXYxyy,YxxyX,orb_0024,YXXyx,YYXyxx,11,solved_to_solved
sol_076,solved,YXXyx,YYXYxyyX,yx,x,1,3,xYXYxxYX,YxyxyXX,orb_0076,YYXXYx,YXXyxYx,13,
sol_076,solved,YXXyx,YYXYxyyX,yx,y,0,3,YYxxYXyXXy,YXXyx,orb_0023,YXXyx,YYXyXX,11,solved_to_solved
sol_076,solved,YXXyx,YYXYxyyX,yy,y,1,2,xyxYXXyXY,YxyXXYX,orb_0180,YYXXyx,YXyXXYxyx,15,
sol_076,solved,YXXyx,YYXYxyyX,Xyx,x,0,2,XXYxxxY,YxYxyX,orb_0036,YXXyx,YYYXyyX,12,solved_to_solved
sol_076,solved,YXXyx,YYXYxyyX,Xyx,x,1,2,XXXyxxy,YXXyxYxx,orb_0082,YYXXyx,YXXXXYx,13,
sol_076,solved,YXXyx,YYXYxyyX,Xyx,y,0,2,YxYxYXyXyX,YXXyx,orb_0036,YXXyx,YYYXyyX,12,solved_to_solved
sol_076,solved,YXXyx,YYXYxyyX,xyy,x,1,2,XYxxyxYXy,YYXyxx,orb_0180,YYXXyx,YXyXXYxyx,15,
sol_076,solved,YXXyx,YYXYxyyX,xyy,y,1,2,yxYXXyXYx,YxyXXY,orb_0180,YYXXyx,YXyXXYxyx,15,
sol_077,solved,YXXyx,YYXYxyyx,Xy,y,0,2,XYYYXyyxx,YXXyx,orb_0037,YXXyx,YYYXyyx,12,solved_to_solved
sol_077,solved,YXXyx,YYXYxyyx,xy,x,1,3,YXYXyxYxyx,YXYxyxx,orb_0171,YYXXYx,YXYxYXXyx,15,
sol_077,solved,YXXyx,YYXYxyyx,xy,y,0,3,xYXYxYXyxy,YxxyX,orb_0104,YXXyx,YYXyxxyyx,14,
sol_077,solved,YXXyx,YYXYxyyx,yX,y,0,2,YYXXXYxyxxy,YxxyX,orb_0023,YXXyx,YYXyXX,11,solved_to_solved
sol_077,solved,YXXyx,YYXYxyyx,yx,x,1,3,yXXYxyXX,YxyxxYX,orb_0148,YXXyXYx,YXXYXXyx,15,
sol_077,solved,YXXyx,YYXYxyyx,yx,y,0,3,YxxYxxYXyy,YXXyx,orb_0024,YXXyx,YYXyxx,11,solved_to_solved
sol_077,solved,YXXyx,YYXYxyyx,yy,y,1,2,xyXYXXyxY,YxyxxYX,orb_0177,YYXXYx,YYxYXyxyX,15,
sol_077,solved,YXXyx,YYXYxyyx,Xyx,x,0,2,XXYxxyX,YxYxyX,orb_0037,YXXyx,YYYXyyx,12,solved_to_solved
sol_077,solved,YXXyx,YYXYxyyx,Xyx,x,1,2,XXXYxxy,YXXYxyxx,orb_0078,YYXXYx,YYYXyyx,13,solved_to_solved
sol_077,solved,YXXyx,YYXYxyyx,Xyx,y,0,2,YxYxYXyXyx,YXXyx,orb_0037,YXXyx,YYYXyyx,12,solved_to_solved
sol_077,solved,YXXyx,YYXYxyyx,xyy,x,1,2,XYXXyxYxy,YYxyxx,orb_0177,YYXXYx,YYxYXyxyX,15,
sol_077,solved,YXXyx,YYXYxyyx,xyy,y,1,2,yXYXXyxYx,YxyxxY,orb_0177,YYXXYx,YYxYXyxyX,15,
sol_078,solved,YXXyx,YYXyXXXX,Xy,y,0,2,XYYxyXXXX,YXXyx,orb_0102,YXXyx,YYXyxxxxx,14,
sol_078,solved,YXXyx,YYXyXXXX,xx,x,0,3,XXXYxxYY,YXyyx,orb_0072,YXXyx,YYYXyyXX,13,solved_to_solved
sol_078,solved,YXXyx,YYXyXXXX,xx,x,1,3,XYxxYYXX,YxYYXYYXX,orb_0291,YYXXXYxx,YYXYYXXYx,17,
sol_078,solved,YXXyx,YYXyXXXX,xy,y,0,2,xYXYxyXXXXX,YxxyX,orb_0062,YXXyx,YYXyxxxx,13,solved_to_solved
sol_078,solved,YXXyx,YYXyXXXX,yX,y,0,2,YXXYXXXyXXX,YxxyX,orb_0096,YXXyx,YYXXXyXXX,14,
sol_078,solved,YXXyx,YYXyXXXX,yx,y,0,2,YYXyXXX,YXXyx,orb_0034,YXXyx,YYXyXXX,12,solved_to_solved
sol_079,solved,YXXyx,YYXyxxxx,Xy,y,0,2,XYYxyxxxx,YXXyx,orb_0034,YXXyx,YYXyXXX,12,solved_to_solved
sol_079,solved,YXXyx,YYXyxxxx,xx,x,0,3,XXXYxxyy,YXyyx,orb_0073,YXXyx,YYYXyyxx,13,solved_to_solved
sol_079,solved,YXXyx,YYXyxxxx,xx,x,1,3,XYxxyyXX,YxyyXyyXX,orb_0301,YYXXXyxx,YYXYYXXyx,17,
sol_079,solved,YXXyx,YYXyxxxx,xy,y,0,2,xYXYxyxxx,YxxyX,orb_0061,YXXyx,YYXyXXXX,13,solved_to_solved
sol_079,solved,YXXyx,YYXyxxxx,yX,y,0,2,YYXyxxx,YxxyX,orb_0035,YXXyx,YYXyxxx,12,solved_to_solved
sol_079,solved,YXXyx,YYXyxxxx,yx,y,0,2,YxxYxyxxx,YXXyx,orb_0034,YXXyx,YYXyXXX,12,solved_to_solved
sol_079,solved,YXXyx,YYXyxxxx,Xyx,x,0,2,XXyyXyXyX,YxYxyX,orb_0034,YXXyx,YYXyXXX,12,solved_to_solved
sol_079,solved,YXXyx,YYXyxxxx,Xyx,y,0,2,YxYxyxxx,YXXyx,orb_0034,YXXyx,YYXyXXX,12,solved_to_solved
sol_080,solved,YXXyx,YYXyyXYX,Xy,y,0,2,XYYxyXyXY,YXXyx,orb_0108,YXXyx,YYXyxyxYx,14,
sol_080,solved,YXXyx,YYXyyXYX,xy,x,1,3,YXXyxyxYXYxx,YYXYxxx,orb_0443,YYXXXXYX,YYXXyxxxyyx,19,
sol_080,solved,YXXyx,YYXyyXYX,xy,y,0,3,xYXYxyyXXY,YxxyX,orb_0156,YXXyx,YYXyxyXyxx,15,
sol_080,solved,YXXyx,YYXyyXYX,yX,y,0,2,YXXYXyXXX,YxxyX,orb_0034,YXXyx,YYXyXXX,12,solved_to_solved
sol_080,solved,YXXyx,YYXyyXYX,yx,x,1,3,yyXyyXXy,YxxxYYX,orb_0166,YYXXXYx,YYYXYYXX,15,
sol_080,solved,YXXyx,YYXyyXYX,yx,y,0,3,YYXyXX,YXXyx,orb_0023,YXXyx,YYXyXX,11,solved_to_solved
sol_080,solved,YXXyx,YYXyyXYX,yy,y,1,2,xYxyXXYXy,YXYXyXXYXyX,orb_0437,YXyXXYxyx,YYxyxxYxyx,19,
sol_081,solved,YXXyx,YYXyyXYx,Xy,x,1,3,XXYxxyXXyx,YXYxxyx,orb_0149,YXXyXYx,YXXYxxyX,15,
sol_081,solved,YXXyx,YYXyyXYx,Xy,y,0,3,XYYxyX,YXXyx,orb_0024,YXXyx,YYXyxx,11,solved_to_solved
sol_081,solved,YXXyx,YYXyyXYx,xy,y,0,2,xYXYxyyXY,YxxyX,orb_0107,YXXyx,YYXyxyXyx,14,
sol_081,solved,YXXyx,YYXyyXYx,yX,x,1,3,YxyxxY,YxxyxYX,orb_0081,YYXXYx,YYxYXYX,13,
sol_081,solved,YXXyx,YYXyyXYx,yX,y,0,3,YYXyXX,YxxyX,orb_0023,YXXyx,YYXyXX,11,solved_to_solved
sol_081,solved,YXXyx,YYXyyXYx,yx,y,0,2,YxxYXyX,YXXyx,orb_0012,YYXyX,YXXyx,10,solved_to_solved
sol_081,solved,YXXyx,YYXyyXYx,yy,y,1,2,xYxyXXYXy,YxYXXyX,orb_0178,YYXXYx,YYxyXyxYX,15,
sol_081,solved,YXXyx,YYXyyXYx,Xyx,x,0,2,XYxxY,YxYxyX,orb_0012,YYXyX,YXXyx,10,solved_to_solved
sol_081,solved,YXXyx,YYXyyXYx,Xyx,x,1,2,xyXXy,YxxyxYXX,orb_0038,YYXXX,YXXyXYx,12,
sol_081,solved,YXXyx,YYXyyXYx,Xyx,y,0,2,YxYXyX,YXXyx,orb_0012,YYXyX,YXXyx,10,solved_to_solved
sol_081,solved,YXXyx,YYXyyXYx,yyX,x,1,2,XyxxYxyXY,YxxyxY,orb_0178,YYXXYx,YYxyXyxYX,15,
sol_081,solved,YXXyx,YYXyyXYx,yyX,y,1,2,YxyXXYXyx,YYXXyX,orb_0178,YYXXYx,YYxyXyxYX,15,
sol_082,solved,YXXyx,YYXyyXyx,Xy,x,1,3,XXXyxyXYxx,YXXyxyx,orb_0020,YXXYx,YYXXyx,11,
sol_082,solved,YXXyx,YYXyyXyx,Xy,y,0,3,XYYxyXyxyx,YXXyx,orb_0012,YYXyX,YXXyx,10,solved_to_solved
sol_082,solved,YXXyx,YYXyyXyx,xy,y,0,2,xYXYxyyXy,YxxyX,orb_0105,YXXyx,YYXyxyXYx,14,
sol_082,solved,YXXyx,YYXyyXyx,yX,x,1,3,YxyXXY,YxxyXYX,orb_0085,YYXXyx,YXYXyxx,13,
sol_082,solved,YXXyx,YYXyyXyx,yX,y,0,3,YYXyyxxy,YxxyX,orb_0024,YXXyx,YYXyxx,11,solved_to_solved
sol_082,solved,YXXyx,YYXyyXyx,yx,y,0,2,YxxYXyXXyXy,YXXyx,orb_0013,YYXyx,YXXyx,10,solved_to_solved
sol_082,solved,YXXyx,YYXyyXyx,yy,y,1,2,xYXyXXYxy,YxYxxyX,orb_0181,YYXXyx,YXyXYxyxx,15,
sol_082,solved,YXXyx,YYXyyXyx,Xyx,x,0,2,XYxxy,YxYxyX,orb_0013,YYXyx,YXXyx,10,solved_to_solved
sol_082,solved,YXXyx,YYXyyXyx,Xyx,x,1,2,xYXXy,YxxYxyXX,orb_0024,YXXyx,YYXyxx,11,solved_to_solved
sol_082,solved,YXXyx,YYXyyXyx,Xyx,y,0,2,YxYXyXyy,YXXyx,orb_0013,YYXyx,YXXyx,10,solved_to_solved
sol_082,solved,YXXyx,YYXyyXyx,yyX,x,1,2,XyXXYxyxY,YxxyXY,orb_0181,YYXXyx,YXyXYxyxx,15,
sol_082,solved,YXXyx,YYXyyXyx,yyX,y,1,2,YXyXXYxyx,YYxxyX,orb_0181,YYXXyx,YXyXYxyxx,15,
sol_083,solved,YXXyx,YYXyyxYx,Xy,x,1,3,XYXXyxyXYxxy,YYXXyxx,orb_0428,YXXyXyxx,YYxyXXYxyxx,19,
sol_083,solved,YXXyx,YYXyyxYx,Xy,y,0,3,XYYxyXyxxY,YXXyx,orb_0155,YXXyx,YYXyxyXXYx,15,
sol_083,solved,YXXyx,YYXyyxYx,xy,y,0,2,xYXYxyyxY,YxxyX,orb_0106,YXXyx,YYXyxyXyX,14,
sol_083,solved,YXXyx,YYXyyxYx,yX,x,1,3,YxyyXyyX,YxxyyXX,orb_0185,YYXXyxx,YYXYYXyx,15,
sol_083,solved,YXXyx,YYXyyxYx,yX,y,0,3,YYXyxx,YxxyX,orb_0024,YXXyx,YYXyxx,11,solved_to_solved
sol_083,solved,YXXyx,YYXyyxYx,yx,y,0,2,YxxYXyxxx,YXXyx,orb_0035,YXXyx,YYXyxxx,12,solved_to_solved
sol_083,solved,YXXyx,YYXyyxYx,yy,y,1,2,XYxyXXYXyxx,YxYXyxxYXyx,orb_0436,YXyXXYxyx,YYxyXXYxyX,19,
sol_084,solved,YXXyx,YYYXXyyX,Xy,y,0,2,XYYXy,YXXyx,orb_0012,YYXyX,YXXyx,10,solved_to_solved
sol_084,solved,YXXyx,YYYXXyyX,xx,x,0,2,XXXYxYx,YXyyx,orb_0012,YYXyX,YXXyx,10,solved_to_solved
sol_084,solved,YXXyx,YYYXXyyX,xx,x,1,2,XYXXYxx,YXXXYXYxx,orb_0045,YXXYx,YYXXXYxx,13,
sol_084,solved,YXXyx,YYYXXyyX,xy,y,0,2,xYYXyXX,YxxyX,orb_0012,YYXyX,YXXyx,10,solved_to_solved
sol_084,solved,YXXyx,YYYXXyyX,yX,y,0,2,YXXYXXYXXyy,YxxyX,orb_0032,YXXyx,YYXXyXX,12,solved_to_solved
sol_084,solved,YXXyx,YYYXXyyX,yx,y,0,2,YYxxYXXyXXy,YXXyx,orb_0032,YXXyx,YYXXyXX,12,solved_to_solved
sol_084,solved,YXXyx,YYYXXyyX,yy,y,1,2,yxYXXyXYx,YXXyXYXXyXY,orb_0512,YXyXXYxyx,YYXyXXYXyXX,20,
sol_084,solved,YXXyx,YYYXXyyX,XXy,x,0,2,XXXyy,YXyXyx,orb_0012,YYXyX,YXXyx,10,solved_to_solved
sol_084,solved,YXXyx,YYYXXyyX,XXy,x,1,2,XyXXXyx,YXYxxYxxxx,orb_0045,YXXYx,YYXXXYxx,13,
sol_084,solved,YXXyx,YYYXXyyX,XXy,y,0,2,XYXYXy,YXXyx,orb_0012,YYXyX,YXXyx,10,solved_to_solved
sol_084,solved,YXXyx,YYYXXyyX,xxy,x,0,2,XXYxxYx,YXyXyx,orb_0012,YYXyX,YXXyx,10,solved_to_solved
sol_084,solved,YXXyx,YYYXXyyX,xxy,x,1,2,YXYxx,YXXYYxxx,orb_0045,YXXYx,YYXXXYxx,13,
sol_084,solved,YXXyx,YYYXXyyX,xxy,y,0,2,xYxYXyXX,YxxyX,orb_0012,YYXyX,YXXyx,10,solved_to_solved
sol_085,solved,YXXyx,YYYXXyyx,Xy,y,0,2,XYYXyxx,YXXyx,orb_0013,YYXyx,YXXyx,10,solved_to_solved
sol_085,solved,YXXyx,YYYXXyyx,xx,x,0,2,XXXYxyx,YXyyx,orb_0013,YYXyx,YXXyx,10,solved_to_solved
sol_085,solved,YXXyx,YYYXXyyx,xx,x,1,2,XYXyxxx,YXXyxyxxx,orb_0054,YXXyx,YYXXXyxx,13,solved_to_solved
sol_085,solved,YXXyx,YYYXXyyx,xy,y,0,2,xYYXy,YxxyX,orb_0013,YYXyx,YXXyx,10,solved_to_solved
sol_085,solved,YXXyx,YYYXXyyx,yX,y,0,2,YYXXYXXyxxy,YxxyX,orb_0033,YXXyx,YYXXyxx,12,solved_to_solved
sol_085,solved,YXXyx,YYYXXyyx,yx,y,0,2,YxxYxxYXXyy,YXXyx,orb_0033,YXXyx,YYXXyxx,12,solved_to_solved
sol_085,solved,YXXyx,YYYXXyyx,yy,y,1,2,yXYXXyxYx,YXXyxYXXyxY,orb_0513,YXyXXYxyx,YYXyxxYXyxx,20,
sol_085,solved,YXXyx,YYYXXyyx,XXy,x,0,2,XXXyxYx,YXyXyx,orb_0013,YYXyx,YXXyx,10,solved_to_solved
sol_085,solved,YXXyx,YYYXXyyx,XXy,x,1,2,XyXYxxx,YXXXyXXyxx,orb_0054,YXXyx,YYXXXyxx,13,solved_to_solved
sol_085,solved,YXXyx,YYYXXyyx,XXy,y,0,2,XYXYXyxx,YXXyx,orb_0013,YYXyx,YXXyx,10,solved_to_solved
sol_085,solved,YXXyx,YYYXXyyx,xxy,x,0,2,XXYxy,YXyXyx,orb_0013,YYXyx,YXXyx,10,solved_to_solved
sol_085,solved,YXXyx,YYYXXyyx,xxy,x,1,2,YXyxx,YXXyyxxx,orb_0054,YXXyx,YYXXXyxx,13,solved_to_solved
sol_085,solved,YXXyx,YYYXXyyx,xxy,y,0,2,xYxYXy,YxxyX,orb_0013,YYXyx,YXXyx,10,solved_to_solved
sol_086,solved,YXXyx,YYYXyXyX,Xy,x,1,3,XYYxxxyXXXyy,YYYxxxx,orb_0488,YYYXXXX,YYXXXYxxxyyX,19,
sol_086,solved,YXXyx,YYYXyXyX,Xy,y,0,3,XYYYxyyX,YXXyx,orb_0073,YXXyx,YYYXyyxx,13,solved_to_solved
sol_086,solved,YXXyx,YYYXyXyX,xy,y,0,2,xYYXYxyXyXX,YxxyX,orb_0097,YXXyx,YYXYxyXyX,14,
sol_086,solved,YXXyx,YYYXyXyX,yX,x,1,3,YxxxYYxxxYYx,YxxxxYY,orb_0387,YXXXYxYx,YYXXYxYXXYx,19,
sol_086,solved,YXXyx,YYYXyXyX,yX,y,0,3,YXXYXXYXXXyy,YxxyX,orb_0053,YXXyx,YYXXXyXX,13,solved_to_solved
sol_086,solved,YXXyx,YYYXyXyX,yx,y,0,2,YYxxYXyXXXy,YXXyx,orb_0034,YXXyx,YYXyXXX,12,solved_to_solved
sol_087,solved,YXXyx,YYYXyXyx,Xy,x,1,3,XXXXyxxx,YXXXyyx,orb_0007,X,YYYXyXyx,9,
sol_087,solved,YXXyx,YYYXyXyx,Xy,y,0,3,XYYYxyyx,YXXyx,orb_0000,X,YYXyx,6,solved_to_solved
sol_087,solved,YXXyx,YYYXyXyx,xy,y,0,2,xYYXYxyXy,YxxyX,orb_0098,YXXyx,YYXYxyXyx,14,
sol_087,solved,YXXyx,YYYXyXyx,yX,x,1,3,YxxyXYxxyXYx,YxxxyXY,orb_0399,YXXXyxYx,YYXXyxYXXyx,19,
sol_087,solved,YXXyx,YYYXyXyx,yX,y,0,3,YYXXYXXXyxxy,YxxyX,orb_0054,YXXyx,YYXXXyxx,13,solved_to_solved
sol_087,solved,YXXyx,YYYXyXyx,yx,y,0,2,YxxYxxYXyXy,YXXyx,orb_0013,YYXyx,YXXyx,10,solved_to_solved
sol_087,solved,YXXyx,YYYXyXyx,Xyx,x,0,2,XXYxy,YxYxyX,orb_0013,YYXyx,YXXyx,10,solved_to_solved
sol_087,solved,YXXyx,YYYXyXyx,Xyx,x,1,2,xxYXy,YxxxYxyXXX,orb_0031,YXXyx,YYXXXyx,12,solved_to_solved
sol_087,solved,YXXyx,YYYXyXyx,Xyx,y,0,2,YxYxYXyy,YXXyx,orb_0013,YYXyx,YXXyx,10,solved_to_solved
sol_088,solved,YXXyx,YYYXyxyx,Xy,y,0,2,XYYYxyyxx,YXXyx,orb_0036,YXXyx,YYYXyyX,12,solved_to_solved
sol_088,solved,YXXyx,YYYXyxyx,xy,x,1,3,YXXYxyxYXyxx,YYXyxxx,orb_0393,YXXXyXXyx,YYxxyXYxyx,19,
sol_088,solved,YXXyx,YYYXyxyx,xy,y,0,3,xYYXYxyXyx,YxxyX,orb_0154,YXXyx,YYXYxyXyxx,15,
sol_088,solved,YXXyx,YYYXyxyx,yX,y,0,2,YYXXYXyxxxy,YxxyX,orb_0035,YXXyx,YYXyxxx,12,solved_to_solved
sol_088,solved,YXXyx,YYYXyxyx,yx,x,1,3,xxYYxxxY,YxyyXXX,orb_0161,YXYXXYx,YXXXyxYx,15,
sol_088,solved,YXXyx,YYYXyxyx,yx,y,0,3,YxxYxxYxyy,YXXyx,orb_0023,YXXyx,YYXyXX,11,solved_to_solved
sol_088,solved,YXXyx,YYYXyxyx,Xyx,x,0,2,XXXyxyX,YxYxyX,orb_0036,YXXyx,YYYXyyX,12,solved_to_solved
sol_088,solved,YXXyx,YYYXyxyx,Xyx,x,1,2,XXXXyxy,YXXXyxYxxx,orb_0121,YYXXXyx,YXXXXYx,14,
sol_088,solved,YXXyx,YYYXyxyx,Xyx,y,0,2,YxYxYxyXyx,YXXyx,orb_0036,YXXyx,YYYXyyX,12,solved_to_solved
sol_089,solved,YXXyx,YYYXyyX,Xy,x,1,2,XXYxxxyXXXyx,YXYxxxx,orb_0121,YYXXXyx,YXXXXYx,14,
sol_089,solved,YXXyx,YYYXyyX,Xy,y,0,2,XYYYxyXy,YXXyx,orb_0071,YXXyx,YYYXyxyx,13,solved_to_solved
sol_089,solved,YXXyx,YYYXyyX,xy,x,1,2,YXXyxYxx,YXXYxxx,orb_0082,YYXXyx,YXXXXYx,13,
sol_089,solved,YXXyx,YYYXyyX,xy,y,0,2,xYYXYxyyXX,YxxyX,orb_0059,YXXyx,YYXYxyyX,13,solved_to_solved
sol_089,solved,YXXyx,YYYXyyX,yX,x,1,2,YxxxYxxY,YxxxxYX,orb_0075,YYXXYx,YXXXYxx,13,
sol_089,solved,YXXyx,YYYXyyX,yX,y,0,2,YXXYXXYXyy,YxxyX,orb_0023,YXXyx,YYXyXX,11,solved_to_solved
sol_089,solved,YXXyx,YYYXyyX,yx,x,1,2,xyyXXy,YxxxYXX,orb_0075,YYXXYx,YXXXYxx,13,
sol_089,solved,YXXyx,YYYXyyX,yx,y,0,2,YYxxYXyXXy,YXXyx,orb_0023,YXXyx,YYXyXX,11,solved_to_solved
sol_089,solved,YXXyx,YYYXyyX,yy,y,1,2,yxYXXyXYx,YXyXYXyXY,orb_0371,YYXYxyXyx,YXYxYXYxx,18,
sol_089,solved,YXXyx,YYYXyyX,yxY,x,1,2,yxxyxyX,YxxYXXX,orb_0075,YYXXYx,YXXXYxx,13,
sol_090,solved,YXXyx,YYYXyyXX,Xy,y,0,2,XYYYxyXyX,YXXyx,orb_0114,YXXyx,YYYXyxyxx,14,
sol_090,solved,YXXyx,YYYXyyXX,xx,x,0,2,XXXXYxxxY,YXyyx,orb_0115,YXXyx,YYYYXyyyX,14,
sol_090,solved,YXXyx,YYYXyyXX,xx,x,1,2,XYxxxYXXX,YxxYXYXXX,orb_0288,YYXXXYxx,YXXXXYxxx,17,
sol_090,solved,YXXyx,YYYXyyXX,xy,y,0,2,xYYXYxyyXXX,YxxyX,orb_0099,YXXyx,YYXYxyyXX,14,
sol_090,solved,YXXyx,YYYXyyXX,yX,y,0,2,YXXYXXYXyyX,YxxyX,orb_0111,YXXyx,YYYXyXXyX,14,
sol_090,solved,YXXyx,YYYXyyXX,yx,y,0,2,YYxxYXyXXyX,YXXyx,orb_0109,YXXyx,YYXyyXXyX,14,
sol_090,solved,YXXyx,YYYXyyXX,yy,y,1,2,yxxYXXyXXYx,YXyXXYXyXXY,orb_0705,YYXXyXYXXyX,YXXyXXYxxyx,22,
sol_091,solved,YXXyx,YYYXyyxx,Xy,y,0,2,XYYYxyXyxxx,YXXyx,orb_0113,YXXyx,YYYXyxyXX,14,
sol_091,solved,YXXyx,YYYXyyxx,xx,x,0,2,XXXXYxxxy,YXyyx,orb_0116,YXXyx,YYYYXyyyx,14,solved_to_solved
sol_091,solved,YXXyx,YYYXyyxx,xx,x,1,2,XYxxxyXXX,YxxyXyXXX,orb_0298,YYXXXyxx,YXXXXyxxx,17,solved_to_solved
sol_091,solved,YXXyx,YYYXyyxx,xy,y,0,2,xYYXYxyyx,YxxyX,orb_0100,YXXyx,YYXYxyyxx,14,
sol_091,solved,YXXyx,YYYXyyxx,yX,y,0,2,YYXXYXyxxyx,YxxyX,orb_0110,YXXyx,YYXyyxYxx,14,
sol_091,solved,YXXyx,YYYXyyxx,yx,y,0,2,YxxYxxYXyyx,YXXyx,orb_0112,YXXyx,YYYXyxxyx,14,
sol_091,solved,YXXyx,YYYXyyxx,yy,y,1,2,yXXYXXyxxYx,YXyxxYXyxxY,orb_0707,YYXXyxYXXyx,YXXyXXYxxyx,22,
sol_092,solved,YYXXXXyX,YXXXXXXXXyxxxxxxx,Xy,y,1,2,XXXXXXXYYxxxxyX,YXXXXXXXXyxxxxxxx,orb_1224,YYXXXXXXXXyxxxx,YXXXXXXXyxxxxxxxx,32,
sol_092,solved,YYXXXXyX,YXXXXXXXXyxxxxxxx,xx,x,0,9,XYYYYxyyyXXYYx,YXXYYXYYx,orb_0626,YYXXYXXyX,YYXXXXXXyxxx,21,
sol_092,solved,YYXXXXyX,YXXXXXXXXyxxxxxxx,xx,x,1,9,XXYYYYYYxyyy,YYYYXyyyyxYYYXyyyyx,orb_1181,YYXXXXXXyxxx,YXXXXyxxxYXXXXyxxxx,31,
sol_092,solved,YYXXXXyX,YXXXXXXXXyxxxxxxx,xy,y,1,2,xxxxxxxYXXXXXXXYxxxxyXXXXXXXX,YxxxxxxxxyXXXXXXX,orb_0922,YYXXXXyx,YXXXXXXXXyxxxxxxx,25,solved_to_solved
sol_092,solved,YYXXXXyX,YXXXXXXXXyxxxxxxx,yX,y,1,2,xxxxxxYXXYXXXXXXXXXXXXy,YxxxxxxxxyXXXXXXX,orb_1365,YXXXXXXXXyxxxxxxx,YYXXXXXXXXXXXXyxxxxxx,38,
sol_092,solved,YYXXXXyX,YXXXXXXXXyxxxxxxx,yx,y,1,2,YXXXXXXYXXXXyxxxxxx,YXXXXXXXXyxxxxxxx,orb_1161,YYXXXXXXyxxxx,YXXXXXXXyxxxxxxxx,30,
sol_092,solved,YYXXXXyX,YXXXXXXXXyxxxxxxx,XXy,y,1,2,XXXXXXXYXYxxxxyX,YXXXXXXXXyxxxxxxx,orb_1224,YYXXXXXXXXyxxxx,YXXXXXXXyxxxxxxxx,32,
sol_092,solved,YYXXXXyX,YXXXXXXXXyxxxxxxx,xxy,y,1,2,xxxxxxxYXXXXXXYxxxxyXXXXXXXX,YxxxxxxxxyXXXXXXX,orb_0922,YYXXXXyx,YXXXXXXXXyxxxxxxx,25,solved_to_solved
sol_092,solved,YYXXXXyX,YXXXXXXXXyxxxxxxx,XXXy,y,1,2,XXXXXXXYXXYxxxxyX,YXXXXXXXXyxxxxxxx,orb_1224,YYXXXXXXXXyxxxx,YXXXXXXXyxxxxxxxx,32,
sol_092,solved,YYXXXXyX,YXXXXXXXXyxxxxxxx,xxxx,x,0,4,XYYxyXXYXYXYx,YXXYXYXYXYx,orb_0379,YXXXXyXYx,YYYXXXyXyx,19,
sol_092,solved,YYXXXXyX,YXXXXXXXXyxxxxxxx,xxxy,y,1,2,xxxxxxxYXXXXXYxxxxyXXXXXXXX,YxxxxxxxxyXXXXXXX,orb_0922,YYXXXXyx,YXXXXXXXXyxxxxxxx,25,solved_to_solved
sol_092,solved,YYXXXXyX,YXXXXXXXXyxxxxxxx,XXXXy,x,0,2,XYxxYxxYxxYxxyXXyXXyXXyXXyXXyXXyXXy,YYxxYxxYxxYxxx,orb_0755,YYXXXXyX,YYxxxxyXXXXXXXX,23,
sol_092,solved,YYXXXXyX,YXXXXXXXXyxxxxxxx,XXXXy,y,1,2,XXXXXXXYXXXYxxxxyX,YXXXXXXXXyxxxxxxx,orb_1224,YYXXXXXXXXyxxxx,YXXXXXXXyxxxxxxxx,32,
sol_092,solved,YYXXXXyX,YXXXXXXXXyxxxxxxx,xxxxy,x,0,2,YXyyyyxYYYYYYYx,YXYYYYxx,orb_0722,YXXXXyXYx,YXXXXyxxxxxxyx,23,
sol_092,solved,YYXXXXyX,YXXXXXXXXyxxxxxxx,xxxxy,y,1,2,xxxxxxxYXXXXYxxxxyXXXXXXXX,YxxxxxxxxyXXXXXXX,orb_0922,YYXXXXyx,YXXXXXXXXyxxxxxxx,25,solved_to_solved
sol_092,solved,YYXXXXyX,YXXXXXXXXyxxxxxxx,xxxxxxx,x,1,2,XXyxYXyxYXyxYXyxxYX,YxyXYxyXYxyXYxyXYxyXYxyXYxyXY,orb_1496,YXyxYXyxYXyxYXXXyxx,YYXyxYXyxYXyxYXyxYXyxYXyxYXyx,48,
sol_093,solved,YYXXXXyX,YXXXXXXyxxxxx,Xy,y,1,2,XXXXXYYxxyX,YXXXXXXyxxxxx,orb_0836,YYXXXXXXyxx,YXXXXXyxxxxxx,24,
sol_093,solved,YYXXXXyX,YXXXXXXyxxxxx,xx,x,0,7,XYYYxyyXXYYx,YXXYYXYYx,orb_0470,YYXXYXXyX,YYXXXXXyxx,19,
sol_093,solved,YYXXXXyX,YXXXXXXyxxxxx,xx,x,1,7,XXYYYYYxyy,YYYXyyyxYYXyyyx,orb_0918,YYXXXXXyxx,YXXXyxxYXXXyxxx,25,
sol_093,solved,YYXXXXyX,YXXXXXXyxxxxx,xy,y,1,2,xxxxxYXXXXXYxxyXXXXXX,YxxxxxxyXXXXX,orb_0478,YYXXyx,YXXXXXXyxxxxx,19,solved_to_solved
sol_093,solved,YYXXXXyX,YXXXXXXyxxxxx,yX,y,1,2,xxxxYXXYXXXXXXXXXXy,YxxxxxxyXXXXX,orb_1134,YXXXXXXyxxxxx,YYXXXXXXXXXXyxxxx,30,
sol_093,solved,YYXXXXyX,YXXXXXXyxxxxx,yx,y,1,2,YXXXXYXXXXyxxxx,YXXXXXXyxxxxx,orb_0842,YYXXXXyxxxx,YXXXXXXyxxxxx,24,
sol_093,solved,YYXXXXyX,YXXXXXXyxxxxx,XXy,y,1,2,XXXXXYXYxxyX,YXXXXXXyxxxxx,orb_0836,YYXXXXXXyxx,YXXXXXyxxxxxx,24,
sol_093,solved,YYXXXXyX,YXXXXXXyxxxxx,xxy,y,1,2,xxxxxYXXXXYxxyXXXXXX,YxxxxxxyXXXXX,orb_0478,YYXXyx,YXXXXXXyxxxxx,19,solved_to_solved
sol_093,solved,YYXXXXyX,YXXXXXXyxxxxx,XXXy,y,1,2,XXXXXYXXYxxyX,YXXXXXXyxxxxx,orb_0836,YYXXXXXXyxx,YXXXXXyxxxxxx,24,
sol_093,solved,YYXXXXyX,YXXXXXXyxxxxx,xxxx,x,0,3,XYXyxyxxxyXXYx,YXXYXYXYXYx,orb_0449,YYXXXXyX,YYxyxYXXyyX,19,
sol_093,solved,YYXXXXyX,YXXXXXXyxxxxx,xxxy,y,1,2,xxxxxYXXXYxxyXXXXXX,YxxxxxxyXXXXX,orb_0478,YYXXyx,YXXXXXXyxxxxx,19,solved_to_solved
sol_093,solved,YYXXXXyX,YXXXXXXyxxxxx,XXXXy,x,0,2,XYxxYxxyXXyXXyXXyXXyXXy,YYxxYxxYxxYxxx,orb_0446,YYXXXXyX,YYxxyXXXXXX,19,
sol_093,solved,YYXXXXyX,YXXXXXXyxxxxx,XXXXy,y,1,2,XXXXXYXXXYxxyX,YXXXXXXyxxxxx,orb_0836,YYXXXXXXyxx,YXXXXXyxxxxxx,24,
sol_093,solved,YYXXXXyX,YXXXXXXyxxxxx,xxxxx,x,1,2,XXyxYXyxYXyxYXyxxYX,YxyXYxyXYxyXYxyXYxyXY,orb_1444,YXyxYXyxYXyxYXXXyxx,YYXyxYXyxYXyxYXyxYXyx,40,
sol_093,solved,YYXXXXyX,YXXXXXXyxxxxx,xxxxy,x,0,2,YXyyxYYYYYx,YXYYYYxx,orb_0377,YXXXXyXYx,YXXyxxxxyx,19,
sol_093,solved,YYXXXXyX,YXXXXXXyxxxxx,xxxxy,y,1,2,xxxxxYXXYxxyXXXXXX,YxxxxxxyXXXXX,orb_0478,YYXXyx,YXXXXXXyxxxxx,19,solved_to_solved
sol_094,solved,YYXXXXyX,YXXXXXyxxxx,Xy,y,1,2,XXXXYYxyX,YXXXXXyxxxx,orb_0517,YYXXXXXyx,YXXXXyxxxxx,20,
sol_094,solved,YYXXXXyX,YXXXXXyxxxx,xx,x,0,6,XYYXyyxxxyy,YXXYYXYYx,orb_0526,YYXXYXXyX,YYYXXyxxyXX,20,
sol_094,solved,YYXXXXyX,YXXXXXyxxxx,xx,x,1,6,XXYYxyyxYYX,YxyyXYYxyyXYY,orb_0853,YYXyyXYYxxx,YYYXyyxYYXyyx,24,
sol_094,solved,YYXXXXyX,YXXXXXyxxxx,xy,y,1,2,xxxxYXXXXYxyXXXXX,YxxxxxyXXXX,orb_0209,YXXyx,YYYYYXyyyyx,16,solved_to_solved
sol_094,solved,YYXXXXyX,YXXXXXyxxxx,yX,y,1,2,xxxYXXYXXXXXXXXXy,YxxxxxyXXXX,orb_0951,YXXXXXyxxxx,YYXXXXXXXXXyxxx,26,
sol_094,solved,YYXXXXyX,YXXXXXyxxxx,yx,y,1,2,YXXXYXXXXyxxx,YXXXXXyxxxx,orb_0606,YYXXXXyxxx,YXXXXXyxxxx,21,
sol_094,solved,YYXXXXyX,YXXXXXyxxxx,XXy,y,1,2,XXXXYXYxyX,YXXXXXyxxxx,orb_0517,YYXXXXXyx,YXXXXyxxxxx,20,
sol_094,solved,YYXXXXyX,YXXXXXyxxxx,xxy,y,1,2,xxxxYXXXYxyXXXXX,YxxxxxyXXXX,orb_0209,YXXyx,YYYYYXyyyyx,16,solved_to_solved
sol_094,solved,YYXXXXyX,YXXXXXyxxxx,XXXy,y,1,2,XXXXYXXYxyX,YXXXXXyxxxx,orb_0517,YYXXXXXyx,YXXXXyxxxxx,20,
sol_094,solved,YYXXXXyX,YXXXXXyxxxx,xxxx,x,0,3,XYXyxxxy,YXXYXYXYXYx,orb_0164,YXyXYxx,YYYYXXYx,15,
sol_094,solved,YYXXXXyX,YXXXXXyxxxx,xxxx,x,1,3,XXYxyxYX,YxyXYxyXYxyXYxyXY,orb_0890,YXXYx,YYYXYxyXYxyXYxyXYxyX,25,
sol_094,solved,YYXXXXyX,YXXXXXyxxxx,xxxy,y,1,2,xxxxYXXYxyXXXXX,YxxxxxyXXXX,orb_0209,YXXyx,YYYYYXyyyyx,16,solved_to_solved
sol_094,solved,YYXXXXyX,YXXXXXyxxxx,XXXXy,x,0,2,XYxxyXXyXXyXXyXXy,YYxxYxxYxxYxxx,orb_0282,YYXXXXyX,YYxyXXXXX,17,
sol_094,solved,YYXXXXyX,YXXXXXyxxxx,XXXXy,y,1,2,XXXXYXXXYxyX,YXXXXXyxxxx,orb_0517,YYXXXXXyx,YXXXXyxxxxx,20,
sol_094,solved,YYXXXXyX,YXXXXXyxxxx,xxxxy,x,0,2,YXyxYYYYx,YXYYYYxx,orb_0276,YXXyx,YYYYXYxyyyyx,17,
sol_094,solved,YYXXXXyX,YXXXXXyxxxx,xxxxy,y,1,2,xxxxYXYxyXXXXX,YxxxxxyXXXX,orb_0209,YXXyx,YYYYYXyyyyx,16,solved_to_solved
sol_095,solved,YYXXXXyX,YXXXXXyxxxxxx,Xy,y,1,2,XXXXXXYXXYxyX,YXXXXXyxxxxxx,orb_0835,YYXXXXXXXyx,YXXXXXXyxxxxx,24,
sol_095,solved,YYXXXXyX,YXXXXXyxxxxxx,xx,x,0,7,XYYXyyxxxyyy,YXXYYXYYx,orb_0627,YYXXYXXyX,YYYXXyxxyXXX,21,
sol_095,solved,YYXXXXyX,YXXXXXyxxxxxx,xx,x,1,7,XXYYxyyxYYYX,YxyyyXYYxyyyXYY,orb_1051,YYYXXXYYxyyx,YYYXyyyxYYYXyyx,27,
sol_095,solved,YYXXXXyX,YXXXXXyxxxxxx,xy,y,1,2,xxxxxxYXXXXYxyXXXXXXX,YxxxxxyXXXXXX,orb_0340,YXXyx,YYYYYYXyyyyyx,18,solved_to_solved
sol_095,solved,YYXXXXyX,YXXXXXyxxxxxx,yX,y,1,2,xxxxxYYXXXXXXXXXy,YxxxxxyXXXXXX,orb_1139,YXXXXXXyxxxxx,YYXXXXXyxxxxxxxxx,30,
sol_095,solved,YYXXXXyX,YXXXXXyxxxxxx,yx,y,1,2,YXXXXXYXXXXyxxxxx,YXXXXXyxxxxxx,orb_0919,YYXXXXXyxxxx,YXXXXXXyxxxxx,25,
sol_095,solved,YYXXXXyX,YXXXXXyxxxxxx,XXy,y,1,2,XXXXXXYXXXYxyX,YXXXXXyxxxxxx,orb_0835,YYXXXXXXXyx,YXXXXXXyxxxxx,24,
sol_095,solved,YYXXXXyX,YXXXXXyxxxxxx,xxy,y,1,2,xxxxxxYXXXYxyXXXXXXX,YxxxxxyXXXXXX,orb_0340,YXXyx,YYYYYYXyyyyyx,18,solved_to_solved
sol_095,solved,YYXXXXyX,YXXXXXyxxxxxx,XXXy,y,1,2,XXXXXXYXXXXYxyX,YXXXXXyxxxxxx,orb_0835,YYXXXXXXXyx,YXXXXXXyxxxxx,24,
sol_095,solved,YYXXXXyX,YXXXXXyxxxxxx,xxxx,x,0,3,XYXyxxxyXXYXYx,YXXYXYXYXYx,orb_0448,YYXXXXyX,YYxyXYXXyyx,19,
sol_095,solved,YYXXXXyX,YXXXXXyxxxxxx,xxxy,y,1,2,xxxxxxYXXYxyXXXXXXX,YxxxxxyXXXXXX,orb_0340,YXXyx,YYYYYYXyyyyyx,18,solved_to_solved
sol_095,solved,YYXXXXyX,YXXXXXyxxxxxx,XXXXy,x,0,2,XYxxyXXyXXyXXyXXyXXyXXy,YYxxYxxYxxYxxx,orb_0447,YYXXXXyX,YYxyXXXXXXX,19,
sol_095,solved,YYXXXXyX,YXXXXXyxxxxxx,XXXXy,y,1,2,XXXXXXYXXXXXYxyX,YXXXXXyxxxxxx,orb_0835,YYXXXXXXXyx,YXXXXXXyxxxxx,24,
sol_095,solved,YYXXXXyX,YXXXXXyxxxxxx,xxxxx,x,1,2,XXXYxyXYxyXYxyXYxxy,YYXyxYXyxYXyxYXyxYXyx,orb_1445,YXyxYXyxYXyxYXXXyxx,YYxyXYxyXYxyXYxyXYxyX,40,
sol_095,solved,YYXXXXyX,YXXXXXyxxxxxx,xxxxy,x,0,2,YXyxYYYYYYx,YXYYYYxx,orb_0378,YXXXXyXYx,YXyxxxxxyx,19,
sol_095,solved,YYXXXXyX,YXXXXXyxxxxxx,xxxxy,y,1,2,xxxxxxYXYxyXXXXXXX,YxxxxxyXXXXXX,orb_0340,YXXyx,YYYYYYXyyyyyx,18,solved_to_solved
sol_096,solved,YYXXXXyX,YXXXXyxxx,Xy,y,1,2,XXXYX,YXXXXyxxx,orb_0011,X,YYYYXyyyx,10,solved_to_solved
sol_096,solved,YYXXXXyX,YXXXXyxxx,xx,x,0,5,XYYxyXXYYx,YXXYYXYYx,orb_0285,YYXXXXyx,YYXXYXXyX,17,
sol_096,solved,YYXXXXyX,YXXXXyxxx,xx,x,1,5,XXYYYYxy,YYXyyxYXyyx,orb_0451,YYXXXXyx,YXXyxYXXyxx,19,
sol_096,solved,YYXXXXyX,YXXXXyxxx,xy,y,1,2,xxxYXXXXXXX,YxxxxyXXX,orb_0011,X,YYYYXyyyx,10,solved_to_solved
sol_096,solved,YYXXXXyX,YXXXXyxxx,yX,y,1,2,xxYXXYXXXXXXXXy,YxxxxyXXX,orb_0655,YXXXXyxxx,YYXXXXXXXXyxx,22,
sol_096,solved,YYXXXXyX,YXXXXyxxx,yx,y,1,2,YXXYXXXXyxx,YXXXXyxxx,orb_0346,YYXXXXyxx,YXXXXyxxx,18,
sol_096,solved,YYXXXXyX,YXXXXyxxx,XXy,y,1,2,XXXYXX,YXXXXyxxx,orb_0011,X,YYYYXyyyx,10,solved_to_solved
sol_096,solved,YYXXXXyX,YXXXXyxxx,xxx,x,1,3,YX,YxyXYxyXYxyXY,orb_0087,X,YYXyxYXyxYXyx,14,
sol_096,solved,YYXXXXyX,YXXXXyxxx,xxy,y,1,2,xxxYXXXXXX,YxxxxyXXX,orb_0011,X,YYYYXyyyx,10,solved_to_solved
sol_096,solved,YYXXXXyX,YXXXXyxxx,XXXy,y,1,2,XXXYXXX,YXXXXyxxx,orb_0011,X,YYYYXyyyx,10,solved_to_solved
sol_096,solved,YYXXXXyX,YXXXXyxxx,xxxx,x,0,2,XYXYXYXYx,YXXYXYXYXYx,orb_0041,X,YYYYXYxyyyyx,13,
sol_096,solved,YYXXXXyX,YXXXXyxxx,xxxy,y,1,2,xxxYXXXXX,YxxxxyXXX,orb_0011,X,YYYYXyyyx,10,solved_to_solved
sol_096,solved,YYXXXXyX,YXXXXyxxx,XXXXy,x,0,2,XyXXyXXyXXy,YYxxYxxYxxYxxx,orb_0041,X,YYYYXYxyyyyx,13,
sol_096,solved,YYXXXXyX,YXXXXyxxx,XXXXy,y,1,2,XXXYXXXX,YXXXXyxxx,orb_0011,X,YYYYXyyyx,10,solved_to_solved
sol_096,solved,YYXXXXyX,YXXXXyxxx,xxxxy,x,0,2,YYYYx,YXYYYYxx,orb_0041,X,YYYYXYxyyyyx,13,
sol_096,solved,YYXXXXyX,YXXXXyxxx,xxxxy,y,1,2,xxxYXXXX,YxxxxyXXX,orb_0011,X,YYYYXyyyx,10,solved_to_solved
sol_096,solved,YYXXXXyX,YXXXXyxxx,Yxxxxy,x,0,2,YXYXYXY,YXXYXYXYXYx,orb_0041,X,YYYYXYxyyyyx,13,
sol_096,solved,YYXXXXyX,YXXXXyxxx,Yxxxxy,y,0,2,Yxxx,YxyxxxxYX,orb_0041,X,YYYYXYxyyyyx,13,
sol_097,solved,YYXXXXyX,YXXXXyxxxxx,Xy,y,1,2,XXXXXYXXX,YXXXXyxxxxx,orb_0028,X,YYYYYXyyyyx,12,solved_to_solved
sol_097,solved,YYXXXXyX,YXXXXyxxxxx,xx,x,0,6,XYYxyyXXYYx,YXXYYXYYx,orb_0357,YYXXYXXyX,YYXXXXyxx,18,
sol_097,solved,YYXXXXyX,YXXXXyxxxxx,xx,x,1,6,XXYYYYxyy,YYYXyyxYYXyyx,orb_0694,YYXXXXyxx,YXXyxxYXXyxxx,22,
sol_097,solved,YYXXXXyX,YXXXXyxxxxx,xy,y,1,2,xxxxxYXXXXXXXXX,YxxxxyXXXXX,orb_0028,X,YYYYYXyyyyx,12,solved_to_solved
sol_097,solved,YYXXXXyX,YXXXXyxxxxx,yX,y,1,2,xxxxYYXXXXXXXXy,YxxxxyXXXXX,orb_0954,YXXXXXyxxxx,YYXXXXyxxxxxxxx,26,
sol_097,solved,YYXXXXyX,YXXXXyxxxxx,yx,y,1,2,YXXXXYXXXXyxxxx,YXXXXyxxxxx,orb_0696,YYXXXXyxxxx,YXXXXXyxxxx,22,
sol_097,solved,YYXXXXyX,YXXXXyxxxxx,XXy,y,1,2,XXXXXYXXXX,YXXXXyxxxxx,orb_0028,X,YYYYYXyyyyx,12,solved_to_solved
sol_097,solved,YYXXXXyX,YXXXXyxxxxx,xxy,y,1,2,xxxxxYXXXXXXXX,YxxxxyXXXXX,orb_0028,X,YYYYYXyyyyx,12,solved_to_solved
sol_097,solved,YYXXXXyX,YXXXXyxxxxx,XXXy,y,1,2,XXXXXYXXXXX,YXXXXyxxxxx,orb_0028,X,YYYYYXyyyyx,12,solved_to_solved
sol_097,solved,YYXXXXyX,YXXXXyxxxxx,xxxx,x,0,3,XYxyXXYx,YXXYXYXYXYx,orb_0159,YXXyxYx,YYYYXYxx,15,
sol_097,solved,YYXXXXyX,YXXXXyxxxxx,xxxx,x,1,3,XXYYxy,YYXyxYXyxYXyxYXyx,orb_0787,YYXXyx,YXyxYXyxYXyxYXyxx,23,
sol_097,solved,YYXXXXyX,YXXXXyxxxxx,xxxy,y,1,2,xxxxxYXXXXXXX,YxxxxyXXXXX,orb_0028,X,YYYYYXyyyyx,12,solved_to_solved
sol_097,solved,YYXXXXyX,YXXXXyxxxxx,XXXXy,x,0,2,XyXXyXXyXXyXXyXXy,YYxxYxxYxxYxxx,orb_0130,X,YYYYYYXyxyyyyX,15,
sol_097,solved,YYXXXXyX,YXXXXyxxxxx,XXXXy,y,1,2,XXXXXYXXXXXX,YXXXXyxxxxx,orb_0028,X,YYYYYXyyyyx,12,solved_to_solved
sol_097,solved,YYXXXXyX,YXXXXyxxxxx,xxxxy,x,0,2,YYYYYYx,YXYYYYxx,orb_0130,X,YYYYYYXyxyyyyX,15,
sol_097,solved,YYXXXXyX,YXXXXyxxxxx,xxxxy,y,1,2,xxxxxYXXXXXX,YxxxxyXXXXX,orb_0028,X,YYYYYXyyyyx,12,solved_to_solved
sol_097,solved,YYXXXXyX,YXXXXyxxxxx,Yxxxxy,x,0,2,YXYXYXYXYXY,YXXYXYXYXYx,orb_0130,X,YYYYYYXyxyyyyX,15,
sol_097,solved,YYXXXXyX,YXXXXyxxxxx,Yxxxxy,y,0,2,Yxxxxx,YxyxxxxYX,orb_0130,X,YYYYYYXyxyyyyX,15,
sol_098,solved,YYXXXXyx,YXXXXXXXXyxxxxxxx,Xy,y,1,2,XXXXXXXYYxxxxyx,YXXXXXXXXyxxxxxxx,orb_1161,YYXXXXXXyxxxx,YXXXXXXXyxxxxxxxx,30,
sol_098,solved,YYXXXXyx,YXXXXXXXXyxxxxxxx,xx,x,0,9,XYYYYxyyyXyyxx,YXyyxyyxx,orb_0628,YYXXYXXyx,YXXyXXXYxxxx,21,
sol_098,solved,YYXXXXyx,YXXXXXXXXyxxxxxxx,xx,x,1,9,XXYYxYYYXyyyyx,YYYYXyyyyxYYYXyyyyx,orb_1034,YYXXXyXX,YXXXyxxxxYXXXXyxxxx,27,
sol_098,solved,YYXXXXyx,YXXXXXXXXyxxxxxxx,xy,y,1,2,xxxxxxxYXXXXXXXYxxxxyXXXXXX,YxxxxxxxxyXXXXXXX,orb_0920,YYXXXXyX,YXXXXXXXXyxxxxxxx,25,solved_to_solved
sol_098,solved,YYXXXXyx,YXXXXXXXXyxxxxxxx,yX,y,1,2,YxxxxxxYXXXXyXXXXXX,YxxxxxxxxyXXXXXXX,orb_1160,YYXXXXXXyXXXX,YXXXXXXXyxxxxxxxx,30,
sol_098,solved,YYXXXXyx,YXXXXXXXXyxxxxxxx,yx,y,1,2,XXXXXXYxxYxxxxy,YXXXXXXXXyxxxxxxx,orb_1161,YYXXXXXXyxxxx,YXXXXXXXyxxxxxxxx,30,
sol_098,solved,YYXXXXyx,YXXXXXXXXyxxxxxxx,XXy,y,1,2,XXXXXXXYXYxxxxyx,YXXXXXXXXyxxxxxxx,orb_1161,YYXXXXXXyxxxx,YXXXXXXXyxxxxxxxx,30,
sol_098,solved,YYXXXXyx,YXXXXXXXXyxxxxxxx,Xyx,y,1,2,XXXXXXYxYxxxxy,YXXXXXXXXyxxxxxxx,orb_1161,YYXXXXXXyxxxx,YXXXXXXXyxxxxxxxx,30,
sol_098,solved,YYXXXXyx,YXXXXXXXXyxxxxxxx,xxy,y,1,2,xxxxxxxYXXXXXXYxxxxyXXXXXX,YxxxxxxxxyXXXXXXX,orb_0920,YYXXXXyX,YXXXXXXXXyxxxxxxx,25,solved_to_solved
sol_098,solved,YYXXXXyx,YXXXXXXXXyxxxxxxx,XXXy,y,1,2,XXXXXXXYXXYxxxxyx,YXXXXXXXXyxxxxxxx,orb_1161,YYXXXXXXyxxxx,YXXXXXXXyxxxxxxxx,30,
sol_098,solved,YYXXXXyx,YXXXXXXXXyxxxxxxx,XXyx,y,1,2,XXXXXXYYxxxxy,YXXXXXXXXyxxxxxxx,orb_1161,YYXXXXXXyxxxx,YXXXXXXXyxxxxxxxx,30,
sol_098,solved,YYXXXXyx,YXXXXXXXXyxxxxxxx,xxxx,x,0,4,XYYxyXyxyxyxx,YXyxyxyxyxx,orb_0380,YXXXXyXyx,YYYxxxyXyx,19,
sol_098,solved,YYXXXXyx,YXXXXXXXXyxxxxxxx,xxxy,y,1,2,xxxxxxxYXXXXXYxxxxyXXXXXX,YxxxxxxxxyXXXXXXX,orb_0920,YYXXXXyX,YXXXXXXXXyxxxxxxx,25,solved_to_solved
sol_098,solved,YYXXXXyx,YXXXXXXXXyxxxxxxx,XXXXy,x,0,2,XXXyXXyXXyXXyxxYxxYxxYxxYxxYxxYxx,YXXyXXyXXyXXyx,orb_0605,YYXXXXyx,YYxxxxyXXXXXX,21,
sol_098,solved,YYXXXXyx,YXXXXXXXXyxxxxxxx,XXXXy,y,1,2,XXXXXXXYXXXYxxxxyx,YXXXXXXXXyxxxxxxx,orb_1161,YYXXXXXXyxxxx,YXXXXXXXyxxxxxxxx,30,
sol_098,solved,YYXXXXyx,YXXXXXXXXyxxxxxxx,XXXyx,x,0,2,xYxxYxxYxxYxxyXXyXXyXXyXXyXXyXX,YxxYxxYxxYxyXX,orb_0605,YYXXXXyx,YYxxxxyXXXXXX,21,
sol_098,solved,YYXXXXyx,YXXXXXXXXyxxxxxxx,XXXyx,y,1,2,XXXXXXYXYxxxxy,YXXXXXXXXyxxxxxxx,orb_1161,YYXXXXXXyxxxx,YXXXXXXXyxxxxxxxx,30,
sol_098,solved,YYXXXXyx,YXXXXXXXXyxxxxxxx,xxxxy,x,0,2,YXYYYYxyyyyyyyx,YXyyyyxx,orb_0722,YXXXXyXYx,YXXXXyxxxxxxyx,23,
sol_098,solved,YYXXXXyx,YXXXXXXXXyxxxxxxx,xxxxy,y,1,2,xxxxxxxYXXXXYxxxxyXXXXXX,YxxxxxxxxyXXXXXXX,orb_0920,YYXXXXyX,YXXXXXXXXyxxxxxxx,25,solved_to_solved
sol_098,solved,YYXXXXyx,YXXXXXXXXyxxxxxxx,XXXXyx,y,1,2,XXXXXXYXXYxxxxy,YXXXXXXXXyxxxxxxx,orb_1161,YYXXXXXXyxxxx,YXXXXXXXyxxxxxxxx,30,
sol_098,solved,YYXXXXyx,YXXXXXXXXyxxxxxxx,xxxxxxx,x,1,2,XXyxYXyxYXyxYXyxYxyXY,YxyXYxyXYxyXYxyXYxyXYxyXYxyXY,orb_1519,YXyXXYxyXYxyXYxyXYxyx,YYxyXYxyXYxyXYxyXYxyXYxyXYxyX,50,
sol_099,solved,YYXXXXyx,YXXXXyxxx,Xy,y,1,2,XXXYx,YXXXXyxxx,orb_0011,X,YYYYXyyyx,10,solved_to_solved
sol_099,solved,YYXXXXyx,YXXXXyxxx,xx,x,0,5,XYYxyXyyxx,YXyyxyyxx,orb_0267,YXXYxxyx,YYxxYxxyX,17,
sol_099,solved,YYXXXXyx,YXXXXyxxx,xx,x,1,5,XXYYxYXyyx,YYXyyxYXyyx,orb_0305,YYXXYx,YYXyyxYYXyx,17,
sol_099,solved,YYXXXXyx,YXXXXyxxx,xy,y,1,2,xxxYXXXXX,YxxxxyXXX,orb_0011,X,YYYYXyyyx,10,solved_to_solved
sol_099,solved,YYXXXXyx,YXXXXyxxx,yX,y,1,2,YxxYXXXXyXX,YxxxxyXXX,orb_0345,YYXXXXyXX,YXXXXyxxx,18,
sol_099,solved,YYXXXXyx,YXXXXyxxx,yx,y,1,2,XXYxx,YXXXXyxxx,orb_0011,X,YYYYXyyyx,10,solved_to_solved
sol_099,solved,YYXXXXyx,YXXXXyxxx,XXy,y,1,2,XXXY,YXXXXyxxx,orb_0011,X,YYYYXyyyx,10,solved_to_solved
sol_099,solved,YYXXXXyx,YXXXXyxxx,Xyx,y,1,2,XXYx,YXXXXyxxx,orb_0011,X,YYYYXyyyx,10,solved_to_solved
sol_099,solved,YYXXXXyx,YXXXXyxxx,xxx,x,1,3,XYxyXY,YxyXYxyXYxyXY,orb_0338,YXXyx,YYXyxYXyxYXyx,18,
sol_099,solved,YYXXXXyx,YXXXXyxxx,xxy,y,1,2,xxxYXXXX,YxxxxyXXX,orb_0011,X,YYYYXyyyx,10,solved_to_solved
sol_099,solved,YYXXXXyx,YXXXXyxxx,XXXy,y,1,2,XXXYX,YXXXXyxxx,orb_0011,X,YYYYXyyyx,10,solved_to_solved
sol_099,solved,YYXXXXyx,YXXXXyxxx,XXyx,y,1,2,XXY,YXXXXyxxx,orb_0011,X,YYYYXyyyx,10,solved_to_solved
sol_099,solved,YYXXXXyx,YXXXXyxxx,xxxx,x,0,2,yxyxx,YXyxyxyxyxx,orb_0018,X,YYYYXyxyyx,11,
sol_099,solved,YYXXXXyx,YXXXXyxxx,xxxy,y,1,2,xxxYXXX,YxxxxyXXX,orb_0011,X,YYYYXyyyx,10,solved_to_solved
sol_099,solved,YYXXXXyx,YXXXXyxxx,XXXXy,x,0,2,xYxxYxx,YXXyXXyXXyXXyx,orb_0018,X,YYYYXyxyyx,11,
sol_099,solved,YYXXXXyx,YXXXXyxxx,XXXXy,y,1,2,XXXYXX,YXXXXyxxx,orb_0011,X,YYYYXyyyx,10,solved_to_solved
sol_099,solved,YYXXXXyx,YXXXXyxxx,XXXyx,x,0,2,xyXXyXX,YxxYxxYxxYxyXX,orb_0018,X,YYYYXyxyyx,11,
sol_099,solved,YYXXXXyx,YXXXXyxxx,XXXyx,y,1,2,XXYX,YXXXXyxxx,orb_0011,X,YYYYXyyyx,10,solved_to_solved
sol_099,solved,YYXXXXyx,YXXXXyxxx,xxxxy,x,0,2,yyx,YXyyyyxx,orb_0018,X,YYYYXyxyyx,11,
sol_099,solved,YYXXXXyx,YXXXXyxxx,xxxxy,y,1,2,xxxYXX,YxxxxyXXX,orb_0011,X,YYYYXyyyx,10,solved_to_solved
sol_099,solved,YYXXXXyx,YXXXXyxxx,Yxxxxy,x,0,2,xyxyx,YXyxyxyxyxx,orb_0018,X,YYYYXyxyyx,11,
sol_099,solved,YYXXXXyx,YXXXXyxxx,Yxxxxy,y,0,2,Yxxx,YXyxxxxYx,orb_0018,X,YYYYXyxyyx,11,
sol_099,solved,YYXXXXyx,YXXXXyxxx,XXXXyx,y,1,2,XXYXX,YXXXXyxxx,orb_0011,X,YYYYXyyyx,10,solved_to_solved
sol_100,solved,YYXXXXyx,YXXXXyxxxxx,Xy,y,1,2,XXXXXYX,YXXXXyxxxxx,orb_0028,X,YYYYYXyyyyx,12,solved_to_solved
sol_100,solved,YYXXXXyx,YXXXXyxxxxx,xx,x,0,6,XYYxyyXyyxx,YXyyxyyxx,orb_0358,YYXXYXXyx,YXXyXXYxx,18,
sol_100,solved,YYXXXXyx,YXXXXyxxxxx,xx,x,1,6,XXYYxYYXyyx,YYYXyyxYYXyyx,orb_0528,YYXXYYx,YYYXyyxYYXyyx,20,
sol_100,solved,YYXXXXyx,YXXXXyxxxxx,xy,y,1,2,xxxxxYXXXXXXX,YxxxxyXXXXX,orb_0028,X,YYYYYXyyyyx,12,solved_to_solved
sol_100,solved,YYXXXXyx,YXXXXyxxxxx,yX,y,1,2,YxxxxYXXXXyXXXX,YxxxxyXXXXX,orb_0693,YYXXXXyXXXX,YXXXXXyxxxx,22,
sol_100,solved,YYXXXXyx,YXXXXyxxxxx,yx,y,1,2,XXXXY,YXXXXyxxxxx,orb_0028,X,YYYYYXyyyyx,12,solved_to_solved
sol_100,solved,YYXXXXyx,YXXXXyxxxxx,XXy,y,1,2,XXXXXYXX,YXXXXyxxxxx,orb_0028,X,YYYYYXyyyyx,12,solved_to_solved
sol_100,solved,YYXXXXyx,YXXXXyxxxxx,Xyx,y,1,2,XXXXYX,YXXXXyxxxxx,orb_0028,X,YYYYYXyyyyx,12,solved_to_solved
sol_100,solved,YYXXXXyx,YXXXXyxxxxx,xxy,y,1,2,xxxxxYXXXXXX,YxxxxyXXXXX,orb_0028,X,YYYYYXyyyyx,12,solved_to_solved
sol_100,solved,YYXXXXyx,YXXXXyxxxxx,XXXy,y,1,2,XXXXXYXXX,YXXXXyxxxxx,orb_0028,X,YYYYYXyyyyx,12,solved_to_solved
sol_100,solved,YYXXXXyx,YXXXXyxxxxx,XXyx,y,1,2,XXXXYXX,YXXXXyxxxxx,orb_0028,X,YYYYYXyyyyx,12,solved_to_solved
sol_100,solved,YYXXXXyx,YXXXXyxxxxx,xxxx,x,0,3,XYxyXyxx,YXyxyxyxyxx,orb_0165,YXyXYxx,YYYYXXyx,15,
sol_100,solved,YYXXXXyx,YXXXXyxxxxx,xxxx,x,1,3,XXYxYXyx,YYXyxYXyxYXyxYXyx,orb_0678,YXXYx,YYXyxYXyxYXyxYXyx,22,
sol_100,solved,YYXXXXyx,YXXXXyxxxxx,xxxy,y,1,2,xxxxxYXXXXX,YxxxxyXXXXX,orb_0028,X,YYYYYXyyyyx,12,solved_to_solved
sol_100,solved,YYXXXXyx,YXXXXyxxxxx,XXXXy,x,0,2,xYxxYxxYxxYxx,YXXyXXyXXyXXyx,orb_0040,X,YYYYXYxyyyyX,13,
sol_100,solved,YYXXXXyx,YXXXXyxxxxx,XXXXy,y,1,2,XXXXXYXXXX,YXXXXyxxxxx,orb_0028,X,YYYYYXyyyyx,12,solved_to_solved
sol_100,solved,YYXXXXyx,YXXXXyxxxxx,XXXyx,x,0,2,xyXXyXXyXXyXX,YxxYxxYxxYxyXX,orb_0040,X,YYYYXYxyyyyX,13,
sol_100,solved,YYXXXXyx,YXXXXyxxxxx,XXXyx,y,1,2,XXXXYXXX,YXXXXyxxxxx,orb_0028,X,YYYYYXyyyyx,12,solved_to_solved
sol_100,solved,YYXXXXyx,YXXXXyxxxxx,xxxxy,x,0,2,yyyyx,YXyyyyxx,orb_0040,X,YYYYXYxyyyyX,13,
sol_100,solved,YYXXXXyx,YXXXXyxxxxx,xxxxy,y,1,2,xxxxxYXXXX,YxxxxyXXXXX,orb_0028,X,YYYYYXyyyyx,12,solved_to_solved
sol_100,solved,YYXXXXyx,YXXXXyxxxxx,Yxxxxy,x,0,2,xyxyxyxyx,YXyxyxyxyxx,orb_0040,X,YYYYXYxyyyyX,13,
sol_100,solved,YYXXXXyx,YXXXXyxxxxx,Yxxxxy,y,0,2,Yxxxxx,YXyxxxxYx,orb_0040,X,YYYYXYxyyyyX,13,
sol_100,solved,YYXXXXyx,YXXXXyxxxxx,XXXXyx,y,1,2,XXXXYXXXX,YXXXXyxxxxx,orb_0028,X,YYYYYXyyyyx,12,solved_to_solved
sol_101,solved,YYXXXXyx,YXXXyxxxx,Xy,y,1,2,XXXXYXXYXyx,YXXXyxxxx,orb_0213,YYXXXyX,YXXXXyxxx,16,solved_to_solved
sol_101,solved,YYXXXXyx,YXXXyxxxx,xx,x,0,5,XYXXYYxxyy,YXyyxyyxx,orb_0471,YYXXYXXyx,YYXXyyxxYX,19,
sol_101,solved,YYXXXXyx,YXXXyxxxx,xx,x,1,5,XXYYxxyyXY,YxyyXYxyyXY,orb_0629,YYXXYXyyxx,YYXyyxYXyyx,21,
sol_101,solved,YYXXXXyx,YXXXyxxxx,xy,y,1,2,xxxxYXXYXyXXX,YxxxyXXXX,orb_0116,YXXyx,YYYYXyyyx,14,solved_to_solved
sol_101,solved,YYXXXXyx,YXXXyxxxx,yX,y,1,2,YxxxYXXXXyXXX,YxxxyXXXX,orb_0384,YXXXXyxxx,YYXXXyXXXX,19,
sol_101,solved,YYXXXXyx,YXXXyxxxx,yx,y,1,2,XXXYYXy,YXXXyxxxx,orb_0213,YYXXXyX,YXXXXyxxx,16,solved_to_solved
sol_101,solved,YYXXXXyx,YXXXyxxxx,XXy,y,1,2,XXXXYXXXYXyx,YXXXyxxxx,orb_0213,YYXXXyX,YXXXXyxxx,16,solved_to_solved
sol_101,solved,YYXXXXyx,YXXXyxxxx,Xyx,y,1,2,XXXYXYXy,YXXXyxxxx,orb_0213,YYXXXyX,YXXXXyxxx,16,solved_to_solved
sol_101,solved,YYXXXXyx,YXXXyxxxx,xxx,x,1,3,XXYXYxyxYXyx,YYXyxYXyxYXyx,orb_0711,YYXXyxxyX,YYXyxYXyxYXyx,22,
sol_101,solved,YYXXXXyx,YXXXyxxxx,xxy,y,1,2,xxxxYXYXyXXX,YxxxyXXXX,orb_0116,YXXyx,YYYYXyyyx,14,solved_to_solved
sol_101,solved,YYXXXXyx,YXXXyxxxx,XXXy,y,1,2,XXXXYXXXXYXyx,YXXXyxxxx,orb_0213,YYXXXyX,YXXXXyxxx,16,solved_to_solved
sol_101,solved,YYXXXXyx,YXXXyxxxx,XXyx,y,1,2,XXXYXXYXy,YXXXyxxxx,orb_0213,YYXXXyX,YXXXXyxxx,16,solved_to_solved
sol_101,solved,YYXXXXyx,YXXXyxxxx,xxxx,x,0,2,XXXYXYXYxxy,YXyxyxyxyxx,orb_0286,YYXXXXyx,YYYXXXyyx,17,
sol_101,solved,YYXXXXyx,YXXXyxxxx,xxxy,y,1,2,xxxxYYXyXXX,YxxxyXXXX,orb_0116,YXXyx,YYYYXyyyx,14,solved_to_solved
sol_101,solved,YYXXXXyx,YXXXyxxxx,XXXyx,x,0,2,XyyXXyXXyXX,YxxYxxYxxYxyXX,orb_0168,YYXXXyX,YYxyXXXX,15,
sol_101,solved,YYXXXXyx,YXXXyxxxx,XXXyx,y,1,2,XXXYXXXYXy,YXXXyxxxx,orb_0213,YYXXXyX,YXXXXyxxx,16,solved_to_solved
sol_102,solved,YYXXXyXX,YXXXXXXyxxxxx,Xy,y,1,2,XXXXXYYxxxyXX,YXXXXXXyxxxxx,orb_0974,YYXXXXXXXyxxx,YXXXXXyxxxxxx,26,
sol_102,solved,YYXXXyXX,YXXXXXXyxxxxx,xx,x,0,7,XYYYxyyxYXXY,YxYXXYxYXXY,orb_0781,YYXXYxYXXYx,YYYXYXXYxyyx,23,
sol_102,solved,YYXXXyXX,YXXXXXXyxxxxx,xx,x,1,7,XXYXYYYxyyxY,YYYXyyyxYYXyyyx,orb_0979,YYXXXyxyXYx,YXXXyxxYXXXyxxx,26,
sol_102,solved,YYXXXyXX,YXXXXXXyxxxxx,xy,y,1,2,xxxxxYXXXXXYxxxyXXXXXXX,YxxxxxxyXXXXX,orb_0614,YYXXXyxx,YXXXXXXyxxxxx,21,solved_to_solved
sol_102,solved,YYXXXyXX,YXXXXXXyxxxxx,yX,y,1,2,xxxxYXXYXXXXXXXXXyX,YxxxxxxyXXXXX,orb_1052,YXXXXXXyxxxxx,YYXXXXXXXXXyxxx,28,
sol_102,solved,YYXXXyXX,YXXXXXXyxxxxx,yx,y,1,2,YXXXXYXXXyxxx,YXXXXXXyxxxxx,orb_0703,YYXXXyxxx,YXXXXXXyxxxxx,22,
sol_102,solved,YYXXXyXX,YXXXXXXyxxxxx,XXy,y,1,2,XXXXXYXYxxxyXX,YXXXXXXyxxxxx,orb_0974,YYXXXXXXXyxxx,YXXXXXyxxxxxx,26,
sol_102,solved,YYXXXyXX,YXXXXXXyxxxxx,xxy,y,1,2,xxxxxYXXXXYxxxyXXXXXXX,YxxxxxxyXXXXX,orb_0614,YYXXXyxx,YXXXXXXyxxxxx,21,solved_to_solved
sol_102,solved,YYXXXyXX,YXXXXXXyxxxxx,yXX,y,1,2,xxxYXXXYXXXXXXXXXy,YxxxxxxyXXXXX,orb_1052,YXXXXXXyxxxxx,YYXXXXXXXXXyxxx,28,
sol_102,solved,YYXXXyXX,YXXXXXXyxxxxx,yxx,y,1,2,YXXXYXXXyxxx,YXXXXXXyxxxxx,orb_0703,YYXXXyxxx,YXXXXXXyxxxxx,22,
sol_102,solved,YYXXXyXX,YXXXXXXyxxxxx,XXXy,y,1,2,XXXXXYXXYxxxyXX,YXXXXXXyxxxxx,orb_0974,YYXXXXXXXyxxx,YXXXXXyxxxxxx,26,
sol_102,solved,YYXXXyXX,YXXXXXXyxxxxx,xxxy,y,1,2,xxxxxYXXXYxxxyXXXXXXX,YxxxxxxyXXXXX,orb_0614,YYXXXyxx,YXXXXXXyxxxxx,21,solved_to_solved
sol_102,solved,YYXXXyXX,YXXXXXXyxxxxx,xxxxx,x,1,2,XXyxYXyxYXyxxYXyxYX,YxyXYxyXYxyXYxyXYxyXY,orb_1441,YXyxYXyxYXXXyxYXyxx,YYXyxYXyxYXyxYXyxYXyx,40,
sol_103,solved,YYXXXyXX,YXXXXXXyxxxxxxx,Xy,y,1,2,XXXXXXXYXXYxxxyXX,YXXXXXXyxxxxxxx,orb_1159,YYXXXXXXXXXyxxx,YXXXXXXXyxxxxxx,30,
sol_103,solved,YYXXXyXX,YXXXXXXyxxxxxxx,xx,x,0,8,XYYYxyyyxYXXY,YxYXXYxYXXY,orb_0845,YYXXYxYXXYx,YYYXYXXYxyyyx,24,
sol_103,solved,YYXXXyXX,YXXXXXXyxxxxxxx,xx,x,1,8,XXYXYYYxyyyxY,YYYYXyyyxYYYXyyyx,orb_1128,YYXXXyxxyXYx,YXXXyxxxYXXXyxxxx,29,
sol_103,solved,YYXXXyXX,YXXXXXXyxxxxxxx,xy,y,1,2,xxxxxxxYXXXXXYxxxyXXXXXXXXX,YxxxxxxyXXXXXXX,orb_0768,YYXXXyxx,YXXXXXXyxxxxxxx,23,solved_to_solved
sol_103,solved,YYXXXyXX,YXXXXXXyxxxxxxx,yX,y,1,2,xxxxxxYYXXXXXXXXXyX,YxxxxxxyXXXXXXX,orb_1197,YXXXXXXXyxxxxxx,YYXXXXXyxxxxxxxxx,32,
sol_103,solved,YYXXXyXX,YXXXXXXyxxxxxxx,yx,y,1,2,YXXXXXXYXXXyxxxxx,YXXXXXXyxxxxxxx,orb_0976,YYXXXXXyxxx,YXXXXXXXyxxxxxx,26,
sol_103,solved,YYXXXyXX,YXXXXXXyxxxxxxx,XXy,y,1,2,XXXXXXXYXXXYxxxyXX,YXXXXXXyxxxxxxx,orb_1159,YYXXXXXXXXXyxxx,YXXXXXXXyxxxxxx,30,
sol_103,solved,YYXXXyXX,YXXXXXXyxxxxxxx,xxx,x,1,5,XXYYYxyyXYYxyy,YYYXyyxYYXyyxYYXyyx,orb_1255,YYXXXyxxYXXyxx,YXXyxxYXXyxxYXXyxxx,33,
sol_103,solved,YYXXXyXX,YXXXXXXyxxxxxxx,xxy,y,1,2,xxxxxxxYXXXXYxxxyXXXXXXXXX,YxxxxxxyXXXXXXX,orb_0768,YYXXXyxx,YXXXXXXyxxxxxxx,23,solved_to_solved
sol_103,solved,YYXXXyXX,YXXXXXXyxxxxxxx,yXX,y,1,2,xxxxxYXYXXXXXXXXXy,YxxxxxxyXXXXXXX,orb_1197,YXXXXXXXyxxxxxx,YYXXXXXyxxxxxxxxx,32,
sol_103,solved,YYXXXyXX,YXXXXXXyxxxxxxx,yxx,y,1,2,YXXXXXYXXXyxxxxx,YXXXXXXyxxxxxxx,orb_0976,YYXXXXXyxxx,YXXXXXXXyxxxxxx,26,
sol_103,solved,YYXXXyXX,YXXXXXXyxxxxxxx,XXXy,y,1,2,XXXXXXXYXXXXYxxxyXX,YXXXXXXyxxxxxxx,orb_1159,YYXXXXXXXXXyxxx,YXXXXXXXyxxxxxx,30,
sol_103,solved,YYXXXyXX,YXXXXXXyxxxxxxx,xxxy,y,1,2,xxxxxxxYXXXYxxxyXXXXXXXXX,YxxxxxxyXXXXXXX,orb_0768,YYXXXyxx,YXXXXXXyxxxxxxx,23,solved_to_solved
sol_103,solved,YYXXXyXX,YXXXXXXyxxxxxxx,xxxxxx,x,1,2,XXXYxyXYxyXYxxyXYxy,YYXyxYXyxYXyxYXyxYXyxYXyx,orb_1484,YXyxYXyxYXXXyxYXyxx,YYxyXYxyXYxyXYxyXYxyXYxyX,44,
sol_104,solved,YYXXXyXX,YXXXXXyxxxx,Xy,y,1,2,XXXXYYxxyXX,YXXXXXyxxxx,orb_0689,YYXXXXXXyxx,YXXXXyxxxxx,22,
sol_104,solved,YYXXXyXX,YXXXXXyxxxx,xx,x,0,6,XYxxyyy,YxYXXYxYXXY,orb_0351,YYXXXyx,YYXyXYYXyXX,18,
sol_104,solved,YYXXXyXX,YXXXXXyxxxx,xx,x,1,6,XXyxYYY,YxyyXYYxyyXYY,orb_0524,YYXXXyx,YXXyxxYXXyxxx,20,
sol_104,solved,YYXXXyXX,YXXXXXyxxxx,xy,y,1,2,xxxxYXXXXYxxyXXXXXX,YxxxxxyXXXX,orb_0361,YYXXyxx,YXXXXXyxxxx,18,solved_to_solved
sol_104,solved,YYXXXyXX,YXXXXXyxxxx,yX,y,1,2,xxxYXXYXXXXXXXXyX,YxxxxxyXXXX,orb_0801,YXXXXXyxxxx,YYXXXXXXXXyxx,24,
sol_104,solved,YYXXXyXX,YXXXXXyxxxx,yx,y,1,2,YXXXYXXXyxx,YXXXXXyxxxx,orb_0462,YYXXXyxx,YXXXXXyxxxx,19,solved_to_solved
sol_104,solved,YYXXXyXX,YXXXXXyxxxx,XXy,y,1,2,XXXXYXYxxyXX,YXXXXXyxxxx,orb_0689,YYXXXXXXyxx,YXXXXyxxxxx,22,
sol_104,solved,YYXXXyXX,YXXXXXyxxxx,xxy,y,1,2,xxxxYXXXYxxyXXXXXX,YxxxxxyXXXX,orb_0361,YYXXyxx,YXXXXXyxxxx,18,solved_to_solved
sol_104,solved,YYXXXyXX,YXXXXXyxxxx,yXX,y,1,2,xxYXXXYXXXXXXXXy,YxxxxxyXXXX,orb_0801,YXXXXXyxxxx,YYXXXXXXXXyxx,24,
sol_104,solved,YYXXXyXX,YXXXXXyxxxx,yxx,y,1,2,YXXYXXXyxx,YXXXXXyxxxx,orb_0462,YYXXXyxx,YXXXXXyxxxx,19,solved_to_solved
sol_104,solved,YYXXXyXX,YXXXXXyxxxx,XXXy,y,1,2,XXXXYXXYxxyXX,YXXXXXyxxxx,orb_0689,YYXXXXXXyxx,YXXXXyxxxxx,22,
sol_104,solved,YYXXXyXX,YXXXXXyxxxx,xxxx,x,1,2,XXyxYXyxYXyxxYXyxYX,YxyXYxyXYxyXYxyXY,orb_1339,YXyxYXyxYXyxYXXyx,YYYXyxYXyxYXyyxYXyx,36,
sol_104,solved,YYXXXyXX,YXXXXXyxxxx,xxxy,y,1,2,xxxxYXXYxxyXXXXXX,YxxxxxyXXXX,orb_0361,YYXXyxx,YXXXXXyxxxx,18,solved_to_solved
sol_105,solved,YYXXXyXX,YXXXXXyxxxxxx,Xy,y,1,2,XXXXXXYXXYxxyXX,YXXXXXyxxxxxx,orb_0973,YYXXXXXXXXyxx,YXXXXXXyxxxxx,26,
sol_105,solved,YYXXXyXX,YXXXXXyxxxxxx,xx,x,0,7,XYxxyyyy,YxYXXYxYXXY,orb_0452,YYXXXXyx,YYXyXYYXyXX,19,
sol_105,solved,YYXXXyXX,YXXXXXyxxxxxx,xx,x,1,7,XXyxYYYY,YxyyyXYYxyyyXYY,orb_0757,YYXXXXyx,YXXXyxxYXXXyxxx,23,
sol_105,solved,YYXXXyXX,YXXXXXyxxxxxx,xy,y,1,2,xxxxxxYXXXXYxxyXXXXXXXX,YxxxxxyXXXXXX,orb_0530,YYXXyxx,YXXXXXXyxxxxx,20,solved_to_solved
sol_105,solved,YYXXXyXX,YXXXXXyxxxxxx,yX,y,1,2,xxxxxYYXXXXXXXXyX,YxxxxxyXXXXXX,orb_1055,YXXXXXXyxxxxx,YYXXXXyxxxxxxxx,28,
sol_105,solved,YYXXXyXX,YXXXXXyxxxxxx,yx,y,1,2,YXXXXXYXXXyxxxx,YXXXXXyxxxxxx,orb_0759,YYXXXXyxxx,YXXXXXXyxxxxx,23,
sol_105,solved,YYXXXyXX,YXXXXXyxxxxxx,XXy,y,1,2,XXXXXXYXXXYxxyXX,YXXXXXyxxxxxx,orb_0973,YYXXXXXXXXyxx,YXXXXXXyxxxxx,26,
sol_105,solved,YYXXXyXX,YXXXXXyxxxxxx,xxy,y,1,2,xxxxxxYXXXYxxyXXXXXXXX,YxxxxxyXXXXXX,orb_0530,YYXXyxx,YXXXXXXyxxxxx,20,solved_to_solved
sol_105,solved,YYXXXyXX,YXXXXXyxxxxxx,yXX,y,1,2,xxxxYXYXXXXXXXXy,YxxxxxyXXXXXX,orb_1055,YXXXXXXyxxxxx,YYXXXXyxxxxxxxx,28,
sol_105,solved,YYXXXyXX,YXXXXXyxxxxxx,yxx,y,1,2,YXXXXYXXXyxxxx,YXXXXXyxxxxxx,orb_0759,YYXXXXyxxx,YXXXXXXyxxxxx,23,
sol_105,solved,YYXXXyXX,YXXXXXyxxxxxx,XXXy,y,1,2,XXXXXXYXXXXYxxyXX,YXXXXXyxxxxxx,orb_0973,YYXXXXXXXXyxx,YXXXXXXyxxxxx,26,
sol_105,solved,YYXXXyXX,YXXXXXyxxxxxx,xxxy,y,1,2,xxxxxxYXXYxxyXXXXXXXX,YxxxxxyXXXXXX,orb_0530,YYXXyxx,YXXXXXXyxxxxx,20,solved_to_solved
sol_105,solved,YYXXXyXX,YXXXXXyxxxxxx,xxxxx,x,1,2,XXXYxyXYxyXYxxyXYxy,YYXyxYXyxYXyxYXyxYXyx,orb_1442,YXyxYXyxYXXXyxYXyxx,YYxyXYxyXYxyXYxyXYxyX,40,
sol_106,solved,YYXXXyXX,YXXXyxxxx,Xy,y,1,2,XXXXYXXXX,YXXXyxxxx,orb_0011,X,YYYYXyyyx,10,solved_to_solved
sol_106,solved,YYXXXyXX,YXXXyxxxx,xx,x,0,5,xyyy,YxYXXYxYXXY,orb_0132,YXXX,YYXyXYYXXyX,15,
sol_106,solved,YYXXXyXX,YXXXyxxxx,xx,x,1,5,XYYY,YxyyXYxyyXY,orb_0027,X,YYXyyxYXyyx,12,
sol_106,solved,YYXXXyXX,YXXXyxxxx,xy,y,1,2,xxxxYXXXXXXXX,YxxxyXXXX,orb_0011,X,YYYYXyyyx,10,solved_to_solved
sol_106,solved,YYXXXyXX,YXXXyxxxx,yX,y,1,2,xxxYYXXXXXXyX,YxxxyXXXX,orb_0495,YXXXXyxxx,YYXXyxxxxxx,20,
sol_106,solved,YYXXXyXX,YXXXyxxxx,yx,y,1,2,YXXXYXXXyxx,YXXXyxxxx,orb_0299,YYXXXyxx,YXXXyxxxx,17,solved_to_solved
sol_106,solved,YYXXXyXX,YXXXyxxxx,XXy,y,1,2,XXXXYXXXXX,YXXXyxxxx,orb_0011,X,YYYYXyyyx,10,solved_to_solved
sol_106,solved,YYXXXyXX,YXXXyxxxx,xxx,x,1,3,XXYYxyXYxy,YYXyxYXyxYXyx,orb_0794,YYXXyxYXyx,YXyxYXyxYXyxx,23,
sol_106,solved,YYXXXyXX,YXXXyxxxx,xxy,y,1,2,xxxxYXXXXXXX,YxxxyXXXX,orb_0011,X,YYYYXyyyx,10,solved_to_solved
sol_106,solved,YYXXXyXX,YXXXyxxxx,yXX,y,1,2,xxYXYXXXXXXy,YxxxyXXXX,orb_0495,YXXXXyxxx,YYXXyxxxxxx,20,
sol_106,solved,YYXXXyXX,YXXXyxxxx,yxx,y,1,2,YXXYXXXyxx,YXXXyxxxx,orb_0299,YYXXXyxx,YXXXyxxxx,17,solved_to_solved
sol_106,solved,YYXXXyXX,YXXXyxxxx,XXXy,y,1,2,XXXXYXXXXXX,YXXXyxxxx,orb_0011,X,YYYYXyyyx,10,solved_to_solved
sol_106,solved,YYXXXyXX,YXXXyxxxx,xxxy,y,1,2,xxxxYXXXXXX,YxxxyXXXX,orb_0011,X,YYYYXyyyx,10,solved_to_solved
sol_106,solved,YYXXXyXX,YXXXyxxxx,Yxxxy,y,0,2,Yxxxx,YxxyxxxYXX,orb_0131,X,YYYYYYXyyxyyyX,15,
sol_107,solved,YYXXXyxx,YXXXXXXXyxxxxxx,Xy,y,1,2,XXXXXXYYxxxxyxx,YXXXXXXXyxxxxxx,orb_0978,YYXXXXyxxxx,YXXXXXXXyxxxxxx,26,
sol_107,solved,YYXXXyxx,YXXXXXXXyxxxxxx,xx,x,0,8,XYYxxyy,YxyXXYxyXXY,orb_0366,YYXXyxx,YYxyXYYxxyX,18,
sol_107,solved,YYXXXyxx,YXXXXXXXyxxxxxx,xx,x,1,8,XXyyxYY,YxyyyXYYYxyyyXYYY,orb_0851,YYXXyxx,YXXXyxxxYXXXXyxxx,24,
sol_107,solved,YYXXXyxx,YXXXXXXXyxxxxxx,xy,y,1,2,xxxxxxYXXXXXXYxxxxyXXXX,YxxxxxxxyXXXXXX,orb_0838,YYXXXXyXX,YXXXXXXXyxxxxxx,24,
sol_107,solved,YYXXXyxx,YXXXXXXXyxxxxxx,yX,y,1,2,YxxxxxYXXXyXXXX,YxxxxxxxyXXXXXX,orb_0921,YYXXXXyXXX,YXXXXXXyxxxxxxx,25,
sol_107,solved,YYXXXyxx,YXXXXXXXyxxxxxx,yx,y,1,2,XXXXXYxxYxxxxyx,YXXXXXXXyxxxxxx,orb_0978,YYXXXXyxxxx,YXXXXXXXyxxxxxx,26,
sol_107,solved,YYXXXyxx,YXXXXXXXyxxxxxx,XXy,y,1,2,XXXXXXYXYxxxxyxx,YXXXXXXXyxxxxxx,orb_0978,YYXXXXyxxxx,YXXXXXXXyxxxxxx,26,
sol_107,solved,YYXXXyxx,YXXXXXXXyxxxxxx,Xyx,y,1,2,XXXXXYxYxxxxyx,YXXXXXXXyxxxxxx,orb_0978,YYXXXXyxxxx,YXXXXXXXyxxxxxx,26,
sol_107,solved,YYXXXyxx,YXXXXXXXyxxxxxx,xxx,x,1,5,XXYxxyyXYYxyyXYY,YxyyXYYxyyXYYxyyXYY,orb_1305,YYXXYxxyXXYxxyyX,YXXyxxYXXyxxYXXyxxx,35,
sol_107,solved,YYXXXyxx,YXXXXXXXyxxxxxx,xxy,y,1,2,xxxxxxYXXXXXYxxxxyXXXX,YxxxxxxxyXXXXXX,orb_0838,YYXXXXyXX,YXXXXXXXyxxxxxx,24,
sol_107,solved,YYXXXyxx,YXXXXXXXyxxxxxx,yXX,y,1,2,YxxxxYXXXyXXXX,YxxxxxxxyXXXXXX,orb_0921,YYXXXXyXXX,YXXXXXXyxxxxxxx,25,
sol_107,solved,YYXXXyxx,YXXXXXXXyxxxxxx,yxx,y,1,2,XXXXYxxxYxxxxy,YXXXXXXXyxxxxxx,orb_0978,YYXXXXyxxxx,YXXXXXXXyxxxxxx,26,
sol_107,solved,YYXXXyxx,YXXXXXXXyxxxxxx,XXXy,y,1,2,XXXXXXYXXYxxxxyxx,YXXXXXXXyxxxxxx,orb_0978,YYXXXXyxxxx,YXXXXXXXyxxxxxx,26,
sol_107,solved,YYXXXyxx,YXXXXXXXyxxxxxx,XXyx,y,1,2,XXXXXYYxxxxyx,YXXXXXXXyxxxxxx,orb_0978,YYXXXXyxxxx,YXXXXXXXyxxxxxx,26,
sol_107,solved,YYXXXyxx,YXXXXXXXyxxxxxx,Xyxx,y,1,2,XXXXYxxYxxxxy,YXXXXXXXyxxxxxx,orb_0978,YYXXXXyxxxx,YXXXXXXXyxxxxxx,26,
sol_107,solved,YYXXXyxx,YXXXXXXXyxxxxxx,xxxy,y,1,2,xxxxxxYXXXXYxxxxyXXXX,YxxxxxxxyXXXXXX,orb_0838,YYXXXXyXX,YXXXXXXXyxxxxxx,24,
sol_107,solved,YYXXXyxx,YXXXXXXXyxxxxxx,XXXyx,x,0,2,XXXyXXyXXyXXyxxYxxYxxYxxYxx,YXXyXXyXXyxYxx,orb_0468,YYXXXyxx,YYxxxxyXXXX,19,
sol_107,solved,YYXXXyxx,YXXXXXXXyxxxxxx,XXXyx,y,1,2,XXXXXYXYxxxxyx,YXXXXXXXyxxxxxx,orb_0978,YYXXXXyxxxx,YXXXXXXXyxxxxxx,26,
sol_107,solved,YYXXXyxx,YXXXXXXXyxxxxxx,XXyxx,x,0,2,xYxxYxxYxxYxxyXXyXXyXXyXX,YxxYxxYxyXXyXX,orb_0468,YYXXXyxx,YYxxxxyXXXX,19,
sol_107,solved,YYXXXyxx,YXXXXXXXyxxxxxx,XXyxx,y,1,2,XXXXYxYxxxxy,YXXXXXXXyxxxxxx,orb_0978,YYXXXXyxxxx,YXXXXXXXyxxxxxx,26,
sol_107,solved,YYXXXyxx,YXXXXXXXyxxxxxx,XXXyxx,y,1,2,XXXXYYxxxxy,YXXXXXXXyxxxxxx,orb_0978,YYXXXXyxxxx,YXXXXXXXyxxxxxx,26,
sol_107,solved,YYXXXyxx,YXXXXXXXyxxxxxx,xxxxxx,x,1,2,XXyxYXyxYXyxYxyXYxyXY,YxyXYxyXYxyXYxyXYxyXYxyXY,orb_1490,YXyXXYxyXYxyXYxyxYXyx,YYxyXYxyXYxyXYxyXYxyXYxyX,46,
sol_108,solved,YYXXXyxx,YXXXXXXyxxxxx,Xy,y,1,2,XXXXXYYxxxyxx,YXXXXXXyxxxxx,orb_0703,YYXXXyxxx,YXXXXXXyxxxxx,22,
sol_108,solved,YYXXXyxx,YXXXXXXyxxxxx,xx,x,0,7,XYYYxyyxyXXY,YxyXXYxyXXY,orb_0792,YYXXyxYXXyx,YYYXYXXyxyyx,23,
sol_108,solved,YYXXXyxx,YXXXXXXyxxxxx,xx,x,1,7,XXYXYYYxyyxy,YYYXyyyxYYXyyyx,orb_0980,YYXXXyxyxYx,YXXXyxxYXXXyxxx,26,
sol_108,solved,YYXXXyxx,YXXXXXXyxxxxx,xy,y,1,2,xxxxxYXXXXXYxxxyXXX,YxxxxxxyXXXXX,orb_0612,YYXXXyXX,YXXXXXXyxxxxx,21,solved_to_solved
sol_108,solved,YYXXXyxx,YXXXXXXyxxxxx,yX,y,1,2,YxxxxYXXXyXXX,YxxxxxxyXXXXX,orb_0700,YYXXXyXXX,YXXXXXXyxxxxx,22,
sol_108,solved,YYXXXyxx,YXXXXXXyxxxxx,yx,y,1,2,XXXXYxxYxxxyx,YXXXXXXyxxxxx,orb_0703,YYXXXyxxx,YXXXXXXyxxxxx,22,
sol_108,solved,YYXXXyxx,YXXXXXXyxxxxx,XXy,y,1,2,XXXXXYXYxxxyxx,YXXXXXXyxxxxx,orb_0703,YYXXXyxxx,YXXXXXXyxxxxx,22,
sol_108,solved,YYXXXyxx,YXXXXXXyxxxxx,Xyx,y,1,2,XXXXYxYxxxyx,YXXXXXXyxxxxx,orb_0703,YYXXXyxxx,YXXXXXXyxxxxx,22,
sol_108,solved,YYXXXyxx,YXXXXXXyxxxxx,xxy,y,1,2,xxxxxYXXXXYxxxyXXX,YxxxxxxyXXXXX,orb_0612,YYXXXyXX,YXXXXXXyxxxxx,21,solved_to_solved
sol_108,solved,YYXXXyxx,YXXXXXXyxxxxx,yXX,y,1,2,YxxxYXXXyXXX,YxxxxxxyXXXXX,orb_0700,YYXXXyXXX,YXXXXXXyxxxxx,22,
sol_108,solved,YYXXXyxx,YXXXXXXyxxxxx,yxx,y,1,2,XXXYxxxYxxxy,YXXXXXXyxxxxx,orb_0703,YYXXXyxxx,YXXXXXXyxxxxx,22,
sol_108,solved,YYXXXyxx,YXXXXXXyxxxxx,XXXy,y,1,2,XXXXXYXXYxxxyxx,YXXXXXXyxxxxx,orb_0703,YYXXXyxxx,YXXXXXXyxxxxx,22,
sol_108,solved,YYXXXyxx,YXXXXXXyxxxxx,XXyx,y,1,2,XXXXYYxxxyx,YXXXXXXyxxxxx,orb_0703,YYXXXyxxx,YXXXXXXyxxxxx,22,
sol_108,solved,YYXXXyxx,YXXXXXXyxxxxx,Xyxx,y,1,2,XXXYxxYxxxy,YXXXXXXyxxxxx,orb_0703,YYXXXyxxx,YXXXXXXyxxxxx,22,
sol_108,solved,YYXXXyxx,YXXXXXXyxxxxx,xxxy,y,1,2,xxxxxYXXXYxxxyXXX,YxxxxxxyXXXXX,orb_0612,YYXXXyXX,YXXXXXXyxxxxx,21,solved_to_solved
sol_108,solved,YYXXXyxx,YXXXXXXyxxxxx,XXXyx,x,0,2,XXXyXXyXXyxxYxxYxxYxx,YXXyXXyXXyxYxx,orb_0302,YYXXXyxx,YYxxxyXXX,17,
sol_108,solved,YYXXXyxx,YXXXXXXyxxxxx,XXXyx,y,1,2,XXXXYXYxxxyx,YXXXXXXyxxxxx,orb_0703,YYXXXyxxx,YXXXXXXyxxxxx,22,
sol_108,solved,YYXXXyxx,YXXXXXXyxxxxx,XXyxx,x,0,2,xYxxYxxYxxyXXyXXyXX,YxxYxxYxyXXyXX,orb_0302,YYXXXyxx,YYxxxyXXX,17,
sol_108,solved,YYXXXyxx,YXXXXXXyxxxxx,XXyxx,y,1,2,XXXYxYxxxy,YXXXXXXyxxxxx,orb_0703,YYXXXyxxx,YXXXXXXyxxxxx,22,
sol_108,solved,YYXXXyxx,YXXXXXXyxxxxx,xxxxx,x,1,2,XXyxYXyxYXyxYxyXYxyXY,YxyXYxyXYxyXYxyXYxyXY,orb_1459,YYXYxyXYxyXyxYXyxYXyx,YXyxYXyxYXyxYXyxYXyxx,42,
sol_108,solved,YYXXXyxx,YXXXXXXyxxxxx,XXXyxx,y,1,2,XXXYYxxxy,YXXXXXXyxxxxx,orb_0703,YYXXXyxxx,YXXXXXXyxxxxx,22,
sol_109,solved,YYXXXyxx,YXXXXXXyxxxxxxx,Xy,y,1,2,XXXXXXXYXXYxxxyxx,YXXXXXXyxxxxxxx,orb_0976,YYXXXXXyxxx,YXXXXXXXyxxxxxx,26,
sol_109,solved,YYXXXyxx,YXXXXXXyxxxxxxx,xx,x,0,8,XYYYxyyyxyXXY,YxyXXYxyXXY,orb_0849,YYXXyxYXXyx,YYYXYXXyxyyyx,24,
sol_109,solved,YYXXXyxx,YXXXXXXyxxxxxxx,xx,x,1,8,XXYXYYYxyyyxy,YYYYXyyyxYYYXyyyx,orb_1129,YYXXXyxxyxYx,YXXXyxxxYXXXyxxxx,29,
sol_109,solved,YYXXXyxx,YXXXXXXyxxxxxxx,xy,y,1,2,xxxxxxxYXXXXXYxxxyXXXXX,YxxxxxxyXXXXXXX,orb_0766,YYXXXyXX,YXXXXXXyxxxxxxx,23,solved_to_solved
sol_109,solved,YYXXXyxx,YXXXXXXyxxxxxxx,yX,y,1,2,YxxxxxxYXXXyXXXXX,YxxxxxxyXXXXXXX,orb_0975,YYXXXXXyXXX,YXXXXXXXyxxxxxx,26,
sol_109,solved,YYXXXyxx,YXXXXXXyxxxxxxx,yx,y,1,2,XXXXXXYYxxxyx,YXXXXXXyxxxxxxx,orb_0976,YYXXXXXyxxx,YXXXXXXXyxxxxxx,26,
sol_109,solved,YYXXXyxx,YXXXXXXyxxxxxxx,XXy,y,1,2,XXXXXXXYXXXYxxxyxx,YXXXXXXyxxxxxxx,orb_0976,YYXXXXXyxxx,YXXXXXXXyxxxxxx,26,
sol_109,solved,YYXXXyxx,YXXXXXXyxxxxxxx,Xyx,y,1,2,XXXXXXYXYxxxyx,YXXXXXXyxxxxxxx,orb_0976,YYXXXXXyxxx,YXXXXXXXyxxxxxx,26,
sol_109,solved,YYXXXyxx,YXXXXXXyxxxxxxx,xxx,x,1,5,XXYxYYXyyxYYXyyx,YYYXyyxYYXyyxYYXyyx,orb_1188,YYXXyxxYXXyX,YXXyxxYXXyxxYXXXyxx,31,
sol_109,solved,YYXXXyxx,YXXXXXXyxxxxxxx,xxy,y,1,2,xxxxxxxYXXXXYxxxyXXXXX,YxxxxxxyXXXXXXX,orb_0766,YYXXXyXX,YXXXXXXyxxxxxxx,23,solved_to_solved
sol_109,solved,YYXXXyxx,YXXXXXXyxxxxxxx,yXX,y,1,2,YxxxxxYXXXyXXXXX,YxxxxxxyXXXXXXX,orb_0975,YYXXXXXyXXX,YXXXXXXXyxxxxxx,26,
sol_109,solved,YYXXXyxx,YXXXXXXyxxxxxxx,yxx,y,1,2,XXXXXYxYxxxy,YXXXXXXyxxxxxxx,orb_0976,YYXXXXXyxxx,YXXXXXXXyxxxxxx,26,
sol_109,solved,YYXXXyxx,YXXXXXXyxxxxxxx,XXXy,y,1,2,XXXXXXXYXXXXYxxxyxx,YXXXXXXyxxxxxxx,orb_0976,YYXXXXXyxxx,YXXXXXXXyxxxxxx,26,
sol_109,solved,YYXXXyxx,YXXXXXXyxxxxxxx,XXyx,y,1,2,XXXXXXYXXYxxxyx,YXXXXXXyxxxxxxx,orb_0976,YYXXXXXyxxx,YXXXXXXXyxxxxxx,26,
sol_109,solved,YYXXXyxx,YXXXXXXyxxxxxxx,Xyxx,y,1,2,XXXXXYYxxxy,YXXXXXXyxxxxxxx,orb_0976,YYXXXXXyxxx,YXXXXXXXyxxxxxx,26,
sol_109,solved,YYXXXyxx,YXXXXXXyxxxxxxx,xxxy,y,1,2,xxxxxxxYXXXYxxxyXXXXX,YxxxxxxyXXXXXXX,orb_0766,YYXXXyXX,YXXXXXXyxxxxxxx,23,solved_to_solved
sol_109,solved,YYXXXyxx,YXXXXXXyxxxxxxx,XXXyx,x,0,2,XXXyXXyXXyxxYxxYxxYxxYxxYxx,YXXyXXyXXyxYxx,orb_0469,YYXXXyxx,YYxxxyXXXXX,19,
sol_109,solved,YYXXXyxx,YXXXXXXyxxxxxxx,XXXyx,y,1,2,XXXXXXYXXXYxxxyx,YXXXXXXyxxxxxxx,orb_0976,YYXXXXXyxxx,YXXXXXXXyxxxxxx,26,
sol_109,solved,YYXXXyxx,YXXXXXXyxxxxxxx,XXyxx,x,0,2,xYxxYxxYxxyXXyXXyXXyXXyXX,YxxYxxYxyXXyXX,orb_0469,YYXXXyxx,YYxxxyXXXXX,19,
sol_109,solved,YYXXXyxx,YXXXXXXyxxxxxxx,XXyxx,y,1,2,XXXXXYXYxxxy,YXXXXXXyxxxxxxx,orb_0976,YYXXXXXyxxx,YXXXXXXXyxxxxxx,26,
sol_109,solved,YYXXXyxx,YXXXXXXyxxxxxxx,XXXyxx,y,1,2,XXXXXYXXYxxxy,YXXXXXXyxxxxxxx,orb_0976,YYXXXXXyxxx,YXXXXXXXyxxxxxx,26,
sol_109,solved,YYXXXyxx,YXXXXXXyxxxxxxx,xxxxxx,x,1,2,XXXYxyXYxyXYxyxYXyxYXyx,YYXyxYXyxYXyxYXyxYXyxYXyx,orb_1489,YXyXXYxyXYxyXYxyxYXyx,YYXyxYXyxYXyxYXyxYXyxYXyx,46,
sol_110,solved,YYXXXyxx,YXXXXXyxxxx,Xy,y,1,2,XXXXYYxxyxx,YXXXXXyxxxx,orb_0361,YYXXyxx,YXXXXXyxxxx,18,solved_to_solved
sol_110,solved,YYXXXyxx,YXXXXXyxxxx,xx,x,0,6,XYxxy,YxyXXYxyXXY,orb_0207,YXXyx,YYXyxxYXyxx,16,
sol_110,solved,YYXXXyxx,YXXXXXyxxxx,xx,x,1,6,XXyxY,YxyyXYYxyyXYY,orb_0339,YXXyx,YYYXyyxYYXyyx,18,
sol_110,solved,YYXXXyxx,YXXXXXyxxxx,xy,y,1,2,xxxxYXXXXYxxyXX,YxxxxxyXXXX,orb_0360,YYXXYYx,YYYYYXyyyyx,18,solved_to_solved
sol_110,solved,YYXXXyxx,YXXXXXyxxxx,yX,y,1,2,YxxxYXXXyXX,YxxxxxyXXXX,orb_0458,YYXXXyXX,YXXXXXyxxxx,19,solved_to_solved
sol_110,solved,YYXXXyxx,YXXXXXyxxxx,yx,y,1,2,XXXYxxYxxyx,YXXXXXyxxxx,orb_0361,YYXXyxx,YXXXXXyxxxx,18,solved_to_solved
sol_110,solved,YYXXXyxx,YXXXXXyxxxx,XXy,y,1,2,XXXXYXYxxyxx,YXXXXXyxxxx,orb_0361,YYXXyxx,YXXXXXyxxxx,18,solved_to_solved
sol_110,solved,YYXXXyxx,YXXXXXyxxxx,Xyx,y,1,2,XXXYxYxxyx,YXXXXXyxxxx,orb_0361,YYXXyxx,YXXXXXyxxxx,18,solved_to_solved
sol_110,solved,YYXXXyxx,YXXXXXyxxxx,xxy,y,1,2,xxxxYXXXYxxyXX,YxxxxxyXXXX,orb_0360,YYXXYYx,YYYYYXyyyyx,18,solved_to_solved
sol_110,solved,YYXXXyxx,YXXXXXyxxxx,yXX,y,1,2,YxxYXXXyXX,YxxxxxyXXXX,orb_0458,YYXXXyXX,YXXXXXyxxxx,19,solved_to_solved
sol_110,solved,YYXXXyxx,YXXXXXyxxxx,yxx,y,1,2,XXYxxxYxxy,YXXXXXyxxxx,orb_0361,YYXXyxx,YXXXXXyxxxx,18,solved_to_solved
sol_110,solved,YYXXXyxx,YXXXXXyxxxx,XXXy,y,1,2,XXXXYXXYxxyxx,YXXXXXyxxxx,orb_0361,YYXXyxx,YXXXXXyxxxx,18,solved_to_solved
sol_110,solved,YYXXXyxx,YXXXXXyxxxx,XXyx,y,1,2,XXXYYxxyx,YXXXXXyxxxx,orb_0361,YYXXyxx,YXXXXXyxxxx,18,solved_to_solved
sol_110,solved,YYXXXyxx,YXXXXXyxxxx,Xyxx,y,1,2,XXYxxYxxy,YXXXXXyxxxx,orb_0361,YYXXyxx,YXXXXXyxxxx,18,solved_to_solved
sol_110,solved,YYXXXyxx,YXXXXXyxxxx,xxxx,x,1,2,XXyxYXyxYXyxYxyXYxyXY,YxyXYxyXYxyXYxyXY,orb_1393,YXyxYXyxYXyxYXXyx,YYXyxYXyxYXyxyXYxyXYx,38,
sol_110,solved,YYXXXyxx,YXXXXXyxxxx,xxxy,y,1,2,xxxxYXXYxxyXX,YxxxxxyXXXX,orb_0360,YYXXYYx,YYYYYXyyyyx,18,solved_to_solved
sol_110,solved,YYXXXyxx,YXXXXXyxxxx,XXXyx,x,0,2,XXXyXXyxxYxxYxx,YXXyXXyXXyxYxx,orb_0188,YYXXyxx,YYxxxyXX,15,
sol_110,solved,YYXXXyxx,YXXXXXyxxxx,XXXyx,y,1,2,XXXYXYxxyx,YXXXXXyxxxx,orb_0361,YYXXyxx,YXXXXXyxxxx,18,solved_to_solved
sol_110,solved,YYXXXyxx,YXXXXXyxxxx,XXyxx,x,0,2,xYxxYxxyXXyXX,YxxYxxYxyXXyXX,orb_0188,YYXXyxx,YYxxxyXX,15,
sol_110,solved,YYXXXyxx,YXXXXXyxxxx,XXyxx,y,1,2,XXYxYxxy,YXXXXXyxxxx,orb_0361,YYXXyxx,YXXXXXyxxxx,18,solved_to_solved
sol_110,solved,YYXXXyxx,YXXXXXyxxxx,XXXyxx,y,1,2,XXYYxxy,YXXXXXyxxxx,orb_0361,YYXXyxx,YXXXXXyxxxx,18,solved_to_solved
sol_111,solved,YYXXXyxx,YXXXXyxxx,Xy,y,1,2,XXXYYxyxx,YXXXXyxxx,orb_0116,YXXyx,YYYYXyyyx,14,solved_to_solved
sol_111,solved,YYXXXyxx,YXXXXyxxx,xx,x,0,5,XYYxyxyXXY,YxyXXYxyXXY,orb_0637,YYXXyXyxx,YYXyXyxYYXyx,21,
sol_111,solved,YYXXXyxx,YXXXXyxxx,xx,x,1,5,XXYXYYxyxy,YYXyyxYXyyx,orb_0529,YYXXyXyxx,YYXyyxYYXyx,20,
sol_111,solved,YYXXXyxx,YXXXXyxxx,xy,y,1,2,xxxYXXXYxyX,YxxxxyXXX,orb_0176,YYXXYx,YYYYxyyyX,15,solved_to_solved
sol_111,solved,YYXXXyxx,YXXXXyxxx,yX,y,1,2,YxxYXXXyX,YxxxxyXXX,orb_0213,YYXXXyX,YXXXXyxxx,16,solved_to_solved
sol_111,solved,YYXXXyxx,YXXXXyxxx,yx,y,1,2,XXYxxYxyx,YXXXXyxxx,orb_0116,YXXyx,YYYYXyyyx,14,solved_to_solved
sol_111,solved,YYXXXyxx,YXXXXyxxx,XXy,y,1,2,XXXYXYxyxx,YXXXXyxxx,orb_0116,YXXyx,YYYYXyyyx,14,solved_to_solved
sol_111,solved,YYXXXyxx,YXXXXyxxx,Xyx,y,1,2,XXYxYxyx,YXXXXyxxx,orb_0116,YXXyx,YYYYXyyyx,14,solved_to_solved
sol_111,solved,YYXXXyxx,YXXXXyxxx,xxx,x,1,3,XXYxxyXYxyXY,YxyXYxyXYxyXY,orb_0910,YXYXyxYXyxx,YXyxYXyxYXyxYx,25,
sol_111,solved,YYXXXyxx,YXXXXyxxx,xxy,y,1,2,xxxYXXYxyX,YxxxxyXXX,orb_0176,YYXXYx,YYYYxyyyX,15,solved_to_solved
sol_111,solved,YYXXXyxx,YXXXXyxxx,yXX,y,1,2,YxYXXXyX,YxxxxyXXX,orb_0213,YYXXXyX,YXXXXyxxx,16,solved_to_solved
sol_111,solved,YYXXXyxx,YXXXXyxxx,yxx,y,1,2,XYxxxYxy,YXXXXyxxx,orb_0116,YXXyx,YYYYXyyyx,14,solved_to_solved
sol_111,solved,YYXXXyxx,YXXXXyxxx,XXXy,y,1,2,XXXYXXYxyxx,YXXXXyxxx,orb_0116,YXXyx,YYYYXyyyx,14,solved_to_solved
sol_111,solved,YYXXXyxx,YXXXXyxxx,XXyx,y,1,2,XXYYxyx,YXXXXyxxx,orb_0116,YXXyx,YYYYXyyyx,14,solved_to_solved
sol_111,solved,YYXXXyxx,YXXXXyxxx,Xyxx,y,1,2,XYxxYxy,YXXXXyxxx,orb_0116,YXXyx,YYYYXyyyx,14,solved_to_solved
sol_111,solved,YYXXXyxx,YXXXXyxxx,xxxy,y,1,2,xxxYXYxyX,YxxxxyXXX,orb_0176,YYXXYx,YYYYxyyyX,15,solved_to_solved
sol_111,solved,YYXXXyxx,YXXXXyxxx,XXXyx,x,0,2,XXXyxxYxx,YXXyXXyXXyxYxx,orb_0073,YXXyx,YYYXyyxx,13,solved_to_solved
sol_111,solved,YYXXXyxx,YXXXXyxxx,XXXyx,y,1,2,XXYXYxyx,YXXXXyxxx,orb_0116,YXXyx,YYYYXyyyx,14,solved_to_solved
sol_111,solved,YYXXXyxx,YXXXXyxxx,XXyxx,x,0,2,xYxxyXX,YxxYxxYxyXXyXX,orb_0073,YXXyx,YYYXyyxx,13,solved_to_solved
sol_111,solved,YYXXXyxx,YXXXXyxxx,XXyxx,y,1,2,XYxYxy,YXXXXyxxx,orb_0116,YXXyx,YYYYXyyyx,14,solved_to_solved
sol_111,solved,YYXXXyxx,YXXXXyxxx,XXXyxx,y,1,2,XYYxy,YXXXXyxxx,orb_0116,YXXyx,YYYYXyyyx,14,solved_to_solved
sol_112,solved,YYXXXyxx,YXXXyxxxx,Xy,y,1,2,XXXXY,YXXXyxxxx,orb_0011,X,YYYYXyyyx,10,solved_to_solved
sol_112,solved,YYXXXyxx,YXXXyxxxx,xx,x,0,5,xy,YxyXXYxyXXY,orb_0039,X,YYXyXyxYYXyx,13,
sol_112,solved,YYXXXyxx,YXXXyxxxx,xx,x,1,5,XY,YxyyXYxyyXY,orb_0027,X,YYXyyxYXyyx,12,
sol_112,solved,YYXXXyxx,YXXXyxxxx,xy,y,1,2,xxxxYXXXX,YxxxyXXXX,orb_0011,X,YYYYXyyyx,10,solved_to_solved
sol_112,solved,YYXXXyxx,YXXXyxxxx,yX,y,1,2,YxxxYXXXyXX,YxxxyXXXX,orb_0295,YYXXXyXX,YXXXyxxxx,17,solved_to_solved
sol_112,solved,YYXXXyxx,YXXXyxxxx,yx,y,1,2,XXXYx,YXXXyxxxx,orb_0011,X,YYYYXyyyx,10,solved_to_solved
sol_112,solved,YYXXXyxx,YXXXyxxxx,XXy,y,1,2,XXXXYX,YXXXyxxxx,orb_0011,X,YYYYXyyyx,10,solved_to_solved
sol_112,solved,YYXXXyxx,YXXXyxxxx,Xyx,y,1,2,XXXY,YXXXyxxxx,orb_0011,X,YYYYXyyyx,10,solved_to_solved
sol_112,solved,YYXXXyxx,YXXXyxxxx,xxx,x,1,3,XXYxYXyxYXyx,YYXyxYXyxYXyx,orb_0685,YXYxxYXyx,YYXyxYXyxYXyx,22,
sol_112,solved,YYXXXyxx,YXXXyxxxx,xxy,y,1,2,xxxxYXXX,YxxxyXXXX,orb_0011,X,YYYYXyyyx,10,solved_to_solved
sol_112,solved,YYXXXyxx,YXXXyxxxx,yXX,y,1,2,YxxYXXXyXX,YxxxyXXXX,orb_0295,YYXXXyXX,YXXXyxxxx,17,solved_to_solved
sol_112,solved,YYXXXyxx,YXXXyxxxx,yxx,y,1,2,XXYx,YXXXyxxxx,orb_0011,X,YYYYXyyyx,10,solved_to_solved
sol_112,solved,YYXXXyxx,YXXXyxxxx,XXXy,y,1,2,XXXXYXX,YXXXyxxxx,orb_0011,X,YYYYXyyyx,10,solved_to_solved
sol_112,solved,YYXXXyxx,YXXXyxxxx,XXyx,y,1,2,XXXYX,YXXXyxxxx,orb_0011,X,YYYYXyyyx,10,solved_to_solved
sol_112,solved,YYXXXyxx,YXXXyxxxx,Xyxx,y,1,2,XXY,YXXXyxxxx,orb_0011,X,YYYYXyyyx,10,solved_to_solved
sol_112,solved,YYXXXyxx,YXXXyxxxx,xxxy,y,1,2,xxxxYXX,YxxxyXXXX,orb_0011,X,YYYYXyyyx,10,solved_to_solved
sol_112,solved,YYXXXyxx,YXXXyxxxx,Yxxxy,y,0,2,Yxxxx,YXXyxxxYxx,orb_0016,X,YYYXyyXyyx,11,
sol_112,solved,YYXXXyxx,YXXXyxxxx,XXXyx,x,0,2,xYxxYxx,YXXyXXyXXyxYxx,orb_0016,X,YYYXyyXyyx,11,
sol_112,solved,YYXXXyxx,YXXXyxxxx,XXXyx,y,1,2,XXXYXX,YXXXyxxxx,orb_0011,X,YYYYXyyyx,10,solved_to_solved
sol_112,solved,YYXXXyxx,YXXXyxxxx,XXyxx,x,0,2,xyXXyXX,YxxYxxYxyXXyXX,orb_0016,X,YYYXyyXyyx,11,
sol_112,solved,YYXXXyxx,YXXXyxxxx,XXyxx,y,1,2,XXYX,YXXXyxxxx,orb_0011,X,YYYYXyyyx,10,solved_to_solved
sol_112,solved,YYXXXyxx,YXXXyxxxx,XYxxxy,x,0,2,xyxyx,YXYXyxyxyxx,orb_0016,X,YYYXyyXyyx,11,
sol_112,solved,YYXXXyxx,YXXXyxxxx,XYxxxy,y,0,2,Yxxx,YXXyxxxYx,orb_0016,X,YYYXyyXyyx,11,
sol_112,solved,YYXXXyxx,YXXXyxxxx,XXXyxx,y,1,2,XXYXX,YXXXyxxxx,orb_0011,X,YYYYXyyyx,10,solved_to_solved
aca_0,unsolved,YXXyxYx,YYYYYYXyxyX,Xy,y,0,3,yXYxyXYxyXYxyXYxyXYxyXYxyyxYX,YXXyxY,orb_1306,YYXXyx,YXyxYXyxYXyxYXyxYXyxYXXYxyXyx,35,
aca_0,unsolved,YXXyxYx,YYYYYYXyxyX,xy,x,1,3,YYXyxYxyXXXXXXYxy,YXXXXXYxyx,orb_0891,YXXYx,YYYYYYXyxYXYxyyyyyyX,25,
aca_0,unsolved,YXXyxYx,YYYYYYXyxyX,yX,y,0,3,YYXXYYXXYYXXYYXXYYXXYYXyyxy,YxxyyX,orb_1184,YYXXyx,YYXyxxYXXYYXXYYXXYYXXYYXX,31,
aca_0,unsolved,YXXyxYx,YYYYYYXyxyX,yx,x,1,3,xxxxyXYxxxxxyXXyxYXXXXX,YxyxYXXXXX,orb_0892,YXXYx,YYYYYYYXyxYXYxyyyyyX,25,
aca_0,unsolved,YXXyxYx,YYYYYYXyxyX,Xyx,x,1,2,XXYxxxxxxyXXXXXXXyx,YXYxyx,orb_0716,YXXXXXXyxYx,YXyxxxxxxxyX,23,
aca_0,unsolved,YXXyxYx,YYYYYYXyxyX,xyX,x,1,2,YxxxxxxYxyXXXXXXX,YxyxYX,orb_0742,YXXYx,YYYYYYYXYxyyyyyyyX,23,
aca_0,unsolved,YXXyxYx,YYYYYYXyxyX,yxY,y,0,2,YXYxYxYxYxYXyxx,YXXyxYxx,orb_0433,YXXyxYx,YYYYYXyxxYXX,19,
aca_1,unsolved,YYXXyxx,YYYxyXyX,Xy,x,1,3,XXYXyxxyXXYxyXXYxy,YYXyxxx,orb_0879,YXXXyXXyx,YYxxyXYxxyXYxxyx,25,
aca_1,unsolved,YYXXyxx,YYYxyXyX,yX,x,1,3,YXyyXXXyyxYY,YxyyXXX,orb_0460,YYXXXyx,YYYXyyxxxyyx,19,
aca_1,unsolved,YYXXyxx,YYYxyXyX,yy,y,0,2,YxxYxyXyXXX,YxxyyXX,orb_0274,YXXyXyxx,YYxyxyXXX,17,
aca_2,unsolved,YXXyXyx,YYYXyyyxx,Xy,y,0,3,XYYYYYYxyXyyyyxxx,YXXyyx,orb_0646,YYXXyx,YYYYYYXyxyyyyXX,21,
aca_2,unsolved,YXXyXyx,YYYXyyyxx,xx,x,1,2,XYxxxxYxyXXX,YxxxyyXXX,orb_0535,YXXXXyxYx,YXXXYxxxyXXX,21,
aca_2,unsolved,YXXyXyx,YYYXyyyxx,yX,y,0,3,YYXXXXyXYxxxxxxyx,YYxxyX,orb_0791,YYXXyx,YYYYYYXyxyyyyXXYx,23,
aca_3,unsolved,YXXyxYx,YYYYYxyxyX,Xy,y,0,3,yXYxyXYxyXYxyXYxYXyxxYX,YXXyxY,orb_1111,YXXyXyx,YYxyXXYxyxYXyxYXyxYXyx,29,
aca_3,unsolved,YXXyxYx,YYYYYxyxyX,xy,x,1,3,YYYxyyXXXXXXyy,YXXXXXyyx,orb_0442,YYXXXXXyx,YYxyXXXXXX,19,
aca_3,unsolved,YXXyxYx,YYYYYxyxyX,yX,y,0,3,YYXXYYXXYYXXYYXXYYxyyxy,YxxyyX,orb_1047,YYXXyx,YYXyxxyXXYYXXYYXXYYXX,27,
aca_3,unsolved,YXXyxYx,YYYYYxyxyX,yx,x,1,3,XyxYXXXXyxYXXXXyxxxyXY,YxxxxxyXY,orb_1170,YXXXXXyXXXyx,YYxxxxyXYxxxxyXYxyx,31,
aca_3,unsolved,YXXyxYx,YYYYYxyxyX,xyX,x,1,2,YxyxYXX,YxxxxxYxyXXXXX,orb_0533,YXXXXXyxYx,YXyxxxxxxyX,21,
aca_3,unsolved,YXXyxYx,YYYYYxyxyX,yxY,y,0,2,YXYxYxYxYxyxx,YXXyxYxx,orb_0343,YXXyxYx,YYYYxyxxYXX,18,
aca_4,unsolved,YYXXXyx,YYxyxyXyXYX,yy,y,0,2,YxxxxyxxxyxyXYXXXX,YxxxyxxyX,orb_0561,YXXXyxYx,YYXXXXyxyxYxx,21,
aca_4,unsolved,YYXXXyx,YYxyxyXyXYX,xyx,x,1,2,XXXYxxyXXYxxyXXYxxyxYXXyx,YxYXXyxxxYXXyx,orb_1340,YYXXyxxxYXXyx,YXXyXXYxxyXXYxxyXXYxxyx,36,
aca_4,unsolved,YYXXXyx,YYxyxyXyXYX,yxY,y,0,2,YxxxYxyXXyXYX,YXXXyxYxxx,orb_0400,YXXXyxYx,YYXyXyxxxyx,19,
aca_5,unsolved,YYXXXyX,YYYxyXyxyxyx,yy,y,0,2,YXYxyxxxyxxxxxyxxxxxyxx,Yxxxyxxxxyx,orb_0699,YYXXXyX,YXYXYxYXyXXXyXX,22,
aca_5,unsolved,YYXXXyX,YYYxyXyxyxyx,yxY,y,0,2,yyxxxyxYXXXXYXXYx,YXXXYxyxxx,orb_0522,YYXXXyX,YYxyXyxyxYXXX,20,
aca_6,unsolved,YYXXyxxyx,YXXXXXyxYx,Xy,y,1,3,yXYxxxxyXYxxxyXXyxYx,YXXXXXyxY,orb_1104,YXXXXXyXXyx,YYxxxyXYxxxxyXYxyx,29,
aca_6,unsolved,YYXXyxxyx,YXXXXXyxYx,xx,x,0,4,XYYXXYxyxYXXyxx,YXYXyxYXyxx,orb_0793,YYXXyxYXyx,YXYXyxxYXyXYx,23,
aca_6,unsolved,YYXXyxxyx,YXXXXXyxYx,yX,y,1,3,YYYXXyyxxxxxxxyy,YxxxxxyyX,orb_0600,YYXXXXXyx,YYxxyXXXXXXX,21,
aca_6,unsolved,YYXXyxxyx,YXXXXXyxYx,xxy,x,0,3,YXYxyXYxyXYxyxYXXyx,YYXyxYXyxx,orb_1119,YXYXXyxYXyx,YYXyxxYXyXYxyXYxyX,29,
aca_6,unsolved,YYXXyxxyx,YXXXXXyxYx,yxY,y,1,2,yXYXXyxxx,YXXXXXyxYxxxxx,orb_0717,YXXXXXyxYx,YXXyxxxxxxxyX,23,
aca_7,unsolved,YYXXyxx,YYYYxYXYX,xy,x,1,3,XYYYxyyxxxxyy,Yxxxxyyx,orb_0604,YYXXXXyX,YYYxyyxxxxyyX,21,
aca_7,unsolved,YYXXyxx,YYYYxYXYX,yx,x,1,3,XXXYYXXXXYYXXXyxxxyyx,Yxxxxyyx,orb_1026,YYXXXXyX,YYXXXYxxxyyxxxxyyxx,27,
aca_7,unsolved,YYXXyxx,YYYYxYXYX,yy,y,0,3,YYxxxYXYXXX,YxxyyXX,orb_0365,YYXXyxx,YYxxxYXYXXX,18,
aca_8,unsolved,YXyXYxx,YYXYXyyx,Xy,y,0,3,XyxYXyxYXXyxyXYxx,YXyXYx,orb_0575,YXXYx,YYXyxYXYxyXYxyyX,21,
aca_8,unsolved,YXyXYxx,YYXYXyyx,xy,x,1,3,YYYXyyXyyx,YXXyyxx,orb_0316,YYXXyxx,YYYxyyXyyX,17,
aca_8,unsolved,YXyXYxx,YYXYXyyx,yX,y,0,3,YYxyXXYxyXYXyxYXy,YxYXyX,orb_0574,YXXYx,YYXyxYXYxyXYYxyX,21,
aca_8,unsolved,YXyXYxx,YYXYXyyx,yx,x,1,3,XyxxYYxyXXYxyXXY,YxxyXXY,orb_0795,YYXXyxx,YYXyxxYXyxxYxyXX,23,
aca_8,unsolved,YXyXYxx,YYXYXyyx,yy,y,1,2,xyXYXyxYXyXYxxx,YXyxYXXyxYX,orb_0949,YYXyxYXXyx,YXyXYxxxxyXYXyx,25,
aca_8,unsolved,YXyXYxx,YYXYXyyx,Yxy,y,0,2,xyXyXXXYxxY,YxyxYX,orb_0212,YXyXYxx,YYXXXyxyx,16,
aca_8,unsolved,YXyXYxx,YYXYXyyx,yxY,y,0,2,yXXyXXyXYxx,YXYxyx,orb_0170,YYXXXyx,YYYXyxyX,15,
aca_9,unsolved,YXXXyxx,YYYXXyyX,Xy,y,0,2,XXYYYxyXXyx,YXXXyxx,orb_0202,YXXXyxx,YYYXyxxyx,16,
aca_9,unsolved,YXXXyxx,YYYXXyyX,xx,x,0,3,XXXYxxyxYX,YxyXYxyXY,orb_0420,YXXYxxyx,YXyXXyxYXyx,19,
aca_9,unsolved,YXXXyxx,YYYXXyyX,xx,x,1,3,XYXXyxxxxy,YXXXYXYxx,orb_0262,YXXYxxyx,YXYxYxxxx,17,
aca_9,unsolved,YXXXyxx,YYYXXyyX,xy,y,0,2,xxYYXXYxyyXXX,YxxxyXX,orb_0200,YXXXyxx,YYXyxxyyx,16,
aca_9,unsolved,YXXXyxx,YYYXXyyX,yX,y,0,2,xYXXYXXYXXyXy,YxxxyXX,orb_0332,YXXXyxx,YYYXXyXXXyx,18,
aca_9,unsolved,YXXXyxx,YYYXXyyX,yx,y,0,2,YXYxxYXXyXXyx,YXXXyxx,orb_0327,YXXXyxx,YYXXyyXXXyx,18,
aca_9,unsolved,YXXXyxx,YYYXXyyX,yy,y,1,2,yxYXXXyXYxx,YXXyXYXXyXY,orb_0706,YYXXyXYXXyX,YXXyxYxxxyX,22,
aca_9,unsolved,YXXXyxx,YYYXXyyX,XXy,x,1,2,XXYxxxyXXXyXXyx,YXYxxYxxxx,orb_0293,YYXXXYxx,YYxyXXXYx,17,
aca_9,unsolved,YXXXyxx,YYYXXyyX,XXy,y,0,2,XXYXYXYxyXyx,YXXXyxx,orb_0202,YXXXyxx,YYYXyxxyx,16,
aca_9,unsolved,YXXXyxx,YYYXXyyX,xxy,x,1,2,YXXyxYYxx,YXXYYxxx,orb_0290,YYXXXYxx,YYXXYxxyX,17,
aca_9,unsolved,YXXXyxx,YYYXXyyX,xxy,y,0,2,xxYxYXYxyXyXXX,YxxxyXX,orb_0200,YXXXyxx,YYXyxxyyx,16,
aca_10,unsolved,YXXXyxx,YYXYXyyX,Xy,y,0,2,XXYYXYxxyXXyx,YXXXyxx,orb_0329,YXXXyxx,YYXYxxyXXyX,18,
aca_10,unsolved,YXXXyxx,YYXYXyyX,xx,x,0,2,XXyxYXXyxYxyxYX,YxyXYxyXY,orb_0832,YXyxYXXyx,YYYXyxYYXyxyXyx,24,
aca_10,unsolved,YXXXyxx,YYXYXyyX,xy,x,1,3,YXXyyXyyxYYxYYxx,YXYYxxx,orb_0761,YYXXXYx,YYXYYXXYxxyyxyyX,23,
aca_10,unsolved,YXXXyxx,YYXYXyyX,xy,y,0,3,xxYXXYYxxyyXXX,YxxxyXX,orb_0243,YXXXyxx,YYXXyyxYxx,17,
aca_10,unsolved,YXXXyxx,YYXYXyyX,yX,y,0,2,xYXXYXXXYXyXy,YxxxyXX,orb_0328,YXXXyxx,YYXYXyXXXyx,18,
aca_10,unsolved,YXXXyxx,YYXYXyyX,yx,x,1,3,XyxyXXyxyXXyxyXXyxxYXY,YxxxYXY,orb_1123,YYXXXXYX,YYXXyxxxyyxxxyyxxxyyx,29,
aca_10,unsolved,YXXXyxx,YYXYXyyX,yx,y,0,3,YXYxxxYXXXXyXXyx,YXXXyxx,orb_0568,YXXXyxx,YYXXXXyxyXXXyx,21,
aca_10,unsolved,YXXXyxx,YYXYXyyX,yy,y,1,2,xyxYXXXyXYx,YXyXYXXyXYX,orb_0652,YYXYxYXXYx,YYYXyxyyXYx,21,
aca_11,unsolved,YXXXyxx,YYYXyxyx,Xy,y,0,2,XXYYYxxyXyxxx,YXXXyxx,orb_0201,YXXXyxx,YYYXXyxyX,16,
aca_11,unsolved,YXXXyxx,YYYXyxyx,xx,x,0,2,XXXyxYxyXYxxyXY,YxyXYxyXY,orb_0833,YXyxYXXyx,YYYXyxyXYxyyXYx,24,
aca_11,unsolved,YXXXyxx,YYYXyxyx,xy,x,1,3,YXXYxyXXYxyxYXyxxYXyxx,YYXyxxx,orb_1107,YXXXyXXyx,YYxxyXYxxyXYxyxYXXyx,29,
aca_11,unsolved,YXXXyxx,YYYXyxyx,xy,y,0,3,xxYYXXYxxyXXyx,YxxxyXX,orb_0569,YXXXyxx,YYXXYxxyXXyxxx,21,
aca_11,unsolved,YXXXyxx,YYYXyxyx,yX,y,0,2,YxYXXYXyxxxyX,YxxxyXX,orb_0331,YXXXyxx,YYXyxyXYxxx,18,
aca_11,unsolved,YXXXyxx,YYYXyxyx,yx,x,1,3,xxYYxxxYYxxxyXXX,YxyyXXX,orb_0459,YYXXXyx,YYXXXYYxyXXX,19,
aca_11,unsolved,YXXXyxx,YYYXyxyx,yx,y,0,3,XYxxYxxYxxyy,YXXXyxx,orb_0246,YXXXyxx,YYYXXyXXyx,17,
aca_11,unsolved,YXXXyxx,YYYXyxyx,Xyx,x,1,2,XXXXyXXyxyXYxxx,YXXXyxYxxx,orb_0238,YXXXyxYx,YYxyxYXXX,17,
aca_11,unsolved,YXXXyxx,YYYXyxyx,Xyx,y,0,2,XYxYxYxxyXXyxx,YXXXyxx,orb_0201,YXXXyxx,YYYXXyxyX,16,
aca_12,unsolved,YXXXyxx,YYXYxyyX,Xy,y,0,2,XXYYxYXXyyx,YXXXyxx,orb_0198,YXXXyxx,YYXYxxyyx,16,
aca_12,unsolved,YXXXyxx,YYXYxyyX,xx,x,0,2,XXyxYXyXYxxyxYX,YxyXYxyXY,orb_0831,YXyxYXXyx,YYYXyxYXYxyyXyx,24,
aca_12,unsolved,YXXXyxx,YYXYxyyX,xy,x,1,3,YXYxxyxYXXyx,YXYXyxx,orb_0311,YYXXyx,YYXyxxYXyXX,17,
aca_12,unsolved,YXXXyxx,YYXYxyyX,xy,y,0,3,xxYXXYxxYXXyxxyXXX,YxxxyXX,orb_0406,YXXXyxx,YYXXyxxxxyyX,19,
aca_12,unsolved,YXXXyxx,YYXYxyyX,yX,y,0,2,xYXXYXXXYxyXy,YxxxyXX,orb_0330,YXXXyxx,YYXYxyXXXyx,18,
aca_12,unsolved,YXXXyxx,YYXYxyyX,yx,x,1,3,xYXYxxYXYxxYXyxyXX,YxyxyXX,orb_0643,YYXXyx,YYXyyxxxyyxxxyX,21,
aca_12,unsolved,YXXXyxx,YYXYxyyX,yx,y,0,3,YXYxxxYXXyXXyx,YXXXyxx,orb_0407,YXXXyxx,YYXXyxyXXXyx,19,
aca_12,unsolved,YXXXyxx,YYXYxyyX,yy,y,1,2,xyxYXXXyXYx,YxyXXYX,orb_0309,YYXXyx,YXyXXXYxyxx,17,
aca_12,unsolved,YXXXyxx,YYXYxyyX,Xyx,x,1,2,XXXyyxxyXXYxx,YXXyxYxx,orb_0257,YXXYxxyX,YYXyXXYxx,17,
aca_12,unsolved,YXXXyxx,YYXYxyyX,Xyx,y,0,2,XYxYxxYXXyXy,YXXXyxx,orb_0198,YXXXyxx,YYXYxxyyx,16,
aca_12,unsolved,YXXXyxx,YYXYxyyX,xyy,x,1,2,XYxxxyxYXXy,YYXyxx,orb_0309,YYXXyx,YXyXXXYxyxx,17,
aca_12,unsolved,YXXXyxx,YYXYxyyX,xyy,y,1,2,yxYXXXyXYxx,YxyXXY,orb_0309,YYXXyx,YXyXXXYxyxx,17,
aca_13,unsolved,YYXXYYx,YXXXyxxYx,Xy,y,1,3,yXXYxxyXXXXYxxY,YXXXyxxY,orb_0303,YYXXXyxx,YYxxyXXXX,17,
aca_13,unsolved,YYXXYYx,YXXXyxxYx,xx,x,0,3,XYXXYXyxyxx,Yxxyxxxxyxx,orb_0210,YXXyxYx,YYXYYXYYx,16,
aca_13,unsolved,YYXXYYx,YXXXyxxYx,yX,y,1,3,YxYYXXXXYYXXYYXXX,YxxxyyXX,orb_0930,YYXXXyxx,YYXXYYXXXYxYYXXXX,25,
aca_13,unsolved,YYXXYYx,YXXXyxxYx,xxy,x,0,2,YXYxyxxxyxxyx,Yxxyxxxyxx,orb_0269,YXXyXyXX,YYxYxyxyx,17,
aca_13,unsolved,YYXXYYx,YXXXyxxYx,yXy,y,1,2,YxxYXXXYXXX,YxxxyyXX,orb_0376,YXXXXYxYx,YXXYXXyxxx,19,
aca_13,unsolved,YYXXYYx,YXXXyxxYx,yxx,x,0,2,XXXYXXXYXXXYXyyxx,Yxxyxxxyxx,orb_0304,YYXXYYx,YYYxYXXXYx,17,
aca_14,unsolved,YXXyXyx,YYYXyyxx,Xy,y,0,3,XYYYYYYxyXyyxxx,YXXyyx,orb_0484,YYXXyx,YYYYYYXyxyyXX,19,
aca_14,unsolved,YXXyXyx,YYYXyyxx,xx,x,1,2,XYxxxxYxyXXX,YxxyXyXXX,orb_0381,YXXXXyxYx,YXXYxxxyXX,19,
aca_14,unsolved,YXXyXyx,YYYXyyxx,yX,y,0,3,YYXXXXyXYxxxxyx,YYxxyX,orb_0644,YYXXyx,YYYYXYxyyyyXyxx,21,
aca_14,unsolved,YXXyXyx,YYYXyyxx,yy,y,1,2,yXXYXXyxxYXXyxxYx,YXyxxYXyxxY,orb_1089,YYXXyxYXXyx,YXXyXXYxxyXXYxxyx,28,
aca_15,unsolved,YXXyXyxx,YYYYxyyyX,Xy,x,1,3,XXXXyxxxyyXXXYYxxx,YXXXyxxxx,orb_0541,YXXXXyxxx,YYXXXyyXYxxx,21,
aca_15,unsolved,YXXyXyxx,YYYYxyyyX,Xy,y,0,3,XXYYXYYXYYxYXyyxyyxyyx,YXXyyxx,orb_0889,YXXYXXyxxyx,YYYxxyxYXXyyXX,25,
aca_15,unsolved,YXXyXyxx,YYYYxyyyX,xx,x,0,2,XXXyXYxxxyxYX,YxyXYxxyXYx,orb_0798,YYXyxYXXyx,YXXXyXYxxxxyx,23,
aca_15,unsolved,YXXyXyxx,YYYYxyyyX,xy,x,1,2,YXXYxxxYxyXXyxx,YXXXXyxxx,orb_0668,YXXXXyxxx,YYXyXyxxxxyXX,22,
aca_15,unsolved,YXXyXyxx,YYYYxyyyX,yX,x,1,3,YxxyXXyXXXXyxxxxxYXX,YxxxyXXXX,orb_0995,YXXXXyxxx,YYXXYxxxxxyXXXXyxx,27,
aca_15,unsolved,YXXyXyxx,YYYYxyyyX,yX,y,0,3,xYXXyxYXXyxYXXyxYXXyxYxxyXYxxyXy,YYxxyXX,orb_1413,YXXyXyxx,YYxyXXYxyXXYxyXXYxyXXYxyxxYXyxx,39,
aca_15,unsolved,YXXyXyxx,YYYYxyyyX,yx,x,1,2,xxYYxYXXXyxxxyXXX,YxxxxyXXX,orb_0664,YXXXXyxxx,YYXYxxxyXXXyx,22,
aca_15,unsolved,YXXyXyxx,YYYYxyyyX,yy,y,1,3,XYYxyXXYXyXyyxxx,YYXyyxYXyyx,orb_0906,YXXyxYXXyxx,YYXYxYxxyyXXyx,25,
aca_15,unsolved,YXXyXyxx,YYYYxyyyX,yyy,y,1,2,yxYXXyXXYxx,YxyXYxyXYxyXY,orb_0821,YXXyXXYxxyx,YYxyXYxyXYxyX,24,
aca_16,unsolved,YYXXXyxx,YXyxxyXYx,xx,x,0,3,XyxxxyxxYXyXXY,YxyXXYxyXXY,orb_0903,YXXyXYxYxxyX,YXXYxxyXYxxyX,25,
aca_16,unsolved,YYXXXyxx,YXyxxyXYx,Xyx,x,1,3,XYXyxYXyxyX,YxYXyxYxyX,orb_0592,YXYxyXXyx,YYXyyXYxyXYx,21,
aca_16,unsolved,YYXXXyxx,YXyxxyXYx,xyX,x,1,2,XXyXYxyXYxyXYxyxYXyxY,YXyxYxyXYx,orb_1151,YXYxyXXyx,YYXYxyXYxyXYxyXyxYXyx,30,
aca_17,unsolved,YXXXYxYx,YYYYXyyyx,Xy,x,1,3,XXXXXyXXyXXyxxYY,YXXXXyxxx,orb_0725,YXXXXyxxx,YYYXXXXXyXXyxx,23,
aca_17,unsolved,YXXXYxYx,YYYYXyyyx,Xy,y,0,3,yyxxxyyxxxyyxxxyyxxxyXXXYYXXXYYx,YXXXXYY,orb_1420,YYYXXXX,YYXXXYYXXXYYXXXYYXXXYxxxyyxxxyyX,39,
aca_17,unsolved,YXXXYxYx,YYYYXyyyx,xy,x,1,2,YXXXYYXyXyxxx,YXXXyxxxx,orb_0656,YXXXXyxxx,YYXXXYxxxyXyX,22,
aca_17,unsolved,YXXXYxYx,YYYYXyyyx,yX,x,1,3,YxxxyyyXXXXY,YxxxxyXXX,orb_0550,YXXXXyxxx,YYYXXXyyxxxx,21,
aca_17,unsolved,YXXXYxYx,YYYYXyyyx,yX,y,0,3,YxxxyyxxxyyxxxyyXYYXXXYYXXXYYXXX,YYYXXXX,orb_1421,YYYXXXX,YYXXXYYXXXYYXXXYxxxyyxxxyyxxxyyX,39,
aca_17,unsolved,YXXXYxYx,YYYYXyyyx,yx,x,1,2,xxxYxxYXXYxxyXXXyXXXX,YxxxyXXXX,orb_0667,YXXXXyxxx,YYXyXyxxYXXXX,22,
aca_17,unsolved,YXXXYxYx,YYYYXyyyx,yy,y,1,3,xYYXyXXYYXyxxYYXyx,YYxyyXYxyyX,orb_1113,YXXyxYXXyxx,YYXYxxyyXYxxyyXYxx,29,
aca_17,unsolved,YXXXYxYx,YYYYXyyyx,yyy,y,1,2,yXYXXyXYxxyXYxx,YXyxYXyxYXyxY,orb_1078,YXyxYXyxYXXyx,YYXYxyyXYxyyXYx,28,
aca_18,unsolved,YXXXyxYx,YYYYxyyyX,Xy,x,1,3,XXXXyyxxxyXXXYxxxY,YXXXyxxxx,orb_0992,YXXXXyxxx,YYXXXYxxxyXXXyxxxx,27,
aca_18,unsolved,YXXXyxYx,YYYYxyyyX,Xy,y,0,3,yXYxxyXYxxyXYxxYXXyxYXXyxYXXyxYX,YXXXyxY,orb_1406,YXXXyXXyx,YYxxyXYxxyXYxxyXYxyxYXXyxYXXyx,39,
aca_18,unsolved,YXXXyxYx,YYYYxyyyX,xy,x,1,2,YXXYxxYxyXXXyxx,YXXXXyxxx,orb_0671,YXXXXyxxx,YYXyxyXXYxxxx,22,
aca_18,unsolved,YXXXyxYx,YYYYxyyyX,yX,x,1,3,YxxyXXyXXyXXXY,YxxxyXXXX,orb_0547,YXXXXyxxx,YYYXXXyXXyxx,21,
aca_18,unsolved,YXXXyxYx,YYYYxyyyX,yX,y,0,3,YYXXXYYXXXYYXXXYYxyyxxxyyy,YxxxyyX,orb_1127,YYXXXyx,YYXyyxxxyyxxxyyxxxYXXX,29,
aca_18,unsolved,YXXXyxYx,YYYYxyyyX,yx,x,1,2,xxYYYXXXyxxyXXX,YxxxxyXXX,orb_0498,YXXXXyxxx,YYYXXXyxxyX,20,
aca_18,unsolved,YXXXyxYx,YYYYxyyyX,yy,y,1,3,XYYxyXXXYXyyxYYxyx,YYXyyxYXyyx,orb_0908,YXXyxYXXyxx,YYYXYxxyXXyXyx,25,
aca_18,unsolved,YXXXyxYx,YYYYxyyyX,yxY,x,1,2,xYXYXYXXXyxxxyXX,YxxxxyXXX,orb_0498,YXXXXyxxx,YYYXXXyxxyX,20,
aca_18,unsolved,YXXXyxYx,YYYYxyyyX,yxY,y,0,2,YXYxxYxxYxyXXyx,YXXXyxYxxx,orb_0404,YXXXyxYx,YYYxyyxYXXX,19,
aca_18,unsolved,YXXXyxYx,YYYYxyyyX,yyy,y,1,2,yxYXXXyXYxyxY,YxyXYxyXYxyXY,orb_0828,YXyXXXYxxyx,YYXyxYXyxYXyx,24,
aca_19,unsolved,YXyXYxxx,YYYYXyyyx,Xy,x,1,3,XyXXXXyxxYXXYxxYxxxx,YXXXXyxxx,orb_0872,YXXXXyxxx,YYXXXyxxyXXYxxxx,25,
aca_19,unsolved,YXyXYxxx,YYYYXyyyx,Xy,y,0,3,XXyxYXXyxYXXyxYXXyxyXYxxyXYxxx,YXyXYxx,orb_1250,YXXYx,YYYXyxYYXyxYXYxyyXYxyyXYxyyX,33,
aca_19,unsolved,YXyXYxxx,YYYYXyyyx,xy,x,1,2,YXXYXyyyxxx,YXXXyxxxx,orb_0499,YXXXXyxxx,YYYXXXyxxyx,20,
aca_19,unsolved,YXyXYxxx,YYYYXyyyx,yX,x,1,3,YxxxyXXXyxxYYXXX,YxxxxyXXX,orb_0868,YXXXXyxxx,YYXXXYxxxyXXXyxx,25,
aca_19,unsolved,YXyXYxxx,YYYYXyyyx,yX,y,0,3,YYxyXXYxyXXYxyXYXyxxYXyxxYXy,YxxYXyX,orb_1251,YXXYx,YYYXyxYYXyxYYXyxYXYxyyXYxyyX,33,
aca_19,unsolved,YXyXYxxx,YYYYXyyyx,yx,x,1,2,xxxYXYxxyXXyXXyXXXX,YxxxyXXXX,orb_0500,YXXXXyxxx,YYYXyXXXyxx,20,
aca_19,unsolved,YXyXYxxx,YYYYXyyyx,yy,y,1,3,xYYXyXYxyyXYYXyxxx,YYxyyXYxyyX,orb_1118,YXXyxYXXyxx,YYYYXXyxyXYxxyXXyx,29,
aca_19,unsolved,YXyXYxxx,YYYYXyyyx,Yxy,x,1,2,YXXXYXyxyxyxxx,YXXXyxxxx,orb_0499,YXXXXyxxx,YYYXXXyxxyx,20,
aca_19,unsolved,YXyXYxxx,YYYYXyyyx,Yxy,y,0,2,xyXXyXXyXXXYxxxYxxY,YxyxYX,orb_0438,YXyXYxxx,YYYXXXyxyyx,19,
aca_19,unsolved,YXyXYxxx,YYYYXyyyx,yxY,x,1,2,xxYXXYxxyXyXyXXX,YxxxyXXXX,orb_0500,YXXXXyxxx,YYYXyXXXyxx,20,
aca_19,unsolved,YXyXYxxx,YYYYXyyyx,yxY,y,0,2,yXXXyXXyXXyXYxxYxxx,YXYxyx,orb_0439,YXyXYxxx,YYYXYxxxyyX,19,
aca_19,unsolved,YXyXYxxx,YYYYXyyyx,yyy,y,1,2,yXYXyxYXyXYxxxx,YXyxYXyxYXyxY,orb_1084,YXyxYXyxYXXyx,YYYYXyxyXYxyXyx,28,
aca_20,unsolved,YXXXyxYx,YYYYXyyyx,Xy,x,1,3,XXXXXyXXyxxyXXYxxxxY,YXXXXyxxx,orb_0991,YXXXXyxxx,YYXXXXXyxxyXXYxxxx,27,
aca_20,unsolved,YXXXyxYx,YYYYXyyyx,Xy,y,0,3,yXYxxyXYxxyXYxxyXYxxyXXyxYXXyxYx,YXXXyxY,orb_1405,YXXXyXXyx,YYxxyXYxxyXYxxyXYxxyXYxyxYXXyx,39,
aca_20,unsolved,YXXXyxYx,YYYYXyyyx,xy,x,1,2,YXXXYYxyXyxxx,YXXXyxxxx,orb_0657,YXXXXyxxx,YYXXXYxxxyXyx,22,
aca_20,unsolved,YXXXyxYx,YYYYXyyyx,yX,x,1,3,YxxxyyyXXY,YxxxxyXXX,orb_0386,YXXXXyxxx,YYYXXXyyxx,19,
aca_20,unsolved,YXXXyxYx,YYYYXyyyx,yX,y,0,3,YYYXXXYYXXXYYXyyxxxyyxxxyy,YxxxyyX,orb_1126,YYXXXyx,YYXyyxxxyyxxxYXXXYYXXX,29,
aca_20,unsolved,YXXXyxYx,YYYYXyyyx,yx,x,1,2,xxxYxxYxxYXXyxyXXXX,YxxxyXXXX,orb_0501,YXXXXyxxx,YYYXyxxxyXX,20,
aca_20,unsolved,YXXXyxYx,YYYYXyyyx,yy,y,1,3,xYYXyXXXYxyyxYYXyx,YYxyyXYxyyX,orb_1117,YXXyxYXXyxx,YYYXYxxyyXYxxyXXyx,29,
aca_20,unsolved,YXXXyxYx,YYYYXyyyx,yxY,x,1,2,xxYxYxYXXyxxyXXX,YxxxyXXXX,orb_0501,YXXXXyxxx,YYYXyxxxyXX,20,
aca_20,unsolved,YXXXyxYx,YYYYXyyyx,yxY,y,0,2,yXYxxYxxYXyXXyx,YXXXyxYxxx,orb_0401,YXXXyxYx,YYYXyyxxxyX,19,
aca_20,unsolved,YXXXyxYx,YYYYXyyyx,yyy,y,1,2,yXYXXXyxYxyXYxx,YXyxYXyxYXyxY,orb_1080,YXyxYXyxYXXyx,YYYXYxyyXYxyXyx,28,
aca_21,unsolved,YXXYxxyX,YYYYxyyyX,Xy,x,1,2,XXXXyyxxxYXXXYxyxxx,YXXXyxxxx,orb_0658,YXXXXyxxx,YYXXXyxxxyXYx,22,
aca_21,unsolved,YXXYxxyX,YYYYxyyyX,xx,x,0,2,XXXXXYXyxxxYxyx,YXYXXyx,orb_0480,YYXXyx,YXyXXXYxyxxxx,19,
aca_21,unsolved,YXXYxxyX,YYYYxyyyX,xy,x,1,3,YXXYXyxxyXXYxxxx,YXXXXyxxx,orb_0724,YXXXXyxxx,YYXyyXXYxxxxxx,23,
aca_21,unsolved,YXXYxxyX,YYYYxyyyX,xy,y,0,3,xyxxxxYXyxyXXYXX,YxxyXYX,orb_0483,YYXXyx,YYXyxxxxYXyXX,19,
aca_21,unsolved,YXXYxxyX,YYYYxyyyX,yX,x,1,2,xyXXyXYxxYXXy,YxxxyXXXX,orb_0497,YXXXXyxxx,YYXyyXXYxxx,20,
aca_21,unsolved,YXXYxxyX,YYYYxyyyX,yx,x,1,3,YxxxYXXXYxxxyyXX,YxxxxyXXX,orb_0869,YXXXXyxxx,YYXXXyxxxyXXXyxx,25,
aca_21,unsolved,YXXYxxyX,YYYYxyyyX,yx,y,0,3,YYXYxxYXYxxYXYxyxyXXyxyXXyxy,YXXyxyx,orb_1185,YYXXyx,YYXyyxxxyyxxxyXYYXXXYYXXX,31,
aca_21,unsolved,YXXYxxyX,YYYYxyyyX,yy,y,1,3,XYYxyXXXYYxyxxYXyy,YYXyyxYXyyx,orb_1115,YXXyxYXXyxx,YYYXXyxyyXYxxYXXyx,29,
aca_21,unsolved,YXXYxxyX,YYYYxyyyX,xxy,x,0,2,XXXXYXyxxxYxy,YYXXyx,orb_0480,YYXXyx,YXyXXXYxyxxxx,19,
aca_21,unsolved,YXXYxxyX,YYYYxyyyX,xxy,y,0,2,yxxxxYxyXXXYX,YxxyXY,orb_0480,YYXXyx,YXyXXXYxyxxxx,19,
aca_21,unsolved,YXXYxxyX,YYYYxyyyX,yxY,x,1,2,YxxYXYXyxyXX,YxxxxyXXX,orb_0497,YXXXXyxxx,YYXyyXXYxxx,20,
aca_21,unsolved,YXXYxxyX,YYYYxyyyX,yxY,y,0,2,YxxyyyxYYXX,YxxYxyXX,orb_0419,YXXYxxyX,YYYxyyXXyxx,19,
aca_21,unsolved,YXXYxxyX,YYYYxyyyX,yyy,y,1,2,yxYXXXyxYxxyXYX,YxyXYxyXYxyXY,orb_1082,YXyxYXyxYXXyx,YYYXyxyyXYxYXyx,28,
aca_22,unsolved,YXXYxxyx,YYYYxyyyX,Xy,x,1,2,XXXXyyxxxYXXXYxYxxx,YXXXyxxxx,orb_0660,YXXXXyxxx,YYXXXyxxxyXyx,22,
aca_22,unsolved,YXXYxxyx,YYYYxyyyX,xx,x,0,2,XXXXXYxyxxxYXyx,YXYxxyx,orb_0475,YYXXYx,YYYYxyXyyyxYX,19,
aca_22,unsolved,YXXYxxyx,YYYYxyyyX,xy,x,1,3,YXXYXyxxyXXXXyxx,YXXXXyxxx,orb_0723,YXXXXyxxx,YYXyyXXXXXXyxx,23,
aca_22,unsolved,YXXYxxyx,YYYYxyyyX,xy,y,0,3,xyXXXXYXyxyxxYXX,YxxyxYX,orb_0473,YYXXYx,YYYYxYXXyyxYX,19,
aca_22,unsolved,YXXYxxyx,YYYYxyyyX,yX,x,1,2,YxxyXXyXYxxYX,YxxxyXXXX,orb_0496,YXXXXyxxx,YYXyyXXXyxx,20,
aca_22,unsolved,YXXYxxyx,YYYYxyyyX,yx,x,1,3,xxYXXXYxxxyyXXXy,YxxxxyXXX,orb_0870,YXXXXyxxx,YYXXXyxxxyXXYxxx,25,
aca_22,unsolved,YXXYxxyx,YYYYxyyyX,yx,y,0,3,YYXXyxYXXyxYXXyxYxxyXYxxyXYxxy,YXYxxyx,orb_1297,YXXYxxyx,YXXyXYxxyXYxxyXYxxyXyxYXXyx,35,
aca_22,unsolved,YXXYxxyx,YYYYxyyyX,yy,y,1,3,XYYxyXXXYYxyxxYXyyxx,YYXyyxYXyyx,orb_1116,YXXyxYXXyxx,YYYXXyxyyXYxxyXXyx,29,
aca_22,unsolved,YXXYxxyx,YYYYxyyyX,xxy,x,0,2,XXXXYxyxxxYXy,YYxxyx,orb_0475,YYXXYx,YYYYxyXyyyxYX,19,
aca_22,unsolved,YXXYxxyx,YYYYxyyyX,xxy,y,0,2,yXXXXYxyxxxYX,YxxyxY,orb_0475,YYXXYx,YYYYxyXyyyxYX,19,
aca_22,unsolved,YXXYxxyx,YYYYxyyyX,yxY,x,1,2,yxxYXYXyxyXX,YxxxxyXXX,orb_0496,YXXXXyxxx,YYXyyXXXyxx,20,
aca_22,unsolved,YXXYxxyx,YYYYxyyyX,yxY,y,0,2,YxxYYYxyyXX,YxxyxYXX,orb_0424,YXXYxxyx,YYYxyyXXYxx,19,
aca_22,unsolved,YXXYxxyx,YYYYxyyyX,yyy,y,1,2,yxYXXXyxYxxyXYx,YxyXYxyXYxyXY,orb_1083,YXyxYXyxYXXyx,YYYXyxyyXYxyXyx,28,
aca_23,unsolved,YXXYxxyx,YYYYXyyyx,Xy,x,1,2,XXXXXyXXyxxYXXYxxxYxxxx,YXXXXyxxx,orb_0670,YXXXXyxxx,YYXyxyXXXXyxx,22,
aca_23,unsolved,YXXYxxyx,YYYYXyyyx,xx,x,0,2,XXXXXYXyxxxYxyx,YXYxxyx,orb_0474,YYXXYx,YYYYxYXyyyxyX,19,
aca_23,unsolved,YXXYxxyx,YYYYXyyyx,xy,x,1,3,YXXXYXyxxxyXXXyxxx,YXXXyxxxx,orb_0816,YXXXXyxxx,YYXXXyxxxxxxyyx,24,
aca_23,unsolved,YXXYxxyx,YYYYXyyyx,xy,y,0,3,xyXXXYXYxyxxxY,YxxyxYX,orb_0476,YYXXYx,YYYxYXXyyyxYX,19,
aca_23,unsolved,YXXYxxyx,YYYYXyyyx,yX,x,1,2,YxxxyyXYYXX,YxxxxyXXX,orb_0493,YXXXXyxxx,YYXXYxxxyyX,20,
aca_23,unsolved,YXXYxxyx,YYYYXyyyx,yx,x,1,3,xxxYXXYxxyXXyXXXXy,YxxxyXXXX,orb_0873,YXXXXyxxx,YYXXYxxxyXXXXyxx,25,
aca_23,unsolved,YXXYxxyx,YYYYXyyyx,yx,y,0,3,YXXyxYXXyxYXXyxYXXyXYxxyXYxxyy,YXYxxyx,orb_1298,YXXYxxyx,YXXyXYxxyXYxxyXyxYXXyxYXXyx,35,
aca_23,unsolved,YXXYxxyx,YYYYXyyyx,yy,y,1,3,xYYXyXYYXyxxYxyy,YYxyyXYxyyX,orb_1016,YXXyxYXXyxx,YYXYxxYXXyxyXXyx,27,
aca_23,unsolved,YXXYxxyx,YYYYXyyyx,xxy,x,0,2,XXXXYXyxxxYxy,YYxxyx,orb_0474,YYXXYx,YYYYxYXyyyxyX,19,
aca_23,unsolved,YXXYxxyx,YYYYXyyyx,xxy,y,0,2,yXXXXYXyxxxYx,YxxyxY,orb_0474,YYXXYx,YYYYxYXyyyxyX,19,
aca_23,unsolved,YXXYxxyx,YYYYXyyyx,yxY,x,1,2,yxxxYxYXyXyXXX,YxxxyXXXX,orb_0493,YXXXXyxxx,YYXXYxxxyyX,20,
aca_23,unsolved,YXXYxxyx,YYYYXyyyx,yxY,y,0,2,yxxYYYXyyXX,YxxyxYXX,orb_0421,YXXYxxyx,YYYXyyXXyxx,19,
aca_23,unsolved,YXXYxxyx,YYYYXyyyx,yyy,y,1,2,yXYXyXYxxyxYx,YXyxYXyxYXyxY,orb_0984,YYXYxYXyxyXyx,YXyxYXyxYXXyx,26,
aca_24,unsolved,YYXXXYxx,YYYXXYXYx,xx,x,0,3,XXXYXyxxYXyXXY,YXyXXYXyXXY,orb_0902,YXXyXYXXyXYx,YXXYXXyXYxxyX,25,
aca_24,unsolved,YYXXXYxx,YYYXXYXYx,yy,y,0,2,YxxxyXyyX,YxxYXYXXX,orb_0370,YYXYxxxyX,YXXYxYxxx,18,
aca_24,unsolved,YYXXXYxx,YYYXXYXYx,xyy,y,0,2,xxyXXYxyXyX,YxxxYYXX,orb_0289,YYXXXYxx,YXYxYXXyx,17,
aca_24,unsolved,YYXXXYxx,YYYXXYXYx,yyX,y,0,2,YxxxyyxyX,YxYXXYXXXX,orb_0370,YYXYxxxyX,YXXYxYxxx,18,
aca_24,unsolved,YYXXXYxx,YYYXXYXYx,xxyy,y,0,2,xyXXYxyXXyX,YxxxxYxYX,orb_0289,YYXXXYxx,YXYxYXXyx,17,
aca_25,unsolved,YXXYxxyX,YYYYXyyyx,Xy,x,1,2,XXXXXyXXyxxYXXYxyxx,YXXXXyxxx,orb_0665,YXXXXyxxx,YYXYxyXXXXyxx,22,
aca_25,unsolved,YXXYxxyX,YYYYXyyyx,xx,x,0,2,XXXXXYxyxxxYXyx,YXYXXyx,orb_0479,YYXXyx,YXyXXXXYxyxxx,19,
aca_25,unsolved,YXXYxxyX,YYYYXyyyx,xy,x,1,3,YXXXYXyxxxyXXXYxxx,YXXXyxxxx,orb_0815,YXXXXyxxx,YYXXXyxxxxxxyyX,24,
aca_25,unsolved,YXXYxxyX,YYYYXyyyx,xy,y,0,3,xyxxxYXYxyXXXY,YxxyXYX,orb_0482,YYXXyx,YYXyxxxYXyXXX,19,
aca_25,unsolved,YXXYxxyX,YYYYXyyyx,yX,x,1,2,xxyyXYYXXXy,YxxxxyXXX,orb_0494,YXXXXyxxx,YYXXYxxxyyx,20,
aca_25,unsolved,YXXYxxyX,YYYYXyyyx,yx,x,1,3,YxxxxYXXYxxyXXyXXX,YxxxyXXXX,orb_0871,YXXXXyxxx,YYXXXyxxyXXXXyxx,25,
aca_25,unsolved,YXXYxxyX,YYYYXyyyx,yx,y,0,3,YXYxxYXYxxYXYxxYXYXyxyXXyxyy,YXXyxyx,orb_1186,YYXXyx,YYXyyxxxyyxxxyyxxxyXYYXXX,31,
aca_25,unsolved,YXXYxxyX,YYYYXyyyx,yy,y,1,3,xYYXyXYYXyxxYxyyXX,YYxyyXYxyyX,orb_1017,YXXyxYXXyxx,YYXYxxyXXyxyXXyx,27,
aca_25,unsolved,YXXYxxyX,YYYYXyyyx,xxy,x,0,2,XXXXYxyxxxYXy,YYXXyx,orb_0479,YYXXyx,YXyXXXXYxyxxx,19,
aca_25,unsolved,YXXYxxyX,YYYYXyyyx,xxy,y,0,2,yxxxxYXyXXXYx,YxxyXY,orb_0479,YYXXyx,YXyXXXXYxyxxx,19,
aca_25,unsolved,YXXYxxyX,YYYYXyyyx,yxY,x,1,2,YxxxYxYXyXyXXX,YxxxyXXXX,orb_0494,YXXXXyxxx,YYXXYxxxyyx,20,
aca_25,unsolved,YXXYxxyX,YYYYXyyyx,yxY,y,0,2,yxxyyyXYYXX,YxxYxyXX,orb_0416,YXXYxxyX,YYYXyyXXYxx,19,
aca_25,unsolved,YXXYxxyX,YYYYXyyyx,yyy,y,1,2,yXYXyXYxxyxYX,YXyxYXyxYXyxY,orb_0986,YYXYxyXyxyXyx,YXyxYXyxYXXyx,26,
aca_26,unsolved,YXXYxYxx,YYYYxyyyX,Xy,x,1,3,XXXXyyxxxYYXXXYxxx,YXXXyxxxx,orb_0542,YXXXXyxxx,YYXXXyyxYxxx,21,
aca_26,unsolved,YXXYxYxx,YYYYxyyyX,Xy,y,0,3,XyyxyyxyyxxYXXYYXYYXYY,YXXXYYx,orb_1007,YXXYXXYxxyx,YYYYXXyyyxxyxYXX,27,
aca_26,unsolved,YXXYxYxx,YYYYxyyyX,xx,x,0,2,XXXyxYxxxyXYX,YxyxYxxyxYx,orb_0797,YYXYxYXXYx,YYYYXyxyyyXYx,23,
aca_26,unsolved,YXXYxYxx,YYYYxyyyX,xy,x,1,2,YXXYXyXXXyXXyxx,YXXXXyxxx,orb_0662,YXXXXyxxx,YYXYXyXXXXyxx,22,
aca_26,unsolved,YXXYxYxx,YYYYxyyyX,yX,x,1,3,YxxyXXyXXXXXYxxxxYXX,YxxxyXXXX,orb_0990,YXXXXyxxx,YYXXXXXyxxyXXXXyxx,27,
aca_26,unsolved,YXXYxYxx,YYYYxyyyX,yX,y,0,3,xxyXyxxyXyxxyXyxxyXyxYxYXXYxYXXy,YYxYXXX,orb_1417,YYXXXXYX,YYXXyxxxyyxxxyyxxxyyxxxyyxYYXXX,39,
aca_26,unsolved,YXXYxYxx,YYYYxyyyX,yx,x,1,2,xxYXXXYxxxyXyyXXX,YxxxxyXXX,orb_0663,YXXXXyxxx,YYXYxxxyXXXyX,22,
aca_26,unsolved,YXXYxYxx,YYYYxyyyX,yy,y,1,3,XYYxyXXXYYxYxyxx,YYXyyxYXyyx,orb_0907,YXXyxYXXyxx,YYYXXyXyxyXXyx,25,
aca_26,unsolved,YXXYxYxx,YYYYxyyyX,yyy,y,1,2,yxYXXXyxxYx,YxyXYxyXYxyXY,orb_0829,YXyXXYxxxyX,YYxyXYxyXYxyX,24,
aca_27,unsolved,YXXyXyxx,YYYYXyyyx,Xy,x,1,3,XXXXXyxxyyXXYxxYxxxx,YXXXXyxxx,orb_0544,YXXXXyxxx,YYXXYxyXXyxx,21,
aca_27,unsolved,YXXyXyxx,YYYYXyyyx,Xy,y,0,3,XXYYXYYXYYXYYxyXyyxyyxxx,YXXyyxx,orb_0888,YXXYXXyxxyx,YYYxxyXYXXyyxx,25,
aca_27,unsolved,YXXyXyxx,YYYYXyyyx,xx,x,0,2,XXXXXyxYxxxyXYx,YxyXYxxyXYx,orb_0799,YYXyxYXXyx,YXXXyxYxxxxyX,23,
aca_27,unsolved,YXXyXyxx,YYYYXyyyx,xy,x,1,2,YXXXYxYxyyxxx,YXXXyxxxx,orb_0659,YXXXXyxxx,YYXXXyxxxyXyX,22,
aca_27,unsolved,YXXyXyxx,YYYYXyyyx,yX,x,1,3,YxxxyyXXXyxxxxYXXX,YxxxxyXXX,orb_0993,YXXXXyxxx,YYXXXyxxxyXXXXYxxx,27,
aca_27,unsolved,YXXyXyxx,YYYYXyyyx,yX,y,0,3,YxYXXyxYXXyxYXXyXYxxyXYxxyXYxxyX,YYxxyXX,orb_1414,YXXyXyxx,YYxyXXYxyXXYxyXXYxyxxYXyxxYXyxx,39,
aca_27,unsolved,YXXyXyxx,YYYYXyyyx,yx,x,1,2,xxxYxxYxxxYXXyxxyXXXX,YxxxyXXXX,orb_0669,YXXXXyxxx,YYXyxxxxyXXYx,22,
aca_27,unsolved,YXXyXyxx,YYYYXyyyx,yy,y,1,3,xYYXyXXYxyyXXYxyyx,YYxyyXYxyyX,orb_1112,YXXyxYXXyxx,YYXYxxyyXXyxYYXXyx,29,
aca_27,unsolved,YXXyXyxx,YYYYXyyyx,yyy,y,1,2,yXYXXyxYXXyxYxx,YXyxYXyxYXyxY,orb_1079,YXyxYXyxYXXyx,YYXYxyyXyxYYXyx,28,
aca_28,unsolved,YXXYxYxx,YYYYXyyyx,Xy,x,1,3,XXXXXyXXyxxYYXXYxxxx,YXXXXyxxx,orb_0543,YXXXXyxxx,YYXXYXyXXyxx,21,
aca_28,unsolved,YXXYxYxx,YYYYXyyyx,Xy,y,0,3,XyyxyyxyyxyyxxyXXYYXYYxx,YXXXYYx,orb_1008,YXXYXXYxxyx,YYYYYXXyyxxyxYXX,27,
aca_28,unsolved,YXXYxYxx,YYYYXyyyx,xx,x,0,2,XXXXXyXYxxxyxYx,YxyxYxxyxYx,orb_0796,YYXYxYXXYx,YYYYXYxyyyXyx,23,
aca_28,unsolved,YXXYxYxx,YYYYXyyyx,xy,x,1,2,YXXXYXyXyyxxx,YXXXyxxxx,orb_0661,YXXXXyxxx,YYXXXyxxxyxYx,22,
aca_28,unsolved,YXXYxYxx,YYYYXyyyx,yX,x,1,3,YxxxyyXXXXYxxxYXXX,YxxxxyXXX,orb_0994,YXXXXyxxx,YYXXXyxxxyXXXyxxxx,27,
aca_28,unsolved,YXXYxYxx,YYYYXyyyx,yX,y,0,3,YxxyXyxxyXyxxyXyXYxYXXYxYXXYxYXX,YYxYXXX,orb_1416,YYXXXXYX,YYXXyxxxyyxxxyyxxxyyxYYXXXYYXXX,39,
aca_28,unsolved,YXXYxYxx,YYYYXyyyx,yx,x,1,2,xxxYXXYxxyXXXyXXyXXXX,YxxxyXXXX,orb_0666,YXXXXyxxx,YYXyXXXXyxxYX,22,
aca_28,unsolved,YXXYxYxx,YYYYXyyyx,yy,y,1,3,xYYXyXYYXyxxYYXyxx,YYxyyXYxyyX,orb_1114,YXXyxYXXyxx,YYYXXyxyXXyxYYXXyx,29,
aca_28,unsolved,YXXYxYxx,YYYYXyyyx,yyy,y,1,2,yXYXyXYxxyXYxxx,YXyxYXyxYXyxY,orb_1081,YXyxYXyxYXXyx,YYYXyxyXyxYYXyx,28,
aca_29,unsolved,YYXXXyx,YYxxyxyXyX,yy,y,0,2,YxxxxxyxxxyxyXX,YxxxyxxyX,orb_0525,YYXXXyx,YXYXXXXXyxxYx,20,
aca_29,unsolved,YYXXXyx,YYxxyxyXyX,yxY,y,0,2,YYxxyXXyX,YXXXyxYxxx,orb_0233,YXXXyxYx,YYXXyxxyx,17,
aca_30,unsolved,YYXXyx,YYYYYxyXXyX,xx,x,0,2,XXXXXXyxxxYXYx,YXyxyxx,orb_0314,YYXXyx,YYYYYxyyyXX,17,
aca_30,unsolved,YYXXyx,YYYYYxyXXyX,yy,y,0,3,YYxYxyXyXX,YxxyxyX,orb_0251,YXXYXXyx,YYXyyxyxx,17,
aca_30,unsolved,YYXXyx,YYYYYxyXXyX,XXy,x,0,2,XXXXXYxxxyXXy,YXXyXXyx,orb_0314,YYXXyx,YYYYYxyyyXX,17,
aca_30,unsolved,YYXXyx,YYYYYxyXXyX,yxY,y,0,2,YYxxYxxYxxYxyXX,YXXyxYxx,orb_0310,YYXXyx,YYXYYxyXXXX,17,
aca_31,unsolved,YYXXyxx,YYYYYXyXyx,Xy,x,1,3,XXXXXXXyxxxxxYYxxxxx,YXXXXXyyx,orb_0441,YYXXXXXyx,YYxxyXXXXX,19,
aca_31,unsolved,YYXXyxx,YYYYYXyXyx,yX,x,1,3,YxxxyXYxxxxyXYxyxYXXXX,YxxxxxyXY,orb_1169,YXXXXXyXXXXyx,YYxxxyXYxxxxyXYxyx,31,
aca_31,unsolved,YYXXyxx,YYYYYXyXyx,yy,y,0,3,YYxxYXyXyX,YxxyyXX,orb_0271,YXXyXyxx,YYXyxyXyX,17,
aca_31,unsolved,YYXXyxx,YYYYYXyXyx,Xyx,x,1,2,xxxYXyxyXXXXX,YxxxxxYxyXXXXX,orb_0532,YXXXXXyxYx,YXXyxxxxxyX,21,
aca_31,unsolved,YYXXyxx,YYYYYXyXyx,xyy,y,0,2,xxYxYxYXYxyXXyX,YxxyXyXX,orb_0363,YYXXyxx,YYYXXYxyXyx,18,
aca_31,unsolved,YYXXyxx,YYYYYXyXyx,yyX,y,0,2,YxYXYXYXyyX,YxxyxyXX,orb_0364,YYXXyxx,YYYXXYxyxyx,18,
aca_32,unsolved,YXXYxxyx,YYYYXyxyx,xx,x,0,2,XXXXXYXyxYxyxYxyx,YXYxxyx,orb_0636,YYXXYx,YYYYxYXyxyXyxyX,21,
aca_32,unsolved,YXXYxxyx,YYYYXyxyx,xy,x,1,4,YXXXYxyXYXyxxyxxx,YYXyxxxx,orb_0721,YXXXXyXXyx,YYXXXyxyXYxyx,23,
aca_32,unsolved,YXXYxxyx,YYYYXyxyx,xy,y,0,4,xyXXXYXYxyxYXyx,YxxyxYX,orb_0477,YYXXYx,YYYxxyXyxYXyX,19,
aca_32,unsolved,YXXYxxyx,YYYYXyxyx,yx,x,1,4,xxxYXXXXyyXXXXy,YxyyXXXX,orb_0758,YYXXXXyx,YYXXXXYxxxyXXXX,23,
aca_32,unsolved,YXXYxxyx,YYYYXyxyx,yx,y,0,4,YXXyxYXXyxYXXyxYXXyyy,YXYxxyx,orb_0969,YXXyXYx,YYXXyxYXXyxYXXyxYXX,26,
aca_32,unsolved,YXXYxxyx,YYYYXyxyx,Xyx,x,1,2,XXXXXyxYXYxxxxYxxxx,YXXXXyxYxxxx,orb_0453,YYXXXXyx,YYXyxYXXXXX,19,
aca_32,unsolved,YXXYxxyx,YYYYXyxyx,xxy,x,0,2,XXXXYXyxYxyxYxy,YYxxyx,orb_0636,YYXXYx,YYYYxYXyxyXyxyX,21,
aca_32,unsolved,YXXYxxyx,YYYYXyxyx,xxy,y,0,2,yXXXXYXyxYxyxYx,YxxyxY,orb_0636,YYXXYx,YYYYxYXyxyXyxyX,21,
aca_32,unsolved,YXXYxxyx,YYYYXyxyx,xyx,x,1,2,xxxYxxxYXyXXXXy,YxyXXyXXXX,orb_0356,YYXXXyxyx,YXXXXyxYx,18,
aca_32,unsolved,YXXYxxyx,YYYYXyxyx,yxY,y,0,2,yxxYYYXyX,YxxyxYXX,orb_0263,YXXYxxyx,YYYXyXyxx,17,
aca_32,unsolved,YXXYxxyx,YYYYXyxyx,yXYX,x,1,2,YxxxyxxyXYXXX,YxxxxyxyX,orb_0356,YYXXXyxyx,YXXXXyxYx,18,
aca_32,unsolved,YXXYxxyx,YYYYXyxyx,yXYX,y,0,2,YxxyxyxyXYXX,YxYXyXX,orb_0263,YXXYxxyx,YYYXyXyxx,17,
aca_33,unsolved,YXXXyxYx,YYXyXyxyx,Xy,y,0,4,yXYxxyXYxxyyXyxYx,YXXXyxY,orb_0843,YYXXXyx,YYXXyxYXXyxYXyXYx,24,
aca_33,unsolved,YXXXyxYx,YYXyXyxyx,yX,y,0,4,YYYXXXXyxxxyyxxxxyy,YxxxyyX,orb_0702,YYXXXyx,YYXXXYxxxxyXXXX,22,
aca_33,unsolved,YXXXyxYx,YYXyXyxyx,yXy,y,0,2,xYXXYXXXXyxxxxy,YxxxyxyX,orb_0397,YXXXyxYx,YYXXXXyxxyx,19,
aca_33,unsolved,YXXXyxYx,YYXyXyxyx,yxY,y,0,2,yXYXyXXXyxx,YXXXyxYxxx,orb_0353,YYXXXyx,YYxyxYXXXXX,18,
aca_34,unsolved,YXXXYxx,YYYYYXyyyyx,Xy,x,1,2,XXXXXXyXXyXXyxxxYXXXYxxxxx,YXXXXXyxxxx,orb_0866,YXXXXXyxxxx,YYYXyXXXXXyxxx,25,
aca_34,unsolved,YXXXYxx,YYYYYXyyyyx,Xy,y,0,2,XyxxyxxyxxyxxyxxxyXXXYXXYXXYxx,YXXXXYx,orb_0557,YXXXYxx,YYYYYxYXXXyyyx,21,
aca_34,unsolved,YXXXYxx,YYYYYXyyyyx,xx,x,0,2,XXXXXyxYxxxxyXY,YXyXYXyXY,orb_0827,YXYxYXXYx,YYYYYXYxyyyyXyx,24,
aca_34,unsolved,YXXXYxx,YYYYYXyyyyx,xy,x,1,2,YXXXXYYXyyxxxx,YXXXXyxxxxx,orb_0855,YXXXXXyxxxx,YYXXXXYxxxxyyX,25,
aca_34,unsolved,YXXXYxx,YYYYYXyyyyx,xy,y,0,2,xxyyyyXXYxxYYYYX,YxxxYXX,orb_0554,YXXXYxx,YYYYXXYxxyyyyX,21,
aca_34,unsolved,YXXXYxx,YYYYYXyyyyx,yX,x,1,2,YxxxxyyyXYXXXX,YxxxxxyXXXX,orb_0864,YXXXXXyxxxx,YYYXXXXyxxxxyx,25,
aca_34,unsolved,YXXXYxx,YYYYYXyyyyx,yX,y,0,2,YxxxyxxyxxyxxyXYXXYXXYXXYXXX,YxYXXXX,orb_0555,YXXXYxx,YYYYXyyyyXyxxx,21,
aca_34,unsolved,YXXXYxx,YYYYYXyyyyx,yx,x,1,2,xxxxYxxYXXXYxxxyXXyXXXXX,YxxxxyXXXXX,orb_0860,YXXXXXyxxxx,YYXyyXXXXXyxxx,25,
aca_34,unsolved,YXXXYxx,YYYYYXyyyyx,yx,y,0,2,XXyyyyyXYYYxxy,YXXYxxx,orb_0556,YXXXYxx,YYYYYXXYxxyyyX,21,
aca_34,unsolved,YXXXYxx,YYYYYXyyyyx,yy,y,1,4,yyXYYXXyyXYYxxx,YXyyxYYXyyxYY,orb_1073,YXXyxxYXXXyxx,YYYXXyxxyyXXyxx,28,
aca_34,unsolved,YXXXYxx,YYYYYXyyyyx,yyyy,y,1,2,yXYXXyXYxxx,YXyxYXyxYXyxYXyxY,orb_1069,YXXyXYxxxyX,YYXyxYXyxYXyxYXyx,28,
aca_35,unsolved,YYXXXyx,YYYxxyxyXyX,yy,y,0,2,YxYxxyxxxyxyXX,YxxxyxxyX,orb_0559,YXXXyXyx,YYxxYxxyxxyXX,21,
aca_35,unsolved,YYXXXyx,YYYxxyxyXyX,yxY,y,0,2,YYxxxYxxyXXyX,YXXXyxYxxx,orb_0398,YXXXyxYx,YYXXyXyxxyx,19,
aca_36,unsolved,YYXYYXXyX,YYXyxYXXX,yy,y,0,3,YxyxyxYXYXXXXX,Yxxyxyxxxyxyx,orb_0630,YYXXYYXXYx,YYYYXXyxxyX,21,
aca_36,unsolved,YYXYYXXyX,YYXyxYXXX,xyy,y,0,3,YxyyxYYXXXX,Yxxyyxxyyx,orb_0630,YYXXYYXXYx,YYYYXXyxxyX,21,
aca_37,unsolved,YYXXXYxx,YYYYYXyyyyx,Xy,x,1,2,XXXXXXXyXXyXXyxxxYXXXYxxxxx,YXXXXXyxxxx,orb_0967,YXXXXXyxxxx,YYYXXyXXXXXyxxx,26,
aca_37,unsolved,YYXXXYxx,YYYYYXyyyyx,xx,x,0,2,XXXXXyxxYxxxxyXXY,YXyXXYXyXXY,orb_1087,YYXXyXYXXyX,YXXyXXXXYxxyxxxxx,28,
aca_37,unsolved,YYXXXYxx,YYYYYXyyyyx,xy,x,1,2,XYXXXXYYXyyxxxx,YXXXXyxxxxx,orb_0806,YXXXXXyxxxx,YYXXXyxxxxyyx,24,
aca_37,unsolved,YYXXXYxx,YYYYYXyyyyx,yX,x,1,2,YxxxyyyXYXXXX,YxxxxxyXXXX,orb_0812,YXXXXXyxxxx,YYYXXXyxxxxyx,24,
aca_37,unsolved,YYXXXYxx,YYYYYXyyyyx,yx,x,1,2,xxxYxxYXXXYxxxyXXyXXXXX,YxxxxyXXXXX,orb_0959,YXXXXXyxxxx,YYXXyyXXXXXyxxx,26,
aca_37,unsolved,YYXXXYxx,YYYYYXyyyyx,yy,y,0,5,YYxxxyXXXyyx,YxxYXYXXX,orb_0577,YXXYxYxxx,YYXXXYxxxyyx,21,
aca_37,unsolved,YYXXXYxx,YYYYYXyyyyx,yy,y,1,5,YXXXyyXYYxxx,YXyyxYYXyyxYY,orb_0928,YYXXXYxxxyyx,YYYxyyXYYxyyX,25,
aca_37,unsolved,YYXXXYxx,YYYYYXyyyyx,xyy,x,1,2,YXXXYxYXyXyxxx,YXXXXyxxxxx,orb_0806,YXXXXXyxxxx,YYXXXyxxxxyyx,24,
aca_37,unsolved,YYXXXYxx,YYYYYXyyyyx,xyy,y,0,2,xxyyyXXYxxYYYYX,YxxxYYXX,orb_0607,YYXXXYxx,YYYYXXYxxyyyX,21,
aca_37,unsolved,YYXXXYxx,YYYYYXyyyyx,yyX,x,1,2,YxxxyXyXyXYXXX,YxxxxxyXXXX,orb_0812,YXXXXXyxxxx,YYYXXXyxxxxyx,24,
aca_37,unsolved,YYXXXYxx,YYYYYXyyyyx,yyX,y,0,2,YxxxyxxyxxyXYXXYXXYXXYXXX,YxYXXYXXXX,orb_0610,YYXXXYxx,YYYYxyyyXXXYx,21,
aca_37,unsolved,YYXXXYxx,YYYYYXyyyyx,yyyy,y,1,2,yXYxyXYXXyXYxxx,YXyxYXyxYXyxYXyxY,orb_1218,YXyXXYXyxYXyxxx,YYxyXYxyXYxyXYxyX,32,
aca_38,unsolved,YYXXXyxx,YYYYYXyyyyx,Xy,x,1,2,XXXXXXXyXXyxxxyXXXYxxYxxxxx,YXXXXXyxxxx,orb_0960,YXXXXXyxxxx,YYXXyyXXXYxxxxx,26,
aca_38,unsolved,YYXXXyxx,YYYYYXyyyyx,xx,x,0,2,XXXXXyxxYxxxxyXXY,YxyXXYxyXXY,orb_1088,YYXXyxYXXyx,YXXyXXXXYxxyxxxxx,28,
aca_38,unsolved,YYXXXyxx,YYYYYXyyyyx,xy,x,1,2,XYXXXXYYxyyxxxx,YXXXXyxxxxx,orb_0805,YXXXXXyxxxx,YYXXXyxxxxyyX,24,
aca_38,unsolved,YYXXXyxx,YYYYYXyyyyx,yX,x,1,2,YxxxyyyxYXXXX,YxxxxxyXXXX,orb_0811,YXXXXXyxxxx,YYYXXXyxxxxyX,24,
aca_38,unsolved,YYXXXyxx,YYYYYXyyyyx,yx,x,1,2,xxxYxxYxxYXXXyxxxyXXXXX,YxxxxyXXXXX,orb_0968,YXXXXXyxxxx,YYYXXyxxxxxyXXX,26,
aca_38,unsolved,YYXXXyxx,YYYYYXyyyyx,yy,y,0,5,YYxxYXXXXyyx,YxxxyxyXX,orb_0560,YXXXyXyxx,YYXXYxxxxyyX,21,
aca_38,unsolved,YYXXXyxx,YYYYYXyyyyx,yy,y,1,5,YXXXXyyxYYxx,YXyyxYYXyyxYY,orb_0942,YYXXYxxxxyyX,YYYxyyXYYxyyX,25,
aca_38,unsolved,YYXXXyxx,YYYYYXyyyyx,xyy,x,1,2,YXXXYxYxyXyxxx,YXXXXyxxxxx,orb_0805,YXXXXXyxxxx,YYXXXyxxxxyyX,24,
aca_38,unsolved,YYXXXyxx,YYYYYXyyyyx,xyy,y,0,2,xxYYYXXYxxyyyyX,YxxxyyXX,orb_0617,YYXXXyxx,YYYYXXyxxyyyX,21,
aca_38,unsolved,YYXXXyxx,YYYYYXyyyyx,yyX,x,1,2,YxxxyXyXyxYXXX,YxxxxxyXXXX,orb_0811,YXXXXXyxxxx,YYYXXXyxxxxyX,24,
aca_38,unsolved,YYXXXyxx,YYYYYXyyyyx,yyX,y,0,2,YxYXXYXXYXyxxyxxyxxyX,YxxxyxxyXX,orb_0619,YYXXXyxx,YYYYxyyyXXXyx,21,
aca_38,unsolved,YYXXXyxx,YYYYYXyyyyx,yyyy,y,1,2,yXYxyXYXXXyxYxx,YXyxYXyxYXyxYXyxY,orb_1217,YXyXXXYxyxxYXyx,YYXyxYXyxYXyxYXyx,32,
aca_39,unsolved,YXXXYxYx,YYYYYXyyyyx,Xy,x,1,3,XXXXXXyXXyXXyxxxYY,YXXXXXyxxxx,orb_0989,YXXXXXyxxxx,YYYXXXXXXyXXyxxx,27,
aca_39,unsolved,YXXXYxYx,YYYYYXyyyyx,Xy,y,0,3,yyxxxyyxxxyyxxxyyxxxyyxxxyXXXYYXXXYYXXXYYx,YXXXXYY,orb_1517,YYYXXXX,YYXXXYYXXXYYXXXYYXXXYYXXXYxxxyyxxxyyxxxyyX,49,
aca_39,unsolved,YXXXYxYx,YYYYYXyyyyx,xy,x,1,2,YXXXXYYXyXyxxxx,YXXXXyxxxxx,orb_0952,YXXXXXyxxxx,YYXXXXYxxxxyXyX,26,
aca_39,unsolved,YXXXYxYx,YYYYYXyyyyx,yX,x,1,3,YxxxxyyyXXXXXY,YxxxxxyXXXX,orb_0865,YXXXXXyxxxx,YYYXXXXyyxxxxx,25,
aca_39,unsolved,YXXXYxYx,YYYYYXyyyyx,yX,y,0,3,YxxxyyxxxyyxxxyyxxxyyXYYXXXYYXXXYYXXXYYXXX,YYYXXXX,orb_1518,YYYXXXX,YYXXXYYXXXYYXXXYYXXXYxxxyyxxxyyxxxyyxxxyyX,49,
aca_39,unsolved,YXXXYxYx,YYYYYXyyyyx,yx,x,1,2,xxxxYxxYXXXYxxxyXXXyXXXXX,YxxxxyXXXXX,orb_0963,YXXXXXyxxxx,YYXyXyxxxYXXXXX,26,
aca_39,unsolved,YXXXYxYx,YYYYYXyyyyx,yy,y,1,4,yyXYYXXyyXYYxxyyXYYxx,YXyyxYYXyyxYY,orb_1268,YXXyxxYXXXyxx,YYXXYxxyyXXYxxyyXXYxx,34,
aca_39,unsolved,YXXXYxYx,YYYYYXyyyyx,yyyy,y,1,2,yXYXXyXYxxyXYxx,YXyxYXyxYXyxYXyxY,orb_1210,YXXyXYxxyXYxxyX,YYXyxYXyxYXyxYXyx,32,
aca_40,unsolved,YXXXyxYx,YYYYYxyyyyX,Xy,x,1,3,XXXXXyyxxxxyXXXXYxxxxY,YXXXXyxxxxx,orb_1244,YXXXXXyxxxx,YYXXXXYxxxxyXXXXyxxxxx,33,
aca_40,unsolved,YXXXyxYx,YYYYYxyyyyX,Xy,y,0,3,yXYxxyXYxxyXYxxyXYxxYXXyxYXXyxYXXyxYXXyxYX,YXXXyxY,orb_1511,YXXXyXXyx,YYxxyXYxxyXYxxyXYxxyXYxyxYXXyxYXXyxYXXyx,49,
aca_40,unsolved,YXXXyxYx,YYYYYxyyyyX,xy,x,1,2,YXXXYxxYxyXXXyxxx,YXXXXXyxxxx,orb_0966,YXXXXXyxxxx,YYXyxyXXXYxxxxx,26,
aca_40,unsolved,YXXXyxYx,YYYYYxyyyyX,yX,x,1,3,YxxxyXXyXXyXXXXY,YxxxxyXXXXX,orb_0862,YXXXXXyxxxx,YYYXXXXyXXyxxx,25,
aca_40,unsolved,YXXXyxYx,YYYYYxyyyyX,yX,y,0,3,YYXXXYYXXXYYXXXYYXXXYYxyyxxxyyxxxyyy,YxxxyyX,orb_1419,YYXXXyx,YYXyyxxxyyxxxyyxxxyyxxxYXXXYYXXX,39,
aca_40,unsolved,YXXXyxYx,YYYYYxyyyyX,yx,x,1,2,xxxYYYXXXXyxxxyXXXX,YxxxxxyXXXX,orb_0809,YXXXXXyxxxx,YYYXXXXyxxxyX,24,
aca_40,unsolved,YXXXyxYx,YYYYYxyyyyX,yy,y,1,4,yyxYYXXXyyXYYxyyxYY,YxyyXYYxyyXYY,orb_1071,YXXyxxYXXXyxx,YYYXXYxxyXXyyxx,28,
aca_40,unsolved,YXXXyxYx,YYYYYxyyyyX,yxY,x,1,2,xxYXYXYXXXXyxxxxyXXX,YxxxxxyXXXX,orb_0809,YXXXXXyxxxx,YYYXXXXyxxxyX,24,
aca_40,unsolved,YXXXyxYx,YYYYYxyyyyX,yxY,y,0,2,YXYxxYxxYxxYxyXXyXXyx,YXXXyxYxxx,orb_0565,YXXXyxYx,YYYYxyyyxYXXX,21,
aca_40,unsolved,YXXXyxYx,YYYYYxyyyyX,yyyy,y,1,2,yxYXXXyXYxyxY,YxyXYxyXYxyXYxyXY,orb_1075,YXyXXXYxxyx,YYXyxYXyxYXyxYXyx,28,
aca_41,unsolved,YXyXYxxx,YYYYYXyyyyx,Xy,x,1,3,XyXXXXXyxxxYXXXYxxYxxxxx,YXXXXXyxxxx,orb_1175,YXXXXXyxxxx,YYXXXXyxxxyXXXYxxxxx,31,
aca_41,unsolved,YXyXYxxx,YYYYYXyyyyx,Xy,y,0,3,XXyxYXXyxYXXyxYXXyxYXXyxyXYxxyXYxxyXYxxx,YXyXYxx,orb_1466,YXXYx,YYYXyxYYXyxYYXyxYXYxyyXYxyyXYxyyXYxyyX,43,
aca_41,unsolved,YXyXYxxx,YYYYYXyyyyx,xy,x,1,2,YXXXYXyyyxxxx,YXXXXyxxxxx,orb_0810,YXXXXXyxxxx,YYYXXXXyxxxyx,24,
aca_41,unsolved,YXyXYxxx,YYYYYXyyyyx,yX,x,1,3,YxxxxyXXXXyxxxYYXXXX,YxxxxxyXXXX,orb_1171,YXXXXXyxxxx,YYXXXXYxxxxyXXXXyxxx,31,
aca_41,unsolved,YXyXYxxx,YYYYYXyyyyx,yX,y,0,3,YYxyXXYxyXXYxyXXYxyXYXyxxYXyxxYXyxxYXy,YxxYXyX,orb_1467,YXXYx,YYYXyxYYXyxYYXyxYYXyxYXYxyyXYxyyXYxyyX,43,
aca_41,unsolved,YXyXYxxx,YYYYYXyyyyx,yx,x,1,2,xxxxYXXYxxxyXXyXXyXXXXX,YxxxxyXXXXX,orb_0813,YXXXXXyxxxx,YYYXyXXXXyxxx,24,
aca_41,unsolved,YXyXYxxx,YYYYYXyyyyx,yy,y,1,4,yyXYYXyyxYYXyyXYYxxxx,YXyyxYYXyyxYY,orb_1274,YXXyxxYXXXyxx,YYYYXXyxxyXXYxxyXXyxx,34,
aca_41,unsolved,YXyXYxxx,YYYYYXyyyyx,Yxy,x,1,2,YXXXXYXyxyxyxxxx,YXXXXyxxxxx,orb_0810,YXXXXXyxxxx,YYYXXXXyxxxyx,24,
aca_41,unsolved,YXyXYxxx,YYYYYXyyyyx,Yxy,y,0,2,xyXXyXXyXXyXXXYxxxYxxYxxY,YxyxYX,orb_0596,YXyXYxxx,YYYYXXXyxyyyx,21,
aca_41,unsolved,YXyXYxxx,YYYYYXyyyyx,yxY,x,1,2,xxxYXXXYxxxyXyXyXXXX,YxxxxyXXXXX,orb_0813,YXXXXXyxxxx,YYYXyXXXXyxxx,24,
aca_41,unsolved,YXyXYxxx,YYYYYXyyyyx,yxY,y,0,2,yXXXyXXyXXyXXyXYxxYxxYxxx,YXYxyx,orb_0597,YXyXYxxx,YYYYXYxxxyyyX,21,
aca_41,unsolved,YXyXYxxx,YYYYYXyyyyx,yyyy,y,1,2,yXYXyxYXyXYxxxx,YXyxYXyxYXyxYXyxY,orb_1222,YXyXYxxxxyXYXyx,YYXyxYXyxYXyxYXyx,32,
aca_42,unsolved,YXXXyxYx,YYYYYXyyyyx,Xy,x,1,3,XXXXXXyXXyxxxyXXXYxxxxxY,YXXXXXyxxxx,orb_1243,YXXXXXyxxxx,YYXXXXXXyxxxyXXXYxxxxx,33,
aca_42,unsolved,YXXXyxYx,YYYYYXyyyyx,Xy,y,0,3,yXYxxyXYxxyXYxxyXYxxyXYxxyXXyxYXXyxYXXyxYx,YXXXyxY,orb_1510,YXXXyXXyx,YYxxyXYxxyXYxxyXYxxyXYxxyXYxyxYXXyxYXXyx,49,
aca_42,unsolved,YXXXyxYx,YYYYYXyyyyx,xy,x,1,2,YXXXXYYxyXyxxxx,YXXXXyxxxxx,orb_0953,YXXXXXyxxxx,YYXXXXYxxxxyXyx,26,
aca_42,unsolved,YXXXyxYx,YYYYYXyyyyx,yX,x,1,3,YxxxxyyyXXXY,YxxxxxyXXXX,orb_0720,YXXXXXyxxxx,YYYXXXXyyxxx,23,
aca_42,unsolved,YXXXyxYx,YYYYYXyyyyx,yX,y,0,3,YYYXXXYYXXXYYXXXYYXyyxxxyyxxxyyxxxyy,YxxxyyX,orb_1418,YYXXXyx,YYXyyxxxyyxxxyyxxxYXXXYYXXXYYXXX,39,
aca_42,unsolved,YXXXyxYx,YYYYYXyyyyx,yx,x,1,2,xxxxYxxYxxYXXXyxxyXXXXX,YxxxxyXXXXX,orb_0814,YXXXXXyxxxx,YYYXyxxxxyXXX,24,
aca_42,unsolved,YXXXyxYx,YYYYYXyyyyx,yy,y,1,4,yyXYYXXXyyxYYxyyXYYxx,YXyyxYYXyyxYY,orb_1270,YXXyxxYXXXyxx,YYYXXYxxyyXXYxxyXXyxx,34,
aca_42,unsolved,YXXXyxYx,YYYYYXyyyyx,yxY,x,1,2,xxxYxYxYXXXyxxxyXXXX,YxxxxyXXXXX,orb_0814,YXXXXXyxxxx,YYYXyxxxxyXXX,24,
aca_42,unsolved,YXXXyxYx,YYYYYXyyyyx,yxY,y,0,2,yXYxxYxxYxxYXyXXyXXyx,YXXXyxYxxx,orb_0562,YXXXyxYx,YYYYXyyyxxxyX,21,
aca_42,unsolved,YXXXyxYx,YYYYYXyyyyx,yyyy,y,1,2,yXYXXXyxYxyXYxx,YXyxYXyxYXyxYXyxY,orb_1216,YXyXXXYxyxYXyxx,YYXyxYXyxYXyxYXyx,32,
aca_43,unsolved,YXXYxYxxx,YYXyyXXyxx,Xy,y,0,4,XXyyyyxxyXXYYxyxx,YXXXYYxx,orb_0608,YYXXXYxx,YYYYYXXYxxyyX,21,
aca_43,unsolved,YXXYxYxxx,YYXyyXXyxx,xx,x,1,4,XYxYxyXXXyxxYxyXX,YxxYxxyXX,orb_0709,YYXXyxx,YXYXXXyxYxxyXyx,22,
aca_43,unsolved,YXXYxYxxx,YYXyyXXyxx,yX,y,0,4,YxxyXXyXYxxYXXyXYxxYX,YYxxYXXX,orb_1023,YYXXXXXYXX,YYXXyXYYXXXYxxyyX,27,
aca_43,unsolved,YXXYxYxxx,YYXyyXXyxx,yy,y,1,2,xxYXyXXYXyxYXyx,YxxYxxyXX,orb_0710,YYXXyxx,YXyXXYXyxxxYXyx,22,
aca_43,unsolved,YXXYxYxxx,YYXyyXXyxx,yXX,x,1,3,YxyXXYXyxYXyxYX,YxxyXXYX,orb_0649,YYXXyxx,YYXyxxYxyXYxyX,21,
aca_43,unsolved,YXXYxYxxx,YYXyyXXyxx,yyX,y,1,2,xYXyXXYXyxYXyxx,YxYxxyXX,orb_0710,YYXXyxx,YXyXXYXyxxxYXyx,22,
aca_43,unsolved,YXXYxYxxx,YYXyyXXyxx,yyXX,x,1,2,XyXXYXyxYXyxxxY,YxxyXXY,orb_0710,YYXXyxx,YXyXXYXyxxxYXyx,22,
aca_43,unsolved,YXXYxYxxx,YYXyyXXyxx,yyXX,y,1,2,YXyXXYXyxYXyxxx,YYxxyXX,orb_0710,YYXXyxx,YXyXXYXyxxxYXyx,22,
aca_44,unsolved,YYXXXyxx,YYYYYXXyXyx,xx,x,0,3,XXXXXYxyxxYxyXXY,YxyXXYxyXXY,orb_1009,YXXYXXyxYxxyx,YXXyxYXXyxYxxx,27,
aca_44,unsolved,YYXXXyxx,YYYYYXXyXyx,yy,y,0,3,YYxxYXXyyX,YxxxyxyXX,orb_0396,YXXXyXyxx,YYXXYxxyyx,19,
aca_44,unsolved,YYXXXyxx,YYYYYXXyXyx,xyy,y,0,2,xxYYYXXYxyXyX,YxxxyyXX,orb_0465,YYXXXyxx,YYYXXYxyXyx,19,
aca_44,unsolved,YYXXXyxx,YYYYYXXyXyx,yyX,y,0,2,YxYXXYXXYXXyxyX,YxxxyxxyXX,orb_0616,YYXXXyxx,YYYXXyXyXYxxx,21,
aca_44,unsolved,YYXXXyxx,YYYYYXXyXyx,xxyy,y,0,2,xxYxYxYXYxyXXyX,YxxxyXyXX,orb_0465,YYXXXyxx,YYYXXYxyXyx,19,
aca_45,unsolved,YXXyXYxxx,YYYYXXXYxx,Xy,y,0,3,XXyxYXyxYXyxYXyxYXXYx,YXXyXYxx,orb_1013,YXXYxxyx,YXyXXyxYXyxYXyxYXyx,27,
aca_45,unsolved,YXXyXYxxx,YYYYXXXYxx,xx,x,1,4,XYxyxxxyXXXXY,YXyXXXXYXyXXXXY,orb_1027,YYXXXXyxxyx,YXXXXyXYXXXXyXYx,27,
aca_45,unsolved,YXXyXYxxx,YYYYXXXYxx,yX,y,0,3,YYxxyXXYxxyXXYxxyXXXXXYxxyX,YxxYXXyX,orb_1301,YXXYxxyx,YYXXyxxYXXyxxYXXyxxxxxYXXyx,35,
aca_45,unsolved,YXXyXYxxx,YYYYXXXYxx,yy,y,1,2,xxxyyXXYYXyyx,YxxYYXYYXXX,orb_0846,YYXXYxxxYYx,YYXXyyXYYxxxx,24,
aca_45,unsolved,YXXyXYxxx,YYYYXXXYxx,XXy,y,0,3,XyxYXyxYXyxYXyxYXXXY,YXXyXYx,orb_1013,YXXYxxyx,YXyXXyxYXyxYXyxYXyx,27,
aca_46,unsolved,YXXYxxyx,YYYYYXyyyyx,Xy,x,1,2,XXXXXXyXXyxxxYXXXYxxxYxxxxx,YXXXXXyxxxx,orb_0965,YXXXXXyxxxx,YYXyxyXXXXXyxxx,26,
aca_46,unsolved,YXXYxxyx,YYYYYXyyyyx,xx,x,0,2,XXXXXXYXyxxxxYxyx,YXYxxyx,orb_0633,YYXXYx,YYYYYxYXyyyyxyX,21,
aca_46,unsolved,YXXYxxyx,YYYYYXyyyyx,xy,x,1,3,YXXXXYXyxxxxyXXXXyxxxx,YXXXXyxxxxx,orb_1106,YXXXXXyxxxx,YYXXXXyxxxxxxxxyyx,29,
aca_46,unsolved,YXXYxxyx,YYYYYXyyyyx,xy,y,0,3,xyXXXXYXYxyxxxxY,YxxyxYX,orb_0635,YYXXYx,YYYYxYXXyyyyxYX,21,
aca_46,unsolved,YXXYxxyx,YYYYYXyyyyx,yX,x,1,2,YxxxxyyXYYXXX,YxxxxxyXXXX,orb_0803,YXXXXXyxxxx,YYXXXYxxxxyyX,24,
aca_46,unsolved,YXXYxxyx,YYYYYXyyyyx,yx,x,1,3,xxxxYXXXYxxxyXXyXXXXXy,YxxxxyXXXXX,orb_1176,YXXXXXyxxxx,YYXXXYxxxxyXXXXXyxxx,31,
aca_46,unsolved,YXXYxxyx,YYYYYXyyyyx,yx,y,0,3,YXXyxYXXyxYXXyxYXXyxYXXyXYxxyXYxxyXYxxyy,YXYxxyx,orb_1488,YXXYxxyx,YXXyXYxxyXYxxyXYxxyXyxYXXyxYXXyxYXXyx,45,
aca_46,unsolved,YXXYxxyx,YYYYYXyyyyx,yy,y,1,4,yyXYYXyyXYYxxyyxYYx,YXyyxYYXyyxYY,orb_1212,YXXyxxYXXXyxx,YYXXYxxYXXyxxyXXyxx,32,
aca_46,unsolved,YXXYxxyx,YYYYYXyyyyx,xxy,x,0,2,XXXXXYXyxxxxYxy,YYxxyx,orb_0633,YYXXYx,YYYYYxYXyyyyxyX,21,
aca_46,unsolved,YXXYxxyx,YYYYYXyyyyx,xxy,y,0,2,yXXXXXYXyxxxxYx,YxxyxY,orb_0633,YYXXYx,YYYYYxYXyyyyxyX,21,
aca_46,unsolved,YXXYxxyx,YYYYYXyyyyx,yxY,x,1,2,yxxxxYxYXyXyXXXX,YxxxxyXXXXX,orb_0803,YXXXXXyxxxx,YYXXXYxxxxyyX,24,
aca_46,unsolved,YXXYxxyx,YYYYYXyyyyx,yxY,y,0,2,yxxYYYYXyyyXX,YxxyxYXX,orb_0583,YXXYxxyx,YYYYXyyyXXyxx,21,
aca_46,unsolved,YXXYxxyx,YYYYYXyyyyx,yyyy,y,1,2,yXYXyXYxxyxYx,YXyxYXyxYXyxYXyxY,orb_1154,YXyXYXXyxYxyx,YYXyxYXyxYXyxYXyx,30,
aca_47,unsolved,YXXYxxyX,YYYYYxyyyyX,Xy,x,1,2,XXXXXyyxxxxYXXXXYxyxxxx,YXXXXyxxxxx,orb_0955,YXXXXXyxxxx,YYXXXXyxxxxyXYx,26,
aca_47,unsolved,YXXYxxyX,YYYYYxyyyyX,xx,x,0,2,XXXXXXYXyxxxxYxyx,YXYXXyx,orb_0639,YYXXyx,YXyXXXXYxyxxxxx,21,
aca_47,unsolved,YXXYxxyX,YYYYYxyyyyX,xy,x,1,3,YXXXYXyxxxyXXXYxxxxx,YXXXXXyxxxx,orb_1067,YXXXXXyxxxx,YYXyyXXXYxxxxxxxx,28,
aca_47,unsolved,YXXYxxyX,YYYYYxyyyyX,xy,y,0,3,xyxxxxxYXyxyXXXYXX,YxxyXYX,orb_0642,YYXXyx,YYXyxxxxxYXyXXX,21,
aca_47,unsolved,YXXYxxyX,YYYYYxyyyyX,yX,x,1,2,xxyXXyXYxxYXXXy,YxxxxyXXXXX,orb_0808,YXXXXXyxxxx,YYXyyXXXYxxxx,24,
aca_47,unsolved,YXXYxxyX,YYYYYxyyyyX,yx,x,1,3,YxxxxYXXXXYxxxxyyXXX,YxxxxxyXXXX,orb_1172,YXXXXXyxxxx,YYXXXXyxxxxyXXXXyxxx,31,
aca_47,unsolved,YXXYxxyX,YYYYYxyyyyX,yx,y,0,3,YYXYxxYXYxxYXYxxYXYxyxyXXyxyXXyxyXXyxy,YXXyxyx,orb_1451,YYXXyx,YYXyyxxxyyxxxyyxxxyXYYXXXYYXXXYYXXX,41,
aca_47,unsolved,YXXYxxyX,YYYYYxyyyyX,yy,y,1,4,yyxYYXXXyyxYYxxyyXYYX,YxyyXYYxyyXYY,orb_1272,YXXyxxYXXXyxx,YYYXXyxxyyXXYxxYXXyxx,34,
aca_47,unsolved,YXXYxxyX,YYYYYxyyyyX,xxy,x,0,2,XXXXXYXyxxxxYxy,YYXXyx,orb_0639,YYXXyx,YXyXXXXYxyxxxxx,21,
aca_47,unsolved,YXXYxxyX,YYYYYxyyyyX,xxy,y,0,2,yxxxxxYxyXXXXYX,YxxyXY,orb_0639,YYXXyx,YXyXXXXYxyxxxxx,21,
aca_47,unsolved,YXXYxxyX,YYYYYxyyyyX,yxY,x,1,2,YxxxYXYXyxyXXX,YxxxxxyXXXX,orb_0808,YXXXXXyxxxx,YYXyyXXXYxxxx,24,
aca_47,unsolved,YXXYxxyX,YYYYYxyyyyX,yxY,y,0,2,YxxyyyyxYYYXX,YxxYxyXX,orb_0582,YXXYxxyX,YYYYxyyyXXyxx,21,
aca_47,unsolved,YXXYxxyX,YYYYYxyyyyX,yyyy,y,1,2,yxYXXXyxYxxyXYX,YxyXYxyXYxyXYxyXY,orb_1220,YXyXXYxyxYXyxxx,YYXyxYXyxYXyxYXyx,32,
aca_48,unsolved,YXXXyxYxx,YYYYXXyxxx,Xy,y,0,3,XyXYxyXYxyXYxyXYxyxxx,YXXXyxYx,orb_1000,YXXXYxxxyX,YYxyXYxyXYxyXYxyX,27,
aca_48,unsolved,YXXXyxYxx,YYYYXXyxxx,xx,x,1,4,XYXXXXYxyxYXyxxxy,YYXyxxxxYXyxxxx,orb_1120,YXYXyxyXYxx,YYYYXyxYYYYXyxYYYx,29,
aca_48,unsolved,YXXXyxYxx,YYYYXXyxxx,yX,y,0,3,YYxYXXXYxYXXXYxYXXyXyxx,YxxxyXyX,orb_1125,YYXXXyx,YYXXyyxxYXYYXXXXYYXXXX,29,
aca_48,unsolved,YXXXyxYxx,YYYYXXyxxx,yy,y,1,2,xxxYYXXXyyxYY,YxxyyXyyXXX,orb_0852,YYXXyxxxYYx,YYXXXyyxYYxxx,24,
aca_48,unsolved,YXXXyxYxx,YYYYXXyxxx,XXy,y,0,3,yXYxyXYxyXYxyXYxyxxx,YXXXyxY,orb_1000,YXXXYxxxyX,YYxyXYxyXYxyXYxyX,27,
aca_49,unsolved,YXXYxxyx,YYYYYxyyyyX,Xy,x,1,2,XXXXXyyxxxxYXXXXYxYxxxx,YXXXXyxxxxx,orb_0957,YXXXXXyxxxx,YYXXXXyxxxxyXyx,26,
aca_49,unsolved,YXXYxxyx,YYYYYxyyyyX,xx,x,0,2,XXXXXXYxyxxxxYXyx,YXYxxyx,orb_0634,YYXXYx,YYYYYxyXyyyyxYX,21,
aca_49,unsolved,YXXYxxyx,YYYYYxyyyyX,xy,x,1,3,YXXXYXyxxxyXXXXXyxxx,YXXXXXyxxxx,orb_1066,YXXXXXyxxxx,YYXyyXXXXXXXXyxxx,28,
aca_49,unsolved,YXXYxxyx,YYYYYxyyyyX,xy,y,0,3,xyXXXXXYXyxyxxxYXX,YxxyxYX,orb_0632,YYXXYx,YYYYYxYXXyyyxYX,21,
aca_49,unsolved,YXXYxxyx,YYYYYxyyyyX,yX,x,1,2,YxxxyXXyXYxxYXX,YxxxxyXXXXX,orb_0807,YXXXXXyxxxx,YYXyyXXXXyxxx,24,
aca_49,unsolved,YXXYxxyx,YYYYYxyyyyX,yx,x,1,3,xxxYXXXXYxxxxyyXXXXy,YxxxxxyXXXX,orb_1173,YXXXXXyxxxx,YYXXXXyxxxxyXXXYxxxx,31,
aca_49,unsolved,YXXYxxyx,YYYYYxyyyyX,yx,y,0,3,YYXXyxYXXyxYXXyxYXXyxYxxyXYxxyXYxxyXYxxy,YXYxxyx,orb_1487,YXXYxxyx,YXXyXYxxyXYxxyXYxxyXYxxyXyxYXXyxYXXyx,45,
aca_49,unsolved,YXXYxxyx,YYYYYxyyyyX,yy,y,1,4,yyxYYXXXyyxYYxxyyXYYx,YxyyXYYxyyXYY,orb_1273,YXXyxxYXXXyxx,YYYXXyxxyyXXYxxyXXyxx,34,
aca_49,unsolved,YXXYxxyx,YYYYYxyyyyX,xxy,x,0,2,XXXXXYxyxxxxYXy,YYxxyx,orb_0634,YYXXYx,YYYYYxyXyyyyxYX,21,
aca_49,unsolved,YXXYxxyx,YYYYYxyyyyX,xxy,y,0,2,yXXXXXYxyxxxxYX,YxxyxY,orb_0634,YYXXYx,YYYYYxyXyyyyxYX,21,
aca_49,unsolved,YXXYxxyx,YYYYYxyyyyX,yxY,x,1,2,yxxxYXYXyxyXXX,YxxxxxyXXXX,orb_0807,YXXXXXyxxxx,YYXyyXXXXyxxx,24,
aca_49,unsolved,YXXYxxyx,YYYYYxyyyyX,yxY,y,0,2,YxxYYYYxyyyXX,YxxyxYXX,orb_0586,YXXYxxyx,YYYYxyyyXXYxx,21,
aca_49,unsolved,YXXYxxyx,YYYYYxyyyyX,yyyy,y,1,2,yxYXXXyxYxxyXYx,YxyXYxyXYxyXYxyXY,orb_1219,YXyXXYxyXYXyxxx,YYXyxYXyxYXyxYXyx,32,
aca_50,unsolved,YXXYxxyX,YYYYYXyyyyx,Xy,x,1,2,XXXXXXyXXyxxxYXXXYxyxxx,YXXXXXyxxxx,orb_0961,YXXXXXyxxxx,YYXYxyXXXXXyxxx,26,
aca_50,unsolved,YXXYxxyX,YYYYYXyyyyx,xx,x,0,2,XXXXXXYxyxxxxYXyx,YXYXXyx,orb_0638,YYXXyx,YXyXXXXXYxyxxxx,21,
aca_50,unsolved,YXXYxxyX,YYYYYXyyyyx,xy,x,1,3,YXXXXYXyxxxxyXXXXYxxxx,YXXXXyxxxxx,orb_1105,YXXXXXyxxxx,YYXXXXyxxxxxxxxyyX,29,
aca_50,unsolved,YXXYxxyX,YYYYYXyyyyx,xy,y,0,3,xyxxxxYXYxyXXXXY,YxxyXYX,orb_0641,YYXXyx,YYXyxxxxYXyXXXX,21,
aca_50,unsolved,YXXYxxyX,YYYYYXyyyyx,yX,x,1,2,xxxyyXYYXXXXy,YxxxxxyXXXX,orb_0804,YXXXXXyxxxx,YYXXXYxxxxyyx,24,
aca_50,unsolved,YXXYxxyX,YYYYYXyyyyx,yx,x,1,3,YxxxxxYXXXYxxxyXXyXXXX,YxxxxyXXXXX,orb_1174,YXXXXXyxxxx,YYXXXXyxxxyXXXXXyxxx,31,
aca_50,unsolved,YXXYxxyX,YYYYYXyyyyx,yx,y,0,3,YXYxxYXYxxYXYxxYXYxxYXYXyxyXXyxyXXyxyy,YXXyxyx,orb_1452,YYXXyx,YYXyyxxxyyxxxyyxxxyyxxxyXYYXXXYYXXX,41,
aca_50,unsolved,YXXYxxyX,YYYYYXyyyyx,yy,y,1,4,yyXYYXyyXYYxxyyxYYX,YXyyxYYXyyxYY,orb_1213,YXXyxxYXXXyxx,YYXXYxxyXXyxxyXXyxx,32,
aca_50,unsolved,YXXYxxyX,YYYYYXyyyyx,xxy,x,0,2,XXXXXYxyxxxxYXy,YYXXyx,orb_0638,YYXXyx,YXyXXXXXYxyxxxx,21,
aca_50,unsolved,YXXYxxyX,YYYYYXyyyyx,xxy,y,0,2,yxxxxxYXyXXXXYx,YxxyXY,orb_0638,YYXXyx,YXyXXXXXYxyxxxx,21,
aca_50,unsolved,YXXYxxyX,YYYYYXyyyyx,yxY,x,1,2,YxxxxYxYXyXyXXXX,YxxxxyXXXXX,orb_0804,YXXXXXyxxxx,YYXXXYxxxxyyx,24,
aca_50,unsolved,YXXYxxyX,YYYYYXyyyyx,yxY,y,0,2,yxxyyyyXYYYXX,YxxYxyXX,orb_0579,YXXYxxyX,YYYYXyyyXXYxx,21,
aca_50,unsolved,YXXYxxyX,YYYYYXyyyyx,yyyy,y,1,2,yXYXyXYxxyxYX,YXyxYXyxYXyxYXyxY,orb_1155,YXyXYXyXYxxyx,YYXyxYXyxYXyxYXyx,30,
aca_51,unsolved,YXXYxYxx,YYYYYXyyyyx,Xy,x,1,3,XXXXXXyXXyxxxYYXXXYxxxxx,YXXXXXyxxxx,orb_0858,YXXXXXyxxxx,YYXXXYXyXXyxxx,25,
aca_51,unsolved,YXXYxYxx,YYYYYXyyyyx,Xy,y,0,3,XyyxyyxyyxyyxyyxxyXXYYXYYXYYxx,YXXXYYx,orb_1108,YXXYXXYxxyx,YYYYYYXXyyyxxyxYXX,29,
aca_51,unsolved,YXXYxYxx,YYYYYXyyyyx,xx,x,0,2,XXXXXXyXYxxxxyxYx,YxyxYxxyxYx,orb_0947,YYXYxYXXYx,YYYYYXYxyyyyXyx,25,
aca_51,unsolved,YXXYxYxx,YYYYYXyyyyx,xy,x,1,2,YXXXXYXyXyyxxxx,YXXXXyxxxxx,orb_0958,YXXXXXyxxxx,YYXXXXyxxxxyxYx,26,
aca_51,unsolved,YXXYxYxx,YYYYYXyyyyx,yX,x,1,3,YxxxxyyXXXXXYxxxxYXXXX,YxxxxxyXXXX,orb_1246,YXXXXXyxxxx,YYXXXXyxxxxyXXXXyxxxxx,33,
aca_51,unsolved,YXXYxYxx,YYYYYXyyyyx,yX,y,0,3,YxxyXyxxyXyxxyXyxxyXyXYxYXXYxYXXYxYXXYxYXX,YYxYXXX,orb_1513,YYXXXXYX,YYXXyxxxyyxxxyyxxxyyxxxyyxYYXXXYYXXXYYXXX,49,
aca_51,unsolved,YXXYxYxx,YYYYYXyyyyx,yx,x,1,2,xxxxYXXXYxxxyXXXyXXyXXXXX,YxxxxyXXXXX,orb_0962,YXXXXXyxxxx,YYXyXXXXXyxxxYX,26,
aca_51,unsolved,YXXYxYxx,YYYYYXyyyyx,yy,y,1,4,yyXYYXyyXYYxxyyXYYxxx,YXyyxYYXyyxYY,orb_1271,YXXyxxYXXXyxx,YYYXXyxxyXXyxxYYXXyxx,34,
aca_51,unsolved,YXXYxYxx,YYYYYXyyyyx,yyyy,y,1,2,yXYXyXYxxyXYxxx,YXyxYXyxYXyxYXyxY,orb_1221,YXyXYXyxxYXyxxx,YYXyxYXyxYXyxYXyx,32,
aca_52,unsolved,YXXyXyxx,YYYYYXyyyyx,Xy,x,1,3,XXXXXXyxxxyyXXXYxxYxxxxx,YXXXXXyxxxx,orb_0859,YXXXXXyxxxx,YYXXXYxyXXyxxx,25,
aca_52,unsolved,YXXyXyxx,YYYYYXyyyyx,Xy,y,0,3,XXYYXYYXYYXYYXYYxyXyyxyyxyyxxx,YXXyyxx,orb_1010,YXXYXXyxxyx,YYYYxxyXYXXyyyxx,27,
aca_52,unsolved,YXXyXyxx,YYYYYXyyyyx,xx,x,0,2,XXXXXXyxYxxxxyXYx,YxyXYxxyXYx,orb_0948,YYXyxYXXyx,YXXXXyxYxxxxxyX,25,
aca_52,unsolved,YXXyXyxx,YYYYYXyyyyx,xy,x,1,2,YXXXXYxYxyyxxxx,YXXXXyxxxxx,orb_0956,YXXXXXyxxxx,YYXXXXyxxxxyXyX,26,
aca_52,unsolved,YXXyXyxx,YYYYYXyyyyx,yX,x,1,3,YxxxxyyXXXXyxxxxxYXXXX,YxxxxxyXXXX,orb_1245,YXXXXXyxxxx,YYXXXXyxxxxyXXXXXYxxxx,33,
aca_52,unsolved,YXXyXyxx,YYYYYXyyyyx,yX,y,0,3,YxYXXyxYXXyxYXXyxYXXyXYxxyXYxxyXYxxyXYxxyX,YYxxyXX,orb_1512,YXXyXyxx,YYxyXXYxyXXYxyXXYxyXXYxyxxYXyxxYXyxxYXyxx,49,
aca_52,unsolved,YXXyXyxx,YYYYYXyyyyx,yx,x,1,2,xxxxYxxYxxxYXXXyxxxyXXXXX,YxxxxyXXXXX,orb_0964,YXXXXXyxxxx,YYXyxxxxxyXXXYx,26,
aca_52,unsolved,YXXyXyxx,YYYYYXyyyyx,yy,y,1,4,yyXYYXXyyxYYXXyyxYYxx,YXyyxYYXyyxYY,orb_1269,YXXyxxYXXXyxx,YYXXYxxyyXXyxxYYXXyxx,34,
aca_52,unsolved,YXXyXyxx,YYYYYXyyyyx,yyyy,y,1,2,yXYXXyxYXXyxYxx,YXyxYXyxYXyxYXyxY,orb_1211,YXXyXYxxyXYxxyx,YYXyxYXyxYXyxYXyx,32,
aca_53,unsolved,YXXyxYx,YYXyyXyxyxx,Xy,y,0,4,yXYxyXYxyXyxyxYxx,YXXyxY,orb_0784,YYXXyx,YXYxYXyxYXyxYXXyX,23,
aca_53,unsolved,YXXyxYx,YYXyyXyxyxx,yX,y,0,4,YYYXyyyxxyyxxxyyx,YxxyyX,orb_0790,YYXXyx,YYYXXYxxxyXXXYYXX,23,
aca_53,unsolved,YXXyxYx,YYXyyXyxyxx,yXy,y,0,2,xYXYXyXyxxxyx,YxxyyX,orb_0432,YXXyxYx,YYXyXXyxxyxx,19,
aca_54,unsolved,YYXXXXyxx,YYxxyXXXXX,xx,x,1,6,XXYYxy,YXXyxYYXXyxYY,orb_0485,YYXXyx,YYYxyXXYYxyXX,19,
aca_54,unsolved,YYXXXXyxx,YYxxyXXXXX,yy,y,0,2,YxxxxxxyXXXXXXX,YxxxxyxxyXX,orb_0840,YYXXXXyxx,YXXXXXXyxxxxxxx,24,
aca_54,unsolved,YYXXXXyxx,YYxxyXXXXX,yy,y,1,2,YXXXXXXyxxxxxxx,YXXyxxxyxxxxx,orb_0917,YYXXXXXyxx,YXXXXXXXyxxxxxx,25,
aca_55,unsolved,YXXXyXYx,YYxyxYXXyyX,Xy,y,0,4,yxYxxYXXyXYxyxYxyXXyXYX,YXXXyXY,orb_1068,YXXXyXXyX,YYxyxYxyXYXXyyxYXyX,28,
aca_55,unsolved,YXXXyXYx,YYxyxYXXyyX,yX,y,0,4,YxxxxxxyxYXXXXXYXXXyy,YYXXXyX,orb_0624,YYXXXyxyx,YXXXyXYxxxxx,21,
aca_55,unsolved,YXXXyXYx,YYxyxYXXyyX,yxY,y,0,3,YXyxxxxyXXXXXYx,YXXXYxyxxx,orb_0698,YYXXXyX,YXXXXYxxxxxyXyx,22,
aca_56,unsolved,YYXXXyxx,YYXYYxxyXXX,xx,x,0,4,XXyxxYXXXyxxxYX,YxyXXYxyXXY,orb_0982,YYXXyxYXXyx,YXXyxxxYXXXyxxx,26,
aca_56,unsolved,YYXXXyxx,YYXYYxxyXXX,yy,y,0,3,YXYxxxxxyXXXXX,YxxxyxyXX,orb_0620,YYXXXyxx,YYxxxxxyXXXXX,21,
aca_56,unsolved,YYXXXyxx,YYXYYxxyXXX,yy,y,1,3,YXXXXXyxyxxxxx,YXXyxyxyxyxxx,orb_0800,YYYXXXXyyx,YYYYYXXyyyyyx,23,
aca_56,unsolved,YYXXXyxx,YYXYYxxyXXX,xyy,y,0,2,YxxYYxxyXXXXX,YxxxyyXX,orb_0622,YYXXXyxx,YYxxyXXXXXYxx,21,
aca_56,unsolved,YYXXXyxx,YYXYYxxyXXX,yyx,y,1,2,XXYYYYXXXyyxxxx,YXXyyyyxxx,orb_0653,YYYXXXXyyx,YYYxxyyXXXX,21,
aca_57,unsolved,YYXXXyxx,YYXYYxyXXXX,xx,x,0,4,XXyxxYXXyXXYxYY,YxyXXYxyXXY,orb_0983,YYXXyxYXXyx,YYxYXXyXXYxxyXX,26,
aca_57,unsolved,YYXXXyxx,YYXYYxyXXXX,yy,y,0,3,YXYxxxxyXXXXXX,YxxxyxyXX,orb_0621,YYXXXyxx,YYxxxxyXXXXXX,21,
aca_57,unsolved,YYXXXyxx,YYXYYxyXXXX,yy,y,1,3,YXXXXyxyxxxxxx,YXyxyxxxyxyxxxx,orb_0937,YYXXYYXXXXyx,YYXXXXXXyxxxx,25,
aca_57,unsolved,YYXXXyxx,YYXYYxyXXXX,xyy,y,0,2,YxxYYxyXXXXXX,YxxxyyXX,orb_0623,YYXXXyxx,YYxyXXXXXXYxx,21,
aca_57,unsolved,YYXXXyxx,YYXYYxyXXXX,yyx,y,1,2,XXXYYXXYYXXXyyxxxxx,YXyyxxyyxxxx,orb_0938,YYXXYYXXXXyx,YYXXYYxxyyXXX,25,
aca_58,unsolved,YXXXYxx,YYYYYYXyyyyyx,Xy,x,1,2,XXXXXXXyXXyXXyxxxxYXXXXYxxxxxx,YXXXXXXyxxxxx,orb_1102,YXXXXXXyxxxxx,YYYXyXXXXXXyxxxx,29,
aca_58,unsolved,YXXXYxx,YYYYYYXyyyyyx,Xy,y,0,2,XyxxyxxyxxyxxyxxyxxxyXXXYXXYXXYXXYxx,YXXXXYx,orb_0730,YXXXYxx,YYYYYYxYXXXyyyyx,23,
aca_58,unsolved,YXXXYxx,YYYYYYXyyyyyx,xx,x,0,2,XXXXXXyxYxxxxxyXY,YXyXYXyXY,orb_0970,YXYxYXXYx,YYYYYYXYxyyyyyXyx,26,
aca_58,unsolved,YXXXYxx,YYYYYYXyyyyyx,xy,x,1,2,YXXXXXYYXyyxxxxx,YXXXXXyxxxxxx,orb_1093,YXXXXXXyxxxxx,YYXXXXXYxxxxxyyX,29,
aca_58,unsolved,YXXXYxx,YYYYYYXyyyyyx,xy,y,0,2,xxyyyyyXXYxxYYYYYX,YxxxYXX,orb_0727,YXXXYxx,YYYYYXXYxxyyyyyX,23,
aca_58,unsolved,YXXXYxx,YYYYYYXyyyyyx,yX,x,1,2,YxxxxxyyyXYXXXXX,YxxxxxxyXXXXX,orb_1100,YXXXXXXyxxxxx,YYYXXXXXyxxxxxyx,29,
aca_58,unsolved,YXXXYxx,YYYYYYXyyyyyx,yX,y,0,2,YxxxyxxyxxyxxyxxyXYXXYXXYXXYXXYXXX,YxYXXXX,orb_0728,YXXXYxx,YYYYYXyyyyyXyxxx,23,
aca_58,unsolved,YXXXYxx,YYYYYYXyyyyyx,yx,x,1,2,xxxxxYxxYXXXXYxxxxyXXyXXXXXX,YxxxxxyXXXXXX,orb_1096,YXXXXXXyxxxxx,YYXyyXXXXXXyxxxx,29,
aca_58,unsolved,YXXXYxx,YYYYYYXyyyyyx,yx,y,0,2,XXyyyyyyXYYYYxxy,YXXYxxx,orb_0729,YXXXYxx,YYYYYYXXYxxyyyyX,23,
aca_58,unsolved,YXXXYxx,YYYYYYXyyyyyx,yy,y,1,5,xYYYXyyXXYYYXyyxx,YYYxyyyXYYxyyyX,orb_1206,YXXXyxxYXXXyxxx,YYYXXXyxxyyXXXyxx,32,
aca_58,unsolved,YXXXYxx,YYYYYYXyyyyyx,yyyyy,y,1,2,yXYXXyXYxxx,YXyxYXyxYXyxYXyxYXyxY,orb_1208,YXXyXYxxxyX,YYXyxYXyxYXyxYXyxYXyx,32,
aca_59,unsolved,YXXYxxyxx,YYYYxxxxxxx,xx,x,1,6,XYXyxy,YYYYxxxxYYYxxxx,orb_0593,YXYxyx,YYYYxxxYYYYxxxx,21,
aca_59,unsolved,YXXYxxyxx,YYYYxxxxxxx,xy,y,0,2,xyXXXXXXXXYxxxxxx,YxxyxxYX,orb_0844,YYXXYYx,YYYYYYYYXyyyyyyyx,24,
aca_59,unsolved,YXXYxxyxx,YYYYxxxxxxx,yx,y,0,2,XYXXXXXXXXyxxxxxxxx,YXYxxyxx,orb_0844,YYXXYYx,YYYYYYYYXyyyyyyyx,24,
aca_59,unsolved,YXXYxxyxx,YYYYxxxxxxx,xxx,x,1,2,XXXXXyyXXXXyyXYYxxxxYYxxxxxYYxxxxYYxxxx,YYYxxxxYYxxxxYYxxxx,orb_1520,YYYXXXXYYXXXXYYXXXX,YYXyyxxxxyyxxxxxyyxxxxyyXYYXXXX,50,
aca_59,unsolved,YXXYxxyxx,YYYYxxxxxxx,xxy,y,0,2,yXXXXXXXXYxxxxxxx,YxxyxxY,orb_0844,YYXXYYx,YYYYYYYYXyyyyyyyx,24,
aca_59,unsolved,YXXYxxyxx,YYYYxxxxxxx,yxx,y,0,2,YXXXXXXXXyxxxxxxx,YYxxyxx,orb_0844,YYXXYYx,YYYYYYYYXyyyyyyyx,24,
aca_60,unsolved,YXXXyxYxx,YYYYYXXyxxx,Xy,y,0,3,XyXYxyXYxyXYxyXYxyXYxyxxx,YXXXyxYx,orb_1178,YXXXYxxxyX,YYxyXYxyXYxyXYxyXYxyX,31,
aca_60,unsolved,YXXXyxYxx,YYYYYXXyxxx,xx,x,1,4,XYXXXXXYxyxYXyxxxxy,YYXyxxxxxYXyxxxxx,orb_1214,YXYXyxyXYxx,YYYYYXyxYYYYYXyxYYYYx,32,
aca_60,unsolved,YXXXyxYxx,YYYYYXXyxxx,yX,y,0,3,YYxYXXXYxYXXXYxYXXXYxYXXyXyxx,YxxxyXyX,orb_1304,YYXXXyx,YYXXyyxxYXYYXXXXYYXXXXYYXXXX,35,
aca_60,unsolved,YXXXyxYxx,YYYYYXXyxxx,XXy,y,0,3,yXYxyXYxyXYxyXYxyXYxyxxx,YXXXyxY,orb_1178,YXXXYxxxyX,YYxyXYxyXYxyXYxyXYxyX,31,
aca_61,unsolved,YXXyXYxxx,YYYYYXXXYxx,Xy,y,0,3,XXyxYXyxYXyxYXyxYXyxYXXYx,YXXyXYxx,orb_1180,YXXYxxyx,YXyXXyxYXyxYXyxYXyxYXyx,31,
aca_61,unsolved,YXXyXYxxx,YYYYYXXXYxx,xx,x,1,4,XYxyxxxxyXXXXXY,YXyXXXXXYXyXXXXXY,orb_1183,YYXXXXXyxxxyx,YXXXXXyXYXXXXXyXYx,31,
aca_61,unsolved,YXXyXYxxx,YYYYYXXXYxx,yX,y,0,3,YYxxyXXYxxyXXYxxyXXYxxyXXXXXYxxyX,YxxYXXyX,orb_1449,YXXYxxyx,YYXXyxxYXXyxxYXXyxxYXXyxxxxxYXXyx,41,
aca_61,unsolved,YXXyXYxxx,YYYYYXXXYxx,XXy,y,0,3,XyxYXyxYXyxYXyxYXyxYXXXY,YXXyXYx,orb_1180,YXXYxxyx,YXyXXyxYXyxYXyxYXyxYXyx,31,
aca_62,unsolved,YXXXYxYx,YYYYYYXyyyyyx,Xy,x,1,3,XXXXXXXyXXyXXyxxxxYY,YXXXXXXyxxxxx,orb_1168,YXXXXXXyxxxxx,YYYXXXXXXXyXXyxxxx,31,
aca_62,unsolved,YXXXYxYx,YYYYYYXyyyyyx,Xy,y,0,3,yyxxxyyxxxyyxxxyyxxxyyxxxyyxxxyXXXYYXXXYYXXXYYXXXYYx,YXXXXYY,orb_1540,YYYXXXX,YYXXXYYXXXYYXXXYYXXXYYXXXYYXXXYxxxyyxxxyyxxxyyxxxyyX,59,
aca_62,unsolved,YXXXYxYx,YYYYYYXyyyyyx,xy,x,1,2,YXXXXXYYXyXyxxxxx,YXXXXXyxxxxxx,orb_1135,YXXXXXXyxxxxx,YYXXXXXYxxxxxyXyX,30,
aca_62,unsolved,YXXXYxYx,YYYYYYXyyyyyx,yX,x,1,3,YxxxxxyyyXXXXXXY,YxxxxxxyXXXXX,orb_1101,YXXXXXXyxxxxx,YYYXXXXXyyxxxxxx,29,
aca_62,unsolved,YXXXYxYx,YYYYYYXyyyyyx,yX,y,0,3,YxxxyyxxxyyxxxyyxxxyyxxxyyXYYXXXYYXXXYYXXXYYXXXYYXXX,YYYXXXX,orb_1541,YYYXXXX,YYXXXYYXXXYYXXXYYXXXYYXXXYxxxyyxxxyyxxxyyxxxyyxxxyyX,59,
aca_62,unsolved,YXXXYxYx,YYYYYYXyyyyyx,yx,x,1,2,xxxxxYxxYXXXXYxxxxyXXXyXXXXXX,YxxxxxyXXXXXX,orb_1144,YXXXXXXyxxxxx,YYXyXyxxxxYXXXXXX,30,
aca_62,unsolved,YXXXYxYx,YYYYYYXyyyyyx,yy,y,1,5,xYYYXyyXXYYYXyyxxYYYXyyx,YYYxyyyXYYxyyyX,orb_1408,YXXXyxxYXXXyxxx,YYXXYxxxyyXXYxxxyyXXYxxx,39,
aca_62,unsolved,YXXXYxYx,YYYYYYXyyyyyx,yyyyy,y,1,2,yXYXXyXYxxyXYxx,YXyxYXyxYXyxYXyxYXyxY,orb_1328,YXXyXYxxyXYxxyX,YYXyxYXyxYXyxYXyxYXyx,36,
aca_63,unsolved,YXXXyxYx,YYYYYYxyyyyyX,Xy,x,1,3,XXXXXXyyxxxxxyXXXXXYxxxxxY,YXXXXXyxxxxxx,orb_1402,YXXXXXXyxxxxx,YYXXXXXYxxxxxyXXXXXyxxxxxx,39,
aca_63,unsolved,YXXXyxYx,YYYYYYxyyyyyX,Xy,y,0,3,yXYxxyXYxxyXYxxyXYxxyXYxxYXXyxYXXyxYXXyxYXXyxYXXyxYX,YXXXyxY,orb_1536,YXXXyXXyx,YYxxyXYxxyXYxxyXYxxyXYxxyXYxyxYXXyxYXXyxYXXyxYXXyx,59,
aca_63,unsolved,YXXXyxYx,YYYYYYxyyyyyX,xy,x,1,2,YXXXXYxxYxyXXXyxxxx,YXXXXXXyxxxxx,orb_1147,YXXXXXXyxxxxx,YYXyxyXXXXYxxxxxx,30,
aca_63,unsolved,YXXXyxYx,YYYYYYxyyyyyX,yX,x,1,3,YxxxxyXXyXXyXXXXXY,YxxxxxyXXXXXX,orb_1098,YXXXXXXyxxxxx,YYYXXXXXyXXyxxxx,29,
aca_63,unsolved,YXXXyxYx,YYYYYYxyyyyyX,yX,y,0,3,YYXXXYYXXXYYXXXYYXXXYYXXXYYxyyxxxyyxxxyyxxxyyy,YxxxyyX,orb_1515,YYXXXyx,YYXyyxxxyyxxxyyxxxyyxxxyyxxxYXXXYYXXXYYXXX,49,
aca_63,unsolved,YXXXyxYx,YYYYYYxyyyyyX,yx,x,1,2,xxxxYYYXXXXXyxxxxyXXXXX,YxxxxxxyXXXXX,orb_1060,YXXXXXXyxxxxx,YYYXXXXXyxxxxyX,28,
aca_63,unsolved,YXXXyxYx,YYYYYYxyyyyyX,yy,y,1,5,XYYYxyyXXXYYXyyyxYYYxyyx,YYYXyyyxYYXyyyx,orb_1247,YXXXyxxYXXXyxxx,YYYXXYxxxyXXXyXyxx,33,
aca_63,unsolved,YXXXyxYx,YYYYYYxyyyyyX,yxY,x,1,2,xxxYXYXYXXXXXyxxxxxyXXXX,YxxxxxxyXXXXX,orb_1060,YXXXXXXyxxxxx,YYYXXXXXyxxxxyX,28,
aca_63,unsolved,YXXXyxYx,YYYYYYxyyyyyX,yxY,y,0,2,YXYxxYxxYxxYxxYxyXXyXXyXXyx,YXXXyxYxxx,orb_0736,YXXXyxYx,YYYYYxyyyyxYXXX,23,
aca_63,unsolved,YXXXyxYx,YYYYYYxyyyyyX,yyyyy,y,1,2,yxYXXXyXYxyxY,YxyXYxyXYxyXYxyXYxyXY,orb_1215,YXyXXXYxxyx,YYXyxYXyxYXyxYXyxYXyx,32,
aca_64,unsolved,YXyXYxxx,YYYYYYXyyyyyx,Xy,x,1,3,XyXXXXXXyxxxxYXXXXYxxYxxxxxx,YXXXXXXyxxxxx,orb_1359,YXXXXXXyxxxxx,YYXXXXXyxxxxyXXXXYxxxxxx,37,
aca_64,unsolved,YXyXYxxx,YYYYYYXyyyyyx,Xy,y,0,3,XXyxYXXyxYXXyxYXXyxYXXyxYXXyxyXYxxyXYxxyXYxxyXYxxx,YXyXYxx,orb_1531,YXXYx,YYYXyxYYXyxYYXyxYYXyxYXYxyyXYxyyXYxyyXYxyyXYxyyX,53,
aca_64,unsolved,YXyXYxxx,YYYYYYXyyyyyx,xy,x,1,2,YXXXXYXyyyxxxxx,YXXXXXyxxxxxx,orb_1061,YXXXXXXyxxxxx,YYYXXXXXyxxxxyx,28,
aca_64,unsolved,YXyXYxxx,YYYYYYXyyyyyx,yX,x,1,3,YxxxxxyXXXXXyxxxxYYXXXXX,YxxxxxxyXXXXX,orb_1355,YXXXXXXyxxxxx,YYXXXXXYxxxxxyXXXXXyxxxx,37,
aca_64,unsolved,YXyXYxxx,YYYYYYXyyyyyx,yX,y,0,3,YYxyXXYxyXXYxyXXYxyXXYxyXYXyxxYXyxxYXyxxYXyxxYXy,YxxYXyX,orb_1532,YXXYx,YYYXyxYYXyxYYXyxYYXyxYYXyxYXYxyyXYxyyXYxyyXYxyyX,53,
aca_64,unsolved,YXyXYxxx,YYYYYYXyyyyyx,yx,x,1,2,xxxxxYXXXYxxxxyXXyXXyXXXXXX,YxxxxxyXXXXXX,orb_1063,YXXXXXXyxxxxx,YYYXyXXXXXyxxxx,28,
aca_64,unsolved,YXyXYxxx,YYYYYYXyyyyyx,yy,y,1,5,xYYYXyyXYYxyyyXYYYXyyxxx,YYYxyyyXYYxyyyX,orb_1412,YXXXyxxYXXXyxxx,YYYYXXXyxxyXXYxxxyXXXyxx,39,
aca_64,unsolved,YXyXYxxx,YYYYYYXyyyyyx,Yxy,x,1,2,YXXXXXYXyxyxyxxxxx,YXXXXXyxxxxxx,orb_1061,YXXXXXXyxxxxx,YYYXXXXXyxxxxyx,28,
aca_64,unsolved,YXyXYxxx,YYYYYYXyyyyyx,Yxy,y,0,2,xyXXyXXyXXyXXyXXXYxxxYxxYxxYxxY,YxyxYX,orb_0752,YXyXYxxx,YYYYYXXXyxyyyyx,23,
aca_64,unsolved,YXyXYxxx,YYYYYYXyyyyyx,yxY,x,1,2,xxxxYXXXXYxxxxyXyXyXXXXX,YxxxxxyXXXXXX,orb_1063,YXXXXXXyxxxxx,YYYXyXXXXXyxxxx,28,
aca_64,unsolved,YXyXYxxx,YYYYYYXyyyyyx,yxY,y,0,2,yXXXyXXyXXyXXyXXyXYxxYxxYxxYxxx,YXYxyx,orb_0753,YXyXYxxx,YYYYYXYxxxyyyyX,23,
aca_64,unsolved,YXyXYxxx,YYYYYYXyyyyyx,yyyyy,y,1,2,yXYXyxYXyXYxxxx,YXyxYXyxYXyxYXyxYXyxY,orb_1337,YXyXYxxxxyXYXyx,YYXyxYXyxYXyxYXyxYXyx,36,
aca_65,unsolved,YXXXyxYx,YYYYYYXyyyyyx,Xy,x,1,3,XXXXXXXyXXyxxxxyXXXXYxxxxxxY,YXXXXXXyxxxxx,orb_1401,YXXXXXXyxxxxx,YYXXXXXXXyxxxxyXXXXYxxxxxx,39,
aca_65,unsolved,YXXXyxYx,YYYYYYXyyyyyx,Xy,y,0,3,yXYxxyXYxxyXYxxyXYxxyXYxxyXYxxyXXyxYXXyxYXXyxYXXyxYx,YXXXyxY,orb_1535,YXXXyXXyx,YYxxyXYxxyXYxxyXYxxyXYxxyXYxxyXYxyxYXXyxYXXyxYXXyx,59,
aca_65,unsolved,YXXXyxYx,YYYYYYXyyyyyx,xy,x,1,2,YXXXXXYYxyXyxxxxx,YXXXXXyxxxxxx,orb_1136,YXXXXXXyxxxxx,YYXXXXXYxxxxxyXyx,30,
aca_65,unsolved,YXXXyxYx,YYYYYYXyyyyyx,yX,x,1,3,YxxxxxyyyXXXXY,YxxxxxxyXXXXX,orb_0988,YXXXXXXyxxxxx,YYYXXXXXyyxxxx,27,
aca_65,unsolved,YXXXyxYx,YYYYYYXyyyyyx,yX,y,0,3,YYYXXXYYXXXYYXXXYYXXXYYXyyxxxyyxxxyyxxxyyxxxyy,YxxxyyX,orb_1514,YYXXXyx,YYXyyxxxyyxxxyyxxxyyxxxYXXXYYXXXYYXXXYYXXX,49,
aca_65,unsolved,YXXXyxYx,YYYYYYXyyyyyx,yx,x,1,2,xxxxxYxxYxxYXXXXyxxxyXXXXXX,YxxxxxyXXXXXX,orb_1065,YXXXXXXyxxxxx,YYYXyxxxxxyXXXX,28,
aca_65,unsolved,YXXXyxYx,YYYYYYXyyyyyx,yy,y,1,5,xYYYXyyXXXYYxyyyxYYYXyyx,YYYxyyyXYYxyyyX,orb_1411,YXXXyxxYXXXyxxx,YYYXXYxxxyyXXYxxxyXXXyxx,39,
aca_65,unsolved,YXXXyxYx,YYYYYYXyyyyyx,yxY,x,1,2,xxxxYxYxYXXXXyxxxxyXXXXX,YxxxxxyXXXXXX,orb_1065,YXXXXXXyxxxxx,YYYXyxxxxxyXXXX,28,
aca_65,unsolved,YXXXyxYx,YYYYYYXyyyyyx,yxY,y,0,2,yXYxxYxxYxxYxxYXyXXyXXyXXyx,YXXXyxYxxx,orb_0733,YXXXyxYx,YYYYYXyyyyxxxyX,23,
aca_65,unsolved,YXXXyxYx,YYYYYYXyyyyyx,yyyyy,y,1,2,yXYXXXyxYxyXYxx,YXyxYXyxYXyxYXyxYXyxY,orb_1333,YXyXXXYxyxYXyxx,YYXyxYXyxYXyxYXyxYXyx,36,
aca_66,unsolved,YYXXXYxx,YYYYYYxyyyyyX,Xy,x,1,2,XXXXXXXyyyxxxxxYXXXXXYxxxxx,YXXXXXyxxxxxx,orb_1149,YXXXXXXyxxxxx,YYYXXXXXyxxxxxyxx,30,
aca_66,unsolved,YYXXXYxx,YYYYYYxyyyyyX,xx,x,0,2,XXXXXXXyXXYxxxxxyxxYx,YXyXXYXyXXY,orb_1164,YYXXyXYXXyX,YXXyXXXXXXYxxyxxxxx,30,
aca_66,unsolved,YYXXXYxx,YYYYYYxyyyyyX,xy,x,1,2,XYXXXXYxxYXyXXyxxxx,YXXXXXXyxxxxx,orb_1056,YXXXXXXyxxxxx,YYXyyXXXXXXyxxx,28,
aca_66,unsolved,YYXXXYxx,YYYYYYxyyyyyX,yX,x,1,2,YxxxyXXyXXyXYXXXX,YxxxxxyXXXXXX,orb_1062,YXXXXXXyxxxxx,YYYXyXXXXXXyxxx,28,
aca_66,unsolved,YYXXXYxx,YYYYYYxyyyyyX,yx,x,1,2,xxxYYXXXXXYxxxxxyyXXXXX,YxxxxxxyXXXXX,orb_1137,YXXXXXXyxxxxx,YYXXXXXYxxxxxyyXX,30,
aca_66,unsolved,YYXXXYxx,YYYYYYxyyyyyX,yy,y,0,6,YYYxyyxxYXXXX,YxxYXYXXX,orb_0679,YXXYxYxxx,YYYXyyXXYxxxx,22,
aca_66,unsolved,YYXXXYxx,YYYYYYxyyyyyX,yy,y,1,6,YXXXXYYYxyyxx,YYYXyyyxYYXyyyx,orb_1090,YYYXXXXYxxyyx,YYYXyyyxYYYXyyx,28,
aca_66,unsolved,YYXXXYxx,YYYYYYxyyyyyX,xyy,x,1,2,YXXXYxxxYXyXXXyxxx,YXXXXXXyxxxxx,orb_1056,YXXXXXXyxxxxx,YYXyyXXXXXXyxxx,28,
aca_66,unsolved,YYXXXYxx,YYYYYYxyyyyyX,xyy,y,0,2,xxyyyyyyXXyxxYYYXXX,YxxxYYXX,orb_0763,YYXXXYxx,YYYYYYXXYxxyyyX,23,
aca_66,unsolved,YYXXXYxx,YYYYYYxyyyyyX,yyX,x,1,2,YxxxyXXXyXXXyXYXXX,YxxxxxyXXXXXX,orb_1062,YXXXXXXyxxxxx,YYYXyXXXXXXyxxx,28,
aca_66,unsolved,YYXXXYxx,YYYYYYxyyyyyX,yyX,y,0,2,xxxyxxyxxyxxyxxyxxyxYXXYXXYXXXy,YxYXXYXXXX,orb_0765,YYXXXYxx,YYYYYYxyyyXXXYx,23,
aca_66,unsolved,YYXXXYxx,YYYYYYxyyyyyX,yyyyy,y,1,2,yxYXyxYXXXXyxYx,YxyXYxyXYxyXYxyXYxyXY,orb_1336,YXyXYXyxYXyxxxx,YYXyxYXyxYXyxYXyxYXyx,36,
aca_67,unsolved,YYXXXyxx,YYYYYYxyyyyyX,Xy,x,1,2,XXXXXXXyyxxxxxyXXXXXYYxxxxx,YXXXXXyxxxxxx,orb_1138,YXXXXXXyxxxxx,YYXXXXXYxxxxxyyxx,30,
aca_67,unsolved,YYXXXyxx,YYYYYYxyyyyyX,xx,x,0,2,XXXXXyXXYxxxxxyxxYX,YxyXXYxyXXY,orb_1166,YYXXyxYXXyx,YXXyXXXXXXYxxyxxxxx,30,
aca_67,unsolved,YYXXXyxx,YYYYYYxyyyyyX,xy,x,1,2,XYXXXXYxxYxyXXyxxxx,YXXXXXXyxxxxx,orb_1059,YXXXXXXyxxxxx,YYXyyXXXYxxxxxx,28,
aca_67,unsolved,YYXXXyxx,YYYYYYxyyyyyX,yX,x,1,2,YxxxyXXyXXyxYXXXX,YxxxxxyXXXXXX,orb_1064,YXXXXXXyxxxxx,YYYXyxxxxxxyXXX,28,
aca_67,unsolved,YYXXXyxx,YYYYYYxyyyyyX,yx,x,1,2,xxxYYYXXXXXyxxxxxyXXXXX,YxxxxxxyXXXXX,orb_1148,YXXXXXXyxxxxx,YYYXXXXXyxxxxxyXX,30,
aca_67,unsolved,YYXXXyxx,YYYYYYxyyyyyX,yy,y,0,6,YYYxyyxxxyXXX,YxxxyxyXX,orb_0673,YXXXyXyxx,YYYXyyXXXyxxx,22,
aca_67,unsolved,YYXXXyxx,YYYYYYxyyyyyX,yy,y,1,6,YXXXYYXyyyxxx,YYYXyyyxYYXyyyx,orb_1091,YYYXXXyxxxyyx,YYYXyyyxYYYXyyx,28,
aca_67,unsolved,YYXXXyxx,YYYYYYxyyyyyX,xyy,x,1,2,YXXXYxxxYxyXXXyxxx,YXXXXXXyxxxxx,orb_1059,YXXXXXXyxxxxx,YYXyyXXXYxxxxxx,28,
aca_67,unsolved,YYXXXyxx,YYYYYYxyyyyyX,xyy,y,0,2,xxYYYYYYXXyxxyyyXXX,YxxxyyXX,orb_0774,YYXXXyxx,YYYYYYXXyxxyyyX,23,
aca_67,unsolved,YYXXXyxx,YYYYYYxyyyyyX,yyX,x,1,2,YxxxyXXXyXXXyxYXXX,YxxxxxyXXXXXX,orb_1064,YXXXXXXyxxxxx,YYYXyxxxxxxyXXX,28,
aca_67,unsolved,YYXXXyxx,YYYYYYxyyyyyX,yyX,y,0,2,xYXXYXXYXXYXXYXXYxyxxyxxyXy,YxxxyxxyXX,orb_0776,YYXXXyxx,YYYYYYxyyyXXXyx,23,
aca_67,unsolved,YYXXXyxx,YYYYYYxyyyyyX,yyyyy,y,1,2,yxYXyxYXXXyXYxx,YxyXYxyXYxyXYxyXYxyXY,orb_1332,YXyXXXYxyXYxyxx,YYXyxYXyxYXyxYXyxYXyx,36,
aca_68,unsolved,YXXYxxyx,YYYYYYXyyyyyx,Xy,x,1,2,XXXXXXXyXXyxxxxYXXXXYxxxYxxxxxx,YXXXXXXyxxxxx,orb_1146,YXXXXXXyxxxxx,YYXyxyXXXXXXyxxxx,30,
aca_68,unsolved,YXXYxxyx,YYYYYYXyyyyyx,xx,x,0,2,XXXXXXXYXyxxxxxYxyx,YXYxxyx,orb_0778,YYXXYx,YYYYYYxYXyyyyyxyX,23,
aca_68,unsolved,YXXYxxyx,YYYYYYXyyyyyx,xy,x,1,3,YXXXXXYXyxxxxxyXXXXXyxxxxx,YXXXXXyxxxxxx,orb_1267,YXXXXXXyxxxxx,YYXXXXXyxxxxxxxxxxyyx,34,
aca_68,unsolved,YXXYxxyx,YYYYYYXyyyyyx,xy,y,0,3,xyXXXXXYXYxyxxxxxY,YxxyxYX,orb_0780,YYXXYx,YYYYYxYXXyyyyyxYX,23,
aca_68,unsolved,YXXYxxyx,YYYYYYXyyyyyx,yX,x,1,2,YxxxxxyyXYYXXXX,YxxxxxxyXXXXX,orb_1053,YXXXXXXyxxxxx,YYXXXXYxxxxxyyX,28,
aca_68,unsolved,YXXYxxyx,YYYYYYXyyyyyx,yx,x,1,3,xxxxxYXXXXYxxxxyXXyXXXXXXy,YxxxxxyXXXXXX,orb_1360,YXXXXXXyxxxxx,YYXXXXYxxxxxyXXXXXXyxxxx,37,
aca_68,unsolved,YXXYxxyx,YYYYYYXyyyyyx,yx,y,0,3,YXXyxYXXyxYXXyxYXXyxYXXyxYXXyXYxxyXYxxyXYxxyXYxxyy,YXYxxyx,orb_1534,YXXYxxyx,YXXyXYxxyXYxxyXYxxyXYxxyXyxYXXyxYXXyxYXXyxYXXyx,55,
aca_68,unsolved,YXXYxxyx,YYYYYYXyyyyyx,yy,y,1,5,xYYYXyyXYYYXyyxxYYxyyy,YYYxyyyXYYxyyyX,orb_1361,YXXXyxxYXXXyxxx,YYXXYxxxYXXXyxxyXXXyxx,37,
aca_68,unsolved,YXXYxxyx,YYYYYYXyyyyyx,xxy,x,0,2,XXXXXXYXyxxxxxYxy,YYxxyx,orb_0778,YYXXYx,YYYYYYxYXyyyyyxyX,23,
aca_68,unsolved,YXXYxxyx,YYYYYYXyyyyyx,xxy,y,0,2,yXXXXXXYXyxxxxxYx,YxxyxY,orb_0778,YYXXYx,YYYYYYxYXyyyyyxyX,23,
aca_68,unsolved,YXXYxxyx,YYYYYYXyyyyyx,yxY,x,1,2,yxxxxxYxYXyXyXXXXX,YxxxxxyXXXXXX,orb_1053,YXXXXXXyxxxxx,YYXXXXYxxxxxyyX,28,
aca_68,unsolved,YXXYxxyx,YYYYYYXyyyyyx,yxY,y,0,2,yxxYYYYYXyyyyXX,YxxyxYXX,orb_0747,YXXYxxyx,YYYYYXyyyyXXyxx,23,
aca_68,unsolved,YXXYxxyx,YYYYYYXyyyyyx,yyyyy,y,1,2,yXYXyXYxxyxYx,YXyxYXyxYXyxYXyxYXyxY,orb_1277,YXyXYXXyxYxyx,YYXyxYXyxYXyxYXyxYXyx,34,
aca_69,unsolved,YXXYxxyX,YYYYYYxyyyyyX,Xy,x,1,2,XXXXXXyyxxxxxYXXXXXYxyxxxxx,YXXXXXyxxxxxx,orb_1140,YXXXXXXyxxxxx,YYXXXXXyxxxxxyXYx,30,
aca_69,unsolved,YXXYxxyX,YYYYYYxyyyyyX,xx,x,0,2,XXXXXXXYXyxxxxxYxyx,YXYXXyx,orb_0786,YYXXyx,YXyXXXXXYxyxxxxxx,23,
aca_69,unsolved,YXXYxxyX,YYYYYYxyyyyyX,xy,x,1,3,YXXXXYXyxxxxyXXXXYxxxxxx,YXXXXXXyxxxxx,orb_1241,YXXXXXXyxxxxx,YYXyyXXXXYxxxxxxxxxx,33,
aca_69,unsolved,YXXYxxyX,YYYYYYxyyyyyX,xy,y,0,3,xyxxxxxxYXyxyXXXXYXX,YxxyXYX,orb_0789,YYXXyx,YYXyxxxxxxYXyXXXX,23,
aca_69,unsolved,YXXYxxyX,YYYYYYxyyyyyX,yX,x,1,2,xxxyXXyXYxxYXXXXy,YxxxxxyXXXXXX,orb_1058,YXXXXXXyxxxxx,YYXyyXXXXYxxxxx,28,
aca_69,unsolved,YXXYxxyX,YYYYYYxyyyyyX,yx,x,1,3,YxxxxxYXXXXXYxxxxxyyXXXX,YxxxxxxyXXXXX,orb_1356,YXXXXXXyxxxxx,YYXXXXXyxxxxxyXXXXXyxxxx,37,
aca_69,unsolved,YXXYxxyX,YYYYYYxyyyyyX,yx,y,0,3,YYXYxxYXYxxYXYxxYXYxxYXYxyxyXXyxyXXyxyXXyxyXXyxy,YXXyxyx,orb_1528,YYXXyx,YYXyyxxxyyxxxyyxxxyyxxxyXYYXXXYYXXXYYXXXYYXXX,51,
aca_69,unsolved,YXXYxxyX,YYYYYYxyyyyyX,yy,y,1,5,XYYYxyyXXXYYYxyyxxYYXyyy,YYYXyyyxYYXyyyx,orb_1409,YXXXyxxYXXXyxxx,YYYXXXyxxyyXXYxxxYXXXyxx,39,
aca_69,unsolved,YXXYxxyX,YYYYYYxyyyyyX,xxy,x,0,2,XXXXXXYXyxxxxxYxy,YYXXyx,orb_0786,YYXXyx,YXyXXXXXYxyxxxxxx,23,
aca_69,unsolved,YXXYxxyX,YYYYYYxyyyyyX,xxy,y,0,2,yxxxxxxYxyXXXXXYX,YxxyXY,orb_0786,YYXXyx,YXyXXXXXYxyxxxxxx,23,
aca_69,unsolved,YXXYxxyX,YYYYYYxyyyyyX,yxY,x,1,2,YxxxxYXYXyxyXXXX,YxxxxxxyXXXXX,orb_1058,YXXXXXXyxxxxx,YYXyyXXXXYxxxxx,28,
aca_69,unsolved,YXXYxxyX,YYYYYYxyyyyyX,yxY,y,0,2,YxxyyyyyxYYYYXX,YxxYxyXX,orb_0746,YXXYxxyX,YYYYYxyyyyXXyxx,23,
aca_69,unsolved,YXXYxxyX,YYYYYYxyyyyyX,yyyyy,y,1,2,yxYXXXyxYxxyXYX,YxyXYxyXYxyXYxyXYxyXY,orb_1335,YXyXXYxyxYXyxxx,YYXyxYXyxYXyxYXyxYXyx,36,
aca_70,unsolved,YXXYxxyx,YYYYYYxyyyyyX,Xy,x,1,2,XXXXXXyyxxxxxYXXXXXYxYxxxxx,YXXXXXyxxxxxx,orb_1142,YXXXXXXyxxxxx,YYXXXXXyxxxxxyXyx,30,
aca_70,unsolved,YXXYxxyx,YYYYYYxyyyyyX,xx,x,0,2,XXXXXXXYxyxxxxxYXyx,YXYxxyx,orb_0779,YYXXYx,YYYYYYxyXyyyyyxYX,23,
aca_70,unsolved,YXXYxxyx,YYYYYYxyyyyyX,xy,x,1,3,YXXXXYXyxxxxyXXXXXXyxxxx,YXXXXXXyxxxxx,orb_1240,YXXXXXXyxxxxx,YYXyyXXXXXXXXXXyxxxx,33,
aca_70,unsolved,YXXYxxyx,YYYYYYxyyyyyX,xy,y,0,3,xyXXXXXXYXyxyxxxxYXX,YxxyxYX,orb_0777,YYXXYx,YYYYYYxYXXyyyyxYX,23,
aca_70,unsolved,YXXYxxyx,YYYYYYxyyyyyX,yX,x,1,2,YxxxxyXXyXYxxYXXX,YxxxxxyXXXXXX,orb_1057,YXXXXXXyxxxxx,YYXyyXXXXXyxxxx,28,
aca_70,unsolved,YXXYxxyx,YYYYYYxyyyyyX,yx,x,1,3,xxxxYXXXXXYxxxxxyyXXXXXy,YxxxxxxyXXXXX,orb_1357,YXXXXXXyxxxxx,YYXXXXXyxxxxxyXXXXYxxxxx,37,
aca_70,unsolved,YXXYxxyx,YYYYYYxyyyyyX,yx,y,0,3,YYXXyxYXXyxYXXyxYXXyxYXXyxYxxyXYxxyXYxxyXYxxyXYxxy,YXYxxyx,orb_1533,YXXYxxyx,YXXyXYxxyXYxxyXYxxyXYxxyXYxxyXyxYXXyxYXXyxYXXyx,55,
aca_70,unsolved,YXXYxxyx,YYYYYYxyyyyyX,yy,y,1,5,XYYYxyyXXXYYYxyyxxYYXyyyxx,YYYXyyyxYYXyyyx,orb_1410,YXXXyxxYXXXyxxx,YYYXXXyxxyyXXYxxxyXXXyxx,39,
aca_70,unsolved,YXXYxxyx,YYYYYYxyyyyyX,xxy,x,0,2,XXXXXXYxyxxxxxYXy,YYxxyx,orb_0779,YYXXYx,YYYYYYxyXyyyyyxYX,23,
aca_70,unsolved,YXXYxxyx,YYYYYYxyyyyyX,xxy,y,0,2,yXXXXXXYxyxxxxxYX,YxxyxY,orb_0779,YYXXYx,YYYYYYxyXyyyyyxYX,23,
aca_70,unsolved,YXXYxxyx,YYYYYYxyyyyyX,yxY,x,1,2,yxxxxYXYXyxyXXXX,YxxxxxxyXXXXX,orb_1057,YXXXXXXyxxxxx,YYXyyXXXXXyxxxx,28,
aca_70,unsolved,YXXYxxyx,YYYYYYxyyyyyX,yxY,y,0,2,YxxYYYYYxyyyyXX,YxxyxYXX,orb_0749,YXXYxxyx,YYYYYxyyyyXXYxx,23,
aca_70,unsolved,YXXYxxyx,YYYYYYxyyyyyX,yyyyy,y,1,2,yxYXXXyxYxxyXYx,YxyXYxyXYxyXYxyXYxyXY,orb_1334,YXyXXYxyXYXyxxx,YYXyxYXyxYXyxYXyxYXyx,36,
aca_71,unsolved,YXXXyXyxx,YYYxyyXXXyx,Xy,y,0,4,XXYYYYxxYXXyyyyyx,YXXXyyxx,orb_0773,YYXXXyxx,YYYYYXXyxxyyyyX,23,
aca_71,unsolved,YXXXyXyxx,YYYxyyXXXyx,yX,y,0,4,YxYXXXyxYXXXyxYxxxyXyXXYxxxyX,YYxxxyXX,orb_1322,YXXXyxxYx,YYxxxyXYxxxyXYXXXyyxxYXXXyx,36,
aca_72,unsolved,YXXYxYxxx,YYYxyyXXYxx,Xy,y,0,4,XXyyyyxxYXXYYYYYx,YXXXYYxx,orb_0762,YYXXXYxx,YYYYYXXYxxyyyyX,23,
aca_72,unsolved,YXXYxYxxx,YYYxyyXXYxx,xx,x,1,4,XYxxYxyXXXyxxxYxyXX,YxxxYxyxYxyXX,orb_0946,YYXXyxYxyx,YYXXXyXYxxxyxyX,25,
aca_72,unsolved,YXXYxYxxx,YYYxyyXXYxx,yX,y,0,4,YxxyXXyxxyXXyxYxxYXXyxyXXyx,YYxxYXXX,orb_1254,YYXXXXXYXX,YYXXyXYYXXXYxxyyXYYXXXX,33,
aca_72,unsolved,YXXYxYxxx,YYYxyyXXYxx,yXX,x,1,3,YxyXYXyXYXyxxYX,YxxyXYXyXYXX,orb_0909,YXYXyXYXyxx,YYxxyXYXyXYXyx,25,
aca_72,unsolved,YXXYxYxxx,YYYxyyXXYxx,yyXX,x,1,2,XyXYXyXYXyxxYxyxYxyxY,YxxyXYXyXYX,orb_1187,YYXXyxYxyx,YXyXYXyXYXyxYxyxYxyxx,31,
aca_73,unsolved,YXXYxxyX,YYYYYYXyyyyyx,Xy,x,1,2,XXXXXXXyXXyxxxxYXXXXYxyxxxx,YXXXXXXyxxxxx,orb_1143,YXXXXXXyxxxxx,YYXYxyXXXXXXyxxxx,30,
aca_73,unsolved,YXXYxxyX,YYYYYYXyyyyyx,xx,x,0,2,XXXXXXXYxyxxxxxYXyx,YXYXXyx,orb_0785,YYXXyx,YXyXXXXXXYxyxxxxx,23,
aca_73,unsolved,YXXYxxyX,YYYYYYXyyyyyx,xy,x,1,3,YXXXXXYXyxxxxxyXXXXXYxxxxx,YXXXXXyxxxxxx,orb_1266,YXXXXXXyxxxxx,YYXXXXXyxxxxxxxxxxyyX,34,
aca_73,unsolved,YXXYxxyX,YYYYYYXyyyyyx,xy,y,0,3,xyxxxxxYXYxyXXXXXY,YxxyXYX,orb_0788,YYXXyx,YYXyxxxxxYXyXXXXX,23,
aca_73,unsolved,YXXYxxyX,YYYYYYXyyyyyx,yX,x,1,2,xxxxyyXYYXXXXXy,YxxxxxxyXXXXX,orb_1054,YXXXXXXyxxxxx,YYXXXXYxxxxxyyx,28,
aca_73,unsolved,YXXYxxyX,YYYYYYXyyyyyx,yx,x,1,3,YxxxxxxYXXXXYxxxxyXXyXXXXX,YxxxxxyXXXXXX,orb_1358,YXXXXXXyxxxxx,YYXXXXXyxxxxyXXXXXXyxxxx,37,
aca_73,unsolved,YXXYxxyX,YYYYYYXyyyyyx,yx,y,0,3,YXYxxYXYxxYXYxxYXYxxYXYxxYXYXyxyXXyxyXXyxyXXyxyy,YXXyxyx,orb_1529,YYXXyx,YYXyyxxxyyxxxyyxxxyyxxxyyxxxyXYYXXXYYXXXYYXXX,51,
aca_73,unsolved,YXXYxxyX,YYYYYYXyyyyyx,yy,y,1,5,xYYYXyyXYYYXyyxxYYxyyyXX,YYYxyyyXYYxyyyX,orb_1362,YXXXyxxYXXXyxxx,YYXXYxxxyXXXyxxyXXXyxx,37,
aca_73,unsolved,YXXYxxyX,YYYYYYXyyyyyx,xxy,x,0,2,XXXXXXYxyxxxxxYXy,YYXXyx,orb_0785,YYXXyx,YXyXXXXXXYxyxxxxx,23,
aca_73,unsolved,YXXYxxyX,YYYYYYXyyyyyx,xxy,y,0,2,yxxxxxxYXyXXXXXYx,YxxyXY,orb_0785,YYXXyx,YXyXXXXXXYxyxxxxx,23,
aca_73,unsolved,YXXYxxyX,YYYYYYXyyyyyx,yxY,x,1,2,YxxxxxYxYXyXyXXXXX,YxxxxxyXXXXXX,orb_1054,YXXXXXXyxxxxx,YYXXXXYxxxxxyyx,28,
aca_73,unsolved,YXXYxxyX,YYYYYYXyyyyyx,yxY,y,0,2,yxxyyyyyXYYYYXX,YxxYxyXX,orb_0744,YXXYxxyX,YYYYYXyyyyXXYxx,23,
aca_73,unsolved,YXXYxxyX,YYYYYYXyyyyyx,yyyyy,y,1,2,yXYXyXYxxyxYX,YXyxYXyxYXyxYXyxYXyxY,orb_1278,YXyXYXyXYxxyx,YYXyxYXyxYXyxYXyxYXyx,34,
aca_74,unsolved,YXXyXyxx,YYYYYYXyyyyyx,Xy,x,1,3,XXXXXXXyxxxxyyXXXXYxxYxxxxxx,YXXXXXXyxxxxx,orb_1095,YXXXXXXyxxxxx,YYXXXXYxyXXyxxxx,29,
aca_74,unsolved,YXXyXyxx,YYYYYYXyyyyyx,Xy,y,0,3,XXYYXYYXYYXYYXYYXYYxyXyyxyyxyyxyyxxx,YXXyyxx,orb_1109,YXXYXXyxxyx,YYYYYxxyXYXXyyyyxx,29,
aca_74,unsolved,YXXyXyxx,YYYYYYXyyyyyx,xx,x,0,2,XXXXXXXyxYxxxxxyXYx,YxyXYxxyXYx,orb_1050,YYXyxYXXyx,YXXXXXyxYxxxxxxyX,27,
aca_74,unsolved,YXXyXyxx,YYYYYYXyyyyyx,xy,x,1,2,YXXXXXYxYxyyxxxxx,YXXXXXyxxxxxx,orb_1141,YXXXXXXyxxxxx,YYXXXXXyxxxxxyXyX,30,
aca_74,unsolved,YXXyXyxx,YYYYYYXyyyyyx,yX,x,1,3,YxxxxxyyXXXXXyxxxxxxYXXXXX,YxxxxxxyXXXXX,orb_1403,YXXXXXXyxxxxx,YYXXXXXyxxxxxyXXXXXXYxxxxx,39,
aca_74,unsolved,YXXyXyxx,YYYYYYXyyyyyx,yX,y,0,3,YxYXXyxYXXyxYXXyxYXXyxYXXyXYxxyXYxxyXYxxyXYxxyXYxxyX,YYxxyXX,orb_1537,YXXyXyxx,YYxyXXYxyXXYxyXXYxyXXYxyXXYxyxxYXyxxYXyxxYXyxxYXyxx,59,
aca_74,unsolved,YXXyXyxx,YYYYYYXyyyyyx,yx,x,1,2,xxxxxYxxYxxxYXXXXyxxxxyXXXXXX,YxxxxxyXXXXXX,orb_1145,YXXXXXXyxxxxx,YYXyxxxxxxyXXXXYx,30,
aca_74,unsolved,YXXyXyxx,YYYYYYXyyyyyx,yy,y,1,5,xYYYXyyXXYYxyyyXXYYxyyyx,YYYxyyyXYYxyyyX,orb_1407,YXXXyxxYXXXyxxx,YYXXYxxxyyXXXyxxYYXXXyxx,39,
aca_74,unsolved,YXXyXyxx,YYYYYYXyyyyyx,yyyyy,y,1,2,yXYXXyxYXXyxYxx,YXyxYXyxYXyxYXyxYXyxY,orb_1329,YXXyXYxxyXYxxyx,YYXyxYXyxYXyxYXyxYXyx,36,
aca_75,unsolved,YXXXyxYxx,YYYYYYXXXYxx,Xy,y,0,3,XyXYxyXYxyXYxyXYxyXYxyXYXYx,YXXXyxYx,orb_1177,YXXXYxxxyX,YYXyxYXyxYXyxYXyxYXyx,31,
aca_75,unsolved,YXXXyxYxx,YYYYYYXXXYxx,xx,x,1,4,xxxxxYxyXXXXXXYXy,YXyXXXXXXYXyXXXXXXY,orb_1321,YXXXXXyXYxxxxxxyx,YYXXXXXXyXYXXXXXXyX,36,
aca_75,unsolved,YXXXyxYxx,YYYYYYXXXYxx,yX,y,0,3,YYxYXXXYxYXXXYxYXXXYxYXXXYxYXXXXXXYxYXX,YxxxyXyX,orb_1494,YXXXyxYx,YYxYXXXYxYXXXYxYXXXYxYXXXYxYXXXXXXYxYXX,47,
aca_75,unsolved,YXXXyxYxx,YYYYYYXXXYxx,yy,y,1,3,xxxyyyXXXYYYxyyy,YxxYYYXYYYXXX,orb_1130,YYYXXXYXXXyyX,YYYXXXyyyxxxYXXX,29,
aca_75,unsolved,YXXXyxYxx,YYYYYYXXXYxx,XXy,y,0,3,yXYxyXYxyXYxyXYxyXYxyXYXXY,YXXXyxY,orb_1177,YXXXYxxxyX,YYXyxYXyxYXyxYXyxYXyx,31,
aca_75,unsolved,YXXXyxYxx,YYYYYYXXXYxx,yyy,y,1,2,xxxyyXXXYYxyy,YxxYYXYYXYYXXX,orb_1028,YYXXXYYxxxyyX,YYXYYXYYxxYXXX,27,
aca_75,unsolved,YXXXyxYxx,YYYYYYXXXYxx,yXXy,y,0,2,YxYXXYXXYXXYXXYXXXXXX,YxxxyyX,orb_0675,YXXXyxYxx,YYYYYXXXXYxxx,22,
aca_76,unsolved,YXXXyxYxx,YYYYYYXXyxxx,Xy,y,0,3,XyXYxyXYxyXYxyXYxyXYxyXYxyxxx,YXXXyxYx,orb_1294,YXXXYxxxyX,YYxyXYxyXYxyXYxyXYxyXYxyX,35,
aca_76,unsolved,YXXXyxYxx,YYYYYYXXyxxx,xx,x,1,4,XYXXXXXXYxyxYXyxxxxxy,YYXyxxxxxxYXyxxxxxx,orb_1302,YXYXyxyXYxx,YYYYYYXyxYYYYYYXyxYYYYYx,35,
aca_76,unsolved,YXXXyxYxx,YYYYYYXXyxxx,yX,y,0,3,YYxYXXXYxYXXXYxYXXXYxYXXXYxYXXyXyxx,YxxxyXyX,orb_1450,YYXXXyx,YYXXyyxxYXYYXXXXYYXXXXYYXXXXYYXXXX,41,
aca_76,unsolved,YXXXyxYxx,YYYYYYXXyxxx,yy,y,1,3,xxxYYYXXXyyyxYYY,YxxyyyXyyyXXX,orb_1132,YYYXXXYXXXyyx,YYYXXXyyyxxxYXXX,29,
aca_76,unsolved,YXXXyxYxx,YYYYYYXXyxxx,XXy,y,0,3,yXYxyXYxyXYxyXYxyXYxyXYxyxxx,YXXXyxY,orb_1294,YXXXYxxxyX,YYxyXYxyXYxyXYxyXYxyXYxyX,35,
aca_76,unsolved,YXXXyxYxx,YYYYYYXXyxxx,yyy,y,1,2,xxxYYXXXyyxYY,YxxyyXyyXyyXXX,orb_1029,YYXXXYYxxxyyX,YYXYYXYYxxyXXX,27,
aca_77,unsolved,YXXyXYxxx,YYYYYYXXXYxx,Xy,y,0,3,XXyxYXyxYXyxYXyxYXyxYXyxYXXYx,YXXyXYxx,orb_1299,YXXYxxyx,YXyXXyxYXyxYXyxYXyxYXyxYXyx,35,
aca_77,unsolved,YXXyXYxxx,YYYYYYXXXYxx,xx,x,1,4,XYxyxxxxxyXXXXXXY,YXyXXXXXXYXyXXXXXXY,orb_1303,YYXXXXXXyxxxxyx,YXXXXXXyXYXXXXXXyXYx,35,
aca_77,unsolved,YXXyXYxxx,YYYYYYXXXYxx,yX,y,0,3,YYxxyXXYxxyXXYxxyXXYxxyXXYxxyXXXXXYxxyX,YxxYXXyX,orb_1495,YXXYxxyx,YYXXyxxYXXyxxYXXyxxYXXyxxYXXyxxxxxYXXyx,47,
aca_77,unsolved,YXXyXYxxx,YYYYYYXXXYxx,yy,y,1,3,xxxyyyXXYYYXyyyx,YxxYYYXYYYXXX,orb_1131,YYYXXXYXXXyyX,YYYYXXXyyxxxyXXX,29,
aca_77,unsolved,YXXyXYxxx,YYYYYYXXXYxx,XXy,y,0,3,XyxYXyxYXyxYXyxYXyxYXyxYXXXY,YXXyXYx,orb_1299,YXXYxxyx,YXyXXyxYXyxYXyxYXyxYXyxYXyx,35,
aca_77,unsolved,YXXyXYxxx,YYYYYYXXXYxx,yyy,y,1,2,xxxyyXXYYXyyx,YxxYYXYYXYYXXX,orb_1049,YYXXyyXYYxxxx,YYXXYxxxYYxYYx,27,
aca_78,unsolved,YYXXyx,YYYYYYYXyXyxyXX,xx,x,0,2,XXXXXXXXXYYxyxxxY,YXyxyxx,orb_0783,YYXXyx,YXXXyxxxxxxxxyXyX,23,
aca_78,unsolved,YYXXyx,YYYYYYYXyXyxyXX,yy,y,0,4,YYYxYXyyxxyXXX,YxxyxyX,orb_0588,YXXyXyx,YYYXYxyyXXyxxx,21,
aca_78,unsolved,YYXXyx,YYYYYYYXyXyxyXX,Xyx,x,0,2,XXXXXYxyxxxYxxY,YxxYxyXX,orb_0648,YYXXyx,YYYYYYYXyxyyyXX,21,
aca_78,unsolved,YYXXyx,YYYYYYYXyXyxyXX,xyy,y,0,2,xYYYYYXYxyXyxyXXX,YxxyyX,orb_0645,YYXXyx,YYYYYXYxyXyxyXX,21,
aca_79,unsolved,YYXXXyyxx,YXXXXXyxxYxx,Xy,y,1,3,XyXXYxxxyXXYxxyXXXXyxxYxxx,YXXXXXyxxYx,orb_1242,YXXXXXyXXXyxx,YYxxyXXYxxxyXXYxxyxx,33,
aca_79,unsolved,YYXXXyyxx,YXXXXXyxxYxx,xx,x,0,6,XYxxYXyXy,YxxyXXYxxyXXY,orb_0594,YXyXYxx,YYXYXyyxYYXyyx,21,
aca_79,unsolved,YYXXXyyxx,YXXXXXyxxYxx,xx,x,1,6,XXyxYxYxy,YxyXyXYYxyXyXYY,orb_0595,YXyXYxxx,YYYXyxxYYXyxx,21,
aca_79,unsolved,YYXXXyyxx,YXXXXXyxxYxx,yX,y,1,3,YxYxYXXXyXyxxxxyXy,YxxxxxyXyXX,orb_0601,YYXXXXXyxx,YYxxxyXXXXX,21,
aca_79,unsolved,YYXXXyyxx,YXXXXXyxxYxx,XXy,y,1,3,yXXYxxxyXXYxxyXXXyxxYxx,YXXXXXyxxY,orb_1242,YXXXXXyXXXyxx,YYxxyXXYxxxyXXYxxyxx,33,
aca_79,unsolved,YYXXXyyxx,YXXXXXyxxYxx,yXX,y,1,3,YYYXXXyyxxxxxyy,YxxxxxyyXX,orb_0601,YYXXXXXyxx,YYxxxyXXXXX,21,
aca_79,unsolved,YYXXXyyxx,YXXXXXyxxYxx,yxxY,y,1,2,yXXYXXXyxx,YXXXXXyxxYxxxxx,orb_0854,YXXXXXyxxYx,YXXXyxxxxxxyXX,25,
aca_80,unsolved,YXXXXyxxYx,YXYxYXyxyXX,Xy,y,0,4,yXXYYxxxyXXyxxYXX,YXXXXyxxY,orb_0977,YYXXXXyxx,YYxxxyXXyxxYXXyXX,26,
aca_80,unsolved,YXXXXyxxYx,YXYxYXyxyXX,xx,x,0,4,XXYYxyXYXyyXYYxyxYXyyxxY,YxYXyyxxYXyyx,orb_1363,YYXXyxYxYXXyx,YYXXyxYXYxxYXXyxyXYxxyyX,37,
aca_80,unsolved,YXXXXyxxYx,YXYxYXyxyXX,yX,y,0,4,xYYXXXXYYXXXXYxxxyyyX,YxxxxyyXX,orb_0841,YYXXXXyxx,YYXXXXYxxxyXXXX,24,
aca_80,unsolved,YXXXXyxxYx,YXYxYXyxyXX,yXy,y,0,2,xxYXXXXXYxxxyxxxyXXXX,YxxxxyxyXX,orb_0704,YYXXXyxxyxx,YXXXXyxxYxx,22,
aca_80,unsolved,YXXXXyxxYx,YXYxYXyxyXX,yxy,y,1,2,XyxxYXXXXyXXYxxyxxYxx,YXyXXYxyXXYx,orb_1165,YYXXyxYXXyX,YXXyXYXXyxxxxYxxyXX,30,
aca_80,unsolved,YXXXXyxxYx,YXYxYXyxyXX,Xyxy,y,1,2,yxxYXXXXyXXYxxyxxYx,YXyXXYxyXXY,orb_1165,YYXXyxYXXyX,YXXyXYXXyxxxxYxxyXX,30,
aca_80,unsolved,YXXXXyxxYx,YXYxYXyxyXX,xyXy,y,0,2,xxYXXXXYxxxyxxyXXXX,YxxxxyyXX,orb_0704,YYXXXyxxyxx,YXXXXyxxYxx,22,
aca_80,unsolved,YXXXXyxxYx,YXYxYXyxyXX,yxxY,y,0,2,YXXYxxxxYXyxx,YXXXXyxxYxxxx,orb_0695,YYXXXXyxx,YYXyxxYXXXXXX,22,
aca_81,unsolved,YXXXYxx,YYYYYYYXyyyyyyx,Xy,x,1,2,XXXXXXXXyXXyXXyxxxxxYXXXXXYxxxxxxx,YXXXXXXXyxxxxxx,orb_1238,YXXXXXXXyxxxxxx,YYYXyXXXXXXXyxxxxx,33,
aca_81,unsolved,YXXXYxx,YYYYYYYXyyyyyyx,Xy,y,0,2,XyxxyxxyxxyxxyxxyxxyxxxyXXXYXXYXXYXXYXXYxx,YXXXXYx,orb_0878,YXXXYxx,YYYYYYYxYXXXyyyyyx,25,
aca_81,unsolved,YXXXYxx,YYYYYYYXyyyyyyx,xx,x,0,2,XXXXXXXyxYxxxxxxyXY,YXyXYXyXY,orb_1074,YXYxYXXYx,YYYYYYYXYxyyyyyyXyx,28,
aca_81,unsolved,YXXXYxx,YYYYYYYXyyyyyyx,xy,x,1,2,YXXXXXXYYXyyxxxxxx,YXXXXXXyxxxxxxx,orb_1229,YXXXXXXXyxxxxxx,YYXXXXXXYxxxxxxyyX,33,
aca_81,unsolved,YXXXYxx,YYYYYYYXyyyyyyx,xy,y,0,2,xxyyyyyyXXYxxYYYYYYX,YxxxYXX,orb_0875,YXXXYxx,YYYYYYXXYxxyyyyyyX,25,
aca_81,unsolved,YXXXYxx,YYYYYYYXyyyyyyx,yX,x,1,2,YxxxxxxyyyXYXXXXXX,YxxxxxxxyXXXXXX,orb_1236,YXXXXXXXyxxxxxx,YYYXXXXXXyxxxxxxyx,33,
aca_81,unsolved,YXXXYxx,YYYYYYYXyyyyyyx,yX,y,0,2,YxxxyxxyxxyxxyxxyxxyXYXXYXXYXXYXXYXXYXXX,YxYXXXX,orb_0876,YXXXYxx,YYYYYYXyyyyyyXyxxx,25,
aca_81,unsolved,YXXXYxx,YYYYYYYXyyyyyyx,yx,x,1,2,xxxxxxYxxYXXXXXYxxxxxyXXyXXXXXXX,YxxxxxxyXXXXXXX,orb_1232,YXXXXXXXyxxxxxx,YYXyyXXXXXXXyxxxxx,33,
aca_81,unsolved,YXXXYxx,YYYYYYYXyyyyyyx,yx,y,0,2,XXyyyyyyyXYYYYYxxy,YXXYxxx,orb_0877,YXXXYxx,YYYYYYYXXYxxyyyyyX,25,
aca_81,unsolved,YXXXYxx,YYYYYYYXyyyyyyx,yy,y,1,6,yyyXYYYXXyyyXYYYxxx,YXyyyxYYYXyyyxYYY,orb_1325,YXXXyxxxYXXXXyxxx,YYYXXXyxxxyyXXXyxxx,36,
aca_81,unsolved,YXXXYxx,YYYYYYYXyyyyyyx,yyy,y,1,4,yyXYYXXyyXYYxxx,YXyyxYYXyyxYYXyyxYY,orb_1284,YYXXyyXYYxxxyyX,YYYXyyxYYXyyxYYXyyx,34,
aca_81,unsolved,YXXXYxx,YYYYYYYXyyyyyyx,yyyyyy,y,1,2,yXYXXyXYxxx,YXyxYXyxYXyxYXyxYXyxYXyxY,orb_1326,YXXyXYxxxyX,YYXyxYXyxYXyxYXyxYXyxYXyx,36,
aca_82,unsolved,YYYXXXXXyyx,YYXyxxyyxYX,yy,y,0,4,YXXXXXXyxYxxyxyXYxxxx,YXXXXXyxYXXXXXyxY,orb_1394,YYXXXXXyxYXXXXXyx,YXYXXyXYxxxxxxyXXXXyx,38,
aca_82,unsolved,YYYXXXXXyyx,YYXyxxyyxYX,xyyx,x,1,2,XXXyXYxyXYxyXYxyXYxyXYxxyxY,YXyxYxyxY,orb_1330,YXYxYXXyx,YYYxyXyyxYXyxYXyxYXyxYXyxYX,36,
aca_83,unsolved,YXXyXYxxx,YYYYYYYXXyxxx,Xy,y,0,3,XXyxYXyxYXyxYXyxYXyxYXyxYXyxxxx,YXXyXYxx,orb_1300,YXXYxxyx,YXyxYXyxYXyxYXyxYXyxYXyxYxx,35,
aca_83,unsolved,YXXyXYxxx,YYYYYYYXXyxxx,xx,x,1,4,XYXXXXXXYxyXXyxxxxxxx,YYXyxxxxxxxYXyxxxxxxx,orb_1422,YXXXXXXYxxxxxxyXXyx,YYxxxxxxxyXYxxxxxxxyX,40,
aca_83,unsolved,YXXyXYxxx,YYYYYYYXXyxxx,yX,y,0,3,YYxxyXXYxxyXXYxxyXXYxxyXXYxxyXXYxxyXXYXXyxx,YxxYXXyX,orb_1527,YXXYxxyx,YYXXyxxYXXyxxYXXyxxYXXyxxYXXyxxYXXyxxYxxyXX,51,
aca_83,unsolved,YXXyXYxxx,YYYYYYYXXyxxx,XXy,y,0,3,XyxYXyxYXyxYXyxYXyxYXyxYXyxxxx,YXXyXYx,orb_1300,YXXYxxyx,YXyxYXyxYXyxYXyxYXyxYXyxYxx,35,
aca_83,unsolved,YXXyXYxxx,YYYYYYYXXyxxx,Yxxy,y,0,2,xyXXyXXyXXyXXyXXyXXXYxxx,YxyxxYX,orb_0750,YXXyXYxxx,YYYYYYXXXyxxxx,23,
aca_84,unsolved,YXXXyxYxx,YYYYYYYXXXYxx,Xy,y,0,3,XyXYxyXYxyXYxyXYxyXYxyXYxyXYXYx,YXXXyxYx,orb_1293,YXXXYxxxyX,YYXyxYXyxYXyxYXyxYXyxYXyx,35,
aca_84,unsolved,YXXXyxYxx,YYYYYYYXXXYxx,xx,x,1,4,xxxxxxYxyXXXXXXXYXy,YXyXXXXXXXYXyXXXXXXXY,orb_1423,YXXXXXXyXYxxxxxxxyx,YYXXXXXXXyXYXXXXXXXyX,40,
aca_84,unsolved,YXXXyxYxx,YYYYYYYXXXYxx,yX,y,0,3,YYxYXXXYxYXXXYxYXXXYxYXXXYxYXXXYxYXXXXXXYxYXX,YxxxyXyX,orb_1530,YXXXyxYx,YYxYXXXYxYXXXYxYXXXYxYXXXYxYXXXYxYXXXXXXYxYXX,53,
aca_84,unsolved,YXXXyxYxx,YYYYYYYXXXYxx,XXy,y,0,3,yXYxyXYxyXYxyXYxyXYxyXYxyXYXXY,YXXXyxY,orb_1293,YXXXYxxxyX,YYXyxYXyxYXyxYXyxYXyxYXyx,35,
aca_84,unsolved,YXXXyxYxx,YYYYYYYXXXYxx,yXXy,y,0,2,YxYXXYXXYXXYXXYXXYXXXXXX,YxxxyyX,orb_0737,YXXXyxYxx,YYYYYYXXXXYxxx,23,
aca_85,unsolved,YXXXyxx,YYYYYYYXyyyyyyx,Xy,x,1,2,XXXXXXXXyXXyxxxxxyXXXXXYxxYxxxxxxx,YXXXXXXXyxxxxxx,orb_1233,YXXXXXXXyxxxxxx,YYXyyXXXXXYxxxxxxx,33,
aca_85,unsolved,YXXXyxx,YYYYYYYXyyyyyyx,Xy,y,0,2,XXYYYYYYYxxyXXyyyyyxxx,YXXXyxx,orb_0886,YXXXyxx,YYYYYYYXXyxxyyyyyX,25,
aca_85,unsolved,YXXXyxx,YYYYYYYXyyyyyyx,xx,x,0,2,XXXXXXXyxYxxxxxxyXY,YxyXYxyXY,orb_1077,YXyxYXXyx,YYYYYYYXyxyyyyyyXYx,28,
aca_85,unsolved,YXXXyxx,YYYYYYYXyyyyyyx,xy,x,1,2,YXXXXXXYYxyyxxxxxx,YXXXXXXyxxxxxxx,orb_1230,YXXXXXXXyxxxxxx,YYXXXXXXYxxxxxxyyx,33,
aca_85,unsolved,YXXXyxx,YYYYYYYXyyyyyyx,xy,y,0,2,xxYYYYYYXXYxxyyyyyyX,YxxxyXX,orb_0884,YXXXyxx,YYYYYYXXYxxyyyyyyx,25,
aca_85,unsolved,YXXXyxx,YYYYYYYXyyyyyyx,yX,x,1,2,YxxxxxxyyyxYXXXXXX,YxxxxxxxyXXXXXX,orb_1235,YXXXXXXXyxxxxxx,YYYXXXXXXyxxxxxxyX,33,
aca_85,unsolved,YXXXyxx,YYYYYYYXyyyyyyx,yX,y,0,2,YxYXXYXXYXXYXXYXXYXyxxyxxyxxyxxyxxyX,YxxxyXX,orb_0885,YXXXyxx,YYYYYYXyyyyyyXYxxx,25,
aca_85,unsolved,YXXXyxx,YYYYYYYXyyyyyyx,yx,x,1,2,xxxxxxYxxYxxYXXXXXyxxxxxyXXXXXXX,YxxxxxxyXXXXXXX,orb_1239,YXXXXXXXyxxxxxx,YYYXyxxxxxxxyXXXXX,33,
aca_85,unsolved,YXXXyxx,YYYYYYYXyyyyyyx,yx,y,0,2,XYxxYxxYxxYxxYxxYxxYXyXXyXXyXXyXXyxy,YXXXyxx,orb_0887,YXXXyxx,YYYYYYYXyyyyyxxxyX,25,
aca_85,unsolved,YXXXyxx,YYYYYYYXyyyyyyx,yy,y,1,6,yyyXYYYXXXyyyxYYYxx,YXyyyxYYYXyyyxYYY,orb_1324,YXXXyxxxYXXXXyxxx,YYYXXXYxxxyyXXXyxxx,36,
aca_85,unsolved,YXXXyxx,YYYYYYYXyyyyyyx,yyy,y,1,4,yyXYYXXXyyxYYxx,YXyyxYYXyyxYYXyyxYY,orb_1285,YYXXyyXYYxxxyyx,YYYXyyxYYXyyxYYXyyx,34,
aca_85,unsolved,YXXXyxx,YYYYYYYXyyyyyyx,yyyyyy,y,1,2,yXYXXXyxYxx,YXyxYXyxYXyxYXyxYXyxYXyxY,orb_1327,YXXyXYxxxyx,YYXyxYXyxYXyxYXyxYXyxYXyx,36,
aca_86,unsolved,YYYXXXXXyyX,YYXyxxyyXYx,yy,y,0,4,YXXXXXXyXYxxyXyxYxxxxxx,YXXXXXyXYXXXXXyXY,orb_1404,YXXXXXyXYXXXXXyXyX,YYxxyXYXXXXXXyxxxxxyx,39,
aca_86,unsolved,YYYXXXXXyyX,YYXyxxyyXYx,Xyx,x,1,2,XYXXyxxYXXyxxYXXyxxYXXyxxYXXyxxxxYXXy,YxxYXXyxYxxyXX,orb_1516,YYXXYYxyXyyx,YYYYXyyxYYXyyxYYXyyxYYXyyxYYXyyxyXyyx,49,
aca_86,unsolved,YYYXXXXXyyX,YYXyxxyyXYx,xyyX,x,1,2,XXXyXYxyXYxyXYxyXYxyXYxxxyXYx,YXyxYxxyXYx,orb_1364,YYXYxyXXyx,YYYXyxYXyxYXyxYXyxYXyxyyXyx,37,
aca_87,unsolved,YYXXXYxx,YYYYYYYXyyyyyyx,Xy,x,1,2,XXXXXXXXXyXXyXXyxxxxxYXXXXXYxxxxxxx,YXXXXXXXyxxxxxx,orb_1264,YXXXXXXXyxxxxxx,YYYXXyXXXXXXXyxxxxx,34,
aca_87,unsolved,YYXXXYxx,YYYYYYYXyyyyyyx,xx,x,0,2,XXXXXXXyxxYxxxxxxyXXY,YXyXXYXyXXY,orb_1227,YYXXyXYXXyX,YXXyXXXXXXYxxyxxxxxxx,32,
aca_87,unsolved,YYXXXYxx,YYYYYYYXyyyyyyx,xy,x,1,2,XYXXXXXXYYXyyxxxxxx,YXXXXXXyxxxxxxx,orb_1199,YXXXXXXXyxxxxxx,YYXXXXXyxxxxxxyyx,32,
aca_87,unsolved,YYXXXYxx,YYYYYYYXyyyyyyx,yX,x,1,2,YxxxxxyyyXYXXXXXX,YxxxxxxxyXXXXXX,orb_1203,YXXXXXXXyxxxxxx,YYYXXXXXyxxxxxxyx,32,
aca_87,unsolved,YYXXXYxx,YYYYYYYXyyyyyyx,yx,x,1,2,xxxxxYxxYXXXXXYxxxxxyXXyXXXXXXX,YxxxxxxyXXXXXXX,orb_1258,YXXXXXXXyxxxxxx,YYXXyyXXXXXXXyxxxxx,34,
aca_87,unsolved,YYXXXYxx,YYYYYYYXyyyyyyx,yy,y,0,7,YYYxxxyXXXyyyx,YxxYXYXXX,orb_0743,YXXYxYxxx,YYYXXXYxxxyyyx,23,
aca_87,unsolved,YYXXXYxx,YYYYYYYXyyyyyyx,yy,y,1,7,YXXXyyyXYYYxxx,YXyyyxYYYXyyyxYYY,orb_1193,YYYXXXYxxxyyyx,YXXXyxxxYXXXyxxxx,31,
aca_87,unsolved,YYXXXYxx,YYYYYYYXyyyyyyx,xyy,x,1,2,YXXXXXYxYXyXyxxxxx,YXXXXXXyxxxxxxx,orb_1199,YXXXXXXXyxxxxxx,YYXXXXXyxxxxxxyyx,32,
aca_87,unsolved,YYXXXYxx,YYYYYYYXyyyyyyx,xyy,y,0,2,xxyyyyyXXYxxYYYYYYX,YxxxYYXX,orb_0923,YYXXXYxx,YYYYYYXXYxxyyyyyX,25,
aca_87,unsolved,YYXXXYxx,YYYYYYYXyyyyyyx,yyX,x,1,2,YxxxxxyXyXyXYXXXXX,YxxxxxxxyXXXXXX,orb_1203,YXXXXXXXyxxxxxx,YYYXXXXXyxxxxxxyx,32,
aca_87,unsolved,YYXXXYxx,YYYYYYYXyyyyyyx,yyX,y,0,2,YxxxyxxyxxyxxyxxyXYXXYXXYXXYXXYXXYXXX,YxYXXYXXXX,orb_0927,YYXXXYxx,YYYYYYxyyyyyXXXYx,25,
aca_87,unsolved,YYXXXYxx,YYYYYYYXyyyyyyx,yyy,y,1,4,yyXYYxyyXYYXXyyXYYxxx,YXyyxYYXyyxYYXyyxYY,orb_1433,YXXyxxYXXyxxYXXXyxx,YYYXXyxxYXXyxxyyXXyxx,40,
aca_87,unsolved,YYXXXYxx,YYYYYYYXyyyyyyx,yyyyyy,y,1,2,yXYxyXYXXyXYxxx,YXyxYXyxYXyxYXyxYXyxYXyxY,orb_1438,YXyXXYXyxYXyxxx,YYxyXYxyXYxyXYxyXYxyXYxyX,40,
aca_88,unsolved,YYXXXyxx,YYYYYXXYxyXyXyx,xx,x,0,3,XXXXXXXYxyxxxxYxyXXY,YxyXXYxyXXY,orb_1179,YXXYXXyxYxxxxyx,YXXyxYXXyxYxxxxx,31,
aca_88,unsolved,YYXXXyxx,YYYYYXXYxyXyXyx,yy,y,0,3,YYxxYXXXYxyyyX,YxxxyxyXX,orb_0732,YXXXyXyxx,YYYxyXXXyxxyyX,23,
aca_88,unsolved,YYXXXyxx,YYYYYXXYxyXyXyx,xyy,y,0,2,xxYYYXXYxYxyXyXyX,YxxxyyXX,orb_0771,YYXXXyxx,YYYXXYxYxyXyXyx,23,
aca_88,unsolved,YYXXXyxx,YYYYYXXYxyXyXyx,yyX,y,0,2,YxYXXYXXYXXXXYxyxyxyX,YxxxyxxyXX,orb_0931,YYXXXyxx,YYYXXYxyXyXyXYxxx,25,
aca_88,unsolved,YYXXXyxx,YYYYYXXYxyXyXyx,xxyy,y,0,2,xxYxYxYXYxxYxyXXyXXyX,YxxxyXyXX,orb_0771,YYXXXyxx,YYYXXYxYxyXyXyx,23,
aca_89,unsolved,YXXYxxyx,YYYYYYYXyyyyyyx,Xy,x,1,2,XXXXXXXXyXXyxxxxxYXXXXXYxxxYxxxxxxx,YXXXXXXXyxxxxxx,orb_1262,YXXXXXXXyxxxxxx,YYXyxyXXXXXXXyxxxxx,34,
aca_89,unsolved,YXXYxxyx,YYYYYYYXyyyyyyx,xx,x,0,2,XXXXXXXXYXyxxxxxxYxyx,YXYxxyx,orb_0940,YYXXYx,YYYYYYYxYXyyyyyyxyX,25,
aca_89,unsolved,YXXYxxyx,YYYYYYYXyyyyyyx,xy,x,1,3,YXXXXXXYXyxxxxxxyXXXXXXyxxxxxx,YXXXXXXyxxxxxxx,orb_1400,YXXXXXXXyxxxxxx,YYXXXXXXyxxxxxxxxxxxxyyx,39,
aca_89,unsolved,YXXYxxyx,YYYYYYYXyyyyyyx,xy,y,0,3,xyXXXXXXYXYxyxxxxxxY,YxxyxYX,orb_0941,YYXXYx,YYYYYYxYXXyyyyyyxYX,25,
aca_89,unsolved,YXXYxxyx,YYYYYYYXyyyyyyx,yX,x,1,2,YxxxxxxyyXYYXXXXX,YxxxxxxxyXXXXXX,orb_1195,YXXXXXXXyxxxxxx,YYXXXXXYxxxxxxyyX,32,
aca_89,unsolved,YXXYxxyx,YYYYYYYXyyyyyyx,yx,x,1,3,xxxxxxYXXXXXYxxxxxyXXyXXXXXXXy,YxxxxxxyXXXXXXX,orb_1465,YXXXXXXXyxxxxxx,YYXXXXXYxxxxxxyXXXXXXXyxxxxx,43,
aca_89,unsolved,YXXYxxyx,YYYYYYYXyyyyyyx,yx,y,0,3,YXXyxYXXyxYXXyxYXXyxYXXyxYXXyxYXXyXYxxyXYxxyXYxxyXYxxyXYxxyy,YXYxxyx,orb_1545,YXXYxxyx,YXXyXYxxyXYxxyXYxxyXYxxyXYxxyXyxYXXyxYXXyxYXXyxYXXyxYXXyx,65,
aca_89,unsolved,YXXYxxyx,YYYYYYYXyyyyyyx,yy,y,1,6,yyyXYYYXyyyXYYYxxyyyxYYYx,YXyyyxYYYXyyyxYYY,orb_1453,YXXXyxxxYXXXXyxxx,YYXXXYxxxYXXXyxxxyXXXyxxx,42,
aca_89,unsolved,YXXYxxyx,YYYYYYYXyyyyyyx,xxy,x,0,2,XXXXXXXYXyxxxxxxYxy,YYxxyx,orb_0940,YYXXYx,YYYYYYYxYXyyyyyyxyX,25,
aca_89,unsolved,YXXYxxyx,YYYYYYYXyyyyyyx,xxy,y,0,2,yXXXXXXXYXyxxxxxxYx,YxxyxY,orb_0940,YYXXYx,YYYYYYYxYXyyyyyyxyX,25,
aca_89,unsolved,YXXYxxyx,YYYYYYYXyyyyyyx,yxY,x,1,2,yxxxxxxYxYXyXyXXXXXX,YxxxxxxyXXXXXXX,orb_1195,YXXXXXXXyxxxxxx,YYXXXXXYxxxxxxyyX,32,
aca_89,unsolved,YXXYxxyx,YYYYYYYXyyyyyyx,yxY,y,0,2,yxxYYYYYYXyyyyyXX,YxxyxYXX,orb_0899,YXXYxxyx,YYYYYYXyyyyyXXyxx,25,
aca_89,unsolved,YXXYxxyx,YYYYYYYXyyyyyyx,yyy,y,1,4,yyXYYXyyXYYxxyyxYYx,YXyyxYYXyyxYYXyyxYY,orb_1396,YYXXYxxYXXyxxyXXyxx,YXXyxxYXXyxxYXXXyxx,38,
aca_89,unsolved,YXXYxxyx,YYYYYYYXyyyyyyx,yyyyyy,y,1,2,yXYXyXYxxyxYx,YXyxYXyxYXyxYXyxYXyxYXyxY,orb_1391,YXyXYXXyxYxyx,YYXyxYXyxYXyxYXyxYXyxYXyx,38,
aca_90,unsolved,YYXXXyxx,YYYYYYYXyyyyyyx,Xy,x,1,2,XXXXXXXXXyXXyxxxxxyXXXXXYxxYxxxxxxx,YXXXXXXXyxxxxxx,orb_1259,YXXXXXXXyxxxxxx,YYXXyyXXXXXYxxxxxxx,34,
aca_90,unsolved,YYXXXyxx,YYYYYYYXyyyyyyx,xx,x,0,2,XXXXXXXyxxYxxxxxxyXXY,YxyXXYxyXXY,orb_1228,YYXXyxYXXyx,YXXyXXXXXXYxxyxxxxxxx,32,
aca_90,unsolved,YYXXXyxx,YYYYYYYXyyyyyyx,xy,x,1,2,XYXXXXXXYYxyyxxxxxx,YXXXXXXyxxxxxxx,orb_1198,YXXXXXXXyxxxxxx,YYXXXXXyxxxxxxyyX,32,
aca_90,unsolved,YYXXXyxx,YYYYYYYXyyyyyyx,yX,x,1,2,YxxxxxyyyxYXXXXXX,YxxxxxxxyXXXXXX,orb_1202,YXXXXXXXyxxxxxx,YYYXXXXXyxxxxxxyX,32,
aca_90,unsolved,YYXXXyxx,YYYYYYYXyyyyyyx,yx,x,1,2,xxxxxYxxYxxYXXXXXyxxxxxyXXXXXXX,YxxxxxxyXXXXXXX,orb_1265,YXXXXXXXyxxxxxx,YYYXXyxxxxxxxyXXXXX,34,
aca_90,unsolved,YYXXXyxx,YYYYYYYXyyyyyyx,yy,y,0,7,YYYxxYXXXXyyyx,YxxxyxyXX,orb_0731,YXXXyXyxx,YYYXXYxxxxyyyX,23,
aca_90,unsolved,YYXXXyxx,YYYYYYYXyyyyyyx,yy,y,1,7,YXXXXyyyxYYYxx,YXyyyxYYYXyyyxYYY,orb_1194,YYYXXYxxxxyyyX,YYYYxyyyXYYYxyyyX,31,
aca_90,unsolved,YYXXXyxx,YYYYYYYXyyyyyyx,xyy,x,1,2,YXXXXXYxYxyXyxxxxx,YXXXXXXyxxxxxxx,orb_1198,YXXXXXXXyxxxxxx,YYXXXXXyxxxxxxyyX,32,
aca_90,unsolved,YYXXXyxx,YYYYYYYXyyyyyyx,xyy,y,0,2,xxYYYYYXXYxxyyyyyyX,YxxxyyXX,orb_0933,YYXXXyxx,YYYYYYXXyxxyyyyyX,25,
aca_90,unsolved,YYXXXyxx,YYYYYYYXyyyyyyx,yyX,x,1,2,YxxxxxyXyXyxYXXXXX,YxxxxxxxyXXXXXX,orb_1202,YXXXXXXXyxxxxxx,YYYXXXXXyxxxxxxyX,32,
aca_90,unsolved,YYXXXyxx,YYYYYYYXyyyyyyx,yyX,y,0,2,YxYXXYXXYXXYXXYXyxxyxxyxxyxxyxxyX,YxxxyxxyXX,orb_0936,YYXXXyxx,YYYYYYxyyyyyXXXyx,25,
aca_90,unsolved,YYXXXyxx,YYYYYYYXyyyyyyx,yyy,y,1,4,yyXYYxyyXYYXXXyyxYYxx,YXyyxYYXyyxYYXyyxYY,orb_1431,YXXyxxYXXyxxYXXXyxx,YYYXXYxxyXXYxxyyXXyxx,40,
aca_90,unsolved,YYXXXyxx,YYYYYYYXyyyyyyx,yyyyyy,y,1,2,yXYxyXYXXXyxYxx,YXyxYXyxYXyxYXyxYXyxYXyxY,orb_1437,YXyXXXYxyxxYXyx,YYXyxYXyxYXyxYXyxYXyxYXyx,40,
aca_91,unsolved,YXXXyxYx,YYYYYYYXyyyyyyx,Xy,x,1,3,XXXXXXXXyXXyxxxxxyXXXXXYxxxxxxxY,YXXXXXXXyxxxxxx,orb_1485,YXXXXXXXyxxxxxx,YYXXXXXXXXyxxxxxyXXXXXYxxxxxxx,45,
aca_91,unsolved,YXXXyxYx,YYYYYYYXyyyyyyx,Xy,y,0,3,yXYxxyXYxxyXYxxyXYxxyXYxxyXYxxyXYxxyXXyxYXXyxYXXyxYXXyxYXXyxYx,YXXXyxY,orb_1546,YXXXyXXyx,YYxxyXYxxyXYxxyXYxxyXYxxyXYxxyXYxxyXYxyxYXXyxYXXyxYXXyxYXXyx,69,
aca_91,unsolved,YXXXyxYx,YYYYYYYXyyyyyyx,xy,x,1,2,YXXXXXXYYxyXyxxxxxx,YXXXXXXyxxxxxxx,orb_1257,YXXXXXXXyxxxxxx,YYXXXXXXYxxxxxxyXyx,34,
aca_91,unsolved,YXXXyxYx,YYYYYYYXyyyyyyx,yX,x,1,3,YxxxxxxyyyXXXXXY,YxxxxxxxyXXXXXX,orb_1167,YXXXXXXXyxxxxxx,YYYXXXXXXyyxxxxx,31,
aca_91,unsolved,YXXXyxYx,YYYYYYYXyyyyyyx,yX,y,0,3,YYYXXXYYXXXYYXXXYYXXXYYXXXYYXyyxxxyyxxxyyxxxyyxxxyyxxxyy,YxxxyyX,orb_1538,YYXXXyx,YYXyyxxxyyxxxyyxxxyyxxxyyxxxYXXXYYXXXYYXXXYYXXXYYXXX,59,
aca_91,unsolved,YXXXyxYx,YYYYYYYXyyyyyyx,yx,x,1,2,xxxxxxYxxYxxYXXXXXyxxxxyXXXXXXX,YxxxxxxyXXXXXXX,orb_1205,YXXXXXXXyxxxxxx,YYYXyxxxxxxyXXXXX,32,
aca_91,unsolved,YXXXyxYx,YYYYYYYXyyyyyyx,yy,y,1,6,yyyXYYYXXXyyyxYYYxyyyXYYYxx,YXyyyxYYYXyyyxYYY,orb_1471,YXXXyxxxYXXXXyxxx,YYYXXXYxxxyyXXXYxxxyXXXyxxx,44,
aca_91,unsolved,YXXXyxYx,YYYYYYYXyyyyyyx,yxY,x,1,2,xxxxxYxYxYXXXXXyxxxxxyXXXXXX,YxxxxxxyXXXXXXX,orb_1205,YXXXXXXXyxxxxxx,YYYXyxxxxxxyXXXXX,32,
aca_91,unsolved,YXXXyxYx,YYYYYYYXyyyyyyx,yxY,y,0,2,yXYxxYxxYxxYxxYxxYXyXXyXXyXXyXXyx,YXXXyxYxxx,orb_0880,YXXXyxYx,YYYYYYXyyyyyxxxyX,25,
aca_91,unsolved,YXXXyxYx,YYYYYYYXyyyyyyx,yyy,y,1,4,yyXYYXXXyyxYYxyyXYYxx,YXyyxYYXyyxYYXyyxYY,orb_1432,YXXyxxYXXyxxYXXXyxx,YYYXXYxxyyXXYxxyXXyxx,40,
aca_91,unsolved,YXXXyxYx,YYYYYYYXyyyyyyx,yyyyyy,y,1,2,yXYXXXyxYxyXYxx,YXyxYXyxYXyxYXyxYXyxYXyxY,orb_1436,YXyXXXYxyxYXyxx,YYXyxYXyxYXyxYXyxYXyxYXyx,40,
aca_92,unsolved,YXyXYxxx,YYYYYYYXyyyyyyx,Xy,x,1,3,XyXXXXXXXyxxxxxYXXXXXYxxYxxxxxxx,YXXXXXXXyxxxxxx,orb_1464,YXXXXXXXyxxxxxx,YYXXXXXXyxxxxxyXXXXXYxxxxxxx,43,
aca_92,unsolved,YXyXYxxx,YYYYYYYXyyyyyyx,Xy,y,0,3,XXyxYXXyxYXXyxYXXyxYXXyxYXXyxYXXyxyXYxxyXYxxyXYxxyXYxxyXYxxx,YXyXYxx,orb_1543,YXXYx,YYYXyxYYXyxYYXyxYYXyxYYXyxYXYxyyXYxyyXYxyyXYxyyXYxyyXYxyyX,63,
aca_92,unsolved,YXyXYxxx,YYYYYYYXyyyyyyx,xy,x,1,2,YXXXXXYXyyyxxxxxx,YXXXXXXyxxxxxxx,orb_1201,YXXXXXXXyxxxxxx,YYYXXXXXXyxxxxxyx,32,
aca_92,unsolved,YXyXYxxx,YYYYYYYXyyyyyyx,yX,x,1,3,YxxxxxxyXXXXXXyxxxxxYYXXXXXX,YxxxxxxxyXXXXXX,orb_1462,YXXXXXXXyxxxxxx,YYXXXXXXYxxxxxxyXXXXXXyxxxxx,43,
aca_92,unsolved,YXyXYxxx,YYYYYYYXyyyyyyx,yX,y,0,3,YYxyXXYxyXXYxyXXYxyXXYxyXXYxyXYXyxxYXyxxYXyxxYXyxxYXyxxYXy,YxxYXyX,orb_1544,YXXYx,YYYXyxYYXyxYYXyxYYXyxYYXyxYYXyxYXYxyyXYxyyXYxyyXYxyyXYxyyX,63,
aca_92,unsolved,YXyXYxxx,YYYYYYYXyyyyyyx,yx,x,1,2,xxxxxxYXXXXYxxxxxyXXyXXyXXXXXXX,YxxxxxxyXXXXXXX,orb_1204,YXXXXXXXyxxxxxx,YYYXyXXXXXXyxxxxx,32,
aca_92,unsolved,YXyXYxxx,YYYYYYYXyyyyyyx,yy,y,1,6,yyyXYYYXyyyxYYYXyyyXYYYxxxx,YXyyyxYYYXyyyxYYY,orb_1472,YXXXyxxxYXXXXyxxx,YYYYXXXyxxxyXXXYxxxyXXXyxxx,44,
aca_92,unsolved,YXyXYxxx,YYYYYYYXyyyyyyx,Yxy,x,1,2,YXXXXXXYXyxyxyxxxxxx,YXXXXXXyxxxxxxx,orb_1201,YXXXXXXXyxxxxxx,YYYXXXXXXyxxxxxyx,32,
aca_92,unsolved,YXyXYxxx,YYYYYYYXyyyyyyx,Yxy,y,0,2,xyXXyXXyXXyXXyXXyXXXYxxxYxxYxxYxxYxxY,YxyxYX,orb_0911,YXyXYxxx,YYYYYYXXXyxyyyyyx,25,
aca_92,unsolved,YXyXYxxx,YYYYYYYXyyyyyyx,yxY,x,1,2,xxxxxYXXXXXYxxxxxyXyXyXXXXXX,YxxxxxxyXXXXXXX,orb_1204,YXXXXXXXyxxxxxx,YYYXyXXXXXXyxxxxx,32,
aca_92,unsolved,YXyXYxxx,YYYYYYYXyyyyyyx,yxY,y,0,2,yXXXyXXyXXyXXyXXyXXyXYxxYxxYxxYxxYxxx,YXYxyx,orb_0912,YXyXYxxx,YYYYYYXYxxxyyyyyX,25,
aca_92,unsolved,YXyXYxxx,YYYYYYYXyyyyyyx,yyy,y,1,4,yyXYYXyyxYYXyyXYYxxxx,YXyyxYYXyyxYYXyyxYY,orb_1434,YXXyxxYXXyxxYXXXyxx,YYYYXXyxxyXXYxxyXXyxx,40,
aca_92,unsolved,YXyXYxxx,YYYYYYYXyyyyyyx,yyyyyy,y,1,2,yXYXyxYXyXYxxxx,YXyxYXyxYXyxYXyxYXyxYXyxY,orb_1440,YXyXYxxxxyXYXyx,YYXyxYXyxYXyxYXyxYXyxYXyx,40,
aca_93,unsolved,YXXXyxYx,YYYYYYYxyyyyyyX,Xy,x,1,3,XXXXXXXyyxxxxxxyXXXXXXYxxxxxxY,YXXXXXXyxxxxxxx,orb_1486,YXXXXXXXyxxxxxx,YYXXXXXXYxxxxxxyXXXXXXyxxxxxxx,45,
aca_93,unsolved,YXXXyxYx,YYYYYYYxyyyyyyX,Xy,y,0,3,yXYxxyXYxxyXYxxyXYxxyXYxxyXYxxYXXyxYXXyxYXXyxYXXyxYXXyxYXXyxYX,YXXXyxY,orb_1547,YXXXyXXyx,YYxxyXYxxyXYxxyXYxxyXYxxyXYxxyXYxyxYXXyxYXXyxYXXyxYXXyxYXXyx,69,
aca_93,unsolved,YXXXyxYx,YYYYYYYxyyyyyyX,xy,x,1,2,YXXXXXYxxYxyXXXyxxxxx,YXXXXXXXyxxxxxx,orb_1263,YXXXXXXXyxxxxxx,YYXyxyXXXXXYxxxxxxx,34,
aca_93,unsolved,YXXXyxYx,YYYYYYYxyyyyyyX,yX,x,1,3,YxxxxxyXXyXXyXXXXXXY,YxxxxxxyXXXXXXX,orb_1234,YXXXXXXXyxxxxxx,YYYXXXXXXyXXyxxxxx,33,
aca_93,unsolved,YXXXyxYx,YYYYYYYxyyyyyyX,yX,y,0,3,YYXXXYYXXXYYXXXYYXXXYYXXXYYXXXYYxyyxxxyyxxxyyxxxyyxxxyyy,YxxxyyX,orb_1539,YYXXXyx,YYXyyxxxyyxxxyyxxxyyxxxyyxxxyyxxxYXXXYYXXXYYXXXYYXXX,59,
aca_93,unsolved,YXXXyxYx,YYYYYYYxyyyyyyX,yx,x,1,2,xxxxxYYYXXXXXXyxxxxxyXXXXXX,YxxxxxxxyXXXXXX,orb_1200,YXXXXXXXyxxxxxx,YYYXXXXXXyxxxxxyX,32,
aca_93,unsolved,YXXXyxYx,YYYYYYYxyyyyyyX,yy,y,1,6,yyyxYYYXXXyyyXYYYxyyyxYYY,YxyyyXYYYxyyyXYYY,orb_1323,YXXXyxxxYXXXXyxxx,YYYXXXYxxxyXXXyyxxx,36,
aca_93,unsolved,YXXXyxYx,YYYYYYYxyyyyyyX,yxY,x,1,2,xxxxYXYXYXXXXXXyxxxxxxyXXXXX,YxxxxxxxyXXXXXX,orb_1200,YXXXXXXXyxxxxxx,YYYXXXXXXyxxxxxyX,32,
aca_93,unsolved,YXXXyxYx,YYYYYYYxyyyyyyX,yxY,y,0,2,YXYxxYxxYxxYxxYxxYxyXXyXXyXXyXXyx,YXXXyxYxxx,orb_0883,YXXXyxYx,YYYYYYxyyyyyxYXXX,25,
aca_93,unsolved,YXXXyxYx,YYYYYYYxyyyyyyX,yyy,y,1,4,yyxYYXXXyyXYYxyyxYY,YxyyXYYxyyXYYxyyXYY,orb_1288,YYXyyXXXYYxxyyx,YYYXyyxYYXyyxYYXyyx,34,
aca_93,unsolved,YXXXyxYx,YYYYYYYxyyyyyyX,yyyyyy,y,1,2,yxYXXXyXYxyxY,YxyXYxyXYxyXYxyXYxyXYxyXY,orb_1331,YXyXXXYxxyx,YYXyxYXyxYXyxYXyxYXyxYXyx,36,
aca_94,unsolved,YXXXYxYx,YYYYYYYXyyyyyyx,Xy,x,1,3,XXXXXXXXyXXyXXyxxxxxYY,YXXXXXXXyxxxxxx,orb_1292,YXXXXXXXyxxxxxx,YYYXXXXXXXXyXXyxxxxx,35,
aca_94,unsolved,YXXXYxYx,YYYYYYYXyyyyyyx,Xy,y,0,3,yyxxxyyxxxyyxxxyyxxxyyxxxyyxxxyyxxxyXXXYYXXXYYXXXYYXXXYYXXXYYx,YXXXXYY,orb_1550,YYYXXXX,YYXXXYYXXXYYXXXYYXXXYYXXXYYXXXYYXXXYxxxyyxxxyyxxxyyxxxyyxxxyyX,69,
aca_94,unsolved,YXXXYxYx,YYYYYYYXyyyyyyx,xy,x,1,2,YXXXXXXYYXyXyxxxxxx,YXXXXXXyxxxxxxx,orb_1256,YXXXXXXXyxxxxxx,YYXXXXXXYxxxxxxyXyX,34,
aca_94,unsolved,YXXXYxYx,YYYYYYYXyyyyyyx,yX,x,1,3,YxxxxxxyyyXXXXXXXY,YxxxxxxxyXXXXXX,orb_1237,YXXXXXXXyxxxxxx,YYYXXXXXXyyxxxxxxx,33,
aca_94,unsolved,YXXXYxYx,YYYYYYYXyyyyyyx,yX,y,0,3,YxxxyyxxxyyxxxyyxxxyyxxxyyxxxyyXYYXXXYYXXXYYXXXYYXXXYYXXXYYXXX,YYYXXXX,orb_1551,YYYXXXX,YYXXXYYXXXYYXXXYYXXXYYXXXYYXXXYxxxyyxxxyyxxxyyxxxyyxxxyyxxxyyX,69,
aca_94,unsolved,YXXXYxYx,YYYYYYYXyyyyyyx,yx,x,1,2,xxxxxxYxxYXXXXXYxxxxxyXXXyXXXXXXX,YxxxxxxyXXXXXXX,orb_1261,YXXXXXXXyxxxxxx,YYXyXyxxxxxYXXXXXXX,34,
aca_94,unsolved,YXXXYxYx,YYYYYYYXyyyyyyx,yy,y,1,6,yyyXYYYXXyyyXYYYxxyyyXYYYxx,YXyyyxYYYXyyyxYYY,orb_1470,YXXXyxxxYXXXXyxxx,YYXXXYxxxyyXXXYxxxyyXXXYxxx,44,
aca_94,unsolved,YXXXYxYx,YYYYYYYXyyyyyyx,yyy,y,1,4,yyXYYXXyyXYYxxyyXYYxx,YXyyxYYXyyxYYXyyxYY,orb_1430,YXXyxxYXXyxxYXXXyxx,YYXXYxxyyXXYxxyyXXYxx,40,
aca_94,unsolved,YXXXYxYx,YYYYYYYXyyyyyyx,yyyyyy,y,1,2,yXYXXyXYxxyXYxx,YXyxYXyxYXyxYXyxYXyxYXyxY,orb_1429,YXXyXYxxyXYxxyX,YYXyxYXyxYXyxYXyxYXyxYXyx,40,
aca_95,unsolved,YXXYxYxxx,YYYXyyyXXyxx,Xy,y,0,4,XXyyyyyyxxyXXYYYYxyxx,YXXXYYxx,orb_0924,YYXXXYxx,YYYYYYYXXYxxyyyyX,25,
aca_95,unsolved,YXXYxYxxx,YYYXyyyXXyxx,xx,x,1,4,XYxxYxyXXXXyxxxYxyXXX,YxxxYxxyXXX,orb_0929,YYXXXyxx,YXYXXXXyxYxxxyXyx,25,
aca_95,unsolved,YXXYxYxxx,YYYXyyyXXyxx,yX,y,0,4,YxxyXXyxxyXXyXYxxYXXYxxYXXyXYxxYX,YYxxYXXX,orb_1415,YYXXXXXYXX,YYXXyXYYXXXYxxyyxxxxyyXYYXXXX,39,
aca_95,unsolved,YXXYxYxxx,YYYXyyyXXyxx,yXX,x,1,3,YxxyXXYXyxYXyxYXX,YxxxyXXYXX,orb_0770,YYXXXyxx,YYXXyxxYxyXYxyX,23,
aca_95,unsolved,YXXYxYxxx,YYYXyyyXXyxx,yyy,y,1,2,xxYXyXXYXyxYXyx,YxxYxxxyXX,orb_0769,YYXXXyxx,YXyXXYXyxxxYXyx,23,
aca_95,unsolved,YXXYxYxxx,YYYXyyyXXyxx,yyXX,x,1,2,yXXYXyxYXyxxxYX,YxxxyXXYX,orb_0769,YYXXXyxx,YXyXXYXyxxxYXyx,23,
aca_95,unsolved,YXXYxYxxx,YYYXyyyXXyxx,yyyX,y,1,2,xYXyXXYXyxYXyxx,YxYxxxyXX,orb_0769,YYXXXyxx,YXyXXYXyxxxYXyx,23,
aca_95,unsolved,YXXYxYxxx,YYYXyyyXXyxx,yyyXX,x,1,2,XyXXYXyxYXyxxxY,YxxxyXXY,orb_0769,YYXXXyxx,YXyXXYXyxxxYXyx,23,
aca_95,unsolved,YXXYxYxxx,YYYXyyyXXyxx,yyyXX,y,1,2,YXyXXYXyxYXyxxx,YYxxxyXX,orb_0769,YYXXXyxx,YXyXXYXyxxxYXyx,23,
aca_96,unsolved,YXXYxxyX,YYYYYYYXyyyyyyx,Xy,x,1,2,XXXXXXXXyXXyxxxxxYXXXXXYxyxxxxx,YXXXXXXXyxxxxxx,orb_1260,YXXXXXXXyxxxxxx,YYXYxyXXXXXXXyxxxxx,34,
aca_96,unsolved,YXXYxxyX,YYYYYYYXyyyyyyx,xx,x,0,2,XXXXXXXXYxyxxxxxxYXyx,YXYXXyx,orb_0943,YYXXyx,YXyXXXXXXXYxyxxxxxx,25,
aca_96,unsolved,YXXYxxyX,YYYYYYYXyyyyyyx,xy,x,1,3,YXXXXXXYXyxxxxxxyXXXXXXYxxxxxx,YXXXXXXyxxxxxxx,orb_1399,YXXXXXXXyxxxxxx,YYXXXXXXyxxxxxxxxxxxxyyX,39,
aca_96,unsolved,YXXYxxyX,YYYYYYYXyyyyyyx,xy,y,0,3,xyxxxxxxYXYxyXXXXXXY,YxxyXYX,orb_0945,YYXXyx,YYXyxxxxxxYXyXXXXXX,25,
aca_96,unsolved,YXXYxxyX,YYYYYYYXyyyyyyx,yX,x,1,2,xxxxxyyXYYXXXXXXy,YxxxxxxxyXXXXXX,orb_1196,YXXXXXXXyxxxxxx,YYXXXXXYxxxxxxyyx,32,
aca_96,unsolved,YXXYxxyX,YYYYYYYXyyyyyyx,yx,x,1,3,YxxxxxxxYXXXXXYxxxxxyXXyXXXXXX,YxxxxxxyXXXXXXX,orb_1463,YXXXXXXXyxxxxxx,YYXXXXXXyxxxxxyXXXXXXXyxxxxx,43,
aca_96,unsolved,YXXYxxyX,YYYYYYYXyyyyyyx,yx,y,0,3,YXYxxYXYxxYXYxxYXYxxYXYxxYXYxxYXYXyxyXXyxyXXyxyXXyxyXXyxyy,YXXyxyx,orb_1542,YYXXyx,YYXyyxxxyyxxxyyxxxyyxxxyyxxxyyxxxyXYYXXXYYXXXYYXXXYYXXX,61,
aca_96,unsolved,YXXYxxyX,YYYYYYYXyyyyyyx,yy,y,1,6,yyyXYYYXyyyXYYYxxyyyxYYYX,YXyyyxYYYXyyyxYYY,orb_1454,YXXXyxxxYXXXXyxxx,YYXXXYxxxyXXXyxxxyXXXyxxx,42,
aca_96,unsolved,YXXYxxyX,YYYYYYYXyyyyyyx,xxy,x,0,2,XXXXXXXYxyxxxxxxYXy,YYXXyx,orb_0943,YYXXyx,YXyXXXXXXXYxyxxxxxx,25,
aca_96,unsolved,YXXYxxyX,YYYYYYYXyyyyyyx,xxy,y,0,2,yxxxxxxxYXyXXXXXXYx,YxxyXY,orb_0943,YYXXyx,YXyXXXXXXXYxyxxxxxx,25,
aca_96,unsolved,YXXYxxyX,YYYYYYYXyyyyyyx,yxY,x,1,2,YxxxxxxYxYXyXyXXXXXX,YxxxxxxyXXXXXXX,orb_1196,YXXXXXXXyxxxxxx,YYXXXXXYxxxxxxyyx,32,
aca_96,unsolved,YXXYxxyX,YYYYYYYXyyyyyyx,yxY,y,0,2,yxxyyyyyyXYYYYYXX,YxxYxyXX,orb_0895,YXXYxxyX,YYYYYYXyyyyyXXYxx,25,
aca_96,unsolved,YXXYxxyX,YYYYYYYXyyyyyyx,yyy,y,1,4,yyXYYXyyXYYxxyyxYYX,YXyyxYYXyyxYYXyyxYY,orb_1397,YYXXYxxyXXyxxyXXyxx,YXXyxxYXXyxxYXXXyxx,38,
aca_96,unsolved,YXXYxxyX,YYYYYYYXyyyyyyx,yyyyyy,y,1,2,yXYXyXYxxyxYX,YXyxYXyxYXyxYXyxYXyxYXyxY,orb_1392,YXyXYXyXYxxyx,YYXyxYXyxYXyxYXyxYXyxYXyx,38,
aca_97,unsolved,YXXXYxx,YYYYYYYYXyyyyyyyx,Xy,x,1,2,XXXXXXXXXyXXyXXyxxxxxxYXXXXXXYxxxxxxxx,YXXXXXXXXyxxxxxxx,orb_1353,YXXXXXXXXyxxxxxxx,YYYXyXXXXXXXXyxxxxxx,37,
aca_97,unsolved,YXXXYxx,YYYYYYYYXyyyyyyyx,Xy,y,0,2,XyxxyxxyxxyxxyxxyxxyxxyxxxyXXXYXXYXXYXXYXXYXXYxx,YXXXXYx,orb_0999,YXXXYxx,YYYYYYYYxYXXXyyyyyyx,27,
aca_97,unsolved,YXXXYxx,YYYYYYYYXyyyyyyyx,xx,x,0,2,XXXXXXXXyxYxxxxxxxyXY,YXyXYXyXY,orb_1150,YXYxYXXYx,YYYYYYYYXYxyyyyyyyXyx,30,
aca_97,unsolved,YXXXYxx,YYYYYYYYXyyyyyyyx,xy,x,1,2,YXXXXXXXYYXyyxxxxxxx,YXXXXXXXyxxxxxxxx,orb_1341,YXXXXXXXXyxxxxxxx,YYXXXXXXXYxxxxxxxyyX,37,
aca_97,unsolved,YXXXYxx,YYYYYYYYXyyyyyyyx,xy,y,0,2,xxyyyyyyyXXYxxYYYYYYYX,YxxxYXX,orb_0996,YXXXYxx,YYYYYYYXXYxxyyyyyyyX,27,
aca_97,unsolved,YXXXYxx,YYYYYYYYXyyyyyyyx,yX,x,1,2,YxxxxxxxyyyXYXXXXXXX,YxxxxxxxxyXXXXXXX,orb_1351,YXXXXXXXXyxxxxxxx,YYYXXXXXXXyxxxxxxxyx,37,
aca_97,unsolved,YXXXYxx,YYYYYYYYXyyyyyyyx,yX,y,0,2,YxxxyxxyxxyxxyxxyxxyxxyXYXXYXXYXXYXXYXXYXXYXXX,YxYXXXX,orb_0997,YXXXYxx,YYYYYYYXyyyyyyyXyxxx,27,
aca_97,unsolved,YXXXYxx,YYYYYYYYXyyyyyyyx,yx,x,1,2,xxxxxxxYxxYXXXXXXYxxxxxxyXXyXXXXXXXX,YxxxxxxxyXXXXXXXX,orb_1347,YXXXXXXXXyxxxxxxx,YYXyyXXXXXXXXyxxxxxx,37,
aca_97,unsolved,YXXXYxx,YYYYYYYYXyyyyyyyx,yx,y,0,2,XXyyyyyyyyXYYYYYYxxy,YXXYxxx,orb_0998,YXXXYxx,YYYYYYYYXXYxxyyyyyyX,27,
aca_97,unsolved,YXXXYxx,YYYYYYYYXyyyyyyyx,yy,y,1,7,xYYYYXyyyXXYYYYXyyyxx,YYYYxyyyyXYYYxyyyyX,orb_1424,YXXXXyxxxYXXXXyxxxx,YYYXXXXyxxxyyXXXXyxxx,40,
aca_97,unsolved,YXXXYxx,YYYYYYYYXyyyyyyyx,yyyyyyy,y,1,2,yXYXXyXYxxx,YXyxYXyxYXyxYXyxYXyxYXyxYXyxY,orb_1427,YXXyXYxxxyX,YYXyxYXyxYXyxYXyxYXyxYXyxYXyx,40,
aca_98,unsolved,YXXXyxx,YYYYYYYYXyyyyyyyx,Xy,x,1,2,XXXXXXXXXyXXyxxxxxxyXXXXXXYxxYxxxxxxxx,YXXXXXXXXyxxxxxxx,orb_1348,YXXXXXXXXyxxxxxxx,YYXyyXXXXXXYxxxxxxxx,37,
aca_98,unsolved,YXXXyxx,YYYYYYYYXyyyyyyyx,Xy,y,0,2,XXYYYYYYYYxxyXXyyyyyyxxx,YXXXyxx,orb_1005,YXXXyxx,YYYYYYYYXXyxxyyyyyyX,27,
aca_98,unsolved,YXXXyxx,YYYYYYYYXyyyyyyyx,xx,x,0,2,XXXXXXXXyxYxxxxxxxyXY,YxyXYxyXY,orb_1156,YXyxYXXyx,YYYYYYYYXyxyyyyyyyXYx,30,
aca_98,unsolved,YXXXyxx,YYYYYYYYXyyyyyyyx,xy,x,1,2,YXXXXXXXYYxyyxxxxxxx,YXXXXXXXyxxxxxxxx,orb_1342,YXXXXXXXXyxxxxxxx,YYXXXXXXXYxxxxxxxyyx,37,
aca_98,unsolved,YXXXyxx,YYYYYYYYXyyyyyyyx,xy,y,0,2,xxYYYYYYYXXYxxyyyyyyyX,YxxxyXX,orb_1003,YXXXyxx,YYYYYYYXXYxxyyyyyyyx,27,
aca_98,unsolved,YXXXyxx,YYYYYYYYXyyyyyyyx,yX,x,1,2,YxxxxxxxyyyxYXXXXXXX,YxxxxxxxxyXXXXXXX,orb_1350,YXXXXXXXXyxxxxxxx,YYYXXXXXXXyxxxxxxxyX,37,
aca_98,unsolved,YXXXyxx,YYYYYYYYXyyyyyyyx,yX,y,0,2,YxYXXYXXYXXYXXYXXYXXYXyxxyxxyxxyxxyxxyxxyX,YxxxyXX,orb_1004,YXXXyxx,YYYYYYYXyyyyyyyXYxxx,27,
aca_98,unsolved,YXXXyxx,YYYYYYYYXyyyyyyyx,yx,x,1,2,xxxxxxxYxxYxxYXXXXXXyxxxxxxyXXXXXXXX,YxxxxxxxyXXXXXXXX,orb_1354,YXXXXXXXXyxxxxxxx,YYYXyxxxxxxxxyXXXXXX,37,
aca_98,unsolved,YXXXyxx,YYYYYYYYXyyyyyyyx,yx,y,0,2,XYxxYxxYxxYxxYxxYxxYxxYXyXXyXXyXXyXXyXXyxy,YXXXyxx,orb_1006,YXXXyxx,YYYYYYYYXyyyyyyxxxyX,27,
aca_98,unsolved,YXXXyxx,YYYYYYYYXyyyyyyyx,yy,y,1,7,xYYYYXyyyXXXYYYxyyyyx,YYYYxyyyyXYYYxyyyyX,orb_1425,YXXXXyxxxYXXXXyxxxx,YYYXXXYxxxxyyXXXXyxxx,40,
aca_98,unsolved,YXXXyxx,YYYYYYYYXyyyyyyyx,yyyyyyy,y,1,2,yXYXXXyxYxx,YXyxYXyxYXyxYXyxYXyxYXyxYXyxY,orb_1428,YXXyXYxxxyx,YYXyxYXyxYXyxYXyxYXyxYXyxYXyx,40,
aca_99,unsolved,YYXXXYxx,YYYYYYYYXyyyyyyyx,Xy,x,1,2,XXXXXXXXXXyXXyXXyxxxxxxYXXXXXXYxxxxxxxx,YXXXXXXXXyxxxxxxx,orb_1387,YXXXXXXXXyxxxxxxx,YYYXXyXXXXXXXXyxxxxxx,38,
aca_99,unsolved,YYXXXYxx,YYYYYYYYXyyyyyyyx,xx,x,0,2,XXXXXXXXyxxYxxxxxxxyXXY,YXyXXYXyXXY,orb_1282,YYXXyXYXXyX,YXXyXXXXXXXYxxyxxxxxxxx,34,
aca_99,unsolved,YYXXXYxx,YYYYYYYYXyyyyyyyx,xy,x,1,2,XYXXXXXXXYYXyyxxxxxxx,YXXXXXXXyxxxxxxxx,orb_1309,YXXXXXXXXyxxxxxxx,YYXXXXXXyxxxxxxxyyx,36,
aca_99,unsolved,YYXXXYxx,YYYYYYYYXyyyyyyyx,yX,x,1,2,YxxxxxxyyyXYXXXXXXX,YxxxxxxxxyXXXXXXX,orb_1316,YXXXXXXXXyxxxxxxx,YYYXXXXXXyxxxxxxxyx,36,
aca_99,unsolved,YYXXXYxx,YYYYYYYYXyyyyyyyx,yx,x,1,2,xxxxxxYxxYXXXXXXYxxxxxxyXXyXXXXXXXX,YxxxxxxxyXXXXXXXX,orb_1374,YXXXXXXXXyxxxxxxx,YYXXyyXXXXXXXXyxxxxxx,38,
aca_99,unsolved,YYXXXYxx,YYYYYYYYXyyyyyyyx,yy,y,0,8,YYYYXyyyxxYXX,YxxYXYXXX,orb_0680,YXXYxYxxx,YYYYxyyyXXYxx,22,
aca_99,unsolved,YYXXXYxx,YYYYYYYYXyyyyyyyx,yy,y,1,8,YXXYYYYXyyyxx,YYYYxyyyyXYYYxyyyyX,orb_1225,YYXXXyxxxxyyx,YXXXyxxxxYXXXXyxxxx,32,
aca_99,unsolved,YYXXXYxx,YYYYYYYYXyyyyyyyx,xyy,x,1,2,YXXXXXXYxYXyXyxxxxxx,YXXXXXXXyxxxxxxxx,orb_1309,YXXXXXXXXyxxxxxxx,YYXXXXXXyxxxxxxxyyx,36,
aca_99,unsolved,YYXXXYxx,YYYYYYYYXyyyyyyyx,xyy,y,0,2,xxyyyyyyXXYxxYYYYYYYX,YxxxYYXX,orb_1030,YYXXXYxx,YYYYYYYXXYxxyyyyyyX,27,
aca_99,unsolved,YYXXXYxx,YYYYYYYYXyyyyyyyx,yyX,x,1,2,YxxxxxxyXyXyXYXXXXXX,YxxxxxxxxyXXXXXXX,orb_1316,YXXXXXXXXyxxxxxxx,YYYXXXXXXyxxxxxxxyx,36,
aca_99,unsolved,YYXXXYxx,YYYYYYYYXyyyyyyyx,yyX,y,0,2,YxxxyxxyxxyxxyxxyxxyXYXXYXXYXXYXXYXXYXXYXXX,YxYXXYXXXX,orb_1033,YYXXXYxx,YYYYYYYxyyyyyyXXXYx,27,
aca_99,unsolved,YYXXXYxx,YYYYYYYYXyyyyyyyx,yyyyyyy,y,1,2,yXYxyXYXXyXYxxx,YXyxYXyxYXyxYXyxYXyxYXyxYXyxY,orb_1478,YXyXXYXyxYXyxxx,YYxyXYxyXYxyXYxyXYxyXYxyXYxyX,44,
aca_100,unsolved,YYXXXyxx,YYYYYYYXXyXyXyXyx,xx,x,0,3,XXXXXXXYxyxxxxxxYxyXXY,YxyXXYxyXXY,orb_1252,YXXYxxyXYxxyX,YXXyXXXXXyxYxxxxxxyx,33,
aca_100,unsolved,YYXXXyxx,YYYYYYYXXyXyXyXyx,yy,y,0,4,YYYxxYXXyyyyX,YxxxyxyXX,orb_0674,YXXXyXyxx,YYYYXXyxxyyyX,22,
aca_100,unsolved,YYXXXyxx,YYYYYYYXXyXyXyXyx,xyy,y,0,2,xxYYYYYXXYxyXyXyXyX,YxxxyyXX,orb_0932,YYXXXyxx,YYYYYXXYxyXyXyXyx,25,
aca_100,unsolved,YYXXXyxx,YYYYYYYXXyXyXyXyx,yyX,y,0,2,YxYXXYXXYXXYXXYXXyxyxyxyX,YxxxyxxyXX,orb_1036,YYXXXyxx,YYYYYXXyXyXyXyXYxxx,27,
aca_100,unsolved,YYXXXyxx,YYYYYYYXXyXyXyXyx,xxyy,y,0,2,xxYxYxYxYxYXYxyXXyXXyXXyX,YxxxyXyXX,orb_0932,YYXXXyxx,YYYYYXXYxyXyXyXyx,25,
aca_101,unsolved,YXXXYxYx,YYYYYYYYXyyyyyyyx,Xy,x,1,3,XXXXXXXXXyXXyXXyxxxxxxYY,YXXXXXXXXyxxxxxxx,orb_1398,YXXXXXXXXyxxxxxxx,YYYXXXXXXXXXyXXyxxxxxx,39,
aca_101,unsolved,YXXXYxYx,YYYYYYYYXyyyyyyyx,Xy,y,0,3,yyxxxyyxxxyyxxxyyxxxyyxxxyyxxxyyxxxyyxxxyXXXYYXXXYYXXXYYXXXYYXXXYYXXXYYx,YXXXXYY,orb_1564,YYYXXXX,YYXXXYYXXXYYXXXYYXXXYYXXXYYXXXYYXXXYYXXXYxxxyyxxxyyxxxyyxxxyyxxxyyxxxyyX,79,
aca_101,unsolved,YXXXYxYx,YYYYYYYYXyyyyyyyx,xy,x,1,2,YXXXXXXXYYXyXyxxxxxxx,YXXXXXXXyxxxxxxxx,orb_1366,YXXXXXXXXyxxxxxxx,YYXXXXXXXYxxxxxxxyXyX,38,
aca_101,unsolved,YXXXYxYx,YYYYYYYYXyyyyyyyx,yX,x,1,3,YxxxxxxxyyyXXXXXXXXY,YxxxxxxxxyXXXXXXX,orb_1352,YXXXXXXXXyxxxxxxx,YYYXXXXXXXyyxxxxxxxx,37,
aca_101,unsolved,YXXXYxYx,YYYYYYYYXyyyyyyyx,yX,y,0,3,YxxxyyxxxyyxxxyyxxxyyxxxyyxxxyyxxxyyXYYXXXYYXXXYYXXXYYXXXYYXXXYYXXXYYXXX,YYYXXXX,orb_1565,YYYXXXX,YYXXXYYXXXYYXXXYYXXXYYXXXYYXXXYYXXXYxxxyyxxxyyxxxyyxxxyyxxxyyxxxyyxxxyyX,79,
aca_101,unsolved,YXXXYxYx,YYYYYYYYXyyyyyyyx,yx,x,1,2,xxxxxxxYxxYXXXXXXYxxxxxxyXXXyXXXXXXXX,YxxxxxxxyXXXXXXXX,orb_1380,YXXXXXXXXyxxxxxxx,YYXyXyxxxxxxYXXXXXXXX,38,
aca_101,unsolved,YXXXYxYx,YYYYYYYYXyyyyyyyx,yy,y,1,7,xYYYYXyyyXXYYYYXyyyxxYYYYXyyyx,YYYYxyyyyXYYYxyyyyX,orb_1504,YXXXXyxxxYXXXXyxxxx,YYXXXYxxxxyyXXXYxxxxyyXXXYxxxx,49,
aca_101,unsolved,YXXXYxYx,YYYYYYYYXyyyyyyyx,yyyyyyy,y,1,2,yXYXXyXYxxyXYxx,YXyxYXyxYXyxYXyxYXyxYXyxYXyxY,orb_1473,YXXyXYxxyXYxxyX,YYXyxYXyxYXyxYXyxYXyxYXyxYXyx,44,
aca_102,unsolved,YXXXyxYx,YYYYYYYYxyyyyyyyX,Xy,x,1,3,XXXXXXXXyyxxxxxxxyXXXXXXXYxxxxxxxY,YXXXXXXXyxxxxxxxx,orb_1523,YXXXXXXXXyxxxxxxx,YYXXXXXXXYxxxxxxxyXXXXXXXyxxxxxxxx,51,
aca_102,unsolved,YXXXyxYx,YYYYYYYYxyyyyyyyX,Xy,y,0,3,yXYxxyXYxxyXYxxyXYxxyXYxxyXYxxyXYxxYXXyxYXXyxYXXyxYXXyxYXXyxYXXyxYXXyxYX,YXXXyxY,orb_1559,YXXXyXXyx,YYxxyXYxxyXYxxyXYxxyXYxxyXYxxyXYxxyXYxyxYXXyxYXXyxYXXyxYXXyxYXXyxYXXyx,79,
aca_102,unsolved,YXXXyxYx,YYYYYYYYxyyyyyyyX,xy,x,1,2,YXXXXXXYxxYxyXXXyxxxxxx,YXXXXXXXXyxxxxxxx,orb_1384,YXXXXXXXXyxxxxxxx,YYXyxyXXXXXXYxxxxxxxx,38,
aca_102,unsolved,YXXXyxYx,YYYYYYYYxyyyyyyyX,yX,x,1,3,YxxxxxxyXXyXXyXXXXXXXY,YxxxxxxxyXXXXXXXX,orb_1349,YXXXXXXXXyxxxxxxx,YYYXXXXXXXyXXyxxxxxx,37,
aca_102,unsolved,YXXXyxYx,YYYYYYYYxyyyyyyyX,yX,y,0,3,YYXXXYYXXXYYXXXYYXXXYYXXXYYXXXYYXXXYYxyyxxxyyxxxyyxxxyyxxxyyxxxyyy,YxxxyyX,orb_1549,YYXXXyx,YYXyyxxxyyxxxyyxxxyyxxxyyxxxyyxxxyyxxxYXXXYYXXXYYXXXYYXXXYYXXX,69,
aca_102,unsolved,YXXXyxYx,YYYYYYYYxyyyyyyyX,yx,x,1,2,xxxxxxYYYXXXXXXXyxxxxxxyXXXXXXX,YxxxxxxxxyXXXXXXX,orb_1314,YXXXXXXXXyxxxxxxx,YYYXXXXXXXyxxxxxxyX,36,
aca_102,unsolved,YXXXyxYx,YYYYYYYYxyyyyyyyX,yy,y,1,7,XYYYYxyyyXXXYYYXyyyyxYYYYxyyyx,YYYYXyyyyxYYYXyyyyx,orb_1448,YXXXXyxxxYXXXXyxxxx,YYYXXXYxxxxyXXXXyXyxxx,41,
aca_102,unsolved,YXXXyxYx,YYYYYYYYxyyyyyyyX,yxY,x,1,2,xxxxxYXYXYXXXXXXXyxxxxxxxyXXXXXX,YxxxxxxxxyXXXXXXX,orb_1314,YXXXXXXXXyxxxxxxx,YYYXXXXXXXyxxxxxxyX,36,
aca_102,unsolved,YXXXyxYx,YYYYYYYYxyyyyyyyX,yxY,y,0,2,YXYxxYxxYxxYxxYxxYxxYxyXXyXXyXXyXXyXXyx,YXXXyxYxxx,orb_1002,YXXXyxYx,YYYYYYYxyyyyyyxYXXX,27,
aca_102,unsolved,YXXXyxYx,YYYYYYYYxyyyyyyyX,yyyyyyy,y,1,2,yxYXXXyXYxyxY,YxyXYxyXYxyXYxyXYxyXYxyXYxyXY,orb_1435,YXyXXXYxxyx,YYXyxYXyxYXyxYXyxYXyxYXyxYXyx,40,
aca_103,unsolved,YXyXYxxx,YYYYYYYYXyyyyyyyx,Xy,x,1,3,XyXXXXXXXXyxxxxxxYXXXXXXYxxYxxxxxxxx,YXXXXXXXXyxxxxxxx,orb_1501,YXXXXXXXXyxxxxxxx,YYXXXXXXXyxxxxxxyXXXXXXYxxxxxxxx,49,
aca_103,unsolved,YXyXYxxx,YYYYYYYYXyyyyyyyx,Xy,y,0,3,XXyxYXXyxYXXyxYXXyxYXXyxYXXyxYXXyxYXXyxyXYxxyXYxxyXYxxyXYxxyXYxxyXYxxx,YXyXYxx,orb_1554,YXXYx,YYYXyxYYXyxYYXyxYYXyxYYXyxYYXyxYXYxyyXYxyyXYxyyXYxyyXYxyyXYxyyXYxyyX,73,
aca_103,unsolved,YXyXYxxx,YYYYYYYYXyyyyyyyx,xy,x,1,2,YXXXXXXYXyyyxxxxxxx,YXXXXXXXyxxxxxxxx,orb_1315,YXXXXXXXXyxxxxxxx,YYYXXXXXXXyxxxxxxyx,36,
aca_103,unsolved,YXyXYxxx,YYYYYYYYXyyyyyyyx,yX,x,1,3,YxxxxxxxyXXXXXXXyxxxxxxYYXXXXXXX,YxxxxxxxxyXXXXXXX,orb_1497,YXXXXXXXXyxxxxxxx,YYXXXXXXXYxxxxxxxyXXXXXXXyxxxxxx,49,
aca_103,unsolved,YXyXYxxx,YYYYYYYYXyyyyyyyx,yX,y,0,3,YYxyXXYxyXXYxyXXYxyXXYxyXXYxyXXYxyXYXyxxYXyxxYXyxxYXyxxYXyxxYXyxxYXy,YxxYXyX,orb_1555,YXXYx,YYYXyxYYXyxYYXyxYYXyxYYXyxYYXyxYYXyxYXYxyyXYxyyXYxyyXYxyyXYxyyXYxyyX,73,
aca_103,unsolved,YXyXYxxx,YYYYYYYYXyyyyyyyx,yx,x,1,2,xxxxxxxYXXXXXYxxxxxxyXXyXXyXXXXXXXX,YxxxxxxxyXXXXXXXX,orb_1318,YXXXXXXXXyxxxxxxx,YYYXyXXXXXXXyxxxxxx,36,
aca_103,unsolved,YXyXYxxx,YYYYYYYYXyyyyyyyx,yy,y,1,7,xYYYYXyyyXYYYxyyyyXYYYYXyyyxxx,YYYYxyyyyXYYYxyyyyX,orb_1509,YXXXXyxxxYXXXXyxxxx,YYYYXXXXyxxxyXXXYxxxxyXXXXyxxx,49,
aca_103,unsolved,YXyXYxxx,YYYYYYYYXyyyyyyyx,Yxy,x,1,2,YXXXXXXXYXyxyxyxxxxxxx,YXXXXXXXyxxxxxxxx,orb_1315,YXXXXXXXXyxxxxxxx,YYYXXXXXXXyxxxxxxyx,36,
aca_103,unsolved,YXyXYxxx,YYYYYYYYXyyyyyyyx,Yxy,y,0,2,xyXXyXXyXXyXXyXXyXXyXXXYxxxYxxYxxYxxYxxYxxY,YxyxYX,orb_1018,YXyXYxxx,YYYYYYYXXXyxyyyyyyx,27,
aca_103,unsolved,YXyXYxxx,YYYYYYYYXyyyyyyyx,yxY,x,1,2,xxxxxxYXXXXXXYxxxxxxyXyXyXXXXXXX,YxxxxxxxyXXXXXXXX,orb_1318,YXXXXXXXXyxxxxxxx,YYYXyXXXXXXXyxxxxxx,36,
aca_103,unsolved,YXyXYxxx,YYYYYYYYXyyyyyyyx,yxY,y,0,2,yXXXyXXyXXyXXyXXyXXyXXyXYxxYxxYxxYxxYxxYxxx,YXYxyx,orb_1019,YXyXYxxx,YYYYYYYXYxxxyyyyyyX,27,
aca_103,unsolved,YXyXYxxx,YYYYYYYYXyyyyyyyx,yyyyyyy,y,1,2,yXYXyxYXyXYxxxx,YXyxYXyxYXyxYXyxYXyxYXyxYXyxY,orb_1483,YXyXYxxxxyXYXyx,YYXyxYXyxYXyxYXyxYXyxYXyxYXyx,44,
aca_104,unsolved,YXXXyxYx,YYYYYYYYXyyyyyyyx,Xy,x,1,3,XXXXXXXXXyXXyxxxxxxyXXXXXXYxxxxxxxxY,YXXXXXXXXyxxxxxxx,orb_1522,YXXXXXXXXyxxxxxxx,YYXXXXXXXXXyxxxxxxyXXXXXXYxxxxxxxx,51,
aca_104,unsolved,YXXXyxYx,YYYYYYYYXyyyyyyyx,Xy,y,0,3,yXYxxyXYxxyXYxxyXYxxyXYxxyXYxxyXYxxyXYxxyXXyxYXXyxYXXyxYXXyxYXXyxYXXyxYx,YXXXyxY,orb_1558,YXXXyXXyx,YYxxyXYxxyXYxxyXYxxyXYxxyXYxxyXYxxyXYxxyXYxyxYXXyxYXXyxYXXyxYXXyxYXXyx,79,
aca_104,unsolved,YXXXyxYx,YYYYYYYYXyyyyyyyx,xy,x,1,2,YXXXXXXXYYxyXyxxxxxxx,YXXXXXXXyxxxxxxxx,orb_1367,YXXXXXXXXyxxxxxxx,YYXXXXXXXYxxxxxxxyXyx,38,
aca_104,unsolved,YXXXyxYx,YYYYYYYYXyyyyyyyx,yX,x,1,3,YxxxxxxxyyyXXXXXXY,YxxxxxxxxyXXXXXXX,orb_1291,YXXXXXXXXyxxxxxxx,YYYXXXXXXXyyxxxxxx,35,
aca_104,unsolved,YXXXyxYx,YYYYYYYYXyyyyyyyx,yX,y,0,3,YYYXXXYYXXXYYXXXYYXXXYYXXXYYXXXYYXyyxxxyyxxxyyxxxyyxxxyyxxxyyxxxyy,YxxxyyX,orb_1548,YYXXXyx,YYXyyxxxyyxxxyyxxxyyxxxyyxxxyyxxxYXXXYYXXXYYXXXYYXXXYYXXXYYXXX,69,
aca_104,unsolved,YXXXyxYx,YYYYYYYYXyyyyyyyx,yx,x,1,2,xxxxxxxYxxYxxYXXXXXXyxxxxxyXXXXXXXX,YxxxxxxxyXXXXXXXX,orb_1320,YXXXXXXXXyxxxxxxx,YYYXyxxxxxxxyXXXXXX,36,
aca_104,unsolved,YXXXyxYx,YYYYYYYYXyyyyyyyx,yy,y,1,7,xYYYYXyyyXXXYYYxyyyyxYYYYXyyyx,YYYYxyyyyXYYYxyyyyX,orb_1508,YXXXXyxxxYXXXXyxxxx,YYYXXXYxxxxyyXXXYxxxxyXXXXyxxx,49,
aca_104,unsolved,YXXXyxYx,YYYYYYYYXyyyyyyyx,yxY,x,1,2,xxxxxxYxYxYXXXXXXyxxxxxxyXXXXXXX,YxxxxxxxyXXXXXXXX,orb_1320,YXXXXXXXXyxxxxxxx,YYYXyxxxxxxxyXXXXXX,36,
aca_104,unsolved,YXXXyxYx,YYYYYYYYXyyyyyyyx,yxY,y,0,2,yXYxxYxxYxxYxxYxxYxxYXyXXyXXyXXyXXyXXyx,YXXXyxYxxx,orb_1001,YXXXyxYx,YYYYYYYXyyyyyyxxxyX,27,
aca_104,unsolved,YXXXyxYx,YYYYYYYYXyyyyyyyx,yyyyyyy,y,1,2,yXYXXXyxYxyXYxx,YXyxYXyxYXyxYXyxYXyxYXyxYXyxY,orb_1477,YXyXXXYxyxYXyxx,YYXyxYXyxYXyxYXyxYXyxYXyxYXyx,44,
aca_105,unsolved,YYXXXYxx,YYYYYYYYxyyyyyyyX,Xy,x,1,2,XXXXXXXXXyyyxxxxxxxYXXXXXXXYxxxxxxx,YXXXXXXXyxxxxxxxx,orb_1386,YXXXXXXXXyxxxxxxx,YYYXXXXXXXyxxxxxxxyxx,38,
aca_105,unsolved,YYXXXYxx,YYYYYYYYxyyyyyyyX,xx,x,0,2,XXXXXXXXXyXXYxxxxxxxyxxYx,YXyXXYXyXXY,orb_1281,YYXXyXYXXyX,YXXyXXXXXXXXYxxyxxxxxxx,34,
aca_105,unsolved,YYXXXYxx,YYYYYYYYxyyyyyyyX,xy,x,1,2,XYXXXXXXYxxYXyXXyxxxxxx,YXXXXXXXXyxxxxxxx,orb_1310,YXXXXXXXXyxxxxxxx,YYXyyXXXXXXXXyxxxxx,36,
aca_105,unsolved,YYXXXYxx,YYYYYYYYxyyyyyyyX,yX,x,1,2,YxxxxxyXXyXXyXYXXXXXX,YxxxxxxxyXXXXXXXX,orb_1317,YXXXXXXXXyxxxxxxx,YYYXyXXXXXXXXyxxxxx,36,
aca_105,unsolved,YYXXXYxx,YYYYYYYYxyyyyyyyX,yx,x,1,2,xxxxxYYXXXXXXXYxxxxxxxyyXXXXXXX,YxxxxxxxxyXXXXXXX,orb_1368,YXXXXXXXXyxxxxxxx,YYXXXXXXXYxxxxxxxyyXX,38,
aca_105,unsolved,YYXXXYxx,YYYYYYYYxyyyyyyyX,yy,y,0,8,YYYYxyyyxxYXXXX,YxxYXYXXX,orb_0820,YXXYxYxxx,YYYYXyyyXXYxxxx,24,
aca_105,unsolved,YYXXXYxx,YYYYYYYYxyyyyyyyX,yy,y,1,8,YXXXXYYYYxyyyxx,YYYYXyyyyxYYYXyyyyx,orb_1290,YYYYXXXXYxxyyyx,YYYYXyyyyxYYYYXyyyx,34,
aca_105,unsolved,YYXXXYxx,YYYYYYYYxyyyyyyyX,xyy,x,1,2,YXXXXXYxxxYXyXXXyxxxxx,YXXXXXXXXyxxxxxxx,orb_1310,YXXXXXXXXyxxxxxxx,YYXyyXXXXXXXXyxxxxx,36,
aca_105,unsolved,YYXXXYxx,YYYYYYYYxyyyyyyyX,xyy,y,0,2,xxyyyyyyyyXXyxxYYYYYXXX,YxxxYYXX,orb_1031,YYXXXYxx,YYYYYYYYXXYxxyyyyyX,27,
aca_105,unsolved,YYXXXYxx,YYYYYYYYxyyyyyyyX,yyX,x,1,2,YxxxxxyXXXyXXXyXYXXXXX,YxxxxxxxyXXXXXXXX,orb_1317,YXXXXXXXXyxxxxxxx,YYYXyXXXXXXXXyxxxxx,36,
aca_105,unsolved,YYXXXYxx,YYYYYYYYxyyyyyyyX,yyX,y,0,2,xxxyxxyxxyxxyxxyxxyxxyxxyxYXXYXXYXXYXXYXXXy,YxYXXYXXXX,orb_1032,YYXXXYxx,YYYYYYYYxyyyyyXXXYx,27,
aca_105,unsolved,YYXXXYxx,YYYYYYYYxyyyyyyyX,yyyyyyy,y,1,2,yxYXyxYXXXXyxYx,YxyXYxyXYxyXYxyXYxyXYxyXYxyXY,orb_1481,YXyXYXyxYXyxxxx,YYXyxYXyxYXyxYXyxYXyxYXyxYXyx,44,
aca_106,unsolved,YYXXXyxx,YYYYYYYYxyyyyyyyX,Xy,x,1,2,XXXXXXXXXyyxxxxxxxyXXXXXXXYYxxxxxxx,YXXXXXXXyxxxxxxxx,orb_1369,YXXXXXXXXyxxxxxxx,YYXXXXXXXYxxxxxxxyyxx,38,
aca_106,unsolved,YYXXXyxx,YYYYYYYYxyyyyyyyX,xx,x,0,2,XXXXXXXyXXYxxxxxxxyxxYX,YxyXXYxyXXY,orb_1283,YYXXyxYXXyx,YXXyXXXXXXXXYxxyxxxxxxx,34,
aca_106,unsolved,YYXXXyxx,YYYYYYYYxyyyyyyyX,xy,x,1,2,XYXXXXXXYxxYxyXXyxxxxxx,YXXXXXXXXyxxxxxxx,orb_1313,YXXXXXXXXyxxxxxxx,YYXyyXXXXXYxxxxxxxx,36,
aca_106,unsolved,YYXXXyxx,YYYYYYYYxyyyyyyyX,yX,x,1,2,YxxxxxyXXyXXyxYXXXXXX,YxxxxxxxyXXXXXXXX,orb_1319,YXXXXXXXXyxxxxxxx,YYYXyxxxxxxxxyXXXXX,36,
aca_106,unsolved,YYXXXyxx,YYYYYYYYxyyyyyyyX,yx,x,1,2,xxxxxYYYXXXXXXXyxxxxxxxyXXXXXXX,YxxxxxxxxyXXXXXXX,orb_1385,YXXXXXXXXyxxxxxxx,YYYXXXXXXXyxxxxxxxyXX,38,
aca_106,unsolved,YYXXXyxx,YYYYYYYYxyyyyyyyX,yy,y,0,8,YYYYxyyyxxxyXXX,YxxxyxyXX,orb_0818,YXXXyXyxx,YYYYXyyyXXXyxxx,24,
aca_106,unsolved,YYXXXyxx,YYYYYYYYxyyyyyyyX,yy,y,1,8,YXXXYYYXyyyyxxx,YYYYXyyyyxYYYXyyyyx,orb_1289,YYYXXXYxxxxyyyX,YXXXXyxxxYXXXXyxxxx,34,
aca_106,unsolved,YYXXXyxx,YYYYYYYYxyyyyyyyX,xyy,x,1,2,YXXXXXYxxxYxyXXXyxxxxx,YXXXXXXXXyxxxxxxx,orb_1313,YXXXXXXXXyxxxxxxx,YYXyyXXXXXYxxxxxxxx,36,
aca_106,unsolved,YYXXXyxx,YYYYYYYYxyyyyyyyX,xyy,y,0,2,xxYYYYYYYYXXyxxyyyyyXXX,YxxxyyXX,orb_1037,YYXXXyxx,YYYYYYYYXXyxxyyyyyX,27,
aca_106,unsolved,YYXXXyxx,YYYYYYYYxyyyyyyyX,yyX,x,1,2,YxxxxxyXXXyXXXyxYXXXXX,YxxxxxxxyXXXXXXXX,orb_1319,YXXXXXXXXyxxxxxxx,YYYXyxxxxxxxxyXXXXX,36,
aca_106,unsolved,YYXXXyxx,YYYYYYYYxyyyyyyyX,yyX,y,0,2,xYXXYXXYXXYXXYXXYXXYXXYxyxxyxxyxxyxxyXy,YxxxyxxyXX,orb_1038,YYXXXyxx,YYYYYYYYxyyyyyXXXyx,27,
aca_106,unsolved,YYXXXyxx,YYYYYYYYxyyyyyyyX,yyyyyyy,y,1,2,yxYXyxYXXXyXYxx,YxyXYxyXYxyXYxyXYxyXYxyXYxyXY,orb_1476,YXyXXXYxyXYxyxx,YYXyxYXyxYXyxYXyxYXyxYXyxYXyx,44,
aca_107,unsolved,YXXyXyxx,YYYYYYYYxyyyyyyyX,Xy,x,1,3,XXXXXXXXyxxxxxxxyyXXXXXXXYYxxxxxxx,YXXXXXXXyxxxxxxxx,orb_1343,YXXXXXXXXyxxxxxxx,YYXXXXXXXyyXYxxxxxxx,37,
aca_107,unsolved,YXXyXyxx,YYYYYYYYxyyyyyyyX,Xy,y,0,3,XXYYXYYXYYXYYXYYXYYXYYxYXyyxyyxyyxyyxyyxyyxyyx,YXXyyxx,orb_1249,YXXYXXyxxyx,YYYYYYYxxyxYXXyyyyyyXX,33,
aca_107,unsolved,YXXyXyxx,YYYYYYYYxyyyyyyyX,xx,x,0,2,XXXXXXXyXYxxxxxxxyxYX,YxyXYxxyXYx,orb_1191,YYXyxYXXyx,YXXXXXXXyXYxxxxxxxxyx,31,
aca_107,unsolved,YXXyXyxx,YYYYYYYYxyyyyyyyX,xy,x,1,2,YXXXXXXYxxxYxyXXyxxxxxx,YXXXXXXXXyxxxxxxx,orb_1381,YXXXXXXXXyxxxxxxx,YYXyXyxxxxxxxxyXXXXXX,38,
aca_107,unsolved,YXXyXyxx,YYYYYYYYxyyyyyyyX,yX,x,1,3,YxxxxxxyXXyXXXXXXXXyxxxxxxxxxYXXXXXX,YxxxxxxxyXXXXXXXX,orb_1526,YXXXXXXXXyxxxxxxx,YYXXXXXXYxxxxxxxxxyXXXXXXXXyxxxxxx,51,
aca_107,unsolved,YXXyXyxx,YYYYYYYYxyyyyyyyX,yX,y,0,3,xYXXyxYXXyxYXXyxYXXyxYXXyxYXXyxYXXyxYXXyxYxxyXYxxyXYxxyXYxxyXYxxyXYxxyXy,YYxxyXX,orb_1560,YXXyXyxx,YYxyXXYxyXXYxyXXYxyXXYxyXXYxyXXYxyXXYxyXXYxyxxYXyxxYXyxxYXyxxYXyxxYXyxx,79,
aca_107,unsolved,YXXyXyxx,YYYYYYYYxyyyyyyyX,yx,x,1,2,xxxxxxYYxYXXXXXXXyxxxxxxxyXXXXXXX,YxxxxxxxxyXXXXXXX,orb_1377,YXXXXXXXXyxxxxxxx,YYXYxxxxxxxyXXXXXXXyx,38,
aca_107,unsolved,YXXyXyxx,YYYYYYYYxyyyyyyyX,yy,y,1,7,XYYYYxyyyXXYYYXyXyyyyxxx,YYYYXyyyyxYYYXyyyyx,orb_1446,YXXXXyxxxYXXXXyxxxx,YYXXXYxYxxxxyyXXXXyxxx,41,
aca_107,unsolved,YXXyXyxx,YYYYYYYYxyyyyyyyX,yyyyyyy,y,1,2,yxYXXyXXYxx,YxyXYxyXYxyXYxyXYxyXYxyXYxyXY,orb_1426,YXXyXXYxxyx,YYxyXYxyXYxyXYxyXYxyXYxyXYxyX,40,
aca_108,unsolved,YXXYxxyx,YYYYYYYYXyyyyyyyx,Xy,x,1,2,XXXXXXXXXyXXyxxxxxxYXXXXXXYxxxYxxxxxxxx,YXXXXXXXXyxxxxxxx,orb_1383,YXXXXXXXXyxxxxxxx,YYXyxyXXXXXXXXyxxxxxx,38,
aca_108,unsolved,YXXYxxyx,YYYYYYYYXyyyyyyyx,xx,x,0,2,XXXXXXXXXYXyxxxxxxxYxyx,YXYxxyx,orb_1040,YYXXYx,YYYYYYYYxYXyyyyyyyxyX,27,
aca_108,unsolved,YXXYxxyx,YYYYYYYYXyyyyyyyx,xy,x,1,3,YXXXXXXXYXyxxxxxxxyXXXXXXXyxxxxxxx,YXXXXXXXyxxxxxxxx,orb_1469,YXXXXXXXXyxxxxxxx,YYXXXXXXXyxxxxxxxxxxxxxxyyx,44,
aca_108,unsolved,YXXYxxyx,YYYYYYYYXyyyyyyyx,xy,y,0,3,xyXXXXXXXYXYxyxxxxxxxY,YxxyxYX,orb_1042,YYXXYx,YYYYYYYxYXXyyyyyyyxYX,27,
aca_108,unsolved,YXXYxxyx,YYYYYYYYXyyyyyyyx,yX,x,1,2,YxxxxxxxyyXYYXXXXXX,YxxxxxxxxyXXXXXXX,orb_1307,YXXXXXXXXyxxxxxxx,YYXXXXXXYxxxxxxxyyX,36,
aca_108,unsolved,YXXYxxyx,YYYYYYYYXyyyyyyyx,yx,x,1,3,xxxxxxxYXXXXXXYxxxxxxyXXyXXXXXXXXy,YxxxxxxxyXXXXXXXX,orb_1502,YXXXXXXXXyxxxxxxx,YYXXXXXXYxxxxxxxyXXXXXXXXyxxxxxx,49,
aca_108,unsolved,YXXYxxyx,YYYYYYYYXyyyyyyyx,yx,y,0,3,YXXyxYXXyxYXXyxYXXyxYXXyxYXXyxYXXyxYXXyXYxxyXYxxyXYxxyXYxxyXYxxyXYxxyy,YXYxxyx,orb_1557,YXXYxxyx,YXXyXYxxyXYxxyXYxxyXYxxyXYxxyXYxxyXyxYXXyxYXXyxYXXyxYXXyxYXXyxYXXyx,75,
aca_108,unsolved,YXXYxxyx,YYYYYYYYXyyyyyyyx,yy,y,1,7,xYYYYXyyyXYYYYXyyyxxYYYxyyyy,YYYYxyyyyXYYYxyyyyX,orb_1492,YXXXXyxxxYXXXXyxxxx,YYXXXYxxxxYXXXXyxxxyXXXXyxxx,47,
aca_108,unsolved,YXXYxxyx,YYYYYYYYXyyyyyyyx,xxy,x,0,2,XXXXXXXXYXyxxxxxxxYxy,YYxxyx,orb_1040,YYXXYx,YYYYYYYYxYXyyyyyyyxyX,27,
aca_108,unsolved,YXXYxxyx,YYYYYYYYXyyyyyyyx,xxy,y,0,2,yXXXXXXXXYXyxxxxxxxYx,YxxyxY,orb_1040,YYXXYx,YYYYYYYYxYXyyyyyyyxyX,27,
aca_108,unsolved,YXXYxxyx,YYYYYYYYXyyyyyyyx,yxY,x,1,2,yxxxxxxxYxYXyXyXXXXXXX,YxxxxxxxyXXXXXXXX,orb_1307,YXXXXXXXXyxxxxxxx,YYXXXXXXYxxxxxxxyyX,36,
aca_108,unsolved,YXXYxxyx,YYYYYYYYXyyyyyyyx,yxY,y,0,2,yxxYYYYYYYXyyyyyyXX,YxxyxYXX,orb_1014,YXXYxxyx,YYYYYYYXyyyyyyXXyxx,27,
aca_108,unsolved,YXXYxxyx,YYYYYYYYXyyyyyyyx,yyyyyyy,y,1,2,yXYXyXYxxyxYx,YXyxYXyxYXyxYXyxYXyxYXyxYXyxY,orb_1457,YXyXYXXyxYxyx,YYXyxYXyxYXyxYXyxYXyxYXyxYXyx,42,
aca_109,unsolved,YXXYxxyX,YYYYYYYYxyyyyyyyX,Xy,x,1,2,XXXXXXXXyyxxxxxxxYXXXXXXXYxyxxxxxxx,YXXXXXXXyxxxxxxxx,orb_1370,YXXXXXXXXyxxxxxxx,YYXXXXXXXyxxxxxxxyXYx,38,
aca_109,unsolved,YXXYxxyX,YYYYYYYYxyyyyyyyX,xx,x,0,2,XXXXXXXXXYXyxxxxxxxYxyx,YXYXXyx,orb_1044,YYXXyx,YXyXXXXXXXYxyxxxxxxxx,27,
aca_109,unsolved,YXXYxxyX,YYYYYYYYxyyyyyyyX,xy,x,1,3,YXXXXXXYXyxxxxxxyXXXXXXYxxxxxxxx,YXXXXXXXXyxxxxxxx,orb_1461,YXXXXXXXXyxxxxxxx,YYXyyXXXXXXYxxxxxxxxxxxxxx,43,
aca_109,unsolved,YXXYxxyX,YYYYYYYYxyyyyyyyX,xy,y,0,3,xyxxxxxxxxYXyxyXXXXXXYXX,YxxyXYX,orb_1046,YYXXyx,YYXyxxxxxxxxYXyXXXXXX,27,
aca_109,unsolved,YXXYxxyX,YYYYYYYYxyyyyyyyX,yX,x,1,2,xxxxxyXXyXYxxYXXXXXXy,YxxxxxxxyXXXXXXXX,orb_1312,YXXXXXXXXyxxxxxxx,YYXyyXXXXXXYxxxxxxx,36,
aca_109,unsolved,YXXYxxyX,YYYYYYYYxyyyyyyyX,yx,x,1,3,YxxxxxxxYXXXXXXXYxxxxxxxyyXXXXXX,YxxxxxxxxyXXXXXXX,orb_1498,YXXXXXXXXyxxxxxxx,YYXXXXXXXyxxxxxxxyXXXXXXXyxxxxxx,49,
aca_109,unsolved,YXXYxxyX,YYYYYYYYxyyyyyyyX,yx,y,0,3,YYXYxxYXYxxYXYxxYXYxxYXYxxYXYxxYXYxyxyXXyxyXXyxyXXyxyXXyxyXXyxyXXyxy,YXXyxyx,orb_1552,YYXXyx,YYXyyxxxyyxxxyyxxxyyxxxyyxxxyyxxxyXYYXXXYYXXXYYXXXYYXXXYYXXXYYXXX,71,
aca_109,unsolved,YXXYxxyX,YYYYYYYYxyyyyyyyX,yy,y,1,7,XYYYYxyyyXXXYYYYxyyyxxYYYXyyyy,YYYYXyyyyxYYYXyyyyx,orb_1506,YXXXXyxxxYXXXXyxxxx,YYYXXXXyxxxyyXXXYxxxxYXXXXyxxx,49,
aca_109,unsolved,YXXYxxyX,YYYYYYYYxyyyyyyyX,xxy,x,0,2,XXXXXXXXYXyxxxxxxxYxy,YYXXyx,orb_1044,YYXXyx,YXyXXXXXXXYxyxxxxxxxx,27,
aca_109,unsolved,YXXYxxyX,YYYYYYYYxyyyyyyyX,xxy,y,0,2,yxxxxxxxxYxyXXXXXXXYX,YxxyXY,orb_1044,YYXXyx,YXyXXXXXXXYxyxxxxxxxx,27,
aca_109,unsolved,YXXYxxyX,YYYYYYYYxyyyyyyyX,yxY,x,1,2,YxxxxxxYXYXyxyXXXXXX,YxxxxxxxxyXXXXXXX,orb_1312,YXXXXXXXXyxxxxxxx,YYXyyXXXXXXYxxxxxxx,36,
aca_109,unsolved,YXXYxxyX,YYYYYYYYxyyyyyyyX,yxY,y,0,2,YxxyyyyyyyxYYYYYYXX,YxxYxyXX,orb_1012,YXXYxxyX,YYYYYYYxyyyyyyXXyxx,27,
aca_109,unsolved,YXXYxxyX,YYYYYYYYxyyyyyyyX,yyyyyyy,y,1,2,yxYXXXyxYxxyXYX,YxyXYxyXYxyXYxyXYxyXYxyXYxyXY,orb_1480,YXyXXYxyxYXyxxx,YYXyxYXyxYXyxYXyxYXyxYXyxYXyx,44,
aca_110,unsolved,YXXYxYxx,YYYYYYYYxyyyyyyyX,Xy,x,1,3,XXXXXXXXyyxxxxxxxYYXXXXXXXYxxxxxxx,YXXXXXXXyxxxxxxxx,orb_1344,YXXXXXXXXyxxxxxxx,YYXXXXXXXyyxYxxxxxxx,37,
aca_110,unsolved,YXXYxYxx,YYYYYYYYxyyyyyyyX,Xy,y,0,3,XyyxyyxyyxyyxyyxyyxyyxxYXXYYXYYXYYXYYXYYXYYXYY,YXXXYYx,orb_1295,YXXYXXYxxyx,YYYYYYYYXXyyyyyyyxxyxYXX,35,
aca_110,unsolved,YXXYxYxx,YYYYYYYYxyyyyyyyX,xx,x,0,2,XXXXXXXyxYxxxxxxxyXYX,YxyxYxxyxYx,orb_1190,YYXYxYXXYx,YYYYYYYYXyxyyyyyyyXYx,31,
aca_110,unsolved,YXXYxYxx,YYYYYYYYxyyyyyyyX,xy,x,1,2,YXXXXXXYXyXXXyXXyxxxxxx,YXXXXXXXXyxxxxxxx,orb_1375,YXXXXXXXXyxxxxxxx,YYXYXyXXXXXXXXyxxxxxx,38,
aca_110,unsolved,YXXYxYxx,YYYYYYYYxyyyyyyyX,yX,x,1,3,YxxxxxxyXXyXXXXXXXXXYxxxxxxxxYXXXXXX,YxxxxxxxyXXXXXXXX,orb_1521,YXXXXXXXXyxxxxxxx,YYXXXXXXXXXyxxxxxxyXXXXXXXXyxxxxxx,51,
aca_110,unsolved,YXXYxYxx,YYYYYYYYxyyyyyyyX,yX,y,0,3,xxyXyxxyXyxxyXyxxyXyxxyXyxxyXyxxyXyxxyXyxYxYXXYxYXXYxYXXYxYXXYxYXXYxYXXy,YYxYXXX,orb_1563,YYXXXXYX,YYXXyxxxyyxxxyyxxxyyxxxyyxxxyyxxxyyxxxyyxxxyyxYYXXXYYXXXYYXXXYYXXXYYXXX,79,
aca_110,unsolved,YXXYxYxx,YYYYYYYYxyyyyyyyX,yx,x,1,2,xxxxxxYXXXXXXXYxxxxxxxyXyyXXXXXXX,YxxxxxxxxyXXXXXXX,orb_1376,YXXXXXXXXyxxxxxxx,YYXYxxxxxxxyXXXXXXXyX,38,
aca_110,unsolved,YXXYxYxx,YYYYYYYYxyyyyyyyX,yy,y,1,7,XYYYYxyyyXXXYYYYxYxyyyxx,YYYYXyyyyxYYYXyyyyx,orb_1447,YXXXXyxxxYXXXXyxxxx,YYYXXXXyXyxxxyXXXXyxxx,41,
aca_110,unsolved,YXXYxYxx,YYYYYYYYxyyyyyyyX,yyyyyyy,y,1,2,yxYXXXyxxYx,YxyXYxyXYxyXYxyXYxyXYxyXYxyXY,orb_1439,YXyXXYxxxyX,YYxyXYxyXYxyXYxyXYxyXYxyXYxyX,40,
aca_111,unsolved,YXXYxxyx,YYYYYYYYxyyyyyyyX,Xy,x,1,2,XXXXXXXXyyxxxxxxxYXXXXXXXYxYxxxxxxx,YXXXXXXXyxxxxxxxx,orb_1372,YXXXXXXXXyxxxxxxx,YYXXXXXXXyxxxxxxxyXyx,38,
aca_111,unsolved,YXXYxxyx,YYYYYYYYxyyyyyyyX,xx,x,0,2,XXXXXXXXXYxyxxxxxxxYXyx,YXYxxyx,orb_1041,YYXXYx,YYYYYYYYxyXyyyyyyyxYX,27,
aca_111,unsolved,YXXYxxyx,YYYYYYYYxyyyyyyyX,xy,x,1,3,YXXXXXXYXyxxxxxxyXXXXXXXXyxxxxxx,YXXXXXXXXyxxxxxxx,orb_1460,YXXXXXXXXyxxxxxxx,YYXyyXXXXXXXXXXXXXXyxxxxxx,43,
aca_111,unsolved,YXXYxxyx,YYYYYYYYxyyyyyyyX,xy,y,0,3,xyXXXXXXXXYXyxyxxxxxxYXX,YxxyxYX,orb_1039,YYXXYx,YYYYYYYYxYXXyyyyyyxYX,27,
aca_111,unsolved,YXXYxxyx,YYYYYYYYxyyyyyyyX,yX,x,1,2,YxxxxxxyXXyXYxxYXXXXX,YxxxxxxxyXXXXXXXX,orb_1311,YXXXXXXXXyxxxxxxx,YYXyyXXXXXXXyxxxxxx,36,
aca_111,unsolved,YXXYxxyx,YYYYYYYYxyyyyyyyX,yx,x,1,3,xxxxxxYXXXXXXXYxxxxxxxyyXXXXXXXy,YxxxxxxxxyXXXXXXX,orb_1499,YXXXXXXXXyxxxxxxx,YYXXXXXXXyxxxxxxxyXXXXXXYxxxxxxx,49,
aca_111,unsolved,YXXYxxyx,YYYYYYYYxyyyyyyyX,yx,y,0,3,YYXXyxYXXyxYXXyxYXXyxYXXyxYXXyxYXXyxYxxyXYxxyXYxxyXYxxyXYxxyXYxxyXYxxy,YXYxxyx,orb_1556,YXXYxxyx,YXXyXYxxyXYxxyXYxxyXYxxyXYxxyXYxxyXYxxyXyxYXXyxYXXyxYXXyxYXXyxYXXyx,75,
aca_111,unsolved,YXXYxxyx,YYYYYYYYxyyyyyyyX,yy,y,1,7,XYYYYxyyyXXXYYYYxyyyxxYYYXyyyyxx,YYYYXyyyyxYYYXyyyyx,orb_1507,YXXXXyxxxYXXXXyxxxx,YYYXXXXyxxxyyXXXYxxxxyXXXXyxxx,49,
aca_111,unsolved,YXXYxxyx,YYYYYYYYxyyyyyyyX,xxy,x,0,2,XXXXXXXXYxyxxxxxxxYXy,YYxxyx,orb_1041,YYXXYx,YYYYYYYYxyXyyyyyyyxYX,27,
aca_111,unsolved,YXXYxxyx,YYYYYYYYxyyyyyyyX,xxy,y,0,2,yXXXXXXXXYxyxxxxxxxYX,YxxyxY,orb_1041,YYXXYx,YYYYYYYYxyXyyyyyyyxYX,27,
aca_111,unsolved,YXXYxxyx,YYYYYYYYxyyyyyyyX,yxY,x,1,2,yxxxxxxYXYXyxyXXXXXX,YxxxxxxxxyXXXXXXX,orb_1311,YXXXXXXXXyxxxxxxx,YYXyyXXXXXXXyxxxxxx,36,
aca_111,unsolved,YXXYxxyx,YYYYYYYYxyyyyyyyX,yxY,y,0,2,YxxYYYYYYYxyyyyyyXX,YxxyxYXX,orb_1015,YXXYxxyx,YYYYYYYxyyyyyyXXYxx,27,
aca_111,unsolved,YXXYxxyx,YYYYYYYYxyyyyyyyX,yyyyyyy,y,1,2,yxYXXXyxYxxyXYx,YxyXYxyXYxyXYxyXYxyXYxyXYxyXY,orb_1479,YXyXXYxyXYXyxxx,YYXyxYXyxYXyxYXyxYXyxYXyxYXyx,44,
aca_112,unsolved,YXXYxxyX,YYYYYYYYXyyyyyyyx,Xy,x,1,2,XXXXXXXXXyXXyxxxxxxYXXXXXXYxyxxxxxx,YXXXXXXXXyxxxxxxx,orb_1378,YXXXXXXXXyxxxxxxx,YYXYxyXXXXXXXXyxxxxxx,38,
aca_112,unsolved,YXXYxxyX,YYYYYYYYXyyyyyyyx,xx,x,0,2,XXXXXXXXXYxyxxxxxxxYXyx,YXYXXyx,orb_1043,YYXXyx,YXyXXXXXXXXYxyxxxxxxx,27,
aca_112,unsolved,YXXYxxyX,YYYYYYYYXyyyyyyyx,xy,x,1,3,YXXXXXXXYXyxxxxxxxyXXXXXXXYxxxxxxx,YXXXXXXXyxxxxxxxx,orb_1468,YXXXXXXXXyxxxxxxx,YYXXXXXXXyxxxxxxxxxxxxxxyyX,44,
aca_112,unsolved,YXXYxxyX,YYYYYYYYXyyyyyyyx,xy,y,0,3,xyxxxxxxxYXYxyXXXXXXXY,YxxyXYX,orb_1045,YYXXyx,YYXyxxxxxxxYXyXXXXXXX,27,
aca_112,unsolved,YXXYxxyX,YYYYYYYYXyyyyyyyx,yX,x,1,2,xxxxxxyyXYYXXXXXXXy,YxxxxxxxxyXXXXXXX,orb_1308,YXXXXXXXXyxxxxxxx,YYXXXXXXYxxxxxxxyyx,36,
aca_112,unsolved,YXXYxxyX,YYYYYYYYXyyyyyyyx,yx,x,1,3,YxxxxxxxxYXXXXXXYxxxxxxyXXyXXXXXXX,YxxxxxxxyXXXXXXXX,orb_1500,YXXXXXXXXyxxxxxxx,YYXXXXXXXyxxxxxxyXXXXXXXXyxxxxxx,49,
aca_112,unsolved,YXXYxxyX,YYYYYYYYXyyyyyyyx,yx,y,0,3,YXYxxYXYxxYXYxxYXYxxYXYxxYXYxxYXYxxYXYXyxyXXyxyXXyxyXXyxyXXyxyXXyxyy,YXXyxyx,orb_1553,YYXXyx,YYXyyxxxyyxxxyyxxxyyxxxyyxxxyyxxxyyxxxyXYYXXXYYXXXYYXXXYYXXXYYXXX,71,
aca_112,unsolved,YXXYxxyX,YYYYYYYYXyyyyyyyx,yy,y,1,7,xYYYYXyyyXYYYYXyyyxxYYYxyyyyXX,YYYYxyyyyXYYYxyyyyX,orb_1493,YXXXXyxxxYXXXXyxxxx,YYXXXYxxxxyXXXXyxxxyXXXXyxxx,47,
aca_112,unsolved,YXXYxxyX,YYYYYYYYXyyyyyyyx,xxy,x,0,2,XXXXXXXXYxyxxxxxxxYXy,YYXXyx,orb_1043,YYXXyx,YXyXXXXXXXXYxyxxxxxxx,27,
aca_112,unsolved,YXXYxxyX,YYYYYYYYXyyyyyyyx,xxy,y,0,2,yxxxxxxxxYXyXXXXXXXYx,YxxyXY,orb_1043,YYXXyx,YXyXXXXXXXXYxyxxxxxxx,27,
aca_112,unsolved,YXXYxxyX,YYYYYYYYXyyyyyyyx,yxY,x,1,2,YxxxxxxxYxYXyXyXXXXXXX,YxxxxxxxyXXXXXXXX,orb_1308,YXXXXXXXXyxxxxxxx,YYXXXXXXYxxxxxxxyyx,36,
aca_112,unsolved,YXXYxxyX,YYYYYYYYXyyyyyyyx,yxY,y,0,2,yxxyyyyyyyXYYYYYYXX,YxxYxyXX,orb_1011,YXXYxxyX,YYYYYYYXyyyyyyXXYxx,27,
aca_112,unsolved,YXXYxxyX,YYYYYYYYXyyyyyyyx,yyyyyyy,y,1,2,yXYXyXYxxyxYX,YXyxYXyxYXyxYXyxYXyxYXyxYXyxY,orb_1458,YXyXYXyXYxxyx,YYXyxYXyxYXyxYXyxYXyxYXyxYXyx,42,
aca_113,unsolved,YXXYxYxx,YYYYYYYYXyyyyyyyx,Xy,x,1,3,XXXXXXXXXyXXyxxxxxxYYXXXXXXYxxxxxxxx,YXXXXXXXXyxxxxxxx,orb_1345,YXXXXXXXXyxxxxxxx,YYXXXXXXYXyXXyxxxxxx,37,
aca_113,unsolved,YXXYxYxx,YYYYYYYYXyyyyyyyx,Xy,y,0,3,XyyxyyxyyxyyxyyxyyxyyxyyxxyXXYYXYYXYYXYYXYYXYYxx,YXXXYYx,orb_1296,YXXYXXYxxyx,YYYYYYYYYXXyyyyyyxxyxYXX,35,
aca_113,unsolved,YXXYxYxx,YYYYYYYYXyyyyyyyx,xx,x,0,2,XXXXXXXXXyXYxxxxxxxyxYx,YxyxYxxyxYx,orb_1189,YYXYxYXXYx,YYYYYYYYXYxyyyyyyyXyx,31,
aca_113,unsolved,YXXYxYxx,YYYYYYYYXyyyyyyyx,xy,x,1,2,YXXXXXXXYXyXyyxxxxxxx,YXXXXXXXyxxxxxxxx,orb_1373,YXXXXXXXXyxxxxxxx,YYXXXXXXXyxxxxxxxyxYx,38,
aca_113,unsolved,YXXYxYxx,YYYYYYYYXyyyyyyyx,yX,x,1,3,YxxxxxxxyyXXXXXXXXYxxxxxxxYXXXXXXX,YxxxxxxxxyXXXXXXX,orb_1525,YXXXXXXXXyxxxxxxx,YYXXXXXXXyxxxxxxxyXXXXXXXyxxxxxxxx,51,
aca_113,unsolved,YXXYxYxx,YYYYYYYYXyyyyyyyx,yX,y,0,3,YxxyXyxxyXyxxyXyxxyXyxxyXyxxyXyxxyXyXYxYXXYxYXXYxYXXYxYXXYxYXXYxYXXYxYXX,YYxYXXX,orb_1562,YYXXXXYX,YYXXyxxxyyxxxyyxxxyyxxxyyxxxyyxxxyyxxxyyxYYXXXYYXXXYYXXXYYXXXYYXXXYYXXX,79,
aca_113,unsolved,YXXYxYxx,YYYYYYYYXyyyyyyyx,yx,x,1,2,xxxxxxxYXXXXXXYxxxxxxyXXXyXXyXXXXXXXX,YxxxxxxxyXXXXXXXX,orb_1379,YXXXXXXXXyxxxxxxx,YYXyXXXXXXXXyxxxxxxYX,38,
aca_113,unsolved,YXXYxYxx,YYYYYYYYXyyyyyyyx,yy,y,1,7,xYYYYXyyyXYYYYXyyyxxYYYYXyyyxx,YYYYxyyyyXYYYxyyyyX,orb_1505,YXXXXyxxxYXXXXyxxxx,YYYXXXXyxxxyXXXXyxxxYYXXXXyxxx,49,
aca_113,unsolved,YXXYxYxx,YYYYYYYYXyyyyyyyx,yyyyyyy,y,1,2,yXYXyXYxxyXYxxx,YXyxYXyxYXyxYXyxYXyxYXyxYXyxY,orb_1482,YXyXYXyxxYXyxxx,YYXyxYXyxYXyxYXyxYXyxYXyxYXyx,44,
aca_114,unsolved,YXXyXyxx,YYYYYYYYXyyyyyyyx,Xy,x,1,3,XXXXXXXXXyxxxxxxyyXXXXXXYxxYxxxxxxxx,YXXXXXXXXyxxxxxxx,orb_1346,YXXXXXXXXyxxxxxxx,YYXXXXXXYxyXXyxxxxxx,37,
aca_114,unsolved,YXXyXyxx,YYYYYYYYXyyyyyyyx,Xy,y,0,3,XXYYXYYXYYXYYXYYXYYXYYXYYxyXyyxyyxyyxyyxyyxyyxxx,YXXyyxx,orb_1248,YXXYXXyxxyx,YYYYYYYxxyXYXXyyyyyyxx,33,
aca_114,unsolved,YXXyXyxx,YYYYYYYYXyyyyyyyx,xx,x,0,2,XXXXXXXXXyxYxxxxxxxyXYx,YxyXYxxyXYx,orb_1192,YYXyxYXXyx,YXXXXXXXyxYxxxxxxxxyX,31,
aca_114,unsolved,YXXyXyxx,YYYYYYYYXyyyyyyyx,xy,x,1,2,YXXXXXXXYxYxyyxxxxxxx,YXXXXXXXyxxxxxxxx,orb_1371,YXXXXXXXXyxxxxxxx,YYXXXXXXXyxxxxxxxyXyX,38,
aca_114,unsolved,YXXyXyxx,YYYYYYYYXyyyyyyyx,yX,x,1,3,YxxxxxxxyyXXXXXXXyxxxxxxxxYXXXXXXX,YxxxxxxxxyXXXXXXX,orb_1524,YXXXXXXXXyxxxxxxx,YYXXXXXXXyxxxxxxxyXXXXXXXXYxxxxxxx,51,
aca_114,unsolved,YXXyXyxx,YYYYYYYYXyyyyyyyx,yX,y,0,3,YxYXXyxYXXyxYXXyxYXXyxYXXyxYXXyxYXXyXYxxyXYxxyXYxxyXYxxyXYxxyXYxxyXYxxyX,YYxxyXX,orb_1561,YXXyXyxx,YYxyXXYxyXXYxyXXYxyXXYxyXXYxyXXYxyXXYxyxxYXyxxYXyxxYXyxxYXyxxYXyxxYXyxx,79,
aca_114,unsolved,YXXyXyxx,YYYYYYYYXyyyyyyyx,yx,x,1,2,xxxxxxxYxxYxxxYXXXXXXyxxxxxxyXXXXXXXX,YxxxxxxxyXXXXXXXX,orb_1382,YXXXXXXXXyxxxxxxx,YYXyxxxxxxxxyXXXXXXYx,38,
aca_114,unsolved,YXXyXyxx,YYYYYYYYXyyyyyyyx,yy,y,1,7,xYYYYXyyyXXYYYxyyyyXXYYYxyyyyx,YYYYxyyyyXYYYxyyyyX,orb_1503,YXXXXyxxxYXXXXyxxxx,YYXXXYxxxxyyXXXXyxxxYYXXXXyxxx,49,
aca_114,unsolved,YXXyXyxx,YYYYYYYYXyyyyyyyx,yyyyyyy,y,1,2,yXYXXyxYXXyxYxx,YXyxYXyxYXyxYXyxYXyxYXyxYXyxY,orb_1474,YXXyXYxxyXYxxyx,YYXyxYXyxYXyxYXyxYXyxYXyxYXyx,44,
aca_115,unsolved,YXYxyx,YYYYxxx,xy,x,0,2,XXXXYxxxy,YYxyx,orb_0093,YXXYx,YYYYXyyyx,14,
aca_115,unsolved,YXYxyx,YYYYxxx,xy,y,0,2,yXXXXYxxx,YxyxY,orb_0093,YXXYx,YYYYXyyyx,14,
aca_115,unsolved,YXYxyx,YYYYxxx,yx,x,0,2,XXXXyxxxY,YxyxY,orb_0093,YXXYx,YYYYXyyyx,14,
aca_115,unsolved,YXYxyx,YYYYxxx,yx,y,0,2,YXXXXyxxx,YYxyx,orb_0093,YXXYx,YYYYXyyyx,14,
aca_116,unsolved,YYYXyyX,YXXXyxx,Xy,x,0,2,XXYxxYxxxyXXXyXXyx,YXYxxxx,orb_0224,YXXXYxx,YYXyyXyxxx,17,
aca_116,unsolved,YYYXyyX,YXXXyxx,Xy,y,1,2,XXYYYxxyXXyx,YXXXyxx,orb_0248,YXXXyxx,YYYXXyxxyx,17,
aca_116,unsolved,YYYXyyX,YXXXyxx,xx,x,1,2,XXXyxYxyxYX,YxyXYxyXY,orb_0516,YXyxYXXyx,YYYYXyxyXyx,20,
aca_116,unsolved,YYYXyyX,YXXXyxx,xy,x,0,2,YXXyyxYYxx,YXXYxxx,orb_0223,YXXXYxx,YYXXYxxyyX,17,
aca_116,unsolved,YYYXyyX,YXXXyxx,xy,y,1,2,xxYYXXYxxyyXXX,YxxxyXX,orb_0240,YXXXyxx,YYXXYxxyyX,17,
aca_116,unsolved,YYYXyyX,YXXXyxx,yX,x,0,2,YxxxYxxYxxYxyXXX,YxxxxYX,orb_0226,YXXXYxx,YYYxYXXXyx,17,
aca_116,unsolved,YYYXyyX,YXXXyxx,yX,y,1,2,xYXXYXXYXyXy,YxxxyXX,orb_0249,YXXXyxx,YYYXyXXXyx,17,
aca_116,unsolved,YYYXyyX,YXXXyxx,yx,x,0,2,xyyyXXyxxYXX,YxxxYXX,orb_0225,YXXXYxx,YYYXXYxxyX,17,
aca_116,unsolved,YYYXyyX,YXXXyxx,yx,y,1,2,YXYxxYXyXXyx,YXXXyxx,orb_0244,YXXXyxx,YYXyyXXXyx,17,
aca_116,unsolved,YYYXyyX,YXXXyxx,yy,y,0,2,yxYXXXyXYxx,YXyXYXyXY,orb_0511,YXYxYXXYx,YYYXyxyyXYx,20,
aca_117,unsolved,YYYXyyx,YXXXyxx,Xy,x,0,2,XXXXyXXyxyXYxxYxxx,YXXXyxx,orb_0245,YXXXyxx,YYXyyXYxxx,17,
aca_117,unsolved,YYYXyyx,YXXXyxx,Xy,y,1,2,XXYYYxxyXXyxxx,YXXXyxx,orb_0247,YXXXyxx,YYYXXyxxyX,17,
aca_117,unsolved,YYYXyyx,YXXXyxx,xx,x,1,2,XXXyxYxxyXY,YxyXYxyXY,orb_0515,YXyxYXXyx,YYYXyxyyXYx,20,
aca_117,unsolved,YYYXyyx,YXXXyxx,xy,x,0,2,YXXYYxyyxx,YXXyxxx,orb_0241,YXXXyxx,YYXXYxxyyx,17,
aca_117,unsolved,YYYXyyx,YXXXyxx,xy,y,1,2,xxYYXXYxxyyX,YxxxyXX,orb_0241,YXXXyxx,YYXXYxxyyx,17,
aca_117,unsolved,YYYXyyx,YXXXyxx,yX,x,0,2,YxxyyyxYXX,YxxxyXX,orb_0247,YXXXyxx,YYYXXyxxyX,17,
aca_117,unsolved,YYYXyyx,YXXXyxx,yX,y,1,2,YxYXXYXyxxyX,YxxxyXX,orb_0245,YXXXyxx,YYXyyXYxxx,17,
aca_117,unsolved,YYYXyyx,YXXXyxx,yx,x,0,2,xxYxxYxxYXyxyXXX,YxxyXXX,orb_0250,YXXXyxx,YYYXyxxxyX,17,
aca_117,unsolved,YYYXyyx,YXXXyxx,yx,y,1,2,XYxxYxxYXyxy,YXXXyxx,orb_0250,YXXXyxx,YYYXyxxxyX,17,
aca_117,unsolved,YYYXyyx,YXXXyxx,yy,y,0,2,yXYXXXyxYxx,YXyxYXyxY,orb_0514,YXyxYXXyx,YYYXYxyyXyx,20,
aca_118,unsolved,YXXyxYx,YYYYXyxx,Xy,y,0,3,yXYxyXYxyXYxyXYxyxx,YXXyxY,orb_0898,YXXYxxyX,YYxyXYxyXYxyXYxyX,25,
aca_118,unsolved,YXXyxYx,YYYYXyxx,xx,x,1,2,XYxxyXXXXyXXXX,YxyXXXyXXXX,orb_0382,YXXXXyxYx,YYXXXXXyxx,19,
aca_118,unsolved,YXXyxYx,YYYYXyxx,yX,y,0,3,YYYXXYYXXYYXyyx,YxxyyX,orb_0640,YYXXyx,YYXXYYXXXyxxYXX,21,
aca_118,unsolved,YXXyxYx,YYYYXyxx,yy,y,1,2,xxYYXXyyxYY,YxyyXyyXX,orb_0527,YYXXYXXyx,YYXXyyxxYXX,20,
aca_118,unsolved,YXXyxYx,YYYYXyxx,Xyx,x,1,2,XXXXXyyXYxxxx,YXXXXyxYxxxx,orb_0253,YXXYx,YYYYXYxyyyyX,17,
aca_119,unsolved,YXXyxYx,YYYYYXyxx,Xy,y,0,3,yXYxyXYxyXYxyXYxyXYxyxx,YXXyxY,orb_1110,YXXYxxyX,YYxyXYxyXYxyXYxyXYxyX,29,
aca_119,unsolved,YXXyxYx,YYYYYXyxx,xx,x,1,2,XYxxyXXXXXyXXXXX,YxyXXXXyXXXXX,orb_0534,YXXXXXyxYx,YYXXXXXXyxx,21,
aca_119,unsolved,YXXyxYx,YYYYYXyxx,yX,y,0,3,YYYXXYYXXYYXXYYXyyx,YxxyyX,orb_0944,YYXXyx,YYXXYYXXYYXXXyxxYXX,25,
aca_119,unsolved,YXXyxYx,YYYYYXyxx,Xyx,x,1,2,XXXXXXyyXYxxxxx,YXXXXXyxYxxxxx,orb_0412,YXXYx,YYYYYXYxyyyyyX,19,
aca_120,unsolved,YXXXYxx,YYYYXyyyx,Xy,x,1,2,XXXXXyXXyXXyxxYXXYxxxx,YXXXXyxxx,orb_0551,YXXXXyxxx,YYYXyXXXXyxx,21,
aca_120,unsolved,YXXXYxx,YYYYXyyyx,Xy,y,0,2,XyxxyxxyxxyxxxyXXXYXXYxx,YXXXXYx,orb_0392,YXXXYxx,YYYYxYXXXyyx,19,
aca_120,unsolved,YXXXYxx,YYYYXyyyx,xx,x,0,2,XXXXyxYxxxyXY,YXyXYXyXY,orb_0684,YXYxYXXYx,YYYYXYxyyyXyx,22,
aca_120,unsolved,YXXXYxx,YYYYXyyyx,xy,x,1,2,YXXXYYXyyxxx,YXXXyxxxx,orb_0538,YXXXXyxxx,YYXXXYxxxyyX,21,
aca_120,unsolved,YXXXYxx,YYYYXyyyx,xy,y,0,2,xxyyyXXYxxYYYX,YxxxYXX,orb_0389,YXXXYxx,YYYXXYxxyyyX,19,
aca_120,unsolved,YXXXYxx,YYYYXyyyx,yX,x,1,2,YxxxyyyXYXXX,YxxxxyXXX,orb_0549,YXXXXyxxx,YYYXXXyxxxyx,21,
aca_120,unsolved,YXXXYxx,YYYYXyyyx,yX,y,0,2,YxxxyxxyxxyXYXXYXXYXXX,YxYXXXX,orb_0390,YXXXYxx,YYYXyyyXyxxx,19,
aca_120,unsolved,YXXXYxx,YYYYXyyyx,yx,x,1,2,xxxYxxYXXYxxyXXyXXXX,YxxxyXXXX,orb_0545,YXXXXyxxx,YYXyyXXXXyxx,21,
aca_120,unsolved,YXXXYxx,YYYYXyyyx,yx,y,0,2,XXyyyyXYYxxy,YXXYxxx,orb_0391,YXXXYxx,YYYYXXYxxyyX,19,
aca_120,unsolved,YXXXYxx,YYYYXyyyx,yy,y,1,3,xYYXyXXYYXyxx,YYxyyXYxyyX,orb_0825,YXXyxYXXyxx,YYYXXyxyyXXyx,24,
aca_120,unsolved,YXXXYxx,YYYYXyyyx,yyy,y,1,2,yXYXXyXYxxx,YXyxYXyxYXyxY,orb_0822,YXXyXYxxxyX,YYXyxYXyxYXyx,24,
aca_121,unsolved,YXXXyxx,YYYYXyyyx,Xy,x,1,2,XXXXXyXXyxxyXXYxxYxxxx,YXXXXyxxx,orb_0546,YXXXXyxxx,YYXyyXXYxxxx,21,
aca_121,unsolved,YXXXyxx,YYYYXyyyx,Xy,y,0,2,XXYYYYxxyXXyyxxx,YXXXyxx,orb_0410,YXXXyxx,YYYYXXyxxyyX,19,
aca_121,unsolved,YXXXyxx,YYYYXyyyx,xx,x,0,2,XXXXyxYxxxyXY,YxyXYxyXY,orb_0687,YXyxYXXyx,YYYYXyxyyyXYx,22,
aca_121,unsolved,YXXXyxx,YYYYXyyyx,xy,x,1,2,YXXXYYxyyxxx,YXXXyxxxx,orb_0539,YXXXXyxxx,YYXXXYxxxyyx,21,
aca_121,unsolved,YXXXyxx,YYYYXyyyx,xy,y,0,2,xxYYYXXYxxyyyX,YxxxyXX,orb_0408,YXXXyxx,YYYXXYxxyyyx,19,
aca_121,unsolved,YXXXyxx,YYYYXyyyx,yX,x,1,2,YxxxyyyxYXXX,YxxxxyXXX,orb_0548,YXXXXyxxx,YYYXXXyxxxyX,21,
aca_121,unsolved,YXXXyxx,YYYYXyyyx,yX,y,0,2,YxYXXYXXYXyxxyxxyX,YxxxyXX,orb_0409,YXXXyxx,YYYXyyyXYxxx,19,
aca_121,unsolved,YXXXyxx,YYYYXyyyx,yx,x,1,2,xxxYxxYxxYXXyxxyXXXX,YxxxyXXXX,orb_0552,YXXXXyxxx,YYYXyxxxxyXX,21,
aca_121,unsolved,YXXXyxx,YYYYXyyyx,yx,y,0,2,XYxxYxxYxxYXyXXyxy,YXXXyxx,orb_0411,YXXXyxx,YYYYXyyxxxyX,19,
aca_121,unsolved,YXXXyxx,YYYYXyyyx,yy,y,1,3,xYYXyXXXYxyyx,YYxyyXYxyyX,orb_0826,YXXyxYXXyxx,YYYXYxxyyXXyx,24,
aca_121,unsolved,YXXXyxx,YYYYXyyyx,yyy,y,1,2,yXYXXXyxYxx,YXyxYXyxYXyxY,orb_0823,YXXyXYxxxyx,YYXyxYXyxYXyx,24,
aca_122,unsolved,YXXXyxx,YYYYYXyyyyx,Xy,x,1,2,XXXXXXyXXyxxxyXXXYxxYxxxxx,YXXXXXyxxxx,orb_0861,YXXXXXyxxxx,YYXyyXXXYxxxxx,25,
aca_122,unsolved,YXXXyxx,YYYYYXyyyyx,Xy,y,0,2,XXYYYYYxxyXXyyyxxx,YXXXyxx,orb_0572,YXXXyxx,YYYYYXXyxxyyyX,21,
aca_122,unsolved,YXXXyxx,YYYYYXyyyyx,xx,x,0,2,XXXXXyxYxxxxyXY,YxyXYxyXY,orb_0834,YXyxYXXyx,YYYYYXyxyyyyXYx,24,
aca_122,unsolved,YXXXyxx,YYYYYXyyyyx,xy,x,1,2,YXXXXYYxyyxxxx,YXXXXyxxxxx,orb_0856,YXXXXXyxxxx,YYXXXXYxxxxyyx,25,
aca_122,unsolved,YXXXyxx,YYYYYXyyyyx,xy,y,0,2,xxYYYYXXYxxyyyyX,YxxxyXX,orb_0570,YXXXyxx,YYYYXXYxxyyyyx,21,
aca_122,unsolved,YXXXyxx,YYYYYXyyyyx,yX,x,1,2,YxxxxyyyxYXXXX,YxxxxxyXXXX,orb_0863,YXXXXXyxxxx,YYYXXXXyxxxxyX,25,
aca_122,unsolved,YXXXyxx,YYYYYXyyyyx,yX,y,0,2,YxYXXYXXYXXYXyxxyxxyxxyX,YxxxyXX,orb_0571,YXXXyxx,YYYYXyyyyXYxxx,21,
aca_122,unsolved,YXXXyxx,YYYYYXyyyyx,yx,x,1,2,xxxxYxxYxxYXXXyxxxyXXXXX,YxxxxyXXXXX,orb_0867,YXXXXXyxxxx,YYYXyxxxxxyXXX,25,
aca_122,unsolved,YXXXyxx,YYYYYXyyyyx,yx,y,0,2,XYxxYxxYxxYxxYXyXXyXXyxy,YXXXyxx,orb_0573,YXXXyxx,YYYYYXyyyxxxyX,21,
aca_122,unsolved,YXXXyxx,YYYYYXyyyyx,yy,y,1,4,yyXYYXXXyyxYYxx,YXyyxYYXyyxYY,orb_1072,YXXyxxYXXXyxx,YYYXXYxxyyXXyxx,28,
aca_122,unsolved,YXXXyxx,YYYYYXyyyyx,yyyy,y,1,2,yXYXXXyxYxx,YXyxYXyxYXyxYXyxY,orb_1070,YXXyXYxxxyx,YYXyxYXyxYXyxYXyx,28,
aca_123,unsolved,YXXXyxx,YYYYYYXyyyyyx,Xy,x,1,2,XXXXXXXyXXyxxxxyXXXXYxxYxxxxxx,YXXXXXXyxxxxx,orb_1097,YXXXXXXyxxxxx,YYXyyXXXXYxxxxxx,29,
aca_123,unsolved,YXXXyxx,YYYYYYXyyyyyx,Xy,y,0,2,XXYYYYYYxxyXXyyyyxxx,YXXXyxx,orb_0740,YXXXyxx,YYYYYYXXyxxyyyyX,23,
aca_123,unsolved,YXXXyxx,YYYYYYXyyyyyx,xx,x,0,2,XXXXXXyxYxxxxxyXY,YxyXYxyXY,orb_0972,YXyxYXXyx,YYYYYYXyxyyyyyXYx,26,
aca_123,unsolved,YXXXyxx,YYYYYYXyyyyyx,xy,x,1,2,YXXXXXYYxyyxxxxx,YXXXXXyxxxxxx,orb_1094,YXXXXXXyxxxxx,YYXXXXXYxxxxxyyx,29,
aca_123,unsolved,YXXXyxx,YYYYYYXyyyyyx,xy,y,0,2,xxYYYYYXXYxxyyyyyX,YxxxyXX,orb_0738,YXXXyxx,YYYYYXXYxxyyyyyx,23,
aca_123,unsolved,YXXXyxx,YYYYYYXyyyyyx,yX,x,1,2,YxxxxxyyyxYXXXXX,YxxxxxxyXXXXX,orb_1099,YXXXXXXyxxxxx,YYYXXXXXyxxxxxyX,29,
aca_123,unsolved,YXXXyxx,YYYYYYXyyyyyx,yX,y,0,2,YxYXXYXXYXXYXXYXyxxyxxyxxyxxyX,YxxxyXX,orb_0739,YXXXyxx,YYYYYXyyyyyXYxxx,23,
aca_123,unsolved,YXXXyxx,YYYYYYXyyyyyx,yx,x,1,2,xxxxxYxxYxxYXXXXyxxxxyXXXXXX,YxxxxxyXXXXXX,orb_1103,YXXXXXXyxxxxx,YYYXyxxxxxxyXXXX,29,
aca_123,unsolved,YXXXyxx,YYYYYYXyyyyyx,yx,y,0,2,XYxxYxxYxxYxxYxxYXyXXyXXyXXyxy,YXXXyxx,orb_0741,YXXXyxx,YYYYYYXyyyyxxxyX,23,
aca_123,unsolved,YXXXyxx,YYYYYYXyyyyyx,yy,y,1,5,xYYYXyyXXXYYxyyyx,YYYxyyyXYYxyyyX,orb_1207,YXXXyxxYXXXyxxx,YYYXXYxxxyyXXXyxx,32,
aca_123,unsolved,YXXXyxx,YYYYYYXyyyyyx,yyyyy,y,1,2,yXYXXXyxYxx,YXyxYXyxYXyxYXyxYXyxY,orb_1209,YXXyXYxxxyx,YYXyxYXyxYXyxYXyxYXyx,32,
