name,r1,r2,n_members,members,nodes_explored,min_relator_length
ac19_78,YXXyx,YYYYYXyyyyx,27,412 414 416 417 420 422 424 431 537 541 544 545 551 554 2158 5265 20703 25130 26938 41672 74034 83587 112237 114175 122152 130731 150529,1000,15
ac19_88,YXXyx,YYYYYYXyyyyyx,20,464 466 559 560 562 564 565 566 569 572 575 576 582 588 18756 42582 80564 95063 95680 130078,1000,17
ac19_99,YYXXyxx,YXXXXXXXXyxxxxxxx,6,527 529 628 629 630 633,1000,19
ac19_100,YYXXXyX,YXXXXyxxxxx,13,539 540 549 550 552 556 50416 79095 113032 117204 124797 128356 131135,1000,15
ac19_103,YYXXXXyX,YXXXXXXyxxxxx,9,573 584 27118 45332 45525 82259 113134 138359 151580,1000,17
ac19_105,YYXXXXyX,YXXXXXyxxxxxx,6,581 586 60449 71264 98145 132273,1000,17
ac19_106,YXXyx,YYYYYYYXyyyyyyx,14,590 591 592 593 594 595 596 597 600 603 604 605 610 613,1000,18
ac19_109,YXXyx,YYYYYYYYXyyyyyyyx,10,616 617 618 619 620 621 622 623 624 625,1000,20
ac19_112,YXXyx,YYYXYYXYxyXyXyyXyX,1,634,1000,18
ac19_113,YXyXXyx,YYYxxxyXyyX,6,635 25772 38420 41490 50383 68259,1000,15
ac19_130,YXYXyx,YYYxxYxyXXyyX,2,652 50815,1000,17
ac19_134,YYXXYXyyx,YYYXXXYXyyX,4,656 46796 68445 138605,1000,17
ac19_139,YXXyx,YYYXyyyXXXXXyXX,2,661 135375,1000,18
ac19_162,YXXyx,YYYYXYxyyyyx,15,685 17117 19194 83609 85545 85600 92345 126028 126551 129251 131672 135725 138135 148921 150837,1000,15
ac19_164,YYXXXYx,YYxYXXYXX,13,687 4043 13503 39667 48203 48271 68500 108623 109626 115746 141149 143401 149827,1000,16
ac19_175,YXYXyx,YYYYXyyyXXXYx,2,698 66077,1000,19
ac19_177,YXXXXyXYx,YXXyxYXXXX,10,700 32509 34787 60573 73698 99467 105028 107113 122978 155252,1000,14
ac19_185,YYXXXyx,YXXXXXYxx,20,709 10265 21266 34872 35848 40921 42396 47221 49437 73185 82256 98631 119693 123085 123726 129302 132448 136886 147088 150025,1000,14
ac19_208,YXXyx,YYXYYxyyxxyxxxx,2,732 2618,1000,19
ac19_226,YXYXyx,YYXXyXyxxYxyx,10,753 15459 23200 75966 85430 91524 98723 119404 133935 156512,1000,15
ac19_227,YXYXyx,YYXyXXyyxxx,5,754 4010 33778 55438 63321,1000,17
ac19_230,YYXXyxx,YYYXYXYYx,3,757 9687 50211,1000,16
ac19_239,YXXYxxyx,YYxxxYxxyXXYx,2,766 144672,1000,19
ac19_242,YXYXyx,YYXyXyyxyxxYx,2,769 35507,1000,19
ac19_252,YYXXyx,YYXXYxxxxyXXX,3,779 67776 97185,1000,15
ac19_253,YXXXyxYx,YYXYXYYXX,5,780 30084 83625 94593 118365,1000,17
ac19_290,YXyXXyx,YYYxYxxxyyX,6,818 3637 74236 79458 93736 149305,1000,13
ac19_294,YXXYxYxx,YYYxxYXYx,2,822 73048,1000,15
ac19_314,YXXX,YYYXYYXyyxyXyyx,1,842,1000,19
ac19_348,YXXXYxx,YYXYYXXXyxx,5,878 21715 35751 49135 56939,1000,14
ac19_353,YXYxyx,YYXXXyyXyXyxYxx,3,883 32987 48765,1000,19
ac19_355,YYXyxxyXXyx,YXXYxYXXYxx,2,885 148811,1000,15
ac19_365,YXXyx,YYYYXyxyXyXXXXX,2,895 99139,1000,16
ac19_368,YYXXyx,YYYYXyyyyxx,8,898 17442 26942 76387 101688 112820 118395 151156,1000,15
ac19_375,YYYXXXXyx,YYYXyyyxyx,1,905,1000,16
ac19_384,YXYXyx,YYYXyxyXyXXXYYx,2,914 8983,1000,19
ac19_420,YYXXXyX,YYXyyxxyxx,1,950,1000,15
ac19_425,YXXX,YYYxYYXyyXyXyyx,1,955,1000,19
ac19_434,YXXyx,YYYYYYXyxyyxxyyx,1,964,1000,18
ac19_460,YXyXXXyX,YYxyXYXXXyxyx,1,990,1000,21
ac19_463,YXYXyx,YYYYXyXyyxx,6,994 7294 16885 46099 61177 91046,1000,15
ac19_472,YXYXyx,YYXYxYYxyyXXX,2,1003 71312,1000,17
ac19_480,YXyXXyx,YYXYXyXyxyx,4,1013 13654 113521 146225,1000,15
ac19_525,YXyXXyx,YYYxxxyyXyX,1,1060,1000,17
ac19_527,YXyXXyx,YYxyxYxyxyxYXYXyxYx,1,1062,1000,17
ac19_548,YXyXXXyx,YYxYxxxyxyX,2,1084 33584,1000,17
ac19_554,YXXYx,YYXXXYXyyxYYxx,2,1090 26157,1000,15
ac19_555,YYXXXyX,YXyxYXXXyxx,16,1091 5089 8923 26851 36479 44034 54710 56750 59686 70467 74772 81095 90460 108712 130332 144781,1000,15
ac19_559,YXYXyx,YYXYxYxyXyyXX,2,1095 133418,1000,17
ac19_564,YXYXyx,YYYXyXXyyxYYx,2,1100 78314,1000,17
ac19_569,YXXXYxx,YYYXXyxxYX,7,1105 60446 104535 115795 124295 131480 156513,1000,14
ac19_575,YXYXyx,YYXyyXXXXYxxx,2,1111 134173,1000,17
ac19_580,YXYXyx,YYYYxxYXyxyyXyX,1,1116,1000,19
ac19_716,YXYXyx,YYXXXYxxYxyXXyX,2,1255 88544,1000,17
ac19_718,YXYXyx,YYYYxxYXyXyXX,2,1257 74614,1000,19
ac19_721,YXXYx,YYYXYxyXyyyxYX,4,1260 56348 72810 83099,1000,15
ac19_728,YXYxyx,YYXXXyyXyyx,1,1267,1000,15
ac19_731,YXXyXYx,YYxyxyXXX,9,1270 19623 97388 99559 102249 105454 112835 136361 140694,1000,16
ac19_733,YYXXyxx,YYYxxyXYxyX,1,1272,1000,15
ac19_739,YXYXyx,YYYxxYXyyXX,4,1279 30301 73752 126110,1000,17
ac19_757,YXyXXyx,YYXYxxyyXyX,4,1299 22877 98319 151411,1000,17
ac19_763,YXYXyx,YYYYYXyXXXXYYXX,2,1306 98919,1000,19
ac19_775,YXYXyx,YYYXXXXyyXYxx,1,1319,1000,15
ac19_789,YXYXyx,YYXyyXXYYxx,5,1334 22745 86011 90772 146982,1000,15
ac19_815,YXXyx,YYYXYYxyxyyyxx,3,1362 55564 112747,1000,18
ac19_823,YXYXyx,YYYxyXXXyXXYx,2,1370 113209,1000,17
ac19_941,YXXyx,YYYXyyyXyXXYYX,2,1498 62353,1000,18
ac19_943,YXYXXYx,YYXyxxxxyXyX,1,1500,1000,14
ac19_969,YYXXYXyyx,YYYXXYXXXXX,4,1526 19973 72707 117116,1000,17
ac19_986,YYXXXyx,YYXXYXyXX,18,1543 6065 19210 32022 39942 46887 53788 57500 64493 65774 67734 92420 94088 117704 118084 126980 130001 139364,1000,15
ac19_988,YXYXyx,YYxYXyXYXyyxx,2,1545 28081,1000,13
ac19_991,YXYXyx,YYYYYXXXXXXYXYxyX,2,1548 128745,1000,19
ac19_1006,YXYXyx,YYYXXXyXXXYYxyx,1,1564,1000,19
ac19_1007,YYXXXyX,YXYxyXXX,21,1565 4370 9506 9997 21216 27617 44872 44979 44992 47437 51259 73326 77466 81725 87174 93048 112825 116414 131870 132881 143110,1000,15
ac19_1011,YYXXyx,YXyXyxxyx,22,1569 8631 10660 11096 12663 19047 22636 24108 31039 32328 34445 36872 41488 46660 53509 58705 95939 101510 112801 115554 136874 155227,1000,15
ac19_1062,YXXYx,YYXYYXyxYYxyyX,1,1622,1000,18
ac19_1063,YYXXXyxx,YYYXXYXXX,13,1623 8301 17403 20915 39013 63875 65036 93301 101808 118971 124356 126809 128801,1000,17
ac19_1071,YXXyx,YYYXyyxyXyxxxYYx,2,1631 23232,1000,19
ac19_1074,YXyXXyx,YYxyxxxYX,9,1634 23333 39938 41095 44538 84269 109581 123089 134659,1000,15
ac19_1121,YXYXyx,YYXYxyXXyXXYxxx,1,1684,1000,17
ac19_1137,YXYXyxYXyx,YYYXXXYYxyX,2,1701 41935,1000,16
ac19_1139,YXXYx,YYXYXYXyXYYxx,2,1704 80280,1000,15
ac19_1145,YXyXXyx,YYYxyxxyXyX,1,1710,1000,17
ac19_1149,YXyXXyx,YYXXYxyXyyx,5,1715 6986 38989 44869 96217,1000,15
ac19_1167,YXYxyx,YYYXyxxxYxyyX,1,1734,1000,15
ac19_1185,YXXyXYx,YYXyyxyx,8,1752 39732 55153 57725 59114 100183 102708 107838,1000,15
ac19_1191,YXXYxYxx,YYYXXyyxx,2,1758 85398,1000,17
ac19_1202,YXXYx,YYXYYXyXYxyx,6,1769 9810 55980 60126 96006 96184,1000,15
ac19_1203,YXYXXYx,YYxxyXXYXXyx,1,1770,1000,16
ac19_1205,YXXyx,YYYXYXyxyXyyyXXX,1,1773,1000,19
ac19_1211,YXXYx,YYYXyxYXXXYxyx,1,1779,1000,15
ac19_1215,YXYXyx,YYYxxyXXXyX,6,1783 43548 69153 70740 111558 133991,1000,15
ac19_1226,YYXXXXYX,YXyXyxxxx,4,1795 76911 142886 145108,1000,13
ac19_1242,YXXYx,YYYXXyyyXYxx,3,1813 7667 32338,1000,15
ac19_1243,YXYXyx,YYYYxYXyXXX,3,1814 4878 117202,1000,17
ac19_1260,YXXyx,YYYXYYxyyXyxyxx,1,1832,1000,17
ac19_1279,YYXXXXYxx,YYXyyXyxxx,2,1852 17470,1000,18
ac19_1296,YXXYx,YYXYXyXYYxyx,3,1870 16778 86430,1000,15
ac19_1318,YXXyXyx,YYYXyxYxxyyX,1,1894,1000,15
ac19_1327,YXYXyx,YYXXyxyXXXYYx,2,1905 52704,1000,17
ac19_1331,YXYXyx,YYYXYYxxxyXyyXX,2,1909 73620,1000,19
ac19_1332,YXYxyx,YYYXyXXyxxx,3,1911 10046 116814,1000,15
ac19_1345,YXyXXXyx,YYXyXYXyXYxxyxxyX,1,1924,1000,19
ac19_1349,YXYXyx,YYYYYYxyXXYXyXX,1,1928,1000,19
ac19_1372,YXyXXXyx,YYxxyxxyXYx,1,1951,1000,17
ac19_1375,YXXyXYx,YYxyXyXYXYX,3,1954 7373 130867,1000,15
ac19_1384,YXyXXXyx,YYYxyxYxyxYXXyXyx,2,1963 41661,1000,17
ac19_1394,YXXXyxYx,YYXYXYxyX,1,1974,1000,17
ac19_1412,YXYXyx,YYXXyXyyxxx,4,1994 64787 110368 146697,1000,15
ac19_1418,YXYXyx,YYYXyyyXXYx,4,2000 4691 73542 124069,1000,13
ac19_1427,YXYXyx,YYXXyXXyxYxxx,2,2009 47184,1000,15
ac19_1430,YXXyXyx,YYYxxxxyx,4,2012 2391 39841 48478,1000,14
ac19_1443,YXXyx,YYYYXyyxyXyyXXX,2,2025 51397,1000,19
ac19_1469,YXYxyx,YYXyxxYYxxx,1,2053,1000,15
ac19_1491,YXYXXXX,YYYXXXXyyxx,2,2076 11604,1000,15
ac19_1492,YXYXyx,YYXyXXyyxYYxx,2,2077 3820,1000,17
ac19_1512,YXYXyx,YYXyXXYYXXXYx,1,2098,1000,15
ac19_1520,YXYXyx,YYYYxxyXXXXYXyX,1,2106,1000,19
ac19_1533,YXyXXXyx,YYXyxYxxyyxYx,1,2120,1000,19
ac19_1579,YXYXyx,YYYxyxxyXXXyX,1,2170,1000,15
ac19_1580,YXyXXyx,YYYXyyyXYXyxyX,4,2171 21966 29226 60067,1000,17
ac19_1585,YYXXYXXYx,YYxyXyxxyX,1,2176,1000,16
ac19_1592,YXYXyx,YYYXyXXyXXYYxyx,1,2183,1000,17
ac19_1595,YYXyxxxxyyX,YYXyXXYYXyxxyX,2,2187 25291,1000,20
ac19_1598,YXXYxxyX,YYxYXXyXXyx,1,2190,1000,15
ac19_1637,YXYXyx,YYYXyXyXXYx,7,2230 8098 71958 74312 85220 87034 121627,1000,15
ac19_1653,YXYXyx,YYXXyXXyxxxYx,2,2246 36682,1000,17
ac19_1660,YXyXXXyx,YYYxxxyXyxx,1,2253,1000,19
ac19_1665,YXYXyx,YYYXyyXyXyxxx,2,2258 83079,1000,19
ac19_1667,YXXYx,YYYYXYxyXyyyx,1,2260,1000,15
ac19_1670,YYXXyxx,YYxYxyX,26,2263 22554 24328 28457 39429 42855 50372 62180 64140 67298 75687 78196 80979 83179 92412 92982 94496 107962 111977 124099 125591 137290 139252 142594 149866 153323,1000,14
ac19_1690,YXYxyx,YYYxxYYxYYxyx,3,2285 18279 88481,1000,15
ac19_1706,YXYXyx,YYXYYXyXyXyxxYx,1,2301,1000,17
ac19_1715,YXXXYxx,YYYXYXXyxyyxx,3,2310 35889 112355,1000,18
ac19_1725,YYXXXXYxyxx,YYXXXXyxxxx,9,2320 3640 20298 52094 78630 114361 124037 147300 155737,1000,15
ac19_1757,YXYXyx,YYYXYxYXyyXXX,1,2354,1000,17
ac19_1769,YXYXyx,YYYXYxYxyyXXX,1,2368,1000,17
ac19_1800,YXYXyx,YYYxyXYXyXXYx,5,2403 14072 49119 102474 152265,1000,15
ac19_1809,YXXyx,YYXYxyyXyXyXXXX,2,2413 128243,1000,18
ac19_1811,YXXyx,YYYXyyyxxxxxxYx,2,2415 34025,1000,20
ac19_1837,YXXyXyx,YYxyXyxxYX,3,2442 66562 75332,1000,14
ac19_1838,YXXyx,YYYXyXXyyXyXXYYX,2,2443 68114,1000,19
ac19_1850,YYXXXYxx,YYXXyxxYX,10,2456 8262 12118 14093 37457 37550 44128 76723 116530 151004,1000,13
ac19_1865,YXYXyx,YYYYYXXXXXXYX,3,2471 10434 141740,1000,19
ac19_1880,YXXXXyXXyXX,YYXyyXXXXyXX,1,2486,1000,17
ac19_1889,YXYXyx,YYYxyxYYXyXyyXX,2,2495 106307,1000,19
ac19_1897,YXYXyx,YYXXYxYxYXXyX,3,2503 72018 114525,1000,15
ac19_1903,YXYXyx,YYYYXYxyyyXXXYx,2,2511 117588,1000,19
ac19_1909,YXyXXyx,YYYxyxyxxYx,3,2517 93240 150550,1000,17
ac19_1926,YXyXXXyX,YYXXXyXyxyXXX,1,2535,1000,19
ac19_1927,YXYXyx,YYXYxyXXXXyXYxx,4,2536 104464 119958 154477,1000,17
ac19_1957,YXXyx,YYYXYYXyxyXyXyXXX,1,2567,1000,18
ac19_1983,YXXyx,YYYXyyyXXXXXYx,1,2593,1000,17
ac19_1997,YXXyXyx,YYYxxYxxyx,3,2607 65132 83341,1000,14
ac19_2060,YYXYYxyyx,YYXXXyxxx,1,2673,1000,15
ac19_2101,YXYXyx,YYXyyXXXyxxYx,1,2717,1000,17
ac19_2146,YXXXyXYx,YXyxxxxyx,13,2766 14526 48754 56965 71785 80340 93428 114050 119649 124390 127716 135818 144259,1000,13
ac19_2149,YXYXyxYXyx,YYYxyXYxyXX,9,2770 26687 60143 104012 107883 108191 127878 129899 137911,1000,17
ac19_2151,YYXXXXYYx,YYYYXyyXyx,1,2772,1000,19
ac19_2161,YXYXyx,YYYYYXYxYXXyXXX,2,2784 40284,1000,21
ac19_2178,YXXYx,YYYXYxxyyyX,7,2801 12025 15203 54597 94049 94668 149758,1000,15
ac19_2202,YXXYx,YYYXXyxyyxYX,8,2826 6224 12667 22991 65553 85346 105063 120986,1000,15
ac19_2205,YYXXXXXXyX,YXXXXyxxxxx,26,2830 10377 11915 14562 18181 34361 34653 35187 36417 57771 59143 67005 72938 81008 81600 89355 89885 90373 118030 120084 133521 133603 136263 142228 150323 153727,1000,15
ac19_2237,YXYXyxYXyx,YYYXyXYxyXX,8,2867 9247 54297 79490 93320 94632 117882 129586,1000,16
ac19_2278,YXyxYXXyxxYXXyx,YYXyxYXXyxYXyxYXyX,1,2911,1000,16
ac19_2279,YYXXXyxx,YXyXYxYXX,3,2912 15652 117037,1000,15
ac19_2281,YXYXyx,YYXXXyXXYxxYx,4,2915 11656 87054 126921,1000,17
ac19_2283,YXyXXyx,YYXXXyxyxYxyx,3,2917 69545 93300,1000,17
ac19_2285,YXYXyx,YYYYXXXXXYXYx,2,2919 129269,1000,19
ac19_2327,YXYXyx,YYYxYxyxxyXXXyX,2,2962 58018,1000,19
ac19_2348,YXyXXyx,YYXYxxyxx,9,2984 4938 64910 68272 94448 100153 124963 145754 152126,1000,15
ac19_2391,YYXXXyxx,YYXYxxyXX,3,3033 46581 103013,1000,17
ac19_2406,YXyXXXyx,YYxYXyxyxYxyx,1,3049,1000,19
ac19_2418,YXXX,YYYYXYXyyxyyXyx,1,3061,1000,17
ac19_2420,YXYXyx,YYXXyXXyxxYxx,2,3063 77863,1000,17
ac19_2425,YXXXyXYx,YYXyXXYXX,1,3068,1000,17
ac19_2442,YXXyXyxx,YYxxYXyxxYX,2,3086 101828,1000,11
ac19_2454,YXYXyx,YYYxxyyXXXyxx,1,3098,1000,15
ac19_2480,YXXyx,YYYXyXyyxyyxxYx,2,3124 16507,1000,17
ac19_2482,YXyXXyx,YYYXyyyxx,2,3127 137713,1000,16
ac19_2486,YXyXXyx,YYYxyxyXXYxxyX,1,3131,1000,13
ac19_2493,YYXXYxYXX,YYXXXXYxx,6,3140 3317 49772 144424 148301 152732,1000,14
ac19_2499,YXYXyx,YYxYxxYXyxyXXyX,1,3146,1000,17
ac19_2501,YXYxyx,YYxYXyxYYxx,14,3148 3257 8675 12681 40133 45094 80221 80530 84638 88533 104910 105890 109871 143134,1000,15
ac19_2518,YXYXyx,YYYYYYXyXyXXX,1,3165,1000,19
ac19_2525,YXYXyx,YYYYYXXXXXX,3,3172 12717 119092,1000,17
ac19_2552,YXyXXXyx,YYXXXyxyx,2,3203 114434,1000,15
ac19_2565,YXyXXyx,YYXXXyXyxyXYXyxyX,2,3216 127382,1000,17
ac19_2574,YXYXyx,YYYXyxyXyXXYYYx,2,3226 14518,1000,19
ac19_2599,YXXX,YYXYYXyyxYXXyyx,1,3252,1000,17
ac19_2600,YXYxyx,YYXyXyXXyyx,10,3253 12962 20399 21523 27605 28193 83892 93746 102319 152326,1000,15
ac19_2605,YXXYxxyx,YYXYxYxxxyX,1,3259,1000,15
ac19_2622,YXXXXXXyxYx,YYXXXXXyyxYx,3,3277 102968 155072,1000,16
ac19_2623,YYXYXyX,YYxyXXX,21,3278 10111 14922 21509 23642 29415 37487 40104 43347 52458 61223 70528 75932 80632 95009 96791 99977 101109 108636 134705 136594,1000,14
ac19_2671,YXXYxYxx,YYXXXXyxxxx,1,3330,1000,15
ac19_2680,YXXyxYx,YYXYXXYYxYx,1,3341,1000,15
ac19_2681,YXYXyx,YYYXYYxYXXXyX,2,3342 132693,1000,17
ac19_2696,YYXXYxYXXXYx,YYXXXyxxYXXYx,1,3360,1000,18
ac19_2708,YXYXyx,YYXyyXyyxYxxx,2,3372 9450,1000,17
ac19_2711,YXXyXyxx,YYXyxyxxYYx,1,3375,1000,17
ac19_2715,YXYXXYx,YYxYxyXYXyX,1,3379,1000,17
ac19_2716,YXXYx,YYYXXXYxyxyyx,1,3380,1000,15
ac19_2757,YXYXyx,YYYXyXXXXYXYx,2,3425 142004,1000,17
ac19_2802,YXyXXyx,YYYxyxyXyXX,2,3474 3525,1000,17
ac19_2805,YXYXyx,YYXyyXyxxYxyx,4,3478 80394 83375 140848,1000,15
ac19_2807,YXXyx,YYYYXyxyyxx,7,3480 44097 75970 91387 98923 139084 140246,1000,15
ac19_2822,YXXYx,YYYXyyxyyx,26,3496 5241 7769 8501 12487 24184 27006 35238 37942 57041 58551 81089 82342 83690 92765 94121 96285 96361 119140 119265 120133 125650 126151 143929 148187 152334,1000,15
ac19_2823,YXYXyx,YYXXXyyXYXYxx,1,3497,1000,17
ac19_2857,YYYXXXX,YYYYYXyyXyyx,1,3537,1000,18
ac19_2861,YXYXyx,YYXXyXXyXYxxx,8,3541 6607 6911 31566 47709 89728 100174 135778,1000,15
ac19_2880,YXYXyx,YYXYxyXyyXXYx,9,3563 66640 66853 85124 92262 127050 141332 141917 150377,1000,15
ac19_2881,YXYXyx,YYXyyXyxxYx,10,3564 18003 20609 32026 55119 72054 74065 81364 121014 152016,1000,15
ac19_2885,YXYXyx,YYXXXXyyxYYxxyx,1,3568,1000,17
ac19_2887,YXYXyx,YYYYYYXyXXX,4,3570 120739 140793 144640,1000,17
ac19_2898,YXXX,YYYYYXyxxyyyxyX,2,3585 66666,1000,17
ac19_2901,YXyXXyx,YYYXyxyxYYxyx,1,3588,1000,16
ac19_2911,YXXYx,YYYXXXYxxYXYYX,1,3599,1000,15
ac19_2950,YYXXXyxxx,YYXXYxxyyX,3,3652 116243 128175,1000,15
ac19_2962,YXYXXYxyX,YYYXyXYxyxYXXyyx,1,3664,1000,20
ac19_2972,YXYXyx,YYYXyxyyXyXXYYx,2,3678 119594,1000,19
ac19_2977,YXYXyx,YYXyxyXXyXXYYxx,2,3683 154530,1000,19
ac19_2980,YXYXXYx,YYXXyxYXXyxx,1,3686,1000,14
ac19_2984,YXXYx,YYXyyXYxyyx,5,3691 50315 112619 125805 155059,1000,15
ac19_2995,YXYXyx,YYXyXyyxYXyxxxx,2,3703 69902,1000,19
ac19_3005,YXYXyx,YYYYxyXXYXyXX,1,3714,1000,17
ac19_3052,YYYXXXyxx,YYXXXXyxxxx,5,3766 27887 94867 110418 136904,1000,15
ac19_3071,YXyXXXyx,YYxyXYYxyxYxyxx,2,3791 53415,1000,17
ac19_3076,YXyXXyx,YYXXXXyXyyxyX,2,3796 5653,1000,17
ac19_3093,YXXYxxyX,YYYXYXXyyyx,1,3814,1000,17
ac19_3129,YYXXXyxx,YYxyxxYXXXX,2,3855 34446,1000,14
ac19_3133,YXYXyx,YYYXyxyXyXXYx,5,3859 68744 75093 78593 156600,1000,15
ac19_3135,YXYXyx,YYXYxyyXXXyyxxx,2,3861 58327,1000,19
ac19_3162,YXYXyx,YYYXXyyyXyxxx,2,3890 27372,1000,17
ac19_3174,YXYXyx,YYxYxYXyyXXYxyX,6,3905 18863 50251 62695 72930 153370,1000,17
ac19_3206,YXYXyx,YYxYXyxyXXyXyxx,1,3942,1000,17
ac19_3225,YXYXyx,YYYYXXXXyXyxx,2,3962 117558,1000,15
ac19_3237,YXXYXXYxx,YYYYXXXyxxYXX,1,3975,1000,17
ac19_3239,YXYXyx,YYYxyXyXyxyxx,2,3977 152301,1000,17
ac19_3245,YXYXyx,YYXyyXXyxxxyx,2,3983 51160,1000,15
ac19_3248,YXYXyx,YYXYxyXyXyxxx,4,3988 89656 130104 131219,1000,15
ac19_3252,YXXYxxyX,YYXyxYXXyyx,1,3992,1000,14
ac19_3272,YXyXXyX,YYXYxyxxyxxYxxx,1,4020,1000,17
ac19_3275,YXyXXXyx,YYxyxxyXYXyXX,1,4023,1000,17
ac19_3287,YXyXXyx,YYXyyxyXYxyX,3,4035 42667 113121,1000,15
ac19_3293,YXXyXyxx,YYYYxxYxx,6,4041 17186 36763 80959 104093 145908,1000,17
ac19_3303,YXXyxYx,YYYYYXYxyX,2,4054 99453,1000,17
ac19_3319,YXXXYxx,YYYXYXXyxx,5,4073 61554 93565 109885 151265,1000,14
ac19_3366,YXYXyx,YYXyXXyXXYxxx,2,4126 43125,1000,17
ac19_3372,YXYXyx,YYXyyXXyxyxYx,2,4134 90778,1000,17
ac19_3381,YXYXyx,YYXyXXXXXYxYxyx,2,4143 103432,1000,17
ac19_3382,YXXYxxyx,YXXYxYxxYxxyX,6,4144 23766 58114 80661 125580 149418,1000,15
ac19_3389,YXYXyx,YYxYxyxYXyyXX,4,4151 23321 104703 110702,1000,15
ac19_3396,YYXXXYx,YYXyxxYXX,22,4161 5596 6182 23484 34785 37177 47373 50353 66784 68361 78540 98183 104642 116324 121216 132552 134771 141277 142167 143716 149380 150498,1000,15
ac19_3399,YXYXyx,YYXyyXXYxYxYX,1,4165,1000,15
ac19_3432,YXXyXYx,YYXXXXyxxx,8,4207 86554 117943 121287 128131 138522 153391 156549,1000,15
ac19_3436,YXYXyx,YYXXXyXyxxYxx,2,4213 119004,1000,17
ac19_3444,YXYXyx,YYYYxxyXXXyXX,2,4224 28224,1000,19
ac19_3470,YXXX,YYYXyyXyyXyxYYx,2,4251 84434,1000,19
ac19_3486,YXYXyx,YYXyyXyxxxyxx,1,4271,1000,17
ac19_3514,YXYXyx,YYXyyXXyyxxYx,2,4300 147606,1000,19
ac19_3518,YYXXyx,YYYYXyxyyXX,12,4304 7047 10668 16962 41840 45454 58889 99331 121176 134136 136239 144770,1000,15
ac19_3549,YXXYx,YYYXYxyXYYXyyx,3,4338 41292 77914,1000,18
ac19_3566,YYXXXYxx,YYYxxyXXX,3,4358 37572 85230,1000,16
ac19_3596,YXyXXyx,YYYXyxxxxxyX,1,4395,1000,15
ac19_3597,YXYXyx,YYXYxyXXXyXYxYx,3,4396 123146 149089,1000,17
ac19_3615,YXyXXyx,YYYxxYXyxyyx,7,4416 41245 57024 70086 103147 103763 116237,1000,15
ac19_3620,YXXYx,YYXyyXXyxYxyxx,1,4423,1000,15
ac19_3631,YXXYx,YYXYxxyXYXXyyx,1,4436,1000,15
ac19_3654,YYXXXYX,YYYXyxxyXX,2,4462 138200,1000,15
ac19_3661,YXYXyx,YYXyyXXYYxxYX,1,4469,1000,15
ac19_3666,YXXXYxx,YYYXXXyxyxyyxx,3,4474 29556 79973,1000,18
ac19_3667,YYXXXyxxx,YYYYXXYXYxx,2,4475 126009,1000,16
ac19_3676,YXyXYxx,YYYYYYXYYxx,1,4487,1000,16
ac19_3678,YXyXXyx,YYXXXyyxxYXyx,2,4489 50819,1000,15
ac19_3696,YYXXyx,YYYXyXXYX,4,4507 4842 49057 118230,1000,15
ac19_3713,YXyXXXyx,YYXyyXyXX,4,4525 31214 116309 130558,1000,16
ac19_3741,YXYXyx,YYYYYXXXXXXYxyX,2,4558 25952,1000,19
ac19_3764,YYXXXyx,YYXyyxyxxyx,3,4583 112038 129222,1000,15
ac19_3782,YYXXXXYX,YYXYxyyXX,3,4601 69866 96745,1000,14
ac19_3785,YXyXYxx,YYYYYXYxyX,6,4605 21383 51995 74968 118882 146459,1000,16
ac19_3786,YXXyx,YYYYXYXyxxyyyx,3,4607 133042 147209,1000,15
ac19_3788,YXYXyx,YYYXXyXXXYx,4,4609 12026 52843 73926,1000,15
ac19_3797,YYXXYx,YYYxyXYxyyX,10,4619 17325 27179 30179 60867 85935 119587 127449 129711 144968,1000,15
ac19_3807,YXyXXyx,YYYXyxxyxx,4,4629 102028 126014 154318,1000,17
ac19_3820,YXXXyxx,YYXyXYxyxYXXyx,4,4643 43409 94866 103456,1000,20
ac19_3866,YXXYXXyX,YYxYXyXYXyXyX,1,4693,1000,15
ac19_3871,YXXYx,YYYYXXYYxyyXYX,1,4700,1000,15
ac19_3874,YXXYXXyxx,YYYXXyXXYX,2,4704 58656,1000,19
ac19_3880,YYYXXXX,YYYxyyXyyx,1,4710,1000,17
ac19_3907,YXYXyx,YYYxYXyXXyXYX,1,4740,1000,17
ac19_3942,YXYXyx,YYXyXXyxyxYYx,2,4781 70128,1000,15
ac19_3943,YXXyx,YYYXyyXyyXXYYX,2,4782 95924,1000,17
ac19_3965,YXYXyx,YYYYxyxYYXyXXyX,1,4809,1000,19
ac19_3968,YXXyXyx,YYXXXYxxxyyx,1,4812,1000,17
ac19_3973,YXyXXyx,YYXyyXyxyXX,3,4818 23947 50373,1000,16
ac19_3983,YYXyxxxyX,YYXXyXXYxyX,1,4829,1000,15
ac19_3993,YYXXyxx,YYYXXYxYYYxx,2,4840 148128,1000,18
ac19_3995,YXXyXyx,YYYxxxxx,10,4843 23081 36025 62491 62949 66247 66371 91811 121747 128476,1000,15
ac19_4023,YXYXyx,YYYXyXXyXYxYX,1,4874,1000,15
ac19_4031,YXXXXYx,YYxyXXXYXyx,2,4883 59412,1000,17
ac19_4034,YXYXyx,YYYxyXyXXYXYx,2,4886 10260,1000,19
ac19_4039,YXyXXXyx,YYXyXYXyXYxyXyxyx,1,4891,1000,19
ac19_4046,YXXYx,YYYXYYXXyyx,5,4899 65296 80056 88567 126030,1000,15
ac19_4056,YXYXyx,YYXXYYxYXyXyX,1,4911,1000,15
ac19_4076,YYYXXXXyyx,YYYYXXyyxyX,6,4934 22360 55215 61817 74330 143432,1000,15
ac19_4077,YXyXXyx,YYYXyyxYxxx,3,4935 108134 137788,1000,16
ac19_4091,YXXYx,YYYXYYxyyX,18,4951 6747 21349 24080 30817 31118 32941 71167 86233 94733 94930 95274 100352 104522 111404 139401 147763 152731,1000,15
ac19_4099,YXYXyx,YYXYxyyXXyyxYxx,2,4960 16764,1000,17
ac19_4100,YXXyx,YYYXYXyyxyxyyxxx,2,4961 148589,1000,18
ac19_4130,YXYXyx,YYYYYYxyXXXXX,2,4996 150480,1000,19
ac19_4144,YYXXXyXX,YYXyXyXYX,1,5011,1000,17
ac19_4178,YXYXyx,YYXyyxyXXyXYYxx,1,5053,1000,17
ac19_4183,YXYXyx,YYYxYXXyXXX,4,5058 52743 79734 105507,1000,17
ac19_4185,YXXYxxyx,YYYYxxxyX,2,5060 151196,1000,15
ac19_4195,YXXYx,YYYXXyxyxYxyX,1,5071,1000,15
ac19_4227,YXYXyx,YYXXXyXYYxx,10,5108 15397 38293 50119 53227 54779 107039 122203 144359 145005,1000,15
ac19_4243,YXXYx,YYXYXYYXyXYxx,2,5125 45696,1000,15
ac19_4277,YXYXyx,YYYXyXyXyxxxx,2,5168 97665,1000,17
ac19_4280,YXYXyx,YYYxxYXyxyXyyXX,1,5171,1000,19
ac19_4308,YXXYx,YYXyXXYXyyxYxx,1,5205,1000,15
ac19_4366,YXXYXXyX,YYXYXyyXX,2,5275 108362,1000,15
ac19_4395,YYXXXYX,YYYxyXXXX,17,5311 28048 72117 76722 76755 79269 83660 87541 110760 112223 112246 116556 117375 120151 121153 125494 154229,1000,15
ac19_4410,YXYxyx,YYXXyXyyXyx,7,5328 8539 72942 96268 108408 137621 139383,1000,15
ac19_4415,YXyXXyx,YYXXXXyyXyxyx,2,5333 129306,1000,17
ac19_4433,YXXyXyx,YYYxyXYxxyyX,1,5352,1000,14
ac19_4440,YXYXyx,YYYXyyXXyxxYx,1,5359,1000,17
ac19_4444,YXYXyxYXyx,YYXXXYxYXyx,13,5365 28068 39499 52108 58805 68695 76767 84228 92452 111422 133785 134632 146554,1000,8
ac19_4453,YXYXyx,YYXXyXXXXYYxx,2,5375 48066,1000,19
ac19_4492,YXYXyx,YYxYYxyXyXX,4,5422 23532 30551 124745,1000,15
ac19_4533,YXYXXYx,YYxyXXyXYx,1,5466,1000,16
ac19_4534,YXYXyx,YYYYXYxyXXyXX,2,5467 127188,1000,17
ac19_4546,YXXYx,YYYXYxyXYxyX,22,5480 9238 10279 26220 28756 32942 46789 55137 65248 67836 68647 74286 84561 87653 97235 104494 110043 116408 130614 142642 152114 154812,1000,15
ac19_4549,YXXYXXyxx,YYYxxyXXyX,1,5484,1000,18
ac19_4585,YXYXyx,YYXXXXyXyxYxx,3,5525 44152 128283,1000,15
ac19_4604,YXyXXyx,YYYxxYXXyyyx,6,5545 103935 131877 135977 139208 148995,1000,16
ac19_4613,YXYXyx,YYXYxxxyXyXXXYx,1,5554,1000,19
ac19_4627,YXYXyx,YYYYxYXyyXXXX,1,5570,1000,19
ac19_4632,YXYXyx,YYXYYxYxyXXXX,1,5575,1000,19
ac19_4671,YXyXXyX,YYXXyxxyxYXyx,1,5619,1000,17
ac19_4673,YXXYx,YYYXyxYXYYXyyx,2,5622 45011,1000,18
ac19_4678,YXYXyx,YYYYxyyyXXyxx,1,5629,1000,15
ac19_4680,YXXYxYxxx,YYXXyXyxyx,2,5631 67852,1000,15
ac19_4692,YXYXyx,YYXYxyyXyyXXYxx,1,5644,1000,17
ac19_4704,YXYXyx,YYYYYxyXXXyXX,2,5657 131594,1000,19
ac19_4709,YYYXXXXyx,YXXXyXYxxx,14,5664 10610 21767 40111 50422 52557 63408 93378 105941 121690 122125 126848 128768 142073,1000,16
ac19_4710,YXyXXXyx,YYXyxxxyXYx,1,5666,1000,17
ac19_4725,YXXYx,YYXyyXYXYXYxx,3,5686 110769 148932,1000,15
ac19_4727,YYXXyxx,YYXYYxxxxyXX,1,5688,1000,18
ac19_4740,YXXYxxyxx,YYxxyXYXyx,1,5702,1000,15
ac19_4743,YYXXXXXyxyxxx,YXXXXXyXXXYxx,1,5705,1000,17
ac19_4756,YXyXXXyx,YYYXyxYxyXXyxyX,1,5719,1000,19
ac19_4762,YYXXXXYX,YYXyyxYxyyx,1,5725,1000,19
ac19_4764,YXYXyx,YYXyyXyyxxYxxYX,2,5727 52793,1000,19
ac19_4776,YXXyXYx,YYxxyXYXXXX,9,5740 16126 29693 37594 46362 78286 91003 91995 136166,1000,15
ac19_4782,YXyXXyx,YYYXyyxxxx,2,5747 73949,1000,17
ac19_4820,YXXyxYXXyxx,YYXyXXXXYxxyXXXX,3,5789 6598 93067,1000,17
ac19_4825,YXYXyx,YYYXXXXXYxx,5,5796 17958 19284 21159 79806,1000,15
ac19_4829,YXYXyx,YYXyXyXXyxxYxyx,2,5800 19381,1000,17
ac19_4838,YXYXyx,YYXXyXXYYxx,4,5816 16457 52608 143848,1000,15
ac19_4839,YXYXyx,YYYXXyXyxxx,5,5817 26882 75666 114523 155121,1000,15
ac19_4850,YYXXYXXYx,YYXXYxyXyx,9,5828 10866 20091 56796 67568 84190 85822 133482 156364,1000,15
ac19_4854,YXXyx,YYYXyyXyXyXXXXX,2,5835 69429,1000,20
ac19_4862,YXYXyx,YYXyyXyxxxx,4,5850 62253 139148 143010,1000,15
ac19_4894,YXXyXyx,YYXyxxyXX,4,5887 48578 67603 142133,1000,15
ac19_4900,YXXYx,YYXyxyxYYXXyx,1,5893,1000,15
ac19_4906,YXyXXyx,YYYYxyxyx,8,5899 13530 48990 56647 87497 111104 114789 142634,1000,16
ac19_4915,YXYXyx,YYXXXyyxyxYxx,2,5913 88135,1000,17
ac19_4926,YXYXyx,YYYYXXXXyxxyx,1,5925,1000,15
ac19_4944,YXXYxxyX,YYXXyXYYx,3,5945 37410 104626,1000,15
ac19_4952,YXYXyx,YYXXXyxyXyyxYYx,1,5953,1000,17
ac19_4959,YXYXyx,YYXyXyyxYxx,7,5961 15632 26811 28008 45269 60851 147269,1000,15
ac19_4974,YYXXYYxyX,YYXXYYXXYx,2,5978 104629,1000,16
ac19_4978,YXYXyx,YYxYXyyXXYx,7,5982 12408 74676 115973 128369 143309 145343,1000,15
ac19_4984,YXYXyx,YYxYXyyXyxx,9,5990 18960 57450 67805 84962 90789 116504 129212 149400,1000,11
ac19_4994,YXYXYXXX,YYYXyXXyx,2,6001 100105,1000,15
ac19_4995,YXYXyx,YYYxYxyyXXXYxyX,2,6003 137641,1000,19
ac19_5016,YXXXYxx,YYXYXYYXXyyxx,3,6026 70622 102578,1000,18
ac19_5036,YXYXyx,YYXXyXyyxyxxx,2,6047 32216,1000,19
ac19_5076,YXXyx,YYYYXyXyxyyyX,3,6094 66692 68054,1000,15
ac19_5087,YXXyx,YYYYXyXyxyyyxxxx,1,6105,1000,19
ac19_5109,YXYXyx,YYXyXyXXYxxYX,1,6134,1000,15
ac19_5129,YXYXyx,YYxYxyXXyXYYxyX,1,6158,1000,15
ac19_5130,YXYXyx,YYXyXXyyxxxYxYX,1,6161,1000,19
ac19_5159,YYXXXXX,YXyXXYxyXYx,2,6200 125605,1000,15
ac19_5161,YXXyx,YYYXYxYXyyXyyXXX,2,6202 103446,1000,18
ac19_5174,YXXyXYx,YYXXXYXXyxx,9,6219 24601 48048 59775 60898 74665 98782 116201 154679,1000,15
ac19_5181,YXYXyx,YYXXXyyxYxyxx,1,6227,1000,15
ac19_5195,YXYXyx,YYYYxyXXyyX,9,6242 8007 49626 61597 67435 124843 125063 137380 141721,1000,15
ac19_5202,YXYXyx,YYXyyXyyxxxyx,2,6252 86454,1000,17
ac19_5203,YXYXyx,YYYXXYXXXyyxx,1,6255,1000,13
ac19_5215,YYXXXXyx,YXXXXXXXXYx,4,6268 12362 96486 151465,1000,15
ac19_5221,YXXXyXYx,YXYXyxyXXYx,1,6274,1000,13
ac19_5230,YXXyXyx,YYxxYYxxyx,2,6286 107895,1000,16
ac19_5231,YXXX,YYYYXYXyXyyxyyx,1,6287,1000,17
ac19_5248,YXYXyx,YYYYxYxyXXXyX,2,6304 54978,1000,19
ac19_5250,YXXyXyx,YYxyXYxyxx,2,6307 41705,1000,14
ac19_5262,YXXYx,YYYxyxyyXYXyyx,1,6322,1000,18
ac19_5263,YYYXXXX,YYYxyXXYXyyx,1,6323,1000,13
ac19_5273,YXXyXyxx,YYYYxYxxx,14,6337 13396 13673 84905 88539 89702 90327 92043 96458 97552 98693 115322 128342 139637,1000,15
ac19_5290,YXXXyxxYx,YYYYxxYXXX,1,6355,1000,18
ac19_5303,YXYXyx,YYYYXyxyXXXXYYx,2,6371 24930,1000,19
ac19_5313,YXYXyx,YYXYYxyyXXyyxYx,1,6383,1000,17
ac19_5327,YXYXyx,YYYYxyxYXyXyyXX,2,6398 105754,1000,19
ac19_5339,YXXYx,YYYXYYXXyyxyyx,1,6415,1000,18
ac19_5367,YXYXyx,YYYXXXYXyXXYx,1,6450,1000,15
ac19_5375,YXYXyx,YYYYYxyXyXXYXyX,1,6459,1000,19
ac19_5378,YXyXXXyx,YYYxyXXXyxYxyyx,1,6463,1000,17
ac19_5382,YXYxyx,YYXyXXyXyxx,11,6469 36944 53709 62692 64778 75257 78479 80419 112807 117957 149359,1000,15
ac19_5398,YXYXyx,YYXYYXyXyXXYx,3,6486 102104 122457,1000,15
ac19_5418,YXYXyx,YYYXyXXyXXyxYxx,1,6507,1000,17
ac19_5437,YXYXyx,YYXyXyXXXYxYxyx,1,6527,1000,17
ac19_5443,YXXyx,YYYYXXYxyxyyyxx,2,6533 51856,1000,18
ac19_5453,YXYxyx,YYXyxYxYYxx,9,6545 14278 14546 15006 62931 96970 98379 114381 141863,1000,15
ac19_5468,YYXXYxYXyyx,YYYXyyxYYXyyx,4,6561 34183 75263 84477,1000,14
ac19_5478,YYYXXXyxx,YYYXYXXXYxx,2,6571 55749,1000,16
ac19_5489,YXYXyx,YYYxxYYXyxyyXyX,2,6583 46905,1000,17
ac19_5492,YYXXXyx,YYYXYxxyyXyX,2,6586 56167,1000,14
ac19_5514,YXYXyx,YYXyXXYxyXXYxxx,1,6614,1000,15
ac19_5527,YXXyxYx,YYYYYXXyxxYX,1,6628,1000,15
ac19_5542,YYXXXYx,YXYxYxYXXXX,4,6647 59366 76816 140184,1000,14
ac19_5564,YXYXyx,YYXXXyXyxxx,8,6671 21760 37584 80067 82674 90986 133117 139686,1000,15
ac19_5580,YXXyx,YYYYYXyXyxyyyyx,1,6690,1000,17
ac19_5588,YXyXXyx,YYXyXYYxyxyx,3,6699 91302 135663,1000,15
ac19_5593,YXXyXyx,YYXyxyXXyX,1,6706,1000,14
ac19_5596,YXXyx,YYYXyyxyyxxxxx,2,6709 136132,1000,16
ac19_5613,YXYXyx,YYXyXyXXYYx,5,6728 48027 96225 110405 144333,1000,15
ac19_5628,YXXyx,YYYYYYXyyxyxxyyx,1,6746,1000,17
ac19_5638,YXyXXyx,YYXXXyxxxyx,6,6757 15448 83208 102850 103751 146916,1000,15
ac19_5652,YYXXyxx,YYYYXYxyx,13,6774 9007 54541 72955 75269 88713 97845 105559 106513 114577 127485 145935 148401,1000,14
ac19_5696,YXYXyx,YYYYXyXXyyxYx,3,6826 32700 108885,1000,17
ac19_5702,YXXyx,YYYYXXXyXyyyXXYX,1,6833,1000,19
ac19_5705,YXyXXXyx,YYXyXYXXyxxYxxyyX,1,6836,1000,17
ac19_5710,YXXyx,YYYYXyyXyyXyXX,2,6841 110445,1000,19
ac19_5723,YXYXyx,YYXyXXXYxYXYx,2,6858 47299,1000,15
ac19_5732,YXYXyx,YYYYxyXyXyyxx,1,6868,1000,19
ac19_5754,YXXYxxyX,YXyxYxYXXyX,2,6897 136589,1000,15
ac19_5759,YXYXyx,YYXyyXXXYxYxx,2,6902 101408,1000,17
ac19_5773,YXXyXYx,YYXYXyXyyxx,1,6919,1000,15
ac19_5778,YXYXyx,YYXYxyXXyyXyxxx,2,6925 130512,1000,19
ac19_5783,YXYXyx,YYXyXyyXYXYxx,3,6932 80814 121540,1000,15
ac19_5788,YXXYx,YYYXXXYXYYxyx,2,6938 71230,1000,15
ac19_5792,YXYXyx,YYXyyXXXYxxYX,2,6942 66690,1000,15
ac19_5807,YXYXyx,YYYxYxyXXyxyXyX,1,6958,1000,17
ac19_5817,YXXyx,YYXYYxyXyyxyxyxx,2,6968 79926,1000,14
ac19_5821,YXYXyx,YYYYXyXXXyXYx,1,6973,1000,17
ac19_5822,YXyXXyx,YYYYxyXXyyxx,1,6974,1000,17
ac19_5849,YXYXyx,YYXYxxyyXXXyxxx,1,7008,1000,17
ac19_5852,YXYXyx,YYXXXYYxYXXyX,1,7013,1000,15
ac19_5865,YXYXyx,YYYXXXYYXXXYx,1,7033,1000,15
ac19_5879,YXYXYx,YYYXyyyXyxYYXXYxYYx,1,7052,1000,19
ac19_5880,YXYXXYx,YYXXyxYxyX,2,7055 111569,1000,16
ac19_5894,YXXX,YYYYYXyXyxyyX,1,7070,1000,17
ac19_5900,YXYxyx,YYYxYxxYYYxyx,1,7076,1000,15
ac19_5901,YXYXyx,YYYXyXXyyyxYx,2,7078 97525,1000,17
ac19_5912,YXXyXYx,YYXXyxYXXXyxyxx,1,7090,1000,20
ac19_5927,YYXXXyxx,YYxYXXXXX,8,7111 15670 62662 64802 83712 89743 111983 133395,1000,17
ac19_5929,YXYXyx,YYXyXyyXyxxxx,1,7113,1000,19
ac19_5932,YXXyx,YYYYXXXyXyyyXyXX,1,7116,1000,19
ac19_5947,YXyXXyx,YYXXXXyyxxx,2,7133 98312,1000,17
ac19_5977,YXyXXyx,YYXyXYxYXyxxyyX,2,7171 142069,1000,17
ac19_5979,YXYXyx,YYYYxxYXyyyXX,2,7173 108519,1000,19
ac19_5981,YXXYxxyX,YYYXXyxyx,3,7175 109187 150481,1000,14
ac19_5986,YXYXyx,YYXXXyXyyxYxxyx,1,7184,1000,19
ac19_6022,YXYXyx,YYXYYxxYXyyXX,2,7235 19490,1000,17
ac19_6035,YXXyxYXXyxx,YYXyXXXYxxyXXXXX,3,7251 84335 113384,1000,17
ac19_6046,YXyXYxx,YYYXYXyyxYxx,1,7267,1000,13
ac19_6059,YXYXyx,YYYYXyyyXXyxx,1,7285,1000,17
ac19_6106,YXYXyx,YYYYYYXyXXyXX,2,7343 133183,1000,19
ac19_6118,YXXyx,YYYXyXyXyXXXXYX,2,7356 131290,1000,19
ac19_6145,YXXX,YYYYYXyyxyyyx,3,7390 147250 155018,1000,17
ac19_6149,YXYXyx,YYxYYxYXyxyXXyX,2,7394 30348,1000,19
ac19_6193,YXYXyx,YYXXXyXXyxYxx,3,7444 113796 135533,1000,15
ac19_6195,YYXXYXX,YXyXXXyxYxYx,3,7447 28176 56685,1000,16
ac19_6208,YXYXyx,YYYXyXXXYYYXX,1,7462,1000,15
ac19_6216,YXXyx,YYYXyyXyxyXXXXX,2,7473 131838,1000,18
ac19_6220,YXYXyx,YYYYXyyyyXyxx,1,7477,1000,19
ac19_6253,YXYXyx,YYXyXXXYxYxyx,4,7518 49385 64917 119033,1000,15
ac19_6254,YXXYxxyx,YYXXXXXyyxyxx,1,7521,1000,15
ac19_6262,YXYXyx,YYYXXyXyXYxxx,1,7530,1000,15
ac19_6267,YXXyx,YYYXyXyXyyxxxxYYx,1,7536,1000,19
ac19_6276,YXYXyx,YYXYxYxxyXXyX,2,7546 140114,1000,17
ac19_6304,YXXYx,YYXYxyXYYXyx,6,7582 32573 35464 70115 133320 140609,1000,15
ac19_6319,YXYXyx,YYYXXyxyXXXYYxx,2,7599 38515,1000,19
ac19_6324,YXyXXyx,YYXYxyXYXyyXyxyx,2,7604 132380,1000,17
ac19_6342,YXXyXyX,YYxxxyXYxxyX,1,7623,1000,17
ac19_6364,YXXYXXXYx,YYXXXXyxxx,2,7650 53789,1000,17
ac19_6365,YXYxyx,YYXyxxxYYxx,4,7652 51052 71840 122071,1000,15
ac19_6370,YXYXyx,YYYXyxyXXyyxx,1,7657,1000,15
ac19_6373,YXXyx,YYYYXyyyxyyXXXX,1,7660,1000,19
ac19_6381,YYXXYXyyx,YYxyXYXXX,3,7669 40173 85906,1000,15
ac19_6385,YYXXyxx,YYXYYXXYxyx,12,7674 17673 31725 33066 38915 60432 62577 65376 94772 106865 123286 127507,1000,14
ac19_6387,YXyXXXyx,YYXXyxYxxyxyX,2,7678 26124,1000,17
ac19_6428,YXYXyx,YYYxxxYXXyxyXXX,1,7725,1000,19
ac19_6468,YXYXyx,YYYxYYxyyXXyX,2,7772 9157,1000,19
ac19_6472,YXXyx,YYYYXyxyyyXyXX,4,7778 57070 132360 134073,1000,14
ac19_6482,YXXyxYx,YYYYxyXXYxx,1,7790,1000,16
ac19_6496,YXYXyx,YYXyXXXXXyxYxxx,1,7808,1000,17
ac19_6501,YXXyx,YYYYXyyyyXyyxYxx,1,7813,1000,18
ac19_6513,YXyXXyx,YYYxxYXyyxx,5,7830 20204 21146 93726 122595,1000,15
ac19_6517,YXYXyx,YYXYxyXXXyyxxYx,1,7834,1000,19
ac19_6523,YXYXyx,YYYYYXXyXXXYx,2,7843 38487,1000,19
ac19_6525,YXXYx,YYYXyyxYYXyyx,4,7845 21153 134837 139657,1000,18
ac19_6540,YXYXXYx,YYYXYxxyXyX,2,7864 100268,1000,14
ac19_6541,YXyXXXyx,YYXyxxxyX,9,7865 27540 31007 46934 53830 80545 113079 120369 129041,1000,13
ac19_6554,YYXyxYXXyx,YXyxYXyxxyXyx,1,7883,1000,18
ac19_6557,YXXXXYx,YYxyXXYXyx,7,7886 23292 47440 56866 75352 75725 141737,1000,17
ac19_6571,YXyXXyx,YYYxyxxyXX,3,7903 35378 146111,1000,16
ac19_6577,YXYXyx,YYXXXyxyXXyxxYx,1,7909,1000,17
ac19_6583,YXYXyx,YYXXyXXXyxxYx,3,7916 10323 12722,1000,15
ac19_6588,YXyXXyx,YYxyxxxxYXX,3,7921 78373 154701,1000,17
ac19_6606,YYXXXYX,YYXyXYXXyxxx,1,7941,1000,15
ac19_6648,YYXXyxx,YYYXXYxYxyx,1,7986,1000,15
ac19_6649,YXYXyx,YYXyXYXyXXYxx,11,7987 21310 31204 39965 41884 53535 69238 87310 95814 108474 120733,1000,15
ac19_6664,YXyXXyx,YYYxxxyXXyyXX,1,8006,1000,17
ac19_6665,YXYXyx,YYYXYxyyyXXyyxx,1,8008,1000,19
ac19_6678,YYXXyXyxx,YXYxxyXXYxyXX,2,8025 115893,1000,19
ac19_6682,YXYXyx,YYXyXXXYXYYxx,1,8031,1000,19
ac19_6685,YXYXyx,YYYYxYXyxyyXyXX,1,8035,1000,19
ac19_6689,YXXyx,YYYYXyxyyXX,8,8039 50214 51926 82429 97623 99912 107578 120451,1000,15
ac19_6692,YXYxyx,YYXXXyyXXyxyx,2,8042 43182,1000,15
ac19_6717,YXXyx,YYYXYXyyyxyyxxx,2,8070 91998,1000,19
ac19_6718,YYXXXYX,YXyXXXYxxx,5,8071 15520 51426 108669 144213,1000,16
ac19_6728,YXYXyx,YYXyxyXyXXXYYxx,2,8083 102728,1000,19
ac19_6745,YXXyx,YYYYXyyxyyXXXyX,1,8106,1000,19
ac19_6749,YXyXXyx,YYxyXXyyxyxYXX,2,8112 149688,1000,17
ac19_6750,YXYXyx,YYYXyyXYXXXXYYx,1,8114,1000,19
ac19_6765,YXYXyx,YYYYxYXyxyXyyXX,2,8138 43727,1000,19
ac19_6786,YXXYx,YYXYXyXYxxyyx,2,8164 82225,1000,15
ac19_6789,YXYXyx,YYYxxYxyyXyXX,2,8168 111970,1000,19
ac19_6796,YXYXyx,YYXYxxYXXXyyX,2,8176 122280,1000,15
ac19_6798,YXXyx,YYYYYXYxyyyXyyxyyX,1,8178,1000,19
ac19_6811,YXyXXyx,YYYXyyxyx,4,8193 34941 52314 64558,1000,15
ac19_6814,YXYXyx,YYYxxxYXyXXyX,2,8196 14635,1000,19
ac19_6824,YXyXXyx,YYXXXXyxxyx,3,8209 13192 83564,1000,15
ac19_6834,YYXXYXXYx,YYxyXyXXYx,1,8220,1000,16
ac19_6844,YXYXyx,YYXXXyyxxYXYx,1,8238,1000,15
ac19_6845,YXYXyx,YYYYXXyXXXyxx,1,8239,1000,15
ac19_6847,YYXXXXYX,YYXXYXyyx,4,8241 60999 84336 133816,1000,17
ac19_6865,YXyXXyx,YYXXYxyXXyyxyX,2,8263 77743,1000,17
ac19_6917,YXYxyx,YYYXyXXyyXXyxyxYx,1,8325,1000,19
ac19_6925,YXYXyx,YYXYxYxYXyyXX,6,8334 20714 39768 87099 110487 114173,1000,17
ac19_6939,YYXXXYX,YYYYXXyxyXX,1,8351,1000,16
ac19_6964,YXyXXXyx,YYxyxxyXYXyXYxyXX,1,8377,1000,19
ac19_6967,YXYXyx,YYYxxYXyxyyXXyX,1,8380,1000,19
ac19_6972,YXXYx,YYYXYXXyxYYX,7,8387 11229 62046 64686 69606 107670 143073,1000,15
ac19_6994,YXYXyx,YYXyXXXXyxxYxyx,3,8413 22037 153546,1000,17
ac19_6995,YXYXyx,YYXXYXyyXXYYx,1,8414,1000,15
ac19_6999,YXyXXyx,YYxyxxxYXyxYX,1,8418,1000,16
ac19_7011,YXXYx,YYXyXXyyxYYxx,1,8433,1000,15
ac19_7026,YXyXXyx,YYYxyxyyX,6,8450 42412 76202 82145 134124 141383,1000,15
ac19_7027,YXXyx,YYYXYYxxxyyyXyXXX,1,8451,1000,18
ac19_7037,YYXXXyX,YYXXXXyxyxx,1,8462,1000,15
ac19_7048,YXyXXyx,YYYYxxyXyxx,2,8476 28230,1000,17
ac19_7049,YXXYx,YYXyXYXYxxyyx,2,8477 106973,1000,15
ac19_7053,YXYXyx,YYYXXXXXXYxYxyx,1,8481,1000,19
ac19_7080,YXXYxxyx,YYxYxYYxxyX,2,8520 83674,1000,17
ac19_7138,YXXYx,YYXYxyxYYXXyX,2,8590 30945,1000,15
ac19_7139,YXXYx,YYYYXXYYxyxyyX,1,8592,1000,15
ac19_7151,YXyXXXyx,YYXyXYXyyXXXyyX,1,8606,1000,19
ac19_7173,YXXYx,YYYYXYxyXXyx,2,8630 145515,1000,15
ac19_7175,YXYXyx,YYXYxxyXXXyXYxx,1,8633,1000,15
ac19_7199,YXXyx,YYYYXyyXXyyyXX,2,8661 128774,1000,18
ac19_7206,YXYXyx,YYXYxYxYXyXXX,1,8672,1000,17
ac19_7248,YYXXXXX,YXYxYXXyXyx,1,8728,1000,15
ac19_7252,YXYXyx,YYYXyXyyyxx,5,8732 28180 108720 116800 139883,1000,17
ac19_7255,YXYXyx,YYYXYxyXyyXXYYx,1,8737,1000,19
ac19_7284,YYXXXyXX,YXyxYXXXyxx,3,8769 16286 101025,1000,17
ac19_7302,YXXXXyXyx,YYYxxyxxyX,1,8790,1000,18
ac19_7310,YXYXyx,YYXyyXXYxYx,7,8800 48126 82288 114988 130322 153956 154113,1000,13
ac19_7315,YYYXXXYXX,YYxYXXXXX,3,8807 88467 89121,1000,15
ac19_7319,YXYXyx,YYXYxyXXyXXyxYxxx,1,8814,1000,19
ac19_7335,YXYXyx,YYYYXXXXX,6,8832 58143 93072 114893 123312 142466,1000,15
ac19_7344,YXXYx,YYXYYXyXXYxyx,3,8841 39863 117165,1000,15
ac19_7354,YXXyx,YYYYXYXyXyyyXXX,1,8853,1000,19
ac19_7405,YXYXyx,YYYYxyXXXyX,5,8920 9801 105207 131579 151865,1000,15
ac19_7409,YXYXyx,YYXYxxxYXXyyX,2,8925 143757,1000,15
ac19_7423,YXyXXyx,YYYxyxyxYXyxYxx,1,8943,1000,17
ac19_7427,YXYXyx,YYXyXXyyxYXyxYx,1,8948,1000,15
ac19_7435,YXXyXyX,YYYXyxyyx,17,8957 11033 16997 23859 34938 48999 56045 70585 75037 77997 86756 87652 101973 132721 135907 150151 151954,1000,16
ac19_7436,YXyXXyx,YYxYxxYXyxxyxyXYX,1,8958,1000,18
ac19_7437,YXXyx,YYYYYXyXyXyyXXX,2,8960 125010,1000,18
ac19_7438,YXXYx,YYYXYXyyyx,9,8961 25849 30755 33688 71192 95836 111737 138795 155665,1000,15
ac19_7440,YYXXXXXXX,YXXXyXXYx,3,8963 29069 74071,1000,15
ac19_7441,YXYXyx,YYYYxxyyXyXXX,1,8964,1000,19
ac19_7453,YXYXyx,YYYXXXXyyxxYx,2,8978 22511,1000,19
ac19_7460,YXYXYx,YYXyyXYxxYXyx,1,8989,1000,17
ac19_7492,YXXyx,YYXYYXyyxyXyyXXX,2,9032 116960,1000,18
ac19_7496,YYXXXXXXyxx,YXXXXXyxxxxxx,6,9038 20712 53634 83503 141360 142104,1000,18
ac19_7500,YXYXyx,YYXXXyyXyxYYx,4,9044 19119 54555 77313,1000,15
ac19_7540,YXYXyx,YYxYXyyXXYXYx,3,9095 22294 133269,1000,19
ac19_7541,YYXXXYxx,YXYxxxyXX,12,9096 22211 57455 60605 61903 74578 93896 111464 113203 114502 115774 148642,1000,13
ac19_7545,YXYXyx,YYXYxxyXyXXXXYx,1,9103,1000,19
ac19_7555,YYXXXyyxx,YYXyyXXXyx,1,9113,1000,19
ac19_7567,YXYXyx,YYYYXYYXXXXXX,2,9127 110815,1000,19
ac19_7572,YXyXXyx,YYYYxxxxyx,1,9132,1000,17
ac19_7579,YXyXXXyX,YYxYxxyxyxx,1,9140,1000,17
ac19_7594,YXYXyxYXyx,YYYXXyxYXXX,8,9158 30751 68172 81770 90990 97993 119551 123249,1000,16
ac19_7597,YXXYx,YYYYYXXYYXYXyx,1,9161,1000,15
ac19_7611,YXyXXyx,YYYxyxYXYxyxyXyyX,2,9176 124897,1000,17
ac19_7633,YXYXyx,YYYxyyXyXXyxx,1,9200,1000,17
ac19_7651,YXyXXyx,YYXYxxyXyyx,6,9223 43898 95408 98945 112625 130732,1000,13
ac19_7654,YXXyx,YYYYXyXyxyXyXXYX,1,9229,1000,18
ac19_7665,YXYXXXX,YYYYXXXyyyx,2,9244 69983,1000,16
ac19_7671,YXYXyx,YYXYxyXXyyXYxYXYx,3,9254 15503 22948,1000,17
ac19_7706,YXXYx,YYYXYXYXyyxx,3,9294 20048 52345,1000,15
ac19_7730,YYYXXXYYX,YYYXXXXYx,2,9321 22181,1000,15
ac19_7744,YXXyx,YYYYXyyyyXXXYX,1,9342,1000,19
ac19_7745,YXXYxxyx,YYxYxYxxyXX,2,9343 153219,1000,17
ac19_7750,YXYXyx,YYXXyXyyxxxYx,2,9350 37128,1000,19
ac19_7752,YXYxyx,YYXyXXXYxxyyx,1,9352,1000,15
ac19_7753,YXXyx,YYXYxyXyyXXXXXYX,2,9353 140397,1000,19
ac19_7769,YXXyx,YYYYXYXyyxyyxx,3,9370 29773 64603,1000,17
ac19_7774,YXXXyxYx,YYXyXYxYX,3,9375 100997 123831,1000,15
ac19_7781,YXYXyx,YYYxyXXXyXYxx,3,9385 29124 104488,1000,15
ac19_7788,YXYXyx,YYXXyXyyxYxxxyx,1,9395,1000,17
ac19_7792,YXXyx,YYYXyXyXyyXXYYX,2,9399 25502,1000,16
ac19_7801,YXYXyx,YYYxYYXXyxyyXXX,2,9409 115696,1000,19
ac19_7802,YXYXyx,YYYYxyxYXyXXXyX,1,9410,1000,19
ac19_7811,YXYXyx,YYXyXyyxyxYxx,1,9422,1000,19
ac19_7817,YXYxyx,YYYXXyxxxYx,2,9429 141351,1000,15
ac19_7838,YXYXyx,YYYXyyXyxxx,4,9457 51367 53242 131208,1000,15
ac19_7846,YXyXXyx,YYXXyxYxyxyXX,3,9466 21352 49180,1000,15
ac19_7859,YXYXyx,YYYXXXXXXYxYx,1,9482,1000,19
ac19_7861,YXXXyXyX,YYxxyxYxyxx,1,9485,1000,15
ac19_7866,YYXXXXYX,YYYxyyXXX,3,9490 32830 110293,1000,16
ac19_7886,YXyXXyx,YYXyXYXyyxx,9,9516 26026 59414 71169 73855 79606 84191 105748 115922,1000,15
ac19_7892,YXyXXyx,YYYXyxxYxyx,4,9523 28043 62616 126636,1000,15
ac19_7899,YXyXXyx,YYYXyxYxxxyxx,1,9530,1000,17
ac19_7900,YXXX,YYYYXyXYXyyxyyx,1,9531,1000,17
ac19_7921,YXyXXyx,YYxxyxyXYxyXX,1,9553,1000,15
ac19_7946,YXYXyx,YYYXyyXyyxx,10,9582 23055 44837 53091 79886 86587 87682 114878 138915 154789,1000,15
ac19_7948,YXXYx,YYYXXyyyxyx,5,9584 42472 46078 50239 127198,1000,15
ac19_7956,YXYXyx,YYXYxxYYXXXyX,1,9593,1000,17
ac19_7964,YXXYxxyX,YYXYYXXyX,3,9601 44386 98930,1000,17
ac19_7976,YXyXXyx,YYXyxxxyXXX,6,9616 51798 66117 89515 132748 149864,1000,17
ac19_7993,YXYXyx,YYXXXXyyxxx,4,9637 41261 59569 134933,1000,15
ac19_8006,YXYXyx,YYYYxyXyXXyyx,2,9651 40846,1000,15
ac19_8030,YXXYxxyx,YXYxYxxYxyx,1,9680,1000,17
ac19_8048,YXyXXXyx,YYXXyXYxxyxyx,2,9706 52075,1000,19
ac19_8053,YXXyx,YYYXyXyxyXyXXXYYX,1,9712,1000,18
ac19_8064,YXXyx,YYYYYXyyyXyXXyyX,2,9726 121596,1000,19
ac19_8065,YXXyx,YYYYXyXyyyxyxx,2,9727 104119,1000,14
ac19_8079,YXYXyx,YYYXyyyXXYYYx,1,9742,1000,19
ac19_8081,YXYXyx,YYYXyXXXyxxxx,2,9744 146980,1000,17
ac19_8088,YXyXXXyx,YYXyXXYxyXyyx,2,9751 18000,1000,16
ac19_8099,YXXXXyXYxx,YYXXYXXXXyxyx,2,9765 81324,1000,17
ac19_8100,YXYXyx,YYXXyXXXYxx,7,9766 28616 45300 58467 91240 99568 150072,1000,15
ac19_8116,YXXyx,YYYYYYXyxyyyyx,5,9789 122369 131649 136917 148824,1000,17
ac19_8120,YXXyxYXXyxx,YYXyXXYXXyXXX,3,9795 35252 79328,1000,17
ac19_8125,YXyXXXyx,YYXXyXXYxyxyx,2,9803 134553,1000,17
ac19_8130,YXYxyx,YYXXyXXyxxx,3,9808 126114 150087,1000,15
ac19_8139,YXYXyx,YYYYYxYXyyXXX,2,9818 67075,1000,19
ac19_8142,YXXXYxx,YYYXYXXXyxx,1,9822,1000,14
ac19_8151,YXyXXyx,YYXyxyxYYxx,6,9834 17268 27360 39243 56319 81825,1000,15
ac19_8167,YXYXyx,YYXXyyXXYXYxx,2,9853 112831,1000,17
ac19_8168,YXYXyx,YYXYxxYYXyXyX,2,9854 97085,1000,15
ac19_8203,YXYxyx,YYYXyXXyXyxyx,2,9894 91492,1000,15
ac19_8222,YYXXXyx,YXYXXXyXXYx,2,9918 68170,1000,15
ac19_8223,YXYXyx,YYXXyXXXyxxYxxx,1,9919,1000,19
ac19_8226,YXyXXyx,YYXyxyXyyXX,2,9922 87790,1000,17
ac19_8232,YXYXyx,YYYXyXXyyxYxx,4,9931 107775 117948 133140,1000,17
ac19_8245,YXyXXyx,YYYxxyyXyXX,2,9947 32599,1000,17
ac19_8252,YXYXyx,YYXyXYxxxYXXXyX,7,9955 14811 60616 63027 70832 112308 126476,1000,15
ac19_8267,YXYXyx,YYXXXyXyyXYxYYx,2,9975 15225,1000,19
ac19_8274,YXYxyx,YYYXyXXyyyx,3,9982 71506 95145,1000,15
ac19_8294,YXYXyx,YYYYYxyyxyXXyXX,2,10005 53300,1000,19
ac19_8300,YXYXyx,YYYxyXXyyXXYx,2,10013 120383,1000,17
ac19_8306,YXXYx,YYYXYYXXyxYX,8,10021 21736 46989 95802 108472 130935 136547 136806,1000,15
ac19_8310,YYXXXyxx,YYXYYXXyxxYXX,2,10026 71727,1000,14
ac19_8321,YXYXyx,YYXXXXyXyxxYx,2,10040 113500,1000,17
ac19_8331,YXYXyx,YYYxYXyyyXX,4,10054 15017 51760 82052,1000,15
ac19_8356,YXYXyx,YYYXyyXXXXYYx,2,10083 95250,1000,19
ac19_8389,YXYXyx,YYXXXyyXYYx,8,10121 37359 68720 69424 93841 96580 101281 146165,1000,15
ac19_8399,YXXYx,YYYYXXyxYYX,5,10135 37927 69525 75123 130875,1000,15
ac19_8428,YXYXyx,YYYXyyXXyXYYx,2,10176 86407,1000,19
ac19_8461,YYXXXYX,YYxyXYxxyXXX,1,10215,1000,15
ac19_8484,YYXXXyx,YYXYYXyyX,8,10243 12181 52431 73385 74306 82956 84473 135411,1000,15
ac19_8502,YXYXyx,YYXYxYYXyXXXX,2,10267 49253,1000,19
ac19_8538,YXXyx,YYYXYYxyxyyyXXX,2,10315 134134,1000,18
ac19_8542,YXXYx,YYXyxxxyxYXyyX,1,10325,1000,15
ac19_8579,YXYXyx,YYYxYxyXyXXYxyX,1,10369,1000,17
ac19_8591,YXyXXXyx,YYYxyXXyxyx,2,10386 68600,1000,19
ac19_8593,YXYXyx,YYXYYxYXyyXXX,2,10390 128289,1000,19
ac19_8618,YYXXyx,YXyXXYXXYxx,2,10420 150187,1000,15
ac19_8625,YXYXyx,YYXYxyXyXXXyxxx,2,10431 65494,1000,17
ac19_8666,YXYXyx,YYXYxyXyyXyxxYx,2,10482 146403,1000,17
ac19_8679,YXYXyx,YYYxxYYXyxyyXXX,2,10497 106395,1000,19
ac19_8683,YXYXyx,YYXXyXyxxyxYx,2,10501 107644,1000,15
ac19_8690,YYXXyx,YYXYxYXXX,16,10510 16028 31036 33946 35741 46165 59183 60479 101831 112949 115628 128900 130066 136933 137428 139632,1000,15
ac19_8693,YXYXyx,YYXyXyXyxxxyx,3,10513 37687 96990,1000,17
ac19_8700,YXYXyx,YYXYxyXyXyXyxxx,2,10521 87784,1000,17
ac19_8705,YXYXyx,YYYxYXyyXXyyx,1,10526,1000,15
ac19_8709,YXXYx,YYYYXYYXXyxyyx,2,10533 26155,1000,18
ac19_8721,YXXYXXyx,YXXXyXXYx,2,10547 66395,1000,15
ac19_8763,YXXX,YYYXyxYYXyyxyyX,1,10601,1000,19
ac19_8765,YYXXyxx,YYYYXXYxYXYx,7,10603 42962 90655 104597 138303 141369 151823,1000,15
ac19_8784,YXXyXyX,YYYxyxxyxx,2,10625 57011,1000,16
ac19_8792,YXXyXyxx,YYXYxxyxYxx,2,10633 12571,1000,17
ac19_8797,YXYXyx,YYYXYYxxyyXXX,2,10639 90793,1000,17
ac19_8798,YXYXyx,YYYYXyXyXyxxx,2,10640 120715,1000,17
ac19_8818,YXYXyx,YYYXXXyXYXXYx,2,10671 153704,1000,17
ac19_8841,YXYXyx,YYYYYxyXyyXXX,1,10701,1000,19
ac19_8849,YYXXXXYX,YYYXXXyyx,2,10714 75568,1000,14
ac19_8852,YXYXyx,YYXYxxYXyyXyX,2,10718 17555,1000,17
ac19_8855,YXYXyx,YYXXyyxyXyxxx,2,10722 116562,1000,15
ac19_8864,YXXX,YYYYxYxyyXyyXyx,1,10731,1000,19
ac19_8865,YXXYx,YYYYXYYXXYYXyx,2,10732 140979,1000,15
ac19_8867,YYXXXyxx,YYYXyXXyyxx,1,10738,1000,15
ac19_8868,YXYXyx,YYXyyXXyxxxxx,2,10739 73859,1000,17
ac19_8883,YXyXYxx,YYYXXyXyxyx,1,10760,1000,15
ac19_8907,YXYxyx,YYXyXXyyXyxxxYx,1,10789,1000,19
ac19_8912,YXYXyx,YYYYYxYXyXXXYxyyX,1,10794,1000,19
ac19_8926,YXYXyx,YYXYxxxxyXyXyXX,2,10811 139826,1000,19
ac19_8942,YXXX,YYYYXYxyyxyyXyX,2,10833 92666,1000,19
ac19_8953,YXYXyx,YYYXXXXXXXYYx,2,10845 26347,1000,19
ac19_8958,YXyXXXyx,YYXYxxyXXXyXyyx,1,10851,1000,19
ac19_8984,YYYXXXyxx,YYYxxyyXX,3,10882 64277 144237,1000,17
ac19_8995,YXXyx,YYYYXyXyXyyyXXX,2,10897 95472,1000,18
ac19_9007,YXXyx,YYYXYYXyyxyyxx,3,10917 32859 121449,1000,18
ac19_9015,YXXyx,YYYXyXyyXyxxxxYYx,1,10932,1000,20
ac19_9021,YXYXyx,YYXXyXYXXyXYxxx,4,10939 17894 65073 79775,1000,15
ac19_9028,YXXyXYx,YYxxyxxyXXX,7,10949 19404 41058 57606 67516 97231 106228,1000,14
ac19_9041,YYXYXXXyx,YYYYXyyXyx,1,10965,1000,15
ac19_9044,YXyXXyx,YYYXyXYxxxxyx,1,10971,1000,16
ac19_9049,YXXyx,YYYXYYXyxyXyyXXX,2,10977 76889,1000,18
ac19_9050,YXyXXyx,YYYXyXXXyyyx,1,10978,1000,15
ac19_9058,YXXyXYx,YYXXXXyxyxYx,1,10988,1000,16
ac19_9065,YXYXyx,YYYXyyXXXYx,5,10999 19797 22006 84614 99500,1000,15
ac19_9079,YXYXyx,YYXYxxyXyXyXXYx,3,11018 56175 146204,1000,17
ac19_9083,YXXYx,YYYYXXyxxYXYX,1,11023,1000,15
ac19_9084,YYXXYXYXX,YYYXXyXyxx,1,11024,1000,17
ac19_9115,YXYXyx,YYXXXXyXYxxYx,4,11064 21370 31232 109237,1000,15
ac19_9135,YXXYxxyX,YYYXXXYXXyx,2,11086 20187,1000,17
ac19_9136,YXXyx,YYYXYXYXyyyXyXX,2,11087 99965,1000,18
ac19_9148,YXYXyx,YYXXXyyxxYx,5,11107 63265 101280 118828 147458,1000,15
ac19_9163,YXXyXyxx,YYYxxYYXyxx,1,11125,1000,17
ac19_9175,YXXX,YYYxyyXYYXyxyyx,1,11142,1000,19
ac19_9176,YXXX,YYYXYYxyxyyyXyX,1,11143,1000,17
ac19_9234,YXYXyx,YYYYXyXXyxyxx,2,11224 39359,1000,17
ac19_9241,YXYXyx,YYxYXyXXyxyxx,2,11234 79397,1000,17
ac19_9247,YXXyXyx,YYxyxYYxxx,5,11244 11862 21325 141065 156553,1000,17
ac19_9263,YXYXyx,YYYYYxyXyXX,2,11265 91480,1000,17
ac19_9268,YXXyx,YYXYYxyyxyxxxxxx,2,11272 113885,1000,21
ac19_9271,YXXXyxx,YYXyXYxyxYxyX,4,11275 53831 55559 119422,1000,20
ac19_9272,YXYxyx,YYXXXyxyxxYYx,1,11276,1000,15
ac19_9279,YXYXyx,YYXyXYXyXYYxx,2,11283 101164,1000,15
ac19_9283,YXYXyx,YYXYxYxyyXyXX,2,11289 141606,1000,17
ac19_9284,YXYXyx,YYXyxyXXXyXYYxx,2,11290 15818,1000,19
ac19_9303,YXYXyx,YYXYxyXXXyyxxxx,2,11311 142328,1000,19
ac19_9316,YXXYx,YYYXYYXXyyxx,2,11327 110840,1000,15
ac19_9326,YXyXXyx,YYxxxxyxxYX,2,11340 35674,1000,17
ac19_9341,YXYXyx,YYXXXyxyXXYYx,1,11356,1000,15
ac19_9349,YXXX,YYYXXyyxYxyyx,2,11366 56056,1000,15
ac19_9428,YXYXyx,YYXXyxyXyXYYxxx,1,11465,1000,17
ac19_9445,YXYXyx,YYYYYXXyxyXXX,2,11486 55665,1000,17
ac19_9452,YXYxyx,YYYYXyyxYxx,3,11496 49060 96384,1000,15
ac19_9456,YXyXXyx,YYXYxyxxx,8,11500 14699 25859 102186 109148 132943 134591 151610,1000,15
ac19_9459,YXYXyx,YYYYXyXyyxYXyxx,2,11505 144161,1000,17
ac19_9479,YXYXyx,YYYXYxYXyyyXXYx,1,11532,1000,17
ac19_9490,YXyXXyx,YYXYxyyxyXX,1,11547,1000,18
ac19_9499,YXXYx,YYYXXyyxxxyXYX,1,11556,1000,15
ac19_9540,YXYXyx,YYXyXXyxxYxyx,9,11610 20877 30454 40529 47004 64000 98853 134380 151089,1000,13
ac19_9545,YXYXyx,YYYYYXXXXXXYxyXYX,2,11617 133743,1000,19
ac19_9552,YXYXyx,YYYXXXXyXyxxx,2,11627 128080,1000,17
ac19_9562,YXyXXXyx,YYxyxyxYx,8,11641 23712 26229 26845 78394 78585 116242 149573,1000,16
ac19_9564,YXYXyx,YYXXXyXyXYYxx,4,11643 79570 100828 108046,1000,17
ac19_9566,YXXX,YYYYxYXyyXyXyyx,1,11645,1000,19
ac19_9567,YXYXyx,YYXyXYXyXXYYx,2,11646 132984,1000,15
ac19_9583,YXYXyx,YYYXyxyyXXXYYxx,2,11668 57497,1000,19
ac19_9605,YXYXyx,YYYXyXyXYxyXXYx,2,11701 92717,1000,15
ac19_9616,YXYxyx,YYXYXyXyXyxxx,2,11716 35521,1000,15
ac19_9617,YXYXyx,YYYYYXyXXyX,5,11718 81920 91054 98593 147974,1000,15
ac19_9620,YXYXyx,YYYXXXXXXYYYx,1,11722,1000,19
ac19_9629,YYXXyxx,YYYYYxxYXXX,1,11733,1000,18
ac19_9632,YXXyx,YYYYYXyxyyyxx,3,11736 31868 149543,1000,17
ac19_9642,YXYXyx,YYXyXXXyyxYYx,1,11751,1000,15
ac19_9670,YXYXyx,YYYXXXXXXyxxx,2,11792 142867,1000,15
ac19_9682,YXXXYxx,YYYXYxyX,2,11806 104149,1000,15
ac19_9700,YXYXyx,YYXyyxyXyyXYxYYxx,1,11832,1000,17
ac19_9725,YXYXyx,YYYYXyyXXyxxx,2,11867 60551,1000,17
ac19_9747,YYXXXXYX,YYXyxxyyx,6,11894 40634 83144 84113 111654 116994,1000,15
ac19_9749,YXYXyx,YYYxxYXyXXyyx,2,11897 149432,1000,15
ac19_9750,YXXYx,YYXYXyyxYYXyyx,1,11898,1000,18
ac19_9752,YXXyx,YYYYYXyyyXXXyX,1,11900,1000,18
ac19_9757,YXYXyx,YYXyXYYxYXyXX,2,11907 112564,1000,15
ac19_9766,YXXyx,YYXyyXyXXXXXYXYX,2,11918 123822,1000,21
ac19_9773,YXYXyx,YYXXXXyXYYxyx,1,11931,1000,15
ac19_9780,YYXXyXXYx,YYXXyyXYxx,1,11940,1000,15
ac19_9793,YXyXXyx,YYYxYXyxxYXyxyx,2,11955 34179,1000,16
ac19_9799,YXYXyx,YYYXyXyyXXYYx,2,11962 155179,1000,19
ac19_9820,YXYXyx,YYYYXXXXYYXyX,2,11986 122583,1000,15
ac19_9822,YYXXXXYX,YYYXXyxyX,1,11989,1000,17
ac19_9826,YXyXXyx,YYYxyyxxYXXyxx,2,11993 57589,1000,17
ac19_9858,YXYXyx,YYXXyyXyxYxxx,2,12045 81293,1000,17
ac19_9874,YXYXyx,YYYXXYXXXXXXYYx,2,12071 134113,1000,19
ac19_9881,YXXYx,YYXYXXyyxxYxyX,1,12080,1000,15
ac19_9885,YXXyx,YYYYXXXyyxyyXyXX,2,12087 45058,1000,15
ac19_9900,YXYXyx,YYYxyxxYXyyXX,1,12105,1000,15
ac19_9914,YXYXyx,YYxYxYXyyxyXX,1,12124,1000,15
ac19_9917,YXYXyx,YYYXyxyXyXXYxYx,2,12128 66130,1000,17
ac19_9954,YXXYXXyxx,YYxyXXYxyX,1,12180,1000,16
ac19_9977,YXYXyx,YYXXYXXyXYxYx,1,12209,1000,15
ac19_10021,YXYXyx,YYYYxxyyXXXYXyX,1,12265,1000,19
ac19_10044,YXYXyx,YYXyyxyXXXXYYxx,1,12294,1000,19
ac19_10045,YXyXXyx,YYYXyyxx,10,12295 31994 33467 42834 70236 104114 109004 123984 131177 135150,1000,15
ac19_10058,YXYXyx,YYXYxxyXyXyyXYx,2,12317 113981,1000,17
ac19_10080,YXXyx,YYYYXXXyyXyyXyXX,1,12342,1000,16
ac19_10095,YXYXyx,YYYxYXyXyXX,7,12365 34882 81090 123320 138246 139578 145796,1000,17
ac19_10099,YXYXyx,YYYXyXXyxyyxYxyxx,1,12369,1000,19
ac19_10102,YXYxyx,YYYXyXXXyxyxx,1,12373,1000,15
ac19_10118,YYXXXYX,YYYXyXyx,4,12392 56883 118423 154501,1000,15
ac19_10123,YXXyx,YYYYYXyXyyyxyxyx,1,12398,1000,20
ac19_10127,YXXX,YYYXyxyxYYXyyyX,1,12402,1000,17
ac19_10129,YXyXXXyx,YYXXyXyxyXX,1,12410,1000,19
ac19_10176,YXYXyx,YYYXXXXyyxxxx,2,12471 18398,1000,19
ac19_10185,YXYXyx,YYXXyXYXyXXYxxx,3,12482 32093 127173,1000,17
ac19_10193,YYYXXXX,YYXYxyXYXyyx,1,12493,1000,17
ac19_10196,YYXXYXyyx,YYxyXXYXyX,1,12496,1000,16
ac19_10210,YXYXyx,YYYxYxyyXXX,5,12518 18217 37849 72361 139550,1000,17
ac19_10235,YXYXyx,YYXyyXyxxxxyx,1,12548,1000,15
ac19_10255,YXXyx,YYYXyyXyyxxxYYx,2,12579 92803,1000,19
ac19_10271,YXYXyx,YYYxyXXyyxxYX,1,12602,1000,15
ac19_10292,YXyXXXyx,YYYxxxyXXXyyx,2,12631 80906,1000,17
ac19_10298,YXYXyx,YYXYxxxyyXXyX,1,12638,1000,15
ac19_10314,YXXYxYxx,YYYYYxYXyxx,1,12660,1000,15
ac19_10329,YYXXXYx,YYYYxxyyXXX,1,12679,1000,15
ac19_10339,YYXXXyx,YYXYxxyyXyX,2,12696 72517,1000,15
ac19_10352,YXYXyx,YYYxYXyxyXyXX,2,12713 127068,1000,15
ac19_10369,YXYXyx,YYYXyXXXYxx,5,12741 28425 37375 97737 99170,1000,15
ac19_10379,YXXyx,YYYYYXyyyxyxxx,2,12758 126301,1000,18
ac19_10383,YXYXyx,YYYYxyXXXyyyx,1,12764,1000,17
ac19_10430,YXYxyx,YYxYYxxYYxx,8,12825 13458 19753 31660 94480 99130 130004 130221,1000,17
ac19_10442,YXYXyx,YYYxYXyyXXXYxyX,1,12841,1000,19
ac19_10444,YXYXyx,YYYxYXyXXyyxx,1,12844,1000,17
ac19_10457,YXYXyx,YYYXyyyXyxxxx,2,12860 44368,1000,19
ac19_10460,YXXXXyXYx,YXXyxxxxyx,3,12864 43091 138780,1000,17
ac19_10469,YXyXYxx,YYYYYYXyxx,1,12873,1000,16
ac19_10470,YXXyx,YYYYYXyyyyX,13,12874 17173 36778 50535 56447 69593 70342 76424 88590 100557 116668 125315 127902,1000,13
ac19_10487,YXXXyXyX,YYYxyXXyxyx,1,12895,1000,19
ac19_10490,YXXYx,YYXyxYYXXyyx,1,12898,1000,15
ac19_10499,YXXXyXYx,YYXXXXXYXXXyx,2,12909 32271,1000,15
ac19_10510,YXYXyx,YYxYXYxyXyyXX,1,12921,1000,15
ac19_10527,YXyXXXyx,YYYxxxyxx,3,12939 87647 125286,1000,17
ac19_10534,YXXX,YYYYYXyyxyXyxyx,1,12947,1000,17
ac19_10546,YYXXyxx,YYXXYYxYxYx,3,12965 18783 20158,1000,15
ac19_10547,YXyXXyx,YYYxYxxxyyx,8,12966 17102 26549 59144 77860 83713 135159 145223,1000,15
ac19_10550,YXXyXyx,YYXyXXyyxyX,2,12969 48928,1000,17
ac19_10553,YXyXXyx,YYxyXyxyXYX,4,12972 14105 38335 40930,1000,13
ac19_10573,YXYXyx,YYXXyyXYXYxxx,2,12995 54108,1000,15
ac19_10574,YXXYx,YYXyyxYYXXyxx,1,12996,1000,15
ac19_10576,YXyXXXyx,YYXyyxxxYXXyx,1,13002,1000,17
ac19_10584,YXXYxxyxx,YXXyXXXyxxYXXyxx,1,13014,1000,19
ac19_10595,YXXyx,YYYYYXyXyxyyx,4,13029 101219 110386 152036,1000,15
ac19_10599,YXXyx,YYYYXyxyyXXXXXX,1,13034,1000,19
ac19_10605,YXyXXyx,YYYxyyXXXyyX,2,13040 72928,1000,13
ac19_10611,YXYXyx,YYXYYxxyXXyXX,2,13048 88735,1000,17
ac19_10617,YXXXyXXYx,YXyxxYXXXX,2,13054 33768,1000,15
ac19_10632,YXYXyx,YYYxYYXyxyXXyyx,1,13072,1000,15
ac19_10650,YXYXyx,YYYYxYxyyXyXX,2,13092 116552,1000,19
ac19_10652,YXYXyx,YYYYxyXXXYXyX,2,13094 55028,1000,17
ac19_10661,YXXyx,YYYYXyyyXXyyXX,1,13105,1000,18
ac19_10663,YXYXyx,YYYxxYXyyXXYxyX,2,13107 154993,1000,17
ac19_10664,YYXXXyx,YYXYYxxyyXyX,1,13108,1000,16
ac19_10665,YXXyXyxx,YYYxxxYXYxx,2,13109 30082,1000,15
ac19_10673,YXXXyxYx,YYXXXYXyXYx,1,13119,1000,17
ac19_10692,YXyXXyx,YYXyxyxxYYxxx,2,13140 48090,1000,16
ac19_10729,YXYXyx,YYYXXXyXYXyXYxx,3,13191 34593 124236,1000,17
ac19_10745,YXYXXYx,YYYXXYYxyXX,1,13209,1000,17
ac19_10758,YXXyx,YYYYYXyyXyXyXYxyXX,1,13223,1000,20
ac19_10775,YYXXXyx,YXYXyXXYx,2,13251 134139,1000,16
ac19_10799,YXYXyx,YYYYxyXXyXX,5,13277 14547 62080 96403 146219,1000,17
ac19_10810,YXYXXXX,YYXyyXyxxxx,2,13291 115236,1000,15
ac19_10811,YXXYxxyx,YYYxxxxyXXXYx,1,13293,1000,17
ac19_10820,YYXXXXYX,YYxyXyxxxyX,1,13304,1000,14
ac19_10822,YYXXYXyxx,YXyXXYxxx,1,13307,1000,15
ac19_10826,YYXXyxx,YYYYYXYxyx,3,13314 16600 141876,1000,15
ac19_10854,YYXyxxxyX,YXyXXXXyx,3,13352 94390 123627,1000,17
ac19_10880,YXyXXXyx,YYYxyxxYXyxYXyXyx,1,13380,1000,17
ac19_10894,YXXyx,YYYYYYXyyxxyxyyx,1,13398,1000,16
ac19_10899,YXXXyXyX,YYYXyyxyx,1,13406,1000,16
ac19_10900,YXYxyx,YYYXyXyxYxx,7,13407 30212 38135 107144 142471 148348 152406,1000,15
ac19_10910,YXYXyx,YYXyXyyxyxxxx,2,13421 62187,1000,19
ac19_10919,YXXyXyx,YYYxxxYxyyx,1,13435,1000,18
ac19_10920,YXYXyx,YYYxYYxyXXXyX,1,13436,1000,19
ac19_10940,YXyXXyx,YYxyxYXYXYxyxYxyXyx,2,13459 56060,1000,17
ac19_10947,YYXXX,YYYXyxyyXyXYYx,1,13474,1000,16
ac19_10956,YXyxYXyxYXXyx,YYXyyxYXyxYYXyx,2,13486 131975,1000,15
ac19_10967,YXyXXyx,YYXXYxyxYxxyx,1,13500,1000,16
ac19_10976,YXyXXyx,YYYXyxxxyx,2,13514 135978,1000,17
ac19_11000,YXYxyx,YYYXyXXyyyxYx,2,13544 128969,1000,17
ac19_11065,YXYXyx,YYXyXyyXXYxYxyx,1,13632,1000,17
ac19_11070,YXYXyx,YYYxYXyxyyXXXYx,2,13637 93008,1000,17
ac19_11074,YYXXXXyx,YYXXXYXyX,4,13643 28966 41829 141624,1000,15
ac19_11114,YXyXXyx,YYYxyxyXYXyyX,2,13695 107870,1000,13
ac19_11117,YXYXyx,YYXyxyXXyXyxxYx,1,13698,1000,17
ac19_11120,YXXYxxyX,YYXXyXYxx,2,13702 91804,1000,14
ac19_11129,YXyXXyx,YYXYXyyXyxyX,2,13713 15850,1000,17
ac19_11149,YXYXyx,YYYXYxyXyXyXXYx,3,13746 21319 65755,1000,17
ac19_11154,YXYXyx,YYYXyXXyXYxxx,1,13752,1000,15
ac19_11182,YXYXyx,YYYXyyXyxyxxx,2,13792 47038,1000,19
ac19_11206,YXYXyx,YYXXyyXyxxxxx,2,13828 121639,1000,19
ac19_11214,YXXX,YYYYXYxyyXyyxyx,1,13841,1000,17
ac19_11228,YYXXXyxx,YYXyyXyyxxx,1,13858,1000,15
ac19_11261,YXXXYxxxyx,YYxxxyXYxyX,16,13900 26053 29687 29958 31142 35951 38230 68446 68988 71089 82658 87205 110097 114112 118190 153943,1000,16
ac19_11271,YXYXyx,YYYXXXXyXXYxx,4,13911 32197 50390 128728,1000,19
ac19_11273,YXYXyx,YYYxxYXyXyX,9,13914 18480 22435 28958 54008 54833 66614 147288 152133,1000,15
ac19_11281,YXXYx,YYYxyXYXXyyx,3,13922 93412 98392,1000,15
ac19_11282,YXYXyx,YYXXXyXXYxx,13,13925 50002 63259 81681 85375 90150 110943 130309 135792 138120 144763 149838 152693,1000,15
ac19_11283,YXYXyx,YYYxxYXyyXyXX,2,13926 147418,1000,19
ac19_11288,YXYxyx,YYYXyXyxxxYYxYx,1,13933,1000,19
ac19_11299,YXXyx,YYYYYXyxxyXyyX,1,13948,1000,13
ac19_11303,YXYXXYx,YYXYxyXXyx,2,13953 102744,1000,17
ac19_11309,YXYxyx,YYXyXXyyXyx,9,13959 14265 35711 72035 76018 84314 91850 105582 120277,1000,15
ac19_11328,YXYXyx,YYXXXyXXYYxYx,2,13983 53589,1000,19
ac19_11332,YXyXXyx,YYXYxYxyxyx,2,13988 115858,1000,16
ac19_11333,YXXyx,YYYYXyxyyyxyxx,2,13989 101055,1000,18
ac19_11382,YXYXyx,YYYxxYYXXyxyXXX,2,14053 89061,1000,19
ac19_11410,YXYXyx,YYYXXXXyXYx,3,14090 72277 81050,1000,15
ac19_11414,YXyXXyx,YYYxyyxxYYxyx,4,14098 16357 41403 137131,1000,17
ac19_11431,YXYXyx,YYXXYxYYxyXyX,2,14121 105587,1000,15
ac19_11438,YXyXXXyx,YYxyxxxyXYx,1,14129,1000,17
ac19_11453,YXYXyx,YYXyXYXXXyXYxxx,3,14150 22146 105112,1000,15
ac19_11458,YXXYx,YYXYXXyyXYxxyx,1,14155,1000,15
ac19_11468,YXYXyx,YYXyxyXXXXYxYxx,1,14168,1000,19
ac19_11485,YXYXXYx,YYYXXYXyXYx,1,14186,1000,16
ac19_11530,YXXyx,YYYYXXXyyyxyyxxx,2,14247 140800,1000,19
ac19_11547,YXYXyx,YYXXXXyXYYxxx,2,14272 52501,1000,17
ac19_11549,YYXXXXXXyx,YXXXXXyxxxx,7,14275 36707 41780 42080 61950 64596 85348,1000,13
ac19_11588,YXXyx,YYYYXyyyXyXyXYxyXX,2,14328 147861,1000,20
ac19_11612,YXXYXXyx,YYYXyxxyXXX,2,14362 23070,1000,17
ac19_11620,YXYXyx,YYYxYYXyxyyXyXX,2,14371 23681,1000,19
ac19_11623,YXYXyx,YYYYxyXyxyXXX,1,14375,1000,17
ac19_11628,YXXyXYx,YYxyXXXX,7,14382 15683 51319 88868 104908 130894 149689,1000,15
ac19_11633,YXYxyx,YYXyxYxxxYxyX,1,14389,1000,15
ac19_11635,YXXyx,YYYYXYxyyyyXX,2,14392 17314,1000,17
ac19_11637,YXXyXYx,YYxyxxyXX,6,14395 58069 84210 101648 118851 146712,1000,15
ac19_11666,YXXyx,YYYYYXXXyyxyyxx,1,14433,1000,17
ac19_11681,YXYXyx,YYYXyXXXYYxyX,1,14453,1000,15
ac19_11699,YXXyx,YYYYXyyyxxxxxxx,2,14479 44243,1000,20
ac19_11724,YXXYx,YYXYYXyyxyyXYx,2,14511 29147,1000,15
ac19_11735,YXXyx,YYYXyXyXyyxxxYYx,2,14525 55201,1000,18
ac19_11740,YXXYx,YYYYYXXYYxyXYX,1,14531,1000,15
ac19_11741,YXyXXyx,YYYxyXXyyxyX,1,14535,1000,15
ac19_11753,YYXXYxYXX,YYXXyXYYx,1,14560,1000,18
ac19_11767,YXYXyx,YYYxYYXyXXyXX,2,14581 153621,1000,19
ac19_11809,YXXYx,YYYXYxyXYXyyyx,1,14636,1000,18
ac19_11811,YXXyx,YYYXyyyxxxxxYx,2,14639 46107,1000,19
ac19_11813,YXYXyx,YYXyyXXXYxYYx,1,14644,1000,17
ac19_11831,YXYXyx,YYXXyyXyxxxyx,2,14666 132080,1000,15
ac19_11841,YXXyx,YYYYYXyXyyyxxx,3,14680 20319 52712,1000,18
ac19_11842,YXXYXXyxx,YYYxxyXyXX,1,14682,1000,19
ac19_11864,YXYXyx,YYYYYYxyyXXyX,2,14718 21126,1000,19
ac19_11872,YXXyXYx,YYYXXyXXXYXX,1,14728,1000,16
ac19_11875,YXXYx,YYYxyXXYXYXyx,2,14731 49327,1000,15
ac19_11886,YXYXXYx,YYXXXYXYYx,2,14747 108825,1000,17
ac19_11896,YXYxyx,YYXyxYxxYYx,8,14761 51048 122646 129617 136067 138789 139784 148794,1000,15
ac19_11899,YXYXyx,YYYxYYXyyXXyX,1,14764,1000,17
ac19_11915,YXYXyx,YYXXXyyXYYxYx,2,14786 111407,1000,17
ac19_11931,YYXXXyx,YYYXYXyyX,4,14808 63010 84520 130466,1000,14
ac19_11935,YXXyx,YYYYXyyyxyxxYx,1,14814,1000,16
ac19_11953,YXXXyXyX,YYxxYxxyxyX,1,14840,1000,19
ac19_11974,YXyXXyx,YYXyyxYxyxYX,1,14869,1000,16
ac19_12000,YXYXyx,YYYXyyXXYYx,4,14903 16704 51533 55583,1000,15
ac19_12016,YXyXXXyx,YYXyxyxYx,2,14926 66245,1000,17
ac19_12022,YXXyx,YYYYYXyyyyxxx,2,14932 87355,1000,18
ac19_12041,YXXyx,YYYYYXyXyyyyxyx,1,14959,1000,19
ac19_12057,YXXyXYx,YYXXXXyxyxx,1,14980,1000,16
ac19_12070,YYXXyx,YYYYxyXXyxyXX,1,14996,1000,15
ac19_12082,YXyXXyx,YYXYxxxyyx,2,15016 131522,1000,16
ac19_12084,YYXXXyx,YYYYXXXYXyyX,1,15021,1000,15
ac19_12086,YXXyxYx,YYYXYxxxYYX,1,15023,1000,16
ac19_12092,YXXyx,YYYXyyxyxyxxYYx,2,15029 62067,1000,19
ac19_12110,YXYXyx,YYYXXyxyXXyxxxx,1,15054,1000,19
ac19_12111,YXYXyx,YYYxyXXyXyxYxyx,2,15059 103159,1000,17
ac19_12112,YYXXXXyx,YXYxxyXXX,3,15060 58409 110734,1000,17
ac19_12121,YXYXyx,YYxYYxyXXyyXX,2,15073 141112,1000,19
ac19_12128,YYYYYXXXXXX,YYYYXXXXyxYXX,4,15084 36637 71227 147962,1000,15
ac19_12137,YXyXXyx,YYYXXyyXyxx,3,15095 119529 132386,1000,16
ac19_12148,YYXXYxyxYxyxx,YYXyXYXyxYxyxx,1,15115,1000,15
ac19_12172,YXXX,YYYYYXyxyXyyxyx,1,15143,1000,17
ac19_12173,YXXXX,YYYYXYXXyyxyyX,1,15145,1000,16
ac19_12182,YXXyXYx,YYXXXyxyx,9,15157 15745 19913 51202 85986 90735 149110 152429 153842,1000,8
ac19_12198,YXYXyx,YYYxYYXyXXyyx,2,15176 154663,1000,15
ac19_12200,YYXXYXXyx,YYXyXYXyxx,1,15178,1000,15
ac19_12201,YXXYxYxx,YYYYYXyxYxx,1,15179,1000,17
ac19_12226,YYXXYXXyx,YYxyxxyXyX,1,15220,1000,15
ac19_12238,YXXyx,YYYYYXyxyyyXXX,2,15239 140426,1000,18
ac19_12242,YXXyx,YYYYYXYxyyyyyx,6,15243 43652 59552 79721 129494 155146,1000,18
ac19_12247,YXYxyx,YYXyXyXyxxx,11,15249 18467 20459 20476 31556 55052 87659 119852 131963 139367 144204,1000,15
ac19_12262,YXYXyx,YYYXyxyyXXXYYYx,2,15268 153521,1000,19
ac19_12284,YXXyx,YYXYYXyxyyXXXXX,2,15293 24187,1000,17
ac19_12332,YXYXyx,YYYxyyXyXXYxx,1,15364,1000,17
ac19_12335,YXYXyx,YYXYxYXyXXXYx,2,15367 151854,1000,17
ac19_12353,YXyXXyx,YYXyxYxxxyyxYX,2,15392 41289,1000,17
ac19_12358,YXXXXYx,YYXXyxYXyx,15,15399 20804 28816 43152 54408 55350 59560 63420 97269 105487 113141 118025 134072 147603 151824,1000,17
ac19_12365,YXXyx,YYYXyyXyyXXXXX,2,15410 114477,1000,19
ac19_12376,YXXYx,YYYYXYxyXyyxYX,4,15426 40025 72220 151527,1000,15
ac19_12381,YXYXyx,YYXYxxYXyXyyX,1,15431,1000,15
ac19_12383,YXYXyx,YYYYYxyyXXyyX,1,15435,1000,17
ac19_12411,YXYXyx,YYYxyyXXyyXYx,4,15476 33609 49568 62265,1000,15
ac19_12439,YXYXyx,YYYXyXXXXYYYx,1,15515,1000,19
ac19_12444,YXXyXyxx,YYxxxxYXX,3,15525 17749 29803,1000,15
ac19_12445,YYXXYx,YYYxyyxyXyX,1,15526,1000,17
ac19_12448,YXYXyx,YYXyXyXyxxx,7,15533 34437 37840 57670 81929 94484 108577,1000,15
ac19_12451,YXYXyx,YYxYxyXXYXyyX,1,15537,1000,15
ac19_12453,YXYXyx,YYYXXXXyyxxyxYx,1,15540,1000,19
ac19_12455,YXyXXyx,YYxxYXyxyxxYX,2,15542 61164,1000,16
ac19_12458,YXXyxYXXyxx,YYXyXXXYXXyXX,3,15545 64040 95134,1000,17
ac19_12465,YXYXyx,YYYYXXXXXXYYX,2,15554 42283,1000,19
ac19_12487,YYXXyxx,YYYXXXXYYxxx,1,15581,1000,18
ac19_12510,YXYXyx,YYYxyXyxyXyxx,4,15613 33105 70597 79751,1000,15
ac19_12520,YYXXXYX,YYXYxyXXyx,3,15626 60967 88358,1000,17
ac19_12524,YXYXyx,YYYxYXyXXYxyX,8,15631 34504 59543 59623 65393 114531 144046 155506,1000,15
ac19_12557,YXXyXYxxx,YYYYYYXXyx,1,15677,1000,16
ac19_12559,YYXXYYx,YYYXYXXYxx,3,15680 90495 103886,1000,16
ac19_12563,YXXYxxyX,YYYYXXyXYXYXX,1,15687,1000,15
ac19_12570,YXXyXyx,YYYxxxyxyX,1,15697,1000,14
ac19_12574,YXXyXYx,YYXyXXYXX,7,15702 35176 39054 59083 91510 124403 124791,1000,16
ac19_12586,YYXXyx,YYXXXYxYXXX,4,15717 18821 79878 130255,1000,15
ac19_12596,YXXyXyx,YYxxxyxYX,4,15729 119535 125502 149027,1000,14
ac19_12632,YXXXyXyX,YYXXyxxyX,6,15779 59807 119656 135517 139288 155475,1000,15
ac19_12636,YXYXyx,YYYYYxYXXyXXX,2,15784 29709,1000,19
ac19_12647,YXXyXyx,YYxxyxyXYXXyX,1,15801,1000,15
ac19_12651,YXYXyx,YYXXXyxyXXXYxYx,1,15805,1000,17
ac19_12659,YXXyx,YYYYXyXyXyyXXYX,1,15825,1000,17
ac19_12660,YXXyXyx,YYXXyxxYXyxx,1,15826,1000,14
ac19_12668,YXXyXyxx,YYxxYXYYxxx,2,15836 121628,1000,15
ac19_12693,YXXyx,YYYYYXyyxyyxxx,1,15871,1000,19
ac19_12699,YXYXyx,YYYxYxyyxyXXX,1,15881,1000,15
ac19_12702,YXyXXXyx,YYXYxxxyXXyyx,1,15885,1000,19
ac19_12712,YXXyxYXXyxx,YYXyXXYxxyXXXXXX,3,15899 31248 76787,1000,17
ac19_12728,YXXyx,YYYXXYxyyXyyyxxx,2,15917 150736,1000,18
ac19_12738,YXXyXYx,YYXYXyyx,4,15934 21327 113554 147317,1000,15
ac19_12770,YXXYx,YYXYYxxyXXXyyx,1,15976,1000,15
ac19_12785,YXYXyx,YYXYxyXXyXXYx,11,15997 21229 28288 35770 54411 72869 78773 103152 108324 114213 135055,1000,15
ac19_12788,YXYXyx,YYYXXXyXXYx,12,16001 18234 37648 51987 69483 71043 85327 89722 96912 105850 129721 143148,1000,15
ac19_12806,YXyXXyx,YYYXyyXXYxYxyyxyx,2,16033 17364,1000,17
ac19_12814,YXYXyx,YYxyXXyyXXYxx,2,16047 65828,1000,17
ac19_12831,YXXyXyX,YYXyxyXXyX,6,16075 40945 73953 75977 118510 149135,1000,16
ac19_12853,YXXYx,YYYYXXyxyyx,4,16104 44733 104580 118571,1000,15
ac19_12854,YXyXYxx,YYYXYYxyX,4,16105 18839 45994 128337,1000,15
ac19_12858,YXYXyx,YYYYYXyXyyyxx,2,16109 58546,1000,19
ac19_12864,YXYXyx,YYXXXXyyxYxyx,1,16117,1000,15
ac19_12875,YXYXyx,YYYxYYXyXyyXX,2,16133 24807,1000,19
ac19_12878,YXXYXXyX,YXXXXXyXXYx,1,16138,1000,16
ac19_12880,YXyXXXyx,YYYxyxYxxyXyx,2,16141 95315,1000,16
ac19_12884,YXyXXyx,YYYYxyxYxxyx,3,16145 88339 92871,1000,16
ac19_12887,YXYXyx,YYXyyXXXYxyXYYx,1,16148,1000,17
ac19_12895,YXyXXyx,YYXyXYxxxyyXX,1,16159,1000,17
ac19_12904,YXYXyx,YYYXyXXXXYxYX,2,16171 130159,1000,17
ac19_12928,YXXyXyxx,YYYxxYYxx,7,16202 44770 49184 84627 88832 112694 114409,1000,17
ac19_12944,YYXXyx,YYXYXyXyxxx,6,16222 25905 63254 77851 95779 124268,1000,15
ac19_12975,YXYXyx,YYYxYxyXyXXYX,2,16262 119126,1000,17
ac19_12976,YXYXyx,YYYXXXyyxxx,3,16264 67691 141108,1000,15
ac19_12979,YYXXXYx,YYXYYxYXyyXyx,1,16269,1000,17
ac19_12998,YXYXyx,YYYYxyXyXXX,3,16296 91651 151953,1000,17
ac19_13003,YXyXXyx,YYYxyxxyxYxYXyx,1,16304,1000,17
ac19_13004,YXYXyx,YYYXXyxyXXXXYxx,2,16305 77825,1000,19
ac19_13024,YXXYXXyX,YYYXyyxyX,1,16327,1000,15
ac19_13049,YXYXyx,YYYYxyXXXyyxx,1,16362,1000,17
ac19_13058,YYXXXyxx,YYXXYxyXX,5,16373 77146 107636 108418 113712,1000,17
ac19_13076,YXYXyx,YYYxYYxyXyyXYxyXX,1,16394,1000,19
ac19_13077,YXYXyx,YYYXyyXyXYYxx,1,16396,1000,17
ac19_13081,YXYXyx,YYXXXXXyXYxxx,1,16401,1000,15
ac19_13088,YXyXXyx,YYXyyxyXyXX,2,16411 102341,1000,17
ac19_13101,YXXyx,YYYYXyxyyyXXYX,3,16427 37468 142490,1000,13
ac19_13106,YYXXyxx,YYXXYxxYxxYX,1,16434,1000,16
ac19_13117,YXyXXyx,YYXYxxyyXYXyxyX,2,16451 95652,1000,17
ac19_13121,YXYXyx,YYYxYYXXyyXXX,2,16459 124605,1000,19
ac19_13135,YXyXXyx,YYXXXyxyxxx,2,16477 86160,1000,17
ac19_13139,YXYXyx,YYXXXyXyyxxxxyx,2,16481 109159,1000,19
ac19_13142,YYXXXYx,YYxyXYX,10,16484 18047 32037 36007 39996 54035 57407 60760 72659 138390,1000,14
ac19_13147,YYXXXYxx,YYXXXyxxYYxYX,1,16490,1000,13
ac19_13160,YXYXyx,YYXyXYxxYxxYXyXYXyX,2,16509 147150,1000,17
ac19_13161,YXyXXyx,YYXYXyxYxyyx,3,16510 103537 119744,1000,15
ac19_13174,YXyXXyx,YYYxyyxxYXyx,5,16528 41404 84149 90011 137722,1000,15
ac19_13201,YXYXyx,YYYXXyXyyyxxx,2,16567 128665,1000,19
ac19_13202,YYXXXYxx,YYXYxxyXX,4,16568 78496 104218 115591,1000,16
ac19_13211,YXYxyx,YYXYXyyXyxxxx,1,16582,1000,15
ac19_13212,YYXXXYXX,YYYXXXXXyxx,1,16584,1000,15
ac19_13214,YYXXyxYXXyxx,YXYxxyXXYXXyx,2,16586 44597,1000,18
ac19_13217,YXXyx,YYYXXXyyxyyxxxxx,2,16590 87240,1000,20
ac19_13258,YXYXyx,YYXyXyyxYxxYX,1,16639,1000,15
ac19_13261,YXYXyx,YYXyXYXXyyxxx,1,16643,1000,15
ac19_13272,YXyXXyx,YYXXyXYxyxxyx,3,16659 120433 122335,1000,15
ac19_13282,YXYXyx,YYXXyyXyxxyxx,2,16671 154383,1000,17
ac19_13290,YYXXyxx,YYxYxxyXYX,1,16686,1000,16
ac19_13300,YXYxyx,YYYXyxxYxxx,1,16701,1000,15
ac19_13334,YXXyx,YYXYXYXyyXyXXXX,2,16748 101898,1000,16
ac19_13335,YXyXXXyx,YYXyxxyXX,6,16749 22419 50771 84617 88698 108588,1000,17
ac19_13343,YXYXyx,YYXyXXyXXYxYxyx,2,16758 91792,1000,17
ac19_13372,YXYXyx,YYXYxyXXXyXyxxYxx,1,16796,1000,21
ac19_13374,YXYXyx,YYYXXXXXyyxYx,1,16799,1000,15
ac19_13390,YXyXXyx,YYxxyxyXXXX,1,16820,1000,17
ac19_13391,YXXXYxx,YYXXyyxyxx,6,16822 31788 64789 124297 134673 142552,1000,14
ac19_13399,YYXXyXXYx,YYYXXyXYXX,1,16831,1000,15
ac19_13402,YXXyx,YYYYYXyyXyXyXX,4,16835 87013 89445 153878,1000,17
ac19_13405,YXXyXYx,YYXyXyxYXYX,2,16838 121886,1000,15
ac19_13410,YXXYx,YYYxyXXXyxYXyx,1,16845,1000,15
ac19_13425,YYXXyxx,YYYXXYYXYYxx,1,16864,1000,18
ac19_13440,YXyXXXyx,YYYxyxxYXXyyXyX,2,16881 139415,1000,19
ac19_13474,YYXXYxxyx,YYYXXyxYxx,1,16934,1000,18
ac19_13501,YXYXyx,YYYxYXXYXyXXX,1,16971,1000,17
ac19_13503,YXXYx,YYYYXyXXYXYYYx,1,16973,1000,15
ac19_13518,YXYXyx,YYXYxxYXyyXyXYx,2,16994 104371,1000,17
ac19_13523,YXXYx,YYYXXXYxyxYXyx,1,17003,1000,15
ac19_13549,YXyXXyx,YYYxxyxyXyX,2,17031 125258,1000,16
ac19_13553,YXYXyx,YYxxYXYxyXXyX,4,17037 82048 83960 148586,1000,15
ac19_13563,YXYXyx,YYYYXYYxYXyXyXX,2,17049 46103,1000,21
ac19_13565,YYXXXXXyXXX,YXyxxYXXyxx,9,17051 20651 32697 46178 53079 53716 73725 81987 95328,1000,17
ac19_13588,YXYXyx,YYYYXyXXXXYxx,1,17079,1000,17
ac19_13591,YXXyx,YYYXYYXYxyXyyyXyX,2,17082 57409,1000,19
ac19_13592,YXXYXXX,YYYYYXyyXyyX,1,17083,1000,19
ac19_13605,YXYXyx,YYXXyXXYxYx,7,17104 27270 36920 54446 93614 114516 119461,1000,15
ac19_13627,YXyXXXyx,YYYxxxYXyyXyx,2,17135 154862,1000,17
ac19_13642,YXXyXyx,YYYxxyXyxx,3,17155 53972 139969,1000,14
ac19_13643,YXXyx,YYYYYXyxyyyx,6,17156 48416 50282 59811 93286 141418,1000,15
ac19_13665,YXYXyx,YYYYXyxyXXXXXYx,2,17190 132132,1000,19
ac19_13668,YXYXyx,YYXYxYxyXXyXX,2,17193 88269,1000,17
ac19_13699,YXYXyx,YYYXXYxYYXXXX,2,17239 18706,1000,15
ac19_13717,YXYXyx,YYXXXyXyyxYYxyx,1,17258,1000,17
ac19_13759,YXyXXyx,YYxYxxxyxyxYX,2,17316 90310,1000,17
ac19_13769,YXyXXyx,YYYxyxyxYYxyx,2,17334 152705,1000,15
ac19_13795,YYXXyxx,YYYxxYxYXXXX,1,17373,1000,19
ac19_13813,YXXYXXyX,YYXyXYXXyyxYX,1,17396,1000,15
ac19_13814,YXXXyXYxx,YYXXXYXXXX,3,17397 53150 144662,1000,15
ac19_13826,YXXyx,YYYXyxxyxyyXXXXYYX,1,17416,1000,19
ac19_13839,YXYXyx,YYYXXXXyyxx,2,17430 61565,1000,2
ac19_13840,YYXXyXyyx,YYxxyxxYx,2,17431 113448,1000,18
ac19_13850,YXYXyx,YYXyXXyyXYYxx,1,17456,1000,17
ac19_13857,YXYXyx,YYYxYXyyyXXYxyX,1,17464,1000,17
ac19_13866,YXXYx,YYYxxyXXYXYXyx,1,17480,1000,15
ac19_13876,YXXyx,YYYXyxxyyyXXXYYX,2,17495 74392,1000,19
ac19_13890,YXXXYxx,YYXXYYxyX,2,17514 120720,1000,16
ac19_13891,YXYXyx,YYYYXyyXyyXYYxx,1,17515,1000,19
ac19_13896,YXXYXXX,YYYYXyyyX,3,17522 61693 117435,1000,16
ac19_13906,YXYXyx,YYYYYYXyXXXyX,2,17534 60119,1000,19
ac19_13913,YXXyx,YYYYYXyxxyxyyXXX,2,17545 49364,1000,18
ac19_13916,YXYXyx,YYYxYXXyXXXYYXX,1,17550,1000,19
ac19_13920,YXYXyx,YYXyXXyyxxxxxYX,1,17554,1000,19
ac19_13947,YXXXX,YYYYYXyxyyyyx,1,17602,1000,14
ac19_13959,YXYXyx,YYYXyxyXXXYxx,2,17616 71216,1000,15
ac19_13974,YYXXXXYX,YYXXYYXXyyx,1,17636,1000,16
ac19_14000,YXYXXYx,YYYXXyyx,6,17677 29901 73023 73274 102181 139868,1000,14
ac19_14008,YXyXXyx,YYXYXyxxxxx,1,17692,1000,17
ac19_14013,YXYXyx,YYXXyyXyxxx,5,17698 46363 66725 76743 81540,1000,15
ac19_14018,YXYXyx,YYXXYXyXXXYYx,1,17703,1000,17
ac19_14019,YXYxyx,YYXXXyyXyxx,3,17704 34986 43870,1000,15
ac19_14043,YYXXXyX,YYXYxxyyXyx,1,17744,1000,17
ac19_14060,YXXXyXyx,YYxyxxYXyxx,2,17769 63585,1000,19
ac19_14113,YXXXX,YYXYYXyyxxyyx,1,17836,1000,15
ac19_14114,YXYXyx,YYYXyXyXXyxxx,2,17837 29413,1000,17
ac19_14133,YXYXyx,YYXXXXXyyxYYx,1,17864,1000,15
ac19_14165,YYXXyx,YYYXYXXXX,19,17913 23755 24604 28398 33110 58959 59632 77469 87959 118410 120360 121276 123842 141028 143832 145433 146501 148231 152238,1000,15
ac19_14173,YYXYxxyXXyx,YXYxxYXXYxx,11,17922 26909 61749 61874 85482 93114 97056 97390 128697 140853 155697,1000,18
ac19_14180,YXYXyx,YYYXyXXXYYxyx,1,17931,1000,15
ac19_14181,YXyXXyx,YYXyXYxyxxyXX,4,17932 101247 138518 141191,1000,15
ac19_14184,YYXXyxx,YYXXYxyXYx,17,17935 34381 52415 56436 61444 69980 89560 106615 111860 123298 128332 130876 131187 135436 136962 145131 148077,1000,14
ac19_14202,YXYXyx,YYYYXyyXXXyxx,1,17957,1000,15
ac19_14213,YXXyx,YYYXYxyXyyxyxyxx,2,17979 50563,1000,19
ac19_14215,YXyXXyx,YYXXYxxxyyxx,1,17981,1000,18
ac19_14243,YXyXXyx,YYYYxyxxYxyx,2,18028 19019,1000,16
ac19_14251,YXYXyx,YYYXXXXyXXYYx,2,18039 96104,1000,19
ac19_14263,YXXyXyxx,YYXYXyXyxxx,1,18055,1000,15
ac19_14267,YXYXyx,YYXXyXyyxYYxxyx,1,18061,1000,17
ac19_14270,YXXXyXyX,YYXyyXXyX,2,18064 96141,1000,16
ac19_14302,YXYXyx,YYXyXXYxyXYYx,3,18107 31035 41265,1000,13
ac19_14316,YXYXyx,YYYxxxYXXyXyX,2,18126 118740,1000,17
ac19_14319,YXYXyx,YYXXXXXyyxYxx,1,18133,1000,17
ac19_14333,YXyXXXyx,YYXYxxxxyyx,1,18159,1000,17
ac19_14343,YYXXYXX,YYXXYYxYXyXyXyx,3,18171 31318 82003,1000,16
ac19_14365,YXXyx,YYYYXYXYxyyyXyXyX,1,18207,1000,19
ac19_14385,YYXXXyxyx,YYXXXyXyyX,3,18239 91805 119050,1000,16
ac19_14392,YYXXXXYX,YYXyXXyxxYX,1,18249,1000,14
ac19_14404,YXyXXyx,YYxxYXXXyyxyx,2,18267 149254,1000,17
ac19_14409,YYXXXXXXyx,YXXXXXyxxxxxx,3,18273 48314 62042,1000,16
ac19_14416,YXXyx,YYYYXyXyxyXyyXXX,2,18284 147686,1000,18
ac19_14419,YXXXYxx,YYYXXXyxxYYXYX,3,18291 46437 134084,1000,18
ac19_14422,YXXYx,YYYXYYXXyxxxyX,1,18297,1000,15
ac19_14426,YXXyx,YYYYYXyxyXyyxyyx,1,18305,1000,13
ac19_14429,YXYxyx,YYYXyXyxxxxyX,1,18310,1000,15
ac19_14480,YXYXyx,YYYXyyyXyxxYx,1,18380,1000,19
ac19_14513,YYXXXyX,YXyxxxYXXyX,7,18432 24267 26822 48566 69184 130300 138752,1000,15
ac19_14521,YXyXXyx,YYxYXyxyxyXYXyyX,2,18443 141133,1000,17
ac19_14532,YXyXXXyx,YYYxyyXXXyXYxyXyX,1,18457,1000,19
ac19_14550,YYXXYxxyXyx,YYxYXYYxYXYx,1,18482,1000,19
ac19_14557,YXXYxxyX,YYYYXXXXyxYXX,4,18492 39144 83085 119002,1000,15
ac19_14568,YYXXXYx,YYxYXYxyXyX,2,18506 89109,1000,16
ac19_14569,YYXXyxx,YYXXXYYxyx,2,18511 64389,1000,14
ac19_14576,YXXyx,YYYYXyyxyyXYXXX,1,18520,1000,16
ac19_14610,YXYXyx,YYXYxxxxyyXyX,2,18568 79519,1000,15
ac19_14628,YXYXyx,YYXyyXyXXYYxx,2,18593 46941,1000,19
ac19_14679,YXYXyx,YYYYxxyXXXYXX,2,18668 76856,1000,17
ac19_14690,YXXXyxx,YYXyXYxyXYxyX,6,18686 42350 91270 105757 107011 138475,1000,20
ac19_14702,YXYXyx,YYYYYxyyXyyXX,1,18705,1000,19
ac19_14724,YXXyx,YYYXXXyyXyyyxxYx,1,18740,1000,18
ac19_14730,YXyXXXyx,YYYxyXXXyXyyX,2,18748 113126,1000,19
ac19_14751,YXyXXyx,YYXXyXYxyxyxx,2,18779 115579,1000,17
ac19_14775,YXYXyx,YYXXXyXXyxxYx,2,18816 122786,1000,17
ac19_14786,YYXXXYX,YYxYXXyXX,2,18834 87141,1000,16
ac19_14791,YXYXyx,YYXyXXYXyXYYx,2,18840 147607,1000,15
ac19_14797,YXYXyx,YYxxYXyxyXXyX,6,18848 35546 69636 70584 107142 108331,1000,15
ac19_14807,YXXYxxyx,YYxxyXXYxyX,2,18864 63121,1000,15
ac19_14816,YXyXXyx,YYXyyXyyXXX,2,18876 102750,1000,17
ac19_14824,YXYxyx,YYYXyxYxYxx,2,18888 102653,1000,15
ac19_14839,YXYXyx,YYYXyxyyXXXXYxx,2,18909 95608,1000,19
ac19_14847,YXyXXyx,YYYxyxyxxYXXyx,2,18921 126239,1000,17
ac19_14888,YXXYx,YYYYXXyxYYXyyyXYx,1,18982,1000,18
ac19_14905,YXXyXyxx,YYxYxyxxxYX,2,19008 141763,1000,17
ac19_14919,YXXyx,YYYYYXXXyyXyXyXX,1,19026,1000,18
ac19_14939,YYXXXYxx,YYYXXyyxx,2,19055 31319,1000,16
ac19_14945,YXYXyx,YYYYxYXyXXyyX,3,19063 109776 114300,1000,17
ac19_14956,YXYXyx,YYYXXXXYYYxyX,1,19079,1000,13
ac19_14981,YXXYx,YYXYYXXXYYxyx,4,19122 53144 114600 154341,1000,15
ac19_15034,YXYXyx,YYXXXyXXYYx,4,19200 44071 64830 92824,1000,17
ac19_15081,YXXXYxx,YYXXyyxxYX,3,19273 70656 145182,1000,14
ac19_15093,YXYxyx,YYXXyxxxYYx,4,19289 52385 106733 141809,1000,15
ac19_15112,YXXX,YYYxYYxyyXyXyyx,1,19316,1000,19
ac19_15113,YXYXyx,YYYYXyXXyXXYx,2,19317 61951,1000,17
ac19_15127,YXYXyx,YYYXXYYYXXXXX,1,19335,1000,15
ac19_15138,YXyXXXyx,YYXyxxyXXYxyX,1,19352,1000,16
ac19_15141,YXyXXyx,YYXyxyxyXYYx,1,19355,1000,17
ac19_15145,YXYXYx,YYYxYXyyXYYxyXXyx,1,19360,1000,19
ac19_15151,YXyXXyx,YYYXXyxyxx,2,19370 129919,1000,16
ac19_15179,YXXYx,YYYXXyXYxyyxx,1,19406,1000,15
ac19_15183,YYXXyxx,YYYxxYYxxyXXX,1,19412,1000,19
ac19_15200,YXYXyx,YYYYXyXXyXYYx,2,19435 98787,1000,17
ac19_15228,YXYXyx,YYYXXXyXXYXYx,2,19481 104219,1000,19
ac19_15232,YXYXyx,YYxYxyxYXyyXXyX,1,19486,1000,17
ac19_15237,YXXyx,YYYYYXyyxxyyXXX,2,19495 86306,1000,18
ac19_15242,YYXXXXyx,YYXyXYxyX,3,19501 41161 94851,1000,17
ac19_15267,YXYXyx,YYYXyXyxyXyxx,4,19540 83226 116778 127940,1000,15
ac19_15270,YXXyx,YYYYXyxxyyXyyXXX,2,19543 78576,1000,19
ac19_15271,YYXXYXX,YYXXYYxYxyXyXyX,3,19544 63830 124230,1000,16
ac19_15272,YXXyx,YYYXyxxyyXXXXXYX,2,19545 135571,1000,19
ac19_15279,YXYXyx,YYXXyXXYxyXYYxx,2,19561 78967,1000,17
ac19_15282,YXXyx,YYYXyXyyXXXXXYX,2,19566 60706,1000,19
ac19_15293,YXyXXyx,YYYxxYYxyxyx,3,19582 151697 153501,1000,16
ac19_15300,YXYXXYx,YYxyXYxyXX,4,19598 37079 60291 89965,1000,17
ac19_15329,YXYXyx,YYYYxxYXyXXyX,2,19643 61473,1000,19
ac19_15332,YXYXyx,YYYxYXyXXXyxx,1,19646,1000,15
ac19_15334,YXXX,YYXyyXyyXYYxx,1,19648,1000,17
ac19_15347,YXXYx,YYYYYXYXyyXYx,1,19663,1000,15
ac19_15365,YXyXXXyx,YYYxyXyxx,3,19684 23565 107690,1000,17
ac19_15378,YXyXXyx,YYXyXYxYxyxyXYXyxyX,2,19701 27497,1000,17
ac19_15391,YXYXyx,YYYxyyXXyXyxx,1,19718,1000,17
ac19_15457,YXYXyx,YYXXXyXYXXYYx,2,19825 132325,1000,17
ac19_15459,YXXyx,YYYYYXyyXXyxyx,1,19827,1000,15
ac19_15460,YXXYx,YYYXYXYxxyyX,4,19830 41298 118185 156017,1000,15
ac19_15463,YXXyXYx,YYxYXyxxyXXX,1,19835,1000,13
ac19_15481,YXXYx,YYYYYXXYXyxYYX,2,19861 26118,1000,15
ac19_15482,YXyXXyx,YYXyyxyXXyX,6,19864 62167 70996 76088 98014 152215,1000,16
ac19_15485,YXXYx,YYYXyXXYxyxyx,2,19868 82440,1000,15
ac19_15490,YYXyXyxyXYxyX,YXyxYXyxYXyxx,1,19875,1000,14
ac19_15496,YXXYx,YYYXYxyXYXXyxx,1,19886,1000,15
ac19_15502,YXXYx,YYYXyxYXYXyx,2,19897 125736,1000,15
ac19_15514,YXYXyx,YYYXXXXyxyyxxYx,2,19912 126470,1000,19
ac19_15527,YXXX,YYYXYYXyyxyyXyx,1,19932,1000,19
ac19_15530,YXYXyx,YYYxyXXyyXYYx,2,19935 27938,1000,17
ac19_15532,YXXyx,YYYYXyyxyyyxxx,2,19937 142455,1000,19
ac19_15540,YXXYXXyx,YXXXXXXXXyxYxxx,2,19948 123018,1000,15
ac19_15551,YXYXyx,YYYxYxyxxyXyXXX,2,19964 64790,1000,19
ac19_15562,YXXXYxxxyx,YYYxxxyXYYx,1,19980,1000,16
ac19_15565,YXYxyx,YYXXyXyxxYXyx,1,19983,1000,15
ac19_15570,YXXyx,YYYYYYXyyyyXyX,1,19991,1000,18
ac19_15572,YXyXXyx,YYXYxxyxxxx,1,19993,1000,17
ac19_15579,YXYXyx,YYYYYXyXXXXXYxxyX,1,20005,1000,19
ac19_15582,YXXXXyXyx,YYxxxxxyXX,2,20011 133586,1000,16
ac19_15584,YXyXXyx,YYXYXyxyXyx,2,20015 83246,1000,15
ac19_15591,YXXyXyX,YYYxyxYxxyyx,6,20022 95942 117881 123674 136157 155242,1000,16
ac19_15615,YXXyx,YYYYXYxyyyyXXX,2,20056 86169,1000,18
ac19_15616,YYXXXyxx,YYXyXXYXYYx,1,20059,1000,19
ac19_15637,YXYXXYx,YYYXXyxYYXX,2,20084 117428,1000,16
ac19_15693,YXYXyx,YYYXYxxyyXXXX,2,20163 33816,1000,17
ac19_15698,YXYXyx,YYYxYxyxYXyXyXX,2,20172 99434,1000,19
ac19_15702,YXyXXyx,YYXyxYxyxxyXX,2,20178 85610,1000,15
ac19_15705,YXXyx,YYYYXyXXyxyyyX,1,20183,1000,15
ac19_15726,YXXyx,YYYXyxyyXyyXXXYX,1,20212,1000,18
ac19_15727,YXXyXyx,YYXYxxxYxyxx,1,20216,1000,14
ac19_15744,YYYXyxyyX,YYXyxxxxx,3,20241 73439 145649,1000,17
ac19_15787,YXYXyx,YYXXXyyxxYxYX,1,20305,1000,15
ac19_15790,YXYXyx,YYYXXXyXyyxYxyx,1,20312,1000,19
ac19_15808,YXYXXYxyX,YYYXyXYYXyXX,2,20344 154886,1000,18
ac19_15817,YXXyx,YYYYXYYXyyXyyXyX,1,20360,1000,18
ac19_15839,YXXYXXyxx,YYxyXYxyXX,3,20390 38478 48032,1000,15
ac19_15843,YXYXyx,YYXXyyXXXYxYx,2,20394 50380,1000,19
ac19_15844,YXyXXyx,YYYYxyxxYXyyx,2,20395 35996,1000,16
ac19_15863,YXXyx,YYXYYXyyxyyxxxYx,1,20425,1000,18
ac19_15866,YXXXyXYx,YXyxxxyxx,1,20430,1000,17
ac19_15872,YXXyx,YYYYYXyxyyyXyXyX,2,20441 73390,1000,19
ac19_15897,YXXyx,YYYYXyyyyXXYXX,1,20475,1000,18
ac19_15906,YXXyx,YYYXyyXyyxxYxYxx,1,20486,1000,16
ac19_15961,YXXyx,YYYYXXXyXyyxyyxxx,2,20564 26922,1000,19
ac19_15969,YXXyXYx,YYxyXyXYXX,8,20577 20848 21516 61095 62205 83992 90666 131589,1000,16
ac19_15980,YXYXyx,YYYXYxyXyyXXXYx,1,20595,1000,19
ac19_15984,YXXyx,YYYXyyxyXyXXXXX,2,20602 133222,1000,19
ac19_15995,YXYXyx,YYYXyXYXyXXYx,1,20615,1000,15
ac19_16000,YXXXyxYx,YYYXyXXYXyx,1,20623,1000,17
ac19_16009,YXYXyx,YYXyXyXXYxxxx,2,20639 116135,1000,15
ac19_16012,YXYXyx,YYYYYYXXyxyXXXX,1,20642,1000,19
ac19_16018,YXYXyx,YYYxYXyxyXyXXYx,2,20656 52153,1000,19
ac19_16034,YXXXYxx,YYYYXXyxyxYX,1,20678,1000,18
ac19_16040,YXyXXXyx,YYXXyxYxxxyyX,2,20686 97302,1000,17
ac19_16045,YXXyx,YYYYXyyyXXyXYX,1,20693,1000,18
ac19_16064,YXYXyx,YYYxYXXyXXXYxyXYX,1,20723,1000,19
ac19_16069,YXYXyx,YYYXYxYXXyXXX,1,20729,1000,17
ac19_16078,YYXXyx,YYYYxyyXXyX,4,20738 57544 124546 144748,1000,15
ac19_16095,YXYXyx,YYYXXXXXyXYxx,5,20761 23016 105711 107562 134851,1000,17
ac19_16098,YXXyXXXXyx,YYXXyxxxxyX,2,20766 131446,1000,15
ac19_16099,YXyXXyx,YYXXYxyxYxxyyx,2,20768 79326,1000,17
ac19_16102,YXYXyx,YYXXXYYxxyXyX,1,20772,1000,15
ac19_16117,YXXyx,YYYYXyyyyXXYxx,1,20797,1000,13
ac19_16125,YXXyx,YYYYXyyyxyxxxyx,2,20808 32766,1000,19
ac19_16147,YXYXyx,YYYxyyXXyXYYx,2,20843 23843,1000,17
ac19_16158,YYXXYYXXX,YYXyxYxYXyyX,1,20865,1000,17
ac19_16160,YXYXyx,YYYxYxyXXXyyX,1,20867,1000,17
ac19_16163,YXYXyx,YYXyyXXYxYXYx,4,20872 22679 26177 156506,1000,15
ac19_16166,YXXyXyx,YYxxxxxyXX,3,20875 54439 129716,1000,14
ac19_16178,YYXXXYX,YYXYxYXyyXX,2,20895 153371,1000,16
ac19_16198,YXXyx,YYYYYXyxyXyyyxYx,1,20926,1000,19
ac19_16219,YXXyx,YYYYXyyXyxyyxxx,2,20953 128552,1000,19
ac19_16221,YXYXYx,YYXyXYxYYxyXXyx,1,20957,1000,17
ac19_16224,YYXXyXYYx,YYxYXXYXX,1,20961,1000,17
ac19_16231,YXYXyx,YYXXyXyyXYYxx,2,20972 46970,1000,17
ac19_16250,YXXYx,YYYYxyXXXyxyx,2,20999 35625,1000,15
ac19_16276,YXYXyx,YYYXyXYXXXXYx,1,21031,1000,15
ac19_16286,YYXXXXyx,YYXXXYXXyXX,4,21044 46185 51554 140735,1000,17
ac19_16287,YXXyx,YYYYXyyyyxxYx,4,21045 46011 74393 116954,1000,9
ac19_16305,YXYXyx,YYYYXyyXXyyxx,2,21076 33819,1000,19
ac19_16307,YXYXyx,YYYXyxyXyXXXYxx,2,21080 33981,1000,17
ac19_16313,YYYYXXXXX,YYYYXyXyyx,1,21088,1000,18
ac19_16329,YXXXX,YYYYxyXyyyx,2,21112 61156,1000,14
ac19_16354,YXXyx,YYYYXYYxyXyxyyyx,1,21154,1000,18
ac19_16358,YXyXXyx,YYYxyxYxxyxyXYX,1,21163,1000,18
ac19_16371,YXXXYxx,YYYXYYXXyxxYX,3,21184 21540 54546,1000,17
ac19_16384,YXyXXyx,YYxyxYxyxyXYXYx,2,21200 112271,1000,17
ac19_16397,YXYXyx,YYYYXXYxYXXXX,2,21221 26341,1000,15
ac19_16410,YXYXyx,YYYxyXyyXXYYx,2,21236 54656,1000,19
ac19_16416,YXYXyx,YYYxYxyyXyyXX,2,21244 91266,1000,19
ac19_16422,YXXyx,YYYYXYxyyyyX,11,21254 34207 60079 63565 67405 74372 96928 113381 115709 122011 130826,1000,13
ac19_16423,YYXXXyxx,YXYxYXyXX,2,21258 52758,1000,17
ac19_16430,YXXXyxYx,YXYXyXXYxxYXX,2,21269 115976,1000,15
ac19_16451,YXXyx,YYYYXYXyxxyyyXXXX,1,21300,1000,19
ac19_16454,YXXyxYXXyxx,YYXyXYXXyXXXX,3,21303 60327 119812,1000,17
ac19_16462,YXYXXYx,YYXYxYxyXyX,2,21315 122013,1000,16
ac19_16472,YXXyx,YYYXyyyXXXXXXXyX,2,21332 130478,1000,18
ac19_16481,YXYXyx,YYYYYYYXXyxyXXX,2,21347 125742,1000,19
ac19_16512,YXYXyx,YYXXyXXYxYXYx,2,21397 138042,1000,15
ac19_16513,YXXYx,YYYXYYXyyyxxYX,2,21398 135294,1000,18
ac19_16521,YXYXyx,YYXyxyXyyxYxx,1,21407,1000,15
ac19_16530,YXYXyx,YYXXXXyyxxxxx,2,21416 154688,1000,19
ac19_16533,YXXyx,YYYYXYXyxyyyXX,2,21421 26286,1000,17
ac19_16557,YXXyx,YYXYXyyXyXXXXYX,2,21454 69303,1000,19
ac19_16562,YXYXyx,YYYYYXXyXXXYX,1,21462,1000,19
ac19_16568,YXYXyx,YYYXXXXYYXXYx,1,21469,1000,17
ac19_16570,YXXyx,YYYYXyxxyxyyyXXXX,1,21471,1000,19
ac19_16572,YXyXXyx,YYYYxxxyXyx,5,21474 48601 57051 63390 103577,1000,15
ac19_16588,YXYXyx,YYYYYxyXXXXYYXX,1,21497,1000,19
ac19_16611,YYXXyxx,YYXYxxYxxYXX,1,21525,1000,18
ac19_16616,YYXXXyX,YXyxxyXYx,2,21530 52124,1000,16
ac19_16618,YXyXYxx,YYXYXYXyxYx,2,21532 65850,1000,15
ac19_16631,YYXXXYX,YYYXXyxYXyX,2,21550 84630,1000,15
ac19_16637,YXyXXyx,YYYXyXyxxyx,4,21563 149541 151552 155747,1000,15
ac19_16644,YXYXyx,YYYXyxyXXXyXYYx,2,21571 139440,1000,17
ac19_16655,YYYXXXyxx,YYYXXyxxYXX,3,21590 101565 124423,1000,15
ac19_16660,YXXXyXYx,YYXXyXYxxxyXX,1,21605,1000,17
ac19_16665,YYYXXXX,YYYXyyxyyx,3,21612 131027 138326,1000,16
ac19_16694,YXyXXyx,YYxyxxxYxyxYX,2,21653 80123,1000,17
ac19_16706,YXYXyx,YYXYxyyXyXyxxYx,1,21671,1000,17
ac19_16708,YXYXyx,YYYYYYxyyXXXYxyyX,1,21673,1000,19
ac19_16727,YXyXXyx,YYXXyXXXyyxyx,1,21700,1000,13
ac19_16728,YXyXXyx,YYxxxxxyxYX,4,21701 33163 115057 144758,1000,15
ac19_16730,YXXYx,YYYXyyyxYYYXX,1,21705,1000,15
ac19_16731,YYXXXyx,YYYYXyyXyX,2,21706 137886,1000,15
ac19_16738,YXyXXyx,YYXYxyxxxYxyx,1,21717,1000,17
ac19_16768,YXyXYxx,YYYXXyyXyxx,1,21766,1000,15
ac19_16808,YYXXXXyXX,YXXXXXyxxxxxx,9,21830 22514 28325 46608 86985 107632 109670 118474 125468,1000,17
ac19_16845,YXXXyXyX,YYYXyxxxyyX,1,21881,1000,15
ac19_16855,YXXyx,YYYXYYxyyxyyXXX,2,21898 70725,1000,18
ac19_16869,YXYXyx,YYXyXXYXXXYYx,2,21926 77052,1000,17
ac19_16873,YXXXXYx,YYXXXYXXyXYxx,1,21932,1000,17
ac19_16899,YXyXXXyx,YYXyXXYxyxxyx,2,21968 56701,1000,19
ac19_16903,YXYXyx,YYXyXyXyxxxYX,1,21974,1000,15
ac19_16905,YYXXXYX,YYYYXXyyX,4,21977 30514 82337 105209,1000,15
ac19_16926,YXYXyx,YYYxxYXXyxyyXXX,1,22020,1000,19
ac19_16952,YXYXyx,YYXYxyXXXyXYx,2,22068 108510,1000,15
ac19_16956,YXYXyx,YYYXXyXXXYYxx,2,22072 57741,1000,19
ac19_16961,YXXyx,YYYYXyyyXyXyXXX,1,22079,1000,19
ac19_16967,YXYXyx,YYYXXyxyXXXYxxx,2,22086 22714,1000,17
ac19_16968,YXXXXYx,YYXXYxyXXyx,3,22087 59973 64256,1000,17
ac19_16979,YXYXyx,YYYxyyXXyyyxx,1,22104,1000,19
ac19_16980,YYXXYxYXXYx,YYYXXYxYXyyxxyX,4,22106 25497 52928 96446,1000,15
ac19_16981,YXyXXXyx,YYXyXyyXX,3,22108 117654 122977,1000,16
ac19_16992,YXXyx,YYXYXYYXyyXyXyXX,2,22124 37760,1000,18
ac19_17015,YXXyx,YYXYYxyyxyxyxxYx,1,22160,1000,18
ac19_17033,YXYXyx,YYXXXyXXYxYYx,2,22182 38963,1000,17
ac19_17035,YXXyx,YYYYXyyXyyyXXX,2,22184 83130,1000,19
ac19_17045,YYXYXyXXyX,YYXyyXYYXyX,11,22199 24180 29249 50088 80867 83011 112207 134830 135686 153397 153879,1000,18
ac19_17062,YXYXyx,YYXyXXXYXXYYx,2,22222 97975,1000,17
ac19_17063,YXYXyx,YYXYxyXXXyyXyxYYx,2,22223 75895,1000,17
ac19_17065,YYXXyxx,YYYYYYXYXYx,7,22225 35163 39350 59011 96161 116117 143725,1000,15
ac19_17070,YXXyx,YYYXyyyXXXYXXX,2,22230 58568,1000,17
ac19_17098,YXyXXyx,YYXXyyxyXX,2,22277 47006,1000,16
ac19_17100,YYXXyXYYx,YYxYXYXXX,1,22281,1000,15
ac19_17131,YYXXXyX,YYYXyyXX,5,22329 33833 68779 76688 117662,1000,15
ac19_17140,YXXyx,YYYYYYXyyyyyyXyx,5,22341 78577 96690 99486 115559,1000,17
ac19_17156,YYYXXYXyX,YYXXYYXXX,6,22368 47315 61085 99700 122212 139109,1000,17
ac19_17164,YXYXyx,YYXXyXXyyxYYxyx,1,22379,1000,17
ac19_17171,YXYXyx,YYYYYxyXXXyxyXX,2,22390 46505,1000,19
ac19_17198,YYXXYxxyX,YYxyXyxxyX,7,22427 74586 92041 94843 102140 103161 122719,1000,15
ac19_17204,YXXXyxYx,YXYxyXXYxyX,2,22437 121118,1000,17
ac19_17205,YXYxyx,YYXyxYYxxYx,6,22438 55297 65702 66499 96263 136226,1000,15
ac19_17212,YXYXyx,YYYXXXXyyyxxx,2,22447 61997,1000,19
ac19_17213,YXYXyx,YYYYYXyXXyyxx,1,22448,1000,17
ac19_17274,YXyXXyx,YYYYxyyxxYXXyXyx,2,22538 114499,1000,17
ac19_17295,YXXyx,YYYYYYXyyyyyX,4,22569 35881 42310 63374,1000,17
ac19_17312,YXXXX,YYYYxyxxyxyyyx,1,22597,1000,14
ac19_17313,YXyXXyx,YYXXyXXYxyxyx,2,22598 69767,1000,15
ac19_17320,YXYXyx,YYYYYxyyXXyyx,1,22608,1000,15
ac19_17322,YXXX,YYYxYYXyyXyyXyx,2,22610 43538,1000,19
ac19_17325,YXXyx,YYYXyXyXyyXXXXX,1,22615,1000,19
ac19_17329,YXYXyx,YYXYxxYxyXXyX,3,22621 53612 77099,1000,15
ac19_17343,YYYXXXXyyx,YYYYXXyyyyx,12,22638 28500 37735 83534 91474 96896 102218 105969 120168 127529 135190 141875,1000,15
ac19_17373,YXYXyx,YYXXXyyXYxYYx,3,22687 64440 102193,1000,15
ac19_17378,YXXX,YYYXYYxyXyyxyyx,1,22694,1000,19
ac19_17396,YYXXXYx,YYxyXyxYXX,3,22716 73660 100264,1000,15
ac19_17401,YYXXXYx,YYXyxxyXyx,8,22724 32544 75829 98108 105616 122909 141880 155397,1000,15
ac19_17403,YXXyx,YYYYXyxxyyXXXXX,2,22726 84425,1000,17
ac19_17433,YXXyx,YYYXyyxyXyyXXYX,2,22768 150526,1000,18
ac19_17446,YXXyXYx,YYXXXXyxxYX,5,22787 32126 81581 114268 149567,1000,16
ac19_17455,YXXYxYxx,YYxyxxyXyXX,1,22796,1000,15
ac19_17480,YXYXyx,YYYXXXXXXYx,4,22832 74493 81453 91263,1000,17
ac19_17484,YXyXXXyx,YYYxxYxxyxYxyyX,1,22839,1000,19
ac19_17496,YXYXyx,YYYxyyXXyyxYx,2,22857 74922,1000,17
ac19_17498,YXYXyx,YYXyyXXyxxx,5,22859 95518 109464 115126 153656,1000,15
ac19_17526,YXYXyx,YYXyyXyyxxYxx,2,22901 133710,1000,19
ac19_17530,YXYXyx,YYYYxYXyyXX,9,22906 25540 31776 38133 42994 78278 106146 114575 153406,1000,17
ac19_17552,YXYxyx,YYYxYXyxYxx,8,22943 36779 54140 70070 75245 117903 131361 137654,1000,15
ac19_17556,YXXyx,YYYXYxyXyXyXXXXX,1,22947,1000,20
ac19_17569,YXYXyx,YYYXyXyyxyxxx,2,22966 60318,1000,17
ac19_17576,YXyXXyx,YYXyXYxxxxyyX,2,22976 65377,1000,15
ac19_17578,YXXYx,YYYXXyyxYYX,8,22980 51833 79951 80546 123721 134989 136160 156456,1000,15
ac19_17581,YXXYx,YYYXyyxYXyxyyx,2,22983 84358,1000,18
ac19_17592,YXyXXyx,YYXyyxxYYxx,5,23003 56138 70501 88622 144555,1000,15
ac19_17611,YXXyx,YYYYYXyyyyXXX,3,23036 133161 156187,1000,18
ac19_17621,YXYXyx,YYYxyXyxyXyXXYx,1,23049,1000,17
ac19_17634,YYXXXyX,YYXyxYXXyyx,1,23071,1000,15
ac19_17638,YXYXyx,YYYXyyyXXXYYx,2,23077 65586,1000,19
ac19_17639,YXyXYxx,YYYXYXYx,4,23078 25741 43015 141970,1000,15
ac19_17644,YXYXyx,YYXyyXXXYXYxx,2,23086 88776,1000,17
ac19_17651,YXYxyx,YYXyxYxxYxx,8,23093 27818 50117 75993 76074 108659 110197 143719,1000,15
ac19_17655,YXYXyx,YYXYxyXyyXyxxxx,2,23098 104758,1000,19
ac19_17663,YYXXyxx,YYYYXyxYX,3,23110 139060 144638,1000,15
ac19_17672,YXYXyx,YYXYxyXyXXyxxxx,1,23122,1000,17
ac19_17726,YXXyxYx,YYYXyXXYxxxyX,1,23207,1000,16
ac19_17727,YXYXXYx,YYXYXXyyxx,2,23208 52670,1000,14
ac19_17769,YXYXyx,YYXyyxyXyxxYx,1,23270,1000,15
ac19_17771,YXYXyx,YYYxyXXyXXYYx,2,23276 94760,1000,19
ac19_17777,YXXYx,YYYXyyXYXYxx,3,23287 110396 147724,1000,15
ac19_17793,YXYXyx,YYYYXXXXXXYYx,2,23309 40321,1000,19
ac19_17807,YXYXyx,YYXXyxyXyyxxx,1,23335,1000,15
ac19_17810,YXXyx,YYYYXyXyxyyyxxx,2,23339 80126,1000,18
ac19_17827,YXXX,YYYXYYxyyyxxyyX,1,23363,1000,17
ac19_17841,YXYXyx,YYXyXXXYxYx,6,23389 37480 41076 57753 66535 101917,1000,15
ac19_17844,YXYXyx,YYxYXYxyXyXyyxx,1,23392,1000,19
ac19_17849,YXYXyx,YYYXyyXXyyxYx,2,23400 75189,1000,17
ac19_17856,YXyXXXyx,YYXXyyXyX,4,23408 34715 60933 71276,1000,15
ac19_17861,YXXYx,YYYXYYxYXyxyyX,3,23414 93294 123823,1000,15
ac19_17867,YXXYXXyxx,YYxxYXXXyXX,1,23425,1000,19
ac19_17878,YXYXyx,YYXyXXXyxxxxx,2,23442 25821,1000,19
ac19_17894,YXXyXYx,YYxyxxxyXyXX,1,23470,1000,16
ac19_17899,YXYXyx,YYXyyXyyxxxxyxxyx,1,23478,1000,19
ac19_17921,YXyXXyx,YYxyxYXYYxyxxyx,1,23512,1000,17
ac19_17923,YXXYx,YYXYYXXyyxxxyX,1,23514,1000,15
ac19_17924,YXyXXyx,YYxxyxxyXXX,2,23515 104778,1000,16
ac19_17931,YXXyx,YYXYYxyxyyxxxxx,2,23525 76930,1000,15
ac19_17939,YXYXyx,YYXXyXXYxYxyx,3,23535 72089 144448,1000,15
ac19_17957,YYXXXXyx,YXyxYXXXyxx,3,23562 77328 149490,1000,17
ac19_17985,YXYXyx,YYYXYxyXXyXXyxxYx,1,23602,1000,19
ac19_18012,YXYXyx,YYYXYxyXyXXYx,4,23647 62398 86703 94532,1000,15
ac19_18045,YXXXyxxYx,YYXyxxYXYx,1,23697,1000,13
ac19_18054,YXYXyx,YYXXXyXyxxxYx,2,23706 32080,1000,17
ac19_18062,YXXyx,YYYYXyXyXyXXXXX,1,23722,1000,20
ac19_18079,YXYXyx,YYXYxYXXXyyxx,2,23742 59266,1000,15
ac19_18080,YXyXXyx,YYXyyXyxxYX,2,23744 25121,1000,16
ac19_18091,YXXYx,YYYXYxyyXYYYXX,3,23759 88797 146628,1000,15
ac19_18099,YXXyx,YYYYXyyxYXyyxx,1,23772,1000,15
ac19_18101,YXXYx,YYXYXyyxYXyxx,2,23774 125184,1000,15
ac19_18102,YXXX,YYYXYYxyxyXyyyX,1,23776,1000,17
ac19_18107,YXXyx,YYYYXyXXyXyyyXX,1,23784,1000,18
ac19_18125,YYXXYXYYXXX,YYYxyyxYXXyX,1,23812,1000,20
ac19_18143,YYXXXYXX,YYYXYXyyX,1,23844,1000,15
ac19_18147,YXYXyx,YYXXyyXYXXYYx,2,23851 90685,1000,17
ac19_18153,YXXYx,YYYXYYxYYXyyX,1,23863,1000,15
ac19_18156,YXXYxxyx,YXyxYxYXXXyxx,2,23867 43333,1000,19
ac19_18168,YXYXXYx,YYxyXyxxxyXX,1,23887,1000,14
ac19_18203,YXYXyx,YYYXyyXyXXYYx,2,23941 24055,1000,19
ac19_18204,YXXYxxyx,YYxxxxxyXyXYX,1,23944,1000,19
ac19_18207,YXYXyx,YYxyXXyXYXyXYxx,2,23948 151302,1000,17
ac19_18209,YXYXyx,YYYYXyxyXXyyyxx,1,23951,1000,19
ac19_18221,YYXXXYX,YYXYYxyXXyX,1,23967,1000,16
ac19_18240,YXYXyx,YYYXXyyyxxx,4,23993 29380 82771 84028,1000,17
ac19_18255,YXXyXyx,YYXXyXYxxxyx,1,24014,1000,14
ac19_18257,YYXXXYx,YYXyXYxYXyx,2,24019 91442,1000,15
ac19_18264,YXXyx,YYYXyxxyyyXXYXYX,2,24028 142298,1000,19
ac19_18273,YXYXyx,YYYXyyyXyxx,4,24040 98864 126354 141686,1000,15
ac19_18282,YXYXyx,YYYYYXXXXXXYYXX,2,24052 24511,1000,19
ac19_18285,YXXYx,YYXXyxyXYYxyx,1,24056,1000,15
ac19_18287,YXYXyx,YYxYYxyXyXXYX,2,24058 101802,1000,19
ac19_18301,YXYxyx,YYXyXXyxYXyyx,1,24079,1000,15
ac19_18309,YXXyx,YYYYYXyyyyyXYx,6,24093 30150 52772 67504 96004 123485,1000,13
ac19_18318,YXXYx,YYXYxxyXYXyyx,2,24111 57370,1000,15
ac19_18323,YYXXyxx,YYXXYYxYXYx,7,24116 48132 51797 67812 103242 117354 132948,1000,15
ac19_18329,YXyXXXyx,YYXyXYXyxyXyX,1,24127,1000,19
ac19_18333,YXXYx,YYYXXyyxyyxyyx,2,24131 52645,1000,18
ac19_18365,YXYxyx,YYXyXXyxxYXyx,1,24181,1000,15
ac19_18375,YXXYxxyX,YYXXyxxYXyX,3,24199 103820 127577,1000,14
ac19_18380,YXYXyx,YYYYXXXXXXXYx,2,24206 117207,1000,19
ac19_18385,YXYXyx,YYYxYXyxyXXyXYx,1,24213,1000,17
ac19_18394,YXYXyx,YYYXXXYXXXXXYYx,2,24227 110159,1000,21
ac19_18400,YXyXXXyx,YYXyXYxYxyxYxxyyX,1,24235,1000,17
ac19_18405,YXyXXyx,YYxxyxxYX,11,24241 24743 46284 78759 82139 82586 89549 102597 118709 136885 151437,1000,15
ac19_18410,YXXyXyxx,YYYXyxxYYxx,1,24248,1000,17
ac19_18412,YXYXyx,YYXXyXyyxYxxx,2,24250 85580,1000,19
ac19_18413,YXYxxYXyxYXyx,YYXYxxYYxxYXyx,1,24252,1000,18
ac19_18417,YXYXyx,YYYYXyyXyyyxx,2,24260 122754,1000,19
ac19_18432,YXXyx,YYYYXYxyxyyyXXX,2,24289 154384,1000,18
ac19_18435,YXYXyx,YYXyyXyyxxYYx,2,24294 130326,1000,19
ac19_18446,YXyXXyx,YYYXyyxyyX,2,24308 133051,1000,17
ac19_18450,YYXXYXXyX,YYxYXXyyX,1,24317,1000,18
ac19_18466,YXYXyx,YYYxyyXyXXYYx,2,24352 91829,1000,19
ac19_18485,YXYXyx,YYYXyXXyyxxxx,2,24385 57820,1000,19
ac19_18505,YXYXyx,YYXyXXyXYYx,5,24415 45215 92440 99033 109606,1000,15
ac19_18516,YYXXyxx,YYXYXXYYxyx,1,24430,1000,15
ac19_18524,YXXXYxxxyx,YYxYxxxyXXX,1,24442,1000,16
ac19_18527,YXYXyx,YYXyXXXyxxxYx,6,24446 76263 85979 97191 131940 136362,1000,17
ac19_18538,YXyXXyx,YYxxyxYXyxxYX,1,24465,1000,15
ac19_18548,YXYXyx,YYXyXXXyxxYxyxx,2,24483 135311,1000,17
ac19_18553,YXYXyx,YYXXXyXyxxYYx,2,24492 151366,1000,17
ac19_18554,YYXXYXyyx,YYxYXXXyX,1,24494,1000,15
ac19_18559,YXYXyx,YYYYxYXyyXyXX,1,24502,1000,19
ac19_18565,YXXYx,YYXYXyyxxxyyX,4,24513 41777 134893 155907,1000,15
ac19_18571,YXYXyx,YYYXyXyXYXYxx,1,24521,1000,17
ac19_18574,YXYXyx,YYXYYXyXXyyxYYx,1,24528,1000,15
ac19_18575,YYXXXXYxx,YYXYYXXXYx,2,24529 116150,1000,18
ac19_18577,YYXXXyX,YYXyXYXYxyyX,1,24532,1000,15
ac19_18581,YXXYx,YYYYXYXyxYXyyx,1,24537,1000,18
ac19_18585,YXYXyx,YYXYxYYXXXyyX,1,24541,1000,17
ac19_18594,YXYXXXX,YYXXyXyXYx,3,24561 71346 122337,1000,16
ac19_18600,YXXYx,YYXYXYxxYXyyX,3,24572 61574 115972,1000,15
ac19_18601,YXYXyx,YYYXyyXyyyxxx,2,24574 119273,1000,19
ac19_18637,YXXYx,YYYYXYXXXYxyx,1,24626,1000,15
ac19_18644,YYXXyxx,YYXXYxYxyX,1,24637,1000,16
ac19_18650,YXYXyx,YYYXXXyxxyyxx,1,24644,1000,15
ac19_18664,YXyXXXyx,YYXyyxxYXXyxx,3,24666 51665 66143,1000,17
ac19_18702,YXyXXyx,YYYxxxYYxyxyXyyX,2,24729 150957,1000,17
ac19_18708,YYXXXYx,YYYXXYXyxYX,2,24740 25945,1000,15
ac19_18718,YYXXXXYX,YYXYxxyyXXX,1,24753,1000,14
ac19_18721,YXYXyx,YYYxYXyxyXXyyxx,1,24759,1000,19
ac19_18747,YXXyx,YYYXYxyyyxx,14,24796 25745 53213 54216 61421 65321 103519 112925 115295 119384 124804 140449 142888 144792,1000,15
ac19_18756,YXYXyx,YYYYXyxyXyXyyxx,1,24806,1000,17
ac19_18762,YXYXyx,YYYxyXXyyXyxx,3,24816 59288 147650,1000,17
ac19_18782,YXXX,YYXYYXyyXYYXyyX,1,24843,1000,19
ac19_18784,YXXXX,YYYYXyyXyyx,2,24845 70583,1000,16
ac19_18792,YXyXXyx,YYXYxyXyyxYXyxx,2,24855 86048,1000,17
ac19_18817,YXYXyx,YYXyyXyxxyxxx,2,24898 112908,1000,17
ac19_18827,YXXyx,YYYYYXyXyXyxyx,3,24916 62945 126706,1000,15
ac19_18834,YXYXyx,YYYxyXyXXyyxx,2,24929 77255,1000,19
ac19_18837,YXXyx,YYYXYYxyxyyyxxx,2,24933 141440,1000,18
ac19_18843,YXYXyx,YYYXyXXXXYYxxyx,1,24940,1000,19
ac19_18844,YYXXXyX,YXyXXYxxxyx,10,24941 33610 58105 71157 77784 93780 114096 119109 146446 149540,1000,15
ac19_18873,YYXXXyxx,YYXYXXXYx,11,24988 25269 31043 38460 38976 60899 87156 89318 99276 128449 149760,1000,17
ac19_18887,YXyXXyx,YYXYxxyXyyX,8,25012 28658 34814 59457 135630 140294 146502 147146,1000,15
ac19_18891,YXYXyx,YYXyXXXXYXYYx,2,25016 134961,1000,19
ac19_18913,YYYXyyX,YXYXXXX,6,25046 70814 88532 137591 139004 148065,1000,14
ac19_18921,YXXyx,YYYYXyyxyyXXXXyX,1,25059,1000,20
ac19_18924,YXYXyx,YYYXYxxyyyXXXYx,2,25063 126831,1000,19
ac19_18927,YXYXyx,YYYYXyXXXYYXX,2,25068 79821,1000,17
ac19_18936,YYXXXXXyX,YXXXXXXyxxxxx,4,25082 69042 71173 123807,1000,16
ac19_18945,YXYXyx,YYYxxYXyXyyXX,2,25098 48023,1000,19
ac19_18957,YXXyx,YYYXyxyyxxxxYx,2,25126 105730,1000,18
ac19_18965,YXXX,YYYXYYXyXyyxyyx,1,25141,1000,19
ac19_18971,YXYXyx,YYYYXyxyXXyXXYx,2,25149 33244,1000,17
ac19_18993,YYXXyXyyx,YYxxYxxyx,1,25181,1000,17
ac19_18997,YXXyx,YYYYXyyXyXyXXyXX,2,25189 146742,1000,20
ac19_19026,YYXXXyx,YXyxxxYXXyx,3,25239 25829 75964,1000,15
ac19_19027,YXYXyx,YYYxYXyXXyXYxyX,2,25240 62411,1000,17
ac19_19033,YXyXXyx,YYYYxxyyx,3,25249 73368 83061,1000,15
ac19_19040,YXXYx,YYYXYYYXXYXyyx,2,25259 96303,1000,15
ac19_19052,YXXX,YYYYXyyxYxyxyyX,1,25277,1000,17
ac19_19076,YXYXyxYXyxxx,YYxyXYxyXYxyX,1,25307,1000,17
ac19_19080,YYXXXYxx,YYYYxxYXXXX,1,25312,1000,13
ac19_19084,YXYXyx,YYXXYxYYXXyyX,1,25318,1000,15
ac19_19100,YXYXyx,YYXyyXyxyxxxx,2,25341 111800,1000,17
ac19_19113,YXXX,YYYYxyXyyxyyx,2,25358 122308,1000,17
ac19_19115,YXXyx,YYYYXXYxyxyyyxxx,2,25360 104738,1000,18
ac19_19116,YXYXyx,YYYxxYXyxyXyXyX,1,25361,1000,17
ac19_19117,YXXXX,YYYYYXyyyxyyx,1,25363,1000,18
ac19_19118,YXYXyx,YYXYxxYXyXyXX,6,25365 35849 62165 65439 78363 90084,1000,17
ac19_19132,YXYxyXXyx,YYYXyyxYXyx,3,25395 69117 103775,1000,16
ac19_19133,YXXyx,YYYYYXyXXyxyyx,1,25396,1000,15
ac19_19142,YYXXyxx,YYYxxxYXXyXX,1,25407,1000,18
ac19_19144,YYXXYXXyX,YYxxyXXXX,5,25409 55668 68517 107161 128546,1000,18
ac19_19153,YXYXyx,YYYXyXXXYXYxx,1,25421,1000,17
ac19_19163,YYXXyxx,YYYxYXYX,8,25438 41144 82116 142137 144506 145739 148855 149021,1000,15
ac19_19167,YXYXyx,YYXYxyXXyXYYx,10,25444 28856 37858 52334 94938 101275 111279 113216 143913 152902,1000,15
ac19_19173,YXYXyx,YYYXXyyXyxxxx,2,25457 140247,1000,19
ac19_19190,YYYXXXyxx,YYYXXYxxyXX,1,25481,1000,19
ac19_19201,YXYXyx,YYYYxxYXXyxyXXX,2,25503 54068,1000,19
ac19_19211,YXyXXXyx,YYxyXXyyxYX,2,25517 65901,1000,17
ac19_19218,YXXX,YYYYxxyyxyyxyyx,3,25529 58807 58816,1000,17
ac19_19230,YXYXyx,YYYxxyXyxyXXX,2,25547 76098,1000,17
ac19_19239,YYXXXXYxx,YYYxxyyXXX,1,25563,1000,15
ac19_19245,YYXXXyxx,YYYYXyyxyyX,1,25570,1000,19
ac19_19258,YXXYx,YYYYXYYYXXYXyx,2,25588 63524,1000,15
ac19_19260,YXYXyx,YYXYxyXXXXXyxYxxx,1,25590,1000,17
ac19_19286,YXYXyx,YYYYYYYXyyXXX,2,25629 95832,1000,19
ac19_19288,YXYXyx,YYYXXyXXXYYxxyx,1,25635,1000,19
ac19_19299,YXyXXyx,YYxxyxxxxYX,1,25653,1000,17
ac19_19304,YXYXyx,YYXYxxYXXyXyX,2,25661 76431,1000,17
ac19_19307,YXXYx,YYYXyyxxxyXXyx,1,25665,1000,15
ac19_19308,YXYxyx,YYXyXyxxxYx,4,25667 69188 122802 153033,1000,15
ac19_19313,YYXXyxx,YYXXYxYxyx,3,25678 59920 156525,1000,14
ac19_19328,YXXyx,YYYXyXyxyXXXXXXYX,2,25705 88498,1000,20
ac19_19360,YXYxyx,YYYxxYYxx,10,25760 29887 59604 67597 69281 71722 84584 91529 113306 134381,1000,15
ac19_19388,YXXyXyxx,YYxxyXYYxxx,2,25797 120675,1000,17
ac19_19413,YXyXXyx,YYXXYxxyyx,3,25842 89726 108515,1000,15
ac19_19416,YXXyx,YYYXyxxyyyXXXXX,2,25847 101003,1000,19
ac19_19423,YXYXyx,YYxYYxyXXyXYxyX,2,25858 29154,1000,17
ac19_19435,YXYXyx,YYYYxyyyXXXYx,2,25875 59702,1000,19
ac19_19439,YXyXYxx,YYYYXyxYXyxx,1,25880,1000,15
ac19_19487,YXYXyx,YYXyXXyyxYxyx,8,25957 61082 68356 80952 125616 147840 149823 150003,1000,15
ac19_19493,YYXXXyx,YYxxYXXyyX,1,25965,1000,14
ac19_19501,YXYXyx,YYYXXXyXXyxxYxx,1,25978,1000,19
ac19_19503,YXXYx,YYYXyxYXyyxyyx,2,25981 136910,1000,18
ac19_19538,YXYXyx,YYYYXyXXXXYYX,2,26028 27057,1000,17
ac19_19539,YXXyx,YYYXYXYxYxyyXyyXyX,2,26029 87022,1000,19
ac19_19552,YYXXyxxyX,YXXyxYxxxx,1,26051,1000,17
ac19_19555,YXXyx,YYXYYxyyXyxyXyXX,2,26057 49929,1000,13
ac19_19560,YXyXXyx,YYYxxyxxx,5,26067 56333 93177 111172 127278,1000,13
ac19_19577,YXYXyx,YYXyXyyxxYxyx,2,26100 105021,1000,17
ac19_19584,YXYXyx,YYXYxYxxyXyXX,3,26109 77910 108826,1000,17
ac19_19589,YXyXXyx,YYYYxyxyyx,2,26115 79582,1000,17
ac19_19594,YXYXyx,YYXyyXXYXXXYYxx,1,26121,1000,21
ac19_19595,YXYXyx,YYYXyyXXXYxYx,1,26123,1000,19
ac19_19601,YYXXXYxx,YYxxYXXYX,1,26132,1000,13
ac19_19641,YXYXyx,YYYYYXyyXXyyx,1,26196,1000,15
ac19_19657,YXXYxxyx,YYXXyXyXyxxyx,1,26222,1000,17
ac19_19661,YXYXyx,YYYxxYXyXYXyX,4,26228 59610 65554 110213,1000,17
ac19_19674,YXXyXyxx,YYxyXYxyx,3,26250 39986 68546,1000,17
ac19_19691,YXyXXyx,YYYYxxxyxx,2,26277 143462,1000,17
ac19_19700,YXYxxyXyx,YYXXyXyyxx,1,26288,1000,17
ac19_19717,YXyXXyx,YYXXyxYxxxyyX,2,26317 121874,1000,15
ac19_19724,YXXXYxYx,YYXYxxxyXyX,3,26330 73288 143452,1000,13
ac19_19735,YXXyx,YYYYXyxyxyXyxyxx,1,26345,1000,14
ac19_19737,YXYXyx,YYXXYYxxyXyXX,1,26348,1000,15
ac19_19752,YXyXXyx,YYXYxYxxxxyyx,2,26365 155085,1000,17
ac19_19757,YXXX,YYYXyxYYXyyxyyx,1,26377,1000,19
ac19_19774,YXXYx,YYXYYXyxyyXYYx,2,26407 66504,1000,15
ac19_19775,YYXXXyX,YXXyXYxxxyXYxxxyX,1,26408,1000,17
ac19_19782,YXyXXYXyXXyX,YYYXyXYXyXXyyyX,1,26418,1000,18
ac19_19794,YXXYx,YYXyxxYXYXyyx,2,26432 105169,1000,15
ac19_19833,YXyXXyx,YYXyXyxYxyxyxYX,2,26491 100055,1000,17
ac19_19871,YXXyx,YYYXYYXYxyyXyyXyX,2,26540 72143,1000,19
ac19_19890,YXXyx,YYYXYXyXyyxyyxxx,2,26571 83607,1000,19
ac19_19892,YXXYXXX,YYYYXyyXyyxxyxx,1,26574,1000,17
ac19_19903,YXYXyx,YYYXyXyXXYYxx,1,26588,1000,19
ac19_19905,YXYXyx,YYXYxyyXyXXyxxx,2,26593 132329,1000,17
ac19_19934,YXXX,YYYYYYXXyyyxyyX,1,26637,1000,17
ac19_19969,YXXyx,YYYXYYXyyyXyXX,2,26697 105774,1000,17
ac19_19971,YXyXXyx,YYxYYxxyxyx,3,26700 55331 149982,1000,17
ac19_19985,YXXyx,YYYXYxyXyyyxxYx,2,26720 154895,1000,18
ac19_19996,YXXyXyX,YYYXXXyxyxyxx,1,26735,1000,18
ac19_20011,YYXXXYxxYxx,YYXXXXyxxxx,2,26759 93970,1000,15
ac19_20023,YXYXXYx,YYXyyxxyXyx,4,26777 73203 88398 113950,1000,14
ac19_20037,YXYXXYx,YYYxYXyyX,3,26797 116782 118780,1000,14
ac19_20044,YXyXXXyx,YYxyXXXyyXYXyyXYx,2,26809 143098,1000,16
ac19_20050,YYXXXYx,YYXYYXYXXyx,2,26818 42278,1000,16
ac19_20055,YYXXXXXXXXyx,YXXXXXXyxxxxx,6,26828 76912 110341 125064 127603 134070,1000,15
ac19_20058,YXyXXyx,YYxyxyXYxyXYXyX,1,26832,1000,13
ac19_20066,YXYXyx,YYYxyyXyyxx,5,26841 45259 76727 79511 96100,1000,15
ac19_20081,YXXyx,YYYXyxyyXyxxYxYx,1,26870,1000,18
ac19_20093,YXYXyx,YYYYXyxyXXyXYYx,2,26890 63404,1000,17
ac19_20096,YXYXyx,YYXXXyyXYYxYX,1,26893,1000,15
ac19_20098,YXYXyx,YYXXXyyXYXYYx,2,26895 70980,1000,17
ac19_20099,YXYXyx,YYXXyyXXXYYxx,2,26896 114232,1000,19
ac19_20102,YXYXyx,YYYYxxyXXXXyX,2,26899 28860,1000,19
ac19_20117,YXXyx,YYYXXXyXyyXyXXYYX,2,26929 75814,1000,19
ac19_20118,YXyXXXyx,YYxyxyXXYxxyXXX,1,26930,1000,19
ac19_20125,YXyXXXyx,YYXXyXXYxxyXyyx,1,26943,1000,19
ac19_20159,YXYXyx,YYYYYxYXyXXyX,3,26996 62697 93804,1000,19
ac19_20172,YYXXXyX,YXYXyXXX,12,27019 42592 55413 73900 78355 95588 103262 106318 120119 124500 137066 138911,1000,15
ac19_20179,YXYXyx,YYYxYYXyyXXYxyX,1,27032,1000,17
ac19_20225,YXYXyx,YYYYYxyXXXXYxyXYX,1,27097,1000,19
ac19_20245,YXYXyx,YYXXyXXyxxYYx,1,27139,1000,15
ac19_20270,YYXXXYxx,YYYXXXyxyyxyx,1,27180,1000,19
ac19_20291,YYXXXyxyx,YYXXYXXyyx,1,27211,1000,11
ac19_20301,YXyxYXXyx,YYXXyyXYXXYxyX,1,27221,1000,17
ac19_20341,YXYXyx,YYYXyxyXXXyyxxx,1,27285,1000,19
ac19_20354,YXXYx,YYYXyXXYXYYxx,2,27304 32835,1000,15
ac19_20355,YXXyx,YYYXyxxyxyyXXXYYX,2,27305 117425,1000,18
ac19_20366,YXXYx,YYXYYXYYXyyXYx,2,27319 137410,1000,15
ac19_20375,YYXXXXXXyX,YYYXXXXyXyX,3,27333 28368 148711,1000,15
ac19_20377,YXXyx,YYYXYYxyxyyXyXXX,1,27335,1000,18
ac19_20395,YXyXXyx,YYXXyXyyxyX,3,27361 135107 146529,1000,15
ac19_20401,YXYXyx,YYXYYxyyXyyXyxx,2,27373 68202,1000,17
ac19_20404,YXYXyx,YYXXXXYXyXYYx,1,27376,1000,17
ac19_20423,YYXXXyXYx,YYXXXXyxxx,1,27416,1000,15
ac19_20429,YXyXXXyx,YYxyxyXYXyXyX,1,27427,1000,15
ac19_20454,YYXXXYX,YYXyxxYxyXXX,1,27461,1000,17
ac19_20478,YXXyx,YYXYXYxyXyyXyyXXX,1,27498,1000,18
ac19_20494,YXYXyx,YYXYYxxYXXyyX,2,27522 99721,1000,17
ac19_20495,YXYXyx,YYYYYXyXXXX,3,27524 42624 111948,1000,17
ac19_20503,YXYXyx,YYXyxyXXXXYYxxx,2,27533 142039,1000,19
ac19_20511,YXXyx,YYXYYXyxxyyXyyXXX,2,27549 39867,1000,19
ac19_20516,YXXyXyxx,YYXyxxYYx,3,27556 75624 144688,1000,15
ac19_20517,YXYXyx,YYYXXXyxyXXXYxx,1,27557,1000,17
ac19_20525,YXYXyx,YYYxyXXyyxyxx,2,27567 38369,1000,17
ac19_20530,YXXXyxYx,YXXYxxYXXXX,2,27574 146198,1000,17
ac19_20574,YXYXyx,YYYXyXXXXYxxx,1,27647,1000,17
ac19_20587,YXYXyx,YYXXXyXXYYxxx,2,27663 145912,1000,19
ac19_20613,YYXXyxx,YYYxxYxxYXXX,2,27709 108098,1000,19
ac19_20653,YXXyXyx,YYXyxYYxxyx,1,27765,1000,14
ac19_20662,YXYXyx,YYYXXXXYXXXXYYx,1,27779,1000,21
ac19_20673,YXYXyx,YYxYxYXyyXX,11,27796 31150 34911 43177 47648 51341 52143 88981 89232 114614 134464,1000,15
ac19_20686,YXYXyx,YYYXyxyyXXyXYYx,2,27822 54238,1000,19
ac19_20690,YXYXyx,YYYYXyyxyXXXXYx,1,27828,1000,19
ac19_20691,YXyXXyx,YYXyyxyXXX,4,27831 69820 118318 155415,1000,17
ac19_20699,YXXyx,YYYXYYxyyXyXyXXX,1,27844,1000,18
ac19_20703,YXYXyx,YYYYXyXyyXXYx,2,27848 104061,1000,17
ac19_20708,YYXXXyX,YYXXyXyxx,5,27858 37391 72364 112945 125993,1000,15
ac19_20713,YXXyx,YYYXyyXXXXyXXYX,1,27864,1000,14
ac19_20724,YXyXXXyX,YYXXXyxyxYXyxYxyX,1,27886,1000,21
ac19_20744,YYXXXyx,YXyxxYXyxxYXXyx,2,27917 75468,1000,19
ac19_20750,YXXYx,YYXyXYxyXYxyx,1,27928,1000,15
ac19_20764,YXXX,YYYXYXyyyXyXYYX,1,27948,1000,17
ac19_20771,YXyXXyx,YYXYXyxyxxxYXXyyx,1,27964,1000,19
ac19_20778,YXyXXyx,YYxxxYxxyxyXYXX,2,27975 120100,1000,17
ac19_20787,YXXYxxyX,YYXXyXYxYXX,1,27991,1000,15
ac19_20799,YXYXyx,YYYxyXXXYYXyX,2,28004 110821,1000,13
ac19_20801,YYXXXXyxxx,YYXYYXXXyxx,1,28006,1000,15
ac19_20802,YYXXXyxx,YYxYXYXyyXX,1,28007,1000,17
ac19_20823,YXXYx,YYXYYXXXYxyyx,1,28049,1000,15
ac19_20832,YXXYx,YYYXYYXXyxyyyx,1,28062,1000,18
ac19_20834,YXYXyx,YYYYYYYXyxyXXXX,2,28066 110812,1000,19
ac19_20837,YXXYx,YYYXYXYxyXXyx,2,28070 65632,1000,15
ac19_20858,YXXYxxyx,YYxxYxYxyxyXX,1,28100,1000,11
ac19_20862,YXYXyx,YYXyyxyXyxxxx,1,28107,1000,17
ac19_20880,YXYXyx,YYXXXyXyxxYxxyx,1,28133,1000,17
ac19_20897,YXYXyx,YYYxxxYXyyXXX,2,28159 104388,1000,19
ac19_20898,YXXYx,YYYXXyyXYXYxxx,1,28160,1000,15
ac19_20902,YXYXyx,YYYxxyXXXYYXX,1,28167,1000,17
ac19_20907,YYXXyxYxx,YYxYYxxyX,2,28174 90946,1000,16
ac19_20950,YXXyx,YYYXYYXyyxyyXXX,2,28247 97297,1000,18
ac19_20952,YXyXXyx,YYYXyxxxYXyxx,1,28249,1000,16
ac19_20969,YXXX,YYYYXYxyyxyXyyX,1,28270,1000,19
ac19_20980,YXYXyx,YYXyXXXYYxx,4,28290 97818 99072 118137,1000,15
ac19_20987,YXXXXYx,YYXXXYYxyXX,2,28303 143225,1000,17
ac19_21008,YXXYXXX,YYYXXXYXyyyx,3,28334 29266 89207,1000,14
ac19_21023,YXyXXXyx,YYxyxYXYxyXXyyx,2,28355 120106,1000,16
ac19_21044,YXYXyx,YYYYxYxyXXyyX,2,28390 129428,1000,19
ac19_21052,YXYXyx,YYXyyXXXYYx,4,28404 82471 142573 148142,1000,17
ac19_21053,YXyXXyx,YYYYxxxxxxx,1,28408,1000,18
ac19_21067,YXXyXyx,YYXYxxYxyyx,1,28428,1000,14
ac19_21082,YXYXyx,YYXXyyXyyxxxxyx,2,28445 119153,1000,19
ac19_21086,YXYXyx,YYYxYxyyxyyXyXX,1,28456,1000,19
ac19_21090,YXYXyx,YYXXXyyXXYxxx,1,28463,1000,17
ac19_21091,YXXyx,YYYYXXXyyxyyxyxxx,1,28467,1000,19
ac19_21100,YXYXyx,YYXYxyyXXyXyxxx,2,28484 45961,1000,17
ac19_21102,YXXyXyx,YYYYxxyXyxyX,1,28486,1000,15
ac19_21107,YXYxyx,YYXyXXyxxYx,3,28493 52936 111331,1000,15
ac19_21112,YXYxyx,YYXXyxxxYYxyX,1,28499,1000,15
ac19_21140,YXXX,YYYYXYxyyyXyxyX,1,28549,1000,19
ac19_21177,YXYXyx,YYXyXXXXXYYxx,1,28610,1000,19
ac19_21182,YXYXyx,YYYYXyXyXXYxx,1,28617,1000,17
ac19_21195,YXXYx,YYYYYXYXYXyXYx,1,28636,1000,15
ac19_21200,YXyXXXyx,YYXyXyxyXYxyX,2,28647 149011,1000,17
ac19_21213,YXyXXyx,YYYxyxxyxYx,2,28673 29643,1000,17
ac19_21217,YYXXXyxx,YYXXXYxYXXX,11,28681 33570 39205 49197 65178 77862 83610 122908 134185 148585 153272,1000,17
ac19_21243,YXXyx,YYYYYXXyyxyyxx,1,28728,1000,15
ac19_21262,YXYXyx,YYYXyXXXYYx,3,28761 36470 148318,1000,17
ac19_21270,YXyXXyx,YYxyxyxYxxxYX,1,28770,1000,17
ac19_21271,YXYXyx,YYYXyXXyyxx,8,28771 34824 46847 52223 67473 110575 130291 141695,1000,15
ac19_21290,YXXX,YYYxYYXyyyXyXyx,1,28804,1000,19
ac19_21292,YXXYx,YYXYxyyXYxyX,5,28808 53478 62420 136567 144993,1000,15
ac19_21315,YYXXXyx,YYXXyyxyxx,1,28848,1000,14
ac19_21328,YXXyx,YYYYXyXXyxyyyx,1,28869,1000,15
ac19_21359,YXyXXyx,YYxxxyxyXXX,1,28922,1000,17
ac19_21369,YXYXyx,YYXXyXXXYYx,4,28936 51718 59909 149944,1000,17
ac19_21375,YXXyx,YYYYXyXyxyxyyyxYx,2,28946 98905,1000,18
ac19_21393,YXyXXyx,YYYXyxyxxx,3,28974 60252 101594,1000,17
ac19_21408,YXYXyx,YYYXyyXXyXYxx,1,28996,1000,15
ac19_21411,YXYXyx,YYXXXXXyXYxYx,1,29000,1000,17
ac19_21414,YXXYxYxx,YYYYXyyXyxx,1,29008,1000,17
ac19_21418,YXYxyx,YYXXXyyxyxYYx,1,29019,1000,15
ac19_21432,YXYXyx,YYYYXXyXXXYYX,1,29041,1000,17
ac19_21433,YXXXYxx,YYXXyyxxxYX,3,29043 68398 120747,1000,14
ac19_21434,YXYXyx,YYXYxxxyyXyyX,1,29044,1000,15
ac19_21455,YXXyXyxx,YYXXyxYYxxx,2,29077 91571,1000,17
ac19_21462,YXXX,YYYXYYxyyxyXyyx,1,29087,1000,19
ac19_21466,YXXX,YYYYXYxyyyxxyyX,1,29092,1000,17
ac19_21483,YXYXyx,YYXyxyXXXyxxxYx,1,29113,1000,17
ac19_21487,YXYXyx,YYYYXyXyyyxxx,2,29117 147715,1000,19
ac19_21497,YXXyx,YYYYXYxyyyyxx,6,29129 50573 55752 88152 119298 147438,1000,17
ac19_21509,YXYXyx,YYXXXyyxyxYYx,2,29149 88364,1000,17
ac19_21517,YXYXyx,YYYxxyXXXYXyX,1,29161,1000,17
ac19_21522,YXXXXXyXYx,YXXXyxYXXXX,4,29169 99394 110816 128656,1000,16
ac19_21523,YXYXyx,YYYXXXXyyxxxyxx,2,29170 134764,1000,19
ac19_21524,YXyXXyx,YYYxxyxyXX,5,29171 49809 92102 102967 124431,1000,15
ac19_21532,YXXXYxYx,YYYXXyXyxxx,2,29186 150715,1000,13
ac19_21534,YXXYx,YYXyyXYXYxyxx,3,29188 62434 153432,1000,15
ac19_21543,YXXYx,YYXYxyyXYXyx,4,29204 34926 49301 126068,1000,15
ac19_21559,YXXyx,YYYXYXYxYxyXyyyXyX,2,29234 109012,1000,19
ac19_21564,YXXyx,YYYXyyxyXyXXYYX,2,29240 82181,1000,17
ac19_21575,YXyXXyx,YYxYYxyxyxYXXyx,2,29259 36950,1000,16
ac19_21590,YXYxyx,YYXyxYXyXyxxx,2,29292 154178,1000,15
ac19_21591,YXYXyx,YYYxYXyyyXyxx,1,29296,1000,17
ac19_21595,YXYxyx,YYXXyxYxxYxYYxx,1,29302,1000,19
ac19_21618,YXYXyx,YYYYXyyyXyxxx,2,29340 84317,1000,19
ac19_21651,YXYXyx,YYYxYxyXyxyXXyX,1,29394,1000,19
ac19_21653,YXXyx,YYXYXYYXyyXyXXXyX,2,29396 96183,1000,20
ac19_21656,YXyXXyx,YYYxyXXyxyyX,2,29405 115871,1000,15
ac19_21657,YYXXXXyxxx,YYXXXXYxyxx,1,29406,1000,15
ac19_21670,YXYXyx,YYYxYXyxyXXyX,4,29428 44663 73758 93420,1000,15
ac19_21671,YXYXyx,YYYYXYxxyyXXX,1,29430,1000,17
ac19_21703,YXYXXYxyX,YYYXyxYXyXyx,1,29480,1000,20
ac19_21705,YXyXXyx,YYXyxxyXyxxYX,1,29482,1000,18
ac19_21712,YXXYx,YYYYXYxyyXyyx,1,29493,1000,15
ac19_21727,YXyXXyx,YYxYYxyxyxx,6,29512 30734 43849 73951 90805 142077,1000,17
ac19_21731,YXYXyx,YYXXXYXyXXYYx,1,29520,1000,17
ac19_21739,YXXyXyxx,YYYXYxyxx,2,29533 65372,1000,16
ac19_21754,YXYXXXX,YYYXXyyX,5,29560 40819 57968 71919 139821,1000,15
ac19_21761,YXXYx,YYXYxyyXYYxyyX,6,29571 56012 71550 78607 118636 126645,1000,18
ac19_21770,YXXyx,YYYYYXyXyxyyxx,1,29583,1000,17
ac19_21775,YXYXyx,YYXXyxxYxxxyXXXyx,7,29588 43184 45379 82458 84364 114203 132961,1000,15
ac19_21791,YXYXyx,YYYYYXXyXXXXYxxyX,1,29614,1000,19
ac19_21794,YXYXyx,YYYXXyXyxyxxx,2,29621 110291,1000,17
ac19_21807,YXYXyx,YYYXyxyXXyyyxYx,1,29634,1000,17
ac19_21818,YXXyx,YYYYXyyxxyXyyX,1,29650,1000,15
ac19_21843,YXXyx,YYYXyXyyXyXXXXX,2,29692 32109,1000,19
ac19_21846,YXYxyx,YYYXyyxYYxx,7,29696 41710 62617 77663 81556 112897 124053,1000,15
ac19_21847,YXYXyx,YYYxxxYXyxyXyyX,1,29697,1000,17
ac19_21855,YXXXyxYx,YXYXyXYxYXX,16,29711 29942 30835 35909 36894 40522 40870 47589 99951 103327 116149 119581 122074 124806 153791 155987,1000,17
ac19_21856,YXXyXyx,YYYxyXyxxyX,2,29712 36972,1000,14
ac19_21864,YXYXyx,YYYXYxyXXyXXyxYxx,2,29725 114949,1000,19
ac19_21907,YXXyXyx,YYXyxYXyxx,3,29800 118104 122709,1000,14
ac19_21914,YXYXyx,YYXyXyXyyxxxx,1,29817,1000,19
ac19_21915,YXyXXyx,YYxYxxxYXYXyxyxyx,1,29819,1000,19
ac19_21923,YXYXyx,YYXXyXXyXYxxxxx,1,29832,1000,17
ac19_21941,YXXyx,YYYYXYYXyyyXyXyX,1,29866,1000,19
ac19_21949,YXXXyxxYx,YYXyyXXYxx,1,29881,1000,15
ac19_21983,YXXYx,YYYXYYxyXXXyx,2,29929 95820,1000,15
ac19_21987,YXYXyx,YYxYXyyXXYxyXYx,4,29934 36048 60791 97960,1000,17
ac19_21994,YXyXXXyx,YYxyxyxYxYXyx,2,29948 123415,1000,16
ac19_21997,YXYXyx,YYXyxyXXXYxYx,2,29953 93601,1000,15
ac19_21999,YXYXyx,YYYYxyyXyXX,5,29955 45418 48228 73724 131691,1000,17
ac19_22018,YXXXyxYx,YYxyxyXyx,1,29980,1000,15
ac19_22052,YXyXYxx,YYXXyyxyxYx,1,30030,1000,15
ac19_22074,YXYXyx,YYYYxxYXyXyyX,2,30064 58867,1000,19
ac19_22092,YXXyx,YYYYYXYxyXyxyyyx,1,30095,1000,17
ac19_22094,YXXYx,YYXYYXXyyxyxx,3,30097 57762 146851,1000,15
ac19_22112,YXXYxxyX,YXyxYxYXXyx,2,30126 57507,1000,14
ac19_22128,YXYXyx,YYYxyxYYXyyXXyX,2,30160 78949,1000,19
ac19_22130,YXYXyx,YYXXyXXyXYxxxYxyx,2,30163 43629,1000,17
ac19_22131,YXXyx,YYYXyyyXXXyXYYX,2,30164 58042,1000,19
ac19_22136,YXYXyx,YYXYxxxyyXyXX,2,30170 150830,1000,17
ac19_22139,YXXyx,YYYYYXyyXyxyyXyX,1,30183,1000,19
ac19_22144,YXyXXXyx,YYXyyxxYxyxYx,1,30190,1000,19
ac19_22175,YXYXyx,YYYYYYXyxyXXyXX,2,30240 114795,1000,19
ac19_22192,YXYXyx,YYYYxyyXXXyxx,1,30265,1000,15
ac19_22199,YXXYx,YYXYXXyyxyXYxx,1,30277,1000,15
ac19_22211,YXyXXyx,YYxYYxyxxyx,5,30295 56481 67937 94106 141098,1000,17
ac19_22239,YXXyxYx,YYYYXYxyX,3,30346 103884 140424,1000,16
ac19_22241,YXYXyx,YYYXYxyXXXyXYxx,1,30349,1000,17
ac19_22257,YXYXyx,YYYXXXyyxyxxx,3,30371 97165 117577,1000,19
ac19_22260,YXYXyx,YYXyXYxxxYxyXXXyX,1,30375,1000,19
ac19_22261,YXXYXXX,YYYYYXyyyyX,2,30376 42566,1000,18
ac19_22263,YXyXYXyxx,YYXXyxxYxyX,2,30378 65667,1000,19
ac19_22297,YXYXyx,YYXYxyXXyxyXyxYYx,1,30429,1000,15
ac19_22309,YXYXyx,YYXYxyXyXXYYx,1,30443,1000,17
ac19_22326,YXYXyx,YYYYYYxyyyXXX,2,30476 133862,1000,19
ac19_22327,YXYXyx,YYYYXyXyyXyxx,3,30480 32847 151727,1000,17
ac19_22329,YXXyx,YYYXYxyyyxyyXXYxyX,1,30482,1000,18
ac19_22338,YXXyXYx,YYXXYXXyyx,5,30496 33700 53572 101941 150937,1000,15
ac19_22349,YXyXXyx,YYYXyxxyxYxxx,1,30515,1000,18
ac19_22389,YXXXyXYx,YYXXyXYXX,3,30580 80753 98244,1000,15
ac19_22393,YXyXXyx,YYxyxYXYYxyxxx,2,30586 115074,1000,16
ac19_22400,YXXXyXyx,YYYxxxxyx,1,30596,1000,17
ac19_22421,YXYXyx,YYYxYxYXXyxyXXX,2,30631 54532,1000,19
ac19_22422,YXXyx,YYYYXYxYXyxyyyyX,2,30632 156323,1000,17
ac19_22424,YXYXyx,YYYYYxyXyyyXX,2,30637 39458,1000,19
ac19_22449,YXYXyx,YYYYYxxyXyXXX,2,30675 138176,1000,19
ac19_22462,YXYXyx,YYxYYxyXyxyXX,3,30700 69070 79418,1000,15
ac19_22476,YXyXXXyX,YYYxyXXXyyx,1,30720,1000,17
ac19_22520,YXYxxyXyx,YYXyxxYXyx,1,30790,1000,17
ac19_22525,YXYXyx,YYXYxxYxyyxyXXyXX,1,30798,1000,21
ac19_22534,YXXyx,YYYYXyyxYXyyXX,1,30812,1000,15
ac19_22557,YXXyXyxx,YYYxxxYYxxx,3,30853 46843 147938,1000,19
ac19_22598,YXYxxYXyx,YYYxxYXYxyXYx,1,30911,1000,18
ac19_22601,YXXyx,YYYXYXyxxyyyXXYX,2,30915 136957,1000,13
ac19_22612,YXyXYxx,YYYYXyXXyxyx,1,30934,1000,15
ac19_22624,YXYXyx,YYYxYYXyyXyXX,1,30961,1000,19
ac19_22628,YYXXXXyxxx,YYXXXXXYYxxYX,1,30965,1000,19
ac19_22650,YXYXXXX,YYXyyXyXYXYx,1,31001,1000,16
ac19_22657,YYXXYYXXX,YYYYXyXyyx,1,31012,1000,19
ac19_22662,YXXX,YYYXYYxyyxyXyyX,1,31019,1000,19
ac19_22663,YXXX,YYYYXYxyyxyyXyx,1,31020,1000,19
ac19_22677,YXXYXXyx,YYxxyXYXyXX,3,31052 98412 107719,1000,17
ac19_22680,YXYXyx,YYYYxYYXyxyyXXX,2,31055 37245,1000,19
ac19_22683,YXYXyx,YYXXYXXyyxxYx,1,31063,1000,15
ac19_22698,YXYXyx,YYXYxxYYXyyXX,1,31086,1000,17
ac19_22699,YXYXyx,YYYXyXXXYYXYx,1,31087,1000,17
ac19_22703,YXXYx,YYYXXyxYXYYX,8,31094 46098 55200 58630 66434 68377 109918 145880,1000,15
ac19_22736,YXYXyx,YYYYxYYXyxyXXXX,2,31149 73935,1000,19
ac19_22743,YXYXyx,YYYXXyXXXyxxx,2,31160 85403,1000,17
ac19_22752,YXYXXYx,YYXyXyXYxx,1,31173,1000,16
ac19_22753,YXYXyx,YYXYxYXyyXyXXYx,2,31174 47154,1000,17
ac19_22762,YXyXXyX,YYXXXyxyxYXyx,1,31203,1000,17
ac19_22767,YXyXXXyx,YYYxxyXXyyX,2,31211 35714,1000,19
ac19_22768,YXXYxYxx,YYXXyyXyyxx,1,31212,1000,19
ac19_22773,YXXYx,YYYXYYXyxyyXYx,2,31218 145707,1000,15
ac19_22798,YXYXyx,YYXyXYXyXXyxYxxxx,2,31260 153246,1000,17
ac19_22806,YYXYYXXXX,YYXXYYXXXyx,1,31270,1000,17
ac19_22810,YXXYx,YYYxxyXXXyyxyx,1,31275,1000,15
ac19_22829,YXYXyx,YYXXyXXXYYxYxyx,2,31309 115573,1000,19
ac19_22834,YXXYxYxx,YYYYxxxxYXX,1,31316,1000,15
ac19_22847,YXYXXYx,YYXyxyXXyxxx,1,31338,1000,16
ac19_22854,YXyXXyx,YYXyxxxxyXX,2,31353 153868,1000,15
ac19_22858,YXYXyx,YYYXYxYxyXXyX,2,31357 150565,1000,15
ac19_22884,YXXyx,YYYXYXyyyXXXXX,2,31400 45740,1000,18
ac19_22902,YXyXXyx,YYYxYxxyxyx,4,31429 32074 65354 148961,1000,15
ac19_22903,YXyXXyx,YYYXXyyyx,4,31430 40940 139213 146913,1000,15
ac19_22929,YXyXXyx,YYXYxxxyxxx,2,31478 95337,1000,17
ac19_22941,YYXYYXYYXXX,YYXXXXYYxYX,1,31499,1000,19
ac19_22942,YXXXX,YYYYXyxyyyx,2,31500 128650,1000,14
ac19_22950,YXYXXXX,YYYYXyXXyxyX,1,31509,1000,16
ac19_22957,YYXXXYX,YYxYXyyX,10,31518 46939 47982 90489 91965 95400 108238 110137 120372 156398,1000,15
ac19_22964,YXYXyx,YYXyXXyyxyxYx,1,31528,1000,17
ac19_22973,YXYXyx,YYxyXyxyXXyxYxx,2,31543 81625,1000,15
ac19_22976,YYXXXYX,YYxYXXXyX,5,31547 61467 98956 122060 128619,1000,15
ac19_22980,YXXyx,YYXYYxyxyyXXXXX,2,31552 34714,1000,18
ac19_22994,YXYXyx,YYYXyxyXXXXYxYx,1,31579,1000,19
ac19_22995,YXXYx,YYXYYXXXYYXYxx,1,31582,1000,15
ac19_23005,YXYXyx,YYYYXXXXYYXXX,1,31594,1000,17
ac19_23008,YXYXyx,YYYxYYXyyyXXX,2,31598 120016,1000,19
ac19_23020,YXyXXyx,YYXXyXXYxxyxyxx,1,31614,1000,18
ac19_23023,YYXXYx,YYYXyxYXyyx,1,31619,1000,14
ac19_23027,YXyXXyX,YYXXXyxxyxx,1,31627,1000,17
ac19_23030,YYXXXyX,YYYXXyXyXX,1,31636,1000,15
ac19_23034,YXYXyx,YYXYxxYXyyXXX,2,31642 91505,1000,17
ac19_23035,YXXX,YYYXYxyyXyyyxYX,2,31643 88057,1000,19
ac19_23051,YXYXyx,YYXXyXyyxxxyx,2,31680 133118,1000,17
ac19_23066,YXyXXyx,YYxxxyXyxyXYX,2,31706 75131,1000,17
ac19_23074,YYXXyxx,YYYYYYXXYxxxxYX,1,31718,1000,19
ac19_23080,YYXXYxxyx,YYYYYxxYYx,1,31724,1000,15
ac19_23081,YXYXyx,YYXXXyXXYxYxx,2,31727 149514,1000,17
ac19_23093,YXyXYxx,YYYYYXXyxxx,1,31744,1000,16
ac19_23096,YXYXyx,YYXXyXXXYYxxxyx,1,31749,1000,19
ac19_23108,YXXX,YYYXyyXYYxyxyyX,1,31768,1000,17
ac19_23123,YXXXyxx,YYXyxYxyXYxyX,4,31796 35873 56205 99686,1000,20
ac19_23136,YXYXyx,YYYXyXyXyyxxx,2,31815 125194,1000,19
ac19_23138,YXYXyx,YYYxYXyXYXyXX,1,31818,1000,17
ac19_23150,YXXyXYx,YYXYXXyXyxxyx,1,31840,1000,14
ac19_23152,YYXXYYXXX,YYXXXXyxYxYXX,1,31844,1000,15
ac19_23156,YYXXyxx,YYYxYXYYX,1,31848,1000,16
ac19_23157,YXyXXyx,YYYXyyyXYxxyX,2,31849 99142,1000,15
ac19_23161,YXYXyx,YYXXYxYYxyXXX,1,31857,1000,15
ac19_23164,YYYXXXXYX,YYYXXXYXXyx,1,31865,1000,17
ac19_23182,YXYXyx,YYYXXXXXyyxYxyx,1,31901,1000,17
ac19_23189,YXyXXyx,YYYxYXyxyxx,2,31909 78366,1000,17
ac19_23190,YXYXyx,YYXXXXyXXyxYxxYxxyx,1,31911,1000,21
ac19_23197,YXYXyx,YYXYxYxyyXXyX,1,31925,1000,17
ac19_23207,YXYXyx,YYXXYYxYXyyXX,1,31948,1000,17
ac19_23232,YXYXyx,YYXXyXyyxxYxx,2,31995 85712,1000,19
ac19_23233,YYXXYXyyx,YYxyXXXYX,1,31996,1000,15
ac19_23234,YYXXYXyyxYXyx,YXyXYxyXYxYXX,1,31997,1000,15
ac19_23235,YXXXYxYx,YYXYXyxxxyX,2,31999 115097,1000,13
ac19_23239,YXXYx,YYYXYXyxxxyyX,2,32005 114969,1000,15
ac19_23255,YXYXXYx,YYYXXyXYXYx,1,32025,1000,17
ac19_23263,YXyXXXyx,YYXXXyyxx,2,32044 63679,1000,17
ac19_23276,YXyXXyx,YYYxyyxxYYxx,2,32072 34887,1000,17
ac19_23279,YXyXXyx,YYxyXXyyxxxYX,1,32076,1000,17
ac19_23285,YYXXXYX,YYYxyyXyyx,1,32086,1000,17
ac19_23325,YXyXXXyx,YYXyXYXyXyxyx,2,32150 82359,1000,17
ac19_23340,YXyXXyx,YYYXXyxyXyx,3,32178 128309 154967,1000,15
ac19_23358,YXYXyx,YYXXXXXYxYx,5,32210 67634 79243 138027 146405,1000,15
ac19_23365,YXXyx,YYYYXXyyxyyyXX,1,32223,1000,15
ac19_23379,YXYXyx,YYXYYxYXXXXyX,2,32247 36653,1000,17
ac19_23389,YXXYXXXYx,YXYxYxyXyX,2,32260 117652,1000,15
ac19_23395,YXYXyx,YYYxxYXXyyXXX,1,32272,1000,19
ac19_23410,YXYXyx,YYXyyXXyxYxxx,1,32294,1000,15
ac19_23412,YXYXyx,YYYXyXXyxyxYx,2,32296 75611,1000,17
ac19_23413,YXYXyx,YYXYYxxyXyyXX,2,32297 151680,1000,17
ac19_23419,YXXX,YYYXYXyyyxYxyyx,1,32307,1000,17
ac19_23430,YXYXXYx,YYYXXXyxx,2,32321 111582,1000,14
ac19_23437,YXYxyx,YYXYXyyXXyxxx,1,32332,1000,15
ac19_23449,YXXyx,YYYYXyXyxyyyXX,2,32359 86739,1000,17
ac19_23458,YXXYXXyx,YYXYxxyXyXX,1,32374,1000,17
ac19_23469,YXyXXyx,YYYxyxyxYXyxYXyx,3,32399 50513 107348,1000,17
ac19_23471,YXyXXyx,YYxyxYxxyxxYX,3,32401 80738 85161,1000,17
ac19_23478,YYXXyXYxxyx,YYXXyxYxxYXXyxx,2,32410 65762,1000,14
ac19_23494,YXYXyx,YYYYYXyyXXyxx,1,32438,1000,17
ac19_23506,YXXYx,YYXXyxYYxyxyX,2,32460 33582,1000,15
ac19_23514,YYXXXXYX,YYYXyyyxyxx,1,32471,1000,15
ac19_23523,YXYXyx,YYYxYxyXXXYXX,2,32486 124532,1000,19
ac19_23529,YXXyx,YYYYXyyxyyXyXX,2,32496 90747,1000,18
ac19_23535,YXyXXyx,YYxYxxyxYxyxyXYXX,1,32506,1000,19
ac19_23557,YXXYx,YYYXXyyyxyxyyx,2,32545 81127,1000,18
ac19_23566,YXXyx,YYYYXYxyXyxyyxx,1,32557,1000,17
ac19_23574,YXYXyx,YYYYxYxyXXXXYxyyX,1,32568,1000,19
ac19_23600,YYXXYXX,YYYxyyXyyx,2,32608 124581,1000,17
ac19_23626,YXYxyx,YYxYXyxyxYYxx,2,32663 118093,1000,15
ac19_23627,YXXyxYXXyxx,YYXyXXXXXXYxxyXX,3,32665 123998 146787,1000,17
ac19_23630,YXyXXyx,YYXXyXYXyxyxx,1,32668,1000,17
ac19_23632,YXYXyx,YYYXYxyXXyXyyxx,1,32670,1000,19
ac19_23640,YXYXyx,YYXYxyXyXXyyxYx,1,32686,1000,17
ac19_23672,YXyXXyx,YYxyxYxyxyXXX,2,32744 53933,1000,17
ac19_23687,YXYxyx,YYXyXyxxxYxyX,2,32778 143456,1000,15
ac19_23689,YXyXXyx,YYYxyxyxYXYxxx,2,32780 58761,1000,16
ac19_23701,YXyXXXyx,YYXyxYxxyXyxYYxyx,2,32798 41572,1000,16
ac19_23725,YXYXyx,YYYYYxyyXXyXX,2,32844 49746,1000,19
ac19_23734,YXXyx,YYYYXyXyyXXXXX,2,32867 127778,1000,18
ac19_23750,YXXYx,YYYXyxxxyyXXyx,1,32897,1000,15
ac19_23753,YXYXyx,YYYxYxYXyxyyXXX,2,32900 89428,1000,19
ac19_23763,YYXXXyx,YYYxyxxyyXyx,1,32917,1000,15
ac19_23770,YXXX,YYYXyXYYXyyyX,2,32928 77601,1000,15
ac19_23788,YXXyx,YYYXyxxyyXyXXXX,2,32960 93135,1000,17
ac19_23790,YXYXyx,YYXYxyXXyXyyxxx,2,32963 68709,1000,19
ac19_23792,YXYXyx,YYYXXXyXyxxyx,1,32967,1000,15
ac19_23804,YXXyx,YYYYYXyxyyXyXXX,2,32989 156395,1000,18
ac19_23815,YXyXXXyx,YYXXyXYxxxYXyyxyX,1,33010,1000,19
ac19_23816,YXXyx,YYYYYXyyxyyXXX,2,33013 108892,1000,17
ac19_23824,YYXXXYxx,YYYXXyxxYYX,4,33024 39094 100067 124204,1000,16
ac19_23828,YXXyx,YYYYXYxyXyXyyXXX,2,33035 76127,1000,18
ac19_23856,YXXX,YYYYYXyXyyxyxyx,1,33085,1000,17
ac19_23858,YXYXyx,YYYYxxyXXXyyx,1,33087,1000,15
ac19_23864,YXYXyx,YYXYYxxxyyXXX,1,33099,1000,17
ac19_23870,YXYXyx,YYYYXyyXXYx,2,33108 151982,1000,15
ac19_23898,YXYXyx,YYYXyXXXYxyXYYx,1,33165,1000,17
ac19_23913,YXyXXyx,YYXYxxxxyxx,2,33187 122147,1000,17
ac19_23916,YXYXyx,YYXXXXXyyxYYxyx,1,33192,1000,15
ac19_23920,YXXyx,YYYYXyXyXyxxx,4,33197 80191 133252 144427,1000,15
ac19_23929,YXYXyx,YYYXyXXXXYx,5,33213 40354 43568 88912 105641,1000,15
ac19_23939,YXXyx,YYYYYXyXyxyXXyXX,1,33229,1000,18
ac19_23941,YXYXyx,YYYYxxyxYXyyXXX,2,33232 110520,1000,19
ac19_23944,YXyXXyx,YYxxYXyxxyxYX,2,33235 41734,1000,15
ac19_23969,YXYXyx,YYYYYXXyXXXYXYxyX,2,33271 136153,1000,19
ac19_23970,YXYXyx,YYXXyXyXYXYxx,1,33272,1000,17
ac19_23992,YXYXyx,YYXXyXYxxxYxyXXyX,2,33307 51604,1000,17
ac19_24002,YXYXyx,YYXyyXyyxxxxx,1,33321,1000,19
ac19_24007,YXXX,YYYXYXyXyyyXYYX,1,33329,1000,17
ac19_24018,YXYXyx,YYYXXXXyXYYxx,2,33355 134375,1000,19
ac19_24023,YXXyx,YYYYXYXyyXyyxxxx,1,33366,1000,19
ac19_24034,YXYXyx,YYYXXyXXXYxxx,2,33386 80501,1000,17
ac19_24037,YXXyx,YYYYXyyXyyyxYYxx,1,33389,1000,19
ac19_24058,YXXyXyxx,YYYYxxxYx,3,33429 109062 117119,1000,17
ac19_24060,YXXyx,YYXyyXyXXXXYXYx,2,33433 99725,1000,18
ac19_24069,YXXyXyxx,YYYxYYxxx,4,33450 74795 80203 139910,1000,16
ac19_24075,YXXYx,YYYYXXYYXyyyx,1,33465,1000,15
ac19_24078,YXYXyx,YYYxxYXyyXXYX,2,33471 140741,1000,17
ac19_24084,YXXYXXyxx,YYYXXyXYXX,3,33478 72594 134098,1000,19
ac19_24088,YXXXXyXYxx,YYXXXXyxxyx,4,33487 143418 147859 150291,1000,17
ac19_24103,YXyXXyx,YYYXyxyxYxx,2,33524 129832,1000,17
ac19_24107,YXYXyx,YYxYXYxyXXyyX,6,33528 101822 124259 126265 129806 152228,1000,15
ac19_24113,YXYXyx,YYXyxyXyXXYxYYx,2,33536 97882,1000,19
ac19_24119,YYXXXXyxxxx,YXXXXXXyxxxxx,2,33544 121484,1000,15
ac19_24124,YXyXXyx,YYYxxYXyxyyX,5,33555 101222 107629 126860 142038,1000,13
ac19_24128,YXYXyx,YYYXYxYXXXXyX,2,33561 107836,1000,17
ac19_24134,YXXyx,YYYYXyyyXXyxyx,1,33573,1000,15
ac19_24136,YXYXyx,YYYxxYYXyxyXXyX,2,33578 41902,1000,19
ac19_24149,YXYXyx,YYYXYxxYXXXyX,1,33603,1000,15
ac19_24171,YXXXXXyXYx,YXXyxYXXXXX,3,33634 53971 133457,1000,15
ac19_24173,YXyXXXyx,YYYxyxYxyxYXyxx,2,33637 129795,1000,17
ac19_24185,YXyXXyx,YYYxyyxYYxxx,3,33656 103588 125564,1000,15
ac19_24186,YXYXXYx,YXXXXyxYxx,2,33657 78898,1000,17
ac19_24194,YXXX,YYYXYxyyyxYxyyX,1,33669,1000,19
ac19_24210,YXYXyx,YYYXXXyxyyxxx,2,33696 146562,1000,17
ac19_24278,YXYXYx,YYXyXYxxYXyyx,1,33803,1000,17
ac19_24283,YXyXXXyx,YYXyXyyxYXXyx,2,33811 139456,1000,15
ac19_24286,YXyXXyx,YYXXXyXXXyyxxyx,1,33815,1000,18
ac19_24305,YXXyx,YYYXXXyyXyyyXXYX,2,33848 117191,1000,17
ac19_24324,YXYXyx,YYYYYxyXXyyyx,1,33882,1000,17
ac19_24327,YXXyx,YYYYXYYXyxyyXyXyX,2,33892 70551,1000,19
ac19_24328,YYXXyxx,YYYYXyxYYX,10,33893 78242 79004 87122 87317 87632 119266 132723 143730 156488,1000,14
ac19_24329,YXXYx,YYXXyyxYYxyX,2,33894 90974,1000,15
ac19_24332,YXYXyx,YYYYxxYXyxyXyyX,1,33903,1000,17
ac19_24336,YXXYx,YYXYYXXyyXYxxx,1,33911,1000,15
ac19_24352,YXyXXyx,YYxyxyxYxYX,3,33942 121358 134530,1000,17
ac19_24355,YXYXyx,YYXXYYxxxyyXX,1,33953,1000,15
ac19_24374,YXYXXYx,YYxyXyXyxx,2,33982 85359,1000,14
ac19_24379,YYXXYXXyx,YYXyyxxyxxyyx,2,33990 136668,1000,17
ac19_24419,YXXyxYx,YYYXXYxxYX,1,34064,1000,16
ac19_24422,YXXyx,YYYYYXyyyxxyxx,1,34069,1000,16
ac19_24425,YXXX,YYYXYYXyyyxyXyx,1,34072,1000,17
ac19_24439,YXYXyx,YYYYxyXXyXyyx,2,34100 126467,1000,17
ac19_24441,YXYXyx,YYXYxxyyXXyyxxx,1,34104,1000,19
ac19_24446,YXXYx,YYYXYxyXYYxyyX,4,34112 76103 100465 126401,1000,18
ac19_24450,YXXyx,YYYXyyxyxyxxxxx,2,34120 64634,1000,19
ac19_24454,YYXXXYX,YYYYXyXYXXX,2,34127 58408,1000,15
ac19_24462,YXXyx,YYYXYYYxyyXyyXyX,2,34135 39254,1000,19
ac19_24470,YXyXXyx,YYYXyyXYYxyXXyyxyx,2,34147 140502,1000,17
ac19_24481,YYYXXXyxx,YYYXyxxYXX,1,34178,1000,17
ac19_24520,YXYXyx,YYXXyXXyXYxxYxxyx,2,34238 140925,1000,17
ac19_24522,YXYXyx,YYYXXyxyXXXYx,2,34240 124504,1000,15
ac19_24542,YXyXXyx,YYYxYXyyxxyX,1,34284,1000,17
ac19_24560,YXYXyx,YYXyyXXXXYxYxyx,1,34310,1000,19
ac19_24564,YXYXyx,YYYXXyXyyxxxxyxyx,2,34315 115715,1000,21
ac19_24565,YXXyXyx,YYXXXXyxxyx,1,34320,1000,14
ac19_24595,YXyXXyx,YYxYxyxxxyxYX,1,34368,1000,18
ac19_24603,YXyXXXyx,YYXyXYXyxYxyxyx,2,34379 78317,1000,19
ac19_24605,YXyXXyx,YYXYxyxYxyxYYxyx,2,34383 102705,1000,16
ac19_24610,YXYXyx,YYYXyXyyyxxYx,2,34393 88508,1000,19
ac19_24622,YYXXXyX,YYXYxyXyxyX,2,34411 47812,1000,15
ac19_24627,YXYxyx,YYYXyXyxxxYYx,2,34420 151071,1000,17
ac19_24631,YXyXXyx,YYYxyxyxYxx,4,34426 38785 68736 98686,1000,17
ac19_24642,YXXYx,YYYYxyXYXYXyyx,1,34447,1000,18
ac19_24650,YXXXXYx,YYXYxyXXyx,8,34459 54484 63649 105988 109171 114485 123297 130304,1000,17
ac19_24663,YXYXXYx,YYxxyXXXyxYX,1,34484,1000,16
ac19_24668,YXXyXYx,YYxyxxxyXyXYX,1,34494,1000,16
ac19_24679,YXYXyx,YYYxxYYXyyXyX,2,34512 73445,1000,17
ac19_24699,YXXyx,YYXYYXyyxyxxxxx,2,34543 38346,1000,19
ac19_24711,YXXYXXXYx,YXXXXyxxYx,2,34563 124846,1000,14
ac19_24732,YXYXyx,YYYYYxYXyXXXX,2,34603 85028,1000,19
ac19_24749,YXyXXXXyx,YYxYxyxxyX,1,34634,1000,18
ac19_24750,YXYXXYx,YYXXyXYxyx,1,34637,1000,17
ac19_24758,YXXYXXyX,YYXyxYxyXyX,1,34651,1000,15
ac19_24760,YXYXyx,YYYXXXXyXYYYx,2,34656 133203,1000,19
ac19_24770,YXYXyx,YYXyXYXXyXXyxYxxx,2,34671 64475,1000,17
ac19_24795,YXyXXyx,YYXyyxxyXX,4,34717 90180 91117 153767,1000,16
ac19_24805,YXXYx,YYYXYYYXXyxYYX,2,34733 80574,1000,18
ac19_24836,YYXXXyX,YYXYXyxyyxx,1,34777,1000,17
ac19_24841,YXYXyx,YYYYYxxyyXXXX,2,34784 133292,1000,19
ac19_24851,YXYXyx,YYYXYYXyXyyXyxx,1,34805,1000,17
ac19_24857,YXYXyx,YYXXXYXyyXYYx,1,34817,1000,15
ac19_24884,YXXYx,YYYYXYxyXYXyyx,2,34861 144733,1000,18
ac19_24892,YXXX,YYYXYxyyxYXyyyx,1,34869,1000,19
ac19_24901,YXyXXyx,YYXYxyXXyyxxx,1,34888,1000,17
ac19_24903,YXXyx,YYXYYXYXyyXyyXXX,1,34892,1000,18
ac19_24907,YYXXYXYXX,YYXyXXyxYx,1,34902,1000,15
ac19_24933,YXyXXyx,YYYxyxxyxYX,2,34954 103933,1000,17
ac19_24962,YXXYxxyxx,YYXYxxxxxx,3,35004 92246 105989,1000,15
ac19_24971,YXyXXyx,YYYxyyXXyxyX,1,35016,1000,15
ac19_24973,YXXYXXX,YYYYXXYXXyyyyx,2,35022 56127,1000,16
ac19_24975,YXXYx,YYYYxyXXyyx,4,35025 117053 121687 136800,1000,15
ac19_24981,YXXYx,YYYYxYXyyyXYYXXyx,1,35032,1000,18
ac19_24995,YXYXyx,YYXXXyyxYXyxxxx,1,35058,1000,17
ac19_25021,YXXyx,YYYXYYXyyXyXXyXX,1,35102,1000,20
ac19_25028,YXyXXyx,YYYXyxxyxYx,2,35117 52377,1000,17
ac19_25058,YXYXyx,YYXyXyyxxxyyx,1,35175,1000,13
ac19_25072,YXYXyx,YYYXXXXyyxYxx,3,35210 51706 57411,1000,17
ac19_25075,YXXyXyx,YYxYXXyyxx,2,35216 37276,1000,14
ac19_25082,YXXyx,YYYYYXyyyxxyXX,1,35231,1000,13
ac19_25086,YXYXyx,YYYYYYXyXXXYxyX,1,35239,1000,17
ac19_25096,YXXXX,YYYYXyyxyyyxxx,1,35253,1000,16
ac19_25102,YXYXyx,YYYxYxyXyxyXyXX,1,35264,1000,19
ac19_25106,YXXYx,YYYYXYXXyxyx,3,35269 36028 138844,1000,15
ac19_25123,YXYXyx,YYYYYxyyXXX,4,35299 37514 61502 102127,1000,17
ac19_25143,YYXXXyx,YXXXYxxYXXXyX,1,35324,1000,16
ac19_25154,YXYxyx,YYYXXyxxxxyyX,1,35338,1000,15
ac19_25170,YXyXXyx,YYXyyxyXYXyyXYxyX,2,35367 130947,1000,16
ac19_25185,YXXyXYx,YYXXyxYXXXyx,1,35391,1000,11
ac19_25193,YXXYx,YYYXyxYXyyx,7,35400 112695 125449 132920 136311 137766 138381,1000,15
ac19_25208,YXXyx,YYYYYXyXyxyyyXyX,2,35426 113793,1000,18
ac19_25230,YXYXXXX,YYxYXyyXXXYXyx,1,35459,1000,16
ac19_25234,YXYXyx,YYYYxYXXyxyXXXX,1,35466,1000,19
ac19_25237,YXYXyx,YYXyyXXXYxx,3,35469 48307 149734,1000,15
ac19_25244,YYXXyxx,YYxYxYXXX,1,35486,1000,16
ac19_25257,YXXyx,YYXYYxyXyxyyxyxx,2,35516 126442,1000,5
ac19_25261,YXXYx,YYXYXyXYxyyx,4,35522 49620 105293 149526,1000,15
ac19_25263,YXXyx,YYXYxyXyXyXXXXYX,2,35525 63082,1000,19
ac19_25267,YXYXyx,YYYYYXyyXXX,5,35535 37761 39779 84133 109740,1000,17
ac19_25268,YXYXyx,YYYYYYxyXXXyX,1,35536,1000,19
ac19_25271,YXXyXYx,YYXXyXyxxxYX,4,35540 37436 83287 152240,1000,16
ac19_25293,YXYXyx,YYYXyyXyXXYxx,2,35572 81513,1000,17
ac19_25303,YXYXyx,YYYXXyXXXYXYx,3,35588 63878 118014,1000,17
ac19_25310,YXXYx,YYYXYXyxYxyX,3,35601 78959 156574,1000,15
ac19_25323,YXXYx,YYYXYXXyxyyxx,3,35627 64111 127545,1000,15
ac19_25325,YXYxYXXYXyx,YYxYXXXYxYXX,1,35629,1000,18
ac19_25334,YXYXyx,YYYXyxyXXXXyxxx,1,35645,1000,17
ac19_25372,YXYXyx,YYYXyxyXXXXXYxx,2,35717 55303,1000,17
ac19_25378,YYXYYXXXX,YYYYXXXXXYX,2,35728 99495,1000,17
ac19_25411,YXXXXyXYx,YXyxxxxxyx,5,35788 74078 75390 88852 115960,1000,17
ac19_25419,YXYXyx,YYYXYYxYXyXXX,2,35806 55960,1000,17
ac19_25423,YXYXyx,YYYXYxxxyXyXX,1,35821,1000,17
ac19_25428,YXYXyx,YYXXXXXyyxxxx,2,35828 136215,1000,19
ac19_25449,YXXX,YYYYYxyXyXyXyyx,1,35878,1000,19
ac19_25471,YXyXXXyx,YYXyXyyXXYxyX,2,35910 141870,1000,19
ac19_25479,YXYXyx,YYYYxYXyxyXXXyX,1,35924,1000,19
ac19_25485,YXXyx,YYYXYxyyyXX,8,35936 37829 49254 52475 52816 56390 65561 142823,1000,13
ac19_25487,YXyXXyx,YYXyyXyyxYXX,1,35944,1000,16
ac19_25488,YXYXyx,YYYXyxyyXXXXYYx,2,35945 128014,1000,19
ac19_25502,YXYXyx,YYXYxYXyyXXYx,3,35971 111571 115525,1000,15
ac19_25505,YXYXyx,YYXyXyXXYYxYX,1,35977,1000,17
ac19_25513,YYXXXXXYx,YXXXXyxxYx,6,35992 47124 61389 110427 144144 146223,1000,17
ac19_25518,YXXyx,YYYXYYXyyxyyxxx,2,35998 135939,1000,18
ac19_25521,YXYXyx,YYXXXXXXYYxxx,1,36003,1000,19
ac19_25547,YXXyx,YYYYXyyyyXXXXyX,1,36051,1000,19
ac19_25560,YXYXyx,YYXYxyXyXyyxxYx,2,36078 84624,1000,19
ac19_25570,YXYXyx,YYXYYXyXyyxxx,2,36095 121148,1000,15
ac19_25572,YXXyx,YYYXXXyyXyyxxxYYx,2,36098 88022,1000,18
ac19_25577,YXYXyx,YYYXYYXXXXXYx,2,36110 81856,1000,15
ac19_25580,YXYXXYx,YYXyxYXXyx,4,36116 39496 48193 112669,1000,14
ac19_25587,YXYXyx,YYXyyXyxyxxYx,2,36123 92096,1000,17
ac19_25614,YXyXXyx,YYxyxxyXYXXyX,2,36168 43732,1000,13
ac19_25628,YXXyx,YYYYXyyyXyXYXXX,1,36184,1000,19
ac19_25642,YXXyx,YYYXYYxyyxyyxxx,2,36205 83947,1000,18
ac19_25655,YXXyx,YYYXYxYYXyyxyXyyxyyX,1,36228,1000,19
ac19_25682,YYYXXXyxx,YYYYYYXyXX,1,36275,1000,15
ac19_25683,YXYXyx,YYYYxYXyxyXXyyX,1,36276,1000,19
ac19_25685,YXYXyx,YYXXyXXXXYxYx,2,36280 101879,1000,19
ac19_25699,YXYXyx,YYXyyXXyyxYYx,2,36302 137858,1000,17
ac19_25746,YXyXXyx,YYxyxxyXXXX,2,36386 53565,1000,17
ac19_25755,YXYXyx,YYYYYYXyXXXXX,1,36398,1000,19
ac19_25757,YYXXXXXXX,YYYXXXyxyXX,5,36405 36475 54505 60416 126836,1000,15
ac19_25769,YXYXyx,YYXXXXXXYxxYx,1,36427,1000,17
ac19_25770,YXYxyx,YYYXyxYXyxYxx,2,36429 96927,1000,15
ac19_25777,YXYXyx,YYYYxyXXyXyxx,3,36440 56979 148342,1000,17
ac19_25794,YXyXXyx,YYXXyXYxxyyxx,1,36466,1000,17
ac19_25808,YXXX,YYYXYXYxyyyXyyx,1,36492,1000,17
ac19_25809,YXXXyXYx,YXYxxyXYXyX,3,36493 39078 81744,1000,17
ac19_25823,YXXYx,YYYYXyXyxyyxyx,1,36516,1000,15
ac19_25828,YXyXXyx,YYXXyXYXyxxyx,2,36523 102603,1000,15
ac19_25839,YXYxyx,YYYXyxYxxYxyX,1,36540,1000,15
ac19_25857,YXXyXYx,YYXXXXYX,15,36568 37382 52678 59639 74505 98747 99802 106847 108952 116749 117940 139274 145678 145690 150733,1000,15
ac19_25891,YXYXyx,YYYYYYxyyXXXX,2,36631 44646,1000,19
ac19_25900,YXXYx,YYYYYXYXXyXYYx,1,36647,1000,15
ac19_25902,YXYXyx,YYXyXXXYYxyxx,1,36649,1000,15
ac19_25912,YXXYx,YYYXyyxYXyx,6,36669 65239 74445 84971 131644 131783,1000,15
ac19_25914,YXYXyx,YYXXYXXyXXYYx,1,36671,1000,15
ac19_25941,YYXXXyX,YXyXXYxxxyX,6,36714 63277 82474 123505 133947 151006,1000,15
ac19_25942,YXyXXXyX,YYXXyxYXyyx,1,36728,1000,17
ac19_25945,YYXXYxYXXXYx,YXXYxxxyXXXYx,1,36732,1000,18
ac19_25960,YXXXYxx,YYYXYYXXyyxx,3,36759 91740 115881,1000,18
ac19_25975,YXXyXYx,YYXXyyxxyx,1,36788,1000,14
ac19_25990,YXXYx,YYXYxyxYXyyX,3,36819 102663 131258,1000,15
ac19_26013,YXXyx,YYYYXYXyXyyXyXX,2,36858 76373,1000,17
ac19_26026,YXYXyx,YYXXyxyXXXXYxYx,2,36885 146447,1000,17
ac19_26043,YXYXyx,YYXYxxYxyyXyX,3,36909 44710 85109,1000,15
ac19_26044,YYXXXXyx,YYXYXXXyX,2,36911 42821,1000,17
ac19_26052,YXYXyx,YYYYYXXXXXXYxYX,2,36924 103416,1000,19
ac19_26059,YXYXyx,YYYYXXXXXyyxx,1,36935,1000,17
ac19_26065,YXXyx,YYYYXyXyXyXyXXYX,2,36946 38607,1000,18
ac19_26077,YXYXyx,YYYXYxyyXyXXXYx,1,36968,1000,19
ac19_26081,YXyXXyx,YYYxxYXyyxyx,3,36976 70468 113409,1000,15
ac19_26082,YXXyx,YYYYYXyyXyxyXyyX,1,36978,1000,18
ac19_26088,YXXX,YYYXyyxyyxyXYYx,1,36986,1000,19
ac19_26094,YXYXyx,YYXXXyyXXYYxx,2,36994 69747,1000,19
ac19_26106,YXYXyx,YYYXXXyxyXyxxxx,1,37019,1000,19
ac19_26114,YXyXXyx,YYXyxxyxYYx,1,37028,1000,17
ac19_26119,YYXXYxyxx,YYYxYxxyXX,1,37035,1000,14
ac19_26122,YXyXXyx,YYXyxYXYxyXyxyx,2,37038 45917,1000,16
ac19_26129,YXYXyx,YYXXXXyyxxYYx,2,37050 90346,1000,17
ac19_26133,YXYXyx,YYXXyXXXYYxyx,2,37057 49438,1000,15
ac19_26140,YXYXyx,YYYxyXXyXXyxx,1,37067,1000,17
ac19_26141,YXyXXXyx,YYxYXyyxx,1,37068,1000,17
ac19_26154,YXXX,YYXYYXYYXyyXyyX,1,37091,1000,19
ac19_26159,YXYXyx,YYYYYYxyXXyXX,1,37098,1000,19
ac19_26167,YXyXXyx,YYXYXyxYxxxyyx,2,37109 118564,1000,17
ac19_26172,YXXyx,YYYXyyyxyxxYYx,2,37118 65118,1000,16
ac19_26186,YXyxYXXyx,YYXXyxyXXXyX,1,37144,1000,13
ac19_26196,YXYXyx,YYYYYxYXyyyXX,2,37164 91481,1000,19
ac19_26211,YXXXyXyx,YYxyxYXXyxx,1,37189,1000,17
ac19_26214,YXYXyx,YYYxyXyxyXXyxYx,1,37194,1000,15
ac19_26228,YYXXyxx,YYYXXYxxxYXX,2,37216 143184,1000,16
ac19_26260,YYXXyx,YYXXYYXXYxYXX,3,37289 46168 148076,1000,15
ac19_26262,YXYXyx,YYYXXXXyyXyxYYx,2,37292 48042,1000,17
ac19_26281,YXXX,YYYXYYXXyyyxyyx,3,37321 110257 116968,1000,17
ac19_26291,YXXYx,YYXyyXYXYXYxxx,1,37344,1000,15
ac19_26316,YXyXXyx,YYXyyxxxYX,1,37398,1000,17
ac19_26327,YXYXyx,YYXYYXXyXXXYx,1,37415,1000,15
ac19_26337,YXYXyx,YYXXXyXYXYxYx,2,37439 151422,1000,17
ac19_26355,YXYXyx,YYYxYYxyXXyyX,2,37471 98358,1000,17
ac19_26385,YXYXyx,YYXyXXXyxxxYxyx,1,37530,1000,17
ac19_26387,YXYXyx,YYXyXyyxxYx,7,37536 53537 80411 82663 90954 100019 150691,1000,15
ac19_26388,YXYXyx,YYXXXXyxyXyxxYx,1,37538,1000,17
ac19_26397,YXyXXyx,YYXYxyyxYxx,4,37551 83799 104021 155986,1000,16
ac19_26421,YXXYxxyX,YYxxyXXyXYx,1,37592,1000,14
ac19_26427,YXyXXXyx,YYXyXYxyyxx,1,37599,1000,17
ac19_26462,YXYXyx,YYYXyyyXXYxxx,1,37664,1000,15
ac19_26483,YXXXYxx,YYYXXXyxyxx,5,37696 66525 68670 132116 132230,1000,14
ac19_26498,YYXXYYx,YYYXyXyxx,3,37717 128788 136084,1000,16
ac19_26499,YXYXXYx,YYXXyXyxYYx,1,37718,1000,17
ac19_26508,YXYXyx,YYYxxYXyxyyXyyX,2,37741 153903,1000,17
ac19_26510,YXYXyx,YYXXXXyXYYx,6,37743 46405 95143 112718 128349 133446,1000,15
ac19_26530,YXYXyx,YYYXXXXXyxxYx,1,37787,1000,15
ac19_26531,YXXyx,YYYXYXXYxyyyxyxx,3,37789 55371 67031,1000,18
ac19_26533,YXyXYxx,YYYXXyxYXYx,1,37791,1000,13
ac19_26544,YXXyx,YYYYXyyyxxxxxx,1,37806,1000,19
ac19_26547,YXyXXXyx,YYXyyxxYxYxyx,2,37809 41968,1000,17
ac19_26550,YYXXyxx,YYYYXYxyX,3,37813 132187 132632,1000,16
ac19_26551,YXYXyx,YYXXyXyyxxxxyxx,2,37815 106518,1000,19
ac19_26567,YXYXyx,YYXyyXXXXYxYx,2,37841 120731,1000,17
ac19_26575,YXYXyx,YYXyXXXXYYXXYYx,1,37855,1000,19
ac19_26582,YXXyxYx,YYYYxyXX,3,37867 48216 121519,1000,15
ac19_26585,YXXyx,YYYYXYXyyXyXyXX,1,37873,1000,18
ac19_26598,YYXXXyxyxYx,YYXXXXyxyxyx,1,37891,1000,17
ac19_26609,YXyXXXyx,YYYxyxYxyxx,2,37915 98467,1000,17
ac19_26618,YXYXyx,YYYxYXyyXXXYX,1,37930,1000,19
ac19_26634,YXXyXyX,YYxyxYXyxx,3,37955 41732 122657,1000,16
ac19_26642,YXXYx,YYYYYXXYXyxyyx,2,37971 106001,1000,15
ac19_26644,YXyXXXyx,YYYxxxYXyxxYxxyyX,1,37973,1000,19
ac19_26649,YXYXyx,YYXyxxYxyXyXyyx,2,37982 105124,1000,15
ac19_26651,YYXXYXyyx,YYXyxxyXyx,1,37987,1000,15
ac19_26652,YYXXXyxx,YYxyXXYXX,6,37988 63046 82137 117851 136545 137123,1000,17
ac19_26664,YYXXXyxx,YYYXyyXYYXX,1,38010,1000,15
ac19_26666,YXXYx,YYXYXXXYYxyyx,1,38012,1000,15
ac19_26693,YXXX,YYYXYYxyXyyxyyX,1,38061,1000,19
ac19_26716,YXyXXXyx,YYXXyXXYxyxYxyxyX,1,38106,1000,19
ac19_26719,YXYXyx,YYYXYxyXXyyXYYx,3,38112 51802 52580,1000,17
ac19_26724,YXXYx,YYXyXXXyyxYYxx,1,38118,1000,15
ac19_26733,YXXyx,YYYYXXYxyxyyyx,3,38137 40000 40027,1000,15
ac19_26734,YXYXyx,YYXyXXXyxyxYx,1,38138,1000,17
ac19_26784,YXYXyx,YYYXYxyXXyyyxxx,2,38222 140620,1000,19
ac19_26785,YXXyx,YYYYYXyxyyyyXyX,2,38226 85663,1000,18
ac19_26799,YXYXyx,YYXyXyXXXYYxxyx,1,38255,1000,19
ac19_26811,YXYXyx,YYYxyxYxyXyXX,2,38280 54394,1000,15
ac19_26816,YXyXXyx,YYxyxYxyxYxyxYX,3,38289 98540 102687,1000,17
ac19_26834,YXYXyx,YYXXyXyxyxxYx,2,38320 40420,1000,17
ac19_26841,YXYXXYx,YYYXXXyxyx,1,38331,1000,17
ac19_26856,YYXXyxx,YYxYxxyXXYXX,1,38358,1000,18
ac19_26870,YXyXXXyx,YYYxxxxxxyx,1,38386,1000,17
ac19_26875,YXyXXyx,YYxYXYxyxyx,6,38397 52424 54402 80388 106828 154308,1000,16
ac19_26882,YXXYx,YYYXXyyXYxyxx,2,38407 88582,1000,15
ac19_26886,YXYXyx,YYXYxxxyXXyyX,2,38417 97485,1000,15
ac19_26889,YXXyx,YYYXYXyyXyyyXXX,2,38426 82700,1000,18
ac19_26896,YXXYxxyX,YYxYXXyyxyx,1,38439,1000,14
ac19_26898,YXyXXyx,YYYxyyxxYXXyxYx,2,38441 108533,1000,17
ac19_26912,YXXyXyx,YYYXyyxyX,1,38466,1000,15
ac19_26919,YYXXXYx,YYYYXyXyx,6,38477 64742 102965 104089 109690 144764,1000,13
ac19_26921,YYXXyxx,YYXXYYxYxxYXX,1,38480,1000,19
ac19_26934,YXYXyx,YYYYXYYxYXXyxyXXX,2,38498 41202,1000,21
ac19_26942,YXXyXyX,YYYxyXXyxyX,1,38508,1000,18
ac19_26945,YXYxyx,YYXyXXyyXXyXyyx,1,38513,1000,19
ac19_26963,YXXyx,YYYYXYXyxyyyxxx,2,38542 73267,1000,18
ac19_26979,YXXyXyx,YYxyxxYXyX,4,38569 111933 123167 134471,1000,14
ac19_26982,YYXYXXXYx,YYXyXXXYxYx,1,38573,1000,17
ac19_26985,YXXYXXX,YYYXXYXXyyyx,4,38579 65363 90254 109972,1000,14
ac19_27036,YXXyx,YYYYYYXyyyyxyx,3,38675 73435 144547,1000,16
ac19_27062,YXyXXXyx,YYYXyxYxxyXyx,2,38716 132113,1000,17
ac19_27077,YXYXyx,YYXYxyyXXyyxxxx,2,38742 148986,1000,19
ac19_27082,YXXYx,YYXYYXyyxYYXyx,2,38753 83303,1000,18
ac19_27102,YYXXXyx,YYYXXYXyxyyX,1,38786,1000,15
ac19_27114,YYXXXyx,YYYxyyxyXXyx,1,38809,1000,14
ac19_27125,YXYXyx,YYYYYxyXXXXYxyX,1,38827,1000,17
ac19_27133,YXYXyx,YYYYYXXyxyXXXYx,2,38846 155579,1000,19
ac19_27161,YXyXXXyx,YYxxxxYxyxxyXYX,1,38888,1000,19
ac19_27177,YXXXyxYx,YYXXXyXYxYX,2,38913 92335,1000,17
ac19_27178,YXXYxxyx,YYXXyyxYxyx,1,38917,1000,15
ac19_27181,YXYXyx,YYYxyXXyXyxyx,2,38921 96549,1000,17
ac19_27186,YXYXyx,YYXXyyXyxxYxx,2,38928 90017,1000,19
ac19_27187,YYXXXXyXX,YYXXyxxxxxxyXXX,2,38929 151459,1000,20
ac19_27190,YXyXXyx,YYxxxyxxYXX,2,38936 150416,1000,17
ac19_27193,YXYXyx,YYXyXYYXXXYYx,1,38946,1000,15
ac19_27204,YXYXyx,YYYXXYYxYXXXX,1,38962,1000,15
ac19_27208,YXXyx,YYYYXYXyxyXyyXXX,1,38969,1000,19
ac19_27227,YXYXyx,YYYXyyxyXyxxx,1,39001,1000,17
ac19_27245,YXYXyx,YYYYYxyyXXXYYXX,1,39038,1000,19
ac19_27254,YXXXyXYx,YXXyxxxxyxx,1,39050,1000,19
ac19_27257,YXXYx,YYYXXyxYYxyX,2,39057 92991,1000,15
ac19_27274,YXYXyx,YYYYYXyXXXYXX,3,39098 92122 149083,1000,17
ac19_27287,YXYXyx,YYYXXXyXyxYxx,2,39123 60819,1000,15
ac19_27300,YXXYXXyx,YYXyXXYxyXX,1,39151,1000,19
ac19_27303,YXYXyx,YYYXXXXyyxxyx,2,39160 142985,1000,15
ac19_27310,YXXYx,YYXXyxYXYYxyX,2,39180 77291,1000,15
ac19_27323,YXXyx,YYYXyXyXyXXXXXYX,2,39209 81240,1000,20
ac19_27331,YXXyx,YYYYYXyyxxyyyXYX,1,39226,1000,18
ac19_27361,YYYXXXYYXXX,YYXXyxxxyXyx,1,39284,1000,23
ac19_27368,YXXYx,YYYxxyyxyXXXyx,1,39301,1000,15
ac19_27374,YYXXyx,YYXYXXXXYxx,2,39313 143123,1000,15
ac19_27377,YXyXXyx,YYxyxyXXYxyXX,2,39318 135790,1000,13
ac19_27384,YXYXyx,YYXYxyXyXXYxx,4,39331 80865 101566 119379,1000,13
ac19_27406,YXXXyxYx,YXYXYxYXXyX,1,39366,1000,17
ac19_27438,YXYXyx,YYYXXXXXXYYxx,1,39427,1000,19
ac19_27463,YXYXyx,YYYYXyyXyyxxx,2,39474 149101,1000,19
ac19_27469,YXyXXyx,YYXXyyXyyXX,1,39486,1000,17
ac19_27476,YXYXyx,YYYxyxYXyXyXXYx,2,39494 53186,1000,19
ac19_27484,YXyXXyx,YYYXyxYxyxxyXX,1,39508,1000,18
ac19_27485,YXYXyx,YYXyXYXyXXyxYxx,2,39510 90414,1000,15
ac19_27503,YYXXYXXyXYx,YYXXYXyxYxxyyX,1,39544,1000,15
ac19_27526,YXYXyx,YYXYxxyXyyXyxYx,1,39575,1000,15
ac19_27530,YXYXyx,YYXYxyXXXXyyxxx,1,39580,1000,19
ac19_27534,YXYxyx,YYXyxYXyxYxxx,1,39586,1000,15
ac19_27544,YXYXyx,YYYxYXXyxyXXXYx,2,39600 98439,1000,17
ac19_27546,YXYXyx,YYYxyyXXyXXYx,4,39604 103439 104331 109125,1000,17
ac19_27551,YXXYxxyxx,YYxxYxxxxx,1,39609,1000,19
ac19_27564,YXYXXXX,YYYXyXXXyx,2,39630 53074,1000,16
ac19_27569,YYXXXYX,YYxyXYYxyXyX,1,39641,1000,15
ac19_27589,YXXYxxyx,YYXyxYxyxYx,1,39678,1000,17
ac19_27602,YXYXyx,YYYYxxYXyyXyX,4,39700 86559 126289 131028,1000,17
ac19_27623,YXyXYxx,YYYYXyXyxxx,2,39740 85806,1000,15
ac19_27631,YXYXyx,YYYXyXXyXXYYx,2,39752 82144,1000,19
ac19_27683,YXYxyx,YYXXyXyxxxYxx,2,39837 78449,1000,17
ac19_27697,YXYXyx,YYYYYXyxyXyXXYx,2,39859 80011,1000,17
ac19_27704,YYXXYYXXX,YYXXyxYxyX,3,39873 83675 152756,1000,17
ac19_27724,YXYXyx,YYXyXXXYYxxyx,2,39913 134725,1000,15
ac19_27738,YXXyx,YYYYXYxxxyyyyx,1,39932,1000,15
ac19_27740,YXyXXXyX,YYxYxyxyxxx,1,39935,1000,17
ac19_27752,YXYXyx,YYXXXXyyxxYYxyx,1,39953,1000,19
ac19_27766,YXXYx,YYYYXXYXyyxYYX,2,39990 138584,1000,15
ac19_27773,YXYXyx,YYYYXyXXXyxxx,2,40012 83703,1000,17
ac19_27777,YXYXyx,YYYYXXyXXyxxx,2,40019 93461,1000,17
ac19_27787,YYYXyxyyX,YYXyXXXXX,4,40035 88843 125897 127017,1000,16
ac19_27800,YXYXyx,YYXXXyXXYxYYxyx,2,40055 70654,1000,19
ac19_27803,YXXyx,YYYXyyxyyXXXXXX,2,40058 129303,1000,20
ac19_27810,YXYXyx,YYYYXXyXXXYxx,2,40068 79932,1000,17
ac19_27812,YXXXYxx,YYYYXXyyxyx,1,40075,1000,18
ac19_27813,YXYXXYx,YYXYYxYXyXX,1,40076,1000,17
ac19_27822,YYXXXyxx,YYXXyXYYx,1,40091,1000,15
ac19_27841,YXYXyx,YYYYxYYXXyxyXXX,2,40126 113713,1000,19
ac19_27848,YXyXXXXyx,YYxxYxyxyx,2,40136 88522,1000,18
ac19_27850,YXXyx,YYYXYYXyxyXyXyXX,2,40140 107068,1000,16
ac19_27862,YXXyXYx,YYxYXyyXYXX,1,40159,1000,11
ac19_27867,YXXXXyXXYx,YXyxxxxxyxx,4,40170 85943 98267 98344,1000,15
ac19_27875,YXYXyx,YYXyyXYXXXYxx,1,40188,1000,15
ac19_27886,YYXXXYx,YYxyXyxyXyx,3,40207 56132 84114,1000,16
ac19_27922,YXyXXyx,YYXYxyXyxyxYXyx,2,40280 90458,1000,17
ac19_27945,YXYXyx,YYYYxxYXyxyyXXX,2,40312 151368,1000,19
ac19_27962,YXYXXXX,YYYYXXXYXXXyXyX,1,40346,1000,16
ac19_27963,YXXyx,YYYYXYXyxxyyyXXX,2,40347 138984,1000,18
ac19_27979,YXYXyx,YYYxyXyXXYxyX,7,40380 57806 74971 81583 90231 110604 151406,1000,15
ac19_27988,YYXXyXyyx,YYXyxxyyXX,1,40393,1000,17
ac19_27997,YXYXyx,YYXyyXyyxYXyxxx,1,40406,1000,17
ac19_28038,YXXX,YYYXYYxyxyyXyyx,1,40482,1000,17
ac19_28045,YXYXXYx,YXyXXYxYxxyX,1,40490,1000,16
ac19_28048,YYXXyx,YYXXXYYxYXX,1,40495,1000,15
ac19_28049,YXYXyx,YYxyXXyXyxx,16,40496 46534 46800 60962 64395 65375 72183 86526 96282 108498 109238 120253 120904 122348 142319 149562,1000,15
ac19_28053,YXYXyx,YYXXyyXyyxxxx,2,40503 56428,1000,19
ac19_28055,YXXYx,YYYXXXYxyXYxyx,1,40507,1000,15
ac19_28076,YXXYx,YYYXYXyyyxYxYX,1,40545,1000,15
ac19_28084,YXYXyx,YYYYxyyXyyyxx,2,40566 76154,1000,19
ac19_28104,YXXXXYx,YYxyXXyxxyx,2,40606 51964,1000,17
ac19_28109,YXXYXXyX,YYxYxyxyXyX,1,40614,1000,15
ac19_28112,YXYXyx,YYYYXXyyyyxxx,2,40618 123362,1000,19
ac19_28131,YYXXXXyx,YXXyXXXYx,4,40647 62350 130941 137795,1000,17
ac19_28135,YXYXyx,YYYxYxyXXyyXX,2,40653 96891,1000,19
ac19_28148,YXXyx,YYXYYxyyXyxyyxxxx,1,40674,1000,19
ac19_28156,YXyXXXyx,YYXyXYXyyxx,1,40684,1000,17
ac19_28158,YXyXXyx,YYXYxyXyyxx,1,40686,1000,17
ac19_28160,YXYXyx,YYXXyxyXyxYxx,1,40688,1000,15
ac19_28194,YXXyx,YYYXyyxxyyyXXYX,2,40753 140517,1000,18
ac19_28201,YYXXXXyX,YYxxyXXXXXX,1,40768,1000,17
ac19_28205,YXYXyx,YYYxxYYXyXXyX,1,40773,1000,19
ac19_28219,YXYXyx,YYYXXXyXYXYxx,2,40799 100838,1000,17
ac19_28221,YXYXyx,YYYxyXXyyxx,6,40801 43159 55268 61168 65359 99783,1000,15
ac19_28227,YXyXYxx,YYYXyXXyxyxxx,2,40808 140290,1000,15
ac19_28238,YXXYx,YYYYXXYYYXYxyX,3,40828 80499 122423,1000,15
ac19_28248,YXXyx,YYYXYXyXyyyXXYX,1,40844,1000,19
ac19_28252,YXYXyx,YYYYYYXYxyXyXXX,2,40849 135536,1000,19
ac19_28253,YYXXXXyxxx,YYxxYXXXXYX,1,40850,1000,19
ac19_28258,YXYXyx,YYYYxyxxyXXXX,1,40858,1000,17
ac19_28265,YYXXYYXXX,YYYXXYYXXYXXXyx,1,40866,1000,17
ac19_28281,YXYxxyXyx,YYXXyxYXyxx,1,40889,1000,17
ac19_28283,YXYXyx,YYYYYYYXyXXXX,2,40894 122134,1000,19
ac19_28303,YXXyXyxx,YYxxYXYXyxx,2,40928 41815,1000,17
ac19_28306,YXYXyx,YYYXyXXXyXYxx,4,40937 42313 145401 146231,1000,15
ac19_28328,YXXyXyxx,YYXYxxyxxYx,2,40975 132563,1000,19
ac19_28356,YXYXyx,YYYYXyXXXyyxx,1,41023,1000,17
ac19_28357,YXXX,YYYXyyXyyyXYxYx,1,41025,1000,19
ac19_28362,YXXyx,YYYXYYxyyXyyxxxx,1,41039,1000,19
ac19_28383,YXXyx,YYYXYYxYXyyyxyyx,1,41078,1000,18
ac19_28410,YXYXyx,YYXXyyXXXYxxx,2,41123 44807,1000,17
ac19_28446,YYXXyxx,YYYxYxyxyXX,1,41182,1000,15
ac19_28453,YYXXXXXYx,YXYxYXyXX,2,41193 95940,1000,17
ac19_28464,YXyXXyx,YYXyyxxxYYx,1,41220,1000,17
ac19_28480,YYXYxxYxyX,YXYxxYXXYxx,2,41248 142629,1000,15
ac19_28487,YXXYx,YYXYxxYXyyxyX,2,41267 48975,1000,15
ac19_28491,YXXyx,YYYYXyyyxyxyxx,3,41274 147256 156437,1000,16
ac19_28507,YXXYx,YYYXYYXYxyyXyx,2,41302 118538,1000,15
ac19_28510,YYXXyxx,YYYYYYXYXYYx,1,41313,1000,16
ac19_28515,YYXXyx,YXyXYXXXYxx,2,41320 126905,1000,15
ac19_28516,YXXYx,YYYXYYXyyxYXyx,2,41321 62329,1000,18
ac19_28517,YXYXyx,YYYXYYYxyXXXX,1,41322,1000,17
ac19_28521,YXXYxxyX,YXYxYXXyXyx,1,41333,1000,17
ac19_28530,YXYXyx,YYXyXXXXYYxxxyx,1,41349,1000,19
ac19_28535,YXXyx,YYYXXXyyXyyXXYYX,2,41360 57945,1000,16
ac19_28539,YXYXyx,YYYXXXyXyyxxx,2,41369 94459,1000,19
ac19_28547,YXXYx,YYXyxYxyXXYXyx,1,41380,1000,15
ac19_28557,YXYXyx,YYYYxyXyXXXYx,2,41402 45083,1000,19
ac19_28560,YXYXyx,YYYXXXyxyXyxx,1,41408,1000,15
ac19_28561,YYXXXXYX,YXXXXyxYx,2,41412 76557,1000,14
ac19_28566,YXYXyx,YYYYXyxyXyyXyxx,1,41418,1000,17
ac19_28570,YXXYxxyX,YYXXYYxYXXX,1,41429,1000,14
ac19_28573,YXXyx,YYYXyXyxyXyXXYYX,2,41437 50904,1000,16
ac19_28582,YXYxyx,YYXXyXyxYxx,6,41450 51339 62940 74934 138513 149582,1000,15
ac19_28583,YXYXyx,YYYYxYxyXyyXX,2,41451 106038,1000,19
ac19_28591,YXYXyx,YYXyyXXyyxxxx,1,41470,1000,19
ac19_28633,YXYXyx,YYYxYxxyXXXyX,2,41552 125036,1000,19
ac19_28641,YYYXXXXX,YYYXyXYXyyx,1,41564,1000,19
ac19_28649,YXYXyx,YYYYxyyXyXXYx,2,41579 145384,1000,17
ac19_28671,YXYxyXXyxYXyx,YYXXyxYXyxYXyx,2,41626 88499,1000,20
ac19_28673,YXyXXyx,YYYXyxxyXyX,2,41630 103420,1000,17
ac19_28674,YYXXXXyx,YXXXXXXXXXYxx,2,41633 146550,1000,17
ac19_28682,YXXyx,YYYYXYxyXyyyyxYx,2,41646 101928,1000,19
ac19_28693,YXXyx,YYXYXyyXyyXXXXX,1,41668,1000,19
ac19_28696,YXXXyxx,YYXXyxYXyxYXyx,6,41677 99211 102712 135962 139334 143487,1000,20
ac19_28724,YXYXyx,YYXXXXXyxxYYx,1,41715,1000,15
ac19_28739,YYXXyxx,YYYYYYxxxyXX,1,41739,1000,18
ac19_28740,YXXyx,YYYXyxyXyyXXXXX,2,41740 143742,1000,15
ac19_28745,YXYXyx,YYYYxyXXyXXYx,2,41747 104668,1000,17
ac19_28747,YXYXyx,YYYXyXyyyxxxx,2,41756 95448,1000,19
ac19_28752,YXXyx,YYYYYXXYxyyxyyyx,2,41763 141696,1000,17
ac19_28761,YXyXYxx,YYYYXXyxxx,1,41778,1000,15
ac19_28788,YXXyxYx,YYYxxYXYXX,1,41833,1000,15
ac19_28796,YXYXyx,YYYXYxyyyXXXYxx,1,41845,1000,19
ac19_28797,YXYXyx,YYYYXXyxyyXXXYx,2,41846 96865,1000,19
ac19_28798,YXyXXXyx,YYXyxyXyX,3,41848 88001 136489,1000,15
ac19_28812,YXYxyx,YYYxxYxYXYxxx,1,41870,1000,15
ac19_28816,YYXXYXXyyx,YYxyXXYXXyX,1,41876,1000,18
ac19_28817,YXyXXyx,YYXyyxyXXXXyyX,2,41877 63040,1000,16
ac19_28820,YXYXyx,YYYYXXXXyyxxx,2,41887 154970,1000,19
ac19_28843,YXYXyx,YYxYXyXyyxx,6,41923 74139 103716 128538 136043 146547,1000,15
ac19_28851,YXyXYxx,YYYXXYYxxYX,1,41939,1000,13
ac19_28860,YXyXXXyX,YYXXyyxYXyx,1,41955,1000,17
ac19_28873,YXyXYxx,YYYYYXXYx,5,41979 103842 138127 141364 148121,1000,16
ac19_28875,YXXX,YYYYXyXyyyXYx,2,41982 49223,1000,17
ac19_28878,YXYXyx,YYYxxxYXyxyXyXX,1,41991,1000,19
ac19_28879,YXyXXXyx,YYXyyXyXYxxyX,2,41992 53155,1000,17
ac19_28889,YXYxxYxyx,YYxyxYYxyxYx,4,42011 118930 131382 138530,1000,16
ac19_28895,YXYXyx,YYXYxxYXXyyXX,3,42023 48856 71053,1000,17
ac19_28912,YXXX,YYYYXyyXYxyyX,2,42051 118820,1000,17
ac19_28918,YXyXXyx,YYYxxxyxxYXyx,1,42058,1000,16
ac19_28924,YXyXXyx,YYYxxyyxyXYx,1,42068,1000,15
ac19_28930,YXYxyx,YYXXyxxxYxxYx,2,42081 88422,1000,17
ac19_28941,YXYXyx,YYYxyXXyXXyxYxx,2,42098 127700,1000,17
ac19_28945,YXXYx,YYYXYXXyyxyx,3,42103 111782 150767,1000,15
ac19_28953,YXyXXyx,YYxyxyxYXYx,5,42115 47075 52730 96753 137519,1000,15
ac19_29012,YXYXyx,YYYYYYxyXXXYXyX,1,42231,1000,19
ac19_29024,YXYxyx,YYXyXXyXyyx,6,42253 63858 72105 89296 91942 96761,1000,15
ac19_29031,YXXyx,YYYXyyXXyXXXYX,1,42262,1000,17
ac19_29038,YXXYx,YYYXXYYxyyxyyX,2,42281 142359,1000,15
ac19_29042,YXYXyx,YYXYxxxxyyXXyXX,2,42292 121621,1000,21
ac19_29052,YXXyXyx,YYYxxxxyXXyX,1,42317,1000,15
ac19_29061,YYXXXyxYX,YYXXXXXYx,1,42332,1000,17
ac19_29099,YXXYxYxx,YYYYXyxxyyX,1,42406,1000,17
ac19_29110,YXXXX,YYYXYYXyyyxyXX,1,42429,1000,15
ac19_29114,YXYXyx,YYYYYxxyXXXyX,2,42434 47109,1000,19
ac19_29115,YXXYxxyx,YYYxYxxxyXX,1,42435,1000,17
ac19_29131,YXYXyx,YYYYXyyXXXXYx,2,42464 106484,1000,19
ac19_29133,YXYXXYx,YYxYXyxYXyX,2,42468 149925,1000,16
ac19_29135,YXXX,YYYXYYxyyyXyX,2,42470 105317,1000,17
ac19_29147,YXYxyx,YYXXyxyxxYYxx,2,42489 57021,1000,15
ac19_29151,YXXyx,YYYXyyyXyyXXXYx,2,42496 65112,1000,18
ac19_29160,YXYXyx,YYXYxxYXyXXyX,4,42512 93844 105085 112324,1000,17
ac19_29172,YXXyx,YYXYYXyyxyyXXXXyX,1,42532,1000,20
ac19_29190,YXyXXyx,YYxYXyyxyXX,3,42558 103259 122999,1000,17
ac19_29204,YXYXyx,YYYxyXyXXYx,4,42586 104772 144029 151268,1000,15
ac19_29209,YYYXXXYYX,YYXXXXYYx,3,42598 97800 139452,1000,17
ac19_29218,YYXXXyX,YYXyXYxyyXYX,1,42611,1000,15
ac19_29219,YXYXyx,YYXXYYxxYXyyX,1,42612,1000,15
ac19_29224,YYXXyXyxyx,YYYXyXyxyyX,2,42621 131549,1000,13
ac19_29227,YXXX,YYYXYYxyyXyxyyx,1,42625,1000,19
ac19_29231,YXyXXyx,YYYxYXyxxyx,1,42630,1000,16
ac19_29268,YXYXyx,YYYXXyyXyyxxxyx,2,42697 82305,1000,21
ac19_29271,YXyXXyx,YYxYXXyyxyx,4,42700 78615 81519 90079,1000,15
ac19_29277,YXXyx,YYYYXyyXyXyXXYX,1,42712,1000,19
ac19_29297,YXXyx,YYYYXYxyXyyyxyyx,1,42760,1000,10
ac19_29314,YXyXXyx,YYYXyyXYXyXYxyyxyx,2,42790 106756,1000,17
ac19_29338,YXYXyx,YYYXXXXyyXYYx,2,42838 76078,1000,17
ac19_29344,YXyXXXXyx,YYXyyxxYxxYxyx,1,42846,1000,18
ac19_29357,YXYXyx,YYXYxyXXyyXYxYx,2,42876 63074,1000,15
ac19_29364,YXyXXyx,YYXyyxyXYXXyXyX,2,42893 107518,1000,17
ac19_29367,YXYXXXX,YYxYXyXXXXyx,2,42900 140954,1000,16
ac19_29392,YYXXYYXXX,YYXyXYXYxYXyX,1,42949,1000,20
ac19_29413,YXYXyx,YYYxxYxyyXXyX,2,42985 68941,1000,19
ac19_29463,YXYXyx,YYXyxyXyyXyyxYYxx,1,43065,1000,21
ac19_29471,YXXyx,YYYXYYxyyxyyxx,2,43073 53768,1000,17
ac19_29477,YYXXyx,YXYxyXyxxYXyx,1,43082,1000,15
ac19_29504,YXXyXyxx,YYxxyxxYxYX,2,43126 138615,1000,19
ac19_29524,YXYXyx,YYYYXyyyXyyxx,2,43175 131312,1000,19
ac19_29527,YXyXXyx,YYXXyXYXyyxxx,1,43185,1000,17
ac19_29601,YYYXXYYXX,YYXYXXXYx,4,43299 72860 138711 156712,1000,18
ac19_29607,YXYxyx,YYXXyxxxxYx,2,43311 140308,1000,15
ac19_29624,YXXyXyx,YYXXYxyXyyx,2,43336 126256,1000,14
ac19_29651,YXyXXyx,YYXYxyXyyXYxyxx,2,43386 146767,1000,17
ac19_29672,YXXX,YYYXYYxyxyXyyyx,1,43422,1000,17
ac19_29674,YYXXyx,YYXYXyXyyxx,1,43429,1000,15
ac19_29678,YXYXyx,YYXXyxyXyyXYxYYxx,2,43433 107193,1000,17
ac19_29680,YXYXyx,YYxYYxyXXyX,8,43437 77998 78284 97988 113164 144869 148762 150745,1000,15
ac19_29689,YXYXXXX,YYYXYXXyyXyx,1,43450,1000,16
ac19_29693,YYXXYxyxx,YXXXyxxYxx,3,43457 71810 109794,1000,18
ac19_29712,YXXyx,YYYYYXyXyxyyyxyx,2,43485 75372,1000,18
ac19_29716,YXYXyx,YYYXYYxYXXXXX,1,43498,1000,17
ac19_29757,YXyXXyx,YYYXyyxYXyxx,3,43565 117430 131234,1000,15
ac19_29758,YXYXyx,YYYXXXXXyxxxx,2,43567 139379,1000,17
ac19_29768,YXyXXyx,YYYXyXYxxyyx,2,43596 57022,1000,15
ac19_29781,YXYXyx,YYXyyXyXXYxYxyx,1,43617,1000,17
ac19_29788,YXXYxxyx,YYYxYxYxxyX,1,43633,1000,17
ac19_29791,YXYXyx,YYXYxyyXXyyxxYx,2,43636 53389,1000,17
ac19_29800,YXYXyx,YYXyXyyxxxxyx,1,43650,1000,17
ac19_29803,YXYxyx,YYXYXyXyyxYxx,1,43654,1000,15
ac19_29804,YXXX,YYYxYXyyyXyyxYx,1,43656,1000,19
ac19_29844,YYXXXXXXyx,YYYXXXXXyyx,1,43736,1000,16
ac19_29845,YXyXXyx,YYXyxYYXyxYxyxyx,2,43737 120218,1000,17
ac19_29855,YXXyx,YYYYXyyXyXyyXX,4,43755 45531 89066 117756,1000,18
ac19_29862,YXXyx,YYYXYxYXyyxyyXXX,2,43767 152400,1000,18
ac19_29881,YXXYx,YYYXyyXYxyx,4,43802 57472 87434 91948,1000,15
ac19_29887,YXYXyx,YYYYYxyxYXXyXXX,2,43810 76198,1000,19
ac19_29918,YYXXyXyyx,YYYxYxxxYxyxx,1,43869,1000,18
ac19_29928,YXXYx,YYYYXXYXyxyyyx,2,43882 81164,1000,15
ac19_29936,YYXXyxx,YXYXXyXyxxx,2,43896 73072,1000,14
ac19_29950,YXyXXyx,YYXyyxxYYXyx,1,43920,1000,15
ac19_29954,YXXX,YYYYXYxyyyyxxyX,2,43924 97741,1000,17
ac19_29956,YYXXyxx,YYYYYXXYxxxYXX,2,43927 113790,1000,18
ac19_29968,YXYXyx,YYYYYXyyyXXYx,1,43949,1000,19
ac19_29969,YXXXXXyXXXYx,YXXXXXyxxxYXXXXXX,1,43950,1000,18
ac19_29976,YXXyx,YYYYYYXXXyXyXyyXyX,1,43966,1000,18
ac19_29995,YXYXyx,YYxYXyyXyxyxx,3,44000 48609 140878,1000,17
ac19_30003,YXXyx,YYYYYXyxyXyyXyyX,1,44013,1000,15
ac19_30017,YXXyxYx,YYYYxxYXXyX,2,44037 94058,1000,15
ac19_30031,YXXyx,YYYYYXyXyXyXXyXX,1,44056,1000,20
ac19_30034,YXyXXyx,YYxyxyxYXXyyxYX,2,44065 148286,1000,15
ac19_30057,YXYxyx,YYYXXXYxyyxxx,1,44101,1000,15
ac19_30068,YXYXyx,YYXyXXXXyxxYx,2,44129 84108,1000,17
ac19_30070,YYXXXyX,YYxyXYxyxyX,1,44131,1000,15
ac19_30089,YXYXyx,YYYYxxyyXXXYXYxyX,1,44165,1000,19
ac19_30096,YYXXYx,YYxyxYXyX,1,44177,1000,15
ac19_30107,YXXyx,YYYXyyyXXXXXXXYX,1,44201,1000,21
ac19_30108,YXXyXyx,YYXyxxYXyx,1,44211,1000,16
ac19_30128,YYXXXYx,YYYXXyXyyxYx,2,44246 86827,1000,16
ac19_30134,YXYXyx,YYxYXyyXXyxyx,2,44257 50127,1000,15
ac19_30135,YXyXXyx,YYYXyXyyxxx,2,44259 82163,1000,17
ac19_30136,YXyXXyx,YYYxxyyxYXyx,1,44260,1000,13
ac19_30155,YXXYx,YYXYxyXYxyXYxyyX,1,44296,1000,18
ac19_30177,YXXyx,YYYYXyxyXyXyXyXX,1,44336,1000,19
ac19_30182,YXYXyx,YYYYYXyXyXXYx,2,44346 83761,1000,17
ac19_30183,YXYXyx,YYXXyyXXyxxYxxx,1,44349,1000,19
ac19_30188,YXYXyx,YYYYxyyXXyyyx,2,44360 127342,1000,17
ac19_30191,YXyXXyx,YYYxyyxxyXYx,1,44366,1000,15
ac19_30201,YXyXXyx,YYYYxyyxx,6,44387 66613 68723 97401 126748 147714,1000,16
ac19_30207,YXXyx,YYYXXXyyxyxyxxxx,1,44400,1000,17
ac19_30210,YXYXyx,YYXXXXyXXYxYx,2,44408 67977,1000,17
ac19_30215,YXYXyx,YYYxYxyyXXXyX,1,44417,1000,19
ac19_30219,YXXyx,YYXYXYxYXyyXyyXXX,1,44421,1000,18
ac19_30221,YXYXyx,YYYYYXYxyXyXyXX,2,44423 59358,1000,19
ac19_30229,YXYXyx,YYYXyyxyXXXYx,1,44440,1000,15
ac19_30235,YYXXXyxyx,YYXXXXXyX,3,44454 63866 136117,1000,17
ac19_30250,YXYxyXXyx,YYXyXyxYXyyx,3,44475 64837 90451,1000,16
ac19_30284,YXYXyx,YYYXyXyXyxxYxyx,1,44533,1000,17
ac19_30285,YXYXyx,YYYXyyyXyXYxx,2,44534 134922,1000,13
ac19_30303,YXyXXyx,YYXYxxyXXyxyx,1,44573,1000,16
ac19_30321,YXyXXyx,YYYxyxxxxYXyx,2,44604 145800,1000,17
ac19_30325,YXyXXXyx,YYxyxyXXX,3,44611 80994 104973,1000,17
ac19_30342,YXXyXyxx,YYXyXyxxxYX,1,44648,1000,15
ac19_30348,YXYXyx,YYXXyXXYYxyxx,1,44660,1000,15
ac19_30359,YYXXXXXYx,YYXXYXXXXyxxx,2,44678 128561,1000,20
ac19_30381,YXYXyx,YYXyxyXyXXXYxxx,2,44715 114826,1000,17
ac19_30382,YXXyXyXX,YYxxxxxyx,3,44716 63099 111662,1000,17
ac19_30386,YXyXXXyx,YYYxxxyyx,2,44730 145816,1000,17
ac19_30402,YXYXyx,YYYxYxyyXXyXX,1,44751,1000,19
ac19_30403,YXyXXXyx,YYXyxYxxyyX,1,44752,1000,13
ac19_30404,YXyXXyx,YYXXyxyXyyX,2,44757 50397,1000,16
ac19_30407,YXYXyx,YYxYYxyXXyXYX,2,44763 121880,1000,17
ac19_30408,YXXX,YYYYYXyxyXyyX,1,44765,1000,17
ac19_30412,YXXyx,YYYXyyxyxxxxxYx,2,44775 146397,1000,19
ac19_30415,YXXYXXXYx,YXyXYxYXyx,4,44787 91175 143425 153608,1000,15
ac19_30419,YXXyx,YYYXYYxyyXyxyXXX,2,44793 82151,1000,18
ac19_30423,YXYXyx,YYYxYxyXYXyXX,1,44797,1000,17
ac19_30439,YXyXXyx,YYxyxxxxYXyxxYX,1,44826,1000,17
ac19_30450,YXyXXyx,YYXYxxyyxx,1,44846,1000,16
ac19_30467,YXYXyx,YYxYYxyXXYXyX,2,44878 82857,1000,15
ac19_30479,YXYXyx,YYYYXyXXXYXYx,1,44901,1000,17
ac19_30490,YXYXyx,YYXyXXXyxYxxyxx,4,44921 47622 125153 141265,1000,15
ac19_30494,YXXyx,YYYYXyXyXyxxyyyxYx,2,44928 62084,1000,18
ac19_30496,YXXYx,YYYXYXXyXXYYxx,1,44936,1000,15
ac19_30522,YXYXXYx,YXyxYxYXXXyx,1,44987,1000,17
ac19_30525,YYXXyxx,YYYYxYYxxyXX,1,44991,1000,18
ac19_30535,YXXyXyx,YYYxyxxYxyX,2,45005 143178,1000,14
ac19_30537,YXyXXyx,YYXyXYxyxYxxyyX,2,45007 65958,1000,15
ac19_30540,YXYXyx,YYXyxYxxYXyXXXyxx,1,45010,1000,17
ac19_30541,YXYXyx,YYXXXyyxxxx,4,45012 62843 129425 151996,1000,15
ac19_30561,YXYXyx,YYYXXXXyXyyxYYx,1,45045,1000,19
ac19_30564,YXYXyx,YYYYxyXyXXXYxyXYX,1,45049,1000,19
ac19_30569,YXyXXyx,YYYxxxyxYYxxx,2,45056 78641,1000,15
ac19_30577,YXYXyx,YYXXYXyXyXYYx,1,45069,1000,15
ac19_30581,YXYXyx,YYXXXyXyxYxxx,4,45081 56948 80810 111681,1000,15
ac19_30603,YXYXyx,YYXYxyXXyXyxYxx,1,45123,1000,15
ac19_30646,YXXYXXX,YYYYXyyxyyxxyx,1,45229,1000,14
ac19_30649,YXYXyx,YYYxxyXXXyxyx,2,45240 150508,1000,15
ac19_30658,YXXX,YYYXYxyyyxYXyyx,1,45258,1000,19
ac19_30665,YXXyxYx,YYYXYxYYX,3,45271 50846 97789,1000,16
ac19_30666,YXYXXYx,YXyXXXYxyxYx,1,45272,1000,16
ac19_30668,YXYXyx,YYYYYxyXyxyXyXX,1,45275,1000,19
ac19_30681,YXYXyx,YYYYXyyXyXYxx,1,45292,1000,15
ac19_30720,YXXXYxYx,YYYXXyxxxyX,1,45364,1000,13
ac19_30726,YXyXXyx,YYXyyXyyXXYxxyX,2,45373 98565,1000,16
ac19_30733,YXXXyXYx,YYxYXyxyXXX,1,45384,1000,17
ac19_30737,YXXyx,YYYXXXyXyyyXXYYX,2,45391 104715,1000,16
ac19_30746,YXXyx,YYYXyxxyyXyXXXXX,2,45404 50681,1000,20
ac19_30753,YXXyx,YYYYYXyyyxxxyx,1,45416,1000,16
ac19_30766,YXyXXyx,YYxxxxyxYXX,2,45435 132742,1000,15
ac19_30769,YXYXyx,YYXXYxxYxyXXXyX,2,45439 85311,1000,19
ac19_30776,YXYXyx,YYYxYxyXyxyXX,1,45455,1000,15
ac19_30777,YXYXyx,YYXyXYXXXyXXYxxYxyx,1,45456,1000,19
ac19_30800,YXyXXyx,YYXYxyXXyxxyx,3,45507 66053 133515,1000,15
ac19_30801,YXXyXYx,YYXYxyXyxyx,2,45509 114275,1000,15
ac19_30811,YXYXyx,YYYxxYXyyXyxYXyyX,2,45524 107192,1000,17
ac19_30814,YXXYxxyX,YYXyXXYXXYx,2,45530 144883,1000,14
ac19_30815,YXYXyx,YYXXXyXyyxYYx,3,45532 98578 106227,1000,17
ac19_30818,YXyXXyx,YYXYXyxyyxx,1,45538,1000,18
ac19_30820,YYYXXXYxx,YXXYxxxyX,1,45543,1000,17
ac19_30831,YXXyXyxx,YYXYxyyxx,1,45559,1000,17
ac19_30890,YXYxxYXyx,YYXyxYXyxYYx,3,45675 51228 98789,1000,18
ac19_30896,YXXyx,YYYYYXyXyxyXyXXX,2,45686 90095,1000,18
ac19_30905,YXYXyx,YYXyXXyxxxx,7,45706 46708 57358 93047 93536 112893 155956,1000,15
ac19_30925,YXYXyx,YYXXyXXyyxxxx,2,45741 120988,1000,19
ac19_30937,YXYXXYx,YXyXXyxxxx,3,45762 50992 148703,1000,16
ac19_30954,YXXXYxx,YYYXXyyxx,4,45791 75368 149217 152130,1000,14
ac19_30965,YXYXyx,YYYxYYxyXyXXX,3,45812 49565 83993,1000,19
ac19_30967,YXXYx,YYXYxxYXYXyyX,2,45814 82520,1000,15
ac19_30981,YXXYx,YYYXYYXYYYXXyx,2,45838 49761,1000,18
ac19_30989,YXYXyx,YYYYYxyyyyXXX,2,45850 67929,1000,19
ac19_31002,YXXyx,YYYYXyyyyxxxYx,2,45874 152805,1000,18
ac19_31009,YXyXXyx,YYYxxYXyyxxyXX,1,45885,1000,18
ac19_31012,YXYXyx,YYXYxyXXyXyXYxx,2,45889 108696,1000,15
ac19_31072,YXXX,YYYXYYXyyXyyxyx,1,45995,1000,17
ac19_31115,YXYXyx,YYYxxyXXXyyxx,2,46109 54980,1000,17
ac19_31129,YXYXyx,YYxYXYxYXyxyXXyyXyx,2,46140 49596,1000,17
ac19_31130,YXyXXyx,YYXyXYYxxyxyxx,1,46143,1000,18
ac19_31134,YXYXyx,YYYYxyXYXyXXX,1,46149,1000,17
ac19_31145,YXYXyx,YYYxyXXyyyxYx,2,46163 122494,1000,17
ac19_31177,YXYXyx,YYxYXyyXyxxYXyx,1,46216,1000,15
ac19_31218,YXYXXYx,YXyXXYxYXyxx,1,46290,1000,14
ac19_31243,YXYXyx,YYXyXXXyxYxxx,8,46337 48134 55607 79885 99647 136481 150514 154989,1000,15
ac19_31274,YXYXyx,YYXYxxyXyXXyxxx,1,46392,1000,17
ac19_31275,YXXYxxyxx,YYXyyXXyxx,2,46393 81618,1000,15
ac19_31276,YXYXyx,YYXyXXyyxxYxxYX,1,46396,1000,19
ac19_31277,YYXXyXyxx,YYxxyxxYXXyxx,1,46397,1000,19
ac19_31298,YYXXYx,YYYXYYxYXyX,1,46444,1000,17
ac19_31299,YXYXyx,YYXyyXXXYYxYx,1,46445,1000,19
ac19_31305,YXXYx,YYYYXXYXyyyxyx,2,46454 116066,1000,15
ac19_31313,YXXyx,YYYXYXyyxyyXyXX,2,46477 64665,1000,15
ac19_31321,YXXyx,YYYYXYxyyXyyyxYx,1,46496,1000,19
ac19_31335,YXYXyx,YYXYYxYxyXyXX,1,46522,1000,17
ac19_31347,YXyXXyx,YYYXyyxyXYxyX,2,46544 59859,1000,17
ac19_31348,YXYXyx,YYYYYxyyXyXXX,1,46546,1000,19
ac19_31354,YXXYXXXYx,YXyXYxyXYx,3,46557 65249 132523,1000,14
ac19_31359,YXyXXyx,YYYXyxyxxYxxx,1,46568,1000,18
ac19_31396,YXYXyx,YYYYYXyXyXX,4,46638 56193 67304 68216,1000,17
ac19_31414,YXYXyx,YYYYYXYXYxxyXyXXX,1,46668,1000,21
ac19_31416,YXYXyx,YYXyyXYXyyxxx,1,46671,1000,15
ac19_31422,YXXyXYx,YYYXyxyXyyxx,1,46677,1000,16
ac19_31427,YXXYx,YYYXXyxYXyyxx,1,46687,1000,15
ac19_31429,YXYXyx,YYYXYxyXXyyyXyxYx,1,46690,1000,19
ac19_31432,YXXyXYxxx,YYYYYYxxyX,3,46697 121811 132818,1000,16
ac19_31435,YXYXyx,YYXYxxyXXyXXXYx,1,46703,1000,19
ac19_31439,YXXyx,YYXYXYYxyyXyyXXX,1,46707,1000,18
ac19_31498,YXXyx,YYYYXyyyyxYxxxx,1,46815,1000,19
ac19_31500,YXXyx,YYYYXYYxyyyXyXyX,2,46818 55144,1000,19
ac19_31511,YXXXyxYx,YXYXXXXYxyXYx,2,46842 151609,1000,17
ac19_31515,YXYXyx,YYYXYYxxyXXXX,2,46853 47633,1000,17
ac19_31524,YXXyx,YYYYYXYxyXyyyxyx,1,46870,1000,18
ac19_31538,YXYXyx,YYYxxxYXyXyyX,2,46893 114118,1000,17
ac19_31556,YXXXXXyXXYx,YXXXyxxYXXXX,1,46927,1000,17
ac19_31563,YXyXXXyx,YYxYXyxYxyxyX,2,46940 74320,1000,17
ac19_31565,YXXyx,YYYYXyyyxyXYxyyX,7,46943 69116 103691 124720 124940 128609 137260,1000,15
ac19_31571,YXYXyx,YYXyyXXYYxyxx,1,46956,1000,13
ac19_31579,YXYXyx,YYXXXXyXXYYxx,2,46973 107145,1000,19
ac19_31580,YXYXyx,YYYXYxyXXXXXXYx,1,46974,1000,19
ac19_31598,YXXyx,YYYYXyXyyyxxYx,3,47015 71141 102819,1000,18
ac19_31602,YXYXyx,YYYYYXyXXXXYx,1,47025,1000,19
ac19_31609,YXXyXyx,YYXyxxYXyyx,1,47036,1000,18
ac19_31623,YXXyx,YYYYXXXyXyyXyyXX,2,47066 64573,1000,18
ac19_31624,YYXyxYXXyx,YXyxYXXYxyXyx,2,47067 132355,1000,19
ac19_31626,YXXXXX,YYYYXXXyyyX,1,47071,1000,15
ac19_31631,YXXyx,YYYYXyxxyyyXXYX,1,47077,1000,10
ac19_31647,YXXYx,YYXyyXYXXyxYxx,1,47111,1000,15
ac19_31653,YXXYx,YYYXYxyyXYXyyx,1,47123,1000,18
ac19_31680,YXYXyx,YYYXXyXyyxxxyxx,2,47170 86368,1000,21
ac19_31682,YXYXyx,YYYXXyxyyXyxxxx,1,47173,1000,19
ac19_31687,YXXYx,YYYYXXyxYYXYYX,1,47182,1000,18
ac19_31689,YXyXXyx,YYYXyxxxx,7,47185 55994 100353 123915 127323 131017 156325,1000,15
ac19_31704,YYXXyxx,YYYYXXYYxxxxYX,1,47216,1000,19
ac19_31724,YXYXyx,YYYYYXYYxyXyXXX,2,47253 102970,1000,21
ac19_31735,YXXyx,YYYXYYxyyyxxxxyx,1,47278,1000,20
ac19_31747,YYYYXXXXYxx,YYYXXXXyxxx,1,47294,1000,19
ac19_31763,YYXXXYxYx,YYXYxYxYXX,1,47334,1000,16
ac19_31772,YXYXyx,YYYXyXXXXXYYx,2,47347 143739,1000,19
ac19_31776,YXyXXyx,YYXyxYxxxyyXX,1,47351,1000,17
ac19_31782,YXYXyx,YYYYYYXXXXXXX,1,47363,1000,19
ac19_31791,YXYXyx,YYXXXYxYYxyXX,1,47387,1000,15
ac19_31811,YXYxyx,YYXXyxxYYxx,1,47424,1000,15
ac19_31817,YXYXyx,YYYxyyXyyXyxx,1,47435,1000,17
ac19_31833,YXYXyx,YYXXYYxxyXXyX,1,47472,1000,15
ac19_31841,YXXyx,YYYYXyyXyXXXXX,1,47491,1000,19
ac19_31852,YXXyx,YYXYYxyyxyxyyxxx,2,47511 154515,1000,18
ac19_31866,YXXyx,YYYXYYxyxyyyXXXX,1,47536,1000,19
ac19_31868,YXYXyx,YYXXyXyyxxYxxyx,1,47541,1000,19
ac19_31872,YXYXyx,YYYXXXyXyxxYx,2,47546 103204,1000,17
ac19_31874,YYYXXXXyx,YYYXXXyXYX,1,47550,1000,15
ac19_31888,YXXXYxx,YYYXXyxyxYYX,1,47572,1000,18
ac19_31892,YXYXyx,YYXyXXyyxxxyx,2,47577 96241,1000,17
ac19_31907,YXYXyx,YYXYxyXXXyXXYxx,3,47608 53005 109712,1000,19
ac19_31922,YXyXXXyx,YYXyyxYXyxx,1,47635,1000,15
ac19_31928,YXYXyx,YYXYxYxyXXyyX,2,47644 64854,1000,15
ac19_31932,YXYXyx,YYXyyXXYXYxxx,1,47651,1000,17
ac19_31936,YYXXyx,YYYXXXYYxyX,1,47657,1000,15
ac19_31940,YXyXXyx,YYXYXyyXXyyx,1,47661,1000,15
ac19_31947,YYXXXyxx,YYYYXXyXX,1,47675,1000,17
ac19_31951,YXYXyx,YYXXyXXXYxYYx,1,47684,1000,19
ac19_31954,YXXyx,YYYYXyXyxyxyyxxx,2,47691 88111,1000,18
ac19_31971,YYXXYYxxyX,YYxYXyyxYXX,1,47724,1000,19
ac19_31979,YXXXXYx,YYXXyyXYxx,1,47742,1000,17
ac19_31991,YYXXXyx,YXyxxYXXyxYXXyx,2,47758 51448,1000,16
ac19_32003,YXXyx,YYYYXyXyyxxxxx,2,47782 127580,1000,18
ac19_32017,YXyXXyx,YYYXyXYxxyxxx,1,47803,1000,17
ac19_32026,YXYXyx,YYYYXyXXyyxxx,2,47820 124229,1000,19
ac19_32028,YXYXyx,YYXyXYXyyxxYx,2,47827 125698,1000,15
ac19_32031,YXXXyxx,YYXyxYXXyxYxyX,4,47835 71946 72728 85132,1000,20
ac19_32032,YXYXyx,YYYxyxYXyXXyX,4,47837 131563 134112 141088,1000,15
ac19_32034,YYXXXXYX,YYYYXXXXXXX,1,47844,1000,14
ac19_32036,YXXYx,YYXYxyyXYXXyxx,1,47846,1000,15
ac19_32043,YXYXyx,YYXXyXXyxxYXyxx,1,47860,1000,15
ac19_32044,YXYXyx,YYXYxxyXyXXYx,3,47861 75001 141317,1000,15
ac19_32095,YXYxyx,YYYXyxYxxYx,4,47977 67723 86949 125209,1000,15
ac19_32101,YXYXyx,YYYYxyxYXyyXyXX,1,47990,1000,19
ac19_32124,YXyXXyx,YYXYxxyyxYx,2,48026 93560,1000,17
ac19_32128,YYXXXYx,YXYXXyxYx,4,48034 123493 143019 154176,1000,14
ac19_32132,YXyXXyx,YYxYxyxxyxxYX,1,48046,1000,18
ac19_32133,YXYXyx,YYYXyxyXXXYYx,2,48047 144835,1000,17
ac19_32169,YYYXXXXyX,YYXXYXXXXXX,1,48113,1000,19
ac19_32176,YXyXXXyx,YYxYXyxxxyx,1,48137,1000,17
ac19_32177,YXXyx,YYYYYXyXXyyXyXX,2,48138 52027,1000,17
ac19_32183,YXyXXyx,YYXYxyxxxxx,2,48146 151798,1000,17
ac19_32211,YXXX,YYYYYXyXyyxyX,2,48201 138263,1000,17
ac19_32222,YXXyx,YYYXyyXyXXyXXX,1,48223,1000,17
ac19_32235,YXYXyx,YYXyXYXXyXXyXYxxxYxyx,1,48239,1000,21
ac19_32240,YXXX,YYYYYXyXyyXyx,2,48251 76522,1000,17
ac19_32241,YXXYx,YYYXYYYXYYXXyx,1,48253,1000,18
ac19_32247,YXXyx,YYYYYYYXyyyyyXyx,3,48262 123790 153236,1000,17
ac19_32248,YYXXXYX,YYYXyXXXYYX,1,48263,1000,16
ac19_32256,YYXYYXXyX,YYXXXyXYx,3,48277 111122 134411,1000,16
ac19_32268,YXYXyx,YYYYYxyxYXyXXXX,2,48309 61107,1000,19
ac19_32269,YYXXXYXyx,YYXyxYXXXyx,1,48310,1000,15
ac19_32282,YXyXXyx,YYxYxxyxxyXYX,2,48339 120666,1000,17
ac19_32290,YXYXyx,YYYXyXXXyxyxx,1,48354,1000,17
ac19_32315,YYXXYxYXXYx,YYXyxxyXyyxxyX,4,48399 70633 104750 137432,1000,20
ac19_32340,YYXXYxxyyX,YYYXXXYYXXX,1,48455,1000,21
ac19_32343,YXyXXXyx,YYxyxyXYXyXYxyX,2,48461 72820,1000,17
ac19_32354,YXYXyx,YYXYxyyXXyyXyxYYx,2,48491 109263,1000,17
ac19_32356,YXYXyx,YYYXyyXXXYXYx,2,48497 90694,1000,19
ac19_32362,YYXXyxx,YYYXXYXYYYxx,1,48508,1000,18
ac19_32364,YXXXYxYx,YYYXXXXYxxx,2,48513 132285,1000,13
ac19_32367,YYXXXyX,YYYxyyxxyyxx,1,48517,1000,16
ac19_32376,YXXYx,YYYYXXyxYXyx,2,48532 60987,1000,15
ac19_32386,YXYXyx,YYXyXyXYYxxYX,1,48549,1000,15
ac19_32393,YXXXyxYx,YYYXXXYYX,1,48561,1000,17
ac19_32397,YXXyx,YYYYXyXyyXyXXYX,1,48570,1000,19
ac19_32410,YXYXyx,YYYXyXyyxxx,5,48592 84907 91321 103845 119745,1000,17
ac19_32411,YXYXyx,YYXYYxYYXXXXX,1,48598,1000,17
ac19_32414,YXYXyx,YYYXyXXyxyxxx,2,48603 92856,1000,17
ac19_32421,YXXyx,YYYXyXyxyxyxxxx,1,48616,1000,17
ac19_32472,YXYXyx,YYYXXyyXXXYxx,2,48724 151743,1000,17
ac19_32479,YYXXXXYX,YYXyyXYYxyX,1,48734,1000,19
ac19_32507,YXXyx,YYYXyyXyxyXXXXXX,2,48792 147873,1000,20
ac19_32538,YXyXXyx,YYYYxyyxYXyxx,2,48853 134440,1000,17
ac19_32551,YXYXyx,YYYYxyxYXyyXXyX,1,48885,1000,17
ac19_32554,YXXYx,YYXYXYYXyyXYYx,1,48891,1000,15
ac19_32559,YXYxyx,YYXyXXyXyyXXyxx,1,48907,1000,19
ac19_32570,YXyXXyx,YYYxyyXyxYYxxxx,2,48925 110104,1000,17
ac19_32585,YXYXyx,YYYYxYYXyxyXyXX,2,48962 71442,1000,19
ac19_32596,YYXXyxYXXyxYXyX,YXyxYXXyxxYXXyx,1,48982,1000,17
ac19_32599,YXyXXyx,YYYYxyyxyx,1,48994,1000,17
ac19_32603,YYXXyxx,YYYYxxxYXXXX,1,49002,1000,19
ac19_32605,YXyXXXyx,YYxYxyxyx,4,49006 51161 137349 144000,1000,13
ac19_32612,YXyXXXyx,YYXyXYxYxyxyx,2,49019 133830,1000,17
ac19_32626,YXYXyx,YYYxYYXyxyyXXyX,2,49045 72758,1000,17
ac19_32643,YXXYx,YYYXYXyyXYYxyx,1,49084,1000,18
ac19_32647,YXYXyx,YYYxxYXyyXXyX,4,49094 65956 93163 97197,1000,17
ac19_32650,YXyXXyx,YYYXyxYxyxx,5,49097 65854 104513 132937 148293,1000,15
ac19_32651,YXYXyx,YYYXYYxyXXyXX,1,49098,1000,17
ac19_32652,YXyXXyx,YYXyXyyxxYX,3,49102 87599 121224,1000,16
ac19_32669,YXyXXXyx,YYxYXyyxxxx,1,49147,1000,19
ac19_32687,YXXyXyxx,YYYxxYYxxxx,1,49182,1000,19
ac19_32696,YXXYx,YYXYYXXXYxxyyx,1,49202,1000,15
ac19_32706,YXXyx,YYYYXXXyyXyyXXYX,1,49225,1000,17
ac19_32707,YXyXXyx,YYXYXyyxxx,2,49227 67762,1000,17
ac19_32709,YXXYx,YYYYxyXXYXyx,3,49232 100518 112862,1000,15
ac19_32711,YXYXXYx,YYxyxxyXyX,2,49239 108907,1000,16
ac19_32717,YXXYx,YYYXYYXYxxyyyX,1,49246,1000,18
ac19_32733,YXXyXYx,YYXYXyXYXyx,2,49274 49977,1000,14
ac19_32734,YXYXyx,YYYXyXXyXyxxx,2,49275 112867,1000,17
ac19_32745,YYXXYXYXX,YYXXYYXXyyXYx,1,49297,1000,17
ac19_32761,YXXX,YYYXYYXyyyxxyyX,1,49317,1000,17
ac19_32762,YXYXyx,YYYXYYxyXyXXX,1,49318,1000,17
ac19_32789,YXYXyx,YYYXYxyXXXyyXYx,1,49376,1000,17
ac19_32802,YXXYx,YYYXyyXYXYXYYx,1,49402,1000,15
ac19_32810,YXXX,YYYYYXyxyXyxyyx,1,49418,1000,17
ac19_32812,YXYXyx,YYXyXXyXYYxYxyx,1,49422,1000,17
ac19_32820,YYXXyxx,YYYXYYYxxyXX,1,49436,1000,18
ac19_32827,YXYXyx,YYYYxyyyXyyxx,2,49449 102551,1000,19
ac19_32828,YXYXyx,YYXYxyXyXXyxYxx,2,49450 77673,1000,15
ac19_32838,YXYxyx,YYXyxxxxYYx,1,49468,1000,15
ac19_32846,YYXXYYXXX,YYYxyXXXyx,1,49484,1000,17
ac19_32850,YXXYxYxxx,YYxYYxxxYX,2,49493 78594,1000,15
ac19_32860,YXYXyx,YYXyXXXXyXYxxxx,2,49513 72366,1000,19
ac19_32878,YXYXyx,YYXXyXyXYxYxxyx,2,49541 54622,1000,15
ac19_32881,YXYXyx,YYYxYYXyXXyyX,1,49545,1000,17
ac19_32924,YXYXyx,YYYXXyyXyyxxx,2,49630 118669,1000,19
ac19_32928,YXYXyx,YYYXYxyXXyXyxYx,1,49637,1000,15
ac19_32940,YXYXyx,YYXyXXXXYxxxx,2,49667 88005,1000,17
ac19_32949,YYYXXXXyX,YYXXyyxYXX,1,49688,1000,19
ac19_32953,YXYXyx,YYYXyxyXXXXYx,2,49696 148854,1000,15
ac19_32966,YXYXyx,YYYYxyxYxyXXXyX,1,49724,1000,19
ac19_32985,YYXXYXX,YYYXXyxYXyyx,1,49763,1000,2
ac19_32998,YXyXXXyx,YYXXyyxxx,1,49790,1000,16
ac19_33025,YXYXyx,YYYXXXYXXXYYx,1,49839,1000,17
ac19_33044,YXYXyx,YYYXXyxyyXXXYYx,2,49892 86728,1000,19
ac19_33052,YXYxyx,YYXyXyxxYXXyx,1,49914,1000,15
ac19_33053,YXYXyx,YYYXYxxyXXXyX,2,49915 99981,1000,17
ac19_33059,YXXyXyxx,YYxxyXXyxyX,1,49922,1000,15
ac19_33072,YXXXyxYx,YYYXXYXyX,2,49945 119013,1000,17
ac19_33075,YYXXYx,YYXyxYxyXyxYX,1,49949,1000,15
ac19_33080,YXYxxYXyxYXyx,YYxYXYxxYXyxyX,1,49960,1000,20
ac19_33086,YXYXyx,YYYXXXyXXYxYx,2,49975 97153,1000,19
ac19_33092,YXyXXXyx,YYxyxxyXXYxyX,1,49991,1000,17
ac19_33093,YXXYx,YYYXyyxYYXyyyXYx,1,49993,1000,18
ac19_33096,YXYXyx,YYYxYxYXyxyXXyX,2,50000 112880,1000,19
ac19_33097,YXyXXyx,YYxYXyxyxYXyxyXYxyX,2,50001 99261,1000,16
ac19_33101,YYXXyxx,YYYYYxYxxyXX,1,50006,1000,18
ac19_33129,YYXXXYxx,YYxYXXXyyxx,1,50055,1000,13
ac19_33138,YXYXyx,YYXyxYxxxYXyXXXXyxx,1,50069,1000,19
ac19_33147,YXYxyx,YYXXyyXXyxyxx,1,50084,1000,15
ac19_33150,YXXYXXX,YYYYYXyXyyyX,1,50089,1000,19
ac19_33177,YXyXXyx,YYXXXyXyxyxyX,2,50140 133184,1000,17
ac19_33184,YXYXyx,YYXXXyyXyxxYx,2,50154 62524,1000,17
ac19_33204,YXYXyxYXXyx,YYxyXYxyXYxyXX,1,50183,1000,19
ac19_33205,YXYXyx,YYXYxxxyXyXyX,2,50184 100893,1000,17
ac19_33232,YXYXyx,YYYxyxYxyXXyX,2,50227 132547,1000,15
ac19_33239,YXXYXXYxx,YYYYXXYXXyx,1,50237,1000,17
ac19_33242,YXXXyXYx,YYxxxyXYXXyXX,1,50245,1000,17
ac19_33282,YXXyXXYx,YYXyXYxyX,3,50309 132051 141746,1000,17
ac19_33292,YXYXyx,YYYXyyyXXyxYx,2,50328 116387,1000,15
ac19_33358,YXYXyx,YYYxxyXXXyXYx,1,50490,1000,17
ac19_33360,YXYXyx,YYYxyxYXyXXyyxx,1,50492,1000,19
ac19_33369,YYYXXXXX,YYYxyXyyxyx,1,50505,1000,19
ac19_33371,YXyXXXXyx,YYXyXYxxyyX,2,50508 111182,1000,18
ac19_33381,YXYXyx,YYYYXXyxyXXyxxx,1,50531,1000,19
ac19_33387,YXXyx,YYYYYXXXyyyyxxx,2,50546 72795,1000,18
ac19_33390,YXyXXXXyx,YYXyXYxyxyx,2,50552 150387,1000,18
ac19_33400,YXXyx,YYYYYXyyyxxxyxx,2,50569 152290,1000,18
ac19_33403,YXyXXXyx,YYYxxyxYxyXyX,2,50576 71214,1000,19
ac19_33415,YYXXXYX,YYXXXXyxYxyx,1,50604,1000,15
ac19_33428,YXXyXYx,YYXyXYXXX,4,50625 53202 83812 84258,1000,15
ac19_33435,YXXyXyx,YYxxYXyxyx,1,50640,1000,17
ac19_33460,YXXyXYx,YYXYxyXXyx,1,50697,1000,14
ac19_33465,YXXyx,YYYYXyyxyyyXXX,2,50712 103958,1000,18
ac19_33468,YXYXyx,YYYYYXXXXXyxx,1,50720,1000,15
ac19_33488,YXyXXXyx,YYYxxxxyx,3,50757 71365 89183,1000,15
ac19_33491,YXYXyx,YYYxYXyXyyyxx,2,50770 112442,1000,19
ac19_33498,YXYXyx,YYXyXyXyyxxxxyx,2,50782 114984,1000,19
ac19_33514,YXyXXXyx,YYxyxyXYXyXyXXX,1,50807,1000,19
ac19_33521,YXXyx,YYYXyyXyXyXyXXYX,1,50826,1000,19
ac19_33555,YXYXyx,YYXXXXyyxxYxxyx,2,50890 92593,1000,19
ac19_33564,YXYXyx,YYxYxyXXyyXYX,1,50905,1000,17
ac19_33571,YXyXXXyx,YYXyXyxyX,5,50918 51934 56063 59496 110251,1000,15
ac19_33615,YXYXyx,YYYYXyXXXYxyX,1,51015,1000,15
ac19_33636,YXYXyx,YYYXXXYXXyXYx,1,51065,1000,15
ac19_33647,YXXyx,YYXYYxyXyxyyxxYx,2,51092 125257,1000,9
ac19_33674,YXYXyx,YYYXXXXyXYYYxyx,2,51143 119054,1000,19
ac19_33691,YXYXyx,YYxYXyXYXyyXyxx,1,51181,1000,17
ac19_33711,YXYXyx,YYXXXXyXyxxxx,2,51217 79178,1000,17
ac19_33712,YXYXyx,YYYXXXYXyyyxx,1,51218,1000,15
ac19_33715,YXYXyx,YYXXyXYXXXYYx,1,51230,1000,17
ac19_33717,YXYXyx,YYXyXXXXYYxYx,2,51236 102103,1000,19
ac19_33728,YXYXyx,YYYXXyxyXXXYxYx,2,51249 105176,1000,19
ac19_33732,YXXYx,YYYXYXXyyxxYX,2,51261 72100,1000,15
ac19_33739,YXYXyx,YYYYXXyXXXYYx,2,51280 125785,1000,19
ac19_33761,YXYXyx,YYXXXXXXXYxYx,2,51329 106871,1000,19
ac19_33769,YXXyXyxx,YYYxxYYxyxx,1,51343,1000,19
ac19_33783,YXyXXyx,YYYYxyxyxYXyXYxyx,2,51377 136981,1000,16
ac19_33803,YXyXXXyx,YYYxxxxxyxx,1,51413,1000,19
ac19_33814,YXYXyx,YYXyxyXXXXXYxYx,2,51440 75010,1000,19
ac19_33848,YXYXyx,YYXXXXXXYxYYxyx,1,51531,1000,19
ac19_33860,YXXYxxyx,YYxxYxYYxxx,2,51558 150571,1000,15
ac19_33862,YXYXyx,YYYXYYXXXXXXXYx,1,51561,1000,19
ac19_33879,YXYxyx,YYXyXyxxxYXyx,1,51609,1000,15
ac19_33892,YXYXyx,YYYxYXyyXyyxx,2,51638 79405,1000,19
ac19_33905,YXyXXXXyx,YYXXyXXyyX,2,51660 139189,1000,18
ac19_33908,YXYXyx,YYYYXyxyXXXyyxx,2,51663 94792,1000,17
ac19_33918,YYXXyxx,YYXXYYxxxxyX,1,51683,1000,16
ac19_33919,YXXyx,YYYYXyxxyyyxyyXYXX,1,51684,1000,19
ac19_33933,YXYXyx,YYYXYxyyyXyyxxx,2,51709 54904,1000,19
ac19_33941,YXYXyx,YYYYxxyXyyXXX,2,51728 95144,1000,19
ac19_33968,YXXyx,YYYXyxyyXyXXYYX,2,51773 153283,1000,17
ac19_33987,YXYXXYx,YYYYXyXyx,2,51817 107473,1000,14
ac19_33995,YXYXyx,YYXXyxyXXXYxxYx,2,51829 90350,1000,17
ac19_34005,YXYXyx,YYXyxyXyXXYxYxx,2,51845 153921,1000,17
ac19_34018,YYXXYXXyX,YYYxyXXXyX,1,51863,1000,16
ac19_34019,YXXXyxYx,YXYxxyXXX,1,51870,1000,15
ac19_34028,YXXyx,YYYXyyxyyXXXYYX,2,51886 65592,1000,19
ac19_34037,YYXXXYxx,YYYXYXXyyxx,1,51900,1000,19
ac19_34041,YXXyx,YYYXyyxyXyxxxxxx,2,51907 83737,1000,19
ac19_34051,YXYXyx,YYXYxxYxyyXXyXX,1,51924,1000,19
ac19_34058,YYXXXYx,YYXYXXXyxxx,2,51946 119955,1000,15
ac19_34081,YYYXXXX,YYYXYXyyyx,2,51991 111258,1000,16
ac19_34086,YXYXyx,YYXXXXXYYxx,4,51997 97513 139638 151384,1000,17
ac19_34097,YXYXyx,YYXYxYxYXXyyX,2,52026 97443,1000,15
ac19_34117,YXyXXyx,YYxxyxyxxYXYx,1,52058,1000,18
ac19_34126,YYXYYXYYXYx,YYXYXXXYxxx,1,52080,1000,18
ac19_34139,YXYXyx,YYXYYxYXyXXXX,2,52110 81891,1000,17
ac19_34146,YXYXyx,YYYXyXXXYxxYX,1,52123,1000,15
ac19_34149,YXyXXXyx,YYxYXyxyx,2,52130 120417,1000,16
ac19_34171,YXYXyx,YYXXXyXyXYxxx,2,52176 72734,1000,15
ac19_34172,YXYXyx,YYXYxyyXyyxxx,2,52177 80312,1000,17
ac19_34175,YXYXyx,YYXXXyXXXYYxx,2,52183 150022,1000,19
ac19_34180,YXYXyx,YYXyyXyyxxxYx,2,52191 121135,1000,19
ac19_34234,YXYXyx,YYYYYXYxyXXXyXX,1,52298,1000,19
ac19_34254,YXYXyx,YYXyyxyXyyxxx,1,52339,1000,17
ac19_34255,YXXX,YYYYYXyxyyXyxyx,1,52340,1000,17
ac19_34257,YXYXyx,YYYYxxYXyxyXXyX,1,52342,1000,17
ac19_34263,YYXXXyxx,YYXYxYXXXyx,1,52358,1000,15
ac19_34309,YXXX,YYYXYXyyyxyyxYx,1,52448,1000,17
ac19_34315,YXXyx,YYYXYxyxyxyyXyXXX,2,52464 117462,1000,19
ac19_34318,YXyXXyx,YYxYxyxyxYX,2,52469 127340,1000,15
ac19_34322,YXYXyx,YYXYxxyyXXXXYxx,1,52483,1000,17
ac19_34342,YXXYx,YYYxxyyXXXyxyx,1,52522,1000,15
ac19_34344,YXXYx,YYYXYYXYYxYXyX,2,52524 151189,1000,15
ac19_34372,YXYXyx,YYYXYxyXyXXyyxx,1,52575,1000,17
ac19_34375,YXYXyx,YYXYxyXXXyyxYxx,2,52579 103857,1000,17
ac19_34414,YXXyx,YYXYXyyXyyxxYxYx,1,52661,1000,18
ac19_34421,YXYXyx,YYYXXyXXyxxxx,2,52677 110587,1000,17
ac19_34433,YYXXXyX,YYXyyxxxyx,1,52705,1000,16
ac19_34439,YXYXyx,YYYxyxYYXyXXyXX,2,52718 59741,1000,19
ac19_34440,YXYXyx,YYYXYxYXyXXXX,2,52721 83251,1000,19
ac19_34445,YYXXYXX,YXXXyXyxYxYx,3,52733 89264 106324,1000,16
ac19_34463,YXXyXyxx,YYXXyxxYYxx,3,52766 132243 147416,1000,16
ac19_34468,YXXyx,YYXYXyyxyxxxxYx,2,52773 142748,1000,19
ac19_34485,YXYXyx,YYYYXXyxyXXXXYx,2,52813 56572,1000,19
ac19_34533,YYXXXyXX,YYXyyxYxxyX,12,52897 55546 59743 63331 82559 85209 85767 101470 110762 138397 141166 141974,1000,18
ac19_34541,YYXXyxx,YYYXYxxYxYX,1,52911,1000,15
ac19_34549,YXyXXyx,YYYXXyxyxyx,1,52923,1000,17
ac19_34564,YXXYx,YYYXYxyXXyyxx,1,52943,1000,15
ac19_34580,YYXXXYX,YXYxxxYXyXyX,1,52975,1000,15
ac19_34589,YXXYx,YYYxxyXXYXyyx,1,52987,1000,15
ac19_34596,YXXyx,YYYXYYXyyyxxxxyx,1,53001,1000,19
ac19_34611,YXyXXyx,YYYXyxYxyxyx,3,53037 65691 119462,1000,15
ac19_34617,YXXyXYx,YYXyXYxxyXXX,1,53045,1000,16
ac19_34632,YXYXyx,YYYXyXXyXYYxx,1,53073,1000,17
ac19_34639,YXXYxxyX,YYYXXyxYXXX,1,53093,1000,17
ac19_34666,YXYxyx,YYXXyxxxYxx,3,53143 94842 141503,1000,15
ac19_34675,YXYxyx,YYXyxYxxxYx,4,53165 109575 138149 144024,1000,15
ac19_34703,YYXXyxx,YYYYYYXYxxYXX,1,53224,1000,19
ac19_34709,YYYXXXX,YXYXXyXXYxx,1,53237,1000,15
ac19_34742,YYXXXyX,YYXXYXyXyx,2,53299 148162,1000,15
ac19_34768,YXYXyx,YYXYxyXyXyyxYxx,2,53350 153769,1000,17
ac19_34777,YXXyx,YYYXYxYXyxyyyXX,2,53365 108672,1000,17
ac19_34787,YXYXyx,YYXXXyyXyxxxx,1,53384,1000,17
ac19_34796,YXyXXyx,YYYxyxxyxYXXyx,2,53402 89462,1000,17
ac19_34799,YXXyx,YYXYYxyXXyyxyyxxx,2,53407 112578,1000,18
ac19_34816,YXyXXyx,YYYXyxyxxYx,2,53433 121129,1000,17
ac19_34819,YXyXXyx,YYXyyxyXXYxyXyX,2,53439 153230,1000,16
ac19_34848,YXYXyx,YYXXXyXyyxxxx,1,53486,1000,19
ac19_34849,YXYXyx,YYYYYXyxyyXXXYx,2,53489 110287,1000,19
ac19_34867,YYXXXXYxx,YYXXXYXYYx,1,53528,1000,16
ac19_34868,YXXyx,YYYYXyyXXyxyyx,1,53536,1000,15
ac19_34887,YXXyx,YYYYXXXyyxyyyXX,1,53573,1000,18
ac19_34892,YXyXXyx,YYXYxxxyXXyyX,1,53586,1000,17
ac19_34909,YXYXyx,YYXYxxyXXyXXYxx,1,53621,1000,17
ac19_34915,YXYXyx,YYYYxxyyXXX,4,53631 102590 115662 140628,1000,17
ac19_34916,YYXXyxx,YXyxxxyXXyx,1,53632,1000,16
ac19_34924,YXYXyx,YYXyxyXyXyxxx,1,53664,1000,15
ac19_34939,YXyXXyx,YYYXyyxxxyX,1,53687,1000,16
ac19_34958,YXYXXYx,YYYXXYxxYXXX,1,53726,1000,16
ac19_34959,YXYXyx,YYYXYxYXyXXyX,3,53727 128446 152592,1000,17
ac19_34961,YXXyx,YYYXXXyXyyyxxxYYx,2,53729 141679,1000,19
ac19_34965,YXXyx,YYYYXyxyXyyxyxx,1,53736,1000,13
ac19_34966,YXYXyx,YYYxYxyXXXyXX,3,53737 69427 121168,1000,19
ac19_34971,YXXyx,YYYXXYXyyyxyyxxx,2,53746 129852,1000,18
ac19_34979,YXYxyx,YYXXXyXyyxxyX,1,53761,1000,15
ac19_34987,YXXyx,YYYYXyyyxyXyxxx,1,53780,1000,16
ac19_35017,YXXYx,YYYYXyyyXYYx,2,53833 138085,1000,15
ac19_35045,YXYXyx,YYYYYXyXyXyxx,2,53895 132606,1000,17
ac19_35050,YXYXyx,YYYYYYXyXyyXX,1,53913,1000,19
ac19_35059,YXXYx,YYYXyXXYXYxxyx,1,53935,1000,15
ac19_35060,YXXyx,YYYYXYxyyXyyXXX,1,53937,1000,19
ac19_35067,YXYXyx,YYXYxxxYXyyXyXX,2,53952 58019,1000,19
ac19_35070,YXyXXXXyx,YYXyyxxYXXyxx,1,53955,1000,18
ac19_35077,YXYXyx,YYxYXyXyyxxYX,1,53974,1000,15
ac19_35087,YXYXyx,YYYXYxyXyyXXYxx,1,54001,1000,17
ac19_35093,YXYXyx,YYYYYXXYXXXXX,2,54013 106678,1000,17
ac19_35097,YXYXyx,YYYXyXXXyyxxx,2,54027 140641,1000,19
ac19_35106,YXYXyx,YYYYXyyXXXXYxYX,2,54047 127303,1000,19
ac19_35108,YXYXyx,YYYXYxyyXXyXXYx,1,54052,1000,17
ac19_35124,YXYXyx,YYYXyxyyXyXyxxx,1,54077,1000,19
ac19_35153,YXYXyx,YYYXXXXyXYxYx,2,54119 102328,1000,17
ac19_35155,YXYXyx,YYYXyyxyXXXXYYx,1,54121,1000,19
ac19_35156,YXYXyx,YYXYxyXyXyyxxxx,2,54124 57610,1000,19
ac19_35157,YXXyxYx,YYYXYxxYXX,1,54125,1000,16
ac19_35172,YYXXXyX,YYXXyxyxx,4,54158 97465 113728 137098,1000,15
ac19_35173,YXYXyx,YYXyXXXXXYxYx,2,54159 72091,1000,19
ac19_35195,YXXYx,YYYYXXyxYYYXYX,1,54204,1000,18
ac19_35204,YXYXyx,YYXXyyXXyxxxx,1,54219,1000,19
ac19_35223,YXXXyXYx,YXyXYxyxxyx,1,54258,1000,15
ac19_35246,YXYXyx,YYXXXyXXYXYYx,2,54303 153583,1000,17
ac19_35247,YYYXyxyyX,YYxxxxxyx,1,54304,1000,16
ac19_35248,YXXyXyxx,YYXXXyyxyxx,1,54305,1000,17
ac19_35254,YXYXyx,YYYYxyXXXXYXX,2,54316 83292,1000,17
ac19_35267,YYXXyXyxx,YXyXXXYXX,1,54335,1000,15
ac19_35274,YYXXyxx,YYYXXYYxxxYXX,2,54354 127660,1000,19
ac19_35292,YYXXXXyx,YYXYXXyxyyx,2,54393 152096,1000,17
ac19_35293,YXyXXyx,YYYXyyyXXyxyX,2,54396 68847,1000,17
ac19_35317,YXYXyx,YYXyyXYXXYxxx,2,54451 136832,1000,15
ac19_35319,YXXYx,YYXYXYXyyXYxxx,1,54453,1000,15
ac19_35330,YXXyXyx,YYxyXYXyyxyX,1,54473,1000,17
ac19_35367,YXXyXyxx,YYYXyxxxx,1,54537,1000,17
ac19_35373,YXXXyxxYx,YXYxYXXYxyxx,2,54552 81657,1000,12
ac19_35432,YYXXXYx,YYXyXyyxxx,4,54674 71113 81827 155395,1000,16
ac19_35453,YXYXyx,YYYXXXXyXyxYx,2,54706 108490,1000,13
ac19_35455,YXXyx,YYYXyyyxyxxxYYx,1,54712,1000,18
ac19_35459,YYXXyxx,YYYXYYxxYXX,2,54723 119768,1000,18
ac19_35464,YXyXXyx,YYxYXyxYxxxyxyXYX,1,54735,1000,18
ac19_35478,YXYxyx,YYXXyyXXyxx,1,54763,1000,15
ac19_35481,YXXyXyx,YYxyxyXYxyX,2,54770 125271,1000,14
ac19_35486,YXYXyx,YYYxyyXyXyyxx,1,54783,1000,17
ac19_35490,YXYXyx,YYXXXYXyXYxYx,1,54791,1000,15
ac19_35491,YXYXyx,YYYXYxyyXXyyxxx,1,54792,1000,19
ac19_35517,YXXYx,YYYXYXYYxyyXyx,1,54846,1000,15
ac19_35556,YYYXXXyxx,YXXYXXYxx,2,54937 64509,1000,16
ac19_35559,YXYXyx,YYYXXXXXYXYYx,2,54942 148748,1000,19
ac19_35563,YXYXyx,YYYXXXXXYYxyx,2,54949 67819,1000,15
ac19_35573,YXXX,YYYYYXyXyxyyxyx,1,54965,1000,17
ac19_35576,YXYXyx,YYYXYxyyXXXYx,1,54974,1000,15
ac19_35593,YYYXXXYXX,YYYXXYXXXyx,1,55017,1000,15
ac19_35612,YXYXyx,YYXXXyXXYYxyx,2,55059 98279,1000,15
ac19_35614,YYYXXXX,YYYXXyyxyyxx,1,55061,1000,16
ac19_35617,YXXXXyXyx,YYYxyxxxyX,1,55064,1000,16
ac19_35620,YXXyXyxx,YYXYYxYxxxx,2,55071 111972,1000,16
ac19_35623,YXXyx,YYXYYXyyxyXXXXX,2,55074 78046,1000,18
ac19_35633,YXYXyx,YYYXXyxyyXXXYxx,1,55115,1000,19
ac19_35637,YXXYx,YYXXyyxYXyxyx,2,55128 67962,1000,15
ac19_35659,YXYXyx,YYYYXYYYXXXXX,2,55179 117650,1000,17
ac19_35664,YXYXyx,YYYxyXXyyxYXyxx,1,55187,1000,17
ac19_35696,YXXXYxx,YYXXXyyxyxx,2,55253 142013,1000,14
ac19_35721,YXyXXyx,YYxyxYXXYxxxyxx,1,55319,1000,16
ac19_35722,YXXyx,YYXYYXyxyXyyXXYX,1,55321,1000,17
ac19_35754,YXYXyx,YYYYYxyXXXXYXyX,1,55387,1000,19
ac19_35772,YXXYxxyx,YXXYxYxxxyXyX,2,55431 118031,1000,17
ac19_35773,YXXyx,YYYYXYXXXyyyXyXX,2,55433 93398,1000,17
ac19_35780,YXXYx,YYYxyxyXXXyyx,2,55445 150513,1000,15
ac19_35781,YYXYYXXXX,YYXXyyXYxx,1,55447,1000,17
ac19_35784,YYXXXXYX,YYYXXXyxxyX,1,55452,1000,15
ac19_35793,YXXXyXYx,YXYXXXXXyxx,1,55469,1000,17
ac19_35796,YXXyx,YYYYXYxyyyyxxx,2,55475 150785,1000,18
ac19_35804,YXYXyx,YYYYXYxyXXyyXYx,4,55490 60048 86461 98978,1000,17
ac19_35810,YXYXyx,YYYYxYxyyyXXX,2,55505 84840,1000,19
ac19_35825,YXXYx,YYYXYXYYXXyxx,3,55534 99608 115698,1000,15
ac19_35828,YXYXyx,YYYYxyyXXyX,5,55538 57312 118359 138199 155779,1000,15
ac19_35829,YXYXyx,YYYXXXXyyxyxx,2,55540 56255,1000,17
ac19_35831,YXYXyx,YYXyxyXXXXXYYxx,2,55544 101723,1000,19
ac19_35839,YXXyx,YYYYYXyxyXyyXXX,1,55561,1000,19
ac19_35859,YXyXXyx,YYYxyxyXXyX,3,55603 77098 109050,1000,16
ac19_35870,YXyXXXyx,YYYxxyXXXyxyx,1,55633,1000,17
ac19_35874,YXXyXyX,YYYXyyyxx,2,55644 103813,1000,16
ac19_35881,YXYXyx,YYYXyxyyXXXYxxx,2,55654 65905,1000,17
ac19_35927,YXYXyx,YYXYxxxYXyyXX,2,55743 100524,1000,17
ac19_35946,YXYXyx,YYYYYXyXXXXYxYX,1,55785,1000,19
ac19_35948,YXXYx,YYYXyyXXyxxxyx,1,55789,1000,15
ac19_35952,YXXyx,YYYXyyyXXXyXXYYX,1,55794,1000,19
ac19_35957,YXyXXyx,YYxxYXXyyxyxYX,2,55801 119998,1000,17
ac19_35969,YXXYxxyx,YYYxxyXYxyX,2,55827 149063,1000,15
ac19_35983,YXyXXyx,YYxxyxYxxyxxYXX,1,55849,1000,18
ac19_35985,YXXYx,YYYXYxxyyXXXyx,1,55855,1000,15
ac19_36003,YXyXXyx,YYXYxyXyyxYXXyyx,2,55902 134125,1000,17
ac19_36020,YXyXXyx,YYYxxxxyyX,4,55929 104667 108040 117030,1000,15
ac19_36049,YXYXyx,YYYXyXyyxxxYX,1,55977,1000,15
ac19_36057,YYXXyxx,YYYYXYxxYXX,2,55993 73999,1000,17
ac19_36058,YXYXyx,YYXyXyXYXYxxx,1,55995,1000,15
ac19_36067,YXXyx,YYYXYxyyXyXXXXX,1,56015,1000,19
ac19_36078,YXYXyx,YYXYxYYXyyXXX,2,56032 63169,1000,17
ac19_36082,YXyXXyx,YYXYxyXyxxYXyyx,2,56037 72230,1000,17
ac19_36096,YYXXYXYXX,YYXXyXyxYx,1,56073,1000,15
ac19_36109,YXYxxYXyx,YYxxyXXyxYX,1,56103,1000,17
ac19_36119,YXXyx,YYYXYXyyxyyXyXXX,1,56124,1000,18
ac19_36125,YYXXyXYxxyx,YYXXyxYXyXYxyx,2,56151 146032,1000,19
ac19_36133,YXXYxxyx,YYxyxYYxxyX,1,56171,1000,15
ac19_36136,YXXyx,YYYXXXyyxyxxxxYx,2,56179 80104,1000,18
ac19_36141,YYXXYYXXX,YYYXXyxxyX,3,56191 84443 141998,1000,14
ac19_36146,YXXYXXyx,YYxyxyXyx,1,56199,1000,17
ac19_36164,YYYXXXyxx,YXyxxxxyXX,4,56237 105078 117675 140645,1000,15
ac19_36167,YXXYx,YYYXYXyXYYXYYx,1,56251,1000,15
ac19_36174,YXXXyXyxx,YXYxyxYXyx,1,56263,1000,19
ac19_36184,YXXyx,YYYXYXyyXyyyxxxx,1,56280,1000,19
ac19_36201,YXXYxxyX,YYXXXXYYxyX,2,56306 68652,1000,14
ac19_36202,YXYxyx,YYYXyXXXyyxyx,1,56308,1000,15
ac19_36203,YXYXXXX,YYxYXyyXXyxxxyx,1,56309,1000,16
ac19_36208,YXYXyx,YYYxxxYXyxyyXXX,1,56326,1000,19
ac19_36218,YXyXXXXyx,YYXyXXYxyyx,2,56358 151507,1000,18
ac19_36231,YYXXXYxYX,YXXXXYxYx,1,56380,1000,15
ac19_36233,YXYXyx,YYXXyXXyxyxYx,2,56384 100999,1000,15
ac19_36248,YXYXyx,YYYXXyXXXYxYX,1,56407,1000,17
ac19_36258,YXYXyx,YYYXYxxxyXyXyXX,2,56437 98664,1000,19
ac19_36262,YXYXyx,YYXXYYxYXyXXX,1,56442,1000,17
ac19_36267,YXYXyx,YYYXYxyXXyXyxxx,1,56450,1000,19
ac19_36270,YXyXXyx,YYYxyyxxxYx,2,56454 95913,1000,17
ac19_36273,YXYXyx,YYXyxyXXXyyxxYx,1,56461,1000,19
ac19_36279,YYXXXyx,YYxyXXyxyx,1,56469,1000,14
ac19_36285,YXXXYxx,YYXYYXXyxx,4,56478 71111 136565 153021,1000,14
ac19_36298,YXXYx,YYYYXYXyyx,8,56505 68994 71796 80091 93315 107581 125769 136200,1000,15
ac19_36306,YXXyx,YYYYYXyyxxyyXXXX,1,56522,1000,19
ac19_36318,YXYXyx,YYYXYxyXyXyyyxx,1,56551,1000,19
ac19_36329,YXXXyxxYx,YYxYXYXXYx,1,56571,1000,18
ac19_36331,YXYXyx,YYYXYxYXXXyXX,1,56574,1000,17
ac19_36350,YYXXXYxx,YYYYXXXyxyxYYYX,1,56611,1000,19
ac19_36358,YYXXXXYX,YYYXyyXYX,2,56625 75879,1000,14
ac19_36372,YXXYx,YYYYXXyyxyxyyx,1,56656,1000,18
ac19_36375,YYXXXYX,YYXyXyXYxx,2,56660 120591,1000,16
ac19_36395,YXYXyx,YYYXXXXyxyyxx,1,56698,1000,15
ac19_36401,YXXyx,YYXyxyXyXyXXXXXYX,2,56710 105324,1000,20
ac19_36409,YXYXyx,YYXYYxxYXyXXX,1,56731,1000,19
ac19_36429,YXXyXYx,YYxyxYxyXYXyXX,1,56768,1000,15
ac19_36460,YXyXXyx,YYXYxyyxYxyx,4,56835 90111 120543 139107,1000,17
ac19_36465,YXYXyx,YYYxyxYYXyyXyXX,2,56844 136566,1000,19
ac19_36468,YXYXyx,YYYXXXyyxxxyx,1,56850,1000,17
ac19_36469,YXYXyx,YYXXXXyyxYYxx,1,56855,1000,15
ac19_36492,YXXyx,YYYXYYXyXyyXyXX,2,56896 113655,1000,18
ac19_36502,YXyXXyx,YYYYxxyXXyxxx,2,56918 137769,1000,17
ac19_36528,YYXXXXXYx,YYXXXYxYXXX,6,56976 66834 81575 82414 141101 146909,1000,17
ac19_36542,YXXyx,YYYYYXyXXyyyxxx,2,57003 150753,1000,19
ac19_36547,YXXyXyxx,YYXYxxYYxxx,2,57009 77445,1000,15
ac19_36556,YXYXyx,YYxyXXyXyxyxx,2,57031 152633,1000,17
ac19_36564,YYXXyxx,YYYXXXYxyx,2,57046 122598,1000,16
ac19_36570,YXXYxxyX,YYxYXXyXXYX,2,57060 144840,1000,17
ac19_36582,YYXXX,YYYXyXyyxyXYYx,1,57079,1000,16
ac19_36591,YYXXXYX,YYXXyXyxYx,1,57101,1000,16
ac19_36604,YXyXXyx,YYXYXyxYxxxyx,1,57131,1000,16
ac19_36605,YXXyx,YYXYYXYXyyXyyXX,2,57133 153613,1000,16
ac19_36615,YXYXyx,YYYYxYXyXyyXX,1,57151,1000,19
ac19_36620,YXYXyx,YYYYXYxyXyXXX,2,57157 67607,1000,17
ac19_36622,YXYXyx,YYYYYXYxyyXXyXX,2,57162 106258,1000,19
ac19_36638,YXYXyx,YYYXyyXyyxxxx,2,57193 108600,1000,19
ac19_36649,YXYXyx,YYYXyyXyyxYxx,2,57210 61615,1000,19
ac19_36653,YYXXyxx,YYxxYxxYXXX,2,57216 149001,1000,18
ac19_36659,YXXX,YYYYXXYxyyyxyyX,1,57227,1000,17
ac19_36668,YXYXyx,YYXXyXYXyyxxx,1,57244,1000,15
ac19_36676,YXYXyx,YYXXYYxYXXXyX,1,57255,1000,15
ac19_36677,YYXYYXXyx,YXyxYXXYx,4,57258 121332 131558 137118,1000,15
ac19_36685,YYXXXYX,YYYXyXXYYXX,2,57272 109505,1000,15
ac19_36689,YYXXyxx,YYxYXYYxxyX,1,57276,1000,16
ac19_36692,YXYXyx,YYYYXYxyyXXXX,2,57281 94911,1000,17
ac19_36702,YXyXXXyx,YYxYXyxxyxx,1,57306,1000,19
ac19_36704,YYXXX,YYYXyyXYYYXyX,2,57309 151249,1000,17
ac19_36706,YXYXyx,YYYYxyXXXYYXX,1,57313,1000,17
ac19_36707,YXyXXXyx,YYXXXXyXyyx,2,57315 90981,1000,17
ac19_36718,YXYXyx,YYXYxyXyyXXYxYx,2,57341 100991,1000,17
ac19_36720,YXyXXyx,YYYxyxYxxyyX,1,57344,1000,15
ac19_36730,YXXyx,YYYYYXyyxyXyXyyX,1,57365,1000,19
ac19_36735,YXXYx,YYYXyXXYYXYxx,1,57374,1000,15
ac19_36744,YXYXyx,YYYYXXyxyXXXYYx,2,57391 120149,1000,19
ac19_36776,YXYXyx,YYYYXyXyXXYYx,2,57461 78689,1000,19
ac19_36783,YXYXyx,YYXyyXXYXYxYx,1,57478,1000,17
ac19_36795,YXYXyx,YYYYYXXyXXX,3,57508 60764 129396,1000,17
ac19_36830,YXXYx,YYYXXyxYXYXyx,1,57590,1000,15
ac19_36838,YXyXXyx,YYXyXyxYxxyyxYX,2,57605 111040,1000,17
ac19_36845,YYXyxxxyyx,YYXXXYXyyxx,3,57629 65977 77733,1000,14
ac19_36854,YXyXXXyx,YYXyXYxyxxxyX,1,57653,1000,17
ac19_36863,YXYXyx,YYYYYxYXyxyyXXX,2,57679 75743,1000,19
ac19_36874,YXYXyx,YYYXXXyXXYYxx,2,57696 146581,1000,19
ac19_36877,YXyXXyx,YYYXyxYxYXyxxyx,2,57707 136824,1000,16
ac19_36880,YXYXXYx,YXYxYxyXXXyx,1,57711,1000,17
ac19_36884,YXYxyx,YYYXXYxyXyxxx,2,57721 72342,1000,15
ac19_36887,YXXXXYx,YYXXXYXyyxxx,1,57726,1000,17
ac19_36913,YXyXXyx,YYxYxxyxxxyXYXX,1,57784,1000,18
ac19_36946,YXXYxxyx,YYXXyXyxyxx,1,57851,1000,17
ac19_37019,YXYXyx,YYXXYxYYxYXyXyX,2,57998 69618,1000,17
ac19_37028,YXYXyx,YYxYXYxyXXyXyyx,2,58022 68774,1000,17
ac19_37057,YXYXyx,YYYXyXXXyXYYx,2,58079 82014,1000,17
ac19_37062,YXYXyx,YYXXXXXyXYYxx,2,58087 91451,1000,17
ac19_37066,YXXyx,YYYXyxyXyXyXXXXX,2,58095 135487,1000,18
ac19_37079,YYYXXXyxx,YXYXXXYxxx,1,58126,1000,16
ac19_37100,YXYXyx,YYXXXXXyxxxYx,2,58165 77350,1000,17
ac19_37106,YXYxyXXyx,YYXyXXyxyX,3,58181 82804 112663,1000,16
ac19_37115,YXYXyx,YYYxYXyyyXXYx,1,58202,1000,19
ac19_37129,YXYXyx,YYYYXXXYYXXXX,1,58237,1000,15
ac19_37140,YXXYx,YYYXyyXXyxYxx,1,58259,1000,15
ac19_37143,YXYXyx,YYYXXXyyXyxxx,2,58263 133319,1000,19
ac19_37149,YXYXyx,YYYxYxyXXYXyX,2,58271 124820,1000,15
ac19_37151,YXYXyx,YYXXXyyXYYxxx,2,58277 74840,1000,17
ac19_37152,YXXyXXYx,YYXXXXXYxxyXX,1,58279,1000,15
ac19_37185,YXYXyx,YYXyXyXXYYxxx,1,58359,1000,19
ac19_37197,YYXXXYXX,YYYYXXXyyyx,1,58381,1000,15
ac19_37202,YXXYx,YYXYXXyyXYYxx,1,58388,1000,15
ac19_37206,YXYXyx,YYXyyXyyxxxxyxx,2,58396 110748,1000,21
ac19_37231,YXYXyx,YYXYxxyXyXyyxYx,1,58456,1000,17
ac19_37240,YXYXyx,YYYXyXXXXYYYxyx,1,58479,1000,19
ac19_37255,YXXYx,YYXYXyyxYxyX,3,58505 137564 154939,1000,15
ac19_37283,YXYXyx,YYXXYYxYxyXyX,1,58575,1000,15
ac19_37291,YXYXyx,YYxYYxyXyxyXXyX,1,58591,1000,17
ac19_37300,YXYXyx,YYYXYxYxyXyXX,2,58607 134320,1000,17
ac19_37310,YXXYxxyx,YYxYxYYxx,3,58636 136127 150908,1000,17
ac19_37314,YYXXYXXyXYx,YYXXyXYXyXYxx,1,58642,1000,15
ac19_37315,YXyXXyx,YYXyyxyXYYxxyXX,2,58643 83969,1000,17
ac19_37347,YXXyx,YYYYXyXyxyXXXXXX,1,58699,1000,20
ac19_37369,YXyXXyx,YYYxxxYxxxyyX,1,58744,1000,15
ac19_37371,YXXYx,YYYXXyxYxyXYX,1,58748,1000,15
ac19_37389,YXXyXyxx,YYXYYxyxx,2,58804 138153,1000,17
ac19_37426,YXyXYXyxx,YYXyxYxxyX,2,58887 94184,1000,17
ac19_37428,YXXyx,YYYXYYxyyxyxxyxx,1,58890,1000,20
ac19_37433,YYXXYXyXXyX,YYXyXYYXyXyX,1,58898,1000,17
ac19_37448,YXyXXyx,YYYxxxYxyxyXX,2,58934 153661,1000,16
ac19_37466,YXYXyx,YYYYYXyXXyyyx,1,58979,1000,17
ac19_37487,YXXyx,YYYYXyyyXyyyXYX,2,59027 78354,1000,18
ac19_37496,YXXyXyxx,YYYYYxyxx,2,59042 70260,1000,17
ac19_37510,YXYXyx,YYYXXXXXYYXYx,2,59076 106927,1000,19
ac19_37512,YXYXyx,YYXXXXXXYxYYx,1,59081,1000,19
ac19_37543,YYXXYxyXX,YXyXyxxxx,1,59138,1000,17
ac19_37565,YXXYx,YYxyXYXyXYxyx,1,59184,1000,15
ac19_37568,YXXXYxx,YYYXYXXYx,2,59189 122869,1000,15
ac19_37570,YYXXYXXYx,YYYXXYxxyXX,1,59193,1000,15
ac19_37598,YXYXyXXYXyX,YYxYxyXYXyXXyXXYXyXX,1,59257,1000,19
ac19_37610,YYXXXyxyx,YXXXyXXXXyx,3,59286 105090 123379,1000,16
ac19_37616,YXYXyx,YYxYXyXXYxyXXYx,2,59314 155024,1000,17
ac19_37644,YXYXyx,YYYYYYXXyxyyXXX,2,59378 128648,1000,19
ac19_37658,YXXYx,YYYXYYXXYYYxyX,2,59421 101690,1000,15
ac19_37661,YXXYxxyX,YYxyxYXXXyx,1,59429,1000,14
ac19_37674,YXXyx,YYYXYYXyyxyyXXXX,1,59450,1000,19
ac19_37679,YXYXyx,YYYXYxyXXXyyyxx,1,59456,1000,19
ac19_37696,YXYXyx,YYXYYxYXXyXyX,2,59498 70253,1000,17
ac19_37723,YXXyx,YYYYYXyyyXXyxx,1,59545,1000,15
ac19_37724,YXXyx,YYYXYYxxYXyyyXyXyX,1,59546,1000,19
ac19_37739,YXYXyx,YYYxYXyXXyyyx,2,59585 76928,1000,17
ac19_37759,YXXyx,YYYYYXyxxyxyyXXXX,1,59629,1000,19
ac19_37774,YXyXXyx,YYxYxxyxxyxYXYXyx,1,59665,1000,17
ac19_37780,YXYXyx,YYXYYxxyXXyyX,2,59678 128459,1000,17
ac19_37793,YXYXyx,YYXyXXyyxxYxx,2,59712 92462,1000,19
ac19_37798,YXXX,YYYYXYxyyyXyX,2,59719 148264,1000,17
ac19_37807,YXYXyx,YYxYXyyxyXyxx,2,59750 145081,1000,15
ac19_37815,YYXXXXyX,YXYxxyXyx,1,59761,1000,17
ac19_37825,YXyXXyx,YYYXXyXyxyx,2,59777 70507,1000,15
ac19_37832,YXXYxxyx,YXYxYxxYxyX,2,59792 144462,1000,15
ac19_37844,YXXyx,YYYYXyyyXyXXyXX,2,59808 120669,1000,19
ac19_37847,YXyXXyx,YYxyXyxxyXXYX,1,59814,1000,18
ac19_37857,YXYXyx,YYxYxxYXyxyXyXX,1,59831,1000,19
ac19_37865,YXYXyx,YYYYxxYXXyXXX,2,59852 78972,1000,19
ac19_37880,YXyXXyx,YYYYxyyXXyxx,1,59879,1000,16
ac19_37940,YXYXyx,YYXXXXyyxyxYx,2,59985 77916,1000,17
ac19_37948,YXYXyx,YYXyXXYXXXXYYxx,2,60011 129143,1000,19
ac19_37958,YYXXXyx,YYYYXXXXXXX,1,60029,1000,14
ac19_37966,YYXXXXXXXyx,YXXXXXXyxxxxx,4,60054 61944 132075 132178,1000,17
ac19_37979,YXXXYXXXyX,YYXXyXYXXXyXX,1,60078,1000,15
ac19_37985,YYXXyxx,YYxyXXXYxxyX,1,60089,1000,14
ac19_37986,YXYXyx,YYXXXXXXYYx,4,60090 75394 151146 155492,1000,17
ac19_38016,YXYXyx,YYYYXYYXyXXXX,1,60151,1000,19
ac19_38054,YXYXyx,YYXXYXyXyyxxx,1,60221,1000,15
ac19_38069,YXYXyx,YYXyXXXyxxYxx,5,60248 85182 110744 112156 156034,1000,17
ac19_38074,YXYXyx,YYxYYxYXyxyXyXX,2,60261 132193,1000,19
ac19_38100,YXYXyxxyXYx,YXXYxYXXYxYx,1,60309,1000,17
ac19_38106,YYXXYYXXX,YYXyXyXYxx,1,60325,1000,15
ac19_38108,YXyXXXyx,YYXXyXyyX,2,60329 98954,1000,15
ac19_38116,YXXYx,YYYYXXyyxyx,4,60351 107987 108126 111927,1000,15
ac19_38141,YXYXyx,YYYYxYXyXyXXX,1,60404,1000,19
ac19_38143,YXYXyx,YYYxYXyXXyX,6,60407 83190 96080 107778 113923 142260,1000,15
ac19_38176,YXXX,YYYXyyxYYXyxyyX,1,60482,1000,19
ac19_38221,YXYXyx,YYYXyxyXyXXYYxx,2,60588 118859,1000,17
ac19_38222,YYXXYxYXX,YYXXYxyXyyxxYX,1,60595,1000,18
ac19_38237,YXYXyx,YYYXyyXXXXYYxyx,1,60625,1000,19
ac19_38245,YXXyx,YYYXyyxyxxxyxYYx,2,60638 80135,1000,19
ac19_38264,YXXX,YYYXyyxyyXYYXyx,1,60667,1000,19
ac19_38268,YXXX,YYYxYYxyyXyyXyx,1,60678,1000,19
ac19_38274,YXXyXYx,YYYXyXXXyx,1,60686,1000,16
ac19_38288,YXYXyx,YYYYxYxyyXXyX,2,60715 109371,1000,19
ac19_38297,YXXyx,YYYXyXyyxyxxYYx,2,60730 126463,1000,18
ac19_38316,YYXXyxx,YYYxYxxYXXXX,1,60781,1000,19
ac19_38319,YXXyx,YYXYXYYxyyXyyXX,2,60784 95301,1000,15
ac19_38351,YXXyx,YYYYXyxyyXyyXXX,2,60848 77190,1000,18
ac19_38355,YXYXyx,YYXXXXYxyXYYx,2,60856 95831,1000,15
ac19_38383,YXYXyx,YYXYxyyXXXYxx,2,60909 109579,1000,15
ac19_38384,YXYXyx,YYYYXXXXXXYxx,1,60916,1000,19
ac19_38390,YXXyx,YYYYXYXyxxyyyxx,1,60925,1000,17
ac19_38418,YXXyx,YYYYYXyXXyxyyX,1,60982,1000,13
ac19_38422,YXXyx,YYYYXyyXyxyXyXX,1,60993,1000,18
ac19_38426,YXYXyx,YYXYxxYxyyXXXYXyX,1,61004,1000,19
ac19_38434,YXyXXyx,YYxyxxxxxYX,4,61015 70219 80971 122976,1000,17
ac19_38444,YXYXyx,YYYYYxyyXXXYXyX,1,61033,1000,19
ac19_38445,YXYXyx,YYYxyXXyXYxYX,1,61036,1000,15
ac19_38453,YXYXyx,YYYxYxxyXyXXX,2,61049 80641,1000,19
ac19_38455,YXyXXyx,YYxxxYXYXyxyxxx,1,61051,1000,18
ac19_38457,YYXXXYx,YYXYYxYXXX,2,61054 95636,1000,14
ac19_38490,YXyXXXyx,YYxyxxyXXYx,1,61142,1000,17
ac19_38497,YXXXyxYx,YXXYxxyXX,2,61159 145275,1000,17
ac19_38502,YXYXyx,YYYYXyXYxyXXX,1,61180,1000,13
ac19_38525,YXYXyx,YYYYXYxyXXXyX,2,61215 154732,1000,17
ac19_38535,YXXyx,YYYYXyyxyyXXYX,3,61241 102459 104067,1000,9
ac19_38548,YXXYXXX,YYYYXyyyxyxxyx,1,61266,1000,16
ac19_38553,YXXYx,YYYYXXYYXYYxyX,2,61273 124894,1000,15
ac19_38560,YXXYx,YYYYXXyyxxYX,1,61287,1000,15
ac19_38598,YXyXXXyx,YYxyxxyXX,3,61376 126365 147103,1000,17
ac19_38605,YXXYxxyx,YYxxxxxyXXXYx,1,61384,1000,19
ac19_38616,YXYXyx,YYXYYXyyXyyxxxx,1,61403,1000,19
ac19_38617,YXXYx,YYYXyyyXYxx,4,61404 121662 122327 125285,1000,15
ac19_38621,YXYXyx,YYXyyXXXYYxyx,1,61412,1000,15
ac19_38637,YXYXyx,YYYxyXYXyyXyyxx,1,61438,1000,19
ac19_38638,YXYXyx,YYxYxYXyyXXYX,2,61450 94372,1000,19
ac19_38642,YXYXyx,YYXyXXXXXYxxx,2,61456 116599,1000,19
ac19_38646,YXyXXyx,YYYxyXyxxyX,3,61466 65304 107301,1000,15
ac19_38650,YXYXyx,YYYYXyyxyyXyxxx,1,61471,1000,19
ac19_38656,YXYXyx,YYYXXXXXyxyyxYx,1,61487,1000,19
ac19_38663,YXYXyx,YYXXYxxxYXyXXyX,1,61499,1000,19
ac19_38668,YXYXYx,YYXyyXyxxyyXYYx,1,61511,1000,19
ac19_38672,YXXyx,YYYYYXyxyyyxxx,2,61521 126701,1000,18
ac19_38683,YXXyx,YYXyxxyyXyXXXXYX,2,61541 133271,1000,20
ac19_38695,YXXyXyx,YYYxyXXyxyX,1,61563,1000,14
ac19_38699,YXYXyx,YYYXyXyyXXYxx,2,61572 64731,1000,17
ac19_38704,YXXyx,YYYYXyyxyyXyyXYX,1,61582,1000,19
ac19_38738,YXyXXyx,YYXXXyXYxyxYxyxyx,1,61647,1000,18
ac19_38740,YXXyx,YYYYYXyyyxxxxxyx,2,61652 114038,1000,20
ac19_38759,YXYxyx,YYYXyxyxYYxxx,1,61698,1000,15
ac19_38764,YXYXyx,YYYXXXXyxyXyxxx,2,61706 144238,1000,19
ac19_38767,YXXX,YYYYXyxyyxyyXYx,1,61717,1000,19
ac19_38820,YXYXyx,YYYYYXyXyxyXyxx,1,61807,1000,17
ac19_38830,YXXyxYx,YYYYYxxYX,3,61825 63568 77392,1000,16
ac19_38860,YXXXyXyX,YYYxxxyxxyX,1,61884,1000,15
ac19_38872,YXYXyx,YYYYxYXyyyyXX,2,61911 142299,1000,19
ac19_38876,YXYXyx,YYxYXyXYXyXyyxx,1,61924,1000,19
ac19_38878,YXYXyx,YYYXYYYXXXXyX,1,61930,1000,17
ac19_38880,YXXYx,YYYxxyXXXyxyyx,1,61937,1000,15
ac19_38883,YXXYxxyX,YYXyxYXXXyx,1,61941,1000,15
ac19_38901,YYXXXyXYX,YYXXXXyxx,1,61980,1000,15
ac19_38904,YXXXYxx,YYXyXyxyx,1,61988,1000,16
ac19_38942,YXYXyx,YYYXyXyyyxYxx,2,62074 119994,1000,17
ac19_38944,YYXXXyx,YYYYYXyyXyX,1,62079,1000,14
ac19_38948,YXXyXYx,YYXXyxYXXXyxxyx,1,62091,1000,20
ac19_38951,YXyXXyx,YYYxyyxyX,3,62096 117133 118562,1000,15
ac19_38970,YXYXyx,YYXyXyyxxxx,4,62134 74053 75754 117486,1000,17
ac19_38982,YXXyx,YYXYXYxYXyyXyyXX,2,62153 142230,1000,15
ac19_38987,YXXYx,YYYXyXXYYxyx,2,62158 76592,1000,15
ac19_38991,YXYXyx,YYYYXyxyyXyXyxx,1,62168,1000,17
ac19_39001,YXXYx,YYYXXyyxyyxx,1,62189,1000,15
ac19_39011,YXXYx,YYYYXYXXyXYxx,1,62223,1000,15
ac19_39017,YXYXyx,YYXyXyyxxyxxx,2,62245 83544,1000,19
ac19_39026,YXYXyx,YYXXYXXyXYYxx,2,62257 148361,1000,15
ac19_39032,YXYXyx,YYYYxYXyyXXYxyX,3,62272 117167 118294,1000,19
ac19_39040,YYXXXXXyX,YYXXXXyXyxYX,2,62292 83139,1000,16
ac19_39042,YXYXyx,YYYXyxyXXyxxx,1,62296,1000,15
ac19_39060,YXYXyx,YYYYXYYXXyXXX,1,62338,1000,17
ac19_39064,YXYXyx,YYXXXXXXYYxYxyx,1,62346,1000,19
ac19_39071,YXXyx,YYYXyXyxyXyyXXYX,2,62365 78709,1000,15
ac19_39093,YXyXXXyx,YYYxyxYxxyx,2,62425 115015,1000,15
ac19_39106,YXYxyx,YYYXyXyxyxYxx,1,62454,1000,15
ac19_39113,YXYXyx,YYXYxyXyXyyxx,4,62468 114383 120610 141128,1000,15
ac19_39128,YXyXXXyx,YYYxyyXYxyXXXyXyX,1,62499,1000,19
ac19_39142,YXXyx,YYXYYxyxyxyyXyXXX,1,62532,1000,19
ac19_39147,YXXXXyxxYx,YXXXYxxxyXX,3,62538 90846 148435,1000,17
ac19_39152,YXYXyx,YYYYxyXyyXX,4,62549 76976 91086 107975,1000,15
ac19_39153,YXYXyx,YYYXyXyXXXYYx,2,62553 113524,1000,19
ac19_39163,YXXYx,YYXYxyyXXyxyx,1,62571,1000,15
ac19_39169,YXXX,YYYXYYXyyXyyX,1,62587,1000,17
ac19_39175,YXYXyx,YYYXyXXXXXYYxyx,1,62601,1000,19
ac19_39192,YYXXXyX,YYXYxyXXyXXX,1,62628,1000,17
ac19_39197,YXXYx,YYXXyyXYXYYxxx,1,62636,1000,15
ac19_39208,YXYXyx,YYYxxYXyxyXXyyX,1,62654,1000,17
ac19_39209,YXXYxYxx,YYXYxxYYx,1,62655,1000,17
ac19_39246,YXyXXyx,YYYxxxyyXX,1,62754,1000,17
ac19_39266,YXXXyxYx,YYXXYYXXX,4,62791 104871 119410 136332,1000,17
ac19_39272,YXYXyx,YYXyyxyXXXYYx,2,62802 105985,1000,15
ac19_39280,YXYXyx,YYXXyXXXYxyXYYx,2,62818 79054,1000,19
ac19_39281,YXYXyx,YYXXXyxyXXYYxYx,1,62824,1000,17
ac19_39288,YYXXXYx,YYxyxyXyXyx,1,62834,1000,17
ac19_39302,YXXyXyxx,YYYxyxxYX,2,62857 90882,1000,15
ac19_39316,YXYXyx,YYYXyyXXXXYxx,2,62883 83242,1000,19
ac19_39317,YXYXyx,YYYYXYYxxyyyXXX,2,62886 91531,1000,21
ac19_39318,YXYXyx,YYXyXXXXYxYYx,1,62887,1000,19
ac19_39319,YXyXYxx,YYYYxYXXXyx,1,62889,1000,15
ac19_39334,YXYXyx,YYYXYYxyXXXXX,1,62936,1000,19
ac19_39344,YXXyXYx,YYXXXyxyxxx,1,62956,1000,18
ac19_39356,YXXX,YYYXYYXyyyXYXyX,1,62981,1000,17
ac19_39368,YXXYxYxxx,YYXXyXyyxx,2,63003 152387,1000,18
ac19_39370,YXXyx,YYXYYxyXyyXXXXX,1,63012,1000,19
ac19_39399,YXXyx,YYYYXXXyxxyyxx,1,63069,1000,15
ac19_39400,YXXYx,YYXXyyXYxyxyxx,1,63072,1000,15
ac19_39407,YXYXXYx,YYXyxYYXXyx,1,63092,1000,17
ac19_39417,YXYXyx,YYXyXXyXXYYxx,2,63116 108670,1000,19
ac19_39424,YXXX,YYYYYXyxyyxxyyX,1,63128,1000,17
ac19_39427,YXYXyx,YYYxyyXyyXXYx,1,63133,1000,17
ac19_39431,YYXXYxyxx,YYYXyxxYYYx,1,63145,1000,18
ac19_39448,YXXX,YYYxYxyyxyyxyyx,1,63173,1000,19
ac19_39458,YXYXyx,YYYXYxxyXyXXX,2,63187 80424,1000,17
ac19_39466,YXYXyx,YYXXyXXYXYYxx,2,63204 87702,1000,19
ac19_39469,YXYXyx,YYYYxxyXXXX,3,63209 63500 71295,1000,17
ac19_39470,YXyXXXyx,YYXyxxyxYXXyx,1,63210,1000,17
ac19_39478,YXYXyx,YYXXXyXyyxxYx,2,63222 113440,1000,19
ac19_39521,YXXYx,YYYXYxyXXYXyx,2,63308 76445,1000,15
ac19_39523,YXXYx,YYXYxxyyxYXyX,2,63315 127355,1000,15
ac19_39540,YXyxYXXyx,YYYXXyxxyx,1,63343,1000,13
ac19_39541,YYYXXXYxx,YXYXXyxxx,2,63351 130509,1000,15
ac19_39544,YYXXYXXyyX,YYYxxyyxyyx,5,63359 64712 85657 143016 148846,1000,15
ac19_39553,YXyXXyx,YYxxyxyXXYXyX,3,63370 65476 153068,1000,17
ac19_39559,YXYXyx,YYYYXyXXXYxYX,1,63387,1000,17
ac19_39561,YYYXXXXX,YYXXXXyxxYX,1,63391,1000,15
ac19_39565,YXyXXyx,YYxxxyxyXYXYx,2,63401 79815,1000,17
ac19_39566,YXXX,YYYYYxyyXyyyx,2,63403 112588,1000,17
ac19_39572,YXXYx,YYYYXXyxyxYX,5,63419 65803 110473 121163 141136,1000,15
ac19_39574,YXyXXyx,YYXYxxYXyxxyyx,2,63422 117967,1000,17
ac19_39583,YYXYxxYXyyx,YYYXyyxYYXyyx,4,63437 93274 135470 154932,1000,14
ac19_39594,YXXYxxyx,YXyxYXyxxYx,2,63459 132811,1000,17
ac19_39595,YXXYx,YYXyyXYXYxyx,5,63460 80596 108930 131542 142520,1000,15
ac19_39608,YXYXyx,YYXXXyXXyxYxxYxyx,1,63480,1000,19
ac19_39620,YXXyx,YYYYXyyxyxxxxx,2,63503 156616,1000,17
ac19_39637,YYXXXyxyx,YYXXYXyXyx,1,63536,1000,16
ac19_39644,YYXXyxx,YYYYYxYXX,4,63553 89015 115324 139166,1000,16
ac19_39661,YXyXXyx,YYYxYxyxyxx,2,63588 80825,1000,17
ac19_39667,YXXyx,YYYXYXyyyxxyxyxx,1,63603,1000,20
ac19_39675,YXXX,YYXyyXYYXyyxx,2,63619 70198,1000,15
ac19_39696,YXYXyx,YYYXYxYxyXXXX,1,63660,1000,17
ac19_39699,YXXyx,YYYYXyyyxxyXyX,1,63668,1000,15
ac19_39718,YXYXyx,YYXYxyXyyXXyxxx,2,63706 79901,1000,17
ac19_39746,YXYXyx,YYYYYYXyxyXyXXX,1,63774,1000,19
ac19_39747,YXYXyx,YYYxYxyXyXX,4,63775 88023 131462 136114,1000,15
ac19_39755,YYXXXXXYx,YYYXXyXyxx,1,63784,1000,15
ac19_39756,YXXyx,YYYYXyxyyyxyxxx,1,63786,1000,19
ac19_39761,YXYxyx,YYYXyxyxYxYxx,1,63800,1000,15
ac19_39777,YYXXXXXXyx,YYXyXYxyxyx,3,63837 89609 91676,1000,16
ac19_39793,YYXXXXXyX,YXYXXXXyXX,2,63881 73629,1000,16
ac19_39802,YXYXyx,YYXXXyXXYxxxx,3,63895 142048 142352,1000,17
ac19_39824,YXYXyx,YYYYxxyyXXXYX,2,63950 107383,1000,19
ac19_39855,YXXXyXXYx,YXyxYXXXXX,4,64006 80782 98138 152225,1000,18
ac19_39869,YXYXyx,YYXXXyXyxYYxx,1,64039,1000,15
ac19_39875,YXXyx,YYYXYYYxyXyyyXyX,2,64055 129660,1000,18
ac19_39895,YXYXyx,YYYYXyxyXyXXXYx,2,64099 142251,1000,19
ac19_39911,YXYXyx,YYXYxxyXXyXyXYx,1,64141,1000,17
ac19_39948,YXXyx,YYYYXyyyyxYxxxxx,2,64223 110168,1000,19
ac19_39957,YXyXXyx,YYYxxyyxYxx,1,64239,1000,16
ac19_39981,YXyXXyx,YYYYxyyxxYXyXYxyx,2,64293 134133,1000,17
ac19_39996,YXYXyx,YYXXyXyyxxyxx,1,64322,1000,17
ac19_39999,YXYXyx,YYYYxYxyXyXXX,2,64328 150339,1000,19
ac19_40014,YXYXyx,YYXYxYYXXXyXX,3,64358 80535 142544,1000,17
ac19_40034,YXXyx,YYYYYXyyyyyXYX,2,64420 80214,1000,18
ac19_40035,YXXyx,YYYYXyyxyxyxxyxx,1,64427,1000,20
ac19_40039,YXYXyx,YYYYxYYXyXXyX,1,64432,1000,19
ac19_40048,YXYXyx,YYYxYXyyXXXYx,2,64450 140254,1000,19
ac19_40053,YXXyXyx,YYxyxxYXXXyx,2,64457 122823,1000,17
ac19_40065,YXYxyx,YYYxYxyxYYYxx,2,64485 111338,1000,15
ac19_40102,YXXyx,YYXYYXyyxyyxxYxx,1,64570,1000,20
ac19_40127,YXXXyXYx,YYXXyXXYX,2,64632 153192,1000,17
ac19_40132,YXYXyx,YYYYxYxyXXXYXyX,1,64648,1000,19
ac19_40138,YXyXXyx,YYxxyxxxYXX,2,64657 114362,1000,17
ac19_40151,YYYYXXXXX,YYYXXXXYXyx,1,64677,1000,15
ac19_40166,YXyXXyx,YYYXyxYYxyxYXyxyx,2,64707 104610,1000,16
ac19_40167,YXYxYXXYx,YYXXYXYxxyyXYx,1,64708,1000,21
ac19_40179,YXYXyx,YYYxyXXXYXXYx,2,64735 82760,1000,17
ac19_40192,YXYXyx,YYYXyXXyyyxxx,2,64756 110136,1000,19
ac19_40202,YXYXyx,YYXYYxxxyXXyX,1,64781,1000,17
ac19_40203,YYXXXyx,YYYxyXyyx,1,64782,1000,15
ac19_40211,YXXyx,YYXYYXyXyXyXXXX,2,64803 125324,1000,16
ac19_40214,YXYXyx,YYXXyyXXXYxYxyx,2,64809 116343,1000,17
ac19_40215,YXYXyx,YYxYXYxyXXyyXYx,2,64810 107682,1000,15
ac19_40218,YXXyx,YYYXXYXyyyXyyXX,2,64814 135726,1000,18
ac19_40221,YXYXyx,YYXyXyyXXYYxx,2,64818 79365,1000,19
ac19_40226,YXYXyx,YYXXyxxxYxxyXXXyx,1,64831,1000,15
ac19_40227,YXYXyx,YYXYxyXyXXyyxxx,2,64833 86839,1000,19
ac19_40228,YXXXXXyXXXYx,YXXyxxxxxyxxx,1,64836,1000,18
ac19_40233,YXXyx,YYYYXyXyxyyxyxx,2,64847 74340,1000,18
ac19_40234,YXYXXXX,YYYYXXXXXXXyX,2,64849 86539,1000,16
ac19_40240,YXYXyx,YYYxyXXyXyyxx,2,64862 78491,1000,17
ac19_40242,YYYXXXXX,YYYXYYXyyyX,1,64865,1000,17
ac19_40249,YXXyXyx,YYXyXyyxxYX,2,64878 90603,1000,14
ac19_40264,YXXYx,YYXyyxYxxyyX,2,64914 133358,1000,15
ac19_40265,YXyXXyx,YYYxxyXyxyX,3,64921 103108 148479,1000,15
ac19_40267,YXYXyx,YYXYYxYxyyXXX,2,64925 75776,1000,19
ac19_40287,YXYXyx,YYXyXyXXYxYYxyx,1,64979,1000,17
ac19_40312,YXXXXyXyx,YXXYxxxyxx,1,65053,1000,19
ac19_40316,YXXyx,YYYYXXXyyxyyyxxx,2,65066 117022,1000,18
ac19_40317,YXXyx,YYYXXYxyxyyxxxxx,2,65068 147975,1000,14
ac19_40318,YXYXyx,YYYXyxyXyXyxxYx,1,65069,1000,17
ac19_40322,YXYXyx,YYYXYxxYXyXXX,1,65076,1000,17
ac19_40327,YXXYxxyx,YXXXyxxxYxx,3,65091 68913 79179,1000,17
ac19_40342,YXyXXyx,YYYXyxxyXyx,2,65111 68034,1000,13
ac19_40370,YXYXyx,YYXYxyXXyyxxx,2,65187 69573,1000,15
ac19_40393,YXXyXYx,YYXyXYXyxx,1,65241,1000,15
ac19_40398,YXXyXyx,YYxxyxYXYxxx,1,65261,1000,14
ac19_40407,YXYXyx,YYYXyxyyXXyyxxx,1,65273,1000,19
ac19_40409,YXXXXyXyx,YXYxyxYxyx,1,65275,1000,15
ac19_40410,YXXYx,YYYXYXyyXXYxxx,1,65278,1000,15
ac19_40415,YXYXXYx,YYXYxYYXXX,2,65298 87456,1000,16
ac19_40420,YXXYx,YYYXYxyyxxyyyX,2,65311 108373,1000,15
ac19_40434,YXYXyx,YYYxYxyyxyXXyyX,1,65341,1000,17
ac19_40454,YXXyx,YYYXYxyXyyXXXXX,2,65394 144901,1000,16
ac19_40472,YXYXyx,YYYXXyxyXXXyxxx,1,65428,1000,17
ac19_40490,YXYxyx,YYXXyxYXyXyxx,1,65461,1000,15
ac19_40491,YXXXXYxYx,YYXyyXyxxx,1,65462,1000,16
ac19_40510,YXYXyx,YYYXyXXXYxYYX,1,65493,1000,15
ac19_40527,YXyXXyx,YYYxyxyxYxxYXyx,2,65529 153807,1000,17
ac19_40528,YXyXYxx,YYYXyXXyyxyx,1,65531,1000,15
ac19_40530,YXyXXyx,YYYxYxxyyxx,1,65534,1000,17
ac19_40538,YXYXyx,YYYxYXyXXYXyX,2,65549 110919,1000,17
ac19_40539,YXYXyx,YYXYxyXyXXyXYxx,2,65551 68165,1000,15
ac19_40550,YXXYxxyx,YYxYYxxxxxyXX,1,65578,1000,15
ac19_40569,YXXXXyxxYx,YXXYxxYXXXX,1,65616,1000,16
ac19_40577,YXYXyx,YYYXXXXyyxYYx,1,65633,1000,15
ac19_40594,YXXyx,YYYYYXyyXyxyXXX,2,65684 67402,1000,17
ac19_40616,YXYXyx,YYXXYxYxxyXyX,2,65732 139635,1000,15
ac19_40625,YXXyXyx,YYXyxxYxyx,1,65751,1000,17
ac19_40645,YXXyXyxx,YYYYxYxxxxx,2,65799 108949,1000,17
ac19_40651,YXYXyx,YYXXyyxxxyyxx,1,65810,1000,15
ac19_40660,YXYXyx,YYXYxxyXXyXXyxxYx,1,65832,1000,19
ac19_40670,YXYXyx,YYXXyXyXXYYxxyx,1,65861,1000,19
ac19_40684,YXXyxYxYxxxyX,YYxYxxyxYYxxyx,1,65887,1000,16
ac19_40698,YXYXyx,YYYYxYYXyXyXX,1,65917,1000,19
ac19_40712,YXXYxxyX,YYXXyxYXyxx,2,65946 149437,1000,15
ac19_40714,YXXyx,YYYXYYXyxxyyyXXX,2,65952 71311,1000,18
ac19_40715,YXYXyx,YYXXYYxYYxyXyyX,1,65953,1000,19
ac19_40717,YXXyx,YYYYYXyxxyyyXXX,2,65955 137146,1000,19
ac19_40719,YXYXyx,YYYxYxyyxyXXXyX,1,65963,1000,17
ac19_40722,YXYXyx,YYYXyXXyxyyxxYx,2,65967 150602,1000,19
ac19_40741,YXYXXXX,YYYYXXXyXyyx,1,66000,1000,16
ac19_40755,YXYXyx,YYxYxYXyxyXXyyx,1,66028,1000,17
ac19_40771,YYXXYxxyx,YYXyxYXyxYXyx,1,66072,1000,17
ac19_40781,YXXYx,YYXYYXyXXYXYxx,1,66091,1000,15
ac19_40784,YXYXyx,YYYxxYXyxyyXyXX,1,66097,1000,19
ac19_40820,YXYxYXXyx,YYXXYxxyyX,1,66185,1000,15
ac19_40824,YXYXyx,YYYXYxyXXyXXYxx,1,66194,1000,17
ac19_40826,YYXXyXYXXyX,YYXyXYYXyXyX,1,66196,1000,17
ac19_40863,YXyXXyx,YYYXyxyyx,3,66279 91383 107437,1000,16
ac19_40893,YYYXXXYYX,YYXYXXXYx,3,66341 69814 88196,1000,17
ac19_40908,YXYXyx,YYYXXXXyyyxYx,2,66375 122502,1000,19
ac19_40928,YXXX,YYYYXYxyyyxyXyx,1,66416,1000,17
ac19_40933,YXyXXXyx,YYxYxxyxxyX,1,66432,1000,17
ac19_40934,YXXyx,YYYYYXYXyxyyXyXyX,1,66436,1000,18
ac19_40942,YXYXyx,YYYxYxyXyyXXX,2,66452 97021,1000,19
ac19_40945,YXXyXyxx,YYYxxyXYxxx,1,66458,1000,17
ac19_40953,YXYXyx,YYYYYxyXXXyyx,1,66471,1000,15
ac19_40963,YXXYx,YYYxyyXYXyxyyx,1,66493,1000,18
ac19_41012,YXXyx,YYYXyyXXyyXXXX,1,66634,1000,18
ac19_41019,YXYXyx,YYYxYYXyxyXyXXX,2,66646 114441,1000,19
ac19_41020,YXyXXXyx,YYxyxyXXYxyXX,1,66647,1000,17
ac19_41045,YXYXyx,YYYXXXXXYxyXYYx,2,66696 103107,1000,19
ac19_41051,YXXX,YYYYxyyxxyyxyyx,1,66703,1000,17
ac19_41092,YYXXyxx,YYYYXYxxxyyX,1,66804,1000,14
ac19_41107,YXYXyx,YYXyXyXyxxxxxYX,1,66849,1000,17
ac19_41136,YYXXyxx,YYYYXYxYX,1,66917,1000,16
ac19_41141,YXYXyx,YYYxYxyyXXyyX,1,66927,1000,19
ac19_41164,YXYXyx,YYYYxyyyXXX,4,66983 98180 98656 127478,1000,17
ac19_41190,YXXXXYx,YYxyXXyxyx,3,67037 99149 112135,1000,17
ac19_41200,YXYXyx,YYXYYxxYXyXyX,2,67064 106816,1000,17
ac19_41222,YYXXYXyyx,YYXYxxyyXX,1,67098,1000,17
ac19_41240,YXYXyx,YYYYYYXyxyyXXXX,1,67150,1000,19
ac19_41277,YYXXYXXyx,YYXXXXXYx,2,67251 123288,1000,17
ac19_41299,YXYXyx,YYYYxYXyxyyXXyX,1,67302,1000,17
ac19_41300,YYXYxxyyX,YXyxxyXyx,1,67306,1000,18
ac19_41325,YXYXyx,YYXXyXXyXYYxx,2,67361 78405,1000,19
ac19_41336,YXXYxxyxx,YYxYxYxxyx,1,67389,1000,18
ac19_41338,YXXYxxyX,YYYxxyyxyyX,1,67395,1000,17
ac19_41339,YXYXyx,YYYxYXyyxyXXX,1,67398,1000,17
ac19_41354,YXXyx,YYYXYXyyyxxxxx,2,67423 68381,1000,18
ac19_41359,YXXyXyxx,YYYxYXyxyxx,1,67436,1000,17
ac19_41377,YXYXyx,YYXyxyXXXXYYxYx,1,67466,1000,19
ac19_41387,YXyXXyx,YYXYxyyxxYx,2,67485 79169,1000,17
ac19_41411,YXyXXyx,YYXXXyyXYxyXyyX,2,67543 109315,1000,17
ac19_41413,YXYXyx,YYXYxyyXXXXYx,1,67546,1000,15
ac19_41430,YXYXyx,YYYYxYYXyyyXX,1,67579,1000,19
ac19_41453,YXYXyx,YYYXyyXXyyxxx,2,67641 141227,1000,19
ac19_41455,YXYXyx,YYYYxyyXXyyxx,1,67644,1000,17
ac19_41480,YXXYx,YYYXXyXYxyxYX,2,67694 121642,1000,15
ac19_41497,YXXYx,YYXYXyyxYxxyX,3,67725 78458 85770,1000,15
ac19_41501,YXYXyx,YYYXyXyXXYYYx,1,67731,1000,19
ac19_41540,YXXyx,YYYYXyxyxyxyxxYx,1,67830,1000,19
ac19_41596,YXYXyx,YYYXyxyXXyXYYYx,2,67983 150158,1000,17
ac19_41599,YXYXyx,YYYxyXyXXyxyx,2,67990 122950,1000,15
ac19_41600,YXXXYxxxyx,YYxyXYxxxyX,1,67992,1000,15
ac19_41610,YXXXYxx,YYxyXXYXyx,1,68018,1000,16
ac19_41614,YXYxxyXyx,YYXXyxxxxx,1,68029,1000,18
ac19_41622,YXyXYxx,YYYYxYXXyxx,1,68055,1000,15
ac19_41626,YYXYxxxyx,YYYxxYxxyx,1,68066,1000,15
ac19_41629,YXXXX,YYYYxxyxyxyyyx,1,68079,1000,14
ac19_41634,YXXyx,YYXYXyyXyXXXXXYX,2,68092 105224,1000,20
ac19_41650,YXYXyx,YYXyyxyXyxYxx,1,68125,1000,15
ac19_41664,YXYXyx,YYXyXyXyxxxxx,2,68164 133432,1000,19
ac19_41668,YXXXX,YYYYxyyxxyxyyx,1,68173,1000,16
ac19_41677,YXXYxxyx,YYxxyXYXYxx,3,68198 74404 79896,1000,15
ac19_41684,YXYXXYx,YYXyXXYxxxyX,1,68214,1000,16
ac19_41685,YXyXXyx,YYYxYXyyxxx,1,68215,1000,17
ac19_41691,YXXyx,YYYYYXyxyyXyyxYx,1,68228,1000,18
ac19_41704,YXYXyx,YYXyyXXXYXYYx,2,68250 107224,1000,17
ac19_41705,YXYXyx,YYYYxxYXyxyyyXX,1,68251,1000,19
ac19_41722,YXXYx,YYYXXyyyxxYX,1,68286,1000,15
ac19_41755,YXXyx,YYXYYxYxyyXyyXXX,2,68354 150192,1000,18
ac19_41767,YXYXyx,YYYxxYXyxyXXX,2,68392 80904,1000,15
ac19_41768,YXyXXyx,YYXyyxxyXYX,2,68397 137648,1000,17
ac19_41781,YXYXyx,YYYXyXyXXXYxx,2,68421 90714,1000,17
ac19_41786,YXYXyx,YYXXXXyyxYxxx,2,68437 71066,1000,17
ac19_41805,YXXX,YYYXYYXYXyyyXyX,1,68490,1000,17
ac19_41812,YXXyx,YYXYYxyyXyxyyxxx,2,68508 133939,1000,18
ac19_41818,YXyXXyx,YYYXyyxxYxx,1,68522,1000,17
ac19_41820,YXYXyx,YYYXXXXXyyxxx,2,68525 82724,1000,19
ac19_41828,YXyXXyx,YYYxxyxyxYx,1,68543,1000,17
ac19_41829,YXYXyx,YYYXYxYXXXyyX,1,68544,1000,15
ac19_41832,YXXyx,YYYXYYxyyXyyXXX,2,68548 141873,1000,18
ac19_41838,YYXXXYX,YYYXXYYXyXX,1,68558,1000,15
ac19_41839,YXyXXyx,YYXXyxxxyXX,1,68560,1000,16
ac19_41840,YXyXXyx,YYXYxxxxxyx,1,68562,1000,16
ac19_41847,YXXyx,YYYYXyxxyXyyyx,1,68583,1000,15
ac19_41860,YXYXyx,YYXYxxYxyXyXX,1,68611,1000,17
ac19_41874,YXYXyx,YYYYXXXXyXYxx,2,68637 69522,1000,15
ac19_41876,YXyXXyx,YYxyxyXyXYX,2,68645 71451,1000,17
ac19_41890,YYXXyXyyx,YYxYxxyxYYxxyx,1,68690,1000,18
ac19_41895,YXXYXXXYx,YXyXYxYxyX,2,68722 71237,1000,14
ac19_41906,YXYXyx,YYXyXXXXYxYxx,1,68751,1000,19
ac19_41917,YXYXyx,YYXyxyXXyXYYx,2,68773 127178,1000,15
ac19_41935,YYYYXXXXX,YYYXXXXYXYX,1,68809,1000,15
ac19_41966,YXXyx,YYYYXXXyyyxxxxx,2,68870 71220,1000,19
ac19_41986,YXXyx,YYXYXYYXyyXyxyXXX,2,68917 85438,1000,18
ac19_41997,YXYXXYx,YYXyxxyXXyxx,1,68936,1000,14
ac19_42002,YXYXyx,YYYYXXXXyXXYx,2,68949 130098,1000,19
ac19_42011,YXyXXyx,YYXYxyyxYXyx,2,68972 77217,1000,15
ac19_42013,YXXyXyX,YYxyxxyxYXXyX,1,68974,1000,16
ac19_42015,YXXyx,YYYYYYXXXyXyXyXyyX,1,68978,1000,18
ac19_42016,YXYXyx,YYYXYYxxYXyXyXX,1,68980,1000,21
ac19_42026,YXYXyx,YYYXyXyXXYxYX,3,69006 103585 127348,1000,15
ac19_42028,YYXXXyxx,YYXXYXyXXYx,1,69010,1000,17
ac19_42036,YXXX,YYYXyyxyXYYXyyx,1,69024,1000,19
ac19_42047,YXyXXyx,YYXYxyXyyxYYxxx,2,69052 146089,1000,17
ac19_42054,YXYXyx,YYYXXyXXyyxxx,2,69062 95976,1000,19
ac19_42068,YXYXyx,YYXYxxyXXXyXXYx,1,69099,1000,19
ac19_42092,YXYXyx,YYYYYxxyyyXXX,2,69145 90436,1000,19
ac19_42102,YXXXX,YYYYXyyxyyX,1,69168,1000,16
ac19_42116,YXYXyx,YYYXyXyxyyxxx,2,69198 127676,1000,17
ac19_42125,YYXXXYX,YYXyxxxYXyXX,1,69213,1000,15
ac19_42126,YXyXXXyx,YYXYxyxYxyXyx,1,69215,1000,17
ac19_42128,YXXyx,YYYXXXyXyyXyyXXYX,2,69217 126942,1000,19
ac19_42145,YXYXyx,YYYxYXyyXXX,3,69253 118415 149902,1000,17
ac19_42149,YXXYx,YYXYYXyxYYXyyx,1,69263,1000,18
ac19_42151,YXYXyx,YYYXXXXyXYxxx,1,69265,1000,15
ac19_42162,YXXXyXYx,YXXYxxyXX,1,69283,1000,17
ac19_42170,YXYXyx,YYXXXyXYYxxYX,1,69301,1000,15
ac19_42173,YXYXyx,YYXyyXyxxxxYX,2,69307 112668,1000,15
ac19_42194,YXXXyxxYx,YYYYXXYxxx,1,69352,1000,16
ac19_42200,YYXXYYxYXyyx,YYXyyxYXyxYXyyx,1,69368,1000,17
ac19_42207,YYXXYxxyx,YYxYXXYxyx,2,69385 70790,1000,16
ac19_42258,YXXyXyx,YYxyxYYxyxx,1,69487,1000,18
ac19_42266,YXYXyx,YYXyXXXyXYYxx,2,69496 151466,1000,19
ac19_42279,YXYXyx,YYXyxyXyXXYYxYx,2,69533 95712,1000,19
ac19_42288,YXYXyx,YYYxxxYXXyyXX,2,69555 99986,1000,19
ac19_42301,YXyXXyx,YYxyxxxyXXX,1,69598,1000,17
ac19_42314,YXXX,YYXYXyyxYxyyx,2,69630 75618,1000,15
ac19_42319,YXYXyx,YYYXyxyXXyyxYxx,1,69644,1000,17
ac19_42329,YXYXyx,YYYxYxyxYXyyyXX,1,69666,1000,19
ac19_42333,YYXXyxx,YYXXXyXyyxxx,1,69670,1000,14
ac19_42348,YXYXyx,YYXyXYXXXXyXYxxYxyx,1,69701,1000,19
ac19_42353,YXYXyx,YYYYYYXyyXXyX,1,69716,1000,19
ac19_42387,YXXyx,YYYXXYxyyxyyxyxxx,1,69796,1000,19
ac19_42390,YXXyx,YYYXYYXyyXyXXXXyX,1,69799,1000,21
ac19_42414,YXyXXyx,YYXYxyxxxYXyx,2,69863 71188,1000,16
ac19_42427,YYXXyxxyX,YYxxyXXXXXX,1,69893,1000,18
ac19_42429,YXYXyx,YYYYxxyyXXXYYXX,1,69897,1000,19
ac19_42442,YXYXyx,YYXYxYxyXyXXX,2,69928 153313,1000,17
ac19_42471,YXYXyx,YYXyyXXXYxxYx,1,69999,1000,17
ac19_42475,YXYxyx,YYXyXXyyxYXyx,2,70008 112589,1000,15
ac19_42480,YXYXyx,YYYYXyXyyyyxx,2,70014 134064,1000,19
ac19_42481,YXYXyx,YYXXyXXYXYxYx,2,70015 113678,1000,19
ac19_42501,YXYXyx,YYXXXXyXXYYxxyx,1,70060,1000,19
ac19_42512,YYXYXyXYx,YXYxYXXyx,1,70084,1000,15
ac19_42516,YXXYx,YYYYXXyxyyxyyx,3,70089 83378 126421,1000,18
ac19_42540,YXXyx,YYYXYxyXyxyyxyxx,1,70143,1000,18
ac19_42555,YXXyx,YYXYYXyyXyXyXXYX,1,70175,1000,19
ac19_42556,YXYXyx,YYYXXYXyyyxxx,1,70177,1000,17
ac19_42557,YXXX,YYYYXyyXyXyyxYx,1,70180,1000,19
ac19_42560,YYXXYXX,YYXYxYXyXyX,2,70190 124854,1000,16
ac19_42565,YXYXyx,YYYYXyXXXYx,2,70196 119951,1000,15
ac19_42570,YXXyXyx,YYYXyXyxxx,2,70206 128695,1000,14
ac19_42587,YYXYYXyyX,YYXXXXyxx,1,70246,1000,18
ac19_42595,YXyXXyx,YYxyxxyxYXXYx,2,70266 144002,1000,17
ac19_42599,YXXyx,YYYXXYxxxyyyXX,1,70275,1000,13
ac19_42634,YXXyx,YYYYXXXyyxyyxyxx,1,70351,1000,18
ac19_42635,YYXXYXyyxx,YYYXXXYYXXX,1,70352,1000,21
ac19_42640,YXYXyx,YYYYXYxYXXXXX,2,70365 75663,1000,17
ac19_42646,YYXXXXXXYx,YYYXXXXXYXX,1,70378,1000,15
ac19_42655,YXYXyx,YYXXyXYYXXXYx,1,70391,1000,15
ac19_42659,YXYXXYx,YYXyxxyXyyx,4,70398 98427 103767 106158,1000,14
ac19_42669,YXXyx,YYYXyXyxyXXXXXYX,2,70421 126775,1000,19
ac19_42678,YXYXyx,YYYXYxxxyXXXyXX,1,70439,1000,19
ac19_42691,YXXYx,YYYXYYxyXYxyyX,3,70474 115337 151707,1000,18
ac19_42694,YXXYx,YYYXYYXyyyXYx,1,70480,1000,15
ac19_42715,YXXXYxxxyX,YYxxxYXXXXX,1,70524,1000,14
ac19_42732,YXXyx,YYYXyxyXyXXXXXYX,2,70567 146272,1000,19
ac19_42745,YXXYx,YYYXXyXXYXYYxx,1,70602,1000,15
ac19_42746,YXYXyx,YYXYxYxxyyXXX,2,70603 103294,1000,17
ac19_42768,YXXYxxyxx,YYXXyXyxxYxx,1,70647,1000,19
ac19_42774,YXXyx,YYXYXyXyyXXXXYX,2,70662 83371,1000,19
ac19_42792,YYXyxxxxyyX,YYXyxxYXXXXXX,2,70700 112890,1000,14
ac19_42803,YXYXyx,YYXyXXXXXYxxyXYYx,1,70734,1000,19
ac19_42805,YXXYx,YYYXYXXyxxYxyX,1,70737,1000,15
ac19_42816,YXYXyx,YYYxYXYxyXyXX,1,70761,1000,17
ac19_42818,YXyXXyx,YYXXyXXXXyxyxyx,2,70765 90555,1000,17
ac19_42822,YXYXyx,YYYXXXyyxxyxx,2,70771 122826,1000,17
ac19_42832,YXYXyx,YYYYxxxyyXXXX,1,70785,1000,19
ac19_42841,YXYXyx,YYXXYYxYYXXXX,1,70818,1000,17
ac19_42844,YXYXyx,YYXXXXyXYYxYx,4,70825 98797 128858 138600,1000,17
ac19_42846,YXYXyx,YYYXXXyxyXXyxxx,1,70828,1000,17
ac19_42847,YXXYx,YYXyxYXyyxxxyX,1,70836,1000,15
ac19_42879,YXYXyx,YYYYXyXXXXYYxyx,1,70906,1000,19
ac19_42886,YXXXYxx,YYYYYYXXXyx,1,70923,1000,17
ac19_42892,YXXyXyxx,YYYYYxYxyxx,1,70932,1000,17
ac19_42907,YXYXyx,YYXyXXXyyxxxx,2,70966 82986,1000,19
ac19_42908,YXXXXYx,YYXXXYYXXXyx,1,70968,1000,17
ac19_42918,YXYXyx,YYYYYYxyyXyXX,1,70990,1000,19
ac19_42942,YXYXyx,YYYXyXXyyxxYx,2,71063 76376,1000,17
ac19_42982,YXYXyx,YYYxYxyyxyXXyXX,1,71178,1000,19
ac19_43010,YXyXXXyx,YYXyXYXXyXyxYxyyX,1,71254,1000,17
ac19_43045,YXyXXXyx,YYXXyXYxyXyyX,2,71339 146467,1000,19
ac19_43052,YXyXXyx,YYXyXYXyyxyx,1,71351,1000,13
ac19_43057,YXYxyx,YYXYXXyyXyxxx,1,71367,1000,15
ac19_43068,YXXYxxyx,YYYxxYxyx,1,71397,1000,15
ac19_43069,YXyXXyx,YYxyxYxxxyXYxyXYX,1,71401,1000,17
ac19_43070,YXYXyx,YYYXXyXXXYxYxyx,1,71402,1000,17
ac19_43077,YXXyXyx,YYYxxxYXyyx,1,71415,1000,18
ac19_43087,YXYXyx,YYYXYxxxyXyyX,1,71439,1000,15
ac19_43091,YXXyx,YYXYYxyXyxyxxxxx,2,71445 101505,1000,14
ac19_43096,YXYXyx,YYXXXyyxxyxYx,1,71453,1000,17
ac19_43100,YXYXyx,YYXXYYxYXXyyX,1,71461,1000,15
ac19_43115,YXyXXXyx,YYXyXYXyXXXXyyxyx,1,71484,1000,19
ac19_43148,YXXYx,YYXYYxyyXYXyyx,1,71568,1000,18
ac19_43149,YXYXyx,YYXXyXXXYYxYX,1,71569,1000,17
ac19_43158,YXXyXyx,YYxyxxYXXyxx,1,71592,1000,15
ac19_43172,YXYXyx,YYYYxyxYXyXXX,2,71622 148991,1000,17
ac19_43181,YXXX,YYYXYYxyyXyxyyX,1,71639,1000,19
ac19_43183,YXyXXyx,YYXyXyxxxyxYXYXyx,1,71641,1000,17
ac19_43187,YXXyx,YYYXYXyxyyyxxxYx,2,71652 79285,1000,18
ac19_43189,YXYXyx,YYYXXXyXXXYYx,2,71661 107304,1000,19
ac19_43196,YXYXyx,YYYxxYYXyxyXyyX,1,71682,1000,17
ac19_43199,YXYXyx,YYXYxyyXyXyxxxx,2,71690 83918,1000,17
ac19_43200,YXyXXXyx,YYYxyyXyX,1,71694,1000,17
ac19_43209,YXXYx,YYXyxYYxyXXXyx,1,71716,1000,15
ac19_43219,YYXXYXXyX,YYXXXyyxYX,2,71751 145065,1000,18
ac19_43227,YXYXyx,YYXXyXXYXXXYYxx,1,71767,1000,19
ac19_43228,YXyXXyx,YYXXYxyXXyxYxyxyx,1,71771,1000,18
ac19_43232,YXYXyx,YYYXXXyXXXYxx,2,71784 135197,1000,19
ac19_43241,YXXYxxyx,YYXXXyXyyxxyx,1,71816,1000,17
ac19_43242,YXYxyx,YYXXyXyxYXyyx,2,71818 77952,1000,15
ac19_43247,YXXyx,YYYYXYXyyXyyXXX,2,71833 82231,1000,18
ac19_43254,YXXyx,YYYYXXXyyxyxyyxxx,2,71848 116109,1000,18
ac19_43257,YXYXyx,YYXXYxxYXXyyX,1,71855,1000,13
ac19_43269,YXXXXXXXXYx,YYXXXXXXXXyxxxx,1,71882,1000,15
ac19_43283,YXYXyx,YYXyXyyxxxxYX,2,71921 120902,1000,15
ac19_43298,YYXXXYXX,YYYYXyyyX,1,71952,1000,15
ac19_43300,YXYXyx,YYYXYYxYxyXyyXX,1,71956,1000,21
ac19_43305,YXyXXXyx,YYYxxyxxx,1,71967,1000,17
ac19_43325,YXYXyx,YYYYXXXXyxyxx,2,72008 129981,1000,17
ac19_43326,YXYXyx,YYYxYxyXXyyyX,2,72013 81275,1000,17
ac19_43338,YXXyx,YYYYXyXyyyXyxxxx,1,72037,1000,19
ac19_43353,YXYXyx,YYXyXyXyxxYxxYX,1,72078,1000,17
ac19_43363,YXYXyx,YYXYYXXXyyxxx,1,72098,1000,15
ac19_43364,YXYXyx,YYYXYxyyXXXyxxx,1,72102,1000,17
ac19_43367,YYXXXyxx,YXXyxxYXXyxxx,4,72109 76631 106594 147456,1000,14
ac19_43369,YXYXXXX,YYYYXYXyyyyX,2,72114 154527,1000,18
ac19_43384,YXXYxxyX,YYYXXYxYXXX,2,72148 127158,1000,15
ac19_43386,YXyXXyx,YYYxxYXXyxxyx,2,72150 97111,1000,16
ac19_43407,YXXyx,YYXyyxyxxxxYxYx,2,72199 138553,1000,19
ac19_43412,YYXYYXXYYXX,YYXXXYYxYXX,1,72214,1000,19
ac19_43427,YXYXyx,YYXyXYXyyxxxx,1,72254,1000,15
ac19_43441,YXYXyx,YYYxYXyXXyxyx,2,72286 82858,1000,15
ac19_43458,YXXyx,YYYXyyxxyyXXXXYYX,1,72308,1000,19
ac19_43481,YYXXXYxYX,YYXXYxyXyx,1,72360,1000,17
ac19_43500,YXXyx,YYYXyXyxyxyxyxYx,1,72399,1000,17
ac19_43505,YXYXyx,YYXXXyyXXYYxxyx,1,72415,1000,19
ac19_43511,YXYXyx,YYXyyXXyxxxYx,2,72425 99850,1000,17
ac19_43521,YXXyx,YYXYxyXyXyXXXXXYX,2,72442 89257,1000,20
ac19_43528,YXYXyx,YYYXyyXyyxxxxyxyx,1,72454,1000,19
ac19_43549,YXYXyx,YYYxxYYXyXyyX,2,72508 109633,1000,17
ac19_43552,YXYXyx,YYYYxyXXyyXYx,4,72511 116734 129356 144067,1000,15
ac19_43555,YXYXyx,YYXyXXXyyxxYx,1,72522,1000,19
ac19_43560,YXXyx,YYYXYXyyxyyxxxyx,1,72534,1000,19
ac19_43563,YXYXyx,YYXyXXXYXYxYx,1,72547,1000,19
ac19_43570,YXYXyx,YYYYxyxYxyXXyXX,1,72561,1000,19
ac19_43578,YXYxyx,YYXXyyXyxxx,2,72583 86810,1000,15
ac19_43592,YYXXXYxx,YYYxxYXyyXX,1,72612,1000,13
ac19_43595,YYXXyxxyX,YXXXXyXyX,1,72616,1000,17
ac19_43606,YXXyx,YYYXXYYXyxyyxyxx,1,72644,1000,18
ac19_43611,YYXXXYx,YYxYxYXYXXXX,1,72661,1000,17
ac19_43615,YXXYxxyx,YYxyXYxyxYxyX,1,72671,1000,15
ac19_43618,YXYXyx,YYYYYYxyXXyyX,1,72677,1000,17
ac19_43620,YXYXyx,YYYxyXXXyXyxYxx,2,72680 154000,1000,19
ac19_43629,YXYXyx,YYYYYxyyxyyXXXX,1,72697,1000,19
ac19_43645,YXXYxYxx,YYXyxxyyX,3,72737 117112 153011,1000,15
ac19_43651,YYXXyxx,YYYYXYYYXYx,1,72756,1000,17
ac19_43671,YXYXyx,YYYxYxyXXyX,7,72800 101502 105008 114368 130817 131293 136502,1000,15
ac19_43672,YXXXX,YYYYXYXXyyyxyX,1,72801,1000,14
ac19_43713,YXYXyx,YYXXyxyXXXYYxYx,2,72891 106334,1000,19
ac19_43741,YXYXyx,YYYXyXyXXYYYxyx,1,72951,1000,19
ac19_43744,YXYXyx,YYYXyyyXyxYxx,1,72960,1000,17
ac19_43752,YXXyXYx,YYXXXyxxyxx,2,72973 137582,1000,18
ac19_43761,YYXXXXyxxx,YYXyXXXYxYx,1,72997,1000,17
ac19_43763,YXYXyx,YYYXXXyXyXYxx,3,73002 153735 156008,1000,15
ac19_43768,YXyXXXXyx,YYXyyxYXyxx,2,73017 117530,1000,18
ac19_43777,YXXyx,YYYYYXyyxyyyXyX,1,73036,1000,19
ac19_43779,YXXX,YYYYYXyxyXyxyyX,1,73040,1000,17
ac19_43781,YXYXXYx,YYXYXyyXYxx,1,73042,1000,17
ac19_43792,YXXXyxYxx,YYXYxxxYXXX,1,73066,1000,17
ac19_43793,YXyXXXyx,YYXXyXYXyxxYxxyyx,1,73071,1000,17
ac19_43818,YXYXyx,YYYYYYXyxyXXXXX,1,73140,1000,19
ac19_43824,YXYXyx,YYXYxxyyXXXyyxx,1,73147,1000,17
ac19_43835,YXXXXYx,YYxyXXXyxxxyx,1,73162,1000,17
ac19_43855,YXYXyx,YYXXXyXXYYxYX,1,73208,1000,17
ac19_43888,YXyXXXyx,YYYxxyXXXyyxx,1,73291,1000,19
ac19_43894,YYXXXXYX,YYXXXXXyxYx,1,73302,1000,15
ac19_43903,YXYXyx,YYXyxyXyXXXYxYx,2,73323 112573,1000,19
ac19_43907,YXXyx,YYYXyxyyXXXXXXYX,2,73333 153899,1000,20
ac19_43910,YXYXyx,YYXXyXYxxxxYxyXXyXX,1,73338,1000,19
ac19_43917,YXXYx,YYXXyXYYxyxYX,3,73354 103151 117788,1000,15
ac19_43931,YXyXXyx,YYxxxyxxxYX,2,73378 89352,1000,17
ac19_43932,YXyXXXyx,YYXyxYxYXyxYxyxyx,1,73381,1000,19
ac19_43952,YXXYx,YYXXyyxyxxYXyx,1,73438,1000,15
ac19_43956,YXyXXyx,YYYXyxYYxxxxyx,2,73449 83628,1000,16
ac19_43959,YXYXyx,YYxyXXyXYXYxx,2,73455 112289,1000,17
ac19_43960,YXYXyx,YYXYxyyXXyxxx,1,73457,1000,15
ac19_43990,YXXyXyxx,YYYxYXXyyxx,1,73525,1000,16
ac19_43995,YYYYXXXXX,YYYXyyxyyx,1,73538,1000,19
ac19_44031,YXYXyx,YYYYYXyXXXXYXYxyX,2,73618 151082,1000,19
ac19_44037,YYXXXyXYx,YYYXXXyxyx,1,73625,1000,15
ac19_44040,YXYXyx,YYXXXXyXXYxYxyx,1,73631,1000,19
ac19_44064,YXXyXYx,YYXyXyxxyx,2,73694 141643,1000,11
ac19_44077,YXYXyx,YYXXXXyXyxxYxyx,1,73726,1000,17
ac19_44079,YXXXXyXXYx,YXYxxyXyxxyxx,2,73729 147313,1000,19
ac19_44080,YXYXyx,YYYYYYXXyXXXX,1,73731,1000,19
ac19_44088,YXYXyx,YYXyyXXXXYYxx,2,73742 112657,1000,19
ac19_44096,YXXyx,YYYYYXYxyyyyyX,3,73767 118581 134339,1000,17
ac19_44104,YXXyx,YYXYxyyXyXXXXYX,2,73789 133310,1000,19
ac19_44105,YYXXXXX,YYYYXYXyyyyX,1,73791,1000,19
ac19_44111,YXYXyx,YYYXXXYXyXYxx,1,73807,1000,15
ac19_44126,YXyXXyx,YYxyxxxyXYXXYxx,1,73832,1000,17
ac19_44128,YXYXyx,YYXYxYxYXXyXX,3,73839 84868 118379,1000,17
ac19_44135,YXYXyx,YYYYxYxyXXyXX,1,73861,1000,19
ac19_44136,YYXXXyyxx,YYXXyyxYxxx,2,73862 143344,1000,17
ac19_44158,YYXXXyX,YXyxxxxYXXXyx,1,73915,1000,16
ac19_44159,YXYXyx,YYYxxYxyXXXyX,2,73916 89753,1000,19
ac19_44162,YYXXXyxx,YYXYXXXXYYx,1,73922,1000,19
ac19_44167,YXYXyx,YYYXXXXYxyXYx,1,73932,1000,15
ac19_44169,YXYXyx,YYXyXYxYxYxyXXX,1,73938,1000,17
ac19_44203,YXYXyx,YYYXyXXyyxYYxyx,1,74022,1000,17
ac19_44205,YXYXyx,YYXYxxyyXXXYx,2,74026 112505,1000,15
ac19_44214,YYXXXyyxx,YYXXXXyyXYx,1,74060,1000,17
ac19_44241,YXXyx,YYYYYXYXyxxyyyyx,1,74119,1000,17
ac19_44251,YXXyxYx,YYYYXyxYX,3,74149 94225 105326,1000,15
ac19_44258,YXYXyx,YYYXYYXyXXyyXYx,1,74164,1000,15
ac19_44260,YXYXyx,YYXYxxYxyyXXX,1,74170,1000,17
ac19_44284,YXYXyx,YYYYXYYxyxxyXyXXX,1,74225,1000,21
ac19_44288,YXYXyx,YYYYxYXXyyXXX,1,74234,1000,19
ac19_44312,YXYXyx,YYYxyXyyXyyxx,2,74297 155190,1000,19
ac19_44344,YXYXyx,YYYxyXYXyXyXXYx,2,74377 104419,1000,17
ac19_44359,YXYXyx,YYXXXyXyyxYxx,2,74410 80405,1000,17
ac19_44381,YXXYXXyxx,YXyXyxxxxx,1,74462,1000,19
ac19_44389,YXXYxxyx,YXyXYXyxxYx,1,74474,1000,15
ac19_44391,YYXXyyXyx,YYxxxYxyx,2,74476 116603,1000,15
ac19_44394,YYXXyxx,YYxxYxYXXXX,1,74482,1000,18
ac19_44400,YXYXyx,YYYxxYXyXyXYX,2,74499 89036,1000,19
ac19_44405,YXYXyx,YYYYXyxyXXXYx,2,74512 149706,1000,15
ac19_44407,YXYXyx,YYYYXyXyxyXyxxx,1,74520,1000,19
ac19_44414,YXXYx,YYYYxyyXYXyyx,1,74538,1000,18
ac19_44431,YXYXyx,YYYXyXXyyxyxx,2,74581 142698,1000,17
ac19_44441,YXYXyx,YYXyyXYxYYxxYXyyX,2,74608 99098,1000,17
ac19_44446,YXYXyx,YYYYYXyxyXXXXYx,2,74616 125473,1000,19
ac19_44456,YXXYxxyX,YYYYXXYXXXX,3,74640 93883 122030,1000,14
ac19_44472,YXyXXXyx,YYxxyxyXX,4,74666 85153 111677 124028,1000,17
ac19_44474,YXYXyx,YYYXyxyyXXXYx,2,74670 131343,1000,15
ac19_44482,YXXYx,YYYXyXXYXyxYxx,1,74685,1000,15
ac19_44499,YXyXXyx,YYYYxyxyxYXXyXyx,2,74712 86290,1000,16
ac19_44503,YXYXyx,YYYYYXyxyXXyyxx,1,74731,1000,17
ac19_44506,YXXyx,YYYYYXyyyyyxYx,3,74736 90952 114833,1000,18
ac19_44509,YXXyx,YYXYYXyyXyXXXX,2,74742 104040,1000,18
ac19_44514,YXXyx,YYYXyXyxyXyXXXXX,1,74759,1000,19
ac19_44528,YXYXyx,YYYYYXyXXyXYx,1,74791,1000,17
ac19_44533,YXYXyx,YYXyXXyXYxxYxyx,1,74800,1000,15
ac19_44538,YXyXXyx,YYXXXyyXyyX,1,74816,1000,16
ac19_44540,YXXYxxyX,YYXXXXXXYxx,1,74819,1000,17
ac19_44546,YXXyx,YYYYYXyxxyyyyXYX,1,74831,1000,19
ac19_44553,YXyXXyx,YYYXXyxxyyx,2,74846 144529,1000,17
ac19_44557,YXYXyx,YYYXXyyxyyxxx,2,74852 120405,1000,17
ac19_44561,YYXXYXX,YYYXXYxYXyyyX,1,74868,1000,17
ac19_44567,YXYXXYx,YYxxxYXXyXX,1,74884,1000,16
ac19_44571,YXYXyx,YYYXXyXXXXYxx,2,74893 120819,1000,17
ac19_44583,YYXXyxx,YYYXYxxxxYXX,1,74935,1000,18
ac19_44599,YXXYx,YYXyXYXXyxYYxx,1,74975,1000,15
ac19_44612,YXXYx,YYYXyyxYXXXYxx,1,75005,1000,15
ac19_44623,YXXYxxyX,YYYXXyXYYXX,2,75034 111255,1000,15
ac19_44641,YYXXYxyXyx,YYXXYxYXXYX,3,75076 132586 137580,1000,15
ac19_44661,YXyXXyX,YYXXXyxxyxYXXyx,1,75153,1000,20
ac19_44664,YXYXyx,YYXyXXyXYXYxx,1,75158,1000,17
ac19_44679,YXyXXyx,YYXyxYxYXXyyxyx,2,75186 127095,1000,17
ac19_44686,YXXyXyxx,YYYxyxxYx,3,75202 81779 87295,1000,17
ac19_44691,YXYXyx,YYYXyxyXXXyxxxx,1,75208,1000,17
ac19_44717,YXXyx,YYYYYXyyyyxyXYXX,1,75267,1000,18
ac19_44718,YXXXyxYx,YYXYXXYXXyx,1,75268,1000,17
ac19_44739,YXYXyx,YYYYYxyXXyXyX,1,75324,1000,17
ac19_44748,YXYXyx,YYXYxxyXyXXyXYx,2,75339 142040,1000,17
ac19_44796,YXXyXyxx,YYYxxYXYxxx,2,75445 119080,1000,17
ac19_44803,YXXYx,YYYYxyyXyyyx,2,75458 117841,1000,15
ac19_44810,YXXYx,YYYxxyyXXYXyx,1,75469,1000,15
ac19_44813,YXYXyx,YYYxyxYXyXXyyyx,1,75475,1000,17
ac19_44872,YXXyXyxx,YYXyxxYYxxx,2,75604 141632,1000,17
ac19_44891,YXXYXXyx,YYYXXXyXX,3,75656 146991 147806,1000,17
ac19_44903,YXXXXX,YYYYXyyyxyx,1,75696,1000,17
ac19_44908,YXYXyx,YYYYxYxyyXXXX,2,75705 127929,1000,19
ac19_44913,YXXyXyx,YYXyxYxyxyX,2,75717 93923,1000,14
ac19_44921,YXXYx,YYYYXYYxyxyXyX,1,75736,1000,15
ac19_44938,YXyXXXyx,YYxyxxyXXYXyX,1,75773,1000,19
ac19_44949,YXXyx,YYYYYXyXyyXyXYxyXX,1,75809,1000,20
ac19_44971,YXXYx,YYYXXyXYXYxyx,2,75858 109615,1000,15
ac19_44977,YXYXyx,YYXYYXyXXyyxYxx,1,75871,1000,17
ac19_45000,YXXYxxyX,YYYXXyxYxyX,1,75921,1000,15
ac19_45005,YXXXyXYx,YYXyXYXYXyX,1,75935,1000,17
ac19_45011,YXXyx,YYYYYXyyyXXyXX,1,75945,1000,18
ac19_45016,YXYXyx,YYYYxxYXyxyXyXX,1,75959,1000,19
ac19_45019,YXXYXXyxx,YYXyXyxxxyxx,1,75963,1000,17
ac19_45037,YXYXyx,YYXYxxyXXXyyxYx,1,76027,1000,15
ac19_45051,YXXYxYxx,YYYYXyyxx,2,76062 110367,1000,17
ac19_45055,YXXYx,YYYYXXyyXYxx,2,76080 138707,1000,15
ac19_45056,YXYXyXXYXyX,YYYXyXXYXYXyXyyx,1,76081,1000,19
ac19_45066,YXYXyx,YYXXyyXXYYxxx,1,76107,1000,19
ac19_45071,YXYXyx,YYYYYXXyXXXYxYX,1,76120,1000,19
ac19_45076,YXXyx,YYYYXXYXyxyxyyxx,1,76134,1000,17
ac19_45084,YXYXyx,YYXyXyxyXyXYYxx,1,76161,1000,17
ac19_45098,YYXXyxx,YYYXYYYxYX,1,76191,1000,15
ac19_45107,YXYXyx,YYYYxxyXXXXYYXX,1,76206,1000,19
ac19_45109,YXYxyx,YYXyXXyyxYx,3,76213 109845 155251,1000,15
ac19_45112,YXXyx,YYYYYXyyxyxyxYXyxx,1,76220,1000,20
ac19_45118,YXYXyx,YYYXyyXXXyxxx,2,76231 98902,1000,17
ac19_45134,YXXYx,YYYXYXyxyyyXYx,1,76260,1000,15
ac19_45137,YXYXyx,YYYXYxyyXyyyxxx,2,76264 111943,1000,19
ac19_45141,YXXXYxx,YYYYYXXyXyxx,1,76272,1000,18
ac19_45149,YXXyx,YYYXyyyxxxxyxYYx,1,76286,1000,20
ac19_45163,YXYXyx,YYYxYYxyXXyXX,1,76325,1000,19
ac19_45173,YXXYxxyx,YYxYxyxyX,2,76356 86349,1000,17
ac19_45176,YXYXyx,YYXYYXyXXyXYxYx,1,76362,1000,17
ac19_45185,YXYXyx,YYXXyXXXYXYYx,2,76384 85421,1000,19
ac19_45198,YXXYx,YYYxxyyXXyyx,2,76409 125623,1000,15
ac19_45203,YXYXyx,YYXyXXXXYYxxx,1,76422,1000,19
ac19_45221,YXYXyx,YYYYxyXXXXyxx,1,76461,1000,15
ac19_45226,YXXXXyXYx,YXyxYXXXXX,3,76471 155280 156357,1000,16
ac19_45228,YXYXyx,YYYYXXXXXyXYx,1,76474,1000,17
ac19_45235,YXYXYx,YYXyxxyyXyyXYYx,1,76488,1000,19
ac19_45237,YXYXyx,YYYxxyxxyyXXX,1,76493,1000,17
ac19_45257,YYXXyxx,YYYYXYYxxyXX,1,76532,1000,18
ac19_45272,YXXYx,YYYYxYXyyyXYXyyx,1,76566,1000,18
ac19_45285,YXYXyx,YYYXyyyXXYYxx,1,76603,1000,19
ac19_45288,YXyXXyx,YYXyXYxYxyxyxyX,2,76611 109786,1000,17
ac19_45294,YXXYxxyX,YYYXXyXYX,3,76618 130136 149097,1000,17
ac19_45296,YXXyx,YYYYXyxyyyXyyxYx,2,76623 86982,1000,18
ac19_45301,YXYXyx,YYXXyXXyxxxxx,2,76639 108266,1000,19
ac19_45334,YXXyXyxx,YYYxYxyxxYX,1,76710,1000,11
ac19_45338,YXYXyx,YYYXYxYYXyXXX,1,76718,1000,17
ac19_45345,YXYXyx,YYYxxxYXyyXyX,2,76751 109816,1000,17
ac19_45350,YXXYx,YYXYYXYXXyyxx,2,76770 80921,1000,15
ac19_45353,YXyXXyx,YYXYxyXyyxYXYxyx,2,76777 82874,1000,16
ac19_45356,YXYXyx,YYYxYxyyXXyyx,3,76785 87713 114414,1000,15
ac19_45362,YXYxyx,YYXyXXyXYxyyx,1,76797,1000,15
ac19_45369,YXyXXXXyx,YYXyyXYxxyX,1,76811,1000,18
ac19_45371,YXXyxYx,YYYYXyXXYxyx,1,76814,1000,16
ac19_45378,YXYXyx,YYXXXyyXXYxYx,2,76840 82819,1000,17
ac19_45389,YXXYx,YYYXyyyXYxyxyx,1,76858,1000,18
ac19_45407,YXXXyXYx,YXYXyxYxyXX,1,76907,1000,17
ac19_45447,YXYXyx,YYYXXXyXXYxYxyx,1,77019,1000,17
ac19_45449,YXyXXyx,YYYxxxYxyxyxYX,2,77023 154599,1000,17
ac19_45450,YXYXyx,YYXYxxxxyXyyX,1,77027,1000,15
ac19_45455,YXyXXXyx,YYYxyxYxxyxYXyx,2,77034 93813,1000,17
ac19_45462,YXXyx,YYYYYXYxyyyXyXyX,1,77053,1000,18
ac19_45464,YYXXXYX,YYxxyXYXyX,3,77060 110031 126681,1000,16
ac19_45471,YXYXyx,YYYXyXyXXYxxx,1,77078,1000,17
ac19_45473,YXYXYx,YYYXyyyXyxYXXYYxYYx,1,77081,1000,19
ac19_45474,YXyXXXyx,YYXXXyXyxyx,2,77084 84002,1000,19
ac19_45490,YXYXyx,YYYXXyxyyXXyxxx,1,77132,1000,17
ac19_45503,YXXX,YYYYYXyyxyxyXyx,1,77156,1000,17
ac19_45519,YYYXXYXYX,YYYXXXXYx,1,77199,1000,17
ac19_45520,YYYXXXyxx,YXXyXyxxxx,1,77202,1000,19
ac19_45521,YXXyx,YYYXYYXyyXyyXXX,2,77203 148188,1000,18
ac19_45522,YXYXyx,YYYxxxYXyxyXXyX,1,77204,1000,17
ac19_45534,YYXXXXX,YYYYxyyxyyyx,1,77238,1000,18
ac19_45575,YXXYx,YYYXYXYXyXYYYx,1,77340,1000,15
ac19_45576,YXYXyx,YYxYXyXyyxyxx,2,77341 107094,1000,17
ac19_45578,YXXyx,YYYYXYXyyxyyXXX,2,77343 155141,1000,18
ac19_45580,YXyXXyx,YYXXYxxyXXyyx,1,77348,1000,15
ac19_45592,YXYXyx,YYXyXXyyxxxYx,2,77371 115789,1000,19
ac19_45608,YXXYXXX,YYYYxyyxyyyx,2,77403 145250,1000,19
ac19_45610,YXYXyx,YYYYXyxyyXXXYxx,2,77406 154267,1000,19
ac19_45631,YXyXXyx,YYYxYxyyxxx,2,77453 105365,1000,17
ac19_45636,YXXyx,YYYXyyXyyxxxxxx,2,77465 89267,1000,19
ac19_45646,YXXyx,YYYYXYxyXyyyXXX,1,77489,1000,19
ac19_45649,YXYXyx,YYYxyXyyXXyxx,1,77497,1000,17
ac19_45656,YXYXyx,YYXYxYxyyXXXX,2,77515 156507,1000,19
ac19_45662,YXXyx,YYYYXyXyyxyyxxx,2,77539 79566,1000,19
ac19_45670,YXYxyx,YYXyxYxxYxxyX,1,77564,1000,15
ac19_45674,YXYXyx,YYYYxYYXyXXXYxyyX,1,77573,1000,19
ac19_45683,YYXXyxx,YYYxYYxxYXX,1,77590,1000,18
ac19_45684,YYXXYXYYXXX,YYXYYXyXYYXXXyx,1,77594,1000,19
ac19_45687,YXYXyx,YYYxxYXyxyyXyyXYx,2,77599 86122,1000,19
ac19_45692,YXXyx,YYYXYXyxxyyyXyyXYX,1,77611,1000,18
ac19_45731,YXyXXXyx,YYYXyxyyx,1,77700,1000,17
ac19_45786,YXXyx,YYYYYXyyxyyXyyX,1,77818,1000,18
ac19_45799,YXYXyx,YYXYYxYYXyXXX,1,77855,1000,19
ac19_45811,YXXX,YYYYXyyXyyXYx,3,77891 93795 137550,1000,17
ac19_45823,YXYXyx,YYYxxYxyXyyXX,2,77922 85679,1000,19
ac19_45824,YYXXXYX,YXXXXyxYxx,1,77924,1000,16
ac19_45851,YYXXYx,YYYXyxyXyyx,1,77981,1000,17
ac19_45855,YXXyx,YYYYYXXYxyxyyyyx,2,77995 78109,1000,18
ac19_45865,YXyXXyx,YYYYxxyXXyyx,5,78026 91824 108475 112079 132935,1000,15
ac19_45881,YXyXXyx,YYxxyXyXYxyxyXYXX,1,78069,1000,17
ac19_45895,YXyXXyx,YYxyxYxxxxyXYXX,1,78100,1000,17
ac19_45898,YYXXXXyxx,YXYxYXyXX,2,78105 78511,1000,18
ac19_45912,YXXX,YYYXYYxyyxyyXyx,1,78138,1000,19
ac19_45920,YYXXXyx,YYXYxyyXYXX,2,78167 143700,1000,14
ac19_45921,YXYXyx,YYYXXXXyyxxYxyx,2,78169 81708,1000,19
ac19_45949,YXYXyx,YYYxxyXXXyyyx,2,78224 124941,1000,17
ac19_45950,YXYXyx,YYYXyxyXXYXXXXYYx,1,78228,1000,21
ac19_45957,YXXXYxYx,YYXYXyXyxxx,3,78249 105786 117749,1000,13
ac19_45969,YXYXyx,YYxYxyXYXyXyyxx,2,78269 149564,1000,19
ac19_45978,YXXYxxyxx,YYXXyxxYxxxxx,1,78292,1000,19
ac19_45979,YXyXXyx,YYXYxyXyxxYYxyx,2,78295 124625,1000,16
ac19_45995,YXYXyx,YYXyXXXXyxxxx,1,78331,1000,17
ac19_45998,YXYXyx,YYXyXXyyxYxYxYX,1,78341,1000,17
ac19_46029,YXXX,YYYYXXYxyyyxyyx,1,78416,1000,17
ac19_46032,YXYXyx,YYYxxxYXXyxyXyX,1,78423,1000,17
ac19_46047,YXXYx,YYYXXyxxxyyXYX,1,78467,1000,15
ac19_46053,YXXyXYx,YYXyXXyxYX,1,78480,1000,15
ac19_46054,YXXYxxyx,YYxxYxYxyXYxxyX,1,78482,1000,11
ac19_46064,YXyXXyx,YYxyXXyxyxxYX,1,78506,1000,16
ac19_46065,YXYXXYx,YYXXyxyXYYx,2,78512 118898,1000,16
ac19_46081,YXYXyx,YYYXyXXYXXXXYYx,2,78541 152602,1000,21
ac19_46102,YYXXyxx,YYYYXXYxYxYx,3,78574 86350 102527,1000,15
ac19_46112,YXYXyx,YYYXYxyXXyyXXYx,1,78602,1000,19
ac19_46156,YXYXyx,YYXYYXyyXXXYx,2,78712 118009,1000,17
ac19_46167,YXXyx,YYYYXYYXyxxyyyyx,1,78736,1000,18
ac19_46195,YXyXXXyx,YYxyxyXYxyXXX,1,78806,1000,17
ac19_46205,YXXyx,YYXYYXyyxyyXXXYX,1,78841,1000,19
ac19_46206,YXYXyx,YYYXYYxxYXyxyXyXX,1,78845,1000,21
ac19_46207,YXXyx,YYYYYXyyyyXyyX,1,78849,1000,18
ac19_46212,YXXyx,YYYXyyyXXyXYYX,1,78869,1000,17
ac19_46215,YXyXXyx,YYXYxyyxxx,2,78874 131596,1000,17
ac19_46232,YXYxyx,YYXyXyxxYYx,4,78912 107274 119715 133836,1000,15
ac19_46233,YXXyxxYXXXyxx,YYXXXyxxYXXXyX,1,78915,1000,20
ac19_46240,YXyXXyx,YYXyxxyyxYX,2,78933 92584,1000,17
ac19_46249,YXXyx,YYXYYXyXyxyXXXXX,2,78956 147033,1000,16
ac19_46257,YXYXyx,YYYXyyyXXYxYx,2,78973 135106,1000,17
ac19_46258,YXYXyx,YYYxyXXyXXYxx,1,78974,1000,17
ac19_46284,YXYXyx,YYYYYxyXyXyXX,2,79034 128192,1000,19
ac19_46288,YXYxyx,YYXYXyyXyxYxx,1,79042,1000,15
ac19_46290,YXYXyx,YYXYxyXXyyXyyxYYx,1,79045,1000,19
ac19_46298,YXXyx,YYYXyyXXyXyXXXX,1,79069,1000,19
ac19_46302,YXXYXXyx,YYXYxyXXXyx,1,79076,1000,17
ac19_46324,YXXXX,YYYYYXyyxyyyX,1,79144,1000,18
ac19_46342,YXYXyx,YYYxYYXyxyXyyXX,2,79185 109229,1000,19
ac19_46345,YXYXyx,YYYxyXXYXyXYx,1,79192,1000,15
ac19_46348,YXYXyx,YYYXYxyyXXyyyxx,1,79198,1000,19
ac19_46349,YXYXyx,YYXyyXyyxYxxxYX,1,79199,1000,19
ac19_46356,YXYXXYx,YYXYYXyXXYx,2,79212 147707,1000,14
ac19_46357,YXXyx,YYYXYxyxyyxyxxYx,1,79225,1000,18
ac19_46362,YXyXXyx,YYxyxyxYXyxYYxx,1,79237,1000,15
ac19_46363,YXXXyXyxxx,YYYXYxYxxxx,1,79238,1000,17
ac19_46365,YXXyXyxx,YYYxxxYxyXX,1,79244,1000,17
ac19_46366,YXXyXYx,YYxyXXYXX,3,79245 135220 151712,1000,16
ac19_46369,YXXYx,YYXYXXyxYYxyX,2,79254 134092,1000,15
ac19_46371,YXYXyx,YYYYYXYxyXXyyyXyx,1,79256,1000,17
ac19_46397,YXXYx,YYYXYYXYXXyxx,3,79315 95979 147535,1000,15
ac19_46400,YXYXyx,YYYYxyxYYXyXyXX,1,79322,1000,19
ac19_46401,YXYxyx,YYYxYYxxYYxyx,2,79324 110827,1000,15
ac19_46402,YXYXXYx,YYYXYxYXXX,2,79331 106189,1000,14
ac19_46403,YXyXXyx,YYXYxyXXyxyxx,1,79332,1000,17
ac19_46408,YXyXXyx,YYXYxxyyxyX,2,79347 88756,1000,16
ac19_46434,YXYXyx,YYXYYXXXXXYYx,1,79434,1000,17
ac19_46444,YXYXyx,YYXyyXyyxxx,5,79454 91685 105391 135351 137114,1000,17
ac19_46452,YXYXyx,YYXyyXXXYxxxx,1,79476,1000,17
ac19_46458,YXXYx,YYXYXyxYxyyX,4,79487 90635 96746 110497,1000,15
ac19_46461,YYXXYxxyx,YYxyXYXyx,2,79493 149643,1000,16
ac19_46471,YXyXXyx,YYYxyxxyxYYxxx,1,79522,1000,17
ac19_46479,YYXXXyXX,YYXyyXYYXyX,1,79546,1000,18
ac19_46486,YXXX,YYYYXyyXYXYXyyX,1,79561,1000,17
ac19_46488,YXYXyx,YYYxyXyXXYxYX,1,79563,1000,15
ac19_46509,YXXYx,YYXXyyxYxxyyX,1,79632,1000,15
ac19_46522,YXYXyx,YYYXyXXXXYxYx,1,79665,1000,17
ac19_46534,YXyXXyx,YYxxyXyxyxYXX,2,79692 83841,1000,17
ac19_46550,YYXXyxx,YYYXYxxyXYX,1,79742,1000,15
ac19_46572,YXXyxYx,YYYYYxxyyX,1,79818,1000,16
ac19_46588,YXXyx,YYYYXyyXyyxxxxyx,1,79860,1000,18
ac19_46590,YXyXXyx,YYxxYXXXyxyxyXX,1,79874,1000,18
ac19_46598,YXXXXyXXYx,YYXXyXXYxxyXX,1,79899,1000,19
ac19_46604,YXXX,YYYYXyxyyxYxyyX,1,79914,1000,19
ac19_46610,YXYXyx,YYYYYxYXyXyXX,1,79929,1000,19
ac19_46619,YXyXXyx,YYXYxyyxYXyxYXyx,1,79954,1000,16
ac19_46624,YXYXyx,YYXyxyXXXYYxx,2,79964 104442,1000,15
ac19_46630,YXYXyx,YYYYXyxyXyyXXYx,1,79987,1000,17
ac19_46640,YXXYxxyX,YYXXYxYXXyX,3,80007 103932 155178,1000,14
ac19_46649,YYXXXyX,YYYYXyyxyyx,1,80030,1000,15
ac19_46662,YXYXyx,YYYXXYxxyyXXX,1,80057,1000,15
ac19_46664,YXyXXyx,YYYXXyxxyx,2,80060 113050,1000,16
ac19_46676,YXXyx,YYYYXYXYxyXyXyyXyX,1,80087,1000,19
ac19_46695,YXXyx,YYYXYxYXyyxyyXXXX,1,80127,1000,19
ac19_46699,YXyXXXyx,YYXyXXYxxyxyx,2,80133 140916,1000,17
ac19_46701,YXyXXyx,YYYXyXXXyyxxx,1,80136,1000,17
ac19_46721,YXXyx,YYYXYYYXyyXyyXyX,2,80189 98101,1000,19
ac19_46728,YXXX,YYYXYYxyxyyXyyX,1,80206,1000,17
ac19_46732,YXXyx,YYYYXyyxyyxxxyx,1,80213,1000,17
ac19_46738,YXyXXyx,YYYxyyxxYXyX,1,80234,1000,15
ac19_46754,YYXXXXXyx,YXXXXXXXXYx,1,80269,1000,15
ac19_46771,YXYXyx,YYXyxyXyXXYYx,2,80303 151989,1000,15
ac19_46774,YYXXXXyxxYX,YXXXXyXXYxxxx,1,80308,1000,15
ac19_46782,YXYXyx,YYXyyXyyxxxYX,1,80348,1000,15
ac19_46790,YXYXyx,YYXYxyyXyXXXYxx,1,80368,1000,17
ac19_46800,YXXyx,YYXYXyXyyXyyXXYX,2,80385 88296,1000,19
ac19_46815,YXYXyx,YYXYxYYXyXXyX,1,80429,1000,17
ac19_46819,YXYXyx,YYYXyXXXyxxYx,1,80439,1000,17
ac19_46820,YXXyx,YYYXXYYxyyxyxyxx,1,80440,1000,19
ac19_46834,YXXYx,YYYXYYYXXYYxyX,3,80476 93222 119356,1000,15
ac19_46836,YXyXXyx,YYxYXyxYxyxyxYX,2,80481 87867,1000,17
ac19_46858,YXXYx,YYYXXyyXXYYxx,2,80533 102583,1000,15
ac19_46871,YXXyx,YYYYXXYxYxyyXyyXyX,1,80573,1000,18
ac19_46881,YXYXyx,YYYYXyXXXXXYxYX,2,80593 123046,1000,19
ac19_46895,YYXXXXYX,YYxxyXXyXYX,1,80630,1000,14
ac19_46918,YXYXyx,YYXXXXyyxxYxx,2,80688 132503,1000,17
ac19_46919,YXYXyx,YYYYYYXyXXXYYXX,1,80690,1000,19
ac19_46928,YXXYx,YYYXYXyyxxxyX,1,80718,1000,15
ac19_46934,YXYXyx,YYYYYYXYYXXyXXX,2,80734 116393,1000,21
ac19_46935,YXXyx,YYYYYXyXyXyyxxxx,1,80737,1000,19
ac19_46939,YYXXXXX,YXYxYXyXXyx,2,80749 113470,1000,15
ac19_46944,YXyXXXyX,YYXXyXYxyxyxx,1,80774,1000,17
ac19_46957,YXYXyx,YYXXyyXYXXYxx,2,80803 115699,1000,15
ac19_46974,YXYXyx,YYXyxyXyyXyxYxx,1,80848,1000,17
ac19_46985,YXXyx,YYXYxYXyyXyXXXXX,1,80877,1000,20
ac19_46991,YXYXyx,YYXyXXXyXYxxx,2,80891 140170,1000,15
ac19_46995,YXYXyx,YYYXyyXXyxxxx,2,80900 145296,1000,19
ac19_46998,YXYXyx,YYYXXXyXyxxxxyx,1,80907,1000,19
ac19_47002,YXyXXyx,YYxyXXXyXYXyxyxyX,2,80913 89620,1000,16
ac19_47020,YXXXyxYxx,YYYxxYYXXX,1,80972,1000,17
ac19_47021,YXyXXyx,YYxxyXyxxyxYXYXyX,1,80974,1000,19
ac19_47064,YXYXyx,YYYxyXXYxyXXX,2,81082 130591,1000,15
ac19_47065,YXYXyx,YYxYYxyxYXyXyXX,2,81083 92052,1000,19
ac19_47069,YXYXyx,YYYYxYXyXXXYYXX,1,81098,1000,19
ac19_47075,YXyXXyx,YYYxYxyxxyx,2,81116 85617,1000,17
ac19_47087,YXYXyx,YYYYXXyXXXXYxYX,2,81140 120653,1000,19
ac19_47103,YXXyx,YYYXyyXyXyxxxxYYx,1,81169,1000,20
ac19_47117,YXYXyx,YYYYxxyXXXXYX,1,81205,1000,19
ac19_47152,YXYXyx,YYXYYxxyyXXXX,2,81274 81559,1000,19
ac19_47154,YXXyXyx,YYxyXYxxxyXX,2,81280 107258,1000,15
ac19_47157,YXYxyx,YYYXXYYxyyxxx,1,81284,1000,15
ac19_47160,YYXXyXyxx,YYxxyXXyxyxx,2,81297 83561,1000,19
ac19_47184,YYXYxYXXYx,YYXXYYxYXYx,1,81349,1000,17
ac19_47187,YXXyxYx,YYYYxYYXX,1,81359,1000,16
ac19_47190,YXYXyx,YYYYxyyyXXXYxyX,1,81369,1000,19
ac19_47208,YYXXXYXX,YYYXXyXYxyX,1,81409,1000,17
ac19_47214,YXYXyx,YYYYYYXyXXyyx,1,81421,1000,15
ac19_47217,YXyXYxx,YYXYXYYXYxx,1,81431,1000,15
ac19_47230,YXyXXyx,YYXYxYxxyyx,4,81460 84616 99743 143707,1000,15
ac19_47243,YXXX,YYYXYXYYXyyyXyX,1,81483,1000,17
ac19_47245,YXYXyx,YYYYxxyyxyXXX,1,81488,1000,17
ac19_47249,YYXXyxx,YYYYxxYXYYXX,1,81497,1000,18
ac19_47250,YXyXXyx,YYXXyyxyxYx,2,81500 118069,1000,17
ac19_47251,YYXXXXyx,YXyxxYXXXyx,3,81503 139675 150472,1000,15
ac19_47255,YXYXyx,YYYYXyxyXyXXYYx,2,81514 149074,1000,19
ac19_47256,YXXX,YYYYYXyyyxyyyxx,1,81518,1000,15
ac19_47270,YXXX,YYYYxYXyyXyyXyx,1,81546,1000,19
ac19_47273,YXXYx,YYYxxYXyyXXXyx,1,81550,1000,15
ac19_47290,YXyXXyx,YYYXyxyXyxx,2,81601 151939,1000,17
ac19_47295,YXYXyx,YYXXXyXXYxyXYYx,1,81609,1000,17
ac19_47300,YXYXyx,YYYxxYxyXXyXX,2,81617 122413,1000,19
ac19_47311,YXXYx,YYXYYXXyxYxyX,1,81654,1000,15
ac19_47318,YXYXyx,YYYXYxyyyXyXXYx,1,81678,1000,19
ac19_47341,YXYXyx,YYYXXXyyxYXyxxx,1,81731,1000,17
ac19_47358,YXYXXYx,YYXyyxxYXX,3,81766 115219 121926,1000,16
ac19_47363,YXyXXXyx,YYXyXyyXXYxyXYxyX,1,81775,1000,19
ac19_47367,YYXXXYX,YYxyXXyyxx,1,81781,1000,16
ac19_47405,YXYXyx,YYYXXXXXYYxYX,1,81853,1000,17
ac19_47419,YXYXyx,YYYYxYYXyyXXX,1,81893,1000,19
ac19_47431,YXXYx,YYXYYXXXYYxxYX,1,81918,1000,15
ac19_47444,YXXYxxyxx,YYXXyxyxYx,1,81950,1000,18
ac19_47446,YXYxyx,YYXyXyxYXXyyx,1,81957,1000,15
ac19_47452,YYXXXXYX,YYXyXXXYx,1,81971,1000,17
ac19_47454,YXXYxxyX,YYxxyxyXXyx,1,81974,1000,15
ac19_47463,YXYXyx,YYYxyxYYXyXXyyX,2,81989 139372,1000,17
ac19_47465,YYXyxYXXyx,YXXyxxYXXyxxx,4,81991 100394 134698 151888,1000,14
ac19_47472,YXYXyx,YYYYXXXXYYxyX,2,82001 99751,1000,15
ac19_47475,YXXyx,YYYYXyxyyXyXyXX,2,82010 143797,1000,16
ac19_47489,YXXX,YYXyyXYYXyX,3,82046 100873 152482,1000,15
ac19_47494,YXXYx,YYYYXYYXXyx,4,82066 118626 154882 155299,1000,15
ac19_47531,YXYXyx,YYXyXXyxyxYxx,1,82160,1000,17
ac19_47534,YXYXyx,YYXyXyyxYxyxx,1,82164,1000,15
ac19_47551,YYXXXYxx,YYYYXYYXXYx,1,82213,1000,19
ac19_47570,YXYXyx,YYYYxyxYxyXyyXX,1,82261,1000,19
ac19_47603,YXYXyx,YYYXXyyXXYxxx,1,82333,1000,17
ac19_47605,YXXYxxyx,YYXyxYxYXyx,2,82339 131578,1000,19
ac19_47622,YXYXyx,YYYYxyXyyXXYx,1,82376,1000,19
ac19_47634,YXYXXXX,YYYXYXXyyyx,1,82405,1000,13
ac19_47657,YXYXyx,YYYYYYXyXXXYXyX,2,82477 100210,1000,19
ac19_47660,YXXyXYx,YYXYXXyyxyx,2,82484 147304,1000,15
ac19_47668,YXyXXXyx,YYYxyxxyX,2,82497 141460,1000,17
ac19_47687,YYXXYYXXX,YYYxyyXyyx,1,82541,1000,19
ac19_47694,YXXYxxyx,YYxYxxxyXXX,2,82563 153902,1000,17
ac19_47703,YXYXyx,YYXYxxyyXyXXXYx,1,82593,1000,19
ac19_47704,YXYXyx,YYXXyXyXXYYxx,2,82595 95364,1000,19
ac19_47716,YXYXyx,YYXXyxyXXXYxYYx,2,82615 113261,1000,17
ac19_47717,YYXXXYx,YYXYYXyXyxyx,1,82619,1000,16
ac19_47722,YXYXyx,YYXXXXyXYxxxx,1,82631,1000,15
ac19_47723,YXyXXXyx,YYYxyxYxyyx,2,82633 131515,1000,19
ac19_47753,YXXyx,YYYYXyXyXyyyxxxx,1,82728,1000,19
ac19_47756,YXXX,YYYXYXyyyXYYXyX,1,82742,1000,17
ac19_47760,YXYXyx,YYYYXXyyXyxxx,2,82752 102162,1000,17
ac19_47769,YXyXXyx,YYXYXyyXyxx,2,82772 115959,1000,17
ac19_47793,YXYxxYXyx,YYxyXYYxyXYx,3,82845 128614 151626,1000,18
ac19_47797,YXXYx,YYYXYXyXXYxyxx,1,82852,1000,15
ac19_47800,YXYXyx,YYYXXyXyyxxxx,2,82859 83828,1000,19
ac19_47806,YXYXyx,YYYXYxyyXyXXYYx,1,82867,1000,19
ac19_47807,YXyXXXyx,YYXyXYXyxYxxyyX,1,82871,1000,17
ac19_47817,YXYXyx,YYXYxxyXyXyXYYx,1,82895,1000,17
ac19_47818,YXYXyx,YYXXyyXXYxYxx,2,82898 120860,1000,17
ac19_47820,YXYXyx,YYXYxxYYXyyXyXX,1,82904,1000,21
ac19_47828,YXXYxYxx,YYXyyxxyX,1,82921,1000,15
ac19_47834,YXYXyx,YYXyyXXyxxYYx,1,82944,1000,17
ac19_47840,YXXX,YYYYYXyXyxyyxyX,1,82955,1000,19
ac19_47862,YXYXXYx,YYXXyyxxxYXX,1,83014,1000,16
ac19_47872,YXXyx,YYYYYXyxyXyyyXyX,1,83036,1000,19
ac19_47879,YXXyx,YYYYXyyXXyXXXX,1,83058,1000,18
ac19_47893,YXYXyx,YYXYxxYxyXyyX,2,83096 87924,1000,15
ac19_47896,YXyXXyx,YYXXXXyxyxx,2,83104 154010,1000,16
ac19_47932,YXYXyx,YYYYXYYxxyXyXXX,1,83227,1000,21
ac19_47946,YXXyx,YYYYXyXyxyXyXyXX,2,83268 121592,1000,18
ac19_47953,YXYXyx,YYYXXyyyxyxxx,2,83286 96035,1000,17
ac19_47964,YXYXyx,YYXXXyXXyxYxxxxyx,1,83309,1000,19
ac19_47981,YXYXyx,YYYXyXyXyxyxx,1,83340,1000,17
ac19_47991,YXYXyx,YYYYXXyxyXXXYxx,2,83361 152360,1000,17
ac19_48002,YXYXyx,YYXyXYxxxYxyXXyXX,1,83392,1000,19
ac19_48033,YXYXyx,YYXXyXXXyXYxxYxyx,2,83479 135269,1000,17
ac19_48052,YXYXyx,YYYxYXXyxyXXX,2,83521 105565,1000,17
ac19_48090,YXXX,YYYYYXyXyyxyxyX,1,83616,1000,17
ac19_48098,YXYXyx,YYXYxxxyyXyXXYx,1,83636,1000,17
ac19_48099,YXXYx,YYXYXXyyXYxyxx,1,83640,1000,15
ac19_48114,YXXYxYxx,YXyxxxyXX,4,83672 101054 126213 142507,1000,15
ac19_48119,YXYXyx,YYXXyXyXYYxYxyx,1,83691,1000,17
ac19_48129,YXYXyx,YYYYYxyXyxyXXXX,1,83730,1000,19
ac19_48146,YYXXYxyXyx,YYXXXYxyXYx,1,83771,1000,15
ac19_48161,YXXYx,YYYYYXXYXyyxyx,2,83803 93191,1000,15
ac19_48168,YXXYx,YYXyXXYXyxYxyx,1,83830,1000,15
ac19_48174,YYXXXyx,YYYXyXYxxyyX,1,83844,1000,14
ac19_48216,YXXXyXyx,YYXyxYxyx,2,83987 97436,1000,17
ac19_48220,YXyXXXyx,YYxyxyXYXXyxYxyXX,1,84008,1000,17
ac19_48222,YXYXyx,YYXYYXyyXyyxxYx,1,84014,1000,19
ac19_48235,YXXyx,YYYYXYXYxyyXyyXyX,1,84056,1000,18
ac19_48255,YXYxyx,YYYXXYxyyxxxx,1,84109,1000,15
ac19_48263,YXYXyx,YYYXXXXXXYYxxyx,2,84136 152243,1000,19
ac19_48274,YXYXyx,YYYXyxyyXyxxx,1,84161,1000,15
ac19_48281,YYXXXyX,YYxyXXXyx,4,84183 140513 147893 154709,1000,15
ac19_48286,YXyXXyx,YYXXyxYxxyxyX,2,84195 127535,1000,15
ac19_48301,YXYXyx,YYXyXXyxyxxYx,2,84237 124592,1000,17
ac19_48321,YXYXyx,YYYxYYxyyXyXX,2,84288 154056,1000,19
ac19_48324,YXXYx,YYYXYXyXXYXYxx,1,84295,1000,15
ac19_48360,YXXyx,YYYYXYxyxyyyXXXX,1,84383,1000,19
ac19_48373,YXYXyx,YYYYYYXyyyXXX,1,84424,1000,19
ac19_48375,YXXX,YYYXyxyyXYYxyyX,1,84429,1000,19
ac19_48378,YXYXyx,YYXXXYXyXYYxx,2,84433 110831,1000,15
ac19_48379,YXYXyx,YYXXXYYxYxyXX,1,84436,1000,15
ac19_48401,YYXXXyx,YYXXYXyXXYxyX,2,84493 105137,1000,19
ac19_48411,YXXX,YYYYYXXyyxyyxyX,2,84535 132272,1000,17
ac19_48421,YXyXXyx,YYYxYxxyxxyXX,1,84555,1000,18
ac19_48422,YXYXyx,YYXYxYXyXyyxx,1,84556,1000,15
ac19_48425,YXYXyx,YYXXXyXXYYxYxyx,2,84563 86332,1000,19
ac19_48432,YXyXXyx,YYXyxxyyXX,2,84581 139925,1000,16
ac19_48455,YXXYx,YYXyxyxYXyyx,2,84631 106131,1000,15
ac19_48467,YXXyx,YYYYXXYxyyxyyxxx,2,84659 100549,1000,18
ac19_48471,YXYXyx,YYXyXXyyxYxYxyx,2,84670 123922,1000,17
ac19_48482,YXXX,YYYYXYXYXyyXyyX,1,84706,1000,17
ac19_48484,YXYXyx,YYYXyXyXXYXYx,2,84714 141422,1000,17
ac19_48512,YXYXyx,YYYYxyyXXXyyx,1,84776,1000,15
ac19_48518,YXYXyx,YYYXXyxyXXXXYYx,2,84792 89353,1000,19
ac19_48520,YXXX,YYYXyxyyxYYXyyx,1,84796,1000,19
ac19_48537,YXXXyXYx,YYxxyxxyXyX,4,84859 85646 100158 133464,1000,15
ac19_48544,YXYXyx,YYYYXXXXXYx,3,84876 99978 151426,1000,15
ac19_48551,YXXYxxyX,YYYXXXXyx,2,84896 127270,1000,17
ac19_48563,YYYXXXYXX,YYxYXXXyyx,1,84928,1000,16
ac19_48579,YXXXyxxYx,YXYXYxYXXyxx,2,84963 111753,1000,18
ac19_48580,YXYXyx,YYYXyXXXXYYxx,1,84964,1000,19
ac19_48592,YXYXyx,YYYXXXyXyxyxx,1,85003,1000,17
ac19_48604,YXXXXyXyX,YYxyxyxYxx,1,85026,1000,17
ac19_48619,YXyXXyx,YYXYXyXyyxx,2,85073 148208,1000,16
ac19_48635,YXXYxxyX,YYYxxyyXXyx,1,85114,1000,15
ac19_48641,YYXXYYXXX,YYXXyXYxyx,1,85128,1000,15
ac19_48645,YYXXyxxyX,YYYXXyxyxx,1,85141,1000,15
ac19_48685,YXYXyx,YYYYYxyXyxyXXyX,1,85239,1000,17
ac19_48694,YXYXyx,YYXyyXyxYxyxx,1,85251,1000,15
ac19_48695,YXYXyx,YYYXYxyyyXXXXYx,1,85252,1000,19
ac19_48709,YXyXXyx,YYXXyXYXyyxyxx,1,85282,1000,18
ac19_48714,YXXyx,YYXYYXyyXyXXXyXYX,1,85294,1000,21
ac19_48720,YXXYxxyx,YYxxyXYxYYxxx,2,85308 102039,1000,19
ac19_48726,YYXXXyxx,YYYXyyXXXYx,1,85320,1000,15
ac19_48741,YXYXyx,YYYXXyXXXYYYx,2,85355 132296,1000,19
ac19_48744,YYXXyxx,YYXXYxYxxYXX,2,85362 123845,1000,18
ac19_48746,YXYXyx,YYYXyXXyyXYYx,2,85365 123944,1000,17
ac19_48763,YXyXXyx,YYXXYxxxyxx,2,85394 117811,1000,17
ac19_48773,YXXyx,YYYXYxyxyXyyxyxx,1,85422,1000,13
ac19_48784,YXYXyx,YYYYXXXXXYxYX,2,85449 90455,1000,17
ac19_48787,YXYXyx,YYYYXYYxYXyyXXX,1,85452,1000,21
ac19_48801,YXXyx,YYYYYXXyyxyyXX,1,85485,1000,15
ac19_48817,YXYxyx,YYYxYYxyxYYxx,2,85528 133385,1000,15
ac19_48864,YXXYxxyX,YYxYxYXXyyX,1,85665,1000,15
ac19_48868,YXXyXYx,YYXyyXyxYYXX,1,85672,1000,16
ac19_48870,YXXyx,YYYXyxyyXXXXXYX,2,85675 119612,1000,19
ac19_48875,YXYXyx,YYXXXYXXyXYYx,1,85695,1000,15
ac19_48881,YXXyx,YYYYYXyXyyxyxyyx,1,85717,1000,19
ac19_48885,YXYXyx,YYYXyXXyXYYYxyx,1,85722,1000,17
ac19_48893,YXXyXyx,YYXXYxxxyXyx,1,85735,1000,14
ac19_48911,YXYXyx,YYYYYXyXXXXYxyXYX,2,85765 153760,1000,19
ac19_48924,YXXyx,YYYYXyyxyXyXyXX,1,85790,1000,19
ac19_48956,YXXYxxyX,YYXyXYYXXyx,1,85865,1000,17
ac19_48964,YXXyx,YYYYXyXyyyxYxxx,2,85882 135366,1000,18
ac19_48969,YXYXyx,YYXyxyXXXyyxYxx,1,85896,1000,17
ac19_48990,YXyXXXyX,YYYXXXyxyyx,1,85945,1000,19
ac19_49036,YXYXyx,YYYXYxyXyyyXXYx,1,86053,1000,17
ac19_49042,YXyXXyx,YYxyxYxyxyXXYXXyX,1,86068,1000,18
ac19_49065,YXYXyx,YYXYYxYXXXyXX,1,86129,1000,17
ac19_49095,YYXXXYx,YYXyxYXYXyx,1,86209,1000,17
ac19_49102,YXyXXXyx,YYXyXYxyxYxyxyX,2,86229 96274,1000,17
ac19_49108,YXXYx,YYYXYYxyyxyXyX,2,86249 89990,1000,15
ac19_49123,YXXX,YYYXYXyyxYxyyyX,1,86295,1000,17
ac19_49144,YXyXXXyx,YYYxxyXyx,3,86355 100227 109519,1000,13
ac19_49149,YXYXyx,YYxYYxyXyXXYxyX,1,86363,1000,17
ac19_49196,YXYXyx,YYYXyxyXXyyxxYx,1,86475,1000,19
ac19_49210,YXXX,YYYYXYxyyyxyXyX,1,86508,1000,19
ac19_49229,YXYXyx,YYYxxYXyxyXyX,3,86552 93035 155307,1000,15
ac19_49231,YXXyXyxx,YYXXyyXYxxx,2,86555 92681,1000,15
ac19_49255,YYXXYxYxyX,YXyxYXyxYXXYx,1,86603,1000,20
ac19_49257,YXyXXyx,YYYXyxxyyXYx,1,86605,1000,17
ac19_49265,YXXyXyX,YYXXXyyxyX,2,86615 137569,1000,17
ac19_49274,YXXyx,YYYXXYxyyXyyyxxxx,1,86641,1000,19
ac19_49285,YXYXyx,YYXXyyXyxyxxx,1,86671,1000,19
ac19_49286,YXXYxYxx,YYYxYxxyyXX,1,86672,1000,17
ac19_49301,YXYXyx,YYXYxyyXyXXYx,2,86717 145178,1000,15
ac19_49310,YXyXXyx,YYXyXYYxxyyx,1,86751,1000,15
ac19_49334,YXYXyx,YYXXXyXXXYxxx,2,86815 138987,1000,17
ac19_49348,YXYXyx,YYXyXyxxxyyxx,1,86852,1000,15
ac19_49363,YYYXXyXYx,YYXXXyxYx,2,86886 98456,1000,15
ac19_49380,YXYXyx,YYYXyXXXXXYxx,2,86932 121021,1000,17
ac19_49389,YXXyx,YYYYXyxyxyxxxx,1,86947,1000,18
ac19_49392,YXYXyx,YYYXyXyyXXYYxyx,1,86954,1000,17
ac19_49404,YXYXyx,YYYYYxyXXXX,3,86986 121672 135793,1000,17
ac19_49405,YXXyx,YYYXYYYXyxyXyyXyX,2,86987 130011,1000,19
ac19_49409,YXYXyx,YYXXXyXXXYxYxyx,2,86992 113982,1000,19
ac19_49437,YXYXyx,YYXYYxYXyXyXX,2,87055 127782,1000,17
ac19_49451,YXXyx,YYYYXyyyyXXyxx,1,87097,1000,15
ac19_49471,YXYXyx,YYXXyXXyyxYxxyx,1,87139,1000,17
ac19_49477,YXYXyx,YYXXXyXXYxYxxyx,1,87151,1000,17
ac19_49493,YXYXXYx,YYxYxyXyXYX,2,87187 97641,1000,17
ac19_49502,YXXXyXYx,YYXXXXyXYXX,1,87200,1000,15
ac19_49504,YXYxyx,YYYxxYYxxYxyx,1,87203,1000,15
ac19_49510,YXYXyx,YYXYxYXyXXyyXYx,1,87222,1000,15
ac19_49517,YXXYxxyx,YYXXXXXyyXyxxyx,1,87248,1000,15
ac19_49524,YXyXXXyx,YYXyXYxxyyX,1,87276,1000,15
ac19_49526,YYXXXYX,YYXYxxyXyX,2,87280 129460,1000,16
ac19_49533,YXYXyx,YYXXXyyXXYxYxyx,1,87293,1000,17
ac19_49565,YXXyx,YYYYXyXyxyyxyxxx,1,87386,1000,19
ac19_49580,YXYXyx,YYYXXXXXYYx,3,87415 101151 140275,1000,17
ac19_49601,YXXyx,YYXyxyXyXyXXXXYX,2,87462 92212,1000,19
ac19_49604,YXXyXyxx,YYxxxYXYxyx,1,87473,1000,17
ac19_49638,YXyXXyx,YYYXyyXXYXyxyxyx,2,87552 130163,1000,17
ac19_49642,YXYXyx,YYXYxyXyXXXYx,3,87567 153778 154077,1000,15
ac19_49651,YXYXyx,YYXXYYxYxyXXX,1,87585,1000,15
ac19_49652,YXYXyx,YYXyXyXyxxxYxYX,1,87591,1000,17
ac19_49656,YXYXyx,YYYXYxyXXXyXXYx,1,87603,1000,19
ac19_49660,YXXyx,YYYYXyxxyyyyXYYX,2,87611 136413,1000,4
ac19_49726,YXXX,YYYxYYxyXyyXyyx,1,87783,1000,19
ac19_49727,YXYXyx,YYYxyXXyyyXYx,3,87785 140888 152422,1000,15
ac19_49730,YXYXXyxYXyxx,YYxyXYxyXYxyX,1,87793,1000,14
ac19_49753,YXYXyx,YYYXYxyyXyXyyxx,1,87856,1000,17
ac19_49756,YXYXXXX,YYYXXXXXyyxx,1,87869,1000,16
ac19_49772,YXyXXyx,YYYXyxyXXyyX,1,87912,1000,17
ac19_49785,YYXXXYX,YXXyXyxxxx,1,87942,1000,16
ac19_49791,YXXyx,YYXYYxyyXyyXXYX,1,87972,1000,17
ac19_49808,YXXYxYxx,YYYYXXYxyxx,1,88018,1000,17
ac19_49815,YYXXXYX,YYXyXyyxYxYX,1,88030,1000,15
ac19_49830,YXYXXYx,YYxYXyXyXyxxYX,1,88081,1000,17
ac19_49831,YXXyx,YYYYXXyyxyyyxx,1,88082,1000,13
ac19_49847,YXXYx,YYXXyyXYYxxxYX,1,88147,1000,15
ac19_49865,YXYXYXXX,YYYXXXyyx,4,88185 102607 130240 139182,1000,15
ac19_49872,YXyXXyx,YYYXyyXYXXyXyyxyx,2,88203 148972,1000,17
ac19_49887,YXYXyx,YYXYYxYXXyyXX,1,88241,1000,17
ac19_49902,YXYXyx,YYXXyXyyxxxYX,1,88286,1000,15
ac19_49912,YYXXXXXXYx,YYXXXXYxxyX,1,88312,1000,15
ac19_49951,YXXyx,YYYYYXXXyyxyyx,1,88416,1000,15
ac19_49955,YXYXyx,YYXXyXXyxxYxxyx,1,88429,1000,17
ac19_49958,YXXyx,YYYYXyyyyXXYX,3,88436 90967 134156,1000,18
ac19_49969,YXYXyx,YYYXXXXyxyxYx,1,88471,1000,15
ac19_49987,YXYXyx,YYYxyXXyXXYYX,1,88521,1000,17
ac19_49990,YXyXXyx,YYXyyxyXYXyXYxyX,2,88530 153826,1000,17
ac19_50000,YXXyx,YYYYXyyyXyXXXyX,2,88557 125969,1000,19
ac19_50008,YXyXXyx,YYXXXXyyxYxyx,1,88580,1000,16
ac19_50040,YXXyx,YYYXXXyyyxyxxYYx,2,88657 107823,1000,18
ac19_50043,YYXXXyxx,YYXYXXYYXXXYx,1,88666,1000,19
ac19_50044,YXYXyx,YYYYYxxyXXXYXyX,1,88668,1000,19
ac19_50050,YXXyx,YYYXYYXyyxyxxyxx,1,88682,1000,20
ac19_50052,YXyXXXyx,YYXyXYxYxyxYxyxyX,1,88689,1000,19
ac19_50078,YXYXyx,YYYXYxyXXyXXXYx,1,88761,1000,19
ac19_50080,YXXyXyxx,YYYXXyxxyxx,1,88767,1000,17
ac19_50084,YYXXXXXYx,YYXXYxxyyX,1,88773,1000,15
ac19_50087,YXYXyx,YYXYxYYXXXXyX,1,88782,1000,17
ac19_50096,YXXXyXYx,YXyXYXXYXyx,1,88806,1000,15
ac19_50137,YYXXYYx,YYXXyxyxxyX,1,88899,1000,16
ac19_50139,YXYXyx,YYXYYxxyXXXyX,1,88907,1000,17
ac19_50147,YXXyx,YYYXXYxyyxyxyyxxx,2,88929 94169,1000,18
ac19_50154,YXXYx,YYYXYYXyxYXyyx,1,88946,1000,18
ac19_50168,YXYXyx,YYXyXYYxYXXXX,1,88975,1000,11
ac19_50169,YXYXyx,YYXXyXyXYxxYxyx,2,88976 140451,1000,15
ac19_50175,YXYXyx,YYXYYXyyXyyxYxx,1,88994,1000,17
ac19_50184,YXXyx,YYYYYXyyXXyxyX,1,89021,1000,13
ac19_50186,YXYXyx,YYXXYYxxYXXyX,1,89028,1000,15
ac19_50195,YXYXyx,YYXyXXXXYxx,3,89051 123412 135489,1000,15
ac19_50203,YXYXyx,YYYYYxyXXyX,3,89070 100490 143445,1000,15
ac19_50224,YXYXyx,YYYYYXYxYXyyXXX,2,89119 154861,1000,21
ac19_50236,YXXYx,YYYXYYxyyyXyx,1,89146,1000,15
ac19_50246,YXyXYxx,YYXYYXXyxx,1,89168,1000,15
ac19_50255,YXyXXXyx,YYXyXYxyxYxxyyX,2,89194 104570,1000,17
ac19_50262,YYXXXyXYXyX,YXXyxYXXyxx,1,89208,1000,20
ac19_50265,YXXyx,YYYYXyyyXyXXyX,2,89213 140465,1000,18
ac19_50267,YXYXyx,YYXYxYYxyXXyX,4,89216 92157 128686 129044,1000,17
ac19_50282,YXXyx,YYYXYXyyyXyyyXYX,2,89242 132050,1000,19
ac19_50288,YXYXyx,YYXXyXXXXYxxx,2,89253 125880,1000,19
ac19_50303,YYXXXXYYx,YYXyyXyxxx,1,89276,1000,19
ac19_50305,YXXyx,YYXYYxYYXyxyXyyXyX,1,89284,1000,18
ac19_50316,YXYXyx,YYYYYXXXXXYXX,2,89308 141475,1000,19
ac19_50363,YXXYx,YYYYXXyxxxyXYX,1,89408,1000,15
ac19_50378,YXXyx,YYYXYYxyyyxxyxx,1,89439,1000,18
ac19_50379,YXYXyx,YYYYXyxyyXXXYYx,2,89440 117322,1000,19
ac19_50387,YXXyx,YYYXYXyyyxxyxxyx,1,89453,1000,18
ac19_50388,YXYXyx,YYYXYYxyyXXXX,2,89456 99386,1000,19
ac19_50391,YXyXXyx,YYXXYxyxxxx,1,89464,1000,17
ac19_50411,YXXXyXXyX,YYxYxyxxyx,1,89502,1000,15
ac19_50414,YXYXyx,YYXYxYYxyXyXX,1,89506,1000,17
ac19_50424,YYXXYYXXX,YYXXXXYxYxyXX,1,89535,1000,15
ac19_50428,YXYXyx,YYYYxxyXXXXYxyXYX,1,89543,1000,19
ac19_50439,YYXXyXYXyx,YXYXyxYXXyx,1,89569,1000,17
ac19_50453,YYXyxYXXyx,YYXXyxYXyxx,1,89611,1000,17
ac19_50467,YXXyx,YYYYXYxyyyXyyXyX,2,89661 138116,1000,19
ac19_50469,YXYXyx,YYXyXyXXYXYxx,2,89666 91237,1000,17
ac19_50471,YXYxyx,YYYXyyxYxxYYx,2,89674 153248,1000,17
ac19_50475,YXXYXXX,YYYYXXYXXyyxyyx,1,89678,1000,17
ac19_50480,YXXyXyx,YYYYxxxxyyX,1,89689,1000,15
ac19_50491,YXXYxxyx,YXyXYxxyXyX,1,89716,1000,15
ac19_50494,YXYXyx,YYYXXYxYXXXyX,2,89721 110200,1000,15
ac19_50497,YYXXXYX,YYYXyXXYxyX,1,89733,1000,17
ac19_50504,YXXX,YYYYXyxyyXYxyyX,1,89754,1000,19
ac19_50526,YXyXXyx,YYYxyxyxYYxx,2,89820 90940,1000,17
ac19_50535,YXXyx,YYYYXYxyyyyxyXXYxyyX,1,89839,1000,20
ac19_50543,YXYxyx,YYXXYxyXyyXyx,1,89855,1000,15
ac19_50558,YXYXyx,YYXyyxyXyXXYYxx,1,89898,1000,19
ac19_50587,YXYXyx,YYYYXyxyyyXXyxx,1,89981,1000,17
ac19_50610,YXYxxYXyxYXyx,YYxyXYxxYXyxYX,1,90026,1000,20
ac19_50664,YXXyx,YYYXYXyxyyxxxxx,2,90154 126440,1000,14
ac19_50676,YXXYx,YYYXXyXXYYxyxx,1,90177,1000,15
ac19_50677,YXYXyx,YYXyXXYYxYXXX,1,90179,1000,15
ac19_50694,YXyXXyx,YYxyxxxyXYXyX,1,90226,1000,15
ac19_50697,YXYXyx,YYXXyXXyxYxxxyx,3,90236 108485 123678,1000,15
ac19_50721,YXYXyx,YYXXXXXyyxxYx,1,90285,1000,17
ac19_50722,YXyXXyx,YYxxYXyxyxyXX,1,90289,1000,16
ac19_50732,YXYxyx,YYXyXyxxYXyxx,1,90312,1000,15
ac19_50751,YXYXyx,YYYYYxyyyXXXX,1,90360,1000,19
ac19_50761,YXYXyx,YYXyXXyyxxxxx,2,90390 142473,1000,19
ac19_50782,YXXyXyxx,YYYYxxYxyxx,1,90446,1000,19
ac19_50810,YXYXyx,YYYXXXyXXYYYxyx,2,90511 122676,1000,19
ac19_50824,YXXX,YYYXYYXyyxxyyyx,1,90545,1000,17
ac19_50826,YYXXyxx,YYYXYXYxxYYX,1,90551,1000,16
ac19_50827,YXXyx,YYYXYxyyxyxyxxYx,1,90556,1000,19
ac19_50839,YYXXXXYX,YYxYXyXyXYX,1,90581,1000,13
ac19_50841,YXXyXyxx,YYYxxxYYx,2,90583 139445,1000,17
ac19_50843,YXYxyx,YYYXYXyyXyxxx,1,90596,1000,15
ac19_50864,YXYXyx,YYYYxyXXXyxyx,1,90645,1000,15
ac19_50867,YYXXXXXyX,YXyXYxyxx,1,90652,1000,16
ac19_50870,YYXXXXyyXYX,YYXXXXYXXyyX,1,90661,1000,17
ac19_50872,YXYXyx,YYXXYYxYYXXyX,1,90664,1000,15
ac19_50875,YXyXXyx,YYxyxxyXYXyXX,2,90675 121787,1000,16
ac19_50885,YXYXyx,YYYxYXXyXXXYx,1,90709,1000,19
ac19_50891,YXYXyx,YYYXXyXXXXYYxyx,1,90719,1000,19
ac19_50892,YYXXXXyXX,YXXyXXYxxxxxxyX,1,90721,1000,20
ac19_50910,YXXYx,YYYYXYYXYYXXyx,1,90757,1000,18
ac19_50921,YXXYx,YYYXYXYxYxyyyX,1,90787,1000,15
ac19_50926,YYYXXYYXXyX,YYYXXXYYXXX,1,90802,1000,14
ac19_50952,YXYXyx,YYXyXyXXYYxYxyx,1,90857,1000,19
ac19_50953,YXYXyx,YYXYYxyXXXXYx,1,90858,1000,15
ac19_50954,YXYXyx,YYXXXXXyyxxYxyx,1,90861,1000,19
ac19_50963,YYXXyxx,YYYxYXYxxyX,1,90896,1000,15
ac19_50982,YXYXyx,YYXyXyyXYYxxx,1,90939,1000,15
ac19_50987,YXXyx,YYYYXyyyXXXXX,2,90959 140437,1000,18
ac19_50993,YYXXXXyXX,YXyXYxyxx,1,90985,1000,16
ac19_50996,YXXXXX,YYYYXyyxyyxxxyx,1,90995,1000,17
ac19_51003,YXXYx,YYYYXXYYYxyyX,1,91009,1000,15
ac19_51017,YYXXyx,YYYXXYxYXXX,2,91055 137312,1000,15
ac19_51022,YYXXXYx,YYxYxxyXXXX,2,91067 156644,1000,16
ac19_51023,YXYXyx,YYXYxyyXyyXyxxx,2,91068 120637,1000,17
ac19_51029,YXYXyx,YYXYxyyXXXyyxYx,1,91087,1000,17
ac19_51034,YYXXXXYX,YYYXYXyyX,1,91095,1000,17
ac19_51049,YXYXyx,YYYYXXXXXyxxx,1,91127,1000,17
ac19_51055,YXYXyx,YYYXXyXXXYYYxyx,2,91140 110102,1000,19
ac19_51086,YXXXXyxYx,YYXyXYxxyX,1,91215,1000,13
ac19_51109,YXYXyx,YYXXyXXXYYxxx,2,91280 146576,1000,19
ac19_51123,YXyXXyx,YYYxxYYxxyyx,1,91318,1000,16
ac19_51124,YXyXYXyxx,YYXXyxYXyXYxyx,2,91331 114131,1000,19
ac19_51134,YYYXXXXyx,YYYxyyXyyx,1,91367,1000,18
ac19_51148,YXYXyx,YYYXXyxyXXXYYYx,2,91401 113573,1000,19
ac19_51155,YXXyx,YYYYXYXyyxyyxxx,2,91417 96307,1000,18
ac19_51157,YXYXyx,YYYxYXyXXXYXX,2,91419 154694,1000,17
ac19_51160,YXYXyx,YYxYXYYxyXXyX,1,91423,1000,15
ac19_51165,YYXXXyx,YYXYYXXYXyyX,1,91440,1000,15
ac19_51166,YXYXyx,YYYYYYYXyXyXX,1,91443,1000,19
ac19_51171,YXyXXyx,YYYxyyxxYxx,2,91456 135204,1000,17
ac19_51197,YYXXXXX,YYYYXXXyyyx,1,91532,1000,15
ac19_51212,YXXX,YYYXYxyyxYXyyyX,1,91574,1000,19
ac19_51214,YXXX,YYYXyXyyyXyxYYx,1,91588,1000,19
ac19_51217,YXYXyx,YYYYxxyxYXXyXXX,2,91596 122307,1000,19
ac19_51232,YXYXyx,YYYXyxyXXXXYYYx,1,91632,1000,19
ac19_51250,YXYXyx,YYxYXYxYXyXXyyx,1,91678,1000,15
ac19_51254,YXYXyx,YYXYxxxyXyyXX,2,91688 105250,1000,17
ac19_51255,YYXXYYXXYx,YYXXYYxyxxyXX,2,91689 102071,1000,17
ac19_51280,YXYXyx,YYXYxxyXXyXXyxYxx,2,91747 118001,1000,19
ac19_51292,YXXX,YYYYYXyxyxyXyyX,1,91785,1000,17
ac19_51293,YXYXyx,YYYXyXXXYXXYx,1,91787,1000,17
ac19_51316,YXyXXXyX,YYXXXyyxx,1,91875,1000,17
ac19_51320,YXyXXyx,YYxxxYXYXyxyx,1,91884,1000,15
ac19_51321,YXYXyx,YYXYxYxyXXXyX,2,91886 114453,1000,17
ac19_51337,YXXyx,YYYYXyyXyyxxyxx,1,91926,1000,19
ac19_51343,YXYXyx,YYYYXXXXYXXYx,2,91944 109870,1000,17
ac19_51345,YXYXyx,YYYXXXyXyyxxxyx,2,91955 111861,1000,19
ac19_51346,YXYXyx,YYXYYxYXyXXyX,3,91962 110458 125762,1000,17
ac19_51352,YXYXyx,YYYXyyXXyxyxx,1,91980,1000,17
ac19_51356,YYXXXYX,YYXyXXyxYx,2,91988 111297,1000,15
ac19_51360,YXXyx,YYYXXXyyXyyxxxxYYx,1,91997,1000,19
ac19_51366,YXyXXyx,YYXyXYxYXyxyxyX,2,92015 92932,1000,17
ac19_51385,YXXyx,YYYYXyXyyyXXXyX,1,92058,1000,17
ac19_51394,YXXYxxyX,YYYXXXXyxxYXX,4,92083 101869 117896 154965,1000,15
ac19_51395,YXYXyx,YYYYxYXyxyXXX,2,92084 96712,1000,17
ac19_51416,YXYXyx,YYYXXXyyXXYxx,1,92141,1000,17
ac19_51418,YXXYx,YYYxyXYXYYXyyx,1,92143,1000,18
ac19_51422,YXYXyx,YYYXYxxYXyyXX,1,92155,1000,17
ac19_51438,YXYXyx,YYYYYxyXXXXYXYxyX,1,92201,1000,19
ac19_51448,YXYXyx,YYYYYXYYxyyXXXX,1,92224,1000,21
ac19_51453,YYXXXYYxx,YYYYXXXyxx,1,92233,1000,18
ac19_51461,YXXYx,YYYXXXYxyyxyx,1,92257,1000,15
ac19_51462,YXXXyxx,YYXyXYxyXYxyx,4,92258 99362 99795 133609,1000,20
ac19_51471,YXYXyx,YYYYXYxyXyXXXYx,1,92285,1000,19
ac19_51473,YXXYx,YYYYXXyXYxyx,2,92288 145679,1000,15
ac19_51482,YXYXyx,YYYXyyyXXyxxx,2,92314 102235,1000,19
ac19_51484,YXYXyx,YYYXyXXXYXYYx,1,92320,1000,19
ac19_51504,YXXyx,YYYYXYYXyXyxyXyXyX,2,92364 94001,1000,19
ac19_51512,YXYXyx,YYYYYxyXXXXYX,2,92386 103375,1000,19
ac19_51527,YYXXXXYxx,YYXXyyxxyx,1,92430,1000,14
ac19_51533,YXXyx,YYYXYxyyyXyyXXX,2,92442 119440,1000,18
ac19_51560,YXYXyx,YYYxxyyXXXYXX,2,92536 100437,1000,19
ac19_51570,YXXyx,YYXYYXyyxyyxxYx,2,92560 145072,1000,15
ac19_51601,YXXX,YYYYYXyXyXyyx,1,92655,1000,17
ac19_51613,YYXXyxx,YYXYYxxyXYX,1,92688,1000,16
ac19_51660,YXXX,YYYYXYxyyXyyxyX,2,92798 112737,1000,19
ac19_51662,YXYXyx,YYYYXXyyXXXYx,2,92802 96977,1000,19
ac19_51664,YXXyx,YYYYYYXXyyyyyX,1,92807,1000,13
ac19_51667,YXYXyx,YYYXXXXyXyxxYxx,1,92811,1000,21
ac19_51678,YXyXXXyx,YYYxyyXXyXYXyyX,1,92831,1000,19
ac19_51683,YXXyx,YYYYYXyyXyyXXX,1,92843,1000,19
ac19_51701,YXyXXXyx,YYxyxYxyXyxYX,2,92901 153983,1000,17
ac19_51703,YXYXyx,YYYXyxyXyyXXYYx,2,92903 155702,1000,19
ac19_51705,YXyXXyx,YYYxxxYxxxyxyXYX,1,92906,1000,18
ac19_51719,YXXyx,YYYXyyyXyXXYXYX,1,92944,1000,18
ac19_51720,YYYXXXX,YYYXYXXXyyx,1,92947,1000,17
ac19_51735,YXYXyx,YYxyXXyyXXyxYxx,2,92996 109921,1000,17
ac19_51738,YXYXyx,YYXyXyxyXXYxYYx,2,93000 100976,1000,17
ac19_51746,YXXyx,YYXYXyxyXyyXXXXX,1,93016,1000,20
ac19_51751,YXXyx,YYYYYXXXyxyyyx,1,93026,1000,15
ac19_51755,YYXXyxx,YYXXYYxxxyXX,2,93031 100401,1000,18
ac19_51760,YYYXXYYXX,YYXXXXYYx,2,93041 112701,1000,18
ac19_51761,YXYXyx,YYXXXXyyxxxYx,2,93043 130928,1000,19
ac19_51775,YXYXyx,YYYXXyxyXXyyxxx,1,93071,1000,19
ac19_51779,YXXyx,YYYXyXXyyXyyXXYX,2,93080 127400,1000,19
ac19_51805,YXYXyx,YYYXXYYxyXXXX,2,93153 137363,1000,15
ac19_51819,YXYXyx,YYYYYXyXXXXYX,2,93185 153591,1000,19
ac19_51829,YXYXyx,YYYYxyXXYxyXX,1,93207,1000,15
ac19_51832,YXXyx,YYYYYYXyyXyXXyyX,1,93212,1000,19
ac19_51836,YXYXyx,YYXXyXyXXYxYxyx,1,93225,1000,17
ac19_51842,YXXX,YYYXyXyyyXYYx,1,93237,1000,17
ac19_51850,YYXXX,YYYXYXyyXXyxYYX,1,93255,1000,19
ac19_51851,YXYXyx,YYYXyXXyxYxyXXyxYxx,2,93256 101639,1000,17
ac19_51878,YYXXYx,YYYYYXXyxyyyx,1,93329,1000,15
ac19_51911,YXYXyx,YYYYYxyXXyxyXXX,1,93426,1000,19
ac19_51920,YXyXYxx,YYYXXyyxxx,2,93456 122400,1000,15
ac19_51936,YXYXyx,YYYXXyyXXyxxx,2,93494 107449,1000,17
ac19_51956,YXyXXyx,YYXyXYxyxYxyxyX,2,93537 115550,1000,15
ac19_51964,YXXYxxyx,YYYxxYYxxyXYx,1,93579,1000,17
ac19_51967,YXXYxYxx,YYYxxyyXXYx,1,93584,1000,17
ac19_51991,YXYXyx,YYYxYxyxYXyXXyX,2,93669 95085,1000,19
ac19_52004,YXXYx,YYYYXyyXYXYYx,1,93704,1000,15
ac19_52007,YXXX,YYYYXYXyyXyxyyx,1,93711,1000,17
ac19_52008,YXYXyx,YYYYxxyyXXXyX,1,93713,1000,19
ac19_52019,YXXyx,YYYYYXyXyyXyXXYxyX,1,93749,1000,20
ac19_52023,YXYXyx,YYXXyXXXYxxxx,1,93754,1000,17
ac19_52026,YXYXyx,YYYXXXYXyyxxx,1,93762,1000,15
ac19_52027,YXXYx,YYYXYXYXXyXYxx,1,93763,1000,15
ac19_52037,YXyXXXyx,YYXYxyXXXyxYxxyyx,1,93791,1000,17
ac19_52051,YXYXyx,YYYYxxYXyyXXX,2,93850 127368,1000,19
ac19_52060,YXYXyx,YYYYXYYYxyXXyXX,2,93886 127255,1000,21
ac19_52062,YXYXyx,YYXXXXyXYYxYX,1,93890,1000,15
ac19_52069,YXYXyx,YYYXYxyXXyyXyyxYx,1,93904,1000,21
ac19_52090,YXXyx,YYYYYXYXyxyXyXyXyX,1,93951,1000,19
ac19_52096,YXYXyx,YYXyXXyXyxxxx,1,93972,1000,19
ac19_52099,YXXX,YYYXYxyyyXYxyyX,1,93983,1000,19
ac19_52107,YXXX,YYYxYYXyXyyXyyx,1,94000,1000,19
ac19_52114,YXYXyx,YYYXXyyyxYXyxxx,1,94025,1000,17
ac19_52121,YXYXXYx,YYXXyXyxyxxx,1,94050,1000,16
ac19_52127,YXYXyx,YYYxyXXyxyXyXYx,2,94062 117955,1000,15
ac19_52130,YXyXXyx,YYYXyyyXXXyyX,2,94076 128918,1000,17
ac19_52148,YXYXyx,YYXYxyyXXyXYx,1,94123,1000,15
ac19_52154,YYYXXXXyx,YYXXXXXXYx,1,94140,1000,15
ac19_52167,YXXyx,YYXyyxyXyxxxxxxYx,2,94170 102339,1000,20
ac19_52208,YXyXXyx,YYxyxyXYxyXXX,2,94253 104214,1000,16
ac19_52211,YXYXyx,YYXyXXyyxYxxx,2,94258 135036,1000,19
ac19_52215,YXXyx,YYYXyyyXXXXXyXYYX,1,94271,1000,20
ac19_52217,YXYXyx,YYYYYXXXXXXYx,2,94277 126266,1000,19
ac19_52220,YXyXXyx,YYxxyxyXYXyXX,2,94283 106333,1000,15
ac19_52240,YXYXyx,YYYxyxxyXXXyyyx,1,94335,1000,17
ac19_52252,YXYXyx,YYXyyXyXXYxxx,1,94366,1000,17
ac19_52257,YYXXXyxyx,YYXyXyxxyx,1,94373,1000,11
ac19_52261,YXYXyx,YYYYxyxYXyXXyXX,2,94380 118151,1000,19
ac19_52267,YXYXyx,YYYYYxyXXyxyyXX,1,94395,1000,19
ac19_52268,YXXX,YYYYYXyxyxyyXyx,1,94396,1000,17
ac19_52279,YXXXXyxYx,YXXyxxxxyx,3,94419 97043 149156,1000,15
ac19_52290,YYXYxYXXYx,YYxyXyxxYXX,1,94465,1000,17
ac19_52306,YXyXXyx,YYxxxYxxyxyXXYX,1,94505,1000,18
ac19_52308,YXYXyx,YYXYxyXXXyXyxxx,1,94507,1000,17
ac19_52318,YXyXXXyx,YYYxyXXXyyx,1,94533,1000,13
ac19_52322,YXyXXXyx,YYXXXyxyXyX,1,94538,1000,17
ac19_52325,YXXyx,YYYYYXyxyyXyXyyX,1,94556,1000,18
ac19_52329,YXYXyx,YYXyXyXXYxyXYYx,1,94563,1000,17
ac19_52341,YXYXyx,YYYYxYYXXyXXX,2,94594 113821,1000,19
ac19_52346,YYXXyxx,YYxYXXYxYX,1,94612,1000,16
ac19_52360,YYXXXyxxx,YYXYXXYxYx,1,94652,1000,18
ac19_52363,YXXXYxx,YYYYXXyxyyx,1,94658,1000,17
ac19_52366,YXYXyx,YYXyyXXXyxYxx,2,94661 115250,1000,15
ac19_52387,YYXYXXXyX,YYYXXXyXyx,1,94719,1000,15
ac19_52390,YXYXyx,YYYYYxyyXXXyX,1,94725,1000,19
ac19_52393,YXYXyx,YYXXyXXXXYxYxyx,2,94736 138899,1000,17
ac19_52410,YXXyx,YYYYXyXXyyxyyxxx,2,94791 133360,1000,18
ac19_52412,YXYXyx,YYYXYxyyXXXyyxx,1,94795,1000,17
ac19_52415,YXYXyx,YYYYYXYxxyXyXXX,2,94805 154395,1000,21
ac19_52419,YXYXyx,YYYXyXYXXXXXYYx,2,94809 150699,1000,19
ac19_52424,YXXyx,YYXyyXyXXXXXXYxYX,2,94815 154337,1000,21
ac19_52443,YXXyx,YYXYXyyXyyxxxYYx,2,94870 151810,1000,18
ac19_52459,YXYXyx,YYXXYxYxyXyyX,1,94916,1000,15
ac19_52475,YXYXyx,YYYXXyyyxxxyx,1,94966,1000,17
ac19_52488,YXYXyx,YYYXyyXXXYxxx,1,95015,1000,17
ac19_52495,YXXYx,YYYXYxyXXXyxyx,1,95032,1000,15
ac19_52516,YXXyx,YYYYYXyxyyXXyXX,1,95089,1000,19
ac19_52521,YXyXXyx,YYXXXyXyXYXyxyxyx,2,95103 116689,1000,17
ac19_52525,YXXYx,YYXXyyxyXYxxyx,1,95113,1000,15
ac19_52551,YXXyx,YYYYYYXyyXXyXyyX,1,95211,1000,18
ac19_52553,YXXYx,YYYXYYXYYXXyyx,1,95213,1000,18
ac19_52554,YXYXyx,YYYXXXyXXYxxx,3,95214 98065 136570,1000,17
ac19_52557,YXyXXXyx,YYXyXXYXyyxyx,1,95219,1000,19
ac19_52564,YXyXXXyx,YYYxyyXyXYxYxxxyX,1,95233,1000,19
ac19_52575,YXXyx,YYYYXyyyxyxxxxyx,1,95267,1000,20
ac19_52578,YXYxyx,YYXyXXyyXyxyx,1,95281,1000,15
ac19_52581,YYXXYYxyX,YYXXXYxYX,1,95290,1000,15
ac19_52582,YXYXyx,YYYxYYxyXyyXXYxyX,1,95291,1000,21
ac19_52593,YXYXyx,YYYYXyxyXXXyxxx,1,95314,1000,17
ac19_52601,YXYXyx,YYYYxyXXXyXYX,2,95343 103624,1000,17
ac19_52603,YXYXyx,YYYYYxxyXXXXYxyyX,1,95350,1000,19
ac19_52643,YXyXXyx,YYYxyxyXyxYX,1,95456,1000,16
ac19_52645,YXXyx,YYYXyXyyXyXyXXYX,1,95460,1000,19
ac19_52653,YXYXyx,YYYYXXyXyyxxx,2,95479 106736,1000,19
ac19_52678,YXXyx,YYYYXYxYXyxyyXyyxyyX,1,95550,1000,19
ac19_52698,YXYXyx,YYXXyXXyyxYxx,1,95617,1000,17
ac19_52705,YXYXyx,YYYxxYXYxyyXyyX,1,95632,1000,17
ac19_52713,YXyXXyx,YYYxyXXyxxyXX,1,95655,1000,15
ac19_52740,YXYXyx,YYXyyXXXXYYxxyx,1,95724,1000,19
ac19_52744,YXyXXyx,YYxxYXXyyxyXX,1,95736,1000,16
ac19_52757,YYXXYxyxx,YXXYxxxYx,1,95769,1000,14
ac19_52773,YXXyx,YYYYXyyyyxxYxxx,2,95805 107966,1000,19
ac19_52829,YXYXyx,YYXXXXXXYxYXYYx,2,95941 113948,1000,19
ac19_52830,YXyXXyx,YYYYxyxYXyxYXyxyx,2,95945 110020,1000,16
ac19_52838,YXyXXXyx,YYXXyXYXyxYxxyxyX,1,95973,1000,19
ac19_52840,YXYXyx,YYYYXXXXXyxyx,2,95975 106035,1000,3
ac19_52851,YYXXYXXYx,YYXXYxYxyXX,1,96003,1000,17
ac19_52872,YXXYxxyx,YYYxxxYYxxx,1,96051,1000,19
ac19_52873,YXXyx,YYYYXYXyyyyXXX,1,96057,1000,19
ac19_52874,YXXyx,YYYYXXXyyxyyyxxxx,1,96062,1000,19
ac19_52889,YXXyx,YYYXYYxyXyxyyxx,3,96123 144384 148374,1000,18
ac19_52893,YXXYxxyX,YYXXXXXYx,3,96127 112000 112650,1000,17
ac19_52896,YYXXXyX,YYYxyyXyx,1,96135,1000,16
ac19_52897,YXXyx,YYYYXXXyyXyyyxxxx,1,96137,1000,19
ac19_52915,YXXXyxYx,YYxYXYXXXYX,1,96180,1000,17
ac19_52944,YXXyx,YYYXYYXyXyyxyxx,1,96260,1000,18
ac19_52975,YXyXYxx,YYYXXyyxYXyx,1,96363,1000,15
ac19_52992,YXXyx,YYYYYXXYxyyyyxyx,2,96398 105023,1000,18
ac19_52998,YXXXyxYx,YYXXYXXXXYx,1,96423,1000,17
ac19_53037,YXYXyx,YYXXXXyXYxYxx,2,96509 150879,1000,17
ac19_53043,YXYXyx,YYXXyyXyxxxYx,2,96516 129630,1000,19
ac19_53051,YXYXyx,YYXYxyyXyXyyxxx,2,96530 123110,1000,19
ac19_53076,YXYxyx,YYXXXyyxYxx,1,96586,1000,15
ac19_53077,YXXYx,YYXYYXYxxYXyX,2,96589 117083,1000,15
ac19_53085,YYXXXYx,YYYXXYXYXyx,2,96616 113488,1000,15
ac19_53094,YXYXyx,YYYXYYXyXyyyxxx,1,96640,1000,19
ac19_53105,YXYXyx,YYXXyxyXXyxxxYx,1,96671,1000,17
ac19_53112,YXXyx,YYYYXyXyxyyXyXX,4,96688 108996 118346 146240,1000,15
ac19_53119,YXyXYxx,YYXYXXXyyxYxx,2,96706 109928,1000,15
ac19_53129,YXYxyx,YYYXXyxxxYxyX,2,96731 134556,1000,15
ac19_53136,YXYXXXX,YYxYXXXXyXyx,1,96756,1000,16
ac19_53161,YXYXyx,YYYxyxYXyXyXX,2,96841 140228,1000,15
ac19_53172,YXYXyx,YYXyxyXXyyxYxYx,1,96868,1000,17
ac19_53201,YXYXyx,YYYxYYXyyXX,4,96943 97857 110528 151536,1000,15
ac19_53207,YXXYx,YYYXyxYXXyxyx,1,96956,1000,15
ac19_53257,YXXyx,YYYYXyyyyXXXYx,1,97086,1000,18
ac19_53262,YXYXyx,YYXyXXXYYXXYx,1,97104,1000,15
ac19_53270,YYYXXXX,YYYXyyXXXYx,1,97124,1000,17
ac19_53272,YXYXyx,YYYYYxYXyxyXXyX,2,97131 147165,1000,19
ac19_53275,YXYXyx,YYYxYYXyxyXXX,2,97137 121536,1000,17
ac19_53283,YYXXXYx,YYYXXXyxyx,1,97161,1000,14
ac19_53304,YXXYx,YYYXYXYYYXyXYx,1,97225,1000,15
ac19_53319,YXyXXXyx,YYxyxyXYxyX,1,97284,1000,13
ac19_53341,YXXXX,YYYYxyyXyyx,2,97332 124517,1000,16
ac19_53350,YXXX,YYYXyxyyxyyXYYx,1,97364,1000,19
ac19_53366,YYYYXXXXX,YYYYXyyXyx,1,97431,1000,18
ac19_53390,YXXYx,YYYXyXXXyxYYxx,1,97499,1000,15
ac19_53392,YXXyx,YYYXYXYxyXyyyXXX,2,97503 152907,1000,18
ac19_53424,YXXyx,YYYXYXyxxyyyXyXXX,1,97606,1000,18
ac19_53447,YYXXXXYxxx,YYXXXYXyxxx,1,97669,1000,11
ac19_53464,YXXYxYxx,YYYYYXyxx,2,97706 135475,1000,17
ac19_53494,YXyXXyx,YYxyXyxxxyXYXYXyX,1,97798,1000,18
ac19_53506,YXYXyx,YYXYYXyyXyxxx,2,97828 135403,1000,15
ac19_53512,YXYXyx,YYYYXyxyyyXXXYx,2,97846 110598,1000,19
ac19_53525,YXXyx,YYYXyyXyXyyXYXXX,2,97886 123022,1000,20
ac19_53527,YYXXXXXyX,YXXyXYxxxxxyX,2,97890 142398,1000,17
ac19_53531,YXYXyx,YYYxYXyxyXXyyyx,1,97896,1000,17
ac19_53533,YYXXYYXXX,YYXYxyXXYYXyX,1,97898,1000,14
ac19_53541,YXYXyx,YYYxxYXyxyyXyyx,1,97926,1000,17
ac19_53542,YXXyx,YYYYYXYXyyyxxyyx,1,97927,1000,18
ac19_53547,YXYXyx,YYXyXXXXYxyXYXYYx,1,97943,1000,19
ac19_53548,YXYXyx,YYYxYXyxyyXXX,2,97946 151687,1000,17
ac19_53549,YXYXyx,YYXXyxyXXyXYYxx,2,97951 144501,1000,17
ac19_53565,YXyXXyx,YYXyxYxxyxxYX,2,98001 154234,1000,16
ac19_53591,YXYXyx,YYYYxyXXyxyXX,1,98091,1000,15
ac19_53604,YXXyx,YYYYXYXyyyyxxx,2,98124 122073,1000,18
ac19_53618,YXYXyx,YYYYYxyXXXXyX,2,98155 110989,1000,19
ac19_53639,YXYXyx,YYYYXyyXyXyxx,2,98205 109683,1000,17
ac19_53649,YXYXyx,YYYYYxyxYXyXXyX,2,98228 99224,1000,19
ac19_53659,YXYXXYx,YYYxYYXXXX,1,98251,1000,16
ac19_53668,YXXyx,YYYXXYxxxyyyxx,1,98275,1000,15
ac19_53688,YXYXyx,YYXXXXXyxxYxx,1,98350,1000,15
ac19_53709,YXYXXXX,YYXXyyXYx,3,98406 107189 143071,1000,16
ac19_53714,YXyXXyx,YYXXYxxyXyxyX,2,98421 114754,1000,17
ac19_53729,YXyXXyx,YYXYxYxxxyxyx,1,98465,1000,17
ac19_53760,YXyXXyx,YYYXyyXyxxx,2,98539 100412,1000,17
ac19_53764,YXYXyx,YYXXXyyxyxxYx,2,98559 113078,1000,17
ac19_53769,YXXyx,YYYYYXyxyyyXyxYx,1,98573,1000,17
ac19_53781,YXYXXXX,YYXYYXyXyXyx,1,98623,1000,16
ac19_53790,YXXYx,YYXYXyXYYxxYX,1,98640,1000,15
ac19_53802,YXXXXyXXXyX,YYxxyxYxxxyx,2,98674 109831,1000,17
ac19_53806,YXXX,YYYYYYXyXyXyXyX,1,98680,1000,19
ac19_53819,YXXXYxx,YYYXXXyxxxYX,1,98717,1000,14
ac19_53837,YXYXyx,YYXXXyXYYxxyx,1,98783,1000,13
ac19_53839,YXXyx,YYYXYYxyXyxyyxxx,2,98798 142870,1000,18
ac19_53842,YXYXyx,YYXXYXyXXYxYx,1,98806,1000,15
ac19_53850,YXYxxYXyx,YYYYxxYYYxx,2,98827 126557,1000,18
ac19_53858,YXYXyx,YYXYYxxYXXXyX,1,98847,1000,17
ac19_53860,YXYXyx,YYYXXXyxyyXyxxx,2,98851 126392,1000,19
ac19_53878,YXYXyx,YYYXyxyXXXyyxYx,1,98906,1000,17
ac19_53879,YXyXXyx,YYXyyxyXYYxyXXyX,2,98911 145426,1000,17
ac19_53881,YXYXyx,YYYxYxyXXXyyx,1,98914,1000,15
ac19_53911,YXYXyx,YYYYYXYxxyXXXXX,1,98992,1000,21
ac19_53930,YXYXyx,YYXXYYxxyXyyX,1,99032,1000,15
ac19_53935,YXYXyx,YYXXXyXXXYxYx,2,99045 140754,1000,17
ac19_53957,YXYXyx,YYYxYYXyxyXXXyX,1,99105,1000,19
ac19_53970,YXYXyx,YYXyXXXyyxYxx,1,99145,1000,17
ac19_53974,YXYXyx,YYYxYYXyXyXXX,1,99154,1000,19
ac19_53980,YXyXYxx,YYYXXXyxYYx,1,99168,1000,15
ac19_53992,YXXXXyXXYx,YXXXXYXXXXyxxxx,1,99192,1000,15
ac19_54001,YXYXyx,YYXyXXXXYxxYxyx,1,99203,1000,17
ac19_54002,YXYXyx,YYYXXXXXXXYxx,2,99204 110378,1000,19
ac19_54024,YXXyx,YYYYXXXyxxyyXX,1,99255,1000,15
ac19_54038,YXYXyx,YYYxYXYxyyXXyyXYx,1,99295,1000,19
ac19_54052,YXYXyx,YYXXyxyXXYYxx,2,99330 112276,1000,15
ac19_54075,YXXYXXyxx,YYxyxYXyXX,1,99390,1000,16
ac19_54082,YXYXyx,YYXXyxyXXXYxYxx,2,99410 135701,1000,17
ac19_54115,YXYXyx,YYXYxyXXXXYYx,1,99514,1000,17
ac19_54138,YXXyx,YYYYXYxyyyxyyyXX,1,99580,1000,18
ac19_54147,YXYXyx,YYYXXyyXXXYYx,2,99602 147628,1000,19
ac19_54148,YXYXyx,YYYYxyXyyXyxx,1,99607,1000,17
ac19_54150,YYXXXXyx,YXyXXYxyx,1,99614,1000,15
ac19_54190,YXyXXXyx,YYxyxyXXYxxyX,1,99748,1000,15
ac19_54212,YYXXYYx,YYXXyxYxYX,1,99815,1000,16
ac19_54213,YXXX,YYYYXyxyyXYXyyx,1,99816,1000,17
ac19_54228,YXYXyx,YYXXXYxxxYxyXXyXX,1,99855,1000,19
ac19_54229,YXXyx,YYYXYYxyyXyXyXX,2,99859 118886,1000,18
ac19_54243,YXXyXyxx,YYXXYxxxyxx,1,99879,1000,17
ac19_54256,YXYXyx,YYYYxyXXXYxyX,1,99923,1000,15
ac19_54273,YXXyXyX,YYYxxxxyxxx,1,99966,1000,16
ac19_54282,YXYXyx,YYYYYYYXXyXXX,2,100005 153702,1000,19
ac19_54283,YYYYXXXXX,YYYXyyyXYx,1,100007,1000,13
ac19_54299,YYXYXXXyX,YYXyXYxyX,2,100053 120783,1000,17
ac19_54302,YXXyx,YYYXyxyyXyXXXXX,1,100061,1000,19
ac19_54324,YXXX,YYYYYXyyXyyyx,2,100128 118750,1000,17
ac19_54325,YXYXyx,YYXXXyXYXYYxx,2,100129 135040,1000,17
ac19_54337,YXYxYXXYx,YYXXyxxYXYxyXyx,1,100166,1000,21
ac19_54349,YYXXyxxyX,YYxxyxYxyX,1,100219,1000,17
ac19_54350,YXXX,YYYYXYxyyxyXyyx,1,100223,1000,19
ac19_54351,YXXYXXyxx,YYYXyXXYXX,3,100224 129748 140169,1000,18
ac19_54352,YXXyx,YYXYYXyyXyXXXXXX,1,100226,1000,21
ac19_54361,YXYXyx,YYYYxYXXyxyyXXX,1,100249,1000,19
ac19_54388,YXYXyx,YYXXYYxYXXyXX,1,100303,1000,17
ac19_54421,YYXXyXXYx,YYXyxyXyxx,1,100381,1000,15
ac19_54423,YXYXyx,YYYXyXXyyxxYxyx,1,100388,1000,19
ac19_54433,YXyXXyx,YYYXyyXXyyxx,1,100418,1000,17
ac19_54434,YXXX,YYYXyXyyXyyxYYx,1,100419,1000,19
ac19_54435,YXyXXXyx,YYYxxxxYxyxyX,2,100421 152101,1000,17
ac19_54450,YXYXyx,YYXXyXyXXYxxx,5,100472 100856 101804 109466 129846,1000,17
ac19_54455,YXYXyx,YYYXyXXyXYYYx,1,100483,1000,19
ac19_54464,YYXXYxYXyx,YYXYxYXyXYx,1,100508,1000,15
ac19_54466,YXXyx,YYYXYYxyXyyyXXX,1,100510,1000,19
ac19_54476,YXyXXyx,YYxxyxxYxyxYX,1,100535,1000,16
ac19_54478,YYXXyxx,YYXXYxxYxYXX,1,100541,1000,16
ac19_54491,YXYXyx,YYYYXXYYxyXXX,1,100591,1000,15
ac19_54494,YXYXyx,YYYXyxyyXXXyxxx,1,100595,1000,17
ac19_54514,YXYXyXXYXyX,YYYXyXXyxYxyxyx,1,100635,1000,19
ac19_54528,YYXXYYXXX,YYxxyXyXyx,1,100680,1000,17
ac19_54535,YXXyx,YYYXYxyyXXyXXXX,1,100699,1000,19
ac19_54540,YXYXyx,YYXYYxxxyyXyX,1,100707,1000,17
ac19_54565,YXXYx,YYXyyXXyxYxyx,2,100756 101678,1000,15
ac19_54573,YXYXyx,YYYYXyxyXXyyxYx,2,100774 110211,1000,17
ac19_54576,YXYXyx,YYYXXXyXyxxxx,2,100780 125173,1000,19
ac19_54582,YXXyx,YYXYXYxyXyyXXXXX,1,100789,1000,19
ac19_54586,YXYXXYx,YYYxxYXXXYXX,1,100798,1000,16
ac19_54599,YXyxYXXyx,YYXyxYXyyXXXyX,1,100860,1000,13
ac19_54616,YYXYYXXXyX,YYXYXXXYYXXXX,1,100913,1000,21
ac19_54621,YXyXXyx,YYXXXyXYxyxyx,2,100927 126723,1000,15
ac19_54631,YXYXyx,YYYXyXXXYxYXX,1,100961,1000,15
ac19_54646,YXYXyx,YYYXYxYYXXXXX,1,101002,1000,17
ac19_54655,YXYXyx,YYYYxYYXyXXYXyX,1,101031,1000,19
ac19_54672,YXyXXyx,YYXyXYYxxxyxx,1,101089,1000,17
ac19_54675,YXyXXyx,YYXYXyXyxYxyxyx,1,101097,1000,17
ac19_54685,YXyXXyx,YYYXyXXXyxyxx,1,101136,1000,17
ac19_54690,YXyXXXyx,YYXyXXYxyyx,2,101146 121881,1000,15
ac19_54725,YXXyx,YYYYYYXyyXXyyXyX,1,101264,1000,18
ac19_54732,YXYXyx,YYXyyxyXyyXYYxYxx,1,101290,1000,19
ac19_54747,YXYXyx,YYYXyyXXYXYxx,1,101331,1000,17
ac19_54765,YYXXXYx,YYYYXXYXYYYXX,1,101379,1000,17
ac19_54766,YXYxyx,YYXyXyxxxYxYXyx,2,101383 151938,1000,17
ac19_54794,YXXyx,YYYYXXXyyxyyyX,1,101450,1000,15
ac19_54799,YXYXyx,YYXXyXXYYxxyx,2,101465 115752,1000,15
ac19_54802,YXyXXXyx,YYXyyxxYx,3,101476 142935 154714,1000,17
ac19_54835,YYXXYx,YYYXYxxyXyX,1,101578,1000,17
ac19_54846,YXYXyx,YYYXyxyyXXXYxYx,2,101604 139431,1000,19
ac19_54882,YXXX,YYYYYXyxyyxyXyx,1,101726,1000,17
ac19_54889,YXyXXyx,YYXYxyxyXyX,2,101746 109819,1000,17
ac19_54895,YXYXyx,YYYYxYXyxyXyXXX,1,101755,1000,19
ac19_54898,YXyXXyx,YYXyxYxxxyxYX,2,101767 104930,1000,16
ac19_54906,YXXyXyx,YYxyxxyXX,2,101785 142512,1000,15
ac19_54912,YXXXXYx,YYXXXYXyyxx,1,101805,1000,17
ac19_54922,YXYXyx,YYYXyxyXXyXYYxx,1,101842,1000,17
ac19_54924,YXXyx,YYYXYXyyXyyXyXX,1,101851,1000,16
ac19_54928,YYXXyxx,YYYYxYxxYXX,1,101860,1000,18
ac19_54962,YXXyx,YYYXyyyXXXXYX,2,101945 121195,1000,17
ac19_54969,YXXyx,YYYYXyyxyxyxxYx,1,101956,1000,19
ac19_54995,YXYXyx,YYYXyxyXXyXyxxx,1,102032,1000,17
ac19_55007,YXyXXyx,YYxYxxYXyyxyxYX,2,102053 105109,1000,17
ac19_55008,YXXXyXyX,YYxxxYxyxyx,1,102054,1000,19
ac19_55009,YXXX,YYYXYYxyyyxyXyx,1,102061,1000,17
ac19_55016,YXXyx,YYYYXyxyyyXyXXX,1,102085,1000,18
ac19_55019,YXXXXyxYx,YXXYXXyXYxYXXX,2,102092 143359,1000,19
ac19_55030,YXYXyx,YYXXYYxYYXXXXXX,1,102131,1000,19
ac19_55036,YYXYXXyXyx,YYXYXYXyXyX,1,102144,1000,21
ac19_55039,YXYXyx,YYXXyXyxxxx,3,102152 124062 156238,1000,15
ac19_55062,YYXXXXyxxxx,YYXXXXYxxyxxx,2,102201 146908,1000,15
ac19_55068,YXXyx,YYYXyyyXXXXXYX,2,102210 148413,1000,19
ac19_55069,YXYXXYx,YYYxxyyXYXX,2,102212 129883,1000,14
ac19_55080,YXYXyx,YYYYxYXyXXyyx,2,102242 104082,1000,15
ac19_55081,YXyXXXyx,YYxYXyyxxYxyx,1,102243,1000,19
ac19_55087,YXXYx,YYXYYXyxYXXyx,1,102258,1000,15
ac19_55090,YXXYx,YYXYYXyXYXYxx,1,102267,1000,15
ac19_55092,YYXXyxYXXyxx,YYXXyxxYXXYXXyx,2,102270 150426,1000,18
ac19_55117,YXYXyx,YYXXyXyXyxxxx,1,102340,1000,19
ac19_55122,YXYXyx,YYYYYYXYxyyXXXX,1,102354,1000,19
ac19_55124,YXXyx,YYYYXXYXyyyXyXX,2,102365 116165,1000,17
ac19_55128,YXXXyxYx,YYYXYYXyX,1,102374,1000,17
ac19_55129,YXXX,YYYXYYxyyxyyXyX,1,102376,1000,19
ac19_55131,YXXyx,YYYXYXyXyyXXXXX,1,102386,1000,20
ac19_55133,YXyXXXyx,YYxYxyxyxYXXyxx,1,102390,1000,19
ac19_55135,YXYXyx,YYYYxyyXyXyxx,1,102394,1000,17
ac19_55148,YXYXyx,YYYXXXXYXyXYx,1,102425,1000,15
ac19_55153,YXyXXyx,YYxxxyxYxyxYX,2,102433 137720,1000,16
ac19_55164,YXXYxYxx,YYxxyxyXXyX,3,102466 110101 117821,1000,15
ac19_55170,YXyXXyx,YYYYxyyxYXXyyx,2,102487 121552,1000,16
ac19_55179,YXYXyx,YYXXXXyyxYxYx,2,102506 108496,1000,17
ac19_55182,YXYXyx,YYYYXXyxyyXyxxx,1,102512,1000,19
ac19_55200,YXXyXyx,YYYxyXYxyxyX,1,102560,1000,15
ac19_55208,YXYXyx,YYYxYxyxYXyyXXX,2,102577 137288,1000,19
ac19_55211,YXyXXyx,YYXXyXXYxxyxxyx,1,102588,1000,18
ac19_55212,YXXyXyx,YYYxxyxyXX,2,102589 137533,1000,15
ac19_55217,YXXXyXXYx,YXyxxxxxyx,2,102611 145613,1000,18
ac19_55233,YXYXyx,YYYYYxyyyXyXX,1,102669,1000,19
ac19_55239,YXXyx,YYYYXYxyyyyXXXX,1,102684,1000,19
ac19_55243,YXyXXyx,YYYxxyxyxYXXyx,1,102696,1000,16
ac19_55247,YYXXXYx,YYYXXYXyxyx,2,102706 108085,1000,15
ac19_55250,YXXX,YYYxyXYYXyyxyyx,1,102714,1000,19
ac19_55260,YYXXXYX,YYXyxxYXXXyx,1,102740,1000,15
ac19_55264,YXYXyx,YYYXyyyXXXYxx,2,102751 136907,1000,17
ac19_55280,YXyXXyX,YYXYxxxyyXXyx,1,102790,1000,17
ac19_55283,YXYXyx,YYYYxyyXXXYXX,1,102806,1000,17
ac19_55290,YXXyx,YYYYXyyXXyxyyX,1,102821,1000,15
ac19_55333,YXYXyx,YYXXyXXXXYYxxyx,1,102939,1000,19
ac19_55336,YXYXXXX,YYXXXXXyyxxYx,1,102942,1000,16
ac19_55352,YXYXyx,YYXYxxyyXXXXXYx,1,102989,1000,19
ac19_55364,YXYXyx,YYXyXyyXXYxxx,1,103035,1000,15
ac19_55377,YXYXyx,YYXyXyXyxyxxx,2,103066 139282,1000,19
ac19_55388,YXYXyx,YYXyXXXXYYxYxyx,1,103100,1000,19
ac19_55410,YXXyx,YYYYYXXXyXyyXyXX,2,103178 145532,1000,17
ac19_55419,YXyXXXyx,YYXXyxyxx,1,103213,1000,16
ac19_55422,YYXXYYXXX,YYXXYYxyXyXYX,1,103218,1000,17
ac19_55426,YXYXyx,YYYYXyXXXXYYx,1,103227,1000,19
ac19_55448,YXXX,YYYXyxyyxYYXyyX,1,103299,1000,19
ac19_55463,YXYXyx,YYYYYXyyXXXYx,2,103340 126604,1000,19
ac19_55470,YYXXyxx,YYxxYxxyXYXX,1,103356,1000,18
ac19_55476,YXyXXXyx,YYXyxyxxYXXyx,2,103371 121137,1000,17
ac19_55478,YXYXyx,YYXYYXyXXyyXyxYYx,2,103373 145830,1000,17
ac19_55479,YXYXyx,YYXyXyXXyxxxx,1,103376,1000,19
ac19_55487,YYXXYYXXX,YYXYYXXYXyXyx,1,103401,1000,17
ac19_55494,YXYxyx,YYYXyXXyxyxYx,1,103419,1000,15
ac19_55512,YXXX,YYYXXyxyyXYYXyX,1,103466,1000,15
ac19_55521,YXYXyx,YYXYYXXXXyXYx,1,103491,1000,15
ac19_55526,YXXXYxxxyX,YYXXYYxYXXX,1,103507,1000,14
ac19_55531,YXYXyx,YYXXXXXXyxxYx,1,103523,1000,15
ac19_55564,YXYXyx,YYXyyXXyxyxxx,2,103625 156288,1000,17
ac19_55594,YXYXyx,YYYYYXyxyyXXyxx,1,103704,1000,15
ac19_55601,YXYXyx,YYXyyXXyyxYxx,2,103723 152525,1000,17
ac19_55609,YXYXyx,YYYYxxyXXXXYXYxyX,1,103744,1000,19
ac19_55618,YXYXyx,YYYXyxyXXyxyyxxYx,1,103771,1000,21
ac19_55625,YXXyx,YYYYYXyxyyXyyXyX,1,103793,1000,19
ac19_55631,YXyXXXyx,YYXYxyXXyyx,2,103807 115996,1000,17
ac19_55633,YXXyx,YYYYXyyyXyyXXX,2,103809 109735,1000,18
ac19_55644,YXXXXyxYx,YXXYXXXXXXYx,1,103847,1000,13
ac19_55645,YXYXyx,YYYYxYYXyxyXXyX,2,103850 129856,1000,19
ac19_55656,YXYXyx,YYXXyXYXXYxYx,2,103889 129588,1000,17
ac19_55667,YXXyx,YYYYXYXyyxyyXXXX,1,103916,1000,19
ac19_55676,YYXXXYxx,YYXyXXyyxxx,1,103944,1000,13
ac19_55689,YXYXyx,YYYXXYxYxyXXX,1,103975,1000,15
ac19_55693,YXYXyx,YYYXXyxyXyXyxxx,1,103986,1000,19
ac19_55699,YXYXyx,YYXyyXXXXYxxxYX,1,103998,1000,19
ac19_55708,YXXX,YYYYYXyxyXyyxyX,1,104024,1000,19
ac19_55720,YXXyx,YYYXYXyyXyXXXXX,1,104052,1000,20
ac19_55737,YXYXyx,YYYYXyXXyyXYx,2,104099 121607,1000,15
ac19_55744,YXXyXYx,YYYxYXyxyyXX,1,104120,1000,11
ac19_55748,YXyXXyx,YYYxxyXyyXX,1,104130,1000,17
ac19_55763,YXYXyx,YYXyXXXXYXYxyXYYx,1,104165,1000,19
ac19_55777,YXYXyx,YYYYXYxYXyXXX,1,104194,1000,17
ac19_55778,YXYXyx,YYYXYYYXyXXXX,1,104195,1000,19
ac19_55798,YYXXYXyxx,YYYYYYXXyX,1,104263,1000,15
ac19_55804,YXYXyx,YYXyXXXXYYxyx,2,104283 152241,1000,15
ac19_55811,YXXyXYx,YYxyXYXXyx,1,104305,1000,15
ac19_55823,YXYXyx,YYYxyXXXyxyxx,2,104333 129581,1000,17
ac19_55837,YXYXyx,YYYXYxyXyyXyyxx,1,104373,1000,17
ac19_55845,YXYXyx,YYXYxYXyXyyXyxx,2,104387 120721,1000,17
ac19_55862,YXXyx,YYYXYYYxyyyXyXyX,1,104438,1000,18
ac19_55867,YXYXyx,YYYYxYXyxyXXyXX,2,104452 133208,1000,19
ac19_55871,YXYXyx,YYYXyyxyXyXXYYx,1,104458,1000,19
ac19_55888,YXYXyx,YYXXXYYxxYXyX,1,104496,1000,15
ac19_55899,YXXX,YYYXYYXyyyXyX,1,104547,1000,17
ac19_55936,YXyXXyx,YYYXXyyXXyyx,1,104677,1000,15
ac19_55939,YXYXyx,YYYXyXXyyxxxxyxyx,2,104686 131775,1000,19
ac19_55950,YYXXXXXXX,YYYxyyxyyx,1,104720,1000,19
ac19_55951,YXyXXyx,YYYXyyxxxYx,1,104721,1000,17
ac19_55959,YXYXyx,YYXYxyyXXXYYx,1,104739,1000,17
ac19_55963,YXYXyx,YYYYYYXYxyXXXXX,1,104753,1000,19
ac19_55971,YXYXXYx,YYXYxxyyXX,1,104779,1000,17
ac19_55973,YXYXyx,YYYYYYxyXyXXX,2,104785 114272,1000,19
ac19_55987,YYXXYx,YYYXYxxyXXYYX,1,104819,1000,17
ac19_56004,YXXyx,YYYXyXyyxyxxxxx,2,104870 154228,1000,20
ac19_56009,YXXYx,YYYXYXYxyyXyyx,1,104882,1000,15
ac19_56028,YXYxyx,YYXXXyXyxxx,2,104933 156745,1000,15
ac19_56062,YXYXyx,YYXXXXXYxyXYYxx,1,105039,1000,17
ac19_56067,YYXXXYx,YYXYYXXYXyx,1,105052,1000,14
ac19_56121,YXXyx,YYYXyyXyXyXXYYX,2,105204 120477,1000,19
ac19_56138,YXYXyx,YYYXXXXXXyxYxxx,1,105238,1000,17
ac19_56142,YXXYx,YYXYYxxyXYXXyx,1,105244,1000,15
ac19_56158,YXXX,YYYYYXyyXyxyxyx,1,105294,1000,17
ac19_56160,YXYXyx,YYXXYxYxYXyyX,3,105297 112422 124552,1000,15
ac19_56185,YXYXyx,YYYXyxyXyyxxx,1,105358,1000,17
ac19_56197,YXXX,YYYXyXYYxyyxyyX,1,105393,1000,19
ac19_56199,YYXXXXXYx,YYXXXyxxxYXXX,1,105395,1000,20
ac19_56201,YYYXXXX,YYYYYXyXyyyx,1,105401,1000,17
ac19_56205,YXXyx,YYYYXXYxyyxyyxx,3,105418 132370 140707,1000,17
ac19_56209,YXyXXyx,YYXXXyxxyxx,4,105428 132532 151641 155514,1000,17
ac19_56211,YXXXXYx,YYYYYXyXyyyx,1,105432,1000,19
ac19_56242,YXYXyx,YYYXXYxYXyXXX,1,105533,1000,15
ac19_56245,YXXYx,YYYXYYXYXXyx,4,105536 125661 140230 148217,1000,15
ac19_56249,YXXX,YYYXYYXyyyXyx,2,105548 147333,1000,17
ac19_56260,YXyXYXyxx,YYXyxYXXyx,2,105584 134805,1000,19
ac19_56265,YXyXXyx,YYXYxyxYxyxYXyx,2,105593 141217,1000,15
ac19_56277,YXYXyx,YYxYxyXXyxyXX,1,105632,1000,15
ac19_56304,YXYXyx,YYXyXyyxxYxYX,1,105701,1000,15
ac19_56306,YXXYx,YYXYYXyyXYXYYx,1,105706,1000,15
ac19_56326,YXYXyx,YYXYYXyXXyXyyxYYx,1,105784,1000,19
ac19_56328,YXyXXyx,YYXyxYxyxyXXX,1,105791,1000,17
ac19_56339,YXXYxxyx,YXYxxyXyXyX,1,105819,1000,17
ac19_56367,YYXXyxx,YYYxxxxYXyXX,1,105904,1000,18
ac19_56368,YXyXXyx,YYYXXyXyyxx,2,105905 138819,1000,17
ac19_56369,YXXXyxxYx,YYxYYxxyXX,1,105913,1000,19
ac19_56376,YXXyx,YYYXyxxyyXyXXYYX,2,105933 141673,1000,17
ac19_56392,YXXyx,YYYYXyXXyyXyyXX,2,105975 108282,1000,18
ac19_56395,YXYXyx,YYYXXXXXXYxxx,1,105986,1000,19
ac19_56400,YXYXyx,YYYYXyyyXXYxx,1,106012,1000,17
ac19_56402,YXyXXyx,YYXXyyxxyX,2,106017 143903,1000,15
ac19_56424,YXYXyx,YYYxxYXyyxyXX,1,106071,1000,15
ac19_56451,YXyXXyx,YYxxyxxyxYXYx,1,106139,1000,18
ac19_56464,YXYXyx,YYYYYxxyyXXXYxyyX,1,106179,1000,19
ac19_56496,YXYXyx,YYYYYXXYXyXXX,1,106277,1000,17
ac19_56504,YXYXyx,YYYxYxYXyyyXX,2,106301 115419,1000,19
ac19_56516,YXYXyx,YYYYYxyxxyXyXXX,1,106338,1000,19
ac19_56522,YXYXyXXYXyX,YYXXyXyXYXYXyX,1,106352,1000,17
ac19_56556,YXXYx,YYXYXyxxYXyyx,1,106455,1000,15
ac19_56568,YXXYx,YYXYXXyXYYxxyx,1,106483,1000,15
ac19_56572,YXYXyx,YYXYxxyXyyXyxxx,1,106492,1000,17
ac19_56575,YXYXyx,YYXyxyXXyyxxx,1,106499,1000,15
ac19_56581,YXYXXYx,YYXyyXYxxYX,1,106510,1000,17
ac19_56586,YXXyx,YYYXYYYXyXyxyXyXyX,1,106537,1000,18
ac19_56591,YXyXXyx,YYYYxxxxYXyxyx,2,106546 117572,1000,16
ac19_56595,YXXyXYx,YYXyXXYxyX,1,106558,1000,15
ac19_56604,YXYXyx,YYXYxxxYXyXyX,2,106579 132462,1000,15
ac19_56633,YXYxyx,YYXXyxxxYxYxx,1,106674,1000,17
ac19_56642,YXXyx,YYYXYYxYXyxyyXyXyX,2,106700 145286,1000,19
ac19_56653,YXYXyx,YYYxyXYXyXyXyxx,1,106738,1000,17
ac19_56654,YXYXyx,YYXYxyXyyXyyxxx,2,106740 132268,1000,19
ac19_56662,YXyXXyx,YYYYxxxYxyyx,1,106765,1000,16
ac19_56681,YXYXyx,YYYYXXyxyXyyxxx,1,106831,1000,19
ac19_56682,YXYXyx,YYYXYYYXXyXXX,1,106832,1000,19
ac19_56694,YXYXyx,YYXXXyXyxyxYx,1,106863,1000,17
ac19_56735,YXYXyx,YYYYYXXXXXXXYxxyX,1,106956,1000,19
ac19_56758,YXYXyx,YYYYYxyXyXXyX,1,107017,1000,19
ac19_56769,YXXyXYx,YYXYXyyxyXYx,1,107048,1000,16
ac19_56772,YXyXXXyx,YYXXyxYxyxxyX,1,107063,1000,17
ac19_56777,YXyXXyx,YYXYxYxyyxx,1,107076,1000,17
ac19_56782,YYXXyxx,YYYXXYxyXYx,1,107092,1000,15
ac19_56801,YXXYx,YYYXyxYYXXyx,1,107139,1000,15
ac19_56812,YXXX,YYYYYXyxxyyxyyX,1,107175,1000,17
ac19_56815,YXXYx,YYYYXyyyxyXYx,1,107184,1000,15
ac19_56825,YXXyx,YYYYXyXyXyyXyxxxx,2,107219 128205,1000,18
ac19_56829,YXYXyx,YYXXXyXyxxYYxyx,1,107226,1000,17
ac19_56840,YXYXyx,YYYYXXXXXXYYxyx,2,107254 120639,1000,19
ac19_56841,YYXXYxxyX,YYxyxYXXyX,1,107255,1000,16
ac19_56843,YYXyXYYXXyX,YYXyxxxxyyX,2,107260 133249,1000,20
ac19_56847,YXXyx,YYYYXYxyxyyyxx,3,107270 108735 136762,1000,17
ac19_56858,YXYXyx,YYXyyXyxyxYxx,1,107298,1000,17
ac19_56870,YYXXXyXX,YXYxyXyxx,1,107331,1000,15
ac19_56875,YXXYx,YYXXyxyxxYXyyx,1,107340,1000,15
ac19_56882,YXXYxxyX,YYxYXXyyXYX,1,107378,1000,15
ac19_56887,YXXX,YYXyyXXyyxYYx,1,107395,1000,17
ac19_56897,YYXXXyxxx,YYXXXYxYXYxx,1,107417,1000,16
ac19_56927,YXYXyx,YYYXyXXYXyXYx,1,107503,1000,15
ac19_56928,YXXyx,YYYYYXyxyyyXX,3,107504 110854 154081,1000,17
ac19_56937,YXXyx,YYYYXYxyxyyyXX,2,107520 148893,1000,17
ac19_56953,YXXyx,YYXYXyyXyyxxxxYYx,1,107561,1000,19
ac19_56957,YXXyx,YYYYXyyyxxyXyx,1,107570,1000,15
ac19_56960,YYXXyx,YXXyxxxxxyXyX,1,107582,1000,15
ac19_56970,YYXXyxx,YYYYXXYxYYxYx,1,107601,1000,16
ac19_56971,YXYXyx,YYXYxYXXyxyyXyyXYxYYx,1,107603,1000,21
ac19_56972,YXYxyx,YYXyXXyyXyxYXyx,1,107607,1000,17
ac19_56982,YXXYx,YYYXYYYXyyXYx,1,107626,1000,15
ac19_56985,YXYXyx,YYYXYYxxxyXXyXX,1,107630,1000,21
ac19_57007,YXYXyx,YYYxxYXyXXyyX,1,107703,1000,19
ac19_57009,YXXYx,YYYYXYXyXYxYYX,1,107705,1000,15
ac19_57016,YXYXyx,YYxYXYxYXyyXX,1,107723,1000,17
ac19_57020,YYXXXyXYx,YYXXyxYxyX,1,107731,1000,16
ac19_57023,YYXXyxx,YYYXXXYxxxYx,1,107737,1000,16
ac19_57027,YXXX,YYYXyyXYYXyxyyx,1,107748,1000,19
ac19_57045,YXYXyx,YYYYYXYYxyXXyXX,1,107795,1000,19
ac19_57053,YXXyx,YYYYXyyyxyyxxx,2,107814 151376,1000,18
ac19_57054,YXYXyx,YYYYYYxyXyyXX,1,107815,1000,19
ac19_57064,YXXyXyx,YYYXyxxyyXYx,1,107843,1000,15
ac19_57068,YYXXYYx,YYYXyyxyXYx,2,107850 146965,1000,16
ac19_57069,YXXXyxxYx,YYxxyXyXYX,1,107857,1000,15
ac19_57072,YYXXXyxx,YYYXXXXyXYx,1,107867,1000,15
ac19_57088,YXYXyx,YYYYxYXyXXXyX,2,107908 141075,1000,19
ac19_57094,YYXXYXXYx,YYXXyyxxYX,1,107920,1000,15
ac19_57100,YXXyx,YYYXYXyxyXyXXXXX,1,107936,1000,20
ac19_57133,YXYXyx,YYYXXyxyXyxxx,1,108013,1000,15
ac19_57164,YXXyx,YYYYYYXyyyxxyyx,1,108109,1000,16
ac19_57168,YXXYXXYxx,YYYXXXyyxx,1,108118,1000,17
ac19_57169,YXYXyx,YYXXyyXXyxYxxxx,1,108119,1000,19
ac19_57175,YXYXyx,YYYYXyXyXXXYx,2,108140 117189,1000,19
ac19_57179,YXXX,YYYXyXYYXyyxyyx,1,108160,1000,19
ac19_57191,YXYXyx,YYXXyXXXXyxYxxYxyxx,1,108200,1000,21
ac19_57192,YXXyxYXXyxx,YYXXyxYXyXYXyX,1,108201,1000,16
ac19_57198,YXYXyx,YYXXyXXyxYxyxYxyx,2,108223 123744,1000,17
ac19_57201,YXYXyx,YYYYxYXyyyXXX,2,108229 120562,1000,19
ac19_57209,YXYXyx,YYXYxyyXXyyxx,2,108241 149442,1000,15
ac19_57210,YXXX,YYYYYXyyXyXyx,2,108244 140923,1000,17
ac19_57218,YXYXyx,YYYXXyXXXXYYx,2,108281 144776,1000,19
ac19_57220,YXXyx,YYYYXyyyXyXXXXXyX,1,108284,1000,19
ac19_57234,YXyXXyx,YYYxyxyxYYXyx,2,108313 114474,1000,16
ac19_57255,YXYXyx,YYYXyxyyXyXYYxx,1,108382,1000,17
ac19_57258,YXYXyx,YYYXyXyyXYYxx,2,108392 155877,1000,17
ac19_57267,YXYXyx,YYXYxxYxyXXyXXX,1,108424,1000,21
ac19_57270,YXYXXXX,YYYXyXXyyXYx,1,108430,1000,16
ac19_57276,YXYXyx,YYXXXXyyXYYxx,1,108442,1000,17
ac19_57286,YYXXXyXX,YYXyxYxxyyX,1,108459,1000,18
ac19_57292,YXYXyx,YYXXXyXyxxxxx,2,108468 150846,1000,17
ac19_57294,YYYXXyxxyyX,YYXXyxxxxxx,1,108470,1000,17
ac19_57295,YXYXyx,YYXXXyxyXXYYxxx,1,108473,1000,17
ac19_57315,YXYxyx,YYYYXXyxxxxyX,1,108554,1000,15
ac19_57324,YXXXX,YYYYXyyxyyx,2,108574 144546,1000,16
ac19_57361,YYXXYYXXX,YYYXyyyXYx,1,108679,1000,15
ac19_57368,YYXYXXXYx,YYXXXXyxxx,2,108690 110234,1000,17
ac19_57371,YXYXyx,YYXYxYYXXyXXX,2,108705 145445,1000,19
ac19_57372,YXXyx,YYXYXYxyXyXyXXXX,2,108714 136260,1000,16
ac19_57411,YYXXYYXXX,YYXyXyxyxx,1,108830,1000,15
ac19_57417,YXXyXYx,YYYxyxxyXyX,1,108838,1000,15
ac19_57418,YXXyx,YYYXYYxYXyxyXyyXyX,2,108847 156303,1000,18
ac19_57426,YXYXyx,YYYYXYxYxyXXyXX,1,108866,1000,19
ac19_57450,YXyXXyx,YYYxyxxYxyyX,1,108925,1000,15
ac19_57475,YXYXyx,YYXXyXyxyxYxx,1,109027,1000,17
ac19_57491,YXYXyx,YYXyXXyyxxxyxxx,1,109079,1000,19
ac19_57500,YXYXyx,YYXXXXXXYYxYx,2,109108 110603,1000,19
ac19_57517,YXYXXYx,YYxyXXYXyx,1,109152,1000,17
ac19_57521,YXYXyx,YYYxyyXXyxyxx,2,109161 155041,1000,17
ac19_57543,YXYXyx,YYYxyXYXyyyXyxx,1,109218,1000,17
ac19_57544,YXyXXyx,YYxyXyxYXYXYxyxYxyx,2,109219 129258,1000,16
ac19_57551,YYXXXXXyX,YYxyXXXXXX,3,109239 126490 155675,1000,16
ac19_57572,YYXXXYx,YYxYXYxYXXXX,1,109303,1000,16
ac19_57579,YXYXyx,YYYXyyXyXXYYxyx,1,109325,1000,19
ac19_57580,YXXXYxYx,YYXXXXYYxxx,1,109326,1000,13
ac19_57607,YXXXyXYx,YYxxyXXYXyX,1,109383,1000,17
ac19_57614,YXYXyx,YYYxYXXyXXXYXYxyX,1,109393,1000,19
ac19_57622,YYXXXXYX,YYYYXXyyX,1,109413,1000,17
ac19_57626,YXYXyx,YYXXyxyXXXYYxxx,2,109425 133771,1000,19
ac19_57641,YXYXyx,YYXyXXXXXYYxxyx,1,109462,1000,19
ac19_57642,YXXYx,YYXXXYYxyXYxyx,1,109467,1000,15
ac19_57669,YXXYxxyx,YYxxyXYxxyXyXYX,1,109566,1000,17
ac19_57671,YXXYx,YYYXYYXyXyxyyx,2,109570 146803,1000,15
ac19_57702,YXYXyx,YYYXyXyyXyxxx,2,109674 129998,1000,17
ac19_57706,YXYXyx,YYYXyyXyxxxYX,1,109678,1000,15
ac19_57725,YYXXYXX,YYYYxyyXyyyx,1,109728,1000,15
ac19_57728,YYXXYXXYx,YYXXXyyxYx,1,109734,1000,16
ac19_57738,YXYXyx,YYYYXXXXXYYXX,2,109764 115063,1000,17
ac19_57755,YXXyx,YYYYXyxyyyxxYx,1,109802,1000,18
ac19_57760,YYXXXyX,YYYxyyxxxyyX,1,109811,1000,15
ac19_57765,YXXyx,YYYYXyxyyxyxxyxx,1,109824,1000,20
ac19_57768,YXXyx,YYYXyXyxyyxxxYYx,2,109829 120718,1000,18
ac19_57777,YXXyx,YYYXyyXyXyyXXYX,2,109850 133476,1000,19
ac19_57805,YXXyx,YYYXYYxyXyxyXyyyXYYx,1,109941,1000,19
ac19_57831,YXXYx,YYXYXYXXyXYYxx,1,110018,1000,15
ac19_57857,YXYXyx,YYYYXyXyXyyxx,2,110113 140921,1000,17
ac19_57862,YYXXXYX,YYYXXYXXyyx,1,110128,1000,16
ac19_57869,YXyXXXyx,YYxyxxyXYXXyX,1,110157,1000,17
ac19_57883,YXYXyx,YYYXXYXXXXYYx,1,110189,1000,17
ac19_57889,YXYXyx,YYXyXXYXXXyXYxxxx,1,110210,1000,19
ac19_57892,YYXYXYxYX,YXXyXYxYx,1,110216,1000,16
ac19_57910,YXYXyx,YYYXyXXXXXYYxYX,1,110276,1000,19
ac19_57915,YXXYxxyX,YYXXyyXYxYX,1,110290,1000,17
ac19_57916,YXYXyx,YYxYxyXXyyxyx,1,110295,1000,17
ac19_57917,YXXYxxyx,YYYxxYxxyXXYx,1,110296,1000,17
ac19_57918,YXYXyx,YYXXYXyXXYYxx,1,110297,1000,15
ac19_57921,YXYXyx,YYXXyXYXXYYxx,2,110303 129108,1000,17
ac19_57933,YXXYx,YYYYXXyXYXYxx,1,110333,1000,15
ac19_57948,YXXYx,YYXyyXXyxxxyyx,1,110371,1000,15
ac19_57956,YXyXXyX,YYxyXyxYXYXyxyx,1,110395,1000,17
ac19_57975,YXYXyx,YYYxYXYxyXXyX,2,110435 144804,1000,15
ac19_57978,YXYXyx,YYYXXyXXXYxYx,2,110442 122306,1000,19
ac19_57992,YYXXXYxx,YYYXYYXXyyxyx,1,110483,1000,19
ac19_58000,YXYXyx,YYYYXYxyXXXXX,2,110515 117049,1000,17
ac19_58014,YXYXyx,YYXyXyXXXYYxx,2,110554 117132,1000,19
ac19_58022,YXYXyx,YYXYxxyXyXXXYxx,1,110594,1000,17
ac19_58035,YXYXyx,YYXYYxyyXXyyXYx,1,110630,1000,17
ac19_58054,YXYXyx,YYXyXYXyXYXyXYxxx,1,110671,1000,17
ac19_58061,YXXXXX,YYYYXyyxyyx,1,110683,1000,17
ac19_58062,YXXyXYx,YYxxxyXXYXyX,1,110685,1000,11
ac19_58079,YYYXXXyyxx,YYYYXYxyyyXXYYX,1,110730,1000,17
ac19_58086,YXYXyx,YYXyxyXyyxxYx,1,110749,1000,15
ac19_58105,YXXYx,YYXXXYxyxYYxyX,1,110801,1000,15
ac19_58115,YXYXyx,YYYYXXXXXXyxx,1,110832,1000,3
ac19_58118,YXYXyx,YYXXXyxyXyxxYYx,1,110837,1000,17
ac19_58123,YXXYXXyx,YYxxyXYXXXXyX,1,110851,1000,17
ac19_58131,YXyXXyx,YYYXyxyxxxYXyx,1,110874,1000,18
ac19_58142,YXyXXyx,YYXyXyxxyxYYXyx,2,110916 145693,1000,17
ac19_58148,YXXyXyx,YYxxyxYYxxxx,1,110945,1000,18
ac19_58149,YXyXXXyx,YYxyXyxyXYX,1,110951,1000,19
ac19_58168,YXyXXyx,YYXyxYYxYxxyxyx,2,111011 124198,1000,17
ac19_58174,YXYXXYx,YYxxYXXyX,2,111031 126547,1000,16
ac19_58183,YXYXyx,YYXYxYXyXYXyXXyXYxx,1,111062,1000,19
ac19_58191,YXyXXXyx,YYXXyxxyx,2,111080 154611,1000,11
ac19_58210,YXYXyx,YYYYxyXXyXXYX,1,111134,1000,19
ac19_58222,YXXyx,YYYXyXyxyxxxxYx,2,111168 130874,1000,19
ac19_58226,YXXyx,YYYXyyXyxyXXXYYX,2,111187 134532,1000,19
ac19_58252,YXYXXYx,YYXyXYxyXYx,1,111239,1000,16
ac19_58267,YXXXYxx,YYXXXyyxxxYX,1,111294,1000,14
ac19_58270,YXYXyx,YYXYYxYxyXXyX,2,111301 122814,1000,17
ac19_58302,YXYXyx,YYYxyyxyyXyXXYx,1,111379,1000,17
ac19_58312,YXyXXyx,YYYXXyyxxx,1,111397,1000,17
ac19_58326,YXYXyx,YYYYYYXyXXyxyXX,1,111424,1000,19
ac19_58330,YXXYx,YYYXYxxxYXXyyX,1,111433,1000,15
ac19_58334,YXXyx,YYYYXXYxYxyyyXyXyX,1,111446,1000,19
ac19_58348,YXXyXyX,YYYxxyXyxx,1,111475,1000,16
ac19_58350,YYXXyxx,YYXYxxxYxyXX,1,111481,1000,16
ac19_58352,YYYXXXXX,YYYXXXyyx,2,111484 115335,1000,13
ac19_58357,YXYXyx,YYYXXXyXXyxYxxx,1,111507,1000,19
ac19_58399,YXXX,YYYYYXyXyXyyX,1,111622,1000,17
ac19_58410,YYYXXXYXX,YYYXXYYXyyX,1,111646,1000,16
ac19_58411,YYXXyx,YYXXXXYxxxYXX,1,111648,1000,15
ac19_58412,YXYxyx,YYXXyXyxxxx,4,111649 113429 143288 156444,1000,15
ac19_58413,YXyXXXyx,YYYxyxYXyxYxxyXyX,2,111651 126069,1000,19
ac19_58414,YXYXyx,YYXyyXXyXYYxx,2,111652 121550,1000,17
ac19_58416,YXXyXyx,YYXyyXXyxyX,1,111661,1000,14
ac19_58424,YXYXyx,YYYYYXXyXXXYxyXYX,2,111672 154771,1000,19
ac19_58429,YXyXYxx,YYYYXYXXYxx,1,111686,1000,15
ac19_58436,YXyXXXyx,YYXXyxyXYxxyX,1,111711,1000,15
ac19_58443,YXXyXyxx,YYYxyxyxxYX,1,111732,1000,17
ac19_58476,YXYXyx,YYXYxYYXyXyXX,2,111818 125136,1000,17
ac19_58505,YXyXXyx,YYXXXyyxxxx,2,111906 116397,1000,17
ac19_58509,YXXXyxYx,YYxxyXXYX,1,111915,1000,17
ac19_58513,YXXYx,YYYYXyXyxyxyyx,1,111941,1000,15
ac19_58515,YXXYx,YYXyxYXXXYxyyx,1,111946,1000,15
ac19_58522,YXYXyx,YYYYxxyxxyXXXyX,1,111962,1000,19
ac19_58530,YXYXyx,YYYYXyXXXXXYx,2,111982 114510,1000,19
ac19_58536,YXXX,YYYXXYYXyyyxyyx,1,112004,1000,17
ac19_58543,YXYXyx,YYYXyxyyXXyyxYx,1,112026,1000,17
ac19_58544,YXYXyx,YYYxYxyXXyXYX,2,112030 115448,1000,19
ac19_58553,YXXXyxYxx,YYYxxxyyXX,1,112050,1000,17
ac19_58556,YXXyXYx,YYXYXXXXXyx,2,112064 123149,1000,15
ac19_58570,YYXXYxYxyX,YXYxyXYxxyX,1,112095,1000,20
ac19_58597,YXXYx,YYYXYXYYXyXYYx,1,112169,1000,15
ac19_58604,YXXyx,YYYXYYxyXXyyxyxx,1,112183,1000,18
ac19_58622,YXYXyx,YYXYxyXXyXyyxYx,1,112231,1000,17
ac19_58627,YXXYx,YYYxxyyXYXXyx,1,112244,1000,15
ac19_58632,YXYXyx,YYYXyXyyyxYXyxx,1,112251,1000,17
ac19_58643,YYXXXXYX,YYYXXXXyyxx,1,112290,1000,13
ac19_58660,YXXYXXyx,YXyXYxyXXYx,2,112334 153097,1000,17
ac19_58661,YXyXXXyx,YYxyxxyXXXX,1,112335,1000,19
ac19_58673,YXYXyx,YYYXyXyXXXYYxyx,1,112373,1000,19
ac19_58678,YXXyx,YYYYXyyyyxxYxx,1,112387,1000,18
ac19_58690,YXXYx,YYYYXXyXXYxxyx,1,112415,1000,15
ac19_58692,YXYXyx,YYYYXXyXXXXYx,2,112424 155701,1000,19
ac19_58707,YYXXXYx,YYXYXXyyxx,1,112463,1000,16
ac19_58740,YXyXXXyx,YYXyyxYxyxxYx,1,112571,1000,19
ac19_58745,YXXYx,YYXYYxxyyXXXyx,1,112590,1000,15
ac19_58754,YXXYx,YYYXYXyXXYxyx,3,112611 129318 138133,1000,15
ac19_58757,YXYXXYx,YYXyyxxYXyxYXX,1,112615,1000,16
ac19_58767,YYXXXXXYx,YXyxxxyXyxx,1,112653,1000,15
ac19_58768,YYXXyxxxxyX,YYXXXXYXXyyX,1,112658,1000,17
ac19_58769,YXYXyx,YYXYxYxYXXXyX,1,112662,1000,17
ac19_58770,YXYXyx,YYYYXXXXXXYxxyX,1,112664,1000,17
ac19_58774,YXYXyx,YYYXyyXXXYxYX,1,112675,1000,15
ac19_58776,YXYXyx,YYXYxyXXyXXyxxx,3,112677 135021 140962,1000,17
ac19_58845,YXYXyx,YYXyXXyyxyxxx,2,112870 123062,1000,19
ac19_58863,YXYXyx,YYYXYYYXXXXXX,1,112941,1000,17
ac19_58872,YXXX,YYYXYYxyyXyyX,1,112971,1000,17
ac19_58887,YXXXX,YYYYXyyxyxxyyx,1,113030,1000,16
ac19_58890,YXXYx,YYYXYYxyXXXyxx,1,113040,1000,15
ac19_58895,YXyXXyx,YYYYxyXXyxyx,1,113048,1000,15
ac19_58908,YXYXyx,YYxYXYxyXXyyXyx,3,113083 114545 127520,1000,15
ac19_58912,YXYXyx,YYYXyyXXXYYYx,1,113090,1000,19
ac19_58926,YXXX,YYYYxYxyyyXyXyx,1,113130,1000,19
ac19_58964,YXXYx,YYXYYXyyxYXyyx,1,113245,1000,18
ac19_58971,YXYXyx,YYXXXyXyyxxyxYx,1,113267,1000,21
ac19_58973,YXYXyx,YYYYxYXyXXXYX,2,113272 155333,1000,19
ac19_58974,YXyXXyx,YYYxxyyXXyX,2,113275 152673,1000,15
ac19_58985,YXYXXYx,YYXyxyXXYYx,2,113308 118444,1000,17
ac19_59003,YYXXXYxx,YYYxxyxyXXX,1,113353,1000,19
ac19_59012,YXYXyx,YYYYXYxYxyXyXXX,1,113376,1000,21
ac19_59049,YXXYx,YYYXXYYYxyyxyX,2,113480 119666,1000,15
ac19_59074,YXYXyx,YYYYXyXyXXyxx,1,113558,1000,17
ac19_59078,YXYXyx,YYXYxyyXXXyxxxx,1,113563,1000,17
ac19_59090,YXYXyx,YYYXXYXXyyxxx,1,113589,1000,15
ac19_59120,YYXXYYXXX,YYYXXYYXXYXyX,1,113680,1000,15
ac19_59145,YYXXXXyXX,YXyxxyXXYxx,2,113748 146847,1000,17
ac19_59162,YYXXyx,YYYYxyyXXYX,2,113799 135598,1000,15
ac19_59165,YXyXXyx,YYXyxYxxyxyXX,1,113819,1000,16
ac19_59170,YXyXXXyx,YYXyyxxYXyxYxyxYx,1,113830,1000,19
ac19_59183,YXXXXX,YYYYXyyxyyX,1,113868,1000,17
ac19_59200,YXXXXyXyX,YYxYxyxxyx,1,113914,1000,18
ac19_59205,YXXyXyx,YYXXXXyyXyxx,1,113928,1000,14
ac19_59207,YYXXyxx,YYYXYxxyxYX,1,113933,1000,15
ac19_59211,YXYXyx,YYXXyXXXyxYxxxx,2,113941 152000,1000,19
ac19_59227,YXXyx,YYXYYxyyXyxyXyXXX,1,113989,1000,18
ac19_59255,YXYXyx,YYYXXXXYXXYYx,2,114076 121960,1000,19
ac19_59260,YXYXyx,YYYYYxyXyXXXX,1,114084,1000,19
ac19_59271,YYYXXXXX,YYYXyyxxyyx,1,114111,1000,19
ac19_59277,YXyXYxx,YYYXXyxyxYx,1,114132,1000,13
ac19_59280,YXYXyx,YYXYxYXXyXXYx,1,114136,1000,15
ac19_59281,YXyXXXyx,YYYxyxxxx,1,114138,1000,17
ac19_59283,YXXYx,YYYYYXXYYXyxYX,2,114145 131002,1000,15
ac19_59290,YXYXXYx,YYYxxYXYXXXX,1,114155,1000,14
ac19_59294,YXYXyx,YYYxYXyxyXXyyXYYx,1,114169,1000,19
ac19_59301,YXYXyx,YYXXyyXXYxxxx,1,114182,1000,15
ac19_59307,YYXYxyXXyx,YYYxyyXYxyX,1,114201,1000,15
ac19_59330,YXXYx,YYXYxxyyxYYXXX,1,114259,1000,15
ac19_59331,YXYXyx,YYYXXXXXyXYYx,2,114262 136915,1000,19
ac19_59338,YXYXyx,YYXXYXyyXyxxx,1,114292,1000,15
ac19_59340,YXyXXyx,YYYxxyxxxYXyx,1,114298,1000,17
ac19_59353,YXYXyx,YYYXXYYxyyXXX,1,114317,1000,15
ac19_59358,YXyXXyx,YYYYxyXXyxxxx,1,114328,1000,17
ac19_59363,YXXYx,YYYXYXYYxxyyyX,1,114337,1000,18
ac19_59368,YYXXXXYX,YYXyyxYYXXX,1,114350,1000,17
ac19_59380,YXYXyx,YYYXyyXyyxxYx,2,114398 143486,1000,19
ac19_59388,YYXXYXYXX,YYYYXXyxxyXXyx,1,114422,1000,17
ac19_59393,YXYXyx,YYYxxyXXXyXYX,2,114444 118429,1000,17
ac19_59397,YXXyx,YYYYXYXyxyyyxx,3,114458 125730 130513,1000,17
ac19_59400,YYXXXyx,YYXyyxyxyxx,2,114466 147567,1000,15
ac19_59404,YYXXyx,YYXXXYXXXXYYx,1,114480,1000,15
ac19_59424,YXyXXXyx,YYXyXYxyxyx,1,114534,1000,15
ac19_59436,YXyXXXyX,YYYXyXXyyyX,1,114562,1000,13
ac19_59446,YXyXXyx,YYXYxyxyxYx,1,114609,1000,17
ac19_59449,YXYXyx,YYYxYYxyXyyXX,2,114616 126330,1000,19
ac19_59460,YXXYx,YYYXyyXXyyxxxx,1,114647,1000,15
ac19_59474,YYXXyx,YYXYYxxyXXX,1,114688,1000,15
ac19_59478,YXYXyx,YYYXYYXyXXXYx,1,114693,1000,17
ac19_59479,YXYXyx,YYXyyXXYXYYxx,1,114695,1000,17
ac19_59481,YXYXyx,YYXYYxxYXXyXX,1,114698,1000,17
ac19_59518,YXXYx,YYXyXYxyxYXyx,1,114801,1000,15
ac19_59531,YXYXyx,YYYXYxyXyyXyxxx,1,114842,1000,17
ac19_59537,YXyXXyx,YYYxxxyyxYx,1,114861,1000,17
ac19_59545,YXYXyx,YYXXXyxyXyyxxYx,1,114884,1000,19
ac19_59549,YXYXyx,YYXYxyXXXyXyyxYYx,1,114904,1000,19
ac19_59555,YXXYx,YYYYXYXYYYXXyx,1,114920,1000,18
ac19_59563,YYXXYxYXX,YYXXYYXXyxx,1,114954,1000,14
ac19_59572,YXXYx,YYXYXyXYYXYxx,1,114989,1000,15
ac19_59576,YYXXXXyx,YXyxxxYXXyx,1,115001,1000,17
ac19_59581,YXYXyx,YYXXYXXXyXYYx,1,115012,1000,15
ac19_59598,YXYXyx,YYYYXXYXXXXXXYx,1,115064,1000,19
ac19_59599,YXXX,YYYYXYxyyXyxyyX,1,115065,1000,19
ac19_59606,YXXyx,YYYXYXyxyXXyXXXX,1,115091,1000,20
ac19_59611,YXYXyx,YYXYYXXyXyxxx,1,115099,1000,15
ac19_59615,YXYXyx,YYYXYxyXyXXyxxx,1,115106,1000,17
ac19_59628,YXYXyx,YYYXXXXyXXYYxyx,1,115138,1000,19
ac19_59629,YYXXXXYX,YXXXyXXYxxx,1,115143,1000,15
ac19_59663,YXYXyx,YYXyyXXyxxxxxYX,1,115218,1000,19
ac19_59679,YXXyx,YYYYXyyyXXXXXX,1,115278,1000,19
ac19_59683,YXyXXyx,YYYYxyxxxx,3,115293 136713 152545,1000,17
ac19_59689,YXXyXyxx,YYxxYxyxxYX,1,115314,1000,15
ac19_59696,YXYXyx,YYYXYxyXXyyxx,1,115332,1000,15
ac19_59700,YXXyx,YYYYXyxyyxyyyxYx,2,115342 132364,1000,18
ac19_59701,YXXYXXyX,YYYXyyyxx,1,115343,1000,17
ac19_59703,YXYxyx,YYYXXyXyxxx,2,115347 142732,1000,15
ac19_59714,YYXXyyXYx,YXYXXyXYx,1,115375,1000,14
ac19_59719,YYXXXYx,YYYYYYXXXXyx,1,115385,1000,13
ac19_59744,YXYXyx,YYYXyyXXYxyXYYx,1,115458,1000,17
ac19_59749,YXYXyx,YYXXXyXYxYXYx,1,115472,1000,15
ac19_59769,YXXXX,YYYYXyyxyyxyxx,1,115532,1000,16
ac19_59776,YXyXXXyx,YYXXyXYXyxYxxxyyX,1,115557,1000,17
ac19_59794,YXYXyx,YYXXXyyxYxxyx,1,115622,1000,15
ac19_59800,YXXX,YYYYXyyXYxyyxyx,1,115640,1000,17
ac19_59807,YXyXXyx,YYXYxyyXyxx,2,115665 147696,1000,17
ac19_59831,YXYXyx,YYXYxYxxyXyyX,1,115753,1000,15
ac19_59834,YXXXyXyX,YYxyxYxxxyX,6,115759 139136 150421 151379 152257 152380,1000,15
ac19_59836,YXYXyx,YYYxyXXyxyyxx,2,115763 151254,1000,17
ac19_59869,YXXYx,YYXyxYXyxxxyyX,1,115859,1000,15
ac19_59890,YXYXyx,YYYXyyyXyyxxx,2,115925 134552,1000,19
ac19_59897,YXYXyx,YYYYXyxyyXXXXYx,2,115954 154742,1000,19
ac19_59901,YYXXXXyxxx,YXXYxxxyXXXYx,1,115966,1000,17
ac19_59903,YXXyx,YYYYXyXyyyXYXXX,1,115977,1000,18
ac19_59905,YXYXyx,YYYxxxYXyXYXXyX,1,115983,1000,19
ac19_59921,YXXYx,YYXXXYXXyyxYYxx,1,116029,1000,15
ac19_59922,YXXX,YYYXYYXyyxxyyyX,1,116037,1000,17
ac19_59923,YXYXyx,YYYYxyxYXyyyXXX,2,116042 148149,1000,19
ac19_59929,YXYXyx,YYYYYxyyyXXyX,1,116071,1000,19
ac19_59930,YXXYx,YYYXXyyxyyxYYX,1,116073,1000,18
ac19_59939,YXYXyx,YYXXyyXyxxxYX,1,116099,1000,15
ac19_59950,YXYXyx,YYYxxYXyxyXXXyX,1,116133,1000,17
ac19_59973,YXyXXyx,YYXyxYYxxYXyyxyx,2,116219 142110,1000,17
ac19_59975,YXyXXyx,YYxyxYxyxxYXX,1,116222,1000,16
ac19_59980,YXXyx,YYYXyyyxxyxxYYx,1,116253,1000,18
ac19_59983,YXXYx,YYYXYYYXXyxyyx,1,116261,1000,18
ac19_59986,YXYXyx,YYYYxYXyXXXYXYxyX,1,116272,1000,19
ac19_59994,YXXYxxyx,YXYxxxxYx,2,116302 146747,1000,17
ac19_60005,YXyXXyx,YYxyxyxYXyxYXYx,2,116340 124633,1000,17
ac19_60015,YXYXyx,YYXXYYxxyyXyX,1,116379,1000,15
ac19_60019,YXXyx,YYYXYXyXyXyXXXX,1,116389,1000,20
ac19_60021,YXXX,YYYYxYXyyyXyXyx,1,116395,1000,19
ac19_60030,YXYXyx,YYXYxYXXyyXyxYx,2,116421 137001,1000,15
ac19_60031,YXYXyx,YYXyXXXYYxxYX,1,116431,1000,17
ac19_60044,YYXXyx,YYYXXXXYxYXyx,1,116467,1000,15
ac19_60052,YXXyx,YYYYXyyyXyXXYX,1,116488,1000,18
ac19_60059,YXyXXyx,YYYXyyXYYxxyXyxyx,2,116508 129313,1000,17
ac19_60077,YXyXXyx,YYxYxyxYxyxyXYX,2,116557 144278,1000,17
ac19_60085,YXyXXyx,YYYXyyxxYXyx,1,116605,1000,16
ac19_60108,YXyXXyx,YYYxyxyxYXXyxYx,2,116660 124769,1000,17
ac19_60123,YXXyx,YYYYXyyyyxYxxx,2,116721 132294,1000,16
ac19_60139,YXYXyx,YYYXYxyyXyXXYxx,1,116790,1000,17
ac19_60142,YXXYx,YYYxyXYYXYXyyx,1,116795,1000,18
ac19_60154,YXXYxxyX,YYxxyXyXXyx,1,116840,1000,14
ac19_60157,YXXXYxxxyx,YYxxxxyXXXX,1,116844,1000,16
ac19_60184,YXYXyx,YYXXyXXXyxxxx,2,116920 131262,1000,17
ac19_60191,YXYXyx,YYXyXYXyXXXyxYxxx,2,116936 141462,1000,17
ac19_60214,YXXyx,YYYYXyxyXyxyxyxx,1,116993,1000,19
ac19_60218,YYXXXYxx,YYxxyXXyxYX,1,117016,1000,13
ac19_60225,YXYXyx,YYXYxxyXyyXXYxx,1,117027,1000,17
ac19_60269,YXXYx,YYXYXyyXXYxyxx,1,117161,1000,15
ac19_60278,YXYXyx,YYXYxxyXyyXXYYx,1,117184,1000,19
ac19_60280,YXXyx,YYYXyxyyXyyXXYX,2,117188 146711,1000,17
ac19_60282,YXYXyx,YYXyXXyyxxYYx,1,117193,1000,19
ac19_60286,YXXyx,YYYYXyyyXyXXXyXX,1,117206,1000,20
ac19_60289,YXYXyx,YYXyxxYxxYXyXXXXyxx,1,117213,1000,19
ac19_60291,YXXYx,YYXYXYYXXXYYxx,1,117224,1000,15
ac19_60301,YXXXXX,YYYYxyxxxyyxyyx,1,117250,1000,17
ac19_60311,YXYXyx,YYYYYYXyyXyXX,2,117282 137488,1000,19
ac19_60318,YXXyx,YYYYYYXyXyyXXyyX,1,117290,1000,18
ac19_60346,YXYXyx,YYYXyxyXXyXXYYx,2,117365 151559,1000,19
ac19_60353,YXXXX,YYYYxyyxyyyx,1,117383,1000,17
ac19_60354,YXXyx,YYYYYYXyxyyyXyX,1,117386,1000,16
ac19_60366,YXYXyx,YYXyXXYXyyxxx,1,117415,1000,15
ac19_60368,YXyXXyx,YYXYXyxyxxYxxYXyyx,1,117426,1000,19
ac19_60399,YXYxyx,YYxxYYxxYXYxx,1,117507,1000,15
ac19_60419,YXYXyx,YYYXYxyyXXyXYYx,1,117559,1000,17
ac19_60435,YXYXyx,YYYYXyxyyXyyxxx,1,117608,1000,19
ac19_60439,YXXXyXXyx,YYxxyxYXXyxx,1,117615,1000,17
ac19_60447,YXYXyx,YYXXyXXXYxYxxyx,1,117636,1000,17
ac19_60452,YXYXyx,YYXYYXyXXyyxxYx,1,117653,1000,19
ac19_60458,YXXyx,YYYYXyXyyyxyyxYx,1,117667,1000,19
ac19_60482,YXYXyx,YYXXyxyXyXXYYxx,2,117735 131647,1000,17
ac19_60492,YXYXyx,YYXXYYxxyyXXX,1,117767,1000,17
ac19_60500,YXYXyx,YYXYxxyXyyXXXYx,1,117789,1000,19
ac19_60511,YXXyx,YYYXXYxyyxyyxyxx,1,117837,1000,18
ac19_60514,YXYXyx,YYXyXYxxxYXyXyX,1,117843,1000,15
ac19_60525,YXXYx,YYYXYXyyXYxYYX,1,117879,1000,15
ac19_60541,YXXyx,YYYXyyxxyyXXYXYX,1,117933,1000,17
ac19_60562,YXXyx,YYYYXyyxxyXyyx,1,117991,1000,15
ac19_60580,YXYXyx,YYYXyyXYxyXXYYx,1,118066,1000,17
ac19_60587,YXYXyx,YYYxyXyyXXYxx,1,118079,1000,17
ac19_60620,YXyXXXyX,YYXXXyxyxxYxyXX,1,118193,1000,19
ac19_60633,YYYXXXXyxyX,YYXXXXXXXXX,1,118238,1000,16
ac19_60634,YXYXyx,YYXYYXyXXyyxxxx,1,118241,1000,19
ac19_60642,YXYXyx,YYYYxyXyxyyXyxx,1,118269,1000,17
ac19_60650,YXYXyx,YYXXXXXXXYxxyXYYx,1,118292,1000,19
ac19_60676,YXYXyx,YYYYXyXYXXXXXYx,1,118388,1000,19
ac19_60679,YXYXyx,YYYXYxyyXXXXYxx,1,118394,1000,17
ac19_60690,YXXX,YYYYXYXYXyyyXyX,1,118428,1000,17
ac19_60691,YXYXyx,YYYYxyXyXXXYX,1,118430,1000,19
ac19_60693,YXXyx,YYYYXXYxyyXyyxxx,2,118433 125111,1000,18
ac19_60696,YXYXyx,YYYYXYxxyXXXX,1,118455,1000,17
ac19_60714,YXYXyx,YYXYxyXXyXyxxYx,1,118518,1000,17
ac19_60727,YXXYx,YYYXyyXXYYxx,2,118555 118895,1000,15
ac19_60734,YYXXyxx,YYYXYxYYXXYx,2,118594 121775,1000,16
ac19_60754,YXYXyx,YYXyyXyyxYYxx,3,118655 145633 148358,1000,17
ac19_60763,YXyXXyx,YYYXyXYxxxyxx,1,118689,1000,17
ac19_60770,YXyXXXyx,YYXXXXyyxyX,1,118705,1000,19
ac19_60781,YYXXyxx,YYXYXYxYxYX,1,118741,1000,18
ac19_60798,YXYXyx,YYXYYxxxyXyXX,1,118798,1000,17
ac19_60810,YXYXyx,YYYYxYXyXXyXX,2,118834 142254,1000,19
ac19_60831,YXYXyx,YYXXXXXyyxYxxyx,1,118876,1000,17
ac19_60861,YXXYxxyx,YXyxYxYXXyxxx,1,118952,1000,17
ac19_60885,YXXYxYxxx,YYXyxxyXyX,1,119018,1000,14
ac19_60886,YXXXYxx,YYYXXXyyxx,1,119019,1000,14
ac19_60895,YYXXXXX,YYYXyyXyyxxxx,1,119037,1000,15
ac19_60903,YXYXyx,YYXyXXXXYYx,3,119048 119897 137386,1000,17
ac19_60914,YXYXyx,YYxYxyXYXyyXX,1,119081,1000,15
ac19_60918,YXYXyx,YYYYYYXyyXXXX,1,119089,1000,19
ac19_60923,YXYXyx,YYYYYXyyXXXXYxxyX,1,119112,1000,19
ac19_60927,YXXYx,YYYYXYXXyxxYX,1,119122,1000,15
ac19_60945,YXXYx,YYYXYXyxYXXyx,1,119179,1000,15
ac19_60953,YXYxyx,YYXYXyyXyxxYx,1,119222,1000,15
ac19_60966,YXYXyx,YYYxYxyXXyxyXXX,1,119255,1000,19
ac19_60989,YXYXyx,YYYYXyyyXXYYx,2,119323 131530,1000,19
ac19_60993,YXXyXyxx,YYYxYxxxxYX,2,119332 120993,1000,17
ac19_61001,YYXYYXyyx,YYXXXXYxx,1,119363,1000,18
ac19_61003,YYXXXYX,YYXyXyxxxYXX,1,119372,1000,15
ac19_61042,YXYXyx,YYxxYXyXyxyXX,2,119485 140474,1000,15
ac19_61045,YYXXXYxyX,YYXyxxYXyX,2,119494 129307,1000,18
ac19_61057,YXXX,YYYYXyyxYXyyxyx,1,119527,1000,17
ac19_61058,YXYXyx,YYYYYXyXXXXYxyX,2,119528 120045,1000,17
ac19_61062,YXYXyx,YYXyyXXXyxxxx,1,119539,1000,17
ac19_61096,YXYXyx,YYXYYxYXXyXXX,1,119632,1000,19
ac19_61102,YXYXXXX,YYYYXyXyXXyx,1,119646,1000,16
ac19_61145,YXYXyx,YYYYxyXyXXXYYXX,1,119765,1000,19
ac19_61157,YXYXyx,YYYXXXXXXYYYxyx,2,119798 154360,1000,19
ac19_61172,YXYXyx,YYYYXYxxYXXXXyX,1,119846,1000,19
ac19_61188,YXXX,YYYYXyxyyXYxyyx,1,119896,1000,19
ac19_61206,YXXyx,YYYYXYxyyXyXyXX,1,119937,1000,17
ac19_61208,YXYXyx,YYYxxxYXyxyyXyX,1,119939,1000,17
ac19_61215,YXYXyx,YYYYxyXXXyXYx,1,119968,1000,17
ac19_61220,YXYXXXX,YYYXXyyyxYX,1,119977,1000,16
ac19_61238,YXXyXyx,YYxyXXXyyX,1,120033,1000,16
ac19_61248,YXYXyx,YYYxxxYXyXyXX,2,120054 153108,1000,19
ac19_61251,YYXXYxxyX,YYXYXXyyxx,1,120059,1000,16
ac19_61253,YYXXyxx,YYYYYYXYXYxxYYX,1,120061,1000,16
ac19_61261,YXYXyx,YYXyXXXXXYxYXYx,1,120081,1000,19
ac19_61283,YXYxyx,YYXYXyxxxYYxx,1,120152,1000,15
ac19_61286,YXXYx,YYYYxxYXyXXXyx,1,120165,1000,15
ac19_61317,YXYXyx,YYXyXXyyxYXyxxx,1,120248,1000,17
ac19_61324,YXXyx,YYYXyXyxyXyyXXXYX,1,120263,1000,18
ac19_61329,YXYXyx,YYXyXYxYYxyXyXX,1,120279,1000,15
ac19_61343,YXYXyx,YYYYYxyXXXYXX,1,120318,1000,17
ac19_61349,YXXX,YYYYXyxyxyyyXYx,1,120341,1000,17
ac19_61355,YXXX,YYYYXyyxxxyyX,1,120354,1000,13
ac19_61358,YXyXXXyx,YYYxxxxyXyx,2,120363 154401,1000,17
ac19_61367,YXYXyx,YYYXXXyXyxxYxyx,1,120393,1000,17
ac19_61369,YYYXXXX,YYYXXXYXyyx,1,120400,1000,13
ac19_61373,YXXyx,YYXYYXyyxyyXXyXX,1,120410,1000,20
ac19_61388,YXXX,YYYXyxyxYYXyyyx,1,120460,1000,17
ac19_61397,YXXyXyx,YYYYXyyxxxyX,1,120488,1000,15
ac19_61403,YXXXyXyx,YYYxyXyxx,1,120512,1000,17
ac19_61411,YXYXyx,YYYxyxxYXyXyX,1,120522,1000,15
ac19_61433,YXYXyx,YYXXXyyXYxYxx,1,120575,1000,15
ac19_61444,YXXyXYx,YYXYXXXyXyxx,1,120624,1000,15
ac19_61475,YXXyx,YYYYYXyyyxyXXXX,1,120712,1000,19
ac19_61483,YXYXyx,YYXyXyxyXyxYYxx,1,120737,1000,17
ac19_61488,YXYXyx,YYYYXXXXXYxyX,1,120755,1000,15
ac19_61494,YXYXyx,YYYXXXXyyyxYxyx,1,120767,1000,19
ac19_61497,YXYXyx,YYYYxyxYYXXyXXX,2,120777 121947,1000,19
ac19_61532,YXYXyx,YYYXyXXyxyyxx,1,120866,1000,17
ac19_61537,YXYxxYXyx,YYXyyxYXyxYXyyx,1,120877,1000,16
ac19_61538,YYXXYxxxxYx,YYXXyxxxYYx,1,120879,1000,19
ac19_61545,YXYXyx,YYYYYxyxxyXXXXX,1,120909,1000,19
ac19_61563,YXXyx,YYYYXyyyyXXXyX,2,120961 130972,1000,18
ac19_61566,YXYXyx,YYYXYxyXXyyXyxx,1,120967,1000,17
ac19_61567,YXYXyx,YYXXXXyxyxYYx,1,120970,1000,15
ac19_61570,YXYXyx,YYYYYXyxyXXXX,2,120974 133624,1000,17
ac19_61573,YXYXyx,YYXyXyXXXYxxxYX,1,120987,1000,17
ac19_61586,YXyXXyx,YYXYxxxyxYXyx,1,121026,1000,15
ac19_61597,YXXX,YYYXYxyyxYxyyyX,1,121051,1000,19
ac19_61606,YXyXXyx,YYYXyxxxxxx,2,121097 131671,1000,18
ac19_61628,YXYXyx,YYXYxyXXyXYXyXYxx,3,121157 137016 156007,1000,17
ac19_61640,YXXyx,YYYXyyxyyXXXXX,2,121212 128734,1000,18
ac19_61653,YYXXXXyx,YXYxxyXyX,1,121251,1000,17
ac19_61665,YYXXXyx,YYXyyXYYXXX,1,121280,1000,15
ac19_61668,YXXX,YYYYYxyXyXyyXyx,1,121285,1000,19
ac19_61669,YXYXyx,YYYYxyyxyXXyyxx,1,121289,1000,19
ac19_61673,YXXX,YYYYxyyXyxyyx,1,121299,1000,17
ac19_61678,YXyXXXXyx,YYXyXXyxyX,2,121314 137748,1000,18
ac19_61685,YXXX,YYYXyxyyXYYXyyx,1,121340,1000,19
ac19_61695,YXYXyx,YYYYYXyXXXyxx,1,121366,1000,15
ac19_61702,YXXyx,YYYXYYXyXyyXyXXX,1,121380,1000,18
ac19_61705,YYXXXyxx,YYxxxyxyXXX,1,121384,1000,15
ac19_61736,YXXyx,YYYYXyXyxyxyxyxx,1,121480,1000,18
ac19_61746,YXYXyx,YYXYYXXXXXXXYYx,1,121514,1000,19
ac19_61754,YXYXyx,YYYXXyXyXyxxx,2,121546 144233,1000,17
ac19_61767,YXXyx,YYYYYXyXyyyxyyx,1,121576,1000,12
ac19_61770,YXYXyx,YYYXYxxyyyXXX,2,121595 147185,1000,17
ac19_61796,YXYXyx,YYXyyXyXYYxxx,1,121697,1000,17
ac19_61824,YXXXYxx,YYYYYXXXyxyx,1,121777,1000,18
ac19_61829,YYXXXXYxxx,YYXYYXXXYxx,1,121790,1000,11
ac19_61835,YXYXyx,YYXXyXXYXXYYx,2,121802 140854,1000,19
ac19_61852,YXXyXyX,YYXyyxYxxx,2,121866 135850,1000,16
ac19_61871,YYXXXXyxxx,YYXXYYXXXXYxxYX,1,121913,1000,19
ac19_61874,YXXyx,YYYXYxYxyyXyXyXX,1,121925,1000,17
ac19_61881,YXYxYXXYx,YYXYYXYxyXyx,1,121943,1000,17
ac19_61882,YXXyx,YYYXyyyXyXXYYx,2,121950 125984,1000,17
ac19_61907,YXYXyx,YYXyxyXXXXYxYYx,1,122037,1000,19
ac19_61968,YXYXyx,YYXXyXXXyxxYxxyxx,1,122251,1000,19
ac19_61970,YYXXXYx,YYxyXyxYXYX,1,122257,1000,14
ac19_61995,YYXXyxx,YYxxyXXXYxyX,1,122339,1000,16
ac19_62000,YXXYx,YYYXYXXyXYxyxx,1,122358,1000,15
ac19_62033,YXXyx,YYYXyyXyXXXXYX,2,122427 151424,1000,19
ac19_62038,YXXX,YYYXYYxyxyyyXyx,1,122444,1000,17
ac19_62056,YXYXyx,YYYYYxyXXyXXX,1,122487,1000,19
ac19_62069,YXXYxxyx,YXXyXyxxYXXXyxx,1,122538,1000,19
ac19_62081,YXXYx,YYYxyXXYXXyxyx,1,122575,1000,15
ac19_62118,YYYXXXXX,YYYXYXXXyyx,1,122712,1000,19
ac19_62129,YXYXyx,YYYYXyxyyyXyxxx,1,122741,1000,19
ac19_62145,YXYxYXXYx,YYXXyxxYXXyxx,1,122816,1000,21
ac19_62156,YXXYxxyx,YYYxxyxyXYXyX,1,122875,1000,15
ac19_62169,YXYXyx,YYYxxYYXyXyXX,1,122905,1000,19
ac19_62180,YXXXyxYx,YYXYXYXyXYx,1,122957,1000,17
ac19_62183,YXYXyx,YYXYYxYXXXyyX,1,122961,1000,17
ac19_62188,YXXYx,YYXYxyXXYYxyX,1,122975,1000,15
ac19_62192,YXXyx,YYYXYxyyyXXXXX,2,122987 152229,1000,18
ac19_62200,YXXX,YYYXyyxyyxYYXyx,1,123009,1000,19
ac19_62216,YXXYx,YYXYxxyxyXXyyx,1,123082,1000,15
ac19_62223,YXXyx,YYYXyxYYXyyyxx,1,123105,1000,15
ac19_62236,YXYXyx,YYXyXYXXXXYYx,2,123141 127939,1000,17
ac19_62237,YXyXXyx,YYxYYxyxYxyxyXX,1,123142,1000,18
ac19_62288,YXyXXyx,YYXXXyXXXyyxyxx,1,123282,1000,18
ac19_62305,YXXyx,YYXYYXyxyXyXXXXX,1,123342,1000,19
ac19_62312,YXYXyx,YYXYxxyXXyyxx,1,123368,1000,15
ac19_62315,YYXXXyX,YYYxyXyyX,1,123378,1000,15
ac19_62328,YXYXyx,YYXXyXyXYYxxx,1,123417,1000,17
ac19_62336,YXYXyx,YYYYxYXyxyyXXXX,1,123439,1000,19
ac19_62338,YXXXyxxYx,YYXYxYYxYXYx,1,123443,1000,19
ac19_62351,YXYXyx,YYYYXXYXXXXYx,2,123469 124685,1000,15
ac19_62368,YXYXyx,YYYXYxxxyXXyX,1,123520,1000,17
ac19_62371,YXXX,YYYXyyxyXYYxyyx,1,123539,1000,19
ac19_62373,YXyXXyx,YYXXYxxyXXyxyxx,1,123542,1000,18
ac19_62384,YXXyxYXXyxx,YYXyXXXXYXXyX,3,123565 131181 132768,1000,17
ac19_62387,YXYXyx,YYXYxxyXXyXyyxx,1,123576,1000,19
ac19_62397,YXYXyx,YYXyyXyXYXYxx,2,123616 146431,1000,17
ac19_62402,YXXYx,YYYXYxyyXXyx,1,123628,1000,15
ac19_62410,YXYXyx,YYYXXyXYXXXYx,1,123658,1000,17
ac19_62433,YXYXyx,YYXXyXyyxYYxx,1,123720,1000,17
ac19_62436,YXYXyx,YYYxxyXXXYxyX,2,123731 145380,1000,15
ac19_62437,YXyXXXyx,YYXYxyXyxyX,1,123733,1000,19
ac19_62459,YXXyx,YYYXyXyXyyXXXYYX,1,123799,1000,18
ac19_62472,YXXX,YYYYXyyxyxyyXYx,1,123850,1000,17
ac19_62479,YXyXXyx,YYXyXyyxyXX,1,123867,1000,17
ac19_62487,YXYXyx,YYXyyxyXXyxxx,1,123894,1000,15
ac19_62507,YXXYxxyX,YYYYXYXXyXX,1,123934,1000,14
ac19_62510,YXXXXYx,YYXXXyxYXyx,1,123943,1000,17
ac19_62517,YXYXyx,YYxYXYxyXXyXX,2,123968 140989,1000,17
ac19_62543,YXYXyx,YYYxxYXyXXyyXyx,1,124041,1000,17
ac19_62569,YXXX,YYYXYYXyxyyXyyx,1,124118,1000,19
ac19_62582,YYXXXYx,YYXXYXyyxx,1,124142,1000,14
ac19_62584,YYXXyxx,YYxYxyXXX,1,124145,1000,16
ac19_62598,YXXYx,YYYXXXYxxYYXYX,1,124183,1000,15
ac19_62603,YYXXyxx,YYXXYxYxYX,1,124194,1000,16
ac19_62605,YXYXyx,YYYYYxyXXyxyXyX,1,124197,1000,17
ac19_62609,YXYXyx,YYYYxyyXXyXYx,1,124213,1000,17
ac19_62612,YXXYxxyxx,YYxxxxYXXyx,2,124218 148895,1000,15
ac19_62639,YXXYx,YYYXYxyyyXyyx,1,124314,1000,15
ac19_62641,YXYXyx,YYYXyyXXYxxYX,1,124317,1000,15
ac19_62654,YXXX,YYYXyxyyXYYxyyx,1,124351,1000,19
ac19_62661,YXYXyx,YYXyyXXyXYxxx,1,124368,1000,15
ac19_62671,YXyXXyx,YYXXyXYXyyxxyx,1,124388,1000,18
ac19_62675,YYXXyxx,YXYXXXYxYxx,1,124402,1000,16
ac19_62676,YYXXXXXyX,YYYXXXXXXyyX,2,124406 148477,1000,16
ac19_62686,YYXXXyxxx,YYXXyXyyxx,1,124449,1000,15
ac19_62718,YXYXyx,YYXXyxyXXXXYYxx,2,124553 139357,1000,19
ac19_62731,YXyXYxx,YYXYxYYXXyx,1,124603,1000,15
ac19_62747,YXYXyx,YYXYxyXyXXyxxYx,1,124662,1000,17
ac19_62752,YXXyx,YYYYXyXyyXyXXyXX,2,124670 128557,1000,20
ac19_62774,YXYXyx,YYXYYxYYxyXyyXX,1,124732,1000,21
ac19_62787,YXYXyx,YYXyxyXyXyXYYxx,1,124761,1000,17
ac19_62801,YYXXYYXXX,YYXYXyXyxx,1,124808,1000,15
ac19_62814,YXYXyx,YYYxyXXXYYxyX,2,124841 131895,1000,13
ac19_62816,YXYXyXXYXyX,YYYXyXXXYXyXyx,1,124848,1000,19
ac19_62842,YXYXyx,YYYYxxyXXXyyX,1,124931,1000,17
ac19_62850,YXYXyx,YYXYYxxyXyXXX,2,124948 145821,1000,19
ac19_62852,YXXyx,YYXYYXyxyXyyXyXX,1,124956,1000,16
ac19_62853,YXYXyx,YYXXyXyyxxxxx,1,124962,1000,19
ac19_62870,YXYXyx,YYXYYxxxyXyyX,1,125026,1000,17
ac19_62875,YXYXyx,YYxYXyyXXYxYX,1,125043,1000,15
ac19_62887,YYYXXXYXX,YYXyyxxYXX,1,125086,1000,15
ac19_62905,YXXX,YYYXyXYYxyyxyyx,1,125139,1000,19
ac19_62907,YXYXyx,YYXyXYXXXYYxx,1,125148,1000,17
ac19_62936,YXXYx,YYXyyXXYxyxyx,2,125245 152762,1000,15
ac19_62938,YXYXyx,YYYxxYYXyxyXyXX,2,125248 135344,1000,19
ac19_62953,YYXXXyXYX,YYxyXyxyx,1,125280,1000,15
ac19_62973,YXXXyXyX,YYYxxxyxyxx,1,125329,1000,15
ac19_62974,YXYXyx,YYYxYXYxyyXXX,1,125336,1000,17
ac19_62976,YXYXyx,YYXXXyyXyxYxx,1,125348,1000,15
ac19_62990,YXyXXyx,YYxxyxYxxxyxYXX,1,125369,1000,17
ac19_63003,YXXyx,YYYYXYxyyyxyyXyX,1,125409,1000,18
ac19_63005,YXYXyx,YYYxyyXXYxyXX,1,125415,1000,13
ac19_63006,YXYXyx,YYXyXXXXYxYXYYx,1,125417,1000,19
ac19_63014,YXyXXyx,YYYYxyXyxxx,1,125434,1000,17
ac19_63016,YXXXXyxYx,YYYxxyXyXX,1,125442,1000,13
ac19_63028,YXyXXXyx,YYXyXYxxyxyXX,1,125476,1000,19
ac19_63036,YXYXyx,YYYYYxxyXXXXX,1,125493,1000,19
ac19_63042,YXXYx,YYYXYXyxYYXyyx,1,125503,1000,18
ac19_63047,YXYXyx,YYYYXyxyyXXyxxx,1,125515,1000,17
ac19_63051,YXYXyx,YYYYxYXyXXXYxyXYX,1,125522,1000,19
ac19_63053,YXYXXYx,YXYxYXXYxyXyXyxx,1,125527,1000,17
ac19_63070,YXXYxxyx,YYxyxYxxyXX,1,125584,1000,15
ac19_63093,YXYXyx,YYXyXXyyxxxYX,1,125648,1000,15
ac19_63109,YXYXyx,YYXyXYxxxxYxyXXyX,1,125686,1000,17
ac19_63121,YXYXyx,YYXYxxyXyXyyxxx,1,125729,1000,19
ac19_63135,YXYXyx,YYXyXyXXYXYYx,1,125784,1000,19
ac19_63143,YXYXyx,YYXXyyXXyxYxx,1,125807,1000,15
ac19_63149,YXYXyx,YYXXXyXXyxxxx,1,125820,1000,17
ac19_63183,YYXXYYXXX,YYXXXXYYxyX,3,125925 127363 148336,1000,17
ac19_63184,YXYXyx,YYYXyxyyXXyxxYx,1,125926,1000,17
ac19_63201,YXYXyx,YYYXXXyXXyxxx,3,125971 137170 155184,1000,17
ac19_63210,YXyXXyx,YYXYXyxyxxYxYxxyx,1,125985,1000,19
ac19_63239,YXYXyx,YYXYxYXyXXyyxYx,1,126076,1000,15
ac19_63242,YXXYxxyx,YYXXXyXyxxyxx,1,126084,1000,17
ac19_63245,YXYXyx,YYXXXXyyxxyxYxx,1,126098,1000,21
ac19_63246,YXYXyx,YYYYXYxyXyyXXYx,1,126105,1000,17
ac19_63266,YXXyXYx,YYXXXYYXXXX,1,126155,1000,18
ac19_63274,YXYXyx,YYYYxyxYXXyyXXX,2,126174 144609,1000,19
ac19_63288,YXYXyx,YYYYxyXXyyyxx,2,126227 134329,1000,19
ac19_63296,YXXyx,YYYYXyyyxyxxyxx,1,126248,1000,19
ac19_63327,YXXX,YYYYYXyXyxyxyyx,1,126367,1000,17
ac19_63348,YXyXXyx,YYXYxxYXyxyxx,1,126427,1000,17
ac19_63358,YYXXXYx,YYXYxYxyyXX,1,126469,1000,16
ac19_63364,YXXyx,YYYYXyyyyXyxxx,1,126481,1000,14
ac19_63365,YYYXXyXYxyX,YYXXXyxYXyx,1,126483,1000,18
ac19_63368,YYYXXXXX,YYYXyyXXXYx,1,126498,1000,19
ac19_63376,YXYXyx,YYXXXYYXXXYYx,1,126519,1000,15
ac19_63383,YXYXyx,YYXyXyyxYXyxxYx,2,126531 142975,1000,17
ac19_63384,YXXXXX,YYYYXyxyyyx,1,126532,1000,17
ac19_63402,YXYXyx,YYXyXXXyXXYxxxx,1,126591,1000,19
ac19_63405,YXYXyx,YYYYYxYXyxyXXXX,2,126596 156519,1000,19
ac19_63410,YXXYxxyx,YYxYXyxYxyx,1,126609,1000,17
ac19_63425,YXXyx,YYYXyxyyXyXXXYYX,1,126660,1000,18
ac19_63428,YXYXyx,YYXyyXXXYYxxx,2,126666 139830,1000,19
ac19_63460,YXXyx,YYYYYXXXyyXyyxxxx,1,126772,1000,19
ac19_63493,YXXyx,YYYXYXYXyyxxyyxx,1,126843,1000,18
ac19_63497,YXYXyx,YYYYxYXyxyyyXXX,2,126864 127812,1000,19
ac19_63503,YXYXyx,YYXXyyXXXYYxxyx,1,126876,1000,19
ac19_63507,YXXyx,YYXYYxyXXyyxyyxxxx,1,126892,1000,19
ac19_63513,YXXyx,YYXyyxyxxxxxYxYx,2,126918 131989,1000,20
ac19_63532,YXXyXyxx,YYxYXyyxx,1,126976,1000,17
ac19_63548,YYXXXYX,YYXyXXYxyx,2,127033 151898,1000,15
ac19_63556,YYXXyxxyx,YYxxyXYxyx,1,127046,1000,15
ac19_63573,YXYXyx,YYYXXXXXXXYYxyx,1,127102,1000,19
ac19_63590,YXXYXXyX,YYYXXXyXYXXyyxx,1,127159,1000,17
ac19_63607,YXYXyx,YYYXyxyXXXXYYxx,1,127221,1000,19
ac19_63616,YXYXyx,YYXXYxxxYxyXXyX,1,127251,1000,17
ac19_63632,YXyXXyx,YYXXYxxxxyx,2,127315 150853,1000,16
ac19_63655,YXXyx,YYYYXyXyyxyxyxx,1,127395,1000,19
ac19_63665,YXXyx,YYYXYYYXyxyyXyXyX,1,127412,1000,18
ac19_63673,YXYXyx,YYYYXXXXXXXYxYX,2,127430 143838,1000,19
ac19_63678,YYYXXXyxx,YXXyxxxxyXX,1,127440,1000,17
ac19_63687,YXXyx,YYYYXyxxyyyyXXX,2,127467 144402,1000,18
ac19_63689,YXYXyx,YYYXyXXyXYXYx,1,127472,1000,17
ac19_63693,YXYXyx,YYYxxYXyXXyXX,1,127492,1000,19
ac19_63697,YYYXXXX,YYXYXyyxYYXYXXX,1,127499,1000,18
ac19_63700,YXYxyx,YYXXyyxxxYxyX,2,127515 141684,1000,15
ac19_63705,YXYXyx,YYXyyXXyxxYxx,1,127525,1000,17
ac19_63708,YXXyx,YYYXYYXyyxyXyXXX,1,127534,1000,18
ac19_63716,YXyXXyx,YYXXyyXyxyX,2,127567 135532,1000,15
ac19_63734,YXXYx,YYXXXYYxxYXyyx,1,127614,1000,15
ac19_63737,YXyXYXyxx,YYXXyxYXyx,2,127625 133076,1000,19
ac19_63741,YXYXyx,YYYXYxxxxyyyXyX,1,127647,1000,19
ac19_63744,YYXXXYYxYXX,YYXYxyXyyxxYXX,1,127661,1000,15
ac19_63750,YXXyx,YYYYXyxyyxxxxx,1,127680,1000,18
ac19_63754,YXXX,YYYYxYxyyXyXyyx,1,127687,1000,19
ac19_63762,YXYxYXXyx,YYxyxyXXyx,1,127709,1000,15
ac19_63765,YXYXyx,YYYYXyXXXXyxx,1,127715,1000,15
ac19_63772,YYXXXyx,YYXyXXyyxYx,1,127735,1000,14
ac19_63779,YXYXyx,YYXYYxyXyXXYx,2,127751 147419,1000,15
ac19_63781,YXYXyx,YYXYxyXXyyXyxYx,1,127756,1000,15
ac19_63817,YXXYx,YYYYYXXYYXyyx,1,127877,1000,15
ac19_63820,YXXyx,YYXYYXyyxyyxYxxxx,1,127886,1000,20
ac19_63824,YXXyx,YYYXYXYXyyyXyXXX,1,127896,1000,18
ac19_63847,YXXyXYx,YYXXXYxxyXX,2,127966 147708,1000,15
ac19_63848,YXYXyx,YYYxYxyyXXXYX,2,127967 150294,1000,19
ac19_63860,YXYXyx,YYYxxYXyyXyyX,1,128001,1000,17
ac19_63873,YXyXXXyx,YYXyyxYXyxxYXyx,1,128034,1000,17
ac19_63876,YXYXyx,YYXyXXyXYXYYx,1,128045,1000,17
ac19_63877,YXXYxxyx,YYXXyXyxxYXyx,1,128055,1000,19
ac19_63884,YXXYx,YYXYXXyxYxxyyX,1,128101,1000,15
ac19_63896,YXXyx,YYYXYXyyxyxyxxYx,1,128135,1000,18
ac19_63897,YXXyx,YYYXyyXyXyXXXX,2,128137 141031,1000,18
ac19_63907,YXyXXyx,YYXYXyXyxYxxyyx,2,128155 142439,1000,17
ac19_63908,YXYXyx,YYYYXYxyyXyXXYx,1,128156,1000,17
ac19_63937,YXXyx,YYYYYXyXyyyXXX,1,128244,1000,19
ac19_63938,YYYXXXYXX,YYYYXXyyyx,1,128249,1000,17
ac19_63971,YXXyXyxx,YYYYxxyxx,1,128361,1000,17
ac19_63978,YXXyXYx,YYXXyxxYXXyxxyx,1,128389,1000,17
ac19_63987,YXXYx,YYXYYXYYXyXYYx,2,128414 140037,1000,15
ac19_63993,YYXXXYX,YXyxxxyXyXYx,1,128426,1000,15
ac19_63999,YXXyXyXyX,YYYXyxxxyx,1,128450,1000,17
ac19_64009,YXXXyXyX,YYxxyxYxxyX,1,128501,1000,15
ac19_64016,YXXXXX,YYYYXXXYXyyyxyX,1,128535,1000,17
ac19_64028,YXYXyx,YYYxyXyyXYxyXXYYx,1,128569,1000,19
ac19_64043,YXXyx,YYYYXyyxyyxYxxx,1,128625,1000,17
ac19_64047,YXXYx,YYXYYXXyxxxyyX,1,128632,1000,15
ac19_64053,YXYXyx,YYYXyyyXXXYYxyx,1,128641,1000,19
ac19_64057,YXXYx,YYYXYYXyXYXYYx,1,128652,1000,15
ac19_64069,YXyXXXyx,YYYxyxYxxxYXyyXyX,2,128691 152024,1000,19
ac19_64089,YXXX,YYYYYYXyyyxyyyX,1,128759,1000,19
ac19_64093,YXYXyx,YYYYYxyXXXyyX,1,128766,1000,17
ac19_64107,YXXyx,YYYYXYxyyyxyyXXYxyyX,1,128819,1000,19
ac19_64112,YXXyx,YYYYXyyxyyXXyXX,1,128828,1000,19
ac19_64159,YXYXyx,YYYxyyxyXXyXXYx,2,128971 129509,1000,19
ac19_64162,YXYxyx,YYXXXyXyXyxxx,1,128980,1000,17
ac19_64163,YXXYxxyx,YYXYXyXyXXyxxyx,1,128982,1000,11
ac19_64180,YXXX,YYYYXYxyyXyyX,1,129032,1000,17
ac19_64183,YXYXXYx,YYxxyxxyXyXX,1,129036,1000,16
ac19_64187,YXXYx,YYXYXXyxyXYYxx,1,129050,1000,15
ac19_64188,YYXXyxx,YYYYxxxxyXXX,1,129052,1000,19
ac19_64198,YXYxyx,YYXyxxYXyxYxx,1,129080,1000,15
ac19_64206,YXXyx,YYYYYXyyXyXyXXYxyX,1,129111,1000,20
ac19_64216,YXYXyx,YYYxYxyXyxyyXXX,1,129140,1000,19
ac19_64230,YXXYxxyX,YYXXyyXYx,2,129182 150558,1000,14
ac19_64253,YXyXXyx,YYxyXXyyxxYXX,1,129260,1000,15
ac19_64269,YXYXyx,YYYxyXXYYXyXX,1,129304,1000,13
ac19_64270,YXXyx,YYYXXXyyxyyxxxYYx,2,129305 130845,1000,18
ac19_64281,YXXXX,YYYYYXXXyyxyyX,1,129332,1000,16
ac19_64282,YXXyXyx,YYXyyXYxyxyX,1,129337,1000,17
ac19_64291,YXXyx,YYXYYxyyXyXXXXX,1,129354,1000,19
ac19_64300,YYXXXyx,YXXyXYxxxxxyX,2,129377 136727,1000,14
ac19_64323,YXYXyx,YYXYxxyXXyyXXYx,1,129439,1000,19
ac19_64363,YXyXXXyx,YYxyxyXYxYxxyXX,1,129545,1000,17
ac19_64367,YXYXXXX,YYYxxyyXyxyx,1,129560,1000,16
ac19_64370,YXXyx,YYYXYxYXyyXyXyXX,1,129563,1000,16
ac19_64372,YXXyxYXXyxx,YYXyXXXXXYxxyXXX,3,129568 136528 156684,1000,17
ac19_64373,YXXyx,YYYXYYXyxxyyyXXXX,1,129574,1000,19
ac19_64411,YXXyx,YYYYXyXyXyyxxYxx,2,129710 129848,1000,20
ac19_64413,YYXXyxx,YYYxxxxyXXX,1,129713,1000,18
ac19_64418,YXYXyx,YYYYxyxYXyXXyyX,1,129731,1000,17
ac19_64421,YXyXXyx,YYXXyyxxxYXyx,1,129736,1000,15
ac19_64423,YXYXXXX,YYYXXXXyyx,2,129743 133918,1000,14
ac19_64432,YXXYx,YYYXyxyyXYXYYx,1,129768,1000,15
ac19_64436,YXYXyx,YYXyXYXyXyxxx,1,129787,1000,15
ac19_64438,YYYXXXX,YYYYxyyXyyyx,1,129790,1000,18
ac19_64447,YXXYXXyx,YYXXYXyXyxx,1,129818,1000,17
ac19_64452,YXYxyx,YYXyxYYxxYxyX,1,129833,1000,15
ac19_64453,YXYXyx,YYXyXYXXXYxYx,2,129835 145435,1000,17
ac19_64464,YXYXyx,YYYYYXYxyXXXX,1,129872,1000,17
ac19_64486,YYYXXXXX,YYYXyyyXXYx,1,129930,1000,17
ac19_64510,YXYXyx,YYYYXyyXyXXYx,2,130008 140644,1000,19
ac19_64511,YXYXyx,YYXYxxYYXyXXX,1,130010,1000,17
ac19_64530,YXYXyx,YYXyyXyyxxxxyxxYX,1,130063,1000,19
ac19_64544,YXYXyx,YYYYxyxxyyXXX,1,130103,1000,17
ac19_64565,YXXYx,YYYXYXYYYXXyyx,1,130168,1000,18
ac19_64568,YXYXyx,YYXyXyXYXYYxx,2,130174 146308,1000,17
ac19_64573,YYXXyxx,YYxYXYXYxYX,1,130194,1000,17
ac19_64575,YXYXyx,YYXXXYxxxYxyXXXyX,1,130199,1000,19
ac19_64609,YXYXyx,YYYYXyxyXXyXyxx,1,130308,1000,17
ac19_64613,YXYXyx,YYXYYXyXXXYxx,1,130318,1000,15
ac19_64619,YXXXXXyXyX,YYxxxxxxyxx,1,130331,1000,16
ac19_64621,YXXX,YYYXYXyyXyyXYYX,1,130347,1000,17
ac19_64639,YXyXXyX,YYxyXXYXXyxyx,1,130399,1000,18
ac19_64649,YYXyxYXXyx,YYXyyXYxyxx,1,130441,1000,17
ac19_64674,YXyXXyX,YYxyXYXXXyxyx,1,130514,1000,17
ac19_64699,YXYXyx,YYXyXyxxyyxxx,1,130583,1000,15
ac19_64708,YXXYx,YYXYXXyxYYXyx,2,130613 133240,1000,15
ac19_64718,YXYXyx,YYYXYYxyXXXyX,1,130643,1000,17
ac19_64737,YYXXyxx,YYxYxyxYXX,1,130693,1000,15
ac19_64749,YXXXyXyX,YYXXyyxYxyx,1,130729,1000,15
ac19_64798,YXYXyx,YYYxYXyyXXyxx,1,130880,1000,15
ac19_64820,YXXX,YYYXYxyyyxYXyyX,1,130950,1000,19
ac19_64847,YXXyx,YYYXYYXyxxyyXyXXX,1,131037,1000,19
ac19_64854,YXXyx,YYYYYXYXyXyxyXyXyX,1,131052,1000,18
ac19_64878,YYXYXXXYx,YYXyxyXyxx,1,131143,1000,17
ac19_64885,YXyXXyx,YYYXyxyxYXyx,2,131174 137267,1000,15
ac19_64902,YXXyxYx,YYYYYXYXyx,1,131236,1000,16
ac19_64927,YYXXYxyxx,YYYYYxYYxx,1,131310,1000,18
ac19_64936,YXXyx,YYXYYXyxxyyXXXXX,2,131349 140674,1000,18
ac19_64968,YXXYx,YYYxyXXXyyxyx,1,131445,1000,15
ac19_64971,YXYXyx,YYXYxxYxyXyXyXX,1,131450,1000,21
ac19_64974,YXXXyXyX,YYxYxxyxyxx,1,131463,1000,17
ac19_64979,YYYXXXYYXXX,YYXXXYXXYYxyX,1,131488,1000,21
ac19_64980,YXYXyx,YYYYXyXXYxyXX,2,131492 152330,1000,13
ac19_64994,YXyXXyx,YYXyyxyXYxyXYXyyX,2,131528 144626,1000,16
ac19_65012,YXyXXXyx,YYYXyxYxyxYxyyX,1,131595,1000,19
ac19_65015,YXYXyx,YYXXXyxyXyxxxYx,1,131605,1000,19
ac19_65037,YXyXXXyx,YYXyXyyXYxyXX,1,131694,1000,19
ac19_65040,YXYxyx,YYXXyyxYxxx,2,131704 133096,1000,15
ac19_65042,YXYXyx,YYXXyyxyXyxxxxx,1,131708,1000,19
ac19_65047,YXYXyXXYXyX,YYXYXyXYXXyXyX,1,131721,1000,17
ac19_65049,YXXXyXyx,YYxyXXXyxyX,1,131727,1000,17
ac19_65061,YXXX,YYYXYYXYXyyXyyX,1,131760,1000,17
ac19_65071,YXXXYxx,YYYXXyxyxyyx,1,131785,1000,18
ac19_65072,YXYXXXX,YYXYYXyyXyx,1,131788,1000,16
ac19_65076,YXYXyx,YYYXXXYXyXYYx,2,131794 136021,1000,17
ac19_65079,YYXXXXyx,YYXXXyXYXXX,1,131804,1000,15
ac19_65086,YXXYx,YYXyxYXyxYxyX,1,131824,1000,15
ac19_65092,YXXXYxx,YYYYYXXyxYX,2,131837 143953,1000,17
ac19_65108,YXYXyx,YYYYXyyXXXYxx,1,131894,1000,19
ac19_65140,YXXyXYx,YYYxyyXX,1,132013,1000,15
ac19_65141,YXYXyx,YYXyXXXXYxxYx,1,132015,1000,19
ac19_65156,YYXXXYxx,YYYxxxyXXXX,1,132072,1000,13
ac19_65160,YXYXyx,YYXXyXyyxYxyx,1,132084,1000,15
ac19_65168,YXYXyx,YYXYxyXXyXyxxxx,1,132107,1000,19
ac19_65187,YXYXyx,YYYXyXXXyyxYx,1,132175,1000,17
ac19_65206,YYXXXYxx,YYXYYxxyXYX,1,132233,1000,19
ac19_65219,YXYXXXYXXXyxYx,YYxxxyxxxyXyXyX,1,132284,1000,21
ac19_65245,YXXyx,YYYXXXyyyxxxxxYx,2,132387 154186,1000,20
ac19_65247,YXXYxxyxx,YYXXyyXXyx,1,132390,1000,15
ac19_65253,YYXXXYx,YYXyxyXXXYxx,1,132414,1000,15
ac19_65258,YXYXyx,YYXXyyXyyxYxxyx,1,132428,1000,17
ac19_65270,YXYXyx,YYXYYxyXXyyxx,1,132468,1000,15
ac19_65277,YXXyx,YYYYXyyyXyXYXX,1,132486,1000,18
ac19_65281,YXXyx,YYYYXyxyXyyxyyxYx,1,132493,1000,19
ac19_65285,YXXYxxyX,YYXyxYYXXyX,1,132505,1000,11
ac19_65298,YXXYx,YYYXyyXXYxxyx,1,132543,1000,15
ac19_65325,YXXYxxyx,YYYxxxxyXyXYX,1,132627,1000,17
ac19_65326,YXXyx,YYYYYXyyxyyXyXyX,1,132629,1000,20
ac19_65356,YXYXyx,YYXXyXXXYxxYxyx,1,132726,1000,17
ac19_65374,YXYXyx,YYXYxYYxyXXXX,1,132772,1000,17
ac19_65392,YYXXyxx,YYYXXYYxxxxYX,1,132835,1000,19
ac19_65393,YXYXyx,YYxYYxyXyXYxyXX,2,132838 153918,1000,17
ac19_65423,YXyXYxx,YYYXYXyxxYx,1,132914,1000,13
ac19_65433,YXYXyx,YYYYXyXXXyxyx,1,132950,1000,15
ac19_65457,YXYXyx,YYYYYxYXXyxyXXX,2,133019 155016,1000,19
ac19_65458,YXYXyx,YYXyyXyyxxxxxyxyx,1,133020,1000,21
ac19_65461,YXXYx,YYYxxYXyXXXyyx,1,133025,1000,15
ac19_65481,YXXyx,YYXYXyxyXyXyXXXX,2,133073 155224,1000,19
ac19_65492,YXXYx,YYYYXYYXyXyxyx,1,133112,1000,15
ac19_65496,YXYxyx,YYYXyyxYxxx,3,133127 146631 146728,1000,15
ac19_65502,YYXXXYXX,YYYXXYXXyyx,1,133144,1000,17
ac19_65508,YXYXyx,YYYXXXXXYxYYX,1,133171,1000,17
ac19_65514,YXYXyx,YYYXXXyxyXXYYxx,1,133187,1000,19
ac19_65520,YXYXyx,YYYYxyXyXXyxx,1,133200,1000,15
ac19_65522,YXXyXyX,YYYxyyxYxxyX,1,133204,1000,16
ac19_65544,YXYXyx,YYYxxYXyxyXXyXX,1,133293,1000,19
ac19_65551,YXXYx,YYYXyXYXYYXYYx,1,133308,1000,15
ac19_65590,YXYxyx,YYYXyxxxYYx,1,133416,1000,15
ac19_65596,YXYXyx,YYXXyXXXYxYYxyx,2,133439 149004,1000,17
ac19_65599,YXYXyx,YYYXXYXyXXXYx,1,133444,1000,15
ac19_65603,YXXyx,YYYXyxYYXyyyXX,1,133461,1000,15
ac19_65630,YXyXYxx,YYXXyXyyxyx,1,133550,1000,15
ac19_65635,YXYXyx,YYXyxyXyXyxxYYx,1,133562,1000,17
ac19_65654,YXyXXyx,YYXyXYYxxxxyx,1,133607,1000,15
ac19_65657,YXYXyx,YYYxYxyyxyyXXyX,1,133615,1000,19
ac19_65678,YXXYx,YYXXyyXXYYxxyx,1,133673,1000,15
ac19_65680,YXYXyx,YYYxyXXXyXyxx,2,133678 138306,1000,17
ac19_65694,YXXXyXYx,YYxxyXyXYXX,1,133719,1000,17
ac19_65700,YYXXyx,YXYxyXyxxyXyx,1,133727,1000,15
ac19_65705,YXyXYxx,YYXXyyxYxYX,1,133735,1000,15
ac19_65706,YYXXXyx,YYYYXXyyXYXX,1,133737,1000,14
ac19_65707,YXXX,YYYYXyxyyxYXyyX,1,133742,1000,19
ac19_65717,YXYXyx,YYYXyxyXXXXYxxx,1,133773,1000,17
ac19_65737,YXXYxYxx,YYxyxyXyX,1,133848,1000,17
ac19_65750,YXYXyx,YYXXYxYYXXXyX,1,133885,1000,15
ac19_65753,YXXYxYxxx,YYYYXyXyxxx,1,133893,1000,17
ac19_65754,YXXXYxxxyx,YYxYYxxxyXX,1,133895,1000,16
ac19_65782,YXYXyx,YYXyyXyyxxxYxYX,2,133975 151856,1000,19
ac19_65783,YXYXyx,YYYxYxYXyyXXX,2,133977 136274,1000,19
ac19_65785,YXXyx,YYYXyxxyyXyyXXYX,2,133984 138907,1000,18
ac19_65810,YXXYx,YYYYXyyxyyXYx,1,134083,1000,15
ac19_65820,YXYXyx,YYxYxyXyxyXXyyx,1,134140,1000,17
ac19_65830,YXYXyx,YYXyXyXXXYxxx,2,134161 152089,1000,17
ac19_65837,YXXYx,YYYXYXXyyXYYYx,1,134178,1000,15
ac19_65898,YYYXXXYYXXX,YYXXYYXXXYXyx,1,134371,1000,17
ac19_65902,YXXYx,YYXYxxyxYXXyyX,1,134384,1000,15
ac19_65908,YXyXXyx,YYXXYxxyxxx,2,134402 136888,1000,17
ac19_65912,YXXYxYxx,YYYYXXyxYxx,1,134412,1000,17
ac19_65928,YXXX,YYYXyyXyXyyxYYx,1,134461,1000,19
ac19_65929,YXXyx,YYYXyyXyXyyXYXX,1,134466,1000,18
ac19_65932,YXXyx,YYYYXyXXyyyXXYX,1,134478,1000,19
ac19_65936,YXXYXXYxx,YYXXyyXYxx,1,134487,1000,17
ac19_65941,YXYXyx,YYYYYYXyXyxyXXX,1,134511,1000,19
ac19_65948,YXYXyx,YYXyXXXYxYxYX,1,134522,1000,15
ac19_65961,YXYxyx,YYXyxxxYxyXYx,1,134568,1000,15
ac19_65962,YXYXyx,YYYXYxyXXXyyxYx,1,134570,1000,15
ac19_65967,YXYXyXXYXyX,YYXyXyyxYYxyx,1,134586,1000,19
ac19_65971,YXXX,YYYXYYXyyXyyx,1,134610,1000,17
ac19_65974,YXXyx,YYYYXyyXyyXXXyX,1,134620,1000,19
ac19_65976,YXyXXyx,YYXyXyxyxYX,3,134622 139222 139800,1000,15
ac19_65984,YXXX,YYYYXyXyyXyyxYx,1,134636,1000,19
ac19_65990,YXYXYx,YYxyXXyyXYxyx,1,134648,1000,17
ac19_65996,YXXyx,YYYYXYXyyyxxyyyx,1,134674,1000,9
ac19_66001,YXXYXXyX,YYXXXYXyXyX,1,134693,1000,15
ac19_66015,YXYxyx,YYXyXXyyXXyyx,1,134737,1000,17
ac19_66017,YXXYx,YYYXYxyxxYXXyX,1,134739,1000,15
ac19_66024,YXyXXyx,YYXyxyxxYYx,2,134750 149030,1000,17
ac19_66030,YXYXyx,YYYXYxyXyXXXYxx,1,134765,1000,17
ac19_66032,YXYXyx,YYXyXXXXYYxYX,1,134769,1000,17
ac19_66033,YXYXyx,YYXyxyXyyxxxx,1,134773,1000,17
ac19_66035,YXYXyx,YYYYYxyXXyyXX,1,134779,1000,19
ac19_66075,YXXyx,YYYYXyyyXyXyXXYxyX,2,134867 150011,1000,20
ac19_66087,YXYXyx,YYYxYYXyxyXXyXX,1,134892,1000,19
ac19_66098,YXXYxYxx,YYYXyyyXyxx,1,134927,1000,17
ac19_66105,YYYXXXXX,YYYXyxyxyyx,1,134950,1000,19
ac19_66108,YXXX,YYYYYYXyyxyyyyx,1,134957,1000,19
ac19_66134,YXYxxYXyx,YYXyxyXXyxx,1,135048,1000,17
ac19_66147,YXXyx,YYYXYXyyXyyXXYX,1,135099,1000,17
ac19_66150,YXXyXyxx,YYYYxxYXyxx,1,135109,1000,17
ac19_66156,YXYXyx,YYXYYXyXXXXYx,1,135126,1000,17
ac19_66173,YXXYx,YYYXYXXXYxyyx,1,135174,1000,15
ac19_66177,YXYXyx,YYYXyyXXyyxYxyx,1,135185,1000,19
ac19_66179,YXYXyx,YYYxYXXyXXXYxYX,1,135198,1000,19
ac19_66182,YXYXyx,YYXXXyXXyxYxxyx,1,135202,1000,15
ac19_66184,YXXYXXyX,YYXXXyXYxyX,1,135209,1000,15
ac19_66187,YXyXXXyx,YYYXyXXyXyxyX,1,135212,1000,19
ac19_66196,YYXXYYx,YYXYxYXXyx,1,135235,1000,16
ac19_66208,YYXXXXXyX,YXyXXYxyx,1,135261,1000,16
ac19_66211,YXXyXYx,YYxxYXXyyXXX,1,135271,1000,16
ac19_66222,YXYXyx,YYYxyXXXyyxxx,1,135312,1000,19
ac19_66227,YXXYx,YYXYXXyxxYYXyx,1,135324,1000,15
ac19_66229,YXYXyx,YYYYYYXyxyXXXyX,1,135328,1000,19
ac19_66234,YXXyXyx,YYxxxxxxyXXX,1,135349,1000,14
ac19_66245,YXYXyx,YYYXYxyXXyXyXYx,1,135386,1000,17
ac19_66250,YYXXXyX,YYYXXyxxyyX,1,135398,1000,15
ac19_66266,YXyXXyx,YYYxyxxYYxyx,1,135440,1000,15
ac19_66268,YXXYx,YYYYXXYYXyyxYX,2,135446 138500,1000,15
ac19_66309,YXXYx,YYYYXYxxyXXXyx,1,135560,1000,15
ac19_66315,YXXyx,YYYXYXYxyXyyxyxx,1,135577,1000,18
ac19_66317,YXYXyx,YYYYxyxYxyXyXXX,1,135583,1000,19
ac19_66319,YXXyx,YYYYYYXXyyyyyx,1,135588,1000,15
ac19_66337,YXYXyx,YYYXYxyyXyyXXYx,1,135652,1000,17
ac19_66341,YXYXyx,YYYYXyyXXXYYx,1,135671,1000,19
ac19_66343,YXYXyx,YYYYYXYYYXXyXXX,1,135679,1000,21
ac19_66364,YXYXyx,YYYxyXXXyxxyx,1,135746,1000,15
ac19_66366,YYXXyxx,YYYXXYxxxxYX,1,135751,1000,16
ac19_66380,YXXyx,YYYYXyXyxyyyxx,2,135788 143029,1000,17
ac19_66385,YXYxYXXYx,YYYXXyxxYXYXYx,1,135807,1000,21
ac19_66394,YXyXXXyx,YYXyxYYxyxxyx,1,135831,1000,19
ac19_66425,YXXX,YYYYXYxyyyXyxyx,1,135937,1000,17
ac19_66432,YXXyx,YYYXyyyXyyXXXXYx,1,135957,1000,19
ac19_66441,YXYXyx,YYYXyxyXyXyxxxx,1,135986,1000,17
ac19_66459,YXYXyx,YYYYYXXyXXXYYXX,2,136037 143061,1000,19
ac19_66470,YXYXyx,YYXXXXYYxyXYx,1,136058,1000,15
ac19_66471,YXXyx,YYXYYxyXyxyyxxxYx,1,136059,1000,18
ac19_66477,YXyXYxxx,YYYxxxYYXyx,1,136087,1000,15
ac19_66482,YXyXXXyx,YYYxyyXYxxyXXyX,1,136097,1000,19
ac19_66484,YYXXXXX,YYXYYXyXyyx,1,136109,1000,17
ac19_66507,YXYXyx,YYYYXXyXXXYYxyx,1,136187,1000,19
ac19_66512,YXYXyx,YYXXXyxyXyyxYxx,1,136205,1000,17
ac19_66516,YXyxYXXyx,YYXyxyxYxxx,1,136219,1000,17
ac19_66525,YXYXyx,YYxYXyxyXXyXXYx,2,136254 146352,1000,19
ac19_66533,YYXXXXYX,YYxyXXXYxyX,1,136278,1000,17
ac19_66536,YXYXyx,YYXYxyXXXyXyxYx,1,136289,1000,11
ac19_66543,YXYXyXXYXyX,YYxYxyXYXyXyxyX,1,136318,1000,19
ac19_66544,YXXyx,YYXYYXyyXyxyXXXYX,1,136321,1000,19
ac19_66557,YXXXYxx,YYXYYXXXyxxx,1,136347,1000,14
ac19_66560,YXXYx,YYYXyyyXYYxyx,1,136353,1000,18
ac19_66575,YYXXXXyX,YXyxxyXYx,1,136385,1000,17
ac19_66579,YXXyx,YYYXYXyXyyXyyXX,2,136408 141016,1000,18
ac19_66592,YXXYx,YYYXYXXyyXYxx,1,136444,1000,15
ac19_66604,YXYXyx,YYXyXyxyXyxxx,1,136493,1000,15
ac19_66606,YXXyx,YYYXyyyXyXYXYX,1,136495,1000,17
ac19_66607,YXXyx,YYYYYXXXyyxyyxxx,2,136506 138674,1000,18
ac19_66614,YXXXX,YYYYYXyyxyyyx,1,136522,1000,18
ac19_66645,YXYXyx,YYXyXyxyXXYYx,1,136624,1000,15
ac19_66654,YYXXyxx,YYYYXXYxYxxYXX,1,136646,1000,19
ac19_66662,YXXXYxx,YYXyxYXXyx,1,136667,1000,16
ac19_66677,YXXyXyxx,YYxYYxyxx,2,136715 139897,1000,15
ac19_66678,YXYxyx,YYYXyXyxxxx,2,136719 146678,1000,15
ac19_66715,YXYXyx,YYYXyXXXyxxyx,1,136807,1000,15
ac19_66724,YXXyXyxx,YYYxxxxYYxx,1,136825,1000,19
ac19_66731,YXYXyx,YYYXyxyXXyyxxxx,1,136837,1000,19
ac19_66732,YXXYxxyX,YYYXXYXXyyx,1,136848,1000,17
ac19_66736,YXXyx,YYYXYYxyyXyxyXXXX,1,136864,1000,19
ac19_66742,YXYXyx,YYYXYYxYxyyXyXX,1,136896,1000,19
ac19_66744,YXYXXYx,YYYxyXyxyXyx,1,136898,1000,14
ac19_66759,YXYXyx,YYYxxYxyyXyyX,1,136956,1000,17
ac19_66761,YXXYx,YYYXXyyxYXyx,1,136960,1000,15
ac19_66779,YXXYxxyx,YYYxyxYYx,1,137028,1000,17
ac19_66802,YXyXXyx,YYXYXyxyxYxxxYxyx,1,137107,1000,19
ac19_66804,YYXXXYxx,YYYYYYxYXXX,1,137109,1000,17
ac19_66827,YXYXyx,YYYYxyxYXyXyXXX,1,137174,1000,19
ac19_66829,YXYXyx,YYYxyyXYXyyXyxx,1,137180,1000,17
ac19_66839,YYXXYYx,YYXyxxyXXyx,1,137209,1000,16
ac19_66853,YXyXXYXyXXyX,YYYXyxYxyxyyX,1,137237,1000,18
ac19_66858,YYXXyxx,YYYYYXYxxyXX,1,137254,1000,16
ac19_66866,YXXYx,YYYXXYYxyyXYYX,2,137283 150915,1000,15
ac19_66883,YXXyx,YYYXYYXyyxyxxxxyx,1,137326,1000,20
ac19_66898,YXXyx,YYXYYXyyxyxxxxxx,2,137372 154320,1000,20
ac19_66908,YXYXyx,YYYXXXyyyxxxx,2,137397 141864,1000,19
ac19_66930,YXXYx,YYYxyyXYYXyyx,1,137486,1000,18
ac19_66937,YXXYXXyx,YYYXXXXXXyX,1,137496,1000,17
ac19_66939,YXyXXXyx,YYYxyyXXXyXXXXyyX,1,137503,1000,19
ac19_66952,YXXYx,YYXXyxYXyyxyxx,1,137561,1000,15
ac19_66986,YXYXyx,YYYXyXXyXXYxx,2,137687 144902,1000,17
ac19_66989,YXYXyx,YYYXXyXYXXXXYYx,1,137692,1000,21
ac19_67033,YXXYxxyx,YYxYYxxxYxxyX,1,137866,1000,15
ac19_67045,YXYXyx,YYYXXYYxxyXXX,1,137906,1000,15
ac19_67055,YYXXXyx,YXyxxxxxyXyxx,2,137936 144949,1000,19
ac19_67060,YXYXyx,YYYxxYXyyXyyx,2,137955 139818,1000,17
ac19_67077,YYXXXXYX,YYXyxYXXXyx,1,138015,1000,17
ac19_67099,YXXyx,YYYYYYXXXyXyyXyXyX,1,138090,1000,19
ac19_67137,YXXyx,YYYXYXyyxyyxyxxx,1,138185,1000,19
ac19_67147,YXYXyx,YYXXXyxyXyxxYxx,1,138224,1000,17
ac19_67151,YXYXyx,YYXXXyyxyXyxYYx,1,138236,1000,17
ac19_67156,YXXX,YYYXYXyyxYxyyyx,1,138255,1000,17
ac19_67202,YXXyx,YYYYXyXyXyyxyxxx,1,138411,1000,18
ac19_67216,YXXYxxyX,YYXXXXyxxYx,1,138451,1000,15
ac19_67250,YXYXyx,YYYYxxYXyxyXXXX,1,138574,1000,19
ac19_67256,YYXXyxx,YYYxxYYxYXXXX,1,138597,1000,19
ac19_67258,YXYXyx,YYYXYxYXyXyXX,1,138601,1000,17
ac19_67260,YXYxyx,YYXyxyxYYxxYx,1,138603,1000,15
ac19_67272,YXYXyx,YYXXyXXyyxxYx,2,138646 143586,1000,19
ac19_67274,YXXYx,YYYYXYXyyyXYx,1,138648,1000,15
ac19_67280,YXYXyx,YYXYYXXXyXXYx,1,138667,1000,15
ac19_67281,YXXYxxyx,YYXXXyxxYXyxx,1,138668,1000,15
ac19_67288,YYXXYxyXyx,YXXYxYXXXYx,2,138688 142799,1000,14
ac19_67297,YXXyx,YYYXyyyXXXXYXX,1,138705,1000,18
ac19_67328,YXXX,YYYXyxYYxyyxyyX,1,138813,1000,19
ac19_67336,YXYXyx,YYYYYxYXyXXYXyX,1,138832,1000,19
ac19_67352,YXYXyx,YYxYXyxyXyXXyxx,1,138887,1000,17
ac19_67362,YXYXyx,YYXXXXyXyxYxxYxyx,1,138934,1000,19
ac19_67364,YXXyx,YYYYYXyyxxyXyX,1,138939,1000,13
ac19_67380,YXXyx,YYYYYXyyyyxxxx,1,138979,1000,19
ac19_67382,YXXyx,YYYYXyXyxyxyxxyx,1,138989,1000,17
ac19_67392,YXXyx,YYYYXyXyyyxxYxx,1,139013,1000,19
ac19_67450,YYXXYYx,YYXyXyXYxxx,1,139211,1000,16
ac19_67465,YXXYx,YYYXYXXyxYXyx,1,139262,1000,15
ac19_67481,YYXXYXXYx,YXyXXXYxxx,1,139330,1000,17
ac19_67485,YXXYx,YYYXXyXYxyyx,1,139341,1000,15
ac19_67500,YXXyXYx,YYxxxyxyXXX,1,139394,1000,16
ac19_67504,YXYXyx,YYYYXyXXyXyxx,1,139410,1000,17
ac19_67510,YXYXyx,YYYXXyyyxxxYX,1,139430,1000,15
ac19_67528,YXYXyx,YYXYxxyXyXXyyxx,1,139468,1000,17
ac19_67552,YXyXXXyx,YYxYXyxxxyX,1,139558,1000,16
ac19_67561,YXXyx,YYYYXYxyyyyxyXYxyXyX,1,139591,1000,18
ac19_67565,YXXYx,YYXyyXXXyxYYxx,1,139605,1000,15
ac19_67579,YXYXyx,YYYXyyXXXYYYxyx,1,139648,1000,19
ac19_67592,YXYXyx,YYYxYxYXyxyXyXX,2,139681 151651,1000,19
ac19_67594,YXXyxYx,YYXYxxxxYXX,1,139685,1000,16
ac19_67610,YXYXyx,YYYYxYXyxyXXyyXYx,1,139736,1000,19
ac19_67623,YXXYx,YYYYXYXXyyXYYx,1,139772,1000,15
ac19_67625,YXXyx,YYYYXXYYxyyyxyyx,1,139774,1000,18
ac19_67626,YXyXXyx,YYYxyxYxyxyX,1,139785,1000,15
ac19_67633,YXXyXYx,YYYXXXyXXyxx,1,139812,1000,16
ac19_67634,YXYXyx,YYYXXXXyXXyxYxxYx,1,139813,1000,21
ac19_67656,YXYXyx,YYXyXXYXXyXXYxxxx,1,139881,1000,19
ac19_67659,YXYXXYx,YYxyXyXyxyx,1,139896,1000,17
ac19_67669,YXyXXyx,YYYXyxyxyxYx,1,139933,1000,19
ac19_67672,YXXYx,YYYXXXYXYXYYxx,1,139941,1000,15
ac19_67682,YXYXyx,YYXXXXyXYXYYx,2,139983 149632,1000,17
ac19_67685,YXYXyx,YYYXXYYYxyXXX,1,139994,1000,15
ac19_67703,YXYXyx,YYYXyyXXXYYxx,1,140051,1000,19
ac19_67704,YYXXXXXYx,YYYxyyXyyx,1,140052,1000,18
ac19_67716,YXXyxYx,YYYxYxxYXX,1,140092,1000,16
ac19_67725,YXYXyx,YYYYXyXXyXYxx,1,140123,1000,15
ac19_67733,YYXXYxxyx,YYYxYYxyyX,1,140160,1000,18
ac19_67739,YXYxxYXyx,YYxYXXyxyx,1,140187,1000,15
ac19_67747,YXXyx,YYYXyXyyxxxxxYx,2,140207 145937,1000,20
ac19_67763,YXYXyx,YYXYxyXXyXXyxxYxx,1,140267,1000,19
ac19_67778,YXXX,YYYXYYxyyyXyxyx,1,140315,1000,17
ac19_67787,YXXyXyxx,YYYYYxYxxxx,1,140351,1000,17
ac19_67821,YXYxyx,YYXyxYYxxYxYYxx,1,140485,1000,19
ac19_67836,YXYXyx,YYYxxYXyxyyXX,1,140535,1000,15
ac19_67844,YXXyx,YYYXyyxxyyXXXYYX,2,140556 152040,1000,18
ac19_67868,YXXyx,YYYYYYXyxyyXyXyX,2,140635 144639,1000,18
ac19_67877,YXXYx,YYYXYxxyXXXyyx,1,140661,1000,15
ac19_67916,YXXYx,YYYXyxxxyXXyyx,1,140796,1000,15
ac19_67925,YXYXyx,YYYXYxyyyXXyxxx,1,140834,1000,17
ac19_67934,YXyXXXyx,YYXyXYXyXyyxx,1,140882,1000,19
ac19_67948,YXYXyx,YYYYxyXXyxyXyxx,1,140936,1000,17
ac19_67987,YYXXyxx,YYXXYYxYYxYx,1,141054,1000,16
ac19_67998,YXYXyx,YYXyXYxxYxyXyXX,1,141092,1000,15
ac19_68011,YXYXyx,YYxxYXYxyXXyXyX,2,141161 154410,1000,17
ac19_68016,YXXyx,YYYYXYxyyyXyXXX,1,141172,1000,18
ac19_68035,YXYXyx,YYYYXyyXXyXYx,1,141264,1000,17
ac19_68059,YXYXyx,YYYYYXYxYXyXXXX,1,141322,1000,21
ac19_68066,YXXyXyxx,YYXXyyxxYxx,1,141345,1000,15
ac19_68071,YXXYx,YYXyxYXYxxyyX,1,141359,1000,15
ac19_68086,YXYXyx,YYYYxyXXyyyyx,1,141407,1000,17
ac19_68094,YXYXyx,YYXXyXXyxxxYxyx,1,141431,1000,17
ac19_68133,YXXyx,YYYYYYXyXyxyyXyX,1,141546,1000,16
ac19_68134,YXXX,YYYYYYXyyyxyyyx,1,141547,1000,19
ac19_68143,YXYXyx,YYYYYxyXyxyyXXX,1,141576,1000,19
ac19_68153,YXYXyx,YYYXYxxYXyXyX,1,141605,1000,15
ac19_68174,YXXYxxyx,YYXXyyxYxYx,1,141677,1000,15
ac19_68196,YXXYx,YYYXXyyxYYXYYX,1,141769,1000,18
ac19_68198,YXYXyx,YYYXXyyXXXYYxyx,1,141779,1000,19
ac19_68207,YXXyx,YYYYYXyyyXyXXX,1,141805,1000,18
ac19_68225,YXYXyx,YYYYYxyyxyXXXyX,1,141852,1000,19
ac19_68229,YXXX,YYYXYxyyyXYxyyx,1,141889,1000,19
ac19_68242,YXYXXXX,YYYXXyXXXyxx,1,141913,1000,16
ac19_68259,YXYXyx,YYXXYXXyyXYYx,1,141964,1000,15
ac19_68262,YXYXXXX,YYYXyyyXXXYx,1,141977,1000,16
ac19_68269,YXyXXyx,YYYxxyyxxYx,1,142010,1000,17
ac19_68275,YXYXyx,YYXyyXyXyxxxx,1,142029,1000,19
ac19_68288,YXXX,YYYYXyxyyxYXyyx,1,142055,1000,19
ac19_68291,YXXXYxx,YYYYYXYXXyx,1,142063,1000,17
ac19_68292,YXYxyx,YYXXYxyXyXyyx,1,142066,1000,15
ac19_68299,YXYXyx,YYYxYXXyXXXYX,1,142087,1000,19
ac19_68317,YXyXXyx,YYYxyXyxyXX,1,142165,1000,16
ac19_68323,YYXXXyXYx,YXYXXXyxx,1,142179,1000,15
ac19_68327,YXYXyx,YYYYYXYXyXXXX,1,142189,1000,15
ac19_68406,YXXyx,YYYYXyyXyyXXYX,1,142426,1000,19
ac19_68408,YXyXXyx,YYXYxxxYxyxxyXX,1,142429,1000,18
ac19_68416,YXYXyx,YYYxYxyyxyXyyXX,1,142449,1000,19
ac19_68420,YXYXXYxyX,YYYxyXyxxyyX,1,142457,1000,20
ac19_68448,YXXX,YYYYYXyXyyXyX,1,142532,1000,17
ac19_68450,YXXyx,YYYYYXyXyxyyxyyx,1,142534,1000,18
ac19_68455,YXXXYxx,YYYYXXyxYYX,1,142547,1000,17
ac19_68470,YYXXXyx,YYYXXXYXyX,1,142590,1000,14
ac19_68475,YXYXyx,YYXyyXyyxyxxx,1,142604,1000,19
ac19_68482,YXYXyx,YYYYYxyxYXyyXXX,2,142632 148024,1000,19
ac19_68487,YXYXyx,YYYXXXXXYYxyX,2,142649 150166,1000,15
ac19_68530,YXXyx,YYYXyXyxyyxxxxx,2,142786 156255,1000,19
ac19_68535,YXXXyXyX,YYYXyxxxxyx,1,142797,1000,15
ac19_68563,YYXXYYx,YXYXyxxyXyx,1,142891,1000,17
ac19_68571,YYYXXXYXX,YYYxxyXyXX,1,142914,1000,15
ac19_68627,YXYXyx,YYXyXYYxxyXXX,1,143107,1000,15
ac19_68634,YXXX,YYYXyyxYYXyxyyx,1,143132,1000,19
ac19_68640,YXXX,YYYYXXyyxyyyxYX,2,143141 147984,1000,17
ac19_68656,YXyXXXyx,YYYxyXXXyyXyX,1,143187,1000,19
ac19_68666,YXyXXyx,YYYxxyxYxyyX,1,143212,1000,15
ac19_68669,YXXYx,YYYXXyyXXYxxyx,1,143222,1000,15
ac19_68672,YXYXyx,YYYXyyXXyxYxx,1,143231,1000,15
ac19_68677,YXXyx,YYYYXYYXyxyXyXyXyX,1,143247,1000,18
ac19_68687,YXYXyx,YYYYXyxyXXyyxxx,1,143280,1000,19
ac19_68705,YXYXyx,YYxYXyyXXyyxx,1,143334,1000,19
ac19_68714,YXXyXyx,YYxxyxyXXXYx,1,143392,1000,16
ac19_68719,YXYXyx,YYXyXXyXYYxYX,1,143408,1000,15
ac19_68735,YXYXyx,YYXXYYxxxyXyX,1,143451,1000,15
ac19_68739,YXXyx,YYYYXyyyXyyxxx,1,143463,1000,16
ac19_68748,YXXYx,YYYXYxxYXyyX,1,143491,1000,15
ac19_68757,YXXyx,YYYYYXyxyyyXXXX,1,143528,1000,19
ac19_68777,YXYXyx,YYYYxYXyyXXyX,1,143584,1000,19
ac19_68785,YXXYxxyx,YYYXyxxYx,1,143610,1000,17
ac19_68791,YXYXyxYXyx,YXyXYxyXXYx,1,143640,1000,15
ac19_68796,YYYXXXXYx,YYYXyyyxyx,1,143652,1000,18
ac19_68824,YXXX,YYYXYxyyXYxyyyx,1,143749,1000,19
ac19_68828,YXXX,YYYYXYxyyXyxyyx,1,143772,1000,19
ac19_68836,YXXyXyxx,YYxxYxxyXYX,1,143792,1000,15
ac19_68842,YXXX,YYYXyXyXyyyxYYx,1,143804,1000,19
ac19_68851,YXYXyx,YYYYxxyxxyXyXXX,1,143828,1000,19
ac19_68854,YXXXyXXyx,YYxyxxYXyx,1,143855,1000,19
ac19_68864,YXYXyx,YYxYXYYxyXyXX,1,143893,1000,15
ac19_68865,YXyXXyx,YYYxxyyXyxYX,1,143896,1000,15
ac19_68877,YXXyx,YYYYXyyyXXyxyX,1,143934,1000,15
ac19_68893,YXYXyx,YYXXyXXXYxxYx,1,143980,1000,19
ac19_68918,YXYXyx,YYYYYYXyXXyyX,1,144039,1000,17
ac19_68927,YXYXyx,YYxYYxyXyxyXyXX,1,144076,1000,19
ac19_68956,YXYXyx,YYXXyXXXYxYxx,1,144151,1000,19
ac19_68964,YXXX,YYYXyyXYYXyyxyx,1,144169,1000,17
ac19_68968,YXXX,YYYxYXyyyXyyXYx,1,144186,1000,19
ac19_68974,YXYXyx,YYYxyXXyXYXYx,2,144205 153107,1000,17
ac19_68975,YXYXyx,YYXyXyXXYYxyx,2,144209 147895,1000,15
ac19_69009,YYXXXyxx,YYXYYXyyX,2,144348 144635,1000,17
ac19_69016,YXYXyx,YYXXXXyyxYxYxyx,1,144368,1000,17
ac19_69019,YXYXyx,YYXYYxxyXyXyX,2,144380 146408,1000,17
ac19_69027,YYXXyx,YYYXyXXYxYX,1,144413,1000,17
ac19_69046,YXXyxYx,YYYXYxxxyX,1,144472,1000,16
ac19_69047,YXXYxxyx,YYXyxYXyxxx,1,144475,1000,17
ac19_69057,YXXX,YYYxyyxYxyyxyyx,1,144517,1000,19
ac19_69074,YYXXXyX,YYXyxYXXXyxyx,1,144576,1000,17
ac19_69081,YXXYx,YYYxyyXYXYXyyx,1,144602,1000,18
ac19_69083,YXXX,YYYXYYxyXyyyxyX,1,144607,1000,19
ac19_69089,YXYXyx,YYYYYXyyXXXYYXX,2,144636 146983,1000,19
ac19_69099,YXYXXYx,YYxyXXXyxxyx,1,144659,1000,14
ac19_69128,YXYXyx,YYXyXXyyxYxxxyx,1,144731,1000,17
ac19_69132,YYXXXXYX,YYXyyxxYXXX,1,144743,1000,15
ac19_69139,YXXYxxyx,YYXYXyXyyxx,1,144767,1000,11
ac19_69144,YYXXXYx,YYXYxxxyXXX,1,144793,1000,14
ac19_69160,YXyXXyx,YYYXyyyxyX,2,144871 147057,1000,16
ac19_69183,YXYXyx,YYYYXyxyyXXyyxx,1,144944,1000,19
ac19_69185,YXYxyx,YYXyXXyxYXyxx,1,144956,1000,15
ac19_69187,YYXXXXX,YYXYYXyyXyx,1,144966,1000,15
ac19_69189,YXYXyx,YYXXyXXyxYxYxyx,1,144977,1000,15
ac19_69195,YXYXXXX,YYYXYXXXyyyx,1,144999,1000,14
ac19_69236,YXYXyx,YYYYYYxyXXXXYxyyX,1,145112,1000,19
ac19_69242,YXXYXXyx,YXyXYXXyXYx,1,145132,1000,17
ac19_69251,YYXXXYX,YYxyXyXXYx,1,145161,1000,16
ac19_69261,YXXyx,YYYXyyxyXXXXXYX,2,145180 151306,1000,19
ac19_69274,YXYXyx,YYYYYXyyXyyxx,1,145208,1000,19
ac19_69301,YXYXyx,YYYYxxyXXyXXX,1,145297,1000,19
ac19_69302,YXyXXyx,YYxYYxyxxyxYXyx,1,145301,1000,17
ac19_69315,YXYXyxYxyx,YYxyXYxYxyX,1,145355,1000,19
ac19_69316,YXXyXyx,YYXyxyXXyyX,1,145358,1000,15
ac19_69339,YXXX,YYYYYXyXyxyxyyX,1,145430,1000,17
ac19_69342,YXYXyx,YYYXXXXyXYXYx,1,145444,1000,17
ac19_69347,YXYXyx,YYYYYXyxyXyXyxx,1,145458,1000,17
ac19_69374,YXyXXyx,YYxxxYXYXyxxyxx,1,145539,1000,18
ac19_69378,YXXyXyxx,YYxyxYXYx,1,145546,1000,17
ac19_69383,YXYXyx,YYXXXyXXXYYxxyx,1,145556,1000,19
ac19_69385,YXXyx,YYYYXyXyyyxxxyx,1,145560,1000,18
ac19_69389,YXXYxxyX,YYXYxYXXyyX,1,145582,1000,17
ac19_69420,YXXX,YYYXyxyyxYYxyyX,1,145671,1000,19
ac19_69427,YXyXXyx,YYYXyXYxyxyx,1,145688,1000,16
ac19_69433,YYXXyxx,YYYYxxYYYXXX,1,145722,1000,18
ac19_69434,YXYXyx,YYXXXyXXyxxYxxxyx,1,145732,1000,19
ac19_69438,YXYXyx,YYYXyXYXyyxxx,1,145744,1000,15
ac19_69441,YXXyx,YYYYXyxyyXyXXYX,1,145751,1000,17
ac19_69456,YXXYxxyx,YYXyxxxYxYx,1,145807,1000,17
ac19_69466,YXYXyx,YYXYYXXXyXYYx,1,145842,1000,15
ac19_69469,YXYXyx,YYYYxyxYYXyyXXX,1,145859,1000,19
ac19_69484,YXyXXyx,YYYXyxxyxxYXyx,1,145891,1000,18
ac19_69490,YXXyx,YYYYXyxyyxyyxxx,2,145919 156666,1000,18
ac19_69511,YXYXyx,YYXyXyyxxYXYx,1,145965,1000,15
ac19_69535,YXXXyXyx,YYxyxxYXXyx,1,146035,1000,16
ac19_69541,YXYXyx,YYYYYYXXyyXXX,1,146056,1000,19
ac19_69555,YYXXYx,YYYYXYYxyXX,1,146097,1000,15
ac19_69562,YXXYxxyX,YYXXXXyxxxx,1,146120,1000,14
ac19_69577,YXYxyx,YYYYxxYxYYxyx,1,146163,1000,15
ac19_69610,YXYXyx,YYXYxxyXyyXyyxx,1,146259,1000,17
ac19_69611,YXXyx,YYYYXyyXyyxxYxx,1,146260,1000,17
ac19_69618,YXXXXyXyx,YYXXXyXyyX,1,146291,1000,16
ac19_69633,YXYxyx,YYXXXyyxxYxyX,1,146328,1000,15
ac19_69640,YXYXyx,YYYXyyxyXXyXYYx,1,146342,1000,17
ac19_69647,YXYXyx,YYYxxYXyxyXyXyx,1,146361,1000,15
ac19_69660,YXYXyx,YYXXXXyXXYxxx,1,146390,1000,17
ac19_69661,YXYXXXXYx,YYXXXYxxyXyx,1,146392,1000,15
ac19_69668,YXYXyx,YYYYXyyyyXXYx,1,146407,1000,17
ac19_69672,YXyXXXyx,YYYxyxxYxyx,2,146414 152721,1000,17
ac19_69673,YXYXyx,YYXXXXXXXYYxx,1,146416,1000,19
ac19_69707,YYXXXYx,YYxxyXXYX,1,146518,1000,16
ac19_69749,YXYXyx,YYYYYXyyyXyxx,1,146661,1000,17
ac19_69757,YXXyXyx,YYYxyyXYxxyX,1,146702,1000,14
ac19_69769,YYXXYxxyX,YYXXYYXXyxx,1,146733,1000,16
ac19_69773,YXXyx,YYYYYXyyxyxyxxYXyx,1,146745,1000,20
ac19_69788,YYXXyxx,YYYxxxxYXXyX,1,146786,1000,18
ac19_69796,YXyXXyx,YYYYxxyxxx,1,146805,1000,17
ac19_69805,YYXXXYXX,YYYxyXyXX,1,146838,1000,9
ac19_69810,YXYxyx,YYYXyyxYxYYxx,1,146857,1000,17
ac19_69818,YXYXyx,YYXYYXyXXXYYx,1,146877,1000,17
ac19_69842,YXYXyx,YYYYXXXXXYYYX,1,146968,1000,19
ac19_69854,YYXXXYYxYX,YYYXYYXXyyx,1,147009,1000,19
ac19_69855,YXXyx,YYYYXyxyXyyxxYx,1,147010,1000,18
ac19_69868,YXYXyx,YYXYYXyXXyXYx,1,147051,1000,15
ac19_69883,YYXXXYX,YXyXYxyXYx,1,147099,1000,17
ac19_69884,YXXyx,YYYYYXyxyXyyyxyx,1,147100,1000,19
ac19_69899,YYXXyxx,YYXXYxxxyXYx,1,147161,1000,16
ac19_69909,YXYXyx,YYYxyyXXyXYxx,1,147178,1000,15
ac19_69914,YXyXXXXyx,YYXyXYxyyxx,1,147190,1000,18
ac19_69925,YXXX,YYYYYXyxyxyXyyx,1,147221,1000,17
ac19_69933,YXXXyXyX,YYXXyXXXyyx,1,147239,1000,15
ac19_69937,YXYXyx,YYXXXXyyXYxYx,1,147253,1000,15
ac19_69946,YXYXyx,YYYXyxyyXXyxxxx,1,147319,1000,19
ac19_69949,YXXX,YYYXYYxyyXyyxyX,1,147327,1000,19
ac19_69970,YXXX,YYYXyyXYYXyyX,1,147401,1000,17
ac19_69972,YXXyXyx,YYXYxYxyyxyX,1,147406,1000,15
ac19_69982,YXXX,YYYXYYXyyXyxyyx,1,147441,1000,19
ac19_69992,YXXX,YYYXYYXyxyyyXyx,1,147480,1000,19
ac19_69994,YXYXyx,YYYYYYYXXYXyXXX,1,147483,1000,19
ac19_70009,YXyXXyx,YYYXyXYxyxxxx,1,147547,1000,17
ac19_70016,YXYxyx,YYYXyxYXXyxxx,1,147563,1000,15
ac19_70027,YXYXYXXYx,YYxxyXyXyx,1,147593,1000,15
ac19_70028,YXXYxxyxx,YYXXyXXXyxxxx,1,147594,1000,19
ac19_70036,YXYXyx,YYXyXXXXYxYYxyx,1,147619,1000,17
ac19_70055,YXXyx,YYYYXYXYxyXyyXyXyX,1,147662,1000,18
ac19_70077,YXyXXyx,YYYXyXyxyxx,1,147734,1000,17
ac19_70079,YYXXyxx,YYxYxxYXXXX,1,147737,1000,18
ac19_70104,YYXXXXX,YYYYYXyyXyyX,1,147807,1000,19
ac19_70117,YXXyx,YYYXYYYXyxxyXyyyxyyX,1,147847,1000,19
ac19_70168,YXYXyx,YYXXXyxyXXXYYxx,1,148011,1000,19
ac19_70169,YXXyx,YYYYXyxyXyyyXXX,1,148016,1000,19
ac19_70170,YXYXyx,YYXXXYYxYXyXX,1,148018,1000,15
ac19_70180,YXYXXYx,YYxYXXXyyx,1,148059,1000,16
ac19_70222,YXYXyx,YYXYYxYYXXXyX,1,148179,1000,17
ac19_70233,YXXX,YYYXYxyyXYxyyyX,1,148210,1000,19
ac19_70250,YXYXyx,YYYYYYXyyxyXXXX,1,148256,1000,19
ac19_70285,YXXyx,YYYYYXyyxyXyyXyX,1,148394,1000,19
ac19_70288,YXyxYXXyx,YYXyyXXXyX,1,148406,1000,14
ac19_70297,YXXXyxYx,YYXyXXYxxyX,1,148446,1000,17
ac19_70304,YXyXXXyx,YYXyXYXyxyx,1,148473,1000,15
ac19_70321,YXXyXyX,YYXyxYxyxyX,1,148513,1000,17
ac19_70328,YXyXXXXyx,YYxxYXyxYxyxyX,1,148537,1000,18
ac19_70362,YXXYx,YYYXXXYxyxYYX,1,148646,1000,15
ac19_70363,YXXyx,YYYYXyXXyyyXyXX,1,148647,1000,19
ac19_70396,YYXXXXX,YYYXXyyyXYx,1,148744,1000,14
ac19_70406,YYXYYXyyx,YYxxYXXXX,1,148801,1000,18
ac19_70407,YYXXXyx,YYXYYxyXXyyx,1,148808,1000,15
ac19_70410,YXYXyx,YYYYXYYxyXXXX,1,148815,1000,17
ac19_70412,YXYXyx,YYYXYxyXyXyyxxx,1,148825,1000,19
ac19_70421,YXYXyx,YYYYXyxyXXXXYxx,1,148857,1000,17
ac19_70463,YXyXXyx,YYxYXXyyxxyXX,1,148990,1000,18
ac19_70475,YYXXXXXYXX,YYXyXYYXyXX,1,149047,1000,14
ac19_70482,YXyXXXyx,YYXyXYXXyXyxxyX,1,149067,1000,19
ac19_70485,YYXXyxx,YYxxYXYxyX,1,149077,1000,15
ac19_70496,YXXyx,YYYYXyyxxyyyXXXX,1,149096,1000,19
ac19_70497,YXYxyx,YYYXyXXyyXXyXyxyx,1,149106,1000,19
ac19_70512,YXyXXyx,YYXyXYYxxyxxyx,1,149155,1000,18
ac19_70531,YXXYx,YYYXXyxyyxxxyX,1,149213,1000,15
ac19_70533,YXyXXyx,YYXyXYxyyxyX,1,149221,1000,15
ac19_70552,YYXXXYXX,YYXXYYxyXyX,1,149274,1000,15
ac19_70560,YXXX,YYYXYxyyyXYXyyx,1,149293,1000,17
ac19_70568,YXXYx,YYYXYYxyXYXyyx,1,149335,1000,18
ac19_70576,YXyXXyx,YYxyXXyyxxyxYXYXyX,1,149352,1000,19
ac19_70588,YXYXyx,YYYYYYYXyXXyX,1,149376,1000,19
ac19_70619,YXXyx,YYXYYxyXyXyXXXX,1,149466,1000,19
ac19_70634,YXXYx,YYYYxYXyyyxyyXyyyx,1,149532,1000,18
ac19_70639,YXXyx,YYYYYXyXyyxyyxyx,1,149547,1000,19
ac19_70660,YXYXyx,YYYYXyyxyXyXXYx,1,149622,1000,17
ac19_70661,YXYXyx,YYXXXYYxYXyyX,1,149623,1000,15
ac19_70681,YYXXXYxx,YYYYXYYxyyX,1,149703,1000,19
ac19_70696,YXXXyXyx,YYXXyyxyX,1,149741,1000,15
ac19_70698,YXYXXXXYx,YXyxxxyXyXYx,1,149752,1000,15
ac19_70712,YXXyx,YYYYYYXyyyXXyyX,1,149798,1000,18
ac19_70713,YXXYx,YYYYXYXYxyXyyx,1,149800,1000,15
ac19_70715,YYXXXYX,YYYXXyyxxyyx,1,149817,1000,15
ac19_70716,YXyXYxx,YYYYXXyxxYX,1,149819,1000,16
ac19_70723,YXXyXyx,YYYxxxYxyx,1,149842,1000,16
ac19_70737,YXYXyx,YYYXXyXyxxxyx,1,149897,1000,15
ac19_70749,YYXXXYxx,YYXYxxxYXXX,1,149941,1000,13
ac19_70758,YYXXXYX,YYxyXYxyXX,1,149968,1000,16
ac19_70762,YXYxyx,YYXXyyXXyyXyxxx,1,149975,1000,19
ac19_70767,YXXYx,YYXYYxyXYYXyyx,1,149984,1000,18
ac19_70795,YXYXyx,YYYxYXyXyxyXX,1,150056,1000,15
ac19_70815,YXYXyx,YYXyyXyyXYYxx,2,150165 152119,1000,17
ac19_70819,YXYXyx,YYXXXXYYxYXyX,1,150173,1000,13
ac19_70826,YYXXXyxxx,YYYYXXYxxYYX,1,150207,1000,17
ac19_70842,YXYXyx,YYYYYXyXXXyyx,1,150255,1000,15
ac19_70845,YYXYXyXXyX,YXYXyXYXXyX,1,150262,1000,19
ac19_70877,YXyxYXyxYXXyx,YYXXyyXXXyxYXyx,1,150337,1000,16
ac19_70892,YYXXYxxyX,YYXXyxYXyx,1,150382,1000,15
ac19_70913,YXXyx,YYYXYYxYXyxyXyyyxyyX,1,150445,1000,19
ac19_70918,YYXXXXyx,YYxYXXXXyyX,1,150463,1000,15
ac19_70931,YYYXXYXyX,YYYXXXXYX,1,150500,1000,15
ac19_70970,YXXXXYxYx,YYYXYXXXYx,1,150641,1000,16
ac19_70996,YXyXXyx,YYYXXyxxxxx,1,150737,1000,17
ac19_70998,YXYXyx,YYYYXyXXyyyxx,1,150741,1000,19
ac19_71047,YXYXyx,YYXYxxyyXyXyxxx,1,150900,1000,17
ac19_71051,YXYXXYx,YYxYXyXYXyx,1,150920,1000,17
ac19_71062,YXYXXXX,YYYYXXyxyXyX,2,150944 155031,1000,16
ac19_71065,YXXYx,YYXXyyXYxxyxyx,1,150963,1000,15
ac19_71081,YXYXyx,YYYXyXXXYYxYX,1,150998,1000,17
ac19_71091,YXYXyx,YYYYxYXXyXXXX,1,151027,1000,19
ac19_71115,YXXYx,YYYXYxxyxYXXyX,1,151114,1000,15
ac19_71128,YXXYx,YYXyyXXYXYxxyx,1,151148,1000,15
ac19_71137,YXYXyx,YYXyXYxxxYXXyXX,1,151168,1000,15
ac19_71139,YYXXXyX,YYXYXXyyxyx,1,151170,1000,15
ac19_71150,YXXyx,YYYXYYxxYXyyXyyXyX,1,151194,1000,18
ac19_71153,YXYXyx,YYXYxxxYXyXXyXX,1,151202,1000,19
ac19_71192,YXYXyx,YYYXYxyXXXXYx,1,151330,1000,17
ac19_71201,YXYXyx,YYXXyyXyxxYxxyx,1,151360,1000,17
ac19_71211,YXYXyx,YYXyXXyXYYxxx,1,151399,1000,17
ac19_71214,YXYXyx,YYXyxyXXXXYYx,2,151410 152033,1000,17
ac19_71216,YXXyXyxx,YYYxyxxYYxx,1,151415,1000,19
ac19_71218,YXYXXYx,YXyXyXYxxyxx,1,151421,1000,17
ac19_71220,YXYXyx,YYYXYxyyXyXyxxx,1,151427,1000,17
ac19_71238,YXYXyx,YYYxxxYXXyxyyXX,1,151503,1000,19
ac19_71248,YXYXyx,YYYXXXXyXYxYX,1,151522,1000,15
ac19_71273,YXXyx,YYYYYXyXyxyyxxx,2,151605 153671,1000,18
ac19_71293,YXXYx,YYYXXXYxyyxxYX,1,151681,1000,15
ac19_71301,YXyXXXyx,YYYXyyXXyyx,1,151705,1000,19
ac19_71308,YXYXyx,YYYYYxyXXyyyX,1,151736,1000,17
ac19_71310,YXYXyx,YYYYxyXyXXXYXYxyX,1,151744,1000,19
ac19_71321,YXyXXyx,YYxyxYxyxyXYXXXyX,1,151787,1000,18
ac19_71343,YYXXXYx,YYXXyxYXyx,1,151877,1000,14
ac19_71351,YYXXyxx,YYYYYXXYxxxxYX,1,151909,1000,18
ac19_71366,YXYXyx,YYxyXXyxyXyxx,1,151951,1000,15
ac19_71405,YXXYXXyxx,YYYXXXXXYxxyXX,1,152082,1000,19
ac19_71414,YYXXYYXXX,YYYXXYYXXyXyx,1,152116,1000,15
ac19_71423,YXYxyx,YYXXXyxxxYx,2,152139 155061,1000,15
ac19_71428,YYXXYYx,YYYXyxYxyyX,1,152151,1000,17
ac19_71457,YYYXXXXyx,YYxYXyXXyx,1,152253,1000,15
ac19_71466,YXXyx,YYYXYYxyyxyyXXXX,1,152293,1000,19
ac19_71467,YXXYx,YYYYXXyXXYYxx,1,152294,1000,15
ac19_71473,YXYXyx,YYXyXXyyxYxxxYX,1,152315,1000,17
ac19_71485,YXXYx,YYXXXYXyxYYxyx,1,152369,1000,15
ac19_71547,YXYxyx,YYYYxxYYxYxyx,2,152567 152713,1000,15
ac19_71557,YYXyxYXXyx,YXYxyXXYxyX,1,152606,1000,19
ac19_71571,YXYXyx,YYYYYxyxxyXXXyX,1,152636,1000,19
ac19_71576,YXYXyx,YYXYYxyyXXXYx,1,152653,1000,15
ac19_71581,YXXyXyxx,YYxYxxxyxYX,1,152670,1000,17
ac19_71608,YXXX,YYXyyXYYXyxyx,2,152788 156656,1000,15
ac19_71610,YXYXyx,YYYXYxxxYXXXXyX,1,152808,1000,19
ac19_71613,YYXXXYxx,YYYYxxyXXyX,1,152813,1000,13
ac19_71657,YXYXyx,YYYYxYXyXXXYXyX,1,152935,1000,19
ac19_71683,YXXYx,YYXXyXYYxxyxYX,1,153044,1000,15
ac19_71702,YYXXXYx,YYYXXYYXyXYx,1,153102,1000,15
ac19_71730,YXXyx,YYYXYXYxyXyyXyXXX,1,153187,1000,18
ac19_71733,YXYXyx,YYXyyXYXXXYYx,1,153204,1000,17
ac19_71741,YXyXXyx,YYYxxyxxYXXyx,1,153221,1000,15
ac19_71767,YXXyx,YYYXYxYxyyyXyXXX,1,153295,1000,18
ac19_71785,YXYXyx,YYYxxYXyXXYxyXyyXYx,1,153359,1000,19
ac19_71799,YXXX,YYYXYYxyyXyyxyx,1,153388,1000,17
ac19_71802,YYXXyxx,YYYYxxYYXYXX,1,153394,1000,16
ac19_71810,YXXXYxx,YYxyXXXyxyx,1,153437,1000,16
ac19_71819,YXXYXXXYx,YXYxYXyXyx,1,153467,1000,14
ac19_71828,YYXXXXX,YXyXXYxYXyx,1,153492,1000,15
ac19_71831,YXXYx,YYYXXyXYXYxyxx,1,153505,1000,15
ac19_71832,YXXyx,YYYYYXyyyyXXXX,1,153510,1000,19
ac19_71833,YXyXXyx,YYxyxxxyxYXYx,1,153513,1000,17
ac19_71838,YXYXXXX,YYYxyxyXyyx,1,153529,1000,16
ac19_71847,YXyXXXXyx,YYxyxyXYXyXYxyX,1,153547,1000,18
ac19_71848,YXYXyx,YYYYxyyyXXyyx,1,153549,1000,15
ac19_71849,YYXXXyX,YYYXyyyxx,1,153551,1000,16
ac19_71854,YXXyXyx,YYXyxYxxyx,2,153566 154942,1000,14
ac19_71856,YXXX,YYYYXyXyXyyyxYx,1,153570,1000,19
ac19_71859,YXYXyx,YYXyyXXXYYxYX,1,153581,1000,17
ac19_71862,YXYXyx,YYYXyXXXXyxxx,1,153588,1000,17
ac19_71871,YXYXyx,YYYXYxxyXyXXXYx,1,153609,1000,19
ac19_71882,YXXyXyxx,YYxyxxxxYXX,1,153633,1000,17
ac19_71886,YXXYx,YYYXXXYxyyXYxx,1,153643,1000,15
ac19_71890,YXyXXyx,YYXXyyxyXyX,1,153654,1000,17
ac19_71901,YYYXXXXYX,YYYxxyyXXX,1,153708,1000,17
ac19_71926,YXYXyx,YYXXXyyxxYxyx,1,153802,1000,15
ac19_71935,YXYXyx,YYXXXYXXyXXyxYxxYxx,1,153832,1000,21
ac19_71937,YXYXyx,YYXyyXXyxxxYxYX,1,153841,1000,17
ac19_71941,YYXXXYxx,YYYYXyyxYYX,1,153856,1000,19
ac19_71947,YXXYXXyx,YYXYXyXyx,1,153873,1000,17
ac19_71949,YXXyx,YYYYYXyyxxyXyx,1,153882,1000,15
ac19_71984,YYXXXYX,YYYXXyXyxYX,1,153993,1000,16
ac19_72002,YXYXyx,YYXYxxyXXyXyxxx,1,154050,1000,19
ac19_72004,YXXXYxx,YYYXXyxyyxyx,1,154053,1000,18
ac19_72008,YXXX,YYYXYYxyyyXyxyX,1,154068,1000,19
ac19_72025,YXYXyx,YYYYYxyyxyXyXXX,1,154124,1000,19
ac19_72033,YXYXyx,YYYXyXXyXYxyXYx,1,154150,1000,15
ac19_72038,YXYXyx,YYYYxxyyXXXYxyXYX,1,154165,1000,19
ac19_72051,YXYXyx,YYYYYYYXyXXXYxyyX,1,154214,1000,19
ac19_72068,YYYXyXyyx,YYxyXXXXX,1,154291,1000,18
ac19_72100,YXYXyx,YYYXYxyyXXXXXYx,1,154399,1000,19
ac19_72104,YYXYXXXyX,YYYXXXyxyX,1,154409,1000,14
ac19_72105,YXXyx,YYYYXyyyXyxyXXXX,1,154413,1000,19
ac19_72113,YXXYXXyxx,YYYXyXyxyxx,1,154435,1000,17
ac19_72152,YXXYx,YYYXyxyyxyyXYx,2,154612 155369,1000,15
ac19_72158,YXyXXyx,YYYYxxyxxyX,1,154629,1000,15
ac19_72162,YXXyx,YYYYXYYxyXyxyXyyxyyX,1,154639,1000,19
ac19_72167,YYYYXXXXX,YYYXYXyyyx,1,154657,1000,19
ac19_72170,YXXyx,YYYXyyyXyXXXYYX,1,154662,1000,19
ac19_72174,YYXXXXYX,YYXXXyXYx,1,154673,1000,14
ac19_72183,YXYXyx,YYXyyXyyxxYYxYX,1,154703,1000,19
ac19_72195,YXXYx,YYYXXXYxxYXyyx,1,154743,1000,15
ac19_72199,YYXyxYXXXyx,YXXyXYxxxyXYxxxyX,1,154759,1000,15
ac19_72241,YXXyXyxx,YYYxxxyxxYX,1,154881,1000,17
ac19_72256,YYXXXYxx,YYYYXyyXyxx,1,154924,1000,19
ac19_72259,YXXX,YYYXYYxyyyxyXyX,1,154934,1000,19
ac19_72262,YXXX,YYYYXYXyyxyXyyx,1,154940,1000,17
ac19_72274,YYXXXyx,YYYXXyxYXyyx,1,154976,1000,15
ac19_72280,YXYXyx,YYXyXyyxxxyxx,1,155000,1000,17
ac19_72316,YYYXXXXyX,YYYxyyXXX,1,155104,1000,16
ac19_72319,YXYXyx,YYxYXyXXYXyXYxx,1,155109,1000,17
ac19_72321,YXYXyx,YYYxYXyXyXXYX,1,155116,1000,19
ac19_72328,YYXXyxx,YYYYYXYxyX,1,155161,1000,17
ac19_72330,YXYXyx,YYXXyXXXyxYxxxyxx,1,155164,1000,19
ac19_72337,YXYXyx,YYYxYxyXXyyyx,1,155195,1000,17
ac19_72344,YXYXyx,YYXXXyXXXyxYxxYxxyx,1,155220,1000,21
ac19_72375,YXYXyx,YYXXXyXyxxxYxyx,1,155319,1000,19
ac19_72383,YXYXyx,YYXXXXXXYxYxx,1,155357,1000,19
ac19_72387,YXXyXyxx,YYxxYYxxxYX,1,155366,1000,19
ac19_72391,YXXYXXYxx,YYXyyXXYxx,1,155379,1000,16
ac19_72393,YXXyXyX,YYYXyxYxxyxyxx,1,155383,1000,16
ac19_72403,YXYXyx,YYYYXYxxyXXXyXX,1,155443,1000,19
ac19_72408,YXYXyx,YYYYXyxyXyXyxxx,1,155464,1000,17
ac19_72415,YXYXyx,YYXXXXyXYxYYx,1,155490,1000,17
ac19_72417,YYXXXXXXyxx,YYYXXXXXyyxx,1,155497,1000,18
ac19_72421,YXyXXyx,YYxyxyxYxYxyxYX,1,155504,1000,17
ac19_72455,YXYXXYx,YYXXyxyXXYxYx,1,155623,1000,17
ac19_72485,YXXYxxyX,YYYxxyXyXyx,1,155693,1000,14
ac19_72507,YYXXYXyyx,YYXXyXXYx,1,155763,1000,17
ac19_72508,YXYxyx,YYXXXyyXyxxyX,1,155777,1000,15
ac19_72509,YXyXXyx,YYYxyxyxyXYx,1,155780,1000,15
ac19_72513,YXYXyx,YYYXYxyXXyyyxYx,1,155791,1000,17
ac19_72545,YXYXyx,YYYXXXXXyxxYxyx,1,155903,1000,17
ac19_72560,YXYXyx,YYYXXXXyyxYYxyx,1,155952,1000,15
ac19_72570,YXyXXyx,YYXyxYxxyyXXX,1,155997,1000,17
ac19_72582,YXXyx,YYYYXXYxyyXyyxxxx,1,156045,1000,19
ac19_72587,YXXyx,YYYXyxyyxyxxxx,1,156056,1000,17
ac19_72597,YYXXXYX,YYXXXXyyxYxx,1,156118,1000,15
ac19_72598,YXXX,YYYXYYXyyyXyxyx,1,156122,1000,17
ac19_72613,YXYXXXX,YYYYXXXyxyyX,1,156169,1000,13
ac19_72619,YXXXX,YYYYxxyxyyxyyx,1,156199,1000,16
ac19_72633,YXyXXyx,YYYXyXYxyyxx,1,156248,1000,17
ac19_72635,YXyXXyx,YYYXXyxYxyyx,1,156260,1000,15
ac19_72647,YYXXYxxyx,YYYXXyyxxx,1,156299,1000,14
ac19_72656,YXXyXyxx,YYYXYxxyyxx,1,156341,1000,17
ac19_72674,YXXyx,YYYXYYxyyxyxxxxyx,1,156434,1000,19
ac19_72694,YYXXYYXXX,YYYXXXyxYXX,1,156484,1000,19
ac19_72700,YXYxyx,YYXyXXyyXyxxx,1,156516,1000,17
ac19_72721,YXYXXXX,YYYXXyXyyxYX,1,156566,1000,16
ac19_72726,YXYXyx,YYXyXXXyxxYYx,1,156590,1000,15
ac19_72731,YXYXyx,YYXXyXXXYYxYx,1,156601,1000,19
ac19_72735,YYYXXXXX,YYXXYXyyx,1,156607,1000,15
ac19_72748,YXYXyx,YYYXYxyXyXXXXYx,1,156659,1000,19
ac19_72755,YYXXYXYYx,YYXXXYxyx,1,156669,1000,13
ac19_72756,YXXyx,YYXYYXyXyxyyxyxx,1,156670,1000,2
ac19_72768,YXyXXyx,YYxyXXyyXYxyxyXYXX,1,156722,1000,17
ac19_72773,YXyXXyx,YYXyxxxxxYX,1,156739,1000,17
