name,r1,r2,n_members,members,nodes_explored,min_relator_length
ac19_130,YXYXyx,YYYxxYxyXXyyX,2,652 50815,501,13
ac19_175,YXYXyx,YYYYXyyyXXXYx,2,698 66077,501,17
ac19_202,YXXXyxx,YYXyxYxyxxx,4,726 77026 98803 149949,501,16
ac19_239,YXXYxxyx,YYxxxYxxyXXYx,2,766 144672,501,19
ac19_242,YXYXyx,YYXyXyyxyxxYx,2,769 35507,501,16
ac19_295,YXXXyxx,YYXyxYXyx,40,823 5379 6853 7708 8518 8848 23134 23890 24313 27191 31951 32002 36127 38351 39739 44888 47275 49539 54253 55459 58038 59145 59966 63281 76978 85530 95537 95671 95943 99183 102477 103143 109757 110467 120499 135506 144379 148166 148966 155569,501,16
ac19_353,YXYxyx,YYXXXyyXyXyxYxx,3,883 32987 48765,501,12
ac19_384,YXYXyx,YYYXyxyXyXXXYYx,2,914 8983,501,17
ac19_427,YXXXyxx,YYXXyXYXyx,13,957 7379 15149 15534 30321 87655 91037 99920 104551 110438 114335 121964 156037,501,16
ac19_460,YXyXXXyX,YYxyXYXXXyxyx,1,990,501,18
ac19_472,YXYXyx,YYXYxYYxyyXXX,2,1003 71312,501,16
ac19_527,YXyXXyx,YYxyxYxyxyxYXYXyxYx,1,1062,501,17
ac19_567,YXXXyxx,YYXyxYXXyx,20,1103 6120 18926 22121 22549 29399 40781 52256 56825 72223 73391 74778 79137 89646 90670 102098 106371 116647 126452 138344,501,16
ac19_573,YXXYxxyx,YYXXXyyxxyxYx,1,1109,501,15
ac19_575,YXYXyx,YYXyyXXXXYxxx,2,1111 134173,501,16
ac19_580,YXYXyx,YYYYxxYXyxyyXyX,1,1116,501,17
ac19_586,YYXXYXX,YYYYXYXXyyXyx,1,1123,501,15
ac19_718,YXYXyx,YYYYxxYXyXyXX,2,1257 74614,501,18
ac19_757,YXyXXyx,YYXYxxyyXyX,4,1299 22877 98319 151411,501,16
ac19_762,YXyXYxx,YYXYxxYxxyyXyyX,2,1305 155440,501,16
ac19_763,YXYXyx,YYYYYXyXXXXYYXX,2,1306 98919,501,17
ac19_823,YXYXyx,YYYxyXXXyXXYx,2,1370 113209,501,17
ac19_991,YXYXyx,YYYYYXXXXXXYXYxyX,2,1548 128745,501,17
ac19_1006,YXYXyx,YYYXXXyXXXYYxyx,1,1564,501,18
ac19_1331,YXYXyx,YYYXYYxxxyXyyXX,2,1909 73620,501,19
ac19_1345,YXyXXXyx,YYXyXYXyXYxxyxxyX,1,1924,501,17
ac19_1349,YXYXyx,YYYYYYxyXXYXyXX,1,1928,501,19
ac19_1358,YYXXXyXYX,YYxyXYXyX,5,1937 5134 64845 79727 149207,501,16
ac19_1373,YXXXyxx,YYXXyXYxyX,17,1952 9033 48297 48938 52125 62593 75089 78446 84562 94625 99705 127133 132991 138314 150365 151633 151998,501,16
ac19_1375,YXXyXYx,YYxyXyXYXYX,3,1954 7373 130867,501,16
ac19_1394,YXXXyxYx,YYXYXYxyX,1,1974,501,17
ac19_1520,YXYXyx,YYYYxxyXXXXYXyX,1,2106,501,19
ac19_1533,YXyXXXyx,YYXyxYxxyyxYx,1,2120,501,17
ac19_1592,YXYXyx,YYYXyXXyXXYYxyx,1,2183,501,17
ac19_1601,YYXXXXXXyXX,YXyXXYxxxxxxyXX,1,2193,501,16
ac19_1660,YXyXXXyx,YYYxxxyXyxx,1,2253,501,17
ac19_1668,YXXYx,YYXYXYYXXyyxx,3,2261 31376 86084,501,15
ac19_1757,YXYXyx,YYYXYxYXyyXXX,1,2354,501,16
ac19_1865,YXYXyx,YYYYYXXXXXXYX,3,2471 10434 141740,501,18
ac19_1889,YXYXyx,YYYxyxYYXyXyyXX,2,2495 106307,501,17
ac19_1903,YXYXyx,YYYYXYxyyyXXXYx,2,2511 117588,501,18
ac19_1909,YXyXXyx,YYYxyxyxxYx,3,2517 93240 150550,501,17
ac19_1926,YXyXXXyX,YYXXXyXyxyXXX,1,2535,501,18
ac19_2094,YYXYXyxxx,YYXyxxyyX,7,2710 19597 68362 95064 103440 112815 128436,501,16
ac19_2161,YXYXyx,YYYYYXYxYXXyXXX,2,2784 40284,501,19
ac19_2276,YXXYx,YYXyxYXYXyyx,2,2908 57768,501,15
ac19_2278,YXyxYXXyxxYXXyx,YYXyxYXXyxYXyxYXyX,1,2911,501,19
ac19_2285,YXYXyx,YYYYXXXXXYXYx,2,2919 129269,501,17
ac19_2327,YXYXyx,YYYxYxyxxyXXXyX,2,2962 58018,501,17
ac19_2346,YXXYx,YYYXXyxYYXYX,3,2981 32918 123820,501,15
ac19_2406,YXyXXXyx,YYxYXyxyxYxyx,1,3049,501,18
ac19_2423,YXXXyxx,YYXyxYxxyx,17,3066 26734 42314 53808 56225 58072 58421 101614 107083 111100 119077 119893 130646 138921 139319 146102 156636,501,16
ac19_2425,YXXXyXYx,YYXyXXYXX,1,3068,501,16
ac19_2482,YXyXXyx,YYYXyyyxx,2,3127 137713,501,16
ac19_2499,YXYXyx,YYxYxxYXyxyXXyX,1,3146,501,16
ac19_2518,YXYXyx,YYYYYYXyXyXXX,1,3165,501,19
ac19_2574,YXYXyx,YYYXyxyXyXXYYYx,2,3226 14518,501,17
ac19_2668,YXXyxYXXyxx,YYXXyxYXyxYxyx,1,3327,501,17
ac19_2669,YXXXyxx,YYXyXXXYxyX,7,3328 18716 69093 102083 110217 144951 148323,501,16
ac19_2696,YYXXYxYXXXYx,YYXXXyxxYXXYx,1,3360,501,17
ac19_2708,YXYXyx,YYXyyXyyxYxxx,2,3372 9450,501,18
ac19_2757,YXYXyx,YYYXyXXXXYXYx,2,3425 142004,501,17
ac19_2802,YXyXXyx,YYYxyxyXyXX,2,3474 3525,501,17
ac19_2856,YXXXyxx,YYXyXYxxxxyx,3,3536 61996 145340,501,16
ac19_2887,YXYXyx,YYYYYYXyXXX,4,3570 120739 140793 144640,501,15
ac19_2962,YXYXXYxyX,YYYXyXYxyxYXXyyx,1,3664,501,18
ac19_2972,YXYXyx,YYYXyxyyXyXXYYx,2,3678 119594,501,16
ac19_2977,YXYXyx,YYXyxyXXyXXYYxx,2,3683 154530,501,17
ac19_3076,YXyXXyx,YYXXXXyXyyxyX,2,3796 5653,501,18
ac19_3135,YXYXyx,YYXYxyyXXXyyxxx,2,3861 58327,501,17
ac19_3162,YXYXyx,YYYXXyyyXyxxx,2,3890 27372,501,17
ac19_3170,YXXXyxx,YYXyxYxyX,31,3900 8442 9912 21724 25881 35556 41762 47018 48764 55428 59448 63220 70981 74976 75690 78504 80037 85473 89048 89075 91536 101560 107647 118127 121192 121370 122110 124479 132236 139563 139721,501,16
ac19_3272,YXyXXyX,YYXYxyxxyxxYxxx,1,4020,501,15
ac19_3275,YXyXXXyx,YYxyxxyXYXyXX,1,4023,501,17
ac19_3303,YXXyxYx,YYYYYXYxyX,2,4054 99453,501,17
ac19_3381,YXYXyx,YYXyXXXXXYxYxyx,2,4143 103432,501,17
ac19_3436,YXYXyx,YYXXXyXyxxYxx,2,4213 119004,501,16
ac19_3444,YXYXyx,YYYYxxyXXXyXX,2,4224 28224,501,19
ac19_3514,YXYXyx,YYXyyXXyyxxYx,2,4300 147606,501,17
ac19_3532,YXyXYxx,YYXYXyxYXyxYXYx,1,4319,501,16
ac19_3697,YXXXyxx,YYXyXYXXyXXX,1,4508,501,16
ac19_3741,YXYXyx,YYYYYXXXXXXYxyX,2,4558 25952,501,17
ac19_3807,YXyXXyx,YYYXyxxyxx,4,4629 102028 126014 154318,501,16
ac19_3820,YXXXyxx,YYXyXYxyxYXXyx,4,4643 43409 94866 103456,501,20
ac19_3907,YXYXyx,YYYxYXyXXyXYX,1,4740,501,16
ac19_3965,YXYXyx,YYYYxyxYYXyXXyX,1,4809,501,17
ac19_4034,YXYXyx,YYYxyXyXXYXYx,2,4886 10260,501,16
ac19_4039,YXyXXXyx,YYXyXYXyXYxyXyxyx,1,4891,501,18
ac19_4099,YXYXyx,YYXYxyyXXyyxYxx,2,4960 16764,501,16
ac19_4114,YXXXyxx,YYXyyxYXyyxx,1,4977,501,16
ac19_4130,YXYXyx,YYYYYYxyXXXXX,2,4996 150480,501,18
ac19_4238,YXYxyx,YYYXXyxxxyyXX,1,5120,501,18
ac19_4277,YXYXyx,YYYXyXyXyxxxx,2,5168 97665,501,18
ac19_4280,YXYXyx,YYYxxYXyxyXyyXX,1,5171,501,17
ac19_4397,YXXXyxx,YYXyXYXXyxxx,1,5314,501,16
ac19_4415,YXyXXyx,YYXXXXyyXyxyx,2,5333 129306,501,17
ac19_4453,YXYXyx,YYXXyXXXXYYxx,2,5375 48066,501,18
ac19_4496,YXYxxYXyx,YYxxYYxxYX,7,5426 22970 29552 59300 70728 73409 151009,501,16
ac19_4613,YXYXyx,YYXYxxxyXyXXXYx,1,5554,501,17
ac19_4616,YXXXyxx,YYXyXYxyX,28,5557 8015 16642 17999 19150 20594 27853 35000 47623 50266 56229 62913 70592 79000 82350 83623 90281 98088 121730 122984 125356 127844 130798 136977 149774 149872 151092 156271,501,16
ac19_4627,YXYXyx,YYYYxYXyyXXXX,1,5570,501,18
ac19_4632,YXYXyx,YYXYYxYxyXXXX,1,5575,501,17
ac19_4671,YXyXXyX,YYXXyxxyxYXyx,1,5619,501,15
ac19_4683,YYXXXyxYX,YYXXYYXXyX,4,5635 10584 54979 111512,501,16
ac19_4704,YXYXyx,YYYYYxyXXXyXX,2,5657 131594,501,19
ac19_4756,YXyXXXyx,YYYXyxYxyXXyxyX,1,5719,501,17
ac19_4764,YXYXyx,YYXyyXyyxxYxxYX,2,5727 52793,501,17
ac19_4782,YXyXXyx,YYYXyyxxxx,2,5747 73949,501,17
ac19_4915,YXYXyx,YYXXXyyxyxYxx,2,5913 88135,501,16
ac19_4974,YYXXYYxyX,YYXXYYXXYx,2,5978 104629,501,15
ac19_5031,YXXYx,YYXYxxxYYXXyyX,1,6042,501,15
ac19_5036,YXYXyx,YYXXyXyyxyxxx,2,6047 32216,501,17
ac19_5130,YXYXyx,YYXyXXyyxxxYxYX,1,6161,501,18
ac19_5196,YXYxxyXyx,YYXXyyxYXXyXyx,1,6243,501,18
ac19_5230,YXXyXyx,YYxxYYxxyx,2,6286 107895,501,15
ac19_5248,YXYXyx,YYYYxYxyXXXyX,2,6304 54978,501,17
ac19_5262,YXXYx,YYYxyxyyXYXyyx,1,6322,501,18
ac19_5268,YXXXyxx,YYXXyXYxxyX,10,6331 62986 68882 102997 105126 106144 123656 132767 142401 147072,501,16
ac19_5303,YXYXyx,YYYYXyxyXXXXYYx,2,6371 24930,501,19
ac19_5327,YXYXyx,YYYYxyxYXyXyyXX,2,6398 105754,501,18
ac19_5375,YXYXyx,YYYYYxyXyXXYXyX,1,6459,501,17
ac19_5378,YXyXXXyx,YYYxyXXXyxYxyyx,1,6463,501,17
ac19_5418,YXYXyx,YYYXyXXyXXyxYxx,1,6507,501,16
ac19_5437,YXYXyx,YYXyXyXXXYxYxyx,1,6527,501,16
ac19_5489,YXYXyx,YYYxxYYXyxyyXyX,2,6583 46905,501,16
ac19_5705,YXyXXXyx,YYXyXYXXyxxYxxyyX,1,6836,501,17
ac19_5732,YXYXyx,YYYYxyXyXyyxx,1,6868,501,17
ac19_5759,YXYXyx,YYXyyXXXYxYxx,2,6902 101408,501,16
ac19_5778,YXYXyx,YYXYxyXXyyXyxxx,2,6925 130512,501,17
ac19_5807,YXYXyx,YYYxYxyXXyxyXyX,1,6958,501,16
ac19_5879,YXYXYx,YYYXyyyXyxYYXXYxYYx,1,7052,501,18
ac19_5901,YXYXyx,YYYXyXXyyyxYx,2,7078 97525,501,16
ac19_5927,YYXXXyxx,YYxYXXXXX,8,7111 15670 62662 64802 83712 89743 111983 133395,501,17
ac19_5929,YXYXyx,YYXyXyyXyxxxx,1,7113,501,16
ac19_5942,YXXXyxx,YYXyxYxyx,19,7128 10266 18919 37182 41461 44021 45392 53010 56713 68196 71954 76742 102612 105827 123383 129098 132063 154472 156469,501,16
ac19_5947,YXyXXyx,YYXXXXyyxxx,2,7133 98312,501,16
ac19_5977,YXyXXyx,YYXyXYxYXyxxyyX,2,7171 142069,501,17
ac19_5979,YXYXyx,YYYYxxYXyyyXX,2,7173 108519,501,17
ac19_5986,YXYXyx,YYXXXyXyyxYxxyx,1,7184,501,17
ac19_6022,YXYXyx,YYXYYxxYXyyXX,2,7235 19490,501,16
ac19_6057,YYXXXyXYX,YYXyxYXXyX,1,7282,501,16
ac19_6106,YXYXyx,YYYYYYXyXXyXX,2,7343 133183,501,18
ac19_6147,YXXXyxx,YYXyXYxyXXX,6,7392 41252 45459 46418 71411 104446,501,16
ac19_6149,YXYXyx,YYxYYxYXyxyXXyX,2,7394 30348,501,16
ac19_6319,YXYXyx,YYYXXyxyXXXYYxx,2,7599 38515,501,16
ac19_6324,YXyXXyx,YYXYxyXYXyyXyxyx,2,7604 132380,501,17
ac19_6428,YXYXyx,YYYxxxYXXyxyXXX,1,7725,501,18
ac19_6468,YXYXyx,YYYxYYxyyXXyX,2,7772 9157,501,17
ac19_6517,YXYXyx,YYXYxyXXXyyxxYx,1,7834,501,17
ac19_6523,YXYXyx,YYYYYXXyXXXYx,2,7843 38487,501,17
ac19_6554,YYXyxYXXyx,YXyxYXyxxyXyx,1,7883,501,17
ac19_6588,YXyXXyx,YYxyxxxxYXX,3,7921 78373 154701,501,16
ac19_6664,YXyXXyx,YYYxxxyXXyyXX,1,8006,501,17
ac19_6665,YXYXyx,YYYXYxyyyXXyyxx,1,8008,501,17
ac19_6682,YXYXyx,YYXyXXXYXYYxx,1,8031,501,17
ac19_6685,YXYXyx,YYYYxYXyxyyXyXX,1,8035,501,17
ac19_6728,YXYXyx,YYXyxyXyXXXYYxx,2,8083 102728,501,18
ac19_6750,YXYXyx,YYYXyyXYXXXXYYx,1,8114,501,19
ac19_6765,YXYXyx,YYYYxYXyxyXyyXX,2,8138 43727,501,18
ac19_6789,YXYXyx,YYYxxYxyyXyXX,2,8168 111970,501,19
ac19_6814,YXYXyx,YYYxxxYXyXXyX,2,8196 14635,501,16
ac19_6865,YXyXXyx,YYXXYxyXXyyxyX,2,8263 77743,501,18
ac19_6964,YXyXXXyx,YYxyxxyXYXyXYxyXX,1,8377,501,19
ac19_6967,YXYXyx,YYYxxYXyxyyXXyX,1,8380,501,17
ac19_7035,YXyXXXyX,YYXyxYXyxyx,1,8460,501,15
ac19_7053,YXYXyx,YYYXXXXXXYxYxyx,1,8481,501,16
ac19_7071,YXXXyxx,YYXXXXyXYxyX,6,8508 21601 22643 56270 74310 96689,501,16
ac19_7080,YXXYxxyx,YYxYxYYxxyX,2,8520 83674,501,17
ac19_7129,YXXXyxx,YYXyyXXYYxyX,1,8580,501,16
ac19_7151,YXyXXXyx,YYXyXYXyyXXXyyX,1,8606,501,17
ac19_7206,YXYXyx,YYXYxYxYXyXXX,1,8672,501,10
ac19_7255,YXYXyx,YYYXYxyXyyXXYYx,1,8737,501,17
ac19_7319,YXYXyx,YYXYxyXXyXXyxYxxx,1,8814,501,17
ac19_7423,YXyXXyx,YYYxyxyxYXyxYxx,1,8943,501,18
ac19_7436,YXyXXyx,YYxYxxYXyxxyxyXYX,1,8958,501,18
ac19_7441,YXYXyx,YYYYxxyyXyXXX,1,8964,501,17
ac19_7453,YXYXyx,YYYXXXXyyxxYx,2,8978 22511,501,17
ac19_7460,YXYXYx,YYXyyXYxxYXyx,1,8989,501,15
ac19_7545,YXYXyx,YYXYxxyXyXXXXYx,1,9103,501,17
ac19_7567,YXYXyx,YYYYXYYXXXXXX,2,9127 110815,501,16
ac19_7611,YXyXXyx,YYYxyxYXYxyxyXyyX,2,9176 124897,501,17
ac19_7709,YXXXyxx,YYXXyxYXyX,17,9297 11159 11912 29500 30916 37356 47266 61865 84989 105212 115948 119267 131433 139432 146819 148694 150272,501,16
ac19_7745,YXXYxxyx,YYxYxYxxyXX,2,9343 153219,501,17
ac19_7750,YXYXyx,YYXXyXyyxxxYx,2,9350 37128,501,17
ac19_7788,YXYXyx,YYXXyXyyxYxxxyx,1,9395,501,17
ac19_7801,YXYXyx,YYYxYYXXyxyyXXX,2,9409 115696,501,19
ac19_7802,YXYXyx,YYYYxyxYXyXXXyX,1,9410,501,18
ac19_7847,YXXYx,YYXYXYYXyyxx,5,9467 46071 61308 105036 151447,501,15
ac19_7859,YXYXyx,YYYXXXXXXYxYx,1,9482,501,18
ac19_7899,YXyXXyx,YYYXyxYxxxyxx,1,9530,501,16
ac19_8048,YXyXXXyx,YYXXyXYxxyxyx,2,9706 52075,501,18
ac19_8079,YXYXyx,YYYXyyyXXYYYx,1,9742,501,17
ac19_8081,YXYXyx,YYYXyXXXyxxxx,2,9744 146980,501,16
ac19_8088,YXyXXXyx,YYXyXXYxyXyyx,2,9751 18000,501,16
ac19_8125,YXyXXXyx,YYXXyXXYxyxyx,2,9803 134553,501,16
ac19_8139,YXYXyx,YYYYYxYXyyXXX,2,9818 67075,501,17
ac19_8223,YXYXyx,YYXXyXXXyxxYxxx,1,9919,501,17
ac19_8232,YXYXyx,YYYXyXXyyxYxx,4,9931 107775 117948 133140,501,16
ac19_8245,YXyXXyx,YYYxxyyXyXX,2,9947 32599,501,16
ac19_8266,YXXXyxx,YYXyXYXXyX,10,9972 19674 37386 47024 51726 58108 79817 96826 106150 117929,501,16
ac19_8267,YXYXyx,YYXXXyXyyXYxYYx,2,9975 15225,501,17
ac19_8294,YXYXyx,YYYYYxyyxyXXyXX,2,10005 53300,501,17
ac19_8300,YXYXyx,YYYxyXXyyXXYx,2,10013 120383,501,16
ac19_8356,YXYXyx,YYYXyyXXXXYYx,2,10083 95250,501,17
ac19_8428,YXYXyx,YYYXyyXXyXYYx,2,10176 86407,501,17
ac19_8502,YXYXyx,YYXYxYYXyXXXX,2,10267 49253,501,17
ac19_8579,YXYXyx,YYYxYxyXyXXYxyX,1,10369,501,16
ac19_8591,YXyXXXyx,YYYxyXXyxyx,2,10386 68600,501,18
ac19_8666,YXYXyx,YYXYxyXyyXyxxYx,2,10482 146403,501,16
ac19_8679,YXYXyx,YYYxxYYXyxyyXXX,2,10497 106395,501,17
ac19_8700,YXYXyx,YYXYxyXyXyXyxxx,2,10521 87784,501,16
ac19_8721,YXXYXXyx,YXXXyXXYx,2,10547 66395,501,15
ac19_8780,YXXXyxx,YYXXyXXXYXyx,2,10621 20077,501,16
ac19_8798,YXYXyx,YYYYXyXyXyxxx,2,10640 120715,501,16
ac19_8841,YXYXyx,YYYYYxyXyyXXX,1,10701,501,17
ac19_8868,YXYXyx,YYXyyXXyxxxxx,2,10739 73859,501,18
ac19_8912,YXYXyx,YYYYYxYXyXXXYxyyX,1,10794,501,18
ac19_8926,YXYXyx,YYXYxxxxyXyXyXX,2,10811 139826,501,19
ac19_8953,YXYXyx,YYYXXXXXXXYYx,2,10845 26347,501,17
ac19_8958,YXyXXXyx,YYXYxxyXXXyXyyx,1,10851,501,18
ac19_9079,YXYXyx,YYXYxxyXyXyXXYx,3,11018 56175 146204,501,17
ac19_9120,YXXXyxx,YYXyxYXyxxx,10,11070 12154 39402 44407 46472 50099 57299 99298 128657 135024,501,16
ac19_9196,YXXXXYxYxx,YXYXXXyxxxx,2,11173 64600,501,16
ac19_9271,YXXXyxx,YYXyXYxyxYxyX,4,11275 53831 55559 119422,501,20
ac19_9303,YXYXyx,YYXYxyXXXyyxxxx,2,11311 142328,501,17
ac19_9436,YXXXyxx,YYXyXXXYXXyX,2,11474 144695,501,16
ac19_9479,YXYXyx,YYYXYxYXyyyXXYx,1,11532,501,17
ac19_9490,YXyXXyx,YYXYxyyxyXX,1,11547,501,17
ac19_9535,YXXXyxx,YYXXyXYXyX,8,11605 12651 39651 90376 104211 132890 137616 145653,501,16
ac19_9545,YXYXyx,YYYYYXXXXXXYxyXYX,2,11617 133743,501,19
ac19_9552,YXYXyx,YYYXXXXyXyxxx,2,11627 128080,501,15
ac19_9564,YXYXyx,YYXXXyXyXYYxx,4,11643 79570 100828 108046,501,15
ac19_9583,YXYXyx,YYYXyxyyXXXYYxx,2,11668 57497,501,16
ac19_9620,YXYXyx,YYYXXXXXXYYYx,1,11722,501,18
ac19_9700,YXYXyx,YYXyyxyXyyXYxYYxx,1,11832,501,15
ac19_9750,YXXYx,YYXYXyyxYYXyyx,1,11898,501,18
ac19_9799,YXYXyx,YYYXyXyyXXYYx,2,11962 155179,501,17
ac19_9874,YXYXyx,YYYXXYXXXXXXYYx,2,12071 134113,501,19
ac19_9917,YXYXyx,YYYXyxyXyXXYxYx,2,12128 66130,501,16
ac19_9934,YXXYx,YYYYXXYXyyxyyx,2,12149 111273,501,15
ac19_9958,YXXXyxx,YYXXyxYXyx,21,12185 15088 17474 21140 27411 29272 36014 45376 45979 58103 61321 68458 101198 102393 115424 115708 118978 129532 145533 145839 147638,501,16
ac19_10021,YXYXyx,YYYYxxyyXXXYXyX,1,12265,501,17
ac19_10044,YXYXyx,YYXyyxyXXXXYYxx,1,12294,501,17
ac19_10077,YXXXyxx,YYXyxxxYXXyX,1,12339,501,16
ac19_10083,YXYxYXXYx,YYXyyxYXyyx,1,12347,501,19
ac19_10099,YXYXyx,YYYXyXXyxyyxYxyxx,1,12369,501,19
ac19_10129,YXyXXXyx,YYXXyXyxyXX,1,12410,501,17
ac19_10146,YXXXyxx,YYXyxYXXyXXX,1,12428,501,16
ac19_10161,YXYxxYXyx,YYxyXYxxYX,7,12450 75975 88347 103137 109169 148469 149808,501,16
ac19_10176,YXYXyx,YYYXXXXyyxxxx,2,12471 18398,501,17
ac19_10292,YXyXXXyx,YYYxxxyXXXyyx,2,12631 80906,501,16
ac19_10442,YXYXyx,YYYxYXyyXXXYxyX,1,12841,501,14
ac19_10444,YXYXyx,YYYxYXyXXyyxx,1,12844,501,16
ac19_10457,YXYXyx,YYYXyyyXyxxxx,2,12860 44368,501,17
ac19_10576,YXyXXXyx,YYXyyxxxYXXyx,1,13002,501,17
ac19_10602,YXYxYXXyx,YYxyXYxYXX,5,13037 36489 47611 73835 92249,501,16
ac19_10611,YXYXyx,YYXYYxxyXXyXX,2,13048 88735,501,16
ac19_10650,YXYXyx,YYYYxYxyyXyXX,2,13092 116552,501,18
ac19_10910,YXYXyx,YYXyXyyxyxxxx,2,13421 62187,501,17
ac19_10920,YXYXyx,YYYxYYxyXXXyX,1,13436,501,17
ac19_10926,YXXXyxx,YYXyxYxxxxyx,4,13442 103257 130025 139205,501,16
ac19_10934,YXXYx,YYYYXYXyxyyXYx,1,13452,501,15
ac19_10940,YXyXXyx,YYxyxYXYXYxyxYxyXyx,2,13459 56060,501,16
ac19_11070,YXYXyx,YYYxYXyxyyXXXYx,2,13637 93008,501,17
ac19_11129,YXyXXyx,YYXYXyyXyxyX,2,13713 15850,501,18
ac19_11149,YXYXyx,YYYXYxyXyXyXXYx,3,13746 21319 65755,501,16
ac19_11206,YXYXyx,YYXXyyXyxxxxx,2,13828 121639,501,18
ac19_11242,YXXXyxx,YYXXXXyxYxyx,3,13876 69879 135071,501,16
ac19_11283,YXYXyx,YYYxxYXyyXyXX,2,13926 147418,501,18
ac19_11328,YXYXyx,YYXXXyXXYYxYx,2,13983 53589,501,17
ac19_11382,YXYXyx,YYYxxYYXXyxyXXX,2,14053 89061,501,17
ac19_11468,YXYXyx,YYXyxyXXXXYxYxx,1,14168,501,16
ac19_11547,YXYXyx,YYXXXXyXYYxxx,2,14272 52501,501,16
ac19_11620,YXYXyx,YYYxYYXyxyyXyXX,2,14371 23681,501,18
ac19_11753,YYXXYxYXX,YYXXyXYYx,1,14560,501,18
ac19_11767,YXYXyx,YYYxYYXyXXyXX,2,14581 153621,501,18
ac19_11809,YXXYx,YYYXYxyXYXyyyx,1,14636,501,18
ac19_11813,YXYXyx,YYXyyXXXYxYYx,1,14644,501,17
ac19_11864,YXYXyx,YYYYYYxyyXXyX,2,14718 21126,501,17
ac19_11899,YXYXyx,YYYxYYXyyXXyX,1,14764,501,17
ac19_12101,YXXYx,YYYXXyyxyxYX,5,15043 29859 42270 82992 116649,501,15
ac19_12110,YXYXyx,YYYXXyxyXXyxxxx,1,15054,501,17
ac19_12121,YXYXyx,YYxYYxyXXyyXX,2,15073 141112,501,17
ac19_12262,YXYXyx,YYYXyxyyXXXYYYx,2,15268 153521,501,18
ac19_12321,YXXXyxx,YYXyXYxyx,26,15346 16610 25072 28318 37063 37653 38278 40153 45654 52355 69773 75951 91937 99078 109536 116266 118783 120155 126899 133713 137393 141152 142527 148136 148692 151647,501,16
ac19_12353,YXyXXyx,YYXyxYxxxyyxYX,2,15392 41289,501,16
ac19_12383,YXYXyx,YYYYYxyyXXyyX,1,15435,501,16
ac19_12439,YXYXyx,YYYXyXXXXYYYx,1,15515,501,17
ac19_12453,YXYXyx,YYYXXXXyyxxyxYx,1,15540,501,17
ac19_12465,YXYXyx,YYYYXXXXXXYYX,2,15554 42283,501,17
ac19_12500,YXXXyxx,YYXyxYXXyX,8,15599 20582 62672 71155 74044 145552 151064 153961,501,16
ac19_12636,YXYXyx,YYYYYxYXXyXXX,2,15784 29709,501,19
ac19_12651,YXYXyx,YYXXXyxyXXXYxYx,1,15805,501,16
ac19_12702,YXyXXXyx,YYXYxxxyXXyyx,1,15885,501,18
ac19_12723,YYXXYxxYx,YXYxxxxYXX,1,15912,501,16
ac19_12806,YXyXXyx,YYYXyyXXYxYxyyxyx,2,16033 17364,501,17
ac19_12814,YXYXyx,YYxyXXyyXXYxx,2,16047 65828,501,15
ac19_12858,YXYXyx,YYYYYXyXyyyxx,2,16109 58546,501,17
ac19_12875,YXYXyx,YYYxYYXyXyyXX,2,16133 24807,501,18
ac19_12880,YXyXXXyx,YYYxyxYxxyXyx,2,16141 95315,501,16
ac19_12887,YXYXyx,YYXyyXXXYxyXYYx,1,16148,501,16
ac19_12895,YXyXXyx,YYXyXYxxxyyXX,1,16159,501,16
ac19_12975,YXYXyx,YYYxYxyXyXXYX,2,16262 119126,501,17
ac19_13003,YXyXXyx,YYYxyxxyxYxYXyx,1,16304,501,17
ac19_13033,YXXXyxx,YYXXyxYxyX,17,16341 18758 21574 34750 41813 41996 47161 53316 70450 91700 96298 96432 103525 114858 128817 135365 148754,501,16
ac19_13049,YXYXyx,YYYYxyXXXyyxx,1,16362,501,16
ac19_13076,YXYXyx,YYYxYYxyXyyXYxyXX,1,16394,501,17
ac19_13088,YXyXXyx,YYXyyxyXyXX,2,16411 102341,501,17
ac19_13121,YXYXyx,YYYxYYXXyyXXX,2,16459 124605,501,17
ac19_13139,YXYXyx,YYXXXyXyyxxxxyx,2,16481 109159,501,18
ac19_13160,YXYXyx,YYXyXYxxYxxYXyXYXyX,2,16509 147150,501,16
ac19_13179,YYXYXyXXX,YYXyxYXyX,4,16534 28145 48642 95178,501,16
ac19_13201,YXYXyx,YYYXXyXyyyxxx,2,16567 128665,501,18
ac19_13343,YXYXyx,YYXyXXyXXYxYxyx,2,16758 91792,501,16
ac19_13372,YXYXyx,YYXYxyXXXyXyxxYxx,1,16796,501,18
ac19_13440,YXyXXXyx,YYYxyxxYXXyyXyX,2,16881 139415,501,17
ac19_13514,YXXXyxx,YYXXyxYxxyx,5,16986 37445 58931 65458 136798,501,16
ac19_13563,YXYXyx,YYYYXYYxYXyXyXX,2,17049 46103,501,19
ac19_13588,YXYXyx,YYYYXyXXXXYxx,1,17079,501,16
ac19_13627,YXyXXXyx,YYYxxxYXyyXyx,2,17135 154862,501,16
ac19_13665,YXYXyx,YYYYXyxyXXXXXYx,2,17190 132132,501,17
ac19_13759,YXyXXyx,YYxYxxxyxyxYX,2,17316 90310,501,17
ac19_13890,YXXXYxx,YYXXYYxyX,2,17514 120720,501,15
ac19_13891,YXYXyx,YYYYXyyXyyXYYxx,1,17515,501,18
ac19_13906,YXYXyx,YYYYYYXyXXXyX,2,17534 60119,501,18
ac19_13916,YXYXyx,YYYxYXXyXXXYYXX,1,17550,501,18
ac19_13920,YXYXyx,YYXyXXyyxxxxxYX,1,17554,501,18
ac19_13952,YYXXYxyxx,YYYYXXyxxx,3,17607 94724 132356,501,15
ac19_13989,YXyXYxx,YYXXyyXyyxyx,2,17657 69905,501,16
ac19_14008,YXyXXyx,YYXYXyxxxxx,1,17692,501,17
ac19_14043,YYXXXyX,YYXYxxyyXyx,1,17744,501,16
ac19_14215,YXyXXyx,YYXXYxxxyyxx,1,17981,501,18
ac19_14231,YXYxxYXyx,YYXyyxYXyyx,1,18005,501,19
ac19_14243,YXyXXyx,YYYYxyxxYxyx,2,18028 19019,501,16
ac19_14251,YXYXyx,YYYXXXXyXXYYx,2,18039 96104,501,18
ac19_14316,YXYXyx,YYYxxxYXXyXyX,2,18126 118740,501,16
ac19_14333,YXyXXXyx,YYXYxxxxyyx,1,18159,501,17
ac19_14404,YXyXXyx,YYxxYXXXyyxyx,2,18267 149254,501,16
ac19_14521,YXyXXyx,YYxYXyxyxyXYXyyX,2,18443 141133,501,16
ac19_14532,YXyXXXyx,YYYxyyXXXyXYxyXyX,1,18457,501,18
ac19_14549,YXXYx,YYYXYXYYxyXyyx,1,18479,501,15
ac19_14628,YXYXyx,YYXyyXyXXYYxx,2,18593 46941,501,17
ac19_14679,YXYXyx,YYYYxxyXXXYXX,2,18668 76856,501,18
ac19_14690,YXXXyxx,YYXyXYxyXYxyX,6,18686 42350 91270 105757 107011 138475,501,20
ac19_14702,YXYXyx,YYYYYxyyXyyXX,1,18705,501,18
ac19_14730,YXyXXXyx,YYYxyXXXyXyyX,2,18748 113126,501,17
ac19_14751,YXyXXyx,YYXXyXYxyxyxx,2,18779 115579,501,16
ac19_14816,YXyXXyx,YYXyyXyyXXX,2,18876 102750,501,17
ac19_14847,YXyXXyx,YYYxyxyxxYXXyx,2,18921 126239,501,18
ac19_14888,YXXYx,YYYYXXyxYYXyyyXYx,1,18982,501,18
ac19_14945,YXYXyx,YYYYxYXyXXyyX,3,19063 109776 114300,501,16
ac19_15113,YXYXyx,YYYYXyXXyXXYx,2,19317 61951,501,16
ac19_15145,YXYXYx,YYYxYXyyXYYxyXXyx,1,19360,501,18
ac19_15151,YXyXXyx,YYYXXyxyxx,2,19370 129919,501,16
ac19_15169,YXXXyxx,YYXyXXXYxyx,5,19392 45151 58790 78096 145395,501,16
ac19_15200,YXYXyx,YYYYXyXXyXYYx,2,19435 98787,501,17
ac19_15232,YXYXyx,YYxYxyxYXyyXXyX,1,19486,501,16
ac19_15329,YXYXyx,YYYYxxYXyXXyX,2,19643 61473,501,17
ac19_15507,YYXXyxx,YYYYYYXYxYYYYX,1,19903,501,16
ac19_15514,YXYXyx,YYYXXXXyxyyxxYx,2,19912 126470,501,18
ac19_15530,YXYXyx,YYYxyXXyyXYYx,2,19935 27938,501,15
ac19_15551,YXYXyx,YYYxYxyxxyXyXXX,2,19964 64790,501,18
ac19_15562,YXXXYxxxyx,YYYxxxyXYYx,1,19980,501,15
ac19_15572,YXyXXyx,YYXYxxyxxxx,1,19993,501,17
ac19_15579,YXYXyx,YYYYYXyXXXXXYxxyX,1,20005,501,17
ac19_15582,YXXXXyXyx,YYxxxxxyXX,2,20011 133586,501,15
ac19_15596,YXXYx,YYYXXyyXYXYxx,1,20028,501,15
ac19_15693,YXYXyx,YYYXYxxyyXXXX,2,20163 33816,501,16
ac19_15698,YXYXyx,YYYxYxyxYXyXyXX,2,20172 99434,501,17
ac19_15790,YXYXyx,YYYXXXyXyyxYxyx,1,20312,501,17
ac19_15815,YXXyxYXXyxx,YYXyXYXyxYXXyx,1,20355,501,19
ac19_15843,YXYXyx,YYXXyyXXXYxYx,2,20394 50380,501,14
ac19_15866,YXXXyXYx,YXyxxxyxx,1,20430,501,15
ac19_15873,YXXXyxx,YYXXXXXyXYXyx,2,20443 59342,501,16
ac19_15980,YXYXyx,YYYXYxyXyyXXXYx,1,20595,501,17
ac19_16012,YXYXyx,YYYYYYXXyxyXXXX,1,20642,501,18
ac19_16018,YXYXyx,YYYxYXyxyXyXXYx,2,20656 52153,501,17
ac19_16040,YXyXXXyx,YYXXyxYxxxyyX,2,20686 97302,501,16
ac19_16064,YXYXyx,YYYxYXXyXXXYxyXYX,1,20723,501,17
ac19_16068,YXXXyxx,YYXyXYXXyx,8,20727 95679 108004 117181 128756 140401 149704 154344,501,16
ac19_16069,YXYXyx,YYYXYxYXXyXXX,1,20729,501,16
ac19_16099,YXyXXyx,YYXXYxyxYxxyyx,2,20768 79326,501,17
ac19_16108,YXYXyXXYXyx,YXyXXYXyXXYx,2,20779 92062,501,16
ac19_16147,YXYXyx,YYYxyyXXyXYYx,2,20843 23843,501,18
ac19_16160,YXYXyx,YYYxYxyXXXyyX,1,20867,501,16
ac19_16221,YXYXYx,YYXyXYxYYxyXXyx,1,20957,501,15
ac19_16263,YXXXyxx,YYXXyxYxxyX,3,21015 49028 124881,501,16
ac19_16305,YXYXyx,YYYYXyyXXyyxx,2,21076 33819,501,17
ac19_16307,YXYXyx,YYYXyxyXyXXXYxx,2,21080 33981,501,16
ac19_16358,YXyXXyx,YYYxyxYxxyxyXYX,1,21163,501,18
ac19_16384,YXyXXyx,YYxyxYxyxyXYXYx,2,21200 112271,501,14
ac19_16410,YXYXyx,YYYxyXyyXXYYx,2,21236 54656,501,18
ac19_16416,YXYXyx,YYYxYxyyXyyXX,2,21244 91266,501,17
ac19_16445,YXXYx,YYXYXXyxxYYxyX,1,21293,501,15
ac19_16481,YXYXyx,YYYYYYYXXyxyXXX,2,21347 125742,501,17
ac19_16530,YXYXyx,YYXXXXyyxxxxx,2,21416 154688,501,18
ac19_16562,YXYXyx,YYYYYXXyXXXYX,1,21462,501,17
ac19_16588,YXYXyx,YYYYYxyXXXXYYXX,1,21497,501,19
ac19_16644,YXYXyx,YYYXyxyXXXyXYYx,2,21571 139440,501,18
ac19_16706,YXYXyx,YYXYxyyXyXyxxYx,1,21671,501,9
ac19_16708,YXYXyx,YYYYYYxyyXXXYxyyX,1,21673,501,18
ac19_16894,YXXYxxyx,YYYxxxyyXXX,2,21960 66479,501,15
ac19_16899,YXyXXXyx,YYXyXXYxyxxyx,2,21968 56701,501,18
ac19_16926,YXYXyx,YYYxxYXXyxyyXXX,1,22020,501,17
ac19_16956,YXYXyx,YYYXXyXXXYYxx,2,22072 57741,501,18
ac19_16979,YXYXyx,YYYxyyXXyyyxx,1,22104,501,18
ac19_17033,YXYXyx,YYXXXyXXYxYYx,2,22182 38963,501,18
ac19_17062,YXYXyx,YYXyXXXYXXYYx,2,22222 97975,501,16
ac19_17063,YXYXyx,YYXYxyXXXyyXyxYYx,2,22223 75895,501,16
ac19_17171,YXYXyx,YYYYYxyXXXyxyXX,2,22390 46505,501,18
ac19_17211,YXXYx,YYYYxYXyyyXyyxyx,1,22446,501,15
ac19_17212,YXYXyx,YYYXXXXyyyxxx,2,22447 61997,501,18
ac19_17213,YXYXyx,YYYYYXyXXyyxx,1,22448,501,16
ac19_17274,YXyXXyx,YYYYxyyxxYXXyXyx,2,22538 114499,501,17
ac19_17379,YYXXyXYxxyx,YYXXXyXYxyxYx,2,22695 143208,501,19
ac19_17417,YYXyxYXXyx,YXyXyxxyXYxyx,1,22746,501,18
ac19_17484,YXyXXXyx,YYYxxYxxyxYxyyX,1,22839,501,17
ac19_17526,YXYXyx,YYXyyXyyxxYxx,2,22901 133710,501,17
ac19_17569,YXYXyx,YYYXyXyyxyxxx,2,22966 60318,501,18
ac19_17570,YXXYxxyx,YYYxYxxyxyXXX,2,22967 118061,501,15
ac19_17613,YXYxxyXyx,YYYYXXyyyx,1,23039,501,18
ac19_17621,YXYXyx,YYYxyXyxyXyXXYx,1,23049,501,16
ac19_17638,YXYXyx,YYYXyyyXXXYYx,2,23077 65586,501,18
ac19_17644,YXYXyx,YYXyyXXXYXYxx,2,23086 88776,501,16
ac19_17655,YXYXyx,YYXYxyXyyXyxxxx,2,23098 104758,501,17
ac19_17672,YXYXyx,YYXYxyXyXXyxxxx,1,23122,501,16
ac19_17771,YXYXyx,YYYxyXXyXXYYx,2,23276 94760,501,18
ac19_17793,YXYXyx,YYYYXXXXXXYYx,2,23309 40321,501,19
ac19_17844,YXYXyx,YYxYXYxyXyXyyxx,1,23392,501,18
ac19_17855,YXXYx,YYXYxyxxYXyyX,3,23407 35489 133686,501,15
ac19_17899,YXYXyx,YYXyyXyyxxxxyxxyx,1,23478,501,19
ac19_17921,YXyXXyx,YYxyxYXYYxyxxyx,1,23512,501,17
ac19_17985,YXYXyx,YYYXYxyXXyXXyxxYx,1,23602,501,18
ac19_18054,YXYXyx,YYXXXyXyxxxYx,2,23706 32080,501,16
ac19_18125,YYXXYXYYXXX,YYYxyyxYXXyX,1,23812,501,18
ac19_18156,YXXYxxyx,YXyxYxYXXXyxx,2,23867 43333,501,19
ac19_18174,YXXyxYXXyxx,YYXyxYXXyxYXyX,1,23898,501,19
ac19_18203,YXYXyx,YYYXyyXyXXYYx,2,23941 24055,501,17
ac19_18204,YXXYxxyx,YYxxxxxyXyXYX,1,23944,501,19
ac19_18207,YXYXyx,YYxyXXyXYXyXYxx,2,23948 151302,501,15
ac19_18209,YXYXyx,YYYYXyxyXXyyyxx,1,23951,501,18
ac19_18282,YXYXyx,YYYYYXXXXXXYYXX,2,24052 24511,501,17
ac19_18287,YXYXyx,YYxYYxyXyXXYX,2,24058 101802,501,17
ac19_18329,YXyXXXyx,YYXyXYXyxyXyX,1,24127,501,17
ac19_18380,YXYXyx,YYYYXXXXXXXYx,2,24206 117207,501,18
ac19_18394,YXYXyx,YYYXXXYXXXXXYYx,2,24227 110159,501,19
ac19_18400,YXyXXXyx,YYXyXYxYxyxYxxyyX,1,24235,501,17
ac19_18412,YXYXyx,YYXXyXyyxYxxx,2,24250 85580,501,17
ac19_18413,YXYxxYXyxYXyx,YYXYxxYYxxYXyx,1,24252,501,17
ac19_18417,YXYXyx,YYYYXyyXyyyxx,2,24260 122754,501,18
ac19_18435,YXYXyx,YYXyyXyyxxYYx,2,24294 130326,501,17
ac19_18446,YXyXXyx,YYYXyyxyyX,2,24308 133051,501,17
ac19_18466,YXYXyx,YYYxyyXyXXYYx,2,24352 91829,501,17
ac19_18485,YXYXyx,YYYXyXXyyxxxx,2,24385 57820,501,17
ac19_18524,YXXXYxxxyx,YYxYxxxyXXX,1,24442,501,15
ac19_18559,YXYXyx,YYYYxYXyyXyXX,1,24502,501,17
ac19_18581,YXXYx,YYYYXYXyxYXyyx,1,24537,501,18
ac19_18601,YXYXyx,YYYXyyXyyyxxx,2,24574 119273,501,18
ac19_18660,YXXXyxx,YYXyXYxyxxx,4,24660 123182 123988 149713,501,16
ac19_18702,YXyXXyx,YYYxxxYYxyxyXyyX,2,24729 150957,501,17
ac19_18721,YXYXyx,YYYxYXyxyXXyyxx,1,24759,501,17
ac19_18756,YXYXyx,YYYYXyxyXyXyyxx,1,24806,501,17
ac19_18792,YXyXXyx,YYXYxyXyyxYXyxx,2,24855 86048,501,18
ac19_18834,YXYXyx,YYYxyXyXXyyxx,2,24929 77255,501,17
ac19_18843,YXYXyx,YYYXyXXXXYYxxyx,1,24940,501,18
ac19_18891,YXYXyx,YYXyXXXXYXYYx,2,25016 134961,501,18
ac19_18924,YXYXyx,YYYXYxxyyyXXXYx,2,25063 126831,501,18
ac19_18945,YXYXyx,YYYxxYXyXyyXX,2,25098 48023,501,17
ac19_18971,YXYXyx,YYYYXyxyXXyXXYx,2,25149 33244,501,16
ac19_19100,YXYXyx,YYXyyXyxyxxxx,2,25341 111800,501,18
ac19_19116,YXYXyx,YYYxxYXyxyXyXyX,1,25361,501,16
ac19_19153,YXYXyx,YYYXyXXXYXYxx,1,25421,501,16
ac19_19173,YXYXyx,YYYXXyyXyxxxx,2,25457 140247,501,17
ac19_19201,YXYXyx,YYYYxxYXXyxyXXX,2,25503 54068,501,17
ac19_19286,YXYXyx,YYYYYYYXyyXXX,2,25629 95832,501,19
ac19_19288,YXYXyx,YYYXXyXXXYYxxyx,1,25635,501,17
ac19_19299,YXyXXyx,YYxxyxxxxYX,1,25653,501,17
ac19_19435,YXYXyx,YYYYxyyyXXXYx,2,25875 59702,501,17
ac19_19456,YXXYx,YYYXYXXyxyyx,5,25909 29301 43383 62396 143538,501,15
ac19_19501,YXYXyx,YYYXXXyXXyxxYxx,1,25978,501,17
ac19_19538,YXYXyx,YYYYXyXXXXYYX,2,26028 27057,501,17
ac19_19589,YXyXXyx,YYYYxyxyyx,2,26115 79582,501,17
ac19_19594,YXYXyx,YYXyyXXYXXXYYxx,1,26121,501,19
ac19_19595,YXYXyx,YYYXyyXXXYxYx,1,26123,501,17
ac19_19657,YXXYxxyx,YYXXyXyXyxxyx,1,26222,501,17
ac19_19691,YXyXXyx,YYYYxxxyxx,2,26277 143462,501,16
ac19_19752,YXyXXyx,YYXYxYxxxxyyx,2,26365 155085,501,17
ac19_19833,YXyXXyx,YYXyXyxYxyxyxYX,2,26491 100055,501,18
ac19_19872,YXXXyxx,YYXyxxxYxyx,6,26542 29416 31747 33498 58937 122345,501,16
ac19_19903,YXYXyx,YYYXyXyXXYYxx,1,26588,501,17
ac19_19956,YXXYx,YYXYxyxyXXyyx,1,26679,501,15
ac19_20093,YXYXyx,YYYYXyxyXXyXYYx,2,26890 63404,501,16
ac19_20098,YXYXyx,YYXXXyyXYXYYx,2,26895 70980,501,16
ac19_20099,YXYXyx,YYXXyyXXXYYxx,2,26896 114232,501,18
ac19_20102,YXYXyx,YYYYxxyXXXXyX,2,26899 28860,501,17
ac19_20118,YXyXXXyx,YYxyxyXXYxxyXXX,1,26930,501,19
ac19_20125,YXyXXXyx,YYXXyXXYxxyXyyx,1,26943,501,18
ac19_20150,YXXXyxx,YYXyXYxxyxxx,1,26984,501,16
ac19_20159,YXYXyx,YYYYYxYXyXXyX,3,26996 62697 93804,501,17
ac19_20179,YXYXyx,YYYxYYXyyXXYxyX,1,27032,501,16
ac19_20225,YXYXyx,YYYYYxyXXXXYxyXYX,1,27097,501,17
ac19_20270,YYXXXYxx,YYYXXXyxyyxyx,1,27180,501,17
ac19_20341,YXYXyx,YYYXyxyXXXyyxxx,1,27285,501,17
ac19_20495,YXYXyx,YYYYYXyXXXX,3,27524 42624 111948,501,16
ac19_20503,YXYXyx,YYXyxyXXXXYYxxx,2,27533 142039,501,17
ac19_20525,YXYXyx,YYYxyXXyyxyxx,2,27567 38369,501,16
ac19_20574,YXYXyx,YYYXyXXXXYxxx,1,27647,501,16
ac19_20587,YXYXyx,YYXXXyXXYYxxx,2,27663 145912,501,17
ac19_20662,YXYXyx,YYYXXXXYXXXXYYx,1,27779,501,18
ac19_20690,YXYXyx,YYYYXyyxyXXXXYx,1,27828,501,17
ac19_20691,YXyXXyx,YYXyyxyXXX,4,27831 69820 118318 155415,501,16
ac19_20703,YXYXyx,YYYYXyXyyXXYx,2,27848 104061,501,16
ac19_20724,YXyXXXyX,YYXXXyxyxYXyxYxyX,1,27886,501,18
ac19_20763,YXXYx,YYXYxyXYXyyx,3,27945 66089 128906,501,15
ac19_20771,YXyXXyx,YYXYXyxyxxxYXXyyx,1,27964,501,18
ac19_20778,YXyXXyx,YYxxxYxxyxyXYXX,2,27975 120100,501,17
ac19_20834,YXYXyx,YYYYYYYXyxyXXXX,2,28066 110812,501,17
ac19_20880,YXYXyx,YYXXXyXyxxYxxyx,1,28133,501,16
ac19_20897,YXYXyx,YYYxxxYXyyXXX,2,28159 104388,501,17
ac19_21044,YXYXyx,YYYYxYxyXXyyX,2,28390 129428,501,17
ac19_21053,YXyXXyx,YYYYxxxxxxx,1,28408,501,17
ac19_21082,YXYXyx,YYXXyyXyyxxxxyx,2,28445 119153,501,19
ac19_21086,YXYXyx,YYYxYxyyxyyXyXX,1,28456,501,17
ac19_21100,YXYXyx,YYXYxyyXXyXyxxx,2,28484 45961,501,16
ac19_21177,YXYXyx,YYXyXXXXXYYxx,1,28610,501,17
ac19_21200,YXyXXXyx,YYXyXyxyXYxyX,2,28647 149011,501,16
ac19_21213,YXyXXyx,YYYxyxxyxYx,2,28673 29643,501,18
ac19_21217,YYXXXyxx,YYXXXYxYXXX,11,28681 33570 39205 49197 65178 77862 83610 122908 134185 148585 153272,501,17
ac19_21231,YXXXyxx,YYXXXXyXYxyx,3,28705 93658 119325,501,16
ac19_21270,YXyXXyx,YYxyxyxYxxxYX,1,28770,501,17
ac19_21393,YXyXXyx,YYYXyxyxxx,3,28974 60252 101594,501,17
ac19_21432,YXYXyx,YYYYXXyXXXYYX,1,29041,501,17
ac19_21487,YXYXyx,YYYYXyXyyyxxx,2,29117 147715,501,17
ac19_21523,YXYXyx,YYYXXXXyyxxxyxx,2,29170 134764,501,17
ac19_21571,YXXXyxx,YYXXyXXXYxyX,2,29251 50421,501,16
ac19_21595,YXYxyx,YYXXyxYxxYxYYxx,1,29302,501,16
ac19_21618,YXYXyx,YYYYXyyyXyxxx,2,29340 84317,501,16
ac19_21628,YYXyXYXyX,YXyxxyXYx,4,29361 74115 92651 146985,501,13
ac19_21651,YXYXyx,YYYxYxyXyxyXXyX,1,29394,501,17
ac19_21703,YXYXXYxyX,YYYXyxYXyXyx,1,29480,501,18
ac19_21705,YXyXXyx,YYXyxxyXyxxYX,1,29482,501,18
ac19_21727,YXyXXyx,YYxYYxyxyxx,6,29512 30734 43849 73951 90805 142077,501,18
ac19_21735,YYXXyxx,YYxyXYXYxyX,1,29528,501,18
ac19_21791,YXYXyx,YYYYYXXyXXXXYxxyX,1,29614,501,18
ac19_21794,YXYXyx,YYYXXyXyxyxxx,2,29621 110291,501,16
ac19_21807,YXYXyx,YYYXyxyXXyyyxYx,1,29634,501,16
ac19_21864,YXYXyx,YYYXYxyXXyXXyxYxx,2,29725 114949,501,16
ac19_21914,YXYXyx,YYXyXyXyyxxxx,1,29817,501,17
ac19_21915,YXyXXyx,YYxYxxxYXYXyxyxyx,1,29819,501,18
ac19_21936,YXXXyxx,YYXXyxYxyxxx,4,29853 53014 58726 156594,501,16
ac19_21994,YXyXXXyx,YYxyxyxYxYXyx,2,29948 123415,501,16
ac19_22128,YXYXyx,YYYxyxYYXyyXXyX,2,30160 78949,501,17
ac19_22144,YXyXXXyx,YYXyyxxYxyxYx,1,30190,501,18
ac19_22175,YXYXyx,YYYYYYXyxyXXyXX,2,30240 114795,501,19
ac19_22211,YXyXXyx,YYxYYxyxxyx,5,30295 56481 67937 94106 141098,501,16
ac19_22257,YXYXyx,YYYXXXyyxyxxx,3,30371 97165 117577,501,17
ac19_22260,YXYXyx,YYXyXYxxxYxyXXXyX,1,30375,501,17
ac19_22263,YXyXYXyxx,YYXXyxxYxyX,2,30378 65667,501,19
ac19_22326,YXYXyx,YYYYYYxyyyXXX,2,30476 133862,501,17
ac19_22349,YXyXXyx,YYYXyxxyxYxxx,1,30515,501,18
ac19_22421,YXYXyx,YYYxYxYXXyxyXXX,2,30631 54532,501,17
ac19_22424,YXYXyx,YYYYYxyXyyyXX,2,30637 39458,501,18
ac19_22449,YXYXyx,YYYYYxxyXyXXX,2,30675 138176,501,17
ac19_22525,YXYXyx,YYXYxxYxyyxyXXyXX,1,30798,501,19
ac19_22624,YXYXyx,YYYxYYXyyXyXX,1,30961,501,17
ac19_22680,YXYXyx,YYYYxYYXyxyyXXX,2,31055 37245,501,18
ac19_22699,YXYXyx,YYYXyXXXYYXYx,1,31087,501,16
ac19_22736,YXYXyx,YYYYxYYXyxyXXXX,2,31149 73935,501,17
ac19_22753,YXYXyx,YYXYxYXyyXyXXYx,2,31174 47154,501,16
ac19_22762,YXyXXyX,YYXXXyxyxYXyx,1,31203,501,15
ac19_22767,YXyXXXyx,YYYxxyXXyyX,2,31211 35714,501,17
ac19_22798,YXYXyx,YYXyXYXyXXyxYxxxx,2,31260 153246,501,18
ac19_22829,YXYXyx,YYXXyXXXYYxYxyx,2,31309 115573,501,18
ac19_22929,YXyXXyx,YYXYxxxyxxx,2,31478 95337,501,17
ac19_22994,YXYXyx,YYYXyxyXXXXYxYx,1,31579,501,17
ac19_23008,YXYXyx,YYYxYYXyyyXXX,2,31598 120016,501,18
ac19_23020,YXyXXyx,YYXXyXXYxxyxyxx,1,31614,501,18
ac19_23027,YXyXXyX,YYXXXyxxyxx,1,31627,501,15
ac19_23034,YXYXyx,YYXYxxYXyyXXX,2,31642 91505,501,16
ac19_23066,YXyXXyx,YYxxxyXyxyXYX,2,31706 75131,501,18
ac19_23081,YXYXyx,YYXXXyXXYxYxx,2,31727 149514,501,16
ac19_23096,YXYXyx,YYXXyXXXYYxxxyx,1,31749,501,17
ac19_23123,YXXXyxx,YYXyxYxyXYxyX,4,31796 35873 56205 99686,501,20
ac19_23136,YXYXyx,YYYXyXyXyyxxx,2,31815 125194,501,17
ac19_23156,YYXXyxx,YYYxYXYYX,1,31848,501,16
ac19_23182,YXYXyx,YYYXXXXXyyxYxyx,1,31901,501,14
ac19_23189,YXyXXyx,YYYxYXyxyxx,2,31909 78366,501,16
ac19_23190,YXYXyx,YYXXXXyXXyxYxxYxxyx,1,31911,501,17
ac19_23232,YXYXyx,YYXXyXyyxxYxx,2,31995 85712,501,18
ac19_23276,YXyXXyx,YYYxyyxxYYxx,2,32072 34887,501,17
ac19_23325,YXyXXXyx,YYXyXYXyXyxyx,2,32150 82359,501,17
ac19_23395,YXYXyx,YYYxxYXXyyXXX,1,32272,501,18
ac19_23523,YXYXyx,YYYxYxyXXXYXX,2,32486 124532,501,17
ac19_23535,YXyXXyx,YYxYxxyxYxyxyXYXX,1,32506,501,18
ac19_23550,YYXXYxyxx,YYXyxxYXyx,1,32532,501,16
ac19_23557,YXXYx,YYYXXyyyxyxyyx,2,32545 81127,501,18
ac19_23574,YXYXyx,YYYYxYxyXXXXYxyyX,1,32568,501,18
ac19_23632,YXYXyx,YYYXYxyXXyXyyxx,1,32670,501,17
ac19_23673,YXXYx,YYYXXyxyxyyx,3,32746 81290 85419,501,15
ac19_23725,YXYXyx,YYYYYxyyXXyXX,2,32844 49746,501,19
ac19_23753,YXYXyx,YYYxYxYXyxyyXXX,2,32900 89428,501,18
ac19_23790,YXYXyx,YYXYxyXXyXyyxxx,2,32963 68709,501,17
ac19_23815,YXyXXXyx,YYXXyXYxxxYXyyxyX,1,33010,501,17
ac19_23864,YXYXyx,YYXYYxxxyyXXX,1,33099,501,16
ac19_23898,YXYXyx,YYYXyXXXYxyXYYx,1,33165,501,16
ac19_23913,YXyXXyx,YYXYxxxxyxx,2,33187 122147,501,16
ac19_23941,YXYXyx,YYYYxxyxYXyyXXX,2,33232 110520,501,19
ac19_23969,YXYXyx,YYYYYXXyXXXYXYxyX,2,33271 136153,501,18
ac19_24002,YXYXyx,YYXyyXyyxxxxx,1,33321,501,18
ac19_24034,YXYXyx,YYYXXyXXXYxxx,2,33386 80501,501,16
ac19_24078,YXYXyx,YYYxxYXyyXXYX,2,33471 140741,501,18
ac19_24136,YXYXyx,YYYxxYYXyxyXXyX,2,33578 41902,501,16
ac19_24173,YXyXXXyx,YYYxyxYxyxYXyxx,2,33637 129795,501,16
ac19_24278,YXYXYx,YYXyXYxxYXyyx,1,33803,501,15
ac19_24286,YXyXXyx,YYXXXyXXXyyxxyx,1,33815,501,17
ac19_24290,YXXYx,YYYxYXyyxxYXyyyXyx,1,33825,501,15
ac19_24332,YXYXyx,YYYYxxYXyxyXyyX,1,33903,501,16
ac19_24352,YXyXXyx,YYxyxyxYxYX,3,33942 121358 134530,501,16
ac19_24441,YXYXyx,YYXYxxyyXXyyxxx,1,34104,501,17
ac19_24470,YXyXXyx,YYYXyyXYYxyXXyyxyx,2,34147 140502,501,17
ac19_24486,YXXYx,YYXXyyXYxxyxYX,1,34187,501,15
ac19_24520,YXYXyx,YYXXyXXyXYxxYxxyx,2,34238 140925,501,16
ac19_24560,YXYXyx,YYXyyXXXXYxYxyx,1,34310,501,17
ac19_24564,YXYXyx,YYYXXyXyyxxxxyxyx,2,34315 115715,501,20
ac19_24595,YXyXXyx,YYxYxyxxxyxYX,1,34368,501,18
ac19_24603,YXyXXXyx,YYXyXYXyxYxyxyx,2,34379 78317,501,18
ac19_24610,YXYXyx,YYYXyXyyyxxYx,2,34393 88508,501,18
ac19_24642,YXXYx,YYYYxyXYXYXyyx,1,34447,501,18
ac19_24660,YYXXYxyxx,YYXXYXyyxxx,2,34478 84130,501,15
ac19_24668,YXXyXYx,YYxyxxxyXyXYX,1,34494,501,16
ac19_24679,YXYXyx,YYYxxYYXyyXyX,2,34512 73445,501,16
ac19_24732,YXYXyx,YYYYYxYXyXXXX,2,34603 85028,501,19
ac19_24749,YXyXXXXyx,YYxYxyxxyX,1,34634,501,18
ac19_24760,YXYXyx,YYYXXXXyXYYYx,2,34656 133203,501,18
ac19_24770,YXYXyx,YYXyXYXXyXXyxYxxx,2,34671 64475,501,16
ac19_24836,YYXXXyX,YYXYXyxyyxx,1,34777,501,16
ac19_24841,YXYXyx,YYYYYxxyyXXXX,2,34784 133292,501,19
ac19_24884,YXXYx,YYYYXYxyXYXyyx,2,34861 144733,501,18
ac19_24901,YXyXXyx,YYXYxyXXyyxxx,1,34888,501,16
ac19_24933,YXyXXyx,YYYxyxxyxYX,2,34954 103933,501,17
ac19_24981,YXXYx,YYYYxYXyyyXYYXXyx,1,35032,501,18
ac19_24995,YXYXyx,YYXXXyyxYXyxxxx,1,35058,501,16
ac19_25025,YXYxxyXyx,YYXXyxYXXXXyx,1,35107,501,18
ac19_25028,YXyXXyx,YYYXyxxyxYx,2,35117 52377,501,17
ac19_25086,YXYXyx,YYYYYYXyXXXYxyX,1,35239,501,17
ac19_25102,YXYXyx,YYYxYxyXyxyXyXX,1,35264,501,18
ac19_25234,YXYXyx,YYYYxYXXyxyXXXX,1,35466,501,17
ac19_25244,YYXXyxx,YYxYxYXXX,1,35486,501,13
ac19_25245,YXXYx,YYYYXYXXyXYYYx,1,35487,501,15
ac19_25268,YXYXyx,YYYYYYxyXXXyX,1,35536,501,18
ac19_25303,YXYXyx,YYYXXyXXXYXYx,3,35588 63878 118014,501,18
ac19_25325,YXYxYXXYXyx,YYxYXXXYxYXX,1,35629,501,17
ac19_25372,YXYXyx,YYYXyxyXXXXXYxx,2,35717 55303,501,18
ac19_25419,YXYXyx,YYYXYYxYXyXXX,2,35806 55960,501,16
ac19_25428,YXYXyx,YYXXXXXyyxxxx,2,35828 136215,501,18
ac19_25471,YXyXXXyx,YYXyXyyXXYxyX,2,35910 141870,501,18
ac19_25479,YXYXyx,YYYYxYXyxyXXXyX,1,35924,501,17
ac19_25488,YXYXyx,YYYXyxyyXXXXYYx,2,35945 128014,501,18
ac19_25498,YXXXXyXXyX,YYxxyxxxxxx,1,35965,501,16
ac19_25521,YXYXyx,YYXXXXXXYYxxx,1,36003,501,18
ac19_25560,YXYXyx,YYXYxyXyXyyxxYx,2,36078 84624,501,17
ac19_25587,YXYXyx,YYXyyXyxyxxYx,2,36123 92096,501,16
ac19_25683,YXYXyx,YYYYxYXyxyXXyyX,1,36276,501,17
ac19_25685,YXYXyx,YYXXyXXXXYxYx,2,36280 101879,501,17
ac19_25746,YXyXXyx,YYxyxxyXXXX,2,36386 53565,501,16
ac19_25755,YXYXyx,YYYYYYXyXXXXX,1,36398,501,18
ac19_25769,YXYXyx,YYXXXXXXYxxYx,1,36427,501,16
ac19_25891,YXYXyx,YYYYYYxyyXXXX,2,36631 44646,501,17
ac19_25945,YYXXYxYXXXYx,YXXYxxxyXXXYx,1,36732,501,17
ac19_26026,YXYXyx,YYXXyxyXXXXYxYx,2,36885 146447,501,18
ac19_26052,YXYXyx,YYYYYXXXXXXYxYX,2,36924 103416,501,19
ac19_26059,YXYXyx,YYYYXXXXXyyxx,1,36935,501,14
ac19_26077,YXYXyx,YYYXYxyyXyXXXYx,1,36968,501,17
ac19_26094,YXYXyx,YYXXXyyXXYYxx,2,36994 69747,501,17
ac19_26106,YXYXyx,YYYXXXyxyXyxxxx,1,37019,501,17
ac19_26129,YXYXyx,YYXXXXyyxxYYx,2,37050 90346,501,16
ac19_26159,YXYXyx,YYYYYYxyXXyXX,1,37098,501,17
ac19_26167,YXyXXyx,YYXYXyxYxxxyyx,2,37109 118564,501,17
ac19_26196,YXYXyx,YYYYYxYXyyyXX,2,37164 91481,501,18
ac19_26200,YXXXyxx,YYXXyXYxyXXX,3,37169 131121 143116,501,16
ac19_26232,YXyXYxx,YYYXyxYXyXXyyxyx,1,37221,501,16
ac19_26262,YXYXyx,YYYXXXXyyXyxYYx,2,37292 48042,501,16
ac19_26316,YXyXXyx,YYXyyxxxYX,1,37398,501,16
ac19_26355,YXYXyx,YYYxYYxyXXyyX,2,37471 98358,501,16
ac19_26385,YXYXyx,YYXyXXXyxxxYxyx,1,37530,501,16
ac19_26388,YXYXyx,YYXXXXyxyXyxxYx,1,37538,501,16
ac19_26528,YXXXyxx,YYXXyXYxxyx,3,37784 124689 147307,501,16
ac19_26551,YXYXyx,YYXXyXyyxxxxyxx,2,37815 106518,501,18
ac19_26567,YXYXyx,YYXyyXXXXYxYx,2,37841 120731,501,17
ac19_26575,YXYXyx,YYXyXXXXYYXXYYx,1,37855,501,18
ac19_26618,YXYXyx,YYYxYXyyXXXYX,1,37930,501,16
ac19_26644,YXyXXXyx,YYYxxxYXyxxYxxyyX,1,37973,501,17
ac19_26716,YXyXXXyx,YYXXyXXYxyxYxyxyX,1,38106,501,17
ac19_26784,YXYXyx,YYYXYxyXXyyyxxx,2,38222 140620,501,18
ac19_26799,YXYXyx,YYXyXyXXXYYxxyx,1,38255,501,17
ac19_26870,YXyXXXyx,YYYxxxxxxyx,1,38386,501,18
ac19_26898,YXyXXyx,YYYxyyxxYXXyxYx,2,38441 108533,501,17
ac19_26934,YXYXyx,YYYYXYYxYXXyxyXXX,2,38498 41202,501,19
ac19_26982,YYXYXXXYx,YYXyXXXYxYx,1,38573,501,16
ac19_27060,YXXYx,YYYXXyyxyxxYX,2,38713 55814,501,15
ac19_27062,YXyXXXyx,YYYXyxYxxyXyx,2,38716 132113,501,16
ac19_27077,YXYXyx,YYXYxyyXXyyxxxx,2,38742 148986,501,17
ac19_27125,YXYXyx,YYYYYxyXXXXYxyX,1,38827,501,16
ac19_27133,YXYXyx,YYYYYXXyxyXXXYx,2,38846 155579,501,17
ac19_27161,YXyXXXyx,YYxxxxYxyxxyXYX,1,38888,501,18
ac19_27186,YXYXyx,YYXXyyXyxxYxx,2,38928 90017,501,17
ac19_27245,YXYXyx,YYYYYxyyXXXYYXX,1,39038,501,19
ac19_27274,YXYXyx,YYYYYXyXXXYXX,3,39098 92122 149083,501,16
ac19_27332,YXYxxYXyx,YYXXyxyXyx,1,39227,501,16
ac19_27438,YXYXyx,YYYXXXXXXYYxx,1,39427,501,17
ac19_27463,YXYXyx,YYYYXyyXyyxxx,2,39474 149101,501,18
ac19_27469,YXyXXyx,YYXXyyXyyXX,1,39486,501,17
ac19_27476,YXYXyx,YYYxyxYXyXyXXYx,2,39494 53186,501,17
ac19_27484,YXyXXyx,YYYXyxYxyxxyXX,1,39508,501,17
ac19_27530,YXYXyx,YYXYxyXXXXyyxxx,1,39580,501,18
ac19_27544,YXYXyx,YYYxYXXyxyXXXYx,2,39600 98439,501,17
ac19_27546,YXYXyx,YYYxyyXXyXXYx,4,39604 103439 104331 109125,501,18
ac19_27589,YXXYxxyx,YYXyxYxyxYx,1,39678,501,17
ac19_27602,YXYXyx,YYYYxxYXyyXyX,4,39700 86559 126289 131028,501,18
ac19_27631,YXYXyx,YYYXyXXyXXYYx,2,39752 82144,501,18
ac19_27697,YXYXyx,YYYYYXyxyXyXXYx,2,39859 80011,501,18
ac19_27752,YXYXyx,YYXXXXyyxxYYxyx,1,39953,501,17
ac19_27810,YXYXyx,YYYYXXyXXXYxx,2,40068 79932,501,16
ac19_27841,YXYXyx,YYYYxYYXXyxyXXX,2,40126 113713,501,18
ac19_27848,YXyXXXXyx,YYxxYxyxyx,2,40136 88522,501,18
ac19_27922,YXyXXyx,YYXYxyXyxyxYXyx,2,40280 90458,501,18
ac19_27945,YXYXyx,YYYYxxYXyxyyXXX,2,40312 151368,501,19
ac19_27997,YXYXyx,YYXyyXyyxYXyxxx,1,40406,501,16
ac19_28053,YXYXyx,YYXXyyXyyxxxx,2,40503 56428,501,17
ac19_28084,YXYXyx,YYYYxyyXyyyxx,2,40566 76154,501,18
ac19_28112,YXYXyx,YYYYXXyyyyxxx,2,40618 123362,501,18
ac19_28135,YXYXyx,YYYxYxyXXyyXX,2,40653 96891,501,18
ac19_28178,YXyXYxx,YYYxYXXYYXyx,1,40719,501,16
ac19_28205,YXYXyx,YYYxxYYXyXXyX,1,40773,501,17
ac19_28252,YXYXyx,YYYYYYXYxyXyXXX,2,40849 135536,501,17
ac19_28283,YXYXyx,YYYYYYYXyXXXX,2,40894 122134,501,18
ac19_28356,YXYXyx,YYYYXyXXXyyxx,1,41023,501,16
ac19_28461,YXXYxxyx,YYYxxYYxYxxyX,1,41216,501,15
ac19_28464,YXyXXyx,YYXyyxxxYYx,1,41220,501,17
ac19_28510,YYXXyxx,YYYYYYXYXYYx,1,41313,501,16
ac19_28517,YXYXyx,YYYXYYYxyXXXX,1,41322,501,16
ac19_28530,YXYXyx,YYXyXXXXYYxxxyx,1,41349,501,18
ac19_28539,YXYXyx,YYYXXXyXyyxxx,2,41369 94459,501,17
ac19_28556,YXXYxxyx,YYYxYYxxxxyXX,1,41401,501,15
ac19_28557,YXYXyx,YYYYxyXyXXXYx,2,41402 45083,501,18
ac19_28566,YXYXyx,YYYYXyxyXyyXyxx,1,41418,501,16
ac19_28583,YXYXyx,YYYYxYxyXyyXX,2,41451 106038,501,18
ac19_28591,YXYXyx,YYXyyXXyyxxxx,1,41470,501,18
ac19_28633,YXYXyx,YYYxYxxyXXXyX,2,41552 125036,501,17
ac19_28649,YXYXyx,YYYYxyyXyXXYx,2,41579 145384,501,18
ac19_28671,YXYxyXXyxYXyx,YYXXyxYXyxYXyx,2,41626 88499,501,20
ac19_28696,YXXXyxx,YYXXyxYXyxYXyx,6,41677 99211 102712 135962 139334 143487,501,20
ac19_28745,YXYXyx,YYYYxyXXyXXYx,2,41747 104668,501,17
ac19_28747,YXYXyx,YYYXyXyyyxxxx,2,41756 95448,501,18
ac19_28758,YXXXyxx,YYXyxxxYXXyx,1,41773,501,16
ac19_28788,YXXyxYx,YYYxxYXYXX,1,41833,501,15
ac19_28796,YXYXyx,YYYXYxyyyXXXYxx,1,41845,501,17
ac19_28797,YXYXyx,YYYYXXyxyyXXXYx,2,41846 96865,501,16
ac19_28808,YXXYx,YYYXyyyXyxYYXYYx,1,41865,501,15
ac19_28820,YXYXyx,YYYYXXXXyyxxx,2,41887 154970,501,18
ac19_28873,YXyXYxx,YYYYYXXYx,5,41979 103842 138127 141364 148121,501,15
ac19_28878,YXYXyx,YYYxxxYXyxyXyXX,1,41991,501,18
ac19_28941,YXYXyx,YYYxyXXyXXyxYxx,2,42098 127700,501,16
ac19_29012,YXYXyx,YYYYYYxyXXXYXyX,1,42231,501,17
ac19_29042,YXYXyx,YYXYxxxxyyXXyXX,2,42292 121621,501,19
ac19_29102,YXyXXXyX,YYXXXyxyXyX,1,42411,501,15
ac19_29114,YXYXyx,YYYYYxxyXXXyX,2,42434 47109,501,17
ac19_29115,YXXYxxyx,YYYxYxxxyXX,1,42435,501,17
ac19_29131,YXYXyx,YYYYXyyXXXXYx,2,42464 106484,501,17
ac19_29268,YXYXyx,YYYXXyyXyyxxxyx,2,42697 82305,501,19
ac19_29293,YXXXyxx,YYYXyxYxyyxx,1,42753,501,16
ac19_29314,YXyXXyx,YYYXyyXYXyXYxyyxyx,2,42790 106756,501,17
ac19_29344,YXyXXXXyx,YYXyyxxYxxYxyx,1,42846,501,17
ac19_29413,YXYXyx,YYYxxYxyyXXyX,2,42985 68941,501,16
ac19_29463,YXYXyx,YYXyxyXyyXyyxYYxx,1,43065,501,18
ac19_29524,YXYXyx,YYYYXyyyXyyxx,2,43175 131312,501,17
ac19_29527,YXyXXyx,YYXXyXYXyyxxx,1,43185,501,15
ac19_29625,YXYxyXXyx,YYXyxxYXyx,2,43337 124301,501,16
ac19_29678,YXYXyx,YYXXyxyXyyXYxYYxx,2,43433 107193,501,16
ac19_29708,YXyXXXyX,YYXyxYXXyyx,1,43481,501,15
ac19_29716,YXYXyx,YYYXYYxYXXXXX,1,43498,501,16
ac19_29788,YXXYxxyx,YYYxYxYxxyX,1,43633,501,17
ac19_29791,YXYXyx,YYXYxyyXXyyxxYx,2,43636 53389,501,17
ac19_29887,YXYXyx,YYYYYxyxYXXyXXX,2,43810 76198,501,17
ac19_29968,YXYXyx,YYYYYXyyyXXYx,1,43949,501,17
ac19_29995,YXYXyx,YYxYXyyXyxyxx,3,44000 48609 140878,501,14
ac19_30089,YXYXyx,YYYYxxyyXXXYXYxyX,1,44165,501,17
ac19_30108,YXXyXyx,YYXyxxYXyx,1,44211,501,15
ac19_30135,YXyXXyx,YYYXyXyyxxx,2,44259 82163,501,16
ac19_30182,YXYXyx,YYYYYXyXyXXYx,2,44346 83761,501,17
ac19_30183,YXYXyx,YYXXyyXXyxxYxxx,1,44349,501,18
ac19_30201,YXyXXyx,YYYYxyyxx,6,44387 66613 68723 97401 126748 147714,501,16
ac19_30210,YXYXyx,YYXXXXyXXYxYx,2,44408 67977,501,16
ac19_30215,YXYXyx,YYYxYxyyXXXyX,1,44417,501,17
ac19_30221,YXYXyx,YYYYYXYxyXyXyXX,2,44423 59358,501,19
ac19_30227,YYXYxyXXX,YYXyxYXyX,4,44437 61580 112302 127813,501,16
ac19_30244,YYXXXXyXX,YYxxyXXyx,2,44469 83399,501,18
ac19_30284,YXYXyx,YYYXyXyXyxxYxyx,1,44533,501,16
ac19_30359,YYXXXXXYx,YYXXYXXXXyxxx,2,44678 128561,501,16
ac19_30386,YXyXXXyx,YYYxxxyyx,2,44730 145816,501,17
ac19_30402,YXYXyx,YYYxYxyyXXyXX,1,44751,501,18
ac19_30407,YXYXyx,YYxYYxyXXyXYX,2,44763 121880,501,16
ac19_30427,YYXXXyxYx,YYXXyxYXyx,5,44802 56121 57555 138730 141401,501,16
ac19_30439,YXyXXyx,YYxyxxxxYXyxxYX,1,44826,501,17
ac19_30450,YXyXXyx,YYXYxxyyxx,1,44846,501,16
ac19_30479,YXYXyx,YYYYXyXXXYXYx,1,44901,501,17
ac19_30526,YXXYx,YYYYxYYXYXyyXyyx,1,44993,501,15
ac19_30561,YXYXyx,YYYXXXXyXyyxYYx,1,45045,501,18
ac19_30564,YXYXyx,YYYYxyXyXXXYxyXYX,1,45049,501,17
ac19_30668,YXYXyx,YYYYYxyXyxyXyXX,1,45275,501,17
ac19_30734,YXXYx,YYYxYXyyyXyyxyyx,1,45387,501,15
ac19_30769,YXYXyx,YYXXYxxYxyXXXyX,2,45439 85311,501,17
ac19_30777,YXYXyx,YYXyXYXXXyXXYxxYxyx,1,45456,501,19
ac19_30818,YXyXXyx,YYXYXyxyyxx,1,45538,501,18
ac19_30820,YYYXXXYxx,YXXYxxxyX,1,45543,501,17
ac19_30914,YXXYxxyx,YYYxYxxyXYxxyXX,1,45721,501,15
ac19_30925,YXYXyx,YYXXyXXyyxxxx,2,45741 120988,501,18
ac19_30965,YXYXyx,YYYxYYxyXyXXX,3,45812 49565 83993,501,17
ac19_30989,YXYXyx,YYYYYxyyyyXXX,2,45850 67929,501,17
ac19_31009,YXyXXyx,YYYxxYXyyxxyXX,1,45885,501,17
ac19_31115,YXYXyx,YYYxxyXXXyyxx,2,46109 54980,501,17
ac19_31129,YXYXyx,YYxYXYxYXyxyXXyyXyx,2,46140 49596,501,16
ac19_31130,YXyXXyx,YYXyXYYxxyxyxx,1,46143,501,18
ac19_31145,YXYXyx,YYYxyXXyyyxYx,2,46163 122494,501,16
ac19_31220,YXXXyxx,YYXXyxxxYXyX,1,46292,501,16
ac19_31238,YXXYxxyx,YYXyxxYXXyxxx,1,46321,501,15
ac19_31276,YXYXyx,YYXyXXyyxxYxxYX,1,46396,501,17
ac19_31299,YXYXyx,YYXyyXXXYYxYx,1,46445,501,17
ac19_31335,YXYXyx,YYXYYxYxyXyXX,1,46522,501,16
ac19_31347,YXyXXyx,YYYXyyxyXYxyX,2,46544 59859,501,16
ac19_31348,YXYXyx,YYYYYxyyXyXXX,1,46546,501,18
ac19_31359,YXyXXyx,YYYXyxyxxYxxx,1,46568,501,17
ac19_31414,YXYXyx,YYYYYXYXYxxyXyXXX,1,46668,501,18
ac19_31429,YXYXyx,YYYXYxyXXyyyXyxYx,1,46690,501,17
ac19_31435,YXYXyx,YYXYxxyXXyXXXYx,1,46703,501,18
ac19_31454,YXXXyxx,YYXXXXXyXYxyX,2,46726 138872,501,16
ac19_31512,YXYxxYXyx,YYxYXYxxyX,6,46844 58540 92230 111139 126212 155936,501,16
ac19_31579,YXYXyx,YYXXXXyXXYYxx,2,46973 107145,501,17
ac19_31580,YXYXyx,YYYXYxyXXXXXXYx,1,46974,501,18
ac19_31602,YXYXyx,YYYYYXyXXXXYx,1,47025,501,18
ac19_31624,YYXyxYXXyx,YXyxYXXYxyXyx,2,47067 132355,501,19
ac19_31653,YXXYx,YYYXYxyyXYXyyx,1,47123,501,18
ac19_31680,YXYXyx,YYYXXyXyyxxxyxx,2,47170 86368,501,19
ac19_31682,YXYXyx,YYYXXyxyyXyxxxx,1,47173,501,17
ac19_31724,YXYXyx,YYYYYXYYxyXyXXX,2,47253 102970,501,18
ac19_31733,YXXYx,YYYXYXyyxxyyyx,1,47276,501,15
ac19_31772,YXYXyx,YYYXyXXXXXYYx,2,47347 143739,501,17
ac19_31782,YXYXyx,YYYYYYXXXXXXX,1,47363,501,17
ac19_31817,YXYXyx,YYYxyyXyyXyxx,1,47435,501,16
ac19_31868,YXYXyx,YYXXyXyyxxYxxyx,1,47541,501,18
ac19_31951,YXYXyx,YYXXyXXXYxYYx,1,47684,501,17
ac19_32017,YXyXXyx,YYYXyXYxxyxxx,1,47803,501,16
ac19_32026,YXYXyx,YYYYXyXXyyxxx,2,47820 124229,501,17
ac19_32031,YXXXyxx,YYXyxYXXyxYxyX,4,47835 71946 72728 85132,501,20
ac19_32053,YXyXXXyX,YYXXyXXYxyxyx,1,47882,501,15
ac19_32101,YXYXyx,YYYYxyxYXyyXyXX,1,47990,501,17
ac19_32124,YXyXXyx,YYXYxxyyxYx,2,48026 93560,501,16
ac19_32132,YXyXXyx,YYxYxyxxyxxYX,1,48046,501,18
ac19_32176,YXyXXXyx,YYxYXyxxxyx,1,48137,501,18
ac19_32183,YXyXXyx,YYXYxyxxxxx,2,48146 151798,501,17
ac19_32190,YYXXyx,YXYXyxxYxyXyx,1,48162,501,15
ac19_32235,YXYXyx,YYXyXYXXyXXyXYxxxYxyx,1,48239,501,17
ac19_32252,YXyXYxx,YYYxYXYXXyyx,3,48272 126214 127005,501,16
ac19_32268,YXYXyx,YYYYYxyxYXyXXXX,2,48309 61107,501,19
ac19_32354,YXYXyx,YYXYxyyXXyyXyxYYx,2,48491 109263,501,16
ac19_32356,YXYXyx,YYYXyyXXXYXYx,2,48497 90694,501,17
ac19_32411,YXYXyx,YYXYYxYYXXXXX,1,48598,501,16
ac19_32414,YXYXyx,YYYXyXXyxyxxx,2,48603 92856,501,16
ac19_32472,YXYXyx,YYYXXyyXXXYxx,2,48724 151743,501,16
ac19_32538,YXyXXyx,YYYYxyyxYXyxx,2,48853 134440,501,17
ac19_32551,YXYXyx,YYYYxyxYXyyXXyX,1,48885,501,17
ac19_32559,YXYxyx,YYXyXXyXyyXXyxx,1,48907,501,16
ac19_32585,YXYXyx,YYYYxYYXyxyXyXX,2,48962 71442,501,18
ac19_32599,YXyXXyx,YYYYxyyxyx,1,48994,501,17
ac19_32603,YYXXyxx,YYYYxxxYXXXX,1,49002,501,19
ac19_32612,YXyXXXyx,YYXyXYxYxyxyx,2,49019 133830,501,16
ac19_32626,YXYXyx,YYYxYYXyxyyXXyX,2,49045 72758,501,18
ac19_32643,YXXYx,YYYXYXyyXYYxyx,1,49084,501,18
ac19_32647,YXYXyx,YYYxxYXyyXXyX,4,49094 65956 93163 97197,501,18
ac19_32669,YXyXXXyx,YYxYXyyxxxx,1,49147,501,18
ac19_32707,YXyXXyx,YYXYXyyxxx,2,49227 67762,501,16
ac19_32734,YXYXyx,YYYXyXXyXyxxx,2,49275 112867,501,16
ac19_32762,YXYXyx,YYYXYYxyXyXXX,1,49318,501,16
ac19_32812,YXYXyx,YYXyXXyXYYxYxyx,1,49422,501,16
ac19_32827,YXYXyx,YYYYxyyyXyyxx,2,49449 102551,501,17
ac19_32860,YXYXyx,YYXyXXXXyXYxxxx,2,49513 72366,501,17
ac19_32881,YXYXyx,YYYxYYXyXXyyX,1,49545,501,16
ac19_32924,YXYXyx,YYYXXyyXyyxxx,2,49630 118669,501,17
ac19_32940,YXYXyx,YYXyXXXXYxxxx,2,49667 88005,501,15
ac19_32965,YXYxYXXyx,YYYYxxyXXX,1,49722,501,16
ac19_32966,YXYXyx,YYYYxyxYxyXXXyX,1,49724,501,17
ac19_32998,YXyXXXyx,YYXXyyxxx,1,49790,501,16
ac19_33025,YXYXyx,YYYXXXYXXXYYx,1,49839,501,15
ac19_33044,YXYXyx,YYYXXyxyyXXXYYx,2,49892 86728,501,18
ac19_33071,YXyXYxx,YYXXXyyxxYXYx,1,49944,501,16
ac19_33080,YXYxxYXyxYXyx,YYxYXYxxYXyxyX,1,49960,501,20
ac19_33096,YXYXyx,YYYxYxYXyxyXXyX,2,50000 112880,501,17
ac19_33138,YXYXyx,YYXyxYxxxYXyXXXXyxx,1,50069,501,17
ac19_33177,YXyXXyx,YYXXXyXyxyxyX,2,50140 133184,501,16
ac19_33184,YXYXyx,YYXXXyyXyxxYx,2,50154 62524,501,16
ac19_33204,YXYXyxYXXyx,YYxyXYxyXYxyXX,1,50183,501,18
ac19_33360,YXYXyx,YYYxyxYXyXXyyxx,1,50492,501,17
ac19_33371,YXyXXXXyx,YYXyXYxxyyX,2,50508 111182,501,17
ac19_33390,YXyXXXXyx,YYXyXYxyxyx,2,50552 150387,501,17
ac19_33403,YXyXXXyx,YYYxxyxYxyXyX,2,50576 71214,501,17
ac19_33456,YXXYx,YYYYXYXYYXyXYx,1,50685,501,15
ac19_33491,YXYXyx,YYYxYXyXyyyxx,2,50770 112442,501,18
ac19_33496,YXyXYxx,YYYxYXXXyxYXyyx,2,50779 52851,501,16
ac19_33498,YXYXyx,YYXyXyXyyxxxxyx,2,50782 114984,501,19
ac19_33514,YXyXXXyx,YYxyxyXYXyXyXXX,1,50807,501,19
ac19_33555,YXYXyx,YYXXXXyyxxYxxyx,2,50890 92593,501,18
ac19_33606,YYXXYxyxx,YYXXyxYXyxx,2,50997 55626,501,15
ac19_33674,YXYXyx,YYYXXXXyXYYYxyx,2,51143 119054,501,16
ac19_33699,YXXXyxx,YYXXyXYXyXXX,1,51198,501,16
ac19_33711,YXYXyx,YYXXXXyXyxxxx,2,51217 79178,501,16
ac19_33717,YXYXyx,YYXyXXXXYYxYx,2,51236 102103,501,17
ac19_33728,YXYXyx,YYYXXyxyXXXYxYx,2,51249 105176,501,16
ac19_33739,YXYXyx,YYYYXXyXXXYYx,2,51280 125785,501,19
ac19_33761,YXYXyx,YYXXXXXXXYxYx,2,51329 106871,501,18
ac19_33783,YXyXXyx,YYYYxyxyxYXyXYxyx,2,51377 136981,501,16
ac19_33803,YXyXXXyx,YYYxxxxxyxx,1,51413,501,19
ac19_33814,YXYXyx,YYXyxyXXXXXYxYx,2,51440 75010,501,17
ac19_33848,YXYXyx,YYXXXXXXYxYYxyx,1,51531,501,17
ac19_33862,YXYXyx,YYYXYYXXXXXXXYx,1,51561,501,17
ac19_33880,YYXXXyXYX,YYYXXXXyyx,2,51611 86049,501,16
ac19_33892,YXYXyx,YYYxYXyyXyyxx,2,51638 79405,501,18
ac19_33905,YXyXXXXyx,YYXXyXXyyX,2,51660 139189,501,17
ac19_33908,YXYXyx,YYYYXyxyXXXyyxx,2,51663 94792,501,16
ac19_33911,YXXYxxyx,YYXXXyxxyxxYx,1,51669,501,15
ac19_33933,YXYXyx,YYYXYxyyyXyyxxx,2,51709 54904,501,18
ac19_33936,YXYxxYXyx,YYxyXYxxyX,3,51716 86073 145226,501,16
ac19_33941,YXYXyx,YYYYxxyXyyXXX,2,51728 95144,501,17
ac19_34051,YXYXyx,YYXYxxYxyyXXyXX,1,51924,501,19
ac19_34103,YXXYxxyx,YYYxYYxxyxxyXXX,1,52036,501,15
ac19_34117,YXyXXyx,YYxxyxyxxYXYx,1,52058,501,18
ac19_34139,YXYXyx,YYXYYxYXyXXXX,2,52110 81891,501,18
ac19_34175,YXYXyx,YYXXXyXXXYYxx,2,52183 150022,501,17
ac19_34180,YXYXyx,YYXyyXyyxxxYx,2,52191 121135,501,17
ac19_34203,YYXXyxxyX,YXyXYXyXyX,1,52234,501,16
ac19_34234,YXYXyx,YYYYYXYxyXXXyXX,1,52298,501,19
ac19_34257,YXYXyx,YYYYxxYXyxyXXyX,1,52342,501,17
ac19_34267,YYXXyx,YYXYXyyXXYx,1,52363,501,15
ac19_34322,YXYXyx,YYXYxxyyXXXXYxx,1,52483,501,16
ac19_34367,YXYxxYXyx,YYxyXXYYxx,1,52566,501,16
ac19_34372,YXYXyx,YYYXYxyXyXXyyxx,1,52575,501,16
ac19_34421,YXYXyx,YYYXXyXXyxxxx,2,52677 110587,501,16
ac19_34439,YXYXyx,YYYxyxYYXyXXyXX,2,52718 59741,501,17
ac19_34485,YXYXyx,YYYYXXyxyXXXXYx,2,52813 56572,501,17
ac19_34545,YXXXXYxYxx,YXYxYXYxYXX,2,52917 87001,501,16
ac19_34549,YXyXXyx,YYYXXyxyxyx,1,52923,501,17
ac19_34615,YYXXyyXYx,YYXXXyxYX,1,53041,501,16
ac19_34632,YXYXyx,YYYXyXXyXYYxx,1,53073,501,16
ac19_34762,YYXXyxx,YYYYYYYYxYXX,1,53339,501,19
ac19_34768,YXYXyx,YYXYxyXyXyyxYxx,2,53350 153769,501,16
ac19_34787,YXYXyx,YYXXXyyXyxxxx,1,53384,501,17
ac19_34816,YXyXXyx,YYYXyxyxxYx,2,53433 121129,501,17
ac19_34848,YXYXyx,YYXXXyXyyxxxx,1,53486,501,17
ac19_34849,YXYXyx,YYYYYXyxyyXXXYx,2,53489 110287,501,17
ac19_34921,YXyXXXyX,YYxYxxyxxyx,1,53657,501,15
ac19_34966,YXYXyx,YYYxYxyXXXyXX,3,53737 69427 121168,501,17
ac19_35050,YXYXyx,YYYYYYXyXyyXX,1,53913,501,17
ac19_35067,YXYXyx,YYXYxxxYXyyXyXX,2,53952 58019,501,19
ac19_35070,YXyXXXXyx,YYXyyxxYXXyxx,1,53955,501,17
ac19_35097,YXYXyx,YYYXyXXXyyxxx,2,54027 140641,501,17
ac19_35106,YXYXyx,YYYYXyyXXXXYxYX,2,54047 127303,501,17
ac19_35108,YXYXyx,YYYXYxyyXXyXXYx,1,54052,501,16
ac19_35124,YXYXyx,YYYXyxyyXyXyxxx,1,54077,501,17
ac19_35126,YXXXyxx,YYXyxYxyXXX,4,54081 125994 137023 150374,501,16
ac19_35155,YXYXyx,YYYXyyxyXXXXYYx,1,54121,501,18
ac19_35156,YXYXyx,YYXYxyXyXyyxxxx,2,54124 57610,501,18
ac19_35173,YXYXyx,YYXyXXXXXYxYx,2,54159 72091,501,18
ac19_35195,YXXYx,YYYYXXyxYYYXYX,1,54204,501,18
ac19_35204,YXYXyx,YYXXyyXXyxxxx,1,54219,501,17
ac19_35246,YXYXyx,YYXXXyXXYXYYx,2,54303 153583,501,18
ac19_35254,YXYXyx,YYYYxyXXXXYXX,2,54316 83292,501,16
ac19_35293,YXyXXyx,YYYXyyyXXyxyX,2,54396 68847,501,17
ac19_35388,YXXYxxyx,YYXyxYXXyyxxx,1,54575,501,15
ac19_35464,YXyXXyx,YYxYXyxYxxxyxyXYX,1,54735,501,18
ac19_35486,YXYXyx,YYYxyyXyXyyxx,1,54783,501,17
ac19_35491,YXYXyx,YYYXYxyyXXyyxxx,1,54792,501,17
ac19_35559,YXYXyx,YYYXXXXXYXYYx,2,54942 148748,501,18
ac19_35617,YXXXXyXyx,YYYxyxxxyX,1,55064,501,15
ac19_35659,YXYXyx,YYYYXYYYXXXXX,2,55179 117650,501,16
ac19_35731,YXXXyxx,YYXXXXyxYxyX,1,55336,501,16
ac19_35732,YYXYXXXyX,YYXXXyyxYX,2,55342 136161,501,16
ac19_35754,YXYXyx,YYYYYxyXXXXYXyX,1,55387,501,19
ac19_35772,YXXYxxyx,YXXYxYxxxyXyX,2,55431 118031,501,17
ac19_35810,YXYXyx,YYYYxYxyyyXXX,2,55505 84840,501,18
ac19_35829,YXYXyx,YYYXXXXyyxyxx,2,55540 56255,501,14
ac19_35831,YXYXyx,YYXyxyXXXXXYYxx,2,55544 101723,501,18
ac19_35870,YXyXXXyx,YYYxxyXXXyxyx,1,55633,501,17
ac19_35946,YXYXyx,YYYYYXyXXXXYxYX,1,55785,501,18
ac19_35957,YXyXXyx,YYxxYXXyyxyxYX,2,55801 119998,501,18
ac19_35983,YXyXXyx,YYxxyxYxxyxxYXX,1,55849,501,19
ac19_36074,YXyXYxx,YYXYxxyXXYXYx,2,56026 104479,501,16
ac19_36078,YXYXyx,YYXYxYYXyyXXX,2,56032 63169,501,16
ac19_36125,YYXXyXYxxyx,YYXXyxYXyXYxyx,2,56151 146032,501,19
ac19_36174,YXXXyXyxx,YXYxyxYXyx,1,56263,501,19
ac19_36208,YXYXyx,YYYxxxYXyxyyXXX,1,56326,501,18
ac19_36218,YXyXXXXyx,YYXyXXYxyyx,2,56358 151507,501,16
ac19_36258,YXYXyx,YYYXYxxxyXyXyXX,2,56437 98664,501,19
ac19_36267,YXYXyx,YYYXYxyXXyXyxxx,1,56450,501,16
ac19_36270,YXyXXyx,YYYxyyxxxYx,2,56454 95913,501,17
ac19_36273,YXYXyx,YYXyxyXXXyyxxYx,1,56461,501,18
ac19_36318,YXYXyx,YYYXYxyXyXyyyxx,1,56551,501,17
ac19_36372,YXXYx,YYYYXXyyxyxyyx,1,56656,501,18
ac19_36411,YXYxyXXyx,YYXXyxYXyx,6,56735 61461 77761 117196 128279 141724,501,16
ac19_36465,YXYXyx,YYYxyxYYXyyXyXX,2,56844 136566,501,17
ac19_36502,YXyXXyx,YYYYxxyXXyxxx,2,56918 137769,501,16
ac19_36615,YXYXyx,YYYYxYXyXyyXX,1,57151,501,18
ac19_36622,YXYXyx,YYYYYXYxyyXXyXX,2,57162 106258,501,19
ac19_36636,YXXyxYXXyxx,YYXXyxYxyXYXyX,1,57187,501,15
ac19_36638,YXYXyx,YYYXyyXyyxxxx,2,57193 108600,501,18
ac19_36692,YXYXyx,YYYYXYxyyXXXX,2,57281 94911,501,16
ac19_36702,YXyXXXyx,YYxYXyxxyxx,1,57306,501,19
ac19_36707,YXyXXXyx,YYXXXXyXyyx,2,57315 90981,501,16
ac19_36744,YXYXyx,YYYYXXyxyXXXYYx,2,57391 120149,501,18
ac19_36776,YXYXyx,YYYYXyXyXXYYx,2,57461 78689,501,18
ac19_36783,YXYXyx,YYXyyXXYXYxYx,1,57478,501,16
ac19_36831,YXXYxxyx,YYXyxxxYx,3,57591 131639 153390,501,15
ac19_36838,YXyXXyx,YYXyXyxYxxyyxYX,2,57605 111040,501,18
ac19_36863,YXYXyx,YYYYYxYXyxyyXXX,2,57679 75743,501,17
ac19_36874,YXYXyx,YYYXXXyXXYYxx,2,57696 146581,501,16
ac19_36913,YXyXXyx,YYxYxxyxxxyXYXX,1,57784,501,17
ac19_36946,YXXYxxyx,YYXXyXyxyxx,1,57851,501,17
ac19_37019,YXYXyx,YYXXYxYYxYXyXyX,2,57998 69618,501,18
ac19_37057,YXYXyx,YYYXyXXXyXYYx,2,58079 82014,501,17
ac19_37062,YXYXyx,YYXXXXXyXYYxx,2,58087 91451,501,18
ac19_37143,YXYXyx,YYYXXXyyXyxxx,2,58263 133319,501,17
ac19_37185,YXYXyx,YYXyXyXXYYxxx,1,58359,501,18
ac19_37206,YXYXyx,YYXyyXyyxxxxyxx,2,58396 110748,501,19
ac19_37240,YXYXyx,YYYXyXXXXYYYxyx,1,58479,501,18
ac19_37291,YXYXyx,YYxYYxyXyxyXXyX,1,58591,501,16
ac19_37426,YXyXYXyxx,YYXyxYxxyX,2,58887 94184,501,19
ac19_37451,YXyXYxx,YYYxYXYXyXXyxyx,1,58943,501,16
ac19_37512,YXYXyx,YYXXXXXXYxYYx,1,59081,501,17
ac19_37598,YXYXyXXYXyX,YYxYxyXYXyXXyXXYXyXX,1,59257,501,18
ac19_37644,YXYXyx,YYYYYYXXyxyyXXX,2,59378 128648,501,17
ac19_37679,YXYXyx,YYYXYxyXXXyyyxx,1,59456,501,18
ac19_37774,YXyXXyx,YYxYxxyxxyxYXYXyx,1,59665,501,18
ac19_37793,YXYXyx,YYXyXXyyxxYxx,2,59712 92462,501,17
ac19_37847,YXyXXyx,YYxyXyxxyXXYX,1,59814,501,17
ac19_37857,YXYXyx,YYxYxxYXyxyXyXX,1,59831,501,17
ac19_37865,YXYXyx,YYYYxxYXXyXXX,2,59852 78972,501,17
ac19_37948,YXYXyx,YYXyXXYXXXXYYxx,2,60011 129143,501,19
ac19_37986,YXYXyx,YYXXXXXXYYx,4,60090 75394 151146 155492,501,16
ac19_38074,YXYXyx,YYxYYxYXyxyXyXX,2,60261 132193,501,18
ac19_38141,YXYXyx,YYYYxYXyXyXXX,1,60404,501,18
ac19_38221,YXYXyx,YYYXyxyXyXXYYxx,2,60588 118859,501,17
ac19_38222,YYXXYxYXX,YYXXYxyXyyxxYX,1,60595,501,18
ac19_38237,YXYXyx,YYYXyyXXXXYYxyx,1,60625,501,17
ac19_38288,YXYXyx,YYYYxYxyyXXyX,2,60715 109371,501,17
ac19_38384,YXYXyx,YYYYXXXXXXYxx,1,60916,501,16
ac19_38401,YXXYx,YYXYYXyyXXYxxx,1,60956,501,15
ac19_38426,YXYXyx,YYXYxxYxyyXXXYXyX,1,61004,501,19
ac19_38434,YXyXXyx,YYxyxxxxxYX,4,61015 70219 80971 122976,501,18
ac19_38444,YXYXyx,YYYYYxyyXXXYXyX,1,61033,501,19
ac19_38453,YXYXyx,YYYxYxxyXyXXX,2,61049 80641,501,17
ac19_38455,YXyXXyx,YYxxxYXYXyxyxxx,1,61051,501,19
ac19_38490,YXyXXXyx,YYxyxxyXXYx,1,61142,501,17
ac19_38595,YXYxxyXyx,YYYXXyyxYXXyx,1,61371,501,18
ac19_38605,YXXYxxyx,YYxxxxxyXXXYx,1,61384,501,19
ac19_38616,YXYXyx,YYXYYXyyXyyxxxx,1,61403,501,18
ac19_38637,YXYXyx,YYYxyXYXyyXyyxx,1,61438,501,17
ac19_38638,YXYXyx,YYxYxYXyyXXYX,2,61450 94372,501,16
ac19_38642,YXYXyx,YYXyXXXXXYxxx,2,61456 116599,501,17
ac19_38650,YXYXyx,YYYYXyyxyyXyxxx,1,61471,501,17
ac19_38656,YXYXyx,YYYXXXXXyxyyxYx,1,61487,501,17
ac19_38738,YXyXXyx,YYXXXyXYxyxYxyxyx,1,61647,501,17
ac19_38764,YXYXyx,YYYXXXXyxyXyxxx,2,61706 144238,501,18
ac19_38820,YXYXyx,YYYYYXyXyxyXyxx,1,61807,501,16
ac19_38872,YXYXyx,YYYYxYXyyyyXX,2,61911 142299,501,18
ac19_38876,YXYXyx,YYxYXyXYXyXyyxx,1,61924,501,17
ac19_38904,YXXXYxx,YYXyXyxyx,1,61988,501,15
ac19_38942,YXYXyx,YYYXyXyyyxYxx,2,62074 119994,501,18
ac19_38948,YXXyXYx,YYXXyxYXXXyxxyx,1,62091,501,19
ac19_38973,YXXyxYXXyxx,YYXyXXYxxyXX,2,62139 154562,501,15
ac19_39022,YXXYxxyx,YYXYXyyxx,2,62251 130375,501,16
ac19_39060,YXYXyx,YYYYXYYXXyXXX,1,62338,501,16
ac19_39064,YXYXyx,YYXXXXXXYYxYxyx,1,62346,501,17
ac19_39128,YXyXXXyx,YYYxyyXYxyXXXyXyX,1,62499,501,18
ac19_39153,YXYXyx,YYYXyXyXXXYYx,2,62553 113524,501,17
ac19_39175,YXYXyx,YYYXyXXXXXYYxyx,1,62601,501,18
ac19_39192,YYXXXyX,YYXYxyXXyXXX,1,62628,501,16
ac19_39208,YXYXyx,YYYxxYXyxyXXyyX,1,62654,501,16
ac19_39281,YXYXyx,YYXXXyxyXXYYxYx,1,62824,501,16
ac19_39288,YYXXXYx,YYxyxyXyXyx,1,62834,501,17
ac19_39316,YXYXyx,YYYXyyXXXXYxx,2,62883 83242,501,17
ac19_39317,YXYXyx,YYYYXYYxxyyyXXX,2,62886 91531,501,19
ac19_39318,YXYXyx,YYXyXXXXYxYYx,1,62887,501,17
ac19_39334,YXYXyx,YYYXYYxyXXXXX,1,62936,501,17
ac19_39344,YXXyXYx,YYXXXyxyxxx,1,62956,501,17
ac19_39417,YXYXyx,YYXyXXyXXYYxx,2,63116 108670,501,18
ac19_39427,YXYXyx,YYYxyyXyyXXYx,1,63133,501,16
ac19_39466,YXYXyx,YYXXyXXYXYYxx,2,63204 87702,501,16
ac19_39478,YXYXyx,YYXXXyXyyxxYx,2,63222 113440,501,17
ac19_39565,YXyXXyx,YYxxxyxyXYXYx,2,63401 79815,501,16
ac19_39574,YXyXXyx,YYXYxxYXyxxyyx,2,63422 117967,501,17
ac19_39594,YXXYxxyx,YXyxYXyxxYx,2,63459 132811,501,17
ac19_39608,YXYXyx,YYXXXyXXyxYxxYxyx,1,63480,501,17
ac19_39661,YXyXXyx,YYYxYxyxyxx,2,63588 80825,501,16
ac19_39718,YXYXyx,YYXYxyXyyXXyxxx,2,63706 79901,501,16
ac19_39746,YXYXyx,YYYYYYXyxyXyXXX,1,63774,501,18
ac19_39824,YXYXyx,YYYYxxyyXXXYX,2,63950 107383,501,18
ac19_39849,YXXYx,YYYXyyyXXyxYYx,1,63993,501,15
ac19_39895,YXYXyx,YYYYXyxyXyXXXYx,2,64099 142251,501,17
ac19_39981,YXyXXyx,YYYYxyyxxYXyXYxyx,2,64293 134133,501,17
ac19_39999,YXYXyx,YYYYxYxyXyXXX,2,64328 150339,501,17
ac19_40014,YXYXyx,YYXYxYYXXXyXX,3,64358 80535 142544,501,15
ac19_40039,YXYXyx,YYYYxYYXyXXyX,1,64432,501,17
ac19_40048,YXYXyx,YYYxYXyyXXXYx,2,64450 140254,501,17
ac19_40131,YYXXyXyxx,YYXXXyyXyx,1,64642,501,16
ac19_40132,YXYXyx,YYYYxYxyXXXYXyX,1,64648,501,17
ac19_40167,YXYxYXXYx,YYXXYXYxxyyXYx,1,64708,501,18
ac19_40192,YXYXyx,YYYXyXXyyyxxx,2,64756 110136,501,17
ac19_40214,YXYXyx,YYXXyyXXXYxYxyx,2,64809 116343,501,16
ac19_40221,YXYXyx,YYXyXyyXXYYxx,2,64818 79365,501,18
ac19_40227,YXYXyx,YYXYxyXyXXyyxxx,2,64833 86839,501,17
ac19_40240,YXYXyx,YYYxyXXyXyyxx,2,64862 78491,501,17
ac19_40287,YXYXyx,YYXyXyXXYxYYxyx,1,64979,501,16
ac19_40318,YXYXyx,YYYXyxyXyXyxxYx,1,65069,501,16
ac19_40407,YXYXyx,YYYXyxyyXXyyxxx,1,65273,501,17
ac19_40434,YXYXyx,YYYxYxyyxyXXyyX,1,65341,501,16
ac19_40503,YXXYx,YYYXYYxxyXXXyx,1,65483,501,15
ac19_40522,YXXYx,YYXXyyxyXYxyxx,1,65524,501,15
ac19_40527,YXyXXyx,YYYxyxyxYxxYXyx,2,65529 153807,501,18
ac19_40658,YXYxyx,YYXXXYxyXyyxx,2,65829 148120,501,17
ac19_40660,YXYXyx,YYXYxxyXXyXXyxxYx,1,65832,501,18
ac19_40670,YXYXyx,YYXXyXyXXYYxxyx,1,65861,501,17
ac19_40698,YXYXyx,YYYYxYYXyXyXX,1,65917,501,17
ac19_40715,YXYXyx,YYXXYYxYYxyXyyX,1,65953,501,17
ac19_40719,YXYXyx,YYYxYxyyxyXXXyX,1,65963,501,17
ac19_40722,YXYXyx,YYYXyXXyxyyxxYx,2,65967 150602,501,19
ac19_40784,YXYXyx,YYYxxYXyxyyXyXX,1,66097,501,17
ac19_40908,YXYXyx,YYYXXXXyyyxYx,2,66375 122502,501,16
ac19_40942,YXYXyx,YYYxYxyXyyXXX,2,66452 97021,501,18
ac19_40963,YXXYx,YYYxyyXYXyxyyx,1,66493,501,18
ac19_41019,YXYXyx,YYYxYYXyxyXyXXX,2,66646 114441,501,17
ac19_41020,YXyXXXyx,YYxyxyXXYxyXX,1,66647,501,17
ac19_41045,YXYXyx,YYYXXXXXYxyXYYx,2,66696 103107,501,16
ac19_41107,YXYXyx,YYXyXyXyxxxxxYX,1,66849,501,17
ac19_41240,YXYXyx,YYYYYYXyxyyXXXX,1,67150,501,18
ac19_41281,YXXXyxx,YYXXyXYXXXXyx,2,67259 129179,501,16
ac19_41299,YXYXyx,YYYYxYXyxyyXXyX,1,67302,501,17
ac19_41303,YXXYx,YYYXyyxyXYXYYx,1,67309,501,15
ac19_41374,YXXXyxx,YYXyxYxxyxxx,1,67462,501,16
ac19_41377,YXYXyx,YYXyxyXXXXYYxYx,1,67466,501,17
ac19_41387,YXyXXyx,YYXYxyyxxYx,2,67485 79169,501,16
ac19_41430,YXYXyx,YYYYxYYXyyyXX,1,67579,501,18
ac19_41453,YXYXyx,YYYXyyXXyyxxx,2,67641 141227,501,16
ac19_41455,YXYXyx,YYYYxyyXXyyxx,1,67644,501,16
ac19_41501,YXYXyx,YYYXyXyXXYYYx,1,67731,501,18
ac19_41596,YXYXyx,YYYXyxyXXyXYYYx,2,67983 150158,501,18
ac19_41610,YXXXYxx,YYxyXXYXyx,1,68018,501,15
ac19_41664,YXYXyx,YYXyXyXyxxxxx,2,68164 133432,501,17
ac19_41685,YXyXXyx,YYYxYXyyxxx,1,68215,501,17
ac19_41704,YXYXyx,YYXyyXXXYXYYx,2,68250 107224,501,17
ac19_41705,YXYXyx,YYYYxxYXyxyyyXX,1,68251,501,17
ac19_41768,YXyXXyx,YYXyyxxyXYX,2,68397 137648,501,16
ac19_41781,YXYXyx,YYYXyXyXXXYxx,2,68421 90714,501,16
ac19_41786,YXYXyx,YYXXXXyyxYxxx,2,68437 71066,501,16
ac19_41818,YXyXXyx,YYYXyyxxYxx,1,68522,501,16
ac19_41820,YXYXyx,YYYXXXXXyyxxx,2,68525 82724,501,18
ac19_41828,YXyXXyx,YYYxxyxyxYx,1,68543,501,17
ac19_41876,YXyXXyx,YYxyxyXyXYX,2,68645 71451,501,16
ac19_41906,YXYXyx,YYXyXXXXYxYxx,1,68751,501,17
ac19_42002,YXYXyx,YYYYXXXXyXXYx,2,68949 130098,501,17
ac19_42016,YXYXyx,YYYXYYxxYXyXyXX,1,68980,501,18
ac19_42047,YXyXXyx,YYXYxyXyyxYYxxx,2,69052 146089,501,18
ac19_42054,YXYXyx,YYYXXyXXyyxxx,2,69062 95976,501,17
ac19_42068,YXYXyx,YYXYxxyXXXyXXYx,1,69099,501,17
ac19_42092,YXYXyx,YYYYYxxyyyXXX,2,69145 90436,501,17
ac19_42126,YXyXXXyx,YYXYxyxYxyXyx,1,69215,501,16
ac19_42266,YXYXyx,YYXyXXXyXYYxx,2,69496 151466,501,17
ac19_42279,YXYXyx,YYXyxyXyXXYYxYx,2,69533 95712,501,16
ac19_42288,YXYXyx,YYYxxxYXXyyXX,2,69555 99986,501,18
ac19_42319,YXYXyx,YYYXyxyXXyyxYxx,1,69644,501,16
ac19_42329,YXYXyx,YYYxYxyxYXyyyXX,1,69666,501,18
ac19_42348,YXYXyx,YYXyXYXXXXyXYxxYxyx,1,69701,501,18
ac19_42353,YXYXyx,YYYYYYXyyXXyX,1,69716,501,17
ac19_42429,YXYXyx,YYYYxxyyXXXYYXX,1,69897,501,17
ac19_42442,YXYXyx,YYXYxYxyXyXXX,2,69928 153313,501,16
ac19_42471,YXYXyx,YYXyyXXXYxxYx,1,69999,501,16
ac19_42480,YXYXyx,YYYYXyXyyyyxx,2,70014 134064,501,17
ac19_42501,YXYXyx,YYXXXXyXXYYxxyx,1,70060,501,17
ac19_42517,YXYxyx,YYXXyyxxxyyXX,1,70092,501,18
ac19_42595,YXyXXyx,YYxyxxyxYXXYx,2,70266 144002,501,16
ac19_42678,YXYXyx,YYYXYxxxyXXXyXX,1,70439,501,19
ac19_42803,YXYXyx,YYXyXXXXXYxxyXYYx,1,70734,501,17
ac19_42818,YXyXXyx,YYXXyXXXXyxyxyx,2,70765 90555,501,17
ac19_42832,YXYXyx,YYYYxxxyyXXXX,1,70785,501,17
ac19_42844,YXYXyx,YYXXXXyXYYxYx,4,70825 98797 128858 138600,501,16
ac19_42846,YXYXyx,YYYXXXyxyXXyxxx,1,70828,501,16
ac19_42879,YXYXyx,YYYYXyXXXXYYxyx,1,70906,501,18
ac19_42907,YXYXyx,YYXyXXXyyxxxx,2,70966 82986,501,18
ac19_42918,YXYXyx,YYYYYYxyyXyXX,1,70990,501,18
ac19_42942,YXYXyx,YYYXyXXyyxxYx,2,71063 76376,501,17
ac19_42972,YYXXXyxYx,YYxyXYXyx,3,71139 85059 105167,501,16
ac19_42982,YXYXyx,YYYxYxyyxyXXyXX,1,71178,501,17
ac19_43010,YXyXXXyx,YYXyXYXXyXyxYxyyX,1,71254,501,17
ac19_43045,YXyXXXyx,YYXXyXYxyXyyX,2,71339 146467,501,18
ac19_43070,YXYXyx,YYYXXyXXXYxYxyx,1,71402,501,16
ac19_43115,YXyXXXyx,YYXyXYXyXXXXyyxyx,1,71484,501,18
ac19_43148,YXXYx,YYXYYxyyXYXyyx,1,71568,501,18
ac19_43183,YXyXXyx,YYXyXyxxxyxYXYXyx,1,71641,501,18
ac19_43189,YXYXyx,YYYXXXyXXXYYx,2,71661 107304,501,18
ac19_43199,YXYXyx,YYXYxyyXyXyxxxx,2,71690 83918,501,18
ac19_43200,YXyXXXyx,YYYxyyXyX,1,71694,501,17
ac19_43227,YXYXyx,YYXXyXXYXXXYYxx,1,71767,501,19
ac19_43228,YXyXXyx,YYXXYxyXXyxYxyxyx,1,71771,501,17
ac19_43241,YXXYxxyx,YYXXXyXyyxxyx,1,71816,501,17
ac19_43300,YXYXyx,YYYXYYxYxyXyyXX,1,71956,501,19
ac19_43305,YXyXXXyx,YYYxxyxxx,1,71967,501,16
ac19_43353,YXYXyx,YYXyXyXyxxYxxYX,1,72078,501,16
ac19_43505,YXYXyx,YYXXXyyXXYYxxyx,1,72415,501,16
ac19_43511,YXYXyx,YYXyyXXyxxxYx,2,72425 99850,501,16
ac19_43528,YXYXyx,YYYXyyXyyxxxxyxyx,1,72454,501,18
ac19_43549,YXYXyx,YYYxxYYXyXyyX,2,72508 109633,501,15
ac19_43555,YXYXyx,YYXyXXXyyxxYx,1,72522,501,17
ac19_43563,YXYXyx,YYXyXXXYXYxYx,1,72547,501,17
ac19_43570,YXYXyx,YYYYxyxYxyXXyXX,1,72561,501,18
ac19_43611,YYXXXYx,YYxYxYXYXXXX,1,72661,501,17
ac19_43618,YXYXyx,YYYYYYxyXXyyX,1,72677,501,17
ac19_43620,YXYXyx,YYYxyXXXyXyxYxx,2,72680 154000,501,17
ac19_43629,YXYXyx,YYYYYxyyxyyXXXX,1,72697,501,17
ac19_43713,YXYXyx,YYXXyxyXXXYYxYx,2,72891 106334,501,17
ac19_43741,YXYXyx,YYYXyXyXXYYYxyx,1,72951,501,18
ac19_43752,YXXyXYx,YYXXXyxxyxx,2,72973 137582,501,17
ac19_43761,YYXXXXyxxx,YYXyXXXYxYx,1,72997,501,16
ac19_43768,YXyXXXXyx,YYXyyxYXyxx,2,73017 117530,501,17
ac19_43792,YXXXyxYxx,YYXYxxxYXXX,1,73066,501,17
ac19_43793,YXyXXXyx,YYXXyXYXyxxYxxyyx,1,73071,501,17
ac19_43818,YXYXyx,YYYYYYXyxyXXXXX,1,73140,501,19
ac19_43824,YXYXyx,YYXYxxyyXXXyyxx,1,73147,501,16
ac19_43844,YXXYx,YYYYXXYYXYXyyx,1,73186,501,15
ac19_43888,YXyXXXyx,YYYxxyXXXyyxx,1,73291,501,17
ac19_43910,YXYXyx,YYXXyXYxxxxYxyXXyXX,1,73338,501,19
ac19_43931,YXyXXyx,YYxxxyxxxYX,2,73378 89352,501,16
ac19_43932,YXyXXXyx,YYXyxYxYXyxYxyxyx,1,73381,501,17
ac19_44031,YXYXyx,YYYYYXyXXXXYXYxyX,2,73618 151082,501,17
ac19_44077,YXYXyx,YYXXXXyXyxxYxyx,1,73726,501,15
ac19_44080,YXYXyx,YYYYYYXXyXXXX,1,73731,501,17
ac19_44088,YXYXyx,YYXyyXXXXYYxx,2,73742 112657,501,18
ac19_44135,YXYXyx,YYYYxYxyXXyXX,1,73861,501,17
ac19_44158,YYXXXyX,YXyxxxxYXXXyx,1,73915,501,15
ac19_44159,YXYXyx,YYYxxYxyXXXyX,2,73916 89753,501,17
ac19_44253,YXyXXXyX,YYYXyxYxxyxyx,1,74154,501,15
ac19_44284,YXYXyx,YYYYXYYxyxxyXyXXX,1,74225,501,18
ac19_44288,YXYXyx,YYYYxYXXyyXXX,1,74234,501,17
ac19_44312,YXYXyx,YYYxyXyyXyyxx,2,74297 155190,501,17
ac19_44344,YXYXyx,YYYxyXYXyXyXXYx,2,74377 104419,501,16
ac19_44350,YXXYxxyx,YYYXXYxyyxx,1,74391,501,16
ac19_44359,YXYXyx,YYXXXyXyyxYxx,2,74410 80405,501,16
ac19_44381,YXXYXXyxx,YXyXyxxxxx,1,74462,501,16
ac19_44407,YXYXyx,YYYYXyXyxyXyxxx,1,74520,501,17
ac19_44414,YXXYx,YYYYxyyXYXyyx,1,74538,501,18
ac19_44431,YXYXyx,YYYXyXXyyxyxx,2,74581 142698,501,16
ac19_44446,YXYXyx,YYYYYXyxyXXXXYx,2,74616 125473,501,17
ac19_44499,YXyXXyx,YYYYxyxyxYXXyXyx,2,74712 86290,501,16
ac19_44503,YXYXyx,YYYYYXyxyXXyyxx,1,74731,501,16
ac19_44553,YXyXXyx,YYYXXyxxyyx,2,74846 144529,501,17
ac19_44557,YXYXyx,YYYXXyyxyyxxx,2,74852 120405,501,16
ac19_44571,YXYXyx,YYYXXyXXXXYxx,2,74893 120819,501,18
ac19_44661,YXyXXyX,YYXXXyxxyxYXXyx,1,75153,501,18
ac19_44691,YXYXyx,YYYXyxyXXXyxxxx,1,75208,501,16
ac19_44739,YXYXyx,YYYYYxyXXyXyX,1,75324,501,17
ac19_44748,YXYXyx,YYXYxxyXyXXyXYx,2,75339 142040,501,16
ac19_44908,YXYXyx,YYYYxYxyyXXXX,2,75705 127929,501,17
ac19_44938,YXyXXXyx,YYxyxxyXXYXyX,1,75773,501,19
ac19_45016,YXYXyx,YYYYxxYXyxyXyXX,1,75959,501,18
ac19_45056,YXYXyXXYXyX,YYYXyXXYXYXyXyyx,1,76081,501,18
ac19_45066,YXYXyx,YYXXyyXXYYxxx,1,76107,501,17
ac19_45071,YXYXyx,YYYYYXXyXXXYxYX,1,76120,501,17
ac19_45107,YXYXyx,YYYYxxyXXXXYYXX,1,76206,501,18
ac19_45137,YXYXyx,YYYXYxyyXyyyxxx,2,76264 111943,501,17
ac19_45163,YXYXyx,YYYxYYxyXXyXX,1,76325,501,18
ac19_45185,YXYXyx,YYXXyXXXYXYYx,2,76384 85421,501,17
ac19_45203,YXYXyx,YYXyXXXXYYxxx,1,76422,501,18
ac19_45259,YXXYx,YYYYXXYXyxYYYX,2,76536 109930,501,15
ac19_45272,YXXYx,YYYYxYXyyyXYXyyx,1,76566,501,18
ac19_45285,YXYXyx,YYYXyyyXXYYxx,1,76603,501,17
ac19_45288,YXyXXyx,YYXyXYxYxyxyxyX,2,76611 109786,501,16
ac19_45301,YXYXyx,YYXXyXXyxxxxx,2,76639 108266,501,17
ac19_45338,YXYXyx,YYYXYxYYXyXXX,1,76718,501,15
ac19_45345,YXYXyx,YYYxxxYXyyXyX,2,76751 109816,501,16
ac19_45389,YXXYx,YYYXyyyXYxyxyx,1,76858,501,18
ac19_45449,YXyXXyx,YYYxxxYxyxyxYX,2,77023 154599,501,17
ac19_45455,YXyXXXyx,YYYxyxYxxyxYXyx,2,77034 93813,501,16
ac19_45473,YXYXYx,YYYXyyyXyxYXXYYxYYx,1,77081,501,18
ac19_45474,YXyXXXyx,YYXXXyXyxyx,2,77084 84002,501,18
ac19_45490,YXYXyx,YYYXXyxyyXXyxxx,1,77132,501,15
ac19_45522,YXYXyx,YYYxxxYXyxyXXyX,1,77204,501,16
ac19_45576,YXYXyx,YYxYXyXyyxyxx,2,77341 107094,501,16
ac19_45592,YXYXyx,YYXyXXyyxxxYx,2,77371 115789,501,18
ac19_45631,YXyXXyx,YYYxYxyyxxx,2,77453 105365,501,17
ac19_45674,YXYXyx,YYYYxYYXyXXXYxyyX,1,77573,501,17
ac19_45684,YYXXYXYYXXX,YYXYYXyXYYXXXyx,1,77594,501,18
ac19_45687,YXYXyx,YYYxxYXyxyyXyyXYx,2,77599 86122,501,17
ac19_45731,YXyXXXyx,YYYXyxyyx,1,77700,501,17
ac19_45769,YXXyXYxxx,YYXXyxYYXXyxx,1,77776,501,19
ac19_45799,YXYXyx,YYXYYxYYXyXXX,1,77855,501,17
ac19_45823,YXYXyx,YYYxxYxyXyyXX,2,77922 85679,501,18
ac19_45881,YXyXXyx,YYxxyXyXYxyxyXYXX,1,78069,501,17
ac19_45921,YXYXyx,YYYXXXXyyxxYxyx,2,78169 81708,501,18
ac19_45950,YXYXyx,YYYXyxyXXYXXXXYYx,1,78228,501,19
ac19_45969,YXYXyx,YYxYxyXYXyXyyxx,2,78269 149564,501,17
ac19_46032,YXYXyx,YYYxxxYXXyxyXyX,1,78423,501,15
ac19_46081,YXYXyx,YYYXyXXYXXXXYYx,2,78541 152602,501,19
ac19_46112,YXYXyx,YYYXYxyXXyyXXYx,1,78602,501,15
ac19_46195,YXyXXXyx,YYxyxyXYxyXXX,1,78806,501,17
ac19_46206,YXYXyx,YYYXYYxxYXyxyXyXX,1,78845,501,19
ac19_46233,YXXyxxYXXXyxx,YYXXXyxxYXXXyX,1,78915,501,18
ac19_46240,YXyXXyx,YYXyxxyyxYX,2,78933 92584,501,16
ac19_46248,YYXXYxyxx,YYYXXyxxYx,1,78955,501,19
ac19_46284,YXYXyx,YYYYYxyXyXyXX,2,79034 128192,501,17
ac19_46290,YXYXyx,YYXYxyXXyyXyyxYYx,1,79045,501,17
ac19_46342,YXYXyx,YYYxYYXyxyXyyXX,2,79185 109229,501,18
ac19_46348,YXYXyx,YYYXYxyyXXyyyxx,1,79198,501,17
ac19_46349,YXYXyx,YYXyyXyyxYxxxYX,1,79199,501,17
ac19_46373,YXXYx,YYXYXYxxxYXyyX,1,79263,501,15
ac19_46400,YXYXyx,YYYYxyxYYXyXyXX,1,79322,501,18
ac19_46403,YXyXXyx,YYXYxyXXyxyxx,1,79332,501,16
ac19_46408,YXyXXyx,YYXYxxyyxyX,2,79347 88756,501,16
ac19_46471,YXyXXyx,YYYxyxxyxYYxxx,1,79522,501,17
ac19_46522,YXYXyx,YYYXyXXXXYxYx,1,79665,501,17
ac19_46534,YXyXXyx,YYxxyXyxyxYXX,2,79692 83841,501,2
ac19_46572,YXXyxYx,YYYYYxxyyX,1,79818,501,15
ac19_46590,YXyXXyx,YYxxYXXXyxyxyXX,1,79874,501,18
ac19_46610,YXYXyx,YYYYYxYXyXyXX,1,79929,501,18
ac19_46630,YXYXyx,YYYYXyxyXyyXXYx,1,79987,501,16
ac19_46638,YXyXYxx,YYYxYXXyXXyyxyx,3,80002 115733 128517,501,16
ac19_46699,YXyXXXyx,YYXyXXYxxyxyx,2,80133 140916,501,17
ac19_46701,YXyXXyx,YYYXyXXXyyxxx,1,80136,501,16
ac19_46790,YXYXyx,YYXYxyyXyXXXYxx,1,80368,501,16
ac19_46828,YXXYx,YYYXXyyxyxyx,3,80462 123844 155430,501,15
ac19_46836,YXyXXyx,YYxYXyxYxyxyxYX,2,80481 87867,501,17
ac19_46850,YYXXyx,YYXyyXXYXYXYx,1,80514,501,15
ac19_46881,YXYXyx,YYYYXyXXXXXYxYX,2,80593 123046,501,17
ac19_46918,YXYXyx,YYXXXXyyxxYxx,2,80688 132503,501,17
ac19_46919,YXYXyx,YYYYYYXyXXXYYXX,1,80690,501,17
ac19_46934,YXYXyx,YYYYYYXYYXXyXXX,2,80734 116393,501,19
ac19_46995,YXYXyx,YYYXyyXXyxxxx,2,80900 145296,501,15
ac19_46998,YXYXyx,YYYXXXyXyxxxxyx,1,80907,501,17
ac19_47004,YXXXyxx,YYXXyxxxYxyx,1,80919,501,16
ac19_47020,YXXXyxYxx,YYYxxYYXXX,1,80972,501,17
ac19_47021,YXyXXyx,YYxxyXyxxyxYXYXyX,1,80974,501,18
ac19_47065,YXYXyx,YYxYYxyxYXyXyXX,2,81083 92052,501,17
ac19_47069,YXYXyx,YYYYxYXyXXXYYXX,1,81098,501,18
ac19_47087,YXYXyx,YYYYXXyXXXXYxYX,2,81140 120653,501,18
ac19_47117,YXYXyx,YYYYxxyXXXXYX,1,81205,501,17
ac19_47152,YXYXyx,YYXYYxxyyXXXX,2,81274 81559,501,17
ac19_47190,YXYXyx,YYYYxyyyXXXYxyX,1,81369,501,14
ac19_47255,YXYXyx,YYYYXyxyXyXXYYx,2,81514 149074,501,17
ac19_47300,YXYXyx,YYYxxYxyXXyXX,2,81617 122413,501,18
ac19_47318,YXYXyx,YYYXYxyyyXyXXYx,1,81678,501,17
ac19_47363,YXyXXXyx,YYXyXyyXXYxyXYxyX,1,81775,501,17
ac19_47419,YXYXyx,YYYYxYYXyyXXX,1,81893,501,17
ac19_47444,YXXYxxyxx,YYXXyxyxYx,1,81950,501,17
ac19_47524,YXXXyxx,YYXyxxxYxyX,4,82146 95821 111323 156127,501,16
ac19_47570,YXYXyx,YYYYxyxYxyXyyXX,1,82261,501,17
ac19_47605,YXXYxxyx,YYXyxYxYXyx,2,82339 131578,501,19
ac19_47622,YXYXyx,YYYYxyXyyXXYx,1,82376,501,17
ac19_47657,YXYXyx,YYYYYYXyXXXYXyX,2,82477 100210,501,19
ac19_47664,YXXXyxx,YYXXyXYXXyX,6,82491 91437 123070 133000 135769 148768,501,16
ac19_47694,YXXYxxyx,YYxYxxxyXXX,2,82563 153902,501,17
ac19_47703,YXYXyx,YYXYxxyyXyXXXYx,1,82593,501,17
ac19_47704,YXYXyx,YYXXyXyXXYYxx,2,82595 95364,501,17
ac19_47716,YXYXyx,YYXXyxyXXXYxYYx,2,82615 113261,501,18
ac19_47723,YXyXXXyx,YYYxyxYxyyx,2,82633 131515,501,18
ac19_47760,YXYXyx,YYYYXXyyXyxxx,2,82752 102162,501,16
ac19_47800,YXYXyx,YYYXXyXyyxxxx,2,82859 83828,501,18
ac19_47806,YXYXyx,YYYXYxyyXyXXYYx,1,82867,501,18
ac19_47807,YXyXXXyx,YYXyXYXyxYxxyyX,1,82871,501,17
ac19_47817,YXYXyx,YYXYxxyXyXyXYYx,1,82895,501,16
ac19_47820,YXYXyx,YYXYxxYYXyyXyXX,1,82904,501,19
ac19_47867,YXXYx,YYYXXyyxxYXYX,2,83027 99119,501,15
ac19_47932,YXYXyx,YYYYXYYxxyXyXXX,1,83227,501,18
ac19_47953,YXYXyx,YYYXXyyyxyxxx,2,83286 96035,501,17
ac19_47964,YXYXyx,YYXXXyXXyxYxxxxyx,1,83309,501,18
ac19_47981,YXYXyx,YYYXyXyXyxyxx,1,83340,501,9
ac19_48002,YXYXyx,YYXyXYxxxYxyXXyXX,1,83392,501,17
ac19_48033,YXYXyx,YYXXyXXXyXYxxYxyx,2,83479 135269,501,18
ac19_48098,YXYXyx,YYXYxxxyyXyXXYx,1,83636,501,16
ac19_48129,YXYXyx,YYYYYxyXyxyXXXX,1,83730,501,17
ac19_48222,YXYXyx,YYXYYXyyXyyxxYx,1,84014,501,17
ac19_48263,YXYXyx,YYYXXXXXXYYxxyx,2,84136 152243,501,18
ac19_48321,YXYXyx,YYYxYYxyyXyXX,2,84288 154056,501,17
ac19_48373,YXYXyx,YYYYYYXyyyXXX,1,84424,501,17
ac19_48413,YXXYx,YYXXyyxyXYxyx,2,84538 85104,501,15
ac19_48421,YXyXXyx,YYYxYxxyxxyXX,1,84555,501,17
ac19_48425,YXYXyx,YYXXXyXXYYxYxyx,2,84563 86332,501,16
ac19_48471,YXYXyx,YYXyXXyyxYxYxyx,2,84670 123922,501,16
ac19_48484,YXYXyx,YYYXyXyXXYXYx,2,84714 141422,501,16
ac19_48518,YXYXyx,YYYXXyxyXXXXYYx,2,84792 89353,501,18
ac19_48580,YXYXyx,YYYXyXXXXYYxx,1,84964,501,17
ac19_48604,YXXXXyXyX,YYxyxyxYxx,1,85026,501,17
ac19_48678,YXXXyxx,YYXXXXyXYXXyX,2,85218 105553,501,16
ac19_48685,YXYXyx,YYYYYxyXyxyXXyX,1,85239,501,17
ac19_48695,YXYXyx,YYYXYxyyyXXXXYx,1,85252,501,17
ac19_48709,YXyXXyx,YYXXyXYXyyxyxx,1,85282,501,18
ac19_48720,YXXYxxyx,YYxxyXYxYYxxx,2,85308 102039,501,19
ac19_48741,YXYXyx,YYYXXyXXXYYYx,2,85355 132296,501,18
ac19_48763,YXyXXyx,YYXXYxxxyxx,2,85394 117811,501,4
ac19_48787,YXYXyx,YYYYXYYxYXyyXXX,1,85452,501,18
ac19_48846,YXXYx,YYYXYXYYXXXYxx,1,85613,501,15
ac19_48885,YXYXyx,YYYXyXXyXYYYxyx,1,85722,501,17
ac19_48911,YXYXyx,YYYYYXyXXXXYxyXYX,2,85765 153760,501,19
ac19_48969,YXYXyx,YYXyxyXXXyyxYxx,1,85896,501,14
ac19_48990,YXyXXXyX,YYYXXXyxyyx,1,85945,501,18
ac19_49036,YXYXyx,YYYXYxyXyyyXXYx,1,86053,501,16
ac19_49042,YXyXXyx,YYxyxYxyxyXXYXXyX,1,86068,501,19
ac19_49065,YXYXyx,YYXYYxYXXXyXX,1,86129,501,16
ac19_49095,YYXXXYx,YYXyxYXYXyx,1,86209,501,17
ac19_49102,YXyXXXyx,YYXyXYxyxYxyxyX,2,86229 96274,501,16
ac19_49196,YXYXyx,YYYXyxyXXyyxxYx,1,86475,501,17
ac19_49255,YYXXYxYxyX,YXyxYXyxYXXYx,1,86603,501,17
ac19_49279,YXXXyxx,YYXXyXYXyxxx,1,86654,501,16
ac19_49285,YXYXyx,YYXXyyXyxyxxx,1,86671,501,17
ac19_49334,YXYXyx,YYXXXyXXXYxxx,2,86815 138987,501,16
ac19_49380,YXYXyx,YYYXyXXXXXYxx,2,86932 121021,501,17
ac19_49392,YXYXyx,YYYXyXyyXXYYxyx,1,86954,501,16
ac19_49404,YXYXyx,YYYYYxyXXXX,3,86986 121672 135793,501,16
ac19_49437,YXYXyx,YYXYYxYXyXyXX,2,87055 127782,501,16
ac19_49471,YXYXyx,YYXXyXXyyxYxxyx,1,87139,501,16
ac19_49638,YXyXXyx,YYYXyyXXYXyxyxyx,2,87552 130163,501,17
ac19_49652,YXYXyx,YYXyXyXyxxxYxYX,1,87591,501,16
ac19_49656,YXYXyx,YYYXYxyXXXyXXYx,1,87603,501,17
ac19_49750,YXXYx,YYYXyyyXyyxyxYYx,1,87844,501,15
ac19_49753,YXYXyx,YYYXYxyyXyXyyxx,1,87856,501,17
ac19_49844,YXXXyxx,YYXXyxYXyxxx,1,88134,501,16
ac19_49872,YXyXXyx,YYYXyyXYXXyXyyxyx,2,88203 148972,501,17
ac19_49987,YXYXyx,YYYxyXXyXXYYX,1,88521,501,16
ac19_50033,YXyXYxx,YYXYxYYXYxyX,2,88645 119561,501,16
ac19_50044,YXYXyx,YYYYYxxyXXXYXyX,1,88668,501,18
ac19_50052,YXyXXXyx,YYXyXYxYxyxYxyxyX,1,88689,501,17
ac19_50078,YXYXyx,YYYXYxyXXyXXXYx,1,88761,501,18
ac19_50175,YXYXyx,YYXYYXyyXyyxYxx,1,88994,501,16
ac19_50224,YXYXyx,YYYYYXYxYXyyXXX,2,89119 154861,501,19
ac19_50255,YXyXXXyx,YYXyXYxyxYxxyyX,2,89194 104570,501,16
ac19_50262,YYXXXyXYXyX,YXXyxYXXyxx,1,89208,501,19
ac19_50316,YXYXyx,YYYYYXXXXXYXX,2,89308 141475,501,17
ac19_50365,YXXYx,YYXYxyxxYXXyyX,1,89411,501,15
ac19_50379,YXYXyx,YYYYXyxyyXXXYYx,2,89440 117322,501,18
ac19_50391,YXyXXyx,YYXXYxyxxxx,1,89464,501,16
ac19_50428,YXYXyx,YYYYxxyXXXXYxyXYX,1,89543,501,18
ac19_50461,YXXYx,YYYYXYXYXyyXYx,1,89633,501,15
ac19_50526,YXyXXyx,YYYxyxyxYYxx,2,89820 90940,501,16
ac19_50558,YXYXyx,YYXyyxyXyXXYYxx,1,89898,501,17
ac19_50607,YXXXyxx,YYYXyXYxyyxx,1,90023,501,16
ac19_50610,YXYxxYXyxYXyx,YYxyXYxxYXyxYX,1,90026,501,20
ac19_50721,YXYXyx,YYXXXXXyyxxYx,1,90285,501,16
ac19_50751,YXYXyx,YYYYYxyyyXXXX,1,90360,501,18
ac19_50761,YXYXyx,YYXyXXyyxxxxx,2,90390 142473,501,18
ac19_50810,YXYXyx,YYYXXXyXXYYYxyx,2,90511 122676,501,18
ac19_50884,YYYXXXyxx,YYXXYXYXYx,1,90701,501,16
ac19_50885,YXYXyx,YYYxYXXyXXXYx,1,90709,501,18
ac19_50891,YXYXyx,YYYXXyXXXXYYxyx,1,90719,501,17
ac19_50952,YXYXyx,YYXyXyXXYYxYxyx,1,90857,501,17
ac19_50954,YXYXyx,YYXXXXXyyxxYxyx,1,90861,501,18
ac19_51023,YXYXyx,YYXYxyyXyyXyxxx,2,91068 120637,501,18
ac19_51034,YYXXXXYX,YYYXYXyyX,1,91095,501,17
ac19_51055,YXYXyx,YYYXXyXXXYYYxyx,2,91140 110102,501,19
ac19_51109,YXYXyx,YYXXyXXXYYxxx,2,91280 146576,501,17
ac19_51124,YXyXYXyxx,YYXXyxYXyXYxyx,2,91331 114131,501,19
ac19_51148,YXYXyx,YYYXXyxyXXXYYYx,2,91401 113573,501,18
ac19_51157,YXYXyx,YYYxYXyXXXYXX,2,91419 154694,501,18
ac19_51166,YXYXyx,YYYYYYYXyXyXX,1,91443,501,17
ac19_51171,YXyXXyx,YYYxyyxxYxx,2,91456 135204,501,16
ac19_51217,YXYXyx,YYYYxxyxYXXyXXX,2,91596 122307,501,18
ac19_51224,YYXXXyxYX,YYXyxYXXyx,2,91608 104005,501,16
ac19_51232,YXYXyx,YYYXyxyXXXXYYYx,1,91632,501,18
ac19_51255,YYXXYYXXYx,YYXXYYxyxxyXX,2,91689 102071,501,16
ac19_51280,YXYXyx,YYXYxxyXXyXXyxYxx,2,91747 118001,501,16
ac19_51345,YXYXyx,YYYXXXyXyyxxxyx,2,91955 111861,501,18
ac19_51366,YXyXXyx,YYXyXYxYXyxyxyX,2,92015 92932,501,16
ac19_51418,YXXYx,YYYxyXYXYYXyyx,1,92143,501,18
ac19_51438,YXYXyx,YYYYYxyXXXXYXYxyX,1,92201,501,19
ac19_51448,YXYXyx,YYYYYXYYxyyXXXX,1,92224,501,18
ac19_51462,YXXXyxx,YYXyXYxyXYxyx,4,92258 99362 99795 133609,501,20
ac19_51471,YXYXyx,YYYYXYxyXyXXXYx,1,92285,501,18
ac19_51484,YXYXyx,YYYXyXXXYXYYx,1,92320,501,17
ac19_51506,YXXXyxx,YYXyyxYxyyxx,1,92369,501,16
ac19_51512,YXYXyx,YYYYYxyXXXXYX,2,92386 103375,501,18
ac19_51560,YXYXyx,YYYxxyyXXXYXX,2,92536 100437,501,17
ac19_51662,YXYXyx,YYYYXXyyXXXYx,2,92802 96977,501,17
ac19_51667,YXYXyx,YYYXXXXyXyxxYxx,1,92811,501,18
ac19_51678,YXyXXXyx,YYYxyyXXyXYXyyX,1,92831,501,18
ac19_51703,YXYXyx,YYYXyxyXyyXXYYx,2,92903 155702,501,17
ac19_51705,YXyXXyx,YYYxxxYxxxyxyXYX,1,92906,501,18
ac19_51735,YXYXyx,YYxyXXyyXXyxYxx,2,92996 109921,501,18
ac19_51761,YXYXyx,YYXXXXyyxxxYx,2,93043 130928,501,18
ac19_51775,YXYXyx,YYYXXyxyXXyyxxx,1,93071,501,17
ac19_51819,YXYXyx,YYYYYXyXXXXYX,2,93185 153591,501,18
ac19_51911,YXYXyx,YYYYYxyXXyxyXXX,1,93426,501,18
ac19_51936,YXYXyx,YYYXXyyXXyxxx,2,93494 107449,501,16
ac19_51978,YXXXyxx,YYXyyXXYYxyx,1,93615,501,16
ac19_51991,YXYXyx,YYYxYxyxYXyXXyX,2,93669 95085,501,17
ac19_52008,YXYXyx,YYYYxxyyXXXyX,1,93713,501,18
ac19_52037,YXyXXXyx,YYXYxyXXXyxYxxyyx,1,93791,501,17
ac19_52051,YXYXyx,YYYYxxYXyyXXX,2,93850 127368,501,18
ac19_52060,YXYXyx,YYYYXYYYxyXXyXX,2,93886 127255,501,20
ac19_52069,YXYXyx,YYYXYxyXXyyXyyxYx,1,93904,501,18
ac19_52096,YXYXyx,YYXyXXyXyxxxx,1,93972,501,16
ac19_52114,YXYXyx,YYYXXyyyxYXyxxx,1,94025,501,16
ac19_52130,YXyXXyx,YYYXyyyXXXyyX,2,94076 128918,501,17
ac19_52217,YXYXyx,YYYYYXXXXXXYx,2,94277 126266,501,18
ac19_52261,YXYXyx,YYYYxyxYXyXXyXX,2,94380 118151,501,17
ac19_52267,YXYXyx,YYYYYxyXXyxyyXX,1,94395,501,18
ac19_52306,YXyXXyx,YYxxxYxxyxyXXYX,1,94505,501,17
ac19_52308,YXYXyx,YYXYxyXXXyXyxxx,1,94507,501,15
ac19_52322,YXyXXXyx,YYXXXyxyXyX,1,94538,501,17
ac19_52341,YXYXyx,YYYYxYYXXyXXX,2,94594 113821,501,17
ac19_52378,YYXXyXyyx,YYxxyXXyX,2,94697 135695,501,16
ac19_52390,YXYXyx,YYYYYxyyXXXyX,1,94725,501,18
ac19_52393,YXYXyx,YYXXyXXXXYxYxyx,2,94736 138899,501,18
ac19_52412,YXYXyx,YYYXYxyyXXXyyxx,1,94795,501,16
ac19_52415,YXYXyx,YYYYYXYxxyXyXXX,2,94805 154395,501,19
ac19_52419,YXYXyx,YYYXyXYXXXXXYYx,2,94809 150699,501,18
ac19_52521,YXyXXyx,YYXXXyXyXYXyxyxyx,2,95103 116689,501,17
ac19_52557,YXyXXXyx,YYXyXXYXyyxyx,1,95219,501,18
ac19_52564,YXyXXXyx,YYYxyyXyXYxYxxxyX,1,95233,501,18
ac19_52582,YXYXyx,YYYxYYxyXyyXXYxyX,1,95291,501,18
ac19_52601,YXYXyx,YYYYxyXXXyXYX,2,95343 103624,501,16
ac19_52603,YXYXyx,YYYYYxxyXXXXYxyyX,1,95350,501,18
ac19_52653,YXYXyx,YYYYXXyXyyxxx,2,95479 106736,501,18
ac19_52698,YXYXyx,YYXXyXXyyxYxx,1,95617,501,14
ac19_52705,YXYXyx,YYYxxYXYxyyXyyX,1,95632,501,15
ac19_52740,YXYXyx,YYXyyXXXXYYxxyx,1,95724,501,17
ac19_52829,YXYXyx,YYXXXXXXYxYXYYx,2,95941 113948,501,18
ac19_52838,YXyXXXyx,YYXXyXYXyxYxxyxyX,1,95973,501,17
ac19_52872,YXXYxxyx,YYYxxxYYxxx,1,96051,501,19
ac19_52915,YXXXyxYx,YYxYXYXXXYX,1,96180,501,17
ac19_53043,YXYXyx,YYXXyyXyxxxYx,2,96516 129630,501,17
ac19_53051,YXYXyx,YYXYxyyXyXyyxxx,2,96530 123110,501,17
ac19_53094,YXYXyx,YYYXYYXyXyyyxxx,1,96640,501,18
ac19_53105,YXYXyx,YYXXyxyXXyxxxYx,1,96671,501,16
ac19_53258,YXyXYxx,YYYXyyXyyxxx,3,97089 142090 148880,501,16
ac19_53272,YXYXyx,YYYYYxYXyxyXXyX,2,97131 147165,501,18
ac19_53342,YXyXYxx,YYYxYXYYXyxx,1,97333,501,16
ac19_53494,YXyXXyx,YYxyXyxxxyXYXYXyX,1,97798,501,17
ac19_53512,YXYXyx,YYYYXyxyyyXXXYx,2,97846 110598,501,16
ac19_53547,YXYXyx,YYXyXXXXYxyXYXYYx,1,97943,501,18
ac19_53549,YXYXyx,YYXXyxyXXyXYYxx,2,97951 144501,501,16
ac19_53569,YYXXyx,YYYYXXXXXYX,2,98016 155180,501,15
ac19_53618,YXYXyx,YYYYYxyXXXXyX,2,98155 110989,501,18
ac19_53649,YXYXyx,YYYYYxyxYXyXXyX,2,98228 99224,501,17
ac19_53687,YYXXYxyxx,YYXXyxxyXyx,1,98343,501,16
ac19_53714,YXyXXyx,YYXXYxxyXyxyX,2,98421 114754,501,18
ac19_53729,YXyXXyx,YYXYxYxxxyxyx,1,98465,501,17
ac19_53760,YXyXXyx,YYYXyyXyxxx,2,98539 100412,501,16
ac19_53764,YXYXyx,YYXXXyyxyxxYx,2,98559 113078,501,16
ac19_53860,YXYXyx,YYYXXXyxyyXyxxx,2,98851 126392,501,18
ac19_53911,YXYXyx,YYYYYXYxxyXXXXX,1,98992,501,18
ac19_53935,YXYXyx,YYXXXyXXXYxYx,2,99045 140754,501,18
ac19_53957,YXYXyx,YYYxYYXyxyXXXyX,1,99105,501,17
ac19_53974,YXYXyx,YYYxYYXyXyXXX,1,99154,501,17
ac19_54001,YXYXyx,YYXyXXXXYxxYxyx,1,99203,501,16
ac19_54002,YXYXyx,YYYXXXXXXXYxx,2,99204 110378,501,17
ac19_54038,YXYXyx,YYYxYXYxyyXXyyXYx,1,99295,501,18
ac19_54082,YXYXyx,YYXXyxyXXXYxYxx,2,99410 135701,501,16
ac19_54147,YXYXyx,YYYXXyyXXXYYx,2,99602 147628,501,17
ac19_54228,YXYXyx,YYXXXYxxxYxyXXyXX,1,99855,501,18
ac19_54282,YXYXyx,YYYYYYYXXyXXX,2,100005 153702,501,19
ac19_54319,YYXXXyXYX,YYXXyyxYXX,1,100108,501,16
ac19_54325,YXYXyx,YYXXXyXYXYYxx,2,100129 135040,501,16
ac19_54337,YXYxYXXYx,YYXXyxxYXYxyXyx,1,100166,501,18
ac19_54361,YXYXyx,YYYYxYXXyxyyXXX,1,100249,501,18
ac19_54423,YXYXyx,YYYXyXXyyxxYxyx,1,100388,501,17
ac19_54455,YXYXyx,YYYXyXXyXYYYx,1,100483,501,17
ac19_54514,YXYXyXXYXyX,YYYXyXXyxYxyxyx,1,100635,501,18
ac19_54518,YXXXyxx,YYXyxYXXyxxx,1,100652,501,16
ac19_54576,YXYXyx,YYYXXXyXyxxxx,2,100780 125173,501,17
ac19_54616,YYXYYXXXyX,YYXYXXXYYXXXX,1,100913,501,17
ac19_54655,YXYXyx,YYYYxYYXyXXYXyX,1,101031,501,17
ac19_54675,YXyXXyx,YYXYXyXyxYxyxyx,1,101097,501,17
ac19_54685,YXyXXyx,YYYXyXXXyxyxx,1,101136,501,10
ac19_54732,YXYXyx,YYXyyxyXyyXYYxYxx,1,101290,501,17
ac19_54765,YYXXXYx,YYYYXXYXYYYXX,1,101379,501,17
ac19_54802,YXyXXXyx,YYXyyxxYx,3,101476 142935 154714,501,14
ac19_54846,YXYXyx,YYYXyxyyXXXYxYx,2,101604 139431,501,16
ac19_54895,YXYXyx,YYYYxYXyxyXyXXX,1,101755,501,17
ac19_54922,YXYXyx,YYYXyxyXXyXYYxx,1,101842,501,16
ac19_54973,YXyXXXyX,YYXXXyyXyXX,1,101963,501,15
ac19_54988,YXyXXXyX,YYXXyxyxxYxyX,1,102006,501,15
ac19_54995,YXYXyx,YYYXyxyXXyXyxxx,1,102032,501,16
ac19_55007,YXyXXyx,YYxYxxYXyyxyxYX,2,102053 105109,501,17
ac19_55030,YXYXyx,YYXXYYxYYXXXXXX,1,102131,501,18
ac19_55036,YYXYXXyXyx,YYXYXYXyXyX,1,102144,501,17
ac19_55081,YXyXXXyx,YYxYXyyxxYxyx,1,102243,501,17
ac19_55117,YXYXyx,YYXXyXyXyxxxx,1,102340,501,17
ac19_55122,YXYXyx,YYYYYYXYxyyXXXX,1,102354,501,18
ac19_55133,YXyXXXyx,YYxYxyxyxYXXyxx,1,102390,501,17
ac19_55153,YXyXXyx,YYxxxyxYxyxYX,2,102433 137720,501,15
ac19_55182,YXYXyx,YYYYXXyxyyXyxxx,1,102512,501,17
ac19_55208,YXYXyx,YYYxYxyxYXyyXXX,2,102577 137288,501,18
ac19_55211,YXyXXyx,YYXXyXXYxxyxxyx,1,102588,501,18
ac19_55233,YXYXyx,YYYYYxyyyXyXX,1,102669,501,17
ac19_55280,YXyXXyX,YYXYxxxyyXXyx,1,102790,501,15
ac19_55283,YXYXyx,YYYYxyyXXXYXX,1,102806,501,16
ac19_55333,YXYXyx,YYXXyXXXXYYxxyx,1,102939,501,17
ac19_55352,YXYXyx,YYXYxxyyXXXXXYx,1,102989,501,18
ac19_55388,YXYXyx,YYXyXXXXYYxYxyx,1,103100,501,17
ac19_55426,YXYXyx,YYYYXyXXXXYYx,1,103227,501,19
ac19_55463,YXYXyx,YYYYYXyyXXXYx,2,103340 126604,501,18
ac19_55476,YXyXXXyx,YYXyxyxxYXXyx,2,103371 121137,501,16
ac19_55478,YXYXyx,YYXYYXyXXyyXyxYYx,2,103373 145830,501,15
ac19_55479,YXYXyx,YYXyXyXXyxxxx,1,103376,501,13
ac19_55564,YXYXyx,YYXyyXXyxyxxx,2,103625 156288,501,16
ac19_55601,YXYXyx,YYXyyXXyyxYxx,2,103723 152525,501,16
ac19_55609,YXYXyx,YYYYxxyXXXXYXYxyX,1,103744,501,19
ac19_55618,YXYXyx,YYYXyxyXXyxyyxxYx,1,103771,501,19
ac19_55631,YXyXXXyx,YYXYxyXXyyx,2,103807 115996,501,16
ac19_55642,YYXyxxxyX,YXyXYXyXyX,1,103843,501,16
ac19_55645,YXYXyx,YYYYxYYXyxyXXyX,2,103850 129856,501,17
ac19_55693,YXYXyx,YYYXXyxyXyXyxxx,1,103986,501,17
ac19_55763,YXYXyx,YYXyXXXXYXYxyXYYx,1,104165,501,17
ac19_55778,YXYXyx,YYYXYYYXyXXXX,1,104195,501,17
ac19_55837,YXYXyx,YYYXYxyXyyXyyxx,1,104373,501,17
ac19_55867,YXYXyx,YYYYxYXyxyXXyXX,2,104452 133208,501,17
ac19_55871,YXYXyx,YYYXyyxyXyXXYYx,1,104458,501,17
ac19_55939,YXYXyx,YYYXyXXyyxxxxyxyx,2,104686 131775,501,19
ac19_55951,YXyXXyx,YYYXyyxxxYx,1,104721,501,17
ac19_55963,YXYXyx,YYYYYYXYxyXXXXX,1,104753,501,17
ac19_55973,YXYXyx,YYYYYYxyXyXXX,2,104785 114272,501,19
ac19_56062,YXYXyx,YYXXXXXYxyXYYxx,1,105039,501,16
ac19_56199,YYXXXXXYx,YYXXXyxxxYXXX,1,105395,501,16
ac19_56260,YXyXYXyxx,YYXyxYXXyx,2,105584 134805,501,19
ac19_56326,YXYXyx,YYXYYXyXXyXyyxYYx,1,105784,501,17
ac19_56395,YXYXyx,YYYXXXXXXYxxx,1,105986,501,16
ac19_56451,YXyXXyx,YYxxyxxyxYXYx,1,106139,501,18
ac19_56464,YXYXyx,YYYYYxxyyXXXYxyyX,1,106179,501,17
ac19_56496,YXYXyx,YYYYYXXYXyXXX,1,106277,501,16
ac19_56504,YXYXyx,YYYxYxYXyyyXX,2,106301 115419,501,18
ac19_56516,YXYXyx,YYYYYxyxxyXyXXX,1,106338,501,17
ac19_56572,YXYXyx,YYXYxxyXyyXyxxx,1,106492,501,16
ac19_56654,YXYXyx,YYXYxyXyyXyyxxx,2,106740 132268,501,17
ac19_56681,YXYXyx,YYYYXXyxyXyyxxx,1,106831,501,18
ac19_56735,YXYXyx,YYYYYXXXXXXXYxxyX,1,106956,501,17
ac19_56758,YXYXyx,YYYYYxyXyXXyX,1,107017,501,17
ac19_56764,YXyXXXyX,YYXXyXyxyXX,1,107032,501,15
ac19_56777,YXyXXyx,YYXYxYxyyxx,1,107076,501,12
ac19_56823,YXXXyxx,YYXXyXYxxxxyx,1,107215,501,16
ac19_56840,YXYXyx,YYYYXXXXXXYYxyx,2,107254 120639,501,18
ac19_56852,YXXYx,YYYXYXYYXXyx,3,107284 126373 142294,501,15
ac19_56898,YXXYx,YYXYXXyxxYXyyx,1,107418,501,15
ac19_56970,YYXXyxx,YYYYXXYxYYxYx,1,107601,501,16
ac19_56971,YXYXyx,YYXYxYXXyxyyXyyXYxYYx,1,107603,501,17
ac19_56985,YXYXyx,YYYXYYxxxyXXyXX,1,107630,501,18
ac19_57008,YYXXXyXYX,YYXyyxYXXX,1,107704,501,16
ac19_57045,YXYXyx,YYYYYXYYxyXXyXX,1,107795,501,19
ac19_57054,YXYXyx,YYYYYYxyXyyXX,1,107815,501,17
ac19_57088,YXYXyx,YYYYxYXyXXXyX,2,107908 141075,501,18
ac19_57104,YXXXyxx,YYXXyXXXYxyx,1,107943,501,16
ac19_57169,YXYXyx,YYXXyyXXyxYxxxx,1,108119,501,18
ac19_57175,YXYXyx,YYYYXyXyXXXYx,2,108140 117189,501,17
ac19_57191,YXYXyx,YYXXyXXXXyxYxxYxyxx,1,108200,501,17
ac19_57192,YXXyxYXXyxx,YYXXyxYXyXYXyX,1,108201,501,19
ac19_57201,YXYXyx,YYYYxYXyyyXXX,2,108229 120562,501,17
ac19_57218,YXYXyx,YYYXXyXXXXYYx,2,108281 144776,501,18
ac19_57267,YXYXyx,YYXYxxYxyXXyXXX,1,108424,501,18
ac19_57292,YXYXyx,YYXXXyXyxxxxx,2,108468 150846,501,17
ac19_57295,YXYXyx,YYXXXyxyXXYYxxx,1,108473,501,16
ac19_57368,YYXYXXXYx,YYXXXXyxxx,2,108690 110234,501,16
ac19_57426,YXYXyx,YYYYXYxYxyXXyXX,1,108866,501,19
ac19_57491,YXYXyx,YYXyXXyyxxxyxxx,1,109079,501,19
ac19_57500,YXYXyx,YYXXXXXXYYxYx,2,109108 110603,501,19
ac19_57541,YXYxxyXyx,YYXYXXyXXXyx,1,109214,501,18
ac19_57543,YXYXyx,YYYxyXYXyyyXyxx,1,109218,501,16
ac19_57579,YXYXyx,YYYXyyXyXXYYxyx,1,109325,501,17
ac19_57614,YXYXyx,YYYxYXXyXXXYXYxyX,1,109393,501,17
ac19_57619,YXXYx,YYYYXYYxyXyyyXYx,1,109407,501,15
ac19_57626,YXYXyx,YYXXyxyXXXYYxxx,2,109425 133771,501,17
ac19_57641,YXYXyx,YYXyXXXXXYYxxyx,1,109462,501,18
ac19_57702,YXYXyx,YYYXyXyyXyxxx,2,109674 129998,501,18
ac19_57787,YYXyxYXXyx,YYYxyXXYXyx,1,109874,501,18
ac19_57849,YXyXYxx,YYXYxYYXXYx,2,110088 137685,501,16
ac19_57857,YXYXyx,YYYYXyXyXyyxx,2,110113 140921,501,17
ac19_57869,YXyXXXyx,YYxyxxyXYXXyX,1,110157,501,17
ac19_57889,YXYXyx,YYXyXXYXXXyXYxxxx,1,110210,501,17
ac19_57910,YXYXyx,YYYXyXXXXXYYxYX,1,110276,501,19
ac19_57956,YXyXXyX,YYxyXyxYXYXyxyx,1,110395,501,15
ac19_57978,YXYXyx,YYYXXyXXXYxYx,2,110442 122306,501,17
ac19_57992,YYXXXYxx,YYYXYYXXyyxyx,1,110483,501,17
ac19_58014,YXYXyx,YYXyXyXXXYYxx,2,110554 117132,501,17
ac19_58022,YXYXyx,YYXYxxyXyXXXYxx,1,110594,501,16
ac19_58118,YXYXyx,YYXXXyxyXyxxYYx,1,110837,501,16
ac19_58131,YXyXXyx,YYYXyxyxxxYXyx,1,110874,501,17
ac19_58142,YXyXXyx,YYXyXyxxyxYYXyx,2,110916 145693,501,16
ac19_58149,YXyXXXyx,YYxyXyxyXYX,1,110951,501,18
ac19_58168,YXyXXyx,YYXyxYYxYxxyxyx,2,111011 124198,501,16
ac19_58183,YXYXyx,YYXYxYXyXYXyXXyXYxx,1,111062,501,17
ac19_58210,YXYXyx,YYYYxyXXyXXYX,1,111134,501,17
ac19_58302,YXYXyx,YYYxyyxyyXyXXYx,1,111379,501,16
ac19_58312,YXyXXyx,YYYXXyyxxx,1,111397,501,16
ac19_58326,YXYXyx,YYYYYYXyXXyxyXX,1,111424,501,18
ac19_58357,YXYXyx,YYYXXXyXXyxYxxx,1,111507,501,17
ac19_58413,YXyXXXyx,YYYxyxYXyxYxxyXyX,2,111651 126069,501,17
ac19_58414,YXYXyx,YYXyyXXyXYYxx,2,111652 121550,501,16
ac19_58424,YXYXyx,YYYYYXXyXXXYxyXYX,2,111672 154771,501,19
ac19_58505,YXyXXyx,YYXXXyyxxxx,2,111906 116397,501,18
ac19_58509,YXXXyxYx,YYxxyXXYX,1,111915,501,15
ac19_58522,YXYXyx,YYYYxxyxxyXXXyX,1,111962,501,17
ac19_58530,YXYXyx,YYYYXyXXXXXYx,2,111982 114510,501,18
ac19_58544,YXYXyx,YYYxYxyXXyXYX,2,112030 115448,501,17
ac19_58553,YXXXyxYxx,YYYxxxyyXX,1,112050,501,15
ac19_58570,YYXXYxYxyX,YXYxyXYxxyX,1,112095,501,17
ac19_58661,YXyXXXyx,YYxyxxyXXXX,1,112335,501,18
ac19_58673,YXYXyx,YYYXyXyXXXYYxyx,1,112373,501,17
ac19_58692,YXYXyx,YYYYXXyXXXXYx,2,112424 155701,501,17
ac19_58714,YXXYx,YYYxYXyyXYXyyx,1,112483,501,15
ac19_58740,YXyXXXyx,YYXyyxYxyxxYx,1,112571,501,18
ac19_58845,YXYXyx,YYXyXXyyxyxxx,2,112870 123062,501,16
ac19_58912,YXYXyx,YYYXyyXXXYYYx,1,113090,501,17
ac19_58971,YXYXyx,YYXXXyXyyxxyxYx,1,113267,501,19
ac19_58973,YXYXyx,YYYYxYXyXXXYX,2,113272 155333,501,17
ac19_59012,YXYXyx,YYYYXYxYxyXyXXX,1,113376,501,18
ac19_59078,YXYXyx,YYXYxyyXXXyxxxx,1,113563,501,16
ac19_59170,YXyXXXyx,YYXyyxxYXyxYxyxYx,1,113830,501,18
ac19_59211,YXYXyx,YYXXyXXXyxYxxxx,2,113941 152000,501,17
ac19_59236,YXXYx,YYXYXXyxxYxyyX,1,114027,501,15
ac19_59260,YXYXyx,YYYYYxyXyXXXX,1,114084,501,18
ac19_59281,YXyXXXyx,YYYxyxxxx,1,114138,501,16
ac19_59294,YXYXyx,YYYxYXyxyXXyyXYYx,1,114169,501,18
ac19_59331,YXYXyx,YYYXXXXXyXYYx,2,114262 136915,501,17
ac19_59332,YYXXyx,YYYYXyXXyyxyx,1,114277,501,15
ac19_59358,YXyXXyx,YYYYxyXXyxxxx,1,114328,501,17
ac19_59363,YXXYx,YYYXYXYYxxyyyX,1,114337,501,18
ac19_59380,YXYXyx,YYYXyyXyyxxYx,2,114398 143486,501,16
ac19_59393,YXYXyx,YYYxxyXXXyXYX,2,114444 118429,501,18
ac19_59446,YXyXXyx,YYXYxyxyxYx,1,114609,501,16
ac19_59449,YXYXyx,YYYxYYxyXyyXX,2,114616 126330,501,17
ac19_59475,YXXXyxx,YYXyxxxYxxyx,2,114689 133451,501,16
ac19_59479,YXYXyx,YYXyyXXYXYYxx,1,114695,501,16
ac19_59481,YXYXyx,YYXYYxxYXXyXX,1,114698,501,16
ac19_59531,YXYXyx,YYYXYxyXyyXyxxx,1,114842,501,16
ac19_59537,YXyXXyx,YYYxxxyyxYx,1,114861,501,16
ac19_59545,YXYXyx,YYXXXyxyXyyxxYx,1,114884,501,18
ac19_59549,YXYXyx,YYXYxyXXXyXyyxYYx,1,114904,501,17
ac19_59555,YXXYx,YYYYXYXYYYXXyx,1,114920,501,18
ac19_59598,YXYXyx,YYYYXXYXXXXXXYx,1,115064,501,18
ac19_59628,YXYXyx,YYYXXXXyXXYYxyx,1,115138,501,17
ac19_59653,YXXYx,YYYXYxyyXyyxyx,1,115196,501,15
ac19_59663,YXYXyx,YYXyyXXyxxxxxYX,1,115218,501,17
ac19_59683,YXyXXyx,YYYYxyxxxx,3,115293 136713 152545,501,17
ac19_59776,YXyXXXyx,YYXXyXYXyxYxxxyyX,1,115557,501,17
ac19_59890,YXYXyx,YYYXyyyXyyxxx,2,115925 134552,501,18
ac19_59897,YXYXyx,YYYYXyxyyXXXXYx,2,115954 154742,501,17
ac19_59901,YYXXXXyxxx,YXXYxxxyXXXYx,1,115966,501,16
ac19_59905,YXYXyx,YYYxxxYXyXYXXyX,1,115983,501,17
ac19_59923,YXYXyx,YYYYxyxYXyyyXXX,2,116042 148149,501,18
ac19_59929,YXYXyx,YYYYYxyyyXXyX,1,116071,501,16
ac19_59950,YXYXyx,YYYxxYXyxyXXXyX,1,116133,501,17
ac19_59986,YXYXyx,YYYYxYXyXXXYXYxyX,1,116272,501,19
ac19_60005,YXyXXyx,YYxyxyxYXyxYXYx,2,116340 124633,501,16
ac19_60059,YXyXXyx,YYYXyyXYYxxyXyxyx,2,116508 129313,501,17
ac19_60077,YXyXXyx,YYxYxyxYxyxyXYX,2,116557 144278,501,16
ac19_60108,YXyXXyx,YYYxyxyxYXXyxYx,2,116660 124769,501,16
ac19_60142,YXXYx,YYYxyXYYXYXyyx,1,116795,501,18
ac19_60157,YXXXYxxxyx,YYxxxxyXXXX,1,116844,501,15
ac19_60191,YXYXyx,YYXyXYXyXXXyxYxxx,2,116936 141462,501,16
ac19_60278,YXYXyx,YYXYxxyXyyXXYYx,1,117184,501,17
ac19_60282,YXYXyx,YYXyXXyyxxYYx,1,117193,501,17
ac19_60289,YXYXyx,YYXyxxYxxYXyXXXXyxx,1,117213,501,18
ac19_60311,YXYXyx,YYYYYYXyyXyXX,2,117282 137488,501,17
ac19_60346,YXYXyx,YYYXyxyXXyXXYYx,2,117365 151559,501,17
ac19_60368,YXyXXyx,YYXYXyxyxxYxxYXyyx,1,117426,501,18
ac19_60397,YXXXyxx,YYXXyXYXXXXyX,1,117505,501,16
ac19_60419,YXYXyx,YYYXYxyyXXyXYYx,1,117559,501,17
ac19_60435,YXYXyx,YYYYXyxyyXyyxxx,1,117608,501,18
ac19_60447,YXYXyx,YYXXyXXXYxYxxyx,1,117636,501,16
ac19_60452,YXYXyx,YYXYYXyXXyyxxYx,1,117653,501,17
ac19_60482,YXYXyx,YYXXyxyXyXXYYxx,2,117735 131647,501,16
ac19_60500,YXYXyx,YYXYxxyXyyXXXYx,1,117789,501,17
ac19_60620,YXyXXXyX,YYXXXyxyxxYxyXX,1,118193,501,18
ac19_60634,YXYXyx,YYXYYXyXXyyxxxx,1,118241,501,17
ac19_60642,YXYXyx,YYYYxyXyxyyXyxx,1,118269,501,16
ac19_60650,YXYXyx,YYXXXXXXXYxxyXYYx,1,118292,501,18
ac19_60676,YXYXyx,YYYYXyXYXXXXXYx,1,118388,501,18
ac19_60679,YXYXyx,YYYXYxyyXXXXYxx,1,118394,501,16
ac19_60681,YXXXyxx,YYXyxYxxxxyX,1,118404,501,16
ac19_60691,YXYXyx,YYYYxyXyXXXYX,1,118430,501,17
ac19_60763,YXyXXyx,YYYXyXYxxxyxx,1,118689,501,16
ac19_60770,YXyXXXyx,YYXXXXyyxyX,1,118705,501,17
ac19_60781,YYXXyxx,YYXYXYxYxYX,1,118741,501,18
ac19_60810,YXYXyx,YYYYxYXyXXyXX,2,118834 142254,501,19
ac19_60831,YXYXyx,YYXXXXXyyxYxxyx,1,118876,501,14
ac19_60918,YXYXyx,YYYYYYXyyXXXX,1,119089,501,19
ac19_60923,YXYXyx,YYYYYXyyXXXXYxxyX,1,119112,501,17
ac19_60966,YXYXyx,YYYxYxyXXyxyXXX,1,119255,501,17
ac19_60967,YYXXXyX,YYXyyXYYXXyx,1,119257,501,14
ac19_60989,YXYXyx,YYYYXyyyXXYYx,2,119323 131530,501,18
ac19_61058,YXYXyx,YYYYYXyXXXXYxyX,2,119528 120045,501,16
ac19_61062,YXYXyx,YYXyyXXXyxxxx,1,119539,501,16
ac19_61096,YXYXyx,YYXYYxYXXyXXX,1,119632,501,17
ac19_61145,YXYXyx,YYYYxyXyXXXYYXX,1,119765,501,18
ac19_61157,YXYXyx,YYYXXXXXXYYYxyx,2,119798 154360,501,17
ac19_61172,YXYXyx,YYYYXYxxYXXXXyX,1,119846,501,18
ac19_61208,YXYXyx,YYYxxxYXyxyyXyX,1,119939,501,16
ac19_61219,YXXXyxx,YYXXyxxxYXyx,1,119975,501,16
ac19_61238,YXXyXyx,YYxyXXXyyX,1,120033,501,15
ac19_61248,YXYXyx,YYYxxxYXyXyXX,2,120054 153108,501,18
ac19_61253,YYXXyxx,YYYYYYXYXYxxYYX,1,120061,501,16
ac19_61261,YXYXyx,YYXyXXXXXYxYXYx,1,120081,501,17
ac19_61343,YXYXyx,YYYYYxyXXXYXX,1,120318,501,17
ac19_61358,YXyXXXyx,YYYxxxxyXyx,2,120363 154401,501,16
ac19_61367,YXYXyx,YYYXXXyXyxxYxyx,1,120393,501,14
ac19_61494,YXYXyx,YYYXXXXyyyxYxyx,1,120767,501,17
ac19_61497,YXYXyx,YYYYxyxYYXXyXXX,2,120777 121947,501,18
ac19_61529,YXXyxYXXyxx,YYXXyxYxyxYxyx,1,120854,501,19
ac19_61537,YXYxxYXyx,YYXyyxYXyxYXyyx,1,120877,501,19
ac19_61545,YXYXyx,YYYYYxyxxyXXXXX,1,120909,501,19
ac19_61558,YXXYxxyx,YYYxYxxyXYYxxyX,1,120951,501,15
ac19_61573,YXYXyx,YYXyXyXXXYxxxYX,1,120987,501,16
ac19_61606,YXyXXyx,YYYXyxxxxxx,2,121097 131671,501,18
ac19_61669,YXYXyx,YYYYxyyxyXXyyxx,1,121289,501,17
ac19_61678,YXyXXXXyx,YYXyXXyxyX,2,121314 137748,501,16
ac19_61746,YXYXyx,YYXYYXXXXXXXYYx,1,121514,501,19
ac19_61754,YXYXyx,YYYXXyXyXyxxx,2,121546 144233,501,16
ac19_61807,YXXYx,YYXYXyyXYXYxxyyx,1,121737,501,18
ac19_61907,YXYXyx,YYXyxyXXXXYxYYx,1,122037,501,17
ac19_61968,YXYXyx,YYXXyXXXyxxYxxyxx,1,122251,501,19
ac19_62056,YXYXyx,YYYYYxyXXyXXX,1,122487,501,17
ac19_62069,YXXYxxyx,YXXyXyxxYXXXyxx,1,122538,501,19
ac19_62129,YXYXyx,YYYYXyxyyyXyxxx,1,122741,501,17
ac19_62145,YXYxYXXYx,YYXXyxxYXXyxx,1,122816,501,18
ac19_62169,YXYXyx,YYYxxYYXyXyXX,1,122905,501,17
ac19_62237,YXyXXyx,YYxYYxyxYxyxyXX,1,123142,501,17
ac19_62288,YXyXXyx,YYXXXyXXXyyxyxx,1,123282,501,18
ac19_62336,YXYXyx,YYYYxYXyxyyXXXX,1,123439,501,17
ac19_62373,YXyXXyx,YYXXYxxyXXyxyxx,1,123542,501,18
ac19_62387,YXYXyx,YYXYxxyXXyXyyxx,1,123576,501,17
ac19_62412,YYXYXXXyx,YYXyXYxxyX,1,123666,501,15
ac19_62437,YXyXXXyx,YYXYxyXyxyX,1,123733,501,17
ac19_62440,YYXyxxxyX,YXyXYXyXyx,1,123748,501,16
ac19_62442,YXyXXXyX,YYxYxyXYxyxyx,1,123754,501,15
ac19_62450,YXXXyxx,YYXXyxYXyXXX,1,123776,501,16
ac19_62543,YXYXyx,YYYxxYXyXXyyXyx,1,124041,501,14
ac19_62605,YXYXyx,YYYYYxyXXyxyXyX,1,124197,501,16
ac19_62632,YXyXYxx,YYXYXyyxYxxYXYx,1,124296,501,10
ac19_62671,YXyXXyx,YYXXyXYXyyxxyx,1,124388,501,17
ac19_62718,YXYXyx,YYXXyxyXXXXYYxx,2,124553 139357,501,17
ac19_62774,YXYXyx,YYXYYxYYxyXyyXX,1,124732,501,18
ac19_62816,YXYXyXXYXyX,YYYXyXXXYXyXyx,1,124848,501,18
ac19_62842,YXYXyx,YYYYxxyXXXyyX,1,124931,501,16
ac19_62853,YXYXyx,YYXXyXyyxxxxx,1,124962,501,17
ac19_62938,YXYXyx,YYYxxYYXyxyXyXX,2,125248 135344,501,19
ac19_62990,YXyXXyx,YYxxyxYxxxyxYXX,1,125369,501,17
ac19_63006,YXYXyx,YYXyXXXXYxYXYYx,1,125417,501,17
ac19_63014,YXyXXyx,YYYYxyXyxxx,1,125434,501,16
ac19_63028,YXyXXXyx,YYXyXYxxyxyXX,1,125476,501,17
ac19_63036,YXYXyx,YYYYYxxyXXXXX,1,125493,501,19
ac19_63042,YXXYx,YYYXYXyxYYXyyx,1,125503,501,18
ac19_63051,YXYXyx,YYYYxYXyXXXYxyXYX,1,125522,501,18
ac19_63117,YXXXyxx,YYXyXXXYXXyx,1,125721,501,16
ac19_63121,YXYXyx,YYXYxxyXyXyyxxx,1,125729,501,18
ac19_63135,YXYXyx,YYXyXyXXYXYYx,1,125784,501,17
ac19_63149,YXYXyx,YYXXXyXXyxxxx,1,125820,501,16
ac19_63210,YXyXXyx,YYXYXyxyxxYxYxxyx,1,125985,501,18
ac19_63242,YXXYxxyx,YYXXXyXyxxyxx,1,126084,501,17
ac19_63245,YXYXyx,YYXXXXyyxxyxYxx,1,126098,501,19
ac19_63246,YXYXyx,YYYYXYxyXyyXXYx,1,126105,501,17
ac19_63274,YXYXyx,YYYYxyxYXXyyXXX,2,126174 144609,501,17
ac19_63288,YXYXyx,YYYYxyXXyyyxx,2,126227 134329,501,17
ac19_63348,YXyXXyx,YYXYxxYXyxyxx,1,126427,501,16
ac19_63402,YXYXyx,YYXyXXXyXXYxxxx,1,126591,501,17
ac19_63405,YXYXyx,YYYYYxYXyxyXXXX,2,126596 156519,501,19
ac19_63410,YXXYxxyx,YYxYXyxYxyx,1,126609,501,17
ac19_63413,YXyXXXyX,YYYXyXyyxxx,1,126613,501,15
ac19_63428,YXYXyx,YYXyyXXXYYxxx,2,126666 139830,501,18
ac19_63472,YXYxxYXyx,YYYxxxYXYx,1,126799,501,16
ac19_63497,YXYXyx,YYYYxYXyxyyyXXX,2,126864 127812,501,18
ac19_63503,YXYXyx,YYXXyyXXXYYxxyx,1,126876,501,17
ac19_63573,YXYXyx,YYYXXXXXXXYYxyx,1,127102,501,18
ac19_63586,YXXYx,YYYXYxyxyyXyyx,1,127144,501,15
ac19_63607,YXYXyx,YYYXyxyXXXXYYxx,1,127221,501,18
ac19_63673,YXYXyx,YYYYXXXXXXXYxYX,2,127430 143838,501,17
ac19_63693,YXYXyx,YYYxxYXyXXyXX,1,127492,501,18
ac19_63737,YXyXYXyxx,YYXXyxYXyx,2,127625 133076,501,19
ac19_63741,YXYXyx,YYYXYxxxxyyyXyX,1,127647,501,17
ac19_63848,YXYXyx,YYYxYxyyXXXYX,2,127967 150294,501,17
ac19_63860,YXYXyx,YYYxxYXyyXyyX,1,128001,501,16
ac19_63876,YXYXyx,YYXyXXyXYXYYx,1,128045,501,16
ac19_63877,YXXYxxyx,YYXXyXyxxYXyx,1,128055,501,19
ac19_63907,YXyXXyx,YYXYXyXyxYxxyyx,2,128155 142439,501,17
ac19_63908,YXYXyx,YYYYXYxyyXyXXYx,1,128156,501,16
ac19_64028,YXYXyx,YYYxyXyyXYxyXXYYx,1,128569,501,17
ac19_64053,YXYXyx,YYYXyyyXXXYYxyx,1,128641,501,17
ac19_64069,YXyXXXyx,YYYxyxYxxxYXyyXyX,2,128691 152024,501,17
ac19_64093,YXYXyx,YYYYYxyXXXyyX,1,128766,501,16
ac19_64159,YXYXyx,YYYxyyxyXXyXXYx,2,128971 129509,501,17
ac19_64182,YYXXXyxYX,YYYXXXYXyX,1,129035,501,16
ac19_64216,YXYXyx,YYYxYxyXyxyyXXX,1,129140,501,18
ac19_64285,YXXYx,YYYXXyyXYxxxYX,1,129342,501,15
ac19_64323,YXYXyx,YYXYxxyXXyyXXYx,1,129439,501,15
ac19_64418,YXYXyx,YYYYxyxYXyXXyyX,1,129731,501,16
ac19_64437,YXXYx,YYYxyxyXXyyx,1,129788,501,15
ac19_64510,YXYXyx,YYYYXyyXyXXYx,2,130008 140644,501,17
ac19_64511,YXYXyx,YYXYxxYYXyXXX,1,130010,501,13
ac19_64530,YXYXyx,YYXyyXyyxxxxyxxYX,1,130063,501,19
ac19_64565,YXXYx,YYYXYXYYYXXyyx,1,130168,501,18
ac19_64568,YXYXyx,YYXyXyXYXYYxx,2,130174 146308,501,15
ac19_64575,YXYXyx,YYXXXYxxxYxyXXXyX,1,130199,501,17
ac19_64674,YXyXXyX,YYxyXYXXXyxyx,1,130514,501,15
ac19_64828,YXYXyxYXXyx,YYYXXyxYXXyxyX,1,130971,501,19
ac19_64967,YXyXXXyX,YYXXyXYxyxxyx,1,131443,501,15
ac19_64971,YXYXyx,YYXYxxYxyXyXyXX,1,131450,501,19
ac19_64974,YXXXyXyX,YYxYxxyxyxx,1,131463,501,16
ac19_65012,YXyXXXyx,YYYXyxYxyxYxyyX,1,131595,501,17
ac19_65015,YXYXyx,YYXXXyxyXyxxxYx,1,131605,501,17
ac19_65037,YXyXXXyx,YYXyXyyXYxyXX,1,131694,501,17
ac19_65042,YXYXyx,YYXXyyxyXyxxxxx,1,131708,501,17
ac19_65108,YXYXyx,YYYYXyyXXXYxx,1,131894,501,17
ac19_65141,YXYXyx,YYXyXXXXYxxYx,1,132015,501,17
ac19_65168,YXYXyx,YYXYxyXXyXyxxxx,1,132107,501,17
ac19_65206,YYXXXYxx,YYXYYxxyXYX,1,132233,501,17
ac19_65258,YXYXyx,YYXXyyXyyxYxxyx,1,132428,501,17
ac19_65341,YXXYx,YYYXYXYxyXyyyx,1,132675,501,15
ac19_65360,YXXXyxx,YYYXyxYxyyXX,1,132732,501,16
ac19_65374,YXYXyx,YYXYxYYxyXXXX,1,132772,501,16
ac19_65457,YXYXyx,YYYYYxYXXyxyXXX,2,133019 155016,501,17
ac19_65458,YXYXyx,YYXyyXyyxxxxxyxyx,1,133020,501,19
ac19_65544,YXYXyx,YYYxxYXyxyXXyXX,1,133293,501,17
ac19_65596,YXYXyx,YYXXyXXXYxYYxyx,2,133439 149004,501,18
ac19_65626,YXXXyxx,YYXyXYxxxxyX,1,133542,501,16
ac19_65657,YXYXyx,YYYxYxyyxyyXXyX,1,133615,501,17
ac19_65694,YXXXyXYx,YYxxyXyXYXX,1,133719,501,16
ac19_65717,YXYXyx,YYYXyxyXXXXYxxx,1,133773,501,16
ac19_65737,YXXYxYxx,YYxyxyXyX,1,133848,501,17
ac19_65753,YXXYxYxxx,YYYYXyXyxxx,1,133893,501,17
ac19_65754,YXXXYxxxyx,YYxYYxxxyXX,1,133895,501,15
ac19_65782,YXYXyx,YYXyyXyyxxxYxYX,2,133975 151856,501,17
ac19_65783,YXYXyx,YYYxYxYXyyXXX,2,133977 136274,501,17
ac19_65876,YYXyxYXXyx,YXYxyXXYxYXyx,1,134303,501,18
ac19_65908,YXyXXyx,YYXXYxxyxxx,2,134402 136888,501,16
ac19_65941,YXYXyx,YYYYYYXyXyxyXXX,1,134511,501,18
ac19_65967,YXYXyXXYXyX,YYXyXyyxYYxyx,1,134586,501,18
ac19_66024,YXyXXyx,YYXyxyxxYYx,2,134750 149030,501,17
ac19_66025,YXXYx,YYYXyyyXYXYYx,2,134751 152679,501,15
ac19_66030,YXYXyx,YYYXYxyXyXXXYxx,1,134765,501,16
ac19_66035,YXYXyx,YYYYYxyXXyyXX,1,134779,501,17
ac19_66087,YXYXyx,YYYxYYXyxyXXyXX,1,134892,501,17
ac19_66177,YXYXyx,YYYXyyXXyyxYxyx,1,135185,501,17
ac19_66179,YXYXyx,YYYxYXXyXXXYxYX,1,135198,501,17
ac19_66187,YXyXXXyx,YYYXyXXyXyxyX,1,135212,501,17
ac19_66222,YXYXyx,YYYxyXXXyyxxx,1,135312,501,17
ac19_66229,YXYXyx,YYYYYYXyxyXXXyX,1,135328,501,18
ac19_66317,YXYXyx,YYYYxyxYxyXyXXX,1,135583,501,17
ac19_66337,YXYXyx,YYYXYxyyXyyXXYx,1,135652,501,16
ac19_66341,YXYXyx,YYYYXyyXXXYYx,1,135671,501,17
ac19_66343,YXYXyx,YYYYYXYYYXXyXXX,1,135679,501,18
ac19_66385,YXYxYXXYx,YYYXXyxxYXYXYx,1,135807,501,18
ac19_66394,YXyXXXyx,YYXyxYYxyxxyx,1,135831,501,18
ac19_66441,YXYXyx,YYYXyxyXyXyxxxx,1,135986,501,17
ac19_66459,YXYXyx,YYYYYXXyXXXYYXX,2,136037 143061,501,18
ac19_66482,YXyXXXyx,YYYxyyXYxxyXXyX,1,136097,501,18
ac19_66507,YXYXyx,YYYYXXyXXXYYxyx,1,136187,501,17
ac19_66512,YXYXyx,YYXXXyxyXyyxYxx,1,136205,501,16
ac19_66525,YXYXyx,YYxYXyxyXXyXXYx,2,136254 146352,501,17
ac19_66543,YXYXyXXYXyX,YYxYxyXYXyXyxyX,1,136318,501,18
ac19_66560,YXXYx,YYYXyyyXYYxyx,1,136353,501,18
ac19_66575,YYXXXXyX,YXyxxyXYx,1,136385,501,17
ac19_66659,YYXXyx,YYXYXyXXYYxyx,1,136660,501,15
ac19_66662,YXXXYxx,YYXyxYXXyx,1,136667,501,15
ac19_66709,YXXYx,YYXXyyXYXYxyxx,1,136790,501,15
ac19_66721,YXXXyxx,YYXXXXXyXYXyX,1,136818,501,16
ac19_66724,YXXyXyxx,YYYxxxxYYxx,1,136825,501,18
ac19_66731,YXYXyx,YYYXyxyXXyyxxxx,1,136837,501,18
ac19_66742,YXYXyx,YYYXYYxYxyyXyXX,1,136896,501,19
ac19_66802,YXyXXyx,YYXYXyxyxYxxxYxyx,1,137107,501,18
ac19_66827,YXYXyx,YYYYxyxYXyXyXXX,1,137174,501,17
ac19_66853,YXyXXYXyXXyX,YYYXyxYxyxyyX,1,137237,501,18
ac19_66908,YXYXyx,YYYXXXyyyxxxx,2,137397 141864,501,19
ac19_66939,YXyXXXyx,YYYxyyXXXyXXXXyyX,1,137503,501,18
ac19_66989,YXYXyx,YYYXXyXYXXXXYYx,1,137692,501,19
ac19_66991,YYXXYxyxx,YYXYxxYYxx,1,137695,501,16
ac19_67116,YYXXYxyxx,YYxyxYxYXX,1,138132,501,16
ac19_67147,YXYXyx,YYXXXyxyXyxxYxx,1,138224,501,17
ac19_67250,YXYXyx,YYYYxxYXyxyXXXX,1,138574,501,17
ac19_67256,YYXXyxx,YYYxxYYxYXXXX,1,138597,501,19
ac19_67272,YXYXyx,YYXXyXXyyxxYx,2,138646 143586,501,17
ac19_67301,YXXXyxx,YYYXyXYxyyXX,1,138712,501,16
ac19_67336,YXYXyx,YYYYYxYXyXXYXyX,1,138832,501,18
ac19_67362,YXYXyx,YYXXXXyXyxYxxYxyx,1,138934,501,17
ac19_67395,YXYxxyXyx,YYYXXXXyyx,1,139018,501,16
ac19_67528,YXYXyx,YYXYxxyXyXXyyxx,1,139468,501,16
ac19_67579,YXYXyx,YYYXyyXXXYYYxyx,1,139648,501,17
ac19_67592,YXYXyx,YYYxYxYXyxyXyXX,2,139681 151651,501,17
ac19_67594,YXXyxYx,YYXYxxxxYXX,1,139685,501,15
ac19_67610,YXYXyx,YYYYxYXyxyXXyyXYx,1,139736,501,18
ac19_67634,YXYXyx,YYYXXXXyXXyxYxxYx,1,139813,501,18
ac19_67656,YXYXyx,YYXyXXYXXyXXYxxxx,1,139881,501,19
ac19_67669,YXyXXyx,YYYXyxyxyxYx,1,139933,501,18
ac19_67682,YXYXyx,YYXXXXyXYXYYx,2,139983 149632,501,16
ac19_67703,YXYXyx,YYYXyyXXXYYxx,1,140051,501,18
ac19_67716,YXXyxYx,YYYxYxxYXX,1,140092,501,15
ac19_67763,YXYXyx,YYXYxyXXyXXyxxYxx,1,140267,501,17
ac19_67934,YXyXXXyx,YYXyXYXyXyyxx,1,140882,501,17
ac19_67948,YXYXyx,YYYYxyXXyxyXyxx,1,140936,501,16
ac19_67987,YYXXyxx,YYXXYYxYYxYx,1,141054,501,16
ac19_68059,YXYXyx,YYYYYXYxYXyXXXX,1,141322,501,18
ac19_68086,YXYXyx,YYYYxyXXyyyyx,1,141407,501,3
ac19_68094,YXYXyx,YYXXyXXyxxxYxyx,1,141431,501,16
ac19_68143,YXYXyx,YYYYYxyXyxyyXXX,1,141576,501,18
ac19_68198,YXYXyx,YYYXXyyXXXYYxyx,1,141779,501,17
ac19_68225,YXYXyx,YYYYYxyyxyXXXyX,1,141852,501,17
ac19_68269,YXyXXyx,YYYxxyyxxYx,1,142010,501,17
ac19_68275,YXYXyx,YYXyyXyXyxxxx,1,142029,501,17
ac19_68299,YXYXyx,YYYxYXXyXXXYX,1,142087,501,17
ac19_68408,YXyXXyx,YYXYxxxYxyxxyXX,1,142429,501,17
ac19_68416,YXYXyx,YYYxYxyyxyXyyXX,1,142449,501,18
ac19_68420,YXYXXYxyX,YYYxyXyxxyyX,1,142457,501,18
ac19_68475,YXYXyx,YYXyyXyyxyxxx,1,142604,501,17
ac19_68482,YXYXyx,YYYYYxyxYXyyXXX,2,142632 148024,501,17
ac19_68656,YXyXXXyx,YYYxyXXXyyXyX,1,143187,501,17
ac19_68687,YXYXyx,YYYYXyxyXXyyxxx,1,143280,501,18
ac19_68705,YXYXyx,YYxYXyyXXyyxx,1,143334,501,17
ac19_68714,YXXyXyx,YYxxyxyXXXYx,1,143392,501,15
ac19_68728,YXXXyxx,YYXXyxYxyXXX,1,143430,501,16
ac19_68777,YXYXyx,YYYYxYXyyXXyX,1,143584,501,16
ac19_68839,YXXXyxx,YYXyxYxxxxxyx,1,143798,501,16
ac19_68851,YXYXyx,YYYYxxyxxyXyXXX,1,143828,501,17
ac19_68918,YXYXyx,YYYYYYXyXXyyX,1,144039,501,16
ac19_68927,YXYXyx,YYxYYxyXyxyXyXX,1,144076,501,17
ac19_68956,YXYXyx,YYXXyXXXYxYxx,1,144151,501,16
ac19_68978,YXXYx,YYYYxYXyyxyyXyyx,1,144220,501,15
ac19_69047,YXXYxxyx,YYXyxYXyxxx,1,144475,501,17
ac19_69081,YXXYx,YYYxyyXYXYXyyx,1,144602,501,18
ac19_69089,YXYXyx,YYYYYXyyXXXYYXX,2,144636 146983,501,17
ac19_69128,YXYXyx,YYXyXXyyxYxxxyx,1,144731,501,18
ac19_69139,YXXYxxyx,YYXYXyXyyxx,1,144767,501,17
ac19_69160,YXyXXyx,YYYXyyyxyX,2,144871 147057,501,16
ac19_69183,YXYXyx,YYYYXyxyyXXyyxx,1,144944,501,17
ac19_69188,YYXXXyXYX,YYXXyXYxxyX,1,144971,501,16
ac19_69236,YXYXyx,YYYYYYxyXXXXYxyyX,1,145112,501,17
ac19_69274,YXYXyx,YYYYYXyyXyyxx,1,145208,501,17
ac19_69301,YXYXyx,YYYYxxyXXyXXX,1,145297,501,18
ac19_69302,YXyXXyx,YYxYYxyxxyxYXyx,1,145301,501,17
ac19_69315,YXYXyxYxyx,YYxyXYxYxyX,1,145355,501,18
ac19_69374,YXyXXyx,YYxxxYXYXyxxyxx,1,145539,501,17
ac19_69383,YXYXyx,YYXXXyXXXYYxxyx,1,145556,501,18
ac19_69429,YXXXyxx,YYXyyXYxyyxx,1,145698,501,16
ac19_69434,YXYXyx,YYXXXyXXyxxYxxxyx,1,145732,501,19
ac19_69456,YXXYxxyx,YYXyxxxYxYx,1,145807,501,18
ac19_69469,YXYXyx,YYYYxyxYYXyyXXX,1,145859,501,17
ac19_69484,YXyXXyx,YYYXyxxyxxYXyx,1,145891,501,18
ac19_69541,YXYXyx,YYYYYYXXyyXXX,1,146056,501,18
ac19_69604,YXXYxxyx,YYYxYYxxYxxyX,1,146241,501,15
ac19_69610,YXYXyx,YYXYxxyXyyXyyxx,1,146259,501,17
ac19_69618,YXXXXyXyx,YYXXXyXyyX,1,146291,501,15
ac19_69640,YXYXyx,YYYXyyxyXXyXYYx,1,146342,501,16
ac19_69673,YXYXyx,YYXXXXXXXYYxx,1,146416,501,18
ac19_69796,YXyXXyx,YYYYxxyxxx,1,146805,501,17
ac19_69846,YXXYx,YYXyyXXYxxyxyx,1,146984,501,15
ac19_69899,YYXXyxx,YYXXYxxxyXYx,1,147161,501,16
ac19_69914,YXyXXXXyx,YYXyXYxyyxx,1,147190,501,17
ac19_69946,YXYXyx,YYYXyxyyXXyxxxx,1,147319,501,17
ac19_69994,YXYXyx,YYYYYYYXXYXyXXX,1,147483,501,18
ac19_70009,YXyXXyx,YYYXyXYxyxxxx,1,147547,501,17
ac19_70036,YXYXyx,YYXyXXXXYxYYxyx,1,147619,501,17
ac19_70168,YXYXyx,YYXXXyxyXXXYYxx,1,148011,501,17
ac19_70250,YXYXyx,YYYYYYXyyxyXXXX,1,148256,501,17
ac19_70328,YXyXXXXyx,YYxxYXyxYxyxyX,1,148537,501,17
ac19_70412,YXYXyx,YYYXYxyXyXyyxxx,1,148825,501,18
ac19_70421,YXYXyx,YYYYXyxyXXXXYxx,1,148857,501,16
ac19_70463,YXyXXyx,YYxYXXyyxxyXX,1,148990,501,17
ac19_70482,YXyXXXyx,YYXyXYXXyXyxxyX,1,149067,501,17
ac19_70512,YXyXXyx,YYXyXYYxxyxxyx,1,149155,501,18
ac19_70568,YXXYx,YYYXYYxyXYXyyx,1,149335,501,18
ac19_70576,YXyXXyx,YYxyXXyyxxyxYXYXyX,1,149352,501,17
ac19_70588,YXYXyx,YYYYYYYXyXXyX,1,149376,501,18
ac19_70634,YXXYx,YYYYxYXyyyxyyXyyyx,1,149532,501,18
ac19_70653,YYXXXyX,YYXYxyyxxyyx,1,149605,501,14
ac19_70660,YXYXyx,YYYYXyyxyXyXXYx,1,149622,501,16
ac19_70723,YXXyXyx,YYYxxxYxyx,1,149842,501,15
ac19_70845,YYXYXyXXyX,YXYXyXYXXyX,1,150262,501,18
ac19_70992,YXXXyxx,YYXyXYXXXXXyX,1,150727,501,16
ac19_70996,YXyXXyx,YYYXXyxxxxx,1,150737,501,17
ac19_70998,YXYXyx,YYYYXyXXyyyxx,1,150741,501,17
ac19_71047,YXYXyx,YYXYxxyyXyXyxxx,1,150900,501,16
ac19_71091,YXYXyx,YYYYxYXXyXXXX,1,151027,501,19
ac19_71153,YXYXyx,YYXYxxxYXyXXyXX,1,151202,501,19
ac19_71201,YXYXyx,YYXXyyXyxxYxxyx,1,151360,501,17
ac19_71211,YXYXyx,YYXyXXyXYYxxx,1,151399,501,15
ac19_71220,YXYXyx,YYYXYxyyXyXyxxx,1,151427,501,16
ac19_71238,YXYXyx,YYYxxxYXXyxyyXX,1,151503,501,17
ac19_71301,YXyXXXyx,YYYXyyXXyyx,1,151705,501,18
ac19_71308,YXYXyx,YYYYYxyXXyyyX,1,151736,501,16
ac19_71310,YXYXyx,YYYYxyXyXXXYXYxyX,1,151744,501,17
ac19_71321,YXyXXyx,YYxyxYxyxyXYXXXyX,1,151787,501,17
ac19_71473,YXYXyx,YYXyXXyyxYxxxYX,1,152315,501,16
ac19_71497,YYXXXyX,YYYYXyxyXXyX,1,152414,501,14
ac19_71557,YYXyxYXXyx,YXYxyXXYxyX,1,152606,501,18
ac19_71571,YXYXyx,YYYYYxyxxyXXXyX,1,152636,501,17
ac19_71610,YXYXyx,YYYXYxxxYXXXXyX,1,152808,501,18
ac19_71645,YYXXXyXYX,YYXXyxYXyX,1,152897,501,16
ac19_71657,YXYXyx,YYYYxYXyXXXYXyX,1,152935,501,18
ac19_71747,YXXXyxx,YYYXyxYXyyxx,1,153232,501,16
ac19_71785,YXYXyx,YYYxxYXyXXYxyXyyXYx,1,153359,501,17
ac19_71810,YXXXYxx,YYxyXXXyxyx,1,153437,501,15
ac19_71833,YXyXXyx,YYxyxxxyxYXYx,1,153513,501,18
ac19_71847,YXyXXXXyx,YYxyxyXYXyXYxyX,1,153547,501,17
ac19_71871,YXYXyx,YYYXYxxyXyXXXYx,1,153609,501,17
ac19_71935,YXYXyx,YYXXXYXXyXXyxYxxYxx,1,153832,501,17
ac19_71937,YXYXyx,YYXyyXXyxxxYxYX,1,153841,501,14
ac19_72002,YXYXyx,YYXYxxyXXyXyxxx,1,154050,501,16
ac19_72025,YXYXyx,YYYYYxyyxyXyXXX,1,154124,501,17
ac19_72038,YXYXyx,YYYYxxyyXXXYxyXYX,1,154165,501,17
ac19_72050,YXyXXXyX,YYYXXyXyxyx,1,154212,501,15
ac19_72051,YXYXyx,YYYYYYYXyXXXYxyyX,1,154214,501,17
ac19_72100,YXYXyx,YYYXYxyyXXXXXYx,1,154399,501,18
ac19_72183,YXYXyx,YYXyyXyyxxYYxYX,1,154703,501,18
ac19_72218,YXXYx,YYYXYXYYXyyXYx,1,154821,501,15
ac19_72223,YXXYx,YYYXyyxyxyyXYx,1,154837,501,15
ac19_72321,YXYXyx,YYYxYXyXyXXYX,1,155116,501,17
ac19_72328,YYXXyxx,YYYYYXYxyX,1,155161,501,17
ac19_72330,YXYXyx,YYXXyXXXyxYxxxyxx,1,155164,501,17
ac19_72344,YXYXyx,YYXXXyXXXyxYxxYxxyx,1,155220,501,17
ac19_72375,YXYXyx,YYXXXyXyxxxYxyx,1,155319,501,17
ac19_72383,YXYXyx,YYXXXXXXYxYxx,1,155357,501,17
ac19_72403,YXYXyx,YYYYXYxxyXXXyXX,1,155443,501,19
ac19_72408,YXYXyx,YYYYXyxyXyXyxxx,1,155464,501,16
ac19_72421,YXyXXyx,YYxyxyxYxYxyxYX,1,155504,501,18
ac19_72502,YXXXyxx,YYXXyXXXYXyX,1,155748,501,16
ac19_72513,YXYXyx,YYYXYxyXXyyyxYx,1,155791,501,15
ac19_72570,YXyXXyx,YYXyxYxxyyXXX,1,155997,501,16
ac19_72633,YXyXXyx,YYYXyXYxyyxx,1,156248,501,12
ac19_72731,YXYXyx,YYXXyXXXYYxYx,1,156601,501,17
ac19_72748,YXYXyx,YYYXYxyXyXXXXYx,1,156659,501,17
ac19_72768,YXyXXyx,YYxyXXyyXYxyxyXYXX,1,156722,501,18
ac19_72773,YXyXXyx,YYXyxxxxxYX,1,156739,501,17
