name,r1,r2,n_members,members,nodes_explored,min_relator_length
ac19_78,YXXyx,YYYYYXyyyyx,27,412 414 416 417 420 422 424 431 537 541 544 545 551 554 2158 5265 20703 25130 26938 41672 74034 83587 112237 114175 122152 130731 150529,501,15
ac19_88,YXXyx,YYYYYYXyyyyyx,20,464 466 559 560 562 564 565 566 569 572 575 576 582 588 18756 42582 80564 95063 95680 130078,501,17
ac19_99,YYXXyxx,YXXXXXXXXyxxxxxxx,6,527 529 628 629 630 633,501,19
ac19_100,YYXXXyX,YXXXXyxxxxx,13,539 540 549 550 552 556 50416 79095 113032 117204 124797 128356 131135,501,15
ac19_102,YYXXyx,YXXXXXXyxxxxx,25,561 563 567 568 570 571 577 578 583 587 11472 11834 14204 21343 24188 35475 49465 50731 73750 75659 86012 100133 106665 138840 147941,501,15
ac19_103,YYXXXXyX,YXXXXXXyxxxxx,9,573 584 27118 45332 45525 82259 113134 138359 151580,501,17
ac19_105,YYXXXXyX,YXXXXXyxxxxxx,6,581 586 60449 71264 98145 132273,501,17
ac19_106,YXXyx,YYYYYYYXyyyyyyx,14,590 591 592 593 594 595 596 597 600 603 604 605 610 613,501,18
ac19_107,YYXXXyX,YXXXXXXyxxxxxxx,6,598 602 607 608 611 615,501,15
ac19_109,YXXyx,YYYYYYYYXyyyyyyyx,10,616 617 618 619 620 621 622 623 624 625,501,21
ac19_110,YYXXXXyX,YXXXXXXXXyxxxxxxx,2,626 632,501,15
ac19_112,YXXyx,YYYXYYXYxyXyXyyXyX,1,634,501,18
ac19_113,YXyXXyx,YYYxxxyXyyX,6,635 25772 38420 41490 50383 68259,501,16
ac19_130,YXYXyx,YYYxxYxyXXyyX,2,652 50815,501,19
ac19_134,YYXXYXyyx,YYYXXXYXyyX,4,656 46796 68445 138605,501,17
ac19_139,YXXyx,YYYXyyyXXXXXyXX,2,661 135375,501,19
ac19_162,YXXyx,YYYYXYxyyyyx,15,685 17117 19194 83609 85545 85600 92345 126028 126551 129251 131672 135725 138135 148921 150837,501,16
ac19_164,YYXXXYx,YYxYXXYXX,13,687 4043 13503 39667 48203 48271 68500 108623 109626 115746 141149 143401 149827,501,16
ac19_175,YXYXyx,YYYYXyyyXXXYx,2,698 66077,501,19
ac19_177,YXXXXyXYx,YXXyxYXXXX,10,700 32509 34787 60573 73698 99467 105028 107113 122978 155252,501,16
ac19_183,YYXXyxx,YYYXYYXyx,10,707 22315 65746 67431 75660 80216 83459 101643 103856 134094,501,16
ac19_185,YYXXXyx,YXXXXXYxx,20,709 10265 21266 34872 35848 40921 42396 47221 49437 73185 82256 98631 119693 123085 123726 129302 132448 136886 147088 150025,501,14
ac19_193,YXXYXXyX,YXXXXXyXYxx,6,717 64525 96618 101148 102800 119085,501,13
ac19_202,YXXXyxx,YYXyxYxyxxx,4,726 77026 98803 149949,501,16
ac19_208,YXXyx,YYXYYxyyxxyxxxx,2,732 2618,501,19
ac19_226,YXYXyx,YYXXyXyxxYxyx,10,753 15459 23200 75966 85430 91524 98723 119404 133935 156512,501,15
ac19_227,YXYXyx,YYXyXXyyxxx,5,754 4010 33778 55438 63321,501,17
ac19_230,YYXXyxx,YYYXYXYYx,3,757 9687 50211,501,16
ac19_239,YXXYxxyx,YYxxxYxxyXXYx,2,766 144672,501,19
ac19_240,YXXXyXyx,YYXYxxxyXyx,2,767 41219,501,14
ac19_242,YXYXyx,YYXyXyyxyxxYx,2,769 35507,501,19
ac19_243,YXXyx,YYYXYXyyyXyXYX,3,770 29140 46187,501,15
ac19_252,YYXXyx,YYXXYxxxxyXXX,3,779 67776 97185,501,15
ac19_253,YXXXyxYx,YYXYXYYXX,5,780 30084 83625 94593 118365,501,17
ac19_286,YXXyx,YYYYXyyyxyXyXX,1,814,501,17
ac19_290,YXyXXyx,YYYxYxxxyyX,6,818 3637 74236 79458 93736 149305,501,16
ac19_294,YXXYxYxx,YYYxxYXYx,2,822 73048,501,15
ac19_314,YXXX,YYYXYYXyyxyXyyx,1,842,501,19
ac19_331,YYXXXyx,YYXyyXYX,8,860 17839 82726 83772 93373 103681 120540 139769,501,14
ac19_346,YXXyxYx,YYXXYYxxx,3,876 16772 77771,501,15
ac19_348,YXXXYxx,YYXYYXXXyxx,5,878 21715 35751 49135 56939,501,14
ac19_353,YXYxyx,YYXXXyyXyXyxYxx,3,883 32987 48765,501,19
ac19_355,YYXyxxyXXyx,YXXYxYXXYxx,2,885 148811,501,15
ac19_365,YXXyx,YYYYXyxyXyXXXXX,2,895 99139,501,19
ac19_368,YYXXyx,YYYYXyyyyxx,8,898 17442 26942 76387 101688 112820 118395 151156,501,15
ac19_375,YYYXXXXyx,YYYXyyyxyx,1,905,501,16
ac19_384,YXYXyx,YYYXyxyXyXXXYYx,2,914 8983,501,19
ac19_399,YXyxYXXyx,YYXyXXXyxYX,1,929,501,14
ac19_420,YYXXXyX,YYXyyxxyxx,1,950,501,15
ac19_425,YXXX,YYYxYYXyyXyXyyx,1,955,501,19
ac19_434,YXXyx,YYYYYYXyxyyxxyyx,1,964,501,18
ac19_451,YYXXyxYxx,YYxYYxxYX,3,981 7637 120615,501,16
ac19_460,YXyXXXyX,YYxyXYXXXyxyx,1,990,501,21
ac19_461,YXXXYxx,YYXyxYXyx,24,992 4006 19148 26965 31568 36642 40194 47774 48548 55320 65703 75983 76517 76837 99793 104844 116908 126684 130632 134549 135432 146566 149441 154255,501,15
ac19_463,YXYXyx,YYYYXyXyyxx,6,994 7294 16885 46099 61177 91046,501,17
ac19_472,YXYXyx,YYXYxYYxyyXXX,2,1003 71312,501,19
ac19_480,YXyXXyx,YYXYXyXyxyx,4,1013 13654 113521 146225,501,16
ac19_525,YXyXXyx,YYYxxxyyXyX,1,1060,501,17
ac19_527,YXyXXyx,YYxyxYxyxyxYXYXyxYx,1,1062,501,17
ac19_528,YXYXyxYXyx,YXyXYxyXYxyXYxx,1,1063,501,15
ac19_548,YXyXXXyx,YYxYxxxyxyX,2,1084 33584,501,17
ac19_554,YXXYx,YYXXXYXyyxYYxx,2,1090 26157,501,15
ac19_555,YYXXXyX,YXyxYXXXyxx,16,1091 5089 8923 26851 36479 44034 54710 56750 59686 70467 74772 81095 90460 108712 130332 144781,501,15
ac19_557,YXXyx,YYYYYYXyyXyyyX,2,1093 44948,501,18
ac19_559,YXYXyx,YYXYxYxyXyyXX,2,1095 133418,501,17
ac19_564,YXYXyx,YYYXyXXyyxYYx,2,1100 78314,501,17
ac19_567,YXXXyxx,YYXyxYXXyx,20,1103 6120 18926 22121 22549 29399 40781 52256 56825 72223 73391 74778 79137 89646 90670 102098 106371 116647 126452 138344,501,16
ac19_569,YXXXYxx,YYYXXyxxYX,7,1105 60446 104535 115795 124295 131480 156513,501,14
ac19_575,YXYXyx,YYXyyXXXXYxxx,2,1111 134173,501,17
ac19_580,YXYXyx,YYYYxxYXyxyyXyX,1,1116,501,19
ac19_626,YXXyXYx,YYXXYXXX,29,1165 2727 4222 7841 8159 36139 46848 49605 70959 72262 72660 76406 81333 81560 87737 95970 96907 98823 100739 111892 117197 119855 120269 125886 127627 138891 145042 146926 156363,501,15
ac19_642,YYXXyxx,YYYxYYXyX,5,1181 7867 27734 74042 153000,501,13
ac19_716,YXYXyx,YYXXXYxxYxyXXyX,2,1255 88544,501,17
ac19_718,YXYXyx,YYYYxxYXyXyXX,2,1257 74614,501,19
ac19_721,YXXYx,YYYXYxyXyyyxYX,4,1260 56348 72810 83099,501,15
ac19_728,YXYxyx,YYXXXyyXyyx,1,1267,501,15
ac19_731,YXXyXYx,YYxyxyXXX,9,1270 19623 97388 99559 102249 105454 112835 136361 140694,501,16
ac19_733,YYXXyxx,YYYxxyXYxyX,1,1272,501,17
ac19_739,YXYXyx,YYYxxYXyyXX,4,1279 30301 73752 126110,501,17
ac19_757,YXyXXyx,YYXYxxyyXyX,4,1299 22877 98319 151411,501,17
ac19_763,YXYXyx,YYYYYXyXXXXYYXX,2,1306 98919,501,19
ac19_769,YXXXyxYx,YYYxYXXyX,6,1312 14033 33332 53947 61374 85086,501,11
ac19_775,YXYXyx,YYYXXXXyyXYxx,1,1319,501,15
ac19_789,YXYXyx,YYXyyXXYYxx,5,1334 22745 86011 90772 146982,501,17
ac19_815,YXXyx,YYYXYYxyxyyyxx,3,1362 55564 112747,501,18
ac19_823,YXYXyx,YYYxyXXXyXXYx,2,1370 113209,501,19
ac19_833,YXXyx,YYYYXyxxyxyyyXXX,2,1381 128078,501,17
ac19_852,YYYXXXX,YXYXyXXXYxx,2,1402 106694,501,14
ac19_897,YXYXyx,YYYXXXyXYYxyx,1,1448,501,15
ac19_941,YXXyx,YYYXyyyXyXXYYX,2,1498 62353,501,18
ac19_943,YXYXXYx,YYXyxxxxyXyX,1,1500,501,14
ac19_969,YYXXYXyyx,YYYXXYXXXXX,4,1526 19973 72707 117116,501,17
ac19_986,YYXXXyx,YYXXYXyXX,18,1543 6065 19210 32022 39942 46887 53788 57500 64493 65774 67734 92420 94088 117704 118084 126980 130001 139364,501,15
ac19_988,YXYXyx,YYxYXyXYXyyxx,2,1545 28081,501,15
ac19_991,YXYXyx,YYYYYXXXXXXYXYxyX,2,1548 128745,501,19
ac19_1006,YXYXyx,YYYXXXyXXXYYxyx,1,1564,501,19
ac19_1007,YYXXXyX,YXYxyXXX,21,1565 4370 9506 9997 21216 27617 44872 44979 44992 47437 51259 73326 77466 81725 87174 93048 112825 116414 131870 132881 143110,501,15
ac19_1011,YYXXyx,YXyXyxxyx,22,1569 8631 10660 11096 12663 19047 22636 24108 31039 32328 34445 36872 41488 46660 53509 58705 95939 101510 112801 115554 136874 155227,501,15
ac19_1036,YXXyx,YYYXyyxyyXyXYX,2,1595 32791,501,12
ac19_1050,YYXXXXyX,YXYXXyXXX,3,1610 14140 133831,501,17
ac19_1062,YXXYx,YYXYYXyxYYxyyX,1,1622,501,18
ac19_1063,YYXXXyxx,YYYXXYXXX,13,1623 8301 17403 20915 39013 63875 65036 93301 101808 118971 124356 126809 128801,501,17
ac19_1068,YXYXyxYXyx,YXyXyxxYXyx,20,1628 6405 26185 29463 37575 54971 66233 66404 80074 91642 95844 96255 97889 98287 99957 130701 131753 133625 135121 136396,501,15
ac19_1071,YXXyx,YYYXyyxyXyxxxYYx,2,1631 23232,501,19
ac19_1074,YXyXXyx,YYxyxxxYX,9,1634 23333 39938 41095 44538 84269 109581 123089 134659,501,16
ac19_1107,YXXXX,YYYYXyXyyyx,2,1669 30177,501,14
ac19_1121,YXYXyx,YYXYxyXXyXXYxxx,1,1684,501,17
ac19_1125,YXyXXyx,YYYxyyxYxxx,8,1689 27939 45710 70173 77752 114059 122135 150221,501,16
ac19_1127,YXyXXXyx,YYXXyxxyX,10,1691 7020 35872 44941 61737 78525 100602 105907 108749 138739,501,15
ac19_1137,YXYXyxYXyx,YYYXXXYYxyX,2,1701 41935,501,17
ac19_1139,YXXYx,YYXYXYXyXYYxx,2,1704 80280,501,15
ac19_1145,YXyXXyx,YYYxyxxyXyX,1,1710,501,17
ac19_1149,YXyXXyx,YYXXYxyXyyx,5,1715 6986 38989 44869 96217,501,16
ac19_1167,YXYxyx,YYYXyxxxYxyyX,1,1734,501,15
ac19_1185,YXXyXYx,YYXyyxyx,8,1752 39732 55153 57725 59114 100183 102708 107838,501,15
ac19_1186,YXyxYXXyx,YYXyXXyxYX,13,1753 18768 28190 34044 57592 59962 73852 74259 84647 86041 89645 124610 142171,501,15
ac19_1191,YXXYxYxx,YYYXXyyxx,2,1758 85398,501,17
ac19_1202,YXXYx,YYXYYXyXYxyx,6,1769 9810 55980 60126 96006 96184,501,15
ac19_1203,YXYXXYx,YYxxyXXYXXyx,1,1770,501,16
ac19_1205,YXXyx,YYYXYXyxyXyyyXXX,1,1773,501,19
ac19_1211,YXXYx,YYYXyxYXXXYxyx,1,1779,501,15
ac19_1215,YXYXyx,YYYxxyXXXyX,6,1783 43548 69153 70740 111558 133991,501,17
ac19_1220,YXXYXXyX,YXXyXXXXXYx,4,1788 51679 63088 155096,501,13
ac19_1222,YYXXXyxxx,YYYXXXYxYx,2,1790 19117,501,15
ac19_1226,YYXXXXYX,YXyXyxxxx,4,1795 76911 142886 145108,501,15
ac19_1242,YXXYx,YYYXXyyyXYxx,3,1813 7667 32338,501,15
ac19_1243,YXYXyx,YYYYxYXyXXX,3,1814 4878 117202,501,17
ac19_1260,YXXyx,YYYXYYxyyXyxyxx,1,1832,501,17
ac19_1279,YYXXXXYxx,YYXyyXyxxx,2,1852 17470,501,18
ac19_1296,YXXYx,YYXYXyXYYxyx,3,1870 16778 86430,501,15
ac19_1305,YXYXyx,YYYYXyXXX,8,1881 7839 26594 42869 69157 105935 106361 156217,501,13
ac19_1318,YXXyXyx,YYYXyxYxxyyX,1,1894,501,15
ac19_1327,YXYXyx,YYXXyxyXXXYYx,2,1905 52704,501,17
ac19_1331,YXYXyx,YYYXYYxxxyXyyXX,2,1909 73620,501,19
ac19_1332,YXYxyx,YYYXyXXyxxx,3,1911 10046 116814,501,15
ac19_1345,YXyXXXyx,YYXyXYXyXYxxyxxyX,1,1924,501,19
ac19_1349,YXYXyx,YYYYYYxyXXYXyXX,1,1928,501,19
ac19_1372,YXyXXXyx,YYxxyxxyXYx,1,1951,501,17
ac19_1375,YXXyXYx,YYxyXyXYXYX,3,1954 7373 130867,501,17
ac19_1384,YXyXXXyx,YYYxyxYxyxYXXyXyx,2,1963 41661,501,17
ac19_1394,YXXXyxYx,YYXYXYxyX,1,1974,501,17
ac19_1412,YXYXyx,YYXXyXyyxxx,4,1994 64787 110368 146697,501,17
ac19_1418,YXYXyx,YYYXyyyXXYx,4,2000 4691 73542 124069,501,15
ac19_1427,YXYXyx,YYXXyXXyxYxxx,2,2009 47184,501,17
ac19_1430,YXXyXyx,YYYxxxxyx,4,2012 2391 39841 48478,501,14
ac19_1443,YXXyx,YYYYXyyxyXyyXXX,2,2025 51397,501,19
ac19_1455,YXyXXyx,YYXXXyxxxyX,3,2038 26361 115033,501,11
ac19_1469,YXYxyx,YYXyxxYYxxx,1,2053,501,15
ac19_1482,YXXyx,YYYXyyXyXYXXXXX,1,2067,501,17
ac19_1491,YXYXXXX,YYYXXXXyyxx,2,2076 11604,501,15
ac19_1492,YXYXyx,YYXyXXyyxYYxx,2,2077 3820,501,17
ac19_1512,YXYXyx,YYXyXXYYXXXYx,1,2098,501,15
ac19_1518,YYXXyxx,YXYXyXYxx,6,2104 27028 116311 145986 151755 155935,501,14
ac19_1520,YXYXyx,YYYYxxyXXXXYXyX,1,2106,501,19
ac19_1533,YXyXXXyx,YYXyxYxxyyxYx,1,2120,501,19
ac19_1579,YXYXyx,YYYxyxxyXXXyX,1,2170,501,17
ac19_1580,YXyXXyx,YYYXyyyXYXyxyX,4,2171 21966 29226 60067,501,17
ac19_1585,YYXXYXXYx,YYxyXyxxyX,1,2176,501,16
ac19_1592,YXYXyx,YYYXyXXyXXYYxyx,1,2183,501,19
ac19_1595,YYXyxxxxyyX,YYXyXXYYXyxxyX,2,2187 25291,501,20
ac19_1598,YXXYxxyX,YYxYXXyXXyx,1,2190,501,17
ac19_1637,YXYXyx,YYYXyXyXXYx,7,2230 8098 71958 74312 85220 87034 121627,501,15
ac19_1641,YXXYXXyx,YYXXXYxyXyx,2,2234 27469,501,15
ac19_1653,YXYXyx,YYXXyXXyxxxYx,2,2246 36682,501,17
ac19_1660,YXyXXXyx,YYYxxxyXyxx,1,2253,501,19
ac19_1665,YXYXyx,YYYXyyXyXyxxx,2,2258 83079,501,19
ac19_1667,YXXYx,YYYYXYxyXyyyx,1,2260,501,15
ac19_1668,YXXYx,YYXYXYYXXyyxx,3,2261 31376 86084,501,15
ac19_1670,YYXXyxx,YYxYxyX,26,2263 22554 24328 28457 39429 42855 50372 62180 64140 67298 75687 78196 80979 83179 92412 92982 94496 107962 111977 124099 125591 137290 139252 142594 149866 153323,501,14
ac19_1690,YXYxyx,YYYxxYYxYYxyx,3,2285 18279 88481,501,15
ac19_1706,YXYXyx,YYXYYXyXyXyxxYx,1,2301,501,17
ac19_1715,YXXXYxx,YYYXYXXyxyyxx,3,2310 35889 112355,501,18
ac19_1725,YYXXXXYxyxx,YYXXXXyxxxx,9,2320 3640 20298 52094 78630 114361 124037 147300 155737,501,15
ac19_1757,YXYXyx,YYYXYxYXyyXXX,1,2354,501,17
ac19_1769,YXYXyx,YYYXYxYxyyXXX,1,2368,501,19
ac19_1773,YXyXXXyx,YYXyXYxxyyx,6,2373 40541 56548 117668 132456 141967,501,11
ac19_1779,YXyxYXXyx,YYXYxyXYxyXyX,6,2379 35267 57681 95705 104767 115975,501,14
ac19_1800,YXYXyx,YYYxyXYXyXXYx,5,2403 14072 49119 102474 152265,501,17
ac19_1809,YXXyx,YYXYxyyXyXyXXXX,2,2413 128243,501,19
ac19_1811,YXXyx,YYYXyyyxxxxxxYx,2,2415 34025,501,20
ac19_1837,YXXyXyx,YYxyXyxxYX,3,2442 66562 75332,501,14
ac19_1838,YXXyx,YYYXyXXyyXyXXYYX,2,2443 68114,501,19
ac19_1850,YYXXXYxx,YYXXyxxYX,10,2456 8262 12118 14093 37457 37550 44128 76723 116530 151004,501,15
ac19_1855,YXXyx,YYYYXXYxyyyxyxx,3,2461 87350 113907,501,18
ac19_1861,YYYXXXX,YYYXYXXyxyyx,1,2467,501,18
ac19_1865,YXYXyx,YYYYYXXXXXXYX,3,2471 10434 141740,501,19
ac19_1880,YXXXXyXXyXX,YYXyyXXXXyXX,1,2486,501,19
ac19_1889,YXYXyx,YYYxyxYYXyXyyXX,2,2495 106307,501,19
ac19_1897,YXYXyx,YYXXYxYxYXXyX,3,2503 72018 114525,501,17
ac19_1903,YXYXyx,YYYYXYxyyyXXXYx,2,2511 117588,501,19
ac19_1909,YXyXXyx,YYYxyxyxxYx,3,2517 93240 150550,501,17
ac19_1926,YXyXXXyX,YYXXXyXyxyXXX,1,2535,501,19
ac19_1927,YXYXyx,YYXYxyXXXXyXYxx,4,2536 104464 119958 154477,501,17
ac19_1957,YXXyx,YYYXYYXyxyXyXyXXX,1,2567,501,18
ac19_1983,YXXyx,YYYXyyyXXXXXYx,1,2593,501,18
ac19_1997,YXXyXyx,YYYxxYxxyx,3,2607 65132 83341,501,14
ac19_2034,YXXYxYxx,YYXyyXyxx,3,2647 77853 85071,501,15
ac19_2060,YYXYYxyyx,YYXXXyxxx,1,2673,501,15
ac19_2101,YXYXyx,YYXyyXXXyxxYx,1,2717,501,17
ac19_2126,YXXyx,YYYXYYXXXyyXyyXX,2,2744 143721,501,17
ac19_2146,YXXXyXYx,YXyxxxxyx,13,2766 14526 48754 56965 71785 80340 93428 114050 119649 124390 127716 135818 144259,501,15
ac19_2149,YXYXyxYXyx,YYYxyXYxyXX,9,2770 26687 60143 104012 107883 108191 127878 129899 137911,501,17
ac19_2151,YYXXXXYYx,YYYYXyyXyx,1,2772,501,19
ac19_2161,YXYXyx,YYYYYXYxYXXyXXX,2,2784 40284,501,21
ac19_2167,YXXyx,YYXYxYxyXyyXyXYX,1,2790,501,15
ac19_2178,YXXYx,YYYXYxxyyyX,7,2801 12025 15203 54597 94049 94668 149758,501,15
ac19_2200,YXXyx,YYYXYXyyxxyyXXYX,2,2824 78040,501,15
ac19_2202,YXXYx,YYYXXyxyyxYX,8,2826 6224 12667 22991 65553 85346 105063 120986,501,15
ac19_2205,YYXXXXXXyX,YXXXXyxxxxx,26,2830 10377 11915 14562 18181 34361 34653 35187 36417 57771 59143 67005 72938 81008 81600 89355 89885 90373 118030 120084 133521 133603 136263 142228 150323 153727,501,16
ac19_2237,YXYXyxYXyx,YYYXyXYxyXX,8,2867 9247 54297 79490 93320 94632 117882 129586,501,17
ac19_2251,YXyXXyx,YYxyxxyXX,9,2882 12727 15600 26990 29136 32179 56136 61128 83046,501,13
ac19_2278,YXyxYXXyxxYXXyx,YYXyxYXXyxYXyxYXyX,1,2911,501,16
ac19_2279,YYXXXyxx,YXyXYxYXX,3,2912 15652 117037,501,15
ac19_2281,YXYXyx,YYXXXyXXYxxYx,4,2915 11656 87054 126921,501,17
ac19_2283,YXyXXyx,YYXXXyxyxYxyx,3,2917 69545 93300,501,17
ac19_2285,YXYXyx,YYYYXXXXXYXYx,2,2919 129269,501,19
ac19_2308,YXXyx,YYYYXyyXyXXXX,2,2942 62383,501,18
ac19_2327,YXYXyx,YYYxYxyxxyXXXyX,2,2962 58018,501,19
ac19_2346,YXXYx,YYYXXyxYYXYX,3,2981 32918 123820,501,15
ac19_2348,YXyXXyx,YYXYxxyxx,9,2984 4938 64910 68272 94448 100153 124963 145754 152126,501,15
ac19_2370,YXXyx,YYYXYxyXyyXyXYX,1,3007,501,15
ac19_2376,YYXXyxx,YXYxxYXyx,4,3014 10735 36336 81933,501,14
ac19_2380,YXYXyx,YYXXXXYYx,10,3019 3082 52970 69705 77833 85792 108800 128107 129995 147354,501,15
ac19_2391,YYXXXyxx,YYXYxxyXX,3,3033 46581 103013,501,17
ac19_2403,YYXXyx,YXyXYXXYx,20,3046 3507 14434 19955 22821 24276 25682 42571 53506 54339 57018 65192 66564 79668 80951 110964 118225 127016 138487 140624,501,13
ac19_2406,YXyXXXyx,YYxYXyxyxYxyx,1,3049,501,19
ac19_2418,YXXX,YYYYXYXyyxyyXyx,1,3061,501,17
ac19_2420,YXYXyx,YYXXyXXyxxYxx,2,3063 77863,501,17
ac19_2425,YXXXyXYx,YYXyXXYXX,1,3068,501,17
ac19_2429,YXXyx,YYYXyXyxyXyXXXX,2,3072 15530,501,16
ac19_2442,YXXyXyxx,YYxxYXyxxYX,2,3086 101828,501,15
ac19_2454,YXYXyx,YYYxxyyXXXyxx,1,3098,501,17
ac19_2474,YYXXXXyX,YXYXXXyXX,7,3118 4189 32801 52825 85710 139590 153706,501,15
ac19_2480,YXXyx,YYYXyXyyxyyxxYx,2,3124 16507,501,18
ac19_2482,YXyXXyx,YYYXyyyxx,2,3127 137713,501,16
ac19_2486,YXyXXyx,YYYxyxyXXYxxyX,1,3131,501,16
ac19_2493,YYXXYxYXX,YYXXXXYxx,6,3140 3317 49772 144424 148301 152732,501,14
ac19_2499,YXYXyx,YYxYxxYXyxyXXyX,1,3146,501,17
ac19_2501,YXYxyx,YYxYXyxYYxx,14,3148 3257 8675 12681 40133 45094 80221 80530 84638 88533 104910 105890 109871 143134,501,15
ac19_2512,YXXyxYx,YYYxxxYXyX,3,3159 18288 74779,501,15
ac19_2518,YXYXyx,YYYYYYXyXyXXX,1,3165,501,19
ac19_2521,YXyXXyx,YYYxxxyxx,16,3168 6807 17668 26030 40391 48211 56007 68093 79267 82175 94298 94446 112705 128490 133399 139823,501,13
ac19_2525,YXYXyx,YYYYYXXXXXX,3,3172 12717 119092,501,17
ac19_2533,YYXXyxx,YYYXYxyX,13,3182 6122 17107 26807 60326 67086 91039 99840 115740 122237 127500 130857 131922,501,13
ac19_2552,YXyXXXyx,YYXXXyxyx,2,3203 114434,501,15
ac19_2565,YXyXXyx,YYXXXyXyxyXYXyxyX,2,3216 127382,501,17
ac19_2574,YXYXyx,YYYXyxyXyXXYYYx,2,3226 14518,501,19
ac19_2599,YXXX,YYXYYXyyxYXXyyx,1,3252,501,17
ac19_2600,YXYxyx,YYXyXyXXyyx,10,3253 12962 20399 21523 27605 28193 83892 93746 102319 152326,501,15
ac19_2605,YXXYxxyx,YYXYxYxxxyX,1,3259,501,15
ac19_2622,YXXXXXXyxYx,YYXXXXXyyxYx,3,3277 102968 155072,501,16
ac19_2623,YYXYXyX,YYxyXXX,21,3278 10111 14922 21509 23642 29415 37487 40104 43347 52458 61223 70528 75932 80632 95009 96791 99977 101109 108636 134705 136594,501,14
ac19_2627,YYYXXXX,YYYXyXXYxyyx,1,3282,501,18
ac19_2657,YYXXyx,YYXYXyXXYxx,1,3315,501,13
ac19_2669,YXXXyxx,YYXyXXXYxyX,7,3328 18716 69093 102083 110217 144951 148323,501,16
ac19_2671,YXXYxYxx,YYXXXXyxxxx,1,3330,501,15
ac19_2680,YXXyxYx,YYXYXXYYxYx,1,3341,501,15
ac19_2681,YXYXyx,YYYXYYxYXXXyX,2,3342 132693,501,17
ac19_2696,YYXXYxYXXXYx,YYXXXyxxYXXYx,1,3360,501,18
ac19_2708,YXYXyx,YYXyyXyyxYxxx,2,3372 9450,501,19
ac19_2711,YXXyXyxx,YYXyxyxxYYx,1,3375,501,17
ac19_2715,YXYXXYx,YYxYxyXYXyX,1,3379,501,17
ac19_2716,YXXYx,YYYXXXYxyxyyx,1,3380,501,15
ac19_2733,YXYXyx,YYXXXXXyxYxxx,8,3401 3672 6320 25042 41588 92745 130371 156103,501,15
ac19_2736,YYXXXXX,YYXyyXXYx,4,3404 15507 44934 88707,501,15
ac19_2744,YXyxYXXyx,YYXYXyxYXyXyX,1,3412,501,17
ac19_2748,YXXYxYxx,YYXyxYYxxYX,1,3416,501,14
ac19_2757,YXYXyx,YYYXyXXXXYXYx,2,3425 142004,501,19
ac19_2776,YYXXXXyxx,YYYxyyXXXX,12,3446 38811 40254 71389 73351 103049 109719 117580 129469 134820 147392 156030,501,2
ac19_2802,YXyXXyx,YYYxyxyXyXX,2,3474 3525,501,17
ac19_2805,YXYXyx,YYXyyXyxxYxyx,4,3478 80394 83375 140848,501,17
ac19_2807,YXXyx,YYYYXyxyyxx,7,3480 44097 75970 91387 98923 139084 140246,501,15
ac19_2822,YXXYx,YYYXyyxyyx,26,3496 5241 7769 8501 12487 24184 27006 35238 37942 57041 58551 81089 82342 83690 92765 94121 96285 96361 119140 119265 120133 125650 126151 143929 148187 152334,501,15
ac19_2823,YXYXyx,YYXXXyyXYXYxx,1,3497,501,17
ac19_2857,YYYXXXX,YYYYYXyyXyyx,1,3537,501,18
ac19_2860,YXXyx,YYYYYXyyxyyXyxYx,1,3540,501,18
ac19_2861,YXYXyx,YYXXyXXyXYxxx,8,3541 6607 6911 31566 47709 89728 100174 135778,501,17
ac19_2880,YXYXyx,YYXYxyXyyXXYx,9,3563 66640 66853 85124 92262 127050 141332 141917 150377,501,17
ac19_2881,YXYXyx,YYXyyXyxxYx,10,3564 18003 20609 32026 55119 72054 74065 81364 121014 152016,501,17
ac19_2885,YXYXyx,YYXXXXyyxYYxxyx,1,3568,501,17
ac19_2887,YXYXyx,YYYYYYXyXXX,4,3570 120739 140793 144640,501,17
ac19_2898,YXXX,YYYYYXyxxyyyxyX,2,3585 66666,501,17
ac19_2901,YXyXXyx,YYYXyxyxYYxyx,1,3588,501,17
ac19_2911,YXXYx,YYYXXXYxxYXYYX,1,3599,501,15
ac19_2950,YYXXXyxxx,YYXXYxxyyX,3,3652 116243 128175,501,15
ac19_2962,YXYXXYxyX,YYYXyXYxyxYXXyyx,1,3664,501,20
ac19_2972,YXYXyx,YYYXyxyyXyXXYYx,2,3678 119594,501,19
ac19_2977,YXYXyx,YYXyxyXXyXXYYxx,2,3683 154530,501,19
ac19_2980,YXYXXYx,YYXXyxYXXyxx,1,3686,501,14
ac19_2984,YXXYx,YYXyyXYxyyx,5,3691 50315 112619 125805 155059,501,15
ac19_2995,YXYXyx,YYXyXyyxYXyxxxx,2,3703 69902,501,19
ac19_2997,YXYXyx,YYXXyXXYxxx,10,3705 10693 19229 43427 81012 83045 94597 96557 116555 116983,501,15
ac19_3005,YXYXyx,YYYYxyXXYXyXX,1,3714,501,17
ac19_3012,YXXyx,YYYXYxyyyXXXX,2,3721 54754,501,17
ac19_3033,YXXyx,YYYXYxyXXyyXXXX,1,3743,501,19
ac19_3052,YYYXXXyxx,YYXXXXyxxxx,5,3766 27887 94867 110418 136904,501,15
ac19_3071,YXyXXXyx,YYxyXYYxyxYxyxx,2,3791 53415,501,17
ac19_3076,YXyXXyx,YYXXXXyXyyxyX,2,3796 5653,501,18
ac19_3085,YXYXyx,YYYxyXXyyyx,20,3805 4168 6326 24681 35197 45217 48483 65588 66337 76207 87624 87868 89612 95661 97175 107685 109216 112461 129851 135791,501,15
ac19_3093,YXXYxxyX,YYYXYXXyyyx,1,3814,501,17
ac19_3125,YYXXyx,YYXYxyXyyxx,2,3849 50634,501,13
ac19_3129,YYXXXyxx,YYxyxxYXXXX,2,3855 34446,501,17
ac19_3133,YXYXyx,YYYXyxyXyXXYx,5,3859 68744 75093 78593 156600,501,17
ac19_3135,YXYXyx,YYXYxyyXXXyyxxx,2,3861 58327,501,19
ac19_3152,YXYXyx,YYXXyXyxxYx,11,3879 16570 28589 29876 44764 63109 94822 98066 117853 145743 148417,501,15
ac19_3162,YXYXyx,YYYXXyyyXyxxx,2,3890 27372,501,19
ac19_3165,YXXyXyX,YYXyxyxYxxxx,4,3893 52769 119682 121082,501,15
ac19_3170,YXXXyxx,YYXyxYxyX,31,3900 8442 9912 21724 25881 35556 41762 47018 48764 55428 59448 63220 70981 74976 75690 78504 80037 85473 89048 89075 91536 101560 107647 118127 121192 121370 122110 124479 132236 139563 139721,501,16
ac19_3174,YXYXyx,YYxYxYXyyXXYxyX,6,3905 18863 50251 62695 72930 153370,501,17
ac19_3175,YXXXyXyx,YYXyXyxyX,3,3907 112678 132101,501,14
ac19_3187,YYXYxYXXYx,YYXyyxYYXyx,4,3923 42302 74456 87532,501,13
ac19_3191,YYXXyxx,YYYYXYYxyyX,2,3927 133591,501,17
ac19_3206,YXYXyx,YYxYXyxyXXyXyxx,1,3942,501,17
ac19_3225,YXYXyx,YYYYXXXXyXyxx,2,3962 117558,501,17
ac19_3237,YXXYXXYxx,YYYYXXXyxxYXX,1,3975,501,17
ac19_3239,YXYXyx,YYYxyXyXyxyxx,2,3977 152301,501,19
ac19_3245,YXYXyx,YYXyyXXyxxxyx,2,3983 51160,501,17
ac19_3248,YXYXyx,YYXYxyXyXyxxx,4,3988 89656 130104 131219,501,15
ac19_3252,YXXYxxyX,YYXyxYXXyyx,1,3992,501,14
ac19_3272,YXyXXyX,YYXYxyxxyxxYxxx,1,4020,501,17
ac19_3275,YXyXXXyx,YYxyxxyXYXyXX,1,4023,501,17
ac19_3287,YXyXXyx,YYXyyxyXYxyX,3,4035 42667 113121,501,16
ac19_3293,YXXyXyxx,YYYYxxYxx,6,4041 17186 36763 80959 104093 145908,501,17
ac19_3303,YXXyxYx,YYYYYXYxyX,2,4054 99453,501,17
ac19_3317,YXXXXyxxx,YYXXXXXyXX,20,4071 7231 10022 11752 14716 17805 21460 24736 57808 61981 63095 70109 77278 101250 127980 128220 135031 136616 144056 148152,501,15
ac19_3319,YXXXYxx,YYYXYXXyxx,5,4073 61554 93565 109885 151265,501,14
ac19_3366,YXYXyx,YYXyXXyXXYxxx,2,4126 43125,501,17
ac19_3372,YXYXyx,YYXyyXXyxyxYx,2,4134 90778,501,17
ac19_3381,YXYXyx,YYXyXXXXXYxYxyx,2,4143 103432,501,19
ac19_3382,YXXYxxyx,YXXYxYxxYxxyX,6,4144 23766 58114 80661 125580 149418,501,15
ac19_3389,YXYXyx,YYxYxyxYXyyXX,4,4151 23321 104703 110702,501,17
ac19_3391,YXyXXyx,YYYxyxYXyxx,9,4154 6402 14675 38980 43823 51940 57237 85522 119993,501,13
ac19_3396,YYXXXYx,YYXyxxYXX,22,4161 5596 6182 23484 34785 37177 47373 50353 66784 68361 78540 98183 104642 116324 121216 132552 134771 141277 142167 143716 149380 150498,501,15
ac19_3399,YXYXyx,YYXyyXXYxYxYX,1,4165,501,17
ac19_3426,YXXyx,YYYYYXyxyXXyyXX,1,4198,501,18
ac19_3432,YXXyXYx,YYXXXXyxxx,8,4207 86554 117943 121287 128131 138522 153391 156549,501,15
ac19_3436,YXYXyx,YYXXXyXyxxYxx,2,4213 119004,501,17
ac19_3444,YXYXyx,YYYYxxyXXXyXX,2,4224 28224,501,19
ac19_3470,YXXX,YYYXyyXyyXyxYYx,2,4251 84434,501,19
ac19_3486,YXYXyx,YYXyyXyxxxyxx,1,4271,501,17
ac19_3500,YXXYx,YYYxyXXYXyyx,4,4286 48846 58273 116039,501,15
ac19_3508,YYYXXyyXX,YXXYXXXXX,2,4294 122359,501,18
ac19_3514,YXYXyx,YYXyyXXyyxxYx,2,4300 147606,501,19
ac19_3518,YYXXyx,YYYYXyxyyXX,12,4304 7047 10668 16962 41840 45454 58889 99331 121176 134136 136239 144770,501,15
ac19_3519,YXXyx,YYYYXYXyyXyyXX,2,4305 144275,501,18
ac19_3534,YXXyx,YYYYYYXyXyxyXyyX,2,4321 48022,501,18
ac19_3549,YXXYx,YYYXYxyXYYXyyx,3,4338 41292 77914,501,18
ac19_3566,YYXXXYxx,YYYxxyXXX,3,4358 37572 85230,501,17
ac19_3596,YXyXXyx,YYYXyxxxxxyX,1,4395,501,16
ac19_3597,YXYXyx,YYXYxyXXXyXYxYx,3,4396 123146 149089,501,17
ac19_3615,YXyXXyx,YYYxxYXyxyyx,7,4416 41245 57024 70086 103147 103763 116237,501,16
ac19_3620,YXXYx,YYXyyXXyxYxyxx,1,4423,501,15
ac19_3631,YXXYx,YYXYxxyXYXXyyx,1,4436,501,15
ac19_3654,YYXXXYX,YYYXyxxyXX,2,4462 138200,501,17
ac19_3661,YXYXyx,YYXyyXXYYxxYX,1,4469,501,17
ac19_3666,YXXXYxx,YYYXXXyxyxyyxx,3,4474 29556 79973,501,18
ac19_3667,YYXXXyxxx,YYYYXXYXYxx,2,4475 126009,501,16
ac19_3676,YXyXYxx,YYYYYYXYYxx,1,4487,501,16
ac19_3678,YXyXXyx,YYXXXyyxxYXyx,2,4489 50819,501,16
ac19_3683,YYXXyx,YXXYxxyXXXXYx,1,4494,501,15
ac19_3696,YYXXyx,YYYXyXXYX,4,4507 4842 49057 118230,501,15
ac19_3697,YXXXyxx,YYXyXYXXyXXX,1,4508,501,16
ac19_3713,YXyXXXyx,YYXyyXyXX,4,4525 31214 116309 130558,501,16
ac19_3732,YXXyXyX,YYXYxyyXXyx,5,4545 34727 127318 133038 149651,501,15
ac19_3741,YXYXyx,YYYYYXXXXXXYxyX,2,4558 25952,501,19
ac19_3764,YYXXXyx,YYXyyxyxxyx,3,4583 112038 129222,501,15
ac19_3782,YYXXXXYX,YYXYxyyXX,3,4601 69866 96745,501,17
ac19_3785,YXyXYxx,YYYYYXYxyX,6,4605 21383 51995 74968 118882 146459,501,16
ac19_3786,YXXyx,YYYYXYXyxxyyyx,3,4607 133042 147209,501,15
ac19_3788,YXYXyx,YYYXXyXXXYx,4,4609 12026 52843 73926,501,17
ac19_3797,YYXXYx,YYYxyXYxyyX,10,4619 17325 27179 30179 60867 85935 119587 127449 129711 144968,501,15
ac19_3807,YXyXXyx,YYYXyxxyxx,4,4629 102028 126014 154318,501,17
ac19_3820,YXXXyxx,YYXyXYxyxYXXyx,4,4643 43409 94866 103456,501,20
ac19_3866,YXXYXXyX,YYxYXyXYXyXyX,1,4693,501,15
ac19_3871,YXXYx,YYYYXXYYxyyXYX,1,4700,501,15
ac19_3874,YXXYXXyxx,YYYXXyXXYX,2,4704 58656,501,19
ac19_3880,YYYXXXX,YYYxyyXyyx,1,4710,501,17
ac19_3882,YXXyx,YYYYXYxyyxyyxx,3,4712 30766 84083,501,12
ac19_3886,YXXyx,YYYYXyyxyXyyXX,2,4716 54717,501,18
ac19_3907,YXYXyx,YYYxYXyXXyXYX,1,4740,501,19
ac19_3942,YXYXyx,YYXyXXyxyxYYx,2,4781 70128,501,17
ac19_3943,YXXyx,YYYXyyXyyXXYYX,2,4782 95924,501,18
ac19_3950,YYXXyx,YYYYXYxyyXX,4,4793 30803 76361 126217,501,15
ac19_3965,YXYXyx,YYYYxyxYYXyXXyX,1,4809,501,19
ac19_3968,YXXyXyx,YYXXXYxxxyyx,1,4812,501,17
ac19_3973,YXyXXyx,YYXyyXyxyXX,3,4818 23947 50373,501,17
ac19_3983,YYXyxxxyX,YYXXyXXYxyX,1,4829,501,15
ac19_3993,YYXXyxx,YYYXXYxYYYxx,2,4840 148128,501,18
ac19_3995,YXXyXyx,YYYxxxxx,10,4843 23081 36025 62491 62949 66247 66371 91811 121747 128476,501,15
ac19_4003,YYXXXYXX,YYYXyyXYX,3,4851 38575 91195,501,17
ac19_4012,YXYXyx,YYYXyXyXyxx,14,4860 20904 31984 34165 42316 42531 67705 67987 89576 91680 92594 100187 131268 151677,501,15
ac19_4023,YXYXyx,YYYXyXXyXYxYX,1,4874,501,17
ac19_4031,YXXXXYx,YYxyXXXYXyx,2,4883 59412,501,17
ac19_4034,YXYXyx,YYYxyXyXXYXYx,2,4886 10260,501,19
ac19_4039,YXyXXXyx,YYXyXYXyXYxyXyxyx,1,4891,501,19
ac19_4046,YXXYx,YYYXYYXXyyx,5,4899 65296 80056 88567 126030,501,15
ac19_4056,YXYXyx,YYXXYYxYXyXyX,1,4911,501,17
ac19_4076,YYYXXXXyyx,YYYYXXyyxyX,6,4934 22360 55215 61817 74330 143432,501,15
ac19_4077,YXyXXyx,YYYXyyxYxxx,3,4935 108134 137788,501,17
ac19_4091,YXXYx,YYYXYYxyyX,18,4951 6747 21349 24080 30817 31118 32941 71167 86233 94733 94930 95274 100352 104522 111404 139401 147763 152731,501,15
ac19_4099,YXYXyx,YYXYxyyXXyyxYxx,2,4960 16764,501,17
ac19_4100,YXXyx,YYYXYXyyxyxyyxxx,2,4961 148589,501,18
ac19_4108,YXXyx,YYYXyXyXyxyxyxYx,2,4970 69795,501,18
ac19_4117,YXXyx,YYYYYXYxyyyXyyX,2,4980 55790,501,17
ac19_4130,YXYXyx,YYYYYYxyXXXXX,2,4996 150480,501,19
ac19_4144,YYXXXyXX,YYXyXyXYX,1,5011,501,17
ac19_4149,YXXyx,YYYYXyyxxyyyXXX,2,5017 56630,501,17
ac19_4178,YXYXyx,YYXyyxyXXyXYYxx,1,5053,501,17
ac19_4183,YXYXyx,YYYxYXXyXXX,4,5058 52743 79734 105507,501,17
ac19_4185,YXXYxxyx,YYYYxxxyX,2,5060 151196,501,15
ac19_4195,YXXYx,YYYXXyxyxYxyX,1,5071,501,15
ac19_4198,YYXXyx,YXYxyXyXXYxyx,1,5075,501,13
ac19_4227,YXYXyx,YYXXXyXYYxx,10,5108 15397 38293 50119 53227 54779 107039 122203 144359 145005,501,17
ac19_4243,YXXYx,YYXYXYYXyXYxx,2,5125 45696,501,15
ac19_4260,YXXYx,YYYxxYXXXYXyyx,1,5145,501,13
ac19_4277,YXYXyx,YYYXyXyXyxxxx,2,5168 97665,501,19
ac19_4280,YXYXyx,YYYxxYXyxyXyyXX,1,5171,501,19
ac19_4308,YXXYx,YYXyXXYXyyxYxx,1,5205,501,15
ac19_4342,YXXYxYxx,YYxyXYxyX,18,5248 9057 9341 15524 19778 37241 37936 48035 53863 68062 75201 96670 97230 111548 125479 128277 140403 151448,501,14
ac19_4357,YXYXyx,YYYXyyXXYxx,3,5266 76575 156635,501,13
ac19_4366,YXXYXXyX,YYXYXyyXX,2,5275 108362,501,17
ac19_4395,YYXXXYX,YYYxyXXXX,17,5311 28048 72117 76722 76755 79269 83660 87541 110760 112223 112246 116556 117375 120151 121153 125494 154229,501,15
ac19_4410,YXYxyx,YYXXyXyyXyx,7,5328 8539 72942 96268 108408 137621 139383,501,15
ac19_4415,YXyXXyx,YYXXXXyyXyxyx,2,5333 129306,501,17
ac19_4430,YXXYXXyX,YYXXyxxYXXXyX,3,5349 75116 154292,501,10
ac19_4432,YXXyx,YYYXyxyXyXyyxxYx,1,5351,501,18
ac19_4433,YXXyXyx,YYYxyXYxxyyX,1,5352,501,14
ac19_4440,YXYXyx,YYYXyyXXyxxYx,1,5359,501,17
ac19_4444,YXYXyxYXyx,YYXXXYxYXyx,13,5365 28068 39499 52108 58805 68695 76767 84228 92452 111422 133785 134632 146554,501,15
ac19_4448,YXXyx,YYYYYXyyXXyyXX,2,5370 15909,501,18
ac19_4453,YXYXyx,YYXXyXXXXYYxx,2,5375 48066,501,19
ac19_4492,YXYXyx,YYxYYxyXyXX,4,5422 23532 30551 124745,501,17
ac19_4496,YXYxxYXyx,YYxxYYxxYX,7,5426 22970 29552 59300 70728 73409 151009,501,16
ac19_4533,YXYXXYx,YYxyXXyXYx,1,5466,501,16
ac19_4534,YXYXyx,YYYYXYxyXXyXX,2,5467 127188,501,17
ac19_4546,YXXYx,YYYXYxyXYxyX,22,5480 9238 10279 26220 28756 32942 46789 55137 65248 67836 68647 74286 84561 87653 97235 104494 110043 116408 130614 142642 152114 154812,501,15
ac19_4549,YXXYXXyxx,YYYxxyXXyX,1,5484,501,18
ac19_4564,YXXyx,YYYYYXyyyXXyX,3,5499 27102 143928,501,17
ac19_4585,YXYXyx,YYXXXXyXyxYxx,3,5525 44152 128283,501,17
ac19_4604,YXyXXyx,YYYxxYXXyyyx,6,5545 103935 131877 135977 139208 148995,501,16
ac19_4613,YXYXyx,YYXYxxxyXyXXXYx,1,5554,501,19
ac19_4616,YXXXyxx,YYXyXYxyX,28,5557 8015 16642 17999 19150 20594 27853 35000 47623 50266 56229 62913 70592 79000 82350 83623 90281 98088 121730 122984 125356 127844 130798 136977 149774 149872 151092 156271,501,16
ac19_4627,YXYXyx,YYYYxYXyyXXXX,1,5570,501,19
ac19_4632,YXYXyx,YYXYYxYxyXXXX,1,5575,501,19
ac19_4651,YXXyx,YYYYXyyyxxxxx,2,5597 12689,501,18
ac19_4669,YYXXYx,YYYXyXyyxyx,2,5617 77458,501,11
ac19_4671,YXyXXyX,YYXXyxxyxYXyx,1,5619,501,17
ac19_4673,YXXYx,YYYXyxYXYYXyyx,2,5622 45011,501,18
ac19_4678,YXYXyx,YYYYxyyyXXyxx,1,5629,501,17
ac19_4680,YXXYxYxxx,YYXXyXyxyx,2,5631 67852,501,16
ac19_4683,YYXXXyxYX,YYXXYYXXyX,4,5635 10584 54979 111512,501,16
ac19_4692,YXYXyx,YYXYxyyXyyXXYxx,1,5644,501,17
ac19_4704,YXYXyx,YYYYYxyXXXyXX,2,5657 131594,501,19
ac19_4709,YYYXXXXyx,YXXXyXYxxx,14,5664 10610 21767 40111 50422 52557 63408 93378 105941 121690 122125 126848 128768 142073,501,16
ac19_4710,YXyXXXyx,YYXyxxxyXYx,1,5666,501,17
ac19_4719,YXXyx,YYYYXyxyyyxYXyxxYX,2,5676 96851,501,17
ac19_4725,YXXYx,YYXyyXYXYXYxx,3,5686 110769 148932,501,15
ac19_4727,YYXXyxx,YYXYYxxxxyXX,1,5688,501,18
ac19_4740,YXXYxxyxx,YYxxyXYXyx,1,5702,501,15
ac19_4743,YYXXXXXyxyxxx,YXXXXXyXXXYxx,1,5705,501,18
ac19_4756,YXyXXXyx,YYYXyxYxyXXyxyX,1,5719,501,19
ac19_4762,YYXXXXYX,YYXyyxYxyyx,1,5725,501,19
ac19_4764,YXYXyx,YYXyyXyyxxYxxYX,2,5727 52793,501,19
ac19_4775,YXXXYxx,YYYYXXYYYXX,1,5739,501,18
ac19_4776,YXXyXYx,YYxxyXYXXXX,9,5740 16126 29693 37594 46362 78286 91003 91995 136166,501,15
ac19_4782,YXyXXyx,YYYXyyxxxx,2,5747 73949,501,17
ac19_4802,YXXX,YYYXYYXyXyyyX,1,5770,501,17
ac19_4820,YXXyxYXXyxx,YYXyXXXXYxxyXXXX,3,5789 6598 93067,501,17
ac19_4825,YXYXyx,YYYXXXXXYxx,5,5796 17958 19284 21159 79806,501,17
ac19_4829,YXYXyx,YYXyXyXXyxxYxyx,2,5800 19381,501,17
ac19_4838,YXYXyx,YYXXyXXYYxx,4,5816 16457 52608 143848,501,17
ac19_4839,YXYXyx,YYYXXyXyxxx,5,5817 26882 75666 114523 155121,501,15
ac19_4850,YYXXYXXYx,YYXXYxyXyx,9,5828 10866 20091 56796 67568 84190 85822 133482 156364,501,15
ac19_4854,YXXyx,YYYXyyXyXyXXXXX,2,5835 69429,501,20
ac19_4862,YXYXyx,YYXyyXyxxxx,4,5850 62253 139148 143010,501,17
ac19_4871,YXXYxxyx,YYxYYxxxyXX,1,5859,501,17
ac19_4872,YXXyXYx,YYXXXYXyx,18,5860 7801 10122 14708 20840 21298 22090 41983 42960 61169 91132 91198 91239 98513 108865 120184 148189 154581,501,15
ac19_4894,YXXyXyx,YYXyxxyXX,4,5887 48578 67603 142133,501,15
ac19_4900,YXXYx,YYXyxyxYYXXyx,1,5893,501,15
ac19_4906,YXyXXyx,YYYYxyxyx,8,5899 13530 48990 56647 87497 111104 114789 142634,501,16
ac19_4914,YXyxYXXyx,YYXyXyxYXX,11,5912 17557 22731 72401 106051 123322 125908 130409 143151 149661 156544,501,15
ac19_4915,YXYXyx,YYXXXyyxyxYxx,2,5913 88135,501,17
ac19_4926,YXYXyx,YYYYXXXXyxxyx,1,5925,501,15
ac19_4937,YXXyXYx,YYXXXyxYX,7,5938 40959 73206 97394 98785 105792 113894,501,15
ac19_4944,YXXYxxyX,YYXXyXYYx,3,5945 37410 104626,501,15
ac19_4952,YXYXyx,YYXXXyxyXyyxYYx,1,5953,501,17
ac19_4957,YXXyx,YYYXyyxyxxxxYx,2,5958 87892,501,19
ac19_4959,YXYXyx,YYXyXyyxYxx,7,5961 15632 26811 28008 45269 60851 147269,501,17
ac19_4974,YYXXYYxyX,YYXXYYXXYx,2,5978 104629,501,16
ac19_4978,YXYXyx,YYxYXyyXXYx,7,5982 12408 74676 115973 128369 143309 145343,501,17
ac19_4981,YXXyx,YYYYYXyyyXyyyX,1,5986,501,17
ac19_4984,YXYXyx,YYxYXyyXyxx,9,5990 18960 57450 67805 84962 90789 116504 129212 149400,501,15
ac19_4994,YXYXYXXX,YYYXyXXyx,2,6001 100105,501,17
ac19_4995,YXYXyx,YYYxYxyyXXXYxyX,2,6003 137641,501,19
ac19_5016,YXXXYxx,YYXYXYYXXyyxx,3,6026 70622 102578,501,18
ac19_5027,YYXYYXXYx,YYXXXYxyx,5,6038 39186 54614 74703 137284,501,18
ac19_5031,YXXYx,YYXYxxxYYXXyyX,1,6042,501,16
ac19_5036,YXYXyx,YYXXyXyyxyxxx,2,6047 32216,501,19
ac19_5076,YXXyx,YYYYXyXyxyyyX,3,6094 66692 68054,501,16
ac19_5087,YXXyx,YYYYXyXyxyyyxxxx,1,6105,501,19
ac19_5093,YXyXXyx,YYYYxxYxxyyx,1,6112,501,13
ac19_5105,YXYXyx,YYXyXyXXYxx,11,6129 13399 17947 42476 47567 53325 73914 85719 138380 139081 147754,501,15
ac19_5109,YXYXyx,YYXyXyXXYxxYX,1,6134,501,17
ac19_5129,YXYXyx,YYxYxyXXyXYYxyX,1,6158,501,17
ac19_5130,YXYXyx,YYXyXXyyxxxYxYX,1,6161,501,19
ac19_5159,YYXXXXX,YXyXXYxyXYx,2,6200 125605,501,15
ac19_5161,YXXyx,YYYXYxYXyyXyyXXX,2,6202 103446,501,18
ac19_5174,YXXyXYx,YYXXXYXXyxx,9,6219 24601 48048 59775 60898 74665 98782 116201 154679,501,15
ac19_5181,YXYXyx,YYXXXyyxYxyxx,1,6227,501,17
ac19_5195,YXYXyx,YYYYxyXXyyX,9,6242 8007 49626 61597 67435 124843 125063 137380 141721,501,15
ac19_5196,YXYxxyXyx,YYXXyyxYXXyXyx,1,6243,501,19
ac19_5202,YXYXyx,YYXyyXyyxxxyx,2,6252 86454,501,17
ac19_5203,YXYXyx,YYYXXYXXXyyxx,1,6255,501,15
ac19_5215,YYXXXXyx,YXXXXXXXXYx,4,6268 12362 96486 151465,501,15
ac19_5221,YXXXyXYx,YXYXyxyXXYx,1,6274,501,15
ac19_5230,YXXyXyx,YYxxYYxxyx,2,6286 107895,501,16
ac19_5231,YXXX,YYYYXYXyXyyxyyx,1,6287,501,17
ac19_5248,YXYXyx,YYYYxYxyXXXyX,2,6304 54978,501,19
ac19_5250,YXXyXyx,YYxyXYxyxx,2,6307 41705,501,14
ac19_5262,YXXYx,YYYxyxyyXYXyyx,1,6322,501,18
ac19_5263,YYYXXXX,YYYxyXXYXyyx,1,6323,501,19
ac19_5273,YXXyXyxx,YYYYxYxxx,14,6337 13396 13673 84905 88539 89702 90327 92043 96458 97552 98693 115322 128342 139637,501,15
ac19_5290,YXXXyxxYx,YYYYxxYXXX,1,6355,501,18
ac19_5303,YXYXyx,YYYYXyxyXXXXYYx,2,6371 24930,501,19
ac19_5307,YYXXXXYX,YYXXyyxxyxx,2,6375 36815,501,15
ac19_5313,YXYXyx,YYXYYxyyXXyyxYx,1,6383,501,17
ac19_5327,YXYXyx,YYYYxyxYXyXyyXX,2,6398 105754,501,19
ac19_5339,YXXYx,YYYXYYXXyyxyyx,1,6415,501,18
ac19_5367,YXYXyx,YYYXXXYXyXXYx,1,6450,501,17
ac19_5371,YXyxYXXyx,YYXyxYXyxxyyx,9,6455 24010 36463 37111 45635 116445 136466 143265 149702,501,14
ac19_5375,YXYXyx,YYYYYxyXyXXYXyX,1,6459,501,19
ac19_5378,YXyXXXyx,YYYxyXXXyxYxyyx,1,6463,501,17
ac19_5382,YXYxyx,YYXyXXyXyxx,11,6469 36944 53709 62692 64778 75257 78479 80419 112807 117957 149359,501,15
ac19_5398,YXYXyx,YYXYYXyXyXXYx,3,6486 102104 122457,501,17
ac19_5418,YXYXyx,YYYXyXXyXXyxYxx,1,6507,501,19
ac19_5437,YXYXyx,YYXyXyXXXYxYxyx,1,6527,501,17
ac19_5440,YXyXXyx,YYYXyxYxxyyx,7,6530 18333 19175 38151 78717 84202 86741,501,16
ac19_5443,YXXyx,YYYYXXYxyxyyyxx,2,6533 51856,501,18
ac19_5453,YXYxyx,YYXyxYxYYxx,9,6545 14278 14546 15006 62931 96970 98379 114381 141863,501,15
ac19_5468,YYXXYxYXyyx,YYYXyyxYYXyyx,4,6561 34183 75263 84477,501,14
ac19_5478,YYYXXXyxx,YYYXYXXXYxx,2,6571 55749,501,16
ac19_5489,YXYXyx,YYYxxYYXyxyyXyX,2,6583 46905,501,19
ac19_5492,YYXXXyx,YYYXYxxyyXyX,2,6586 56167,501,15
ac19_5513,YXYXyxYXyx,YYXyxYXyyxx,16,6613 46495 50396 62924 68757 88150 93386 101185 108434 108526 115961 121810 124338 143313 145399 156645,501,15
ac19_5514,YXYXyx,YYXyXXYxyXXYxxx,1,6614,501,17
ac19_5520,YXXyx,YYYYYXyXXyyyXX,2,6621 81562,501,18
ac19_5527,YXXyxYx,YYYYYXXyxxYX,1,6628,501,15
ac19_5535,YXyxYXXyx,YYXXXyxYXyXyyX,1,6638,501,17
ac19_5542,YYXXXYx,YXYxYxYXXXX,4,6647 59366 76816 140184,501,14
ac19_5564,YXYXyx,YYXXXyXyxxx,8,6671 21760 37584 80067 82674 90986 133117 139686,501,15
ac19_5580,YXXyx,YYYYYXyXyxyyyyx,1,6690,501,17
ac19_5588,YXyXXyx,YYXyXYYxyxyx,3,6699 91302 135663,501,16
ac19_5593,YXXyXyx,YYXyxyXXyX,1,6706,501,14
ac19_5596,YXXyx,YYYXyyxyyxxxxx,2,6709 136132,501,19
ac19_5613,YXYXyx,YYXyXyXXYYx,5,6728 48027 96225 110405 144333,501,17
ac19_5622,YXYXyXYxx,YYxxyXYXyX,4,6740 63127 118556 150771,501,14
ac19_5628,YXXyx,YYYYYYXyyxyxxyyx,1,6746,501,19
ac19_5638,YXyXXyx,YYXXXyxxxyx,6,6757 15448 83208 102850 103751 146916,501,16
ac19_5652,YYXXyxx,YYYYXYxyx,13,6774 9007 54541 72955 75269 88713 97845 105559 106513 114577 127485 145935 148401,501,16
ac19_5696,YXYXyx,YYYYXyXXyyxYx,3,6826 32700 108885,501,17
ac19_5702,YXXyx,YYYYXXXyXyyyXXYX,1,6833,501,19
ac19_5705,YXyXXXyx,YYXyXYXXyxxYxxyyX,1,6836,501,19
ac19_5710,YXXyx,YYYYXyyXyyXyXX,2,6841 110445,501,19
ac19_5720,YXXYx,YYXXyyXYYxyx,3,6854 89090 110404,501,13
ac19_5723,YXYXyx,YYXyXXXYxYXYx,2,6858 47299,501,17
ac19_5732,YXYXyx,YYYYxyXyXyyxx,1,6868,501,19
ac19_5754,YXXYxxyX,YXyxYxYXXyX,2,6897 136589,501,15
ac19_5759,YXYXyx,YYXyyXXXYxYxx,2,6902 101408,501,19
ac19_5773,YXXyXYx,YYXYXyXyyxx,1,6919,501,15
ac19_5778,YXYXyx,YYXYxyXXyyXyxxx,2,6925 130512,501,19
ac19_5783,YXYXyx,YYXyXyyXYXYxx,3,6932 80814 121540,501,17
ac19_5788,YXXYx,YYYXXXYXYYxyx,2,6938 71230,501,15
ac19_5792,YXYXyx,YYXyyXXXYxxYX,2,6942 66690,501,17
ac19_5807,YXYXyx,YYYxYxyXXyxyXyX,1,6958,501,19
ac19_5817,YXXyx,YYXYYxyXyyxyxyxx,2,6968 79926,501,19
ac19_5821,YXYXyx,YYYYXyXXXyXYx,1,6973,501,17
ac19_5822,YXyXXyx,YYYYxyXXyyxx,1,6974,501,17
ac19_5842,YXYXyx,YYXXYXyXyyxYx,1,7000,501,15
ac19_5849,YXYXyx,YYXYxxyyXXXyxxx,1,7008,501,17
ac19_5852,YXYXyx,YYXXXYYxYXXyX,1,7013,501,15
ac19_5865,YXYXyx,YYYXXXYYXXXYx,1,7033,501,15
ac19_5879,YXYXYx,YYYXyyyXyxYYXXYxYYx,1,7052,501,19
ac19_5880,YXYXXYx,YYXXyxYxyX,2,7055 111569,501,16
ac19_5894,YXXX,YYYYYXyXyxyyX,1,7070,501,17
ac19_5899,YXXYx,YYYxyXXyxyyx,2,7075 42122,501,15
ac19_5900,YXYxyx,YYYxYxxYYYxyx,1,7076,501,15
ac19_5901,YXYXyx,YYYXyXXyyyxYx,2,7078 97525,501,19
ac19_5912,YXXyXYx,YYXXyxYXXXyxyxx,1,7090,501,20
ac19_5927,YYXXXyxx,YYxYXXXXX,8,7111 15670 62662 64802 83712 89743 111983 133395,501,17
ac19_5929,YXYXyx,YYXyXyyXyxxxx,1,7113,501,19
ac19_5932,YXXyx,YYYYXXXyXyyyXyXX,1,7116,501,19
ac19_5947,YXyXXyx,YYXXXXyyxxx,2,7133 98312,501,17
ac19_5977,YXyXXyx,YYXyXYxYXyxxyyX,2,7171 142069,501,17
ac19_5979,YXYXyx,YYYYxxYXyyyXX,2,7173 108519,501,19
ac19_5981,YXXYxxyX,YYYXXyxyx,3,7175 109187 150481,501,14
ac19_5986,YXYXyx,YYXXXyXyyxYxxyx,1,7184,501,19
ac19_6022,YXYXyx,YYXYYxxYXyyXX,2,7235 19490,501,17
ac19_6034,YXXYx,YYYXYXXyxyXYxx,1,7250,501,15
ac19_6035,YXXyxYXXyxx,YYXyXXXYxxyXXXXX,3,7251 84335 113384,501,17
ac19_6046,YXyXYxx,YYYXYXyyxYxx,1,7267,501,15
ac19_6057,YYXXXyXYX,YYXyxYXXyX,1,7282,501,16
ac19_6059,YXYXyx,YYYYXyyyXXyxx,1,7285,501,17
ac19_6106,YXYXyx,YYYYYYXyXXyXX,2,7343 133183,501,19
ac19_6118,YXXyx,YYYXyXyXyXXXXYX,2,7356 131290,501,20
ac19_6138,YYXXXYxYx,YYxxxyXXX,2,7383 61740,501,15
ac19_6142,YXYXyx,YYYXyXXyxxx,8,7387 12561 15357 64023 64741 97947 126939 147675,501,15
ac19_6145,YXXX,YYYYYXyyxyyyx,3,7390 147250 155018,501,17
ac19_6147,YXXXyxx,YYXyXYxyXXX,6,7392 41252 45459 46418 71411 104446,501,16
ac19_6149,YXYXyx,YYxYYxYXyxyXXyX,2,7394 30348,501,19
ac19_6193,YXYXyx,YYXXXyXXyxYxx,3,7444 113796 135533,501,15
ac19_6195,YYXXYXX,YXyXXXyxYxYx,3,7447 28176 56685,501,16
ac19_6208,YXYXyx,YYYXyXXXYYYXX,1,7462,501,17
ac19_6216,YXXyx,YYYXyyXyxyXXXXX,2,7473 131838,501,19
ac19_6220,YXYXyx,YYYYXyyyyXyxx,1,7477,501,19
ac19_6243,YYXXYYxyX,YYYxYXYXXX,1,7505,501,15
ac19_6253,YXYXyx,YYXyXXXYxYxyx,4,7518 49385 64917 119033,501,15
ac19_6254,YXXYxxyx,YYXXXXXyyxyxx,1,7521,501,16
ac19_6262,YXYXyx,YYYXXyXyXYxxx,1,7530,501,17
ac19_6267,YXXyx,YYYXyXyXyyxxxxYYx,1,7536,501,19
ac19_6276,YXYXyx,YYXYxYxxyXXyX,2,7546 140114,501,17
ac19_6292,YXYXyx,YYYXyXXyyxxYX,1,7567,501,15
ac19_6304,YXXYx,YYXYxyXYYXyx,6,7582 32573 35464 70115 133320 140609,501,15
ac19_6315,YYXXyx,YXyXXXYxxxxyx,1,7594,501,13
ac19_6319,YXYXyx,YYYXXyxyXXXYYxx,2,7599 38515,501,19
ac19_6324,YXyXXyx,YYXYxyXYXyyXyxyx,2,7604 132380,501,17
ac19_6337,YXXyx,YYYYXYXyXyyyXX,2,7618 87429,501,18
ac19_6342,YXXyXyX,YYxxxyXYxxyX,1,7623,501,17
ac19_6349,YXYXyx,YYXyXyXYYxx,10,7631 17962 91432 98994 99274 103816 105576 108844 122055 122056,501,15
ac19_6364,YXXYXXXYx,YYXXXXyxxx,2,7650 53789,501,17
ac19_6365,YXYxyx,YYXyxxxYYxx,4,7652 51052 71840 122071,501,15
ac19_6370,YXYXyx,YYYXyxyXXyyxx,1,7657,501,17
ac19_6373,YXXyx,YYYYXyyyxyyXXXX,1,7660,501,19
ac19_6381,YYXXYXyyx,YYxyXYXXX,3,7669 40173 85906,501,17
ac19_6385,YYXXyxx,YYXYYXXYxyx,12,7674 17673 31725 33066 38915 60432 62577 65376 94772 106865 123286 127507,501,16
ac19_6387,YXyXXXyx,YYXXyxYxxyxyX,2,7678 26124,501,17
ac19_6428,YXYXyx,YYYxxxYXXyxyXXX,1,7725,501,19
ac19_6468,YXYXyx,YYYxYYxyyXXyX,2,7772 9157,501,19
ac19_6472,YXXyx,YYYYXyxyyyXyXX,4,7778 57070 132360 134073,501,18
ac19_6482,YXXyxYx,YYYYxyXXYxx,1,7790,501,16
ac19_6492,YXyXXXyx,YYxyxYXXXyxyx,9,7804 11687 48474 50687 59878 60729 77478 120940 132750,501,15
ac19_6496,YXYXyx,YYXyXXXXXyxYxxx,1,7808,501,17
ac19_6501,YXXyx,YYYYXyyyyXyyxYxx,1,7813,501,18
ac19_6512,YXyxYXXyx,YYXyXyXYXYXyx,1,7829,501,17
ac19_6513,YXyXXyx,YYYxxYXyyxx,5,7830 20204 21146 93726 122595,501,16
ac19_6517,YXYXyx,YYXYxyXXXyyxxYx,1,7834,501,19
ac19_6520,YXXYXXyx,YYXXYXyyX,4,7838 16011 34649 126954,501,15
ac19_6523,YXYXyx,YYYYYXXyXXXYx,2,7843 38487,501,19
ac19_6525,YXXYx,YYYXyyxYYXyyx,4,7845 21153 134837 139657,501,18
ac19_6540,YXYXXYx,YYYXYxxyXyX,2,7864 100268,501,14
ac19_6541,YXyXXXyx,YYXyxxxyX,9,7865 27540 31007 46934 53830 80545 113079 120369 129041,501,15
ac19_6554,YYXyxYXXyx,YXyxYXyxxyXyx,1,7883,501,18
ac19_6557,YXXXXYx,YYxyXXYXyx,7,7886 23292 47440 56866 75352 75725 141737,501,17
ac19_6571,YXyXXyx,YYYxyxxyXX,3,7903 35378 146111,501,16
ac19_6577,YXYXyx,YYXXXyxyXXyxxYx,1,7909,501,17
ac19_6583,YXYXyx,YYXXyXXXyxxYx,3,7916 10323 12722,501,17
ac19_6588,YXyXXyx,YYxyxxxxYXX,3,7921 78373 154701,501,17
ac19_6606,YYXXXYX,YYXyXYXXyxxx,1,7941,501,15
ac19_6614,YXXyx,YYYXyxyxyxxxYx,1,7950,501,18
ac19_6618,YXXXYxx,YYYXYYYXYX,2,7955 144936,501,17
ac19_6638,YYXXXXXyx,YXXXXyxxxxx,12,7976 38474 51656 64193 79130 85117 94527 99719 119829 141621 142207 145436,501,16
ac19_6648,YYXXyxx,YYYXXYxYxyx,1,7986,501,15
ac19_6649,YXYXyx,YYXyXYXyXXYxx,11,7987 21310 31204 39965 41884 53535 69238 87310 95814 108474 120733,501,15
ac19_6664,YXyXXyx,YYYxxxyXXyyXX,1,8006,501,18
ac19_6665,YXYXyx,YYYXYxyyyXXyyxx,1,8008,501,19
ac19_6678,YYXXyXyxx,YXYxxyXXYxyXX,2,8025 115893,501,19
ac19_6682,YXYXyx,YYXyXXXYXYYxx,1,8031,501,19
ac19_6685,YXYXyx,YYYYxYXyxyyXyXX,1,8035,501,19
ac19_6689,YXXyx,YYYYXyxyyXX,8,8039 50214 51926 82429 97623 99912 107578 120451,501,15
ac19_6692,YXYxyx,YYXXXyyXXyxyx,2,8042 43182,501,15
ac19_6710,YYYXXXX,YYxYXyXXyx,1,8063,501,14
ac19_6717,YXXyx,YYYXYXyyyxyyxxx,2,8070 91998,501,19
ac19_6718,YYXXXYX,YXyXXXYxxx,5,8071 15520 51426 108669 144213,501,16
ac19_6728,YXYXyx,YYXyxyXyXXXYYxx,2,8083 102728,501,19
ac19_6745,YXXyx,YYYYXyyxyyXXXyX,1,8106,501,19
ac19_6749,YXyXXyx,YYxyXXyyxyxYXX,2,8112 149688,501,17
ac19_6750,YXYXyx,YYYXyyXYXXXXYYx,1,8114,501,19
ac19_6758,YXXYXXyx,YYXyXyxYX,3,8125 130606 148060,501,15
ac19_6765,YXYXyx,YYYYxYXyxyXyyXX,2,8138 43727,501,19
ac19_6770,YXXYXXyx,YYxxyXXXX,16,8143 9656 30305 44760 72961 78010 89178 94663 100594 106972 126190 131968 143638 144802 149626 153716,501,13
ac19_6776,YXyXXyx,YYxxyxyXYXXyX,4,8151 36252 145394 148624,501,15
ac19_6786,YXXYx,YYXYXyXYxxyyx,2,8164 82225,501,15
ac19_6789,YXYXyx,YYYxxYxyyXyXX,2,8168 111970,501,19
ac19_6796,YXYXyx,YYXYxxYXXXyyX,2,8176 122280,501,17
ac19_6798,YXXyx,YYYYYXYxyyyXyyxyyX,1,8178,501,19
ac19_6800,YXyxYXXyx,YYXyxYXyyxYxx,8,8180 15230 20429 28521 56094 77268 101174 129352,501,14
ac19_6811,YXyXXyx,YYYXyyxyx,4,8193 34941 52314 64558,501,16
ac19_6814,YXYXyx,YYYxxxYXyXXyX,2,8196 14635,501,19
ac19_6824,YXyXXyx,YYXXXXyxxyx,3,8209 13192 83564,501,16
ac19_6834,YYXXYXXYx,YYxyXyXXYx,1,8220,501,16
ac19_6844,YXYXyx,YYXXXyyxxYXYx,1,8238,501,15
ac19_6845,YXYXyx,YYYYXXyXXXyxx,1,8239,501,15
ac19_6847,YYXXXXYX,YYXXYXyyx,4,8241 60999 84336 133816,501,17
ac19_6865,YXyXXyx,YYXXYxyXXyyxyX,2,8263 77743,501,18
ac19_6917,YXYxyx,YYYXyXXyyXXyxyxYx,1,8325,501,19
ac19_6925,YXYXyx,YYXYxYxYXyyXX,6,8334 20714 39768 87099 110487 114173,501,17
ac19_6939,YYXXXYX,YYYYXXyxyXX,1,8351,501,16
ac19_6964,YXyXXXyx,YYxyxxyXYXyXYxyXX,1,8377,501,19
ac19_6967,YXYXyx,YYYxxYXyxyyXXyX,1,8380,501,19
ac19_6972,YXXYx,YYYXYXXyxYYX,7,8387 11229 62046 64686 69606 107670 143073,501,15
ac19_6980,YXyXXyx,YYxyxyXYXyXYxyX,2,8396 152064,501,11
ac19_6994,YXYXyx,YYXyXXXXyxxYxyx,3,8413 22037 153546,501,17
ac19_6995,YXYXyx,YYXXYXyyXXYYx,1,8414,501,17
ac19_6999,YXyXXyx,YYxyxxxYXyxYX,1,8418,501,16
ac19_7011,YXXYx,YYXyXXyyxYYxx,1,8433,501,15
ac19_7026,YXyXXyx,YYYxyxyyX,6,8450 42412 76202 82145 134124 141383,501,15
ac19_7027,YXXyx,YYYXYYxxxyyyXyXXX,1,8451,501,18
ac19_7037,YYXXXyX,YYXXXXyxyxx,1,8462,501,15
ac19_7048,YXyXXyx,YYYYxxyXyxx,2,8476 28230,501,17
ac19_7049,YXXYx,YYXyXYXYxxyyx,2,8477 106973,501,15
ac19_7053,YXYXyx,YYYXXXXXXYxYxyx,1,8481,501,19
ac19_7065,YXXyxYx,YYYXYxYxxyX,3,8498 92780 125573,501,15
ac19_7071,YXXXyxx,YYXXXXyXYxyX,6,8508 21601 22643 56270 74310 96689,501,16
ac19_7078,YXXXyXXyx,YYXyXXyxyX,4,8517 43493 49681 129230,501,16
ac19_7080,YXXYxxyx,YYxYxYYxxyX,2,8520 83674,501,17
ac19_7100,YYXXyXyxx,YYYXXyXXyx,1,8549,501,15
ac19_7121,YYXXyx,YYXYxYxyyXX,2,8572 59798,501,13
ac19_7129,YXXXyxx,YYXyyXXYYxyX,1,8580,501,16
ac19_7138,YXXYx,YYXYxyxYYXXyX,2,8590 30945,501,15
ac19_7139,YXXYx,YYYYXXYYxyxyyX,1,8592,501,15
ac19_7143,YXXYx,YYYxyyXyyxyyx,2,8596 153748,501,15
ac19_7151,YXyXXXyx,YYXyXYXyyXXXyyX,1,8606,501,19
ac19_7173,YXXYx,YYYYXYxyXXyx,2,8630 145515,501,15
ac19_7175,YXYXyx,YYXYxxyXXXyXYxx,1,8633,501,17
ac19_7199,YXXyx,YYYYXyyXXyyyXX,2,8661 128774,501,18
ac19_7206,YXYXyx,YYXYxYxYXyXXX,1,8672,501,19
ac19_7245,YXXyx,YYYXYxYxyyyXyXX,2,8723 140578,501,17
ac19_7248,YYXXXXX,YXYxYXXyXyx,1,8728,501,15
ac19_7252,YXYXyx,YYYXyXyyyxx,5,8732 28180 108720 116800 139883,501,17
ac19_7255,YXYXyx,YYYXYxyXyyXXYYx,1,8737,501,19
ac19_7284,YYXXXyXX,YXyxYXXXyxx,3,8769 16286 101025,501,17
ac19_7301,YXXYxYxx,YYXyxYXyx,11,8789 11824 13000 22246 61542 62811 72722 74558 115901 119400 121106,501,14
ac19_7302,YXXXXyXyx,YYYxxyxxyX,1,8790,501,18
ac19_7310,YXYXyx,YYXyyXXYxYx,7,8800 48126 82288 114988 130322 153956 154113,501,15
ac19_7315,YYYXXXYXX,YYxYXXXXX,3,8807 88467 89121,501,15
ac19_7319,YXYXyx,YYXYxyXXyXXyxYxxx,1,8814,501,19
ac19_7335,YXYXyx,YYYYXXXXX,6,8832 58143 93072 114893 123312 142466,501,15
ac19_7344,YXXYx,YYXYYXyXXYxyx,3,8841 39863 117165,501,15
ac19_7354,YXXyx,YYYYXYXyXyyyXXX,1,8853,501,19
ac19_7362,YXXYXXyX,YYXyxYXyyxx,1,8864,501,13
ac19_7405,YXYXyx,YYYYxyXXXyX,5,8920 9801 105207 131579 151865,501,17
ac19_7409,YXYXyx,YYXYxxxYXXyyX,2,8925 143757,501,17
ac19_7417,YXXyXYx,YYxyxyXYXyX,3,8934 17281 110044,501,15
ac19_7423,YXyXXyx,YYYxyxyxYXyxYxx,1,8943,501,18
ac19_7427,YXYXyx,YYXyXXyyxYXyxYx,1,8948,501,17
ac19_7435,YXXyXyX,YYYXyxyyx,17,8957 11033 16997 23859 34938 48999 56045 70585 75037 77997 86756 87652 101973 132721 135907 150151 151954,501,16
ac19_7436,YXyXXyx,YYxYxxYXyxxyxyXYX,1,8958,501,19
ac19_7437,YXXyx,YYYYYXyXyXyyXXX,2,8960 125010,501,18
ac19_7438,YXXYx,YYYXYXyyyx,9,8961 25849 30755 33688 71192 95836 111737 138795 155665,501,15
ac19_7440,YYXXXXXXX,YXXXyXXYx,3,8963 29069 74071,501,15
ac19_7441,YXYXyx,YYYYxxyyXyXXX,1,8964,501,19
ac19_7453,YXYXyx,YYYXXXXyyxxYx,2,8978 22511,501,19
ac19_7460,YXYXYx,YYXyyXYxxYXyx,1,8989,501,17
ac19_7488,YXXXXYxxxxyx,YYxxxxyXXXYxx,4,9028 39238 68426 91258,501,15
ac19_7491,YXXyxYx,YYYXYYxxyxyX,1,9031,501,15
ac19_7492,YXXyx,YYXYYXyyxyXyyXXX,2,9032 116960,501,18
ac19_7496,YYXXXXXXyxx,YXXXXXyxxxxxx,6,9038 20712 53634 83503 141360 142104,501,18
ac19_7500,YXYXyx,YYXXXyyXyxYYx,4,9044 19119 54555 77313,501,15
ac19_7522,YXXYx,YYYxyXYXyyx,6,9073 49497 73942 100717 135653 137856,501,13
ac19_7540,YXYXyx,YYxYXyyXXYXYx,3,9095 22294 133269,501,19
ac19_7541,YYXXXYxx,YXYxxxyXX,12,9096 22211 57455 60605 61903 74578 93896 111464 113203 114502 115774 148642,501,17
ac19_7545,YXYXyx,YYXYxxyXyXXXXYx,1,9103,501,19
ac19_7555,YYXXXyyxx,YYXyyXXXyx,1,9113,501,19
ac19_7567,YXYXyx,YYYYXYYXXXXXX,2,9127 110815,501,19
ac19_7572,YXyXXyx,YYYYxxxxyx,1,9132,501,17
ac19_7579,YXyXXXyX,YYxYxxyxyxx,1,9140,501,17
ac19_7594,YXYXyxYXyx,YYYXXyxYXXX,8,9158 30751 68172 81770 90990 97993 119551 123249,501,17
ac19_7597,YXXYx,YYYYYXXYYXYXyx,1,9161,501,15
ac19_7611,YXyXXyx,YYYxyxYXYxyxyXyyX,2,9176 124897,501,17
ac19_7633,YXYXyx,YYYxyyXyXXyxx,1,9200,501,17
ac19_7651,YXyXXyx,YYXYxxyXyyx,6,9223 43898 95408 98945 112625 130732,501,16
ac19_7654,YXXyx,YYYYXyXyxyXyXXYX,1,9229,501,18
ac19_7665,YXYXXXX,YYYYXXXyyyx,2,9244 69983,501,16
ac19_7671,YXYXyx,YYXYxyXXyyXYxYXYx,3,9254 15503 22948,501,17
ac19_7684,YXXyx,YYXYYxyyXyXXXX,2,9267 124526,501,19
ac19_7706,YXXYx,YYYXYXYXyyxx,3,9294 20048 52345,501,15
ac19_7718,YYXXyXyxyx,YXXyXyxxxyX,6,9309 34107 43792 87770 103748 140464,501,15
ac19_7726,YXXyx,YYYXyXyxyXyXXYYx,2,9317 117210,501,17
ac19_7730,YYYXXXYYX,YYYXXXXYx,2,9321 22181,501,15
ac19_7744,YXXyx,YYYYXyyyyXXXYX,1,9342,501,19
ac19_7745,YXXYxxyx,YYxYxYxxyXX,2,9343 153219,501,17
ac19_7750,YXYXyx,YYXXyXyyxxxYx,2,9350 37128,501,19
ac19_7752,YXYxyx,YYXyXXXYxxyyx,1,9352,501,15
ac19_7753,YXXyx,YYXYxyXyyXXXXXYX,2,9353 140397,501,20
ac19_7760,YXYXyx,YYXYYXXXyyXYx,1,9360,501,15
ac19_7769,YXXyx,YYYYXYXyyxyyxx,3,9370 29773 64603,501,17
ac19_7774,YXXXyxYx,YYXyXYxYX,3,9375 100997 123831,501,15
ac19_7781,YXYXyx,YYYxyXXXyXYxx,3,9385 29124 104488,501,17
ac19_7788,YXYXyx,YYXXyXyyxYxxxyx,1,9395,501,19
ac19_7792,YXXyx,YYYXyXyXyyXXYYX,2,9399 25502,501,18
ac19_7798,YXXyXyxx,YYYxYXyxx,3,9406 28737 35477,501,15
ac19_7801,YXYXyx,YYYxYYXXyxyyXXX,2,9409 115696,501,19
ac19_7802,YXYXyx,YYYYxyxYXyXXXyX,1,9410,501,19
ac19_7811,YXYXyx,YYXyXyyxyxYxx,1,9422,501,19
ac19_7817,YXYxyx,YYYXXyxxxYx,2,9429 141351,501,15
ac19_7838,YXYXyx,YYYXyyXyxxx,4,9457 51367 53242 131208,501,17
ac19_7846,YXyXXyx,YYXXyxYxyxyXX,3,9466 21352 49180,501,16
ac19_7849,YXXyx,YYYYYXyyyyXX,5,9469 46949 69473 85175 118372,501,13
ac19_7859,YXYXyx,YYYXXXXXXYxYx,1,9482,501,19
ac19_7861,YXXXyXyX,YYxxyxYxyxx,1,9485,501,15
ac19_7866,YYXXXXYX,YYYxyyXXX,3,9490 32830 110293,501,16
ac19_7886,YXyXXyx,YYXyXYXyyxx,9,9516 26026 59414 71169 73855 79606 84191 105748 115922,501,16
ac19_7890,YXXyx,YYYXyXyyXyXXXX,2,9520 97339,501,19
ac19_7892,YXyXXyx,YYYXyxxYxyx,4,9523 28043 62616 126636,501,15
ac19_7899,YXyXXyx,YYYXyxYxxxyxx,1,9530,501,18
ac19_7900,YXXX,YYYYXyXYXyyxyyx,1,9531,501,17
ac19_7906,YYXXyx,YYYYYYXyyXX,3,9537 103497 114142,501,15
ac19_7921,YXyXXyx,YYxxyxyXYxyXX,1,9553,501,16
ac19_7946,YXYXyx,YYYXyyXyyxx,10,9582 23055 44837 53091 79886 86587 87682 114878 138915 154789,501,17
ac19_7948,YXXYx,YYYXXyyyxyx,5,9584 42472 46078 50239 127198,501,15
ac19_7956,YXYXyx,YYXYxxYYXXXyX,1,9593,501,17
ac19_7964,YXXYxxyX,YYXYYXXyX,3,9601 44386 98930,501,17
ac19_7976,YXyXXyx,YYXyxxxyXXX,6,9616 51798 66117 89515 132748 149864,501,17
ac19_7978,YXXyXyxx,YYYXXyyxx,2,9619 124166,501,15
ac19_7993,YXYXyx,YYXXXXyyxxx,4,9637 41261 59569 134933,501,17
ac19_7994,YXyXXyx,YYYxyxyxYXyx,1,9638,501,15
ac19_8006,YXYXyx,YYYYxyXyXXyyx,2,9651 40846,501,17
ac19_8030,YXXYxxyx,YXYxYxxYxyx,1,9680,501,17
ac19_8048,YXyXXXyx,YYXXyXYxxyxyx,2,9706 52075,501,19
ac19_8051,YYYXXXXyX,YYXXXXXyxx,2,9709 33651,501,15
ac19_8053,YXXyx,YYYXyXyxyXyXXXYYX,1,9712,501,18
ac19_8064,YXXyx,YYYYYXyyyXyXXyyX,2,9726 121596,501,19
ac19_8065,YXXyx,YYYYXyXyyyxyxx,2,9727 104119,501,18
ac19_8079,YXYXyx,YYYXyyyXXYYYx,1,9742,501,19
ac19_8081,YXYXyx,YYYXyXXXyxxxx,2,9744 146980,501,17
ac19_8088,YXyXXXyx,YYXyXXYxyXyyx,2,9751 18000,501,17
ac19_8099,YXXXXyXYxx,YYXXYXXXXyxyx,2,9765 81324,501,17
ac19_8100,YXYXyx,YYXXyXXXYxx,7,9766 28616 45300 58467 91240 99568 150072,501,17
ac19_8116,YXXyx,YYYYYYXyxyyyyx,5,9789 122369 131649 136917 148824,501,17
ac19_8120,YXXyxYXXyxx,YYXyXXYXXyXXX,3,9795 35252 79328,501,17
ac19_8125,YXyXXXyx,YYXXyXXYxyxyx,2,9803 134553,501,17
ac19_8130,YXYxyx,YYXXyXXyxxx,3,9808 126114 150087,501,15
ac19_8139,YXYXyx,YYYYYxYXyyXXX,2,9818 67075,501,19
ac19_8142,YXXXYxx,YYYXYXXXyxx,1,9822,501,14
ac19_8151,YXyXXyx,YYXyxyxYYxx,6,9834 17268 27360 39243 56319 81825,501,16
ac19_8167,YXYXyx,YYXXyyXXYXYxx,2,9853 112831,501,19
ac19_8168,YXYXyx,YYXYxxYYXyXyX,2,9854 97085,501,17
ac19_8173,YXXyx,YYYYXyyxxyyyyXYX,1,9859,501,17
ac19_8203,YXYxyx,YYYXyXXyXyxyx,2,9894 91492,501,15
ac19_8222,YYXXXyx,YXYXXXyXXYx,2,9918 68170,501,15
ac19_8223,YXYXyx,YYXXyXXXyxxYxxx,1,9919,501,19
ac19_8226,YXyXXyx,YYXyxyXyyXX,2,9922 87790,501,18
ac19_8232,YXYXyx,YYYXyXXyyxYxx,4,9931 107775 117948 133140,501,17
ac19_8245,YXyXXyx,YYYxxyyXyXX,2,9947 32599,501,17
ac19_8252,YXYXyx,YYXyXYxxxYXXXyX,7,9955 14811 60616 63027 70832 112308 126476,501,17
ac19_8254,YXXyx,YYYXYYXyXyXyyXX,2,9958 80726,501,17
ac19_8263,YYXXYYXXX,YXXXXyxYxx,1,9968,501,19
ac19_8266,YXXXyxx,YYXyXYXXyX,10,9972 19674 37386 47024 51726 58108 79817 96826 106150 117929,501,16
ac19_8267,YXYXyx,YYXXXyXyyXYxYYx,2,9975 15225,501,19
ac19_8274,YXYxyx,YYYXyXXyyyx,3,9982 71506 95145,501,15
ac19_8294,YXYXyx,YYYYYxyyxyXXyXX,2,10005 53300,501,19
ac19_8300,YXYXyx,YYYxyXXyyXXYx,2,10013 120383,501,19
ac19_8306,YXXYx,YYYXYYXXyxYX,8,10021 21736 46989 95802 108472 130935 136547 136806,501,15
ac19_8310,YYXXXyxx,YYXYYXXyxxYXX,2,10026 71727,501,17
ac19_8321,YXYXyx,YYXXXXyXyxxYx,2,10040 113500,501,17
ac19_8331,YXYXyx,YYYxYXyyyXX,4,10054 15017 51760 82052,501,17
ac19_8356,YXYXyx,YYYXyyXXXXYYx,2,10083 95250,501,19
ac19_8389,YXYXyx,YYXXXyyXYYx,8,10121 37359 68720 69424 93841 96580 101281 146165,501,15
ac19_8399,YXXYx,YYYYXXyxYYX,5,10135 37927 69525 75123 130875,501,15
ac19_8412,YYXXyxx,YYXYxxYXyx,8,10155 19097 28273 35139 36106 74550 79240 134703,501,16
ac19_8416,YXXyx,YYYYXyxyXyXXXX,2,10159 18389,501,15
ac19_8428,YXYXyx,YYYXyyXXyXYYx,2,10176 86407,501,19
ac19_8457,YYXXyxx,YYYYXYYXyx,8,10210 25231 31932 34319 58176 58899 143625 153672,501,17
ac19_8461,YYXXXYX,YYxyXYxxyXXX,1,10215,501,15
ac19_8470,YYXXYXyxx,YYxyXXYxYX,1,10226,501,16
ac19_8484,YYXXXyx,YYXYYXyyX,8,10243 12181 52431 73385 74306 82956 84473 135411,501,15
ac19_8485,YXyXXyx,YYYxyXXyyxx,10,10244 16024 28821 40560 75225 79933 96770 110746 129609 138215,501,11
ac19_8502,YXYXyx,YYXYxYYXyXXXX,2,10267 49253,501,19
ac19_8507,YXXyx,YYYYYYXyyyXyyX,2,10274 38018,501,17
ac19_8520,YXXyx,YYYXyyXyyXYXYX,2,10291 28666,501,17
ac19_8538,YXXyx,YYYXYYxyxyyyXXX,2,10315 134134,501,18
ac19_8542,YXXYx,YYXyxxxyxYXyyX,1,10325,501,15
ac19_8579,YXYXyx,YYYxYxyXyXXYxyX,1,10369,501,17
ac19_8591,YXyXXXyx,YYYxyXXyxyx,2,10386 68600,501,19
ac19_8593,YXYXyx,YYXYYxYXyyXXX,2,10390 128289,501,19
ac19_8599,YXYXyx,YYXyXyyxYXyxx,2,10397 27874,501,15
ac19_8618,YYXXyx,YXyXXYXXYxx,2,10420 150187,501,15
ac19_8625,YXYXyx,YYXYxyXyXXXyxxx,2,10431 65494,501,17
ac19_8634,YXXyx,YYYYXyyyXyxyXXX,2,10442 151079,501,17
ac19_8666,YXYXyx,YYXYxyXyyXyxxYx,2,10482 146403,501,17
ac19_8679,YXYXyx,YYYxxYYXyxyyXXX,2,10497 106395,501,19
ac19_8683,YXYXyx,YYXXyXyxxyxYx,2,10501 107644,501,17
ac19_8690,YYXXyx,YYXYxYXXX,16,10510 16028 31036 33946 35741 46165 59183 60479 101831 112949 115628 128900 130066 136933 137428 139632,501,15
ac19_8693,YXYXyx,YYXyXyXyxxxyx,3,10513 37687 96990,501,17
ac19_8697,YXXyxYx,YYYYXYxYxxyX,1,10517,501,16
ac19_8700,YXYXyx,YYXYxyXyXyXyxxx,2,10521 87784,501,19
ac19_8705,YXYXyx,YYYxYXyyXXyyx,1,10526,501,17
ac19_8709,YXXYx,YYYYXYYXXyxyyx,2,10533 26155,501,18
ac19_8721,YXXYXXyx,YXXXyXXYx,2,10547 66395,501,15
ac19_8763,YXXX,YYYXyxYYXyyxyyX,1,10601,501,19
ac19_8765,YYXXyxx,YYYYXXYxYXYx,7,10603 42962 90655 104597 138303 141369 151823,501,16
ac19_8780,YXXXyxx,YYXXyXXXYXyx,2,10621 20077,501,16
ac19_8784,YXXyXyX,YYYxyxxyxx,2,10625 57011,501,16
ac19_8792,YXXyXyxx,YYXYxxyxYxx,2,10633 12571,501,17
ac19_8797,YXYXyx,YYYXYYxxyyXXX,2,10639 90793,501,17
ac19_8798,YXYXyx,YYYYXyXyXyxxx,2,10640 120715,501,19
ac19_8806,YXXyx,YYYXyyXyXyXYYX,2,10652 148175,501,17
ac19_8818,YXYXyx,YYYXXXyXYXXYx,2,10671 153704,501,17
ac19_8841,YXYXyx,YYYYYxyXyyXXX,1,10701,501,19
ac19_8844,YXXYx,YYYXYXXyXYxxyx,1,10707,501,15
ac19_8849,YYXXXXYX,YYYXXXyyx,2,10714 75568,501,14
ac19_8852,YXYXyx,YYXYxxYXyyXyX,2,10718 17555,501,17
ac19_8855,YXYXyx,YYXXyyxyXyxxx,2,10722 116562,501,17
ac19_8864,YXXX,YYYYxYxyyXyyXyx,1,10731,501,19
ac19_8865,YXXYx,YYYYXYYXXYYXyx,2,10732 140979,501,15
ac19_8867,YYXXXyxx,YYYXyXXyyxx,1,10738,501,15
ac19_8868,YXYXyx,YYXyyXXyxxxxx,2,10739 73859,501,19
ac19_8883,YXyXYxx,YYYXXyXyxyx,1,10760,501,15
ac19_8901,YYYXXyyyx,YYXXXXXyX,3,10783 36312 144508,501,15
ac19_8907,YXYxyx,YYXyXXyyXyxxxYx,1,10789,501,19
ac19_8912,YXYXyx,YYYYYxYXyXXXYxyyX,1,10794,501,19
ac19_8926,YXYXyx,YYXYxxxxyXyXyXX,2,10811 139826,501,19
ac19_8942,YXXX,YYYYXYxyyxyyXyX,2,10833 92666,501,19
ac19_8953,YXYXyx,YYYXXXXXXXYYx,2,10845 26347,501,19
ac19_8958,YXyXXXyx,YYXYxxyXXXyXyyx,1,10851,501,21
ac19_8984,YYYXXXyxx,YYYxxyyXX,3,10882 64277 144237,501,17
ac19_8995,YXXyx,YYYYXyXyXyyyXXX,2,10897 95472,501,18
ac19_8997,YXXyx,YYYYYXyxyyxxyx,3,10900 38041 51322,501,17
ac19_9007,YXXyx,YYYXYYXyyxyyxx,3,10917 32859 121449,501,18
ac19_9015,YXXyx,YYYXyXyyXyxxxxYYx,1,10932,501,20
ac19_9021,YXYXyx,YYXXyXYXXyXYxxx,4,10939 17894 65073 79775,501,17
ac19_9028,YXXyXYx,YYxxyxxyXXX,7,10949 19404 41058 57606 67516 97231 106228,501,14
ac19_9041,YYXYXXXyx,YYYYXyyXyx,1,10965,501,17
ac19_9044,YXyXXyx,YYYXyXYxxxxyx,1,10971,501,16
ac19_9049,YXXyx,YYYXYYXyxyXyyXXX,2,10977 76889,501,18
ac19_9050,YXyXXyx,YYYXyXXXyyyx,1,10978,501,15
ac19_9058,YXXyXYx,YYXXXXyxyxYx,1,10988,501,16
ac19_9065,YXYXyx,YYYXyyXXXYx,5,10999 19797 22006 84614 99500,501,17
ac19_9069,YXXYXXyX,YXXXyXXYx,8,11004 17924 46630 81793 102284 126914 132690 146242,501,17
ac19_9079,YXYXyx,YYXYxxyXyXyXXYx,3,11018 56175 146204,501,19
ac19_9083,YXXYx,YYYYXXyxxYXYX,1,11023,501,15
ac19_9084,YYXXYXYXX,YYYXXyXyxx,1,11024,501,17
ac19_9091,YXXyx,YYYXyyXyyXyXYX,2,11035 98189,501,18
ac19_9115,YXYXyx,YYXXXXyXYxxYx,4,11064 21370 31232 109237,501,17
ac19_9135,YXXYxxyX,YYYXXXYXXyx,2,11086 20187,501,17
ac19_9136,YXXyx,YYYXYXYXyyyXyXX,2,11087 99965,501,18
ac19_9148,YXYXyx,YYXXXyyxxYx,5,11107 63265 101280 118828 147458,501,15
ac19_9149,YXXyXYx,YYxyXXYxyX,1,11108,501,17
ac19_9154,YXXyx,YYYXyXyXyXXXYX,2,11113 123275,501,17
ac19_9163,YXXyXyxx,YYYxxYYXyxx,1,11125,501,17
ac19_9173,YXXyx,YYYYYXyyyxyyyx,2,11139 88028,501,18
ac19_9175,YXXX,YYYxyyXYYXyxyyx,1,11142,501,19
ac19_9176,YXXX,YYYXYYxyxyyyXyX,1,11143,501,17
ac19_9196,YXXXXYxYxx,YXYXXXyxxxx,2,11173 64600,501,16
ac19_9227,YXyXXyx,YYxyxYxxxyxYX,4,11214 88848 105516 110271,501,15
ac19_9234,YXYXyx,YYYYXyXXyxyxx,2,11224 39359,501,17
ac19_9241,YXYXyx,YYxYXyXXyxyxx,2,11234 79397,501,17
ac19_9247,YXXyXyx,YYxyxYYxxx,5,11244 11862 21325 141065 156553,501,17
ac19_9254,YXYXyx,YYYxxyXXX,12,11254 33801 58458 83229 96805 98042 130386 131008 136267 144356 150616 152768,501,13
ac19_9263,YXYXyx,YYYYYxyXyXX,2,11265 91480,501,17
ac19_9268,YXXyx,YYXYYxyyxyxxxxxx,2,11272 113885,501,21
ac19_9271,YXXXyxx,YYXyXYxyxYxyX,4,11275 53831 55559 119422,501,20
ac19_9272,YXYxyx,YYXXXyxyxxYYx,1,11276,501,15
ac19_9279,YXYXyx,YYXyXYXyXYYxx,2,11283 101164,501,17
ac19_9283,YXYXyx,YYXYxYxyyXyXX,2,11289 141606,501,17
ac19_9284,YXYXyx,YYXyxyXXXyXYYxx,2,11290 15818,501,19
ac19_9303,YXYXyx,YYXYxyXXXyyxxxx,2,11311 142328,501,19
ac19_9316,YXXYx,YYYXYYXXyyxx,2,11327 110840,501,15
ac19_9326,YXyXXyx,YYxxxxyxxYX,2,11340 35674,501,18
ac19_9331,YXXyx,YYYYXYXyyyxxyx,3,11345 68370 79998,501,4
ac19_9341,YXYXyx,YYXXXyxyXXYYx,1,11356,501,17
ac19_9349,YXXX,YYYXXyyxYxyyx,2,11366 56056,501,15
ac19_9362,YXXyx,YYYYXyyXyyxxYx,4,11382 94118 107835 138260,501,16
ac19_9396,YXYXyx,YYXyXYYxYYXXX,2,11422 141034,501,15
ac19_9428,YXYXyx,YYXXyxyXyXYYxxx,1,11465,501,17
ac19_9432,YYXXYxyxx,YXXYxxYxx,4,11469 32239 132074 150683,501,15
ac19_9436,YXXXyxx,YYXyXXXYXXyX,2,11474 144695,501,16
ac19_9445,YXYXyx,YYYYYXXyxyXXX,2,11486 55665,501,17
ac19_9452,YXYxyx,YYYYXyyxYxx,3,11496 49060 96384,501,15
ac19_9456,YXyXXyx,YYXYxyxxx,8,11500 14699 25859 102186 109148 132943 134591 151610,501,16
ac19_9459,YXYXyx,YYYYXyXyyxYXyxx,2,11505 144161,501,17
ac19_9469,YXXyxYx,YYYXyXYYxxyx,1,11516,501,15
ac19_9479,YXYXyx,YYYXYxYXyyyXXYx,1,11532,501,19
ac19_9490,YXyXXyx,YYXYxyyxyXX,1,11547,501,18
ac19_9499,YXXYx,YYYXXyyxxxyXYX,1,11556,501,15
ac19_9515,YXyXXyx,YYYXyxYxxyx,18,11580 13143 19585 23669 27492 28624 32101 68683 71729 96800 103578 120244 125164 135289 153372 153511 156046 156455,501,15
ac19_9535,YXXXyxx,YYXXyXYXyX,8,11605 12651 39651 90376 104211 132890 137616 145653,501,16
ac19_9540,YXYXyx,YYXyXXyxxYxyx,9,11610 20877 30454 40529 47004 64000 98853 134380 151089,501,15
ac19_9545,YXYXyx,YYYYYXXXXXXYxyXYX,2,11617 133743,501,19
ac19_9552,YXYXyx,YYYXXXXyXyxxx,2,11627 128080,501,19
ac19_9562,YXyXXXyx,YYxyxyxYx,8,11641 23712 26229 26845 78394 78585 116242 149573,501,17
ac19_9564,YXYXyx,YYXXXyXyXYYxx,4,11643 79570 100828 108046,501,17
ac19_9566,YXXX,YYYYxYXyyXyXyyx,1,11645,501,19
ac19_9567,YXYXyx,YYXyXYXyXXYYx,2,11646 132984,501,17
ac19_9583,YXYXyx,YYYXyxyyXXXYYxx,2,11668 57497,501,19
ac19_9605,YXYXyx,YYYXyXyXYxyXXYx,2,11701 92717,501,17
ac19_9616,YXYxyx,YYXYXyXyXyxxx,2,11716 35521,501,15
ac19_9617,YXYXyx,YYYYYXyXXyX,5,11718 81920 91054 98593 147974,501,17
ac19_9620,YXYXyx,YYYXXXXXXYYYx,1,11722,501,19
ac19_9629,YYXXyxx,YYYYYxxYXXX,1,11733,501,18
ac19_9631,YXXyx,YYYYYYXyyyyXyx,10,11735 23583 25727 30115 58572 99120 102261 111857 140956 154827,501,15
ac19_9632,YXXyx,YYYYYXyxyyyxx,3,11736 31868 149543,501,17
ac19_9639,YXXyx,YYYXYxyXyyxyxxYX,1,11746,501,2
ac19_9642,YXYXyx,YYXyXXXyyxYYx,1,11751,501,17
ac19_9664,YYXXXXXyX,YYYXXXyXyX,6,11781 20263 83312 83919 88045 114375,501,15
ac19_9670,YXYXyx,YYYXXXXXXyxxx,2,11792 142867,501,17
ac19_9679,YXyXXyx,YYXyxyXXyyX,3,11803 25993 88519,501,15
ac19_9682,YXXXYxx,YYYXYxyX,2,11806 104149,501,15
ac19_9683,YXYXyx,YYXyXXXyxxx,9,11807 24202 28336 100006 102920 104625 119431 127150 154911,501,15
ac19_9696,YXXyx,YYYYYXyyyXyXX,4,11827 43687 62218 135732,501,17
ac19_9700,YXYXyx,YYXyyxyXyyXYxYYxx,1,11832,501,19
ac19_9718,YXYXyx,YYYYxyXXX,10,11856 14077 26861 44122 80757 128491 133681 135187 142303 151795,501,15
ac19_9725,YXYXyx,YYYYXyyXXyxxx,2,11867 60551,501,19
ac19_9727,YXXyx,YYYYYXyyxyxyxx,4,11870 51570 92277 135747,501,18
ac19_9747,YYXXXXYX,YYXyxxyyx,6,11894 40634 83144 84113 111654 116994,501,15
ac19_9748,YYXXXyx,YYXyyXyXYxx,4,11895 14471 72518 140499,501,15
ac19_9749,YXYXyx,YYYxxYXyXXyyx,2,11897 149432,501,17
ac19_9750,YXXYx,YYXYXyyxYYXyyx,1,11898,501,18
ac19_9752,YXXyx,YYYYYXyyyXXXyX,1,11900,501,18
ac19_9757,YXYXyx,YYXyXYYxYXyXX,2,11907 112564,501,15
ac19_9766,YXXyx,YYXyyXyXXXXXYXYX,2,11918 123822,501,21
ac19_9773,YXYXyx,YYXXXXyXYYxyx,1,11931,501,15
ac19_9775,YXXYx,YYYXXyyxyXYxx,1,11934,501,15
ac19_9780,YYXXyXXYx,YYXXyyXYxx,1,11940,501,16
ac19_9793,YXyXXyx,YYYxYXyxxYXyxyx,2,11955 34179,501,17
ac19_9799,YXYXyx,YYYXyXyyXXYYx,2,11962 155179,501,19
ac19_9820,YXYXyx,YYYYXXXXYYXyX,2,11986 122583,501,17
ac19_9822,YYXXXXYX,YYYXXyxyX,1,11989,501,17
ac19_9826,YXyXXyx,YYYxyyxxYXXyxx,2,11993 57589,501,17
ac19_9844,YXXyx,YYYXyyXyXyXXX,4,12020 105310 119718 143323,501,17
ac19_9858,YXYXyx,YYXXyyXyxYxxx,2,12045 81293,501,17
ac19_9866,YXYXyx,YYXXyyXXYxx,4,12056 38306 43419 117467,501,15
ac19_9874,YXYXyx,YYYXXYXXXXXXYYx,2,12071 134113,501,19
ac19_9881,YXXYx,YYXYXXyyxxYxyX,1,12080,501,15
ac19_9885,YXXyx,YYYYXXXyyxyyXyXX,2,12087 45058,501,18
ac19_9888,YXXXYxx,YYXXYxYxyX,9,12091 14687 15481 17734 45100 52565 91403 106840 113071,501,15
ac19_9900,YXYXyx,YYYxyxxYXyyXX,1,12105,501,17
ac19_9914,YXYXyx,YYxYxYXyyxyXX,1,12124,501,17
ac19_9917,YXYXyx,YYYXyxyXyXXYxYx,2,12128 66130,501,19
ac19_9927,YXXyx,YYYYYXyxyXyXyXX,4,12140 28879 42217 125185,501,17
ac19_9931,YXXyx,YYYXyXyyxyxYYxx,1,12144,501,2
ac19_9954,YXXYXXyxx,YYxyXXYxyX,1,12180,501,16
ac19_9958,YXXXyxx,YYXXyxYXyx,21,12185 15088 17474 21140 27411 29272 36014 45376 45979 58103 61321 68458 101198 102393 115424 115708 118978 129532 145533 145839 147638,501,16
ac19_9977,YXYXyx,YYXXYXXyXYxYx,1,12209,501,15
ac19_9985,YXyXXyx,YYXYxyxYxyyx,3,12218 125612 148983,501,16
ac19_10012,YYYXXYXyx,YYXXXYxyx,6,12252 37049 53802 54355 126104 147211,501,15
ac19_10021,YXYXyx,YYYYxxyyXXXYXyX,1,12265,501,19
ac19_10044,YXYXyx,YYXyyxyXXXXYYxx,1,12294,501,19
ac19_10045,YXyXXyx,YYYXyyxx,10,12295 31994 33467 42834 70236 104114 109004 123984 131177 135150,501,15
ac19_10058,YXYXyx,YYXYxxyXyXyyXYx,2,12317 113981,501,17
ac19_10064,YXyXXyx,YYYxxxyxyX,4,12323 44401 83063 135183,501,15
ac19_10077,YXXXyxx,YYXyxxxYXXyX,1,12339,501,16
ac19_10078,YXXyXyx,YYxyxYYxxyx,4,12340 57958 73380 123471,501,16
ac19_10080,YXXyx,YYYYXXXyyXyyXyXX,1,12342,501,18
ac19_10083,YXYxYXXYx,YYXyyxYXyyx,1,12347,501,16
ac19_10095,YXYXyx,YYYxYXyXyXX,7,12365 34882 81090 123320 138246 139578 145796,501,17
ac19_10099,YXYXyx,YYYXyXXyxyyxYxyxx,1,12369,501,19
ac19_10102,YXYxyx,YYYXyXXXyxyxx,1,12373,501,15
ac19_10111,YYXXYXyyX,YXyxYXXyx,10,12384 45709 46591 55083 82065 85068 118441 126194 128125 147126,501,14
ac19_10118,YYXXXYX,YYYXyXyx,4,12392 56883 118423 154501,501,15
ac19_10122,YYXXyxx,YYYXXYxYxYx,5,12397 16338 22213 49299 128575,501,15
ac19_10123,YXXyx,YYYYYXyXyyyxyxyx,1,12398,501,20
ac19_10127,YXXX,YYYXyxyxYYXyyyX,1,12402,501,17
ac19_10129,YXyXXXyx,YYXXyXyxyXX,1,12410,501,19
ac19_10146,YXXXyxx,YYXyxYXXyXXX,1,12428,501,16
ac19_10161,YXYxxYXyx,YYxyXYxxYX,7,12450 75975 88347 103137 109169 148469 149808,501,16
ac19_10176,YXYXyx,YYYXXXXyyxxxx,2,12471 18398,501,19
ac19_10184,YXXyxYXXyxx,YYXXXyXXXXYxxyX,6,12481 30603 36062 133942 143611 152807,501,17
ac19_10185,YXYXyx,YYXXyXYXyXXYxxx,3,12482 32093 127173,501,17
ac19_10193,YYYXXXX,YYXYxyXYXyyx,1,12493,501,17
ac19_10196,YYXXYXyyx,YYxyXXYXyX,1,12496,501,16
ac19_10210,YXYXyx,YYYxYxyyXXX,5,12518 18217 37849 72361 139550,501,17
ac19_10222,YXXXyxYxx,YYXYYXyXYxx,2,12533 68681,501,13
ac19_10229,YYXXyxxYXXyxx,YYXYXYxYYXXyxx,1,12540,501,17
ac19_10233,YYYXXXXX,YYYXYXyyXyx,1,12546,501,19
ac19_10235,YXYXyx,YYXyyXyxxxxyx,1,12548,501,17
ac19_10255,YXXyx,YYYXyyXyyxxxYYx,2,12579 92803,501,19
ac19_10271,YXYXyx,YYYxyXXyyxxYX,1,12602,501,15
ac19_10292,YXyXXXyx,YYYxxxyXXXyyx,2,12631 80906,501,17
ac19_10294,YXyxYXXyx,YYXXyXyxYXyyX,3,12633 32050 54421,501,17
ac19_10298,YXYXyx,YYXYxxxyyXXyX,1,12638,501,17
ac19_10314,YXXYxYxx,YYYYYxYXyxx,1,12660,501,19
ac19_10327,YYYXXXXyyx,YYYYxxyyyXyyx,2,12676 62519,501,15
ac19_10329,YYXXXYx,YYYYxxyyXXX,1,12679,501,15
ac19_10339,YYXXXyx,YYXYxxyyXyX,2,12696 72517,501,15
ac19_10352,YXYXyx,YYYxYXyxyXyXX,2,12713 127068,501,17
ac19_10369,YXYXyx,YYYXyXXXYxx,5,12741 28425 37375 97737 99170,501,15
ac19_10379,YXXyx,YYYYYXyyyxyxxx,2,12758 126301,501,18
ac19_10383,YXYXyx,YYYYxyXXXyyyx,1,12764,501,17
ac19_10430,YXYxyx,YYxYYxxYYxx,8,12825 13458 19753 31660 94480 99130 130004 130221,501,17
ac19_10442,YXYXyx,YYYxYXyyXXXYxyX,1,12841,501,19
ac19_10444,YXYXyx,YYYxYXyXXyyxx,1,12844,501,19
ac19_10457,YXYXyx,YYYXyyyXyxxxx,2,12860 44368,501,19
ac19_10460,YXXXXyXYx,YXXyxxxxyx,3,12864 43091 138780,501,17
ac19_10469,YXyXYxx,YYYYYYXyxx,1,12873,501,16
ac19_10470,YXXyx,YYYYYXyyyyX,13,12874 17173 36778 50535 56447 69593 70342 76424 88590 100557 116668 125315 127902,501,15
ac19_10487,YXXXyXyX,YYYxyXXyxyx,1,12895,501,19
ac19_10490,YXXYx,YYXyxYYXXyyx,1,12898,501,15
ac19_10499,YXXXyXYx,YYXXXXXYXXXyx,2,12909 32271,501,15
ac19_10502,YXyXXyx,YYXYxyxYxyx,10,12913 31947 39069 66402 91429 92152 98603 110871 125302 131472,501,15
ac19_10510,YXYXyx,YYxYXYxyXyyXX,1,12921,501,17
ac19_10527,YXyXXXyx,YYYxxxyxx,3,12939 87647 125286,501,17
ac19_10534,YXXX,YYYYYXyyxyXyxyx,1,12947,501,17
ac19_10546,YYXXyxx,YYXXYYxYxYx,3,12965 18783 20158,501,15
ac19_10547,YXyXXyx,YYYxYxxxyyx,8,12966 17102 26549 59144 77860 83713 135159 145223,501,16
ac19_10550,YXXyXyx,YYXyXXyyxyX,2,12969 48928,501,17
ac19_10553,YXyXXyx,YYxyXyxyXYX,4,12972 14105 38335 40930,501,16
ac19_10562,YXyxYXXyx,YYXyyXXXYx,1,12982,501,15
ac19_10566,YYXXXXyxx,YXXXXXXYx,10,12986 18142 33648 40672 47321 50197 68266 72303 89326 99309,501,14
ac19_10573,YXYXyx,YYXXyyXYXYxxx,2,12995 54108,501,17
ac19_10574,YXXYx,YYXyyxYYXXyxx,1,12996,501,15
ac19_10576,YXyXXXyx,YYXyyxxxYXXyx,1,13002,501,17
ac19_10584,YXXYxxyxx,YXXyXXXyxxYXXyxx,1,13014,501,19
ac19_10591,YXXyXYx,YYXYxxyXXXX,2,13022 107091,501,15
ac19_10595,YXXyx,YYYYYXyXyxyyx,4,13029 101219 110386 152036,501,15
ac19_10599,YXXyx,YYYYXyxyyXXXXXX,1,13034,501,19
ac19_10605,YXyXXyx,YYYxyyXXXyyX,2,13040 72928,501,16
ac19_10609,YXXyx,YYYYXXYxyyyxxyx,2,13046 47453,501,13
ac19_10611,YXYXyx,YYXYYxxyXXyXX,2,13048 88735,501,19
ac19_10617,YXXXyXXYx,YXyxxYXXXX,2,13054 33768,501,15
ac19_10632,YXYXyx,YYYxYYXyxyXXyyx,1,13072,501,17
ac19_10633,YXXyx,YYYXYYxyyyxxyx,2,13073 147179,501,13
ac19_10650,YXYXyx,YYYYxYxyyXyXX,2,13092 116552,501,19
ac19_10652,YXYXyx,YYYYxyXXXYXyX,2,13094 55028,501,17
ac19_10661,YXXyx,YYYYXyyyXXyyXX,1,13105,501,18
ac19_10663,YXYXyx,YYYxxYXyyXXYxyX,2,13107 154993,501,17
ac19_10664,YYXXXyx,YYXYYxxyyXyX,1,13108,501,16
ac19_10665,YXXyXyxx,YYYxxxYXYxx,2,13109 30082,501,15
ac19_10673,YXXXyxYx,YYXXXYXyXYx,1,13119,501,17
ac19_10683,YXyxYXXyx,YYXXYxyXYxyXyX,2,13130 155871,501,17
ac19_10692,YXyXXyx,YYXyxyxxYYxxx,2,13140 48090,501,16
ac19_10708,YXYxxyXyx,YYXyxYXXyx,14,13160 20039 22153 30131 32478 77816 90461 90637 106824 117187 118513 128339 144515 151388,501,16
ac19_10729,YXYXyx,YYYXXXyXYXyXYxx,3,13191 34593 124236,501,17
ac19_10745,YXYXXYx,YYYXXYYxyXX,1,13209,501,17
ac19_10758,YXXyx,YYYYYXyyXyXyXYxyXX,1,13223,501,20
ac19_10775,YYXXXyx,YXYXyXXYx,2,13251 134139,501,16
ac19_10799,YXYXyx,YYYYxyXXyXX,5,13277 14547 62080 96403 146219,501,17
ac19_10810,YXYXXXX,YYXyyXyxxxx,2,13291 115236,501,15
ac19_10811,YXXYxxyx,YYYxxxxyXXXYx,1,13293,501,17
ac19_10817,YXYXyx,YYYXYxyXXyXYx,2,13300 93820,501,15
ac19_10820,YYXXXXYX,YYxyXyxxxyX,1,13304,501,14
ac19_10822,YYXXYXyxx,YXyXXYxxx,1,13307,501,15
ac19_10826,YYXXyxx,YYYYYXYxyx,3,13314 16600 141876,501,15
ac19_10834,YXXyx,YYYYYYXyxyXyXyyX,2,13325 31487,501,17
ac19_10847,YXXyx,YYYYXyxyXyyXyXX,1,13344,501,16
ac19_10854,YYXyxxxyX,YXyXXXXyx,3,13352 94390 123627,501,17
ac19_10880,YXyXXXyx,YYYxyxxYXyxYXyXyx,1,13380,501,17
ac19_10887,YXyXYxx,YYYYXXyXyyxx,1,13387,501,19
ac19_10894,YXXyx,YYYYYYXyyxxyxyyx,1,13398,501,18
ac19_10899,YXXXyXyX,YYYXyyxyx,1,13406,501,16
ac19_10900,YXYxyx,YYYXyXyxYxx,7,13407 30212 38135 107144 142471 148348 152406,501,15
ac19_10906,YXXYx,YYYXyyyXYxyXYx,1,13415,501,13
ac19_10910,YXYXyx,YYXyXyyxyxxxx,2,13421 62187,501,19
ac19_10913,YYXYXYxxx,YYXyxYXyx,1,13425,501,17
ac19_10919,YXXyXyx,YYYxxxYxyyx,1,13435,501,18
ac19_10920,YXYXyx,YYYxYYxyXXXyX,1,13436,501,19
ac19_10926,YXXXyxx,YYXyxYxxxxyx,4,13442 103257 130025 139205,501,16
ac19_10934,YXXYx,YYYYXYXyxyyXYx,1,13452,501,15
ac19_10940,YXyXXyx,YYxyxYXYXYxyxYxyXyx,2,13459 56060,501,17
ac19_10947,YYXXX,YYYXyxyyXyXYYx,1,13474,501,18
ac19_10956,YXyxYXyxYXXyx,YYXyyxYXyxYYXyx,2,13486 131975,501,21
ac19_10967,YXyXXyx,YYXXYxyxYxxyx,1,13500,501,16
ac19_10976,YXyXXyx,YYYXyxxxyx,2,13514 135978,501,17
ac19_10988,YXXyx,YYYYXXXyXyyyyXX,2,13529 76737,501,18
ac19_10990,YXXYXXyx,YYXXYxxyXyX,2,13532 26825,501,14
ac19_11000,YXYxyx,YYYXyXXyyyxYx,2,13544 128969,501,17
ac19_11008,YYXXyxx,YYXYXXYYxYx,1,13553,501,15
ac19_11017,YYXXXYXX,YYxYXXXyX,3,13570 17409 74758,501,15
ac19_11065,YXYXyx,YYXyXyyXXYxYxyx,1,13632,501,17
ac19_11070,YXYXyx,YYYxYXyxyyXXXYx,2,13637 93008,501,19
ac19_11074,YYXXXXyx,YYXXXYXyX,4,13643 28966 41829 141624,501,15
ac19_11114,YXyXXyx,YYYxyxyXYXyyX,2,13695 107870,501,16
ac19_11117,YXYXyx,YYXyxyXXyXyxxYx,1,13698,501,17
ac19_11120,YXXYxxyX,YYXXyXYxx,2,13702 91804,501,14
ac19_11123,YXXYXXyX,YYxyXyxxyxx,5,13705 14544 25162 96662 106750,501,13
ac19_11129,YXyXXyx,YYXYXyyXyxyX,2,13713 15850,501,18
ac19_11149,YXYXyx,YYYXYxyXyXyXXYx,3,13746 21319 65755,501,19
ac19_11154,YXYXyx,YYYXyXXyXYxxx,1,13752,501,15
ac19_11182,YXYXyx,YYYXyyXyxyxxx,2,13792 47038,501,19
ac19_11206,YXYXyx,YYXXyyXyxxxxx,2,13828 121639,501,19
ac19_11214,YXXX,YYYYXYxyyXyyxyx,1,13841,501,17
ac19_11228,YYXXXyxx,YYXyyXyyxxx,1,13858,501,16
ac19_11261,YXXXYxxxyx,YYxxxyXYxyX,16,13900 26053 29687 29958 31142 35951 38230 68446 68988 71089 82658 87205 110097 114112 118190 153943,501,16
ac19_11271,YXYXyx,YYYXXXXyXXYxx,4,13911 32197 50390 128728,501,19
ac19_11273,YXYXyx,YYYxxYXyXyX,9,13914 18480 22435 28958 54008 54833 66614 147288 152133,501,17
ac19_11281,YXXYx,YYYxyXYXXyyx,3,13922 93412 98392,501,15
ac19_11282,YXYXyx,YYXXXyXXYxx,13,13925 50002 63259 81681 85375 90150 110943 130309 135792 138120 144763 149838 152693,501,15
ac19_11283,YXYXyx,YYYxxYXyyXyXX,2,13926 147418,501,19
ac19_11288,YXYxyx,YYYXyXyxxxYYxYx,1,13933,501,19
ac19_11299,YXXyx,YYYYYXyxxyXyyX,1,13948,501,15
ac19_11303,YXYXXYx,YYXYxyXXyx,2,13953 102744,501,17
ac19_11309,YXYxyx,YYXyXXyyXyx,9,13959 14265 35711 72035 76018 84314 91850 105582 120277,501,15
ac19_11328,YXYXyx,YYXXXyXXYYxYx,2,13983 53589,501,19
ac19_11332,YXyXXyx,YYXYxYxyxyx,2,13988 115858,501,17
ac19_11333,YXXyx,YYYYXyxyyyxyxx,2,13989 101055,501,18
ac19_11341,YXXyx,YYYYXyxyXXyXXXX,1,13997,501,19
ac19_11355,YXXyx,YYYYXXXyyXyyyXX,2,14018 118644,501,18
ac19_11378,YXXyx,YYYYXyyyxyyxx,3,14048 106755 107523,501,18
ac19_11382,YXYXyx,YYYxxYYXXyxyXXX,2,14053 89061,501,19
ac19_11387,YXXyx,YYYYXXYxyyxyxxyx,2,14059 68925,501,19
ac19_11407,YXXyx,YYYYXXYXyxyyxxyx,1,14087,501,13
ac19_11410,YXYXyx,YYYXXXXyXYx,3,14090 72277 81050,501,15
ac19_11414,YXyXXyx,YYYxyyxxYYxyx,4,14098 16357 41403 137131,501,17
ac19_11423,YYXXXXyX,YYXYxyxyXyX,1,14108,501,15
ac19_11431,YXYXyx,YYXXYxYYxyXyX,2,14121 105587,501,17
ac19_11438,YXyXXXyx,YYxyxxxyXYx,1,14129,501,17
ac19_11443,YXyXXyx,YYXyyxyXYXyX,3,14135 100072 117091,501,16
ac19_11451,YXXyXYx,YYXYxyXYXyX,3,14147 62657 125094,501,15
ac19_11453,YXYXyx,YYXyXYXXXyXYxxx,3,14150 22146 105112,501,17
ac19_11458,YXXYx,YYXYXXyyXYxxyx,1,14155,501,15
ac19_11468,YXYXyx,YYXyxyXXXXYxYxx,1,14168,501,19
ac19_11485,YXYXXYx,YYYXXYXyXYx,1,14186,501,16
ac19_11495,YXyxYXXyx,YYXyxYXyxyxYx,4,14198 21476 37974 106081,501,14
ac19_11524,YXYXXXXYx,YXYxYXyXyx,2,14238 89852,501,14
ac19_11530,YXXyx,YYYYXXXyyyxyyxxx,2,14247 140800,501,19
ac19_11547,YXYXyx,YYXXXXyXYYxxx,2,14272 52501,501,19
ac19_11549,YYXXXXXXyx,YXXXXXyxxxx,7,14275 36707 41780 42080 61950 64596 85348,501,15
ac19_11562,YXXyx,YYYYYXyXyXyyXX,4,14295 69344 126449 154775,501,18
ac19_11588,YXXyx,YYYYXyyyXyXyXYxyXX,2,14328 147861,501,20
ac19_11612,YXXYXXyx,YYYXyxxyXXX,2,14362 23070,501,17
ac19_11620,YXYXyx,YYYxYYXyxyyXyXX,2,14371 23681,501,19
ac19_11623,YXYXyx,YYYYxyXyxyXXX,1,14375,501,17
ac19_11628,YXXyXYx,YYxyXXXX,7,14382 15683 51319 88868 104908 130894 149689,501,15
ac19_11633,YXYxyx,YYXyxYxxxYxyX,1,14389,501,15
ac19_11635,YXXyx,YYYYXYxyyyyXX,2,14392 17314,501,17
ac19_11637,YXXyXYx,YYxyxxyXX,6,14395 58069 84210 101648 118851 146712,501,15
ac19_11666,YXXyx,YYYYYXXXyyxyyxx,1,14433,501,17
ac19_11681,YXYXyx,YYYXyXXXYYxyX,1,14453,501,17
ac19_11682,YXXXX,YYYYXXXyyXyx,1,14454,501,14
ac19_11683,YXYXyx,YYXyxyXyXXYxx,2,14455 58291,501,15
ac19_11699,YXXyx,YYYYXyyyxxxxxxx,2,14479 44243,501,20
ac19_11716,YXyXXyx,YYxxyxyXX,12,14499 17848 28077 36268 46217 53762 58340 78579 90459 104044 116213 125567,501,15
ac19_11724,YXXYx,YYXYYXyyxyyXYx,2,14511 29147,501,15
ac19_11735,YXXyx,YYYXyXyXyyxxxYYx,2,14525 55201,501,18
ac19_11740,YXXYx,YYYYYXXYYxyXYX,1,14531,501,15
ac19_11741,YXyXXyx,YYYxyXXyyxyX,1,14535,501,16
ac19_11753,YYXXYxYXX,YYXXyXYYx,1,14560,501,18
ac19_11761,YXXyx,YYYYYXyyyxyxx,4,14570 107056 108091 131835,501,18
ac19_11767,YXYXyx,YYYxYYXyXXyXX,2,14581 153621,501,19
ac19_11809,YXXYx,YYYXYxyXYXyyyx,1,14636,501,18
ac19_11811,YXXyx,YYYXyyyxxxxxYx,2,14639 46107,501,19
ac19_11813,YXYXyx,YYXyyXXXYxYYx,1,14644,501,19
ac19_11820,YXyXXyx,YYXyyXXyyXX,8,14653 31786 39424 66238 94102 111322 119949 132433,501,15
ac19_11825,YXyXXyx,YYYxYxxyxyX,3,14658 37317 147137,501,11
ac19_11831,YXYXyx,YYXXyyXyxxxyx,2,14666 132080,501,17
ac19_11841,YXXyx,YYYYYXyXyyyxxx,3,14680 20319 52712,501,18
ac19_11842,YXXYXXyxx,YYYxxyXyXX,1,14682,501,19
ac19_11852,YYXYxxxYX,YYXyxYXyx,2,14700 33370,501,17
ac19_11864,YXYXyx,YYYYYYxyyXXyX,2,14718 21126,501,19
ac19_11872,YXXyXYx,YYYXXyXXXYXX,1,14728,501,16
ac19_11875,YXXYx,YYYxyXXYXYXyx,2,14731 49327,501,15
ac19_11886,YXYXXYx,YYXXXYXYYx,2,14747 108825,501,17
ac19_11893,YXXYx,YYXXyyXYYxyxx,1,14757,501,15
ac19_11896,YXYxyx,YYXyxYxxYYx,8,14761 51048 122646 129617 136067 138789 139784 148794,501,15
ac19_11899,YXYXyx,YYYxYYXyyXXyX,1,14764,501,19
ac19_11908,YXyXXyx,YYXYxyXyxyx,7,14776 25243 60872 94545 99960 104877 106467,501,16
ac19_11915,YXYXyx,YYXXXyyXYYxYx,2,14786 111407,501,17
ac19_11931,YYXXXyx,YYYXYXyyX,4,14808 63010 84520 130466,501,15
ac19_11935,YXXyx,YYYYXyyyxyxxYx,1,14814,501,18
ac19_11953,YXXXyXyX,YYxxYxxyxyX,1,14840,501,19
ac19_11974,YXyXXyx,YYXyyxYxyxYX,1,14869,501,17
ac19_12000,YXYXyx,YYYXyyXXYYx,4,14903 16704 51533 55583,501,17
ac19_12016,YXyXXXyx,YYXyxyxYx,2,14926 66245,501,17
ac19_12022,YXXyx,YYYYYXyyyyxxx,2,14932 87355,501,18
ac19_12041,YXXyx,YYYYYXyXyyyyxyx,1,14959,501,19
ac19_12043,YXYXyx,YYXYxyXyyXyxx,5,14961 46569 101774 133324 136381,501,15
ac19_12057,YXXyXYx,YYXXXXyxyxx,1,14980,501,16
ac19_12070,YYXXyx,YYYYxyXXyxyXX,1,14996,501,15
ac19_12082,YXyXXyx,YYXYxxxyyx,2,15016 131522,501,16
ac19_12084,YYXXXyx,YYYYXXXYXyyX,1,15021,501,15
ac19_12086,YXXyxYx,YYYXYxxxYYX,1,15023,501,16
ac19_12092,YXXyx,YYYXyyxyxyxxYYx,2,15029 62067,501,19
ac19_12101,YXXYx,YYYXXyyxyxYX,5,15043 29859 42270 82992 116649,501,15
ac19_12103,YXYXyx,YYXyxyXyXYYxx,1,15046,501,15
ac19_12110,YXYXyx,YYYXXyxyXXyxxxx,1,15054,501,19
ac19_12111,YXYXyx,YYYxyXXyXyxYxyx,2,15059 103159,501,17
ac19_12112,YYXXXXyx,YXYxxyXXX,3,15060 58409 110734,501,17
ac19_12121,YXYXyx,YYxYYxyXXyyXX,2,15073 141112,501,19
ac19_12128,YYYYYXXXXXX,YYYYXXXXyxYXX,4,15084 36637 71227 147962,501,15
ac19_12137,YXyXXyx,YYYXXyyXyxx,3,15095 119529 132386,501,17
ac19_12144,YXXYx,YYYXYXyXYxyx,3,15109 42402 147868,501,15
ac19_12148,YYXXYxyxYxyxx,YYXyXYXyxYxyxx,1,15115,501,15
ac19_12172,YXXX,YYYYYXyxyXyyxyx,1,15143,501,17
ac19_12173,YXXXX,YYYYXYXXyyxyyX,1,15145,501,16
ac19_12182,YXXyXYx,YYXXXyxyx,9,15157 15745 19913 51202 85986 90735 149110 152429 153842,501,15
ac19_12198,YXYXyx,YYYxYYXyXXyyx,2,15176 154663,501,17
ac19_12200,YYXXYXXyx,YYXyXYXyxx,1,15178,501,15
ac19_12201,YXXYxYxx,YYYYYXyxYxx,1,15179,501,17
ac19_12226,YYXXYXXyx,YYxyxxyXyX,1,15220,501,15
ac19_12238,YXXyx,YYYYYXyxyyyXXX,2,15239 140426,501,18
ac19_12242,YXXyx,YYYYYXYxyyyyyx,6,15243 43652 59552 79721 129494 155146,501,18
ac19_12245,YXXyx,YYYYXyxyXyXyyXX,3,15247 50980 155829,501,17
ac19_12247,YXYxyx,YYXyXyXyxxx,11,15249 18467 20459 20476 31556 55052 87659 119852 131963 139367 144204,501,15
ac19_12262,YXYXyx,YYYXyxyyXXXYYYx,2,15268 153521,501,19
ac19_12270,YXXYx,YYYXXyXXYYYxx,1,15277,501,17
ac19_12284,YXXyx,YYXYYXyxyyXXXXX,2,15293 24187,501,19
ac19_12321,YXXXyxx,YYXyXYxyx,26,15346 16610 25072 28318 37063 37653 38278 40153 45654 52355 69773 75951 91937 99078 109536 116266 118783 120155 126899 133713 137393 141152 142527 148136 148692 151647,501,16
ac19_12332,YXYXyx,YYYxyyXyXXYxx,1,15364,501,17
ac19_12335,YXYXyx,YYXYxYXyXXXYx,2,15367 151854,501,17
ac19_12352,YXXXYxx,YYXXYXyxYx,10,15391 16446 22266 51430 72339 73669 103721 109262 145655 151209,501,15
ac19_12353,YXyXXyx,YYXyxYxxxyyxYX,2,15392 41289,501,17
ac19_12358,YXXXXYx,YYXXyxYXyx,15,15399 20804 28816 43152 54408 55350 59560 63420 97269 105487 113141 118025 134072 147603 151824,501,17
ac19_12365,YXXyx,YYYXyyXyyXXXXX,2,15410 114477,501,19
ac19_12367,YXYXyx,YYxYxyXXyyX,11,15412 29084 31654 36795 40040 40322 44212 58681 91845 134290 149260,501,15
ac19_12376,YXXYx,YYYYXYxyXyyxYX,4,15426 40025 72220 151527,501,15
ac19_12381,YXYXyx,YYXYxxYXyXyyX,1,15431,501,17
ac19_12383,YXYXyx,YYYYYxyyXXyyX,1,15435,501,19
ac19_12409,YXXyx,YYYYXyyxyxyyxx,3,15473 90260 130094,501,16
ac19_12411,YXYXyx,YYYxyyXXyyXYx,4,15476 33609 49568 62265,501,17
ac19_12423,YYXYXyXyx,YXyxYXyxx,4,15495 72175 120999 145011,501,17
ac19_12426,YXXyx,YYYYXyxyXyxyxxyx,1,15498,501,18
ac19_12439,YXYXyx,YYYXyXXXXYYYx,1,15515,501,19
ac19_12444,YXXyXyxx,YYxxxxYXX,3,15525 17749 29803,501,15
ac19_12445,YYXXYx,YYYxyyxyXyX,1,15526,501,17
ac19_12448,YXYXyx,YYXyXyXyxxx,7,15533 34437 37840 57670 81929 94484 108577,501,17
ac19_12449,YXYXyx,YYXXYXyyXYYxx,1,15535,501,15
ac19_12451,YXYXyx,YYxYxyXXYXyyX,1,15537,501,15
ac19_12452,YXXyXyxx,YYXXYxyxx,7,15539 34610 58272 63899 112932 126299 140564,501,15
ac19_12453,YXYXyx,YYYXXXXyyxxyxYx,1,15540,501,19
ac19_12455,YXyXXyx,YYxxYXyxyxxYX,2,15542 61164,501,17
ac19_12457,YXXyx,YYYYXyyXyyyxxx,2,15544 140895,501,18
ac19_12458,YXXyxYXXyxx,YYXyXXXYXXyXX,3,15545 64040 95134,501,17
ac19_12465,YXYXyx,YYYYXXXXXXYYX,2,15554 42283,501,19
ac19_12487,YYXXyxx,YYYXXXXYYxxx,1,15581,501,18
ac19_12491,YXXYx,YYYXXyXYYXYxx,1,15585,501,15
ac19_12500,YXXXyxx,YYXyxYXXyX,8,15599 20582 62672 71155 74044 145552 151064 153961,501,16
ac19_12501,YXXyXyX,YYxyxxxx,8,15601 36664 62745 82907 123278 126742 145769 147826,501,15
ac19_12502,YXXXyxxYx,YYYXyXXYxx,2,15604 45546,501,14
ac19_12510,YXYXyx,YYYxyXyxyXyxx,4,15613 33105 70597 79751,501,17
ac19_12520,YYXXXYX,YYXYxyXXyx,3,15626 60967 88358,501,17
ac19_12524,YXYXyx,YYYxYXyXXYxyX,8,15631 34504 59543 59623 65393 114531 144046 155506,501,17
ac19_12538,YXXXYxx,YYYXXYYYXXyx,1,15648,501,18
ac19_12557,YXXyXYxxx,YYYYYYXXyx,1,15677,501,16
ac19_12559,YYXXYYx,YYYXYXXYxx,3,15680 90495 103886,501,16
ac19_12563,YXXYxxyX,YYYYXXyXYXYXX,1,15687,501,15
ac19_12570,YXXyXyx,YYYxxxyxyX,1,15697,501,14
ac19_12574,YXXyXYx,YYXyXXYXX,7,15702 35176 39054 59083 91510 124403 124791,501,16
ac19_12586,YYXXyx,YYXXXYxYXXX,4,15717 18821 79878 130255,501,15
ac19_12596,YXXyXyx,YYxxxyxYX,4,15729 119535 125502 149027,501,14
ac19_12612,YXYXyx,YYXyyXXYxxxYX,1,15749,501,13
ac19_12623,YXXXyxYx,YXYxxYXXX,8,15766 22311 59180 71152 73045 84074 98871 128398,501,11
ac19_12632,YXXXyXyX,YYXXyxxyX,6,15779 59807 119656 135517 139288 155475,501,15
ac19_12636,YXYXyx,YYYYYxYXXyXXX,2,15784 29709,501,19
ac19_12642,YXXX,YYYXyyyXyyXYxYx,1,15793,501,19
ac19_12647,YXXyXyx,YYxxyxyXYXXyX,1,15801,501,15
ac19_12651,YXYXyx,YYXXXyxyXXXYxYx,1,15805,501,19
ac19_12659,YXXyx,YYYYXyXyXyyXXYX,1,15825,501,18
ac19_12660,YXXyXyx,YYXXyxxYXyxx,1,15826,501,14
ac19_12665,YXXyx,YYYXYYYxyXyyxyyx,2,15831 61913,501,17
ac19_12668,YXXyXyxx,YYxxYXYYxxx,2,15836 121628,501,19
ac19_12693,YXXyx,YYYYYXyyxyyxxx,1,15871,501,19
ac19_12699,YXYXyx,YYYxYxyyxyXXX,1,15881,501,17
ac19_12702,YXyXXXyx,YYXYxxxyXXyyx,1,15885,501,19
ac19_12712,YXXyxYXXyxx,YYXyXXYxxyXXXXXX,3,15899 31248 76787,501,17
ac19_12723,YYXXYxxYx,YXYxxxxYXX,1,15912,501,16
ac19_12728,YXXyx,YYYXXYxyyXyyyxxx,2,15917 150736,501,18
ac19_12738,YXXyXYx,YYXYXyyx,4,15934 21327 113554 147317,501,15
ac19_12770,YXXYx,YYXYYxxyXXXyyx,1,15976,501,15
ac19_12785,YXYXyx,YYXYxyXXyXXYx,11,15997 21229 28288 35770 54411 72869 78773 103152 108324 114213 135055,501,17
ac19_12788,YXYXyx,YYYXXXyXXYx,12,16001 18234 37648 51987 69483 71043 85327 89722 96912 105850 129721 143148,501,17
ac19_12806,YXyXXyx,YYYXyyXXYxYxyyxyx,2,16033 17364,501,18
ac19_12810,YXXYXXyX,YYYxyXyyX,1,16039,501,13
ac19_12814,YXYXyx,YYxyXXyyXXYxx,2,16047 65828,501,17
ac19_12831,YXXyXyX,YYXyxyXXyX,6,16075 40945 73953 75977 118510 149135,501,16
ac19_12853,YXXYx,YYYYXXyxyyx,4,16104 44733 104580 118571,501,15
ac19_12854,YXyXYxx,YYYXYYxyX,4,16105 18839 45994 128337,501,15
ac19_12858,YXYXyx,YYYYYXyXyyyxx,2,16109 58546,501,19
ac19_12864,YXYXyx,YYXXXXyyxYxyx,1,16117,501,15
ac19_12875,YXYXyx,YYYxYYXyXyyXX,2,16133 24807,501,19
ac19_12878,YXXYXXyX,YXXXXXyXXYx,1,16138,501,19
ac19_12880,YXyXXXyx,YYYxyxYxxyXyx,2,16141 95315,501,17
ac19_12884,YXyXXyx,YYYYxyxYxxyx,3,16145 88339 92871,501,17
ac19_12887,YXYXyx,YYXyyXXXYxyXYYx,1,16148,501,17
ac19_12895,YXyXXyx,YYXyXYxxxyyXX,1,16159,501,17
ac19_12904,YXYXyx,YYYXyXXXXYxYX,2,16171 130159,501,17
ac19_12928,YXXyXyxx,YYYxxYYxx,7,16202 44770 49184 84627 88832 112694 114409,501,17
ac19_12944,YYXXyx,YYXYXyXyxxx,6,16222 25905 63254 77851 95779 124268,501,15
ac19_12975,YXYXyx,YYYxYxyXyXXYX,2,16262 119126,501,19
ac19_12976,YXYXyx,YYYXXXyyxxx,3,16264 67691 141108,501,17
ac19_12979,YYXXXYx,YYXYYxYXyyXyx,1,16269,501,17
ac19_12998,YXYXyx,YYYYxyXyXXX,3,16296 91651 151953,501,17
ac19_13003,YXyXXyx,YYYxyxxyxYxYXyx,1,16304,501,17
ac19_13004,YXYXyx,YYYXXyxyXXXXYxx,2,16305 77825,501,19
ac19_13024,YXXYXXyX,YYYXyyxyX,1,16327,501,15
ac19_13049,YXYXyx,YYYYxyXXXyyxx,1,16362,501,19
ac19_13058,YYXXXyxx,YYXXYxyXX,5,16373 77146 107636 108418 113712,501,17
ac19_13071,YXXyx,YYYXyyXyXXXYX,3,16389 41382 97248,501,17
ac19_13076,YXYXyx,YYYxYYxyXyyXYxyXX,1,16394,501,19
ac19_13077,YXYXyx,YYYXyyXyXYYxx,1,16396,501,17
ac19_13081,YXYXyx,YYXXXXXyXYxxx,1,16401,501,17
ac19_13088,YXyXXyx,YYXyyxyXyXX,2,16411 102341,501,17
ac19_13095,YXYXyx,YYXXyXXyxxx,6,16419 54049 57850 90918 116797 117717,501,15
ac19_13101,YXXyx,YYYYXyxyyyXXYX,3,16427 37468 142490,501,18
ac19_13106,YYXXyxx,YYXXYxxYxxYX,1,16434,501,16
ac19_13117,YXyXXyx,YYXYxxyyXYXyxyX,2,16451 95652,501,17
ac19_13121,YXYXyx,YYYxYYXXyyXXX,2,16459 124605,501,19
ac19_13135,YXyXXyx,YYXXXyxyxxx,2,16477 86160,501,17
ac19_13139,YXYXyx,YYXXXyXyyxxxxyx,2,16481 109159,501,19
ac19_13142,YYXXXYx,YYxyXYX,10,16484 18047 32037 36007 39996 54035 57407 60760 72659 138390,501,14
ac19_13147,YYXXXYxx,YYXXXyxxYYxYX,1,16490,501,19
ac19_13160,YXYXyx,YYXyXYxxYxxYXyXYXyX,2,16509 147150,501,19
ac19_13161,YXyXXyx,YYXYXyxYxyyx,3,16510 103537 119744,501,16
ac19_13174,YXyXXyx,YYYxyyxxYXyx,5,16528 41404 84149 90011 137722,501,16
ac19_13179,YYXYXyXXX,YYXyxYXyX,4,16534 28145 48642 95178,501,16
ac19_13192,YXyXXyx,YYXyXYxyyxx,9,16553 24510 47029 55355 57922 65202 109305 133219 133472,501,11
ac19_13201,YXYXyx,YYYXXyXyyyxxx,2,16567 128665,501,19
ac19_13202,YYXXXYxx,YYXYxxyXX,4,16568 78496 104218 115591,501,17
ac19_13211,YXYxyx,YYXYXyyXyxxxx,1,16582,501,15
ac19_13212,YYXXXYXX,YYYXXXXXyxx,1,16584,501,15
ac19_13214,YYXXyxYXXyxx,YXYxxyXXYXXyx,2,16586 44597,501,18
ac19_13217,YXXyx,YYYXXXyyxyyxxxxx,2,16590 87240,501,20
ac19_13226,YXyXXXyx,YYxyxYXYxyXyx,2,16602 145053,501,15
ac19_13231,YXXyxYx,YYXXXXyxxyx,4,16607 50321 54716 75461,501,15
ac19_13256,YXXyx,YYYXYYXyyyxxyxx,1,16637,501,18
ac19_13258,YXYXyx,YYXyXyyxYxxYX,1,16639,501,15
ac19_13261,YXYXyx,YYXyXYXXyyxxx,1,16643,501,17
ac19_13272,YXyXXyx,YYXXyXYxyxxyx,3,16659 120433 122335,501,16
ac19_13282,YXYXyx,YYXXyyXyxxyxx,2,16671 154383,501,17
ac19_13290,YYXXyxx,YYxYxxyXYX,1,16686,501,16
ac19_13300,YXYxyx,YYYXyxxYxxx,1,16701,501,15
ac19_13317,YYXXyx,YYYXXXXXXYx,1,16726,501,15
ac19_13334,YXXyx,YYXYXYXyyXyXXXX,2,16748 101898,501,20
ac19_13335,YXyXXXyx,YYXyxxyXX,6,16749 22419 50771 84617 88698 108588,501,17
ac19_13343,YXYXyx,YYXyXXyXXYxYxyx,2,16758 91792,501,17
ac19_13372,YXYXyx,YYXYxyXXXyXyxxYxx,1,16796,501,21
ac19_13374,YXYXyx,YYYXXXXXyyxYx,1,16799,501,17
ac19_13390,YXyXXyx,YYxxyxyXXXX,1,16820,501,17
ac19_13391,YXXXYxx,YYXXyyxyxx,6,16822 31788 64789 124297 134673 142552,501,14
ac19_13399,YYXXyXXYx,YYYXXyXYXX,1,16831,501,16
ac19_13402,YXXyx,YYYYYXyyXyXyXX,4,16835 87013 89445 153878,501,18
ac19_13405,YXXyXYx,YYXyXyxYXYX,2,16838 121886,501,15
ac19_13409,YXXXXYxxxxyx,YYYxxxxyXXYxx,4,16844 33566 89317 139840,501,15
ac19_13410,YXXYx,YYYxyXXXyxYXyx,1,16845,501,15
ac19_13425,YYXXyxx,YYYXXYYXYYxx,1,16864,501,18
ac19_13428,YXYXyx,YYXXyyXyXYxxx,1,16868,501,15
ac19_13440,YXyXXXyx,YYYxyxxYXXyyXyX,2,16881 139415,501,19
ac19_13455,YXXyx,YYYXyXyyxxyxYYx,1,16909,501,18
ac19_13474,YYXXYxxyx,YYYXXyxYxx,1,16934,501,18
ac19_13501,YXYXyx,YYYxYXXYXyXXX,1,16971,501,17
ac19_13503,YXXYx,YYYYXyXXYXYYYx,1,16973,501,15
ac19_13514,YXXXyxx,YYXXyxYxxyx,5,16986 37445 58931 65458 136798,501,16
ac19_13518,YXYXyx,YYXYxxYXyyXyXYx,2,16994 104371,501,17
ac19_13523,YXXYx,YYYXXXYxyxYXyx,1,17003,501,15
ac19_13549,YXyXXyx,YYYxxyxyXyX,2,17031 125258,501,17
ac19_13553,YXYXyx,YYxxYXYxyXXyX,4,17037 82048 83960 148586,501,17
ac19_13563,YXYXyx,YYYYXYYxYXyXyXX,2,17049 46103,501,21
ac19_13564,YXXyx,YYYYXYxyyyXyXX,3,17050 94578 128023,501,17
ac19_13565,YYXXXXXyXXX,YXyxxYXXyxx,9,17051 20651 32697 46178 53079 53716 73725 81987 95328,501,17
ac19_13566,YXXyx,YYYYXyxyyyxxYXyxYX,1,17052,501,18
ac19_13588,YXYXyx,YYYYXyXXXXYxx,1,17079,501,19
ac19_13591,YXXyx,YYYXYYXYxyXyyyXyX,2,17082 57409,501,19
ac19_13592,YXXYXXX,YYYYYXyyXyyX,1,17083,501,19
ac19_13599,YXXyxYXXyxx,YYXXyxYXyXXXXX,9,17096 19785 47471 75167 91023 114195 133398 136455 150624,501,17
ac19_13605,YXYXyx,YYXXyXXYxYx,7,17104 27270 36920 54446 93614 114516 119461,501,17
ac19_13627,YXyXXXyx,YYYxxxYXyyXyx,2,17135 154862,501,17
ac19_13642,YXXyXyx,YYYxxyXyxx,3,17155 53972 139969,501,14
ac19_13643,YXXyx,YYYYYXyxyyyx,6,17156 48416 50282 59811 93286 141418,501,15
ac19_13665,YXYXyx,YYYYXyxyXXXXXYx,2,17190 132132,501,19
ac19_13668,YXYXyx,YYXYxYxyXXyXX,2,17193 88269,501,17
ac19_13685,YXXyXXYx,YYXYXXyyx,2,17219 34538,501,13
ac19_13699,YXYXyx,YYYXXYxYYXXXX,2,17239 18706,501,17
ac19_13717,YXYXyx,YYXXXyXyyxYYxyx,1,17258,501,17
ac19_13733,YXXYx,YYYXXyyXYxyx,2,17279 33699,501,13
ac19_13734,YXXyx,YYYXyyyXXyyXYX,1,17280,501,17
ac19_13751,YXXyx,YYYXyXyXyxyyxxYx,2,17305 81447,501,17
ac19_13759,YXyXXyx,YYxYxxxyxyxYX,2,17316 90310,501,18
ac19_13769,YXyXXyx,YYYxyxyxYYxyx,2,17334 152705,501,16
ac19_13795,YYXXyxx,YYYxxYxYXXXX,1,17373,501,19
ac19_13813,YXXYXXyX,YYXyXYXXyyxYX,1,17396,501,15
ac19_13814,YXXXyXYxx,YYXXXYXXXX,3,17397 53150 144662,501,15
ac19_13826,YXXyx,YYYXyxxyxyyXXXXYYX,1,17416,501,19
ac19_13827,YXyXXyx,YYYXyxyyX,6,17417 18177 27613 47843 65457 111956,501,15
ac19_13839,YXYXyx,YYYXXXXyyxx,2,17430 61565,501,15
ac19_13840,YYXXyXyyx,YYxxyxxYx,2,17431 113448,501,18
ac19_13850,YXYXyx,YYXyXXyyXYYxx,1,17456,501,17
ac19_13857,YXYXyx,YYYxYXyyyXXYxyX,1,17464,501,19
ac19_13864,YYXXXXXyX,YXXXyxxxx,20,17477 18907 23743 24657 26689 36445 36473 47736 48893 56728 76116 80824 95373 98799 104267 108521 132681 137944 139180 146121,501,15
ac19_13866,YXXYx,YYYxxyXXYXYXyx,1,17480,501,15
ac19_13876,YXXyx,YYYXyxxyyyXXXYYX,2,17495 74392,501,19
ac19_13890,YXXXYxx,YYXXYYxyX,2,17514 120720,501,16
ac19_13891,YXYXyx,YYYYXyyXyyXYYxx,1,17515,501,19
ac19_13896,YXXYXXX,YYYYXyyyX,3,17522 61693 117435,501,16
ac19_13906,YXYXyx,YYYYYYXyXXXyX,2,17534 60119,501,19
ac19_13913,YXXyx,YYYYYXyxxyxyyXXX,2,17545 49364,501,18
ac19_13916,YXYXyx,YYYxYXXyXXXYYXX,1,17550,501,19
ac19_13920,YXYXyx,YYXyXXyyxxxxxYX,1,17554,501,19
ac19_13936,YXXyx,YYYXYYxyyyxyxx,2,17585 19104,501,18
ac19_13947,YXXXX,YYYYYXyxyyyyx,1,17602,501,14
ac19_13959,YXYXyx,YYYXyxyXXXYxx,2,17616 71216,501,17
ac19_13974,YYXXXXYX,YYXXYYXXyyx,1,17636,501,16
ac19_14000,YXYXXYx,YYYXXyyx,6,17677 29901 73023 73274 102181 139868,501,14
ac19_14008,YXyXXyx,YYXYXyxxxxx,1,17692,501,18
ac19_14013,YXYXyx,YYXXyyXyxxx,5,17698 46363 66725 76743 81540,501,17
ac19_14018,YXYXyx,YYXXYXyXXXYYx,1,17703,501,17
ac19_14019,YXYxyx,YYXXXyyXyxx,3,17704 34986 43870,501,15
ac19_14038,YXXyx,YYYYYXyyXyXXyX,2,17739 136235,501,18
ac19_14041,YXXyx,YYYYXyXXyyyxyxx,2,17742 81021,501,16
ac19_14043,YYXXXyX,YYXYxxyyXyx,1,17744,501,17
ac19_14060,YXXXyXyx,YYxyxxYXyxx,2,17769 63585,501,19
ac19_14094,YXXXyxYx,YYYXYXXyx,3,17814 59038 98825,501,11
ac19_14113,YXXXX,YYXYYXyyxxyyx,1,17836,501,15
ac19_14114,YXYXyx,YYYXyXyXXyxxx,2,17837 29413,501,17
ac19_14118,YXXyxYx,YYYYxxYX,9,17843 34835 67245 69680 120930 130016 135846 137870 143884,501,15
ac19_14133,YXYXyx,YYXXXXXyyxYYx,1,17864,501,17
ac19_14165,YYXXyx,YYYXYXXXX,19,17913 23755 24604 28398 33110 58959 59632 77469 87959 118410 120360 121276 123842 141028 143832 145433 146501 148231 152238,501,15
ac19_14173,YYXYxxyXXyx,YXYxxYXXYxx,11,17922 26909 61749 61874 85482 93114 97056 97390 128697 140853 155697,501,18
ac19_14180,YXYXyx,YYYXyXXXYYxyx,1,17931,501,17
ac19_14181,YXyXXyx,YYXyXYxyxxyXX,4,17932 101247 138518 141191,501,16
ac19_14184,YYXXyxx,YYXXYxyXYx,17,17935 34381 52415 56436 61444 69980 89560 106615 111860 123298 128332 130876 131187 135436 136962 145131 148077,501,14
ac19_14202,YXYXyx,YYYYXyyXXXyxx,1,17957,501,17
ac19_14213,YXXyx,YYYXYxyXyyxyxyxx,2,17979 50563,501,19
ac19_14214,YXyXXyx,YYXYxxxyx,11,17980 37967 57564 77701 97856 100628 119867 130642 135348 143209 144801,501,13
ac19_14215,YXyXXyx,YYXXYxxxyyxx,1,17981,501,18
ac19_14243,YXyXXyx,YYYYxyxxYxyx,2,18028 19019,501,16
ac19_14251,YXYXyx,YYYXXXXyXXYYx,2,18039 96104,501,19
ac19_14257,YXXyXYxxx,YYYYxxyXXX,1,18048,501,14
ac19_14263,YXXyXyxx,YYXYXyXyxxx,1,18055,501,15
ac19_14267,YXYXyx,YYXXyXyyxYYxxyx,1,18061,501,17
ac19_14270,YXXXyXyX,YYXyyXXyX,2,18064 96141,501,16
ac19_14279,YXXyXYx,YYXyXyxxYX,2,18078 143854,501,15
ac19_14283,YYXXYXX,YYXyyXYXXYx,4,18082 53161 75671 148809,501,15
ac19_14302,YXYXyx,YYXyXXYxyXYYx,3,18107 31035 41265,501,15
ac19_14316,YXYXyx,YYYxxxYXXyXyX,2,18126 118740,501,19
ac19_14319,YXYXyx,YYXXXXXyyxYxx,1,18133,501,17
ac19_14333,YXyXXXyx,YYXYxxxxyyx,1,18159,501,17
ac19_14343,YYXXYXX,YYXXYYxYXyXyXyx,3,18171 31318 82003,501,16
ac19_14365,YXXyx,YYYYXYXYxyyyXyXyX,1,18207,501,19
ac19_14385,YYXXXyxyx,YYXXXyXyyX,3,18239 91805 119050,501,16
ac19_14391,YXYXXXX,YYYXXyyXyxYX,1,18248,501,15
ac19_14392,YYXXXXYX,YYXyXXyxxYX,1,18249,501,14
ac19_14404,YXyXXyx,YYxxYXXXyyxyx,2,18267 149254,501,17
ac19_14409,YYXXXXXXyx,YXXXXXyxxxxxx,3,18273 48314 62042,501,16
ac19_14416,YXXyx,YYYYXyXyxyXyyXXX,2,18284 147686,501,18
ac19_14419,YXXXYxx,YYYXXXyxxYYXYX,3,18291 46437 134084,501,18
ac19_14422,YXXYx,YYYXYYXXyxxxyX,1,18297,501,15
ac19_14424,YXyxYXXyx,YYXyXyXYXYxyX,1,18301,501,17
ac19_14426,YXXyx,YYYYYXyxyXyyxyyx,1,18305,501,18
ac19_14429,YXYxyx,YYYXyXyxxxxyX,1,18310,501,15
ac19_14480,YXYXyx,YYYXyyyXyxxYx,1,18380,501,19
ac19_14513,YYXXXyX,YXyxxxYXXyX,7,18432 24267 26822 48566 69184 130300 138752,501,15
ac19_14521,YXyXXyx,YYxYXyxyxyXYXyyX,2,18443 141133,501,17
ac19_14527,YXXyx,YYYYXXXyXyyyxxYx,2,18451 114164,501,16
ac19_14532,YXyXXXyx,YYYxyyXXXyXYxyXyX,1,18457,501,19
ac19_14550,YYXXYxxyXyx,YYxYXYYxYXYx,1,18482,501,21
ac19_14557,YXXYxxyX,YYYYXXXXyxYXX,4,18492 39144 83085 119002,501,15
ac19_14568,YYXXXYx,YYxYXYxyXyX,2,18506 89109,501,16
ac19_14569,YYXXyxx,YYXXXYYxyx,2,18511 64389,501,14
ac19_14572,YXyXXyx,YYXXXyyXyyx,3,18515 87084 100181,501,15
ac19_14576,YXXyx,YYYYXyyxyyXYXXX,1,18520,501,19
ac19_14606,YYXXXXX,YYYYXXyyXyx,1,18559,501,15
ac19_14610,YXYXyx,YYXYxxxxyyXyX,2,18568 79519,501,17
ac19_14617,YXyxYXXyx,YYXyyXYYxyX,13,18575 32703 39223 54260 65784 81391 107721 113094 126344 132599 132816 133121 155634,501,14
ac19_14628,YXYXyx,YYXyyXyXXYYxx,2,18593 46941,501,19
ac19_14673,YXyXXyx,YYxyXXXYXyyxyX,2,18662 70991,501,16
ac19_14679,YXYXyx,YYYYxxyXXXYXX,2,18668 76856,501,19
ac19_14684,YYXXXXX,YYXYXyyX,8,18679 50638 62675 68022 117068 122948 128983 129206,501,14
ac19_14690,YXXXyxx,YYXyXYxyXYxyX,6,18686 42350 91270 105757 107011 138475,501,20
ac19_14702,YXYXyx,YYYYYxyyXyyXX,1,18705,501,19
ac19_14716,YXXyXyX,YYYYXyxyyyx,1,18728,501,15
ac19_14724,YXXyx,YYYXXXyyXyyyxxYx,1,18740,501,18
ac19_14730,YXyXXXyx,YYYxyXXXyXyyX,2,18748 113126,501,19
ac19_14745,YXXyx,YYYXYxYxyXyyXXyX,2,18770 79592,501,15
ac19_14751,YXyXXyx,YYXXyXYxyxyxx,2,18779 115579,501,17
ac19_14775,YXYXyx,YYXXXyXXyxxYx,2,18816 122786,501,17
ac19_14786,YYXXXYX,YYxYXXyXX,2,18834 87141,501,16
ac19_14791,YXYXyx,YYXyXXYXyXYYx,2,18840 147607,501,17
ac19_14797,YXYXyx,YYxxYXyxyXXyX,6,18848 35546 69636 70584 107142 108331,501,15
ac19_14806,YXXyx,YYYXyXyxyXyXyXYX,2,18861 149013,501,16
ac19_14807,YXXYxxyx,YYxxyXXYxyX,2,18864 63121,501,15
ac19_14810,YXXyx,YYYYXyyXXXXXXXyX,2,18867 140840,501,19
ac19_14816,YXyXXyx,YYXyyXyyXXX,2,18876 102750,501,18
ac19_14824,YXYxyx,YYYXyxYxYxx,2,18888 102653,501,15
ac19_14833,YXXYx,YYYxxYXyXYXXyx,1,18900,501,13
ac19_14839,YXYXyx,YYYXyxyyXXXXYxx,2,18909 95608,501,19
ac19_14847,YXyXXyx,YYYxyxyxxYXXyx,2,18921 126239,501,17
ac19_14872,YXXyx,YYXYxYXyxyyXyXYX,1,18962,501,17
ac19_14877,YXXyx,YYYYXyyyXXyXyX,2,18967 50659,501,18
ac19_14888,YXXYx,YYYYXXyxYYXyyyXYx,1,18982,501,18
ac19_14905,YXXyXyxx,YYxYxyxxxYX,2,19008 141763,501,17
ac19_14917,YXXYxxyx,YYXXXyyXyxxyx,1,19023,501,17
ac19_14919,YXXyx,YYYYYXXXyyXyXyXX,1,19026,501,18
ac19_14926,YXXyx,YYYYXyyXXXXXyXX,2,19037 129265,501,19
ac19_14939,YYXXXYxx,YYYXXyyxx,2,19055 31319,501,17
ac19_14945,YXYXyx,YYYYxYXyXXyyX,3,19063 109776 114300,501,19
ac19_14956,YXYXyx,YYYXXXXYYYxyX,1,19079,501,15
ac19_14971,YXXyx,YYYXXXyyyxxxxYx,2,19108 94439,501,19
ac19_14981,YXXYx,YYXYYXXXYYxyx,4,19122 53144 114600 154341,501,15
ac19_15027,YXyxYXXyx,YYXyxYXYXyXyX,2,19188 114380,501,17
ac19_15034,YXYXyx,YYXXXyXXYYx,4,19200 44071 64830 92824,501,17
ac19_15047,YYXXyxx,YYXYxxYxyyX,1,19221,501,16
ac19_15081,YXXXYxx,YYXXyyxxYX,3,19273 70656 145182,501,14
ac19_15093,YXYxyx,YYXXyxxxYYx,4,19289 52385 106733 141809,501,15
ac19_15112,YXXX,YYYxYYxyyXyXyyx,1,19316,501,19
ac19_15113,YXYXyx,YYYYXyXXyXXYx,2,19317 61951,501,19
ac19_15127,YXYXyx,YYYXXYYYXXXXX,1,19335,501,17
ac19_15138,YXyXXXyx,YYXyxxyXXYxyX,1,19352,501,16
ac19_15141,YXyXXyx,YYXyxyxyXYYx,1,19355,501,17
ac19_15145,YXYXYx,YYYxYXyyXYYxyXXyx,1,19360,501,19
ac19_15151,YXyXXyx,YYYXXyxyxx,2,19370 129919,501,16
ac19_15169,YXXXyxx,YYXyXXXYxyx,5,19392 45151 58790 78096 145395,501,16
ac19_15179,YXXYx,YYYXXyXYxyyxx,1,19406,501,15
ac19_15183,YYXXyxx,YYYxxYYxxyXXX,1,19412,501,19
ac19_15189,YXyxYXXyx,YYXyXyxYXXX,6,19421 20524 41782 53035 65103 112861,501,14
ac19_15200,YXYXyx,YYYYXyXXyXYYx,2,19435 98787,501,19
ac19_15216,YXyxYXXyx,YYYXyyXXYxyX,1,19463,501,17
ac19_15228,YXYXyx,YYYXXXyXXYXYx,2,19481 104219,501,19
ac19_15232,YXYXyx,YYxYxyxYXyyXXyX,1,19486,501,17
ac19_15237,YXXyx,YYYYYXyyxxyyXXX,2,19495 86306,501,18
ac19_15242,YYXXXXyx,YYXyXYxyX,3,19501 41161 94851,501,17
ac19_15267,YXYXyx,YYYXyXyxyXyxx,4,19540 83226 116778 127940,501,17
ac19_15270,YXXyx,YYYYXyxxyyXyyXXX,2,19543 78576,501,19
ac19_15271,YYXXYXX,YYXXYYxYxyXyXyX,3,19544 63830 124230,501,16
ac19_15272,YXXyx,YYYXyxxyyXXXXXYX,2,19545 135571,501,20
ac19_15279,YXYXyx,YYXXyXXYxyXYYxx,2,19561 78967,501,17
ac19_15282,YXXyx,YYYXyXyyXXXXXYX,2,19566 60706,501,20
ac19_15293,YXyXXyx,YYYxxYYxyxyx,3,19582 151697 153501,501,16
ac19_15300,YXYXXYx,YYxyXYxyXX,4,19598 37079 60291 89965,501,17
ac19_15303,YXXyx,YYYYYXXXyXyXyyXX,2,19602 92951,501,17
ac19_15315,YXyxYXXyx,YYXyxxxyyx,8,19624 23269 69788 92942 106809 119892 126790 149125,501,17
ac19_15320,YXYXyx,YYxYXyyXXYxyX,3,19629 84417 131764,501,15
ac19_15329,YXYXyx,YYYYxxYXyXXyX,2,19643 61473,501,19
ac19_15332,YXYXyx,YYYxYXyXXXyxx,1,19646,501,17
ac19_15334,YXXX,YYXyyXyyXYYxx,1,19648,501,17
ac19_15347,YXXYx,YYYYYXYXyyXYx,1,19663,501,15
ac19_15356,YYXXyxx,YYXXXYxxYxyx,1,19673,501,13
ac19_15365,YXyXXXyx,YYYxyXyxx,3,19684 23565 107690,501,17
ac19_15378,YXyXXyx,YYXyXYxYxyxyXYXyxyX,2,19701 27497,501,17
ac19_15391,YXYXyx,YYYxyyXXyXyxx,1,19718,501,17
ac19_15407,YXXXYxx,YYxYXXYXyx,11,19746 28458 30694 33353 45925 64724 76304 102565 127818 138197 150825,501,15
ac19_15412,YYXXXXXyx,YYYXXXXyyx,3,19751 100566 148763,501,16
ac19_15441,YXyXXyx,YYxxxYxyxyxYX,2,19799 138207,501,15
ac19_15443,YXXYx,YYYXXyxYXyxYX,1,19805,501,15
ac19_15455,YXXXX,YYYYXXXyyxyX,1,19822,501,14
ac19_15457,YXYXyx,YYXXXyXYXXYYx,2,19825 132325,501,19
ac19_15459,YXXyx,YYYYYXyyXXyxyx,1,19827,501,15
ac19_15460,YXXYx,YYYXYXYxxyyX,4,19830 41298 118185 156017,501,15
ac19_15463,YXXyXYx,YYxYXyxxyXXX,1,19835,501,15
ac19_15481,YXXYx,YYYYYXXYXyxYYX,2,19861 26118,501,15
ac19_15482,YXyXXyx,YYXyyxyXXyX,6,19864 62167 70996 76088 98014 152215,501,16
ac19_15485,YXXYx,YYYXyXXYxyxyx,2,19868 82440,501,15
ac19_15490,YYXyXyxyXYxyX,YXyxYXyxYXyxx,1,19875,501,14
ac19_15494,YXXyXXYx,YXyxYXXXX,7,19882 21193 45840 103483 120977 126264 135585,501,13
ac19_15496,YXXYx,YYYXYxyXYXXyxx,1,19886,501,15
ac19_15502,YXXYx,YYYXyxYXYXyx,2,19897 125736,501,15
ac19_15514,YXYXyx,YYYXXXXyxyyxxYx,2,19912 126470,501,19
ac19_15522,YXYXyx,YYYxyXXYXyyxx,1,19926,501,15
ac19_15527,YXXX,YYYXYYXyyxyyXyx,1,19932,501,19
ac19_15530,YXYXyx,YYYxyXXyyXYYx,2,19935 27938,501,17
ac19_15532,YXXyx,YYYYXyyxyyyxxx,2,19937 142455,501,19
ac19_15539,YXYXyx,YYYYxyXXyyXyx,3,19947 99480 152953,501,15
ac19_15540,YXXYXXyx,YXXXXXXXXyxYxxx,2,19948 123018,501,15
ac19_15551,YXYXyx,YYYxYxyxxyXyXXX,2,19964 64790,501,19
ac19_15562,YXXXYxxxyx,YYYxxxyXYYx,1,19980,501,16
ac19_15565,YXYxyx,YYXXyXyxxYXyx,1,19983,501,15
ac19_15570,YXXyx,YYYYYYXyyyyXyX,1,19991,501,18
ac19_15572,YXyXXyx,YYXYxxyxxxx,1,19993,501,17
ac19_15579,YXYXyx,YYYYYXyXXXXXYxxyX,1,20005,501,19
ac19_15582,YXXXXyXyx,YYxxxxxyXX,2,20011 133586,501,16
ac19_15584,YXyXXyx,YYXYXyxyXyx,2,20015 83246,501,16
ac19_15586,YYXXyxx,YYYXYXyx,10,20017 27382 28682 32853 47501 49619 50783 61343 100786 141059,501,14
ac19_15591,YXXyXyX,YYYxyxYxxyyx,6,20022 95942 117881 123674 136157 155242,501,16
ac19_15594,YXXyx,YYYYXYxYxyyyXyyX,1,20026,501,17
ac19_15596,YXXYx,YYYXXyyXYXYxx,1,20028,501,13
ac19_15615,YXXyx,YYYYXYxyyyyXXX,2,20056 86169,501,18
ac19_15616,YYXXXyxx,YYXyXXYXYYx,1,20059,501,19
ac19_15629,YXXyXyxx,YYXXYxxxx,10,20075 27803 54392 64971 79678 106649 112959 118985 122594 138731,501,16
ac19_15637,YXYXXYx,YYYXXyxYYXX,2,20084 117428,501,16
ac19_15649,YXyXXyx,YYxyxxYxxyxYX,2,20102 75214,501,16
ac19_15669,YXXyxYx,YYYYxYxxyXX,1,20128,501,15
ac19_15671,YXXYXXyx,YXyXYxYXXyX,2,20130 85400,501,15
ac19_15693,YXYXyx,YYYXYxxyyXXXX,2,20163 33816,501,17
ac19_15698,YXYXyx,YYYxYxyxYXyXyXX,2,20172 99434,501,19
ac19_15702,YXyXXyx,YYXyxYxyxxyXX,2,20178 85610,501,16
ac19_15705,YXXyx,YYYYXyXXyxyyyX,1,20183,501,15
ac19_15707,YXYXyx,YYXXyyxYXyxxx,1,20185,501,15
ac19_15711,YXyXXXyx,YYxYxyxyX,4,20190 28196 147604 148023,501,15
ac19_15725,YXXyx,YYYYXXXyXyyxxxxx,2,20211 146465,501,16
ac19_15726,YXXyx,YYYXyxyyXyyXXXYX,1,20212,501,18
ac19_15727,YXXyXyx,YYXYxxxYxyxx,1,20216,501,14
ac19_15728,YXXyx,YYYXyyXyxyXXXX,2,20218 96594,501,12
ac19_15744,YYYXyxyyX,YYXyxxxxx,3,20241 73439 145649,501,17
ac19_15746,YXXyxYx,YYYXyXXYxxxx,2,20243 128129,501,15
ac19_15770,YXXyx,YYXYxyXyXyXXXYX,2,20279 99477,501,17
ac19_15787,YXYXyx,YYXXXyyxxYxYX,1,20305,501,17
ac19_15790,YXYXyx,YYYXXXyXyyxYxyx,1,20312,501,19
ac19_15794,YXyXXXyx,YYXXyXyyx,8,20321 55080 70877 107916 124936 125015 130164 151663,501,13
ac19_15808,YXYXXYxyX,YYYXyXYYXyXX,2,20344 154886,501,18
ac19_15817,YXXyx,YYYYXYYXyyXyyXyX,1,20360,501,18
ac19_15835,YYXXXXyx,YYXYYXXXXXyyX,1,20385,501,17
ac19_15839,YXXYXXyxx,YYxyXYxyXX,3,20390 38478 48032,501,15
ac19_15843,YXYXyx,YYXXyyXXXYxYx,2,20394 50380,501,19
ac19_15844,YXyXXyx,YYYYxyxxYXyyx,2,20395 35996,501,17
ac19_15860,YXXyx,YYYXYXyXyyxxxxx,2,20418 80342,501,16
ac19_15863,YXXyx,YYXYYXyyxyyxxxYx,1,20425,501,18
ac19_15866,YXXXyXYx,YXyxxxyxx,1,20430,501,17
ac19_15872,YXXyx,YYYYYXyxyyyXyXyX,2,20441 73390,501,19
ac19_15873,YXXXyxx,YYXXXXXyXYXyx,2,20443 59342,501,16
ac19_15883,YXXyx,YYYYXYXXXyyXyyXX,2,20456 85650,501,17
ac19_15885,YYXXyx,YYYYxyyXXyyxx,1,20461,501,13
ac19_15897,YXXyx,YYYYXyyyyXXYXX,1,20475,501,18
ac19_15906,YXXyx,YYYXyyXyyxxYxYxx,1,20486,501,20
ac19_15908,YXXYxYxxx,YYxYXyxxyX,3,20489 52400 60092,501,16
ac19_15961,YXXyx,YYYYXXXyXyyxyyxxx,2,20564 26922,501,19
ac19_15969,YXXyXYx,YYxyXyXYXX,8,20577 20848 21516 61095 62205 83992 90666 131589,501,16
ac19_15980,YXYXyx,YYYXYxyXyyXXXYx,1,20595,501,19
ac19_15984,YXXyx,YYYXyyxyXyXXXXX,2,20602 133222,501,19
ac19_15995,YXYXyx,YYYXyXYXyXXYx,1,20615,501,17
ac19_16000,YXXXyxYx,YYYXyXXYXyx,1,20623,501,17
ac19_16009,YXYXyx,YYXyXyXXYxxxx,2,20639 116135,501,17
ac19_16012,YXYXyx,YYYYYYXXyxyXXXX,1,20642,501,19
ac19_16018,YXYXyx,YYYxYXyxyXyXXYx,2,20656 52153,501,19
ac19_16019,YXXyx,YYYXYxyyyXyyXX,1,20658,501,17
ac19_16034,YXXXYxx,YYYYXXyxyxYX,1,20678,501,18
ac19_16040,YXyXXXyx,YYXXyxYxxxyyX,2,20686 97302,501,17
ac19_16045,YXXyx,YYYYXyyyXXyXYX,1,20693,501,18
ac19_16064,YXYXyx,YYYxYXXyXXXYxyXYX,1,20723,501,19
ac19_16068,YXXXyxx,YYXyXYXXyx,8,20727 95679 108004 117181 128756 140401 149704 154344,501,16
ac19_16069,YXYXyx,YYYXYxYXXyXXX,1,20729,501,17
ac19_16078,YYXXyx,YYYYxyyXXyX,4,20738 57544 124546 144748,501,15
ac19_16095,YXYXyx,YYYXXXXXyXYxx,5,20761 23016 105711 107562 134851,501,17
ac19_16098,YXXyXXXXyx,YYXXyxxxxyX,2,20766 131446,501,17
ac19_16099,YXyXXyx,YYXXYxyxYxxyyx,2,20768 79326,501,17
ac19_16102,YXYXyx,YYXXXYYxxyXyX,1,20772,501,17
ac19_16117,YXXyx,YYYYXyyyyXXYxx,1,20797,501,15
ac19_16125,YXXyx,YYYYXyyyxyxxxyx,2,20808 32766,501,19
ac19_16147,YXYXyx,YYYxyyXXyXYYx,2,20843 23843,501,19
ac19_16158,YYXXYYXXX,YYXyxYxYXyyX,1,20865,501,17
ac19_16160,YXYXyx,YYYxYxyXXXyyX,1,20867,501,19
ac19_16163,YXYXyx,YYXyyXXYxYXYx,4,20872 22679 26177 156506,501,17
ac19_16166,YXXyXyx,YYxxxxxyXX,3,20875 54439 129716,501,14
ac19_16178,YYXXXYX,YYXYxYXyyXX,2,20895 153371,501,16
ac19_16198,YXXyx,YYYYYXyxyXyyyxYx,1,20926,501,19
ac19_16210,YYXXYxxyX,YYxxyXyxyX,3,20941 47986 101239,501,18
ac19_16219,YXXyx,YYYYXyyXyxyyxxx,2,20953 128552,501,19
ac19_16221,YXYXYx,YYXyXYxYYxyXXyx,1,20957,501,17
ac19_16224,YYXXyXYYx,YYxYXXYXX,1,20961,501,17
ac19_16231,YXYXyx,YYXXyXyyXYYxx,2,20972 46970,501,17
ac19_16239,YXyxYXXyx,YYXXyXXyxYX,2,20982 148329,501,13
ac19_16250,YXXYx,YYYYxyXXXyxyx,2,20999 35625,501,15
ac19_16263,YXXXyxx,YYXXyxYxxyX,3,21015 49028 124881,501,16
ac19_16269,YXXyx,YYYYYXyXyxyyXyyX,1,21022,501,18
ac19_16276,YXYXyx,YYYXyXYXXXXYx,1,21031,501,17
ac19_16286,YYXXXXyx,YYXXXYXXyXX,4,21044 46185 51554 140735,501,17
ac19_16287,YXXyx,YYYYXyyyyxxYx,4,21045 46011 74393 116954,501,18
ac19_16303,YXXyx,YYXYXyxyXyyXXXX,2,21068 38313,501,18
ac19_16305,YXYXyx,YYYYXyyXXyyxx,2,21076 33819,501,19
ac19_16307,YXYXyx,YYYXyxyXyXXXYxx,2,21080 33981,501,19
ac19_16313,YYYYXXXXX,YYYYXyXyyx,1,21088,501,18
ac19_16324,YXXyx,YYYYXyxyyXXXXX,2,21104 106549,501,18
ac19_16329,YXXXX,YYYYxyXyyyx,2,21112 61156,501,14
ac19_16343,YXXYxYxx,YYxyxyXXyyX,1,21137,501,14
ac19_16354,YXXyx,YYYYXYYxyXyxyyyx,1,21154,501,18
ac19_16358,YXyXXyx,YYYxyxYxxyxyXYX,1,21163,501,18
ac19_16371,YXXXYxx,YYYXYYXXyxxYX,3,21184 21540 54546,501,17
ac19_16384,YXyXXyx,YYxyxYxyxyXYXYx,2,21200 112271,501,17
ac19_16397,YXYXyx,YYYYXXYxYXXXX,2,21221 26341,501,17
ac19_16410,YXYXyx,YYYxyXyyXXYYx,2,21236 54656,501,19
ac19_16416,YXYXyx,YYYxYxyyXyyXX,2,21244 91266,501,19
ac19_16422,YXXyx,YYYYXYxyyyyX,11,21254 34207 60079 63565 67405 74372 96928 113381 115709 122011 130826,501,15
ac19_16423,YYXXXyxx,YXYxYXyXX,2,21258 52758,501,17
ac19_16430,YXXXyxYx,YXYXyXXYxxYXX,2,21269 115976,501,19
ac19_16451,YXXyx,YYYYXYXyxxyyyXXXX,1,21300,501,19
ac19_16454,YXXyxYXXyxx,YYXyXYXXyXXXX,3,21303 60327 119812,501,17
ac19_16461,YXyXXyx,YYXXXyyxyx,4,21314 67885 120066 136603,501,16
ac19_16462,YXYXXYx,YYXYxYxyXyX,2,21315 122013,501,16
ac19_16472,YXXyx,YYYXyyyXXXXXXXyX,2,21332 130478,501,19
ac19_16479,YXyXXyx,YYXXXyyxx,10,21345 74822 75249 96677 98580 115816 123451 142760 145594 149184,501,15
ac19_16481,YXYXyx,YYYYYYYXXyxyXXX,2,21347 125742,501,19
ac19_16510,YXXyx,YYXYXyyXyyXXXX,2,21393 95138,501,17
ac19_16512,YXYXyx,YYXXyXXYxYXYx,2,21397 138042,501,17
ac19_16513,YXXYx,YYYXYYXyyyxxYX,2,21398 135294,501,18
ac19_16521,YXYXyx,YYXyxyXyyxYxx,1,21407,501,17
ac19_16530,YXYXyx,YYXXXXyyxxxxx,2,21416 154688,501,19
ac19_16533,YXXyx,YYYYXYXyxyyyXX,2,21421 26286,501,17
ac19_16557,YXXyx,YYXYXyyXyXXXXYX,2,21454 69303,501,20
ac19_16562,YXYXyx,YYYYYXXyXXXYX,1,21462,501,19
ac19_16568,YXYXyx,YYYXXXXYYXXYx,1,21469,501,17
ac19_16570,YXXyx,YYYYXyxxyxyyyXXXX,1,21471,501,19
ac19_16572,YXyXXyx,YYYYxxxyXyx,5,21474 48601 57051 63390 103577,501,15
ac19_16588,YXYXyx,YYYYYxyXXXXYYXX,1,21497,501,19
ac19_16611,YYXXyxx,YYXYxxYxxYXX,1,21525,501,18
ac19_16616,YYXXXyX,YXyxxyXYx,2,21530 52124,501,16
ac19_16618,YXyXYxx,YYXYXYXyxYx,2,21532 65850,501,15
ac19_16631,YYXXXYX,YYYXXyxYXyX,2,21550 84630,501,15
ac19_16637,YXyXXyx,YYYXyXyxxyx,4,21563 149541 151552 155747,501,16
ac19_16644,YXYXyx,YYYXyxyXXXyXYYx,2,21571 139440,501,19
ac19_16655,YYYXXXyxx,YYYXXyxxYXX,3,21590 101565 124423,501,15
ac19_16657,YXyxYXXyx,YYYXyyXYxyXX,1,21594,501,17
ac19_16660,YXXXyXYx,YYXXyXYxxxyXX,1,21605,501,17
ac19_16665,YYYXXXX,YYYXyyxyyx,3,21612 131027 138326,501,16
ac19_16694,YXyXXyx,YYxyxxxYxyxYX,2,21653 80123,501,17
ac19_16706,YXYXyx,YYXYxyyXyXyxxYx,1,21671,501,17
ac19_16708,YXYXyx,YYYYYYxyyXXXYxyyX,1,21673,501,19
ac19_16714,YXyXYxx,YYYYYXyxx,3,21680 57287 134550,501,16
ac19_16727,YXyXXyx,YYXXyXXXyyxyx,1,21700,501,16
ac19_16728,YXyXXyx,YYxxxxxyxYX,4,21701 33163 115057 144758,501,16
ac19_16730,YXXYx,YYYXyyyxYYYXX,1,21705,501,15
ac19_16731,YYXXXyx,YYYYXyyXyX,2,21706 137886,501,15
ac19_16738,YXyXXyx,YYXYxyxxxYxyx,1,21717,501,17
ac19_16768,YXyXYxx,YYYXXyyXyxx,1,21766,501,15
ac19_16808,YYXXXXyXX,YXXXXXyxxxxxx,9,21830 22514 28325 46608 86985 107632 109670 118474 125468,501,19
ac19_16831,YYYXXXX,YYXYXYXXyyx,2,21864 96863,501,14
ac19_16842,YXXyx,YYYXyyxyXXXXYX,2,21877 155864,501,18
ac19_16845,YXXXyXyX,YYYXyxxxyyX,1,21881,501,15
ac19_16855,YXXyx,YYYXYYxyyxyyXXX,2,21898 70725,501,18
ac19_16869,YXYXyx,YYXyXXYXXXYYx,2,21926 77052,501,17
ac19_16873,YXXXXYx,YYXXXYXXyXYxx,1,21932,501,17
ac19_16878,YXyxYXXyx,YYXyxYXyyXXyX,1,21938,501,17
ac19_16883,YYXXYxYXyx,YYXyxYXyxYXyx,1,21945,501,16
ac19_16899,YXyXXXyx,YYXyXXYxyxxyx,2,21968 56701,501,19
ac19_16903,YXYXyx,YYXyXyXyxxxYX,1,21974,501,15
ac19_16905,YYXXXYX,YYYYXXyyX,4,21977 30514 82337 105209,501,15
ac19_16926,YXYXyx,YYYxxYXXyxyyXXX,1,22020,501,19
ac19_16952,YXYXyx,YYXYxyXXXyXYx,2,22068 108510,501,15
ac19_16956,YXYXyx,YYYXXyXXXYYxx,2,22072 57741,501,19
ac19_16961,YXXyx,YYYYXyyyXyXyXXX,1,22079,501,19
ac19_16967,YXYXyx,YYYXXyxyXXXYxxx,2,22086 22714,501,17
ac19_16968,YXXXXYx,YYXXYxyXXyx,3,22087 59973 64256,501,17
ac19_16979,YXYXyx,YYYxyyXXyyyxx,1,22104,501,19
ac19_16980,YYXXYxYXXYx,YYYXXYxYXyyxxyX,4,22106 25497 52928 96446,501,15
ac19_16981,YXyXXXyx,YYXyXyyXX,3,22108 117654 122977,501,17
ac19_16992,YXXyx,YYXYXYYXyyXyXyXX,2,22124 37760,501,18
ac19_17015,YXXyx,YYXYYxyyxyxyxxYx,1,22160,501,18
ac19_17033,YXYXyx,YYXXXyXXYxYYx,2,22182 38963,501,19
ac19_17035,YXXyx,YYYYXyyXyyyXXX,2,22184 83130,501,19
ac19_17045,YYXYXyXXyX,YYXyyXYYXyX,11,22199 24180 29249 50088 80867 83011 112207 134830 135686 153397 153879,501,18
ac19_17059,YXyXXyx,YYXyxyXyxYX,4,22218 36443 64047 107594,501,13
ac19_17062,YXYXyx,YYXyXXXYXXYYx,2,22222 97975,501,19
ac19_17063,YXYXyx,YYXYxyXXXyyXyxYYx,2,22223 75895,501,19
ac19_17065,YYXXyxx,YYYYYYXYXYx,7,22225 35163 39350 59011 96161 116117 143725,501,16
ac19_17070,YXXyx,YYYXyyyXXXYXXX,2,22230 58568,501,18
ac19_17098,YXyXXyx,YYXXyyxyXX,2,22277 47006,501,17
ac19_17100,YYXXyXYYx,YYxYXYXXX,1,22281,501,15
ac19_17112,YYXXXYxYx,YYYxYxYXXX,1,22299,501,15
ac19_17131,YYXXXyX,YYYXyyXX,5,22329 33833 68779 76688 117662,501,15
ac19_17140,YXXyx,YYYYYYXyyyyyyXyx,5,22341 78577 96690 99486 115559,501,17
ac19_17156,YYYXXYXyX,YYXXYYXXX,6,22368 47315 61085 99700 122212 139109,501,17
ac19_17164,YXYXyx,YYXXyXXyyxYYxyx,1,22379,501,17
ac19_17171,YXYXyx,YYYYYxyXXXyxyXX,2,22390 46505,501,19
ac19_17183,YYXYXyXyX,YYxyxxyXX,1,22405,501,15
ac19_17198,YYXXYxxyX,YYxyXyxxyX,7,22427 74586 92041 94843 102140 103161 122719,501,15
ac19_17204,YXXXyxYx,YXYxyXXYxyX,2,22437 121118,501,17
ac19_17205,YXYxyx,YYXyxYYxxYx,6,22438 55297 65702 66499 96263 136226,501,15
ac19_17211,YXXYx,YYYYxYXyyyXyyxyx,1,22446,501,15
ac19_17212,YXYXyx,YYYXXXXyyyxxx,2,22447 61997,501,19
ac19_17213,YXYXyx,YYYYYXyXXyyxx,1,22448,501,19
ac19_17274,YXyXXyx,YYYYxyyxxYXXyXyx,2,22538 114499,501,17
ac19_17292,YXyXXyx,YYYXyyXXyxyX,3,22564 109095 111117,501,15
ac19_17295,YXXyx,YYYYYYXyyyyyX,4,22569 35881 42310 63374,501,17
ac19_17312,YXXXX,YYYYxyxxyxyyyx,1,22597,501,14
ac19_17313,YXyXXyx,YYXXyXXYxyxyx,2,22598 69767,501,16
ac19_17320,YXYXyx,YYYYYxyyXXyyx,1,22608,501,17
ac19_17322,YXXX,YYYxYYXyyXyyXyx,2,22610 43538,501,19
ac19_17325,YXXyx,YYYXyXyXyyXXXXX,1,22615,501,20
ac19_17329,YXYXyx,YYXYxxYxyXXyX,3,22621 53612 77099,501,17
ac19_17343,YYYXXXXyyx,YYYYXXyyyyx,12,22638 28500 37735 83534 91474 96896 102218 105969 120168 127529 135190 141875,501,15
ac19_17356,YXXyx,YYYYYXyyXyyxxx,3,22656 27952 44459,501,18
ac19_17372,YXXyx,YYYYXyxyXyXyXXYx,2,22686 120899,501,15
ac19_17373,YXYXyx,YYXXXyyXYxYYx,3,22687 64440 102193,501,17
ac19_17378,YXXX,YYYXYYxyXyyxyyx,1,22694,501,19
ac19_17387,YXYXyx,YYXXXyyxYxx,7,22705 36549 57173 71748 81750 117378 138613,501,15
ac19_17396,YYXXXYx,YYxyXyxYXX,3,22716 73660 100264,501,15
ac19_17401,YYXXXYx,YYXyxxyXyx,8,22724 32544 75829 98108 105616 122909 141880 155397,501,15
ac19_17403,YXXyx,YYYYXyxxyyXXXXX,2,22726 84425,501,19
ac19_17422,YYXXXXX,YYYXXXyyx,5,22756 110737 110885 112384 153233,501,10
ac19_17433,YXXyx,YYYXyyxyXyyXXYX,2,22768 150526,501,18
ac19_17446,YXXyXYx,YYXXXXyxxYX,5,22787 32126 81581 114268 149567,501,16
ac19_17455,YXXYxYxx,YYxyxxyXyXX,1,22796,501,15
ac19_17480,YXYXyx,YYYXXXXXXYx,4,22832 74493 81453 91263,501,17
ac19_17484,YXyXXXyx,YYYxxYxxyxYxyyX,1,22839,501,19
ac19_17496,YXYXyx,YYYxyyXXyyxYx,2,22857 74922,501,17
ac19_17498,YXYXyx,YYXyyXXyxxx,5,22859 95518 109464 115126 153656,501,17
ac19_17526,YXYXyx,YYXyyXyyxxYxx,2,22901 133710,501,19
ac19_17530,YXYXyx,YYYYxYXyyXX,9,22906 25540 31776 38133 42994 78278 106146 114575 153406,501,17
ac19_17550,YYXyxxxyyx,YYXXXYXXyyx,2,22940 123448,501,19
ac19_17552,YXYxyx,YYYxYXyxYxx,8,22943 36779 54140 70070 75245 117903 131361 137654,501,15
ac19_17556,YXXyx,YYYXYxyXyXyXXXXX,1,22947,501,20
ac19_17569,YXYXyx,YYYXyXyyxyxxx,2,22966 60318,501,19
ac19_17576,YXyXXyx,YYXyXYxxxxyyX,2,22976 65377,501,15
ac19_17578,YXXYx,YYYXXyyxYYX,8,22980 51833 79951 80546 123721 134989 136160 156456,501,15
ac19_17581,YXXYx,YYYXyyxYXyxyyx,2,22983 84358,501,18
ac19_17592,YXyXXyx,YYXyyxxYYxx,5,23003 56138 70501 88622 144555,501,15
ac19_17611,YXXyx,YYYYYXyyyyXXX,3,23036 133161 156187,501,18
ac19_17613,YXYxxyXyx,YYYYXXyyyx,1,23039,501,19
ac19_17621,YXYXyx,YYYxyXyxyXyXXYx,1,23049,501,17
ac19_17629,YYXXyx,YXyxxxxyXyx,4,23063 24275 46313 88128,501,13
ac19_17634,YYXXXyX,YYXyxYXXyyx,1,23071,501,15
ac19_17638,YXYXyx,YYYXyyyXXXYYx,2,23077 65586,501,19
ac19_17639,YXyXYxx,YYYXYXYx,4,23078 25741 43015 141970,501,15
ac19_17644,YXYXyx,YYXyyXXXYXYxx,2,23086 88776,501,17
ac19_17645,YXXXYxxxyx,YYxxxyXYXyX,6,23087 58797 61875 70556 122763 127469,501,13
ac19_17646,YYXXXyyxx,YXXXyXyxxx,1,23088,501,15
ac19_17651,YXYxyx,YYXyxYxxYxx,8,23093 27818 50117 75993 76074 108659 110197 143719,501,15
ac19_17652,YXXyx,YYYYXYXyyXyyxxx,2,23095 148183,501,17
ac19_17655,YXYXyx,YYXYxyXyyXyxxxx,2,23098 104758,501,19
ac19_17663,YYXXyxx,YYYYXyxYX,3,23110 139060 144638,501,16
ac19_17672,YXYXyx,YYXYxyXyXXyxxxx,1,23122,501,17
ac19_17726,YXXyxYx,YYYXyXXYxxxyX,1,23207,501,16
ac19_17727,YXYXXYx,YYXYXXyyxx,2,23208 52670,501,14
ac19_17762,YYXXXYXX,YYxYXXyyX,1,23253,501,13
ac19_17769,YXYXyx,YYXyyxyXyxxYx,1,23270,501,17
ac19_17771,YXYXyx,YYYxyXXyXXYYx,2,23276 94760,501,19
ac19_17777,YXXYx,YYYXyyXYXYxx,3,23287 110396 147724,501,15
ac19_17793,YXYXyx,YYYYXXXXXXYYx,2,23309 40321,501,19
ac19_17807,YXYXyx,YYXXyxyXyyxxx,1,23335,501,17
ac19_17810,YXXyx,YYYYXyXyxyyyxxx,2,23339 80126,501,18
ac19_17818,YXXyx,YYYXYXYXyXyyyXX,1,23351,501,17
ac19_17821,YYXXYXXyX,YYXXYXyXyx,5,23355 51026 64956 70185 72916,501,16
ac19_17827,YXXX,YYYXYYxyyyxxyyX,1,23363,501,17
ac19_17828,YXXyx,YYYXYYxyyXyyXX,2,23367 26618,501,18
ac19_17841,YXYXyx,YYXyXXXYxYx,6,23389 37480 41076 57753 66535 101917,501,17
ac19_17844,YXYXyx,YYxYXYxyXyXyyxx,1,23392,501,19
ac19_17849,YXYXyx,YYYXyyXXyyxYx,2,23400 75189,501,17
ac19_17856,YXyXXXyx,YYXXyyXyX,4,23408 34715 60933 71276,501,17
ac19_17861,YXXYx,YYYXYYxYXyxyyX,3,23414 93294 123823,501,15
ac19_17867,YXXYXXyxx,YYxxYXXXyXX,1,23425,501,19
ac19_17878,YXYXyx,YYXyXXXyxxxxx,2,23442 25821,501,19
ac19_17894,YXXyXYx,YYxyxxxyXyXX,1,23470,501,16
ac19_17899,YXYXyx,YYXyyXyyxxxxyxxyx,1,23478,501,21
ac19_17909,YXXYXXyx,YYxyxxxyXyx,2,23497 103827,501,3
ac19_17921,YXyXXyx,YYxyxYXYYxyxxyx,1,23512,501,17
ac19_17923,YXXYx,YYXYYXXyyxxxyX,1,23514,501,15
ac19_17924,YXyXXyx,YYxxyxxyXXX,2,23515 104778,501,17
ac19_17931,YXXyx,YYXYYxyxyyxxxxx,2,23525 76930,501,19
ac19_17939,YXYXyx,YYXXyXXYxYxyx,3,23535 72089 144448,501,15
ac19_17957,YYXXXXyx,YXyxYXXXyxx,3,23562 77328 149490,501,17
ac19_17985,YXYXyx,YYYXYxyXXyXXyxxYx,1,23602,501,19
ac19_18012,YXYXyx,YYYXYxyXyXXYx,4,23647 62398 86703 94532,501,17
ac19_18045,YXXXyxxYx,YYXyxxYXYx,1,23697,501,17
ac19_18047,YXXyx,YYXYYXyXyxyXyyXX,2,23699 118774,501,18
ac19_18054,YXYXyx,YYXXXyXyxxxYx,2,23706 32080,501,19
ac19_18056,YXXXXYxYx,YYYXXYXXYx,1,23710,501,18
ac19_18062,YXXyx,YYYYXyXyXyXXXXX,1,23722,501,20
ac19_18079,YXYXyx,YYXYxYXXXyyxx,2,23742 59266,501,17
ac19_18080,YXyXXyx,YYXyyXyxxYX,2,23744 25121,501,17
ac19_18091,YXXYx,YYYXYxyyXYYYXX,3,23759 88797 146628,501,15
ac19_18099,YXXyx,YYYYXyyxYXyyxx,1,23772,501,15
ac19_18101,YXXYx,YYXYXyyxYXyxx,2,23774 125184,501,15
ac19_18102,YXXX,YYYXYYxyxyXyyyX,1,23776,501,17
ac19_18107,YXXyx,YYYYXyXXyXyyyXX,1,23784,501,18
ac19_18110,YXXYxxyX,YXYxYXXyXYx,2,23787 65993,501,13
ac19_18122,YXXXyXYx,YXyxxyxxx,6,23804 29761 44616 77482 116198 146987,501,16
ac19_18125,YYXXYXYYXXX,YYYxyyxYXXyX,1,23812,501,21
ac19_18143,YYXXXYXX,YYYXYXyyX,1,23844,501,17
ac19_18147,YXYXyx,YYXXyyXYXXYYx,2,23851 90685,501,17
ac19_18153,YXXYx,YYYXYYxYYXyyX,1,23863,501,15
ac19_18156,YXXYxxyx,YXyxYxYXXXyxx,2,23867 43333,501,19
ac19_18168,YXYXXYx,YYxyXyxxxyXX,1,23887,501,14
ac19_18190,YXXYxxyx,YYXXXyyxyxx,1,23919,501,17
ac19_18203,YXYXyx,YYYXyyXyXXYYx,2,23941 24055,501,19
ac19_18204,YXXYxxyx,YYxxxxxyXyXYX,1,23944,501,19
ac19_18207,YXYXyx,YYxyXXyXYXyXYxx,2,23948 151302,501,17
ac19_18209,YXYXyx,YYYYXyxyXXyyyxx,1,23951,501,19
ac19_18221,YYXXXYX,YYXYYxyXXyX,1,23967,501,16
ac19_18233,YXXYXXyx,YYYXXyXXX,8,23982 32571 44153 53328 61983 92701 118457 150686,501,14
ac19_18237,YYXXXXX,YYXyXyyxYYXX,1,23988,501,15
ac19_18240,YXYXyx,YYYXXyyyxxx,4,23993 29380 82771 84028,501,17
ac19_18255,YXXyXyx,YYXXyXYxxxyx,1,24014,501,14
ac19_18257,YYXXXYx,YYXyXYxYXyx,2,24019 91442,501,15
ac19_18264,YXXyx,YYYXyxxyyyXXYXYX,2,24028 142298,501,19
ac19_18273,YXYXyx,YYYXyyyXyxx,4,24040 98864 126354 141686,501,17
ac19_18282,YXYXyx,YYYYYXXXXXXYYXX,2,24052 24511,501,19
ac19_18285,YXXYx,YYXXyxyXYYxyx,1,24056,501,15
ac19_18287,YXYXyx,YYxYYxyXyXXYX,2,24058 101802,501,19
ac19_18301,YXYxyx,YYXyXXyxYXyyx,1,24079,501,15
ac19_18309,YXXyx,YYYYYXyyyyyXYx,6,24093 30150 52772 67504 96004 123485,501,15
ac19_18318,YXXYx,YYXYxxyXYXyyx,2,24111 57370,501,15
ac19_18323,YYXXyxx,YYXXYYxYXYx,7,24116 48132 51797 67812 103242 117354 132948,501,15
ac19_18329,YXyXXXyx,YYXyXYXyxyXyX,1,24127,501,19
ac19_18333,YXXYx,YYYXXyyxyyxyyx,2,24131 52645,501,18
ac19_18365,YXYxyx,YYXyXXyxxYXyx,1,24181,501,15
ac19_18375,YXXYxxyX,YYXXyxxYXyX,3,24199 103820 127577,501,14
ac19_18380,YXYXyx,YYYYXXXXXXXYx,2,24206 117207,501,19
ac19_18385,YXYXyx,YYYxYXyxyXXyXYx,1,24213,501,17
ac19_18394,YXYXyx,YYYXXXYXXXXXYYx,2,24227 110159,501,21
ac19_18400,YXyXXXyx,YYXyXYxYxyxYxxyyX,1,24235,501,19
ac19_18405,YXyXXyx,YYxxyxxYX,11,24241 24743 46284 78759 82139 82586 89549 102597 118709 136885 151437,501,16
ac19_18410,YXXyXyxx,YYYXyxxYYxx,1,24248,501,17
ac19_18412,YXYXyx,YYXXyXyyxYxxx,2,24250 85580,501,19
ac19_18413,YXYxxYXyxYXyx,YYXYxxYYxxYXyx,1,24252,501,18
ac19_18417,YXYXyx,YYYYXyyXyyyxx,2,24260 122754,501,19
ac19_18432,YXXyx,YYYYXYxyxyyyXXX,2,24289 154384,501,18
ac19_18435,YXYXyx,YYXyyXyyxxYYx,2,24294 130326,501,19
ac19_18436,YXXyx,YYYYXyXyyXyyXX,3,24295 32968 96642,501,17
ac19_18446,YXyXXyx,YYYXyyxyyX,2,24308 133051,501,17
ac19_18450,YYXXYXXyX,YYxYXXyyX,1,24317,501,18
ac19_18466,YXYXyx,YYYxyyXyXXYYx,2,24352 91829,501,19
ac19_18475,YXXyx,YYXYXYYxyXyyxyxx,2,24367 123787,501,15
ac19_18485,YXYXyx,YYYXyXXyyxxxx,2,24385 57820,501,19
ac19_18499,YXXyx,YYYYXXXyyyXyyXX,2,24406 102685,501,17
ac19_18505,YXYXyx,YYXyXXyXYYx,5,24415 45215 92440 99033 109606,501,17
ac19_18516,YYXXyxx,YYXYXXYYxyx,1,24430,501,17
ac19_18524,YXXXYxxxyx,YYxYxxxyXXX,1,24442,501,16
ac19_18525,YXXyx,YYYYYXyXyxyXyXX,4,24444 31565 33846 58226,501,18
ac19_18527,YXYXyx,YYXyXXXyxxxYx,6,24446 76263 85979 97191 131940 136362,501,17
ac19_18529,YXXyXYx,YYYxxyxyXXXX,1,24449,501,15
ac19_18538,YXyXXyx,YYxxyxYXyxxYX,1,24465,501,15
ac19_18548,YXYXyx,YYXyXXXyxxYxyxx,2,24483 135311,501,17
ac19_18553,YXYXyx,YYXXXyXyxxYYx,2,24492 151366,501,17
ac19_18554,YYXXYXyyx,YYxYXXXyX,1,24494,501,17
ac19_18559,YXYXyx,YYYYxYXyyXyXX,1,24502,501,19
ac19_18562,YYXXYxYXXYx,YYYXXYxYXYYX,2,24508 131670,501,16
ac19_18565,YXXYx,YYXYXyyxxxyyX,4,24513 41777 134893 155907,501,15
ac19_18571,YXYXyx,YYYXyXyXYXYxx,1,24521,501,17
ac19_18574,YXYXyx,YYXYYXyXXyyxYYx,1,24528,501,17
ac19_18575,YYXXXXYxx,YYXYYXXXYx,2,24529 116150,501,18
ac19_18577,YYXXXyX,YYXyXYXYxyyX,1,24532,501,15
ac19_18581,YXXYx,YYYYXYXyxYXyyx,1,24537,501,18
ac19_18585,YXYXyx,YYXYxYYXXXyyX,1,24541,501,17
ac19_18594,YXYXXXX,YYXXyXyXYx,3,24561 71346 122337,501,16
ac19_18600,YXXYx,YYXYXYxxYXyyX,3,24572 61574 115972,501,15
ac19_18601,YXYXyx,YYYXyyXyyyxxx,2,24574 119273,501,19
ac19_18637,YXXYx,YYYYXYXXXYxyx,1,24626,501,15
ac19_18644,YYXXyxx,YYXXYxYxyX,1,24637,501,16
ac19_18650,YXYXyx,YYYXXXyxxyyxx,1,24644,501,15
ac19_18652,YXXyx,YYYXYXyyXyyyXX,2,24650 115503,501,18
ac19_18660,YXXXyxx,YYXyXYxyxxx,4,24660 123182 123988 149713,501,16
ac19_18661,YXYXyx,YYXyXXXYxxx,6,24663 36668 39360 46324 95199 116553,501,15
ac19_18664,YXyXXXyx,YYXyyxxYXXyxx,3,24666 51665 66143,501,17
ac19_18702,YXyXXyx,YYYxxxYYxyxyXyyX,2,24729 150957,501,17
ac19_18708,YYXXXYx,YYYXXYXyxYX,2,24740 25945,501,17
ac19_18718,YYXXXXYX,YYXYxxyyXXX,1,24753,501,14
ac19_18721,YXYXyx,YYYxYXyxyXXyyxx,1,24759,501,19
ac19_18747,YXXyx,YYYXYxyyyxx,14,24796 25745 53213 54216 61421 65321 103519 112925 115295 119384 124804 140449 142888 144792,501,15
ac19_18756,YXYXyx,YYYYXyxyXyXyyxx,1,24806,501,19
ac19_18762,YXYXyx,YYYxyXXyyXyxx,3,24816 59288 147650,501,17
ac19_18779,YXXyx,YYYYXyXyXyyyxxx,2,24840 125411,501,17
ac19_18782,YXXX,YYXYYXyyXYYXyyX,1,24843,501,19
ac19_18784,YXXXX,YYYYXyyXyyx,2,24845 70583,501,16
ac19_18792,YXyXXyx,YYXYxyXyyxYXyxx,2,24855 86048,501,18
ac19_18817,YXYXyx,YYXyyXyxxyxxx,2,24898 112908,501,17
ac19_18827,YXXyx,YYYYYXyXyXyxyx,3,24916 62945 126706,501,15
ac19_18834,YXYXyx,YYYxyXyXXyyxx,2,24929 77255,501,19
ac19_18837,YXXyx,YYYXYYxyxyyyxxx,2,24933 141440,501,18
ac19_18843,YXYXyx,YYYXyXXXXYYxxyx,1,24940,501,19
ac19_18844,YYXXXyX,YXyXXYxxxyx,10,24941 33610 58105 71157 77784 93780 114096 119109 146446 149540,501,15
ac19_18849,YXyXXyx,YYYXyxyxyXYx,1,24946,501,15
ac19_18852,YXXYx,YYXXyyxyxYxyX,3,24954 34920 143175,501,15
ac19_18873,YYXXXyxx,YYXYXXXYx,11,24988 25269 31043 38460 38976 60899 87156 89318 99276 128449 149760,501,17
ac19_18887,YXyXXyx,YYXYxxyXyyX,8,25012 28658 34814 59457 135630 140294 146502 147146,501,16
ac19_18891,YXYXyx,YYXyXXXXYXYYx,2,25016 134961,501,19
ac19_18913,YYYXyyX,YXYXXXX,6,25046 70814 88532 137591 139004 148065,501,14
ac19_18921,YXXyx,YYYYXyyxyyXXXXyX,1,25059,501,20
ac19_18924,YXYXyx,YYYXYxxyyyXXXYx,2,25063 126831,501,19
ac19_18927,YXYXyx,YYYYXyXXXYYXX,2,25068 79821,501,17
ac19_18936,YYXXXXXyX,YXXXXXXyxxxxx,4,25082 69042 71173 123807,501,16
ac19_18945,YXYXyx,YYYxxYXyXyyXX,2,25098 48023,501,19
ac19_18957,YXXyx,YYYXyxyyxxxxYx,2,25126 105730,501,18
ac19_18963,YXXyx,YYYXYXyyyXyyXX,2,25139 62479,501,17
ac19_18965,YXXX,YYYXYYXyXyyxyyx,1,25141,501,19
ac19_18971,YXYXyx,YYYYXyxyXXyXXYx,2,25149 33244,501,19
ac19_18993,YYXXyXyyx,YYxxYxxyx,1,25181,501,17
ac19_18994,YXYXyx,YYXyXXyxxYx,6,25182 42610 95670 116185 130456 132589,501,13
ac19_18997,YXXyx,YYYYXyyXyXyXXyXX,2,25189 146742,501,20
ac19_19026,YYXXXyx,YXyxxxYXXyx,3,25239 25829 75964,501,15
ac19_19027,YXYXyx,YYYxYXyXXyXYxyX,2,25240 62411,501,17
ac19_19033,YXyXXyx,YYYYxxyyx,3,25249 73368 83061,501,15
ac19_19040,YXXYx,YYYXYYYXXYXyyx,2,25259 96303,501,15
ac19_19052,YXXX,YYYYXyyxYxyxyyX,1,25277,501,17
ac19_19076,YXYXyxYXyxxx,YYxyXYxyXYxyX,1,25307,501,17
ac19_19080,YYXXXYxx,YYYYxxYXXXX,1,25312,501,19
ac19_19083,YXYXyx,YYXYYxyXXyXYx,1,25317,501,15
ac19_19084,YXYXyx,YYXXYxYYXXyyX,1,25318,501,17
ac19_19100,YXYXyx,YYXyyXyxyxxxx,2,25341 111800,501,19
ac19_19113,YXXX,YYYYxyXyyxyyx,2,25358 122308,501,17
ac19_19115,YXXyx,YYYYXXYxyxyyyxxx,2,25360 104738,501,18
ac19_19116,YXYXyx,YYYxxYXyxyXyXyX,1,25361,501,19
ac19_19117,YXXXX,YYYYYXyyyxyyx,1,25363,501,18
ac19_19118,YXYXyx,YYXYxxYXyXyXX,6,25365 35849 62165 65439 78363 90084,501,17
ac19_19132,YXYxyXXyx,YYYXyyxYXyx,3,25395 69117 103775,501,16
ac19_19133,YXXyx,YYYYYXyXXyxyyx,1,25396,501,15
ac19_19142,YYXXyxx,YYYxxxYXXyXX,1,25407,501,18
ac19_19144,YYXXYXXyX,YYxxyXXXX,5,25409 55668 68517 107161 128546,501,18
ac19_19153,YXYXyx,YYYXyXXXYXYxx,1,25421,501,19
ac19_19163,YYXXyxx,YYYxYXYX,8,25438 41144 82116 142137 144506 145739 148855 149021,501,15
ac19_19167,YXYXyx,YYXYxyXXyXYYx,10,25444 28856 37858 52334 94938 101275 111279 113216 143913 152902,501,17
ac19_19168,YYXXXYxx,YYYYYXYYX,1,25450,501,17
ac19_19173,YXYXyx,YYYXXyyXyxxxx,2,25457 140247,501,19
ac19_19189,YXyXXyx,YYYYxxxxxxyX,1,25479,501,16
ac19_19190,YYYXXXyxx,YYYXXYxxyXX,1,25481,501,19
ac19_19201,YXYXyx,YYYYxxYXXyxyXXX,2,25503 54068,501,19
ac19_19211,YXyXXXyx,YYxyXXyyxYX,2,25517 65901,501,17
ac19_19218,YXXX,YYYYxxyyxyyxyyx,3,25529 58807 58816,501,17
ac19_19219,YYXyxYXyx,YYXXYxxyX,7,25530 101600 106770 132510 132975 137469 154460,501,10
ac19_19230,YXYXyx,YYYxxyXyxyXXX,2,25547 76098,501,17
ac19_19234,YYXXYXX,YYXyyXYxxyyx,1,25553,501,15
ac19_19239,YYXXXXYxx,YYYxxyyXXX,1,25563,501,15
ac19_19245,YYXXXyxx,YYYYXyyxyyX,1,25570,501,19
ac19_19258,YXXYx,YYYYXYYYXXYXyx,2,25588 63524,501,15
ac19_19260,YXYXyx,YYXYxyXXXXXyxYxxx,1,25590,501,17
ac19_19275,YYXXyxx,YYYYYXYxYYX,2,25609 58895,501,15
ac19_19286,YXYXyx,YYYYYYYXyyXXX,2,25629 95832,501,19
ac19_19288,YXYXyx,YYYXXyXXXYYxxyx,1,25635,501,19
ac19_19299,YXyXXyx,YYxxyxxxxYX,1,25653,501,17
ac19_19304,YXYXyx,YYXYxxYXXyXyX,2,25661 76431,501,17
ac19_19307,YXXYx,YYYXyyxxxyXXyx,1,25665,501,15
ac19_19308,YXYxyx,YYXyXyxxxYx,4,25667 69188 122802 153033,501,15
ac19_19313,YYXXyxx,YYXXYxYxyx,3,25678 59920 156525,501,14
ac19_19321,YXyXXyx,YYYXyXyxxyX,3,25692 62897 123121,501,11
ac19_19325,YXXyx,YYYXyXyxyyxyxYx,3,25700 57334 58063,501,17
ac19_19328,YXXyx,YYYXyXyxyXXXXXXYX,2,25705 88498,501,21
ac19_19335,YXXYx,YYYXXyXYYxxYX,1,25714,501,13
ac19_19338,YXXXXyxxx,YYYXyXyXXX,1,25717,501,15
ac19_19360,YXYxyx,YYYxxYYxx,10,25760 29887 59604 67597 69281 71722 84584 91529 113306 134381,501,15
ac19_19388,YXXyXyxx,YYxxyXYYxxx,2,25797 120675,501,17
ac19_19405,YXyXXyx,YYXyxYYXyxyx,1,25824,501,13
ac19_19413,YXyXXyx,YYXXYxxyyx,3,25842 89726 108515,501,15
ac19_19416,YXXyx,YYYXyxxyyyXXXXX,2,25847 101003,501,19
ac19_19423,YXYXyx,YYxYYxyXXyXYxyX,2,25858 29154,501,17
ac19_19435,YXYXyx,YYYYxyyyXXXYx,2,25875 59702,501,19
ac19_19439,YXyXYxx,YYYYXyxYXyxx,1,25880,501,15
ac19_19456,YXXYx,YYYXYXXyxyyx,5,25909 29301 43383 62396 143538,501,15
ac19_19487,YXYXyx,YYXyXXyyxYxyx,8,25957 61082 68356 80952 125616 147840 149823 150003,501,17
ac19_19493,YYXXXyx,YYxxYXXyyX,1,25965,501,14
ac19_19501,YXYXyx,YYYXXXyXXyxxYxx,1,25978,501,19
ac19_19503,YXXYx,YYYXyxYXyyxyyx,2,25981 136910,501,18
ac19_19538,YXYXyx,YYYYXyXXXXYYX,2,26028 27057,501,19
ac19_19539,YXXyx,YYYXYXYxYxyyXyyXyX,2,26029 87022,501,19
ac19_19546,YYXXXyX,YYXYXyXyXX,3,26043 38759 69139,501,15
ac19_19552,YYXXyxxyX,YXXyxYxxxx,1,26051,501,17
ac19_19555,YXXyx,YYXYYxyyXyxyXyXX,2,26057 49929,501,18
ac19_19560,YXyXXyx,YYYxxyxxx,5,26067 56333 93177 111172 127278,501,16
ac19_19577,YXYXyx,YYXyXyyxxYxyx,2,26100 105021,501,17
ac19_19584,YXYXyx,YYXYxYxxyXyXX,3,26109 77910 108826,501,17
ac19_19589,YXyXXyx,YYYYxyxyyx,2,26115 79582,501,17
ac19_19594,YXYXyx,YYXyyXXYXXXYYxx,1,26121,501,21
ac19_19595,YXYXyx,YYYXyyXXXYxYx,1,26123,501,19
ac19_19601,YYXXXYxx,YYxxYXXYX,1,26132,501,17
ac19_19641,YXYXyx,YYYYYXyyXXyyx,1,26196,501,17
ac19_19657,YXXYxxyx,YYXXyXyXyxxyx,1,26222,501,17
ac19_19661,YXYXyx,YYYxxYXyXYXyX,4,26228 59610 65554 110213,501,17
ac19_19671,YXYXyx,YYXyXYYxYxyXX,5,26246 90577 99070 149420 150839,501,15
ac19_19674,YXXyXyxx,YYxyXYxyx,3,26250 39986 68546,501,17
ac19_19684,YXXYx,YYXYXXyXYYxxYX,1,26268,501,15
ac19_19691,YXyXXyx,YYYYxxxyxx,2,26277 143462,501,17
ac19_19700,YXYxxyXyx,YYXXyXyyxx,1,26288,501,17
ac19_19717,YXyXXyx,YYXXyxYxxxyyX,2,26317 121874,501,16
ac19_19724,YXXXYxYx,YYXYxxxyXyX,3,26330 73288 143452,501,13
ac19_19725,YXyXXXyx,YYxyxyXYx,3,26331 28464 99355,501,13
ac19_19735,YXXyx,YYYYXyxyxyXyxyxx,1,26345,501,18
ac19_19736,YYXXyxx,YYxYXYxYXX,2,26346 31993,501,15
ac19_19737,YXYXyx,YYXXYYxxyXyXX,1,26348,501,17
ac19_19752,YXyXXyx,YYXYxYxxxxyyx,2,26365 155085,501,17
ac19_19757,YXXX,YYYXyxYYXyyxyyx,1,26377,501,19
ac19_19774,YXXYx,YYXYYXyxyyXYYx,2,26407 66504,501,15
ac19_19775,YYXXXyX,YXXyXYxxxyXYxxxyX,1,26408,501,17
ac19_19782,YXyXXYXyXXyX,YYYXyXYXyXXyyyX,1,26418,501,19
ac19_19794,YXXYx,YYXyxxYXYXyyx,2,26432 105169,501,15
ac19_19826,YYXXXyyxx,YYXyyXyxxx,1,26482,501,15
ac19_19833,YXyXXyx,YYXyXyxYxyxyxYX,2,26491 100055,501,18
ac19_19871,YXXyx,YYYXYYXYxyyXyyXyX,2,26540 72143,501,19
ac19_19872,YXXXyxx,YYXyxxxYxyx,6,26542 29416 31747 33498 58937 122345,501,16
ac19_19890,YXXyx,YYYXYXyXyyxyyxxx,2,26571 83607,501,19
ac19_19892,YXXYXXX,YYYYXyyXyyxxyxx,1,26574,501,17
ac19_19903,YXYXyx,YYYXyXyXXYYxx,1,26588,501,19
ac19_19905,YXYXyx,YYXYxyyXyXXyxxx,2,26593 132329,501,17
ac19_19926,YXXyx,YYYXyxyyXXXXYX,2,26628 137502,501,16
ac19_19934,YXXX,YYYYYYXXyyyxyyX,1,26637,501,17
ac19_19951,YXXyx,YYYXyyXyxyXXYYX,1,26666,501,17
ac19_19969,YXXyx,YYYXYYXyyyXyXX,2,26697 105774,501,18
ac19_19971,YXyXXyx,YYxYYxxyxyx,3,26700 55331 149982,501,17
ac19_19985,YXXyx,YYYXYxyXyyyxxYx,2,26720 154895,501,18
ac19_19996,YXXyXyX,YYYXXXyxyxyxx,1,26735,501,18
ac19_20003,YXXXyXYx,YXYxxyXXX,8,26748 44339 68840 69378 69862 98800 112804 125625,501,14
ac19_20011,YYXXXYxxYxx,YYXXXXyxxxx,2,26759 93970,501,15
ac19_20021,YXyXYxx,YYYXXyyxxYx,3,26775 81520 139961,501,18
ac19_20023,YXYXXYx,YYXyyxxyXyx,4,26777 73203 88398 113950,501,14
ac19_20037,YXYXXYx,YYYxYXyyX,3,26797 116782 118780,501,14
ac19_20044,YXyXXXyx,YYxyXXXyyXYXyyXYx,2,26809 143098,501,17
ac19_20046,YYXXyxx,YYYXXYxYxYYX,1,26814,501,15
ac19_20050,YYXXXYx,YYXYYXYXXyx,2,26818 42278,501,16
ac19_20055,YYXXXXXXXXyx,YXXXXXXyxxxxx,6,26828 76912 110341 125064 127603 134070,501,17
ac19_20058,YXyXXyx,YYxyxyXYxyXYXyX,1,26832,501,16
ac19_20066,YXYXyx,YYYxyyXyyxx,5,26841 45259 76727 79511 96100,501,17
ac19_20069,YXXyx,YYYXyxyXyyXXXX,2,26850 79349,501,14
ac19_20074,YXXXYxYx,YYXXYxYYxyX,2,26860 45973,501,14
ac19_20081,YXXyx,YYYXyxyyXyxxYxYx,1,26870,501,18
ac19_20093,YXYXyx,YYYYXyxyXXyXYYx,2,26890 63404,501,19
ac19_20096,YXYXyx,YYXXXyyXYYxYX,1,26893,501,15
ac19_20098,YXYXyx,YYXXXyyXYXYYx,2,26895 70980,501,19
ac19_20099,YXYXyx,YYXXyyXXXYYxx,2,26896 114232,501,19
ac19_20102,YXYXyx,YYYYxxyXXXXyX,2,26899 28860,501,19
ac19_20117,YXXyx,YYYXXXyXyyXyXXYYX,2,26929 75814,501,19
ac19_20118,YXyXXXyx,YYxyxyXXYxxyXXX,1,26930,501,19
ac19_20125,YXyXXXyx,YYXXyXXYxxyXyyx,1,26943,501,19
ac19_20147,YXXyXYx,YYYXXYxyXyyx,1,26980,501,15
ac19_20148,YXXyx,YYXYYxyXyXyXXX,2,26981 149985,501,18
ac19_20152,YXXyxYx,YYYxxyXYxyX,1,26986,501,15
ac19_20159,YXYXyx,YYYYYxYXyXXyX,3,26996 62697 93804,501,19
ac19_20172,YYXXXyX,YXYXyXXX,12,27019 42592 55413 73900 78355 95588 103262 106318 120119 124500 137066 138911,501,15
ac19_20179,YXYXyx,YYYxYYXyyXXYxyX,1,27032,501,17
ac19_20225,YXYXyx,YYYYYxyXXXXYxyXYX,1,27097,501,19
ac19_20245,YXYXyx,YYXXyXXyxxYYx,1,27139,501,17
ac19_20269,YXXyx,YYXYYXyxyXyXyXyX,1,27178,501,16
ac19_20270,YYXXXYxx,YYYXXXyxyyxyx,1,27180,501,19
ac19_20283,YXXYXXyxx,YYXyXyxyxx,1,27200,501,15
ac19_20291,YYXXXyxyx,YYXXYXXyyx,1,27211,501,15
ac19_20301,YXyxYXXyx,YYXXyyXYXXYxyX,1,27221,501,18
ac19_20341,YXYXyx,YYYXyxyXXXyyxxx,1,27285,501,19
ac19_20348,YXyXXyx,YYXYxxyXXyxyX,2,27294 108377,501,15
ac19_20354,YXXYx,YYYXyXXYXYYxx,2,27304 32835,501,15
ac19_20355,YXXyx,YYYXyxxyxyyXXXYYX,2,27305 117425,501,18
ac19_20366,YXXYx,YYXYYXYYXyyXYx,2,27319 137410,501,15
ac19_20375,YYXXXXXXyX,YYYXXXXyXyX,3,27333 28368 148711,501,16
ac19_20377,YXXyx,YYYXYYxyxyyXyXXX,1,27335,501,18
ac19_20395,YXyXXyx,YYXXyXyyxyX,3,27361 135107 146529,501,16
ac19_20401,YXYXyx,YYXYYxyyXyyXyxx,2,27373 68202,501,17
ac19_20404,YXYXyx,YYXXXXYXyXYYx,1,27376,501,17
ac19_20405,YXXyx,YYYYXXYxyyxyxyxx,2,27377 94086,501,17
ac19_20423,YYXXXyXYx,YYXXXXyxxx,1,27416,501,16
ac19_20426,YXXyx,YYYYXyyyXyyXX,3,27421 110979 151294,501,17
ac19_20429,YXyXXXyx,YYxyxyXYXyXyX,1,27427,501,16
ac19_20443,YXXXYxYx,YYXyxYXyx,10,27445 39277 52598 57862 67360 94937 99464 122415 145505 152547,501,14
ac19_20451,YYXXYxxyX,YYXXyxYXXYx,4,27458 61923 90723 116758,501,15
ac19_20454,YYXXXYX,YYXyxxYxyXXX,1,27461,501,17
ac19_20462,YXyxYXXyx,YYXyXXyxyX,13,27472 30883 31105 31274 38360 72851 79266 92917 107976 109635 132327 135570 140523,501,13
ac19_20478,YXXyx,YYXYXYxyXyyXyyXXX,1,27498,501,18
ac19_20487,YYXXyxYXXyx,YXXYxYXXXyx,1,27512,501,15
ac19_20488,YXYXyx,YYXyyxxyXyxxx,1,27513,501,15
ac19_20494,YXYXyx,YYXYYxxYXXyyX,2,27522 99721,501,17
ac19_20495,YXYXyx,YYYYYXyXXXX,3,27524 42624 111948,501,17
ac19_20503,YXYXyx,YYXyxyXXXXYYxxx,2,27533 142039,501,19
ac19_20511,YXXyx,YYXYYXyxxyyXyyXXX,2,27549 39867,501,19
ac19_20516,YXXyXyxx,YYXyxxYYx,3,27556 75624 144688,501,15
ac19_20517,YXYXyx,YYYXXXyxyXXXYxx,1,27557,501,19
ac19_20525,YXYXyx,YYYxyXXyyxyxx,2,27567 38369,501,19
ac19_20530,YXXXyxYx,YXXYxxYXXXX,2,27574 146198,501,17
ac19_20574,YXYXyx,YYYXyXXXXYxxx,1,27647,501,19
ac19_20578,YXXX,YYYYXXYxyyxyyyx,1,27652,501,17
ac19_20587,YXYXyx,YYXXXyXXYYxxx,2,27663 145912,501,19
ac19_20600,YXXyx,YYYYXXXyXyyyyxxx,2,27687 70768,501,18
ac19_20613,YYXXyxx,YYYxxYxxYXXX,2,27709 108098,501,19
ac19_20651,YXXXYxx,YYXyXyxxyx,7,27763 47884 51640 54400 107012 128608 147655,501,15
ac19_20653,YXXyXyx,YYXyxYYxxyx,1,27765,501,14
ac19_20662,YXYXyx,YYYXXXXYXXXXYYx,1,27779,501,21
ac19_20667,YXXyx,YYXYYxyyxyxxxx,2,27786 51913,501,19
ac19_20673,YXYXyx,YYxYxYXyyXX,11,27796 31150 34911 43177 47648 51341 52143 88981 89232 114614 134464,501,17
ac19_20686,YXYXyx,YYYXyxyyXXyXYYx,2,27822 54238,501,19
ac19_20690,YXYXyx,YYYYXyyxyXXXXYx,1,27828,501,19
ac19_20691,YXyXXyx,YYXyyxyXXX,4,27831 69820 118318 155415,501,17
ac19_20699,YXXyx,YYYXYYxyyXyXyXXX,1,27844,501,18
ac19_20703,YXYXyx,YYYYXyXyyXXYx,2,27848 104061,501,19
ac19_20708,YYXXXyX,YYXXyXyxx,5,27858 37391 72364 112945 125993,501,15
ac19_20713,YXXyx,YYYXyyXXXXyXXYX,1,27864,501,19
ac19_20717,YXXyXyxx,YYYXXXyxyxx,1,27877,501,16
ac19_20724,YXyXXXyX,YYXXXyxyxYXyxYxyX,1,27886,501,21
ac19_20744,YYXXXyx,YXyxxYXyxxYXXyx,2,27917 75468,501,19
ac19_20750,YXXYx,YYXyXYxyXYxyx,1,27928,501,15
ac19_20764,YXXX,YYYXYXyyyXyXYYX,1,27948,501,17
ac19_20771,YXyXXyx,YYXYXyxyxxxYXXyyx,1,27964,501,19
ac19_20778,YXyXXyx,YYxxxYxxyxyXYXX,2,27975 120100,501,17
ac19_20787,YXXYxxyX,YYXXyXYxYXX,1,27991,501,15
ac19_20791,YYXYXyXyX,YXyxYXXyx,5,27995 38399 57838 62669 87373,501,17
ac19_20799,YXYXyx,YYYxyXXXYYXyX,2,28004 110821,501,15
ac19_20801,YYXXXXyxxx,YYXYYXXXyxx,1,28006,501,15
ac19_20802,YYXXXyxx,YYxYXYXyyXX,1,28007,501,17
ac19_20805,YXXyx,YYYYYXyxyyxyxx,3,28012 54189 109710,501,17
ac19_20823,YXXYx,YYXYYXXXYxyyx,1,28049,501,15
ac19_20832,YXXYx,YYYXYYXXyxyyyx,1,28062,501,18
ac19_20834,YXYXyx,YYYYYYYXyxyXXXX,2,28066 110812,501,19
ac19_20837,YXXYx,YYYXYXYxyXXyx,2,28070 65632,501,15
ac19_20848,YXYXyx,YYXXyXYxxxYXyXX,9,28088 29723 32813 53931 74549 94156 107900 142265 151099,501,15
ac19_20858,YXXYxxyx,YYxxYxYxyxyXX,1,28100,501,19
ac19_20862,YXYXyx,YYXyyxyXyxxxx,1,28107,501,17
ac19_20879,YXyXXXyX,YYYYxyXyyyx,2,28131 127797,501,19
ac19_20880,YXYXyx,YYXXXyXyxxYxxyx,1,28133,501,19
ac19_20897,YXYXyx,YYYxxxYXyyXXX,2,28159 104388,501,19
ac19_20898,YXXYx,YYYXXyyXYXYxxx,1,28160,501,15
ac19_20902,YXYXyx,YYYxxyXXXYYXX,1,28167,501,17
ac19_20907,YYXXyxYxx,YYxYYxxyX,2,28174 90946,501,16
ac19_20911,YXXyx,YYYYXyyXyxxxxx,2,28184 110118,501,16
ac19_20926,YYXXyx,YYYYXyxyyXyxx,1,28207,501,13
ac19_20940,YXXX,YYYYXXYxyyxyyyX,1,28235,501,17
ac19_20946,YYXXXYXX,YYYxyXyXYXX,1,28243,501,15
ac19_20950,YXXyx,YYYXYYXyyxyyXXX,2,28247 97297,501,18
ac19_20952,YXyXXyx,YYYXyxxxYXyxx,1,28249,501,17
ac19_20969,YXXX,YYYYXYxyyxyXyyX,1,28270,501,19
ac19_20970,YYXXYXX,YYYXyyXyxxyx,2,28274 152903,501,16
ac19_20980,YXYXyx,YYXyXXXYYxx,4,28290 97818 99072 118137,501,17
ac19_20987,YXXXXYx,YYXXXYYxyXX,2,28303 143225,501,17
ac19_21008,YXXYXXX,YYYXXXYXyyyx,3,28334 29266 89207,501,14
ac19_21023,YXyXXXyx,YYxyxYXYxyXXyyx,2,28355 120106,501,17
ac19_21044,YXYXyx,YYYYxYxyXXyyX,2,28390 129428,501,19
ac19_21052,YXYXyx,YYXyyXXXYYx,4,28404 82471 142573 148142,501,17
ac19_21053,YXyXXyx,YYYYxxxxxxx,1,28408,501,18
ac19_21067,YXXyXyx,YYXYxxYxyyx,1,28428,501,14
ac19_21082,YXYXyx,YYXXyyXyyxxxxyx,2,28445 119153,501,19
ac19_21086,YXYXyx,YYYxYxyyxyyXyXX,1,28456,501,19
ac19_21087,YXXyx,YYYYYXXXyyXyyXX,2,28460 103835,501,18
ac19_21090,YXYXyx,YYXXXyyXXYxxx,1,28463,501,17
ac19_21091,YXXyx,YYYYXXXyyxyyxyxxx,1,28467,501,19
ac19_21098,YXyxYXXyx,YYXXYXXyyX,1,28476,501,17
ac19_21100,YXYXyx,YYXYxyyXXyXyxxx,2,28484 45961,501,19
ac19_21102,YXXyXyx,YYYYxxyXyxyX,1,28486,501,15
ac19_21103,YXYXyx,YYXyxyXXyyxYx,2,28487 35493,501,15
ac19_21107,YXYxyx,YYXyXXyxxYx,3,28493 52936 111331,501,15
ac19_21112,YXYxyx,YYXXyxxxYYxyX,1,28499,501,15
ac19_21127,YXXyx,YYYYXyyxyXXXXX,2,28526 62428,501,18
ac19_21140,YXXX,YYYYXYxyyyXyxyX,1,28549,501,19
ac19_21177,YXYXyx,YYXyXXXXXYYxx,1,28610,501,19
ac19_21182,YXYXyx,YYYYXyXyXXYxx,1,28617,501,17
ac19_21195,YXXYx,YYYYYXYXYXyXYx,1,28636,501,15
ac19_21200,YXyXXXyx,YYXyXyxyXYxyX,2,28647 149011,501,17
ac19_21210,YXXyx,YYYYXyXyxyXyyXX,2,28670 117907,501,18
ac19_21213,YXyXXyx,YYYxyxxyxYx,2,28673 29643,501,17
ac19_21215,YXXXXYxxxxyx,YYYYxxxxyXYxx,4,28677 60883 61117 138509,501,15
ac19_21217,YYXXXyxx,YYXXXYxYXXX,11,28681 33570 39205 49197 65178 77862 83610 122908 134185 148585 153272,501,17
ac19_21231,YXXXyxx,YYXXXXyXYxyx,3,28705 93658 119325,501,16
ac19_21234,YXXyx,YYYYXyxxyyXyyXX,1,28709,501,18
ac19_21243,YXXyx,YYYYYXXyyxyyxx,1,28728,501,15
ac19_21262,YXYXyx,YYYXyXXXYYx,3,28761 36470 148318,501,17
ac19_21270,YXyXXyx,YYxyxyxYxxxYX,1,28770,501,17
ac19_21271,YXYXyx,YYYXyXXyyxx,8,28771 34824 46847 52223 67473 110575 130291 141695,501,17
ac19_21290,YXXX,YYYxYYXyyyXyXyx,1,28804,501,19
ac19_21292,YXXYx,YYXYxyyXYxyX,5,28808 53478 62420 136567 144993,501,15
ac19_21293,YXXYXXyx,YYxyXYXyX,5,28809 66007 67110 108487 150886,501,14
ac19_21306,YXXyx,YYXYYXyyxyxxxx,2,28831 152074,501,16
ac19_21315,YYXXXyx,YYXXyyxyxx,1,28848,501,14
ac19_21328,YXXyx,YYYYXyXXyxyyyx,1,28869,501,15
ac19_21359,YXyXXyx,YYxxxyxyXXX,1,28922,501,17
ac19_21369,YXYXyx,YYXXyXXXYYx,4,28936 51718 59909 149944,501,17
ac19_21375,YXXyx,YYYYXyXyxyxyyyxYx,2,28946 98905,501,18
ac19_21393,YXyXXyx,YYYXyxyxxx,3,28974 60252 101594,501,17
ac19_21408,YXYXyx,YYYXyyXXyXYxx,1,28996,501,17
ac19_21411,YXYXyx,YYXXXXXyXYxYx,1,29000,501,17
ac19_21414,YXXYxYxx,YYYYXyyXyxx,1,29008,501,17
ac19_21418,YXYxyx,YYXXXyyxyxYYx,1,29019,501,15
ac19_21432,YXYXyx,YYYYXXyXXXYYX,1,29041,501,19
ac19_21433,YXXXYxx,YYXXyyxxxYX,3,29043 68398 120747,501,14
ac19_21434,YXYXyx,YYXYxxxyyXyyX,1,29044,501,17
ac19_21455,YXXyXyxx,YYXXyxYYxxx,2,29077 91571,501,17
ac19_21462,YXXX,YYYXYYxyyxyXyyx,1,29087,501,19
ac19_21466,YXXX,YYYYXYxyyyxxyyX,1,29092,501,17
ac19_21483,YXYXyx,YYXyxyXXXyxxxYx,1,29113,501,17
ac19_21487,YXYXyx,YYYYXyXyyyxxx,2,29117 147715,501,19
ac19_21497,YXXyx,YYYYXYxyyyyxx,6,29129 50573 55752 88152 119298 147438,501,17
ac19_21508,YXXYxxyx,YYYXyxYYxyx,1,29148,501,15
ac19_21509,YXYXyx,YYXXXyyxyxYYx,2,29149 88364,501,17
ac19_21517,YXYXyx,YYYxxyXXXYXyX,1,29161,501,17
ac19_21522,YXXXXXyXYx,YXXXyxYXXXX,4,29169 99394 110816 128656,501,16
ac19_21523,YXYXyx,YYYXXXXyyxxxyxx,2,29170 134764,501,19
ac19_21524,YXyXXyx,YYYxxyxyXX,5,29171 49809 92102 102967 124431,501,16
ac19_21526,YXyXXyx,YYXXyxxxxyX,3,29173 40853 138809,501,13
ac19_21532,YXXXYxYx,YYYXXyXyxxx,2,29186 150715,501,13
ac19_21534,YXXYx,YYXyyXYXYxyxx,3,29188 62434 153432,501,15
ac19_21543,YXXYx,YYXYxyyXYXyx,4,29204 34926 49301 126068,501,15
ac19_21559,YXXyx,YYYXYXYxYxyXyyyXyX,2,29234 109012,501,19
ac19_21564,YXXyx,YYYXyyxyXyXXYYX,2,29240 82181,501,18
ac19_21575,YXyXXyx,YYxYYxyxyxYXXyx,2,29259 36950,501,17
ac19_21590,YXYxyx,YYXyxYXyXyxxx,2,29292 154178,501,15
ac19_21591,YXYXyx,YYYxYXyyyXyxx,1,29296,501,17
ac19_21595,YXYxyx,YYXXyxYxxYxYYxx,1,29302,501,19
ac19_21612,YXXyx,YYYYYXyXyXyyxxx,4,29329 69384 90901 119433,501,17
ac19_21618,YXYXyx,YYYYXyyyXyxxx,2,29340 84317,501,19
ac19_21628,YYXyXYXyX,YXyxxyXYx,4,29361 74115 92651 146985,501,16
ac19_21651,YXYXyx,YYYxYxyXyxyXXyX,1,29394,501,19
ac19_21653,YXXyx,YYXYXYYXyyXyXXXyX,2,29396 96183,501,20
ac19_21656,YXyXXyx,YYYxyXXyxyyX,2,29405 115871,501,16
ac19_21657,YYXXXXyxxx,YYXXXXYxyxx,1,29406,501,15
ac19_21670,YXYXyx,YYYxYXyxyXXyX,4,29428 44663 73758 93420,501,17
ac19_21671,YXYXyx,YYYYXYxxyyXXX,1,29430,501,17
ac19_21679,YXXyx,YYXyyXXyyXXXYX,1,29440,501,18
ac19_21703,YXYXXYxyX,YYYXyxYXyXyx,1,29480,501,20
ac19_21705,YXyXXyx,YYXyxxyXyxxYX,1,29482,501,18
ac19_21712,YXXYx,YYYYXYxyyXyyx,1,29493,501,15
ac19_21727,YXyXXyx,YYxYYxyxyxx,6,29512 30734 43849 73951 90805 142077,501,18
ac19_21731,YXYXyx,YYXXXYXyXXYYx,1,29520,501,17
ac19_21738,YXyXXyx,YYXyyxxYYxyx,4,29532 35605 102627 111945,501,11
ac19_21739,YXXyXyxx,YYYXYxyxx,2,29533 65372,501,16
ac19_21742,YXXyx,YYYYXyxyxyyyxx,2,29538 79649,501,18
ac19_21754,YXYXXXX,YYYXXyyX,5,29560 40819 57968 71919 139821,501,15
ac19_21761,YXXYx,YYXYxyyXYYxyyX,6,29571 56012 71550 78607 118636 126645,501,18
ac19_21770,YXXyx,YYYYYXyXyxyyxx,1,29583,501,17
ac19_21775,YXYXyx,YYXXyxxYxxxyXXXyx,7,29588 43184 45379 82458 84364 114203 132961,501,15
ac19_21791,YXYXyx,YYYYYXXyXXXXYxxyX,1,29614,501,19
ac19_21794,YXYXyx,YYYXXyXyxyxxx,2,29621 110291,501,17
ac19_21807,YXYXyx,YYYXyxyXXyyyxYx,1,29634,501,19
ac19_21818,YXXyx,YYYYXyyxxyXyyX,1,29650,501,15
ac19_21819,YXXyx,YYYYXyxyyxyxYx,3,29651 54533 101303,501,17
ac19_21822,YXXYXXyx,YXYXXyXyxYx,1,29656,501,15
ac19_21843,YXXyx,YYYXyXyyXyXXXXX,2,29692 32109,501,20
ac19_21846,YXYxyx,YYYXyyxYYxx,7,29696 41710 62617 77663 81556 112897 124053,501,15
ac19_21847,YXYXyx,YYYxxxYXyxyXyyX,1,29697,501,17
ac19_21855,YXXXyxYx,YXYXyXYxYXX,16,29711 29942 30835 35909 36894 40522 40870 47589 99951 103327 116149 119581 122074 124806 153791 155987,501,17
ac19_21856,YXXyXyx,YYYxyXyxxyX,2,29712 36972,501,14
ac19_21864,YXYXyx,YYYXYxyXXyXXyxYxx,2,29725 114949,501,19
ac19_21907,YXXyXyx,YYXyxYXyxx,3,29800 118104 122709,501,14
ac19_21914,YXYXyx,YYXyXyXyyxxxx,1,29817,501,19
ac19_21915,YXyXXyx,YYxYxxxYXYXyxyxyx,1,29819,501,19
ac19_21923,YXYXyx,YYXXyXXyXYxxxxx,1,29832,501,17
ac19_21941,YXXyx,YYYYXYYXyyyXyXyX,1,29866,501,19
ac19_21942,YXXyx,YYYXyyyXyyxYxxx,1,29869,501,18
ac19_21949,YXXXyxxYx,YYXyyXXYxx,1,29881,501,15
ac19_21950,YYXXXXX,YYYxxxyyXyyx,1,29882,501,16
ac19_21983,YXXYx,YYYXYYxyXXXyx,2,29929 95820,501,15
ac19_21987,YXYXyx,YYxYXyyXXYxyXYx,4,29934 36048 60791 97960,501,17
ac19_21994,YXyXXXyx,YYxyxyxYxYXyx,2,29948 123415,501,17
ac19_21997,YXYXyx,YYXyxyXXXYxYx,2,29953 93601,501,17
ac19_21999,YXYXyx,YYYYxyyXyXX,5,29955 45418 48228 73724 131691,501,17
ac19_22008,YXXyx,YYYXYYXyxyXyyXX,2,29967 87257,501,18
ac19_22018,YXXXyxYx,YYxyxyXyx,1,29980,501,17
ac19_22037,YXXyx,YYYYYXyXyyXyXX,4,30004 70197 105658 106573,501,18
ac19_22052,YXyXYxx,YYXXyyxyxYx,1,30030,501,15
ac19_22074,YXYXyx,YYYYxxYXyXyyX,2,30064 58867,501,19
ac19_22092,YXXyx,YYYYYXYxyXyxyyyx,1,30095,501,17
ac19_22094,YXXYx,YYXYYXXyyxyxx,3,30097 57762 146851,501,15
ac19_22112,YXXYxxyX,YXyxYxYXXyx,2,30126 57507,501,14
ac19_22117,YXXyx,YYXYxyyXyXyXXX,2,30138 143941,501,18
ac19_22128,YXYXyx,YYYxyxYYXyyXXyX,2,30160 78949,501,19
ac19_22130,YXYXyx,YYXXyXXyXYxxxYxyx,2,30163 43629,501,17
ac19_22131,YXXyx,YYYXyyyXXXyXYYX,2,30164 58042,501,19
ac19_22136,YXYXyx,YYXYxxxyyXyXX,2,30170 150830,501,17
ac19_22139,YXXyx,YYYYYXyyXyxyyXyX,1,30183,501,19
ac19_22144,YXyXXXyx,YYXyyxxYxyxYx,1,30190,501,19
ac19_22159,YXXX,YYYXyyxYXYxyyyX,1,30211,501,19
ac19_22175,YXYXyx,YYYYYYXyxyXXyXX,2,30240 114795,501,19
ac19_22192,YXYXyx,YYYYxyyXXXyxx,1,30265,501,17
ac19_22199,YXXYx,YYXYXXyyxyXYxx,1,30277,501,15
ac19_22211,YXyXXyx,YYxYYxyxxyx,5,30295 56481 67937 94106 141098,501,17
ac19_22239,YXXyxYx,YYYYXYxyX,3,30346 103884 140424,501,16
ac19_22241,YXYXyx,YYYXYxyXXXyXYxx,1,30349,501,17
ac19_22250,YXXyx,YYYXyxxyyXXXXYX,2,30362 111788,501,17
ac19_22257,YXYXyx,YYYXXXyyxyxxx,3,30371 97165 117577,501,19
ac19_22260,YXYXyx,YYXyXYxxxYxyXXXyX,1,30375,501,19
ac19_22261,YXXYXXX,YYYYYXyyyyX,2,30376 42566,501,18
ac19_22263,YXyXYXyxx,YYXXyxxYxyX,2,30378 65667,501,19
ac19_22277,YXXyx,YYXYYxyXyyXXXX,2,30397 79597,501,18
ac19_22297,YXYXyx,YYXYxyXXyxyXyxYYx,1,30429,501,17
ac19_22309,YXYXyx,YYXYxyXyXXYYx,1,30443,501,17
ac19_22326,YXYXyx,YYYYYYxyyyXXX,2,30476 133862,501,19
ac19_22327,YXYXyx,YYYYXyXyyXyxx,3,30480 32847 151727,501,17
ac19_22329,YXXyx,YYYXYxyyyxyyXXYxyX,1,30482,501,18
ac19_22338,YXXyXYx,YYXXYXXyyx,5,30496 33700 53572 101941 150937,501,15
ac19_22344,YXXyx,YYYYXXYXyyyyXX,2,30508 122602,501,18
ac19_22349,YXyXXyx,YYYXyxxyxYxxx,1,30515,501,18
ac19_22361,YXXyx,YYYYXyyxxyyyxx,1,30535,501,18
ac19_22389,YXXXyXYx,YYXXyXYXX,3,30580 80753 98244,501,15
ac19_22393,YXyXXyx,YYxyxYXYYxyxxx,2,30586 115074,501,17
ac19_22400,YXXXyXyx,YYYxxxxyx,1,30596,501,17
ac19_22419,YXXyx,YYYYXyyXXyXXX,2,30626 40026,501,17
ac19_22421,YXYXyx,YYYxYxYXXyxyXXX,2,30631 54532,501,19
ac19_22422,YXXyx,YYYYXYxYXyxyyyyX,2,30632 156323,501,17
ac19_22424,YXYXyx,YYYYYxyXyyyXX,2,30637 39458,501,19
ac19_22449,YXYXyx,YYYYYxxyXyXXX,2,30675 138176,501,19
ac19_22462,YXYXyx,YYxYYxyXyxyXX,3,30700 69070 79418,501,17
ac19_22476,YXyXXXyX,YYYxyXXXyyx,1,30720,501,17
ac19_22493,YXXyx,YYXYYxyyxxyxxx,3,30752 57780 143403,501,18
ac19_22502,YYXXXXyX,YYXyyXYXX,1,30765,501,15
ac19_22506,YXXYx,YYYXYxyxyXXXyx,1,30771,501,15
ac19_22516,YXXYx,YYYxxYYXyXXXyx,1,30783,501,15
ac19_22520,YXYxxyXyx,YYXyxxYXyx,1,30790,501,17
ac19_22525,YXYXyx,YYXYxxYxyyxyXXyXX,1,30798,501,21
ac19_22534,YXXyx,YYYYXyyxYXyyXX,1,30812,501,16
ac19_22557,YXXyXyxx,YYYxxxYYxxx,3,30853 46843 147938,501,19
ac19_22559,YXXyx,YYYYXXYXyyyyxxx,2,30855 152194,501,18
ac19_22575,YXyXXyx,YYYXyxyx,17,30880 36227 47599 60115 68447 81059 81711 90097 90929 93441 95127 105229 106377 106398 116287 128466 130518,501,13
ac19_22581,YXXyx,YYYXyxyyXyXyXYX,2,30891 62631,501,16
ac19_22587,YYXXXyxxx,YYYYxxYXXX,1,30900,501,19
ac19_22598,YXYxxYXyx,YYYxxYXYxyXYx,1,30911,501,18
ac19_22601,YXXyx,YYYXYXyxxyyyXXYX,2,30915 136957,501,18
ac19_22612,YXyXYxx,YYYYXyXXyxyx,1,30934,501,15
ac19_22620,YYXXXyx,YYXyyxxxyx,2,30948 55854,501,14
ac19_22624,YXYXyx,YYYxYYXyyXyXX,1,30961,501,19
ac19_22628,YYXXXXyxxx,YYXXXXXYYxxYX,1,30965,501,21
ac19_22641,YXXX,YYYXyXYYXyyyx,2,30986 69086,501,17
ac19_22650,YXYXXXX,YYXyyXyXYXYx,1,31001,501,16
ac19_22657,YYXXYYXXX,YYYYXyXyyx,1,31012,501,19
ac19_22662,YXXX,YYYXYYxyyxyXyyX,1,31019,501,19
ac19_22663,YXXX,YYYYXYxyyxyyXyx,1,31020,501,19
ac19_22677,YXXYXXyx,YYxxyXYXyXX,3,31052 98412 107719,501,17
ac19_22680,YXYXyx,YYYYxYYXyxyyXXX,2,31055 37245,501,19
ac19_22683,YXYXyx,YYXXYXXyyxxYx,1,31063,501,17
ac19_22698,YXYXyx,YYXYxxYYXyyXX,1,31086,501,17
ac19_22699,YXYXyx,YYYXyXXXYYXYx,1,31087,501,17
ac19_22703,YXXYx,YYYXXyxYXYYX,8,31094 46098 55200 58630 66434 68377 109918 145880,501,15
ac19_22711,YXXyXyX,YYYxxyyxxx,1,31103,501,15
ac19_22722,YXXyx,YYYYXyXyyXyxYxxx,1,31123,501,15
ac19_22736,YXYXyx,YYYYxYYXyxyXXXX,2,31149 73935,501,19
ac19_22743,YXYXyx,YYYXXyXXXyxxx,2,31160 85403,501,17
ac19_22752,YXYXXYx,YYXyXyXYxx,1,31173,501,16
ac19_22753,YXYXyx,YYXYxYXyyXyXXYx,2,31174 47154,501,19
ac19_22762,YXyXXyX,YYXXXyxyxYXyx,1,31203,501,17
ac19_22767,YXyXXXyx,YYYxxyXXyyX,2,31211 35714,501,19
ac19_22768,YXXYxYxx,YYXXyyXyyxx,1,31212,501,19
ac19_22773,YXXYx,YYYXYYXyxyyXYx,2,31218 145707,501,15
ac19_22798,YXYXyx,YYXyXYXyXXyxYxxxx,2,31260 153246,501,19
ac19_22806,YYXYYXXXX,YYXXYYXXXyx,1,31270,501,17
ac19_22810,YXXYx,YYYxxyXXXyyxyx,1,31275,501,15
ac19_22829,YXYXyx,YYXXyXXXYYxYxyx,2,31309 115573,501,19
ac19_22834,YXXYxYxx,YYYYxxxxYXX,1,31316,501,15
ac19_22838,YXXyxYx,YYYXyxYXYxx,1,31325,501,15
ac19_22847,YXYXXYx,YYXyxyXXyxxx,1,31338,501,16
ac19_22854,YXyXXyx,YYXyxxxxyXX,2,31353 153868,501,16
ac19_22858,YXYXyx,YYYXYxYxyXXyX,2,31357 150565,501,17
ac19_22862,YXXYxxyX,YYXYxYYXXXX,2,31363 35051,501,13
ac19_22869,YXXYXXyx,YYXXXyxYXyx,2,31373 50677,501,15
ac19_22884,YXXyx,YYYXYXyyyXXXXX,2,31400 45740,501,19
ac19_22902,YXyXXyx,YYYxYxxyxyx,4,31429 32074 65354 148961,501,16
ac19_22903,YXyXXyx,YYYXXyyyx,4,31430 40940 139213 146913,501,16
ac19_22929,YXyXXyx,YYXYxxxyxxx,2,31478 95337,501,17
ac19_22941,YYXYYXYYXXX,YYXXXXYYxYX,1,31499,501,19
ac19_22942,YXXXX,YYYYXyxyyyx,2,31500 128650,501,14
ac19_22950,YXYXXXX,YYYYXyXXyxyX,1,31509,501,16
ac19_22957,YYXXXYX,YYxYXyyX,10,31518 46939 47982 90489 91965 95400 108238 110137 120372 156398,501,15
ac19_22963,YXyxYXXyx,YYXyXyxYXXXX,1,31527,501,17
ac19_22964,YXYXyx,YYXyXXyyxyxYx,1,31528,501,19
ac19_22973,YXYXyx,YYxyXyxyXXyxYxx,2,31543 81625,501,17
ac19_22976,YYXXXYX,YYxYXXXyX,5,31547 61467 98956 122060 128619,501,15
ac19_22980,YXXyx,YYXYYxyxyyXXXXX,2,31552 34714,501,19
ac19_22994,YXYXyx,YYYXyxyXXXXYxYx,1,31579,501,19
ac19_22995,YXXYx,YYXYYXXXYYXYxx,1,31582,501,15
ac19_23005,YXYXyx,YYYYXXXXYYXXX,1,31594,501,17
ac19_23008,YXYXyx,YYYxYYXyyyXXX,2,31598 120016,501,19
ac19_23020,YXyXXyx,YYXXyXXYxxyxyxx,1,31614,501,19
ac19_23023,YYXXYx,YYYXyxYXyyx,1,31619,501,17
ac19_23027,YXyXXyX,YYXXXyxxyxx,1,31627,501,17
ac19_23030,YYXXXyX,YYYXXyXyXX,1,31636,501,16
ac19_23034,YXYXyx,YYXYxxYXyyXXX,2,31642 91505,501,17
ac19_23035,YXXX,YYYXYxyyXyyyxYX,2,31643 88057,501,19
ac19_23051,YXYXyx,YYXXyXyyxxxyx,2,31680 133118,501,17
ac19_23066,YXyXXyx,YYxxxyXyxyXYX,2,31706 75131,501,17
ac19_23074,YYXXyxx,YYYYYYXXYxxxxYX,1,31718,501,19
ac19_23080,YYXXYxxyx,YYYYYxxYYx,1,31724,501,15
ac19_23081,YXYXyx,YYXXXyXXYxYxx,2,31727 149514,501,19
ac19_23093,YXyXYxx,YYYYYXXyxxx,1,31744,501,16
ac19_23096,YXYXyx,YYXXyXXXYYxxxyx,1,31749,501,19
ac19_23099,YXXyx,YYYYXyXyyyXXYX,1,31754,501,17
ac19_23108,YXXX,YYYXyyXYYxyxyyX,1,31768,501,17
ac19_23109,YXXXYxx,YYYYXXYYXXyx,1,31769,501,18
ac19_23123,YXXXyxx,YYXyxYxyXYxyX,4,31796 35873 56205 99686,501,20
ac19_23126,YXXYxYxx,YYYxxxyXX,3,31802 32363 67160,501,15
ac19_23136,YXYXyx,YYYXyXyXyyxxx,2,31815 125194,501,19
ac19_23138,YXYXyx,YYYxYXyXYXyXX,1,31818,501,17
ac19_23150,YXXyXYx,YYXYXXyXyxxyx,1,31840,501,14
ac19_23152,YYXXYYXXX,YYXXXXyxYxYXX,1,31844,501,15
ac19_23156,YYXXyxx,YYYxYXYYX,1,31848,501,16
ac19_23157,YXyXXyx,YYYXyyyXYxxyX,2,31849 99142,501,16
ac19_23161,YXYXyx,YYXXYxYYxyXXX,1,31857,501,17
ac19_23164,YYYXXXXYX,YYYXXXYXXyx,1,31865,501,17
ac19_23182,YXYXyx,YYYXXXXXyyxYxyx,1,31901,501,17
ac19_23189,YXyXXyx,YYYxYXyxyxx,2,31909 78366,501,17
ac19_23190,YXYXyx,YYXXXXyXXyxYxxYxxyx,1,31911,501,21
ac19_23197,YXYXyx,YYXYxYxyyXXyX,1,31925,501,17
ac19_23207,YXYXyx,YYXXYYxYXyyXX,1,31948,501,17
ac19_23232,YXYXyx,YYXXyXyyxxYxx,2,31995 85712,501,19
ac19_23233,YYXXYXyyx,YYxyXXXYX,1,31996,501,17
ac19_23234,YYXXYXyyxYXyx,YXyXYxyXYxYXX,1,31997,501,15
ac19_23235,YXXXYxYx,YYXYXyxxxyX,2,31999 115097,501,13
ac19_23239,YXXYx,YYYXYXyxxxyyX,2,32005 114969,501,15
ac19_23255,YXYXXYx,YYYXXyXYXYx,1,32025,501,17
ac19_23263,YXyXXXyx,YYXXXyyxx,2,32044 63679,501,17
ac19_23266,YXXyx,YYYXyyyxxxxYx,2,32053 154108,501,16
ac19_23276,YXyXXyx,YYYxyyxxYYxx,2,32072 34887,501,17
ac19_23279,YXyXXyx,YYxyXXyyxxxYX,1,32076,501,17
ac19_23284,YYXXXXX,YYXYYXXyXyyx,1,32084,501,15
ac19_23285,YYXXXYX,YYYxyyXyyx,1,32086,501,17
ac19_23325,YXyXXXyx,YYXyXYXyXyxyx,2,32150 82359,501,17
ac19_23340,YXyXXyx,YYYXXyxyXyx,3,32178 128309 154967,501,16
ac19_23358,YXYXyx,YYXXXXXYxYx,5,32210 67634 79243 138027 146405,501,17
ac19_23365,YXXyx,YYYYXXyyxyyyXX,1,32223,501,15
ac19_23379,YXYXyx,YYXYYxYXXXXyX,2,32247 36653,501,17
ac19_23389,YXXYXXXYx,YXYxYxyXyX,2,32260 117652,501,15
ac19_23395,YXYXyx,YYYxxYXXyyXXX,1,32272,501,19
ac19_23409,YXXXyXYx,YXyXYXXYxyx,2,32293 54842,501,16
ac19_23410,YXYXyx,YYXyyXXyxYxxx,1,32294,501,17
ac19_23412,YXYXyx,YYYXyXXyxyxYx,2,32296 75611,501,17
ac19_23413,YXYXyx,YYXYYxxyXyyXX,2,32297 151680,501,19
ac19_23415,YXXyx,YYYXyxyXyxyxyxYx,1,32300,501,18
ac19_23419,YXXX,YYYXYXyyyxYxyyx,1,32307,501,17
ac19_23430,YXYXXYx,YYYXXXyxx,2,32321 111582,501,14
ac19_23437,YXYxyx,YYXYXyyXXyxxx,1,32332,501,15
ac19_23449,YXXyx,YYYYXyXyxyyyXX,2,32359 86739,501,17
ac19_23458,YXXYXXyx,YYXYxxyXyXX,1,32374,501,17
ac19_23461,YXXyx,YYYXYYXyXyxyXyXX,2,32382 148915,501,17
ac19_23469,YXyXXyx,YYYxyxyxYXyxYXyx,3,32399 50513 107348,501,17
ac19_23471,YXyXXyx,YYxyxYxxyxxYX,3,32401 80738 85161,501,17
ac19_23478,YYXXyXYxxyx,YYXXyxYxxYXXyxx,2,32410 65762,501,14
ac19_23494,YXYXyx,YYYYYXyyXXyxx,1,32438,501,17
ac19_23506,YXXYx,YYXXyxYYxyxyX,2,32460 33582,501,15
ac19_23514,YYXXXXYX,YYYXyyyxyxx,1,32471,501,15
ac19_23523,YXYXyx,YYYxYxyXXXYXX,2,32486 124532,501,19
ac19_23529,YXXyx,YYYYXyyxyyXyXX,2,32496 90747,501,18
ac19_23535,YXyXXyx,YYxYxxyxYxyxyXYXX,1,32506,501,19
ac19_23550,YYXXYxyxx,YYXyxxYXyx,1,32532,501,16
ac19_23557,YXXYx,YYYXXyyyxyxyyx,2,32545 81127,501,18
ac19_23566,YXXyx,YYYYXYxyXyxyyxx,1,32557,501,17
ac19_23574,YXYXyx,YYYYxYxyXXXXYxyyX,1,32568,501,19
ac19_23590,YXXYx,YYXYxyxxYYXXyX,1,32593,501,15
ac19_23597,YYYXXXX,YYYxYXXyXyyx,1,32603,501,19
ac19_23600,YYXXYXX,YYYxyyXyyx,2,32608 124581,501,17
ac19_23608,YYXXYXyyX,YXyxYXyxx,4,32620 55627 74460 128914,501,17
ac19_23615,YXyXXyx,YYYxyxxxx,7,32637 46335 52965 104822 137875 151467 156166,501,15
ac19_23626,YXYxyx,YYxYXyxyxYYxx,2,32663 118093,501,15
ac19_23627,YXXyxYXXyxx,YYXyXXXXXXYxxyXX,3,32665 123998 146787,501,17
ac19_23630,YXyXXyx,YYXXyXYXyxyxx,1,32668,501,17
ac19_23632,YXYXyx,YYYXYxyXXyXyyxx,1,32670,501,19
ac19_23640,YXYXyx,YYXYxyXyXXyyxYx,1,32686,501,17
ac19_23662,YYXXXXX,YYYxyyxyyx,2,32728 85033,501,10
ac19_23672,YXyXXyx,YYxyxYxyxyXXX,2,32744 53933,501,17
ac19_23673,YXXYx,YYYXXyxyxyyx,3,32746 81290 85419,501,15
ac19_23680,YXXyx,YYYYXyxyxxyxxx,1,32764,501,18
ac19_23687,YXYxyx,YYXyXyxxxYxyX,2,32778 143456,501,15
ac19_23689,YXyXXyx,YYYxyxyxYXYxxx,2,32780 58761,501,17
ac19_23701,YXyXXXyx,YYXyxYxxyXyxYYxyx,2,32798 41572,501,17
ac19_23707,YXXyx,YYYXYxyyxyxxxx,1,32812,501,16
ac19_23725,YXYXyx,YYYYYxyyXXyXX,2,32844 49746,501,19
ac19_23734,YXXyx,YYYYXyXyyXXXXX,2,32867 127778,501,19
ac19_23750,YXXYx,YYYXyxxxyyXXyx,1,32897,501,15
ac19_23753,YXYXyx,YYYxYxYXyxyyXXX,2,32900 89428,501,19
ac19_23763,YYXXXyx,YYYxyxxyyXyx,1,32917,501,16
ac19_23770,YXXX,YYYXyXYYXyyyX,2,32928 77601,501,17
ac19_23788,YXXyx,YYYXyxxyyXyXXXX,2,32960 93135,501,19
ac19_23790,YXYXyx,YYXYxyXXyXyyxxx,2,32963 68709,501,19
ac19_23792,YXYXyx,YYYXXXyXyxxyx,1,32967,501,17
ac19_23804,YXXyx,YYYYYXyxyyXyXXX,2,32989 156395,501,18
ac19_23815,YXyXXXyx,YYXXyXYxxxYXyyxyX,1,33010,501,19
ac19_23816,YXXyx,YYYYYXyyxyyXXX,2,33013 108892,501,18
ac19_23824,YYXXXYxx,YYYXXyxxYYX,4,33024 39094 100067 124204,501,17
ac19_23826,YXXYXXyx,YYXyXYXXyxx,2,33026 107794,501,15
ac19_23828,YXXyx,YYYYXYxyXyXyyXXX,2,33035 76127,501,18
ac19_23846,YXYXyx,YYXyXYxYYXXXX,1,33069,501,15
ac19_23856,YXXX,YYYYYXyXyyxyxyx,1,33085,501,17
ac19_23858,YXYXyx,YYYYxxyXXXyyx,1,33087,501,17
ac19_23864,YXYXyx,YYXYYxxxyyXXX,1,33099,501,17
ac19_23870,YXYXyx,YYYYXyyXXYx,2,33108 151982,501,15
ac19_23894,YXXyx,YYYXXXyyxyyxxxx,2,33154 112551,501,18
ac19_23898,YXYXyx,YYYXyXXXYxyXYYx,1,33165,501,17
ac19_23913,YXyXXyx,YYXYxxxxyxx,2,33187 122147,501,17
ac19_23916,YXYXyx,YYXXXXXyyxYYxyx,1,33192,501,17
ac19_23920,YXXyx,YYYYXyXyXyxxx,4,33197 80191 133252 144427,501,15
ac19_23929,YXYXyx,YYYXyXXXXYx,5,33213 40354 43568 88912 105641,501,17
ac19_23939,YXXyx,YYYYYXyXyxyXXyXX,1,33229,501,18
ac19_23941,YXYXyx,YYYYxxyxYXyyXXX,2,33232 110520,501,19
ac19_23944,YXyXXyx,YYxxYXyxxyxYX,2,33235 41734,501,16
ac19_23969,YXYXyx,YYYYYXXyXXXYXYxyX,2,33271 136153,501,19
ac19_23970,YXYXyx,YYXXyXyXYXYxx,1,33272,501,17
ac19_23992,YXYXyx,YYXXyXYxxxYxyXXyX,2,33307 51604,501,17
ac19_24002,YXYXyx,YYXyyXyyxxxxx,1,33321,501,19
ac19_24007,YXXX,YYYXYXyXyyyXYYX,1,33329,501,17
ac19_24008,YXXyXyX,YYXXyXXyxyXX,1,33330,501,15
ac19_24018,YXYXyx,YYYXXXXyXYYxx,2,33355 134375,501,19
ac19_24023,YXXyx,YYYYXYXyyXyyxxxx,1,33366,501,19
ac19_24034,YXYXyx,YYYXXyXXXYxxx,2,33386 80501,501,19
ac19_24037,YXXyx,YYYYXyyXyyyxYYxx,1,33389,501,19
ac19_24058,YXXyXyxx,YYYYxxxYx,3,33429 109062 117119,501,17
ac19_24060,YXXyx,YYXyyXyXXXXYXYx,2,33433 99725,501,19
ac19_24069,YXXyXyxx,YYYxYYxxx,4,33450 74795 80203 139910,501,17
ac19_24075,YXXYx,YYYYXXYYXyyyx,1,33465,501,15
ac19_24078,YXYXyx,YYYxxYXyyXXYX,2,33471 140741,501,19
ac19_24084,YXXYXXyxx,YYYXXyXYXX,3,33478 72594 134098,501,19
ac19_24088,YXXXXyXYxx,YYXXXXyxxyx,4,33487 143418 147859 150291,501,17
ac19_24097,YXyxYXXyx,YYXyxYXyyxYxxx,1,33511,501,17
ac19_24103,YXyXXyx,YYYXyxyxYxx,2,33524 129832,501,17
ac19_24107,YXYXyx,YYxYXYxyXXyyX,6,33528 101822 124259 126265 129806 152228,501,17
ac19_24113,YXYXyx,YYXyxyXyXXYxYYx,2,33536 97882,501,19
ac19_24119,YYXXXXyxxxx,YXXXXXXyxxxxx,2,33544 121484,501,15
ac19_24124,YXyXXyx,YYYxxYXyxyyX,5,33555 101222 107629 126860 142038,501,16
ac19_24128,YXYXyx,YYYXYxYXXXXyX,2,33561 107836,501,17
ac19_24134,YXXyx,YYYYXyyyXXyxyx,1,33573,501,15
ac19_24135,YXyxYXXyx,YYXYxyXYxyXXyX,1,33577,501,17
ac19_24136,YXYXyx,YYYxxYYXyxyXXyX,2,33578 41902,501,19
ac19_24149,YXYXyx,YYYXYxxYXXXyX,1,33603,501,17
ac19_24159,YYXXXYx,YYYYXYXX,24,33618 45013 45959 46045 48427 51069 67680 69605 78509 81372 84715 97735 97773 114611 114805 115772 120623 120936 136073 140879 141821 145899 148201 152987,501,15
ac19_24171,YXXXXXyXYx,YXXyxYXXXXX,3,33634 53971 133457,501,15
ac19_24173,YXyXXXyx,YYYxyxYxyxYXyxx,2,33637 129795,501,17
ac19_24185,YXyXXyx,YYYxyyxYYxxx,3,33656 103588 125564,501,16
ac19_24186,YXYXXYx,YXXXXyxYxx,2,33657 78898,501,17
ac19_24194,YXXX,YYYXYxyyyxYxyyX,1,33669,501,19
ac19_24210,YXYXyx,YYYXXXyxyyxxx,2,33696 146562,501,17
ac19_24213,YXXyx,YYYYYYXyyyxyyx,3,33701 46332 155477,501,18
ac19_24231,YXyXXXyx,YYXXyyXyx,3,33729 60398 124079,501,2
ac19_24273,YXXyx,YYYXYxyXyXyXXXX,2,33794 35261,501,19
ac19_24278,YXYXYx,YYXyXYxxYXyyx,1,33803,501,17
ac19_24283,YXyXXXyx,YYXyXyyxYXXyx,2,33811 139456,501,17
ac19_24286,YXyXXyx,YYXXXyXXXyyxxyx,1,33815,501,18
ac19_24305,YXXyx,YYYXXXyyXyyyXXYX,2,33848 117191,501,18
ac19_24307,YXXyx,YYYXYXyxyXyXXXX,2,33853 77930,501,19
ac19_24315,YXyxYXXyx,YYXXyXXyxyX,3,33867 140729 147160,501,17
ac19_24324,YXYXyx,YYYYYxyXXyyyx,1,33882,501,17
ac19_24327,YXXyx,YYYYXYYXyxyyXyXyX,2,33892 70551,501,19
ac19_24328,YYXXyxx,YYYYXyxYYX,10,33893 78242 79004 87122 87317 87632 119266 132723 143730 156488,501,16
ac19_24329,YXXYx,YYXXyyxYYxyX,2,33894 90974,501,15
ac19_24332,YXYXyx,YYYYxxYXyxyXyyX,1,33903,501,17
ac19_24333,YXyXXyx,YYYxxyxxyX,2,33905 36597,501,15
ac19_24336,YXXYx,YYXYYXXyyXYxxx,1,33911,501,15
ac19_24343,YYXXX,YYYxYXyyxyyXyx,1,33923,501,18
ac19_24352,YXyXXyx,YYxyxyxYxYX,3,33942 121358 134530,501,17
ac19_24355,YXYXyx,YYXXYYxxxyyXX,1,33953,501,17
ac19_24356,YYXXXXYX,YYXXXyxYXyx,2,33956 135272,501,15
ac19_24374,YXYXXYx,YYxyXyXyxx,2,33982 85359,501,14
ac19_24379,YYXXYXXyx,YYXyyxxyxxyyx,2,33990 136668,501,17
ac19_24383,YXXyXYx,YYXXXyyxYx,1,33994,501,15
ac19_24393,YXXyx,YYYYYXyyXyyXX,3,34009 63691 81967,501,18
ac19_24419,YXXyxYx,YYYXXYxxYX,1,34064,501,16
ac19_24422,YXXyx,YYYYYXyyyxxyxx,1,34069,501,18
ac19_24425,YXXX,YYYXYYXyyyxyXyx,1,34072,501,17
ac19_24439,YXYXyx,YYYYxyXXyXyyx,2,34100 126467,501,17
ac19_24441,YXYXyx,YYXYxxyyXXyyxxx,1,34104,501,19
ac19_24446,YXXYx,YYYXYxyXYYxyyX,4,34112 76103 100465 126401,501,18
ac19_24447,YXyxYXXyx,YYXyXXyxYXX,2,34113 57563,501,14
ac19_24450,YXXyx,YYYXyyxyxyxxxxx,2,34120 64634,501,20
ac19_24454,YYXXXYX,YYYYXyXYXXX,2,34127 58408,501,15
ac19_24462,YXXyx,YYYXYYYxyyXyyXyX,2,34135 39254,501,19
ac19_24470,YXyXXyx,YYYXyyXYYxyXXyyxyx,2,34147 140502,501,18
ac19_24481,YYYXXXyxx,YYYXyxxYXX,1,34178,501,17
ac19_24486,YXXYx,YYXXyyXYxxyxYX,1,34187,501,15
ac19_24520,YXYXyx,YYXXyXXyXYxxYxxyx,2,34238 140925,501,19
ac19_24521,YYXXyx,YYYXYYYXXXX,2,34239 60128,501,13
ac19_24522,YXYXyx,YYYXXyxyXXXYx,2,34240 124504,501,17
ac19_24528,YXXyx,YYYXYxyXyxyyxxyx,1,34251,501,18
ac19_24542,YXyXXyx,YYYxYXyyxxyX,1,34284,501,17
ac19_24560,YXYXyx,YYXyyXXXXYxYxyx,1,34310,501,19
ac19_24564,YXYXyx,YYYXXyXyyxxxxyxyx,2,34315 115715,501,21
ac19_24565,YXXyXyx,YYXXXXyxxyx,1,34320,501,14
ac19_24595,YXyXXyx,YYxYxyxxxyxYX,1,34368,501,18
ac19_24596,YXyxYXXyx,YYXXXYXyyX,2,34369 91523,501,17
ac19_24603,YXyXXXyx,YYXyXYXyxYxyxyx,2,34379 78317,501,19
ac19_24605,YXyXXyx,YYXYxyxYxyxYYxyx,2,34383 102705,501,16
ac19_24610,YXYXyx,YYYXyXyyyxxYx,2,34393 88508,501,19
ac19_24613,YXXYxYxxx,YYXYxxxYYx,2,34396 87308,501,14
ac19_24622,YYXXXyX,YYXYxyXyxyX,2,34411 47812,501,15
ac19_24627,YXYxyx,YYYXyXyxxxYYx,2,34420 151071,501,17
ac19_24631,YXyXXyx,YYYxyxyxYxx,4,34426 38785 68736 98686,501,17
ac19_24642,YXXYx,YYYYxyXYXYXyyx,1,34447,501,18
ac19_24646,YYXXXYxx,YYYYXYYXyyx,1,34452,501,19
ac19_24650,YXXXXYx,YYXYxyXXyx,8,34459 54484 63649 105988 109171 114485 123297 130304,501,17
ac19_24663,YXYXXYx,YYxxyXXXyxYX,1,34484,501,16
ac19_24665,YXXX,YYYXYYxyXyxyyyx,1,34487,501,17
ac19_24668,YXXyXYx,YYxyxxxyXyXYX,1,34494,501,17
ac19_24679,YXYXyx,YYYxxYYXyyXyX,2,34512 73445,501,19
ac19_24699,YXXyx,YYXYYXyyxyxxxxx,2,34543 38346,501,20
ac19_24710,YYXXX,YYYXYYxyXyyXyx,2,34558 95953,501,18
ac19_24711,YXXYXXXYx,YXXXXyxxYx,2,34563 124846,501,14
ac19_24732,YXYXyx,YYYYYxYXyXXXX,2,34603 85028,501,19
ac19_24749,YXyXXXXyx,YYxYxyxxyX,1,34634,501,19
ac19_24750,YXYXXYx,YYXXyXYxyx,1,34637,501,17
ac19_24758,YXXYXXyX,YYXyxYxyXyX,1,34651,501,15
ac19_24760,YXYXyx,YYYXXXXyXYYYx,2,34656 133203,501,19
ac19_24770,YXYXyx,YYXyXYXXyXXyxYxxx,2,34671 64475,501,19
ac19_24795,YXyXXyx,YYXyyxxyXX,4,34717 90180 91117 153767,501,16
ac19_24805,YXXYx,YYYXYYYXXyxYYX,2,34733 80574,501,18
ac19_24823,YXXyx,YYXYxyyxyxxxxYx,2,34755 45161,501,19
ac19_24836,YYXXXyX,YYXYXyxyyxx,1,34777,501,17
ac19_24841,YXYXyx,YYYYYxxyyXXXX,2,34784 133292,501,19
ac19_24851,YXYXyx,YYYXYYXyXyyXyxx,1,34805,501,17
ac19_24857,YXYXyx,YYXXXYXyyXYYx,1,34817,501,17
ac19_24881,YXXyx,YYXyyxyXyxxxxxYx,2,34858 130776,501,19
ac19_24884,YXXYx,YYYYXYxyXYXyyx,2,34861 144733,501,18
ac19_24892,YXXX,YYYXYxyyxYXyyyx,1,34869,501,19
ac19_24901,YXyXXyx,YYXYxyXXyyxxx,1,34888,501,18
ac19_24903,YXXyx,YYXYYXYXyyXyyXXX,1,34892,501,18
ac19_24907,YYXXYXYXX,YYXyXXyxYx,1,34902,501,15
ac19_24933,YXyXXyx,YYYxyxxyxYX,2,34954 103933,501,17
ac19_24962,YXXYxxyxx,YYXYxxxxxx,3,35004 92246 105989,501,15
ac19_24971,YXyXXyx,YYYxyyXXyxyX,1,35016,501,15
ac19_24973,YXXYXXX,YYYYXXYXXyyyyx,2,35022 56127,501,16
ac19_24975,YXXYx,YYYYxyXXyyx,4,35025 117053 121687 136800,501,15
ac19_24981,YXXYx,YYYYxYXyyyXYYXXyx,1,35032,501,18
ac19_24995,YXYXyx,YYXXXyyxYXyxxxx,1,35058,501,17
ac19_24999,YXYXyx,YYXYxyyXyXyxx,1,35064,501,15
ac19_25017,YXXyx,YYYXXYxyyxyxyxYx,1,35096,501,19
ac19_25021,YXXyx,YYYXYYXyyXyXXyXX,1,35102,501,20
ac19_25025,YXYxxyXyx,YYXXyxYXXXXyx,1,35107,501,19
ac19_25028,YXyXXyx,YYYXyxxyxYx,2,35117 52377,501,17
ac19_25033,YXXyxYx,YYYXYxyXYxx,3,35124 63228 149313,501,15
ac19_25058,YXYXyx,YYXyXyyxxxyyx,1,35175,501,15
ac19_25063,YYXXXXyx,YYXyXYYXyXX,1,35188,501,14
ac19_25065,YXyXYxx,YYYYXXyXyxx,3,35190 115282 131608,501,18
ac19_25072,YXYXyx,YYYXXXXyyxYxx,3,35210 51706 57411,501,17
ac19_25075,YXXyXyx,YYxYXXyyxx,2,35216 37276,501,14
ac19_25082,YXXyx,YYYYYXyyyxxyXX,1,35231,501,15
ac19_25086,YXYXyx,YYYYYYXyXXXYxyX,1,35239,501,19
ac19_25096,YXXXX,YYYYXyyxyyyxxx,1,35253,501,16
ac19_25102,YXYXyx,YYYxYxyXyxyXyXX,1,35264,501,19
ac19_25106,YXXYx,YYYYXYXXyxyx,3,35269 36028 138844,501,15
ac19_25123,YXYXyx,YYYYYxyyXXX,4,35299 37514 61502 102127,501,17
ac19_25143,YYXXXyx,YXXXYxxYXXXyX,1,35324,501,16
ac19_25154,YXYxyx,YYYXXyxxxxyyX,1,35338,501,15
ac19_25170,YXyXXyx,YYXyyxyXYXyyXYxyX,2,35367 130947,501,17
ac19_25185,YXXyXYx,YYXXyxYXXXyx,1,35391,501,15
ac19_25193,YXXYx,YYYXyxYXyyx,7,35400 112695 125449 132920 136311 137766 138381,501,15
ac19_25208,YXXyx,YYYYYXyXyxyyyXyX,2,35426 113793,501,18
ac19_25215,YYXXyxxyX,YYxYxyxyX,1,35434,501,15
ac19_25218,YXXYx,YYYXXyxYXyxyx,1,35439,501,15
ac19_25230,YXYXXXX,YYxYXyyXXXYXyx,1,35459,501,16
ac19_25234,YXYXyx,YYYYxYXXyxyXXXX,1,35466,501,19
ac19_25237,YXYXyx,YYXyyXXXYxx,3,35469 48307 149734,501,15
ac19_25244,YYXXyxx,YYxYxYXXX,1,35486,501,16
ac19_25245,YXXYx,YYYYXYXXyXYYYx,1,35487,501,15
ac19_25247,YXXyXyX,YYxxyxyXXXX,1,35491,501,15
ac19_25257,YXXyx,YYXYYxyXyxyyxyxx,2,35516 126442,501,18
ac19_25261,YXXYx,YYXYXyXYxyyx,4,35522 49620 105293 149526,501,15
ac19_25263,YXXyx,YYXYxyXyXyXXXXYX,2,35525 63082,501,20
ac19_25267,YXYXyx,YYYYYXyyXXX,5,35535 37761 39779 84133 109740,501,17
ac19_25268,YXYXyx,YYYYYYxyXXXyX,1,35536,501,19
ac19_25271,YXXyXYx,YYXXyXyxxxYX,4,35540 37436 83287 152240,501,16
ac19_25281,YYXXXXyX,YXXXyXYxxxxyX,1,35555,501,15
ac19_25293,YXYXyx,YYYXyyXyXXYxx,2,35572 81513,501,17
ac19_25299,YXXyx,YYYXYXyyxyxxxx,3,35580 42144 46364,501,19
ac19_25303,YXYXyx,YYYXXyXXXYXYx,3,35588 63878 118014,501,19
ac19_25310,YXXYx,YYYXYXyxYxyX,3,35601 78959 156574,501,15
ac19_25323,YXXYx,YYYXYXXyxyyxx,3,35627 64111 127545,501,15
ac19_25325,YXYxYXXYXyx,YYxYXXXYxYXX,1,35629,501,18
ac19_25334,YXYXyx,YYYXyxyXXXXyxxx,1,35645,501,17
ac19_25347,YXXXyXXyx,YYXyxyXYxxxyX,1,35664,501,16
ac19_25355,YXXyx,YYYXYxyyyXyXXYx,2,35685 47901,501,17
ac19_25372,YXYXyx,YYYXyxyXXXXXYxx,2,35717 55303,501,19
ac19_25378,YYXYYXXXX,YYYYXXXXXYX,2,35728 99495,501,17
ac19_25411,YXXXXyXYx,YXyxxxxxyx,5,35788 74078 75390 88852 115960,501,18
ac19_25419,YXYXyx,YYYXYYxYXyXXX,2,35806 55960,501,19
ac19_25423,YXYXyx,YYYXYxxxyXyXX,1,35821,501,17
ac19_25428,YXYXyx,YYXXXXXyyxxxx,2,35828 136215,501,19
ac19_25437,YXXyx,YYYXYxyyyxyyxx,2,35852 91751,501,18
ac19_25449,YXXX,YYYYYxyXyXyXyyx,1,35878,501,19
ac19_25452,YXXyx,YYYXyXyxyyxxxx,2,35883 76810,501,17
ac19_25460,YXXyx,YYYYXyXyyxxxx,3,35894 60789 106057,501,2
ac19_25471,YXyXXXyx,YYXyXyyXXYxyX,2,35910 141870,501,19
ac19_25479,YXYXyx,YYYYxYXyxyXXXyX,1,35924,501,19
ac19_25485,YXXyx,YYYXYxyyyXX,8,35936 37829 49254 52475 52816 56390 65561 142823,501,15
ac19_25487,YXyXXyx,YYXyyXyyxYXX,1,35944,501,17
ac19_25488,YXYXyx,YYYXyxyyXXXXYYx,2,35945 128014,501,19
ac19_25498,YXXXXyXXyX,YYxxyxxxxxx,1,35965,501,18
ac19_25502,YXYXyx,YYXYxYXyyXXYx,3,35971 111571 115525,501,17
ac19_25505,YXYXyx,YYXyXyXXYYxYX,1,35977,501,17
ac19_25513,YYXXXXXYx,YXXXXyxxYx,6,35992 47124 61389 110427 144144 146223,501,18
ac19_25518,YXXyx,YYYXYYXyyxyyxxx,2,35998 135939,501,18
ac19_25521,YXYXyx,YYXXXXXXYYxxx,1,36003,501,19
ac19_25527,YXXyx,YYYXyyXXyXyXXX,3,36022 103145 116419,501,18
ac19_25547,YXXyx,YYYYXyyyyXXXXyX,1,36051,501,19
ac19_25560,YXYXyx,YYXYxyXyXyyxxYx,2,36078 84624,501,19
ac19_25561,YXXyx,YYXYYXYxyXyyxyxx,2,36079 69520,501,18
ac19_25563,YXXyx,YYYYXXYxyxyyxyxx,2,36082 120635,501,18
ac19_25570,YXYXyx,YYXYYXyXyyxxx,2,36095 121148,501,17
ac19_25572,YXXyx,YYYXXXyyXyyxxxYYx,2,36098 88022,501,18
ac19_25577,YXYXyx,YYYXYYXXXXXYx,2,36110 81856,501,17
ac19_25580,YXYXXYx,YYXyxYXXyx,4,36116 39496 48193 112669,501,14
ac19_25587,YXYXyx,YYXyyXyxyxxYx,2,36123 92096,501,19
ac19_25614,YXyXXyx,YYxyxxyXYXXyX,2,36168 43732,501,16
ac19_25615,YXXyx,YYYXyxyyXyXyXXYx,2,36169 102499,501,16
ac19_25628,YXXyx,YYYYXyyyXyXYXXX,1,36184,501,19
ac19_25642,YXXyx,YYYXYYxyyxyyxxx,2,36205 83947,501,18
ac19_25655,YXXyx,YYYXYxYYXyyxyXyyxyyX,1,36228,501,19
ac19_25676,YXXXyxYxx,YYXYYXXYxx,2,36263 116033,501,17
ac19_25682,YYYXXXyxx,YYYYYYXyXX,1,36275,501,15
ac19_25683,YXYXyx,YYYYxYXyxyXXyyX,1,36276,501,19
ac19_25685,YXYXyx,YYXXyXXXXYxYx,2,36280 101879,501,19
ac19_25699,YXYXyx,YYXyyXXyyxYYx,2,36302 137858,501,17
ac19_25746,YXyXXyx,YYxyxxyXXXX,2,36386 53565,501,18
ac19_25755,YXYXyx,YYYYYYXyXXXXX,1,36398,501,19
ac19_25757,YYXXXXXXX,YYYXXXyxyXX,5,36405 36475 54505 60416 126836,501,15
ac19_25769,YXYXyx,YYXXXXXXYxxYx,1,36427,501,19
ac19_25770,YXYxyx,YYYXyxYXyxYxx,2,36429 96927,501,15
ac19_25777,YXYXyx,YYYYxyXXyXyxx,3,36440 56979 148342,501,17
ac19_25794,YXyXXyx,YYXXyXYxxyyxx,1,36466,501,17
ac19_25808,YXXX,YYYXYXYxyyyXyyx,1,36492,501,17
ac19_25809,YXXXyXYx,YXYxxyXYXyX,3,36493 39078 81744,501,17
ac19_25823,YXXYx,YYYYXyXyxyyxyx,1,36516,501,15
ac19_25828,YXyXXyx,YYXXyXYXyxxyx,2,36523 102603,501,15
ac19_25839,YXYxyx,YYYXyxYxxYxyX,1,36540,501,15
ac19_25857,YXXyXYx,YYXXXXYX,15,36568 37382 52678 59639 74505 98747 99802 106847 108952 116749 117940 139274 145678 145690 150733,501,15
ac19_25881,YXXyx,YYYXYxYYXyyxyXyyyXYx,1,36612,501,17
ac19_25891,YXYXyx,YYYYYYxyyXXXX,2,36631 44646,501,19
ac19_25900,YXXYx,YYYYYXYXXyXYYx,1,36647,501,15
ac19_25902,YXYXyx,YYXyXXXYYxyxx,1,36649,501,17
ac19_25912,YXXYx,YYYXyyxYXyx,6,36669 65239 74445 84971 131644 131783,501,15
ac19_25914,YXYXyx,YYXXYXXyXXYYx,1,36671,501,17
ac19_25936,YXXyx,YYYYXyXyyyxYxx,2,36708 145541,501,3
ac19_25941,YYXXXyX,YXyXXYxxxyX,6,36714 63277 82474 123505 133947 151006,501,15
ac19_25942,YXyXXXyX,YYXXyxYXyyx,1,36728,501,17
ac19_25945,YYXXYxYXXXYx,YXXYxxxyXXXYx,1,36732,501,18
ac19_25958,YXYXyx,YYXXXYxYxyXyX,5,36753 43263 68853 94071 155707,501,15
ac19_25960,YXXXYxx,YYYXYYXXyyxx,3,36759 91740 115881,501,18
ac19_25975,YXXyXYx,YYXXyyxxyx,1,36788,501,14
ac19_25985,YYXXXYxx,YYXyxYXyx,4,36807 53839 121294 121658,501,13
ac19_25990,YXXYx,YYXYxyxYXyyX,3,36819 102663 131258,501,15
ac19_26013,YXXyx,YYYYXYXyXyyXyXX,2,36858 76373,501,18
ac19_26016,YXXyXyx,YYxyxYXyxx,6,36864 42546 58789 113405 133573 133580,501,16
ac19_26026,YXYXyx,YYXXyxyXXXXYxYx,2,36885 146447,501,19
ac19_26043,YXYXyx,YYXYxxYxyyXyX,3,36909 44710 85109,501,17
ac19_26044,YYXXXXyx,YYXYXXXyX,2,36911 42821,501,17
ac19_26052,YXYXyx,YYYYYXXXXXXYxYX,2,36924 103416,501,19
ac19_26059,YXYXyx,YYYYXXXXXyyxx,1,36935,501,17
ac19_26065,YXXyx,YYYYXyXyXyXyXXYX,2,36946 38607,501,18
ac19_26073,YXyxYXXyx,YYXXYxyXyX,4,36963 114191 134816 140241,501,17
ac19_26077,YXYXyx,YYYXYxyyXyXXXYx,1,36968,501,19
ac19_26081,YXyXXyx,YYYxxYXyyxyx,3,36976 70468 113409,501,16
ac19_26082,YXXyx,YYYYYXyyXyxyXyyX,1,36978,501,18
ac19_26088,YXXX,YYYXyyxyyxyXYYx,1,36986,501,19
ac19_26094,YXYXyx,YYXXXyyXXYYxx,2,36994 69747,501,19
ac19_26106,YXYXyx,YYYXXXyxyXyxxxx,1,37019,501,19
ac19_26114,YXyXXyx,YYXyxxyxYYx,1,37028,501,17
ac19_26119,YYXXYxyxx,YYYxYxxyXX,1,37035,501,15
ac19_26121,YXYXyx,YYXXXYxYxYXyX,1,37037,501,15
ac19_26122,YXyXXyx,YYXyxYXYxyXyxyx,2,37038 45917,501,17
ac19_26129,YXYXyx,YYXXXXyyxxYYx,2,37050 90346,501,19
ac19_26133,YXYXyx,YYXXyXXXYYxyx,2,37057 49438,501,17
ac19_26134,YXXyx,YYYXyxxyyyXXXX,2,37058 103451,501,9
ac19_26140,YXYXyx,YYYxyXXyXXyxx,1,37067,501,17
ac19_26141,YXyXXXyx,YYxYXyyxx,1,37068,501,17
ac19_26151,YYXXYXXyX,YYXyXYXXyx,3,37087 126978 145719,501,16
ac19_26154,YXXX,YYXYYXYYXyyXyyX,1,37091,501,19
ac19_26159,YXYXyx,YYYYYYxyXXyXX,1,37098,501,19
ac19_26167,YXyXXyx,YYXYXyxYxxxyyx,2,37109 118564,501,17
ac19_26172,YXXyx,YYYXyyyxyxxYYx,2,37118 65118,501,18
ac19_26186,YXyxYXXyx,YYXXyxyXXXyX,1,37144,501,18
ac19_26196,YXYXyx,YYYYYxYXyyyXX,2,37164 91481,501,19
ac19_26211,YXXXyXyx,YYxyxYXXyxx,1,37189,501,17
ac19_26214,YXYXyx,YYYxyXyxyXXyxYx,1,37194,501,17
ac19_26228,YYXXyxx,YYYXXYxxxYXX,2,37216 143184,501,16
ac19_26249,YXXyx,YYYYXyXyXyyyXX,4,37262 55121 89639 137702,501,18
ac19_26260,YYXXyx,YYXXYYXXYxYXX,3,37289 46168 148076,501,15
ac19_26262,YXYXyx,YYYXXXXyyXyxYYx,2,37292 48042,501,19
ac19_26281,YXXX,YYYXYYXXyyyxyyx,3,37321 110257 116968,501,17
ac19_26291,YXXYx,YYXyyXYXYXYxxx,1,37344,501,15
ac19_26298,YXXyx,YYYYYXyyxyxxyx,3,37355 74964 91050,501,16
ac19_26316,YXyXXyx,YYXyyxxxYX,1,37398,501,17
ac19_26327,YXYXyx,YYXYYXXyXXXYx,1,37415,501,17
ac19_26337,YXYXyx,YYXXXyXYXYxYx,2,37439 151422,501,17
ac19_26355,YXYXyx,YYYxYYxyXXyyX,2,37471 98358,501,17
ac19_26385,YXYXyx,YYXyXXXyxxxYxyx,1,37530,501,17
ac19_26387,YXYXyx,YYXyXyyxxYx,7,37536 53537 80411 82663 90954 100019 150691,501,17
ac19_26388,YXYXyx,YYXXXXyxyXyxxYx,1,37538,501,19
ac19_26397,YXyXXyx,YYXYxyyxYxx,4,37551 83799 104021 155986,501,17
ac19_26421,YXXYxxyX,YYxxyXXyXYx,1,37592,501,14
ac19_26422,YXXyx,YYYXyyXyyxxYYxx,1,37593,501,16
ac19_26427,YXyXXXyx,YYXyXYxyyxx,1,37599,501,17
ac19_26438,YXyxYXXyx,YYXXyxYXXyXyyX,1,37620,501,17
ac19_26462,YXYXyx,YYYXyyyXXYxxx,1,37664,501,17
ac19_26478,YYXXYXX,YYXXyXYYxyX,3,37690 50347 100217,501,15
ac19_26483,YXXXYxx,YYYXXXyxyxx,5,37696 66525 68670 132116 132230,501,14
ac19_26498,YYXXYYx,YYYXyXyxx,3,37717 128788 136084,501,16
ac19_26499,YXYXXYx,YYXXyXyxYYx,1,37718,501,17
ac19_26505,YYXXXXYX,YYYYXyyXX,2,37732 146651,501,16
ac19_26508,YXYXyx,YYYxxYXyxyyXyyX,2,37741 153903,501,17
ac19_26510,YXYXyx,YYXXXXyXYYx,6,37743 46405 95143 112718 128349 133446,501,17
ac19_26521,YXyXXyx,YYXYxxxyyX,3,37768 138980 140218,501,15
ac19_26523,YXXYx,YYXYXXyXYxxyyx,1,37773,501,15
ac19_26528,YXXXyxx,YYXXyXYxxyx,3,37784 124689 147307,501,16
ac19_26530,YXYXyx,YYYXXXXXyxxYx,1,37787,501,17
ac19_26531,YXXyx,YYYXYXXYxyyyxyxx,3,37789 55371 67031,501,18
ac19_26533,YXyXYxx,YYYXXyxYXYx,1,37791,501,15
ac19_26544,YXXyx,YYYYXyyyxxxxxx,1,37806,501,19
ac19_26547,YXyXXXyx,YYXyyxxYxYxyx,2,37809 41968,501,17
ac19_26550,YYXXyxx,YYYYXYxyX,3,37813 132187 132632,501,16
ac19_26551,YXYXyx,YYXXyXyyxxxxyxx,2,37815 106518,501,19
ac19_26567,YXYXyx,YYXyyXXXXYxYx,2,37841 120731,501,19
ac19_26575,YXYXyx,YYXyXXXXYYXXYYx,1,37855,501,19
ac19_26582,YXXyxYx,YYYYxyXX,3,37867 48216 121519,501,15
ac19_26585,YXXyx,YYYYXYXyyXyXyXX,1,37873,501,18
ac19_26598,YYXXXyxyxYx,YYXXXXyxyxyx,1,37891,501,17
ac19_26609,YXyXXXyx,YYYxyxYxyxx,2,37915 98467,501,17
ac19_26618,YXYXyx,YYYxYXyyXXXYX,1,37930,501,19
ac19_26634,YXXyXyX,YYxyxYXyxx,3,37955 41732 122657,501,16
ac19_26642,YXXYx,YYYYYXXYXyxyyx,2,37971 106001,501,15
ac19_26644,YXyXXXyx,YYYxxxYXyxxYxxyyX,1,37973,501,19
ac19_26649,YXYXyx,YYXyxxYxyXyXyyx,2,37982 105124,501,17
ac19_26651,YYXXYXyyx,YYXyxxyXyx,1,37987,501,15
ac19_26652,YYXXXyxx,YYxyXXYXX,6,37988 63046 82137 117851 136545 137123,501,17
ac19_26664,YYXXXyxx,YYYXyyXYYXX,1,38010,501,17
ac19_26666,YXXYx,YYXYXXXYYxyyx,1,38012,501,15
ac19_26667,YXXX,YYYXyyyXYYXyxyx,1,38013,501,17
ac19_26684,YXXyx,YYYXyyyXXXXyXX,2,38042 136694,501,18
ac19_26693,YXXX,YYYXYYxyXyyxyyX,1,38061,501,19
ac19_26700,YXXyx,YYYYYXyyxyyxx,3,38075 46370 117299,501,11
ac19_26716,YXyXXXyx,YYXXyXXYxyxYxyxyX,1,38106,501,19
ac19_26719,YXYXyx,YYYXYxyXXyyXYYx,3,38112 51802 52580,501,19
ac19_26723,YXXYx,YYYXYxyXXyxYX,3,38117 107816 114348,501,16
ac19_26724,YXXYx,YYXyXXXyyxYYxx,1,38118,501,15
ac19_26733,YXXyx,YYYYXXYxyxyyyx,3,38137 40000 40027,501,16
ac19_26734,YXYXyx,YYXyXXXyxyxYx,1,38138,501,17
ac19_26784,YXYXyx,YYYXYxyXXyyyxxx,2,38222 140620,501,19
ac19_26785,YXXyx,YYYYYXyxyyyyXyX,2,38226 85663,501,18
ac19_26799,YXYXyx,YYXyXyXXXYYxxyx,1,38255,501,19
ac19_26811,YXYXyx,YYYxyxYxyXyXX,2,38280 54394,501,17
ac19_26816,YXyXXyx,YYxyxYxyxYxyxYX,3,38289 98540 102687,501,17
ac19_26829,YXXyXYx,YYxyXYXYXyX,3,38311 50036 55134,501,15
ac19_26834,YXYXyx,YYXXyXyxyxxYx,2,38320 40420,501,17
ac19_26841,YXYXXYx,YYYXXXyxyx,1,38331,501,17
ac19_26856,YYXXyxx,YYxYxxyXXYXX,1,38358,501,18
ac19_26870,YXyXXXyx,YYYxxxxxxyx,1,38386,501,17
ac19_26875,YXyXXyx,YYxYXYxyxyx,6,38397 52424 54402 80388 106828 154308,501,16
ac19_26882,YXXYx,YYYXXyyXYxyxx,2,38407 88582,501,15
ac19_26886,YXYXyx,YYXYxxxyXXyyX,2,38417 97485,501,17
ac19_26887,YXXyx,YYXYxYxyyXyXyXYX,1,38418,501,18
ac19_26889,YXXyx,YYYXYXyyXyyyXXX,2,38426 82700,501,18
ac19_26896,YXXYxxyX,YYxYXXyyxyx,1,38439,501,14
ac19_26898,YXyXXyx,YYYxyyxxYXXyxYx,2,38441 108533,501,17
ac19_26912,YXXyXyx,YYYXyyxyX,1,38466,501,15
ac19_26919,YYXXXYx,YYYYXyXyx,6,38477 64742 102965 104089 109690 144764,501,15
ac19_26921,YYXXyxx,YYXXYYxYxxYXX,1,38480,501,19
ac19_26934,YXYXyx,YYYYXYYxYXXyxyXXX,2,38498 41202,501,21
ac19_26942,YXXyXyX,YYYxyXXyxyX,1,38508,501,18
ac19_26945,YXYxyx,YYXyXXyyXXyXyyx,1,38513,501,19
ac19_26952,YXyXXyx,YYYxyyxxYXXyXyx,2,38525 112013,501,15
ac19_26963,YXXyx,YYYYXYXyxyyyxxx,2,38542 73267,501,18
ac19_26976,YXXyx,YYYYXyyXyyXXyX,2,38566 86062,501,18
ac19_26979,YXXyXyx,YYxyxxYXyX,4,38569 111933 123167 134471,501,14
ac19_26982,YYXYXXXYx,YYXyXXXYxYx,1,38573,501,17
ac19_26985,YXXYXXX,YYYXXYXXyyyx,4,38579 65363 90254 109972,501,14
ac19_26999,YXXyx,YYYYXyyxyyXXyX,1,38614,501,13
ac19_27036,YXXyx,YYYYYYXyyyyxyx,3,38675 73435 144547,501,18
ac19_27039,YXXyxYx,YYxxYXYxYX,4,38683 87822 92862 121143,501,15
ac19_27060,YXXYx,YYYXXyyxyxxYX,2,38713 55814,501,15
ac19_27062,YXyXXXyx,YYYXyxYxxyXyx,2,38716 132113,501,17
ac19_27072,YYXYxyXyX,YXyxYXXyx,3,38734 41514 131547,501,17
ac19_27077,YXYXyx,YYXYxyyXXyyxxxx,2,38742 148986,501,19
ac19_27082,YXXYx,YYXYYXyyxYYXyx,2,38753 83303,501,18
ac19_27102,YYXXXyx,YYYXXYXyxyyX,1,38786,501,15
ac19_27114,YYXXXyx,YYYxyyxyXXyx,1,38809,501,14
ac19_27125,YXYXyx,YYYYYxyXXXXYxyX,1,38827,501,19
ac19_27133,YXYXyx,YYYYYXXyxyXXXYx,2,38846 155579,501,19
ac19_27161,YXyXXXyx,YYxxxxYxyxxyXYX,1,38888,501,19
ac19_27177,YXXXyxYx,YYXXXyXYxYX,2,38913 92335,501,17
ac19_27178,YXXYxxyx,YYXXyyxYxyx,1,38917,501,15
ac19_27181,YXYXyx,YYYxyXXyXyxyx,2,38921 96549,501,17
ac19_27186,YXYXyx,YYXXyyXyxxYxx,2,38928 90017,501,19
ac19_27187,YYXXXXyXX,YYXXyxxxxxxyXXX,2,38929 151459,501,20
ac19_27188,YXXYx,YYYXYxyyXyyxYX,3,38933 91072 125054,501,15
ac19_27190,YXyXXyx,YYxxxyxxYXX,2,38936 150416,501,17
ac19_27193,YXYXyx,YYXyXYYXXXYYx,1,38946,501,17
ac19_27204,YXYXyx,YYYXXYYxYXXXX,1,38962,501,17
ac19_27208,YXXyx,YYYYXYXyxyXyyXXX,1,38969,501,19
ac19_27227,YXYXyx,YYYXyyxyXyxxx,1,39001,501,17
ac19_27245,YXYXyx,YYYYYxyyXXXYYXX,1,39038,501,19
ac19_27254,YXXXyXYx,YXXyxxxxyxx,1,39050,501,19
ac19_27257,YXXYx,YYYXXyxYYxyX,2,39057 92991,501,15
ac19_27274,YXYXyx,YYYYYXyXXXYXX,3,39098 92122 149083,501,19
ac19_27287,YXYXyx,YYYXXXyXyxYxx,2,39123 60819,501,17
ac19_27300,YXXYXXyx,YYXyXXYxyXX,1,39151,501,19
ac19_27303,YXYXyx,YYYXXXXyyxxyx,2,39160 142985,501,17
ac19_27310,YXXYx,YYXXyxYXYYxyX,2,39180 77291,501,15
ac19_27323,YXXyx,YYYXyXyXyXXXXXYX,2,39209 81240,501,21
ac19_27331,YXXyx,YYYYYXyyxxyyyXYX,1,39226,501,18
ac19_27361,YYYXXXYYXXX,YYXXyxxxyXyx,1,39284,501,23
ac19_27368,YXXYx,YYYxxyyxyXXXyx,1,39301,501,15
ac19_27374,YYXXyx,YYXYXXXXYxx,2,39313 143123,501,15
ac19_27377,YXyXXyx,YYxyxyXXYxyXX,2,39318 135790,501,16
ac19_27384,YXYXyx,YYXYxyXyXXYxx,4,39331 80865 101566 119379,501,15
ac19_27406,YXXXyxYx,YXYXYxYXXyX,1,39366,501,17
ac19_27438,YXYXyx,YYYXXXXXXYYxx,1,39427,501,19
ac19_27458,YXXyxYXXyxx,YYXXXyXXXYXXyx,6,39468 53378 66058 76114 93829 139503,501,17
ac19_27463,YXYXyx,YYYYXyyXyyxxx,2,39474 149101,501,19
ac19_27466,YYYXXXX,YYXXyXYxyx,2,39481 64285,501,14
ac19_27469,YXyXXyx,YYXXyyXyyXX,1,39486,501,17
ac19_27470,YXYXyx,YYYXyXXXyxYxx,1,39487,501,15
ac19_27476,YXYXyx,YYYxyxYXyXyXXYx,2,39494 53186,501,19
ac19_27484,YXyXXyx,YYYXyxYxyxxyXX,1,39508,501,18
ac19_27485,YXYXyx,YYXyXYXyXXyxYxx,2,39510 90414,501,17
ac19_27489,YXyXXyx,YYYxyyxxYXyXYxyx,2,39520 105772,501,15
ac19_27503,YYXXYXXyXYx,YYXXYXyxYxxyyX,1,39544,501,15
ac19_27514,YXXyx,YYYYXyyxyxyxYx,3,39560 64966 87777,501,16
ac19_27526,YXYXyx,YYXYxxyXyyXyxYx,1,39575,501,17
ac19_27530,YXYXyx,YYXYxyXXXXyyxxx,1,39580,501,19
ac19_27534,YXYxyx,YYXyxYXyxYxxx,1,39586,501,15
ac19_27544,YXYXyx,YYYxYXXyxyXXXYx,2,39600 98439,501,19
ac19_27546,YXYXyx,YYYxyyXXyXXYx,4,39604 103439 104331 109125,501,19
ac19_27547,YXYXyx,YYXyyxyXXYYxx,1,39605,501,15
ac19_27551,YXXYxxyxx,YYxxYxxxxx,1,39609,501,19
ac19_27554,YXXyx,YYYXYxyyyxxxxx,2,39613 92279,501,18
ac19_27559,YYYXXXYYx,YYYYxxyXXX,2,39624 83884,501,14
ac19_27564,YXYXXXX,YYYXyXXXyx,2,39630 53074,501,16
ac19_27569,YYXXXYX,YYxyXYYxyXyX,1,39641,501,15
ac19_27589,YXXYxxyx,YYXyxYxyxYx,1,39678,501,17
ac19_27595,YXYXyx,YYXYxyXXXXyxYxx,1,39689,501,15
ac19_27602,YXYXyx,YYYYxxYXyyXyX,4,39700 86559 126289 131028,501,19
ac19_27623,YXyXYxx,YYYYXyXyxxx,2,39740 85806,501,15
ac19_27624,YXXyx,YYYYXYxyXyyxyxx,2,39741 114729,501,18
ac19_27631,YXYXyx,YYYXyXXyXXYYx,2,39752 82144,501,19
ac19_27683,YXYxyx,YYXXyXyxxxYxx,2,39837 78449,501,17
ac19_27697,YXYXyx,YYYYYXyxyXyXXYx,2,39859 80011,501,19
ac19_27704,YYXXYYXXX,YYXXyxYxyX,3,39873 83675 152756,501,17
ac19_27724,YXYXyx,YYXyXXXYYxxyx,2,39913 134725,501,17
ac19_27738,YXXyx,YYYYXYxxxyyyyx,1,39932,501,15
ac19_27740,YXyXXXyX,YYxYxyxyxxx,1,39935,501,17
ac19_27752,YXYXyx,YYXXXXyyxxYYxyx,1,39953,501,19
ac19_27766,YXXYx,YYYYXXYXyyxYYX,2,39990 138584,501,15
ac19_27773,YXYXyx,YYYYXyXXXyxxx,2,40012 83703,501,17
ac19_27777,YXYXyx,YYYYXXyXXyxxx,2,40019 93461,501,17
ac19_27787,YYYXyxyyX,YYXyXXXXX,4,40035 88843 125897 127017,501,16
ac19_27792,YYYXXXXX,YYYXyXyyXYx,1,40044,501,19
ac19_27800,YXYXyx,YYXXXyXXYxYYxyx,2,40055 70654,501,19
ac19_27803,YXXyx,YYYXyyxyyXXXXXX,2,40058 129303,501,20
ac19_27810,YXYXyx,YYYYXXyXXXYxx,2,40068 79932,501,19
ac19_27812,YXXXYxx,YYYYXXyyxyx,1,40075,501,18
ac19_27813,YXYXXYx,YYXYYxYXyXX,1,40076,501,17
ac19_27822,YYXXXyxx,YYXXyXYYx,1,40091,501,15
ac19_27841,YXYXyx,YYYYxYYXXyxyXXX,2,40126 113713,501,19
ac19_27848,YXyXXXXyx,YYxxYxyxyx,2,40136 88522,501,18
ac19_27850,YXXyx,YYYXYYXyxyXyXyXX,2,40140 107068,501,18
ac19_27862,YXXyXYx,YYxYXyyXYXX,1,40159,501,15
ac19_27867,YXXXXyXXYx,YXyxxxxxyxx,4,40170 85943 98267 98344,501,17
ac19_27875,YXYXyx,YYXyyXYXXXYxx,1,40188,501,17
ac19_27886,YYXXXYx,YYxyXyxyXyx,3,40207 56132 84114,501,16
ac19_27922,YXyXXyx,YYXYxyXyxyxYXyx,2,40280 90458,501,18
ac19_27945,YXYXyx,YYYYxxYXyxyyXXX,2,40312 151368,501,19
ac19_27962,YXYXXXX,YYYYXXXYXXXyXyX,1,40346,501,16
ac19_27963,YXXyx,YYYYXYXyxxyyyXXX,2,40347 138984,501,18
ac19_27979,YXYXyx,YYYxyXyXXYxyX,7,40380 57806 74971 81583 90231 110604 151406,501,15
ac19_27988,YYXXyXyyx,YYXyxxyyXX,1,40393,501,17
ac19_27997,YXYXyx,YYXyyXyyxYXyxxx,1,40406,501,19
ac19_28001,YXyXXyx,YYxyXXyXYYxyxyX,1,40414,501,11
ac19_28038,YXXX,YYYXYYxyxyyXyyx,1,40482,501,17
ac19_28045,YXYXXYx,YXyXXYxYxxyX,1,40490,501,16
ac19_28048,YYXXyx,YYXXXYYxYXX,1,40495,501,15
ac19_28049,YXYXyx,YYxyXXyXyxx,16,40496 46534 46800 60962 64395 65375 72183 86526 96282 108498 109238 120253 120904 122348 142319 149562,501,15
ac19_28053,YXYXyx,YYXXyyXyyxxxx,2,40503 56428,501,19
ac19_28055,YXXYx,YYYXXXYxyXYxyx,1,40507,501,15
ac19_28076,YXXYx,YYYXYXyyyxYxYX,1,40545,501,15
ac19_28084,YXYXyx,YYYYxyyXyyyxx,2,40566 76154,501,19
ac19_28099,YYXXXyxyx,YYYXXXyyXX,1,40597,501,15
ac19_28104,YXXXXYx,YYxyXXyxxyx,2,40606 51964,501,17
ac19_28109,YXXYXXyX,YYxYxyxyXyX,1,40614,501,15
ac19_28111,YXXyx,YYYXyyxyyXyyXYYx,1,40616,501,13
ac19_28112,YXYXyx,YYYYXXyyyyxxx,2,40618 123362,501,19
ac19_28131,YYXXXXyx,YXXyXXXYx,4,40647 62350 130941 137795,501,17
ac19_28135,YXYXyx,YYYxYxyXXyyXX,2,40653 96891,501,19
ac19_28148,YXXyx,YYXYYxyyXyxyyxxxx,1,40674,501,19
ac19_28156,YXyXXXyx,YYXyXYXyyxx,1,40684,501,17
ac19_28158,YXyXXyx,YYXYxyXyyxx,1,40686,501,17
ac19_28160,YXYXyx,YYXXyxyXyxYxx,1,40688,501,15
ac19_28184,YXXyx,YYYYXyyyxyyXXX,2,40732 125057,501,17
ac19_28194,YXXyx,YYYXyyxxyyyXXYX,2,40753 140517,501,18
ac19_28195,YYXXYXX,YYYYYXyXyyX,2,40755 127417,501,18
ac19_28198,YXyxYXXyx,YYYXyxyxYXyxx,1,40762,501,17
ac19_28201,YYXXXXyX,YYxxyXXXXXX,1,40768,501,17
ac19_28203,YXYXyx,YYYXXXXYYxxyX,1,40770,501,13
ac19_28205,YXYXyx,YYYxxYYXyXXyX,1,40773,501,19
ac19_28207,YXXyx,YYYXyyxyXyXyXYX,1,40776,501,18
ac19_28219,YXYXyx,YYYXXXyXYXYxx,2,40799 100838,501,17
ac19_28221,YXYXyx,YYYxyXXyyxx,6,40801 43159 55268 61168 65359 99783,501,17
ac19_28222,YYXXyxx,YYXYxyxYYXX,2,40802 41931,501,15
ac19_28227,YXyXYxx,YYYXyXXyxyxxx,2,40808 140290,501,15
ac19_28231,YXYXyx,YYXyyXyxxYxYX,2,40813 66422,501,15
ac19_28238,YXXYx,YYYYXXYYYXYxyX,3,40828 80499 122423,501,15
ac19_28248,YXXyx,YYYXYXyXyyyXXYX,1,40844,501,19
ac19_28252,YXYXyx,YYYYYYXYxyXyXXX,2,40849 135536,501,19
ac19_28253,YYXXXXyxxx,YYxxYXXXXYX,1,40850,501,21
ac19_28258,YXYXyx,YYYYxyxxyXXXX,1,40858,501,17
ac19_28265,YYXXYYXXX,YYYXXYYXXYXXXyx,1,40866,501,17
ac19_28267,YYXXyxx,YYxxxYXyX,1,40868,501,16
ac19_28281,YXYxxyXyx,YYXXyxYXyxx,1,40889,501,17
ac19_28283,YXYXyx,YYYYYYYXyXXXX,2,40894 122134,501,19
ac19_28303,YXXyXyxx,YYxxYXYXyxx,2,40928 41815,501,17
ac19_28306,YXYXyx,YYYXyXXXyXYxx,4,40937 42313 145401 146231,501,17
ac19_28313,YXXYx,YYxyXXYXyXYxyx,1,40948,501,13
ac19_28328,YXXyXyxx,YYXYxxyxxYx,2,40975 132563,501,19
ac19_28356,YXYXyx,YYYYXyXXXyyxx,1,41023,501,19
ac19_28357,YXXX,YYYXyyXyyyXYxYx,1,41025,501,19
ac19_28362,YXXyx,YYYXYYxyyXyyxxxx,1,41039,501,19
ac19_28375,YXyXXyx,YYXyxxyXYxyXX,4,41060 54756 130673 155409,501,15
ac19_28383,YXXyx,YYYXYYxYXyyyxyyx,1,41078,501,18
ac19_28388,YXXyx,YYYXyyyxxyxYYx,1,41085,501,17
ac19_28397,YXXyx,YYYXYxYXyyyXyXX,2,41100 45077,501,17
ac19_28410,YXYXyx,YYXXyyXXXYxxx,2,41123 44807,501,17
ac19_28416,YXXYx,YYYXYXXyxxYXyx,1,41131,501,13
ac19_28444,YYXXXyX,YXyxxYXXXyx,2,41178 143643,501,15
ac19_28446,YYXXyxx,YYYxYxyxyXX,1,41182,501,17
ac19_28453,YYXXXXXYx,YXYxYXyXX,2,41193 95940,501,18
ac19_28464,YXyXXyx,YYXyyxxxYYx,1,41220,501,18
ac19_28480,YYXYxxYxyX,YXYxxYXXYxx,2,41248 142629,501,15
ac19_28487,YXXYx,YYXYxxYXyyxyX,2,41267 48975,501,15
ac19_28491,YXXyx,YYYYXyyyxyxyxx,3,41274 147256 156437,501,18
ac19_28507,YXXYx,YYYXYYXYxyyXyx,2,41302 118538,501,15
ac19_28510,YYXXyxx,YYYYYYXYXYYx,1,41313,501,16
ac19_28515,YYXXyx,YXyXYXXXYxx,2,41320 126905,501,15
ac19_28516,YXXYx,YYYXYYXyyxYXyx,2,41321 62329,501,18
ac19_28517,YXYXyx,YYYXYYYxyXXXX,1,41322,501,17
ac19_28521,YXXYxxyX,YXYxYXXyXyx,1,41333,501,17
ac19_28530,YXYXyx,YYXyXXXXYYxxxyx,1,41349,501,19
ac19_28535,YXXyx,YYYXXXyyXyyXXYYX,2,41360 57945,501,18
ac19_28539,YXYXyx,YYYXXXyXyyxxx,2,41369 94459,501,19
ac19_28540,YXXYx,YYYXYXXyXYYxx,2,41370 81676,501,15
ac19_28547,YXXYx,YYXyxYxyXXYXyx,1,41380,501,15
ac19_28557,YXYXyx,YYYYxyXyXXXYx,2,41402 45083,501,19
ac19_28560,YXYXyx,YYYXXXyxyXyxx,1,41408,501,15
ac19_28561,YYXXXXYX,YXXXXyxYx,2,41412 76557,501,14
ac19_28566,YXYXyx,YYYYXyxyXyyXyxx,1,41418,501,17
ac19_28570,YXXYxxyX,YYXXYYxYXXX,1,41429,501,14
ac19_28573,YXXyx,YYYXyXyxyXyXXYYX,2,41437 50904,501,18
ac19_28582,YXYxyx,YYXXyXyxYxx,6,41450 51339 62940 74934 138513 149582,501,15
ac19_28583,YXYXyx,YYYYxYxyXyyXX,2,41451 106038,501,19
ac19_28591,YXYXyx,YYXyyXXyyxxxx,1,41470,501,19
ac19_28604,YXXyx,YYYXyyxxyyxxxx,1,41503,501,16
ac19_28605,YXXyx,YYYXyyxyxyxxxx,2,41505 123220,501,19
ac19_28633,YXYXyx,YYYxYxxyXXXyX,2,41552 125036,501,19
ac19_28641,YYYXXXXX,YYYXyXYXyyx,1,41564,501,19
ac19_28649,YXYXyx,YYYYxyyXyXXYx,2,41579 145384,501,19
ac19_28671,YXYxyXXyxYXyx,YYXXyxYXyxYXyx,2,41626 88499,501,20
ac19_28673,YXyXXyx,YYYXyxxyXyX,2,41630 103420,501,17
ac19_28674,YYXXXXyx,YXXXXXXXXXYxx,2,41633 146550,501,17
ac19_28682,YXXyx,YYYYXYxyXyyyyxYx,2,41646 101928,501,19
ac19_28693,YXXyx,YYXYXyyXyyXXXXX,1,41668,501,20
ac19_28696,YXXXyxx,YYXXyxYXyxYXyx,6,41677 99211 102712 135962 139334 143487,501,20
ac19_28724,YXYXyx,YYXXXXXyxxYYx,1,41715,501,17
ac19_28739,YYXXyxx,YYYYYYxxxyXX,1,41739,501,18
ac19_28740,YXXyx,YYYXyxyXyyXXXXX,2,41740 143742,501,19
ac19_28745,YXYXyx,YYYYxyXXyXXYx,2,41747 104668,501,19
ac19_28747,YXYXyx,YYYXyXyyyxxxx,2,41756 95448,501,19
ac19_28752,YXXyx,YYYYYXXYxyyxyyyx,2,41763 141696,501,17
ac19_28761,YXyXYxx,YYYYXXyxxx,1,41778,501,15
ac19_28788,YXXyxYx,YYYxxYXYXX,1,41833,501,15
ac19_28796,YXYXyx,YYYXYxyyyXXXYxx,1,41845,501,19
ac19_28797,YXYXyx,YYYYXXyxyyXXXYx,2,41846 96865,501,19
ac19_28798,YXyXXXyx,YYXyxyXyX,3,41848 88001 136489,501,15
ac19_28812,YXYxyx,YYYxxYxYXYxxx,1,41870,501,15
ac19_28816,YYXXYXXyyx,YYxyXXYXXyX,1,41876,501,18
ac19_28817,YXyXXyx,YYXyyxyXXXXyyX,2,41877 63040,501,17
ac19_28820,YXYXyx,YYYYXXXXyyxxx,2,41887 154970,501,19
ac19_28832,YXyxYXXyx,YYXXyxYXXyyXYX,1,41907,501,17
ac19_28843,YXYXyx,YYxYXyXyyxx,6,41923 74139 103716 128538 136043 146547,501,17
ac19_28851,YXyXYxx,YYYXXYYxxYX,1,41939,501,15
ac19_28853,YXXyx,YYYYXYxyyyxyxx,3,41942 88541 131805,501,18
ac19_28860,YXyXXXyX,YYXXyyxYXyx,1,41955,501,17
ac19_28873,YXyXYxx,YYYYYXXYx,5,41979 103842 138127 141364 148121,501,16
ac19_28875,YXXX,YYYYXyXyyyXYx,2,41982 49223,501,17
ac19_28878,YXYXyx,YYYxxxYXyxyXyXX,1,41991,501,19
ac19_28879,YXyXXXyx,YYXyyXyXYxxyX,2,41992 53155,501,17
ac19_28884,YXXXX,YYYYYXyyyyxyx,1,42003,501,13
ac19_28889,YXYxxYxyx,YYxyxYYxyxYx,4,42011 118930 131382 138530,501,17
ac19_28895,YXYXyx,YYXYxxYXXyyXX,3,42023 48856 71053,501,17
ac19_28912,YXXX,YYYYXyyXYxyyX,2,42051 118820,501,17
ac19_28918,YXyXXyx,YYYxxxyxxYXyx,1,42058,501,16
ac19_28924,YXyXXyx,YYYxxyyxyXYx,1,42068,501,16
ac19_28930,YXYxyx,YYXXyxxxYxxYx,2,42081 88422,501,17
ac19_28941,YXYXyx,YYYxyXXyXXyxYxx,2,42098 127700,501,19
ac19_28945,YXXYx,YYYXYXXyyxyx,3,42103 111782 150767,501,15
ac19_28953,YXyXXyx,YYxyxyxYXYx,5,42115 47075 52730 96753 137519,501,16
ac19_28956,YYXXyxYxyx,YYxYXyXYxyx,1,42121,501,14
ac19_28994,YXXYXXXXX,YYYXyXXXyx,1,42191,501,19
ac19_29012,YXYXyx,YYYYYYxyXXXYXyX,1,42231,501,19
ac19_29024,YXYxyx,YYXyXXyXyyx,6,42253 63858 72105 89296 91942 96761,501,15
ac19_29031,YXXyx,YYYXyyXXyXXXYX,1,42262,501,18
ac19_29038,YXXYx,YYYXXYYxyyxyyX,2,42281 142359,501,15
ac19_29042,YXYXyx,YYXYxxxxyyXXyXX,2,42292 121621,501,21
ac19_29050,YXXyx,YYYXYxyyyXyXYX,4,42309 84855 129734 150836,501,17
ac19_29052,YXXyXyx,YYYxxxxyXXyX,1,42317,501,15
ac19_29053,YYXXXyx,YYYXyyyXYx,8,42318 75674 77029 90012 106453 120295 135266 156205,501,13
ac19_29060,YXXyx,YYYXyyXXXXXXXX,2,42331 79222,501,17
ac19_29061,YYXXXyxYX,YYXXXXXYx,1,42332,501,17
ac19_29098,YXXyx,YYYYXyXyyyXyXX,2,42405 61723,501,17
ac19_29099,YXXYxYxx,YYYYXyxxyyX,1,42406,501,17
ac19_29110,YXXXX,YYYXYYXyyyxyXX,1,42429,501,15
ac19_29114,YXYXyx,YYYYYxxyXXXyX,2,42434 47109,501,19
ac19_29115,YXXYxxyx,YYYxYxxxyXX,1,42435,501,17
ac19_29131,YXYXyx,YYYYXyyXXXXYx,2,42464 106484,501,19
ac19_29133,YXYXXYx,YYxYXyxYXyX,2,42468 149925,501,16
ac19_29135,YXXX,YYYXYYxyyyXyX,2,42470 105317,501,17
ac19_29145,YXXYXXyX,YYxyXXXyx,7,42486 49258 59080 83838 105141 123217 138466,501,13
ac19_29147,YXYxyx,YYXXyxyxxYYxx,2,42489 57021,501,15
ac19_29151,YXXyx,YYYXyyyXyyXXXYx,2,42496 65112,501,18
ac19_29160,YXYXyx,YYXYxxYXyXXyX,4,42512 93844 105085 112324,501,17
ac19_29172,YXXyx,YYXYYXyyxyyXXXXyX,1,42532,501,20
ac19_29182,YXYXXXX,YYXXyXXXyxYx,1,42550,501,15
ac19_29190,YXyXXyx,YYxYXyyxyXX,3,42558 103259 122999,501,17
ac19_29196,YXXXyxYx,YYxYXYXXX,3,42568 63926 147272,501,11
ac19_29204,YXYXyx,YYYxyXyXXYx,4,42586 104772 144029 151268,501,17
ac19_29209,YYYXXXYYX,YYXXXXYYx,3,42598 97800 139452,501,17
ac19_29218,YYXXXyX,YYXyXYxyyXYX,1,42611,501,15
ac19_29219,YXYXyx,YYXXYYxxYXyyX,1,42612,501,17
ac19_29224,YYXXyXyxyx,YYYXyXyxyyX,2,42621 131549,501,17
ac19_29227,YXXX,YYYXYYxyyXyxyyx,1,42625,501,19
ac19_29231,YXyXXyx,YYYxYXyxxyx,1,42630,501,17
ac19_29257,YXXyxYx,YYYXXYxxxxyX,1,42678,501,15
ac19_29268,YXYXyx,YYYXXyyXyyxxxyx,2,42697 82305,501,21
ac19_29271,YXyXXyx,YYxYXXyyxyx,4,42700 78615 81519 90079,501,16
ac19_29277,YXXyx,YYYYXyyXyXyXXYX,1,42712,501,19
ac19_29283,YXXXyxYxx,YYXXXYxxxYX,2,42724 154167,501,17
ac19_29284,YXXYx,YYYXXyyXYYxx,2,42727 84470,501,16
ac19_29293,YXXXyxx,YYYXyxYxyyxx,1,42753,501,16
ac19_29297,YXXyx,YYYYXYxyXyyyxyyx,1,42760,501,18
ac19_29314,YXyXXyx,YYYXyyXYXyXYxyyxyx,2,42790 106756,501,18
ac19_29338,YXYXyx,YYYXXXXyyXYYx,2,42838 76078,501,19
ac19_29344,YXyXXXXyx,YYXyyxxYxxYxyx,1,42846,501,18
ac19_29357,YXYXyx,YYXYxyXXyyXYxYx,2,42876 63074,501,17
ac19_29364,YXyXXyx,YYXyyxyXYXXyXyX,2,42893 107518,501,17
ac19_29367,YXYXXXX,YYxYXyXXXXyx,2,42900 140954,501,16
ac19_29392,YYXXYYXXX,YYXyXYXYxYXyX,1,42949,501,20
ac19_29398,YYXXXyxYX,YYXyXyxxYX,1,42957,501,15
ac19_29413,YXYXyx,YYYxxYxyyXXyX,2,42985 68941,501,19
ac19_29458,YXyXXyx,YYYxyxYYxxyx,2,43058 62912,501,13
ac19_29463,YXYXyx,YYXyxyXyyXyyxYYxx,1,43065,501,21
ac19_29471,YXXyx,YYYXYYxyyxyyxx,2,43073 53768,501,17
ac19_29477,YYXXyx,YXYxyXyxxYXyx,1,43082,501,15
ac19_29491,YYXXyxx,YYXyXXyxyx,1,43104,501,14
ac19_29504,YXXyXyxx,YYxxyxxYxYX,2,43126 138615,501,19
ac19_29524,YXYXyx,YYYYXyyyXyyxx,2,43175 131312,501,19
ac19_29527,YXyXXyx,YYXXyXYXyyxxx,1,43185,501,17
ac19_29588,YYXXyx,YYXyXYxYXXX,3,43278 51507 96326,501,13
ac19_29594,YXYXyx,YYYxYXyXYxyXX,1,43287,501,15
ac19_29601,YYYXXYYXX,YYXYXXXYx,4,43299 72860 138711 156712,501,18
ac19_29607,YXYxyx,YYXXyxxxxYx,2,43311 140308,501,15
ac19_29610,YXXyx,YYYYXyXyXyXXXX,2,43314 109266,501,19
ac19_29624,YXXyXyx,YYXXYxyXyyx,2,43336 126256,501,14
ac19_29625,YXYxyXXyx,YYXyxxYXyx,2,43337 124301,501,16
ac19_29627,YXyxYXXyx,YYXXyxyXyX,3,43341 97696 147309,501,17
ac19_29651,YXyXXyx,YYXYxyXyyXYxyxx,2,43386 146767,501,17
ac19_29672,YXXX,YYYXYYxyxyXyyyx,1,43422,501,17
ac19_29674,YYXXyx,YYXYXyXyyxx,1,43429,501,15
ac19_29678,YXYXyx,YYXXyxyXyyXYxYYxx,2,43433 107193,501,19
ac19_29680,YXYXyx,YYxYYxyXXyX,8,43437 77998 78284 97988 113164 144869 148762 150745,501,17
ac19_29689,YXYXXXX,YYYXYXXyyXyx,1,43450,501,16
ac19_29693,YYXXYxyxx,YXXXyxxYxx,3,43457 71810 109794,501,18
ac19_29712,YXXyx,YYYYYXyXyxyyyxyx,2,43485 75372,501,18
ac19_29716,YXYXyx,YYYXYYxYXXXXX,1,43498,501,17
ac19_29757,YXyXXyx,YYYXyyxYXyxx,3,43565 117430 131234,501,15
ac19_29758,YXYXyx,YYYXXXXXyxxxx,2,43567 139379,501,17
ac19_29767,YXXyx,YYYXYxyyXyXXXX,2,43595 70805,501,18
ac19_29768,YXyXXyx,YYYXyXYxxyyx,2,43596 57022,501,16
ac19_29781,YXYXyx,YYXyyXyXXYxYxyx,1,43617,501,17
ac19_29788,YXXYxxyx,YYYxYxYxxyX,1,43633,501,17
ac19_29791,YXYXyx,YYXYxyyXXyyxxYx,2,43636 53389,501,19
ac19_29800,YXYXyx,YYXyXyyxxxxyx,1,43650,501,17
ac19_29803,YXYxyx,YYXYXyXyyxYxx,1,43654,501,15
ac19_29804,YXXX,YYYxYXyyyXyyxYx,1,43656,501,19
ac19_29844,YYXXXXXXyx,YYYXXXXXyyx,1,43736,501,16
ac19_29845,YXyXXyx,YYXyxYYXyxYxyxyx,2,43737 120218,501,17
ac19_29855,YXXyx,YYYYXyyXyXyyXX,4,43755 45531 89066 117756,501,18
ac19_29862,YXXyx,YYYXYxYXyyxyyXXX,2,43767 152400,501,18
ac19_29868,YXXX,YYYXyxyXYYXyyyx,1,43775,501,19
ac19_29881,YXXYx,YYYXyyXYxyx,4,43802 57472 87434 91948,501,15
ac19_29887,YXYXyx,YYYYYxyxYXXyXXX,2,43810 76198,501,19
ac19_29896,YXyXXyx,YYYxyxxxyX,3,43827 65056 119008,501,13
ac19_29905,YXyxYXXyx,YYXXyyXYYxyX,3,43843 68191 139668,501,17
ac19_29918,YYXXyXyyx,YYYxYxxxYxyxx,1,43869,501,18
ac19_29925,YXXYx,YYXYXXyXYYXYxx,1,43878,501,15
ac19_29928,YXXYx,YYYYXXYXyxyyyx,2,43882 81164,501,15
ac19_29936,YYXXyxx,YXYXXyXyxxx,2,43896 73072,501,14
ac19_29950,YXyXXyx,YYXyyxxYYXyx,1,43920,501,15
ac19_29954,YXXX,YYYYXYxyyyyxxyX,2,43924 97741,501,17
ac19_29956,YYXXyxx,YYYYYXXYxxxYXX,2,43927 113790,501,18
ac19_29968,YXYXyx,YYYYYXyyyXXYx,1,43949,501,19
ac19_29969,YXXXXXyXXXYx,YXXXXXyxxxYXXXXXX,1,43950,501,19
ac19_29976,YXXyx,YYYYYYXXXyXyXyyXyX,1,43966,501,18
ac19_29995,YXYXyx,YYxYXyyXyxyxx,3,44000 48609 140878,501,19
ac19_30003,YXXyx,YYYYYXyxyXyyXyyX,1,44013,501,19
ac19_30017,YXXyxYx,YYYYxxYXXyX,2,44037 94058,501,15
ac19_30031,YXXyx,YYYYYXyXyXyXXyXX,1,44056,501,20
ac19_30034,YXyXXyx,YYxyxyxYXXyyxYX,2,44065 148286,501,16
ac19_30057,YXYxyx,YYYXXXYxyyxxx,1,44101,501,15
ac19_30068,YXYXyx,YYXyXXXXyxxYx,2,44129 84108,501,17
ac19_30070,YYXXXyX,YYxyXYxyxyX,1,44131,501,15
ac19_30089,YXYXyx,YYYYxxyyXXXYXYxyX,1,44165,501,19
ac19_30096,YYXXYx,YYxyxYXyX,1,44177,501,15
ac19_30107,YXXyx,YYYXyyyXXXXXXXYX,1,44201,501,21
ac19_30108,YXXyXyx,YYXyxxYXyx,1,44211,501,16
ac19_30124,YYYYXXXXX,YYYXXXyyxx,1,44240,501,16
ac19_30128,YYXXXYx,YYYXXyXyyxYx,2,44246 86827,501,16
ac19_30134,YXYXyx,YYxYXyyXXyxyx,2,44257 50127,501,17
ac19_30135,YXyXXyx,YYYXyXyyxxx,2,44259 82163,501,17
ac19_30136,YXyXXyx,YYYxxyyxYXyx,1,44260,501,16
ac19_30151,YXXyx,YYYXyyyXXXXXXyX,2,44290 64351,501,18
ac19_30155,YXXYx,YYXYxyXYxyXYxyyX,1,44296,501,18
ac19_30176,YXXYx,YYYXYxyxyXXyx,2,44335 61254,501,13
ac19_30177,YXXyx,YYYYXyxyXyXyXyXX,1,44336,501,19
ac19_30182,YXYXyx,YYYYYXyXyXXYx,2,44346 83761,501,19
ac19_30183,YXYXyx,YYXXyyXXyxxYxxx,1,44349,501,19
ac19_30188,YXYXyx,YYYYxyyXXyyyx,2,44360 127342,501,17
ac19_30191,YXyXXyx,YYYxyyxxyXYx,1,44366,501,15
ac19_30201,YXyXXyx,YYYYxyyxx,6,44387 66613 68723 97401 126748 147714,501,16
ac19_30207,YXXyx,YYYXXXyyxyxyxxxx,1,44400,501,19
ac19_30210,YXYXyx,YYXXXXyXXYxYx,2,44408 67977,501,19
ac19_30215,YXYXyx,YYYxYxyyXXXyX,1,44417,501,19
ac19_30219,YXXyx,YYXYXYxYXyyXyyXXX,1,44421,501,18
ac19_30221,YXYXyx,YYYYYXYxyXyXyXX,2,44423 59358,501,19
ac19_30227,YYXYxyXXX,YYXyxYXyX,4,44437 61580 112302 127813,501,16
ac19_30229,YXYXyx,YYYXyyxyXXXYx,1,44440,501,15
ac19_30230,YXyXXyx,YYYxyyxYXyxx,4,44445 98326 118524 129937,501,15
ac19_30235,YYXXXyxyx,YYXXXXXyX,3,44454 63866 136117,501,17
ac19_30250,YXYxyXXyx,YYXyXyxYXyyx,3,44475 64837 90451,501,16
ac19_30256,YXyxYXXyx,YYXyxyXXXyX,1,44484,501,15
ac19_30284,YXYXyx,YYYXyXyXyxxYxyx,1,44533,501,19
ac19_30285,YXYXyx,YYYXyyyXyXYxx,2,44534 134922,501,15
ac19_30303,YXyXXyx,YYXYxxyXXyxyx,1,44573,501,16
ac19_30321,YXyXXyx,YYYxyxxxxYXyx,2,44604 145800,501,17
ac19_30325,YXyXXXyx,YYxyxyXXX,3,44611 80994 104973,501,17
ac19_30342,YXXyXyxx,YYXyXyxxxYX,1,44648,501,15
ac19_30348,YXYXyx,YYXXyXXYYxyxx,1,44660,501,17
ac19_30359,YYXXXXXYx,YYXXYXXXXyxxx,2,44678 128561,501,20
ac19_30362,YXXyx,YYXYYXyxyyXyyXX,2,44683 149100,501,18
ac19_30381,YXYXyx,YYXyxyXyXXXYxxx,2,44715 114826,501,17
ac19_30382,YXXyXyXX,YYxxxxxyx,3,44716 63099 111662,501,17
ac19_30386,YXyXXXyx,YYYxxxyyx,2,44730 145816,501,17
ac19_30402,YXYXyx,YYYxYxyyXXyXX,1,44751,501,19
ac19_30403,YXyXXXyx,YYXyxYxxyyX,1,44752,501,16
ac19_30404,YXyXXyx,YYXXyxyXyyX,2,44757 50397,501,17
ac19_30407,YXYXyx,YYxYYxyXXyXYX,2,44763 121880,501,17
ac19_30408,YXXX,YYYYYXyxyXyyX,1,44765,501,17
ac19_30412,YXXyx,YYYXyyxyxxxxxYx,2,44775 146397,501,20
ac19_30415,YXXYXXXYx,YXyXYxYXyx,4,44787 91175 143425 153608,501,15
ac19_30419,YXXyx,YYYXYYxyyXyxyXXX,2,44793 82151,501,18
ac19_30423,YXYXyx,YYYxYxyXYXyXX,1,44797,501,17
ac19_30427,YYXXXyxYx,YYXXyxYXyx,5,44802 56121 57555 138730 141401,501,16
ac19_30433,YXyxYXXyx,YYXyXXyXYYXyx,1,44817,501,17
ac19_30439,YXyXXyx,YYxyxxxxYXyxxYX,1,44826,501,17
ac19_30450,YXyXXyx,YYXYxxyyxx,1,44846,501,16
ac19_30467,YXYXyx,YYxYYxyXXYXyX,2,44878 82857,501,17
ac19_30479,YXYXyx,YYYYXyXXXYXYx,1,44901,501,19
ac19_30490,YXYXyx,YYXyXXXyxYxxyxx,4,44921 47622 125153 141265,501,17
ac19_30494,YXXyx,YYYYXyXyXyxxyyyxYx,2,44928 62084,501,18
ac19_30495,YXYXyx,YYXXYxxxYXyyX,1,44932,501,15
ac19_30496,YXXYx,YYYXYXXyXXYYxx,1,44936,501,15
ac19_30507,YYXXyxx,YYYxYXYxyXX,1,44961,501,15
ac19_30522,YXYXXYx,YXyxYxYXXXyx,1,44987,501,17
ac19_30524,YXXyxYx,YYxYXYXYYxx,2,44990 76960,501,15
ac19_30525,YYXXyxx,YYYYxYYxxyXX,1,44991,501,18
ac19_30526,YXXYx,YYYYxYYXYXyyXyyx,1,44993,501,15
ac19_30535,YXXyXyx,YYYxyxxYxyX,2,45005 143178,501,14
ac19_30537,YXyXXyx,YYXyXYxyxYxxyyX,2,45007 65958,501,16
ac19_30540,YXYXyx,YYXyxYxxYXyXXXyxx,1,45010,501,17
ac19_30541,YXYXyx,YYXXXyyxxxx,4,45012 62843 129425 151996,501,17
ac19_30561,YXYXyx,YYYXXXXyXyyxYYx,1,45045,501,19
ac19_30564,YXYXyx,YYYYxyXyXXXYxyXYX,1,45049,501,19
ac19_30569,YXyXXyx,YYYxxxyxYYxxx,2,45056 78641,501,15
ac19_30577,YXYXyx,YYXXYXyXyXYYx,1,45069,501,17
ac19_30581,YXYXyx,YYXXXyXyxYxxx,4,45081 56948 80810 111681,501,17
ac19_30603,YXYXyx,YYXYxyXXyXyxYxx,1,45123,501,17
ac19_30604,YYXXXYx,YYYXYxyyX,6,45127 56430 86507 122995 138800 144327,501,15
ac19_30640,YYXXXXyX,YYYxyxyXXyX,1,45219,501,15
ac19_30646,YXXYXXX,YYYYXyyxyyxxyx,1,45229,501,14
ac19_30649,YXYXyx,YYYxxyXXXyxyx,2,45240 150508,501,17
ac19_30658,YXXX,YYYXYxyyyxYXyyx,1,45258,501,19
ac19_30665,YXXyxYx,YYYXYxYYX,3,45271 50846 97789,501,16
ac19_30666,YXYXXYx,YXyXXXYxyxYx,1,45272,501,16
ac19_30668,YXYXyx,YYYYYxyXyxyXyXX,1,45275,501,19
ac19_30681,YXYXyx,YYYYXyyXyXYxx,1,45292,501,15
ac19_30720,YXXXYxYx,YYYXXyxxxyX,1,45364,501,13
ac19_30726,YXyXXyx,YYXyyXyyXXYxxyX,2,45373 98565,501,16
ac19_30733,YXXXyXYx,YYxYXyxyXXX,1,45384,501,17
ac19_30737,YXXyx,YYYXXXyXyyyXXYYX,2,45391 104715,501,18
ac19_30746,YXXyx,YYYXyxxyyXyXXXXX,2,45404 50681,501,20
ac19_30753,YXXyx,YYYYYXyyyxxxyx,1,45416,501,18
ac19_30754,YXXyx,YYYXyyXyyxxxxx,2,45417 108536,501,19
ac19_30766,YXyXXyx,YYxxxxyxYXX,2,45435 132742,501,15
ac19_30769,YXYXyx,YYXXYxxYxyXXXyX,2,45439 85311,501,19
ac19_30776,YXYXyx,YYYxYxyXyxyXX,1,45455,501,17
ac19_30777,YXYXyx,YYXyXYXXXyXXYxxYxyx,1,45456,501,19
ac19_30800,YXyXXyx,YYXYxyXXyxxyx,3,45507 66053 133515,501,16
ac19_30801,YXXyXYx,YYXYxyXyxyx,2,45509 114275,501,15
ac19_30806,YXXyx,YYYYYXyyyxyXXX,2,45515 118877,501,17
ac19_30811,YXYXyx,YYYxxYXyyXyxYXyyX,2,45524 107192,501,17
ac19_30814,YXXYxxyX,YYXyXXYXXYx,2,45530 144883,501,14
ac19_30815,YXYXyx,YYXXXyXyyxYYx,3,45532 98578 106227,501,17
ac19_30818,YXyXXyx,YYXYXyxyyxx,1,45538,501,18
ac19_30820,YYYXXXYxx,YXXYxxxyX,1,45543,501,17
ac19_30831,YXXyXyxx,YYXYxyyxx,1,45559,501,17
ac19_30846,YXXYXXyx,YYxxyXyXYxxyX,1,45589,501,14
ac19_30890,YXYxxYXyx,YYXyxYXyxYYx,3,45675 51228 98789,501,18
ac19_30896,YXXyx,YYYYYXyXyxyXyXXX,2,45686 90095,501,18
ac19_30905,YXYXyx,YYXyXXyxxxx,7,45706 46708 57358 93047 93536 112893 155956,501,17
ac19_30925,YXYXyx,YYXXyXXyyxxxx,2,45741 120988,501,19
ac19_30937,YXYXXYx,YXyXXyxxxx,3,45762 50992 148703,501,16
ac19_30952,YXXyx,YYYYXYXyyyXyXX,2,45788 119045,501,18
ac19_30954,YXXXYxx,YYYXXyyxx,4,45791 75368 149217 152130,501,14
ac19_30963,YXyXXXyx,YYXyyXYxyxx,1,45808,501,11
ac19_30965,YXYXyx,YYYxYYxyXyXXX,3,45812 49565 83993,501,19
ac19_30967,YXXYx,YYXYxxYXYXyyX,2,45814 82520,501,15
ac19_30981,YXXYx,YYYXYYXYYYXXyx,2,45838 49761,501,18
ac19_30989,YXYXyx,YYYYYxyyyyXXX,2,45850 67929,501,19
ac19_31002,YXXyx,YYYYXyyyyxxxYx,2,45874 152805,501,18
ac19_31005,YXXyx,YYYXyyXyyXXXX,2,45878 64373,501,18
ac19_31009,YXyXXyx,YYYxxYXyyxxyXX,1,45885,501,18
ac19_31012,YXYXyx,YYXYxyXXyXyXYxx,2,45889 108696,501,17
ac19_31062,YYYXXyXYX,YYxYXXXyX,4,45976 86090 130946 146948,501,11
ac19_31072,YXXX,YYYXYYXyyXyyxyx,1,45995,501,17
ac19_31106,YYXYXyXyX,YXyxYXyxx,2,46087 124206,501,17
ac19_31115,YXYXyx,YYYxxyXXXyyxx,2,46109 54980,501,19
ac19_31129,YXYXyx,YYxYXYxYXyxyXXyyXyx,2,46140 49596,501,19
ac19_31130,YXyXXyx,YYXyXYYxxyxyxx,1,46143,501,19
ac19_31134,YXYXyx,YYYYxyXYXyXXX,1,46149,501,17
ac19_31145,YXYXyx,YYYxyXXyyyxYx,2,46163 122494,501,19
ac19_31152,YYXXyxx,YYXyXYxxYX,3,46175 115833 141760,501,16
ac19_31177,YXYXyx,YYxYXyyXyxxYXyx,1,46216,501,17
ac19_31191,YXXyx,YYYXyyXXXXXXXXX,2,46239 79334,501,19
ac19_31203,YXXyx,YYYXyyyxxxYxxx,1,46255,501,16
ac19_31218,YXYXXYx,YXyXXYxYXyxx,1,46290,501,14
ac19_31220,YXXXyxx,YYXXyxxxYXyX,1,46292,501,16
ac19_31228,YXXyXyxx,YYXYxxyXYxx,2,46303 109256,501,15
ac19_31243,YXYXyx,YYXyXXXyxYxxx,8,46337 48134 55607 79885 99647 136481 150514 154989,501,17
ac19_31250,YXYXyXXYx,YYXYXXyyxx,1,46352,501,13
ac19_31274,YXYXyx,YYXYxxyXyXXyxxx,1,46392,501,17
ac19_31275,YXXYxxyxx,YYXyyXXyxx,2,46393 81618,501,15
ac19_31276,YXYXyx,YYXyXXyyxxYxxYX,1,46396,501,19
ac19_31277,YYXXyXyxx,YYxxyxxYXXyxx,1,46397,501,19
ac19_31298,YYXXYx,YYYXYYxYXyX,1,46444,501,17
ac19_31299,YXYXyx,YYXyyXXXYYxYx,1,46445,501,19
ac19_31305,YXXYx,YYYYXXYXyyyxyx,2,46454 116066,501,15
ac19_31313,YXXyx,YYYXYXyyxyyXyXX,2,46477 64665,501,18
ac19_31321,YXXyx,YYYYXYxyyXyyyxYx,1,46496,501,19
ac19_31335,YXYXyx,YYXYYxYxyXyXX,1,46522,501,17
ac19_31347,YXyXXyx,YYYXyyxyXYxyX,2,46544 59859,501,17
ac19_31348,YXYXyx,YYYYYxyyXyXXX,1,46546,501,19
ac19_31353,YXXYXXyx,YYxyxYXXyyx,1,46555,501,17
ac19_31354,YXXYXXXYx,YXyXYxyXYx,3,46557 65249 132523,501,14
ac19_31359,YXyXXyx,YYYXyxyxxYxxx,1,46568,501,18
ac19_31363,YXXyx,YYYYYXyyyyyXyx,8,46577 68306 103829 122882 130454 133757 136002 150626,501,15
ac19_31369,YXXYXXyx,YYXyyXYxxyX,1,46590,501,15
ac19_31396,YXYXyx,YYYYYXyXyXX,4,46638 56193 67304 68216,501,17
ac19_31414,YXYXyx,YYYYYXYXYxxyXyXXX,1,46668,501,21
ac19_31416,YXYXyx,YYXyyXYXyyxxx,1,46671,501,17
ac19_31422,YXXyXYx,YYYXyxyXyyxx,1,46677,501,16
ac19_31425,YXXyx,YYYYXyyxyXyXXyX,1,46684,501,18
ac19_31427,YXXYx,YYYXXyxYXyyxx,1,46687,501,15
ac19_31429,YXYXyx,YYYXYxyXXyyyXyxYx,1,46690,501,19
ac19_31432,YXXyXYxxx,YYYYYYxxyX,3,46697 121811 132818,501,16
ac19_31435,YXYXyx,YYXYxxyXXyXXXYx,1,46703,501,19
ac19_31437,YYYXXXXX,YYXyyXXYx,2,46705 89654,501,14
ac19_31438,YYXXXyx,YYYXXyxyXyx,1,46706,501,13
ac19_31439,YXXyx,YYXYXYYxyyXyyXXX,1,46707,501,18
ac19_31470,YYXXXXYX,YYXXXYXyyxx,2,46757 79906,501,16
ac19_31475,YXXyx,YYYYXyyXyyyXX,3,46763 107234 140026,501,18
ac19_31498,YXXyx,YYYYXyyyyxYxxxx,1,46815,501,19
ac19_31500,YXXyx,YYYYXYYxyyyXyXyX,2,46818 55144,501,19
ac19_31511,YXXXyxYx,YXYXXXXYxyXYx,2,46842 151609,501,17
ac19_31512,YXYxxYXyx,YYxYXYxxyX,6,46844 58540 92230 111139 126212 155936,501,16
ac19_31515,YXYXyx,YYYXYYxxyXXXX,2,46853 47633,501,19
ac19_31524,YXXyx,YYYYYXYxyXyyyxyx,1,46870,501,18
ac19_31538,YXYXyx,YYYxxxYXyXyyX,2,46893 114118,501,19
ac19_31546,YXXyx,YYYXYxyyXXyXXX,2,46913 48670,501,18
ac19_31556,YXXXXXyXXYx,YXXXyxxYXXXX,1,46927,501,18
ac19_31559,YXXyx,YYYYXyyyXyXYX,5,46930 63906 76211 99260 130596,501,17
ac19_31563,YXyXXXyx,YYxYXyxYxyxyX,2,46940 74320,501,17
ac19_31565,YXXyx,YYYYXyyyxyXYxyyX,7,46943 69116 103691 124720 124940 128609 137260,501,15
ac19_31571,YXYXyx,YYXyyXXYYxyxx,1,46956,501,15
ac19_31579,YXYXyx,YYXXXXyXXYYxx,2,46973 107145,501,19
ac19_31580,YXYXyx,YYYXYxyXXXXXXYx,1,46974,501,19
ac19_31598,YXXyx,YYYYXyXyyyxxYx,3,47015 71141 102819,501,18
ac19_31602,YXYXyx,YYYYYXyXXXXYx,1,47025,501,19
ac19_31609,YXXyXyx,YYXyxxYXyyx,1,47036,501,18
ac19_31619,YXYXyx,YYXyyXYYXXXYx,1,47062,501,15
ac19_31623,YXXyx,YYYYXXXyXyyXyyXX,2,47066 64573,501,18
ac19_31624,YYXyxYXXyx,YXyxYXXYxyXyx,2,47067 132355,501,19
ac19_31626,YXXXXX,YYYYXXXyyyX,1,47071,501,15
ac19_31630,YYXXyx,YYXYYxxyXyX,2,47076 49140,501,13
ac19_31631,YXXyx,YYYYXyxxyyyXXYX,1,47077,501,18
ac19_31641,YXXyXyxx,YYYXXyxxx,2,47095 108417,501,16
ac19_31647,YXXYx,YYXyyXYXXyxYxx,1,47111,501,15
ac19_31653,YXXYx,YYYXYxyyXYXyyx,1,47123,501,18
ac19_31660,YXXyx,YYYXYxyxyyxxxx,2,47135 80743,501,17
ac19_31668,YXyxYXXyx,YYXyyXXXXyx,1,47144,501,14
ac19_31680,YXYXyx,YYYXXyXyyxxxyxx,2,47170 86368,501,21
ac19_31682,YXYXyx,YYYXXyxyyXyxxxx,1,47173,501,19
ac19_31687,YXXYx,YYYYXXyxYYXYYX,1,47182,501,18
ac19_31689,YXyXXyx,YYYXyxxxx,7,47185 55994 100353 123915 127323 131017 156325,501,15
ac19_31702,YXXXyXYx,YYXyxxyyXYx,1,47212,501,16
ac19_31704,YYXXyxx,YYYYXXYYxxxxYX,1,47216,501,19
ac19_31724,YXYXyx,YYYYYXYYxyXyXXX,2,47253 102970,501,21
ac19_31732,YXYXyx,YYXXXYxyXXYYx,2,47274 76759,501,15
ac19_31733,YXXYx,YYYXYXyyxxyyyx,1,47276,501,15
ac19_31735,YXXyx,YYYXYYxyyyxxxxyx,1,47278,501,20
ac19_31747,YYYYXXXXYxx,YYYXXXXyxxx,1,47294,501,19
ac19_31763,YYXXXYxYx,YYXYxYxYXX,1,47334,501,16
ac19_31772,YXYXyx,YYYXyXXXXXYYx,2,47347 143739,501,19
ac19_31776,YXyXXyx,YYXyxYxxxyyXX,1,47351,501,17
ac19_31782,YXYXyx,YYYYYYXXXXXXX,1,47363,501,19
ac19_31791,YXYXyx,YYXXXYxYYxyXX,1,47387,501,17
ac19_31811,YXYxyx,YYXXyxxYYxx,1,47424,501,15
ac19_31817,YXYXyx,YYYxyyXyyXyxx,1,47435,501,17
ac19_31833,YXYXyx,YYXXYYxxyXXyX,1,47472,501,17
ac19_31841,YXXyx,YYYYXyyXyXXXXX,1,47491,501,19
ac19_31852,YXXyx,YYXYYxyyxyxyyxxx,2,47511 154515,501,18
ac19_31866,YXXyx,YYYXYYxyxyyyXXXX,1,47536,501,19
ac19_31868,YXYXyx,YYXXyXyyxxYxxyx,1,47541,501,19
ac19_31872,YXYXyx,YYYXXXyXyxxYx,2,47546 103204,501,17
ac19_31874,YYYXXXXyx,YYYXXXyXYX,1,47550,501,15
ac19_31888,YXXXYxx,YYYXXyxyxYYX,1,47572,501,18
ac19_31892,YXYXyx,YYXyXXyyxxxyx,2,47577 96241,501,17
ac19_31907,YXYXyx,YYXYxyXXXyXXYxx,3,47608 53005 109712,501,19
ac19_31922,YXyXXXyx,YYXyyxYXyxx,1,47635,501,17
ac19_31928,YXYXyx,YYXYxYxyXXyyX,2,47644 64854,501,17
ac19_31932,YXYXyx,YYXyyXXYXYxxx,1,47651,501,17
ac19_31936,YYXXyx,YYYXXXYYxyX,1,47657,501,15
ac19_31940,YXyXXyx,YYXYXyyXXyyx,1,47661,501,16
ac19_31947,YYXXXyxx,YYYYXXyXX,1,47675,501,17
ac19_31951,YXYXyx,YYXXyXXXYxYYx,1,47684,501,19
ac19_31954,YXXyx,YYYYXyXyxyxyyxxx,2,47691 88111,501,18
ac19_31971,YYXXYYxxyX,YYxYXyyxYXX,1,47724,501,19
ac19_31979,YXXXXYx,YYXXyyXYxx,1,47742,501,17
ac19_31991,YYXXXyx,YXyxxYXXyxYXXyx,2,47758 51448,501,16
ac19_32003,YXXyx,YYYYXyXyyxxxxx,2,47782 127580,501,18
ac19_32017,YXyXXyx,YYYXyXYxxyxxx,1,47803,501,17
ac19_32023,YXXyx,YYYXyyxyyXXYYX,2,47814 49901,501,18
ac19_32026,YXYXyx,YYYYXyXXyyxxx,2,47820 124229,501,19
ac19_32028,YXYXyx,YYXyXYXyyxxYx,2,47827 125698,501,17
ac19_32031,YXXXyxx,YYXyxYXXyxYxyX,4,47835 71946 72728 85132,501,20
ac19_32032,YXYXyx,YYYxyxYXyXXyX,4,47837 131563 134112 141088,501,17
ac19_32034,YYXXXXYX,YYYYXXXXXXX,1,47844,501,14
ac19_32036,YXXYx,YYXYxyyXYXXyxx,1,47846,501,15
ac19_32043,YXYXyx,YYXXyXXyxxYXyxx,1,47860,501,15
ac19_32044,YXYXyx,YYXYxxyXyXXYx,3,47861 75001 141317,501,17
ac19_32048,YYXXXyxx,YYYYYXyXX,1,47870,501,17
ac19_32064,YXXYxYxx,YYXXyXyxyxx,2,47908 123002,501,15
ac19_32095,YXYxyx,YYYXyxYxxYx,4,47977 67723 86949 125209,501,15
ac19_32101,YXYXyx,YYYYxyxYXyyXyXX,1,47990,501,19
ac19_32107,YXXyx,YYYXYYxyXyxyxyxx,2,48001 112912,501,18
ac19_32124,YXyXXyx,YYXYxxyyxYx,2,48026 93560,501,17
ac19_32128,YYXXXYx,YXYXXyxYx,4,48034 123493 143019 154176,501,14
ac19_32132,YXyXXyx,YYxYxyxxyxxYX,1,48046,501,19
ac19_32133,YXYXyx,YYYXyxyXXXYYx,2,48047 144835,501,17
ac19_32169,YYYXXXXyX,YYXXYXXXXXX,1,48113,501,19
ac19_32176,YXyXXXyx,YYxYXyxxxyx,1,48137,501,17
ac19_32177,YXXyx,YYYYYXyXXyyXyXX,2,48138 52027,501,18
ac19_32181,YXXyx,YYYXYYXyyXyyXX,2,48143 58324,501,17
ac19_32183,YXyXXyx,YYXYxyxxxxx,2,48146 151798,501,18
ac19_32187,YYXXXYxx,YYYYYXYXXyx,1,48156,501,13
ac19_32211,YXXX,YYYYYXyXyyxyX,2,48201 138263,501,17
ac19_32222,YXXyx,YYYXyyXyXXyXXX,1,48223,501,18
ac19_32227,YXXYx,YYXyxxxyyXYXyx,1,48229,501,13
ac19_32235,YXYXyx,YYXyXYXXyXXyXYxxxYxyx,1,48239,501,21
ac19_32240,YXXX,YYYYYXyXyyXyx,2,48251 76522,501,17
ac19_32241,YXXYx,YYYXYYYXYYXXyx,1,48253,501,18
ac19_32247,YXXyx,YYYYYYYXyyyyyXyx,3,48262 123790 153236,501,17
ac19_32248,YYXXXYX,YYYXyXXXYYX,1,48263,501,16
ac19_32256,YYXYYXXyX,YYXXXyXYx,3,48277 111122 134411,501,16
ac19_32268,YXYXyx,YYYYYxyxYXyXXXX,2,48309 61107,501,19
ac19_32269,YYXXXYXyx,YYXyxYXXXyx,1,48310,501,15
ac19_32280,YXYXyx,YYYxyXyXyxx,4,48333 80503 109867 117496,501,15
ac19_32282,YXyXXyx,YYxYxxyxxyXYX,2,48339 120666,501,17
ac19_32290,YXYXyx,YYYXyXXXyxyxx,1,48354,501,17
ac19_32312,YXXyx,YYYXXYXyyyXXXX,1,48394,501,18
ac19_32315,YYXXYxYXXYx,YYXyxxyXyyxxyX,4,48399 70633 104750 137432,501,20
ac19_32340,YYXXYxxyyX,YYYXXXYYXXX,1,48455,501,21
ac19_32343,YXyXXXyx,YYxyxyXYXyXYxyX,2,48461 72820,501,17
ac19_32354,YXYXyx,YYXYxyyXXyyXyxYYx,2,48491 109263,501,19
ac19_32356,YXYXyx,YYYXyyXXXYXYx,2,48497 90694,501,19
ac19_32362,YYXXyxx,YYYXXYXYYYxx,1,48508,501,18
ac19_32364,YXXXYxYx,YYYXXXXYxxx,2,48513 132285,501,13
ac19_32367,YYXXXyX,YYYxyyxxyyxx,1,48517,501,16
ac19_32376,YXXYx,YYYYXXyxYXyx,2,48532 60987,501,15
ac19_32386,YXYXyx,YYXyXyXYYxxYX,1,48549,501,17
ac19_32393,YXXXyxYx,YYYXXXYYX,1,48561,501,17
ac19_32397,YXXyx,YYYYXyXyyXyXXYX,1,48570,501,19
ac19_32410,YXYXyx,YYYXyXyyxxx,5,48592 84907 91321 103845 119745,501,17
ac19_32411,YXYXyx,YYXYYxYYXXXXX,1,48598,501,19
ac19_32414,YXYXyx,YYYXyXXyxyxxx,2,48603 92856,501,17
ac19_32418,YXXyx,YYXyXyxyXyXXXXYX,2,48608 106752,501,19
ac19_32421,YXXyx,YYYXyXyxyxyxxxx,1,48616,501,19
ac19_32472,YXYXyx,YYYXXyyXXXYxx,2,48724 151743,501,19
ac19_32479,YYXXXXYX,YYXyyXYYxyX,1,48734,501,19
ac19_32507,YXXyx,YYYXyyXyxyXXXXXX,2,48792 147873,501,20
ac19_32520,YXyXXyx,YYXyyXYxxyyX,1,48818,501,13
ac19_32538,YXyXXyx,YYYYxyyxYXyxx,2,48853 134440,501,17
ac19_32551,YXYXyx,YYYYxyxYXyyXXyX,1,48885,501,19
ac19_32554,YXXYx,YYXYXYYXyyXYYx,1,48891,501,15
ac19_32559,YXYxyx,YYXyXXyXyyXXyxx,1,48907,501,19
ac19_32570,YXyXXyx,YYYxyyXyxYYxxxx,2,48925 110104,501,17
ac19_32585,YXYXyx,YYYYxYYXyxyXyXX,2,48962 71442,501,19
ac19_32596,YYXXyxYXXyxYXyX,YXyxYXXyxxYXXyx,1,48982,501,17
ac19_32597,YXYXyx,YYxyXyxyXXyxx,2,48984 146055,501,15
ac19_32599,YXyXXyx,YYYYxyyxyx,1,48994,501,17
ac19_32603,YYXXyxx,YYYYxxxYXXXX,1,49002,501,19
ac19_32605,YXyXXXyx,YYxYxyxyx,4,49006 51161 137349 144000,501,17
ac19_32612,YXyXXXyx,YYXyXYxYxyxyx,2,49019 133830,501,17
ac19_32626,YXYXyx,YYYxYYXyxyyXXyX,2,49045 72758,501,19
ac19_32643,YXXYx,YYYXYXyyXYYxyx,1,49084,501,18
ac19_32647,YXYXyx,YYYxxYXyyXXyX,4,49094 65956 93163 97197,501,19
ac19_32650,YXyXXyx,YYYXyxYxyxx,5,49097 65854 104513 132937 148293,501,16
ac19_32651,YXYXyx,YYYXYYxyXXyXX,1,49098,501,17
ac19_32652,YXyXXyx,YYXyXyyxxYX,3,49102 87599 121224,501,17
ac19_32654,YXyxYXXyx,YYYXyxxyXXX,1,49108,501,14
ac19_32669,YXyXXXyx,YYxYXyyxxxx,1,49147,501,19
ac19_32686,YYXXyx,YXyXyxxyXYxyx,1,49179,501,13
ac19_32687,YXXyXyxx,YYYxxYYxxxx,1,49182,501,19
ac19_32696,YXXYx,YYXYYXXXYxxyyx,1,49202,501,15
ac19_32706,YXXyx,YYYYXXXyyXyyXXYX,1,49225,501,18
ac19_32707,YXyXXyx,YYXYXyyxxx,2,49227 67762,501,17
ac19_32709,YXXYx,YYYYxyXXYXyx,3,49232 100518 112862,501,15
ac19_32711,YXYXXYx,YYxyxxyXyX,2,49239 108907,501,16
ac19_32717,YXXYx,YYYXYYXYxxyyyX,1,49246,501,18
ac19_32733,YXXyXYx,YYXYXyXYXyx,2,49274 49977,501,14
ac19_32734,YXYXyx,YYYXyXXyXyxxx,2,49275 112867,501,19
ac19_32741,YYXXyxx,YYXYXyxYXyx,2,49289 144530,501,11
ac19_32745,YYXXYXYXX,YYXXYYXXyyXYx,1,49297,501,17
ac19_32761,YXXX,YYYXYYXyyyxxyyX,1,49317,501,17
ac19_32762,YXYXyx,YYYXYYxyXyXXX,1,49318,501,17
ac19_32789,YXYXyx,YYYXYxyXXXyyXYx,1,49376,501,17
ac19_32798,YXXYx,YYXYXXyXYYxyx,4,49393 81177 108961 152785,501,13
ac19_32802,YXXYx,YYYXyyXYXYXYYx,1,49402,501,15
ac19_32810,YXXX,YYYYYXyxyXyxyyx,1,49418,501,17
ac19_32812,YXYXyx,YYXyXXyXYYxYxyx,1,49422,501,17
ac19_32820,YYXXyxx,YYYXYYYxxyXX,1,49436,501,18
ac19_32827,YXYXyx,YYYYxyyyXyyxx,2,49449 102551,501,19
ac19_32828,YXYXyx,YYXYxyXyXXyxYxx,2,49450 77673,501,15
ac19_32838,YXYxyx,YYXyxxxxYYx,1,49468,501,15
ac19_32841,YYXXXXyX,YXyxYxxyXXX,2,49476 155373,501,17
ac19_32846,YYXXYYXXX,YYYxyXXXyx,1,49484,501,17
ac19_32850,YXXYxYxxx,YYxYYxxxYX,2,49493 78594,501,16
ac19_32860,YXYXyx,YYXyXXXXyXYxxxx,2,49513 72366,501,19
ac19_32878,YXYXyx,YYXXyXyXYxYxxyx,2,49541 54622,501,17
ac19_32881,YXYXyx,YYYxYYXyXXyyX,1,49545,501,19
ac19_32897,YXXyx,YYYYXXXyyyxxxx,2,49577 66991,501,3
ac19_32903,YXyXXyx,YYYxxyyXYxyX,1,49585,501,15
ac19_32924,YXYXyx,YYYXXyyXyyxxx,2,49630 118669,501,19
ac19_32928,YXYXyx,YYYXYxyXXyXyxYx,1,49637,501,15
ac19_32940,YXYXyx,YYXyXXXXYxxxx,2,49667 88005,501,17
ac19_32949,YYYXXXXyX,YYXXyyxYXX,1,49688,501,19
ac19_32953,YXYXyx,YYYXyxyXXXXYx,2,49696 148854,501,17
ac19_32966,YXYXyx,YYYYxyxYxyXXXyX,1,49724,501,19
ac19_32980,YXXXyXXYx,YXYXYxxyXyXX,1,49750,501,17
ac19_32982,YXXyx,YYYXyyxyyXXXX,2,49755 125241,501,12
ac19_32985,YYXXYXX,YYYXXyxYXyyx,1,49763,501,15
ac19_32998,YXyXXXyx,YYXXyyxxx,1,49790,501,17
ac19_33025,YXYXyx,YYYXXXYXXXYYx,1,49839,501,17
ac19_33044,YXYXyx,YYYXXyxyyXXXYYx,2,49892 86728,501,19
ac19_33052,YXYxyx,YYXyXyxxYXXyx,1,49914,501,15
ac19_33053,YXYXyx,YYYXYxxyXXXyX,2,49915 99981,501,17
ac19_33059,YXXyXyxx,YYxxyXXyxyX,1,49922,501,15
ac19_33072,YXXXyxYx,YYYXXYXyX,2,49945 119013,501,17
ac19_33075,YYXXYx,YYXyxYxyXyxYX,1,49949,501,15
ac19_33080,YXYxxYXyxYXyx,YYxYXYxxYXyxyX,1,49960,501,20
ac19_33086,YXYXyx,YYYXXXyXXYxYx,2,49975 97153,501,19
ac19_33092,YXyXXXyx,YYxyxxyXXYxyX,1,49991,501,17
ac19_33093,YXXYx,YYYXyyxYYXyyyXYx,1,49993,501,18
ac19_33096,YXYXyx,YYYxYxYXyxyXXyX,2,50000 112880,501,19
ac19_33097,YXyXXyx,YYxYXyxyxYXyxyXYxyX,2,50001 99261,501,16
ac19_33101,YYXXyxx,YYYYYxYxxyXX,1,50006,501,18
ac19_33129,YYXXXYxx,YYxYXXXyyxx,1,50055,501,19
ac19_33136,YXXyx,YYYXyxyyxxyxxx,1,50066,501,18
ac19_33138,YXYXyx,YYXyxYxxxYXyXXXXyxx,1,50069,501,19
ac19_33147,YXYxyx,YYXXyyXXyxyxx,1,50084,501,15
ac19_33150,YXXYXXX,YYYYYXyXyyyX,1,50089,501,19
ac19_33177,YXyXXyx,YYXXXyXyxyxyX,2,50140 133184,501,17
ac19_33184,YXYXyx,YYXXXyyXyxxYx,2,50154 62524,501,17
ac19_33204,YXYXyxYXXyx,YYxyXYxyXYxyXX,1,50183,501,19
ac19_33205,YXYXyx,YYXYxxxyXyXyX,2,50184 100893,501,17
ac19_33232,YXYXyx,YYYxyxYxyXXyX,2,50227 132547,501,15
ac19_33239,YXXYXXYxx,YYYYXXYXXyx,1,50237,501,17
ac19_33242,YXXXyXYx,YYxxxyXYXXyXX,1,50245,501,17
ac19_33256,YXyxYXXyx,YYYXXyxYXXyyX,4,50267 71688 101909 150709,501,14
ac19_33275,YYXXXXXyx,YXyXYxyxx,1,50299,501,16
ac19_33282,YXXyXXYx,YYXyXYxyX,3,50309 132051 141746,501,17
ac19_33292,YXYXyx,YYYXyyyXXyxYx,2,50328 116387,501,17
ac19_33356,YXXyx,YYYYXYxyyyXXyX,1,50482,501,17
ac19_33358,YXYXyx,YYYxxyXXXyXYx,1,50490,501,17
ac19_33360,YXYXyx,YYYxyxYXyXXyyxx,1,50492,501,19
ac19_33369,YYYXXXXX,YYYxyXyyxyx,1,50505,501,19
ac19_33371,YXyXXXXyx,YYXyXYxxyyX,2,50508 111182,501,18
ac19_33376,YXXYx,YYYxyXYXXXYxyx,1,50525,501,15
ac19_33381,YXYXyx,YYYYXXyxyXXyxxx,1,50531,501,19
ac19_33387,YXXyx,YYYYYXXXyyyyxxx,2,50546 72795,501,18
ac19_33390,YXyXXXXyx,YYXyXYxyxyx,2,50552 150387,501,18
ac19_33400,YXXyx,YYYYYXyyyxxxyxx,2,50569 152290,501,18
ac19_33403,YXyXXXyx,YYYxxyxYxyXyX,2,50576 71214,501,19
ac19_33405,YXXXyXyxx,YYxyxYXyxx,1,50581,501,14
ac19_33409,YYXXYxxyX,YXXXXYxYx,3,50592 52327 133907,501,18
ac19_33413,YXyXXyx,YYYxyXYXyyxx,1,50600,501,15
ac19_33415,YYXXXYX,YYXXXXyxYxyx,1,50604,501,15
ac19_33423,YXXYx,YYYXYxyXXyxyx,2,50618 127556,501,13
ac19_33428,YXXyXYx,YYXyXYXXX,4,50625 53202 83812 84258,501,15
ac19_33435,YXXyXyx,YYxxYXyxyx,1,50640,501,17
ac19_33460,YXXyXYx,YYXYxyXXyx,1,50697,501,14
ac19_33465,YXXyx,YYYYXyyxyyyXXX,2,50712 103958,501,18
ac19_33468,YXYXyx,YYYYYXXXXXyxx,1,50720,501,15
ac19_33488,YXyXXXyx,YYYxxxxyx,3,50757 71365 89183,501,16
ac19_33491,YXYXyx,YYYxYXyXyyyxx,2,50770 112442,501,19
ac19_33498,YXYXyx,YYXyXyXyyxxxxyx,2,50782 114984,501,19
ac19_33514,YXyXXXyx,YYxyxyXYXyXyXXX,1,50807,501,19
ac19_33521,YXXyx,YYYXyyXyXyXyXXYX,1,50826,501,19
ac19_33555,YXYXyx,YYXXXXyyxxYxxyx,2,50890 92593,501,19
ac19_33559,YYYXXXXyX,YYxYXyXXyX,1,50895,501,15
ac19_33563,YXYXyx,YYXyXYxyXXYYx,2,50903 154243,501,15
ac19_33564,YXYXyx,YYxYxyXXyyXYX,1,50905,501,17
ac19_33569,YYXXYXX,YYYYXXXYXyyyx,1,50911,501,15
ac19_33571,YXyXXXyx,YYXyXyxyX,5,50918 51934 56063 59496 110251,501,15
ac19_33615,YXYXyx,YYYYXyXXXYxyX,1,51015,501,17
ac19_33636,YXYXyx,YYYXXXYXXyXYx,1,51065,501,17
ac19_33640,YXXyx,YYYYXYXyXyXyyXX,2,51076 74194,501,17
ac19_33647,YXXyx,YYXYYxyXyxyyxxYx,2,51092 125257,501,18
ac19_33674,YXYXyx,YYYXXXXyXYYYxyx,2,51143 119054,501,19
ac19_33691,YXYXyx,YYxYXyXYXyyXyxx,1,51181,501,17
ac19_33699,YXXXyxx,YYXXyXYXyXXX,1,51198,501,16
ac19_33711,YXYXyx,YYXXXXyXyxxxx,2,51217 79178,501,19
ac19_33712,YXYXyx,YYYXXXYXyyyxx,1,51218,501,15
ac19_33715,YXYXyx,YYXXyXYXXXYYx,1,51230,501,19
ac19_33717,YXYXyx,YYXyXXXXYYxYx,2,51236 102103,501,19
ac19_33728,YXYXyx,YYYXXyxyXXXYxYx,2,51249 105176,501,19
ac19_33732,YXXYx,YYYXYXXyyxxYX,2,51261 72100,501,15
ac19_33739,YXYXyx,YYYYXXyXXXYYx,2,51280 125785,501,19
ac19_33747,YXXYx,YYYXYxyXXyyx,2,51303 73482,501,15
ac19_33761,YXYXyx,YYXXXXXXXYxYx,2,51329 106871,501,19
ac19_33769,YXXyXyxx,YYYxxYYxyxx,1,51343,501,19
ac19_33783,YXyXXyx,YYYYxyxyxYXyXYxyx,2,51377 136981,501,16
ac19_33800,YXXyx,YYYYXyyyxxyxYx,1,51410,501,18
ac19_33803,YXyXXXyx,YYYxxxxxyxx,1,51413,501,19
ac19_33811,YXXyx,YYYXYYxyXyyyxyyx,1,51437,501,16
ac19_33814,YXYXyx,YYXyxyXXXXXYxYx,2,51440 75010,501,19
ac19_33822,YYXXyxx,YYYxYxYxyXX,2,51460 144181,501,15
ac19_33848,YXYXyx,YYXXXXXXYxYYxyx,1,51531,501,19
ac19_33849,YXXyx,YYXYYXyyxxyxyyxx,1,51532,501,16
ac19_33860,YXXYxxyx,YYxxYxYYxxx,2,51558 150571,501,16
ac19_33862,YXYXyx,YYYXYYXXXXXXXYx,1,51561,501,19
ac19_33879,YXYxyx,YYXyXyxxxYXyx,1,51609,501,15
ac19_33892,YXYXyx,YYYxYXyyXyyxx,2,51638 79405,501,19
ac19_33899,YXXyx,YYYYXyyxxyxxxx,1,51647,501,18
ac19_33905,YXyXXXXyx,YYXXyXXyyX,2,51660 139189,501,18
ac19_33908,YXYXyx,YYYYXyxyXXXyyxx,2,51663 94792,501,19
ac19_33918,YYXXyxx,YYXXYYxxxxyX,1,51683,501,16
ac19_33919,YXXyx,YYYYXyxxyyyxyyXYXX,1,51684,501,19
ac19_33933,YXYXyx,YYYXYxyyyXyyxxx,2,51709 54904,501,19
ac19_33936,YXYxxYXyx,YYxyXYxxyX,3,51716 86073 145226,501,16
ac19_33941,YXYXyx,YYYYxxyXyyXXX,2,51728 95144,501,19
ac19_33968,YXXyx,YYYXyxyyXyXXYYX,2,51773 153283,501,18
ac19_33969,YYYXyxyyX,YYXXXXXyx,1,51774,501,16
ac19_33987,YXYXXYx,YYYYXyXyx,2,51817 107473,501,14
ac19_33995,YXYXyx,YYXXyxyXXXYxxYx,2,51829 90350,501,17
ac19_34001,YXXyx,YYYXYXXXyyXyyyXX,1,51838,501,17
ac19_34005,YXYXyx,YYXyxyXyXXYxYxx,2,51845 153921,501,19
ac19_34013,YXyxYXXyx,YYXXyXyxYXX,2,51857 156094,501,17
ac19_34018,YYXXYXXyX,YYYxyXXXyX,1,51863,501,16
ac19_34019,YXXXyxYx,YXYxxyXXX,1,51870,501,17
ac19_34028,YXXyx,YYYXyyxyyXXXYYX,2,51886 65592,501,19
ac19_34036,YXXYx,YYXyxYxyXYXXyx,1,51899,501,15
ac19_34037,YYXXXYxx,YYYXYXXyyxx,1,51900,501,19
ac19_34041,YXXyx,YYYXyyxyXyxxxxxx,2,51907 83737,501,20
ac19_34047,YYXXXyX,YYXXyXXYXXX,1,51919,501,15
ac19_34051,YXYXyx,YYXYxxYxyyXXyXX,1,51924,501,21
ac19_34058,YYXXXYx,YYXYXXXyxxx,2,51946 119955,501,15
ac19_34081,YYYXXXX,YYYXYXyyyx,2,51991 111258,501,16
ac19_34086,YXYXyx,YYXXXXXYYxx,4,51997 97513 139638 151384,501,17
ac19_34095,YYXXXYXX,YYYXyyxYXXX,1,52024,501,15
ac19_34096,YYXXyyXyx,YYXXXyyxx,2,52025 156743,501,15
ac19_34097,YXYXyx,YYXYxYxYXXyyX,2,52026 97443,501,17
ac19_34117,YXyXXyx,YYxxyxyxxYXYx,1,52058,501,19
ac19_34126,YYXYYXYYXYx,YYXYXXXYxxx,1,52080,501,19
ac19_34139,YXYXyx,YYXYYxYXyXXXX,2,52110 81891,501,19
ac19_34146,YXYXyx,YYYXyXXXYxxYX,1,52123,501,17
ac19_34149,YXyXXXyx,YYxYXyxyx,2,52130 120417,501,16
ac19_34171,YXYXyx,YYXXXyXyXYxxx,2,52176 72734,501,15
ac19_34172,YXYXyx,YYXYxyyXyyxxx,2,52177 80312,501,17
ac19_34175,YXYXyx,YYXXXyXXXYYxx,2,52183 150022,501,19
ac19_34180,YXYXyx,YYXyyXyyxxxYx,2,52191 121135,501,19
ac19_34234,YXYXyx,YYYYYXYxyXXXyXX,1,52298,501,19
ac19_34254,YXYXyx,YYXyyxyXyyxxx,1,52339,501,17
ac19_34255,YXXX,YYYYYXyxyyXyxyx,1,52340,501,17
ac19_34257,YXYXyx,YYYYxxYXyxyXXyX,1,52342,501,19
ac19_34263,YYXXXyxx,YYXYxYXXXyx,1,52358,501,15
ac19_34309,YXXX,YYYXYXyyyxyyxYx,1,52448,501,17
ac19_34315,YXXyx,YYYXYxyxyxyyXyXXX,2,52464 117462,501,19
ac19_34318,YXyXXyx,YYxYxyxyxYX,2,52469 127340,501,15
ac19_34322,YXYXyx,YYXYxxyyXXXXYxx,1,52483,501,19
ac19_34341,YXXyx,YYYXyxxyyyxyXXYX,1,52520,501,3
ac19_34342,YXXYx,YYYxxyyXXXyxyx,1,52522,501,15
ac19_34344,YXXYx,YYYXYYXYYxYXyX,2,52524 151189,501,15
ac19_34366,YXXyx,YYYXXYYxyyxyyxx,1,52564,501,18
ac19_34367,YXYxxYXyx,YYxyXXYYxx,1,52566,501,16
ac19_34372,YXYXyx,YYYXYxyXyXXyyxx,1,52575,501,19
ac19_34375,YXYXyx,YYXYxyXXXyyxYxx,2,52579 103857,501,17
ac19_34414,YXXyx,YYXYXyyXyyxxYxYx,1,52661,501,18
ac19_34415,YXYXyx,YYXXyXYXyXYxx,1,52666,501,15
ac19_34421,YXYXyx,YYYXXyXXyxxxx,2,52677 110587,501,17
ac19_34433,YYXXXyX,YYXyyxxxyx,1,52705,501,16
ac19_34435,YXyXXyx,YYxYXXyyxyX,2,52708 153527,501,11
ac19_34439,YXYXyx,YYYxyxYYXyXXyXX,2,52718 59741,501,19
ac19_34440,YXYXyx,YYYXYxYXyXXXX,2,52721 83251,501,19
ac19_34445,YYXXYXX,YXXXyXyxYxYx,3,52733 89264 106324,501,16
ac19_34463,YXXyXyxx,YYXXyxxYYxx,3,52766 132243 147416,501,16
ac19_34468,YXXyx,YYXYXyyxyxxxxYx,2,52773 142748,501,20
ac19_34479,YYXXyxx,YXXYxxxyXYx,2,52799 145473,501,13
ac19_34485,YXYXyx,YYYYXXyxyXXXXYx,2,52813 56572,501,19
ac19_34533,YYXXXyXX,YYXyyxYxxyX,12,52897 55546 59743 63331 82559 85209 85767 101470 110762 138397 141166 141974,501,18
ac19_34541,YYXXyxx,YYYXYxxYxYX,1,52911,501,16
ac19_34545,YXXXXYxYxx,YXYxYXYxYXX,2,52917 87001,501,16
ac19_34549,YXyXXyx,YYYXXyxyxyx,1,52923,501,17
ac19_34564,YXXYx,YYYXYxyXXyyxx,1,52943,501,15
ac19_34569,YXYXXXX,YYXXXXyyxYx,2,52954 124968,501,15
ac19_34580,YYXXXYX,YXYxxxYXyXyX,1,52975,501,15
ac19_34589,YXXYx,YYYxxyXXYXyyx,1,52987,501,15
ac19_34596,YXXyx,YYYXYYXyyyxxxxyx,1,53001,501,20
ac19_34611,YXyXXyx,YYYXyxYxyxyx,3,53037 65691 119462,501,16
ac19_34615,YYXXyyXYx,YYXXXyxYX,1,53041,501,16
ac19_34617,YXXyXYx,YYXyXYxxyXXX,1,53045,501,16
ac19_34621,YYXXXXyX,YYXyyXyxYxx,1,53053,501,15
ac19_34632,YXYXyx,YYYXyXXyXYYxx,1,53073,501,17
ac19_34639,YXXYxxyX,YYYXXyxYXXX,1,53093,501,17
ac19_34641,YYXXXXyX,YXyXYxyxx,2,53096 118630,501,15
ac19_34666,YXYxyx,YYXXyxxxYxx,3,53143 94842 141503,501,15
ac19_34675,YXYxyx,YYXyxYxxxYx,4,53165 109575 138149 144024,501,15
ac19_34703,YYXXyxx,YYYYYYXYxxYXX,1,53224,501,19
ac19_34709,YYYXXXX,YXYXXyXXYxx,1,53237,501,17
ac19_34734,YXXyXyX,YYXyyXXyyXYX,1,53280,501,15
ac19_34742,YYXXXyX,YYXXYXyXyx,2,53299 148162,501,16
ac19_34768,YXYXyx,YYXYxyXyXyyxYxx,2,53350 153769,501,17
ac19_34777,YXXyx,YYYXYxYXyxyyyXX,2,53365 108672,501,17
ac19_34787,YXYXyx,YYXXXyyXyxxxx,1,53384,501,19
ac19_34796,YXyXXyx,YYYxyxxyxYXXyx,2,53402 89462,501,17
ac19_34799,YXXyx,YYXYYxyXXyyxyyxxx,2,53407 112578,501,18
ac19_34816,YXyXXyx,YYYXyxyxxYx,2,53433 121129,501,17
ac19_34819,YXyXXyx,YYXyyxyXXYxyXyX,2,53439 153230,501,17
ac19_34848,YXYXyx,YYXXXyXyyxxxx,1,53486,501,19
ac19_34849,YXYXyx,YYYYYXyxyyXXXYx,2,53489 110287,501,19
ac19_34867,YYXXXXYxx,YYXXXYXYYx,1,53528,501,16
ac19_34868,YXXyx,YYYYXyyXXyxyyx,1,53536,501,15
ac19_34887,YXXyx,YYYYXXXyyxyyyXX,1,53573,501,18
ac19_34892,YXyXXyx,YYXYxxxyXXyyX,1,53586,501,17
ac19_34894,YXXyXYx,YYxyXYXyXX,3,53590 132839 155162,501,15
ac19_34909,YXYXyx,YYXYxxyXXyXXYxx,1,53621,501,19
ac19_34911,YYXXYXX,YYXXXyyXYYx,2,53624 63967,501,15
ac19_34915,YXYXyx,YYYYxxyyXXX,4,53631 102590 115662 140628,501,17
ac19_34916,YYXXyxx,YXyxxxyXXyx,1,53632,501,16
ac19_34924,YXYXyx,YYXyxyXyXyxxx,1,53664,501,17
ac19_34934,YYXXXyyxx,YYXyyXXXYx,1,53681,501,19
ac19_34939,YXyXXyx,YYYXyyxxxyX,1,53687,501,16
ac19_34957,YYXXyxx,YYYXYxYXXyx,2,53725 92349,501,13
ac19_34958,YXYXXYx,YYYXXYxxYXXX,1,53726,501,16
ac19_34959,YXYXyx,YYYXYxYXyXXyX,3,53727 128446 152592,501,17
ac19_34961,YXXyx,YYYXXXyXyyyxxxYYx,2,53729 141679,501,19
ac19_34965,YXXyx,YYYYXyxyXyyxyxx,1,53736,501,18
ac19_34966,YXYXyx,YYYxYxyXXXyXX,3,53737 69427 121168,501,19
ac19_34971,YXXyx,YYYXXYXyyyxyyxxx,2,53746 129852,501,19
ac19_34979,YXYxyx,YYXXXyXyyxxyX,1,53761,501,15
ac19_34987,YXXyx,YYYYXyyyxyXyxxx,1,53780,501,18
ac19_34994,YXXyXyx,YYxyxxYXyx,3,53796 59104 151842,501,16
ac19_35017,YXXYx,YYYYXyyyXYYx,2,53833 138085,501,15
ac19_35021,YXXyx,YYYXyyXyyXXYYx,3,53842 86385 150695,501,17
ac19_35045,YXYXyx,YYYYYXyXyXyxx,2,53895 132606,501,17
ac19_35050,YXYXyx,YYYYYYXyXyyXX,1,53913,501,19
ac19_35059,YXXYx,YYYXyXXYXYxxyx,1,53935,501,15
ac19_35060,YXXyx,YYYYXYxyyXyyXXX,1,53937,501,19
ac19_35067,YXYXyx,YYXYxxxYXyyXyXX,2,53952 58019,501,19
ac19_35070,YXyXXXXyx,YYXyyxxYXXyxx,1,53955,501,18
ac19_35077,YXYXyx,YYxYXyXyyxxYX,1,53974,501,15
ac19_35087,YXYXyx,YYYXYxyXyyXXYxx,1,54001,501,17
ac19_35093,YXYXyx,YYYYYXXYXXXXX,2,54013 106678,501,19
ac19_35097,YXYXyx,YYYXyXXXyyxxx,2,54027 140641,501,19
ac19_35106,YXYXyx,YYYYXyyXXXXYxYX,2,54047 127303,501,19
ac19_35108,YXYXyx,YYYXYxyyXXyXXYx,1,54052,501,19
ac19_35117,YXXYxYxx,YYYYXyXyxxx,1,54069,501,15
ac19_35124,YXYXyx,YYYXyxyyXyXyxxx,1,54077,501,19
ac19_35126,YXXXyxx,YYXyxYxyXXX,4,54081 125994 137023 150374,501,16
ac19_35153,YXYXyx,YYYXXXXyXYxYx,2,54119 102328,501,17
ac19_35155,YXYXyx,YYYXyyxyXXXXYYx,1,54121,501,19
ac19_35156,YXYXyx,YYXYxyXyXyyxxxx,2,54124 57610,501,19
ac19_35157,YXXyxYx,YYYXYxxYXX,1,54125,501,16
ac19_35165,YXXyx,YYYYXyyyxyXXYX,3,54143 81061 135589,501,17
ac19_35172,YYXXXyX,YYXXyxyxx,4,54158 97465 113728 137098,501,15
ac19_35173,YXYXyx,YYXyXXXXXYxYx,2,54159 72091,501,19
ac19_35195,YXXYx,YYYYXXyxYYYXYX,1,54204,501,18
ac19_35204,YXYXyx,YYXXyyXXyxxxx,1,54219,501,19
ac19_35223,YXXXyXYx,YXyXYxyxxyx,1,54258,501,15
ac19_35246,YXYXyx,YYXXXyXXYXYYx,2,54303 153583,501,19
ac19_35247,YYYXyxyyX,YYxxxxxyx,1,54304,501,16
ac19_35248,YXXyXyxx,YYXXXyyxyxx,1,54305,501,17
ac19_35254,YXYXyx,YYYYxyXXXXYXX,2,54316 83292,501,19
ac19_35258,YYXXYXX,YYXXyyxYYxyX,1,54323,501,16
ac19_35267,YYXXyXyxx,YXyXXXYXX,1,54335,501,15
ac19_35274,YYXXyxx,YYYXXYYxxxYXX,2,54354 127660,501,19
ac19_35292,YYXXXXyx,YYXYXXyxyyx,2,54393 152096,501,17
ac19_35293,YXyXXyx,YYYXyyyXXyxyX,2,54396 68847,501,17
ac19_35317,YXYXyx,YYXyyXYXXYxxx,2,54451 136832,501,17
ac19_35319,YXXYx,YYXYXYXyyXYxxx,1,54453,501,15
ac19_35330,YXXyXyx,YYxyXYXyyxyX,1,54473,501,17
ac19_35348,YXXXyxxYx,YYYXyXYxxx,2,54501 71811,501,15
ac19_35367,YXXyXyxx,YYYXyxxxx,1,54537,501,17
ac19_35373,YXXXyxxYx,YXYxYXXYxyxx,2,54552 81657,501,17
ac19_35402,YYYXXXXYx,YYxxxyXXXX,1,54601,501,13
ac19_35421,YXyxYXXyx,YYXYxyXyxxx,1,54649,501,14
ac19_35432,YYXXXYx,YYXyXyyxxx,4,54674 71113 81827 155395,501,16
ac19_35438,YXYXyx,YYXXyXXXyxYxx,2,54685 152134,501,15
ac19_35453,YXYXyx,YYYXXXXyXyxYx,2,54706 108490,501,15
ac19_35455,YXXyx,YYYXyyyxyxxxYYx,1,54712,501,18
ac19_35457,YXXyxYx,YYXXyXyxyx,14,54714 58000 64382 80039 91560 95991 101778 101783 102420 113236 123925 125339 132449 139527,501,15
ac19_35459,YYXXyxx,YYYXYYxxYXX,2,54723 119768,501,18
ac19_35464,YXyXXyx,YYxYXyxYxxxyxyXYX,1,54735,501,19
ac19_35478,YXYxyx,YYXXyyXXyxx,1,54763,501,15
ac19_35481,YXXyXyx,YYxyxyXYxyX,2,54770 125271,501,14
ac19_35486,YXYXyx,YYYxyyXyXyyxx,1,54783,501,19
ac19_35490,YXYXyx,YYXXXYXyXYxYx,1,54791,501,17
ac19_35491,YXYXyx,YYYXYxyyXXyyxxx,1,54792,501,19
ac19_35517,YXXYx,YYYXYXYYxyyXyx,1,54846,501,15
ac19_35554,YXXyx,YYYYXYYxyXyxyXyyyxyX,1,54934,501,17
ac19_35556,YYYXXXyxx,YXXYXXYxx,2,54937 64509,501,16
ac19_35559,YXYXyx,YYYXXXXXYXYYx,2,54942 148748,501,19
ac19_35563,YXYXyx,YYYXXXXXYYxyx,2,54949 67819,501,17
ac19_35573,YXXX,YYYYYXyXyxyyxyx,1,54965,501,17
ac19_35576,YXYXyx,YYYXYxyyXXXYx,1,54974,501,17
ac19_35593,YYYXXXYXX,YYYXXYXXXyx,1,55017,501,15
ac19_35612,YXYXyx,YYXXXyXXYYxyx,2,55059 98279,501,17
ac19_35614,YYYXXXX,YYYXXyyxyyxx,1,55061,501,16
ac19_35617,YXXXXyXyx,YYYxyxxxyX,1,55064,501,16
ac19_35620,YXXyXyxx,YYXYYxYxxxx,2,55071 111972,501,16
ac19_35623,YXXyx,YYXYYXyyxyXXXXX,2,55074 78046,501,19
ac19_35632,YYXXyyxxx,YYXXyXyyX,1,55112,501,13
ac19_35633,YXYXyx,YYYXXyxyyXXXYxx,1,55115,501,19
ac19_35637,YXXYx,YYXXyyxYXyxyx,2,55128 67962,501,15
ac19_35659,YXYXyx,YYYYXYYYXXXXX,2,55179 117650,501,19
ac19_35663,YXXyx,YYYYYXyyxyXyyyX,1,55185,501,18
ac19_35664,YXYXyx,YYYxyXXyyxYXyxx,1,55187,501,17
ac19_35666,YYXXyx,YYYXXXXYXYx,2,55192 150668,501,13
ac19_35696,YXXXYxx,YYXXXyyxyxx,2,55253 142013,501,14
ac19_35719,YXXyx,YYYXyxyXyyXXYYX,2,55311 152751,501,17
ac19_35721,YXyXXyx,YYxyxYXXYxxxyxx,1,55319,501,16
ac19_35722,YXXyx,YYXYYXyxyXyyXXYX,1,55321,501,18
ac19_35731,YXXXyxx,YYXXXXyxYxyX,1,55336,501,16
ac19_35732,YYXYXXXyX,YYXXXyyxYX,2,55342 136161,501,18
ac19_35744,YYXXyx,YYYXXXXYYXXYX,1,55368,501,13
ac19_35754,YXYXyx,YYYYYxyXXXXYXyX,1,55387,501,19
ac19_35772,YXXYxxyx,YXXYxYxxxyXyX,2,55431 118031,501,17
ac19_35773,YXXyx,YYYYXYXXXyyyXyXX,2,55433 93398,501,18
ac19_35780,YXXYx,YYYxyxyXXXyyx,2,55445 150513,501,15
ac19_35781,YYXYYXXXX,YYXXyyXYxx,1,55447,501,17
ac19_35784,YYXXXXYX,YYYXXXyxxyX,1,55452,501,15
ac19_35793,YXXXyXYx,YXYXXXXXyxx,1,55469,501,17
ac19_35796,YXXyx,YYYYXYxyyyyxxx,2,55475 150785,501,18
ac19_35804,YXYXyx,YYYYXYxyXXyyXYx,4,55490 60048 86461 98978,501,17
ac19_35810,YXYXyx,YYYYxYxyyyXXX,2,55505 84840,501,19
ac19_35825,YXXYx,YYYXYXYYXXyxx,3,55534 99608 115698,501,15
ac19_35828,YXYXyx,YYYYxyyXXyX,5,55538 57312 118359 138199 155779,501,17
ac19_35829,YXYXyx,YYYXXXXyyxyxx,2,55540 56255,501,19
ac19_35831,YXYXyx,YYXyxyXXXXXYYxx,2,55544 101723,501,19
ac19_35839,YXXyx,YYYYYXyxyXyyXXX,1,55561,501,19
ac19_35852,YYXXYXyyx,YXyxYXyxx,5,55590 77708 136316 146274 148101,501,17
ac19_35859,YXyXXyx,YYYxyxyXXyX,3,55603 77098 109050,501,16
ac19_35870,YXyXXXyx,YYYxxyXXXyxyx,1,55633,501,17
ac19_35874,YXXyXyX,YYYXyyyxx,2,55644 103813,501,16
ac19_35881,YXYXyx,YYYXyxyyXXXYxxx,2,55654 65905,501,17
ac19_35905,YXYXyx,YYXXyyxxxxyyx,1,55702,501,15
ac19_35927,YXYXyx,YYXYxxxYXyyXX,2,55743 100524,501,17
ac19_35946,YXYXyx,YYYYYXyXXXXYxYX,1,55785,501,19
ac19_35948,YXXYx,YYYXyyXXyxxxyx,1,55789,501,15
ac19_35952,YXXyx,YYYXyyyXXXyXXYYX,1,55794,501,19
ac19_35957,YXyXXyx,YYxxYXXyyxyxYX,2,55801 119998,501,17
ac19_35969,YXXYxxyx,YYYxxyXYxyX,2,55827 149063,501,15
ac19_35983,YXyXXyx,YYxxyxYxxyxxYXX,1,55849,501,19
ac19_35985,YXXYx,YYYXYxxyyXXXyx,1,55855,501,15
ac19_36003,YXyXXyx,YYXYxyXyyxYXXyyx,2,55902 134125,501,17
ac19_36010,YXXyXYx,YYxxyXYXXXyx,1,55915,501,15
ac19_36020,YXyXXyx,YYYxxxxyyX,4,55929 104667 108040 117030,501,16
ac19_36049,YXYXyx,YYYXyXyyxxxYX,1,55977,501,17
ac19_36052,YXXyx,YYYXYYYXyxyXyyyX,2,55985 75988,501,17
ac19_36057,YYXXyxx,YYYYXYxxYXX,2,55993 73999,501,17
ac19_36058,YXYXyx,YYXyXyXYXYxxx,1,55995,501,17
ac19_36067,YXXyx,YYYXYxyyXyXXXXX,1,56015,501,19
ac19_36078,YXYXyx,YYXYxYYXyyXXX,2,56032 63169,501,17
ac19_36082,YXyXXyx,YYXYxyXyxxYXyyx,2,56037 72230,501,17
ac19_36096,YYXXYXYXX,YYXXyXyxYx,1,56073,501,15
ac19_36109,YXYxxYXyx,YYxxyXXyxYX,1,56103,501,17
ac19_36118,YXXyx,YYYYXyXyyyXXyX,3,56123 78837 112799,501,14
ac19_36119,YXXyx,YYYXYXyyxyyXyXXX,1,56124,501,18
ac19_36125,YYXXyXYxxyx,YYXXyxYXyXYxyx,2,56151 146032,501,19
ac19_36126,YYXXXyyxx,YYXYxyXyxx,1,56154,501,15
ac19_36133,YXXYxxyx,YYxyxYYxxyX,1,56171,501,17
ac19_36136,YXXyx,YYYXXXyyxyxxxxYx,2,56179 80104,501,20
ac19_36141,YYXXYYXXX,YYYXXyxxyX,3,56191 84443 141998,501,14
ac19_36146,YXXYXXyx,YYxyxyXyx,1,56199,501,17
ac19_36164,YYYXXXyxx,YXyxxxxyXX,4,56237 105078 117675 140645,501,15
ac19_36167,YXXYx,YYYXYXyXYYXYYx,1,56251,501,15
ac19_36174,YXXXyXyxx,YXYxyxYXyx,1,56263,501,19
ac19_36184,YXXyx,YYYXYXyyXyyyxxxx,1,56280,501,19
ac19_36201,YXXYxxyX,YYXXXXYYxyX,2,56306 68652,501,14
ac19_36202,YXYxyx,YYYXyXXXyyxyx,1,56308,501,15
ac19_36203,YXYXXXX,YYxYXyyXXyxxxyx,1,56309,501,16
ac19_36208,YXYXyx,YYYxxxYXyxyyXXX,1,56326,501,19
ac19_36218,YXyXXXXyx,YYXyXXYxyyx,2,56358 151507,501,18
ac19_36231,YYXXXYxYX,YXXXXYxYx,1,56380,501,15
ac19_36233,YXYXyx,YYXXyXXyxyxYx,2,56384 100999,501,17
ac19_36248,YXYXyx,YYYXXyXXXYxYX,1,56407,501,17
ac19_36258,YXYXyx,YYYXYxxxyXyXyXX,2,56437 98664,501,19
ac19_36259,YYXXXyyxx,YYXyxxxyyx,2,56438 67577,501,18
ac19_36262,YXYXyx,YYXXYYxYXyXXX,1,56442,501,17
ac19_36267,YXYXyx,YYYXYxyXXyXyxxx,1,56450,501,19
ac19_36270,YXyXXyx,YYYxyyxxxYx,2,56454 95913,501,17
ac19_36273,YXYXyx,YYXyxyXXXyyxxYx,1,56461,501,19
ac19_36279,YYXXXyx,YYxyXXyxyx,1,56469,501,14
ac19_36285,YXXXYxx,YYXYYXXyxx,4,56478 71111 136565 153021,501,14
ac19_36298,YXXYx,YYYYXYXyyx,8,56505 68994 71796 80091 93315 107581 125769 136200,501,15
ac19_36305,YXyXXyx,YYYxxxxxyXX,2,56516 116142,501,16
ac19_36306,YXXyx,YYYYYXyyxxyyXXXX,1,56522,501,19
ac19_36318,YXYXyx,YYYXYxyXyXyyyxx,1,56551,501,19
ac19_36322,YXXyx,YYYXyxyyXyXXXX,2,56560 63985,501,16
ac19_36329,YXXXyxxYx,YYxYXYXXYx,1,56571,501,18
ac19_36331,YXYXyx,YYYXYxYXXXyXX,1,56574,501,17
ac19_36350,YYXXXYxx,YYYYXXXyxyxYYYX,1,56611,501,19
ac19_36358,YYXXXXYX,YYYXyyXYX,2,56625 75879,501,15
ac19_36372,YXXYx,YYYYXXyyxyxyyx,1,56656,501,18
ac19_36375,YYXXXYX,YYXyXyXYxx,2,56660 120591,501,16
ac19_36395,YXYXyx,YYYXXXXyxyyxx,1,56698,501,17
ac19_36401,YXXyx,YYXyxyXyXyXXXXXYX,2,56710 105324,501,21
ac19_36409,YXYXyx,YYXYYxxYXyXXX,1,56731,501,19
ac19_36411,YXYxyXXyx,YYXXyxYXyx,6,56735 61461 77761 117196 128279 141724,501,16
ac19_36429,YXXyXYx,YYxyxYxyXYXyXX,1,56768,501,15
ac19_36460,YXyXXyx,YYXYxyyxYxyx,4,56835 90111 120543 139107,501,17
ac19_36465,YXYXyx,YYYxyxYYXyyXyXX,2,56844 136566,501,19
ac19_36468,YXYXyx,YYYXXXyyxxxyx,1,56850,501,17
ac19_36469,YXYXyx,YYXXXXyyxYYxx,1,56855,501,17
ac19_36470,YXXyx,YYYYXYXyXyyyxxx,2,56856 114916,501,18
ac19_36473,YYXXXyX,YYXYXyxxyyX,2,56860 120914,501,15
ac19_36492,YXXyx,YYYXYYXyXyyXyXX,2,56896 113655,501,18
ac19_36502,YXyXXyx,YYYYxxyXXyxxx,2,56918 137769,501,17
ac19_36507,YXXYx,YYYxyXXXyxyyx,2,56930 126443,501,16
ac19_36528,YYXXXXXYx,YYXXXYxYXXX,6,56976 66834 81575 82414 141101 146909,501,17
ac19_36542,YXXyx,YYYYYXyXXyyyxxx,2,57003 150753,501,19
ac19_36547,YXXyXyxx,YYXYxxYYxxx,2,57009 77445,501,19
ac19_36556,YXYXyx,YYxyXXyXyxyxx,2,57031 152633,501,17
ac19_36564,YYXXyxx,YYYXXXYxyx,2,57046 122598,501,16
ac19_36570,YXXYxxyX,YYxYXXyXXYX,2,57060 144840,501,17
ac19_36582,YYXXX,YYYXyXyyxyXYYx,1,57079,501,18
ac19_36591,YYXXXYX,YYXXyXyxYx,1,57101,501,16
ac19_36595,YYXXXyxYX,YXYxYXyXyx,1,57112,501,13
ac19_36604,YXyXXyx,YYXYXyxYxxxyx,1,57131,501,16
ac19_36605,YXXyx,YYXYYXYXyyXyyXX,2,57133 153613,501,18
ac19_36607,YYXXXXYxxx,YXXXXXYxxxx,3,57135 74137 150460,501,15
ac19_36615,YXYXyx,YYYYxYXyXyyXX,1,57151,501,19
ac19_36620,YXYXyx,YYYYXYxyXyXXX,2,57157 67607,501,17
ac19_36622,YXYXyx,YYYYYXYxyyXXyXX,2,57162 106258,501,19
ac19_36638,YXYXyx,YYYXyyXyyxxxx,2,57193 108600,501,19
ac19_36639,YXXYx,YYYXYXYXyXYxx,1,57196,501,15
ac19_36649,YXYXyx,YYYXyyXyyxYxx,2,57210 61615,501,19
ac19_36653,YYXXyxx,YYxxYxxYXXX,2,57216 149001,501,18
ac19_36659,YXXX,YYYYXXYxyyyxyyX,1,57227,501,17
ac19_36668,YXYXyx,YYXXyXYXyyxxx,1,57244,501,17
ac19_36676,YXYXyx,YYXXYYxYXXXyX,1,57255,501,17
ac19_36677,YYXYYXXyx,YXyxYXXYx,4,57258 121332 131558 137118,501,15
ac19_36685,YYXXXYX,YYYXyXXYYXX,2,57272 109505,501,15
ac19_36689,YYXXyxx,YYxYXYYxxyX,1,57276,501,16
ac19_36692,YXYXyx,YYYYXYxyyXXXX,2,57281 94911,501,17
ac19_36702,YXyXXXyx,YYxYXyxxyxx,1,57306,501,19
ac19_36704,YYXXX,YYYXyyXYYYXyX,2,57309 151249,501,17
ac19_36706,YXYXyx,YYYYxyXXXYYXX,1,57313,501,17
ac19_36707,YXyXXXyx,YYXXXXyXyyx,2,57315 90981,501,17
ac19_36718,YXYXyx,YYXYxyXyyXXYxYx,2,57341 100991,501,17
ac19_36720,YXyXXyx,YYYxyxYxxyyX,1,57344,501,16
ac19_36730,YXXyx,YYYYYXyyxyXyXyyX,1,57365,501,19
ac19_36735,YXXYx,YYYXyXXYYXYxx,1,57374,501,15
ac19_36744,YXYXyx,YYYYXXyxyXXXYYx,2,57391 120149,501,19
ac19_36776,YXYXyx,YYYYXyXyXXYYx,2,57461 78689,501,19
ac19_36783,YXYXyx,YYXyyXXYXYxYx,1,57478,501,17
ac19_36795,YXYXyx,YYYYYXXyXXX,3,57508 60764 129396,501,17
ac19_36829,YXXyx,YYYXYxyXyxyxyxYx,2,57588 156623,501,19
ac19_36830,YXXYx,YYYXXyxYXYXyx,1,57590,501,15
ac19_36838,YXyXXyx,YYXyXyxYxxyyxYX,2,57605 111040,501,17
ac19_36845,YYXyxxxyyx,YYXXXYXyyxx,3,57629 65977 77733,501,19
ac19_36854,YXyXXXyx,YYXyXYxyxxxyX,1,57653,501,17
ac19_36857,YXXYx,YYYxyXXYXyxyx,3,57664 112981 120736,501,15
ac19_36863,YXYXyx,YYYYYxYXyxyyXXX,2,57679 75743,501,19
ac19_36874,YXYXyx,YYYXXXyXXYYxx,2,57696 146581,501,19
ac19_36877,YXyXXyx,YYYXyxYxYXyxxyx,2,57707 136824,501,17
ac19_36880,YXYXXYx,YXYxYxyXXXyx,1,57711,501,17
ac19_36884,YXYxyx,YYYXXYxyXyxxx,2,57721 72342,501,15
ac19_36887,YXXXXYx,YYXXXYXyyxxx,1,57726,501,17
ac19_36913,YXyXXyx,YYxYxxyxxxyXYXX,1,57784,501,18
ac19_36946,YXXYxxyx,YYXXyXyxyxx,1,57851,501,17
ac19_36962,YXyxYXXyx,YYXyxyXXyX,9,57881 58891 65135 68265 74916 74970 86436 91497 97964,501,14
ac19_36968,YYYXXXXX,YYxxyxyXXyx,1,57893,501,16
ac19_37019,YXYXyx,YYXXYxYYxYXyXyX,2,57998 69618,501,19
ac19_37027,YXXyx,YYYXyyyxxxxYxx,1,58021,501,18
ac19_37028,YXYXyx,YYxYXYxyXXyXyyx,2,58022 68774,501,17
ac19_37045,YXXyx,YYYYXYxyxyXyxyxx,2,58054 107372,501,18
ac19_37057,YXYXyx,YYYXyXXXyXYYx,2,58079 82014,501,19
ac19_37062,YXYXyx,YYXXXXXyXYYxx,2,58087 91451,501,19
ac19_37066,YXXyx,YYYXyxyXyXyXXXXX,2,58095 135487,501,20
ac19_37079,YYYXXXyxx,YXYXXXYxxx,1,58126,501,16
ac19_37085,YXXyx,YYXYxYXyxyyXXXX,1,58133,501,17
ac19_37100,YXYXyx,YYXXXXXyxxxYx,2,58165 77350,501,17
ac19_37106,YXYxyXXyx,YYXyXXyxyX,3,58181 82804 112663,501,16
ac19_37115,YXYXyx,YYYxYXyyyXXYx,1,58202,501,19
ac19_37126,YXXyx,YYYXYYxyXyyyxyyX,1,58227,501,4
ac19_37127,YYXXXyx,YYXXyyxyxYx,1,58229,501,15
ac19_37129,YXYXyx,YYYYXXXYYXXXX,1,58237,501,17
ac19_37131,YXXyx,YYYYYXXXyXyyyxxx,2,58247 68605,501,18
ac19_37140,YXXYx,YYYXyyXXyxYxx,1,58259,501,15
ac19_37143,YXYXyx,YYYXXXyyXyxxx,2,58263 133319,501,19
ac19_37149,YXYXyx,YYYxYxyXXYXyX,2,58271 124820,501,17
ac19_37151,YXYXyx,YYXXXyyXYYxxx,2,58277 74840,501,17
ac19_37152,YXXyXXYx,YYXXXXXYxxyXX,1,58279,501,15
ac19_37185,YXYXyx,YYXyXyXXYYxxx,1,58359,501,19
ac19_37191,YXyXXyx,YYYxyxyxYXXyxx,2,58371 156654,501,16
ac19_37197,YYXXXYXX,YYYYXXXyyyx,1,58381,501,15
ac19_37202,YXXYx,YYXYXXyyXYYxx,1,58388,501,15
ac19_37206,YXYXyx,YYXyyXyyxxxxyxx,2,58396 110748,501,21
ac19_37224,YXXXYxx,YYXXYxYXXYx,3,58440 94674 129864,501,15
ac19_37231,YXYXyx,YYXYxxyXyXyyxYx,1,58456,501,17
ac19_37240,YXYXyx,YYYXyXXXXYYYxyx,1,58479,501,19
ac19_37255,YXXYx,YYXYXyyxYxyX,3,58505 137564 154939,501,15
ac19_37283,YXYXyx,YYXXYYxYxyXyX,1,58575,501,17
ac19_37291,YXYXyx,YYxYYxyXyxyXXyX,1,58591,501,17
ac19_37300,YXYXyx,YYYXYxYxyXyXX,2,58607 134320,501,17
ac19_37302,YXXyx,YYYYYXyyXyyyyX,2,58614 122776,501,18
ac19_37310,YXXYxxyx,YYxYxYYxx,3,58636 136127 150908,501,17
ac19_37314,YYXXYXXyXYx,YYXXyXYXyXYxx,1,58642,501,15
ac19_37315,YXyXXyx,YYXyyxyXYYxxyXX,2,58643 83969,501,17
ac19_37330,YXXyx,YYYXYXyXyXyXXX,2,58670 83954,501,18
ac19_37337,YXXYxYxx,YYXYxxxyXyX,1,58687,501,14
ac19_37347,YXXyx,YYYYXyXyxyXXXXXX,1,58699,501,20
ac19_37369,YXyXXyx,YYYxxxYxxxyyX,1,58744,501,16
ac19_37371,YXXYx,YYYXXyxYxyXYX,1,58748,501,15
ac19_37389,YXXyXyxx,YYXYYxyxx,2,58804 138153,501,17
ac19_37426,YXyXYXyxx,YYXyxYxxyX,2,58887 94184,501,19
ac19_37428,YXXyx,YYYXYYxyyxyxxyxx,1,58890,501,20
ac19_37433,YYXXYXyXXyX,YYXyXYYXyXyX,1,58898,501,17
ac19_37448,YXyXXyx,YYYxxxYxyxyXX,2,58934 153661,501,16
ac19_37466,YXYXyx,YYYYYXyXXyyyx,1,58979,501,17
ac19_37487,YXXyx,YYYYXyyyXyyyXYX,2,59027 78354,501,18
ac19_37496,YXXyXyxx,YYYYYxyxx,2,59042 70260,501,17
ac19_37497,YYXXYxxYx,YYXyxxyXXYx,1,59049,501,16
ac19_37510,YXYXyx,YYYXXXXXYYXYx,2,59076 106927,501,19
ac19_37512,YXYXyx,YYXXXXXXYxYYx,1,59081,501,19
ac19_37517,YYXXyxxyx,YYXyXYXXyx,1,59090,501,15
ac19_37525,YXXyx,YYXYXYxyXyyXXXX,2,59107 116059,501,17
ac19_37543,YYXXYxyXX,YXyXyxxxx,1,59138,501,17
ac19_37565,YXXYx,YYxyXYXyXYxyx,1,59184,501,15
ac19_37568,YXXXYxx,YYYXYXXYx,2,59189 122869,501,15
ac19_37570,YYXXYXXYx,YYYXXYxxyXX,1,59193,501,15
ac19_37598,YXYXyXXYXyX,YYxYxyXYXyXXyXXYXyXX,1,59257,501,19
ac19_37610,YYXXXyxyx,YXXXyXXXXyx,3,59286 105090 123379,501,16
ac19_37616,YXYXyx,YYxYXyXXYxyXXYx,2,59314 155024,501,17
ac19_37644,YXYXyx,YYYYYYXXyxyyXXX,2,59378 128648,501,19
ac19_37647,YYXXXXYX,YYXyxYXyX,4,59382 63348 80209 133362,501,16
ac19_37658,YXXYx,YYYXYYXXYYYxyX,2,59421 101690,501,15
ac19_37661,YXXYxxyX,YYxyxYXXXyx,1,59429,501,14
ac19_37674,YXXyx,YYYXYYXyyxyyXXXX,1,59450,501,19
ac19_37679,YXYXyx,YYYXYxyXXXyyyxx,1,59456,501,19
ac19_37696,YXYXyx,YYXYYxYXXyXyX,2,59498 70253,501,17
ac19_37723,YXXyx,YYYYYXyyyXXyxx,1,59545,501,15
ac19_37724,YXXyx,YYYXYYxxYXyyyXyXyX,1,59546,501,19
ac19_37739,YXYXyx,YYYxYXyXXyyyx,2,59585 76928,501,17
ac19_37757,YXYXyx,YYYXyXXyxxxYX,1,59626,501,13
ac19_37759,YXXyx,YYYYYXyxxyxyyXXXX,1,59629,501,19
ac19_37774,YXyXXyx,YYxYxxyxxyxYXYXyx,1,59665,501,17
ac19_37780,YXYXyx,YYXYYxxyXXyyX,2,59678 128459,501,17
ac19_37793,YXYXyx,YYXyXXyyxxYxx,2,59712 92462,501,19
ac19_37798,YXXX,YYYYXYxyyyXyX,2,59719 148264,501,17
ac19_37807,YXYXyx,YYxYXyyxyXyxx,2,59750 145081,501,17
ac19_37815,YYXXXXyX,YXYxxyXyx,1,59761,501,17
ac19_37825,YXyXXyx,YYYXXyXyxyx,2,59777 70507,501,16
ac19_37832,YXXYxxyx,YXYxYxxYxyX,2,59792 144462,501,15
ac19_37844,YXXyx,YYYYXyyyXyXXyXX,2,59808 120669,501,19
ac19_37847,YXyXXyx,YYxyXyxxyXXYX,1,59814,501,18
ac19_37857,YXYXyx,YYxYxxYXyxyXyXX,1,59831,501,19
ac19_37865,YXYXyx,YYYYxxYXXyXXX,2,59852 78972,501,19
ac19_37880,YXyXXyx,YYYYxyyXXyxx,1,59879,501,16
ac19_37907,YYXXXyxx,YXXYxYxxyXX,1,59933,501,17
ac19_37940,YXYXyx,YYXXXXyyxyxYx,2,59985 77916,501,17
ac19_37948,YXYXyx,YYXyXXYXXXXYYxx,2,60011 129143,501,19
ac19_37958,YYXXXyx,YYYYXXXXXXX,1,60029,501,14
ac19_37966,YYXXXXXXXyx,YXXXXXXyxxxxx,4,60054 61944 132075 132178,501,18
ac19_37979,YXXXYXXXyX,YYXXyXYXXXyXX,1,60078,501,16
ac19_37985,YYXXyxx,YYxyXXXYxxyX,1,60089,501,14
ac19_37986,YXYXyx,YYXXXXXXYYx,4,60090 75394 151146 155492,501,17
ac19_38016,YXYXyx,YYYYXYYXyXXXX,1,60151,501,19
ac19_38049,YXXyx,YYYYYXyxyXyyXX,3,60215 105266 107810,501,3
ac19_38054,YXYXyx,YYXXYXyXyyxxx,1,60221,501,17
ac19_38069,YXYXyx,YYXyXXXyxxYxx,5,60248 85182 110744 112156 156034,501,17
ac19_38074,YXYXyx,YYxYYxYXyxyXyXX,2,60261 132193,501,19
ac19_38091,YXXYx,YYXyxYxyXYXyx,1,60296,501,13
ac19_38100,YXYXyxxyXYx,YXXYxYXXYxYx,1,60309,501,17
ac19_38106,YYXXYYXXX,YYXyXyXYxx,1,60325,501,15
ac19_38108,YXyXXXyx,YYXXyXyyX,2,60329 98954,501,17
ac19_38116,YXXYx,YYYYXXyyxyx,4,60351 107987 108126 111927,501,15
ac19_38141,YXYXyx,YYYYxYXyXyXXX,1,60404,501,19
ac19_38143,YXYXyx,YYYxYXyXXyX,6,60407 83190 96080 107778 113923 142260,501,17
ac19_38148,YXXyx,YYXYxyyXyXXXYX,2,60418 103245,501,17
ac19_38159,YXXyXXYx,YYXXXXYXyXX,1,60440,501,13
ac19_38176,YXXX,YYYXyyxYYXyxyyX,1,60482,501,19
ac19_38188,YXXYx,YYYxyyXYxyXyyx,1,60509,501,13
ac19_38221,YXYXyx,YYYXyxyXyXXYYxx,2,60588 118859,501,19
ac19_38222,YYXXYxYXX,YYXXYxyXyyxxYX,1,60595,501,18
ac19_38237,YXYXyx,YYYXyyXXXXYYxyx,1,60625,501,19
ac19_38245,YXXyx,YYYXyyxyxxxyxYYx,2,60638 80135,501,20
ac19_38264,YXXX,YYYXyyxyyXYYXyx,1,60667,501,19
ac19_38268,YXXX,YYYxYYxyyXyyXyx,1,60678,501,19
ac19_38274,YXXyXYx,YYYXyXXXyx,1,60686,501,16
ac19_38278,YYXXyXyxx,YYXXXyXyyx,1,60697,501,15
ac19_38288,YXYXyx,YYYYxYxyyXXyX,2,60715 109371,501,19
ac19_38290,YXYXXXXYx,YYxyXyXXYx,2,60717 128488,501,13
ac19_38297,YXXyx,YYYXyXyyxyxxYYx,2,60730 126463,501,18
ac19_38316,YYXXyxx,YYYxYxxYXXXX,1,60781,501,19
ac19_38319,YXXyx,YYXYXYYxyyXyyXX,2,60784 95301,501,18
ac19_38351,YXXyx,YYYYXyxyyXyyXXX,2,60848 77190,501,18
ac19_38355,YXYXyx,YYXXXXYxyXYYx,2,60856 95831,501,17
ac19_38371,YXXYx,YYYXYxyXyyxyyx,2,60888 113929,501,15
ac19_38378,YXXyx,YYYYYYXyxyyXyyX,2,60903 70127,501,18
ac19_38383,YXYXyx,YYXYxyyXXXYxx,2,60909 109579,501,15
ac19_38384,YXYXyx,YYYYXXXXXXYxx,1,60916,501,19
ac19_38390,YXXyx,YYYYXYXyxxyyyxx,1,60925,501,17
ac19_38397,YXXYx,YYYXYXXyXYxxYX,1,60947,501,15
ac19_38401,YXXYx,YYXYYXyyXXYxxx,1,60956,501,16
ac19_38418,YXXyx,YYYYYXyXXyxyyX,1,60982,501,15
ac19_38421,YXXyx,YYYXYxyXyyxyxxyx,1,60992,501,18
ac19_38422,YXXyx,YYYYXyyXyxyXyXX,1,60993,501,18
ac19_38426,YXYXyx,YYXYxxYxyyXXXYXyX,1,61004,501,19
ac19_38434,YXyXXyx,YYxyxxxxxYX,4,61015 70219 80971 122976,501,18
ac19_38443,YXXyx,YYYYXyXyxyxxxx,2,61032 144975,501,17
ac19_38444,YXYXyx,YYYYYxyyXXXYXyX,1,61033,501,19
ac19_38445,YXYXyx,YYYxyXXyXYxYX,1,61036,501,15
ac19_38453,YXYXyx,YYYxYxxyXyXXX,2,61049 80641,501,19
ac19_38455,YXyXXyx,YYxxxYXYXyxyxxx,1,61051,501,18
ac19_38457,YYXXXYx,YYXYYxYXXX,2,61054 95636,501,14
ac19_38468,YXyxYXXyx,YYXyyXXYXyxYX,1,61080,501,15
ac19_38478,YXXYxxyx,YYXyxxYXyxx,1,61114,501,17
ac19_38481,YXXyx,YYYYXyyxyyxxYx,1,61119,501,18
ac19_38490,YXyXXXyx,YYxyxxyXXYx,1,61142,501,17
ac19_38497,YXXXyxYx,YXXYxxyXX,2,61159 145275,501,17
ac19_38502,YXYXyx,YYYYXyXYxyXXX,1,61180,501,15
ac19_38525,YXYXyx,YYYYXYxyXXXyX,2,61215 154732,501,17
ac19_38535,YXXyx,YYYYXyyxyyXXYX,3,61241 102459 104067,501,18
ac19_38548,YXXYXXX,YYYYXyyyxyxxyx,1,61266,501,16
ac19_38550,YXyXXyx,YYxYXyxyxyX,5,61268 88817 106557 109153 132028,501,15
ac19_38553,YXXYx,YYYYXXYYXYYxyX,2,61273 124894,501,15
ac19_38560,YXXYx,YYYYXXyyxxYX,1,61287,501,15
ac19_38562,YXyXXyx,YYYXyyXYxyxx,1,61290,501,15
ac19_38595,YXYxxyXyx,YYYXXyyxYXXyx,1,61371,501,19
ac19_38598,YXyXXXyx,YYxyxxyXX,3,61376 126365 147103,501,17
ac19_38605,YXXYxxyx,YYxxxxxyXXXYx,1,61384,501,19
ac19_38610,YXXyx,YYYXYXyxyyXXXX,1,61397,501,17
ac19_38612,YXyXXyx,YYXyxxxyXYXyX,3,61399 145706 149009,501,15
ac19_38616,YXYXyx,YYXYYXyyXyyxxxx,1,61403,501,19
ac19_38617,YXXYx,YYYXyyyXYxx,4,61404 121662 122327 125285,501,15
ac19_38621,YXYXyx,YYXyyXXXYYxyx,1,61412,501,17
ac19_38637,YXYXyx,YYYxyXYXyyXyyxx,1,61438,501,19
ac19_38638,YXYXyx,YYxYxYXyyXXYX,2,61450 94372,501,19
ac19_38642,YXYXyx,YYXyXXXXXYxxx,2,61456 116599,501,19
ac19_38646,YXyXXyx,YYYxyXyxxyX,3,61466 65304 107301,501,16
ac19_38650,YXYXyx,YYYYXyyxyyXyxxx,1,61471,501,19
ac19_38656,YXYXyx,YYYXXXXXyxyyxYx,1,61487,501,19
ac19_38663,YXYXyx,YYXXYxxxYXyXXyX,1,61499,501,19
ac19_38668,YXYXYx,YYXyyXyxxyyXYYx,1,61511,501,19
ac19_38672,YXXyx,YYYYYXyxyyyxxx,2,61521 126701,501,18
ac19_38679,YXXyx,YYYXyyXXyXYXXXX,1,61534,501,17
ac19_38683,YXXyx,YYXyxxyyXyXXXXYX,2,61541 133271,501,20
ac19_38685,YXyXXyx,YYxyxYXYxxyxx,1,61548,501,11
ac19_38695,YXXyXyx,YYYxyXXyxyX,1,61563,501,14
ac19_38699,YXYXyx,YYYXyXyyXXYxx,2,61572 64731,501,17
ac19_38704,YXXyx,YYYYXyyxyyXyyXYX,1,61582,501,19
ac19_38715,YXyxYXXyx,YYXyxyxYxx,2,61598 131241,501,17
ac19_38738,YXyXXyx,YYXXXyXYxyxYxyxyx,1,61647,501,18
ac19_38740,YXXyx,YYYYYXyyyxxxxxyx,2,61652 114038,501,20
ac19_38759,YXYxyx,YYYXyxyxYYxxx,1,61698,501,15
ac19_38764,YXYXyx,YYYXXXXyxyXyxxx,2,61706 144238,501,19
ac19_38767,YXXX,YYYYXyxyyxyyXYx,1,61717,501,19
ac19_38820,YXYXyx,YYYYYXyXyxyXyxx,1,61807,501,19
ac19_38830,YXXyxYx,YYYYYxxYX,3,61825 63568 77392,501,16
ac19_38855,YXXyx,YYYYXyxyyXyyxYYx,1,61877,501,17
ac19_38860,YXXXyXyX,YYYxxxyxxyX,1,61884,501,15
ac19_38872,YXYXyx,YYYYxYXyyyyXX,2,61911 142299,501,19
ac19_38876,YXYXyx,YYxYXyXYXyXyyxx,1,61924,501,19
ac19_38878,YXYXyx,YYYXYYYXXXXyX,1,61930,501,17
ac19_38880,YXXYx,YYYxxyXXXyxyyx,1,61937,501,15
ac19_38883,YXXYxxyX,YYXyxYXXXyx,1,61941,501,15
ac19_38901,YYXXXyXYX,YYXXXXyxx,1,61980,501,15
ac19_38904,YXXXYxx,YYXyXyxyx,1,61988,501,16
ac19_38942,YXYXyx,YYYXyXyyyxYxx,2,62074 119994,501,19
ac19_38944,YYXXXyx,YYYYYXyyXyX,1,62079,501,15
ac19_38948,YXXyXYx,YYXXyxYXXXyxxyx,1,62091,501,20
ac19_38951,YXyXXyx,YYYxyyxyX,3,62096 117133 118562,501,15
ac19_38970,YXYXyx,YYXyXyyxxxx,4,62134 74053 75754 117486,501,17
ac19_38973,YXXyxYXXyxx,YYXyXXYxxyXX,2,62139 154562,501,17
ac19_38982,YXXyx,YYXYXYxYXyyXyyXX,2,62153 142230,501,18
ac19_38987,YXXYx,YYYXyXXYYxyx,2,62158 76592,501,15
ac19_38991,YXYXyx,YYYYXyxyyXyXyxx,1,62168,501,17
ac19_39001,YXXYx,YYYXXyyxyyxx,1,62189,501,15
ac19_39011,YXXYx,YYYYXYXXyXYxx,1,62223,501,15
ac19_39017,YXYXyx,YYXyXyyxxyxxx,2,62245 83544,501,19
ac19_39026,YXYXyx,YYXXYXXyXYYxx,2,62257 148361,501,17
ac19_39028,YXyXXyx,YYYXyyxYXXyyx,1,62261,501,15
ac19_39032,YXYXyx,YYYYxYXyyXXYxyX,3,62272 117167 118294,501,19
ac19_39040,YYXXXXXyX,YYXXXXyXyxYX,2,62292 83139,501,16
ac19_39042,YXYXyx,YYYXyxyXXyxxx,1,62296,501,15
ac19_39059,YXXYx,YYXYYXXXYxyyxx,1,62332,501,15
ac19_39060,YXYXyx,YYYYXYYXXyXXX,1,62338,501,17
ac19_39064,YXYXyx,YYXXXXXXYYxYxyx,1,62346,501,19
ac19_39071,YXXyx,YYYXyXyxyXyyXXYX,2,62365 78709,501,18
ac19_39090,YXyXXyx,YYYxxYXyyxyX,1,62421,501,11
ac19_39093,YXyXXXyx,YYYxyxYxxyx,2,62425 115015,501,15
ac19_39106,YXYxyx,YYYXyXyxyxYxx,1,62454,501,15
ac19_39113,YXYXyx,YYXYxyXyXyyxx,4,62468 114383 120610 141128,501,17
ac19_39128,YXyXXXyx,YYYxyyXYxyXXXyXyX,1,62499,501,19
ac19_39142,YXXyx,YYXYYxyxyxyyXyXXX,1,62532,501,19
ac19_39147,YXXXXyxxYx,YXXXYxxxyXX,3,62538 90846 148435,501,18
ac19_39152,YXYXyx,YYYYxyXyyXX,4,62549 76976 91086 107975,501,17
ac19_39153,YXYXyx,YYYXyXyXXXYYx,2,62553 113524,501,19
ac19_39163,YXXYx,YYXYxyyXXyxyx,1,62571,501,15
ac19_39169,YXXX,YYYXYYXyyXyyX,1,62587,501,17
ac19_39175,YXYXyx,YYYXyXXXXXYYxyx,1,62601,501,19
ac19_39192,YYXXXyX,YYXYxyXXyXXX,1,62628,501,17
ac19_39193,YXYXyx,YYXXYxxxyXyyX,1,62629,501,15
ac19_39197,YXXYx,YYXXyyXYXYYxxx,1,62636,501,15
ac19_39204,YXXyx,YYYYXyxyyXyyXX,2,62648 132231,501,18
ac19_39208,YXYXyx,YYYxxYXyxyXXyyX,1,62654,501,17
ac19_39209,YXXYxYxx,YYXYxxYYx,1,62655,501,17
ac19_39210,YXXyx,YYXYXyyXyXXXYX,2,62660 149839,501,17
ac19_39222,YXXyx,YYYXyyxxyxxxYx,1,62701,501,16
ac19_39234,YXyXXyx,YYXyyxyXXYx,3,62724 64072 133665,501,16
ac19_39246,YXyXXyx,YYYxxxyyXX,1,62754,501,17
ac19_39252,YXXyx,YYYYYXyxyXyXXyX,2,62763 69596,501,15
ac19_39266,YXXXyxYx,YYXXYYXXX,4,62791 104871 119410 136332,501,17
ac19_39272,YXYXyx,YYXyyxyXXXYYx,2,62802 105985,501,17
ac19_39280,YXYXyx,YYXXyXXXYxyXYYx,2,62818 79054,501,19
ac19_39281,YXYXyx,YYXXXyxyXXYYxYx,1,62824,501,19
ac19_39288,YYXXXYx,YYxyxyXyXyx,1,62834,501,17
ac19_39302,YXXyXyxx,YYYxyxxYX,2,62857 90882,501,15
ac19_39316,YXYXyx,YYYXyyXXXXYxx,2,62883 83242,501,19
ac19_39317,YXYXyx,YYYYXYYxxyyyXXX,2,62886 91531,501,21
ac19_39318,YXYXyx,YYXyXXXXYxYYx,1,62887,501,19
ac19_39319,YXyXYxx,YYYYxYXXXyx,1,62889,501,15
ac19_39334,YXYXyx,YYYXYYxyXXXXX,1,62936,501,19
ac19_39339,YYXXyxxyx,YYYXyxxxyx,2,62946 119146,501,13
ac19_39344,YXXyXYx,YYXXXyxyxxx,1,62956,501,18
ac19_39356,YXXX,YYYXYYXyyyXYXyX,1,62981,501,17
ac19_39368,YXXYxYxxx,YYXXyXyyxx,2,63003 152387,501,18
ac19_39370,YXXyx,YYXYYxyXyyXXXXX,1,63012,501,19
ac19_39377,YXXyx,YYYXyxyyxxxYxx,1,63032,501,18
ac19_39391,YXXyx,YYYXYxyXyyXXXX,2,63057 80223,501,15
ac19_39399,YXXyx,YYYYXXXyxxyyxx,1,63069,501,15
ac19_39400,YXXYx,YYXXyyXYxyxyxx,1,63072,501,15
ac19_39407,YXYXXYx,YYXyxYYXXyx,1,63092,501,17
ac19_39417,YXYXyx,YYXyXXyXXYYxx,2,63116 108670,501,19
ac19_39424,YXXX,YYYYYXyxyyxxyyX,1,63128,501,17
ac19_39427,YXYXyx,YYYxyyXyyXXYx,1,63133,501,19
ac19_39431,YYXXYxyxx,YYYXyxxYYYx,1,63145,501,18
ac19_39446,YXXYx,YYXYxyXYYXXyx,2,63167 72344,501,15
ac19_39448,YXXX,YYYxYxyyxyyxyyx,1,63173,501,19
ac19_39458,YXYXyx,YYYXYxxyXyXXX,2,63187 80424,501,17
ac19_39466,YXYXyx,YYXXyXXYXYYxx,2,63204 87702,501,19
ac19_39469,YXYXyx,YYYYxxyXXXX,3,63209 63500 71295,501,17
ac19_39470,YXyXXXyx,YYXyxxyxYXXyx,1,63210,501,17
ac19_39478,YXYXyx,YYXXXyXyyxxYx,2,63222 113440,501,19
ac19_39521,YXXYx,YYYXYxyXXYXyx,2,63308 76445,501,15
ac19_39523,YXXYx,YYXYxxyyxYXyX,2,63315 127355,501,15
ac19_39540,YXyxYXXyx,YYYXXyxxyx,1,63343,501,15
ac19_39541,YYYXXXYxx,YXYXXyxxx,2,63351 130509,501,15
ac19_39544,YYXXYXXyyX,YYYxxyyxyyx,5,63359 64712 85657 143016 148846,501,15
ac19_39553,YXyXXyx,YYxxyxyXXYXyX,3,63370 65476 153068,501,17
ac19_39559,YXYXyx,YYYYXyXXXYxYX,1,63387,501,17
ac19_39561,YYYXXXXX,YYXXXXyxxYX,1,63391,501,15
ac19_39565,YXyXXyx,YYxxxyxyXYXYx,2,63401 79815,501,17
ac19_39566,YXXX,YYYYYxyyXyyyx,2,63403 112588,501,17
ac19_39572,YXXYx,YYYYXXyxyxYX,5,63419 65803 110473 121163 141136,501,15
ac19_39574,YXyXXyx,YYXYxxYXyxxyyx,2,63422 117967,501,17
ac19_39583,YYXYxxYXyyx,YYYXyyxYYXyyx,4,63437 93274 135470 154932,501,14
ac19_39594,YXXYxxyx,YXyxYXyxxYx,2,63459 132811,501,17
ac19_39595,YXXYx,YYXyyXYXYxyx,5,63460 80596 108930 131542 142520,501,15
ac19_39605,YYXXyxx,YYYXYxyyX,4,63473 69053 95078 143869,501,14
ac19_39608,YXYXyx,YYXXXyXXyxYxxYxyx,1,63480,501,19
ac19_39620,YXXyx,YYYYXyyxyxxxxx,2,63503 156616,501,19
ac19_39637,YYXXXyxyx,YYXXYXyXyx,1,63536,501,16
ac19_39644,YYXXyxx,YYYYYxYXX,4,63553 89015 115324 139166,501,16
ac19_39661,YXyXXyx,YYYxYxyxyxx,2,63588 80825,501,17
ac19_39663,YXyXXXyx,YYXyyxYXXyx,2,63590 63872,501,13
ac19_39667,YXXyx,YYYXYXyyyxxyxyxx,1,63603,501,20
ac19_39675,YXXX,YYXyyXYYXyyxx,2,63619 70198,501,15
ac19_39696,YXYXyx,YYYXYxYxyXXXX,1,63660,501,17
ac19_39699,YXXyx,YYYYXyyyxxyXyX,1,63668,501,15
ac19_39718,YXYXyx,YYXYxyXyyXXyxxx,2,63706 79901,501,17
ac19_39746,YXYXyx,YYYYYYXyxyXyXXX,1,63774,501,19
ac19_39747,YXYXyx,YYYxYxyXyXX,4,63775 88023 131462 136114,501,17
ac19_39755,YYXXXXXYx,YYYXXyXyxx,1,63784,501,15
ac19_39756,YXXyx,YYYYXyxyyyxyxxx,1,63786,501,19
ac19_39761,YXYxyx,YYYXyxyxYxYxx,1,63800,501,15
ac19_39777,YYXXXXXXyx,YYXyXYxyxyx,3,63837 89609 91676,501,16
ac19_39793,YYXXXXXyX,YXYXXXXyXX,2,63881 73629,501,16
ac19_39802,YXYXyx,YYXXXyXXYxxxx,3,63895 142048 142352,501,17
ac19_39824,YXYXyx,YYYYxxyyXXXYX,2,63950 107383,501,19
ac19_39849,YXXYx,YYYXyyyXXyxYYx,1,63993,501,15
ac19_39855,YXXXyXXYx,YXyxYXXXXX,4,64006 80782 98138 152225,501,18
ac19_39869,YXYXyx,YYXXXyXyxYYxx,1,64039,501,15
ac19_39875,YXXyx,YYYXYYYxyXyyyXyX,2,64055 129660,501,18
ac19_39895,YXYXyx,YYYYXyxyXyXXXYx,2,64099 142251,501,19
ac19_39911,YXYXyx,YYXYxxyXXyXyXYx,1,64141,501,17
ac19_39948,YXXyx,YYYYXyyyyxYxxxxx,2,64223 110168,501,19
ac19_39957,YXyXXyx,YYYxxyyxYxx,1,64239,501,17
ac19_39961,YXXyx,YYYYYXXYxyyyxyyx,2,64244 104339,501,18
ac19_39981,YXyXXyx,YYYYxyyxxYXyXYxyx,2,64293 134133,501,17
ac19_39996,YXYXyx,YYXXyXyyxxyxx,1,64322,501,17
ac19_39999,YXYXyx,YYYYxYxyXyXXX,2,64328 150339,501,19
ac19_40012,YXXYXXyX,YYxYXXyyxyX,1,64356,501,13
ac19_40014,YXYXyx,YYXYxYYXXXyXX,3,64358 80535 142544,501,17
ac19_40034,YXXyx,YYYYYXyyyyyXYX,2,64420 80214,501,18
ac19_40035,YXXyx,YYYYXyyxyxyxxyxx,1,64427,501,20
ac19_40039,YXYXyx,YYYYxYYXyXXyX,1,64432,501,19
ac19_40048,YXYXyx,YYYxYXyyXXXYx,2,64450 140254,501,19
ac19_40053,YXXyXyx,YYxyxxYXXXyx,2,64457 122823,501,17
ac19_40054,YXXyx,YYYYXXYxyyyxyyyx,1,64458,501,18
ac19_40065,YXYxyx,YYYxYxyxYYYxx,2,64485 111338,501,15
ac19_40102,YXXyx,YYXYYXyyxyyxxYxx,1,64570,501,20
ac19_40127,YXXXyXYx,YYXXyXXYX,2,64632 153192,501,17
ac19_40131,YYXXyXyxx,YYXXXyyXyx,1,64642,501,15
ac19_40132,YXYXyx,YYYYxYxyXXXYXyX,1,64648,501,19
ac19_40138,YXyXXyx,YYxxyxxxYXX,2,64657 114362,501,17
ac19_40151,YYYYXXXXX,YYYXXXXYXyx,1,64677,501,15
ac19_40165,YXXyx,YYXXYxyXyyXyXXX,1,64706,501,18
ac19_40166,YXyXXyx,YYYXyxYYxyxYXyxyx,2,64707 104610,501,17
ac19_40167,YXYxYXXYx,YYXXYXYxxyyXYx,1,64708,501,21
ac19_40179,YXYXyx,YYYxyXXXYXXYx,2,64735 82760,501,17
ac19_40183,YXXyx,YYYYXyyXyXyXYX,3,64739 139849 140098,501,18
ac19_40192,YXYXyx,YYYXyXXyyyxxx,2,64756 110136,501,19
ac19_40202,YXYXyx,YYXYYxxxyXXyX,1,64781,501,17
ac19_40203,YYXXXyx,YYYxyXyyx,1,64782,501,15
ac19_40211,YXXyx,YYXYYXyXyXyXXXX,2,64803 125324,501,20
ac19_40214,YXYXyx,YYXXyyXXXYxYxyx,2,64809 116343,501,19
ac19_40215,YXYXyx,YYxYXYxyXXyyXYx,2,64810 107682,501,17
ac19_40218,YXXyx,YYYXXYXyyyXyyXX,2,64814 135726,501,18
ac19_40221,YXYXyx,YYXyXyyXXYYxx,2,64818 79365,501,19
ac19_40226,YXYXyx,YYXXyxxxYxxyXXXyx,1,64831,501,17
ac19_40227,YXYXyx,YYXYxyXyXXyyxxx,2,64833 86839,501,19
ac19_40228,YXXXXXyXXXYx,YXXyxxxxxyxxx,1,64836,501,19
ac19_40230,YYYXXXXX,YYXYXXyyx,2,64840 122226,501,14
ac19_40233,YXXyx,YYYYXyXyxyyxyxx,2,64847 74340,501,18
ac19_40234,YXYXXXX,YYYYXXXXXXXyX,2,64849 86539,501,16
ac19_40235,YYYYXXXXX,YYXyyXXYxx,1,64851,501,19
ac19_40240,YXYXyx,YYYxyXXyXyyxx,2,64862 78491,501,19
ac19_40242,YYYXXXXX,YYYXYYXyyyX,1,64865,501,17
ac19_40243,YXyXXyx,YYxyxYXXYxyxx,3,64866 84294 138026,501,13
ac19_40249,YXXyXyx,YYXyXyyxxYX,2,64878 90603,501,14
ac19_40258,YXYXyxYXyx,YYXyxYXXYYxyXXX,1,64905,501,16
ac19_40264,YXXYx,YYXyyxYxxyyX,2,64914 133358,501,15
ac19_40265,YXyXXyx,YYYxxyXyxyX,3,64921 103108 148479,501,16
ac19_40267,YXYXyx,YYXYYxYxyyXXX,2,64925 75776,501,19
ac19_40287,YXYXyx,YYXyXyXXYxYYxyx,1,64979,501,17
ac19_40303,YYXXyxx,YYYXYXyxxYX,2,65026 105253,501,13
ac19_40312,YXXXXyXyx,YXXYxxxyxx,1,65053,501,19
ac19_40315,YXXYx,YYXYXXyXYYxyxx,1,65063,501,15
ac19_40316,YXXyx,YYYYXXXyyxyyyxxx,2,65066 117022,501,18
ac19_40317,YXXyx,YYYXXYxyxyyxxxxx,2,65068 147975,501,19
ac19_40318,YXYXyx,YYYXyxyXyXyxxYx,1,65069,501,17
ac19_40322,YXYXyx,YYYXYxxYXyXXX,1,65076,501,19
ac19_40327,YXXYxxyx,YXXXyxxxYxx,3,65091 68913 79179,501,17
ac19_40342,YXyXXyx,YYYXyxxyXyx,2,65111 68034,501,16
ac19_40364,YYXXYx,YYYXYYYxyXX,1,65171,501,14
ac19_40370,YXYXyx,YYXYxyXXyyxxx,2,65187 69573,501,17
ac19_40393,YXXyXYx,YYXyXYXyxx,1,65241,501,15
ac19_40398,YXXyXyx,YYxxyxYXYxxx,1,65261,501,14
ac19_40407,YXYXyx,YYYXyxyyXXyyxxx,1,65273,501,19
ac19_40408,YYYXXXyxx,YYXXXXYxx,7,65274 66630 79567 83416 89438 115671 143411,501,16
ac19_40409,YXXXXyXyx,YXYxyxYxyx,1,65275,501,15
ac19_40410,YXXYx,YYYXYXyyXXYxxx,1,65278,501,15
ac19_40415,YXYXXYx,YYXYxYYXXX,2,65298 87456,501,16
ac19_40420,YXXYx,YYYXYxyyxxyyyX,2,65311 108373,501,15
ac19_40434,YXYXyx,YYYxYxyyxyXXyyX,1,65341,501,17
ac19_40454,YXXyx,YYYXYxyXyyXXXXX,2,65394 144901,501,19
ac19_40472,YXYXyx,YYYXXyxyXXXyxxx,1,65428,501,17
ac19_40490,YXYxyx,YYXXyxYXyXyxx,1,65461,501,15
ac19_40491,YXXXXYxYx,YYXyyXyxxx,1,65462,501,16
ac19_40503,YXXYx,YYYXYYxxyXXXyx,1,65483,501,15
ac19_40510,YXYXyx,YYYXyXXXYxYYX,1,65493,501,17
ac19_40522,YXXYx,YYXXyyxyXYxyxx,1,65524,501,15
ac19_40527,YXyXXyx,YYYxyxyxYxxYXyx,2,65529 153807,501,18
ac19_40528,YXyXYxx,YYYXyXXyyxyx,1,65531,501,15
ac19_40530,YXyXXyx,YYYxYxxyyxx,1,65534,501,17
ac19_40538,YXYXyx,YYYxYXyXXYXyX,2,65549 110919,501,17
ac19_40539,YXYXyx,YYXYxyXyXXyXYxx,2,65551 68165,501,17
ac19_40550,YXXYxxyx,YYxYYxxxxxyXX,1,65578,501,16
ac19_40569,YXXXXyxxYx,YXXYxxYXXXX,1,65616,501,16
ac19_40577,YXYXyx,YYYXXXXyyxYYx,1,65633,501,17
ac19_40585,YYXYYXXYx,YYXYxxyXX,1,65653,501,14
ac19_40594,YXXyx,YYYYYXyyXyxyXXX,2,65684 67402,501,18
ac19_40616,YXYXyx,YYXXYxYxxyXyX,2,65732 139635,501,17
ac19_40617,YXXyXyX,YYxyxxYXyx,2,65734 136883,501,12
ac19_40619,YXXyxYx,YYYxyXXYxx,2,65739 146080,501,15
ac19_40625,YXXyXyx,YYXyxxYxyx,1,65751,501,17
ac19_40638,YYXXXyxx,YYYXYXyXX,1,65786,501,9
ac19_40645,YXXyXyxx,YYYYxYxxxxx,2,65799 108949,501,17
ac19_40651,YXYXyx,YYXXyyxxxyyxx,1,65810,501,17
ac19_40653,YYXXYxYXXYx,YYXYYXYYXXYx,1,65816,501,16
ac19_40660,YXYXyx,YYXYxxyXXyXXyxxYx,1,65832,501,19
ac19_40670,YXYXyx,YYXXyXyXXYYxxyx,1,65861,501,19
ac19_40684,YXXyxYxYxxxyX,YYxYxxyxYYxxyx,1,65887,501,16
ac19_40698,YXYXyx,YYYYxYYXyXyXX,1,65917,501,19
ac19_40712,YXXYxxyX,YYXXyxYXyxx,2,65946 149437,501,15
ac19_40714,YXXyx,YYYXYYXyxxyyyXXX,2,65952 71311,501,18
ac19_40715,YXYXyx,YYXXYYxYYxyXyyX,1,65953,501,19
ac19_40717,YXXyx,YYYYYXyxxyyyXXX,2,65955 137146,501,19
ac19_40719,YXYXyx,YYYxYxyyxyXXXyX,1,65963,501,19
ac19_40722,YXYXyx,YYYXyXXyxyyxxYx,2,65967 150602,501,19
ac19_40740,YXXyx,YYYXYYXyxyyXyXX,2,65999 68895,501,17
ac19_40741,YXYXXXX,YYYYXXXyXyyx,1,66000,501,16
ac19_40755,YXYXyx,YYxYxYXyxyXXyyx,1,66028,501,17
ac19_40771,YYXXYxxyx,YYXyxYXyxYXyx,1,66072,501,17
ac19_40781,YXXYx,YYXYYXyXXYXYxx,1,66091,501,15
ac19_40784,YXYXyx,YYYxxYXyxyyXyXX,1,66097,501,19
ac19_40809,YXYXyx,YYXXYxxxyyXyX,1,66158,501,15
ac19_40820,YXYxYXXyx,YYXXYxxyyX,1,66185,501,15
ac19_40824,YXYXyx,YYYXYxyXXyXXYxx,1,66194,501,19
ac19_40826,YYXXyXYXXyX,YYXyXYYXyXyX,1,66196,501,17
ac19_40863,YXyXXyx,YYYXyxyyx,3,66279 91383 107437,501,16
ac19_40875,YXYXyx,YYXyXXXXyxYxx,5,66296 119653 131598 141274 153167,501,15
ac19_40892,YXyXXyx,YYYXyyXXyxx,3,66340 103880 140601,501,13
ac19_40893,YYYXXXYYX,YYXYXXXYx,3,66341 69814 88196,501,17
ac19_40894,YXXyx,YYYXYYXyyyXXyX,1,66343,501,18
ac19_40908,YXYXyx,YYYXXXXyyyxYx,2,66375 122502,501,19
ac19_40928,YXXX,YYYYXYxyyyxyXyx,1,66416,501,17
ac19_40933,YXyXXXyx,YYxYxxyxxyX,1,66432,501,17
ac19_40934,YXXyx,YYYYYXYXyxyyXyXyX,1,66436,501,18
ac19_40942,YXYXyx,YYYxYxyXyyXXX,2,66452 97021,501,19
ac19_40945,YXXyXyxx,YYYxxyXYxxx,1,66458,501,17
ac19_40953,YXYXyx,YYYYYxyXXXyyx,1,66471,501,17
ac19_40958,YXXXXYxxxxyx,YXXXXyXXyxxxx,2,66487 98731,501,15
ac19_40963,YXXYx,YYYxyyXYXyxyyx,1,66493,501,18
ac19_41012,YXXyx,YYYXyyXXyyXXXX,1,66634,501,18
ac19_41019,YXYXyx,YYYxYYXyxyXyXXX,2,66646 114441,501,19
ac19_41020,YXyXXXyx,YYxyxyXXYxyXX,1,66647,501,17
ac19_41045,YXYXyx,YYYXXXXXYxyXYYx,2,66696 103107,501,19
ac19_41051,YXXX,YYYYxyyxxyyxyyx,1,66703,501,17
ac19_41059,YXXyx,YYYXyyXyXXXyXX,2,66720 107643,501,12
ac19_41092,YYXXyxx,YYYYXYxxxyyX,1,66804,501,16
ac19_41107,YXYXyx,YYXyXyXyxxxxxYX,1,66849,501,19
ac19_41136,YYXXyxx,YYYYXYxYX,1,66917,501,16
ac19_41140,YXXyx,YYYYXyyyXyxyxx,1,66926,501,18
ac19_41141,YXYXyx,YYYxYxyyXXyyX,1,66927,501,19
ac19_41164,YXYXyx,YYYYxyyyXXX,4,66983 98180 98656 127478,501,17
ac19_41180,YYXXXyxx,YYYXXYxxyXX,1,67016,501,17
ac19_41186,YYYXXXyxx,YYYXXXYxxYX,1,67028,501,17
ac19_41190,YXXXXYx,YYxyXXyxyx,3,67037 99149 112135,501,17
ac19_41200,YXYXyx,YYXYYxxYXyXyX,2,67064 106816,501,17
ac19_41222,YYXXYXyyx,YYXYxxyyXX,1,67098,501,17
ac19_41224,YXXX,YYYXyyyXYXYxyyx,1,67104,501,17
ac19_41240,YXYXyx,YYYYYYXyxyyXXXX,1,67150,501,19
ac19_41255,YXXXyxYxx,YYYYxxxyXX,1,67188,501,14
ac19_41277,YYXXYXXyx,YYXXXXXYx,2,67251 123288,501,17
ac19_41281,YXXXyxx,YYXXyXYXXXXyx,2,67259 129179,501,16
ac19_41285,YXXyXyx,YYXXyxxyxxYx,1,67268,501,16
ac19_41299,YXYXyx,YYYYxYXyxyyXXyX,1,67302,501,19
ac19_41300,YYXYxxyyX,YXyxxyXyx,1,67306,501,18
ac19_41325,YXYXyx,YYXXyXXyXYYxx,2,67361 78405,501,19
ac19_41336,YXXYxxyxx,YYxYxYxxyx,1,67389,501,18
ac19_41338,YXXYxxyX,YYYxxyyxyyX,1,67395,501,17
ac19_41339,YXYXyx,YYYxYXyyxyXXX,1,67398,501,17
ac19_41354,YXXyx,YYYXYXyyyxxxxx,2,67423 68381,501,19
ac19_41359,YXXyXyxx,YYYxYXyxyxx,1,67436,501,17
ac19_41377,YXYXyx,YYXyxyXXXXYYxYx,1,67466,501,19
ac19_41383,YYXXYYXXX,YYXXYXyXXYx,1,67479,501,19
ac19_41387,YXyXXyx,YYXYxyyxxYx,2,67485 79169,501,17
ac19_41403,YYXXXyyxx,YYYXyXXyxx,1,67521,501,15
ac19_41404,YXXyx,YYYXyyyxyxYxYx,3,67523 130903 132109,501,16
ac19_41411,YXyXXyx,YYXXXyyXYxyXyyX,2,67543 109315,501,17
ac19_41413,YXYXyx,YYXYxyyXXXXYx,1,67546,501,17
ac19_41430,YXYXyx,YYYYxYYXyyyXX,1,67579,501,19
ac19_41453,YXYXyx,YYYXyyXXyyxxx,2,67641 141227,501,19
ac19_41455,YXYXyx,YYYYxyyXXyyxx,1,67644,501,19
ac19_41469,YXyXXyx,YYXYxyxYXyyx,1,67667,501,13
ac19_41480,YXXYx,YYYXXyXYxyxYX,2,67694 121642,501,15
ac19_41497,YXXYx,YYXYXyyxYxxyX,3,67725 78458 85770,501,15
ac19_41501,YXYXyx,YYYXyXyXXYYYx,1,67731,501,19
ac19_41502,YXYXyx,YYXXYXyyXXYxx,1,67733,501,15
ac19_41540,YXXyx,YYYYXyxyxyxyxxYx,1,67830,501,19
ac19_41570,YXXyx,YYYYXyxxyxyyXXYX,1,67906,501,17
ac19_41584,YYXXXyxx,YYXyyxxxyyx,1,67950,501,17
ac19_41592,YXXyx,YYYYXyxyyxxxx,2,67978 139567,501,17
ac19_41596,YXYXyx,YYYXyxyXXyXYYYx,2,67983 150158,501,19
ac19_41599,YXYXyx,YYYxyXyXXyxyx,2,67990 122950,501,17
ac19_41600,YXXXYxxxyx,YYxyXYxxxyX,1,67992,501,15
ac19_41610,YXXXYxx,YYxyXXYXyx,1,68018,501,16
ac19_41614,YXYxxyXyx,YYXXyxxxxx,1,68029,501,18
ac19_41622,YXyXYxx,YYYYxYXXyxx,1,68055,501,15
ac19_41626,YYXYxxxyx,YYYxxYxxyx,1,68066,501,16
ac19_41629,YXXXX,YYYYxxyxyxyyyx,1,68079,501,14
ac19_41634,YXXyx,YYXYXyyXyXXXXXYX,2,68092 105224,501,21
ac19_41636,YXXyx,YYXYXyyxxyxyyxYx,1,68100,501,12
ac19_41650,YXYXyx,YYXyyxyXyxYxx,1,68125,501,17
ac19_41664,YXYXyx,YYXyXyXyxxxxx,2,68164 133432,501,19
ac19_41668,YXXXX,YYYYxyyxxyxyyx,1,68173,501,16
ac19_41677,YXXYxxyx,YYxxyXYXYxx,3,68198 74404 79896,501,15
ac19_41680,YYXXyx,YXYxyXXYxYxyX,1,68206,501,19
ac19_41684,YXYXXYx,YYXyXXYxxxyX,1,68214,501,16
ac19_41685,YXyXXyx,YYYxYXyyxxx,1,68215,501,17
ac19_41691,YXXyx,YYYYYXyxyyXyyxYx,1,68228,501,18
ac19_41694,YYXXXyxx,YYYXYXYYXXX,1,68233,501,17
ac19_41704,YXYXyx,YYXyyXXXYXYYx,2,68250 107224,501,19
ac19_41705,YXYXyx,YYYYxxYXyxyyyXX,1,68251,501,19
ac19_41706,YXXyx,YYYYXyXyxyXXXXX,2,68254 72363,501,19
ac19_41722,YXXYx,YYYXXyyyxxYX,1,68286,501,15
ac19_41755,YXXyx,YYXYYxYxyyXyyXXX,2,68354 150192,501,18
ac19_41757,YXXyx,YYXYxYXyyXyXXXX,2,68357 73715,501,19
ac19_41767,YXYXyx,YYYxxYXyxyXXX,2,68392 80904,501,17
ac19_41768,YXyXXyx,YYXyyxxyXYX,2,68397 137648,501,17
ac19_41776,YXyXXyx,YYXyyXXyyxYX,1,68411,501,13
ac19_41781,YXYXyx,YYYXyXyXXXYxx,2,68421 90714,501,17
ac19_41786,YXYXyx,YYXXXXyyxYxxx,2,68437 71066,501,17
ac19_41792,YYXXyyXYx,YYXXXyyxx,2,68451 138498,501,15
ac19_41805,YXXX,YYYXYYXYXyyyXyX,1,68490,501,17
ac19_41812,YXXyx,YYXYYxyyXyxyyxxx,2,68508 133939,501,18
ac19_41818,YXyXXyx,YYYXyyxxYxx,1,68522,501,17
ac19_41820,YXYXyx,YYYXXXXXyyxxx,2,68525 82724,501,19
ac19_41826,YXXyx,YYXYYXyyxxyyXXYX,2,68539 140617,501,18
ac19_41828,YXyXXyx,YYYxxyxyxYx,1,68543,501,17
ac19_41829,YXYXyx,YYYXYxYXXXyyX,1,68544,501,17
ac19_41832,YXXyx,YYYXYYxyyXyyXXX,2,68548 141873,501,18
ac19_41838,YYXXXYX,YYYXXYYXyXX,1,68558,501,17
ac19_41839,YXyXXyx,YYXXyxxxyXX,1,68560,501,16
ac19_41840,YXyXXyx,YYXYxxxxxyx,1,68562,501,17
ac19_41847,YXXyx,YYYYXyxxyXyyyx,1,68583,501,16
ac19_41860,YXYXyx,YYXYxxYxyXyXX,1,68611,501,17
ac19_41874,YXYXyx,YYYYXXXXyXYxx,2,68637 69522,501,17
ac19_41876,YXyXXyx,YYxyxyXyXYX,2,68645 71451,501,17
ac19_41890,YYXXyXyyx,YYxYxxyxYYxxyx,1,68690,501,18
ac19_41895,YXXYXXXYx,YXyXYxYxyX,2,68722 71237,501,14
ac19_41905,YXXyx,YYYYXyXyxyxxyxyx,1,68750,501,18
ac19_41906,YXYXyx,YYXyXXXXYxYxx,1,68751,501,19
ac19_41917,YXYXyx,YYXyxyXXyXYYx,2,68773 127178,501,17
ac19_41935,YYYYXXXXX,YYYXXXXYXYX,1,68809,501,15
ac19_41955,YXXyx,YYYXyyXyXXyXYxYX,1,68850,501,17
ac19_41961,YYYYXXXyX,YYYXXXXyx,2,68864 97240,501,15
ac19_41966,YXXyx,YYYYXXXyyyxxxxx,2,68870 71220,501,19
ac19_41967,YXXyx,YYXYXyXyyXXXYX,2,68871 117242,501,17
ac19_41986,YXXyx,YYXYXYYXyyXyxyXXX,2,68917 85438,501,18
ac19_41997,YXYXXYx,YYXyxxyXXyxx,1,68936,501,14
ac19_42002,YXYXyx,YYYYXXXXyXXYx,2,68949 130098,501,19
ac19_42009,YXyXXXyx,YYXyyXXYxxxyX,1,68961,501,15
ac19_42011,YXyXXyx,YYXYxyyxYXyx,2,68972 77217,501,16
ac19_42013,YXXyXyX,YYxyxxyxYXXyX,1,68974,501,16
ac19_42014,YYXXYxxyX,YYYxxyXXYX,1,68976,501,15
ac19_42015,YXXyx,YYYYYYXXXyXyXyXyyX,1,68978,501,18
ac19_42016,YXYXyx,YYYXYYxxYXyXyXX,1,68980,501,21
ac19_42026,YXYXyx,YYYXyXyXXYxYX,3,69006 103585 127348,501,17
ac19_42028,YYXXXyxx,YYXXYXyXXYx,1,69010,501,17
ac19_42036,YXXX,YYYXyyxyXYYXyyx,1,69024,501,19
ac19_42047,YXyXXyx,YYXYxyXyyxYYxxx,2,69052 146089,501,17
ac19_42054,YXYXyx,YYYXXyXXyyxxx,2,69062 95976,501,19
ac19_42068,YXYXyx,YYXYxxyXXXyXXYx,1,69099,501,19
ac19_42092,YXYXyx,YYYYYxxyyyXXX,2,69145 90436,501,19
ac19_42102,YXXXX,YYYYXyyxyyX,1,69168,501,16
ac19_42116,YXYXyx,YYYXyXyxyyxxx,2,69198 127676,501,17
ac19_42125,YYXXXYX,YYXyxxxYXyXX,1,69213,501,15
ac19_42126,YXyXXXyx,YYXYxyxYxyXyx,1,69215,501,17
ac19_42128,YXXyx,YYYXXXyXyyXyyXXYX,2,69217 126942,501,19
ac19_42145,YXYXyx,YYYxYXyyXXX,3,69253 118415 149902,501,17
ac19_42149,YXXYx,YYXYYXyxYYXyyx,1,69263,501,18
ac19_42151,YXYXyx,YYYXXXXyXYxxx,1,69265,501,17
ac19_42162,YXXXyXYx,YXXYxxyXX,1,69283,501,17
ac19_42170,YXYXyx,YYXXXyXYYxxYX,1,69301,501,17
ac19_42173,YXYXyx,YYXyyXyxxxxYX,2,69307 112668,501,17
ac19_42194,YXXXyxxYx,YYYYXXYxxx,1,69352,501,16
ac19_42200,YYXXYYxYXyyx,YYXyyxYXyxYXyyx,1,69368,501,17
ac19_42207,YYXXYxxyx,YYxYXXYxyx,2,69385 70790,501,16
ac19_42258,YXXyXyx,YYxyxYYxyxx,1,69487,501,18
ac19_42266,YXYXyx,YYXyXXXyXYYxx,2,69496 151466,501,19
ac19_42277,YYXXYxxyX,YYXXYXXYYx,4,69527 74466 109680 132098,501,15
ac19_42279,YXYXyx,YYXyxyXyXXYYxYx,2,69533 95712,501,19
ac19_42288,YXYXyx,YYYxxxYXXyyXX,2,69555 99986,501,19
ac19_42292,YXXyx,YYYYYXXXyyXyyxxx,2,69571 153429,501,17
ac19_42301,YXyXXyx,YYxyxxxyXXX,1,69598,501,17
ac19_42314,YXXX,YYXYXyyxYxyyx,2,69630 75618,501,15
ac19_42319,YXYXyx,YYYXyxyXXyyxYxx,1,69644,501,17
ac19_42326,YXXyXYxxx,YYXyxYxYXYX,1,69660,501,17
ac19_42329,YXYXyx,YYYxYxyxYXyyyXX,1,69666,501,19
ac19_42333,YYXXyxx,YYXXXyXyyxxx,1,69670,501,14
ac19_42348,YXYXyx,YYXyXYXXXXyXYxxYxyx,1,69701,501,19
ac19_42353,YXYXyx,YYYYYYXyyXXyX,1,69716,501,19
ac19_42366,YXYXyXYxyx,YYXXXyxYxyx,6,69744 77568 82199 93232 149082 155153,501,13
ac19_42387,YXXyx,YYYXXYxyyxyyxyxxx,1,69796,501,19
ac19_42390,YXXyx,YYYXYYXyyXyXXXXyX,1,69799,501,21
ac19_42414,YXyXXyx,YYXYxyxxxYXyx,2,69863 71188,501,17
ac19_42427,YYXXyxxyX,YYxxyXXXXXX,1,69893,501,18
ac19_42429,YXYXyx,YYYYxxyyXXXYYXX,1,69897,501,19
ac19_42442,YXYXyx,YYXYxYxyXyXXX,2,69928 153313,501,17
ac19_42471,YXYXyx,YYXyyXXXYxxYx,1,69999,501,17
ac19_42475,YXYxyx,YYXyXXyyxYXyx,2,70008 112589,501,15
ac19_42477,YXXyx,YYYYYXyXyyxyxx,1,70010,501,18
ac19_42480,YXYXyx,YYYYXyXyyyyxx,2,70014 134064,501,19
ac19_42481,YXYXyx,YYXXyXXYXYxYx,2,70015 113678,501,19
ac19_42495,YXyXXyx,YYYXyxxYXyyx,2,70041 83619,501,15
ac19_42501,YXYXyx,YYXXXXyXXYYxxyx,1,70060,501,19
ac19_42512,YYXYXyXYx,YXYxYXXyx,1,70084,501,17
ac19_42516,YXXYx,YYYYXXyxyyxyyx,3,70089 83378 126421,501,18
ac19_42540,YXXyx,YYYXYxyXyxyyxyxx,1,70143,501,18
ac19_42548,YXXXXyXXYx,YXXyxxYXXXX,1,70163,501,17
ac19_42555,YXXyx,YYXYYXyyXyXyXXYX,1,70175,501,19
ac19_42556,YXYXyx,YYYXXYXyyyxxx,1,70177,501,17
ac19_42557,YXXX,YYYYXyyXyXyyxYx,1,70180,501,19
ac19_42560,YYXXYXX,YYXYxYXyXyX,2,70190 124854,501,16
ac19_42565,YXYXyx,YYYYXyXXXYx,2,70196 119951,501,17
ac19_42570,YXXyXyx,YYYXyXyxxx,2,70206 128695,501,14
ac19_42587,YYXYYXyyX,YYXXXXyxx,1,70246,501,18
ac19_42595,YXyXXyx,YYxyxxyxYXXYx,2,70266 144002,501,17
ac19_42599,YXXyx,YYYXXYxxxyyyXX,1,70275,501,15
ac19_42632,YXXyx,YYYXyXyXyyXXXX,2,70349 119341,501,16
ac19_42634,YXXyx,YYYYXXXyyxyyxyxx,1,70351,501,18
ac19_42635,YYXXYXyyxx,YYYXXXYYXXX,1,70352,501,21
ac19_42640,YXYXyx,YYYYXYxYXXXXX,2,70365 75663,501,17
ac19_42646,YYXXXXXXYx,YYYXXXXXYXX,1,70378,501,15
ac19_42655,YXYXyx,YYXXyXYYXXXYx,1,70391,501,15
ac19_42659,YXYXXYx,YYXyxxyXyyx,4,70398 98427 103767 106158,501,14
ac19_42666,YXXyx,YYYYYXyyyyxyyx,2,70417 135543,501,18
ac19_42669,YXXyx,YYYXyXyxyXXXXXYX,2,70421 126775,501,20
ac19_42678,YXYXyx,YYYXYxxxyXXXyXX,1,70439,501,19
ac19_42689,YXXyXYx,YYXYXXXyyx,2,70471 146534,501,17
ac19_42691,YXXYx,YYYXYYxyXYxyyX,3,70474 115337 151707,501,18
ac19_42694,YXXYx,YYYXYYXyyyXYx,1,70480,501,15
ac19_42715,YXXXYxxxyX,YYxxxYXXXXX,1,70524,501,14
ac19_42732,YXXyx,YYYXyxyXyXXXXXYX,2,70567 146272,501,20
ac19_42745,YXXYx,YYYXXyXXYXYYxx,1,70602,501,15
ac19_42746,YXYXyx,YYXYxYxxyyXXX,2,70603 103294,501,17
ac19_42768,YXXYxxyxx,YYXXyXyxxYxx,1,70647,501,19
ac19_42774,YXXyx,YYXYXyXyyXXXXYX,2,70662 83371,501,20
ac19_42792,YYXyxxxxyyX,YYXyxxYXXXXXX,2,70700 112890,501,14
ac19_42801,YXXyx,YYYXXYxyyxyxxxx,2,70727 75569,501,19
ac19_42803,YXYXyx,YYXyXXXXXYxxyXYYx,1,70734,501,19
ac19_42805,YXXYx,YYYXYXXyxxYxyX,1,70737,501,15
ac19_42816,YXYXyx,YYYxYXYxyXyXX,1,70761,501,17
ac19_42818,YXyXXyx,YYXXyXXXXyxyxyx,2,70765 90555,501,18
ac19_42822,YXYXyx,YYYXXXyyxxyxx,2,70771 122826,501,17
ac19_42823,YXXXyXXYx,YXXyxxYXXXXX,2,70773 137444,501,17
ac19_42832,YXYXyx,YYYYxxxyyXXXX,1,70785,501,19
ac19_42841,YXYXyx,YYXXYYxYYXXXX,1,70818,501,17
ac19_42844,YXYXyx,YYXXXXyXYYxYx,4,70825 98797 128858 138600,501,19
ac19_42846,YXYXyx,YYYXXXyxyXXyxxx,1,70828,501,19
ac19_42847,YXXYx,YYXyxYXyyxxxyX,1,70836,501,15
ac19_42879,YXYXyx,YYYYXyXXXXYYxyx,1,70906,501,19
ac19_42886,YXXXYxx,YYYYYYXXXyx,1,70923,501,17
ac19_42892,YXXyXyxx,YYYYYxYxyxx,1,70932,501,17
ac19_42902,YXXyx,YYYYXyXyyxyyxx,2,70957 72939,501,18
ac19_42907,YXYXyx,YYXyXXXyyxxxx,2,70966 82986,501,19
ac19_42908,YXXXXYx,YYXXXYYXXXyx,1,70968,501,17
ac19_42918,YXYXyx,YYYYYYxyyXyXX,1,70990,501,19
ac19_42942,YXYXyx,YYYXyXXyyxxYx,2,71063 76376,501,19
ac19_42943,YYXXXYxYx,YYYXXXyxYx,1,71064,501,15
ac19_42947,YXXyx,YYYYXyxyXyXyXYX,2,71071 96705,501,15
ac19_42966,YXXyx,YYYYXXXyyyXXXX,1,71127,501,15
ac19_42972,YYXXXyxYx,YYxyXYXyx,3,71139 85059 105167,501,16
ac19_42982,YXYXyx,YYYxYxyyxyXXyXX,1,71178,501,19
ac19_43010,YXyXXXyx,YYXyXYXXyXyxYxyyX,1,71254,501,19
ac19_43042,YXXyx,YYYXyXyyXXXXYX,2,71331 149031,501,19
ac19_43045,YXyXXXyx,YYXXyXYxyXyyX,2,71339 146467,501,19
ac19_43052,YXyXXyx,YYXyXYXyyxyx,1,71351,501,16
ac19_43057,YXYxyx,YYXYXXyyXyxxx,1,71367,501,15
ac19_43067,YXXyx,YYYYXYXyyyXXyX,1,71396,501,15
ac19_43068,YXXYxxyx,YYYxxYxyx,1,71397,501,17
ac19_43069,YXyXXyx,YYxyxYxxxyXYxyXYX,1,71401,501,17
ac19_43070,YXYXyx,YYYXXyXXXYxYxyx,1,71402,501,19
ac19_43077,YXXyXyx,YYYxxxYXyyx,1,71415,501,18
ac19_43087,YXYXyx,YYYXYxxxyXyyX,1,71439,501,17
ac19_43091,YXXyx,YYXYYxyXyxyxxxxx,2,71445 101505,501,19
ac19_43096,YXYXyx,YYXXXyyxxyxYx,1,71453,501,17
ac19_43100,YXYXyx,YYXXYYxYXXyyX,1,71461,501,17
ac19_43115,YXyXXXyx,YYXyXYXyXXXXyyxyx,1,71484,501,19
ac19_43148,YXXYx,YYXYYxyyXYXyyx,1,71568,501,18
ac19_43149,YXYXyx,YYXXyXXXYYxYX,1,71569,501,17
ac19_43158,YXXyXyx,YYxyxxYXXyxx,1,71592,501,15
ac19_43172,YXYXyx,YYYYxyxYXyXXX,2,71622 148991,501,17
ac19_43181,YXXX,YYYXYYxyyXyxyyX,1,71639,501,19
ac19_43183,YXyXXyx,YYXyXyxxxyxYXYXyx,1,71641,501,17
ac19_43187,YXXyx,YYYXYXyxyyyxxxYx,2,71652 79285,501,18
ac19_43189,YXYXyx,YYYXXXyXXXYYx,2,71661 107304,501,19
ac19_43196,YXYXyx,YYYxxYYXyxyXyyX,1,71682,501,19
ac19_43199,YXYXyx,YYXYxyyXyXyxxxx,2,71690 83918,501,19
ac19_43200,YXyXXXyx,YYYxyyXyX,1,71694,501,17
ac19_43209,YXXYx,YYXyxYYxyXXXyx,1,71716,501,15
ac19_43219,YYXXYXXyX,YYXXXyyxYX,2,71751 145065,501,18
ac19_43227,YXYXyx,YYXXyXXYXXXYYxx,1,71767,501,19
ac19_43228,YXyXXyx,YYXXYxyXXyxYxyxyx,1,71771,501,18
ac19_43232,YXYXyx,YYYXXXyXXXYxx,2,71784 135197,501,19
ac19_43241,YXXYxxyx,YYXXXyXyyxxyx,1,71816,501,17
ac19_43242,YXYxyx,YYXXyXyxYXyyx,2,71818 77952,501,15
ac19_43247,YXXyx,YYYYXYXyyXyyXXX,2,71833 82231,501,18
ac19_43254,YXXyx,YYYYXXXyyxyxyyxxx,2,71848 116109,501,18
ac19_43257,YXYXyx,YYXXYxxYXXyyX,1,71855,501,15
ac19_43266,YXXYx,YYYXYxxyXYXXyx,1,71876,501,15
ac19_43269,YXXXXXXXXYx,YYXXXXXXXXyxxxx,1,71882,501,15
ac19_43283,YXYXyx,YYXyXyyxxxxYX,2,71921 120902,501,17
ac19_43298,YYXXXYXX,YYYYXyyyX,1,71952,501,17
ac19_43300,YXYXyx,YYYXYYxYxyXyyXX,1,71956,501,21
ac19_43305,YXyXXXyx,YYYxxyxxx,1,71967,501,17
ac19_43325,YXYXyx,YYYYXXXXyxyxx,2,72008 129981,501,17
ac19_43326,YXYXyx,YYYxYxyXXyyyX,2,72013 81275,501,17
ac19_43338,YXXyx,YYYYXyXyyyXyxxxx,1,72037,501,19
ac19_43353,YXYXyx,YYXyXyXyxxYxxYX,1,72078,501,17
ac19_43357,YYYXXXyxx,YYYYYxyyXX,1,72085,501,15
ac19_43363,YXYXyx,YYXYYXXXyyxxx,1,72098,501,17
ac19_43364,YXYXyx,YYYXYxyyXXXyxxx,1,72102,501,17
ac19_43367,YYXXXyxx,YXXyxxYXXyxxx,4,72109 76631 106594 147456,501,14
ac19_43369,YXYXXXX,YYYYXYXyyyyX,2,72114 154527,501,18
ac19_43378,YYXXYYXXX,YYYYXXXXXYX,1,72133,501,19
ac19_43384,YXXYxxyX,YYYXXYxYXXX,2,72148 127158,501,15
ac19_43386,YXyXXyx,YYYxxYXXyxxyx,2,72150 97111,501,16
ac19_43407,YXXyx,YYXyyxyxxxxYxYx,2,72199 138553,501,20
ac19_43412,YYXYYXXYYXX,YYXXXYYxYXX,1,72214,501,19
ac19_43416,YXXyx,YYYXyyXyXXYXXX,1,72225,501,17
ac19_43427,YXYXyx,YYXyXYXyyxxxx,1,72254,501,17
ac19_43441,YXYXyx,YYYxYXyXXyxyx,2,72286 82858,501,17
ac19_43458,YXXyx,YYYXyyxxyyXXXXYYX,1,72308,501,19
ac19_43481,YYXXXYxYX,YYXXYxyXyx,1,72360,501,17
ac19_43500,YXXyx,YYYXyXyxyxyxyxYx,1,72399,501,19
ac19_43503,YXXyx,YYYYYXyxyyXyXX,4,72407 100902 111597 115101,501,18
ac19_43505,YXYXyx,YYXXXyyXXYYxxyx,1,72415,501,19
ac19_43511,YXYXyx,YYXyyXXyxxxYx,2,72425 99850,501,19
ac19_43512,YYXXXYXX,YYxYXyXXX,1,72428,501,15
ac19_43521,YXXyx,YYXYxyXyXyXXXXXYX,2,72442 89257,501,21
ac19_43528,YXYXyx,YYYXyyXyyxxxxyxyx,1,72454,501,21
ac19_43549,YXYXyx,YYYxxYYXyXyyX,2,72508 109633,501,19
ac19_43552,YXYXyx,YYYYxyXXyyXYx,4,72511 116734 129356 144067,501,17
ac19_43555,YXYXyx,YYXyXXXyyxxYx,1,72522,501,19
ac19_43560,YXXyx,YYYXYXyyxyyxxxyx,1,72534,501,19
ac19_43563,YXYXyx,YYXyXXXYXYxYx,1,72547,501,19
ac19_43570,YXYXyx,YYYYxyxYxyXXyXX,1,72561,501,19
ac19_43578,YXYxyx,YYXXyyXyxxx,2,72583 86810,501,15
ac19_43592,YYXXXYxx,YYYxxYXyyXX,1,72612,501,19
ac19_43595,YYXXyxxyX,YXXXXyXyX,1,72616,501,18
ac19_43602,YXXyx,YYYXYxYXyyXyyXX,2,72636 117441,501,18
ac19_43605,YXXyx,YYYYYXyXyyxxyx,1,72643,501,4
ac19_43606,YXXyx,YYYXXYYXyxyyxyxx,1,72644,501,18
ac19_43611,YYXXXYx,YYxYxYXYXXXX,1,72661,501,17
ac19_43615,YXXYxxyx,YYxyXYxyxYxyX,1,72671,501,15
ac19_43618,YXYXyx,YYYYYYxyXXyyX,1,72677,501,19
ac19_43620,YXYXyx,YYYxyXXXyXyxYxx,2,72680 154000,501,19
ac19_43629,YXYXyx,YYYYYxyyxyyXXXX,1,72697,501,19
ac19_43643,YXXyx,YYYYXYxyyyxyXyyX,1,72729,501,17
ac19_43645,YXXYxYxx,YYXyxxyyX,3,72737 117112 153011,501,15
ac19_43651,YYXXyxx,YYYYXYYYXYx,1,72756,501,17
ac19_43659,YXYXyx,YYXyXXXyXYxxxyx,3,72774 105903 153850,501,15
ac19_43671,YXYXyx,YYYxYxyXXyX,7,72800 101502 105008 114368 130817 131293 136502,501,17
ac19_43672,YXXXX,YYYYXYXXyyyxyX,1,72801,501,14
ac19_43713,YXYXyx,YYXXyxyXXXYYxYx,2,72891 106334,501,19
ac19_43741,YXYXyx,YYYXyXyXXYYYxyx,1,72951,501,19
ac19_43744,YXYXyx,YYYXyyyXyxYxx,1,72960,501,17
ac19_43752,YXXyXYx,YYXXXyxxyxx,2,72973 137582,501,18
ac19_43761,YYXXXXyxxx,YYXyXXXYxYx,1,72997,501,17
ac19_43763,YXYXyx,YYYXXXyXyXYxx,3,73002 153735 156008,501,17
ac19_43768,YXyXXXXyx,YYXyyxYXyxx,2,73017 117530,501,18
ac19_43777,YXXyx,YYYYYXyyxyyyXyX,1,73036,501,19
ac19_43779,YXXX,YYYYYXyxyXyxyyX,1,73040,501,17
ac19_43781,YXYXXYx,YYXYXyyXYxx,1,73042,501,17
ac19_43792,YXXXyxYxx,YYXYxxxYXXX,1,73066,501,17
ac19_43793,YXyXXXyx,YYXXyXYXyxxYxxyyx,1,73071,501,17
ac19_43796,YYXXYxxyX,YYXXyyxyx,4,73080 84177 108492 125955,501,15
ac19_43818,YXYXyx,YYYYYYXyxyXXXXX,1,73140,501,19
ac19_43824,YXYXyx,YYXYxxyyXXXyyxx,1,73147,501,19
ac19_43831,YXyxYXXyx,YYXYxyyxxx,1,73157,501,17
ac19_43835,YXXXXYx,YYxyXXXyxxxyx,1,73162,501,17
ac19_43844,YXXYx,YYYYXXYYXYXyyx,1,73186,501,15
ac19_43855,YXYXyx,YYXXXyXXYYxYX,1,73208,501,17
ac19_43888,YXyXXXyx,YYYxxyXXXyyxx,1,73291,501,19
ac19_43894,YYXXXXYX,YYXXXXXyxYx,1,73302,501,15
ac19_43903,YXYXyx,YYXyxyXyXXXYxYx,2,73323 112573,501,19
ac19_43907,YXXyx,YYYXyxyyXXXXXXYX,2,73333 153899,501,20
ac19_43910,YXYXyx,YYXXyXYxxxxYxyXXyXX,1,73338,501,19
ac19_43917,YXXYx,YYXXyXYYxyxYX,3,73354 103151 117788,501,15
ac19_43931,YXyXXyx,YYxxxyxxxYX,2,73378 89352,501,18
ac19_43932,YXyXXXyx,YYXyxYxYXyxYxyxyx,1,73381,501,19
ac19_43944,YYXXXyX,YYXXXXyxxyx,2,73416 126177,501,15
ac19_43952,YXXYx,YYXXyyxyxxYXyx,1,73438,501,15
ac19_43956,YXyXXyx,YYYXyxYYxxxxyx,2,73449 83628,501,17
ac19_43959,YXYXyx,YYxyXXyXYXYxx,2,73455 112289,501,17
ac19_43960,YXYXyx,YYXYxyyXXyxxx,1,73457,501,15
ac19_43990,YXXyXyxx,YYYxYXXyyxx,1,73525,501,17
ac19_43995,YYYYXXXXX,YYYXyyxyyx,1,73538,501,19
ac19_44008,YYXXXYXX,YYXyyXYxxYXXX,1,73569,501,15
ac19_44031,YXYXyx,YYYYYXyXXXXYXYxyX,2,73618 151082,501,19
ac19_44036,YXXyx,YYYYXyXyXyxyXyXX,2,73624 93770,501,18
ac19_44037,YYXXXyXYx,YYYXXXyxyx,1,73625,501,16
ac19_44040,YXYXyx,YYXXXXyXXYxYxyx,1,73631,501,19
ac19_44064,YXXyXYx,YYXyXyxxyx,2,73694 141643,501,15
ac19_44077,YXYXyx,YYXXXXyXyxxYxyx,1,73726,501,19
ac19_44079,YXXXXyXXYx,YXYxxyXyxxyxx,2,73729 147313,501,19
ac19_44080,YXYXyx,YYYYYYXXyXXXX,1,73731,501,19
ac19_44088,YXYXyx,YYXyyXXXXYYxx,2,73742 112657,501,19
ac19_44096,YXXyx,YYYYYXYxyyyyyX,3,73767 118581 134339,501,17
ac19_44104,YXXyx,YYXYxyyXyXXXXYX,2,73789 133310,501,19
ac19_44105,YYXXXXX,YYYYXYXyyyyX,1,73791,501,19
ac19_44111,YXYXyx,YYYXXXYXyXYxx,1,73807,501,17
ac19_44126,YXyXXyx,YYxyxxxyXYXXYxx,1,73832,501,17
ac19_44128,YXYXyx,YYXYxYxYXXyXX,3,73839 84868 118379,501,17
ac19_44135,YXYXyx,YYYYxYxyXXyXX,1,73861,501,19
ac19_44136,YYXXXyyxx,YYXXyyxYxxx,2,73862 143344,501,17
ac19_44158,YYXXXyX,YXyxxxxYXXXyx,1,73915,501,16
ac19_44159,YXYXyx,YYYxxYxyXXXyX,2,73916 89753,501,19
ac19_44160,YXXyx,YYYYXXXyyxyxxxx,2,73918 124599,501,19
ac19_44162,YYXXXyxx,YYXYXXXXYYx,1,73922,501,19
ac19_44167,YXYXyx,YYYXXXXYxyXYx,1,73932,501,15
ac19_44169,YXYXyx,YYXyXYxYxYxyXXX,1,73938,501,17
ac19_44203,YXYXyx,YYYXyXXyyxYYxyx,1,74022,501,17
ac19_44205,YXYXyx,YYXYxxyyXXXYx,2,74026 112505,501,17
ac19_44214,YYXXXyyxx,YYXXXXyyXYx,1,74060,501,17
ac19_44237,YXXyx,YYYYYXXXyXyyyXX,2,74111 118747,501,18
ac19_44241,YXXyx,YYYYYXYXyxxyyyyx,1,74119,501,17
ac19_44251,YXXyxYx,YYYYXyxYX,3,74149 94225 105326,501,15
ac19_44258,YXYXyx,YYYXYYXyXXyyXYx,1,74164,501,17
ac19_44260,YXYXyx,YYXYxxYxyyXXX,1,74170,501,17
ac19_44268,YXYXyx,YYYXyyXXYxyyXYx,1,74187,501,15
ac19_44284,YXYXyx,YYYYXYYxyxxyXyXXX,1,74225,501,21
ac19_44288,YXYXyx,YYYYxYXXyyXXX,1,74234,501,19
ac19_44289,YXXYx,YYYYXXYYXyxyyx,2,74237 97971,501,15
ac19_44295,YXXyXYx,YYXYxxxyXXyX,1,74247,501,15
ac19_44312,YXYXyx,YYYxyXyyXyyxx,2,74297 155190,501,19
ac19_44344,YXYXyx,YYYxyXYXyXyXXYx,2,74377 104419,501,19
ac19_44346,YXYXyx,YYYXXYXXXyXYx,1,74381,501,15
ac19_44359,YXYXyx,YYXXXyXyyxYxx,2,74410 80405,501,17
ac19_44362,YXYXyx,YYYYXyxYxyXXX,1,74418,501,11
ac19_44381,YXXYXXyxx,YXyXyxxxxx,1,74462,501,19
ac19_44389,YXXYxxyx,YXyXYXyxxYx,1,74474,501,17
ac19_44391,YYXXyyXyx,YYxxxYxyx,2,74476 116603,501,15
ac19_44394,YYXXyxx,YYxxYxYXXXX,1,74482,501,18
ac19_44400,YXYXyx,YYYxxYXyXyXYX,2,74499 89036,501,19
ac19_44405,YXYXyx,YYYYXyxyXXXYx,2,74512 149706,501,17
ac19_44407,YXYXyx,YYYYXyXyxyXyxxx,1,74520,501,19
ac19_44410,YXXyx,YYYXYYxYXyyxyyyx,1,74523,501,18
ac19_44412,YXXYx,YYYXYXyXYXYxx,1,74526,501,15
ac19_44414,YXXYx,YYYYxyyXYXyyx,1,74538,501,18
ac19_44431,YXYXyx,YYYXyXXyyxyxx,2,74581 142698,501,19
ac19_44441,YXYXyx,YYXyyXYxYYxxYXyyX,2,74608 99098,501,17
ac19_44446,YXYXyx,YYYYYXyxyXXXXYx,2,74616 125473,501,19
ac19_44456,YXXYxxyX,YYYYXXYXXXX,3,74640 93883 122030,501,14
ac19_44471,YXXYx,YYYYXYXyXYXYYx,1,74664,501,15
ac19_44472,YXyXXXyx,YYxxyxyXX,4,74666 85153 111677 124028,501,17
ac19_44474,YXYXyx,YYYXyxyyXXXYx,2,74670 131343,501,17
ac19_44479,YXXYx,YYYXYxyyXyyyx,1,74682,501,15
ac19_44482,YXXYx,YYYXyXXYXyxYxx,1,74685,501,15
ac19_44496,YXXyx,YYYXyyxyXXyXXX,1,74707,501,9
ac19_44499,YXyXXyx,YYYYxyxyxYXXyXyx,2,74712 86290,501,16
ac19_44503,YXYXyx,YYYYYXyxyXXyyxx,1,74731,501,19
ac19_44506,YXXyx,YYYYYXyyyyyxYx,3,74736 90952 114833,501,18
ac19_44509,YXXyx,YYXYYXyyXyXXXX,2,74742 104040,501,19
ac19_44514,YXXyx,YYYXyXyxyXyXXXXX,1,74759,501,20
ac19_44528,YXYXyx,YYYYYXyXXyXYx,1,74791,501,17
ac19_44533,YXYXyx,YYXyXXyXYxxYxyx,1,74800,501,15
ac19_44538,YXyXXyx,YYXXXyyXyyX,1,74816,501,16
ac19_44540,YXXYxxyX,YYXXXXXXYxx,1,74819,501,17
ac19_44546,YXXyx,YYYYYXyxxyyyyXYX,1,74831,501,19
ac19_44553,YXyXXyx,YYYXXyxxyyx,2,74846 144529,501,17
ac19_44557,YXYXyx,YYYXXyyxyyxxx,2,74852 120405,501,17
ac19_44561,YYXXYXX,YYYXXYxYXyyyX,1,74868,501,17
ac19_44567,YXYXXYx,YYxxxYXXyXX,1,74884,501,16
ac19_44571,YXYXyx,YYYXXyXXXXYxx,2,74893 120819,501,19
ac19_44583,YYXXyxx,YYYXYxxxxYXX,1,74935,501,18
ac19_44599,YXXYx,YYXyXYXXyxYYxx,1,74975,501,15
ac19_44612,YXXYx,YYYXyyxYXXXYxx,1,75005,501,15
ac19_44623,YXXYxxyX,YYYXXyXYYXX,2,75034 111255,501,15
ac19_44625,YXXyx,YYYXyyXyyxYxxYxx,1,75038,501,16
ac19_44641,YYXXYxyXyx,YYXXYxYXXYX,3,75076 132586 137580,501,15
ac19_44661,YXyXXyX,YYXXXyxxyxYXXyx,1,75153,501,20
ac19_44664,YXYXyx,YYXyXXyXYXYxx,1,75158,501,17
ac19_44679,YXyXXyx,YYXyxYxYXXyyxyx,2,75186 127095,501,17
ac19_44686,YXXyXyxx,YYYxyxxYx,3,75202 81779 87295,501,17
ac19_44691,YXYXyx,YYYXyxyXXXyxxxx,1,75208,501,17
ac19_44693,YXXyx,YYXyyXyXXXYXYX,1,75215,501,19
ac19_44700,YXyxYXXyx,YYYXyxyxxYXyx,1,75227,501,17
ac19_44702,YXXyx,YYYYXyyXXXyXXX,2,75231 81812,501,18
ac19_44717,YXXyx,YYYYYXyyyyxyXYXX,1,75267,501,18
ac19_44718,YXXXyxYx,YYXYXXYXXyx,1,75268,501,17
ac19_44739,YXYXyx,YYYYYxyXXyXyX,1,75324,501,19
ac19_44748,YXYXyx,YYXYxxyXyXXyXYx,2,75339 142040,501,17
ac19_44750,YXXX,YYYXYYXyxyXyyyx,1,75342,501,19
ac19_44759,YXYXyx,YYXyyXyxxxyyx,1,75365,501,15
ac19_44779,YXXyx,YYYXyyyXyyXYYYxx,1,75411,501,17
ac19_44780,YYXXYXYYx,YYXyXYXYxx,1,75413,501,17
ac19_44791,YXXyx,YYYYXYxYXyxyyXyyyXYx,1,75429,501,17
ac19_44796,YXXyXyxx,YYYxxYXYxxx,2,75445 119080,501,17
ac19_44797,YXXyx,YYYYXyXXyyyxxYx,2,75446 99975,501,16
ac19_44803,YXXYx,YYYYxyyXyyyx,2,75458 117841,501,15
ac19_44809,YYXXyxx,YYXXYxxYXYxYx,1,75466,501,15
ac19_44810,YXXYx,YYYxxyyXXYXyx,1,75469,501,15
ac19_44812,YXXYx,YYYXYYXXYYXyyx,2,75474 135643,501,15
ac19_44813,YXYXyx,YYYxyxYXyXXyyyx,1,75475,501,19
ac19_44850,YXXXyxYx,YYXXYxxxyyX,1,75551,501,11
ac19_44872,YXXyXyxx,YYXyxxYYxxx,2,75604 141632,501,17
ac19_44891,YXXYXXyx,YYYXXXyXX,3,75656 146991 147806,501,17
ac19_44903,YXXXXX,YYYYXyyyxyx,1,75696,501,17
ac19_44908,YXYXyx,YYYYxYxyyXXXX,2,75705 127929,501,19
ac19_44913,YXXyXyx,YYXyxYxyxyX,2,75717 93923,501,14
ac19_44921,YXXYx,YYYYXYYxyxyXyX,1,75736,501,15
ac19_44936,YXXyx,YYYYXyyXyyxYxxx,3,75771 93552 105558,501,17
ac19_44938,YXyXXXyx,YYxyxxyXXYXyX,1,75773,501,19
ac19_44949,YXXyx,YYYYYXyXyyXyXYxyXX,1,75809,501,20
ac19_44961,YXXYx,YYYXyyyXYYYx,2,75834 137476,501,15
ac19_44971,YXXYx,YYYXXyXYXYxyx,2,75858 109615,501,15
ac19_44977,YXYXyx,YYXYYXyXXyyxYxx,1,75871,501,17
ac19_45000,YXXYxxyX,YYYXXyxYxyX,1,75921,501,15
ac19_45002,YYXXYXyxx,YYYXXYxYXX,1,75926,501,15
ac19_45005,YXXXyXYx,YYXyXYXYXyX,1,75935,501,17
ac19_45011,YXXyx,YYYYYXyyyXXyXX,1,75945,501,18
ac19_45016,YXYXyx,YYYYxxYXyxyXyXX,1,75959,501,19
ac19_45019,YXXYXXyxx,YYXyXyxxxyxx,1,75963,501,17
ac19_45037,YXYXyx,YYXYxxyXXXyyxYx,1,76027,501,17
ac19_45051,YXXYxYxx,YYYYXyyxx,2,76062 110367,501,17
ac19_45054,YXXyx,YYYXYXyyyXXXX,2,76072 133736,501,15
ac19_45055,YXXYx,YYYYXXyyXYxx,2,76080 138707,501,15
ac19_45056,YXYXyXXYXyX,YYYXyXXYXYXyXyyx,1,76081,501,19
ac19_45066,YXYXyx,YYXXyyXXYYxxx,1,76107,501,19
ac19_45071,YXYXyx,YYYYYXXyXXXYxYX,1,76120,501,19
ac19_45076,YXXyx,YYYYXXYXyxyxyyxx,1,76134,501,18
ac19_45084,YXYXyx,YYXyXyxyXyXYYxx,1,76161,501,17
ac19_45098,YYXXyxx,YYYXYYYxYX,1,76191,501,16
ac19_45107,YXYXyx,YYYYxxyXXXXYYXX,1,76206,501,19
ac19_45109,YXYxyx,YYXyXXyyxYx,3,76213 109845 155251,501,15
ac19_45112,YXXyx,YYYYYXyyxyxyxYXyxx,1,76220,501,20
ac19_45118,YXYXyx,YYYXyyXXXyxxx,2,76231 98902,501,17
ac19_45134,YXXYx,YYYXYXyxyyyXYx,1,76260,501,15
ac19_45137,YXYXyx,YYYXYxyyXyyyxxx,2,76264 111943,501,19
ac19_45141,YXXXYxx,YYYYYXXyXyxx,1,76272,501,18
ac19_45149,YXXyx,YYYXyyyxxxxyxYYx,1,76286,501,20
ac19_45163,YXYXyx,YYYxYYxyXXyXX,1,76325,501,19
ac19_45169,YXXyx,YYYYYXyXyyyxyXYX,1,76336,501,18
ac19_45172,YXXyx,YYYXyXXyyXyXXX,1,76353,501,17
ac19_45173,YXXYxxyx,YYxYxyxyX,2,76356 86349,501,17
ac19_45176,YXYXyx,YYXYYXyXXyXYxYx,1,76362,501,17
ac19_45185,YXYXyx,YYXXyXXXYXYYx,2,76384 85421,501,19
ac19_45198,YXXYx,YYYxxyyXXyyx,2,76409 125623,501,15
ac19_45203,YXYXyx,YYXyXXXXYYxxx,1,76422,501,19
ac19_45211,YXXyx,YYXYYxYxyyXyyXX,1,76439,501,17
ac19_45221,YXYXyx,YYYYxyXXXXyxx,1,76461,501,17
ac19_45226,YXXXXyXYx,YXyxYXXXXX,3,76471 155280 156357,501,16
ac19_45228,YXYXyx,YYYYXXXXXyXYx,1,76474,501,17
ac19_45235,YXYXYx,YYXyxxyyXyyXYYx,1,76488,501,19
ac19_45237,YXYXyx,YYYxxyxxyyXXX,1,76493,501,17
ac19_45257,YYXXyxx,YYYYXYYxxyXX,1,76532,501,18
ac19_45264,YXXyx,YYYYXyXyyXyXYX,3,76548 103321 145809,501,15
ac19_45272,YXXYx,YYYYxYXyyyXYXyyx,1,76566,501,18
ac19_45285,YXYXyx,YYYXyyyXXYYxx,1,76603,501,19
ac19_45288,YXyXXyx,YYXyXYxYxyxyxyX,2,76611 109786,501,17
ac19_45294,YXXYxxyX,YYYXXyXYX,3,76618 130136 149097,501,17
ac19_45296,YXXyx,YYYYXyxyyyXyyxYx,2,76623 86982,501,18
ac19_45301,YXYXyx,YYXXyXXyxxxxx,2,76639 108266,501,19
ac19_45319,YYXXXYx,YYXyXXYxyx,2,76679 136652,501,15
ac19_45323,YYXXXyX,YYYXXyxyyxx,1,76689,501,15
ac19_45329,YXXYx,YYYxyXXXyxyxyx,1,76701,501,15
ac19_45334,YXXyXyxx,YYYxYxyxxYX,1,76710,501,15
ac19_45338,YXYXyx,YYYXYxYYXyXXX,1,76718,501,19
ac19_45345,YXYXyx,YYYxxxYXyyXyX,2,76751 109816,501,19
ac19_45350,YXXYx,YYXYYXYXXyyxx,2,76770 80921,501,15
ac19_45353,YXyXXyx,YYXYxyXyyxYXYxyx,2,76777 82874,501,16
ac19_45356,YXYXyx,YYYxYxyyXXyyx,3,76785 87713 114414,501,17
ac19_45362,YXYxyx,YYXyXXyXYxyyx,1,76797,501,15
ac19_45369,YXyXXXXyx,YYXyyXYxxyX,1,76811,501,18
ac19_45371,YXXyxYx,YYYYXyXXYxyx,1,76814,501,16
ac19_45378,YXYXyx,YYXXXyyXXYxYx,2,76840 82819,501,17
ac19_45389,YXXYx,YYYXyyyXYxyxyx,1,76858,501,18
ac19_45407,YXXXyXYx,YXYXyxYxyXX,1,76907,501,17
ac19_45447,YXYXyx,YYYXXXyXXYxYxyx,1,77019,501,19
ac19_45449,YXyXXyx,YYYxxxYxyxyxYX,2,77023 154599,501,17
ac19_45450,YXYXyx,YYXYxxxxyXyyX,1,77027,501,17
ac19_45455,YXyXXXyx,YYYxyxYxxyxYXyx,2,77034 93813,501,17
ac19_45462,YXXyx,YYYYYXYxyyyXyXyX,1,77053,501,18
ac19_45464,YYXXXYX,YYxxyXYXyX,3,77060 110031 126681,501,16
ac19_45471,YXYXyx,YYYXyXyXXYxxx,1,77078,501,17
ac19_45473,YXYXYx,YYYXyyyXyxYXXYYxYYx,1,77081,501,19
ac19_45474,YXyXXXyx,YYXXXyXyxyx,2,77084 84002,501,19
ac19_45490,YXYXyx,YYYXXyxyyXXyxxx,1,77132,501,19
ac19_45503,YXXX,YYYYYXyyxyxyXyx,1,77156,501,17
ac19_45519,YYYXXYXYX,YYYXXXXYx,1,77199,501,17
ac19_45520,YYYXXXyxx,YXXyXyxxxx,1,77202,501,19
ac19_45521,YXXyx,YYYXYYXyyXyyXXX,2,77203 148188,501,18
ac19_45522,YXYXyx,YYYxxxYXyxyXXyX,1,77204,501,19
ac19_45534,YYXXXXX,YYYYxyyxyyyx,1,77238,501,18
ac19_45555,YYXXXYxxyxx,YYxYXXXYxyxx,2,77293 140679,501,15
ac19_45575,YXXYx,YYYXYXYXyXYYYx,1,77340,501,15
ac19_45576,YXYXyx,YYxYXyXyyxyxx,2,77341 107094,501,19
ac19_45578,YXXyx,YYYYXYXyyxyyXXX,2,77343 155141,501,18
ac19_45580,YXyXXyx,YYXXYxxyXXyyx,1,77348,501,16
ac19_45592,YXYXyx,YYXyXXyyxxxYx,2,77371 115789,501,19
ac19_45608,YXXYXXX,YYYYxyyxyyyx,2,77403 145250,501,19
ac19_45610,YXYXyx,YYYYXyxyyXXXYxx,2,77406 154267,501,19
ac19_45616,YXYXyx,YYXXXyyxYxxYX,1,77417,501,15
ac19_45631,YXyXXyx,YYYxYxyyxxx,2,77453 105365,501,17
ac19_45636,YXXyx,YYYXyyXyyxxxxxx,2,77465 89267,501,20
ac19_45645,YXXyx,YYYYXYYxyXyxyXyyyXYx,1,77486,501,17
ac19_45646,YXXyx,YYYYXYxyXyyyXXX,1,77489,501,19
ac19_45649,YXYXyx,YYYxyXyyXXyxx,1,77497,501,17
ac19_45656,YXYXyx,YYXYxYxyyXXXX,2,77515 156507,501,19
ac19_45662,YXXyx,YYYYXyXyyxyyxxx,2,77539 79566,501,19
ac19_45670,YXYxyx,YYXyxYxxYxxyX,1,77564,501,15
ac19_45674,YXYXyx,YYYYxYYXyXXXYxyyX,1,77573,501,19
ac19_45683,YYXXyxx,YYYxYYxxYXX,1,77590,501,18
ac19_45684,YYXXYXYYXXX,YYXYYXyXYYXXXyx,1,77594,501,19
ac19_45687,YXYXyx,YYYxxYXyxyyXyyXYx,2,77599 86122,501,19
ac19_45692,YXXyx,YYYXYXyxxyyyXyyXYX,1,77611,501,18
ac19_45698,YXYXyx,YYXXXYXyyxxYx,1,77624,501,15
ac19_45731,YXyXXXyx,YYYXyxyyx,1,77700,501,17
ac19_45786,YXXyx,YYYYYXyyxyyXyyX,1,77818,501,18
ac19_45795,YXXyx,YYYYYXYxyyyXyyyxyX,1,77842,501,17
ac19_45799,YXYXyx,YYXYYxYYXyXXX,1,77855,501,19
ac19_45811,YXXX,YYYYXyyXyyXYx,3,77891 93795 137550,501,17
ac19_45823,YXYXyx,YYYxxYxyXyyXX,2,77922 85679,501,19
ac19_45824,YYXXXYX,YXXXXyxYxx,1,77924,501,16
ac19_45830,YXXYxxyX,YYXyxYYXXyx,1,77942,501,13
ac19_45839,YXXYXXyX,YYYXXXXXyyx,1,77959,501,13
ac19_45851,YYXXYx,YYYXyxyXyyx,1,77981,501,17
ac19_45855,YXXyx,YYYYYXXYxyxyyyyx,2,77995 78109,501,18
ac19_45865,YXyXXyx,YYYYxxyXXyyx,5,78026 91824 108475 112079 132935,501,15
ac19_45873,YYYXXXyxx,YYYYXXXXYxx,1,78050,501,17
ac19_45881,YXyXXyx,YYxxyXyXYxyxyXYXX,1,78069,501,17
ac19_45885,YXYXyx,YYXXXyyxYYxyx,1,78074,501,11
ac19_45895,YXyXXyx,YYxyxYxxxxyXYXX,1,78100,501,17
ac19_45898,YYXXXXyxx,YXYxYXyXX,2,78105 78511,501,18
ac19_45912,YXXX,YYYXYYxyyxyyXyx,1,78138,501,19
ac19_45914,YXXyx,YYYYXXXyyXyyyxxx,2,78157 117714,501,17
ac19_45920,YYXXXyx,YYXYxyyXYXX,2,78167 143700,501,14
ac19_45921,YXYXyx,YYYXXXXyyxxYxyx,2,78169 81708,501,19
ac19_45931,YXXyXYx,YYYxxyyXYXyX,1,78185,501,15
ac19_45949,YXYXyx,YYYxxyXXXyyyx,2,78224 124941,501,17
ac19_45950,YXYXyx,YYYXyxyXXYXXXXYYx,1,78228,501,21
ac19_45957,YXXXYxYx,YYXYXyXyxxx,3,78249 105786 117749,501,13
ac19_45962,YXXyx,YYYXyyXyXyyXYX,2,78256 82460,501,17
ac19_45969,YXYXyx,YYxYxyXYXyXyyxx,2,78269 149564,501,19
ac19_45978,YXXYxxyxx,YYXXyxxYxxxxx,1,78292,501,19
ac19_45979,YXyXXyx,YYXYxyXyxxYYxyx,2,78295 124625,501,16
ac19_45995,YXYXyx,YYXyXXXXyxxxx,1,78331,501,17
ac19_45998,YXYXyx,YYXyXXyyxYxYxYX,1,78341,501,17
ac19_46029,YXXX,YYYYXXYxyyyxyyx,1,78416,501,17
ac19_46032,YXYXyx,YYYxxxYXXyxyXyX,1,78423,501,19
ac19_46038,YXXyxYx,YYXYxxYXyx,3,78435 93377 116215,501,15
ac19_46047,YXXYx,YYYXXyxxxyyXYX,1,78467,501,15
ac19_46051,YXYxxyXyx,YYXXXXXXyx,1,78476,501,2
ac19_46053,YXXyXYx,YYXyXXyxYX,1,78480,501,15
ac19_46054,YXXYxxyx,YYxxYxYxyXYxxyX,1,78482,501,19
ac19_46064,YXyXXyx,YYxyXXyxyxxYX,1,78506,501,17
ac19_46065,YXYXXYx,YYXXyxyXYYx,2,78512 118898,501,16
ac19_46081,YXYXyx,YYYXyXXYXXXXYYx,2,78541 152602,501,21
ac19_46102,YYXXyxx,YYYYXXYxYxYx,3,78574 86350 102527,501,16
ac19_46112,YXYXyx,YYYXYxyXXyyXXYx,1,78602,501,19
ac19_46152,YXXyx,YYYYXyyyXyXXYx,3,78700 140777 146077,501,17
ac19_46156,YXYXyx,YYXYYXyyXXXYx,2,78712 118009,501,17
ac19_46167,YXXyx,YYYYXYYXyxxyyyyx,1,78736,501,18
ac19_46195,YXyXXXyx,YYxyxyXYxyXXX,1,78806,501,17
ac19_46205,YXXyx,YYXYYXyyxyyXXXYX,1,78841,501,19
ac19_46206,YXYXyx,YYYXYYxxYXyxyXyXX,1,78845,501,21
ac19_46207,YXXyx,YYYYYXyyyyXyyX,1,78849,501,18
ac19_46212,YXXyx,YYYXyyyXXyXYYX,1,78869,501,18
ac19_46215,YXyXXyx,YYXYxyyxxx,2,78874 131596,501,17
ac19_46232,YXYxyx,YYXyXyxxYYx,4,78912 107274 119715 133836,501,15
ac19_46233,YXXyxxYXXXyxx,YYXXXyxxYXXXyX,1,78915,501,20
ac19_46240,YXyXXyx,YYXyxxyyxYX,2,78933 92584,501,17
ac19_46248,YYXXYxyxx,YYYXXyxxYx,1,78955,501,19
ac19_46249,YXXyx,YYXYYXyXyxyXXXXX,2,78956 147033,501,20
ac19_46257,YXYXyx,YYYXyyyXXYxYx,2,78973 135106,501,17
ac19_46258,YXYXyx,YYYxyXXyXXYxx,1,78974,501,17
ac19_46262,YYXXX,YYYXYXyyXyyxYx,1,78981,501,18
ac19_46284,YXYXyx,YYYYYxyXyXyXX,2,79034 128192,501,19
ac19_46288,YXYxyx,YYXYXyyXyxYxx,1,79042,501,15
ac19_46290,YXYXyx,YYXYxyXXyyXyyxYYx,1,79045,501,19
ac19_46298,YXXyx,YYYXyyXXyXyXXXX,1,79069,501,19
ac19_46302,YXXYXXyx,YYXYxyXXXyx,1,79076,501,17
ac19_46324,YXXXX,YYYYYXyyxyyyX,1,79144,501,18
ac19_46342,YXYXyx,YYYxYYXyxyXyyXX,2,79185 109229,501,19
ac19_46345,YXYXyx,YYYxyXXYXyXYx,1,79192,501,17
ac19_46348,YXYXyx,YYYXYxyyXXyyyxx,1,79198,501,19
ac19_46349,YXYXyx,YYXyyXyyxYxxxYX,1,79199,501,19
ac19_46356,YXYXXYx,YYXYYXyXXYx,2,79212 147707,501,14
ac19_46357,YXXyx,YYYXYxyxyyxyxxYx,1,79225,501,18
ac19_46362,YXyXXyx,YYxyxyxYXyxYYxx,1,79237,501,16
ac19_46363,YXXXyXyxxx,YYYXYxYxxxx,1,79238,501,17
ac19_46365,YXXyXyxx,YYYxxxYxyXX,1,79244,501,17
ac19_46366,YXXyXYx,YYxyXXYXX,3,79245 135220 151712,501,16
ac19_46368,YXXyx,YYYXyyXyXyXXYYxx,1,79251,501,18
ac19_46369,YXXYx,YYXYXXyxYYxyX,2,79254 134092,501,15
ac19_46371,YXYXyx,YYYYYXYxyXXyyyXyx,1,79256,501,17
ac19_46373,YXXYx,YYXYXYxxxYXyyX,1,79263,501,13
ac19_46397,YXXYx,YYYXYYXYXXyxx,3,79315 95979 147535,501,15
ac19_46400,YXYXyx,YYYYxyxYYXyXyXX,1,79322,501,19
ac19_46401,YXYxyx,YYYxYYxxYYxyx,2,79324 110827,501,15
ac19_46402,YXYXXYx,YYYXYxYXXX,2,79331 106189,501,14
ac19_46403,YXyXXyx,YYXYxyXXyxyxx,1,79332,501,17
ac19_46408,YXyXXyx,YYXYxxyyxyX,2,79347 88756,501,16
ac19_46423,YXXYx,YYYxyyXXyyx,3,79400 94255 141636,501,15
ac19_46430,YXXyx,YYYXYxyXXyXyXXX,1,79425,501,18
ac19_46434,YXYXyx,YYXYYXXXXXYYx,1,79434,501,17
ac19_46444,YXYXyx,YYXyyXyyxxx,5,79454 91685 105391 135351 137114,501,17
ac19_46452,YXYXyx,YYXyyXXXYxxxx,1,79476,501,17
ac19_46458,YXXYx,YYXYXyxYxyyX,4,79487 90635 96746 110497,501,15
ac19_46461,YYXXYxxyx,YYxyXYXyx,2,79493 149643,501,16
ac19_46471,YXyXXyx,YYYxyxxyxYYxxx,1,79522,501,17
ac19_46479,YYXXXyXX,YYXyyXYYXyX,1,79546,501,18
ac19_46483,YXXyx,YYYXyXyyxxxxYx,2,79555 100090,501,18
ac19_46486,YXXX,YYYYXyyXYXYXyyX,1,79561,501,17
ac19_46488,YXYXyx,YYYxyXyXXYxYX,1,79563,501,17
ac19_46509,YXXYx,YYXXyyxYxxyyX,1,79632,501,15
ac19_46522,YXYXyx,YYYXyXXXXYxYx,1,79665,501,19
ac19_46532,YXXXXyxxx,YYXyyXXXYX,1,79687,501,15
ac19_46534,YXyXXyx,YYxxyXyxyxYXX,2,79692 83841,501,17
ac19_46546,YXYXyx,YYYxyXXyXYxyX,1,79737,501,15
ac19_46547,YXYXyx,YYYXXYXyXyxxx,1,79738,501,15
ac19_46550,YYXXyxx,YYYXYxxyXYX,1,79742,501,15
ac19_46570,YXXyx,YYYXyxyXyyXyXXYx,2,79813 93856,501,14
ac19_46572,YXXyxYx,YYYYYxxyyX,1,79818,501,16
ac19_46587,YXXyXyx,YYxxyXXXyyXX,1,79859,501,16
ac19_46588,YXXyx,YYYYXyyXyyxxxxyx,1,79860,501,20
ac19_46590,YXyXXyx,YYxxYXXXyxyxyXX,1,79874,501,18
ac19_46598,YXXXXyXXYx,YYXXyXXYxxyXX,1,79899,501,19
ac19_46604,YXXX,YYYYXyxyyxYxyyX,1,79914,501,19
ac19_46610,YXYXyx,YYYYYxYXyXyXX,1,79929,501,19
ac19_46619,YXyXXyx,YYXYxyyxYXyxYXyx,1,79954,501,17
ac19_46624,YXYXyx,YYXyxyXXXYYxx,2,79964 104442,501,17
ac19_46630,YXYXyx,YYYYXyxyXyyXXYx,1,79987,501,19
ac19_46640,YXXYxxyX,YYXXYxYXXyX,3,80007 103932 155178,501,14
ac19_46649,YYXXXyX,YYYYXyyxyyx,1,80030,501,15
ac19_46662,YXYXyx,YYYXXYxxyyXXX,1,80057,501,17
ac19_46664,YXyXXyx,YYYXXyxxyx,2,80060 113050,501,16
ac19_46676,YXXyx,YYYYXYXYxyXyXyyXyX,1,80087,501,19
ac19_46690,YXXyx,YYYYXXXyXyyXyXyX,1,80119,501,18
ac19_46695,YXXyx,YYYXYxYXyyxyyXXXX,1,80127,501,19
ac19_46699,YXyXXXyx,YYXyXXYxxyxyx,2,80133 140916,501,17
ac19_46701,YXyXXyx,YYYXyXXXyyxxx,1,80136,501,17
ac19_46703,YXyxYXXyx,YYXXyyXYXYxyX,1,80145,501,17
ac19_46721,YXXyx,YYYXYYYXyyXyyXyX,2,80189 98101,501,19
ac19_46728,YXXX,YYYXYYxyxyyXyyX,1,80206,501,17
ac19_46732,YXXyx,YYYYXyyxyyxxxyx,1,80213,501,19
ac19_46738,YXyXXyx,YYYxyyxxYXyX,1,80234,501,16
ac19_46754,YYXXXXXyx,YXXXXXXXXYx,1,80269,501,17
ac19_46760,YYYXXXX,YYYYXyXXyxyx,1,80285,501,14
ac19_46771,YXYXyx,YYXyxyXyXXYYx,2,80303 151989,501,17
ac19_46774,YYXXXXyxxYX,YXXXXyXXYxxxx,1,80308,501,15
ac19_46782,YXYXyx,YYXyyXyyxxxYX,1,80348,501,17
ac19_46790,YXYXyx,YYXYxyyXyXXXYxx,1,80368,501,19
ac19_46800,YXXyx,YYXYXyXyyXyyXXYX,2,80385 88296,501,19
ac19_46815,YXYXyx,YYXYxYYXyXXyX,1,80429,501,17
ac19_46819,YXYXyx,YYYXyXXXyxxYx,1,80439,501,17
ac19_46820,YXXyx,YYYXXYYxyyxyxyxx,1,80440,501,19
ac19_46828,YXXYx,YYYXXyyxyxyx,3,80462 123844 155430,501,15
ac19_46829,YXXXXXXYx,YYXXXXXyxxx,5,80464 88113 89201 115348 122235,501,14
ac19_46834,YXXYx,YYYXYYYXXYYxyX,3,80476 93222 119356,501,15
ac19_46836,YXyXXyx,YYxYXyxYxyxyxYX,2,80481 87867,501,17
ac19_46858,YXXYx,YYYXXyyXXYYxx,2,80533 102583,501,15
ac19_46871,YXXyx,YYYYXXYxYxyyXyyXyX,1,80573,501,18
ac19_46881,YXYXyx,YYYYXyXXXXXYxYX,2,80593 123046,501,19
ac19_46895,YYXXXXYX,YYxxyXXyXYX,1,80630,501,14
ac19_46918,YXYXyx,YYXXXXyyxxYxx,2,80688 132503,501,19
ac19_46919,YXYXyx,YYYYYYXyXXXYYXX,1,80690,501,19
ac19_46925,YYXXyx,YYXyyXXyXYYxx,1,80711,501,13
ac19_46928,YXXYx,YYYXYXyyxxxyX,1,80718,501,15
ac19_46934,YXYXyx,YYYYYYXYYXXyXXX,2,80734 116393,501,21
ac19_46935,YXXyx,YYYYYXyXyXyyxxxx,1,80737,501,19
ac19_46939,YYXXXXX,YXYxYXyXXyx,2,80749 113470,501,18
ac19_46941,YXXyx,YYYYYXyxyxyyxx,2,80754 83782,501,18
ac19_46944,YXyXXXyX,YYXXyXYxyxyxx,1,80774,501,17
ac19_46957,YXYXyx,YYXXyyXYXXYxx,2,80803 115699,501,17
ac19_46974,YXYXyx,YYXyxyXyyXyxYxx,1,80848,501,17
ac19_46985,YXXyx,YYXYxYXyyXyXXXXX,1,80877,501,20
ac19_46991,YXYXyx,YYXyXXXyXYxxx,2,80891 140170,501,17
ac19_46995,YXYXyx,YYYXyyXXyxxxx,2,80900 145296,501,19
ac19_46998,YXYXyx,YYYXXXyXyxxxxyx,1,80907,501,19
ac19_47002,YXyXXyx,YYxyXXXyXYXyxyxyX,2,80913 89620,501,17
ac19_47020,YXXXyxYxx,YYYxxYYXXX,1,80972,501,17
ac19_47021,YXyXXyx,YYxxyXyxxyxYXYXyX,1,80974,501,19
ac19_47064,YXYXyx,YYYxyXXYxyXXX,2,81082 130591,501,17
ac19_47065,YXYXyx,YYxYYxyxYXyXyXX,2,81083 92052,501,19
ac19_47069,YXYXyx,YYYYxYXyXXXYYXX,1,81098,501,19
ac19_47075,YXyXXyx,YYYxYxyxxyx,2,81116 85617,501,17
ac19_47087,YXYXyx,YYYYXXyXXXXYxYX,2,81140 120653,501,19
ac19_47103,YXXyx,YYYXyyXyXyxxxxYYx,1,81169,501,20
ac19_47108,YYXXYXyxx,YYYYYXXYYXX,1,81180,501,15
ac19_47112,YXXyx,YYYXXYXyyyxxxxx,2,81195 110444,501,16
ac19_47117,YXYXyx,YYYYxxyXXXXYX,1,81205,501,19
ac19_47152,YXYXyx,YYXYYxxyyXXXX,2,81274 81559,501,19
ac19_47154,YXXyXyx,YYxyXYxxxyXX,2,81280 107258,501,15
ac19_47157,YXYxyx,YYYXXYYxyyxxx,1,81284,501,15
ac19_47160,YYXXyXyxx,YYxxyXXyxyxx,2,81297 83561,501,19
ac19_47184,YYXYxYXXYx,YYXXYYxYXYx,1,81349,501,17
ac19_47187,YXXyxYx,YYYYxYYXX,1,81359,501,16
ac19_47190,YXYXyx,YYYYxyyyXXXYxyX,1,81369,501,19
ac19_47208,YYXXXYXX,YYYXXyXYxyX,1,81409,501,17
ac19_47214,YXYXyx,YYYYYYXyXXyyx,1,81421,501,17
ac19_47217,YXyXYxx,YYXYXYYXYxx,1,81431,501,15
ac19_47224,YXYXyx,YYYYXyyXXyxYx,2,81446 101370,501,15
ac19_47230,YXyXXyx,YYXYxYxxyyx,4,81460 84616 99743 143707,501,16
ac19_47237,YXXXYxx,YYXyXyyXYYxx,1,81472,501,15
ac19_47243,YXXX,YYYXYXYYXyyyXyX,1,81483,501,17
ac19_47245,YXYXyx,YYYYxxyyxyXXX,1,81488,501,17
ac19_47249,YYXXyxx,YYYYxxYXYYXX,1,81497,501,18
ac19_47250,YXyXXyx,YYXXyyxyxYx,2,81500 118069,501,17
ac19_47251,YYXXXXyx,YXyxxYXXXyx,3,81503 139675 150472,501,15
ac19_47255,YXYXyx,YYYYXyxyXyXXYYx,2,81514 149074,501,19
ac19_47256,YXXX,YYYYYXyyyxyyyxx,1,81518,501,15
ac19_47270,YXXX,YYYYxYXyyXyyXyx,1,81546,501,19
ac19_47273,YXXYx,YYYxxYXyyXXXyx,1,81550,501,15
ac19_47290,YXyXXyx,YYYXyxyXyxx,2,81601 151939,501,18
ac19_47295,YXYXyx,YYXXXyXXYxyXYYx,1,81609,501,19
ac19_47300,YXYXyx,YYYxxYxyXXyXX,2,81617 122413,501,19
ac19_47311,YXXYx,YYXYYXXyxYxyX,1,81654,501,15
ac19_47318,YXYXyx,YYYXYxyyyXyXXYx,1,81678,501,19
ac19_47323,YYXXYXXyyx,YYXXyyxYXyx,1,81688,501,15
ac19_47341,YXYXyx,YYYXXXyyxYXyxxx,1,81731,501,17
ac19_47346,YXXyXyX,YYYYxyxxyxyx,1,81739,501,15
ac19_47358,YXYXXYx,YYXyyxxYXX,3,81766 115219 121926,501,16
ac19_47363,YXyXXXyx,YYXyXyyXXYxyXYxyX,1,81775,501,19
ac19_47367,YYXXXYX,YYxyXXyyxx,1,81781,501,16
ac19_47405,YXYXyx,YYYXXXXXYYxYX,1,81853,501,17
ac19_47419,YXYXyx,YYYYxYYXyyXXX,1,81893,501,19
ac19_47431,YXXYx,YYXYYXXXYYxxYX,1,81918,501,15
ac19_47444,YXXYxxyxx,YYXXyxyxYx,1,81950,501,18
ac19_47446,YXYxyx,YYXyXyxYXXyyx,1,81957,501,15
ac19_47452,YYXXXXYX,YYXyXXXYx,1,81971,501,17
ac19_47454,YXXYxxyX,YYxxyxyXXyx,1,81974,501,15
ac19_47463,YXYXyx,YYYxyxYYXyXXyyX,2,81989 139372,501,17
ac19_47465,YYXyxYXXyx,YXXyxxYXXyxxx,4,81991 100394 134698 151888,501,14
ac19_47472,YXYXyx,YYYYXXXXYYxyX,2,82001 99751,501,17
ac19_47475,YXXyx,YYYYXyxyyXyXyXX,2,82010 143797,501,18
ac19_47478,YXXyx,YYXyyxyxxxYxYx,2,82019 99861,501,16
ac19_47489,YXXX,YYXyyXYYXyX,3,82046 100873 152482,501,15
ac19_47494,YXXYx,YYYYXYYXXyx,4,82066 118626 154882 155299,501,15
ac19_47531,YXYXyx,YYXyXXyxyxYxx,1,82160,501,17
ac19_47534,YXYXyx,YYXyXyyxYxyxx,1,82164,501,17
ac19_47551,YYXXXYxx,YYYYXYYXXYx,1,82213,501,19
ac19_47567,YXXyx,YYXyxxyyXyXXXYX,1,82255,501,18
ac19_47570,YXYXyx,YYYYxyxYxyXyyXX,1,82261,501,19
ac19_47578,YXXyx,YYYXyxyXyxyxYxYx,1,82280,501,18
ac19_47603,YXYXyx,YYYXXyyXXYxxx,1,82333,501,17
ac19_47605,YXXYxxyx,YYXyxYxYXyx,2,82339 131578,501,19
ac19_47614,YXYXyx,YYYXXXXYYxYXX,1,82363,501,15
ac19_47622,YXYXyx,YYYYxyXyyXXYx,1,82376,501,19
ac19_47634,YXYXXXX,YYYXYXXyyyx,1,82405,501,15
ac19_47657,YXYXyx,YYYYYYXyXXXYXyX,2,82477 100210,501,19
ac19_47660,YXXyXYx,YYXYXXyyxyx,2,82484 147304,501,15
ac19_47668,YXyXXXyx,YYYxyxxyX,2,82497 141460,501,17
ac19_47687,YYXXYYXXX,YYYxyyXyyx,1,82541,501,19
ac19_47694,YXXYxxyx,YYxYxxxyXXX,2,82563 153902,501,17
ac19_47703,YXYXyx,YYXYxxyyXyXXXYx,1,82593,501,19
ac19_47704,YXYXyx,YYXXyXyXXYYxx,2,82595 95364,501,19
ac19_47716,YXYXyx,YYXXyxyXXXYxYYx,2,82615 113261,501,19
ac19_47717,YYXXXYx,YYXYYXyXyxyx,1,82619,501,16
ac19_47722,YXYXyx,YYXXXXyXYxxxx,1,82631,501,17
ac19_47723,YXyXXXyx,YYYxyxYxyyx,2,82633 131515,501,19
ac19_47753,YXXyx,YYYYXyXyXyyyxxxx,1,82728,501,19
ac19_47756,YXXX,YYYXYXyyyXYYXyX,1,82742,501,17
ac19_47760,YXYXyx,YYYYXXyyXyxxx,2,82752 102162,501,19
ac19_47769,YXyXXyx,YYXYXyyXyxx,2,82772 115959,501,17
ac19_47793,YXYxxYXyx,YYxyXYYxyXYx,3,82845 128614 151626,501,18
ac19_47797,YXXYx,YYYXYXyXXYxyxx,1,82852,501,15
ac19_47800,YXYXyx,YYYXXyXyyxxxx,2,82859 83828,501,19
ac19_47806,YXYXyx,YYYXYxyyXyXXYYx,1,82867,501,19
ac19_47807,YXyXXXyx,YYXyXYXyxYxxyyX,1,82871,501,17
ac19_47817,YXYXyx,YYXYxxyXyXyXYYx,1,82895,501,19
ac19_47818,YXYXyx,YYXXyyXXYxYxx,2,82898 120860,501,19
ac19_47820,YXYXyx,YYXYxxYYXyyXyXX,1,82904,501,21
ac19_47828,YXXYxYxx,YYXyyxxyX,1,82921,501,15
ac19_47831,YXXyx,YYYYXYxyXyxyxyxx,2,82936 109250,501,17
ac19_47834,YXYXyx,YYXyyXXyxxYYx,1,82944,501,17
ac19_47836,YXYXyx,YYXYYXyXXyyxx,1,82946,501,15
ac19_47840,YXXX,YYYYYXyXyxyyxyX,1,82955,501,19
ac19_47862,YXYXXYx,YYXXyyxxxYXX,1,83014,501,16
ac19_47867,YXXYx,YYYXXyyxxYXYX,2,83027 99119,501,13
ac19_47872,YXXyx,YYYYYXyxyXyyyXyX,1,83036,501,19
ac19_47879,YXXyx,YYYYXyyXXyXXXX,1,83058,501,18
ac19_47893,YXYXyx,YYXYxxYxyXyyX,2,83096 87924,501,17
ac19_47896,YXyXXyx,YYXXXXyxyxx,2,83104 154010,501,17
ac19_47899,YYXXXXYX,YYXyyXyxxxx,1,83115,501,16
ac19_47927,YXXyx,YYYYYXyyyXyxxx,1,83216,501,18
ac19_47932,YXYXyx,YYYYXYYxxyXyXXX,1,83227,501,21
ac19_47946,YXXyx,YYYYXyXyxyXyXyXX,2,83268 121592,501,18
ac19_47953,YXYXyx,YYYXXyyyxyxxx,2,83286 96035,501,19
ac19_47964,YXYXyx,YYXXXyXXyxYxxxxyx,1,83309,501,19
ac19_47981,YXYXyx,YYYXyXyXyxyxx,1,83340,501,17
ac19_47991,YXYXyx,YYYYXXyxyXXXYxx,2,83361 152360,501,19
ac19_48002,YXYXyx,YYXyXYxxxYxyXXyXX,1,83392,501,19
ac19_48005,YXXyXyX,YYXYXyxyXyx,2,83401 145672,501,15
ac19_48021,YXXyx,YYYYXyyyXXXX,2,83451 111961,501,17
ac19_48033,YXYXyx,YYXXyXXXyXYxxYxyx,2,83479 135269,501,19
ac19_48046,YXXyXyxx,YYXyXXyxyxx,2,83510 137400,501,15
ac19_48052,YXYXyx,YYYxYXXyxyXXX,2,83521 105565,501,17
ac19_48090,YXXX,YYYYYXyXyyxyxyX,1,83616,501,17
ac19_48098,YXYXyx,YYXYxxxyyXyXXYx,1,83636,501,19
ac19_48099,YXXYx,YYXYXXyyXYxyxx,1,83640,501,15
ac19_48114,YXXYxYxx,YXyxxxyXX,4,83672 101054 126213 142507,501,15
ac19_48119,YXYXyx,YYXXyXyXYYxYxyx,1,83691,501,17
ac19_48129,YXYXyx,YYYYYxyXyxyXXXX,1,83730,501,19
ac19_48136,YXXyx,YYYYXyyyyXXyX,2,83748 103034,501,17
ac19_48146,YYXXYxyXyx,YYXXXYxyXYx,1,83771,501,15
ac19_48161,YXXYx,YYYYYXXYXyyxyx,2,83803 93191,501,15
ac19_48163,YXYXyx,YYXyXXyyxYx,4,83813 93173 130060 151138,501,15
ac19_48168,YXXYx,YYXyXXYXyxYxyx,1,83830,501,15
ac19_48174,YYXXXyx,YYYXyXYxxyyX,1,83844,501,14
ac19_48200,YXYXyx,YYXYYXXXXyyxx,1,83930,501,15
ac19_48216,YXXXyXyx,YYXyxYxyx,2,83987 97436,501,17
ac19_48220,YXyXXXyx,YYxyxyXYXXyxYxyXX,1,84008,501,17
ac19_48222,YXYXyx,YYXYYXyyXyyxxYx,1,84014,501,19
ac19_48235,YXXyx,YYYYXYXYxyyXyyXyX,1,84056,501,18
ac19_48255,YXYxyx,YYYXXYxyyxxxx,1,84109,501,15
ac19_48263,YXYXyx,YYYXXXXXXYYxxyx,2,84136 152243,501,19
ac19_48274,YXYXyx,YYYXyxyyXyxxx,1,84161,501,17
ac19_48281,YYXXXyX,YYxyXXXyx,4,84183 140513 147893 154709,501,15
ac19_48286,YXyXXyx,YYXXyxYxxyxyX,2,84195 127535,501,15
ac19_48301,YXYXyx,YYXyXXyxyxxYx,2,84237 124592,501,17
ac19_48315,YYXXYXX,YYYxyXYXXyyx,1,84272,501,15
ac19_48321,YXYXyx,YYYxYYxyyXyXX,2,84288 154056,501,19
ac19_48324,YXXYx,YYYXYXyXXYXYxx,1,84295,501,15
ac19_48332,YYXXXYxyx,YYXYYXXyxx,2,84316 98991,501,15
ac19_48342,YXXyx,YYYYXYxxYXyyyXyyyXYx,1,84339,501,17
ac19_48347,YXXyx,YYYXYXyyyxyyxx,2,84348 152660,501,18
ac19_48354,YYXXyXyxx,YYXXyyxxyx,1,84370,501,15
ac19_48360,YXXyx,YYYYXYxyxyyyXXXX,1,84383,501,19
ac19_48373,YXYXyx,YYYYYYXyyyXXX,1,84424,501,19
ac19_48375,YXXX,YYYXyxyyXYYxyyX,1,84429,501,19
ac19_48377,YYXXyx,YXYxyXXYxYXyx,1,84432,501,13
ac19_48378,YXYXyx,YYXXXYXyXYYxx,2,84433 110831,501,17
ac19_48379,YXYXyx,YYXXXYYxYxyXX,1,84436,501,17
ac19_48381,YXYXyx,YYYXYXyXXXYYx,1,84438,501,15
ac19_48401,YYXXXyx,YYXXYXyXXYxyX,2,84493 105137,501,19
ac19_48402,YXYXyx,YYXYYXXXyyxYx,1,84495,501,13
ac19_48411,YXXX,YYYYYXXyyxyyxyX,2,84535 132272,501,17
ac19_48413,YXXYx,YYXXyyxyXYxyx,2,84538 85104,501,13
ac19_48421,YXyXXyx,YYYxYxxyxxyXX,1,84555,501,18
ac19_48422,YXYXyx,YYXYxYXyXyyxx,1,84556,501,15
ac19_48425,YXYXyx,YYXXXyXXYYxYxyx,2,84563 86332,501,19
ac19_48431,YXyXXyx,YYYxxxYYxyyx,1,84580,501,13
ac19_48432,YXyXXyx,YYXyxxyyXX,2,84581 139925,501,17
ac19_48455,YXXYx,YYXyxyxYXyyx,2,84631 106131,501,15
ac19_48467,YXXyx,YYYYXXYxyyxyyxxx,2,84659 100549,501,18
ac19_48471,YXYXyx,YYXyXXyyxYxYxyx,2,84670 123922,501,17
ac19_48482,YXXX,YYYYXYXYXyyXyyX,1,84706,501,17
ac19_48484,YXYXyx,YYYXyXyXXYXYx,2,84714 141422,501,17
ac19_48485,YXXyx,YYYYYXyXyxyxyyyx,1,84716,501,17
ac19_48495,YXXXX,YYYXYYXXyyyxyX,1,84735,501,14
ac19_48498,YYXXXyx,YYYXXXYXyyX,1,84745,501,14
ac19_48509,YYXXXXX,YYXXyXyyXYYx,1,84769,501,15
ac19_48510,YXXyx,YYYXyXyXyyxxYYxx,2,84770 145457,501,17
ac19_48511,YXXyx,YYYYYXXXyyyxyxx,1,84773,501,18
ac19_48512,YXYXyx,YYYYxyyXXXyyx,1,84776,501,17
ac19_48518,YXYXyx,YYYXXyxyXXXXYYx,2,84792 89353,501,19
ac19_48520,YXXX,YYYXyxyyxYYXyyx,1,84796,501,19
ac19_48537,YXXXyXYx,YYxxyxxyXyX,4,84859 85646 100158 133464,501,15
ac19_48544,YXYXyx,YYYYXXXXXYx,3,84876 99978 151426,501,17
ac19_48551,YXXYxxyX,YYYXXXXyx,2,84896 127270,501,17
ac19_48563,YYYXXXYXX,YYxYXXXyyx,1,84928,501,16
ac19_48579,YXXXyxxYx,YXYXYxYXXyxx,2,84963 111753,501,18
ac19_48580,YXYXyx,YYYXyXXXXYYxx,1,84964,501,19
ac19_48592,YXYXyx,YYYXXXyXyxyxx,1,85003,501,17
ac19_48604,YXXXXyXyX,YYxyxyxYxx,1,85026,501,17
ac19_48605,YXYXyx,YYXyXXYxYXXYx,1,85029,501,11
ac19_48619,YXyXXyx,YYXYXyXyyxx,2,85073 148208,501,17
ac19_48635,YXXYxxyX,YYYxxyyXXyx,1,85114,501,15
ac19_48641,YYXXYYXXX,YYXXyXYxyx,1,85128,501,15
ac19_48645,YYXXyxxyX,YYYXXyxyxx,1,85141,501,15
ac19_48647,YYXXXYXX,YYYXyyxxyyx,2,85143 115845,501,17
ac19_48678,YXXXyxx,YYXXXXyXYXXyX,2,85218 105553,501,16
ac19_48685,YXYXyx,YYYYYxyXyxyXXyX,1,85239,501,19
ac19_48694,YXYXyx,YYXyyXyxYxyxx,1,85251,501,17
ac19_48695,YXYXyx,YYYXYxyyyXXXXYx,1,85252,501,19
ac19_48709,YXyXXyx,YYXXyXYXyyxyxx,1,85282,501,19
ac19_48714,YXXyx,YYXYYXyyXyXXXyXYX,1,85294,501,21
ac19_48720,YXXYxxyx,YYxxyXYxYYxxx,2,85308 102039,501,19
ac19_48726,YYXXXyxx,YYYXyyXXXYx,1,85320,501,15
ac19_48727,YXXYx,YYXXyyxyxxYxyX,1,85324,501,15
ac19_48741,YXYXyx,YYYXXyXXXYYYx,2,85355 132296,501,19
ac19_48744,YYXXyxx,YYXXYxYxxYXX,2,85362 123845,501,18
ac19_48746,YXYXyx,YYYXyXXyyXYYx,2,85365 123944,501,17
ac19_48763,YXyXXyx,YYXXYxxxyxx,2,85394 117811,501,17
ac19_48766,YXXYxYxx,YYYxxYXYXyx,1,85405,501,14
ac19_48773,YXXyx,YYYXYxyxyXyyxyxx,1,85422,501,18
ac19_48780,YXXyXYx,YYXXXYxyXyxx,1,85440,501,15
ac19_48784,YXYXyx,YYYYXXXXXYxYX,2,85449 90455,501,17
ac19_48787,YXYXyx,YYYYXYYxYXyyXXX,1,85452,501,21
ac19_48801,YXXyx,YYYYYXXyyxyyXX,1,85485,501,15
ac19_48817,YXYxyx,YYYxYYxyxYYxx,2,85528 133385,501,15
ac19_48864,YXXYxxyX,YYxYxYXXyyX,1,85665,501,15
ac19_48868,YXXyXYx,YYXyyXyxYYXX,1,85672,501,16
ac19_48870,YXXyx,YYYXyxyyXXXXXYX,2,85675 119612,501,19
ac19_48875,YXYXyx,YYXXXYXXyXYYx,1,85695,501,17
ac19_48881,YXXyx,YYYYYXyXyyxyxyyx,1,85717,501,19
ac19_48885,YXYXyx,YYYXyXXyXYYYxyx,1,85722,501,19
ac19_48893,YXXyXyx,YYXXYxxxyXyx,1,85735,501,14
ac19_48895,YXXyx,YYYXYYxyXyyyXX,1,85739,501,18
ac19_48911,YXYXyx,YYYYYXyXXXXYxyXYX,2,85765 153760,501,19
ac19_48924,YXXyx,YYYYXyyxyXyXyXX,1,85790,501,19
ac19_48954,YXXyx,YYYXXYxyyxyxyyxx,1,85860,501,17
ac19_48956,YXXYxxyX,YYXyXYYXXyx,1,85865,501,17
ac19_48964,YXXyx,YYYYXyXyyyxYxxx,2,85882 135366,501,19
ac19_48969,YXYXyx,YYXyxyXXXyyxYxx,1,85896,501,17
ac19_48990,YXyXXXyX,YYYXXXyxyyx,1,85945,501,19
ac19_49028,YYXXyx,YYYXXXXXYYX,2,86033 134713,501,13
ac19_49036,YXYXyx,YYYXYxyXyyyXXYx,1,86053,501,19
ac19_49042,YXyXXyx,YYxyxYxyxyXXYXXyX,1,86068,501,19
ac19_49047,YXXyx,YYYYXyXyyxyxxyx,1,86078,501,18
ac19_49065,YXYXyx,YYXYYxYXXXyXX,1,86129,501,17
ac19_49070,YYXXXXyx,YYXXyyxyxYX,1,86149,501,15
ac19_49095,YYXXXYx,YYXyxYXYXyx,1,86209,501,17
ac19_49102,YXyXXXyx,YYXyXYxyxYxyxyX,2,86229 96274,501,17
ac19_49108,YXXYx,YYYXYYxyyxyXyX,2,86249 89990,501,15
ac19_49123,YXXX,YYYXYXyyxYxyyyX,1,86295,501,17
ac19_49135,YXyXXyx,YYXyxyxYXYxxx,1,86336,501,15
ac19_49144,YXyXXXyx,YYYxxyXyx,3,86355 100227 109519,501,16
ac19_49149,YXYXyx,YYxYYxyXyXXYxyX,1,86363,501,17
ac19_49170,YXXyx,YYYXYXyyXyXXXX,2,86406 152405,501,19
ac19_49178,YYXXXXXyX,YXyxxYXXyxx,3,86429 98668 147719,501,17
ac19_49196,YXYXyx,YYYXyxyXXyyxxYx,1,86475,501,19
ac19_49207,YXXYx,YYYXYXXyXYXYxx,1,86502,501,13
ac19_49210,YXXX,YYYYXYxyyyxyXyX,1,86508,501,19
ac19_49229,YXYXyx,YYYxxYXyxyXyX,3,86552 93035 155307,501,15
ac19_49231,YXXyXyxx,YYXXyyXYxxx,2,86555 92681,501,15
ac19_49255,YYXXYxYxyX,YXyxYXyxYXXYx,1,86603,501,20
ac19_49257,YXyXXyx,YYYXyxxyyXYx,1,86605,501,17
ac19_49265,YXXyXyX,YYXXXyyxyX,2,86615 137569,501,17
ac19_49274,YXXyx,YYYXXYxyyXyyyxxxx,1,86641,501,19
ac19_49279,YXXXyxx,YYXXyXYXyxxx,1,86654,501,16
ac19_49285,YXYXyx,YYXXyyXyxyxxx,1,86671,501,19
ac19_49286,YXXYxYxx,YYYxYxxyyXX,1,86672,501,17
ac19_49301,YXYXyx,YYXYxyyXyXXYx,2,86717 145178,501,17
ac19_49310,YXyXXyx,YYXyXYYxxyyx,1,86751,501,16
ac19_49320,YYXXXXYX,YXXXyXYxx,1,86774,501,16
ac19_49334,YXYXyx,YYXXXyXXXYxxx,2,86815 138987,501,17
ac19_49347,YXXyx,YYYXYxyXyxyxyyxx,1,86851,501,17
ac19_49348,YXYXyx,YYXyXyxxxyyxx,1,86852,501,15
ac19_49363,YYYXXyXYx,YYXXXyxYx,2,86886 98456,501,15
ac19_49367,YXXyx,YYYYXYxyXyxyxxyx,2,86901 98742,501,19
ac19_49380,YXYXyx,YYYXyXXXXXYxx,2,86932 121021,501,19
ac19_49388,YXXyx,YYYXXYXyyXyyyXX,1,86944,501,17
ac19_49389,YXXyx,YYYYXyxyxyxxxx,1,86947,501,18
ac19_49391,YYXXXXyX,YYxyXXXyXYX,1,86951,501,15
ac19_49392,YXYXyx,YYYXyXyyXXYYxyx,1,86954,501,19
ac19_49404,YXYXyx,YYYYYxyXXXX,3,86986 121672 135793,501,17
ac19_49405,YXXyx,YYYXYYYXyxyXyyXyX,2,86987 130011,501,19
ac19_49409,YXYXyx,YYXXXyXXXYxYxyx,2,86992 113982,501,19
ac19_49411,YYXXXYxx,YYYXYYYXXyx,1,86996,501,19
ac19_49423,YXXXX,YYYYXXXyXyyx,1,87025,501,14
ac19_49431,YXXXyxxYx,YYXXYxxYYx,1,87043,501,18
ac19_49437,YXYXyx,YYXYYxYXyXyXX,2,87055 127782,501,19
ac19_49451,YXXyx,YYYYXyyyyXXyxx,1,87097,501,15
ac19_49452,YXXyXyX,YYXXXyyXXXyx,1,87101,501,15
ac19_49471,YXYXyx,YYXXyXXyyxYxxyx,1,87139,501,19
ac19_49477,YXYXyx,YYXXXyXXYxYxxyx,1,87151,501,19
ac19_49493,YXYXXYx,YYxYxyXyXYX,2,87187 97641,501,17
ac19_49502,YXXXyXYx,YYXXXXyXYXX,1,87200,501,15
ac19_49504,YXYxyx,YYYxxYYxxYxyx,1,87203,501,15
ac19_49510,YXYXyx,YYXYxYXyXXyyXYx,1,87222,501,17
ac19_49517,YXXYxxyx,YYXXXXXyyXyxxyx,1,87248,501,16
ac19_49524,YXyXXXyx,YYXyXYxxyyX,1,87276,501,17
ac19_49526,YYXXXYX,YYXYxxyXyX,2,87280 129460,501,16
ac19_49533,YXYXyx,YYXXXyyXXYxYxyx,1,87293,501,17
ac19_49565,YXXyx,YYYYXyXyxyyxyxxx,1,87386,501,19
ac19_49580,YXYXyx,YYYXXXXXYYx,3,87415 101151 140275,501,17
ac19_49582,YXXyxYx,YYYYXXYxxyx,1,87418,501,15
ac19_49601,YXXyx,YYXyxyXyXyXXXXYX,2,87462 92212,501,20
ac19_49604,YXXyXyxx,YYxxxYXYxyx,1,87473,501,17
ac19_49610,YXXyx,YYYXyyxyxxxYxx,1,87484,501,14
ac19_49638,YXyXXyx,YYYXyyXXYXyxyxyx,2,87552 130163,501,18
ac19_49642,YXYXyx,YYXYxyXyXXXYx,3,87567 153778 154077,501,17
ac19_49651,YXYXyx,YYXXYYxYxyXXX,1,87585,501,17
ac19_49652,YXYXyx,YYXyXyXyxxxYxYX,1,87591,501,19
ac19_49656,YXYXyx,YYYXYxyXXXyXXYx,1,87603,501,19
ac19_49660,YXXyx,YYYYXyxxyyyyXYYX,2,87611 136413,501,18
ac19_49673,YXyXXXyX,YYYYXyyXyyx,1,87642,501,19
ac19_49677,YYYXXXX,YXYXXXXXyxYxx,1,87668,501,14
ac19_49717,YXXYxYxx,YYxxyXXyxyX,2,87763 139306,501,15
ac19_49726,YXXX,YYYxYYxyXyyXyyx,1,87783,501,19
ac19_49727,YXYXyx,YYYxyXXyyyXYx,3,87785 140888 152422,501,15
ac19_49730,YXYXXyxYXyxx,YYxyXYxyXYxyX,1,87793,501,14
ac19_49733,YXYXyx,YYxYXyXXYYxyX,2,87801 109034,501,15
ac19_49752,YXyXXyx,YYXyyxyXYYxyX,1,87847,501,15
ac19_49753,YXYXyx,YYYXYxyyXyXyyxx,1,87856,501,19
ac19_49756,YXYXXXX,YYYXXXXXyyxx,1,87869,501,16
ac19_49761,YXYXyx,YYXyyXXyxxxYX,1,87882,501,15
ac19_49772,YXyXXyx,YYYXyxyXXyyX,1,87912,501,17
ac19_49785,YYXXXYX,YXXyXyxxxx,1,87942,501,16
ac19_49786,YXXYxYxx,YYXXXyyxYxx,2,87947 132207,501,15
ac19_49791,YXXyx,YYXYYxyyXyyXXYX,1,87972,501,18
ac19_49808,YXXYxYxx,YYYYXXYxyxx,1,88018,501,17
ac19_49815,YYXXXYX,YYXyXyyxYxYX,1,88030,501,15
ac19_49830,YXYXXYx,YYxYXyXyXyxxYX,1,88081,501,17
ac19_49831,YXXyx,YYYYXXyyxyyyxx,1,88082,501,15
ac19_49844,YXXXyxx,YYXXyxYXyxxx,1,88134,501,16
ac19_49847,YXXYx,YYXXyyXYYxxxYX,1,88147,501,15
ac19_49865,YXYXYXXX,YYYXXXyyx,4,88185 102607 130240 139182,501,17
ac19_49872,YXyXXyx,YYYXyyXYXXyXyyxyx,2,88203 148972,501,18
ac19_49876,YXXyXYx,YYYXXYXyXyx,1,88214,501,15
ac19_49887,YXYXyx,YYXYYxYXXyyXX,1,88241,501,19
ac19_49902,YXYXyx,YYXXyXyyxxxYX,1,88286,501,17
ac19_49912,YYXXXXXXYx,YYXXXXYxxyX,1,88312,501,15
ac19_49915,YXYxxYXyx,YYxxyXyxYX,1,88319,501,14
ac19_49930,YXXyx,YYYXYxYxyXyyXyXX,1,88354,501,17
ac19_49942,YXXyx,YYYXyxyXyXyXXXX,2,88380 155696,501,18
ac19_49951,YXXyx,YYYYYXXXyyxyyx,1,88416,501,15
ac19_49955,YXYXyx,YYXXyXXyxxYxxyx,1,88429,501,17
ac19_49958,YXXyx,YYYYXyyyyXXYX,3,88436 90967 134156,501,18
ac19_49969,YXYXyx,YYYXXXXyxyxYx,1,88471,501,17
ac19_49987,YXYXyx,YYYxyXXyXXYYX,1,88521,501,17
ac19_49990,YXyXXyx,YYXyyxyXYXyXYxyX,2,88530 153826,501,17
ac19_50000,YXXyx,YYYYXyyyXyXXXyX,2,88557 125969,501,19
ac19_50008,YXyXXyx,YYXXXXyyxYxyx,1,88580,501,16
ac19_50040,YXXyx,YYYXXXyyyxyxxYYx,2,88657 107823,501,18
ac19_50043,YYXXXyxx,YYXYXXYYXXXYx,1,88666,501,19
ac19_50044,YXYXyx,YYYYYxxyXXXYXyX,1,88668,501,19
ac19_50050,YXXyx,YYYXYYXyyxyxxyxx,1,88682,501,20
ac19_50052,YXyXXXyx,YYXyXYxYxyxYxyxyX,1,88689,501,19
ac19_50078,YXYXyx,YYYXYxyXXyXXXYx,1,88761,501,19
ac19_50080,YXXyXyxx,YYYXXyxxyxx,1,88767,501,17
ac19_50084,YYXXXXXYx,YYXXYxxyyX,1,88773,501,15
ac19_50087,YXYXyx,YYXYxYYXXXXyX,1,88782,501,17
ac19_50096,YXXXyXYx,YXyXYXXYXyx,1,88806,501,15
ac19_50105,YXXyx,YYYYXyyxxyyXXYX,1,88824,501,17
ac19_50137,YYXXYYx,YYXXyxyxxyX,1,88899,501,16
ac19_50139,YXYXyx,YYXYYxxyXXXyX,1,88907,501,17
ac19_50147,YXXyx,YYYXXYxyyxyxyyxxx,2,88929 94169,501,18
ac19_50154,YXXYx,YYYXYYXyxYXyyx,1,88946,501,18
ac19_50168,YXYXyx,YYXyXYYxYXXXX,1,88975,501,15
ac19_50169,YXYXyx,YYXXyXyXYxxYxyx,2,88976 140451,501,15
ac19_50173,YXXyx,YYYXYYYXyyyxxyyx,1,88988,501,18
ac19_50175,YXYXyx,YYXYYXyyXyyxYxx,1,88994,501,17
ac19_50184,YXXyx,YYYYYXyyXXyxyX,1,89021,501,15
ac19_50186,YXYXyx,YYXXYYxxYXXyX,1,89028,501,17
ac19_50195,YXYXyx,YYXyXXXXYxx,3,89051 123412 135489,501,17
ac19_50203,YXYXyx,YYYYYxyXXyX,3,89070 100490 143445,501,17
ac19_50207,YXXyx,YYYYXYYxyXyyyxyx,1,89080,501,18
ac19_50224,YXYXyx,YYYYYXYxYXyyXXX,2,89119 154861,501,21
ac19_50236,YXXYx,YYYXYYxyyyXyx,1,89146,501,15
ac19_50246,YXyXYxx,YYXYYXXyxx,1,89168,501,15
ac19_50255,YXyXXXyx,YYXyXYxyxYxxyyX,2,89194 104570,501,17
ac19_50262,YYXXXyXYXyX,YXXyxYXXyxx,1,89208,501,21
ac19_50265,YXXyx,YYYYXyyyXyXXyX,2,89213 140465,501,18
ac19_50267,YXYXyx,YYXYxYYxyXXyX,4,89216 92157 128686 129044,501,17
ac19_50282,YXXyx,YYYXYXyyyXyyyXYX,2,89242 132050,501,19
ac19_50288,YXYXyx,YYXXyXXXXYxxx,2,89253 125880,501,19
ac19_50303,YYXXXXYYx,YYXyyXyxxx,1,89276,501,19
ac19_50305,YXXyx,YYXYYxYYXyxyXyyXyX,1,89284,501,18
ac19_50316,YXYXyx,YYYYYXXXXXYXX,2,89308 141475,501,19
ac19_50340,YYXXYxxyX,YYYXXYXXYx,3,89361 90801 131826,501,18
ac19_50363,YXXYx,YYYYXXyxxxyXYX,1,89408,501,15
ac19_50365,YXXYx,YYXYxyxxYXXyyX,1,89411,501,15
ac19_50378,YXXyx,YYYXYYxyyyxxyxx,1,89439,501,18
ac19_50379,YXYXyx,YYYYXyxyyXXXYYx,2,89440 117322,501,19
ac19_50387,YXXyx,YYYXYXyyyxxyxxyx,1,89453,501,19
ac19_50388,YXYXyx,YYYXYYxyyXXXX,2,89456 99386,501,19
ac19_50391,YXyXXyx,YYXXYxyxxxx,1,89464,501,18
ac19_50411,YXXXyXXyX,YYxYxyxxyx,1,89502,501,16
ac19_50414,YXYXyx,YYXYxYYxyXyXX,1,89506,501,17
ac19_50424,YYXXYYXXX,YYXXXXYxYxyXX,1,89535,501,15
ac19_50428,YXYXyx,YYYYxxyXXXXYxyXYX,1,89543,501,19
ac19_50439,YYXXyXYXyx,YXYXyxYXXyx,1,89569,501,17
ac19_50440,YYXXyxYxxyX,YYXXyXYxxxYX,2,89570 147996,501,15
ac19_50453,YYXyxYXXyx,YYXXyxYXyxx,1,89611,501,17
ac19_50461,YXXYx,YYYYXYXYXyyXYx,1,89633,501,15
ac19_50467,YXXyx,YYYYXYxyyyXyyXyX,2,89661 138116,501,19
ac19_50469,YXYXyx,YYXyXyXXYXYxx,2,89666 91237,501,17
ac19_50471,YXYxyx,YYYXyyxYxxYYx,2,89674 153248,501,17
ac19_50475,YXXYXXX,YYYYXXYXXyyxyyx,1,89678,501,17
ac19_50480,YXXyXyx,YYYYxxxxyyX,1,89689,501,15
ac19_50491,YXXYxxyx,YXyXYxxyXyX,1,89716,501,15
ac19_50494,YXYXyx,YYYXXYxYXXXyX,2,89721 110200,501,15
ac19_50497,YYXXXYX,YYYXyXXYxyX,1,89733,501,17
ac19_50504,YXXX,YYYYXyxyyXYxyyX,1,89754,501,19
ac19_50518,YXyXXyx,YYxxyXXYXXyxxyX,1,89804,501,11
ac19_50523,YXYXyx,YYYXXXYxyXXYx,1,89813,501,15
ac19_50526,YXyXXyx,YYYxyxyxYYxx,2,89820 90940,501,17
ac19_50535,YXXyx,YYYYXYxyyyyxyXXYxyyX,1,89839,501,20
ac19_50543,YXYxyx,YYXXYxyXyyXyx,1,89855,501,15
ac19_50558,YXYXyx,YYXyyxyXyXXYYxx,1,89898,501,19
ac19_50586,YXYXyx,YYXyyxYXyyxxx,1,89980,501,15
ac19_50587,YXYXyx,YYYYXyxyyyXXyxx,1,89981,501,17
ac19_50607,YXXXyxx,YYYXyXYxyyxx,1,90023,501,16
ac19_50610,YXYxxYXyxYXyx,YYxyXYxxYXyxYX,1,90026,501,20
ac19_50664,YXXyx,YYYXYXyxyyxxxxx,2,90154 126440,501,19
ac19_50676,YXXYx,YYYXXyXXYYxyxx,1,90177,501,15
ac19_50677,YXYXyx,YYXyXXYYxYXXX,1,90179,501,15
ac19_50694,YXyXXyx,YYxyxxxyXYXyX,1,90226,501,15
ac19_50697,YXYXyx,YYXXyXXyxYxxxyx,3,90236 108485 123678,501,17
ac19_50717,YXXyx,YYXYXyxyXyXyXXX,2,90274 123732,501,18
ac19_50721,YXYXyx,YYXXXXXyyxxYx,1,90285,501,19
ac19_50722,YXyXXyx,YYxxYXyxyxyXX,1,90289,501,17
ac19_50732,YXYxyx,YYXyXyxxYXyxx,1,90312,501,15
ac19_50751,YXYXyx,YYYYYxyyyXXXX,1,90360,501,19
ac19_50754,YXXyXYx,YYXyXYYXyXX,1,90369,501,15
ac19_50761,YXYXyx,YYXyXXyyxxxxx,2,90390 142473,501,19
ac19_50762,YXYXyx,YYYxyyxyXXyxx,1,90392,501,15
ac19_50782,YXXyXyxx,YYYYxxYxyxx,1,90446,501,19
ac19_50806,YYXXXyxYX,YYXXXyyxYx,1,90501,501,15
ac19_50810,YXYXyx,YYYXXXyXXYYYxyx,2,90511 122676,501,19
ac19_50824,YXXX,YYYXYYXyyxxyyyx,1,90545,501,17
ac19_50826,YYXXyxx,YYYXYXYxxYYX,1,90551,501,16
ac19_50827,YXXyx,YYYXYxyyxyxyxxYx,1,90556,501,19
ac19_50839,YYXXXXYX,YYxYXyXyXYX,1,90581,501,15
ac19_50841,YXXyXyxx,YYYxxxYYx,2,90583 139445,501,17
ac19_50843,YXYxyx,YYYXYXyyXyxxx,1,90596,501,15
ac19_50848,YYXXyXyyX,YXyxYXXyx,4,90608 102753 104915 149923,501,17
ac19_50864,YXYXyx,YYYYxyXXXyxyx,1,90645,501,17
ac19_50867,YYXXXXXyX,YXyXYxyxx,1,90652,501,16
ac19_50870,YYXXXXyyXYX,YYXXXXYXXyyX,1,90661,501,19
ac19_50872,YXYXyx,YYXXYYxYYXXyX,1,90664,501,17
ac19_50875,YXyXXyx,YYxyxxyXYXyXX,2,90675 121787,501,16
ac19_50880,YYXXyxxyx,YYXyXXyxyx,1,90695,501,13
ac19_50885,YXYXyx,YYYxYXXyXXXYx,1,90709,501,19
ac19_50891,YXYXyx,YYYXXyXXXXYYxyx,1,90719,501,19
ac19_50892,YYXXXXyXX,YXXyXXYxxxxxxyX,1,90721,501,20
ac19_50910,YXXYx,YYYYXYYXYYXXyx,1,90757,501,18
ac19_50921,YXXYx,YYYXYXYxYxyyyX,1,90787,501,15
ac19_50926,YYYXXYYXXyX,YYYXXXYYXXX,1,90802,501,14
ac19_50933,YXXXX,YYYYxxyyxyxyyx,1,90818,501,14
ac19_50950,YXXyx,YYYXYYxyyXyyxxx,2,90853 101513,501,17
ac19_50952,YXYXyx,YYXyXyXXYYxYxyx,1,90857,501,19
ac19_50953,YXYXyx,YYXYYxyXXXXYx,1,90858,501,17
ac19_50954,YXYXyx,YYXXXXXyyxxYxyx,1,90861,501,19
ac19_50963,YYXXyxx,YYYxYXYxxyX,1,90896,501,15
ac19_50982,YXYXyx,YYXyXyyXYYxxx,1,90939,501,17
ac19_50987,YXXyx,YYYYXyyyXXXXX,2,90959 140437,501,18
ac19_50992,YXXyx,YYYXYXyxyXXyXXX,2,90979 102166,501,18
ac19_50993,YYXXXXyXX,YXyXYxyxx,1,90985,501,16
ac19_50996,YXXXXX,YYYYXyyxyyxxxyx,1,90995,501,17
ac19_51003,YXXYx,YYYYXXYYYxyyX,1,91009,501,15
ac19_51006,YYXXXyxx,YYXXYxxYXXX,1,91015,501,17
ac19_51009,YXXyx,YYYYXyXyXyyxYxxx,2,91035 95846,501,18
ac19_51016,YYXXXYXX,YYXXXXyyxYx,1,91053,501,15
ac19_51017,YYXXyx,YYYXXYxYXXX,2,91055 137312,501,15
ac19_51020,YXXyx,YYYYXXXyXyyyxyxx,2,91059 153659,501,16
ac19_51022,YYXXXYx,YYxYxxyXXXX,2,91067 156644,501,16
ac19_51023,YXYXyx,YYXYxyyXyyXyxxx,2,91068 120637,501,19
ac19_51029,YXYXyx,YYXYxyyXXXyyxYx,1,91087,501,17
ac19_51034,YYXXXXYX,YYYXYXyyX,1,91095,501,17
ac19_51039,YXyxYXXyx,YYXXYXyxYXyyX,3,91107 150357 152782,501,17
ac19_51049,YXYXyx,YYYYXXXXXyxxx,1,91127,501,17
ac19_51055,YXYXyx,YYYXXyXXXYYYxyx,2,91140 110102,501,19
ac19_51073,YXYXyx,YYXXyXXYxyXYx,1,91191,501,15
ac19_51086,YXXXXyxYx,YYXyXYxxyX,1,91215,501,15
ac19_51109,YXYXyx,YYXXyXXXYYxxx,2,91280 146576,501,19
ac19_51123,YXyXXyx,YYYxxYYxxyyx,1,91318,501,17
ac19_51124,YXyXYXyxx,YYXXyxYXyXYxyx,2,91331 114131,501,19
ac19_51134,YYYXXXXyx,YYYxyyXyyx,1,91367,501,18
ac19_51148,YXYXyx,YYYXXyxyXXXYYYx,2,91401 113573,501,19
ac19_51155,YXXyx,YYYYXYXyyxyyxxx,2,91417 96307,501,18
ac19_51157,YXYXyx,YYYxYXyXXXYXX,2,91419 154694,501,19
ac19_51160,YXYXyx,YYxYXYYxyXXyX,1,91423,501,17
ac19_51165,YYXXXyx,YYXYYXXYXyyX,1,91440,501,15
ac19_51166,YXYXyx,YYYYYYYXyXyXX,1,91443,501,19
ac19_51171,YXyXXyx,YYYxyyxxYxx,2,91456 135204,501,17
ac19_51197,YYXXXXX,YYYYXXXyyyx,1,91532,501,15
ac19_51212,YXXX,YYYXYxyyxYXyyyX,1,91574,501,19
ac19_51213,YXXyx,YYYYXyyyXyXyXX,3,91586 129389 138575,501,17
ac19_51214,YXXX,YYYXyXyyyXyxYYx,1,91588,501,19
ac19_51217,YXYXyx,YYYYxxyxYXXyXXX,2,91596 122307,501,19
ac19_51224,YYXXXyxYX,YYXyxYXXyx,2,91608 104005,501,16
ac19_51232,YXYXyx,YYYXyxyXXXXYYYx,1,91632,501,19
ac19_51250,YXYXyx,YYxYXYxYXyXXyyx,1,91678,501,17
ac19_51254,YXYXyx,YYXYxxxyXyyXX,2,91688 105250,501,17
ac19_51255,YYXXYYXXYx,YYXXYYxyxxyXX,2,91689 102071,501,17
ac19_51268,YXXyx,YYYYXyyxyxxxx,2,91719 97769,501,16
ac19_51280,YXYXyx,YYXYxxyXXyXXyxYxx,2,91747 118001,501,19
ac19_51292,YXXX,YYYYYXyxyxyXyyX,1,91785,501,17
ac19_51293,YXYXyx,YYYXyXXXYXXYx,1,91787,501,17
ac19_51305,YXXyx,YYYYYXyyxyXyXX,1,91854,501,18
ac19_51316,YXyXXXyX,YYXXXyyxx,1,91875,501,17
ac19_51320,YXyXXyx,YYxxxYXYXyxyx,1,91884,501,15
ac19_51321,YXYXyx,YYXYxYxyXXXyX,2,91886 114453,501,17
ac19_51336,YXXyx,YYYXyxyyXyXXYYx,2,91925 126310,501,17
ac19_51337,YXXyx,YYYYXyyXyyxxyxx,1,91926,501,19
ac19_51343,YXYXyx,YYYYXXXXYXXYx,2,91944 109870,501,19
ac19_51345,YXYXyx,YYYXXXyXyyxxxyx,2,91955 111861,501,19
ac19_51346,YXYXyx,YYXYYxYXyXXyX,3,91962 110458 125762,501,17
ac19_51352,YXYXyx,YYYXyyXXyxyxx,1,91980,501,17
ac19_51356,YYXXXYX,YYXyXXyxYx,2,91988 111297,501,15
ac19_51360,YXXyx,YYYXXXyyXyyxxxxYYx,1,91997,501,19
ac19_51366,YXyXXyx,YYXyXYxYXyxyxyX,2,92015 92932,501,17
ac19_51385,YXXyx,YYYYXyXyyyXXXyX,1,92058,501,19
ac19_51394,YXXYxxyX,YYYXXXXyxxYXX,4,92083 101869 117896 154965,501,15
ac19_51395,YXYXyx,YYYYxYXyxyXXX,2,92084 96712,501,17
ac19_51416,YXYXyx,YYYXXXyyXXYxx,1,92141,501,17
ac19_51418,YXXYx,YYYxyXYXYYXyyx,1,92143,501,18
ac19_51421,YXXyx,YYXYYxyxyyXXXX,2,92154 127326,501,17
ac19_51422,YXYXyx,YYYXYxxYXyyXX,1,92155,501,17
ac19_51429,YXXYx,YYYXYxyXYXyx,2,92173 104437,501,13
ac19_51438,YXYXyx,YYYYYxyXXXXYXYxyX,1,92201,501,19
ac19_51448,YXYXyx,YYYYYXYYxyyXXXX,1,92224,501,21
ac19_51453,YYXXXYYxx,YYYYXXXyxx,1,92233,501,18
ac19_51461,YXXYx,YYYXXXYxyyxyx,1,92257,501,15
ac19_51462,YXXXyxx,YYXyXYxyXYxyx,4,92258 99362 99795 133609,501,20
ac19_51471,YXYXyx,YYYYXYxyXyXXXYx,1,92285,501,19
ac19_51473,YXXYx,YYYYXXyXYxyx,2,92288 145679,501,15
ac19_51482,YXYXyx,YYYXyyyXXyxxx,2,92314 102235,501,19
ac19_51484,YXYXyx,YYYXyXXXYXYYx,1,92320,501,19
ac19_51504,YXXyx,YYYYXYYXyXyxyXyXyX,2,92364 94001,501,19
ac19_51506,YXXXyxx,YYXyyxYxyyxx,1,92369,501,16
ac19_51512,YXYXyx,YYYYYxyXXXXYX,2,92386 103375,501,19
ac19_51527,YYXXXXYxx,YYXXyyxxyx,1,92430,501,14
ac19_51533,YXXyx,YYYXYxyyyXyyXXX,2,92442 119440,501,18
ac19_51560,YXYXyx,YYYxxyyXXXYXX,2,92536 100437,501,19
ac19_51563,YXXyx,YYYYXyxyyyXyXYYx,1,92542,501,18
ac19_51570,YXXyx,YYXYYXyyxyyxxYx,2,92560 145072,501,18
ac19_51601,YXXX,YYYYYXyXyXyyx,1,92655,501,17
ac19_51613,YYXXyxx,YYXYYxxyXYX,1,92688,501,16
ac19_51651,YYXXXyX,YYxyxxxyXXX,1,92773,501,15
ac19_51660,YXXX,YYYYXYxyyXyyxyX,2,92798 112737,501,19
ac19_51662,YXYXyx,YYYYXXyyXXXYx,2,92802 96977,501,19
ac19_51664,YXXyx,YYYYYYXXyyyyyX,1,92807,501,15
ac19_51667,YXYXyx,YYYXXXXyXyxxYxx,1,92811,501,21
ac19_51678,YXyXXXyx,YYYxyyXXyXYXyyX,1,92831,501,19
ac19_51683,YXXyx,YYYYYXyyXyyXXX,1,92843,501,19
ac19_51689,YXXyxYx,YYXYxYxxxYXX,2,92864 136976,501,15
ac19_51701,YXyXXXyx,YYxyxYxyXyxYX,2,92901 153983,501,17
ac19_51703,YXYXyx,YYYXyxyXyyXXYYx,2,92903 155702,501,19
ac19_51705,YXyXXyx,YYYxxxYxxxyxyXYX,1,92906,501,19
ac19_51719,YXXyx,YYYXyyyXyXXYXYX,1,92944,501,18
ac19_51720,YYYXXXX,YYYXYXXXyyx,1,92947,501,17
ac19_51725,YXXXyxxYx,YYYxYxYXXX,2,92967 99423,501,14
ac19_51735,YXYXyx,YYxyXXyyXXyxYxx,2,92996 109921,501,19
ac19_51738,YXYXyx,YYXyXyxyXXYxYYx,2,93000 100976,501,17
ac19_51746,YXXyx,YYXYXyxyXyyXXXXX,1,93016,501,20
ac19_51751,YXXyx,YYYYYXXXyxyyyx,1,93026,501,16
ac19_51755,YYXXyxx,YYXXYYxxxyXX,2,93031 100401,501,18
ac19_51760,YYYXXYYXX,YYXXXXYYx,2,93041 112701,501,18
ac19_51761,YXYXyx,YYXXXXyyxxxYx,2,93043 130928,501,19
ac19_51765,YXyXXyx,YYXYxxxYxxyyx,1,93050,501,16
ac19_51775,YXYXyx,YYYXXyxyXXyyxxx,1,93071,501,19
ac19_51779,YXXyx,YYYXyXXyyXyyXXYX,2,93080 127400,501,19
ac19_51805,YXYXyx,YYYXXYYxyXXXX,2,93153 137363,501,17
ac19_51819,YXYXyx,YYYYYXyXXXXYX,2,93185 153591,501,19
ac19_51829,YXYXyx,YYYYxyXXYxyXX,1,93207,501,15
ac19_51831,YXXyx,YYYYYXyXyyXXyX,3,93209 113359 147341,501,15
ac19_51832,YXXyx,YYYYYYXyyXyXXyyX,1,93212,501,19
ac19_51836,YXYXyx,YYXXyXyXXYxYxyx,1,93225,501,17
ac19_51842,YXXX,YYYXyXyyyXYYx,1,93237,501,17
ac19_51850,YYXXX,YYYXYXyyXXyxYYX,1,93255,501,19
ac19_51851,YXYXyx,YYYXyXXyxYxyXXyxYxx,2,93256 101639,501,17
ac19_51878,YYXXYx,YYYYYXXyxyyyx,1,93329,501,15
ac19_51911,YXYXyx,YYYYYxyXXyxyXXX,1,93426,501,19
ac19_51920,YXyXYxx,YYYXXyyxxx,2,93456 122400,501,15
ac19_51936,YXYXyx,YYYXXyyXXyxxx,2,93494 107449,501,17
ac19_51956,YXyXXyx,YYXyXYxyxYxyxyX,2,93537 115550,501,15
ac19_51964,YXXYxxyx,YYYxxYYxxyXYx,1,93579,501,17
ac19_51967,YXXYxYxx,YYYxxyyXXYx,1,93584,501,17
ac19_51978,YXXXyxx,YYXyyXXYYxyx,1,93615,501,16
ac19_51991,YXYXyx,YYYxYxyxYXyXXyX,2,93669 95085,501,19
ac19_52002,YXYXyx,YYYXXYxxxyyXX,1,93696,501,15
ac19_52004,YXXYx,YYYYXyyXYXYYx,1,93704,501,15
ac19_52007,YXXX,YYYYXYXyyXyxyyx,1,93711,501,17
ac19_52008,YXYXyx,YYYYxxyyXXXyX,1,93713,501,19
ac19_52015,YXXyx,YYYYXXYXyxyyxyxx,1,93733,501,18
ac19_52019,YXXyx,YYYYYXyXyyXyXXYxyX,1,93749,501,20
ac19_52023,YXYXyx,YYXXyXXXYxxxx,1,93754,501,17
ac19_52026,YXYXyx,YYYXXXYXyyxxx,1,93762,501,15
ac19_52027,YXXYx,YYYXYXYXXyXYxx,1,93763,501,15
ac19_52037,YXyXXXyx,YYXYxyXXXyxYxxyyx,1,93791,501,17
ac19_52049,YXyXXyx,YYXyxxyyXYx,3,93845 120579 136436,501,15
ac19_52051,YXYXyx,YYYYxxYXyyXXX,2,93850 127368,501,19
ac19_52060,YXYXyx,YYYYXYYYxyXXyXX,2,93886 127255,501,21
ac19_52062,YXYXyx,YYXXXXyXYYxYX,1,93890,501,17
ac19_52069,YXYXyx,YYYXYxyXXyyXyyxYx,1,93904,501,21
ac19_52080,YXXYXXyx,YYYXXXyyX,1,93930,501,17
ac19_52090,YXXyx,YYYYYXYXyxyXyXyXyX,1,93951,501,19
ac19_52096,YXYXyx,YYXyXXyXyxxxx,1,93972,501,19
ac19_52099,YXXX,YYYXYxyyyXYxyyX,1,93983,501,19
ac19_52107,YXXX,YYYxYYXyXyyXyyx,1,94000,501,19
ac19_52114,YXYXyx,YYYXXyyyxYXyxxx,1,94025,501,17
ac19_52121,YXYXXYx,YYXXyXyxyxxx,1,94050,501,16
ac19_52127,YXYXyx,YYYxyXXyxyXyXYx,2,94062 117955,501,17
ac19_52130,YXyXXyx,YYYXyyyXXXyyX,2,94076 128918,501,18
ac19_52146,YYXXyx,YYXYxYXXYYXyX,2,94120 127629,501,19
ac19_52148,YXYXyx,YYXYxyyXXyXYx,1,94123,501,15
ac19_52154,YYYXXXXyx,YYXXXXXXYx,1,94140,501,15
ac19_52167,YXXyx,YYXyyxyXyxxxxxxYx,2,94170 102339,501,20
ac19_52184,YXXYxYxx,YYYYxxyXXyx,1,94208,501,15
ac19_52208,YXyXXyx,YYxyxyXYxyXXX,2,94253 104214,501,16
ac19_52211,YXYXyx,YYXyXXyyxYxxx,2,94258 135036,501,19
ac19_52215,YXXyx,YYYXyyyXXXXXyXYYX,1,94271,501,20
ac19_52217,YXYXyx,YYYYYXXXXXXYx,2,94277 126266,501,19
ac19_52220,YXyXXyx,YYxxyxyXYXyXX,2,94283 106333,501,16
ac19_52225,YXXyx,YYYXyXyyXyXXYYxx,1,94294,501,15
ac19_52240,YXYXyx,YYYxyxxyXXXyyyx,1,94335,501,19
ac19_52252,YXYXyx,YYXyyXyXXYxxx,1,94366,501,17
ac19_52257,YYXXXyxyx,YYXyXyxxyx,1,94373,501,15
ac19_52261,YXYXyx,YYYYxyxYXyXXyXX,2,94380 118151,501,19
ac19_52267,YXYXyx,YYYYYxyXXyxyyXX,1,94395,501,19
ac19_52268,YXXX,YYYYYXyxyxyyXyx,1,94396,501,17
ac19_52279,YXXXXyxYx,YXXyxxxxyx,3,94419 97043 149156,501,15
ac19_52290,YYXYxYXXYx,YYxyXyxxYXX,1,94465,501,17
ac19_52306,YXyXXyx,YYxxxYxxyxyXXYX,1,94505,501,18
ac19_52308,YXYXyx,YYXYxyXXXyXyxxx,1,94507,501,19
ac19_52318,YXyXXXyx,YYYxyXXXyyx,1,94533,501,16
ac19_52322,YXyXXXyx,YYXXXyxyXyX,1,94538,501,17
ac19_52325,YXXyx,YYYYYXyxyyXyXyyX,1,94556,501,18
ac19_52329,YXYXyx,YYXyXyXXYxyXYYx,1,94563,501,17
ac19_52341,YXYXyx,YYYYxYYXXyXXX,2,94594 113821,501,19
ac19_52346,YYXXyxx,YYxYXXYxYX,1,94612,501,16
ac19_52357,YXXyx,YYYXyXyxyXXXXYX,2,94649 123350,501,17
ac19_52360,YYXXXyxxx,YYXYXXYxYx,1,94652,501,18
ac19_52363,YXXXYxx,YYYYXXyxyyx,1,94658,501,17
ac19_52366,YXYXyx,YYXyyXXXyxYxx,2,94661 115250,501,17
ac19_52378,YYXXyXyyx,YYxxyXXyX,2,94697 135695,501,13
ac19_52387,YYXYXXXyX,YYYXXXyXyx,1,94719,501,15
ac19_52390,YXYXyx,YYYYYxyyXXXyX,1,94725,501,19
ac19_52393,YXYXyx,YYXXyXXXXYxYxyx,2,94736 138899,501,19
ac19_52410,YXXyx,YYYYXyXXyyxyyxxx,2,94791 133360,501,19
ac19_52412,YXYXyx,YYYXYxyyXXXyyxx,1,94795,501,19
ac19_52415,YXYXyx,YYYYYXYxxyXyXXX,2,94805 154395,501,21
ac19_52419,YXYXyx,YYYXyXYXXXXXYYx,2,94809 150699,501,19
ac19_52424,YXXyx,YYXyyXyXXXXXXYxYX,2,94815 154337,501,21
ac19_52433,YXXyxYx,YYXYXXyyxyx,2,94853 117911,501,15
ac19_52443,YXXyx,YYXYXyyXyyxxxYYx,2,94870 151810,501,18
ac19_52453,YXXyx,YYYXYXyyXyyyxxx,2,94897 153136,501,17
ac19_52459,YXYXyx,YYXXYxYxyXyyX,1,94916,501,15
ac19_52463,YXXyx,YYYYXYxyXyyXXyX,2,94933 152560,501,15
ac19_52475,YXYXyx,YYYXXyyyxxxyx,1,94966,501,17
ac19_52476,YXXYx,YYYXYYXXXYxyx,1,94969,501,15
ac19_52488,YXYXyx,YYYXyyXXXYxxx,1,95015,501,17
ac19_52495,YXXYx,YYYXYxyXXXyxyx,1,95032,501,15
ac19_52516,YXXyx,YYYYYXyxyyXXyXX,1,95089,501,19
ac19_52517,YXXyx,YYYXyxyxyyxxxx,1,95090,501,18
ac19_52521,YXyXXyx,YYXXXyXyXYXyxyxyx,2,95103 116689,501,18
ac19_52525,YXXYx,YYXXyyxyXYxxyx,1,95113,501,15
ac19_52551,YXXyx,YYYYYYXyyXXyXyyX,1,95211,501,18
ac19_52553,YXXYx,YYYXYYXYYXXyyx,1,95213,501,18
ac19_52554,YXYXyx,YYYXXXyXXYxxx,3,95214 98065 136570,501,17
ac19_52557,YXyXXXyx,YYXyXXYXyyxyx,1,95219,501,19
ac19_52564,YXyXXXyx,YYYxyyXyXYxYxxxyX,1,95233,501,19
ac19_52570,YXXyx,YYYXXXyXyyyxxxxx,2,95256 112016,501,16
ac19_52575,YXXyx,YYYYXyyyxyxxxxyx,1,95267,501,20
ac19_52578,YXYxyx,YYXyXXyyXyxyx,1,95281,501,15
ac19_52581,YYXXYYxyX,YYXXXYxYX,1,95290,501,17
ac19_52582,YXYXyx,YYYxYYxyXyyXXYxyX,1,95291,501,21
ac19_52593,YXYXyx,YYYYXyxyXXXyxxx,1,95314,501,17
ac19_52601,YXYXyx,YYYYxyXXXyXYX,2,95343 103624,501,19
ac19_52603,YXYXyx,YYYYYxxyXXXXYxyyX,1,95350,501,19
ac19_52628,YXyxYXXyx,YYXXyXYxyXyyX,1,95420,501,14
ac19_52643,YXyXXyx,YYYxyxyXyxYX,1,95456,501,16
ac19_52645,YXXyx,YYYXyXyyXyXyXXYX,1,95460,501,19
ac19_52653,YXYXyx,YYYYXXyXyyxxx,2,95479 106736,501,19
ac19_52665,YYXXX,YYYYXyyXyyXYxx,1,95523,501,18
ac19_52678,YXXyx,YYYYXYxYXyxyyXyyxyyX,1,95550,501,19
ac19_52691,YXXyx,YYYYYXyyXyxyxx,1,95597,501,12
ac19_52698,YXYXyx,YYXXyXXyyxYxx,1,95617,501,17
ac19_52705,YXYXyx,YYYxxYXYxyyXyyX,1,95632,501,19
ac19_52713,YXyXXyx,YYYxyXXyxxyXX,1,95655,501,16
ac19_52722,YXXyx,YYXYYxyyXXyXyXyX,1,95688,501,16
ac19_52731,YXXyx,YYYYXXYXyyXyyXX,2,95699 105609,501,17
ac19_52740,YXYXyx,YYXyyXXXXYYxxyx,1,95724,501,19
ac19_52744,YXyXXyx,YYxxYXXyyxyXX,1,95736,501,16
ac19_52754,YXyxYXXyx,YYXXyxyXXyX,1,95764,501,17
ac19_52757,YYXXYxyxx,YXXYxxxYx,1,95769,501,14
ac19_52773,YXXyx,YYYYXyyyyxxYxxx,2,95805 107966,501,19
ac19_52783,YXyXXyx,YYxyxyXYYxxyXX,1,95835,501,11
ac19_52812,YYXXXYxx,YXyXyxxyx,1,95905,501,13
ac19_52829,YXYXyx,YYXXXXXXYxYXYYx,2,95941 113948,501,19
ac19_52830,YXyXXyx,YYYYxyxYXyxYXyxyx,2,95945 110020,501,17
ac19_52838,YXyXXXyx,YYXXyXYXyxYxxyxyX,1,95973,501,19
ac19_52840,YXYXyx,YYYYXXXXXyxyx,2,95975 106035,501,15
ac19_52847,YXXyXyX,YYYXyxyyXXyX,3,95994 132434 149387,501,15
ac19_52851,YYXXYXXYx,YYXXYxYxyXX,1,96003,501,17
ac19_52872,YXXYxxyx,YYYxxxYYxxx,1,96051,501,19
ac19_52873,YXXyx,YYYYXYXyyyyXXX,1,96057,501,19
ac19_52874,YXXyx,YYYYXXXyyxyyyxxxx,1,96062,501,19
ac19_52889,YXXyx,YYYXYYxyXyxyyxx,3,96123 144384 148374,501,18
ac19_52893,YXXYxxyX,YYXXXXXYx,3,96127 112000 112650,501,17
ac19_52896,YYXXXyX,YYYxyyXyx,1,96135,501,16
ac19_52897,YXXyx,YYYYXXXyyXyyyxxxx,1,96137,501,19
ac19_52915,YXXXyxYx,YYxYXYXXXYX,1,96180,501,17
ac19_52944,YXXyx,YYYXYYXyXyyxyxx,1,96260,501,18
ac19_52965,YYYXXXXyx,YYYYxyyyXX,1,96325,501,15
ac19_52975,YXyXYxx,YYYXXyyxYXyx,1,96363,501,15
ac19_52981,YXyxYXXyx,YYYXyxyXXX,1,96374,501,14
ac19_52992,YXXyx,YYYYYXXYxyyyyxyx,2,96398 105023,501,18
ac19_52998,YXXXyxYx,YYXXYXXXXYx,1,96423,501,17
ac19_53037,YXYXyx,YYXXXXyXYxYxx,2,96509 150879,501,17
ac19_53043,YXYXyx,YYXXyyXyxxxYx,2,96516 129630,501,19
ac19_53051,YXYXyx,YYXYxyyXyXyyxxx,2,96530 123110,501,19
ac19_53057,YXXyXYx,YYxYXyyxyXX,1,96543,501,15
ac19_53076,YXYxyx,YYXXXyyxYxx,1,96586,501,15
ac19_53077,YXXYx,YYXYYXYxxYXyX,2,96589 117083,501,15
ac19_53085,YYXXXYx,YYYXXYXYXyx,2,96616 113488,501,17
ac19_53094,YXYXyx,YYYXYYXyXyyyxxx,1,96640,501,19
ac19_53105,YXYXyx,YYXXyxyXXyxxxYx,1,96671,501,19
ac19_53112,YXXyx,YYYYXyXyxyyXyXX,4,96688 108996 118346 146240,501,18
ac19_53119,YXyXYxx,YYXYXXXyyxYxx,2,96706 109928,501,15
ac19_53129,YXYxyx,YYYXXyxxxYxyX,2,96731 134556,501,15
ac19_53136,YXYXXXX,YYxYXXXXyXyx,1,96756,501,16
ac19_53161,YXYXyx,YYYxyxYXyXyXX,2,96841 140228,501,17
ac19_53172,YXYXyx,YYXyxyXXyyxYxYx,1,96868,501,17
ac19_53201,YXYXyx,YYYxYYXyyXX,4,96943 97857 110528 151536,501,17
ac19_53207,YXXYx,YYYXyxYXXyxyx,1,96956,501,15
ac19_53257,YXXyx,YYYYXyyyyXXXYx,1,97086,501,18
ac19_53262,YXYXyx,YYXyXXXYYXXYx,1,97104,501,17
ac19_53270,YYYXXXX,YYYXyyXXXYx,1,97124,501,17
ac19_53272,YXYXyx,YYYYYxYXyxyXXyX,2,97131 147165,501,19
ac19_53275,YXYXyx,YYYxYYXyxyXXX,2,97137 121536,501,17
ac19_53283,YYXXXYx,YYYXXXyxyx,1,97161,501,14
ac19_53291,YXyxYXXyx,YYYXyxYXyxxyx,1,97180,501,14
ac19_53304,YXXYx,YYYXYXYYYXyXYx,1,97225,501,15
ac19_53319,YXyXXXyx,YYxyxyXYxyX,1,97284,501,16
ac19_53341,YXXXX,YYYYxyyXyyx,2,97332 124517,501,16
ac19_53350,YXXX,YYYXyxyyxyyXYYx,1,97364,501,19
ac19_53366,YYYYXXXXX,YYYYXyyXyx,1,97431,501,18
ac19_53379,YYXXYXX,YYXXyXyyxYYx,1,97476,501,15
ac19_53386,YYXXyxx,YYXXYxxxYXyx,1,97495,501,16
ac19_53390,YXXYx,YYYXyXXXyxYYxx,1,97499,501,15
ac19_53392,YXXyx,YYYXYXYxyXyyyXXX,2,97503 152907,501,18
ac19_53399,YXXyx,YYXYYxyxyXyyxyxx,1,97526,501,16
ac19_53400,YXXyx,YYYXYxyXyyxxxx,1,97528,501,2
ac19_53424,YXXyx,YYYXYXyxxyyyXyXXX,1,97606,501,18
ac19_53447,YYXXXXYxxx,YYXXXYXyxxx,1,97669,501,15
ac19_53464,YXXYxYxx,YYYYYXyxx,2,97706 135475,501,17
ac19_53480,YXXyx,YYYYXyXyxyyxxyx,1,97759,501,17
ac19_53486,YYXXyxx,YYYYYXYXYx,3,97774 120118 148546,501,15
ac19_53494,YXyXXyx,YYxyXyxxxyXYXYXyX,1,97798,501,18
ac19_53499,YXXyx,YYYXyyyXyyxxYx,3,97812 111692 135274,501,17
ac19_53506,YXYXyx,YYXYYXyyXyxxx,2,97828 135403,501,15
ac19_53512,YXYXyx,YYYYXyxyyyXXXYx,2,97846 110598,501,19
ac19_53525,YXXyx,YYYXyyXyXyyXYXXX,2,97886 123022,501,20
ac19_53527,YYXXXXXyX,YXXyXYxxxxxyX,2,97890 142398,501,17
ac19_53531,YXYXyx,YYYxYXyxyXXyyyx,1,97896,501,17
ac19_53533,YYXXYYXXX,YYXYxyXXYYXyX,1,97898,501,14
ac19_53540,YXYXyx,YYXyXXyXYxxxx,2,97924 119235,501,15
ac19_53541,YXYXyx,YYYxxYXyxyyXyyx,1,97926,501,17
ac19_53542,YXXyx,YYYYYXYXyyyxxyyx,1,97927,501,18
ac19_53547,YXYXyx,YYXyXXXXYxyXYXYYx,1,97943,501,19
ac19_53548,YXYXyx,YYYxYXyxyyXXX,2,97946 151687,501,17
ac19_53549,YXYXyx,YYXXyxyXXyXYYxx,2,97951 144501,501,17
ac19_53565,YXyXXyx,YYXyxYxxyxxYX,2,98001 154234,501,17
ac19_53587,YXXyXYx,YYXYXyXyxyx,1,98079,501,17
ac19_53591,YXYXyx,YYYYxyXXyxyXX,1,98091,501,17
ac19_53604,YXXyx,YYYYXYXyyyyxxx,2,98124 122073,501,18
ac19_53610,YYXXX,YYYYYYXyXXXyyX,1,98139,501,18
ac19_53618,YXYXyx,YYYYYxyXXXXyX,2,98155 110989,501,19
ac19_53639,YXYXyx,YYYYXyyXyXyxx,2,98205 109683,501,17
ac19_53649,YXYXyx,YYYYYxyxYXyXXyX,2,98228 99224,501,19
ac19_53659,YXYXXYx,YYYxYYXXXX,1,98251,501,16
ac19_53668,YXXyx,YYYXXYxxxyyyxx,1,98275,501,15
ac19_53687,YYXXYxyxx,YYXXyxxyXyx,1,98343,501,16
ac19_53688,YXYXyx,YYXXXXXyxxYxx,1,98350,501,17
ac19_53709,YXYXXXX,YYXXyyXYx,3,98406 107189 143071,501,16
ac19_53712,YXXyx,YYYXyyxyXyXXXX,2,98418 123808,501,18
ac19_53714,YXyXXyx,YYXXYxxyXyxyX,2,98421 114754,501,18
ac19_53729,YXyXXyx,YYXYxYxxxyxyx,1,98465,501,17
ac19_53760,YXyXXyx,YYYXyyXyxxx,2,98539 100412,501,18
ac19_53764,YXYXyx,YYXXXyyxyxxYx,2,98559 113078,501,19
ac19_53769,YXXyx,YYYYYXyxyyyXyxYx,1,98573,501,17
ac19_53781,YXYXXXX,YYXYYXyXyXyx,1,98623,501,16
ac19_53790,YXXYx,YYXYXyXYYxxYX,1,98640,501,15
ac19_53802,YXXXXyXXXyX,YYxxyxYxxxyx,2,98674 109831,501,17
ac19_53806,YXXX,YYYYYYXyXyXyXyX,1,98680,501,19
ac19_53819,YXXXYxx,YYYXXXyxxxYX,1,98717,501,14
ac19_53837,YXYXyx,YYXXXyXYYxxyx,1,98783,501,15
ac19_53839,YXXyx,YYYXYYxyXyxyyxxx,2,98798 142870,501,18
ac19_53842,YXYXyx,YYXXYXyXXYxYx,1,98806,501,17
ac19_53850,YXYxxYXyx,YYYYxxYYYxx,2,98827 126557,501,18
ac19_53857,YXXyx,YYYYXyyyxyxYxx,1,98846,501,18
ac19_53858,YXYXyx,YYXYYxxYXXXyX,1,98847,501,17
ac19_53860,YXYXyx,YYYXXXyxyyXyxxx,2,98851 126392,501,19
ac19_53878,YXYXyx,YYYXyxyXXXyyxYx,1,98906,501,17
ac19_53879,YXyXXyx,YYXyyxyXYYxyXXyX,2,98911 145426,501,17
ac19_53881,YXYXyx,YYYxYxyXXXyyx,1,98914,501,17
ac19_53911,YXYXyx,YYYYYXYxxyXXXXX,1,98992,501,21
ac19_53930,YXYXyx,YYXXYYxxyXyyX,1,99032,501,17
ac19_53935,YXYXyx,YYXXXyXXXYxYx,2,99045 140754,501,19
ac19_53956,YYXXyXyxx,YYXyxyXXYx,1,99103,501,15
ac19_53957,YXYXyx,YYYxYYXyxyXXXyX,1,99105,501,19
ac19_53970,YXYXyx,YYXyXXXyyxYxx,1,99145,501,17
ac19_53974,YXYXyx,YYYxYYXyXyXXX,1,99154,501,19
ac19_53980,YXyXYxx,YYYXXXyxYYx,1,99168,501,15
ac19_53992,YXXXXyXXYx,YXXXXYXXXXyxxxx,1,99192,501,17
ac19_54001,YXYXyx,YYXyXXXXYxxYxyx,1,99203,501,17
ac19_54002,YXYXyx,YYYXXXXXXXYxx,2,99204 110378,501,19
ac19_54021,YXXyx,YYYXyyyXXXYXX,2,99249 128829,501,17
ac19_54024,YXXyx,YYYYXXXyxxyyXX,1,99255,501,15
ac19_54038,YXYXyx,YYYxYXYxyyXXyyXYx,1,99295,501,19
ac19_54042,YYYXXXyxx,YXXYXXYxxx,1,99305,501,16
ac19_54052,YXYXyx,YYXXyxyXXYYxx,2,99330 112276,501,17
ac19_54060,YXXyx,YYYYXyyxyyxYxx,1,99354,501,16
ac19_54075,YXXYXXyxx,YYxyxYXyXX,1,99390,501,16
ac19_54082,YXYXyx,YYXXyxyXXXYxYxx,2,99410 135701,501,19
ac19_54096,YXYXyx,YYYXyXXYXyyxx,1,99458,501,15
ac19_54104,YXXyx,YYYXyyXyyXXYxYX,1,99487,501,17
ac19_54114,YXXyx,YYYYYXXXyyyXyXX,2,99513 101546,501,18
ac19_54115,YXYXyx,YYXYxyXXXXYYx,1,99514,501,17
ac19_54126,YYXXyx,YYYXYXyXyXYxx,1,99536,501,15
ac19_54138,YXXyx,YYYYXYxyyyxyyyXX,1,99580,501,18
ac19_54147,YXYXyx,YYYXXyyXXXYYx,2,99602 147628,501,19
ac19_54148,YXYXyx,YYYYxyXyyXyxx,1,99607,501,19
ac19_54150,YYXXXXyx,YXyXXYxyx,1,99614,501,15
ac19_54190,YXyXXXyx,YYxyxyXXYxxyX,1,99748,501,16
ac19_54193,YXXyx,YYXYxyXyyxyxYxYx,2,99762 101173,501,18
ac19_54200,YYXXYxxyx,YYYxYXXyxx,1,99774,501,15
ac19_54203,YXYXyx,YYxYXyxyXXyyx,1,99781,501,13
ac19_54212,YYXXYYx,YYXXyxYxYX,1,99815,501,16
ac19_54213,YXXX,YYYYXyxyyXYXyyx,1,99816,501,17
ac19_54228,YXYXyx,YYXXXYxxxYxyXXyXX,1,99855,501,19
ac19_54229,YXXyx,YYYXYYxyyXyXyXX,2,99859 118886,501,18
ac19_54243,YXXyXyxx,YYXXYxxxyxx,1,99879,501,17
ac19_54256,YXYXyx,YYYYxyXXXYxyX,1,99923,501,17
ac19_54273,YXXyXyX,YYYxxxxyxxx,1,99966,501,16
ac19_54282,YXYXyx,YYYYYYYXXyXXX,2,100005 153702,501,19
ac19_54283,YYYYXXXXX,YYYXyyyXYx,1,100007,501,15
ac19_54299,YYXYXXXyX,YYXyXYxyX,2,100053 120783,501,17
ac19_54302,YXXyx,YYYXyxyyXyXXXXX,1,100061,501,19
ac19_54307,YXXyXYx,YYXXyyxYXyx,1,100073,501,15
ac19_54318,YXXYx,YYYXYXyXYxxYX,2,100100 102780,501,13
ac19_54319,YYXXXyXYX,YYXXyyxYXX,1,100108,501,16
ac19_54320,YXXYx,YYYXYxyXYXXyx,1,100114,501,15
ac19_54324,YXXX,YYYYYXyyXyyyx,2,100128 118750,501,17
ac19_54325,YXYXyx,YYXXXyXYXYYxx,2,100129 135040,501,19
ac19_54334,YXXyx,YYYXYYXyyyxxyyyX,1,100156,501,7
ac19_54337,YXYxYXXYx,YYXXyxxYXYxyXyx,1,100166,501,21
ac19_54346,YXXyXYx,YYXXXXYXXyx,1,100207,501,17
ac19_54349,YYXXyxxyX,YYxxyxYxyX,1,100219,501,17
ac19_54350,YXXX,YYYYXYxyyxyXyyx,1,100223,501,19
ac19_54351,YXXYXXyxx,YYYXyXXYXX,3,100224 129748 140169,501,18
ac19_54352,YXXyx,YYXYYXyyXyXXXXXX,1,100226,501,21
ac19_54361,YXYXyx,YYYYxYXXyxyyXXX,1,100249,501,19
ac19_54388,YXYXyx,YYXXYYxYXXyXX,1,100303,501,17
ac19_54421,YYXXyXXYx,YYXyxyXyxx,1,100381,501,16
ac19_54423,YXYXyx,YYYXyXXyyxxYxyx,1,100388,501,19
ac19_54433,YXyXXyx,YYYXyyXXyyxx,1,100418,501,18
ac19_54434,YXXX,YYYXyXyyXyyxYYx,1,100419,501,19
ac19_54435,YXyXXXyx,YYYxxxxYxyxyX,2,100421 152101,501,17
ac19_54450,YXYXyx,YYXXyXyXXYxxx,5,100472 100856 101804 109466 129846,501,17
ac19_54455,YXYXyx,YYYXyXXyXYYYx,1,100483,501,19
ac19_54464,YYXXYxYXyx,YYXYxYXyXYx,1,100508,501,15
ac19_54466,YXXyx,YYYXYYxyXyyyXXX,1,100510,501,19
ac19_54472,YXXYx,YYYXYXyXYYxYYX,1,100528,501,13
ac19_54476,YXyXXyx,YYxxyxxYxyxYX,1,100535,501,17
ac19_54478,YYXXyxx,YYXXYxxYxYXX,1,100541,501,16
ac19_54491,YXYXyx,YYYYXXYYxyXXX,1,100591,501,17
ac19_54494,YXYXyx,YYYXyxyyXXXyxxx,1,100595,501,17
ac19_54514,YXYXyXXYXyX,YYYXyXXyxYxyxyx,1,100635,501,19
ac19_54528,YYXXYYXXX,YYxxyXyXyx,1,100680,501,17
ac19_54535,YXXyx,YYYXYxyyXXyXXXX,1,100699,501,19
ac19_54536,YXXXYxx,YYYXyXyXYYxx,1,100700,501,15
ac19_54540,YXYXyx,YYXYYxxxyyXyX,1,100707,501,17
ac19_54560,YXXYxxyX,YYXXYxYYXXX,2,100751 140280,501,13
ac19_54565,YXXYx,YYXyyXXyxYxyx,2,100756 101678,501,15
ac19_54573,YXYXyx,YYYYXyxyXXyyxYx,2,100774 110211,501,17
ac19_54576,YXYXyx,YYYXXXyXyxxxx,2,100780 125173,501,19
ac19_54582,YXXyx,YYXYXYxyXyyXXXXX,1,100789,501,20
ac19_54586,YXYXXYx,YYYxxYXXXYXX,1,100798,501,16
ac19_54599,YXyxYXXyx,YYXyxYXyyXXXyX,1,100860,501,18
ac19_54616,YYXYYXXXyX,YYXYXXXYYXXXX,1,100913,501,21
ac19_54621,YXyXXyx,YYXXXyXYxyxyx,2,100927 126723,501,15
ac19_54631,YXYXyx,YYYXyXXXYxYXX,1,100961,501,17
ac19_54646,YXYXyx,YYYXYxYYXXXXX,1,101002,501,19
ac19_54655,YXYXyx,YYYYxYYXyXXYXyX,1,101031,501,19
ac19_54672,YXyXXyx,YYXyXYYxxxyxx,1,101089,501,17
ac19_54675,YXyXXyx,YYXYXyXyxYxyxyx,1,101097,501,17
ac19_54685,YXyXXyx,YYYXyXXXyxyxx,1,101136,501,17
ac19_54690,YXyXXXyx,YYXyXXYxyyx,2,101146 121881,501,15
ac19_54725,YXXyx,YYYYYYXyyXXyyXyX,1,101264,501,18
ac19_54732,YXYXyx,YYXyyxyXyyXYYxYxx,1,101290,501,19
ac19_54747,YXYXyx,YYYXyyXXYXYxx,1,101331,501,17
ac19_54757,YXXyx,YYYXyyXXXyyXXX,1,101357,501,18
ac19_54765,YYXXXYx,YYYYXXYXYYYXX,1,101379,501,17
ac19_54766,YXYxyx,YYXyXyxxxYxYXyx,2,101383 151938,501,17
ac19_54794,YXXyx,YYYYXXXyyxyyyX,1,101450,501,16
ac19_54799,YXYXyx,YYXXyXXYYxxyx,2,101465 115752,501,17
ac19_54802,YXyXXXyx,YYXyyxxYx,3,101476 142935 154714,501,17
ac19_54835,YYXXYx,YYYXYxxyXyX,1,101578,501,17
ac19_54846,YXYXyx,YYYXyxyyXXXYxYx,2,101604 139431,501,19
ac19_54852,YXXyx,YYYYXyxyXyxyyxx,2,101620 147439,501,18
ac19_54853,YXXyXyxx,YYxyxxYXXYx,2,101621 116582,501,15
ac19_54882,YXXX,YYYYYXyxyyxyXyx,1,101726,501,17
ac19_54889,YXyXXyx,YYXYxyxyXyX,2,101746 109819,501,17
ac19_54895,YXYXyx,YYYYxYXyxyXyXXX,1,101755,501,19
ac19_54898,YXyXXyx,YYXyxYxxxyxYX,2,101767 104930,501,16
ac19_54906,YXXyXyx,YYxyxxyXX,2,101785 142512,501,15
ac19_54912,YXXXXYx,YYXXXYXyyxx,1,101805,501,17
ac19_54922,YXYXyx,YYYXyxyXXyXYYxx,1,101842,501,17
ac19_54924,YXXyx,YYYXYXyyXyyXyXX,1,101851,501,18
ac19_54928,YYXXyxx,YYYYxYxxYXX,1,101860,501,18
ac19_54962,YXXyx,YYYXyyyXXXXYX,2,101945 121195,501,18
ac19_54969,YXXyx,YYYYXyyxyxyxxYx,1,101956,501,19
ac19_54995,YXYXyx,YYYXyxyXXyXyxxx,1,102032,501,19
ac19_55007,YXyXXyx,YYxYxxYXyyxyxYX,2,102053 105109,501,17
ac19_55008,YXXXyXyX,YYxxxYxyxyx,1,102054,501,19
ac19_55009,YXXX,YYYXYYxyyyxyXyx,1,102061,501,17
ac19_55016,YXXyx,YYYYXyxyyyXyXXX,1,102085,501,18
ac19_55019,YXXXXyxYx,YXXYXXyXYxYXXX,2,102092 143359,501,19
ac19_55030,YXYXyx,YYXXYYxYYXXXXXX,1,102131,501,19
ac19_55036,YYXYXXyXyx,YYXYXYXyXyX,1,102144,501,21
ac19_55039,YXYXyx,YYXXyXyxxxx,3,102152 124062 156238,501,17
ac19_55045,YXXyx,YYYYYXXXyXyXyXyX,2,102164 152773,501,18
ac19_55062,YYXXXXyxxxx,YYXXXXYxxyxxx,2,102201 146908,501,15
ac19_55068,YXXyx,YYYXyyyXXXXXYX,2,102210 148413,501,19
ac19_55069,YXYXXYx,YYYxxyyXYXX,2,102212 129883,501,14
ac19_55074,YYXXXYx,YYYYXXyyyx,1,102222,501,15
ac19_55080,YXYXyx,YYYYxYXyXXyyx,2,102242 104082,501,17
ac19_55081,YXyXXXyx,YYxYXyyxxYxyx,1,102243,501,19
ac19_55087,YXXYx,YYXYYXyxYXXyx,1,102258,501,15
ac19_55090,YXXYx,YYXYYXyXYXYxx,1,102267,501,15
ac19_55092,YYXXyxYXXyxx,YYXXyxxYXXYXXyx,2,102270 150426,501,18
ac19_55117,YXYXyx,YYXXyXyXyxxxx,1,102340,501,19
ac19_55122,YXYXyx,YYYYYYXYxyyXXXX,1,102354,501,19
ac19_55124,YXXyx,YYYYXXYXyyyXyXX,2,102365 116165,501,18
ac19_55128,YXXXyxYx,YYYXYYXyX,1,102374,501,17
ac19_55129,YXXX,YYYXYYxyyxyyXyX,1,102376,501,19
ac19_55131,YXXyx,YYYXYXyXyyXXXXX,1,102386,501,20
ac19_55133,YXyXXXyx,YYxYxyxyxYXXyxx,1,102390,501,19
ac19_55135,YXYXyx,YYYYxyyXyXyxx,1,102394,501,17
ac19_55148,YXYXyx,YYYXXXXYXyXYx,1,102425,501,17
ac19_55153,YXyXXyx,YYxxxyxYxyxYX,2,102433 137720,501,16
ac19_55164,YXXYxYxx,YYxxyxyXXyX,3,102466 110101 117821,501,15
ac19_55170,YXyXXyx,YYYYxyyxYXXyyx,2,102487 121552,501,17
ac19_55179,YXYXyx,YYXXXXyyxYxYx,2,102506 108496,501,17
ac19_55182,YXYXyx,YYYYXXyxyyXyxxx,1,102512,501,19
ac19_55198,YYXyxYXXyx,YYXyyxxYXyx,1,102550,501,17
ac19_55200,YXXyXyx,YYYxyXYxyxyX,1,102560,501,15
ac19_55208,YXYXyx,YYYxYxyxYXyyXXX,2,102577 137288,501,19
ac19_55211,YXyXXyx,YYXXyXXYxxyxxyx,1,102588,501,18
ac19_55212,YXXyXyx,YYYxxyxyXX,2,102589 137533,501,15
ac19_55217,YXXXyXXYx,YXyxxxxxyx,2,102611 145613,501,19
ac19_55233,YXYXyx,YYYYYxyyyXyXX,1,102669,501,19
ac19_55239,YXXyx,YYYYXYxyyyyXXXX,1,102684,501,19
ac19_55241,YXXyx,YYYXyyXXXXXyXYX,1,102689,501,17
ac19_55243,YXyXXyx,YYYxxyxyxYXXyx,1,102696,501,17
ac19_55247,YYXXXYx,YYYXXYXyxyx,2,102706 108085,501,17
ac19_55250,YXXX,YYYxyXYYXyyxyyx,1,102714,501,19
ac19_55260,YYXXXYX,YYXyxxYXXXyx,1,102740,501,17
ac19_55264,YXYXyx,YYYXyyyXXXYxx,2,102751 136907,501,19
ac19_55280,YXyXXyX,YYXYxxxyyXXyx,1,102790,501,17
ac19_55283,YXYXyx,YYYYxyyXXXYXX,1,102806,501,19
ac19_55290,YXXyx,YYYYXyyXXyxyyX,1,102821,501,15
ac19_55333,YXYXyx,YYXXyXXXXYYxxyx,1,102939,501,19
ac19_55336,YXYXXXX,YYXXXXXyyxxYx,1,102942,501,16
ac19_55352,YXYXyx,YYXYxxyyXXXXXYx,1,102989,501,19
ac19_55361,YYXXXyxx,YYYYXYXXX,2,103022 127836,501,17
ac19_55364,YXYXyx,YYXyXyyXXYxxx,1,103035,501,17
ac19_55377,YXYXyx,YYXyXyXyxyxxx,2,103066 139282,501,19
ac19_55388,YXYXyx,YYXyXXXXYYxYxyx,1,103100,501,19
ac19_55410,YXXyx,YYYYYXXXyXyyXyXX,2,103178 145532,501,18
ac19_55419,YXyXXXyx,YYXXyxyxx,1,103213,501,17
ac19_55422,YYXXYYXXX,YYXXYYxyXyXYX,1,103218,501,17
ac19_55426,YXYXyx,YYYYXyXXXXYYx,1,103227,501,19
ac19_55432,YYXXYXyyX,YYxyxyXXX,1,103238,501,15
ac19_55448,YXXX,YYYXyxyyxYYXyyX,1,103299,501,19
ac19_55463,YXYXyx,YYYYYXyyXXXYx,2,103340 126604,501,19
ac19_55470,YYXXyxx,YYxxYxxyXYXX,1,103356,501,18
ac19_55476,YXyXXXyx,YYXyxyxxYXXyx,2,103371 121137,501,17
ac19_55478,YXYXyx,YYXYYXyXXyyXyxYYx,2,103373 145830,501,19
ac19_55479,YXYXyx,YYXyXyXXyxxxx,1,103376,501,19
ac19_55487,YYXXYYXXX,YYXYYXXYXyXyx,1,103401,501,17
ac19_55494,YXYxyx,YYYXyXXyxyxYx,1,103419,501,15
ac19_55510,YXXyx,YYXYYXyyXXyXXX,1,103458,501,18
ac19_55512,YXXX,YYYXXyxyyXYYXyX,1,103466,501,15
ac19_55521,YXYXyx,YYXYYXXXXyXYx,1,103491,501,17
ac19_55526,YXXXYxxxyX,YYXXYYxYXXX,1,103507,501,14
ac19_55531,YXYXyx,YYXXXXXXyxxYx,1,103523,501,17
ac19_55544,YXXyx,YYYXyxyXyyXyXYX,2,103570 122481,501,14
ac19_55552,YXXYx,YYXYYXyXXYxyxx,1,103592,501,15
ac19_55564,YXYXyx,YYXyyXXyxyxxx,2,103625 156288,501,19
ac19_55594,YXYXyx,YYYYYXyxyyXXyxx,1,103704,501,17
ac19_55601,YXYXyx,YYXyyXXyyxYxx,2,103723 152525,501,19
ac19_55609,YXYXyx,YYYYxxyXXXXYXYxyX,1,103744,501,19
ac19_55618,YXYXyx,YYYXyxyXXyxyyxxYx,1,103771,501,21
ac19_55625,YXXyx,YYYYYXyxyyXyyXyX,1,103793,501,19
ac19_55631,YXyXXXyx,YYXYxyXXyyx,2,103807 115996,501,17
ac19_55633,YXXyx,YYYYXyyyXyyXXX,2,103809 109735,501,18
ac19_55634,YYXXXXyxx,YYxYXXyyXX,1,103812,501,14
ac19_55644,YXXXXyxYx,YXXYXXXXXXYx,1,103847,501,16
ac19_55645,YXYXyx,YYYYxYYXyxyXXyX,2,103850 129856,501,19
ac19_55656,YXYXyx,YYXXyXYXXYxYx,2,103889 129588,501,17
ac19_55667,YXXyx,YYYYXYXyyxyyXXXX,1,103916,501,19
ac19_55676,YYXXXYxx,YYXyXXyyxxx,1,103944,501,17
ac19_55689,YXYXyx,YYYXXYxYxyXXX,1,103975,501,17
ac19_55693,YXYXyx,YYYXXyxyXyXyxxx,1,103986,501,19
ac19_55699,YXYXyx,YYXyyXXXXYxxxYX,1,103998,501,19
ac19_55708,YXXX,YYYYYXyxyXyyxyX,1,104024,501,19
ac19_55720,YXXyx,YYYXYXyyXyXXXXX,1,104052,501,20
ac19_55737,YXYXyx,YYYYXyXXyyXYx,2,104099 121607,501,17
ac19_55744,YXXyXYx,YYYxYXyxyyXX,1,104120,501,15
ac19_55748,YXyXXyx,YYYxxyXyyXX,1,104130,501,17
ac19_55763,YXYXyx,YYXyXXXXYXYxyXYYx,1,104165,501,19
ac19_55777,YXYXyx,YYYYXYxYXyXXX,1,104194,501,19
ac19_55778,YXYXyx,YYYXYYYXyXXXX,1,104195,501,19
ac19_55798,YYXXYXyxx,YYYYYYXXyX,1,104263,501,15
ac19_55804,YXYXyx,YYXyXXXXYYxyx,2,104283 152241,501,17
ac19_55808,YXXyx,YYYXyyxyXyxxxxx,2,104294 134056,501,19
ac19_55811,YXXyXYx,YYxyXYXXyx,1,104305,501,15
ac19_55812,YXXyx,YYXYYXyXyxyxyyxx,1,104307,501,18
ac19_55823,YXYXyx,YYYxyXXXyxyxx,2,104333 129581,501,17
ac19_55825,YXXyx,YYXYYXyyxxyxyyXX,1,104335,501,12
ac19_55837,YXYXyx,YYYXYxyXyyXyyxx,1,104373,501,19
ac19_55845,YXYXyx,YYXYxYXyXyyXyxx,2,104387 120721,501,17
ac19_55862,YXXyx,YYYXYYYxyyyXyXyX,1,104438,501,18
ac19_55867,YXYXyx,YYYYxYXyxyXXyXX,2,104452 133208,501,19
ac19_55871,YXYXyx,YYYXyyxyXyXXYYx,1,104458,501,19
ac19_55879,YYXXX,YYYXyyXYYxxyyX,1,104481,501,16
ac19_55888,YXYXyx,YYXXXYYxxYXyX,1,104496,501,15
ac19_55891,YXYXyx,YYXyyXYxYxYXyXX,1,104505,501,15
ac19_55899,YXXX,YYYXYYXyyyXyX,1,104547,501,17
ac19_55936,YXyXXyx,YYYXXyyXXyyx,1,104677,501,16
ac19_55939,YXYXyx,YYYXyXXyyxxxxyxyx,2,104686 131775,501,19
ac19_55950,YYXXXXXXX,YYYxyyxyyx,1,104720,501,19
ac19_55951,YXyXXyx,YYYXyyxxxYx,1,104721,501,17
ac19_55959,YXYXyx,YYXYxyyXXXYYx,1,104739,501,17
ac19_55963,YXYXyx,YYYYYYXYxyXXXXX,1,104753,501,19
ac19_55971,YXYXXYx,YYXYxxyyXX,1,104779,501,17
ac19_55973,YXYXyx,YYYYYYxyXyXXX,2,104785 114272,501,19
ac19_55987,YYXXYx,YYYXYxxyXXYYX,1,104819,501,17
ac19_56000,YXXyXXYx,YYXXyxxyx,4,104854 105087 146124 152648,501,13
ac19_56004,YXXyx,YYYXyXyyxyxxxxx,2,104870 154228,501,20
ac19_56009,YXXYx,YYYXYXYxyyXyyx,1,104882,501,15
ac19_56028,YXYxyx,YYXXXyXyxxx,2,104933 156745,501,15
ac19_56062,YXYXyx,YYXXXXXYxyXYYxx,1,105039,501,19
ac19_56067,YYXXXYx,YYXYYXXYXyx,1,105052,501,14
ac19_56075,YYXXXXyxx,YYxyXyxyxx,1,105072,501,14
ac19_56121,YXXyx,YYYXyyXyXyXXYYX,2,105204 120477,501,19
ac19_56138,YXYXyx,YYYXXXXXXyxYxxx,1,105238,501,17
ac19_56142,YXXYx,YYXYYxxyXYXXyx,1,105244,501,15
ac19_56158,YXXX,YYYYYXyyXyxyxyx,1,105294,501,17
ac19_56160,YXYXyx,YYXXYxYxYXyyX,3,105297 112422 124552,501,17
ac19_56179,YYXXYx,YYYYYXXyyxyyx,1,105341,501,14
ac19_56185,YXYXyx,YYYXyxyXyyxxx,1,105358,501,17
ac19_56197,YXXX,YYYXyXYYxyyxyyX,1,105393,501,19
ac19_56199,YYXXXXXYx,YYXXXyxxxYXXX,1,105395,501,20
ac19_56201,YYYXXXX,YYYYYXyXyyyx,1,105401,501,18
ac19_56205,YXXyx,YYYYXXYxyyxyyxx,3,105418 132370 140707,501,17
ac19_56209,YXyXXyx,YYXXXyxxyxx,4,105428 132532 151641 155514,501,17
ac19_56211,YXXXXYx,YYYYYXyXyyyx,1,105432,501,19
ac19_56242,YXYXyx,YYYXXYxYXyXXX,1,105533,501,17
ac19_56245,YXXYx,YYYXYYXYXXyx,4,105536 125661 140230 148217,501,15
ac19_56249,YXXX,YYYXYYXyyyXyx,2,105548 147333,501,17
ac19_56259,YXyxYXXyx,YYXXYXyXyX,1,105578,501,17
ac19_56260,YXyXYXyxx,YYXyxYXXyx,2,105584 134805,501,19
ac19_56265,YXyXXyx,YYXYxyxYxyxYXyx,2,105593 141217,501,16
ac19_56269,YYXXX,YYYXYxyyXyyXYx,1,105600,501,18
ac19_56277,YXYXyx,YYxYxyXXyxyXX,1,105632,501,15
ac19_56304,YXYXyx,YYXyXyyxxYxYX,1,105701,501,17
ac19_56306,YXXYx,YYXYYXyyXYXYYx,1,105706,501,15
ac19_56324,YYXXyXyyX,YYxyXXXyx,1,105776,501,17
ac19_56326,YXYXyx,YYXYYXyXXyXyyxYYx,1,105784,501,19
ac19_56328,YXyXXyx,YYXyxYxyxyXXX,1,105791,501,17
ac19_56332,YYXyXYxyX,YYXXXYXyx,1,105800,501,16
ac19_56339,YXXYxxyx,YXYxxyXyXyX,1,105819,501,17
ac19_56354,YXyXXyx,YYxxyXXyxyXYX,2,105863 129227,501,15
ac19_56367,YYXXyxx,YYYxxxxYXyXX,1,105904,501,18
ac19_56368,YXyXXyx,YYYXXyXyyxx,2,105905 138819,501,17
ac19_56369,YXXXyxxYx,YYxYYxxyXX,1,105913,501,19
ac19_56376,YXXyx,YYYXyxxyyXyXXYYX,2,105933 141673,501,18
ac19_56392,YXXyx,YYYYXyXXyyXyyXX,2,105975 108282,501,18
ac19_56395,YXYXyx,YYYXXXXXXYxxx,1,105986,501,19
ac19_56400,YXYXyx,YYYYXyyyXXYxx,1,106012,501,17
ac19_56402,YXyXXyx,YYXXyyxxyX,2,106017 143903,501,16
ac19_56424,YXYXyx,YYYxxYXyyxyXX,1,106071,501,17
ac19_56451,YXyXXyx,YYxxyxxyxYXYx,1,106139,501,18
ac19_56464,YXYXyx,YYYYYxxyyXXXYxyyX,1,106179,501,19
ac19_56465,YYXXyx,YYXyXyxxxxyyx,1,106180,501,15
ac19_56496,YXYXyx,YYYYYXXYXyXXX,1,106277,501,17
ac19_56504,YXYXyx,YYYxYxYXyyyXX,2,106301 115419,501,19
ac19_56507,YYXXXyXYx,YXXXYxxxyX,1,106306,501,14
ac19_56516,YXYXyx,YYYYYxyxxyXyXXX,1,106338,501,19
ac19_56520,YXXYxYxx,YYYYYYxYYxx,2,106350 116428,501,11
ac19_56522,YXYXyXXYXyX,YYXXyXyXYXYXyX,1,106352,501,17
ac19_56556,YXXYx,YYXYXyxxYXyyx,1,106455,501,15
ac19_56568,YXXYx,YYXYXXyXYYxxyx,1,106483,501,15
ac19_56572,YXYXyx,YYXYxxyXyyXyxxx,1,106492,501,19
ac19_56575,YXYXyx,YYXyxyXXyyxxx,1,106499,501,17
ac19_56581,YXYXXYx,YYXyyXYxxYX,1,106510,501,17
ac19_56586,YXXyx,YYYXYYYXyXyxyXyXyX,1,106537,501,18
ac19_56591,YXyXXyx,YYYYxxxxYXyxyx,2,106546 117572,501,17
ac19_56595,YXXyXYx,YYXyXXYxyX,1,106558,501,15
ac19_56604,YXYXyx,YYXYxxxYXyXyX,2,106579 132462,501,17
ac19_56633,YXYxyx,YYXXyxxxYxYxx,1,106674,501,17
ac19_56642,YXXyx,YYYXYYxYXyxyyXyXyX,2,106700 145286,501,19
ac19_56653,YXYXyx,YYYxyXYXyXyXyxx,1,106738,501,17
ac19_56654,YXYXyx,YYXYxyXyyXyyxxx,2,106740 132268,501,19
ac19_56662,YXyXXyx,YYYYxxxYxyyx,1,106765,501,16
ac19_56681,YXYXyx,YYYYXXyxyXyyxxx,1,106831,501,19
ac19_56682,YXYXyx,YYYXYYYXXyXXX,1,106832,501,19
ac19_56692,YXXXyXyx,YYxyXYxyx,4,106854 129576 131481 153875,501,14
ac19_56694,YXYXyx,YYXXXyXyxyxYx,1,106863,501,17
ac19_56735,YXYXyx,YYYYYXXXXXXXYxxyX,1,106956,501,19
ac19_56758,YXYXyx,YYYYYxyXyXXyX,1,107017,501,19
ac19_56763,YXXyx,YYYYXyxyXyyXXyX,1,107031,501,14
ac19_56765,YXXyxYx,YYYYxYXYYX,1,107034,501,16
ac19_56769,YXXyXYx,YYXYXyyxyXYx,1,107048,501,16
ac19_56772,YXyXXXyx,YYXXyxYxyxxyX,1,107063,501,17
ac19_56777,YXyXXyx,YYXYxYxyyxx,1,107076,501,17
ac19_56782,YYXXyxx,YYYXXYxyXYx,1,107092,501,15
ac19_56798,YYXXXYxx,YYYYYXXYYYX,1,107136,501,19
ac19_56801,YXXYx,YYYXyxYYXXyx,1,107139,501,15
ac19_56812,YXXX,YYYYYXyxxyyxyyX,1,107175,501,17
ac19_56815,YXXYx,YYYYXyyyxyXYx,1,107184,501,15
ac19_56825,YXXyx,YYYYXyXyXyyXyxxxx,2,107219 128205,501,18
ac19_56829,YXYXyx,YYXXXyXyxxYYxyx,1,107226,501,17
ac19_56840,YXYXyx,YYYYXXXXXXYYxyx,2,107254 120639,501,19
ac19_56841,YYXXYxxyX,YYxyxYXXyX,1,107255,501,16
ac19_56843,YYXyXYYXXyX,YYXyxxxxyyX,2,107260 133249,501,20
ac19_56847,YXXyx,YYYYXYxyxyyyxx,3,107270 108735 136762,501,17
ac19_56852,YXXYx,YYYXYXYYXXyx,3,107284 126373 142294,501,15
ac19_56858,YXYXyx,YYXyyXyxyxYxx,1,107298,501,17
ac19_56870,YYXXXyXX,YXYxyXyxx,1,107331,501,15
ac19_56875,YXXYx,YYXXyxyxxYXyyx,1,107340,501,15
ac19_56882,YXXYxxyX,YYxYXXyyXYX,1,107378,501,17
ac19_56887,YXXX,YYXyyXXyyxYYx,1,107395,501,17
ac19_56897,YYXXXyxxx,YYXXXYxYXYxx,1,107417,501,16
ac19_56926,YXXyx,YYYXyxyXyxyxxxx,1,107501,501,18
ac19_56927,YXYXyx,YYYXyXXYXyXYx,1,107503,501,15
ac19_56928,YXXyx,YYYYYXyxyyyXX,3,107504 110854 154081,501,17
ac19_56937,YXXyx,YYYYXYxyxyyyXX,2,107520 148893,501,17
ac19_56953,YXXyx,YYXYXyyXyyxxxxYYx,1,107561,501,19
ac19_56957,YXXyx,YYYYXyyyxxyXyx,1,107570,501,15
ac19_56960,YYXXyx,YXXyxxxxxyXyX,1,107582,501,15
ac19_56961,YYXXyx,YYXYxyyXXyXYx,1,107584,501,13
ac19_56970,YYXXyxx,YYYYXXYxYYxYx,1,107601,501,16
ac19_56971,YXYXyx,YYXYxYXXyxyyXyyXYxYYx,1,107603,501,21
ac19_56972,YXYxyx,YYXyXXyyXyxYXyx,1,107607,501,17
ac19_56976,YYXXXyx,YYXyyXYYxxyX,1,107613,501,13
ac19_56979,YXyxYXXyx,YYXYxxyXyX,1,107616,501,15
ac19_56982,YXXYx,YYYXYYYXyyXYx,1,107626,501,15
ac19_56985,YXYXyx,YYYXYYxxxyXXyXX,1,107630,501,21
ac19_57002,YXXyx,YYXyxyXyXyXXXYX,2,107684 119525,501,16
ac19_57007,YXYXyx,YYYxxYXyXXyyX,1,107703,501,19
ac19_57009,YXXYx,YYYYXYXyXYxYYX,1,107705,501,15
ac19_57016,YXYXyx,YYxYXYxYXyyXX,1,107723,501,17
ac19_57020,YYXXXyXYx,YYXXyxYxyX,1,107731,501,16
ac19_57023,YYXXyxx,YYYXXXYxxxYx,1,107737,501,16
ac19_57027,YXXX,YYYXyyXYYXyxyyx,1,107748,501,19
ac19_57045,YXYXyx,YYYYYXYYxyXXyXX,1,107795,501,19
ac19_57053,YXXyx,YYYYXyyyxyyxxx,2,107814 151376,501,18
ac19_57054,YXYXyx,YYYYYYxyXyyXX,1,107815,501,19
ac19_57064,YXXyXyx,YYYXyxxyyXYx,1,107843,501,15
ac19_57068,YYXXYYx,YYYXyyxyXYx,2,107850 146965,501,16
ac19_57069,YXXXyxxYx,YYxxyXyXYX,1,107857,501,15
ac19_57072,YYXXXyxx,YYYXXXXyXYx,1,107867,501,15
ac19_57073,YYXYXXYYx,YYXXyxxYX,2,107871 132182,501,16
ac19_57088,YXYXyx,YYYYxYXyXXXyX,2,107908 141075,501,19
ac19_57094,YYXXYXXYx,YYXXyyxxYX,1,107920,501,15
ac19_57100,YXXyx,YYYXYXyxyXyXXXXX,1,107936,501,20
ac19_57132,YYXXYXyxx,YYYYXXXXYx,1,108011,501,15
ac19_57133,YXYXyx,YYYXXyxyXyxxx,1,108013,501,17
ac19_57164,YXXyx,YYYYYYXyyyxxyyx,1,108109,501,18
ac19_57168,YXXYXXYxx,YYYXXXyyxx,1,108118,501,17
ac19_57169,YXYXyx,YYXXyyXXyxYxxxx,1,108119,501,19
ac19_57175,YXYXyx,YYYYXyXyXXXYx,2,108140 117189,501,19
ac19_57179,YXXX,YYYXyXYYXyyxyyx,1,108160,501,19
ac19_57191,YXYXyx,YYXXyXXXXyxYxxYxyxx,1,108200,501,21
ac19_57192,YXXyxYXXyxx,YYXXyxYXyXYXyX,1,108201,501,20
ac19_57197,YXXYxxyx,YYxYYxYxxyX,1,108222,501,17
ac19_57198,YXYXyx,YYXXyXXyxYxyxYxyx,2,108223 123744,501,17
ac19_57201,YXYXyx,YYYYxYXyyyXXX,2,108229 120562,501,19
ac19_57209,YXYXyx,YYXYxyyXXyyxx,2,108241 149442,501,17
ac19_57210,YXXX,YYYYYXyyXyXyx,2,108244 140923,501,17
ac19_57218,YXYXyx,YYYXXyXXXXYYx,2,108281 144776,501,19
ac19_57220,YXXyx,YYYYXyyyXyXXXXXyX,1,108284,501,19
ac19_57234,YXyXXyx,YYYxyxyxYYXyx,2,108313 114474,501,17
ac19_57255,YXYXyx,YYYXyxyyXyXYYxx,1,108382,501,17
ac19_57258,YXYXyx,YYYXyXyyXYYxx,2,108392 155877,501,17
ac19_57267,YXYXyx,YYXYxxYxyXXyXXX,1,108424,501,21
ac19_57268,YXYXyx,YYXYxyXXXyyxx,1,108425,501,15
ac19_57270,YXYXXXX,YYYXyXXyyXYx,1,108430,501,16
ac19_57273,YXyxYXXyx,YYYXXXXyyX,1,108437,501,14
ac19_57276,YXYXyx,YYXXXXyyXYYxx,1,108442,501,17
ac19_57286,YYXXXyXX,YYXyxYxxyyX,1,108459,501,18
ac19_57292,YXYXyx,YYXXXyXyxxxxx,2,108468 150846,501,19
ac19_57294,YYYXXyxxyyX,YYXXyxxxxxx,1,108470,501,17
ac19_57295,YXYXyx,YYXXXyxyXXYYxxx,1,108473,501,19
ac19_57315,YXYxyx,YYYYXXyxxxxyX,1,108554,501,15
ac19_57319,YXXyx,YYYYYXyyxyXyxxx,2,108565 140712,501,18
ac19_57324,YXXXX,YYYYXyyxyyx,2,108574 144546,501,16
ac19_57326,YXXYxYxx,YYYXYxxYx,1,108582,501,17
ac19_57361,YYXXYYXXX,YYYXyyyXYx,1,108679,501,15
ac19_57368,YYXYXXXYx,YYXXXXyxxx,2,108690 110234,501,17
ac19_57371,YXYXyx,YYXYxYYXXyXXX,2,108705 145445,501,19
ac19_57372,YXXyx,YYXYXYxyXyXyXXXX,2,108714 136260,501,20
ac19_57411,YYXXYYXXX,YYXyXyxyxx,1,108830,501,15
ac19_57417,YXXyXYx,YYYxyxxyXyX,1,108838,501,15
ac19_57418,YXXyx,YYYXYYxYXyxyXyyXyX,2,108847 156303,501,18
ac19_57426,YXYXyx,YYYYXYxYxyXXyXX,1,108866,501,19
ac19_57444,YXXyx,YYYYXyyXXyyXYX,1,108905,501,17
ac19_57445,YXXyx,YYYYXYxyXyXXyXyX,1,108913,501,13
ac19_57450,YXyXXyx,YYYxyxxYxyyX,1,108925,501,15
ac19_57475,YXYXyx,YYXXyXyxyxYxx,1,109027,501,17
ac19_57491,YXYXyx,YYXyXXyyxxxyxxx,1,109079,501,19
ac19_57500,YXYXyx,YYXXXXXXYYxYx,2,109108 110603,501,19
ac19_57517,YXYXXYx,YYxyXXYXyx,1,109152,501,17
ac19_57521,YXYXyx,YYYxyyXXyxyxx,2,109161 155041,501,17
ac19_57541,YXYxxyXyx,YYXYXXyXXXyx,1,109214,501,19
ac19_57543,YXYXyx,YYYxyXYXyyyXyxx,1,109218,501,17
ac19_57544,YXyXXyx,YYxyXyxYXYXYxyxYxyx,2,109219 129258,501,17
ac19_57551,YYXXXXXyX,YYxyXXXXXX,3,109239 126490 155675,501,16
ac19_57570,YXyxYXXyx,YYXYXXyXyX,1,109299,501,17
ac19_57572,YYXXXYx,YYxYXYxYXXXX,1,109303,501,16
ac19_57579,YXYXyx,YYYXyyXyXXYYxyx,1,109325,501,19
ac19_57580,YXXXYxYx,YYXXXXYYxxx,1,109326,501,13
ac19_57607,YXXXyXYx,YYxxyXXYXyX,1,109383,501,17
ac19_57611,YXXyXyX,YYxYYxyxyxyx,1,109388,501,15
ac19_57614,YXYXyx,YYYxYXXyXXXYXYxyX,1,109393,501,19
ac19_57622,YYXXXXYX,YYYYXXyyX,1,109413,501,17
ac19_57626,YXYXyx,YYXXyxyXXXYYxxx,2,109425 133771,501,19
ac19_57641,YXYXyx,YYXyXXXXXYYxxyx,1,109462,501,19
ac19_57642,YXXYx,YYXXXYYxyXYxyx,1,109467,501,15
ac19_57657,YXXXyxYxx,YYYXYxxxyX,1,109523,501,14
ac19_57664,YXyXXYxyx,YYXXyXYXyX,1,109553,501,13
ac19_57669,YXXYxxyx,YYxxyXYxxyXyXYX,1,109566,501,17
ac19_57671,YXXYx,YYYXYYXyXyxyyx,2,109570 146803,501,15
ac19_57702,YXYXyx,YYYXyXyyXyxxx,2,109674 129998,501,19
ac19_57706,YXYXyx,YYYXyyXyxxxYX,1,109678,501,17
ac19_57725,YYXXYXX,YYYYxyyXyyyx,1,109728,501,19
ac19_57728,YYXXYXXYx,YYXXXyyxYx,1,109734,501,16
ac19_57738,YXYXyx,YYYYXXXXXYYXX,2,109764 115063,501,17
ac19_57755,YXXyx,YYYYXyxyyyxxYx,1,109802,501,18
ac19_57760,YYXXXyX,YYYxyyxxxyyX,1,109811,501,15
ac19_57765,YXXyx,YYYYXyxyyxyxxyxx,1,109824,501,20
ac19_57768,YXXyx,YYYXyXyxyyxxxYYx,2,109829 120718,501,18
ac19_57775,YXYXyx,YYYXyyXyXYxxx,1,109846,501,13
ac19_57777,YXXyx,YYYXyyXyXyyXXYX,2,109850 133476,501,19
ac19_57805,YXXyx,YYYXYYxyXyxyXyyyXYYx,1,109941,501,19
ac19_57828,YXXyx,YYYXyxxyyyxxxx,1,110003,501,15
ac19_57831,YXXYx,YYXYXYXXyXYYxx,1,110018,501,15
ac19_57837,YXXyx,YYXYxyXyyXXXXYX,2,110052 111119,501,19
ac19_57857,YXYXyx,YYYYXyXyXyyxx,2,110113 140921,501,19
ac19_57862,YYXXXYX,YYYXXYXXyyx,1,110128,501,16
ac19_57869,YXyXXXyx,YYxyxxyXYXXyX,1,110157,501,17
ac19_57876,YXXyxYx,YYYXYXyxYYxx,1,110169,501,15
ac19_57883,YXYXyx,YYYXXYXXXXYYx,1,110189,501,17
ac19_57889,YXYXyx,YYXyXXYXXXyXYxxxx,1,110210,501,19
ac19_57892,YYXYXYxYX,YXXyXYxYx,1,110216,501,16
ac19_57910,YXYXyx,YYYXyXXXXXYYxYX,1,110276,501,19
ac19_57915,YXXYxxyX,YYXXyyXYxYX,1,110290,501,17
ac19_57916,YXYXyx,YYxYxyXXyyxyx,1,110295,501,17
ac19_57917,YXXYxxyx,YYYxxYxxyXXYx,1,110296,501,17
ac19_57918,YXYXyx,YYXXYXyXXYYxx,1,110297,501,17
ac19_57921,YXYXyx,YYXXyXYXXYYxx,2,110303 129108,501,19
ac19_57933,YXXYx,YYYYXXyXYXYxx,1,110333,501,15
ac19_57948,YXXYx,YYXyyXXyxxxyyx,1,110371,501,15
ac19_57951,YXXyx,YYYYYXyXyyxyyyx,1,110379,501,18
ac19_57956,YXyXXyX,YYxyXyxYXYXyxyx,1,110395,501,17
ac19_57975,YXYXyx,YYYxYXYxyXXyX,2,110435 144804,501,17
ac19_57978,YXYXyx,YYYXXyXXXYxYx,2,110442 122306,501,19
ac19_57984,YXXyx,YYYYXyXXyXyXXX,1,110461,501,18
ac19_57992,YYXXXYxx,YYYXYYXXyyxyx,1,110483,501,19
ac19_58000,YXYXyx,YYYYXYxyXXXXX,2,110515 117049,501,17
ac19_58014,YXYXyx,YYXyXyXXXYYxx,2,110554 117132,501,19
ac19_58022,YXYXyx,YYXYxxyXyXXXYxx,1,110594,501,19
ac19_58035,YXYXyx,YYXYYxyyXXyyXYx,1,110630,501,17
ac19_58054,YXYXyx,YYXyXYXyXYXyXYxxx,1,110671,501,17
ac19_58061,YXXXXX,YYYYXyyxyyx,1,110683,501,17
ac19_58062,YXXyXYx,YYxxxyXXYXyX,1,110685,501,15
ac19_58076,YYXXXYxx,YYYXYXXyxyx,1,110717,501,19
ac19_58079,YYYXXXyyxx,YYYYXYxyyyXXYYX,1,110730,501,17
ac19_58086,YXYXyx,YYXyxyXyyxxYx,1,110749,501,17
ac19_58098,YYXXXYXyX,YYXyXYxyXX,1,110781,501,14
ac19_58105,YXXYx,YYXXXYxyxYYxyX,1,110801,501,15
ac19_58111,YXXYx,YYYXXyyxxYYX,1,110817,501,15
ac19_58114,YXXyx,YYYXYYxyxyyXXyX,1,110829,501,17
ac19_58115,YXYXyx,YYYYXXXXXXyxx,1,110832,501,15
ac19_58118,YXYXyx,YYXXXyxyXyxxYYx,1,110837,501,19
ac19_58123,YXXYXXyx,YYxxyXYXXXXyX,1,110851,501,17
ac19_58131,YXyXXyx,YYYXyxyxxxYXyx,1,110874,501,18
ac19_58142,YXyXXyx,YYXyXyxxyxYYXyx,2,110916 145693,501,17
ac19_58148,YXXyXyx,YYxxyxYYxxxx,1,110945,501,18
ac19_58149,YXyXXXyx,YYxyXyxyXYX,1,110951,501,19
ac19_58168,YXyXXyx,YYXyxYYxYxxyxyx,2,111011 124198,501,17
ac19_58174,YXYXXYx,YYxxYXXyX,2,111031 126547,501,16
ac19_58176,YXXYXXyX,YYxxyXyXXYXXX,1,111038,501,13
ac19_58183,YXYXyx,YYXYxYXyXYXyXXyXYxx,1,111062,501,19
ac19_58191,YXyXXXyx,YYXXyxxyx,2,111080 154611,501,17
ac19_58199,YXXyx,YYXYYxyxyXyXyXyX,1,111103,501,18
ac19_58201,YXYXyx,YYYXXYxxxyXyX,1,111106,501,11
ac19_58210,YXYXyx,YYYYxyXXyXXYX,1,111134,501,19
ac19_58222,YXXyx,YYYXyXyxyxxxxYx,2,111168 130874,501,19
ac19_58226,YXXyx,YYYXyyXyxyXXXYYX,2,111187 134532,501,19
ac19_58242,YXXyxYx,YYXYYXYxxx,1,111222,501,15
ac19_58252,YXYXXYx,YYXyXYxyXYx,1,111239,501,16
ac19_58267,YXXXYxx,YYXXXyyxxxYX,1,111294,501,14
ac19_58270,YXYXyx,YYXYYxYxyXXyX,2,111301 122814,501,17
ac19_58287,YXXyx,YYYYXYXyyyxyxx,3,111348 120452 155452,501,18
ac19_58302,YXYXyx,YYYxyyxyyXyXXYx,1,111379,501,17
ac19_58312,YXyXXyx,YYYXXyyxxx,1,111397,501,17
ac19_58326,YXYXyx,YYYYYYXyXXyxyXX,1,111424,501,19
ac19_58330,YXXYx,YYYXYxxxYXXyyX,1,111433,501,15
ac19_58334,YXXyx,YYYYXXYxYxyyyXyXyX,1,111446,501,19
ac19_58348,YXXyXyX,YYYxxyXyxx,1,111475,501,16
ac19_58350,YYXXyxx,YYXYxxxYxyXX,1,111481,501,16
ac19_58352,YYYXXXXX,YYYXXXyyx,2,111484 115335,501,13
ac19_58357,YXYXyx,YYYXXXyXXyxYxxx,1,111507,501,19
ac19_58397,YYXXYXyxx,YXXyXXYxxx,1,111620,501,15
ac19_58399,YXXX,YYYYYXyXyXyyX,1,111622,501,17
ac19_58410,YYYXXXYXX,YYYXXYYXyyX,1,111646,501,16
ac19_58411,YYXXyx,YYXXXXYxxxYXX,1,111648,501,15
ac19_58412,YXYxyx,YYXXyXyxxxx,4,111649 113429 143288 156444,501,15
ac19_58413,YXyXXXyx,YYYxyxYXyxYxxyXyX,2,111651 126069,501,19
ac19_58414,YXYXyx,YYXyyXXyXYYxx,2,111652 121550,501,17
ac19_58416,YXXyXyx,YYXyyXXyxyX,1,111661,501,14
ac19_58424,YXYXyx,YYYYYXXyXXXYxyXYX,2,111672 154771,501,19
ac19_58429,YXyXYxx,YYYYXYXXYxx,1,111686,501,15
ac19_58433,YXXX,YYYXyyyXyXyxYYx,1,111700,501,19
ac19_58436,YXyXXXyx,YYXXyxyXYxxyX,1,111711,501,17
ac19_58443,YXXyXyxx,YYYxyxyxxYX,1,111732,501,17
ac19_58476,YXYXyx,YYXYxYYXyXyXX,2,111818 125136,501,17
ac19_58489,YXXXXYxYx,YYXyxyXyxx,2,111851 119869,501,18
ac19_58505,YXyXXyx,YYXXXyyxxxx,2,111906 116397,501,18
ac19_58509,YXXXyxYx,YYxxyXXYX,1,111915,501,17
ac19_58513,YXXYx,YYYYXyXyxyxyyx,1,111941,501,15
ac19_58515,YXXYx,YYXyxYXXXYxyyx,1,111946,501,15
ac19_58522,YXYXyx,YYYYxxyxxyXXXyX,1,111962,501,19
ac19_58530,YXYXyx,YYYYXyXXXXXYx,2,111982 114510,501,19
ac19_58536,YXXX,YYYXXYYXyyyxyyx,1,112004,501,17
ac19_58543,YXYXyx,YYYXyxyyXXyyxYx,1,112026,501,17
ac19_58544,YXYXyx,YYYxYxyXXyXYX,2,112030 115448,501,19
ac19_58553,YXXXyxYxx,YYYxxxyyXX,1,112050,501,17
ac19_58556,YXXyXYx,YYXYXXXXXyx,2,112064 123149,501,15
ac19_58570,YYXXYxYxyX,YXYxyXYxxyX,1,112095,501,20
ac19_58597,YXXYx,YYYXYXYYXyXYYx,1,112169,501,15
ac19_58604,YXXyx,YYYXYYxyXXyyxyxx,1,112183,501,18
ac19_58622,YXYXyx,YYXYxyXXyXyyxYx,1,112231,501,17
ac19_58627,YXXYx,YYYxxyyXYXXyx,1,112244,501,15
ac19_58632,YXYXyx,YYYXyXyyyxYXyxx,1,112251,501,17
ac19_58643,YYXXXXYX,YYYXXXXyyxx,1,112290,501,15
ac19_58660,YXXYXXyx,YXyXYxyXXYx,2,112334 153097,501,17
ac19_58661,YXyXXXyx,YYxyxxyXXXX,1,112335,501,19
ac19_58673,YXYXyx,YYYXyXyXXXYYxyx,1,112373,501,19
ac19_58678,YXXyx,YYYYXyyyyxxYxx,1,112387,501,18
ac19_58690,YXXYx,YYYYXXyXXYxxyx,1,112415,501,15
ac19_58692,YXYXyx,YYYYXXyXXXXYx,2,112424 155701,501,19
ac19_58703,YYXXyxx,YXYxxYxyX,2,112456 133394,501,13
ac19_58707,YYXXXYx,YYXYXXyyxx,1,112463,501,16
ac19_58740,YXyXXXyx,YYXyyxYxyxxYx,1,112571,501,21
ac19_58745,YXXYx,YYXYYxxyyXXXyx,1,112590,501,15
ac19_58754,YXXYx,YYYXYXyXXYxyx,3,112611 129318 138133,501,15
ac19_58757,YXYXXYx,YYXyyxxYXyxYXX,1,112615,501,16
ac19_58767,YYXXXXXYx,YXyxxxyXyxx,1,112653,501,15
ac19_58768,YYXXyxxxxyX,YYXXXXYXXyyX,1,112658,501,19
ac19_58769,YXYXyx,YYXYxYxYXXXyX,1,112662,501,17
ac19_58770,YXYXyx,YYYYXXXXXXYxxyX,1,112664,501,17
ac19_58774,YXYXyx,YYYXyyXXXYxYX,1,112675,501,17
ac19_58776,YXYXyx,YYXYxyXXyXXyxxx,3,112677 135021 140962,501,17
ac19_58780,YXXX,YYYXYYXyXyyyx,2,112696 142543,501,17
ac19_58833,YXyXXyx,YYXyyXYxyxyX,1,112841,501,13
ac19_58845,YXYXyx,YYXyXXyyxyxxx,2,112870 123062,501,19
ac19_58863,YXYXyx,YYYXYYYXXXXXX,1,112941,501,19
ac19_58868,YXXYx,YYYXYXXyXYxyx,3,112961 115797 150918,501,13
ac19_58872,YXXX,YYYXYYxyyXyyX,1,112971,501,17
ac19_58887,YXXXX,YYYYXyyxyxxyyx,1,113030,501,16
ac19_58890,YXXYx,YYYXYYxyXXXyxx,1,113040,501,15
ac19_58895,YXyXXyx,YYYYxyXXyxyx,1,113048,501,16
ac19_58902,YXXyx,YYYYXyXyxyxyyxx,1,113069,501,17
ac19_58908,YXYXyx,YYxYXYxyXXyyXyx,3,113083 114545 127520,501,15
ac19_58912,YXYXyx,YYYXyyXXXYYYx,1,113090,501,19
ac19_58926,YXXX,YYYYxYxyyyXyXyx,1,113130,501,19
ac19_58964,YXXYx,YYXYYXyyxYXyyx,1,113245,501,18
ac19_58966,YXXyx,YYYYXYxYXyxyyXyyyxyX,1,113253,501,17
ac19_58971,YXYXyx,YYXXXyXyyxxyxYx,1,113267,501,21
ac19_58973,YXYXyx,YYYYxYXyXXXYX,2,113272 155333,501,19
ac19_58974,YXyXXyx,YYYxxyyXXyX,2,113275 152673,501,16
ac19_58985,YXYXXYx,YYXyxyXXYYx,2,113308 118444,501,17
ac19_59003,YYXXXYxx,YYYxxyxyXXX,1,113353,501,19
ac19_59012,YXYXyx,YYYYXYxYxyXyXXX,1,113376,501,21
ac19_59049,YXXYx,YYYXXYYYxyyxyX,2,113480 119666,501,15
ac19_59052,YXXyXYx,YYXXYxxyXXyx,1,113493,501,15
ac19_59074,YXYXyx,YYYYXyXyXXyxx,1,113558,501,17
ac19_59078,YXYXyx,YYXYxyyXXXyxxxx,1,113563,501,17
ac19_59090,YXYXyx,YYYXXYXXyyxxx,1,113589,501,17
ac19_59120,YYXXYYXXX,YYYXXYYXXYXyX,1,113680,501,15
ac19_59145,YYXXXXyXX,YXyxxyXXYxx,2,113748 146847,501,19
ac19_59155,YXXYx,YYXyyXXYXyxYxx,1,113768,501,15
ac19_59157,YXXXyXYx,YYXYxxyyXyx,1,113781,501,14
ac19_59162,YYXXyx,YYYYxyyXXYX,2,113799 135598,501,15
ac19_59165,YXyXXyx,YYXyxYxxyxyXX,1,113819,501,17
ac19_59170,YXyXXXyx,YYXyyxxYXyxYxyxYx,1,113830,501,21
ac19_59174,YXYXyx,YYYxyXYxxyXXX,1,113838,501,15
ac19_59183,YXXXXX,YYYYXyyxyyX,1,113868,501,17
ac19_59189,YXyXXyx,YYXyyxxyXYYx,1,113884,501,16
ac19_59200,YXXXXyXyX,YYxYxyxxyx,1,113914,501,18
ac19_59203,YYXXXXyX,YYXYXyxxyyx,1,113921,501,15
ac19_59205,YXXyXyx,YYXXXXyyXyxx,1,113928,501,14
ac19_59206,YXXyx,YYYXYxyyXyXyXYX,1,113930,501,18
ac19_59207,YYXXyxx,YYYXYxxyxYX,1,113933,501,15
ac19_59211,YXYXyx,YYXXyXXXyxYxxxx,2,113941 152000,501,19
ac19_59214,YXXyXyX,YYXyxxxxYxyx,1,113951,501,15
ac19_59223,YXXyx,YYYXXXyyxyyxxYYx,1,113977,501,17
ac19_59227,YXXyx,YYXYYxyyXyxyXyXXX,1,113989,501,18
ac19_59255,YXYXyx,YYYXXXXYXXYYx,2,114076 121960,501,19
ac19_59260,YXYXyx,YYYYYxyXyXXXX,1,114084,501,19
ac19_59271,YYYXXXXX,YYYXyyxxyyx,1,114111,501,19
ac19_59277,YXyXYxx,YYYXXyxyxYx,1,114132,501,15
ac19_59280,YXYXyx,YYXYxYXXyXXYx,1,114136,501,17
ac19_59281,YXyXXXyx,YYYxyxxxx,1,114138,501,17
ac19_59283,YXXYx,YYYYYXXYYXyxYX,2,114145 131002,501,15
ac19_59287,YYXXYYXXX,YXXXXyxxYx,1,114150,501,19
ac19_59290,YXYXXYx,YYYxxYXYXXXX,1,114155,501,14
ac19_59294,YXYXyx,YYYxYXyxyXXyyXYYx,1,114169,501,19
ac19_59301,YXYXyx,YYXXyyXXYxxxx,1,114182,501,17
ac19_59307,YYXYxyXXyx,YYYxyyXYxyX,1,114201,501,15
ac19_59330,YXXYx,YYXYxxyyxYYXXX,1,114259,501,15
ac19_59331,YXYXyx,YYYXXXXXyXYYx,2,114262 136915,501,19
ac19_59338,YXYXyx,YYXXYXyyXyxxx,1,114292,501,17
ac19_59340,YXyXXyx,YYYxxyxxxYXyx,1,114298,501,17
ac19_59353,YXYXyx,YYYXXYYxyyXXX,1,114317,501,17
ac19_59358,YXyXXyx,YYYYxyXXyxxxx,1,114328,501,17
ac19_59363,YXXYx,YYYXYXYYxxyyyX,1,114337,501,18
ac19_59368,YYXXXXYX,YYXyyxYYXXX,1,114350,501,17
ac19_59380,YXYXyx,YYYXyyXyyxxYx,2,114398 143486,501,19
ac19_59388,YYXXYXYXX,YYYYXXyxxyXXyx,1,114422,501,17
ac19_59393,YXYXyx,YYYxxyXXXyXYX,2,114444 118429,501,19
ac19_59397,YXXyx,YYYYXYXyxyyyxx,3,114458 125730 130513,501,17
ac19_59400,YYXXXyx,YYXyyxyxyxx,2,114466 147567,501,15
ac19_59404,YYXXyx,YYXXXYXXXXYYx,1,114480,501,15
ac19_59424,YXyXXXyx,YYXyXYxyxyx,1,114534,501,17
ac19_59436,YXyXXXyX,YYYXyXXyyyX,1,114562,501,17
ac19_59446,YXyXXyx,YYXYxyxyxYx,1,114609,501,18
ac19_59448,YXXyx,YYYYXyXXyyXXXX,1,114613,501,18
ac19_59449,YXYXyx,YYYxYYxyXyyXX,2,114616 126330,501,19
ac19_59460,YXXYx,YYYXyyXXyyxxxx,1,114647,501,15
ac19_59474,YYXXyx,YYXYYxxyXXX,1,114688,501,15
ac19_59478,YXYXyx,YYYXYYXyXXXYx,1,114693,501,17
ac19_59479,YXYXyx,YYXyyXXYXYYxx,1,114695,501,19
ac19_59481,YXYXyx,YYXYYxxYXXyXX,1,114698,501,17
ac19_59502,YXYXyx,YYXYxxyXXyXYx,1,114748,501,15
ac19_59517,YXXyXyX,YYxxyxxyXXYx,1,114800,501,15
ac19_59518,YXXYx,YYXyXYxyxYXyx,1,114801,501,15
ac19_59531,YXYXyx,YYYXYxyXyyXyxxx,1,114842,501,19
ac19_59537,YXyXXyx,YYYxxxyyxYx,1,114861,501,18
ac19_59545,YXYXyx,YYXXXyxyXyyxxYx,1,114884,501,19
ac19_59549,YXYXyx,YYXYxyXXXyXyyxYYx,1,114904,501,19
ac19_59555,YXXYx,YYYYXYXYYYXXyx,1,114920,501,18
ac19_59559,YXXX,YYYXyyxYXYxyyyx,1,114929,501,19
ac19_59563,YYXXYxYXX,YYXXYYXXyxx,1,114954,501,14
ac19_59572,YXXYx,YYXYXyXYYXYxx,1,114989,501,15
ac19_59576,YYXXXXyx,YXyxxxYXXyx,1,115001,501,17
ac19_59581,YXYXyx,YYXXYXXXyXYYx,1,115012,501,17
ac19_59598,YXYXyx,YYYYXXYXXXXXXYx,1,115064,501,19
ac19_59599,YXXX,YYYYXYxyyXyxyyX,1,115065,501,19
ac19_59606,YXXyx,YYYXYXyxyXXyXXXX,1,115091,501,20
ac19_59611,YXYXyx,YYXYYXXyXyxxx,1,115099,501,17
ac19_59613,YYXXyxx,YYXXXyxxyXyx,1,115102,501,14
ac19_59615,YXYXyx,YYYXYxyXyXXyxxx,1,115106,501,17
ac19_59619,YXXYx,YYXXyyXYYxxYX,1,115113,501,13
ac19_59621,YYXXYXX,YYYYXyxxyyXyyx,1,115119,501,15
ac19_59628,YXYXyx,YYYXXXXyXXYYxyx,1,115138,501,19
ac19_59629,YYXXXXYX,YXXXyXXYxxx,1,115143,501,15
ac19_59645,YXXyx,YYYYXyyXXXXXXyX,1,115182,501,17
ac19_59653,YXXYx,YYYXYxyyXyyxyx,1,115196,501,15
ac19_59661,YXXyx,YYXyyXyXXXXyXYX,1,115213,501,18
ac19_59663,YXYXyx,YYXyyXXyxxxxxYX,1,115218,501,19
ac19_59679,YXXyx,YYYYXyyyXXXXXX,1,115278,501,19
ac19_59683,YXyXXyx,YYYYxyxxxx,3,115293 136713 152545,501,17
ac19_59689,YXXyXyxx,YYxxYxyxxYX,1,115314,501,15
ac19_59696,YXYXyx,YYYXYxyXXyyxx,1,115332,501,15
ac19_59700,YXXyx,YYYYXyxyyxyyyxYx,2,115342 132364,501,18
ac19_59701,YXXYXXyX,YYYXyyyxx,1,115343,501,17
ac19_59703,YXYxyx,YYYXXyXyxxx,2,115347 142732,501,15
ac19_59712,YXXyx,YYYYXyxyyyxYxx,1,115369,501,17
ac19_59714,YYXXyyXYx,YXYXXyXYx,1,115375,501,14
ac19_59719,YYXXXYx,YYYYYYXXXXyx,1,115385,501,15
ac19_59734,YXXYXXyX,YYxxyXyXYxxyX,1,115430,501,13
ac19_59744,YXYXyx,YYYXyyXXYxyXYYx,1,115458,501,17
ac19_59749,YXYXyx,YYXXXyXYxYXYx,1,115472,501,17
ac19_59769,YXXXX,YYYYXyyxyyxyxx,1,115532,501,16
ac19_59776,YXyXXXyx,YYXXyXYXyxYxxxyyX,1,115557,501,17
ac19_59794,YXYXyx,YYXXXyyxYxxyx,1,115622,501,15
ac19_59795,YXXyx,YYYYXYXyxyyXyXX,1,115624,501,17
ac19_59800,YXXX,YYYYXyyXYxyyxyx,1,115640,501,17
ac19_59807,YXyXXyx,YYXYxyyXyxx,2,115665 147696,501,17
ac19_59831,YXYXyx,YYXYxYxxyXyyX,1,115753,501,17
ac19_59834,YXXXyXyX,YYxyxYxxxyX,6,115759 139136 150421 151379 152257 152380,501,15
ac19_59836,YXYXyx,YYYxyXXyxyyxx,2,115763 151254,501,17
ac19_59847,YXYXyx,YYYYXXyxYXXXX,1,115793,501,15
ac19_59869,YXXYx,YYXyxYXyxxxyyX,1,115859,501,15
ac19_59890,YXYXyx,YYYXyyyXyyxxx,2,115925 134552,501,19
ac19_59897,YXYXyx,YYYYXyxyyXXXXYx,2,115954 154742,501,19
ac19_59901,YYXXXXyxxx,YXXYxxxyXXXYx,1,115966,501,17
ac19_59903,YXXyx,YYYYXyXyyyXYXXX,1,115977,501,19
ac19_59905,YXYXyx,YYYxxxYXyXYXXyX,1,115983,501,19
ac19_59921,YXXYx,YYXXXYXXyyxYYxx,1,116029,501,15
ac19_59922,YXXX,YYYXYYXyyxxyyyX,1,116037,501,17
ac19_59923,YXYXyx,YYYYxyxYXyyyXXX,2,116042 148149,501,19
ac19_59929,YXYXyx,YYYYYxyyyXXyX,1,116071,501,19
ac19_59930,YXXYx,YYYXXyyxyyxYYX,1,116073,501,18
ac19_59939,YXYXyx,YYXXyyXyxxxYX,1,116099,501,17
ac19_59950,YXYXyx,YYYxxYXyxyXXXyX,1,116133,501,19
ac19_59973,YXyXXyx,YYXyxYYxxYXyyxyx,2,116219 142110,501,17
ac19_59975,YXyXXyx,YYxyxYxyxxYXX,1,116222,501,17
ac19_59980,YXXyx,YYYXyyyxxyxxYYx,1,116253,501,18
ac19_59983,YXXYx,YYYXYYYXXyxyyx,1,116261,501,18
ac19_59986,YXYXyx,YYYYxYXyXXXYXYxyX,1,116272,501,19
ac19_59994,YXXYxxyx,YXYxxxxYx,2,116302 146747,501,17
ac19_59995,YXyxYXXyx,YYXXyXXXyxYX,1,116304,501,17
ac19_60005,YXyXXyx,YYxyxyxYXyxYXYx,2,116340 124633,501,17
ac19_60015,YXYXyx,YYXXYYxxyyXyX,1,116379,501,17
ac19_60019,YXXyx,YYYXYXyXyXyXXXX,1,116389,501,20
ac19_60021,YXXX,YYYYxYXyyyXyXyx,1,116395,501,19
ac19_60027,YXYXyx,YYXXyXXyXYxxxyx,1,116411,501,15
ac19_60030,YXYXyx,YYXYxYXXyyXyxYx,2,116421 137001,501,17
ac19_60031,YXYXyx,YYXyXXXYYxxYX,1,116431,501,17
ac19_60044,YYXXyx,YYYXXXXYxYXyx,1,116467,501,15
ac19_60052,YXXyx,YYYYXyyyXyXXYX,1,116488,501,18
ac19_60056,YXYXyx,YYYXXyXyxxxYX,1,116505,501,15
ac19_60059,YXyXXyx,YYYXyyXYYxxyXyxyx,2,116508 129313,501,17
ac19_60065,YYXXYYXXX,YYXXXyxxYxyX,1,116522,501,18
ac19_60071,YXyXXXyx,YYXyyXYXyyX,2,116543 128199,501,15
ac19_60077,YXyXXyx,YYxYxyxYxyxyXYX,2,116557 144278,501,17
ac19_60085,YXyXXyx,YYYXyyxxYXyx,1,116605,501,17
ac19_60091,YYXXXyxxx,YYYXXYxxYx,1,116613,501,18
ac19_60108,YXyXXyx,YYYxyxyxYXXyxYx,2,116660 124769,501,17
ac19_60112,YXXyx,YYYXYxyXyyXyXXYx,1,116678,501,15
ac19_60116,YYXXyx,YYYYYYxyyXXyyyx,2,116697 118732,501,13
ac19_60123,YXXyx,YYYYXyyyyxYxxx,2,116721 132294,501,18
ac19_60132,YXXXX,YYYYXyxxyxyyyx,1,116759,501,14
ac19_60139,YXYXyx,YYYXYxyyXyXXYxx,1,116790,501,17
ac19_60142,YXXYx,YYYxyXYYXYXyyx,1,116795,501,18
ac19_60147,YXXyx,YYYYXyXyyXXXX,2,116817 125513,501,15
ac19_60148,YYXXXYXyx,YYxyXyxyx,1,116819,501,15
ac19_60154,YXXYxxyX,YYxxyXyXXyx,1,116840,501,14
ac19_60157,YXXXYxxxyx,YYxxxxyXXXX,1,116844,501,16
ac19_60184,YXYXyx,YYXXyXXXyxxxx,2,116920 131262,501,17
ac19_60191,YXYXyx,YYXyXYXyXXXyxYxxx,2,116936 141462,501,19
ac19_60213,YXXyx,YYYYXyyyxxyyxx,1,116992,501,18
ac19_60214,YXXyx,YYYYXyxyXyxyxyxx,1,116993,501,19
ac19_60218,YYXXXYxx,YYxxyXXyxYX,1,117016,501,17
ac19_60225,YXYXyx,YYXYxxyXyyXXYxx,1,117027,501,17
ac19_60269,YXXYx,YYXYXyyXXYxyxx,1,117161,501,15
ac19_60278,YXYXyx,YYXYxxyXyyXXYYx,1,117184,501,19
ac19_60280,YXXyx,YYYXyxyyXyyXXYX,2,117188 146711,501,18
ac19_60282,YXYXyx,YYXyXXyyxxYYx,1,117193,501,19
ac19_60286,YXXyx,YYYYXyyyXyXXXyXX,1,117206,501,20
ac19_60289,YXYXyx,YYXyxxYxxYXyXXXXyxx,1,117213,501,19
ac19_60291,YXXYx,YYXYXYYXXXYYxx,1,117224,501,15
ac19_60301,YXXXXX,YYYYxyxxxyyxyyx,1,117250,501,17
ac19_60302,YXyxYXXyx,YYYXXyyxxx,1,117252,501,14
ac19_60311,YXYXyx,YYYYYYXyyXyXX,2,117282 137488,501,19
ac19_60317,YXXyx,YYYXYXyyyxxxx,2,117289 147961,501,2
ac19_60318,YXXyx,YYYYYYXyXyyXXyyX,1,117290,501,19
ac19_60329,YXXYxYxx,YYYxYXXYxxx,2,117324 125582,501,15
ac19_60343,YXXyx,YYYXYxyXyyxyyxx,1,117358,501,18
ac19_60346,YXYXyx,YYYXyxyXXyXXYYx,2,117365 151559,501,19
ac19_60351,YXXyx,YYYYXyXyXXyXXX,1,117379,501,13
ac19_60353,YXXXX,YYYYxyyxyyyx,1,117383,501,17
ac19_60354,YXXyx,YYYYYYXyxyyyXyX,1,117386,501,18
ac19_60366,YXYXyx,YYXyXXYXyyxxx,1,117415,501,17
ac19_60368,YXyXXyx,YYXYXyxyxxYxxYXyyx,1,117426,501,19
ac19_60397,YXXXyxx,YYXXyXYXXXXyX,1,117505,501,16
ac19_60399,YXYxyx,YYxxYYxxYXYxx,1,117507,501,15
ac19_60418,YXYXyx,YYXXYXyXyxxYx,1,117552,501,11
ac19_60419,YXYXyx,YYYXYxyyXXyXYYx,1,117559,501,19
ac19_60435,YXYXyx,YYYYXyxyyXyyxxx,1,117608,501,19
ac19_60439,YXXXyXXyx,YYxxyxYXXyxx,1,117615,501,17
ac19_60447,YXYXyx,YYXXyXXXYxYxxyx,1,117636,501,19
ac19_60452,YXYXyx,YYXYYXyXXyyxxYx,1,117653,501,19
ac19_60458,YXXyx,YYYYXyXyyyxyyxYx,1,117667,501,19
ac19_60482,YXYXyx,YYXXyxyXyXXYYxx,2,117735 131647,501,19
ac19_60486,YXXyx,YYYXyXyxyyxyxxYX,1,117748,501,17
ac19_60492,YXYXyx,YYXXYYxxyyXXX,1,117767,501,17
ac19_60500,YXYXyx,YYXYxxyXyyXXXYx,1,117789,501,19
ac19_60511,YXXyx,YYYXXYxyyxyyxyxx,1,117837,501,18
ac19_60514,YXYXyx,YYXyXYxxxYXyXyX,1,117843,501,17
ac19_60525,YXXYx,YYYXYXyyXYxYYX,1,117879,501,15
ac19_60537,YXXX,YYYXYYXyXyxyyyx,1,117921,501,19
ac19_60541,YXXyx,YYYXyyxxyyXXYXYX,1,117933,501,18
ac19_60562,YXXyx,YYYYXyyxxyXyyx,1,117991,501,15
ac19_60570,YXXyx,YYXYYXyxyyxxxx,1,118011,501,12
ac19_60580,YXYXyx,YYYXyyXYxyXXYYx,1,118066,501,17
ac19_60587,YXYXyx,YYYxyXyyXXYxx,1,118079,501,17
ac19_60598,YXXyx,YYXYYXyxxyyXyyXX,1,118123,501,17
ac19_60620,YXyXXXyX,YYXXXyxyxxYxyXX,1,118193,501,19
ac19_60633,YYYXXXXyxyX,YYXXXXXXXXX,1,118238,501,16
ac19_60634,YXYXyx,YYXYYXyXXyyxxxx,1,118241,501,19
ac19_60642,YXYXyx,YYYYxyXyxyyXyxx,1,118269,501,19
ac19_60650,YXYXyx,YYXXXXXXXYxxyXYYx,1,118292,501,19
ac19_60676,YXYXyx,YYYYXyXYXXXXXYx,1,118388,501,19
ac19_60679,YXYXyx,YYYXYxyyXXXXYxx,1,118394,501,19
ac19_60690,YXXX,YYYYXYXYXyyyXyX,1,118428,501,17
ac19_60691,YXYXyx,YYYYxyXyXXXYX,1,118430,501,19
ac19_60693,YXXyx,YYYYXXYxyyXyyxxx,2,118433 125111,501,18
ac19_60696,YXYXyx,YYYYXYxxyXXXX,1,118455,501,17
ac19_60714,YXYXyx,YYXYxyXXyXyxxYx,1,118518,501,17
ac19_60727,YXXYx,YYYXyyXXYYxx,2,118555 118895,501,15
ac19_60734,YYXXyxx,YYYXYxYYXXYx,2,118594 121775,501,16
ac19_60754,YXYXyx,YYXyyXyyxYYxx,3,118655 145633 148358,501,17
ac19_60763,YXyXXyx,YYYXyXYxxxyxx,1,118689,501,17
ac19_60770,YXyXXXyx,YYXXXXyyxyX,1,118705,501,19
ac19_60781,YYXXyxx,YYXYXYxYxYX,1,118741,501,18
ac19_60798,YXYXyx,YYXYYxxxyXyXX,1,118798,501,17
ac19_60810,YXYXyx,YYYYxYXyXXyXX,2,118834 142254,501,19
ac19_60830,YXXyx,YYYXYxyyXyyxxYx,1,118875,501,16
ac19_60831,YXYXyx,YYXXXXXyyxYxxyx,1,118876,501,17
ac19_60854,YXyXXyx,YYXyyxxYXXyxx,4,118935 121704 131645 152692,501,11
ac19_60861,YXXYxxyx,YXyxYxYXXyxxx,1,118952,501,17
ac19_60883,YXXYx,YYXyXXYXYxxyyx,1,119016,501,13
ac19_60885,YXXYxYxxx,YYXyxxyXyX,1,119018,501,15
ac19_60886,YXXXYxx,YYYXXXyyxx,1,119019,501,14
ac19_60887,YXXyx,YYYXYxyXyyXyxxYx,1,119020,501,2
ac19_60895,YYXXXXX,YYYXyyXyyxxxx,1,119037,501,15
ac19_60903,YXYXyx,YYXyXXXXYYx,3,119048 119897 137386,501,17
ac19_60907,YYYXXXYYxx,YYYXYYYXyyx,1,119062,501,17
ac19_60914,YXYXyx,YYxYxyXYXyyXX,1,119081,501,17
ac19_60918,YXYXyx,YYYYYYXyyXXXX,1,119089,501,19
ac19_60921,YXyXXYxyx,YYXXyXXYXyx,1,119106,501,13
ac19_60923,YXYXyx,YYYYYXyyXXXXYxxyX,1,119112,501,19
ac19_60927,YXXYx,YYYYXYXXyxxYX,1,119122,501,15
ac19_60942,YXXyx,YYYYXYxyyyxyXXYxyX,1,119156,501,17
ac19_60945,YXXYx,YYYXYXyxYXXyx,1,119179,501,15
ac19_60953,YXYxyx,YYXYXyyXyxxYx,1,119222,501,15
ac19_60966,YXYXyx,YYYxYxyXXyxyXXX,1,119255,501,19
ac19_60970,YXXyx,YYYYXYXyXyxyXyXX,1,119268,501,17
ac19_60989,YXYXyx,YYYYXyyyXXYYx,2,119323 131530,501,19
ac19_60993,YXXyXyxx,YYYxYxxxxYX,2,119332 120993,501,17
ac19_61001,YYXYYXyyx,YYXXXXYxx,1,119363,501,18
ac19_61003,YYXXXYX,YYXyXyxxxYXX,1,119372,501,17
ac19_61042,YXYXyx,YYxxYXyXyxyXX,2,119485 140474,501,17
ac19_61045,YYXXXYxyX,YYXyxxYXyX,2,119494 129307,501,18
ac19_61057,YXXX,YYYYXyyxYXyyxyx,1,119527,501,17
ac19_61058,YXYXyx,YYYYYXyXXXXYxyX,2,119528 120045,501,19
ac19_61062,YXYXyx,YYXyyXXXyxxxx,1,119539,501,19
ac19_61096,YXYXyx,YYXYYxYXXyXXX,1,119632,501,19
ac19_61102,YXYXXXX,YYYYXyXyXXyx,1,119646,501,16
ac19_61140,YXXyx,YYYYXYxyXyyXyXX,1,119756,501,17
ac19_61145,YXYXyx,YYYYxyXyXXXYYXX,1,119765,501,19
ac19_61157,YXYXyx,YYYXXXXXXYYYxyx,2,119798 154360,501,19
ac19_61172,YXYXyx,YYYYXYxxYXXXXyX,1,119846,501,19
ac19_61188,YXXX,YYYYXyxyyXYxyyx,1,119896,501,19
ac19_61193,YXyxYXXyx,YYXyxYYXXyXyX,1,119906,501,17
ac19_61206,YXXyx,YYYYXYxyyXyXyXX,1,119937,501,18
ac19_61208,YXYXyx,YYYxxxYXyxyyXyX,1,119939,501,19
ac19_61215,YXYXyx,YYYYxyXXXyXYx,1,119968,501,17
ac19_61219,YXXXyxx,YYXXyxxxYXyx,1,119975,501,16
ac19_61220,YXYXXXX,YYYXXyyyxYX,1,119977,501,16
ac19_61238,YXXyXyx,YYxyXXXyyX,1,120033,501,16
ac19_61248,YXYXyx,YYYxxxYXyXyXX,2,120054 153108,501,19
ac19_61251,YYXXYxxyX,YYXYXXyyxx,1,120059,501,16
ac19_61253,YYXXyxx,YYYYYYXYXYxxYYX,1,120061,501,16
ac19_61261,YXYXyx,YYXyXXXXXYxYXYx,1,120081,501,19
ac19_61283,YXYxyx,YYXYXyxxxYYxx,1,120152,501,15
ac19_61286,YXXYx,YYYYxxYXyXXXyx,1,120165,501,15
ac19_61293,YXXyx,YYYYXYXyxyXyyXX,1,120190,501,18
ac19_61317,YXYXyx,YYXyXXyyxYXyxxx,1,120248,501,19
ac19_61324,YXXyx,YYYXyXyxyXyyXXXYX,1,120263,501,18
ac19_61329,YXYXyx,YYXyXYxYYxyXyXX,1,120279,501,17
ac19_61336,YXXyx,YYYXYXyyXyyyxYYx,1,120305,501,17
ac19_61343,YXYXyx,YYYYYxyXXXYXX,1,120318,501,19
ac19_61349,YXXX,YYYYXyxyxyyyXYx,1,120341,501,17
ac19_61355,YXXX,YYYYXyyxxxyyX,1,120354,501,13
ac19_61358,YXyXXXyx,YYYxxxxyXyx,2,120363 154401,501,17
ac19_61366,YYXXXXyX,YYxxxxyXyXX,1,120386,501,15
ac19_61367,YXYXyx,YYYXXXyXyxxYxyx,1,120393,501,19
ac19_61369,YYYXXXX,YYYXXXYXyyx,1,120400,501,13
ac19_61373,YXXyx,YYXYYXyyxyyXXyXX,1,120410,501,20
ac19_61376,YXyxYXXyx,YYYXyXyxYXyXX,1,120415,501,14
ac19_61388,YXXX,YYYXyxyxYYXyyyx,1,120460,501,17
ac19_61397,YXXyXyx,YYYYXyyxxxyX,1,120488,501,15
ac19_61403,YXXXyXyx,YYYxyXyxx,1,120512,501,17
ac19_61411,YXYXyx,YYYxyxxYXyXyX,1,120522,501,17
ac19_61433,YXYXyx,YYXXXyyXYxYxx,1,120575,501,17
ac19_61444,YXXyXYx,YYXYXXXyXyxx,1,120624,501,15
ac19_61457,YYXXyxx,YYXYxxYYxyyX,1,120655,501,17
ac19_61464,YXXyxYXXyxx,YYXXXyXYXyxYXXyx,1,120674,501,16
ac19_61475,YXXyx,YYYYYXyyyxyXXXX,1,120712,501,19
ac19_61483,YXYXyx,YYXyXyxyXyxYYxx,1,120737,501,17
ac19_61488,YXYXyx,YYYYXXXXXYxyX,1,120755,501,17
ac19_61494,YXYXyx,YYYXXXXyyyxYxyx,1,120767,501,19
ac19_61497,YXYXyx,YYYYxyxYYXXyXXX,2,120777 121947,501,19
ac19_61529,YXXyxYXXyxx,YYXXyxYxyxYxyx,1,120854,501,16
ac19_61532,YXYXyx,YYYXyXXyxyyxx,1,120866,501,17
ac19_61537,YXYxxYXyx,YYXyyxYXyxYXyyx,1,120877,501,19
ac19_61538,YYXXYxxxxYx,YYXXyxxxYYx,1,120879,501,21
ac19_61545,YXYXyx,YYYYYxyxxyXXXXX,1,120909,501,19
ac19_61551,YXYXyx,YYXYxYXXXyXYx,1,120929,501,15
ac19_61563,YXXyx,YYYYXyyyyXXXyX,2,120961 130972,501,18
ac19_61566,YXYXyx,YYYXYxyXXyyXyxx,1,120967,501,17
ac19_61567,YXYXyx,YYXXXXyxyxYYx,1,120970,501,17
ac19_61570,YXYXyx,YYYYYXyxyXXXX,2,120974 133624,501,17
ac19_61573,YXYXyx,YYXyXyXXXYxxxYX,1,120987,501,19
ac19_61586,YXyXXyx,YYXYxxxyxYXyx,1,121026,501,15
ac19_61597,YXXX,YYYXYxyyxYxyyyX,1,121051,501,19
ac19_61606,YXyXXyx,YYYXyxxxxxx,2,121097 131671,501,18
ac19_61628,YXYXyx,YYXYxyXXyXYXyXYxx,3,121157 137016 156007,501,17
ac19_61640,YXXyx,YYYXyyxyyXXXXX,2,121212 128734,501,19
ac19_61653,YYXXXXyx,YXYxxyXyX,1,121251,501,17
ac19_61660,YYXXXyxxyxx,YXXXyXXXyxx,1,121267,501,17
ac19_61665,YYXXXyx,YYXyyXYYXXX,1,121280,501,15
ac19_61668,YXXX,YYYYYxyXyXyyXyx,1,121285,501,19
ac19_61669,YXYXyx,YYYYxyyxyXXyyxx,1,121289,501,19
ac19_61673,YXXX,YYYYxyyXyxyyx,1,121299,501,17
ac19_61677,YXXyx,YYYYXyyXyyxyxx,2,121312 154194,501,16
ac19_61678,YXyXXXXyx,YYXyXXyxyX,2,121314 137748,501,18
ac19_61685,YXXX,YYYXyxyyXYYXyyx,1,121340,501,19
ac19_61695,YXYXyx,YYYYYXyXXXyxx,1,121366,501,17
ac19_61702,YXXyx,YYYXYYXyXyyXyXXX,1,121380,501,18
ac19_61705,YYXXXyxx,YYxxxyxyXXX,1,121384,501,15
ac19_61736,YXXyx,YYYYXyXyxyxyxyxx,1,121480,501,18
ac19_61746,YXYXyx,YYXYYXXXXXXXYYx,1,121514,501,19
ac19_61754,YXYXyx,YYYXXyXyXyxxx,2,121546 144233,501,19
ac19_61767,YXXyx,YYYYYXyXyyyxyyx,1,121576,501,18
ac19_61770,YXYXyx,YYYXYxxyyyXXX,2,121595 147185,501,17
ac19_61796,YXYXyx,YYXyyXyXYYxxx,1,121697,501,17
ac19_61807,YXXYx,YYXYXyyXYXYxxyyx,1,121737,501,18
ac19_61824,YXXXYxx,YYYYYXXXyxyx,1,121777,501,18
ac19_61829,YYXXXXYxxx,YYXYYXXXYxx,1,121790,501,15
ac19_61835,YXYXyx,YYXXyXXYXXYYx,2,121802 140854,501,19
ac19_61852,YXXyXyX,YYXyyxYxxx,2,121866 135850,501,16
ac19_61862,YYXXYXXyX,YYXyXyxYxxyyx,1,121900,501,16
ac19_61871,YYXXXXyxxx,YYXXYYXXXXYxxYX,1,121913,501,21
ac19_61874,YXXyx,YYYXYxYxyyXyXyXX,1,121925,501,18
ac19_61877,YXYXyx,YYYYXyyXyxx,3,121931 127997 152413,501,15
ac19_61881,YXYxYXXYx,YYXYYXYxyXyx,1,121943,501,19
ac19_61882,YXXyx,YYYXyyyXyXXYYx,2,121950 125984,501,18
ac19_61907,YXYXyx,YYXyxyXXXXYxYYx,1,122037,501,19
ac19_61946,YYXXXyxYx,YYXyxYXXyx,1,122169,501,16
ac19_61963,YXXyx,YYYYXyxyXyXyXXyX,1,122236,501,19
ac19_61968,YXYXyx,YYXXyXXXyxxYxxyxx,1,122251,501,19
ac19_61970,YYXXXYx,YYxyXyxYXYX,1,122257,501,14
ac19_61995,YYXXyxx,YYxxyXXXYxyX,1,122339,501,16
ac19_62000,YXXYx,YYYXYXXyXYxyxx,1,122358,501,15
ac19_62033,YXXyx,YYYXyyXyXXXXYX,2,122427 151424,501,19
ac19_62038,YXXX,YYYXYYxyxyyyXyx,1,122444,501,17
ac19_62056,YXYXyx,YYYYYxyXXyXXX,1,122487,501,19
ac19_62069,YXXYxxyx,YXXyXyxxYXXXyxx,1,122538,501,19
ac19_62081,YXXYx,YYYxyXXYXXyxyx,1,122575,501,15
ac19_62082,YXXyx,YYYXXYYxyxyxyyxx,2,122576 133574,501,17
ac19_62118,YYYXXXXX,YYYXYXXXyyx,1,122712,501,19
ac19_62128,YYXXXXXyx,YXYXXXXyxx,1,122737,501,16
ac19_62129,YXYXyx,YYYYXyxyyyXyxxx,1,122741,501,19
ac19_62145,YXYxYXXYx,YYXXyxxYXXyxx,1,122816,501,21
ac19_62156,YXXYxxyx,YYYxxyxyXYXyX,1,122875,501,15
ac19_62169,YXYXyx,YYYxxYYXyXyXX,1,122905,501,19
ac19_62180,YXXXyxYx,YYXYXYXyXYx,1,122957,501,17
ac19_62183,YXYXyx,YYXYYxYXXXyyX,1,122961,501,17
ac19_62185,YYXXXYXyx,YYxyXYXXyx,1,122970,501,15
ac19_62188,YXXYx,YYXYxyXXYYxyX,1,122975,501,15
ac19_62192,YXXyx,YYYXYxyyyXXXXX,2,122987 152229,501,18
ac19_62200,YXXX,YYYXyyxyyxYYXyx,1,123009,501,19
ac19_62216,YXXYx,YYXYxxyxyXXyyx,1,123082,501,15
ac19_62223,YXXyx,YYYXyxYYXyyyxx,1,123105,501,15
ac19_62236,YXYXyx,YYXyXYXXXXYYx,2,123141 127939,501,17
ac19_62237,YXyXXyx,YYxYYxyxYxyxyXX,1,123142,501,18
ac19_62240,YXyXXyx,YYXyyxYYXyxx,1,123155,501,13
ac19_62274,YXXyXYx,YYXXyxYXyyx,1,123239,501,17
ac19_62288,YXyXXyx,YYXXXyXXXyyxyxx,1,123282,501,18
ac19_62305,YXXyx,YYXYYXyxyXyXXXXX,1,123342,501,20
ac19_62312,YXYXyx,YYXYxxyXXyyxx,1,123368,501,15
ac19_62315,YYXXXyX,YYYxyXyyX,1,123378,501,15
ac19_62328,YXYXyx,YYXXyXyXYYxxx,1,123417,501,17
ac19_62336,YXYXyx,YYYYxYXyxyyXXXX,1,123439,501,19
ac19_62338,YXXXyxxYx,YYXYxYYxYXYx,1,123443,501,19
ac19_62351,YXYXyx,YYYYXXYXXXXYx,2,123469 124685,501,17
ac19_62368,YXYXyx,YYYXYxxxyXXyX,1,123520,501,17
ac19_62371,YXXX,YYYXyyxyXYYxyyx,1,123539,501,19
ac19_62373,YXyXXyx,YYXXYxxyXXyxyxx,1,123542,501,18
ac19_62380,YXyXXyx,YYXyxyxxYXXyx,1,123560,501,13
ac19_62384,YXXyxYXXyxx,YYXyXXXXYXXyX,3,123565 131181 132768,501,17
ac19_62387,YXYXyx,YYXYxxyXXyXyyxx,1,123576,501,19
ac19_62397,YXYXyx,YYXyyXyXYXYxx,2,123616 146431,501,17
ac19_62402,YXXYx,YYYXYxyyXXyx,1,123628,501,15
ac19_62410,YXYXyx,YYYXXyXYXXXYx,1,123658,501,17
ac19_62433,YXYXyx,YYXXyXyyxYYxx,1,123720,501,17
ac19_62436,YXYXyx,YYYxxyXXXYxyX,2,123731 145380,501,17
ac19_62437,YXyXXXyx,YYXYxyXyxyX,1,123733,501,19
ac19_62450,YXXXyxx,YYXXyxYXyXXX,1,123776,501,16
ac19_62459,YXXyx,YYYXyXyXyyXXXYYX,1,123799,501,18
ac19_62472,YXXX,YYYYXyyxyxyyXYx,1,123850,501,17
ac19_62479,YXyXXyx,YYXyXyyxyXX,1,123867,501,17
ac19_62483,YXXyx,YYYXyyXXXyXXYX,1,123879,501,17
ac19_62487,YXYXyx,YYXyyxyXXyxxx,1,123894,501,17
ac19_62507,YXXYxxyX,YYYYXYXXyXX,1,123934,501,14
ac19_62509,YYXXYYXXX,YYXXYXXyXYx,1,123942,501,19
ac19_62510,YXXXXYx,YYXXXyxYXyx,1,123943,501,17
ac19_62517,YXYXyx,YYxYXYxyXXyXX,2,123968 140989,501,17
ac19_62530,YXyXXXyx,YYxyxYXXXXyyx,2,124001 151401,501,15
ac19_62540,YYXXyx,YYYYXyyXXYX,2,124027 127297,501,13
ac19_62543,YXYXyx,YYYxxYXyXXyyXyx,1,124041,501,17
ac19_62561,YXyxYXXyx,YYXYXyXXXyx,1,124100,501,14
ac19_62569,YXXX,YYYXYYXyxyyXyyx,1,124118,501,19
ac19_62582,YYXXXYx,YYXXYXyyxx,1,124142,501,14
ac19_62584,YYXXyxx,YYxYxyXXX,1,124145,501,16
ac19_62598,YXXYx,YYYXXXYxxYYXYX,1,124183,501,15
ac19_62603,YYXXyxx,YYXXYxYxYX,1,124194,501,16
ac19_62605,YXYXyx,YYYYYxyXXyxyXyX,1,124197,501,19
ac19_62609,YXYXyx,YYYYxyyXXyXYx,1,124213,501,17
ac19_62612,YXXYxxyxx,YYxxxxYXXyx,2,124218 148895,501,15
ac19_62639,YXXYx,YYYXYxyyyXyyx,1,124314,501,15
ac19_62641,YXYXyx,YYYXyyXXYxxYX,1,124317,501,15
ac19_62654,YXXX,YYYXyxyyXYYxyyx,1,124351,501,19
ac19_62661,YXYXyx,YYXyyXXyXYxxx,1,124368,501,15
ac19_62671,YXyXXyx,YYXXyXYXyyxxyx,1,124388,501,18
ac19_62675,YYXXyxx,YXYXXXYxYxx,1,124402,501,16
ac19_62676,YYXXXXXyX,YYYXXXXXXyyX,2,124406 148477,501,16
ac19_62686,YYXXXyxxx,YYXXyXyyxx,1,124449,501,16
ac19_62699,YXXYxYxx,YYYYxyxxyXX,1,124483,501,15
ac19_62718,YXYXyx,YYXXyxyXXXXYYxx,2,124553 139357,501,19
ac19_62731,YXyXYxx,YYXYxYYXXyx,1,124603,501,15
ac19_62747,YXYXyx,YYXYxyXyXXyxxYx,1,124662,501,17
ac19_62752,YXXyx,YYYYXyXyyXyXXyXX,2,124670 128557,501,20
ac19_62765,YXXyx,YYYYXYYXyyyxxyyx,1,124709,501,18
ac19_62774,YXYXyx,YYXYYxYYxyXyyXX,1,124732,501,21
ac19_62787,YXYXyx,YYXyxyXyXyXYYxx,1,124761,501,17
ac19_62801,YYXXYYXXX,YYXYXyXyxx,1,124808,501,15
ac19_62814,YXYXyx,YYYxyXXXYYxyX,2,124841 131895,501,15
ac19_62816,YXYXyXXYXyX,YYYXyXXXYXyXyx,1,124848,501,19
ac19_62842,YXYXyx,YYYYxxyXXXyyX,1,124931,501,19
ac19_62850,YXYXyx,YYXYYxxyXyXXX,2,124948 145821,501,19
ac19_62852,YXXyx,YYXYYXyxyXyyXyXX,1,124956,501,18
ac19_62853,YXYXyx,YYXXyXyyxxxxx,1,124962,501,19
ac19_62870,YXYXyx,YYXYYxxxyXyyX,1,125026,501,17
ac19_62875,YXYXyx,YYxYXyyXXYxYX,1,125043,501,17
ac19_62887,YYYXXXYXX,YYXyyxxYXX,1,125086,501,15
ac19_62905,YXXX,YYYXyXYYxyyxyyx,1,125139,501,19
ac19_62907,YXYXyx,YYXyXYXXXYYxx,1,125148,501,17
ac19_62936,YXXYx,YYXyyXXYxyxyx,2,125245 152762,501,15
ac19_62938,YXYXyx,YYYxxYYXyxyXyXX,2,125248 135344,501,19
ac19_62953,YYXXXyXYX,YYxyXyxyx,1,125280,501,15
ac19_62973,YXXXyXyX,YYYxxxyxyxx,1,125329,501,15
ac19_62974,YXYXyx,YYYxYXYxyyXXX,1,125336,501,17
ac19_62976,YXYXyx,YYXXXyyXyxYxx,1,125348,501,17
ac19_62990,YXyXXyx,YYxxyxYxxxyxYXX,1,125369,501,17
ac19_63003,YXXyx,YYYYXYxyyyxyyXyX,1,125409,501,18
ac19_63005,YXYXyx,YYYxyyXXYxyXX,1,125415,501,15
ac19_63006,YXYXyx,YYXyXXXXYxYXYYx,1,125417,501,19
ac19_63014,YXyXXyx,YYYYxyXyxxx,1,125434,501,17
ac19_63016,YXXXXyxYx,YYYxxyXyXX,1,125442,501,15
ac19_63028,YXyXXXyx,YYXyXYxxyxyXX,1,125476,501,19
ac19_63036,YXYXyx,YYYYYxxyXXXXX,1,125493,501,19
ac19_63042,YXXYx,YYYXYXyxYYXyyx,1,125503,501,18
ac19_63047,YXYXyx,YYYYXyxyyXXyxxx,1,125515,501,19
ac19_63051,YXYXyx,YYYYxYXyXXXYxyXYX,1,125522,501,19
ac19_63053,YXYXXYx,YXYxYXXYxyXyXyxx,1,125527,501,17
ac19_63070,YXXYxxyx,YYxyxYxxyXX,1,125584,501,17
ac19_63078,YXXyx,YYYXYXyXyyXXXX,2,125604 130669,501,18
ac19_63093,YXYXyx,YYXyXXyyxxxYX,1,125648,501,17
ac19_63094,YXXXYxYx,YYXyyXyxxyx,1,125649,501,14
ac19_63109,YXYXyx,YYXyXYxxxxYxyXXyX,1,125686,501,17
ac19_63117,YXXXyxx,YYXyXXXYXXyx,1,125721,501,16
ac19_63121,YXYXyx,YYXYxxyXyXyyxxx,1,125729,501,19
ac19_63135,YXYXyx,YYXyXyXXYXYYx,1,125784,501,19
ac19_63143,YXYXyx,YYXXyyXXyxYxx,1,125807,501,17
ac19_63149,YXYXyx,YYXXXyXXyxxxx,1,125820,501,17
ac19_63163,YYXyxYXXyx,YYXyxYYxyXX,1,125860,501,17
ac19_63183,YYXXYYXXX,YYXXXXYYxyX,3,125925 127363 148336,501,17
ac19_63184,YXYXyx,YYYXyxyyXXyxxYx,1,125926,501,17
ac19_63201,YXYXyx,YYYXXXyXXyxxx,3,125971 137170 155184,501,17
ac19_63207,YXYXyx,YYYxYxyxyyXXX,1,125980,501,11
ac19_63210,YXyXXyx,YYXYXyxyxxYxYxxyx,1,125985,501,19
ac19_63231,YXXyx,YYYXyXXyyXXXYX,1,126053,501,17
ac19_63236,YYXXXXyx,YYXYYXyyXyX,1,126071,501,19
ac19_63239,YXYXyx,YYXYxYXyXXyyxYx,1,126076,501,17
ac19_63242,YXXYxxyx,YYXXXyXyxxyxx,1,126084,501,17
ac19_63245,YXYXyx,YYXXXXyyxxyxYxx,1,126098,501,21
ac19_63246,YXYXyx,YYYYXYxyXyyXXYx,1,126105,501,19
ac19_63266,YXXyXYx,YYXXXYYXXXX,1,126155,501,18
ac19_63274,YXYXyx,YYYYxyxYXXyyXXX,2,126174 144609,501,19
ac19_63283,YXXYx,YYYXYXXXYYxyx,2,126208 129979,501,15
ac19_63288,YXYXyx,YYYYxyXXyyyxx,2,126227 134329,501,19
ac19_63296,YXXyx,YYYYXyyyxyxxyxx,1,126248,501,19
ac19_63327,YXXX,YYYYYXyXyxyxyyx,1,126367,501,17
ac19_63344,YXXyx,YYYYXyyxyXyxyxx,2,126413 134993,501,16
ac19_63348,YXyXXyx,YYXYxxYXyxyxx,1,126427,501,17
ac19_63350,YXXyx,YYXYYXyyxyXyyXX,1,126438,501,17
ac19_63353,YYXXXyyxx,YYYXXXyXyx,1,126454,501,15
ac19_63358,YYXXXYx,YYXYxYxyyXX,1,126469,501,16
ac19_63364,YXXyx,YYYYXyyyyXyxxx,1,126481,501,18
ac19_63365,YYYXXyXYxyX,YYXXXyxYXyx,1,126483,501,19
ac19_63368,YYYXXXXX,YYYXyyXXXYx,1,126498,501,19
ac19_63376,YXYXyx,YYXXXYYXXXYYx,1,126519,501,17
ac19_63383,YXYXyx,YYXyXyyxYXyxxYx,2,126531 142975,501,17
ac19_63384,YXXXXX,YYYYXyxyyyx,1,126532,501,17
ac19_63402,YXYXyx,YYXyXXXyXXYxxxx,1,126591,501,19
ac19_63405,YXYXyx,YYYYYxYXyxyXXXX,2,126596 156519,501,19
ac19_63409,YXXyx,YYXYYXyxyXyXXXX,2,126606 129601,501,19
ac19_63410,YXXYxxyx,YYxYXyxYxyx,1,126609,501,17
ac19_63419,YXYXyx,YYXYYXyyXXYxx,1,126635,501,15
ac19_63425,YXXyx,YYYXyxyyXyXXXYYX,1,126660,501,18
ac19_63428,YXYXyx,YYXyyXXXYYxxx,2,126666 139830,501,19
ac19_63460,YXXyx,YYYYYXXXyyXyyxxxx,1,126772,501,19
ac19_63472,YXYxxYXyx,YYYxxxYXYx,1,126799,501,16
ac19_63493,YXXyx,YYYXYXYXyyxxyyxx,1,126843,501,18
ac19_63497,YXYXyx,YYYYxYXyxyyyXXX,2,126864 127812,501,19
ac19_63503,YXYXyx,YYXXyyXXXYYxxyx,1,126876,501,19
ac19_63507,YXXyx,YYXYYxyXXyyxyyxxxx,1,126892,501,19
ac19_63513,YXXyx,YYXyyxyxxxxxYxYx,2,126918 131989,501,21
ac19_63523,YXXYxxyx,YYXyxYYXyxx,1,126947,501,15
ac19_63532,YXXyXyxx,YYxYXyyxx,1,126976,501,17
ac19_63548,YYXXXYX,YYXyXXYxyx,2,127033 151898,501,17
ac19_63556,YYXXyxxyx,YYxxyXYxyx,1,127046,501,15
ac19_63562,YXXyXYx,YYXYXyXYYXyX,1,127062,501,15
ac19_63573,YXYXyx,YYYXXXXXXXYYxyx,1,127102,501,19
ac19_63576,YYXXyxx,YYYYYxYYXYYX,1,127109,501,15
ac19_63586,YXXYx,YYYXYxyxyyXyyx,1,127144,501,15
ac19_63590,YXXYXXyX,YYYXXXyXYXXyyxx,1,127159,501,17
ac19_63607,YXYXyx,YYYXyxyXXXXYYxx,1,127221,501,19
ac19_63616,YXYXyx,YYXXYxxxYxyXXyX,1,127251,501,17
ac19_63632,YXyXXyx,YYXXYxxxxyx,2,127315 150853,501,17
ac19_63637,YYXXXYx,YYXYxyyxxyyX,1,127333,501,15
ac19_63648,YXXyx,YYYXyyxyyxxYYx,2,127378 136598,501,18
ac19_63655,YXXyx,YYYYXyXyyxyxyxx,1,127395,501,19
ac19_63665,YXXyx,YYYXYYYXyxyyXyXyX,1,127412,501,18
ac19_63673,YXYXyx,YYYYXXXXXXXYxYX,2,127430 143838,501,19
ac19_63678,YYYXXXyxx,YXXyxxxxyXX,1,127440,501,17
ac19_63681,YXYXXXX,YYXXyyXXYx,1,127454,501,15
ac19_63687,YXXyx,YYYYXyxxyyyyXXX,2,127467 144402,501,18
ac19_63689,YXYXyx,YYYXyXXyXYXYx,1,127472,501,17
ac19_63693,YXYXyx,YYYxxYXyXXyXX,1,127492,501,19
ac19_63697,YYYXXXX,YYXYXyyxYYXYXXX,1,127499,501,18
ac19_63700,YXYxyx,YYXXyyxxxYxyX,2,127515 141684,501,15
ac19_63705,YXYXyx,YYXyyXXyxxYxx,1,127525,501,17
ac19_63708,YXXyx,YYYXYYXyyxyXyXXX,1,127534,501,18
ac19_63716,YXyXXyx,YYXXyyXyxyX,2,127567 135532,501,15
ac19_63734,YXXYx,YYXXXYYxxYXyyx,1,127614,501,15
ac19_63737,YXyXYXyxx,YYXXyxYXyx,2,127625 133076,501,19
ac19_63739,YYYXXXX,YYYYXYXyyyyx,1,127632,501,18
ac19_63741,YXYXyx,YYYXYxxxxyyyXyX,1,127647,501,19
ac19_63744,YYXXXYYxYXX,YYXYxyXyyxxYXX,1,127661,501,15
ac19_63750,YXXyx,YYYYXyxyyxxxxx,1,127680,501,18
ac19_63754,YXXX,YYYYxYxyyXyXyyx,1,127687,501,19
ac19_63762,YXYxYXXyx,YYxyxyXXyx,1,127709,501,17
ac19_63765,YXYXyx,YYYYXyXXXXyxx,1,127715,501,17
ac19_63772,YYXXXyx,YYXyXXyyxYx,1,127735,501,14
ac19_63779,YXYXyx,YYXYYxyXyXXYx,2,127751 147419,501,17
ac19_63781,YXYXyx,YYXYxyXXyyXyxYx,1,127756,501,17
ac19_63783,YYXXXyxxx,YYYYYxYYXX,1,127761,501,15
ac19_63784,YXXXXyXyX,YYxxxxxyxx,2,127763 139376,501,16
ac19_63792,YXyxYXXyx,YYYXXyxYXXyXyX,1,127794,501,17
ac19_63817,YXXYx,YYYYYXXYYXyyx,1,127877,501,15
ac19_63820,YXXyx,YYXYYXyyxyyxYxxxx,1,127886,501,20
ac19_63824,YXXyx,YYYXYXYXyyyXyXXX,1,127896,501,18
ac19_63847,YXXyXYx,YYXXXYxxyXX,2,127966 147708,501,15
ac19_63848,YXYXyx,YYYxYxyyXXXYX,2,127967 150294,501,19
ac19_63849,YXXyx,YYYYXyyxxxyxxx,1,127969,501,15
ac19_63860,YXYXyx,YYYxxYXyyXyyX,1,128001,501,17
ac19_63873,YXyXXXyx,YYXyyxYXyxxYXyx,1,128034,501,17
ac19_63875,YXXyx,YYYYYXyXXyXyyXX,2,128044 151640,501,18
ac19_63876,YXYXyx,YYXyXXyXYXYYx,1,128045,501,19
ac19_63877,YXXYxxyx,YYXXyXyxxYXyx,1,128055,501,19
ac19_63884,YXXYx,YYXYXXyxYxxyyX,1,128101,501,15
ac19_63896,YXXyx,YYYXYXyyxyxyxxYx,1,128135,501,18
ac19_63897,YXXyx,YYYXyyXyXyXXXX,2,128137 141031,501,19
ac19_63907,YXyXXyx,YYXYXyXyxYxxyyx,2,128155 142439,501,17
ac19_63908,YXYXyx,YYYYXYxyyXyXXYx,1,128156,501,19
ac19_63937,YXXyx,YYYYYXyXyyyXXX,1,128244,501,19
ac19_63938,YYYXXXYXX,YYYYXXyyyx,1,128249,501,17
ac19_63945,YYXXyxx,YYXYYxxyXyx,1,128272,501,16
ac19_63947,YXXyx,YYYXyxyXXyXXXYX,1,128281,501,17
ac19_63971,YXXyXyxx,YYYYxxyxx,1,128361,501,17
ac19_63973,YXXyx,YYYYXYxyXyyxyyyx,1,128364,501,18
ac19_63978,YXXyXYx,YYXXyxxYXXyxxyx,1,128389,501,17
ac19_63987,YXXYx,YYXYYXYYXyXYYx,2,128414 140037,501,15
ac19_63990,YXyxYXXyx,YYXYxyXXyX,1,128421,501,17
ac19_63993,YYXXXYX,YXyxxxyXyXYx,1,128426,501,15
ac19_63999,YXXyXyXyX,YYYXyxxxyx,1,128450,501,17
ac19_64009,YXXXyXyX,YYxxyxYxxyX,1,128501,501,15
ac19_64015,YYXXXYxx,YYYYYxyXX,1,128526,501,17
ac19_64016,YXXXXX,YYYYXXXYXyyyxyX,1,128535,501,17
ac19_64023,YYXXYXYXX,YYYXXXyyxx,1,128550,501,17
ac19_64028,YXYXyx,YYYxyXyyXYxyXXYYx,1,128569,501,19
ac19_64043,YXXyx,YYYYXyyxyyxYxxx,1,128625,501,19
ac19_64047,YXXYx,YYXYYXXyxxxyyX,1,128632,501,15
ac19_64052,YYXXyxx,YYXyXYYxxyX,1,128640,501,16
ac19_64053,YXYXyx,YYYXyyyXXXYYxyx,1,128641,501,19
ac19_64057,YXXYx,YYYXYYXyXYXYYx,1,128652,501,15
ac19_64069,YXyXXXyx,YYYxyxYxxxYXyyXyX,2,128691 152024,501,19
ac19_64081,YXyxYXXyx,YYYXyyxYXyXX,1,128735,501,14
ac19_64086,YXXyx,YYYYYXyyxxyyxx,1,128748,501,18
ac19_64089,YXXX,YYYYYYXyyyxyyyX,1,128759,501,19
ac19_64093,YXYXyx,YYYYYxyXXXyyX,1,128766,501,19
ac19_64107,YXXyx,YYYYXYxyyyxyyXXYxyyX,1,128819,501,19
ac19_64112,YXXyx,YYYYXyyxyyXXyXX,1,128828,501,19
ac19_64123,YXYXyx,YYYYXXXXXYxyx,1,128854,501,15
ac19_64129,YXXyx,YYYXyxyXyXXXXYX,2,128872 155584,501,19
ac19_64159,YXYXyx,YYYxyyxyXXyXXYx,2,128971 129509,501,19
ac19_64162,YXYxyx,YYXXXyXyXyxxx,1,128980,501,17
ac19_64163,YXXYxxyx,YYXYXyXyXXyxxyx,1,128982,501,19
ac19_64180,YXXX,YYYYXYxyyXyyX,1,129032,501,17
ac19_64182,YYXXXyxYX,YYYXXXYXyX,1,129035,501,16
ac19_64183,YXYXXYx,YYxxyxxyXyXX,1,129036,501,16
ac19_64187,YXXYx,YYXYXXyxyXYYxx,1,129050,501,15
ac19_64188,YYXXyxx,YYYYxxxxyXXX,1,129052,501,19
ac19_64198,YXYxyx,YYXyxxYXyxYxx,1,129080,501,15
ac19_64206,YXXyx,YYYYYXyyXyXyXXYxyX,1,129111,501,20
ac19_64216,YXYXyx,YYYxYxyXyxyyXXX,1,129140,501,19
ac19_64230,YXXYxxyX,YYXXyyXYx,2,129182 150558,501,14
ac19_64253,YXyXXyx,YYxyXXyyxxYXX,1,129260,501,16
ac19_64269,YXYXyx,YYYxyXXYYXyXX,1,129304,501,15
ac19_64270,YXXyx,YYYXXXyyxyyxxxYYx,2,129305 130845,501,18
ac19_64281,YXXXX,YYYYYXXXyyxyyX,1,129332,501,16
ac19_64282,YXXyXyx,YYXyyXYxyxyX,1,129337,501,17
ac19_64285,YXXYx,YYYXXyyXYxxxYX,1,129342,501,15
ac19_64291,YXXyx,YYXYYxyyXyXXXXX,1,129354,501,20
ac19_64300,YYXXXyx,YXXyXYxxxxxyX,2,129377 136727,501,14
ac19_64323,YXYXyx,YYXYxxyXXyyXXYx,1,129439,501,19
ac19_64363,YXyXXXyx,YYxyxyXYxYxxyXX,1,129545,501,17
ac19_64367,YXYXXXX,YYYxxyyXyxyx,1,129560,501,16
ac19_64370,YXXyx,YYYXYxYXyyXyXyXX,1,129563,501,18
ac19_64372,YXXyxYXXyxx,YYXyXXXXXYxxyXXX,3,129568 136528 156684,501,17
ac19_64373,YXXyx,YYYXYYXyxxyyyXXXX,1,129574,501,19
ac19_64375,YXXyx,YYYYYXyxyXyxyyyx,1,129587,501,18
ac19_64411,YXXyx,YYYYXyXyXyyxxYxx,2,129710 129848,501,20
ac19_64413,YYXXyxx,YYYxxxxyXXX,1,129713,501,18
ac19_64418,YXYXyx,YYYYxyxYXyXXyyX,1,129731,501,19
ac19_64421,YXyXXyx,YYXXyyxxxYXyx,1,129736,501,16
ac19_64423,YXYXXXX,YYYXXXXyyx,2,129743 133918,501,14
ac19_64432,YXXYx,YYYXyxyyXYXYYx,1,129768,501,15
ac19_64436,YXYXyx,YYXyXYXyXyxxx,1,129787,501,17
ac19_64437,YXXYx,YYYxyxyXXyyx,1,129788,501,13
ac19_64438,YYYXXXX,YYYYxyyXyyyx,1,129790,501,18
ac19_64447,YXXYXXyx,YYXXYXyXyxx,1,129818,501,17
ac19_64452,YXYxyx,YYXyxYYxxYxyX,1,129833,501,15
ac19_64453,YXYXyx,YYXyXYXXXYxYx,2,129835 145435,501,17
ac19_64464,YXYXyx,YYYYYXYxyXXXX,1,129872,501,17
ac19_64476,YYXXYx,YYYXyyyXYxx,1,129897,501,14
ac19_64485,YXXXX,YYYxxxyyxyyx,2,129928 140976,501,14
ac19_64486,YYYXXXXX,YYYXyyyXXYx,1,129930,501,17
ac19_64498,YXyxYXXyx,YYYXyxxxyx,1,129971,501,17
ac19_64510,YXYXyx,YYYYXyyXyXXYx,2,130008 140644,501,19
ac19_64511,YXYXyx,YYXYxxYYXyXXX,1,130010,501,17
ac19_64530,YXYXyx,YYXyyXyyxxxxyxxYX,1,130063,501,19
ac19_64544,YXYXyx,YYYYxyxxyyXXX,1,130103,501,17
ac19_64565,YXXYx,YYYXYXYYYXXyyx,1,130168,501,18
ac19_64568,YXYXyx,YYXyXyXYXYYxx,2,130174 146308,501,19
ac19_64573,YYXXyxx,YYxYXYXYxYX,1,130194,501,18
ac19_64575,YXYXyx,YYXXXYxxxYxyXXXyX,1,130199,501,19
ac19_64607,YXyxYXXyx,YYYXyxYXyyxxx,1,130296,501,17
ac19_64609,YXYXyx,YYYYXyxyXXyXyxx,1,130308,501,17
ac19_64613,YXYXyx,YYXYYXyXXXYxx,1,130318,501,17
ac19_64619,YXXXXXyXyX,YYxxxxxxyxx,1,130331,501,16
ac19_64621,YXXX,YYYXYXyyXyyXYYX,1,130347,501,17
ac19_64639,YXyXXyX,YYxyXXYXXyxyx,1,130399,501,18
ac19_64649,YYXyxYXXyx,YYXyyXYxyxx,1,130441,501,17
ac19_64671,YXXyXYx,YYxyxxxyXXyX,1,130503,501,15
ac19_64674,YXyXXyX,YYxyXYXXXyxyx,1,130514,501,17
ac19_64699,YXYXyx,YYXyXyxxyyxxx,1,130583,501,17
ac19_64708,YXXYx,YYXYXXyxYYXyx,2,130613 133240,501,15
ac19_64718,YXYXyx,YYYXYYxyXXXyX,1,130643,501,17
ac19_64730,YYXXXYx,YYYxYXXXYX,1,130675,501,13
ac19_64731,YXXyx,YYYXYxyXyxyxxxx,1,130677,501,19
ac19_64737,YYXXyxx,YYxYxyxYXX,1,130693,501,17
ac19_64749,YXXXyXyX,YYXXyyxYxyx,1,130729,501,15
ac19_64782,YXXyx,YYYXyyXXyXXYXX,1,130809,501,18
ac19_64798,YXYXyx,YYYxYXyyXXyxx,1,130880,501,17
ac19_64801,YXyXXYxyx,YYXyXYXXyx,1,130884,501,13
ac19_64820,YXXX,YYYXYxyyyxYXyyX,1,130950,501,19
ac19_64847,YXXyx,YYYXYYXyxxyyXyXXX,1,131037,501,19
ac19_64854,YXXyx,YYYYYXYXyXyxyXyXyX,1,131052,501,18
ac19_64875,YXXyx,YYYYXXXyXyXyyyXX,1,131134,501,17
ac19_64878,YYXYXXXYx,YYXyxyXyxx,1,131143,501,17
ac19_64885,YXyXXyx,YYYXyxyxYXyx,2,131174 137267,501,15
ac19_64902,YXXyxYx,YYYYYXYXyx,1,131236,501,16
ac19_64906,YXYXyx,YYXyXXXYxyXYx,1,131257,501,15
ac19_64927,YYXXYxyxx,YYYYYxYYxx,1,131310,501,18
ac19_64936,YXXyx,YYXYYXyxxyyXXXXX,2,131349 140674,501,20
ac19_64968,YXXYx,YYYxyXXXyyxyx,1,131445,501,15
ac19_64971,YXYXyx,YYXYxxYxyXyXyXX,1,131450,501,21
ac19_64974,YXXXyXyX,YYxYxxyxyxx,1,131463,501,17
ac19_64979,YYYXXXYYXXX,YYXXXYXXYYxyX,1,131488,501,21
ac19_64980,YXYXyx,YYYYXyXXYxyXX,2,131492 152330,501,15
ac19_64994,YXyXXyx,YYXyyxyXYxyXYXyyX,2,131528 144626,501,17
ac19_65012,YXyXXXyx,YYYXyxYxyxYxyyX,1,131595,501,19
ac19_65015,YXYXyx,YYXXXyxyXyxxxYx,1,131605,501,19
ac19_65024,YYXXYXYXX,YYXyXyXYxx,1,131638,501,19
ac19_65037,YXyXXXyx,YYXyXyyXYxyXX,1,131694,501,19
ac19_65040,YXYxyx,YYXXyyxYxxx,2,131704 133096,501,15
ac19_65042,YXYXyx,YYXXyyxyXyxxxxx,1,131708,501,19
ac19_65047,YXYXyXXYXyX,YYXYXyXYXXyXyX,1,131721,501,17
ac19_65049,YXXXyXyx,YYxyXXXyxyX,1,131727,501,17
ac19_65061,YXXX,YYYXYYXYXyyXyyX,1,131760,501,17
ac19_65071,YXXXYxx,YYYXXyxyxyyx,1,131785,501,18
ac19_65072,YXYXXXX,YYXYYXyyXyx,1,131788,501,16
ac19_65076,YXYXyx,YYYXXXYXyXYYx,2,131794 136021,501,17
ac19_65079,YYXXXXyx,YYXXXyXYXXX,1,131804,501,15
ac19_65086,YXXYx,YYXyxYXyxYxyX,1,131824,501,15
ac19_65092,YXXXYxx,YYYYYXXyxYX,2,131837 143953,501,17
ac19_65104,YXYxxYXyx,YYXyXXyxyx,1,131885,501,14
ac19_65108,YXYXyx,YYYYXyyXXXYxx,1,131894,501,19
ac19_65139,YXXyx,YYYXyyXyXXXXYx,1,132007,501,18
ac19_65140,YXXyXYx,YYYxyyXX,1,132013,501,15
ac19_65141,YXYXyx,YYXyXXXXYxxYx,1,132015,501,19
ac19_65156,YYXXXYxx,YYYxxxyXXXX,1,132072,501,19
ac19_65160,YXYXyx,YYXXyXyyxYxyx,1,132084,501,17
ac19_65168,YXYXyx,YYXYxyXXyXyxxxx,1,132107,501,19
ac19_65187,YXYXyx,YYYXyXXXyyxYx,1,132175,501,17
ac19_65206,YYXXXYxx,YYXYYxxyXYX,1,132233,501,19
ac19_65219,YXYXXXYXXXyxYx,YYxxxyxxxyXyXyX,1,132284,501,21
ac19_65245,YXXyx,YYYXXXyyyxxxxxYx,2,132387 154186,501,20
ac19_65247,YXXYxxyxx,YYXXyyXXyx,1,132390,501,15
ac19_65253,YYXXXYx,YYXyxyXXXYxx,1,132414,501,15
ac19_65258,YXYXyx,YYXXyyXyyxYxxyx,1,132428,501,19
ac19_65270,YXYXyx,YYXYYxyXXyyxx,1,132468,501,17
ac19_65277,YXXyx,YYYYXyyyXyXYXX,1,132486,501,18
ac19_65281,YXXyx,YYYYXyxyXyyxyyxYx,1,132493,501,19
ac19_65285,YXXYxxyX,YYXyxYYXXyX,1,132505,501,19
ac19_65294,YYYXXXX,YYYxyXXyyxyx,1,132534,501,19
ac19_65298,YXXYx,YYYXyyXXYxxyx,1,132543,501,15
ac19_65325,YXXYxxyx,YYYxxxxyXyXYX,1,132627,501,17
ac19_65326,YXXyx,YYYYYXyyxyyXyXyX,1,132629,501,20
ac19_65341,YXXYx,YYYXYXYxyXyyyx,1,132675,501,15
ac19_65356,YXYXyx,YYXXyXXXYxxYxyx,1,132726,501,19
ac19_65360,YXXXyxx,YYYXyxYxyyXX,1,132732,501,16
ac19_65374,YXYXyx,YYXYxYYxyXXXX,1,132772,501,17
ac19_65392,YYXXyxx,YYYXXYYxxxxYX,1,132835,501,19
ac19_65393,YXYXyx,YYxYYxyXyXYxyXX,2,132838 153918,501,17
ac19_65413,YXyXXyx,YYYXyxYxyxyX,1,132885,501,11
ac19_65415,YXXyxYx,YYXXyxyXyyx,1,132889,501,15
ac19_65423,YXyXYxx,YYYXYXyxxYx,1,132914,501,15
ac19_65433,YXYXyx,YYYYXyXXXyxyx,1,132950,501,17
ac19_65434,YYXXXyXXX,YXyXXYxyx,1,132953,501,13
ac19_65442,YYXXyxx,YYXXXXYxYxyx,1,132979,501,13
ac19_65457,YXYXyx,YYYYYxYXXyxyXXX,2,133019 155016,501,19
ac19_65458,YXYXyx,YYXyyXyyxxxxxyxyx,1,133020,501,21
ac19_65461,YXXYx,YYYxxYXyXXXyyx,1,133025,501,15
ac19_65481,YXXyx,YYXYXyxyXyXyXXXX,2,133073 155224,501,20
ac19_65492,YXXYx,YYYYXYYXyXyxyx,1,133112,501,15
ac19_65496,YXYxyx,YYYXyyxYxxx,3,133127 146631 146728,501,15
ac19_65502,YYXXXYXX,YYYXXYXXyyx,1,133144,501,17
ac19_65508,YXYXyx,YYYXXXXXYxYYX,1,133171,501,17
ac19_65514,YXYXyx,YYYXXXyxyXXYYxx,1,133187,501,19
ac19_65520,YXYXyx,YYYYxyXyXXyxx,1,133200,501,17
ac19_65522,YXXyXyX,YYYxyyxYxxyX,1,133204,501,16
ac19_65544,YXYXyx,YYYxxYXyxyXXyXX,1,133293,501,19
ac19_65551,YXXYx,YYYXyXYXYYXYYx,1,133308,501,15
ac19_65564,YXYXXyXYx,YYXXyxYXXyx,1,133339,501,15
ac19_65580,YXXyx,YYYYXyyxxyyyXYYX,1,133382,501,17
ac19_65590,YXYxyx,YYYXyxxxYYx,1,133416,501,15
ac19_65596,YXYXyx,YYXXyXXXYxYYxyx,2,133439 149004,501,19
ac19_65599,YXYXyx,YYYXXYXyXXXYx,1,133444,501,17
ac19_65603,YXXyx,YYYXyxYYXyyyXX,1,133461,501,16
ac19_65626,YXXXyxx,YYXyXYxxxxyX,1,133542,501,16
ac19_65630,YXyXYxx,YYXXyXyyxyx,1,133550,501,15
ac19_65635,YXYXyx,YYXyxyXyXyxxYYx,1,133562,501,17
ac19_65654,YXyXXyx,YYXyXYYxxxxyx,1,133607,501,15
ac19_65657,YXYXyx,YYYxYxyyxyyXXyX,1,133615,501,19
ac19_65678,YXXYx,YYXXyyXXYYxxyx,1,133673,501,15
ac19_65680,YXYXyx,YYYxyXXXyXyxx,2,133678 138306,501,17
ac19_65681,YXXyx,YYYXyXyxyyXyxxYx,2,133683 134067,501,17
ac19_65694,YXXXyXYx,YYxxyXyXYXX,1,133719,501,17
ac19_65700,YYXXyx,YXYxyXyxxyXyx,1,133727,501,15
ac19_65705,YXyXYxx,YYXXyyxYxYX,1,133735,501,15
ac19_65706,YYXXXyx,YYYYXXyyXYXX,1,133737,501,14
ac19_65707,YXXX,YYYYXyxyyxYXyyX,1,133742,501,19
ac19_65715,YYXXyxx,YYXYXXyyxyx,1,133765,501,14
ac19_65717,YXYXyx,YYYXyxyXXXXYxxx,1,133773,501,19
ac19_65737,YXXYxYxx,YYxyxyXyX,1,133848,501,17
ac19_65738,YXyxYXXyx,YYXXyXyXYXYXyx,1,133849,501,17
ac19_65750,YXYXyx,YYXXYxYYXXXyX,1,133885,501,17
ac19_65753,YXXYxYxxx,YYYYXyXyxxx,1,133893,501,17
ac19_65754,YXXXYxxxyx,YYxYYxxxyXX,1,133895,501,16
ac19_65782,YXYXyx,YYXyyXyyxxxYxYX,2,133975 151856,501,19
ac19_65783,YXYXyx,YYYxYxYXyyXXX,2,133977 136274,501,19
ac19_65785,YXXyx,YYYXyxxyyXyyXXYX,2,133984 138907,501,18
ac19_65793,YXyXXyx,YYXyyxxYYxyX,1,133995,501,13
ac19_65810,YXXYx,YYYYXyyxyyXYx,1,134083,501,15
ac19_65812,YXXyx,YYYYXyXyyyXYXX,1,134091,501,15
ac19_65820,YXYXyx,YYxYxyXyxyXXyyx,1,134140,501,17
ac19_65822,YXXyx,YYYYYXyxyyyXyyX,1,134144,501,18
ac19_65830,YXYXyx,YYXyXyXXXYxxx,2,134161 152089,501,17
ac19_65837,YXXYx,YYYXYXXyyXYYYx,1,134178,501,15
ac19_65898,YYYXXXYYXXX,YYXXYYXXXYXyx,1,134371,501,17
ac19_65902,YXXYx,YYXYxxyxYXXyyX,1,134384,501,15
ac19_65908,YXyXXyx,YYXXYxxyxxx,2,134402 136888,501,17
ac19_65912,YXXYxYxx,YYYYXXyxYxx,1,134412,501,17
ac19_65928,YXXX,YYYXyyXyXyyxYYx,1,134461,501,19
ac19_65929,YXXyx,YYYXyyXyXyyXYXX,1,134466,501,19
ac19_65932,YXXyx,YYYYXyXXyyyXXYX,1,134478,501,19
ac19_65936,YXXYXXYxx,YYXXyyXYxx,1,134487,501,17
ac19_65941,YXYXyx,YYYYYYXyXyxyXXX,1,134511,501,19
ac19_65948,YXYXyx,YYXyXXXYxYxYX,1,134522,501,17
ac19_65961,YXYxyx,YYXyxxxYxyXYx,1,134568,501,15
ac19_65962,YXYXyx,YYYXYxyXXXyyxYx,1,134570,501,17
ac19_65967,YXYXyXXYXyX,YYXyXyyxYYxyx,1,134586,501,19
ac19_65971,YXXX,YYYXYYXyyXyyx,1,134610,501,17
ac19_65974,YXXyx,YYYYXyyXyyXXXyX,1,134620,501,19
ac19_65975,YXXX,YYYYYYXyyyyxyyx,1,134621,501,13
ac19_65976,YXyXXyx,YYXyXyxyxYX,3,134622 139222 139800,501,16
ac19_65984,YXXX,YYYYXyXyyXyyxYx,1,134636,501,19
ac19_65990,YXYXYx,YYxyXXyyXYxyx,1,134648,501,17
ac19_65996,YXXyx,YYYYXYXyyyxxyyyx,1,134674,501,18
ac19_66001,YXXYXXyX,YYXXXYXyXyX,1,134693,501,15
ac19_66015,YXYxyx,YYXyXXyyXXyyx,1,134737,501,17
ac19_66017,YXXYx,YYYXYxyxxYXXyX,1,134739,501,15
ac19_66024,YXyXXyx,YYXyxyxxYYx,2,134750 149030,501,17
ac19_66025,YXXYx,YYYXyyyXYXYYx,2,134751 152679,501,15
ac19_66030,YXYXyx,YYYXYxyXyXXXYxx,1,134765,501,19
ac19_66032,YXYXyx,YYXyXXXXYYxYX,1,134769,501,17
ac19_66033,YXYXyx,YYXyxyXyyxxxx,1,134773,501,17
ac19_66035,YXYXyx,YYYYYxyXXyyXX,1,134779,501,19
ac19_66075,YXXyx,YYYYXyyyXyXyXXYxyX,2,134867 150011,501,20
ac19_66087,YXYXyx,YYYxYYXyxyXXyXX,1,134892,501,19
ac19_66098,YXXYxYxx,YYYXyyyXyxx,1,134927,501,17
ac19_66105,YYYXXXXX,YYYXyxyxyyx,1,134950,501,19
ac19_66108,YXXX,YYYYYYXyyxyyyyx,1,134957,501,19
ac19_66134,YXYxxYXyx,YYXyxyXXyxx,1,135048,501,17
ac19_66139,YYXXXyXYxyX,YXXyxYXXyxx,1,135067,501,16
ac19_66147,YXXyx,YYYXYXyyXyyXXYX,1,135099,501,18
ac19_66150,YXXyXyxx,YYYYxxYXyxx,1,135109,501,17
ac19_66156,YXYXyx,YYXYYXyXXXXYx,1,135126,501,17
ac19_66173,YXXYx,YYYXYXXXYxyyx,1,135174,501,15
ac19_66177,YXYXyx,YYYXyyXXyyxYxyx,1,135185,501,19
ac19_66179,YXYXyx,YYYxYXXyXXXYxYX,1,135198,501,19
ac19_66182,YXYXyx,YYXXXyXXyxYxxyx,1,135202,501,17
ac19_66183,YXyxYXXyx,YYXyyXYXXYxyX,1,135205,501,17
ac19_66184,YXXYXXyX,YYXXXyXYxyX,1,135209,501,15
ac19_66187,YXyXXXyx,YYYXyXXyXyxyX,1,135212,501,19
ac19_66196,YYXXYYx,YYXYxYXXyx,1,135235,501,16
ac19_66208,YYXXXXXyX,YXyXXYxyx,1,135261,501,16
ac19_66211,YXXyXYx,YYxxYXXyyXXX,1,135271,501,16
ac19_66222,YXYXyx,YYYxyXXXyyxxx,1,135312,501,19
ac19_66227,YXXYx,YYXYXXyxxYYXyx,1,135324,501,15
ac19_66229,YXYXyx,YYYYYYXyxyXXXyX,1,135328,501,19
ac19_66234,YXXyXyx,YYxxxxxxyXXX,1,135349,501,14
ac19_66241,YYXXYx,YXYXXyXYxxx,1,135373,501,12
ac19_66245,YXYXyx,YYYXYxyXXyXyXYx,1,135386,501,17
ac19_66250,YYXXXyX,YYYXXyxxyyX,1,135398,501,15
ac19_66266,YXyXXyx,YYYxyxxYYxyx,1,135440,501,16
ac19_66268,YXXYx,YYYYXXYYXyyxYX,2,135446 138500,501,15
ac19_66309,YXXYx,YYYYXYxxyXXXyx,1,135560,501,15
ac19_66315,YXXyx,YYYXYXYxyXyyxyxx,1,135577,501,18
ac19_66317,YXYXyx,YYYYxyxYxyXyXXX,1,135583,501,19
ac19_66319,YXXyx,YYYYYYXXyyyyyx,1,135588,501,15
ac19_66337,YXYXyx,YYYXYxyyXyyXXYx,1,135652,501,19
ac19_66341,YXYXyx,YYYYXyyXXXYYx,1,135671,501,19
ac19_66343,YXYXyx,YYYYYXYYYXXyXXX,1,135679,501,21
ac19_66357,YYXXX,YYYYXYXyyyXyxx,1,135715,501,11
ac19_66364,YXYXyx,YYYxyXXXyxxyx,1,135746,501,17
ac19_66366,YYXXyxx,YYYXXYxxxxYX,1,135751,501,16
ac19_66380,YXXyx,YYYYXyXyxyyyxx,2,135788 143029,501,17
ac19_66385,YXYxYXXYx,YYYXXyxxYXYXYx,1,135807,501,21
ac19_66394,YXyXXXyx,YYXyxYYxyxxyx,1,135831,501,19
ac19_66425,YXXX,YYYYXYxyyyXyxyx,1,135937,501,17
ac19_66432,YXXyx,YYYXyyyXyyXXXXYx,1,135957,501,19
ac19_66433,YXXyx,YYYYXyXyxyXyxxYx,1,135958,501,17
ac19_66435,YXXyx,YYXYYxYXyyxyyxx,1,135966,501,18
ac19_66441,YXYXyx,YYYXyxyXyXyxxxx,1,135986,501,19
ac19_66459,YXYXyx,YYYYYXXyXXXYYXX,2,136037 143061,501,19
ac19_66470,YXYXyx,YYXXXXYYxyXYx,1,136058,501,15
ac19_66471,YXXyx,YYXYYxyXyxyyxxxYx,1,136059,501,18
ac19_66477,YXyXYxxx,YYYxxxYYXyx,1,136087,501,15
ac19_66482,YXyXXXyx,YYYxyyXYxxyXXyX,1,136097,501,19
ac19_66484,YYXXXXX,YYXYYXyXyyx,1,136109,501,17
ac19_66507,YXYXyx,YYYYXXyXXXYYxyx,1,136187,501,19
ac19_66512,YXYXyx,YYXXXyxyXyyxYxx,1,136205,501,19
ac19_66516,YXyxYXXyx,YYXyxyxYxxx,1,136219,501,18
ac19_66521,YXXyxYx,YYYxxYYxYXX,1,136242,501,15
ac19_66525,YXYXyx,YYxYXyxyXXyXXYx,2,136254 146352,501,19
ac19_66533,YYXXXXYX,YYxyXXXYxyX,1,136278,501,17
ac19_66536,YXYXyx,YYXYxyXXXyXyxYx,1,136289,501,15
ac19_66543,YXYXyXXYXyX,YYxYxyXYXyXyxyX,1,136318,501,19
ac19_66544,YXXyx,YYXYYXyyXyxyXXXYX,1,136321,501,19
ac19_66557,YXXXYxx,YYXYYXXXyxxx,1,136347,501,14
ac19_66560,YXXYx,YYYXyyyXYYxyx,1,136353,501,18
ac19_66575,YYXXXXyX,YXyxxyXYx,1,136385,501,17
ac19_66579,YXXyx,YYYXYXyXyyXyyXX,2,136408 141016,501,18
ac19_66592,YXXYx,YYYXYXXyyXYxx,1,136444,501,15
ac19_66595,YYXXXyyxx,YXyXXYxxx,1,136451,501,15
ac19_66603,YXXYx,YYYXXyxyXYxyx,1,136492,501,15
ac19_66604,YXYXyx,YYXyXyxyXyxxx,1,136493,501,17
ac19_66606,YXXyx,YYYXyyyXyXYXYX,1,136495,501,18
ac19_66607,YXXyx,YYYYYXXXyyxyyxxx,2,136506 138674,501,18
ac19_66614,YXXXX,YYYYYXyyxyyyx,1,136522,501,18
ac19_66618,YXXyx,YYYYXyxyyyxxyx,2,136540 138591,501,17
ac19_66637,YXXXyxYx,YYYXXyXYxyx,1,136600,501,11
ac19_66645,YXYXyx,YYXyXyxyXXYYx,1,136624,501,15
ac19_66654,YYXXyxx,YYYYXXYxYxxYXX,1,136646,501,19
ac19_66662,YXXXYxx,YYXyxYXXyx,1,136667,501,16
ac19_66677,YXXyXyxx,YYxYYxyxx,2,136715 139897,501,15
ac19_66678,YXYxyx,YYYXyXyxxxx,2,136719 146678,501,15
ac19_66709,YXXYx,YYXXyyXYXYxyxx,1,136790,501,15
ac19_66715,YXYXyx,YYYXyXXXyxxyx,1,136807,501,17
ac19_66721,YXXXyxx,YYXXXXXyXYXyX,1,136818,501,16
ac19_66724,YXXyXyxx,YYYxxxxYYxx,1,136825,501,19
ac19_66727,YYXXyxx,YYYXXYxYXYx,1,136828,501,15
ac19_66731,YXYXyx,YYYXyxyXXyyxxxx,1,136837,501,19
ac19_66732,YXXYxxyX,YYYXXYXXyyx,1,136848,501,17
ac19_66736,YXXyx,YYYXYYxyyXyxyXXXX,1,136864,501,19
ac19_66742,YXYXyx,YYYXYYxYxyyXyXX,1,136896,501,21
ac19_66744,YXYXXYx,YYYxyXyxyXyx,1,136898,501,14
ac19_66759,YXYXyx,YYYxxYxyyXyyX,1,136956,501,19
ac19_66761,YXXYx,YYYXXyyxYXyx,1,136960,501,15
ac19_66777,YXYXyx,YYXXyXyxYxyxx,1,137019,501,15
ac19_66779,YXXYxxyx,YYYxyxYYx,1,137028,501,17
ac19_66801,YXyxYXXyx,YYYXyxYXyXyxxx,1,137102,501,14
ac19_66802,YXyXXyx,YYXYXyxyxYxxxYxyx,1,137107,501,20
ac19_66804,YYXXXYxx,YYYYYYxYXXX,1,137109,501,17
ac19_66827,YXYXyx,YYYYxyxYXyXyXXX,1,137174,501,19
ac19_66829,YXYXyx,YYYxyyXYXyyXyxx,1,137180,501,17
ac19_66839,YYXXYYx,YYXyxxyXXyx,1,137209,501,16
ac19_66853,YXyXXYXyXXyX,YYYXyxYxyxyyX,1,137237,501,18
ac19_66858,YYXXyxx,YYYYYXYxxyXX,1,137254,501,16
ac19_66866,YXXYx,YYYXXYYxyyXYYX,2,137283 150915,501,15
ac19_66883,YXXyx,YYYXYYXyyxyxxxxyx,1,137326,501,20
ac19_66898,YXXyx,YYXYYXyyxyxxxxxx,2,137372 154320,501,21
ac19_66908,YXYXyx,YYYXXXyyyxxxx,2,137397 141864,501,19
ac19_66913,YXXyx,YYYXYxyyyXyyXYYx,1,137412,501,17
ac19_66920,YYXyxYXYxyXXyx,YYXyxYYXyxYXyyx,2,137451 155089,501,15
ac19_66930,YXXYx,YYYxyyXYYXyyx,1,137486,501,18
ac19_66937,YXXYXXyx,YYYXXXXXXyX,1,137496,501,17
ac19_66939,YXyXXXyx,YYYxyyXXXyXXXXyyX,1,137503,501,19
ac19_66952,YXXYx,YYXXyxYXyyxyxx,1,137561,501,15
ac19_66957,YXXyXyxx,YYYXYxxyx,1,137589,501,16
ac19_66986,YXYXyx,YYYXyXXyXXYxx,2,137687 144902,501,17
ac19_66989,YXYXyx,YYYXXyXYXXXXYYx,1,137692,501,21
ac19_66991,YYXXYxyxx,YYXYxxYYxx,1,137695,501,16
ac19_67033,YXXYxxyx,YYxYYxxxYxxyX,1,137866,501,16
ac19_67039,YXYXyx,YYXyyxyXXXYxx,1,137883,501,15
ac19_67045,YXYXyx,YYYXXYYxxyXXX,1,137906,501,17
ac19_67050,YYXXyxx,YYYXyXXYxyx,1,137922,501,14
ac19_67055,YYXXXyx,YXyxxxxxyXyxx,2,137936 144949,501,19
ac19_67058,YXXyx,YYYYYXyxyXyXyyyX,1,137943,501,17
ac19_67060,YXYXyx,YYYxxYXyyXyyx,2,137955 139818,501,17
ac19_67077,YYXXXXYX,YYXyxYXXXyx,1,138015,501,17
ac19_67099,YXXyx,YYYYYYXXXyXyyXyXyX,1,138090,501,19
ac19_67108,YXXyx,YYYXyxxyyyXXYYX,1,138115,501,18
ac19_67115,YXXyx,YYYXyXyyxyyxYxx,1,138131,501,18
ac19_67116,YYXXYxyxx,YYxyxYxYXX,1,138132,501,16
ac19_67123,YXXyx,YYYYXyxyyxyyxx,1,138152,501,17
ac19_67137,YXXyx,YYYXYXyyxyyxyxxx,1,138185,501,19
ac19_67147,YXYXyx,YYXXXyxyXyxxYxx,1,138224,501,19
ac19_67150,YXyXXXyx,YYxyXXXyyxYYxyx,1,138234,501,5
ac19_67151,YXYXyx,YYXXXyyxyXyxYYx,1,138236,501,17
ac19_67155,YYXYxxxyx,YXYxxxxxYx,1,138251,501,13
ac19_67156,YXXX,YYYXYXyyxYxyyyx,1,138255,501,17
ac19_67175,YYXXX,YYYYxxyXyyyXyx,1,138317,501,14
ac19_67202,YXXyx,YYYYXyXyXyyxyxxx,1,138411,501,18
ac19_67216,YXXYxxyX,YYXXXXyxxYx,1,138451,501,15
ac19_67250,YXYXyx,YYYYxxYXyxyXXXX,1,138574,501,19
ac19_67256,YYXXyxx,YYYxxYYxYXXXX,1,138597,501,19
ac19_67258,YXYXyx,YYYXYxYXyXyXX,1,138601,501,17
ac19_67260,YXYxyx,YYXyxyxYYxxYx,1,138603,501,15
ac19_67272,YXYXyx,YYXXyXXyyxxYx,2,138646 143586,501,19
ac19_67274,YXXYx,YYYYXYXyyyXYx,1,138648,501,15
ac19_67276,YXXyXYx,YYXyXYXYxyX,1,138655,501,17
ac19_67280,YXYXyx,YYXYYXXXyXXYx,1,138667,501,17
ac19_67281,YXXYxxyx,YYXXXyxxYXyxx,1,138668,501,16
ac19_67288,YYXXYxyXyx,YXXYxYXXXYx,2,138688 142799,501,14
ac19_67297,YXXyx,YYYXyyyXXXXYXX,1,138705,501,18
ac19_67301,YXXXyxx,YYYXyXYxyyXX,1,138712,501,16
ac19_67310,YXXyx,YYXyyXyXXXXYxYX,1,138733,501,19
ac19_67328,YXXX,YYYXyxYYxyyxyyX,1,138813,501,19
ac19_67329,YXXyx,YYYYXyxyXyXXyXyX,1,138815,501,13
ac19_67331,YYYXXXX,YYYXXXXyyxxx,1,138820,501,12
ac19_67336,YXYXyx,YYYYYxYXyXXYXyX,1,138832,501,19
ac19_67351,YYXXyx,YYXyXXYxYxYXX,1,138883,501,19
ac19_67352,YXYXyx,YYxYXyxyXyXXyxx,1,138887,501,17
ac19_67362,YXYXyx,YYXXXXyXyxYxxYxyx,1,138934,501,19
ac19_67364,YXXyx,YYYYYXyyxxyXyX,1,138939,501,15
ac19_67379,YXXyx,YYYXyyyXyxxxxx,2,138978 153598,501,16
ac19_67380,YXXyx,YYYYYXyyyyxxxx,1,138979,501,19
ac19_67382,YXXyx,YYYYXyXyxyxyxxyx,1,138989,501,19
ac19_67383,YXXyx,YYYXYYxyyyXyXX,2,138991 151733,501,18
ac19_67392,YXXyx,YYYYXyXyyyxxYxx,1,139013,501,19
ac19_67409,YXXyx,YYYYXyyxyyxyxx,2,139073 148974,501,16
ac19_67444,YXXyXYx,YYXXXXyxYxyx,1,139197,501,15
ac19_67450,YYXXYYx,YYXyXyXYxxx,1,139211,501,16
ac19_67465,YXXYx,YYYXYXXyxYXyx,1,139262,501,15
ac19_67481,YYXXYXXYx,YXyXXXYxxx,1,139330,501,17
ac19_67485,YXXYx,YYYXXyXYxyyx,1,139341,501,15
ac19_67500,YXXyXYx,YYxxxyxyXXX,1,139394,501,16
ac19_67504,YXYXyx,YYYYXyXXyXyxx,1,139410,501,17
ac19_67510,YXYXyx,YYYXXyyyxxxYX,1,139430,501,17
ac19_67515,YXXyXyX,YYYxyxxyXyX,1,139442,501,15
ac19_67528,YXYXyx,YYXYxxyXyXXyyxx,1,139468,501,17
ac19_67529,YXYXyx,YYXYYXyXXyxxx,1,139469,501,15
ac19_67552,YXyXXXyx,YYxYXyxxxyX,1,139558,501,17
ac19_67554,YXXyx,YYYYXyXXyyxxxxx,2,139560 149641,501,16
ac19_67558,YXXYx,YYYxyXXXyXYxyx,1,139574,501,13
ac19_67561,YXXyx,YYYYXYxyyyyxyXYxyXyX,1,139591,501,18
ac19_67565,YXXYx,YYXyyXXXyxYYxx,1,139605,501,15
ac19_67579,YXYXyx,YYYXyyXXXYYYxyx,1,139648,501,19
ac19_67588,YXyxYXXyx,YYYXyxYXyXXyX,1,139672,501,17
ac19_67592,YXYXyx,YYYxYxYXyxyXyXX,2,139681 151651,501,19
ac19_67594,YXXyxYx,YYXYxxxxYXX,1,139685,501,16
ac19_67610,YXYXyx,YYYYxYXyxyXXyyXYx,1,139736,501,19
ac19_67623,YXXYx,YYYYXYXXyyXYYx,1,139772,501,15
ac19_67625,YXXyx,YYYYXXYYxyyyxyyx,1,139774,501,18
ac19_67626,YXyXXyx,YYYxyxYxyxyX,1,139785,501,16
ac19_67633,YXXyXYx,YYYXXXyXXyxx,1,139812,501,16
ac19_67634,YXYXyx,YYYXXXXyXXyxYxxYx,1,139813,501,21
ac19_67656,YXYXyx,YYXyXXYXXyXXYxxxx,1,139881,501,19
ac19_67659,YXYXXYx,YYxyXyXyxyx,1,139896,501,17
ac19_67669,YXyXXyx,YYYXyxyxyxYx,1,139933,501,19
ac19_67672,YXXYx,YYYXXXYXYXYYxx,1,139941,501,15
ac19_67682,YXYXyx,YYXXXXyXYXYYx,2,139983 149632,501,19
ac19_67685,YXYXyx,YYYXXYYYxyXXX,1,139994,501,17
ac19_67699,YXXXYxYx,YYYxYXXYXyx,1,140038,501,14
ac19_67703,YXYXyx,YYYXyyXXXYYxx,1,140051,501,19
ac19_67704,YYXXXXXYx,YYYxyyXyyx,1,140052,501,18
ac19_67716,YXXyxYx,YYYxYxxYXX,1,140092,501,16
ac19_67725,YXYXyx,YYYYXyXXyXYxx,1,140123,501,17
ac19_67728,YXYXyx,YYxYXyxyXXyxx,1,140148,501,15
ac19_67733,YYXXYxxyx,YYYxYYxyyX,1,140160,501,18
ac19_67739,YXYxxYXyx,YYxYXXyxyx,1,140187,501,15
ac19_67747,YXXyx,YYYXyXyyxxxxxYx,2,140207 145937,501,20
ac19_67763,YXYXyx,YYXYxyXXyXXyxxYxx,1,140267,501,19
ac19_67778,YXXX,YYYXYYxyyyXyxyx,1,140315,501,17
ac19_67787,YXXyXyxx,YYYYYxYxxxx,1,140351,501,17
ac19_67798,YXXyxYx,YYXYxyXYxyx,1,140375,501,15
ac19_67821,YXYxyx,YYXyxYYxxYxYYxx,1,140485,501,19
ac19_67836,YXYXyx,YYYxxYXyxyyXX,1,140535,501,17
ac19_67844,YXXyx,YYYXyyxxyyXXXYYX,2,140556 152040,501,18
ac19_67852,YYXXXyxx,YYYYXyyXXyx,1,140582,501,17
ac19_67865,YXYXXXX,YYXXyyXyxxxxx,1,140621,501,15
ac19_67868,YXXyx,YYYYYYXyxyyXyXyX,2,140635 144639,501,18
ac19_67877,YXXYx,YYYXYxxyXXXyyx,1,140661,501,15
ac19_67916,YXXYx,YYYXyxxxyXXyyx,1,140796,501,15
ac19_67925,YXYXyx,YYYXYxyyyXXyxxx,1,140834,501,19
ac19_67934,YXyXXXyx,YYXyXYXyXyyxx,1,140882,501,19
ac19_67948,YXYXyx,YYYYxyXXyxyXyxx,1,140936,501,19
ac19_67950,YXXYxxyx,YXYXyxxYxYx,1,140938,501,19
ac19_67987,YYXXyxx,YYXXYYxYYxYx,1,141054,501,16
ac19_67998,YXYXyx,YYXyXYxxYxyXyXX,1,141092,501,17
ac19_68011,YXYXyx,YYxxYXYxyXXyXyX,2,141161 154410,501,19
ac19_68016,YXXyx,YYYYXYxyyyXyXXX,1,141172,501,18
ac19_68033,YXYXyx,YYXXYxYxyXyyXYx,1,141252,501,13
ac19_68035,YXYXyx,YYYYXyyXXyXYx,1,141264,501,17
ac19_68059,YXYXyx,YYYYYXYxYXyXXXX,1,141322,501,21
ac19_68066,YXXyXyxx,YYXXyyxxYxx,1,141345,501,15
ac19_68071,YXXYx,YYXyxYXYxxyyX,1,141359,501,15
ac19_68086,YXYXyx,YYYYxyXXyyyyx,1,141407,501,17
ac19_68094,YXYXyx,YYXXyXXyxxxYxyx,1,141431,501,17
ac19_68099,YYXXXXyX,YYXXXyxyx,2,141446 153310,501,15
ac19_68109,YYXXXyx,YYXyyXyXYXYx,1,141481,501,15
ac19_68133,YXXyx,YYYYYYXyXyxyyXyX,1,141546,501,18
ac19_68134,YXXX,YYYYYYXyyyxyyyx,1,141547,501,19
ac19_68143,YXYXyx,YYYYYxyXyxyyXXX,1,141576,501,19
ac19_68153,YXYXyx,YYYXYxxYXyXyX,1,141605,501,17
ac19_68174,YXXYxxyx,YYXXyyxYxYx,1,141677,501,15
ac19_68184,YXXyx,YYYYXyxxyyxxxx,1,141709,501,16
ac19_68196,YXXYx,YYYXXyyxYYXYYX,1,141769,501,18
ac19_68198,YXYXyx,YYYXXyyXXXYYxyx,1,141779,501,19
ac19_68200,YYXXyx,YXXyXXYxxxxxxyX,1,141785,501,13
ac19_68207,YXXyx,YYYYYXyyyXyXXX,1,141805,501,18
ac19_68225,YXYXyx,YYYYYxyyxyXXXyX,1,141852,501,19
ac19_68229,YXXX,YYYXYxyyyXYxyyx,1,141889,501,19
ac19_68242,YXYXXXX,YYYXXyXXXyxx,1,141913,501,16
ac19_68259,YXYXyx,YYXXYXXyyXYYx,1,141964,501,15
ac19_68262,YXYXXXX,YYYXyyyXXXYx,1,141977,501,16
ac19_68265,YXXyx,YYYYXyxyyXyxxYx,1,141989,501,17
ac19_68269,YXyXXyx,YYYxxyyxxYx,1,142010,501,17
ac19_68275,YXYXyx,YYXyyXyXyxxxx,1,142029,501,19
ac19_68288,YXXX,YYYYXyxyyxYXyyx,1,142055,501,19
ac19_68291,YXXXYxx,YYYYYXYXXyx,1,142063,501,17
ac19_68292,YXYxyx,YYXXYxyXyXyyx,1,142066,501,15
ac19_68299,YXYXyx,YYYxYXXyXXXYX,1,142087,501,19
ac19_68311,YXYXyx,YYXyxxYxyXXXyxx,1,142121,501,15
ac19_68317,YXyXXyx,YYYxyXyxyXX,1,142165,501,17
ac19_68323,YYXXXyXYx,YXYXXXyxx,1,142179,501,17
ac19_68327,YXYXyx,YYYYYXYXyXXXX,1,142189,501,15
ac19_68386,YXXyx,YYYYYXYxyXyyXyyX,1,142346,501,17
ac19_68406,YXXyx,YYYYXyyXyyXXYX,1,142426,501,19
ac19_68408,YXyXXyx,YYXYxxxYxyxxyXX,1,142429,501,18
ac19_68416,YXYXyx,YYYxYxyyxyXyyXX,1,142449,501,19
ac19_68420,YXYXXYxyX,YYYxyXyxxyyX,1,142457,501,20
ac19_68432,YXYXyx,YYXyXYYxxYXXX,1,142488,501,15
ac19_68448,YXXX,YYYYYXyXyyXyX,1,142532,501,17
ac19_68450,YXXyx,YYYYYXyXyxyyxyyx,1,142534,501,18
ac19_68455,YXXXYxx,YYYYXXyxYYX,1,142547,501,17
ac19_68466,YXXyXYx,YYXXXXXyxx,1,142579,501,17
ac19_68470,YYXXXyx,YYYXXXYXyX,1,142590,501,14
ac19_68475,YXYXyx,YYXyyXyyxyxxx,1,142604,501,19
ac19_68482,YXYXyx,YYYYYxyxYXyyXXX,2,142632 148024,501,19
ac19_68487,YXYXyx,YYYXXXXXYYxyX,2,142649 150166,501,17
ac19_68530,YXXyx,YYYXyXyxyyxxxxx,2,142786 156255,501,19
ac19_68535,YXXXyXyX,YYYXyxxxxyx,1,142797,501,15
ac19_68563,YYXXYYx,YXYXyxxyXyx,1,142891,501,17
ac19_68571,YYYXXXYXX,YYYxxyXyXX,1,142914,501,15
ac19_68609,YXXYx,YYYXXyXYxxyxYX,1,143035,501,13
ac19_68627,YXYXyx,YYXyXYYxxyXXX,1,143107,501,15
ac19_68634,YXXX,YYYXyyxYYXyxyyx,1,143132,501,19
ac19_68640,YXXX,YYYYXXyyxyyyxYX,2,143141 147984,501,17
ac19_68656,YXyXXXyx,YYYxyXXXyyXyX,1,143187,501,19
ac19_68666,YXyXXyx,YYYxxyxYxyyX,1,143212,501,16
ac19_68668,YXXyx,YYYXYXyXyyyxxYx,2,143221 150479,501,16
ac19_68669,YXXYx,YYYXXyyXXYxxyx,1,143222,501,15
ac19_68672,YXYXyx,YYYXyyXXyxYxx,1,143231,501,17
ac19_68673,YYXXXyX,YYYXXyXXyx,1,143234,501,15
ac19_68677,YXXyx,YYYYXYYXyxyXyXyXyX,1,143247,501,18
ac19_68687,YXYXyx,YYYYXyxyXXyyxxx,1,143280,501,19
ac19_68705,YXYXyx,YYxYXyyXXyyxx,1,143334,501,19
ac19_68714,YXXyXyx,YYxxyxyXXXYx,1,143392,501,16
ac19_68719,YXYXyx,YYXyXXyXYYxYX,1,143408,501,17
ac19_68735,YXYXyx,YYXXYYxxxyXyX,1,143451,501,17
ac19_68739,YXXyx,YYYYXyyyXyyxxx,1,143463,501,18
ac19_68740,YXXYxYxx,YYxYXXXyxyx,1,143464,501,14
ac19_68748,YXXYx,YYYXYxxYXyyX,1,143491,501,15
ac19_68757,YXXyx,YYYYYXyxyyyXXXX,1,143528,501,19
ac19_68777,YXYXyx,YYYYxYXyyXXyX,1,143584,501,19
ac19_68785,YXXYxxyx,YYYXyxxYx,1,143610,501,17
ac19_68791,YXYXyxYXyx,YXyXYxyXXYx,1,143640,501,15
ac19_68796,YYYXXXXYx,YYYXyyyxyx,1,143652,501,18
ac19_68824,YXXX,YYYXYxyyXYxyyyx,1,143749,501,19
ac19_68828,YXXX,YYYYXYxyyXyxyyx,1,143772,501,19
ac19_68836,YXXyXyxx,YYxxYxxyXYX,1,143792,501,15
ac19_68842,YXXX,YYYXyXyXyyyxYYx,1,143804,501,19
ac19_68851,YXYXyx,YYYYxxyxxyXyXXX,1,143828,501,19
ac19_68854,YXXXyXXyx,YYxyxxYXyx,1,143855,501,19
ac19_68864,YXYXyx,YYxYXYYxyXyXX,1,143893,501,17
ac19_68865,YXyXXyx,YYYxxyyXyxYX,1,143896,501,15
ac19_68877,YXXyx,YYYYXyyyXXyxyX,1,143934,501,15
ac19_68893,YXYXyx,YYXXyXXXYxxYx,1,143980,501,19
ac19_68918,YXYXyx,YYYYYYXyXXyyX,1,144039,501,19
ac19_68927,YXYXyx,YYxYYxyXyxyXyXX,1,144076,501,19
ac19_68956,YXYXyx,YYXXyXXXYxYxx,1,144151,501,19
ac19_68964,YXXX,YYYXyyXYYXyyxyx,1,144169,501,17
ac19_68968,YXXX,YYYxYXyyyXyyXYx,1,144186,501,19
ac19_68974,YXYXyx,YYYxyXXyXYXYx,2,144205 153107,501,17
ac19_68975,YXYXyx,YYXyXyXXYYxyx,2,144209 147895,501,17
ac19_68978,YXXYx,YYYYxYXyyxyyXyyx,1,144220,501,15
ac19_69009,YYXXXyxx,YYXYYXyyX,2,144348 144635,501,17
ac19_69016,YXYXyx,YYXXXXyyxYxYxyx,1,144368,501,17
ac19_69019,YXYXyx,YYXYYxxyXyXyX,2,144380 146408,501,17
ac19_69027,YYXXyx,YYYXyXXYxYX,1,144413,501,17
ac19_69046,YXXyxYx,YYYXYxxxyX,1,144472,501,16
ac19_69047,YXXYxxyx,YYXyxYXyxxx,1,144475,501,17
ac19_69057,YXXX,YYYxyyxYxyyxyyx,1,144517,501,19
ac19_69071,YXXyx,YYYYYXyxxyyXyXX,1,144568,501,18
ac19_69074,YYXXXyX,YYXyxYXXXyxyx,1,144576,501,17
ac19_69081,YXXYx,YYYxyyXYXYXyyx,1,144602,501,18
ac19_69083,YXXX,YYYXYYxyXyyyxyX,1,144607,501,19
ac19_69089,YXYXyx,YYYYYXyyXXXYYXX,2,144636 146983,501,19
ac19_69099,YXYXXYx,YYxyXXXyxxyx,1,144659,501,14
ac19_69101,YXXyx,YYYXyxxyyxyyXXYX,1,144665,501,18
ac19_69125,YXyxYXXyx,YYYXyxyXYxyXX,1,144725,501,14
ac19_69128,YXYXyx,YYXyXXyyxYxxxyx,1,144731,501,19
ac19_69132,YYXXXXYX,YYXyyxxYXXX,1,144743,501,15
ac19_69139,YXXYxxyx,YYXYXyXyyxx,1,144767,501,19
ac19_69144,YYXXXYx,YYXYxxxyXXX,1,144793,501,14
ac19_69160,YXyXXyx,YYYXyyyxyX,2,144871 147057,501,16
ac19_69183,YXYXyx,YYYYXyxyyXXyyxx,1,144944,501,19
ac19_69185,YXYxyx,YYXyXXyxYXyxx,1,144956,501,15
ac19_69187,YYXXXXX,YYXYYXyyXyx,1,144966,501,17
ac19_69189,YXYXyx,YYXXyXXyxYxYxyx,1,144977,501,15
ac19_69195,YXYXXXX,YYYXYXXXyyyx,1,144999,501,14
ac19_69236,YXYXyx,YYYYYYxyXXXXYxyyX,1,145112,501,19
ac19_69242,YXXYXXyx,YXyXYXXyXYx,1,145132,501,17
ac19_69251,YYXXXYX,YYxyXyXXYx,1,145161,501,16
ac19_69261,YXXyx,YYYXyyxyXXXXXYX,2,145180 151306,501,19
ac19_69267,YXYXyx,YYYXyXYYYXXXX,1,145193,501,13
ac19_69274,YXYXyx,YYYYYXyyXyyxx,1,145208,501,19
ac19_69301,YXYXyx,YYYYxxyXXyXXX,1,145297,501,19
ac19_69302,YXyXXyx,YYxYYxyxxyxYXyx,1,145301,501,17
ac19_69315,YXYXyxYxyx,YYxyXYxYxyX,1,145355,501,19
ac19_69316,YXXyXyx,YYXyxyXXyyX,1,145358,501,15
ac19_69336,YXXyx,YYYXyXyyXyxxYYxx,1,145414,501,3
ac19_69339,YXXX,YYYYYXyXyxyxyyX,1,145430,501,17
ac19_69342,YXYXyx,YYYXXXXyXYXYx,1,145444,501,19
ac19_69347,YXYXyx,YYYYYXyxyXyXyxx,1,145458,501,17
ac19_69374,YXyXXyx,YYxxxYXYXyxxyxx,1,145539,501,18
ac19_69378,YXXyXyxx,YYxyxYXYx,1,145546,501,17
ac19_69383,YXYXyx,YYXXXyXXXYYxxyx,1,145556,501,19
ac19_69385,YXXyx,YYYYXyXyyyxxxyx,1,145560,501,19
ac19_69389,YXXYxxyX,YYXYxYXXyyX,1,145582,501,17
ac19_69420,YXXX,YYYXyxyyxYYxyyX,1,145671,501,19
ac19_69427,YXyXXyx,YYYXyXYxyxyx,1,145688,501,17
ac19_69433,YYXXyxx,YYYYxxYYYXXX,1,145722,501,18
ac19_69434,YXYXyx,YYXXXyXXyxxYxxxyx,1,145732,501,19
ac19_69438,YXYXyx,YYYXyXYXyyxxx,1,145744,501,17
ac19_69441,YXXyx,YYYYXyxyyXyXXYX,1,145751,501,18
ac19_69456,YXXYxxyx,YYXyxxxYxYx,1,145807,501,17
ac19_69457,YYXXYx,YYXYYxYxyXX,1,145818,501,12
ac19_69466,YXYXyx,YYXYYXXXyXYYx,1,145842,501,17
ac19_69469,YXYXyx,YYYYxyxYYXyyXXX,1,145859,501,19
ac19_69476,YXXyx,YYYYXyyyxxyyxYYX,1,145870,501,18
ac19_69484,YXyXXyx,YYYXyxxyxxYXyx,1,145891,501,18
ac19_69490,YXXyx,YYYYXyxyyxyyxxx,2,145919 156666,501,18
ac19_69511,YXYXyx,YYXyXyyxxYXYx,1,145965,501,17
ac19_69523,YXXyx,YYYXyXyyxyxxxx,2,145997 155625,501,18
ac19_69535,YXXXyXyx,YYxyxxYXXyx,1,146035,501,16
ac19_69541,YXYXyx,YYYYYYXXyyXXX,1,146056,501,19
ac19_69555,YYXXYx,YYYYXYYxyXX,1,146097,501,15
ac19_69562,YXXYxxyX,YYXXXXyxxxx,1,146120,501,14
ac19_69577,YXYxyx,YYYYxxYxYYxyx,1,146163,501,15
ac19_69610,YXYXyx,YYXYxxyXyyXyyxx,1,146259,501,19
ac19_69611,YXXyx,YYYYXyyXyyxxYxx,1,146260,501,19
ac19_69618,YXXXXyXyx,YYXXXyXyyX,1,146291,501,16
ac19_69633,YXYxyx,YYXXXyyxxYxyX,1,146328,501,15
ac19_69640,YXYXyx,YYYXyyxyXXyXYYx,1,146342,501,17
ac19_69647,YXYXyx,YYYxxYXyxyXyXyx,1,146361,501,17
ac19_69660,YXYXyx,YYXXXXyXXYxxx,1,146390,501,17
ac19_69661,YXYXXXXYx,YYXXXYxxyXyx,1,146392,501,15
ac19_69668,YXYXyx,YYYYXyyyyXXYx,1,146407,501,17
ac19_69672,YXyXXXyx,YYYxyxxYxyx,2,146414 152721,501,17
ac19_69673,YXYXyx,YYXXXXXXXYYxx,1,146416,501,19
ac19_69707,YYXXXYx,YYxxyXXYX,1,146518,501,16
ac19_69732,YXXYx,YYXyXXXyxYYxyx,1,146603,501,16
ac19_69749,YXYXyx,YYYYYXyyyXyxx,1,146661,501,19
ac19_69757,YXXyXyx,YYYxyyXYxxyX,1,146702,501,14
ac19_69769,YYXXYxxyX,YYXXYYXXyxx,1,146733,501,16
ac19_69773,YXXyx,YYYYYXyyxyxyxxYXyx,1,146745,501,20
ac19_69776,YYXXXyxxx,YYYxYxyXXX,1,146751,501,15
ac19_69788,YYXXyxx,YYYxxxxYXXyX,1,146786,501,18
ac19_69796,YXyXXyx,YYYYxxyxxx,1,146805,501,17
ac19_69805,YYXXXYXX,YYYxyXyXX,1,146838,501,15
ac19_69810,YXYxyx,YYYXyyxYxYYxx,1,146857,501,17
ac19_69818,YXYXyx,YYXYYXyXXXYYx,1,146877,501,17
ac19_69837,YXXyx,YYYXyXyxyyxxYYx,1,146959,501,17
ac19_69842,YXYXyx,YYYYXXXXXYYYX,1,146968,501,19
ac19_69846,YXXYx,YYXyyXXYxxyxyx,1,146984,501,15
ac19_69854,YYXXXYYxYX,YYYXYYXXyyx,1,147009,501,19
ac19_69855,YXXyx,YYYYXyxyXyyxxYx,1,147010,501,18
ac19_69861,YYXXXXXyX,YYXXyXXXXX,3,147021 154983 156650,501,15
ac19_69868,YXYXyx,YYXYYXyXXyXYx,1,147051,501,15
ac19_69883,YYXXXYX,YXyXYxyXYx,1,147099,501,17
ac19_69884,YXXyx,YYYYYXyxyXyyyxyx,1,147100,501,19
ac19_69899,YYXXyxx,YYXXYxxxyXYx,1,147161,501,16
ac19_69909,YXYXyx,YYYxyyXXyXYxx,1,147178,501,17
ac19_69914,YXyXXXXyx,YYXyXYxyyxx,1,147190,501,18
ac19_69925,YXXX,YYYYYXyxyxyXyyx,1,147221,501,17
ac19_69933,YXXXyXyX,YYXXyXXXyyx,1,147239,501,15
ac19_69937,YXYXyx,YYXXXXyyXYxYx,1,147253,501,17
ac19_69946,YXYXyx,YYYXyxyyXXyxxxx,1,147319,501,19
ac19_69949,YXXX,YYYXYYxyyXyyxyX,1,147327,501,19
ac19_69965,YXYXyx,YYXyXYYXXXYxx,1,147384,501,13
ac19_69970,YXXX,YYYXyyXYYXyyX,1,147401,501,17
ac19_69972,YXXyXyx,YYXYxYxyyxyX,1,147406,501,15
ac19_69982,YXXX,YYYXYYXyyXyxyyx,1,147441,501,19
ac19_69992,YXXX,YYYXYYXyxyyyXyx,1,147480,501,19
ac19_69994,YXYXyx,YYYYYYYXXYXyXXX,1,147483,501,19
ac19_70009,YXyXXyx,YYYXyXYxyxxxx,1,147547,501,18
ac19_70016,YXYxyx,YYYXyxYXXyxxx,1,147563,501,15
ac19_70027,YXYXYXXYx,YYxxyXyXyx,1,147593,501,15
ac19_70028,YXXYxxyxx,YYXXyXXXyxxxx,1,147594,501,19
ac19_70036,YXYXyx,YYXyXXXXYxYYxyx,1,147619,501,19
ac19_70055,YXXyx,YYYYXYXYxyXyyXyXyX,1,147662,501,18
ac19_70059,YXXyx,YYYXyyXyXXXYXX,1,147669,501,18
ac19_70077,YXyXXyx,YYYXyXyxyxx,1,147734,501,17
ac19_70079,YYXXyxx,YYxYxxYXXXX,1,147737,501,18
ac19_70104,YYXXXXX,YYYYYXyyXyyX,1,147807,501,19
ac19_70117,YXXyx,YYYXYYYXyxxyXyyyxyyX,1,147847,501,19
ac19_70142,YYXXX,YYYXyXXyyyxYYx,1,147931,501,18
ac19_70159,YXXyx,YYYXYXYXyyXyyXX,2,147988 156101,501,17
ac19_70168,YXYXyx,YYXXXyxyXXXYYxx,1,148011,501,19
ac19_70169,YXXyx,YYYYXyxyXyyyXXX,1,148016,501,19
ac19_70170,YXYXyx,YYXXXYYxYXyXX,1,148018,501,17
ac19_70180,YXYXXYx,YYxYXXXyyx,1,148059,501,16
ac19_70222,YXYXyx,YYXYYxYYXXXyX,1,148179,501,17
ac19_70233,YXXX,YYYXYxyyXYxyyyX,1,148210,501,19
ac19_70246,YYXXX,YYYxYXyyXyyxyx,1,148245,501,18
ac19_70250,YXYXyx,YYYYYYXyyxyXXXX,1,148256,501,19
ac19_70280,YXXX,YYYXYYxyXyxyyyX,1,148380,501,17
ac19_70285,YXXyx,YYYYYXyyxyXyyXyX,1,148394,501,19
ac19_70288,YXyxYXXyx,YYXyyXXXyX,1,148406,501,18
ac19_70297,YXXXyxYx,YYXyXXYxxyX,1,148446,501,17
ac19_70304,YXyXXXyx,YYXyXYXyxyx,1,148473,501,16
ac19_70308,YXYXyx,YYXXyXyXYxxxx,2,148480 150594,501,15
ac19_70321,YXXyXyX,YYXyxYxyxyX,1,148513,501,17
ac19_70323,YXXyx,YYYXyXyyXXXYXX,1,148518,501,14
ac19_70328,YXyXXXXyx,YYxxYXyxYxyxyX,1,148537,501,19
ac19_70343,YXYXyx,YYYXyyxyXXyxx,1,148578,501,15
ac19_70355,YYXXXyXYx,YXYXXXXYx,1,148613,501,14
ac19_70362,YXXYx,YYYXXXYxyxYYX,1,148646,501,15
ac19_70363,YXXyx,YYYYXyXXyyyXyXX,1,148647,501,19
ac19_70388,YXXyx,YYYXXYXyyXyXXX,1,148714,501,18
ac19_70394,YYYXXXX,YYYxYXyyXXyx,1,148738,501,15
ac19_70396,YYXXXXX,YYYXXyyyXYx,1,148744,501,14
ac19_70401,YXXYXXyx,YXXXyXXXYxx,1,148769,501,17
ac19_70406,YYXYYXyyx,YYxxYXXXX,1,148801,501,18
ac19_70407,YYXXXyx,YYXYYxyXXyyx,1,148808,501,15
ac19_70410,YXYXyx,YYYYXYYxyXXXX,1,148815,501,17
ac19_70412,YXYXyx,YYYXYxyXyXyyxxx,1,148825,501,19
ac19_70421,YXYXyx,YYYYXyxyXXXXYxx,1,148857,501,19
ac19_70431,YXXyx,YYYXyXyyxyxyxYx,1,148887,501,18
ac19_70463,YXyXXyx,YYxYXXyyxxyXX,1,148990,501,18
ac19_70472,YXYXyx,YYYXyxyXyXyxx,1,149026,501,15
ac19_70475,YYXXXXXYXX,YYXyXYYXyXX,1,149047,501,14
ac19_70478,YXYXyx,YYXyxyXXyxxYx,1,149054,501,15
ac19_70482,YXyXXXyx,YYXyXYXXyXyxxyX,1,149067,501,19
ac19_70485,YYXXyxx,YYxxYXYxyX,1,149077,501,17
ac19_70496,YXXyx,YYYYXyyxxyyyXXXX,1,149096,501,19
ac19_70497,YXYxyx,YYYXyXXyyXXyXyxyx,1,149106,501,19
ac19_70512,YXyXXyx,YYXyXYYxxyxxyx,1,149155,501,18
ac19_70522,YXXXX,YYYYXXXyyXyX,1,149185,501,14
ac19_70531,YXXYx,YYYXXyxyyxxxyX,1,149213,501,15
ac19_70533,YXyXXyx,YYXyXYxyyxyX,1,149221,501,16
ac19_70552,YYXXXYXX,YYXXYYxyXyX,1,149274,501,15
ac19_70560,YXXX,YYYXYxyyyXYXyyx,1,149293,501,17
ac19_70568,YXXYx,YYYXYYxyXYXyyx,1,149335,501,18
ac19_70576,YXyXXyx,YYxyXXyyxxyxYXYXyX,1,149352,501,19
ac19_70588,YXYXyx,YYYYYYYXyXXyX,1,149376,501,19
ac19_70614,YXYXyx,YYxYxyXXYxyXX,1,149446,501,15
ac19_70619,YXXyx,YYXYYxyXyXyXXXX,1,149466,501,19
ac19_70634,YXXYx,YYYYxYXyyyxyyXyyyx,1,149532,501,18
ac19_70639,YXXyx,YYYYYXyXyyxyyxyx,1,149547,501,19
ac19_70660,YXYXyx,YYYYXyyxyXyXXYx,1,149622,501,17
ac19_70661,YXYXyx,YYXXXYYxYXyyX,1,149623,501,17
ac19_70681,YYXXXYxx,YYYYXYYxyyX,1,149703,501,19
ac19_70696,YXXXyXyx,YYXXyyxyX,1,149741,501,15
ac19_70698,YXYXXXXYx,YXyxxxyXyXYx,1,149752,501,15
ac19_70712,YXXyx,YYYYYYXyyyXXyyX,1,149798,501,18
ac19_70713,YXXYx,YYYYXYXYxyXyyx,1,149800,501,15
ac19_70715,YYXXXYX,YYYXXyyxxyyx,1,149817,501,15
ac19_70716,YXyXYxx,YYYYXXyxxYX,1,149819,501,16
ac19_70723,YXXyXyx,YYYxxxYxyx,1,149842,501,16
ac19_70737,YXYXyx,YYYXXyXyxxxyx,1,149897,501,17
ac19_70739,YXXYx,YYYXXyXXYYxxyx,1,149899,501,15
ac19_70749,YYXXXYxx,YYXYxxxYXXX,1,149941,501,17
ac19_70758,YYXXXYX,YYxyXYxyXX,1,149968,501,16
ac19_70762,YXYxyx,YYXXyyXXyyXyxxx,1,149975,501,19
ac19_70767,YXXYx,YYXYYxyXYYXyyx,1,149984,501,18
ac19_70786,YXyXXyx,YYxxyXXYXyxxxyX,1,150029,501,13
ac19_70795,YXYXyx,YYYxYXyXyxyXX,1,150056,501,17
ac19_70815,YXYXyx,YYXyyXyyXYYxx,2,150165 152119,501,17
ac19_70819,YXYXyx,YYXXXXYYxYXyX,1,150173,501,15
ac19_70826,YYXXXyxxx,YYYYXXYxxYYX,1,150207,501,19
ac19_70842,YXYXyx,YYYYYXyXXXyyx,1,150255,501,17
ac19_70845,YYXYXyXXyX,YXYXyXYXXyX,1,150262,501,19
ac19_70852,YXXyx,YYYXyyXXXXXXyXYX,1,150277,501,19
ac19_70863,YXYXyx,YYYxyXXYxyyXX,1,150307,501,11
ac19_70877,YXyxYXyxYXXyx,YYXXyyXXXyxYXyx,1,150337,501,16
ac19_70892,YYXXYxxyX,YYXXyxYXyx,1,150382,501,15
ac19_70897,YXYXyx,YYXyXXYXyXYxx,1,150391,501,15
ac19_70911,YXXyx,YYYXyxyXyXyXyXYX,1,150441,501,19
ac19_70913,YXXyx,YYYXYYxYXyxyXyyyxyyX,1,150445,501,19
ac19_70918,YYXXXXyx,YYxYXXXXyyX,1,150463,501,15
ac19_70931,YYYXXYXyX,YYYXXXXYX,1,150500,501,15
ac19_70935,YXXyx,YYYXYYYxyXyyyxyx,1,150509,501,18
ac19_70939,YXXYx,YYXyxYXyXYxyx,1,150531,501,15
ac19_70942,YYXXXXyX,YXyxYxxxyXX,1,150543,501,15
ac19_70970,YXXXXYxYx,YYYXYXXXYx,1,150641,501,16
ac19_70992,YXXXyxx,YYXyXYXXXXXyX,1,150727,501,16
ac19_70996,YXyXXyx,YYYXXyxxxxx,1,150737,501,17
ac19_70998,YXYXyx,YYYYXyXXyyyxx,1,150741,501,19
ac19_71024,YXyXXXyX,YYYYxyyXyyx,1,150831,501,19
ac19_71047,YXYXyx,YYXYxxyyXyXyxxx,1,150900,501,19
ac19_71051,YXYXXYx,YYxYXyXYXyx,1,150920,501,17
ac19_71062,YXYXXXX,YYYYXXyxyXyX,2,150944 155031,501,16
ac19_71065,YXXYx,YYXXyyXYxxyxyx,1,150963,501,15
ac19_71069,YXXyx,YYYYYXYxyXyyxyyx,2,150972 151972,501,18
ac19_71081,YXYXyx,YYYXyXXXYYxYX,1,150998,501,17
ac19_71091,YXYXyx,YYYYxYXXyXXXX,1,151027,501,19
ac19_71115,YXXYx,YYYXYxxyxYXXyX,1,151114,501,15
ac19_71128,YXXYx,YYXyyXXYXYxxyx,1,151148,501,15
ac19_71137,YXYXyx,YYXyXYxxxYXXyXX,1,151168,501,17
ac19_71139,YYXXXyX,YYXYXXyyxyx,1,151170,501,15
ac19_71150,YXXyx,YYYXYYxxYXyyXyyXyX,1,151194,501,18
ac19_71153,YXYXyx,YYXYxxxYXyXXyXX,1,151202,501,21
ac19_71192,YXYXyx,YYYXYxyXXXXYx,1,151330,501,17
ac19_71198,YXXyx,YYYXXYYxyyxyxxyx,1,151338,501,18
ac19_71201,YXYXyx,YYXXyyXyxxYxxyx,1,151360,501,19
ac19_71211,YXYXyx,YYXyXXyXYYxxx,1,151399,501,17
ac19_71214,YXYXyx,YYXyxyXXXXYYx,2,151410 152033,501,17
ac19_71216,YXXyXyxx,YYYxyxxYYxx,1,151415,501,19
ac19_71218,YXYXXYx,YXyXyXYxxyxx,1,151421,501,17
ac19_71220,YXYXyx,YYYXYxyyXyXyxxx,1,151427,501,19
ac19_71238,YXYXyx,YYYxxxYXXyxyyXX,1,151503,501,19
ac19_71248,YXYXyx,YYYXXXXyXYxYX,1,151522,501,17
ac19_71250,YXXyx,YYYXyxxyyXyXYXYX,1,151528,501,18
ac19_71269,YXXyx,YYYYXYxyyXyyXX,1,151596,501,18
ac19_71273,YXXyx,YYYYYXyXyxyyxxx,2,151605 153671,501,18
ac19_71293,YXXYx,YYYXXXYxyyxxYX,1,151681,501,15
ac19_71301,YXyXXXyx,YYYXyyXXyyx,1,151705,501,19
ac19_71308,YXYXyx,YYYYYxyXXyyyX,1,151736,501,17
ac19_71310,YXYXyx,YYYYxyXyXXXYXYxyX,1,151744,501,19
ac19_71321,YXyXXyx,YYxyxYxyxyXYXXXyX,1,151787,501,18
ac19_71329,YYXYXXXyX,YXyXYXyXYx,1,151821,501,17
ac19_71343,YYXXXYx,YYXXyxYXyx,1,151877,501,14
ac19_71351,YYXXyxx,YYYYYXXYxxxxYX,1,151909,501,18
ac19_71366,YXYXyx,YYxyXXyxyXyxx,1,151951,501,17
ac19_71405,YXXYXXyxx,YYYXXXXXYxxyXX,1,152082,501,19
ac19_71414,YYXXYYXXX,YYYXXYYXXyXyx,1,152116,501,15
ac19_71423,YXYxyx,YYXXXyxxxYx,2,152139 155061,501,15
ac19_71428,YYXXYYx,YYYXyxYxyyX,1,152151,501,17
ac19_71442,YYXXyxx,YYXyXYXyxyx,1,152192,501,11
ac19_71457,YYYXXXXyx,YYxYXyXXyx,1,152253,501,15
ac19_71466,YXXyx,YYYXYYxyyxyyXXXX,1,152293,501,19
ac19_71467,YXXYx,YYYYXXyXXYYxx,1,152294,501,15
ac19_71473,YXYXyx,YYXyXXyyxYxxxYX,1,152315,501,17
ac19_71485,YXXYx,YYXXXYXyxYYxyx,1,152369,501,15
ac19_71534,YXXyx,YYYYXyyyxyxxyx,2,152523 155505,501,16
ac19_71547,YXYxyx,YYYYxxYYxYxyx,2,152567 152713,501,15
ac19_71556,YYXXXYxYx,YYxyXYXXYx,1,152599,501,17
ac19_71557,YYXyxYXXyx,YXYxyXXYxyX,1,152606,501,19
ac19_71571,YXYXyx,YYYYYxyxxyXXXyX,1,152636,501,19
ac19_71576,YXYXyx,YYXYYxyyXXXYx,1,152653,501,17
ac19_71581,YXXyXyxx,YYxYxxxyxYX,1,152670,501,17
ac19_71583,YXYXyx,YYYYXXYxxyXXX,1,152682,501,15
ac19_71593,YXXyXyXyX,YYxxyxyxYX,1,152723,501,17
ac19_71608,YXXX,YYXyyXYYXyxyx,2,152788 156656,501,15
ac19_71610,YXYXyx,YYYXYxxxYXXXXyX,1,152808,501,19
ac19_71613,YYXXXYxx,YYYYxxyXXyX,1,152813,501,19
ac19_71615,YXXXX,YYYYYXXyyyyX,1,152815,501,12
ac19_71648,YYXXyxx,YYYXYYxyyX,1,152905,501,16
ac19_71657,YXYXyx,YYYYxYXyXXXYXyX,1,152935,501,19
ac19_71660,YXXyxYx,YYYxxYxYXYYX,1,152949,501,15
ac19_71675,YXXyx,YYYXYYXyyyxxyyyx,1,153028,501,15
ac19_71683,YXXYx,YYXXyXYYxxyxYX,1,153044,501,15
ac19_71702,YYXXXYx,YYYXXYYXyXYx,1,153102,501,15
ac19_71730,YXXyx,YYYXYXYxyXyyXyXXX,1,153187,501,18
ac19_71733,YXYXyx,YYXyyXYXXXYYx,1,153204,501,17
ac19_71741,YXyXXyx,YYYxxyxxYXXyx,1,153221,501,15
ac19_71749,YXXyXyx,YYXyyXYXyxyX,1,153241,501,16
ac19_71767,YXXyx,YYYXYxYxyyyXyXXX,1,153295,501,18
ac19_71785,YXYXyx,YYYxxYXyXXYxyXyyXYx,1,153359,501,19
ac19_71786,YXXYx,YYYYXYXYXyXYYx,1,153361,501,15
ac19_71799,YXXX,YYYXYYxyyXyyxyx,1,153388,501,17
ac19_71802,YYXXyxx,YYYYxxYYXYXX,1,153394,501,16
ac19_71810,YXXXYxx,YYxyXXXyxyx,1,153437,501,16
ac19_71819,YXXYXXXYx,YXYxYXyXyx,1,153467,501,14
ac19_71828,YYXXXXX,YXyXXYxYXyx,1,153492,501,15
ac19_71831,YXXYx,YYYXXyXYXYxyxx,1,153505,501,15
ac19_71832,YXXyx,YYYYYXyyyyXXXX,1,153510,501,19
ac19_71833,YXyXXyx,YYxyxxxyxYXYx,1,153513,501,17
ac19_71838,YXYXXXX,YYYxyxyXyyx,1,153529,501,16
ac19_71847,YXyXXXXyx,YYxyxyXYXyXYxyX,1,153547,501,18
ac19_71848,YXYXyx,YYYYxyyyXXyyx,1,153549,501,17
ac19_71849,YYXXXyX,YYYXyyyxx,1,153551,501,16
ac19_71854,YXXyXyx,YYXyxYxxyx,2,153566 154942,501,14
ac19_71856,YXXX,YYYYXyXyXyyyxYx,1,153570,501,19
ac19_71859,YXYXyx,YYXyyXXXYYxYX,1,153581,501,17
ac19_71862,YXYXyx,YYYXyXXXXyxxx,1,153588,501,17
ac19_71871,YXYXyx,YYYXYxxyXyXXXYx,1,153609,501,19
ac19_71882,YXXyXyxx,YYxyxxxxYXX,1,153633,501,17
ac19_71886,YXXYx,YYYXXXYxyyXYxx,1,153643,501,15
ac19_71890,YXyXXyx,YYXXyyxyXyX,1,153654,501,17
ac19_71896,YYXXyxx,YYYxYxYYXyXX,1,153687,501,15
ac19_71901,YYYXXXXYX,YYYxxyyXXX,1,153708,501,17
ac19_71915,YYXXYXX,YYYYYXyXyyyx,1,153755,501,19
ac19_71926,YXYXyx,YYXXXyyxxYxyx,1,153802,501,17
ac19_71935,YXYXyx,YYXXXYXXyXXyxYxxYxx,1,153832,501,21
ac19_71937,YXYXyx,YYXyyXXyxxxYxYX,1,153841,501,17
ac19_71941,YYXXXYxx,YYYYXyyxYYX,1,153856,501,19
ac19_71947,YXXYXXyx,YYXYXyXyx,1,153873,501,17
ac19_71949,YXXyx,YYYYYXyyxxyXyx,1,153882,501,15
ac19_71984,YYXXXYX,YYYXXyXyxYX,1,153993,501,16
ac19_72002,YXYXyx,YYXYxxyXXyXyxxx,1,154050,501,19
ac19_72004,YXXXYxx,YYYXXyxyyxyx,1,154053,501,18
ac19_72008,YXXX,YYYXYYxyyyXyxyX,1,154068,501,19
ac19_72025,YXYXyx,YYYYYxyyxyXyXXX,1,154124,501,19
ac19_72033,YXYXyx,YYYXyXXyXYxyXYx,1,154150,501,17
ac19_72038,YXYXyx,YYYYxxyyXXXYxyXYX,1,154165,501,19
ac19_72048,YYYXXXXX,YYYXXyxYXyX,1,154206,501,13
ac19_72051,YXYXyx,YYYYYYYXyXXXYxyyX,1,154214,501,19
ac19_72068,YYYXyXyyx,YYxyXXXXX,1,154291,501,18
ac19_72100,YXYXyx,YYYXYxyyXXXXXYx,1,154399,501,19
ac19_72104,YYXYXXXyX,YYYXXXyxyX,1,154409,501,18
ac19_72105,YXXyx,YYYYXyyyXyxyXXXX,1,154413,501,19
ac19_72113,YXXYXXyxx,YYYXyXyxyxx,1,154435,501,17
ac19_72152,YXXYx,YYYXyxyyxyyXYx,2,154612 155369,501,15
ac19_72158,YXyXXyx,YYYYxxyxxyX,1,154629,501,16
ac19_72162,YXXyx,YYYYXYYxyXyxyXyyxyyX,1,154639,501,19
ac19_72167,YYYYXXXXX,YYYXYXyyyx,1,154657,501,19
ac19_72170,YXXyx,YYYXyyyXyXXXYYX,1,154662,501,19
ac19_72174,YYXXXXYX,YYXXXyXYx,1,154673,501,14
ac19_72183,YXYXyx,YYXyyXyyxxYYxYX,1,154703,501,19
ac19_72184,YXXyx,YYYYXyyXyyXYXX,1,154704,501,18
ac19_72195,YXXYx,YYYXXXYxxYXyyx,1,154743,501,15
ac19_72199,YYXyxYXXXyx,YXXyXYxxxyXYxxxyX,1,154759,501,15
ac19_72212,YYXXYYXXX,YYXXXyxYxxyX,1,154798,501,18
ac19_72241,YXXyXyxx,YYYxxxyxxYX,1,154881,501,17
ac19_72256,YYXXXYxx,YYYYXyyXyxx,1,154924,501,19
ac19_72259,YXXX,YYYXYYxyyyxyXyX,1,154934,501,19
ac19_72262,YXXX,YYYYXYXyyxyXyyx,1,154940,501,17
ac19_72274,YYXXXyx,YYYXXyxYXyyx,1,154976,501,15
ac19_72280,YXYXyx,YYXyXyyxxxyxx,1,155000,501,17
ac19_72313,YXYXyx,YYYxYXYXXyXXX,1,155095,501,15
ac19_72316,YYYXXXXyX,YYYxyyXXX,1,155104,501,18
ac19_72319,YXYXyx,YYxYXyXXYXyXYxx,1,155109,501,17
ac19_72321,YXYXyx,YYYxYXyXyXXYX,1,155116,501,19
ac19_72328,YYXXyxx,YYYYYXYxyX,1,155161,501,17
ac19_72330,YXYXyx,YYXXyXXXyxYxxxyxx,1,155164,501,19
ac19_72337,YXYXyx,YYYxYxyXXyyyx,1,155195,501,17
ac19_72344,YXYXyx,YYXXXyXXXyxYxxYxxyx,1,155220,501,21
ac19_72375,YXYXyx,YYXXXyXyxxxYxyx,1,155319,501,19
ac19_72383,YXYXyx,YYXXXXXXYxYxx,1,155357,501,19
ac19_72387,YXXyXyxx,YYxxYYxxxYX,1,155366,501,19
ac19_72391,YXXYXXYxx,YYXyyXXYxx,1,155379,501,16
ac19_72393,YXXyXyX,YYYXyxYxxyxyxx,1,155383,501,16
ac19_72401,YYXXXXXyX,YYXYXXXyyX,1,155436,501,15
ac19_72403,YXYXyx,YYYYXYxxyXXXyXX,1,155443,501,21
ac19_72408,YXYXyx,YYYYXyxyXyXyxxx,1,155464,501,19
ac19_72415,YXYXyx,YYXXXXyXYxYYx,1,155490,501,17
ac19_72417,YYXXXXXXyxx,YYYXXXXXyyxx,1,155497,501,18
ac19_72421,YXyXXyx,YYxyxyxYxYxyxYX,1,155504,501,17
ac19_72455,YXYXXYx,YYXXyxyXXYxYx,1,155623,501,17
ac19_72485,YXXYxxyX,YYYxxyXyXyx,1,155693,501,14
ac19_72497,YXyxYXXyx,YYXyxYXyxyxYxx,1,155738,501,17
ac19_72502,YXXXyxx,YYXXyXXXYXyX,1,155748,501,16
ac19_72507,YYXXYXyyx,YYXXyXXYx,1,155763,501,17
ac19_72508,YXYxyx,YYXXXyyXyxxyX,1,155777,501,15
ac19_72509,YXyXXyx,YYYxyxyxyXYx,1,155780,501,15
ac19_72513,YXYXyx,YYYXYxyXXyyyxYx,1,155791,501,19
ac19_72535,YXXyXyxx,YYYXYxYxyxx,1,155857,501,15
ac19_72545,YXYXyx,YYYXXXXXyxxYxyx,1,155903,501,17
ac19_72560,YXYXyx,YYYXXXXyyxYYxyx,1,155952,501,17
ac19_72570,YXyXXyx,YYXyxYxxyyXXX,1,155997,501,18
ac19_72578,YXXyx,YYYYXXYYxyyxyyyx,1,156036,501,18
ac19_72582,YXXyx,YYYYXXYxyyXyyxxxx,1,156045,501,19
ac19_72587,YXXyx,YYYXyxyyxyxxxx,1,156056,501,18
ac19_72597,YYXXXYX,YYXXXXyyxYxx,1,156118,501,15
ac19_72598,YXXX,YYYXYYXyyyXyxyx,1,156122,501,17
ac19_72613,YXYXXXX,YYYYXXXyxyyX,1,156169,501,15
ac19_72619,YXXXX,YYYYxxyxyyxyyx,1,156199,501,16
ac19_72633,YXyXXyx,YYYXyXYxyyxx,1,156248,501,17
ac19_72635,YXyXXyx,YYYXXyxYxyyx,1,156260,501,16
ac19_72639,YXXyx,YYXyyXyXXyyXYXYx,1,156265,501,18
ac19_72647,YYXXYxxyx,YYYXXyyxxx,1,156299,501,14
ac19_72656,YXXyXyxx,YYYXYxxyyxx,1,156341,501,17
ac19_72674,YXXyx,YYYXYYxyyxyxxxxyx,1,156434,501,19
ac19_72694,YYXXYYXXX,YYYXXXyxYXX,1,156484,501,19
ac19_72700,YXYxyx,YYXyXXyyXyxxx,1,156516,501,17
ac19_72708,YXXyXyX,YYYXXXyyXyyX,1,156531,501,15
ac19_72721,YXYXXXX,YYYXXyXyyxYX,1,156566,501,16
ac19_72726,YXYXyx,YYXyXXXyxxYYx,1,156590,501,17
ac19_72731,YXYXyx,YYXXyXXXYYxYx,1,156601,501,19
ac19_72735,YYYXXXXX,YYXXYXyyx,1,156607,501,17
ac19_72748,YXYXyx,YYYXYxyXyXXXXYx,1,156659,501,19
ac19_72755,YYXXYXYYx,YYXXXYxyx,1,156669,501,16
ac19_72756,YXXyx,YYXYYXyXyxyyxyxx,1,156670,501,18
ac19_72768,YXyXXyx,YYxyXXyyXYxyxyXYXX,1,156722,501,17
ac19_72772,YXYXyx,YYXXXYYxxxyyX,1,156738,501,15
ac19_72773,YXyXXyx,YYXyxxxxxYX,1,156739,501,17
