name,r1,r2,n_members,members,nodes_explored,min_relator_length
ac19_88,YXXyx,YYYYYYXyyyyyx,20,464 466 559 560 562 564 565 566 569 572 575 576 582 588 18756 42582 80564 95063 95680 130078,1000,16
ac19_99,YYXXyxx,YXXXXXXXXyxxxxxxx,6,527 529 628 629 630 633,1000,19
ac19_105,YYXXXXyX,YXXXXXyxxxxxx,6,581 586 60449 71264 98145 132273,1000,16
ac19_106,YXXyx,YYYYYYYXyyyyyyx,14,590 591 592 593 594 595 596 597 600 603 604 605 610 613,1000,17
ac19_109,YXXyx,YYYYYYYYXyyyyyyyx,10,616 617 618 619 620 621 622 623 624 625,1000,18
ac19_112,YXXyx,YYYXYYXYxyXyXyyXyX,1,634,1000,17
ac19_113,YXyXXyx,YYYxxxyXyyX,6,635 25772 38420 41490 50383 68259,1000,14
ac19_130,YXYXyx,YYYxxYxyXXyyX,2,652 50815,1000,16
ac19_139,YXXyx,YYYXyyyXXXXXyXX,2,661 135375,1000,16
ac19_150,YXXyx,YYXyyXyXXYXYX,5,672 8506 18135 30024 134340,1000,16
ac19_175,YXYXyx,YYYYXyyyXXXYx,2,698 66077,1000,17
ac19_182,YXXyx,YYYXyxyyXXXYX,5,705 8871 20421 26300 123101,1000,16
ac19_208,YXXyx,YYXYYxyyxxyxxxx,2,732 2618,1000,16
ac19_221,YXXyx,YYXYYxyyxyxxx,6,746 4203 42026 72086 82011 100075,1000,16
ac19_227,YXYXyx,YYXyXXyyxxx,5,754 4010 33778 55438 63321,1000,16
ac19_239,YXXYxxyx,YYxxxYxxyXXYx,2,766 144672,1000,18
ac19_242,YXYXyx,YYXyXyyxyxxYx,2,769 35507,1000,17
ac19_243,YXXyx,YYYXYXyyyXyXYX,3,770 29140 46187,1000,16
ac19_286,YXXyx,YYYYXyyyxyXyXX,1,814,1000,18
ac19_365,YXXyx,YYYYXyxyXyXXXXX,2,895 99139,1000,17
ac19_384,YXYXyx,YYYXyxyXyXXXYYx,2,914 8983,1000,17
ac19_403,YXXyx,YYYXyxyyxyyxYx,4,933 32775 65733 117341,1000,16
ac19_432,YXXyx,YYYYXyXyXyXX,6,962 3511 16458 36906 94872 146427,1000,15
ac19_434,YXXyx,YYYYYYXyxyyxxyyx,1,964,1000,17
ac19_463,YXYXyx,YYYYXyXyyxx,6,994 7294 16885 46099 61177 91046,1000,13
ac19_471,YXXyx,YYYYXyyXyyyxx,3,1002 123791 150206,1000,16
ac19_472,YXYXyx,YYXYxYYxyyXXX,2,1003 71312,1000,17
ac19_480,YXyXXyx,YYXYXyXyxyx,4,1013 13654 113521 146225,1000,16
ac19_522,YXXyx,YYYXyyyXXYXX,3,1057 56177 150175,1000,16
ac19_525,YXyXXyx,YYYxxxyyXyX,1,1060,1000,15
ac19_527,YXyXXyx,YYxyxYxyxyxYXYXyxYx,1,1062,1000,17
ac19_548,YXyXXXyx,YYxYxxxyxyX,2,1084 33584,1000,15
ac19_557,YXXyx,YYYYYYXyyXyyyX,2,1093 44948,1000,16
ac19_564,YXYXyx,YYYXyXXyyxYYx,2,1100 78314,1000,14
ac19_580,YXYXyx,YYYYxxYXyxyyXyX,1,1116,1000,16
ac19_636,YXXyx,YYXYxYxyyXyxxx,1,1175,1000,14
ac19_688,YXXyx,YYYXyxxyxyyXXXX,1,1227,1000,16
ac19_716,YXYXyx,YYXXXYxxYxyXXyX,2,1255 88544,1000,16
ac19_718,YXYXyx,YYYYxxYXyXyXX,2,1257 74614,1000,18
ac19_739,YXYXyx,YYYxxYXyyXX,4,1279 30301 73752 126110,1000,14
ac19_744,YXXyx,YYYXYXyyyXYXyX,2,1284 148026,1000,14
ac19_757,YXyXXyx,YYXYxxyyXyX,4,1299 22877 98319 151411,1000,16
ac19_763,YXYXyx,YYYYYXyXXXXYYXX,2,1306 98919,1000,17
ac19_807,YXXyx,YYYYXyxyyyxYx,4,1354 51625 111380 156292,1000,16
ac19_815,YXXyx,YYYXYYxyxyyyxx,3,1362 55564 112747,1000,16
ac19_823,YXYXyx,YYYxyXXXyXXYx,2,1370 113209,1000,17
ac19_833,YXXyx,YYYYXyxxyxyyyXXX,2,1381 128078,1000,17
ac19_909,YXXyx,YYYXYxYxyyyxyx,2,1463 151281,1000,15
ac19_941,YXXyx,YYYXyyyXyXXYYX,2,1498 62353,1000,17
ac19_973,YXXyx,YYXYxyyXyxxxYx,1,1530,1000,14
ac19_991,YXYXyx,YYYYYXXXXXXYXYxyX,2,1548 128745,1000,17
ac19_1006,YXYXyx,YYYXXXyXXXYYxyx,1,1564,1000,17
ac19_1036,YXXyx,YYYXyyxyyXyXYX,2,1595 32791,1000,16
ac19_1071,YXXyx,YYYXyyxyXyxxxYYx,2,1631 23232,1000,17
ac19_1121,YXYXyx,YYXYxyXXyXXYxxx,1,1684,1000,16
ac19_1125,YXyXXyx,YYYxyyxYxxx,8,1689 27939 45710 70173 77752 114059 122135 150221,1000,14
ac19_1149,YXyXXyx,YYXXYxyXyyx,5,1715 6986 38989 44869 96217,1000,14
ac19_1205,YXXyx,YYYXYXyxyXyyyXXX,1,1773,1000,17
ac19_1215,YXYXyx,YYYxxyXXXyX,6,1783 43548 69153 70740 111558 133991,1000,14
ac19_1243,YXYXyx,YYYYxYXyXXX,3,1814 4878 117202,1000,15
ac19_1260,YXXyx,YYYXYYxyyXyxyxx,1,1832,1000,16
ac19_1273,YXXyx,YYYYXyXXyXyXX,4,1846 62386 102398 147485,1000,16
ac19_1310,YXXyx,YYYYXyxyXyyyX,9,1886 69704 76230 102005 115471 124801 126534 134260 137346,1000,13
ac19_1327,YXYXyx,YYXXyxyXXXYYx,2,1905 52704,1000,14
ac19_1331,YXYXyx,YYYXYYxxxyXyyXX,2,1909 73620,1000,17
ac19_1345,YXyXXXyx,YYXyXYXyXYxxyxxyX,1,1924,1000,17
ac19_1349,YXYXyx,YYYYYYxyXXYXyXX,1,1928,1000,17
ac19_1355,YXXyx,YYYXyxyXXyXXYX,2,1934 33440,1000,16
ac19_1372,YXyXXXyx,YYxxyxxyXYx,1,1951,1000,15
ac19_1384,YXyXXXyx,YYYxyxYxyxYXXyXyx,2,1963 41661,1000,16
ac19_1394,YXXXyxYx,YYXYXYxyX,1,1974,1000,17
ac19_1443,YXXyx,YYYYXyyxyXyyXXX,2,2025 51397,1000,17
ac19_1467,YXXyx,YYYXYXyyxyXXX,5,2051 26081 72619 74726 155565,1000,15
ac19_1492,YXYXyx,YYXyXXyyxYYxx,2,2077 3820,1000,15
ac19_1520,YXYXyx,YYYYxxyXXXXYXyX,1,2106,1000,17
ac19_1533,YXyXXXyx,YYXyxYxxyyxYx,1,2120,1000,17
ac19_1553,YXXyx,YYYXYxyyXyyxyx,2,2143 49957,1000,14
ac19_1580,YXyXXyx,YYYXyyyXYXyxyX,4,2171 21966 29226 60067,1000,16
ac19_1592,YXYXyx,YYYXyXXyXXYYxyx,1,2183,1000,17
ac19_1653,YXYXyx,YYXXyXXyxxxYx,2,2246 36682,1000,16
ac19_1655,YXXyx,YYYXYXyxyyxxxx,2,2248 31607,1000,16
ac19_1660,YXyXXXyx,YYYxxxyXyxx,1,2253,1000,18
ac19_1665,YXYXyx,YYYXyyXyXyxxx,2,2258 83079,1000,17
ac19_1706,YXYXyx,YYXYYXyXyXyxxYx,1,2301,1000,16
ac19_1757,YXYXyx,YYYXYxYXyyXXX,1,2354,1000,16
ac19_1769,YXYXyx,YYYXYxYxyyXXX,1,2368,1000,16
ac19_1800,YXYXyx,YYYxyXYXyXXYx,5,2403 14072 49119 102474 152265,1000,13
ac19_1809,YXXyx,YYXYxyyXyXyXXXX,2,2413 128243,1000,16
ac19_1811,YXXyx,YYYXyyyxxxxxxYx,2,2415 34025,1000,16
ac19_1824,YXXyx,YYYYXyXyxyyXyX,3,2429 65371 108149,1000,15
ac19_1838,YXXyx,YYYXyXXyyXyXXYYX,2,2443 68114,1000,17
ac19_1855,YXXyx,YYYYXXYxyyyxyxx,3,2461 87350 113907,1000,16
ac19_1865,YXYXyx,YYYYYXXXXXXYX,3,2471 10434 141740,1000,18
ac19_1889,YXYXyx,YYYxyxYYXyXyyXX,2,2495 106307,1000,17
ac19_1903,YXYXyx,YYYYXYxyyyXXXYx,2,2511 117588,1000,17
ac19_1909,YXyXXyx,YYYxyxyxxYx,3,2517 93240 150550,1000,17
ac19_1927,YXYXyx,YYXYxyXXXXyXYxx,4,2536 104464 119958 154477,1000,15
ac19_1957,YXXyx,YYYXYYXyxyXyXyXXX,1,2567,1000,17
ac19_1983,YXXyx,YYYXyyyXXXXXYx,1,2593,1000,18
ac19_2028,YYXXyxx,YYYXXYxYxxYXX,1,2641,1000,18
ac19_2036,YXXyx,YYYXYXyyXyxxxx,1,2649,1000,16
ac19_2101,YXYXyx,YYXyyXXXyxxYx,1,2717,1000,15
ac19_2126,YXXyx,YYYXYYXXXyyXyyXX,2,2744 143721,1000,16
ac19_2147,YXXyx,YYYXYYYXyyxxyyyX,3,2767 45742 137025,1000,16
ac19_2161,YXYXyx,YYYYYXYxYXXyXXX,2,2784 40284,1000,18
ac19_2167,YXXyx,YYXYxYxyXyyXyXYX,1,2790,1000,16
ac19_2177,YXXyx,YYYYXYXyyyxyXX,3,2800 15602 69913,1000,15
ac19_2200,YXXyx,YYYXYXyyxxyyXXYX,2,2824 78040,1000,16
ac19_2231,YXXyx,YYYYYXyyyyxx,5,2861 21494 27987 30837 58064,1000,16
ac19_2247,YXXyx,YYYXYxyyyxxx,3,2878 87463 156671,1000,15
ac19_2281,YXYXyx,YYXXXyXXYxxYx,4,2915 11656 87054 126921,1000,15
ac19_2283,YXyXXyx,YYXXXyxyxYxyx,3,2917 69545 93300,1000,16
ac19_2285,YXYXyx,YYYYXXXXXYXYx,2,2919 129269,1000,17
ac19_2308,YXXyx,YYYYXyyXyXXXX,2,2942 62383,1000,17
ac19_2327,YXYXyx,YYYxYxyxxyXXXyX,2,2962 58018,1000,17
ac19_2370,YXXyx,YYYXYxyXyyXyXYX,1,3007,1000,16
ac19_2406,YXyXXXyx,YYxYXyxyxYxyx,1,3049,1000,17
ac19_2420,YXYXyx,YYXXyXXyxxYxx,2,3063 77863,1000,16
ac19_2429,YXXyx,YYYXyXyxyXyXXXX,2,3072 15530,1000,16
ac19_2454,YXYXyx,YYYxxyyXXXyxx,1,3098,1000,15
ac19_2478,YXXyx,YYYYXYXyyyyXX,4,3122 12732 14677 24126,1000,17
ac19_2479,YXXyx,YYYXyyyXyxxxx,3,3123 108704 146075,1000,16
ac19_2480,YXXyx,YYYXyXyyxyyxxYx,2,3124 16507,1000,17
ac19_2482,YXyXXyx,YYYXyyyxx,2,3127 137713,1000,16
ac19_2499,YXYXyx,YYxYxxYXyxyXXyX,1,3146,1000,16
ac19_2518,YXYXyx,YYYYYYXyXyXXX,1,3165,1000,17
ac19_2525,YXYXyx,YYYYYXXXXXX,3,3172 12717 119092,1000,16
ac19_2541,YXXyx,YYYYYXyXyyyX,8,3190 48059 56209 73686 138298 141453 150432 154922,1000,13
ac19_2565,YXyXXyx,YYXXXyXyxyXYXyxyX,2,3216 127382,1000,16
ac19_2574,YXYXyx,YYYXyxyXyXXYYYx,2,3226 14518,1000,17
ac19_2587,YXXyx,YYYYXyxxyyyyx,2,3240 65119,1000,13
ac19_2616,YXXyx,YYYYXXXyXyyxxx,1,3270,1000,14
ac19_2622,YXXXXXXyxYx,YYXXXXXyyxYx,3,3277 102968 155072,1000,16
ac19_2651,YXXyx,YYYYXyyyyXYX,6,3308 52682 62406 90680 101538 111495,1000,16
ac19_2668,YXXyxYXXyxx,YYXXyxYXyxYxyx,1,3327,1000,19
ac19_2691,YXXyx,YYYXYxyyxyxYXyxx,1,3355,1000,14
ac19_2696,YYXXYxYXXXYx,YYXXXyxxYXXYx,1,3360,1000,17
ac19_2708,YXYXyx,YYXyyXyyxYxxx,2,3372 9450,1000,17
ac19_2724,YXXyx,YYYYXyXyyxyXYX,3,3391 137890 140927,1000,13
ac19_2740,YXXyx,YYYXYxyyxyxx,8,3408 28586 65678 80640 97870 102044 136745 137835,1000,14
ac19_2757,YXYXyx,YYYXyXXXXYXYx,2,3425 142004,1000,16
ac19_2802,YXyXXyx,YYYxyxyXyXX,2,3474 3525,1000,17
ac19_2814,YXXyx,YYYXYxyyyxyXXYxyyX,2,3488 23966,1000,16
ac19_2823,YXYXyx,YYXXXyyXYXYxx,1,3497,1000,14
ac19_2828,YXXyx,YYYYYYXyyxyyyx,2,3503 120458,1000,17
ac19_2829,YXXyx,YYXYXyyxyXyXXX,1,3504,1000,16
ac19_2860,YXXyx,YYYYYXyyxyyXyxYx,1,3540,1000,17
ac19_2880,YXYXyx,YYXYxyXyyXXYx,9,3563 66640 66853 85124 92262 127050 141332 141917 150377,1000,13
ac19_2885,YXYXyx,YYXXXXyyxYYxxyx,1,3568,1000,16
ac19_2962,YXYXXYxyX,YYYXyXYxyxYXXyyx,1,3664,1000,17
ac19_2972,YXYXyx,YYYXyxyyXyXXYYx,2,3678 119594,1000,16
ac19_2977,YXYXyx,YYXyxyXXyXXYYxx,2,3683 154530,1000,17
ac19_2995,YXYXyx,YYXyXyyxYXyxxxx,2,3703 69902,1000,16
ac19_3005,YXYXyx,YYYYxyXXYXyXX,1,3714,1000,16
ac19_3012,YXXyx,YYYXYxyyyXXXX,2,3721 54754,1000,16
ac19_3013,YXXyx,YYXXYXyyXyyXXX,1,3722,1000,16
ac19_3033,YXXyx,YYYXYxyXXyyXXXX,1,3743,1000,16
ac19_3042,YXXyx,YYYXyyxxyxYxx,1,3753,1000,15
ac19_3057,YXXyx,YYYXYxyxxyyxx,3,3772 62998 82900,1000,14
ac19_3071,YXyXXXyx,YYxyXYYxyxYxyxx,2,3791 53415,1000,15
ac19_3076,YXyXXyx,YYXXXXyXyyxyX,2,3796 5653,1000,16
ac19_3135,YXYXyx,YYXYxyyXXXyyxxx,2,3861 58327,1000,17
ac19_3145,YXXyx,YYXYYXyXyxyXXX,2,3871 98468,1000,15
ac19_3162,YXYXyx,YYYXXyyyXyxxx,2,3890 27372,1000,16
ac19_3170,YXXXyxx,YYXyxYxyX,31,3900 8442 9912 21724 25881 35556 41762 47018 48764 55428 59448 63220 70981 74976 75690 78504 80037 85473 89048 89075 91536 101560 107647 118127 121192 121370 122110 124479 132236 139563 139721,1000,16
ac19_3174,YXYXyx,YYxYxYXyyXXYxyX,6,3905 18863 50251 62695 72930 153370,1000,16
ac19_3206,YXYXyx,YYxYXyxyXXyXyxx,1,3942,1000,16
ac19_3225,YXYXyx,YYYYXXXXyXyxx,2,3962 117558,1000,16
ac19_3239,YXYXyx,YYYxyXyXyxyxx,2,3977 152301,1000,16
ac19_3256,YXXyx,YYYYXYxyxxyyyx,3,3996 48917 78893,1000,14
ac19_3275,YXyXXXyx,YYxyxxyXYXyXX,1,4023,1000,17
ac19_3287,YXyXXyx,YYXyyxyXYxyX,3,4035 42667 113121,1000,12
ac19_3303,YXXyxYx,YYYYYXYxyX,2,4054 99453,1000,16
ac19_3341,YXXyx,YYYXYYxyxyyyXX,3,4100 112187 123283,1000,16
ac19_3366,YXYXyx,YYXyXXyXXYxxx,2,4126 43125,1000,16
ac19_3372,YXYXyx,YYXyyXXyxyxYx,2,4134 90778,1000,14
ac19_3381,YXYXyx,YYXyXXXXXYxYxyx,2,4143 103432,1000,16
ac19_3426,YXXyx,YYYYYXyxyXXyyXX,1,4198,1000,17
ac19_3436,YXYXyx,YYXXXyXyxxYxx,2,4213 119004,1000,16
ac19_3444,YXYXyx,YYYYxxyXXXyXX,2,4224 28224,1000,17
ac19_3473,YXXyx,YYYXYxyXyyXyyX,5,4254 5685 21555 35262 109294,1000,14
ac19_3475,YXXyx,YYYYYXyxyxyyXX,2,4257 84701,1000,15
ac19_3486,YXYXyx,YYXyyXyxxxyxx,1,4271,1000,14
ac19_3499,YXXyx,YYYXYYXyyXyXyX,2,4285 96008,1000,16
ac19_3514,YXYXyx,YYXyyXXyyxxYx,2,4300 147606,1000,17
ac19_3519,YXXyx,YYYYXYXyyXyyXX,2,4305 144275,1000,17
ac19_3534,YXXyx,YYYYYYXyXyxyXyyX,2,4321 48022,1000,17
ac19_3537,YXXyx,YYYYXyXXyyxxxx,2,4324 142519,1000,15
ac19_3588,YXXyx,YYXYYxyyXyyXYX,2,4385 123603,1000,16
ac19_3596,YXyXXyx,YYYXyxxxxxyX,1,4395,1000,15
ac19_3597,YXYXyx,YYXYxyXXXyXYxYx,3,4396 123146 149089,1000,16
ac19_3615,YXyXXyx,YYYxxYXyxyyx,7,4416 41245 57024 70086 103147 103763 116237,1000,15
ac19_3630,YXXyx,YYYXyyxxyyyxYXYxYX,3,4434 18438 100378,1000,16
ac19_3676,YXyXYxx,YYYYYYXYYxx,1,4487,1000,16
ac19_3678,YXyXXyx,YYXXXyyxxYXyx,2,4489 50819,1000,14
ac19_3713,YXyXXXyx,YYXyyXyXX,4,4525 31214 116309 130558,1000,16
ac19_3741,YXYXyx,YYYYYXXXXXXYxyX,2,4558 25952,1000,17
ac19_3785,YXyXYxx,YYYYYXYxyX,6,4605 21383 51995 74968 118882 146459,1000,16
ac19_3788,YXYXyx,YYYXXyXXXYx,4,4609 12026 52843 73926,1000,14
ac19_3807,YXyXXyx,YYYXyxxyxx,4,4629 102028 126014 154318,1000,16
ac19_3820,YXXXyxx,YYXyXYxyxYXXyx,4,4643 43409 94866 103456,1000,20
ac19_3832,YXXyx,YYYYXyXyXyXXYxyX,2,4657 55341,1000,16
ac19_3882,YXXyx,YYYYXYxyyxyyxx,3,4712 30766 84083,1000,17
ac19_3886,YXXyx,YYYYXyyxyXyyXX,2,4716 54717,1000,16
ac19_3907,YXYXyx,YYYxYXyXXyXYX,1,4740,1000,16
ac19_3943,YXXyx,YYYXyyXyyXXYYX,2,4782 95924,1000,17
ac19_3965,YXYXyx,YYYYxyxYYXyXXyX,1,4809,1000,16
ac19_3973,YXyXXyx,YYXyyXyxyXX,3,4818 23947 50373,1000,15
ac19_3981,YXXyx,YYYXyyxyyXyxYx,4,4827 27957 58580 156599,1000,12
ac19_4034,YXYXyx,YYYxyXyXXYXYx,2,4886 10260,1000,16
ac19_4039,YXyXXXyx,YYXyXYXyXYxyXyxyx,1,4891,1000,17
ac19_4040,YXXyx,YYYYXyXXyyyxyx,1,4892,1000,14
ac19_4056,YXYXyx,YYXXYYxYXyXyX,1,4911,1000,14
ac19_4065,YXXyx,YYYXXXYXyyXyXX,1,4921,1000,14
ac19_4099,YXYXyx,YYXYxyyXXyyxYxx,2,4960 16764,1000,16
ac19_4100,YXXyx,YYYXYXyyxyxyyxxx,2,4961 148589,1000,17
ac19_4108,YXXyx,YYYXyXyXyxyxyxYx,2,4970 69795,1000,16
ac19_4117,YXXyx,YYYYYXYxyyyXyyX,2,4980 55790,1000,17
ac19_4127,YXXyx,YYYXyyxyxxYxx,2,4993 28104,1000,15
ac19_4130,YXYXyx,YYYYYYxyXXXXX,2,4996 150480,1000,18
ac19_4149,YXXyx,YYYYXyyxxyyyXXX,2,5017 56630,1000,17
ac19_4178,YXYXyx,YYXyyxyXXyXYYxx,1,5053,1000,16
ac19_4183,YXYXyx,YYYxYXXyXXX,4,5058 52743 79734 105507,1000,16
ac19_4205,YXXyx,YYYYXXyyXyyyXX,1,5084,1000,13
ac19_4223,YXXyx,YYYXYXyxxyyxyyXX,2,5103 120336,1000,16
ac19_4224,YXXyx,YYYXyyXyxyxx,6,5104 49985 133278 144868 145939 152711,1000,11
ac19_4227,YXYXyx,YYXXXyXYYxx,10,5108 15397 38293 50119 53227 54779 107039 122203 144359 145005,1000,13
ac19_4266,YYXXXYxx,YYYXyXXYYxx,1,5153,1000,5
ac19_4275,YXXyx,YYYYYXyxyyxyXX,3,5166 16395 78390,1000,15
ac19_4277,YXYXyx,YYYXyXyXyxxxx,2,5168 97665,1000,17
ac19_4280,YXYXyx,YYYxxYXyxyXyyXX,1,5171,1000,18
ac19_4311,YXXyx,YYYXXYXyyyxxxx,2,5208 43216,1000,15
ac19_4415,YXyXXyx,YYXXXXyyXyxyx,2,5333 129306,1000,17
ac19_4432,YXXyx,YYYXyxyXyXyyxxYx,1,5351,1000,17
ac19_4440,YXYXyx,YYYXyyXXyxxYx,1,5359,1000,16
ac19_4448,YXXyx,YYYYYXyyXXyyXX,2,5370 15909,1000,17
ac19_4453,YXYXyx,YYXXyXXXXYYxx,2,5375 48066,1000,18
ac19_4458,YXXyx,YYXYXyyxyxxYxx,1,5381,1000,16
ac19_4474,YXXyx,YYYXXYxyxyyxxxx,2,5399 27488,1000,16
ac19_4496,YXYxxYXyx,YYxxYYxxYX,7,5426 22970 29552 59300 70728 73409 151009,1000,16
ac19_4534,YXYXyx,YYYYXYxyXXyXX,2,5467 127188,1000,16
ac19_4564,YXXyx,YYYYYXyyyXXyX,3,5499 27102 143928,1000,16
ac19_4604,YXyXXyx,YYYxxYXXyyyx,6,5545 103935 131877 135977 139208 148995,1000,14
ac19_4613,YXYXyx,YYXYxxxyXyXXXYx,1,5554,1000,17
ac19_4617,YXXyx,YYYYXyyyxyyXX,4,5558 27586 43539 100021,1000,16
ac19_4627,YXYXyx,YYYYxYXyyXXXX,1,5570,1000,18
ac19_4632,YXYXyx,YYXYYxYxyXXXX,1,5575,1000,16
ac19_4651,YXXyx,YYYYXyyyxxxxx,2,5597 12689,1000,17
ac19_4678,YXYXyx,YYYYxyyyXXyxx,1,5629,1000,16
ac19_4683,YYXXXyxYX,YYXXYYXXyX,4,5635 10584 54979 111512,1000,16
ac19_4686,YXXyx,YYXYXyyXXXyyXX,1,5638,1000,15
ac19_4704,YXYXyx,YYYYYxyXXXyXX,2,5657 131594,1000,18
ac19_4710,YXyXXXyx,YYXyxxxyXYx,1,5666,1000,15
ac19_4719,YXXyx,YYYYXyxyyyxYXyxxYX,2,5676 96851,1000,16
ac19_4756,YXyXXXyx,YYYXyxYxyXXyxyX,1,5719,1000,17
ac19_4764,YXYXyx,YYXyyXyyxxYxxYX,2,5727 52793,1000,17
ac19_4782,YXyXXyx,YYYXyyxxxx,2,5747 73949,1000,16
ac19_4829,YXYXyx,YYXyXyXXyxxYxyx,2,5800 19381,1000,15
ac19_4838,YXYXyx,YYXXyXXYYxx,4,5816 16457 52608 143848,1000,15
ac19_4854,YXXyx,YYYXyyXyXyXXXXX,2,5835 69429,1000,16
ac19_4862,YXYXyx,YYXyyXyxxxx,4,5850 62253 139148 143010,1000,14
ac19_4906,YXyXXyx,YYYYxyxyx,8,5899 13530 48990 56647 87497 111104 114789 142634,1000,15
ac19_4915,YXYXyx,YYXXXyyxyxYxx,2,5913 88135,1000,16
ac19_4931,YXXyx,YYYYXyyxyXyxYx,2,5930 129453,1000,14
ac19_4957,YXXyx,YYYXyyxyxxxxYx,2,5958 87892,1000,16
ac19_4965,YXXyx,YYXYxYxyyxyxxx,2,5969 61167,1000,15
ac19_4970,YXXyx,YYYXyyxxyyyxYx,1,5974,1000,16
ac19_4981,YXXyx,YYYYYXyyyXyyyX,1,5986,1000,16
ac19_4995,YXYXyx,YYYxYxyyXXXYxyX,2,6003 137641,1000,16
ac19_5000,YXXyx,YYYXyXyyXXXYX,3,6009 87938 129341,1000,16
ac19_5036,YXYXyx,YYXXyXyyxyxxx,2,6047 32216,1000,17
ac19_5079,YXXyx,YYYXYXXXyxyyXX,1,6097,1000,13
ac19_5087,YXXyx,YYYYXyXyxyyyxxxx,1,6105,1000,17
ac19_5103,YXXyx,YYYYXyxyXyXX,5,6125 17726 59833 89171 106260,1000,13
ac19_5130,YXYXyx,YYXyXXyyxxxYxYX,1,6161,1000,16
ac19_5161,YXXyx,YYYXYxYXyyXyyXXX,2,6202 103446,1000,17
ac19_5202,YXYXyx,YYXyyXyyxxxyx,2,6252 86454,1000,16
ac19_5248,YXYXyx,YYYYxYxyXXXyX,2,6304 54978,1000,17
ac19_5258,YXXyx,YYYXYXyyyXyyX,4,6317 23486 25102 97337,1000,14
ac19_5275,YXXyx,YYYYYXXXyyyXyX,1,6340,1000,15
ac19_5303,YXYXyx,YYYYXyxyXXXXYYx,2,6371 24930,1000,17
ac19_5309,YXXyx,YYYXyXyXyXXYX,5,6377 40989 73136 93499 123012,1000,16
ac19_5313,YXYXyx,YYXYYxyyXXyyxYx,1,6383,1000,16
ac19_5324,YXXyx,YYYXYXyyyXyXyX,2,6395 10403,1000,16
ac19_5327,YXYXyx,YYYYxyxYXyXyyXX,2,6398 105754,1000,17
ac19_5367,YXYXyx,YYYXXXYXyXXYx,1,6450,1000,14
ac19_5375,YXYXyx,YYYYYxyXyXXYXyX,1,6459,1000,18
ac19_5378,YXyXXXyx,YYYxyXXXyxYxyyx,1,6463,1000,17
ac19_5388,YXXyx,YYXYXYXyyXyXXX,2,6475 54345,1000,17
ac19_5418,YXYXyx,YYYXyXXyXXyxYxx,1,6507,1000,16
ac19_5426,YXXyx,YYYXyXyXyxyXXX,2,6515 15057,1000,15
ac19_5437,YXYXyx,YYXyXyXXXYxYxyx,1,6527,1000,16
ac19_5439,YXXyx,YYYXYXyyxyxxx,5,6529 36798 71598 76194 122127,1000,16
ac19_5440,YXyXXyx,YYYXyxYxxyyx,7,6530 18333 19175 38151 78717 84202 86741,1000,14
ac19_5443,YXXyx,YYYYXXYxyxyyyxx,2,6533 51856,1000,16
ac19_5481,YXXyx,YYYYXyXyyXX,6,6575 34963 58641 104264 118324 119023,1000,13
ac19_5489,YXYXyx,YYYxxYYXyxyyXyX,2,6583 46905,1000,16
ac19_5520,YXXyx,YYYYYXyXXyyyXX,2,6621 81562,1000,16
ac19_5545,YXXyx,YYYYXyyXyxyyx,5,6650 13550 30890 68187 151806,1000,11
ac19_5580,YXXyx,YYYYYXyXyxyyyyx,1,6690,1000,16
ac19_5588,YXyXXyx,YYXyXYYxyxyx,3,6699 91302 135663,1000,14
ac19_5592,YXXyx,YYYXyyyXyXYYX,7,6704 16061 32691 43789 45051 106754 115489,1000,16
ac19_5596,YXXyx,YYYXyyxyyxxxxx,2,6709 136132,1000,17
ac19_5628,YXXyx,YYYYYYXyyxyxxyyx,1,6746,1000,18
ac19_5638,YXyXXyx,YYXXXyxxxyx,6,6757 15448 83208 102850 103751 146916,1000,15
ac19_5696,YXYXyx,YYYYXyXXyyxYx,3,6826 32700 108885,1000,15
ac19_5702,YXXyx,YYYYXXXyXyyyXXYX,1,6833,1000,17
ac19_5705,YXyXXXyx,YYXyXYXXyxxYxxyyX,1,6836,1000,19
ac19_5710,YXXyx,YYYYXyyXyyXyXX,2,6841 110445,1000,16
ac19_5723,YXYXyx,YYXyXXXYxYXYx,2,6858 47299,1000,16
ac19_5732,YXYXyx,YYYYxyXyXyyxx,1,6868,1000,17
ac19_5759,YXYXyx,YYXyyXXXYxYxx,2,6902 101408,1000,17
ac19_5778,YXYXyx,YYXYxyXXyyXyxxx,2,6925 130512,1000,16
ac19_5807,YXYXyx,YYYxYxyXXyxyXyX,1,6958,1000,16
ac19_5817,YXXyx,YYXYYxyXyyxyxyxx,2,6968 79926,1000,17
ac19_5822,YXyXXyx,YYYYxyXXyyxx,1,6974,1000,16
ac19_5834,YXXyx,YYYYXyxxyXyXXX,1,6989,1000,16
ac19_5849,YXYXyx,YYXYxxyyXXXyxxx,1,7008,1000,15
ac19_5901,YXYXyx,YYYXyXXyyyxYx,2,7078 97525,1000,16
ac19_5927,YYXXXyxx,YYxYXXXXX,8,7111 15670 62662 64802 83712 89743 111983 133395,1000,17
ac19_5929,YXYXyx,YYXyXyyXyxxxx,1,7113,1000,17
ac19_5932,YXXyx,YYYYXXXyXyyyXyXX,1,7116,1000,17
ac19_5947,YXyXXyx,YYXXXXyyxxx,2,7133 98312,1000,16
ac19_5950,YXXyx,YYYXYXyyXyXX,5,7137 14468 33650 62994 133423,1000,15
ac19_5975,YXXyx,YYYXYYxyyyXyX,4,7169 25840 60093 106136,1000,15
ac19_5977,YXyXXyx,YYXyXYxYXyxxyyX,2,7171 142069,1000,17
ac19_5979,YXYXyx,YYYYxxYXyyyXX,2,7173 108519,1000,17
ac19_5986,YXYXyx,YYXXXyXyyxYxxyx,1,7184,1000,16
ac19_5996,YXXyx,YYYYXyXyyXXyyX,3,7200 150057 154519,1000,15
ac19_6022,YXYXyx,YYXYYxxYXyyXX,2,7235 19490,1000,15
ac19_6059,YXYXyx,YYYYXyyyXXyxx,1,7285,1000,15
ac19_6106,YXYXyx,YYYYYYXyXXyXX,2,7343 133183,1000,18
ac19_6111,YXXyx,YYYYYXyxyXyyyyX,3,7349 11266 21810,1000,17
ac19_6118,YXXyx,YYYXyXyXyXXXXYX,2,7356 131290,1000,16
ac19_6149,YXYXyx,YYxYYxYXyxyXXyX,2,7394 30348,1000,16
ac19_6201,YXXyx,YYYXyyyXXyXYYx,2,7455 138011,1000,16
ac19_6203,YXXyx,YYYYXyyyxyXYXX,3,7457 21130 39742,1000,16
ac19_6216,YXXyx,YYYXyyXyxyXXXXX,2,7473 131838,1000,16
ac19_6220,YXYXyx,YYYYXyyyyXyxx,1,7477,1000,16
ac19_6267,YXXyx,YYYXyXyXyyxxxxYYx,1,7536,1000,18
ac19_6272,YXXyx,YYYYXyXyxyXyyxx,2,7541 89922,1000,16
ac19_6276,YXYXyx,YYXYxYxxyXXyX,2,7546 140114,1000,15
ac19_6311,YXXyx,YYYYXXXyXXyyXX,1,7589,1000,15
ac19_6319,YXYXyx,YYYXXyxyXXXYYxx,2,7599 38515,1000,16
ac19_6321,YXXyx,YYYYXyXyXyxyXyxx,2,7601 73965,1000,16
ac19_6324,YXyXXyx,YYXYxyXYXyyXyxyx,2,7604 132380,1000,17
ac19_6337,YXXyx,YYYYXYXyXyyyXX,2,7618 87429,1000,16
ac19_6373,YXXyx,YYYYXyyyxyyXXXX,1,7660,1000,17
ac19_6383,YXXyx,YYYXyXyXyxyXyXYX,2,7672 143976,1000,16
ac19_6387,YXyXXXyx,YYXXyxYxxyxyX,2,7678 26124,1000,15
ac19_6428,YXYXyx,YYYxxxYXXyxyXXX,1,7725,1000,17
ac19_6468,YXYXyx,YYYxYYxyyXXyX,2,7772 9157,1000,17
ac19_6472,YXXyx,YYYYXyxyyyXyXX,4,7778 57070 132360 134073,1000,17
ac19_6479,YXXyx,YYYYXyXyXyyXYX,2,7787 117555,1000,16
ac19_6496,YXYXyx,YYXyXXXXXyxYxxx,1,7808,1000,16
ac19_6501,YXXyx,YYYYXyyyyXyyxYxx,1,7813,1000,17
ac19_6512,YXyxYXXyx,YYXyXyXYXYXyx,1,7829,1000,19
ac19_6517,YXYXyx,YYXYxyXXXyyxxYx,1,7834,1000,17
ac19_6523,YXYXyx,YYYYYXXyXXXYx,2,7843 38487,1000,17
ac19_6531,YXXyx,YYYXyXXXyyXXYX,1,7851,1000,16
ac19_6554,YYXyxYXXyx,YXyxYXyxxyXyx,1,7883,1000,17
ac19_6588,YXyXXyx,YYxyxxxxYXX,3,7921 78373 154701,1000,17
ac19_6614,YXXyx,YYYXyxyxyxxxYx,1,7950,1000,16
ac19_6664,YXyXXyx,YYYxxxyXXyyXX,1,8006,1000,16
ac19_6665,YXYXyx,YYYXYxyyyXXyyxx,1,8008,1000,16
ac19_6671,YXXyx,YYYXyxyyXyXYYX,5,8014 27132 78173 97656 111564,1000,16
ac19_6682,YXYXyx,YYXyXXXYXYYxx,1,8031,1000,17
ac19_6685,YXYXyx,YYYYxYXyxyyXyXX,1,8035,1000,17
ac19_6717,YXXyx,YYYXYXyyyxyyxxx,2,8070 91998,1000,17
ac19_6728,YXYXyx,YYXyxyXyXXXYYxx,2,8083 102728,1000,17
ac19_6745,YXXyx,YYYYXyyxyyXXXyX,1,8106,1000,17
ac19_6749,YXyXXyx,YYxyXXyyxyxYXX,2,8112 149688,1000,16
ac19_6750,YXYXyx,YYYXyyXYXXXXYYx,1,8114,1000,17
ac19_6752,YXXyx,YYXYxyyxyxxYx,4,8117 39632 122471 151014,1000,14
ac19_6765,YXYXyx,YYYYxYXyxyXyyXX,2,8138 43727,1000,17
ac19_6789,YXYXyx,YYYxxYxyyXyXX,2,8168 111970,1000,17
ac19_6798,YXXyx,YYYYYXYxyyyXyyxyyX,1,8178,1000,18
ac19_6814,YXYXyx,YYYxxxYXyXXyX,2,8196 14635,1000,17
ac19_6818,YXXyx,YYYYXYxyXyxyXyxyyX,3,8203 12147 143457,1000,16
ac19_6824,YXyXXyx,YYXXXXyxxyx,3,8209 13192 83564,1000,16
ac19_6865,YXyXXyx,YYXXYxyXXyyxyX,2,8263 77743,1000,16
ac19_6871,YXXyx,YYYXyyyXXXXYx,2,8269 122219,1000,16
ac19_6925,YXYXyx,YYXYxYxYXyyXX,6,8334 20714 39768 87099 110487 114173,1000,16
ac19_6964,YXyXXXyx,YYxyxxyXYXyXYxyXX,1,8377,1000,18
ac19_6967,YXYXyx,YYYxxYXyxyyXXyX,1,8380,1000,17
ac19_6994,YXYXyx,YYXyXXXXyxxYxyx,3,8413 22037 153546,1000,15
ac19_6999,YXyXXyx,YYxyxxxYXyxYX,1,8418,1000,15
ac19_7027,YXXyx,YYYXYYxxxyyyXyXXX,1,8451,1000,17
ac19_7048,YXyXXyx,YYYYxxyXyxx,2,8476 28230,1000,16
ac19_7053,YXYXyx,YYYXXXXXXYxYxyx,1,8481,1000,17
ac19_7073,YXXyx,YYYYXYXyXyxyXyX,1,8510,1000,16
ac19_7093,YXXyx,YYYXyXyXXyyXX,4,8542 32275 116929 154425,1000,14
ac19_7151,YXyXXXyx,YYXyXYXyyXXXyyX,1,8606,1000,17
ac19_7175,YXYXyx,YYXYxxyXXXyXYxx,1,8633,1000,16
ac19_7199,YXXyx,YYYYXyyXXyyyXX,2,8661 128774,1000,16
ac19_7206,YXYXyx,YYXYxYxYXyXXX,1,8672,1000,17
ac19_7233,YXXyx,YYYYXyyxxyyyxYYX,3,8707 122003 130954,1000,16
ac19_7245,YXXyx,YYYXYxYxyyyXyXX,2,8723 140578,1000,17
ac19_7252,YXYXyx,YYYXyXyyyxx,5,8732 28180 108720 116800 139883,1000,14
ac19_7255,YXYXyx,YYYXYxyXyyXXYYx,1,8737,1000,17
ac19_7276,YXXyx,YYYXyyxyyxYxYX,4,8761 32330 67409 141423,1000,14
ac19_7319,YXYXyx,YYXYxyXXyXXyxYxxx,1,8814,1000,17
ac19_7354,YXXyx,YYYYXYXyXyyyXXX,1,8853,1000,17
ac19_7414,YXXyx,YYXYXyXyXyXXYX,1,8931,1000,16
ac19_7423,YXyXXyx,YYYxyxyxYXyxYxx,1,8943,1000,17
ac19_7427,YXYXyx,YYXyXXyyxYXyxYx,1,8948,1000,16
ac19_7428,YXXyx,YYYYXyyyXyxYxx,3,8949 94972 122047,1000,15
ac19_7431,YXXyx,YYYXyXXyyXyxxx,1,8953,1000,13
ac19_7436,YXyXXyx,YYxYxxYXyxxyxyXYX,1,8958,1000,18
ac19_7437,YXXyx,YYYYYXyXyXyyXXX,2,8960 125010,1000,17
ac19_7441,YXYXyx,YYYYxxyyXyXXX,1,8964,1000,17
ac19_7453,YXYXyx,YYYXXXXyyxxYx,2,8978 22511,1000,17
ac19_7492,YXXyx,YYXYYXyyxyXyyXXX,2,9032 116960,1000,17
ac19_7517,YXXyx,YYYXyyXXyxyXXX,1,9067,1000,16
ac19_7540,YXYXyx,YYxYXyyXXYXYx,3,9095 22294 133269,1000,16
ac19_7545,YXYXyx,YYXYxxyXyXXXXYx,1,9103,1000,17
ac19_7567,YXYXyx,YYYYXYYXXXXXX,2,9127 110815,1000,16
ac19_7596,YXXyx,YYYYXyxyyyxxYX,3,9160 40725 98796,1000,16
ac19_7611,YXyXXyx,YYYxyxYXYxyxyXyyX,2,9176 124897,1000,17
ac19_7654,YXXyx,YYYYXyXyxyXyXXYX,1,9229,1000,17
ac19_7671,YXYXyx,YYXYxyXXyyXYxYXYx,3,9254 15503 22948,1000,15
ac19_7684,YXXyx,YYXYYxyyXyXXXX,2,9267 124526,1000,17
ac19_7717,YXXyx,YYYXYYxyXyyxyx,3,9308 124284 133869,1000,14
ac19_7726,YXXyx,YYYXyXyxyXyXXYYx,2,9317 117210,1000,17
ac19_7729,YXXyx,YYYYXYXyyxyyXX,2,9320 79712,1000,16
ac19_7744,YXXyx,YYYYXyyyyXXXYX,1,9342,1000,17
ac19_7750,YXYXyx,YYXXyXyyxxxYx,2,9350 37128,1000,17
ac19_7753,YXXyx,YYXYxyXyyXXXXXYX,2,9353 140397,1000,17
ac19_7764,YXXyx,YYYXyyXyxyxYYx,4,9365 49586 63009 125717,1000,14
ac19_7769,YXXyx,YYYYXYXyyxyyxx,3,9370 29773 64603,1000,16
ac19_7788,YXYXyx,YYXXyXyyxYxxxyx,1,9395,1000,16
ac19_7792,YXXyx,YYYXyXyXyyXXYYX,2,9399 25502,1000,16
ac19_7796,YXXyx,YYYYXyyxxxxxyx,2,9404 30740,1000,16
ac19_7801,YXYXyx,YYYxYYXXyxyyXXX,2,9409 115696,1000,17
ac19_7802,YXYXyx,YYYYxyxYXyXXXyX,1,9410,1000,17
ac19_7811,YXYXyx,YYXyXyyxyxYxx,1,9422,1000,16
ac19_7827,YXXyx,YYYXYYYxyXyxyyyx,1,9442,1000,16
ac19_7846,YXyXXyx,YYXXyxYxyxyXX,3,9466 21352 49180,1000,16
ac19_7849,YXXyx,YYYYYXyyyyXX,5,9469 46949 69473 85175 118372,1000,16
ac19_7859,YXYXyx,YYYXXXXXXYxYx,1,9482,1000,17
ac19_7890,YXXyx,YYYXyXyyXyXXXX,2,9520 97339,1000,17
ac19_7899,YXyXXyx,YYYXyxYxxxyxx,1,9530,1000,16
ac19_7902,YXXyx,YYYYXyyxyyyxx,5,9533 12737 37796 55010 111444,1000,17
ac19_7956,YXYXyx,YYXYxxYYXXXyX,1,9593,1000,15
ac19_7976,YXyXXyx,YYXyxxxyXXX,6,9616 51798 66117 89515 132748 149864,1000,16
ac19_7994,YXyXXyx,YYYxyxyxYXyx,1,9638,1000,14
ac19_8008,YXXyx,YYYXyxxyyxyxx,3,9653 16576 28340,1000,14
ac19_8018,YXXyx,YYYYXXYxyxyxyyxx,2,9665 42739,1000,17
ac19_8034,YXXyx,YYYXyxyXyXXYX,4,9685 12861 93639 151488,1000,14
ac19_8048,YXyXXXyx,YYXXyXYxxyxyx,2,9706 52075,1000,17
ac19_8051,YYYXXXXyX,YYXXXXXyxx,2,9709 33651,1000,14
ac19_8053,YXXyx,YYYXyXyxyXyXXXYYX,1,9712,1000,17
ac19_8064,YXXyx,YYYYYXyyyXyXXyyX,2,9726 121596,1000,18
ac19_8065,YXXyx,YYYYXyXyyyxyxx,2,9727 104119,1000,17
ac19_8077,YXXyx,YYXyyxyXyxxxYx,2,9740 34245,1000,15
ac19_8079,YXYXyx,YYYXyyyXXYYYx,1,9742,1000,17
ac19_8081,YXYXyx,YYYXyXXXyxxxx,2,9744 146980,1000,16
ac19_8088,YXyXXXyx,YYXyXXYxyXyyx,2,9751 18000,1000,16
ac19_8116,YXXyx,YYYYYYXyxyyyyx,5,9789 122369 131649 136917 148824,1000,16
ac19_8125,YXyXXXyx,YYXXyXXYxyxyx,2,9803 134553,1000,16
ac19_8139,YXYXyx,YYYYYxYXyyXXX,2,9818 67075,1000,17
ac19_8167,YXYXyx,YYXXyyXXYXYxx,2,9853 112831,1000,16
ac19_8173,YXXyx,YYYYXyyxxyyyyXYX,1,9859,1000,17
ac19_8193,YXXyx,YYYXyyyXXyxxxx,1,9883,1000,15
ac19_8223,YXYXyx,YYXXyXXXyxxYxxx,1,9919,1000,17
ac19_8226,YXyXXyx,YYXyxyXyyXX,2,9922 87790,1000,16
ac19_8232,YXYXyx,YYYXyXXyyxYxx,4,9931 107775 117948 133140,1000,16
ac19_8234,YXXyx,YYXyyXXyyxxxYx,1,9933,1000,14
ac19_8245,YXyXXyx,YYYxxyyXyXX,2,9947 32599,1000,16
ac19_8254,YXXyx,YYYXYYXyXyXyyXX,2,9958 80726,1000,17
ac19_8267,YXYXyx,YYXXXyXyyXYxYYx,2,9975 15225,1000,17
ac19_8294,YXYXyx,YYYYYxyyxyXXyXX,2,10005 53300,1000,18
ac19_8300,YXYXyx,YYYxyXXyyXXYx,2,10013 120383,1000,16
ac19_8309,YXXyx,YYXYYXyyxyxxx,5,10025 83397 97965 109269 130405,1000,16
ac19_8317,YXXyx,YYYYXYXyyXyyyXYx,4,10036 95574 103200 120437,1000,15
ac19_8331,YXYXyx,YYYxYXyyyXX,4,10054 15017 51760 82052,1000,16
ac19_8356,YXYXyx,YYYXyyXXXXYYx,2,10083 95250,1000,17
ac19_8373,YXXyx,YYYYXYxyXyyyX,9,10101 13225 39579 46760 59372 81426 91809 137573 142145,1000,13
ac19_8416,YXXyx,YYYYXyxyXyXXXX,2,10159 18389,1000,16
ac19_8421,YXXyx,YYYXYXyyyXyXYx,3,10167 20637 41844,1000,13
ac19_8428,YXYXyx,YYYXyyXXyXYYx,2,10176 86407,1000,16
ac19_8502,YXYXyx,YYXYxYYXyXXXX,2,10267 49253,1000,16
ac19_8507,YXXyx,YYYYYYXyyyXyyX,2,10274 38018,1000,17
ac19_8523,YXXyx,YYYYXyxyyyXXyX,1,10294,1000,16
ac19_8538,YXXyx,YYYXYYxyxyyyXXX,2,10315 134134,1000,17
ac19_8579,YXYXyx,YYYxYxyXyXXYxyX,1,10369,1000,16
ac19_8591,YXyXXXyx,YYYxyXXyxyx,2,10386 68600,1000,17
ac19_8593,YXYXyx,YYXYYxYXyyXXX,2,10390 128289,1000,16
ac19_8598,YXXyx,YYYXYXyXyxyxxx,1,10396,1000,15
ac19_8634,YXXyx,YYYYXyyyXyxyXXX,2,10442 151079,1000,17
ac19_8666,YXYXyx,YYXYxyXyyXyxxYx,2,10482 146403,1000,16
ac19_8679,YXYXyx,YYYxxYYXyxyyXXX,2,10497 106395,1000,17
ac19_8693,YXYXyx,YYXyXyXyxxxyx,3,10513 37687 96990,1000,13
ac19_8700,YXYXyx,YYXYxyXyXyXyxxx,2,10521 87784,1000,16
ac19_8779,YXXyx,YYYXYXyXyyyxYx,2,10620 115409,1000,14
ac19_8797,YXYXyx,YYYXYYxxyyXXX,2,10639 90793,1000,16
ac19_8798,YXYXyx,YYYYXyXyXyxxx,2,10640 120715,1000,16
ac19_8806,YXXyx,YYYXyyXyXyXYYX,2,10652 148175,1000,16
ac19_8818,YXYXyx,YYYXXXyXYXXYx,2,10671 153704,1000,16
ac19_8841,YXYXyx,YYYYYxyXyyXXX,1,10701,1000,17
ac19_8852,YXYXyx,YYXYxxYXyyXyX,2,10718 17555,1000,14
ac19_8868,YXYXyx,YYXyyXXyxxxxx,2,10739 73859,1000,17
ac19_8873,YXXyx,YYYYXyyXYXyyXX,1,10746,1000,15
ac19_8912,YXYXyx,YYYYYxYXyXXXYxyyX,1,10794,1000,18
ac19_8926,YXYXyx,YYXYxxxxyXyXyXX,2,10811 139826,1000,17
ac19_8953,YXYXyx,YYYXXXXXXXYYx,2,10845 26347,1000,17
ac19_8958,YXyXXXyx,YYXYxxyXXXyXyyx,1,10851,1000,18
ac19_8995,YXXyx,YYYYXyXyXyyyXXX,2,10897 95472,1000,17
ac19_8997,YXXyx,YYYYYXyxyyxxyx,3,10900 38041 51322,1000,16
ac19_9006,YXXyx,YYYXYXYxyyXyXyX,1,10916,1000,16
ac19_9007,YXXyx,YYYXYYXyyxyyxx,3,10917 32859 121449,1000,16
ac19_9014,YXXyx,YYYYYXyyxxyyyxYX,4,10931 58062 115578 132659,1000,15
ac19_9015,YXXyx,YYYXyXyyXyxxxxYYx,1,10932,1000,18
ac19_9044,YXyXXyx,YYYXyXYxxxxyx,1,10971,1000,15
ac19_9049,YXXyx,YYYXYYXyxyXyyXXX,2,10977 76889,1000,17
ac19_9068,YXXyx,YYYYXyXyyXXX,3,11003 62787 73461,1000,15
ac19_9079,YXYXyx,YYXYxxyXyXyXXYx,3,11018 56175 146204,1000,16
ac19_9091,YXXyx,YYYXyyXyyXyXYX,2,11035 98189,1000,16
ac19_9115,YXYXyx,YYXXXXyXYxxYx,4,11064 21370 31232 109237,1000,13
ac19_9136,YXXyx,YYYXYXYXyyyXyXX,2,11087 99965,1000,16
ac19_9154,YXXyx,YYYXyXyXyXXXYX,2,11113 123275,1000,16
ac19_9173,YXXyx,YYYYYXyyyxyyyx,2,11139 88028,1000,16
ac19_9211,YXXyx,YYYXYYXyyxyyXX,2,11189 127833,1000,16
ac19_9234,YXYXyx,YYYYXyXXyxyxx,2,11224 39359,1000,15
ac19_9236,YXyXXyx,YYYxyxxYxyx,9,11226 23813 48769 49537 106296 106332 118194 137750 151541,1000,11
ac19_9263,YXYXyx,YYYYYxyXyXX,2,11265 91480,1000,16
ac19_9268,YXXyx,YYXYYxyyxyxxxxxx,2,11272 113885,1000,16
ac19_9271,YXXXyxx,YYXyXYxyxYxyX,4,11275 53831 55559 119422,1000,20
ac19_9283,YXYXyx,YYXYxYxyyXyXX,2,11289 141606,1000,16
ac19_9284,YXYXyx,YYXyxyXXXyXYYxx,2,11290 15818,1000,16
ac19_9303,YXYXyx,YYXYxyXXXyyxxxx,2,11311 142328,1000,17
ac19_9341,YXYXyx,YYXXXyxyXXYYx,1,11356,1000,14
ac19_9362,YXXyx,YYYYXyyXyyxxYx,4,11382 94118 107835 138260,1000,16
ac19_9380,YXXyx,YYYYXyyxyxxx,3,11403 51499 109679,1000,15
ac19_9381,YYXXyxx,YYXXYYxxxxYX,2,11404 126952,1000,18
ac19_9428,YXYXyx,YYXXyxyXyXYYxxx,1,11465,1000,15
ac19_9445,YXYXyx,YYYYYXXyxyXXX,2,11486 55665,1000,16
ac19_9459,YXYXyx,YYYYXyXyyxYXyxx,2,11505 144161,1000,15
ac19_9479,YXYXyx,YYYXYxYXyyyXXYx,1,11532,1000,17
ac19_9490,YXyXXyx,YYXYxyyxyXX,1,11547,1000,18
ac19_9545,YXYXyx,YYYYYXXXXXXYxyXYX,2,11617 133743,1000,17
ac19_9552,YXYXyx,YYYXXXXyXyxxx,2,11627 128080,1000,16
ac19_9562,YXyXXXyx,YYxyxyxYx,8,11641 23712 26229 26845 78394 78585 116242 149573,1000,15
ac19_9564,YXYXyx,YYXXXyXyXYYxx,4,11643 79570 100828 108046,1000,16
ac19_9583,YXYXyx,YYYXyxyyXXXYYxx,2,11668 57497,1000,18
ac19_9620,YXYXyx,YYYXXXXXXYYYx,1,11722,1000,18
ac19_9632,YXXyx,YYYYYXyxyyyxx,3,11736 31868 149543,1000,16
ac19_9639,YXXyx,YYYXYxyXyyxyxxYX,1,11746,1000,16
ac19_9642,YXYXyx,YYXyXXXyyxYYx,1,11751,1000,15
ac19_9670,YXYXyx,YYYXXXXXXyxxx,2,11792 142867,1000,16
ac19_9696,YXXyx,YYYYYXyyyXyXX,4,11827 43687 62218 135732,1000,17
ac19_9700,YXYXyx,YYXyyxyXyyXYxYYxx,1,11832,1000,16
ac19_9725,YXYXyx,YYYYXyyXXyxxx,2,11867 60551,1000,16
ac19_9727,YXXyx,YYYYYXyyxyxyxx,4,11870 51570 92277 135747,1000,17
ac19_9729,YXXyx,YYYYXyyyXYXXyX,1,11872,1000,16
ac19_9752,YXXyx,YYYYYXyyyXXXyX,1,11900,1000,17
ac19_9766,YXXyx,YYXyyXyXXXXXYXYX,2,11918 123822,1000,16
ac19_9793,YXyXXyx,YYYxYXyxxYXyxyx,2,11955 34179,1000,16
ac19_9799,YXYXyx,YYYXyXyyXXYYx,2,11962 155179,1000,17
ac19_9826,YXyXXyx,YYYxyyxxYXXyxx,2,11993 57589,1000,16
ac19_9858,YXYXyx,YYXXyyXyxYxxx,2,12045 81293,1000,16
ac19_9874,YXYXyx,YYYXXYXXXXXXYYx,2,12071 134113,1000,17
ac19_9885,YXXyx,YYYYXXXyyxyyXyXX,2,12087 45058,1000,17
ac19_9907,YXXyx,YYYXYxYxyXyyyXX,2,12112 140347,1000,17
ac19_9917,YXYXyx,YYYXyxyXyXXYxYx,2,12128 66130,1000,16
ac19_9927,YXXyx,YYYYYXyxyXyXyXX,4,12140 28879 42217 125185,1000,17
ac19_9957,YXXyx,YYYXYxyxyyxxx,4,12184 30412 102827 125829,1000,16
ac19_9963,YXXyx,YYYYXYXyXyyxyx,2,12190 128359,1000,14
ac19_9985,YXyXXyx,YYXYxyxYxyyx,3,12218 125612 148983,1000,14
ac19_10021,YXYXyx,YYYYxxyyXXXYXyX,1,12265,1000,18
ac19_10044,YXYXyx,YYXyyxyXXXXYYxx,1,12294,1000,17
ac19_10058,YXYXyx,YYXYxxyXyXyyXYx,2,12317 113981,1000,14
ac19_10077,YXXXyxx,YYXyxxxYXXyX,1,12339,1000,16
ac19_10080,YXXyx,YYYYXXXyyXyyXyXX,1,12342,1000,17
ac19_10083,YXYxYXXYx,YYXyyxYXyyx,1,12347,1000,19
ac19_10091,YXXyx,YYYYXyXyxyyxYx,3,12360 91206 122922,1000,16
ac19_10095,YXYXyx,YYYxYXyXyXX,7,12365 34882 81090 123320 138246 139578 145796,1000,15
ac19_10099,YXYXyx,YYYXyXXyxyyxYxyxx,1,12369,1000,19
ac19_10109,YXXyx,YYYYYXyxxyyyxx,1,12382,1000,17
ac19_10123,YXXyx,YYYYYXyXyyyxyxyx,1,12398,1000,18
ac19_10129,YXyXXXyx,YYXXyXyxyXX,1,12410,1000,17
ac19_10176,YXYXyx,YYYXXXXyyxxxx,2,12471 18398,1000,17
ac19_10185,YXYXyx,YYXXyXYXyXXYxxx,3,12482 32093 127173,1000,16
ac19_10194,YXXyx,YYYXYxyyyxxyyx,4,12494 41338 83120 119446,1000,16
ac19_10210,YXYXyx,YYYxYxyyXXX,5,12518 18217 37849 72361 139550,1000,16
ac19_10219,YXXyx,YYYXyyXyxxxxYX,1,12529,1000,14
ac19_10235,YXYXyx,YYXyyXyxxxxyx,1,12548,1000,15
ac19_10255,YXXyx,YYYXyyXyyxxxYYx,2,12579 92803,1000,17
ac19_10292,YXyXXXyx,YYYxxxyXXXyyx,2,12631 80906,1000,16
ac19_10302,YXXyx,YYYXYXyyyxyyXX,3,12642 14866 25049,1000,16
ac19_10346,YXXyx,YYYYXyxyyyXyX,6,12704 30051 31773 71297 91891 156021,1000,15
ac19_10352,YXYXyx,YYYxYXyxyXyXX,2,12713 127068,1000,16
ac19_10379,YXXyx,YYYYYXyyyxyxxx,2,12758 126301,1000,17
ac19_10383,YXYXyx,YYYYxyXXXyyyx,1,12764,1000,15
ac19_10396,YXXyx,YYYYXyxyyxxx,3,12782 32228 92731,1000,16
ac19_10400,YXXyx,YYYYYXXXyXyyyxx,2,12786 155367,1000,16
ac19_10427,YXXyx,YYXYXyxyyXyXXX,3,12822 108785 119825,1000,16
ac19_10442,YXYXyx,YYYxYXyyXXXYxyX,1,12841,1000,16
ac19_10444,YXYXyx,YYYxYXyXXyyxx,1,12844,1000,16
ac19_10457,YXYXyx,YYYXyyyXyxxxx,2,12860 44368,1000,17
ac19_10469,YXyXYxx,YYYYYYXyxx,1,12873,1000,16
ac19_10483,YXXyx,YYYXyXyxyXyXXX,2,12890 121953,1000,16
ac19_10492,YXXyx,YYYXYxyXyXyXXX,2,12900 65940,1000,16
ac19_10510,YXYXyx,YYxYXYxyXyyXX,1,12921,1000,16
ac19_10527,YXyXXXyx,YYYxxxyxx,3,12939 87647 125286,1000,16
ac19_10547,YXyXXyx,YYYxYxxxyyx,8,12966 17102 26549 59144 77860 83713 135159 145223,1000,15
ac19_10562,YXyxYXXyx,YYXyyXXXYx,1,12982,1000,17
ac19_10573,YXYXyx,YYXXyyXYXYxxx,2,12995 54108,1000,15
ac19_10576,YXyXXXyx,YYXyyxxxYXXyx,1,13002,1000,17
ac19_10582,YXXyx,YYYYYXyyyxyx,6,13011 25164 103805 109314 127834 139953,1000,15
ac19_10599,YXXyx,YYYYXyxyyXXXXXX,1,13034,1000,16
ac19_10611,YXYXyx,YYXYYxxyXXyXX,2,13048 88735,1000,16
ac19_10650,YXYXyx,YYYYxYxyyXyXX,2,13092 116552,1000,18
ac19_10661,YXXyx,YYYYXyyyXXyyXX,1,13105,1000,17
ac19_10663,YXYXyx,YYYxxYXyyXXYxyX,2,13107 154993,1000,15
ac19_10727,YXXyx,YYYXyyyxxYxxxx,1,13186,1000,16
ac19_10729,YXYXyx,YYYXXXyXYXyXYxx,3,13191 34593 124236,1000,16
ac19_10758,YXXyx,YYYYYXyyXyXyXYxyXX,1,13223,1000,17
ac19_10765,YXyXXyx,YYYXyyxyX,4,13232 108032 137626 156109,1000,3
ac19_10834,YXXyx,YYYYYYXyxyXyXyyX,2,13325 31487,1000,17
ac19_10847,YXXyx,YYYYXyxyXyyXyXX,1,13344,1000,17
ac19_10854,YYXyxxxyX,YXyXXXXyx,3,13352 94390 123627,1000,16
ac19_10880,YXyXXXyx,YYYxyxxYXyxYXyXyx,1,13380,1000,16
ac19_10894,YXXyx,YYYYYYXyyxxyxyyx,1,13398,1000,18
ac19_10910,YXYXyx,YYXyXyyxyxxxx,2,13421 62187,1000,17
ac19_10920,YXYXyx,YYYxYYxyXXXyX,1,13436,1000,16
ac19_10927,YXXyx,YYYXyyyxxYxx,3,13443 13751 112306,1000,15
ac19_10939,YXXyx,YYYYXyXyxyxxx,2,13457 106517,1000,16
ac19_10940,YXyXXyx,YYxyxYXYXYxyxYxyXyx,2,13459 56060,1000,17
ac19_10967,YXyXXyx,YYXXYxyxYxxyx,1,13500,1000,15
ac19_10976,YXyXXyx,YYYXyxxxyx,2,13514 135978,1000,16
ac19_10988,YXXyx,YYYYXXXyXyyyyXX,2,13529 76737,1000,16
ac19_11001,YXXyx,YYYYXyyXyxyxYx,4,13545 53275 126432 141634,1000,15
ac19_11070,YXYXyx,YYYxYXyxyyXXXYx,2,13637 93008,1000,16
ac19_11117,YXYXyx,YYXyxyXXyXyxxYx,1,13698,1000,16
ac19_11129,YXyXXyx,YYXYXyyXyxyX,2,13713 15850,1000,16
ac19_11149,YXYXyx,YYYXYxyXyXyXXYx,3,13746 21319 65755,1000,16
ac19_11182,YXYXyx,YYYXyyXyxyxxx,2,13792 47038,1000,16
ac19_11206,YXYXyx,YYXXyyXyxxxxx,2,13828 121639,1000,17
ac19_11271,YXYXyx,YYYXXXXyXXYxx,4,13911 32197 50390 128728,1000,16
ac19_11283,YXYXyx,YYYxxYXyyXyXX,2,13926 147418,1000,17
ac19_11328,YXYXyx,YYXXXyXXYYxYx,2,13983 53589,1000,17
ac19_11332,YXyXXyx,YYXYxYxyxyx,2,13988 115858,1000,16
ac19_11333,YXXyx,YYYYXyxyyyxyxx,2,13989 101055,1000,17
ac19_11340,YXXyx,YYXYXYxyyXyXXX,1,13996,1000,16
ac19_11341,YXXyx,YYYYXyxyXXyXXXX,1,13997,1000,16
ac19_11350,YXXyx,YYYYYXyXXyXyyX,2,14010 100574,1000,16
ac19_11355,YXXyx,YYYYXXXyyXyyyXX,2,14018 118644,1000,17
ac19_11361,YXXyx,YYYXyyyXyxxYYx,2,14024 26295,1000,16
ac19_11378,YXXyx,YYYYXyyyxyyxx,3,14048 106755 107523,1000,16
ac19_11382,YXYXyx,YYYxxYYXXyxyXXX,2,14053 89061,1000,17
ac19_11387,YXXyx,YYYYXXYxyyxyxxyx,2,14059 68925,1000,16
ac19_11414,YXyXXyx,YYYxyyxxYYxyx,4,14098 16357 41403 137131,1000,16
ac19_11438,YXyXXXyx,YYxyxxxyXYx,1,14129,1000,16
ac19_11443,YXyXXyx,YYXyyxyXYXyX,3,14135 100072 117091,1000,15
ac19_11468,YXYXyx,YYXyxyXXXXYxYxx,1,14168,1000,17
ac19_11479,YXXyx,YYYYXyxxxyyXXX,1,14180,1000,14
ac19_11530,YXXyx,YYYYXXXyyyxyyxxx,2,14247 140800,1000,17
ac19_11535,YXXyx,YYYXyyyXyyxYxx,3,14252 41754 86344,1000,16
ac19_11536,YXXyx,YYYYYXyXyyyXX,4,14258 25720 106992 122757,1000,17
ac19_11547,YXYXyx,YYXXXXyXYYxxx,2,14272 52501,1000,17
ac19_11562,YXXyx,YYYYYXyXyXyyXX,4,14295 69344 126449 154775,1000,17
ac19_11588,YXXyx,YYYYXyyyXyXyXYxyXX,2,14328 147861,1000,18
ac19_11620,YXYXyx,YYYxYYXyxyyXyXX,2,14371 23681,1000,17
ac19_11635,YXXyx,YYYYXYxyyyyXX,2,14392 17314,1000,16
ac19_11656,YXXyx,YYYYYXyyXXyXyX,3,14419 77793 154184,1000,16
ac19_11666,YXXyx,YYYYYXXXyyxyyxx,1,14433,1000,16
ac19_11699,YXXyx,YYYYXyyyxxxxxxx,2,14479 44243,1000,16
ac19_11735,YXXyx,YYYXyXyXyyxxxYYx,2,14525 55201,1000,17
ac19_11753,YYXXYxYXX,YYXXyXYYx,1,14560,1000,18
ac19_11761,YXXyx,YYYYYXyyyxyxx,4,14570 107056 108091 131835,1000,17
ac19_11767,YXYXyx,YYYxYYXyXXyXX,2,14581 153621,1000,17
ac19_11782,YXXyx,YYYXyxyyXyXXX,3,14598 43661 104771,1000,16
ac19_11811,YXXyx,YYYXyyyxxxxxYx,2,14639 46107,1000,17
ac19_11813,YXYXyx,YYXyyXXXYxYYx,1,14644,1000,16
ac19_11841,YXXyx,YYYYYXyXyyyxxx,3,14680 20319 52712,1000,18
ac19_11852,YYXYxxxYX,YYXyxYXyx,2,14700 33370,1000,17
ac19_11864,YXYXyx,YYYYYYxyyXXyX,2,14718 21126,1000,17
ac19_11899,YXYXyx,YYYxYYXyyXXyX,1,14764,1000,16
ac19_11908,YXyXXyx,YYXYxyXyxyx,7,14776 25243 60872 94545 99960 104877 106467,1000,14
ac19_11915,YXYXyx,YYXXXyyXYYxYx,2,14786 111407,1000,15
ac19_11935,YXXyx,YYYYXyyyxyxxYx,1,14814,1000,17
ac19_11951,YXXyx,YYXyXyxyXyXXYX,2,14838 30224,1000,14
ac19_11960,YXXyx,YYYYYXXXyyxyyXX,1,14850,1000,16
ac19_11977,YXXyx,YYYYXyXXXyxyXX,1,14873,1000,13
ac19_12016,YXyXXXyx,YYXyxyxYx,2,14926 66245,1000,16
ac19_12022,YXXyx,YYYYYXyyyyxxx,2,14932 87355,1000,18
ac19_12041,YXXyx,YYYYYXyXyyyyxyx,1,14959,1000,18
ac19_12054,YXXyx,YYYYYXyXXyyyxx,2,14976 86973,1000,15
ac19_12074,YXXyx,YYYYXyXyXXyyyX,2,15005 71153,1000,14
ac19_12092,YXXyx,YYYXyyxyxyxxYYx,2,15029 62067,1000,17
ac19_12110,YXYXyx,YYYXXyxyXXyxxxx,1,15054,1000,17
ac19_12111,YXYXyx,YYYxyXXyXyxYxyx,2,15059 103159,1000,15
ac19_12121,YXYXyx,YYxYYxyXXyyXX,2,15073 141112,1000,17
ac19_12137,YXyXXyx,YYYXXyyXyxx,3,15095 119529 132386,1000,16
ac19_12202,YXXyx,YYYXyXXXyyXyXX,1,15182,1000,15
ac19_12221,YXXyx,YYYXyyXyxxyxxx,1,15214,1000,15
ac19_12233,YXXyx,YYYXyyXyxxxYx,4,15233 57661 124998 141630,1000,14
ac19_12238,YXXyx,YYYYYXyxyyyXXX,2,15239 140426,1000,18
ac19_12242,YXXyx,YYYYYXYxyyyyyx,6,15243 43652 59552 79721 129494 155146,1000,16
ac19_12245,YXXyx,YYYYXyxyXyXyyXX,3,15247 50980 155829,1000,16
ac19_12262,YXYXyx,YYYXyxyyXXXYYYx,2,15268 153521,1000,18
ac19_12269,YXXyx,YYYYXyyyXXyXYx,3,15276 31926 36262,1000,16
ac19_12284,YXXyx,YYXYYXyxyyXXXXX,2,15293 24187,1000,17
ac19_12332,YXYXyx,YYYxyyXyXXYxx,1,15364,1000,15
ac19_12335,YXYXyx,YYXYxYXyXXXYx,2,15367 151854,1000,16
ac19_12353,YXyXXyx,YYXyxYxxxyyxYX,2,15392 41289,1000,16
ac19_12365,YXXyx,YYYXyyXyyXXXXX,2,15410 114477,1000,17
ac19_12383,YXYXyx,YYYYYxyyXXyyX,1,15435,1000,16
ac19_12408,YXXyx,YYYXyXyxyxxxYx,2,15472 58530,1000,16
ac19_12409,YXXyx,YYYYXyyxyxyyxx,3,15473 90260 130094,1000,16
ac19_12411,YXYXyx,YYYxyyXXyyXYx,4,15476 33609 49568 62265,1000,14
ac19_12426,YXXyx,YYYYXyxyXyxyxxyx,1,15498,1000,16
ac19_12439,YXYXyx,YYYXyXXXXYYYx,1,15515,1000,17
ac19_12453,YXYXyx,YYYXXXXyyxxyxYx,1,15540,1000,18
ac19_12455,YXyXXyx,YYxxYXyxyxxYX,2,15542 61164,1000,15
ac19_12457,YXXyx,YYYYXyyXyyyxxx,2,15544 140895,1000,17
ac19_12465,YXYXyx,YYYYXXXXXXYYX,2,15554 42283,1000,17
ac19_12510,YXYXyx,YYYxyXyxyXyxx,4,15613 33105 70597 79751,1000,13
ac19_12549,YXXyx,YYYXyXyyXXyXX,4,15666 52216 104407 131767,1000,15
ac19_12557,YXXyXYxxx,YYYYYYXXyx,1,15677,1000,16
ac19_12636,YXYXyx,YYYYYxYXXyXXX,2,15784 29709,1000,17
ac19_12651,YXYXyx,YYXXXyxyXXXYxYx,1,15805,1000,16
ac19_12659,YXXyx,YYYYXyXyXyyXXYX,1,15825,1000,17
ac19_12665,YXXyx,YYYXYYYxyXyyxyyx,2,15831 61913,1000,17
ac19_12676,YXXyx,YYYYXyXyyyXYX,3,15847 87903 133954,1000,15
ac19_12682,YXXyx,YYYXYxyyyxyxYx,6,15855 23652 59308 72567 84625 113295,1000,16
ac19_12693,YXXyx,YYYYYXyyxyyxxx,1,15871,1000,18
ac19_12702,YXyXXXyx,YYXYxxxyXXyyx,1,15885,1000,18
ac19_12728,YXXyx,YYYXXYxyyXyyyxxx,2,15917 150736,1000,17
ac19_12741,YXXyx,YYXYxYXyyxyxxx,1,15940,1000,16
ac19_12751,YXXyx,YYYYXyxyyyXYXX,2,15954 154608,1000,16
ac19_12806,YXyXXyx,YYYXyyXXYxYxyyxyx,2,16033 17364,1000,17
ac19_12825,YXXyx,YYYXyyyXXXYX,5,16065 61390 127935 140626 141871,1000,16
ac19_12833,YXXyx,YYYXyyxxxyyxx,2,16079 127702,1000,14
ac19_12858,YXYXyx,YYYYYXyXyyyxx,2,16109 58546,1000,17
ac19_12875,YXYXyx,YYYxYYXyXyyXX,2,16133 24807,1000,17
ac19_12880,YXyXXXyx,YYYxyxYxxyXyx,2,16141 95315,1000,16
ac19_12884,YXyXXyx,YYYYxyxYxxyx,3,16145 88339 92871,1000,16
ac19_12895,YXyXXyx,YYXyXYxxxyyXX,1,16159,1000,16
ac19_12904,YXYXyx,YYYXyXXXXYxYX,2,16171 130159,1000,16
ac19_12966,YXXyx,YYYXYxYXyyXyyX,3,16248 97146 117232,1000,15
ac19_12975,YXYXyx,YYYxYxyXyXXYX,2,16262 119126,1000,16
ac19_12998,YXYXyx,YYYYxyXyXXX,3,16296 91651 151953,1000,16
ac19_13003,YXyXXyx,YYYxyxxyxYxYXyx,1,16304,1000,17
ac19_13004,YXYXyx,YYYXXyxyXXXXYxx,2,16305 77825,1000,17
ac19_13032,YXXyx,YYYXXXyXyyyxxxx,2,16340 94728,1000,15
ac19_13049,YXYXyx,YYYYxyXXXyyxx,1,16362,1000,17
ac19_13076,YXYXyx,YYYxYYxyXyyXYxyXX,1,16394,1000,18
ac19_13077,YXYXyx,YYYXyyXyXYYxx,1,16396,1000,16
ac19_13081,YXYXyx,YYXXXXXyXYxxx,1,16401,1000,14
ac19_13088,YXyXXyx,YYXyyxyXyXX,2,16411 102341,1000,17
ac19_13101,YXXyx,YYYYXyxyyyXXYX,3,16427 37468 142490,1000,17
ac19_13117,YXyXXyx,YYXYxxyyXYXyxyX,2,16451 95652,1000,16
ac19_13121,YXYXyx,YYYxYYXXyyXXX,2,16459 124605,1000,17
ac19_13135,YXyXXyx,YYXXXyxyxxx,2,16477 86160,1000,17
ac19_13139,YXYXyx,YYXXXyXyyxxxxyx,2,16481 109159,1000,18
ac19_13160,YXYXyx,YYXyXYxxYxxYXyXYXyX,2,16509 147150,1000,17
ac19_13161,YXyXXyx,YYXYXyxYxyyx,3,16510 103537 119744,1000,16
ac19_13174,YXyXXyx,YYYxyyxxYXyx,5,16528 41404 84149 90011 137722,1000,15
ac19_13178,YXXyx,YYYXyxxyyyxxx,2,16533 57874,1000,15
ac19_13179,YYXYXyXXX,YYXyxYXyX,4,16534 28145 48642 95178,1000,16
ac19_13201,YXYXyx,YYYXXyXyyyxxx,2,16567 128665,1000,18
ac19_13217,YXXyx,YYYXXXyyxyyxxxxx,2,16590 87240,1000,16
ac19_13256,YXXyx,YYYXYYXyyyxxyxx,1,16637,1000,17
ac19_13261,YXYXyx,YYXyXYXXyyxxx,1,16643,1000,14
ac19_13269,YXXyx,YYYYXXXyyXyXXX,1,16656,1000,16
ac19_13276,YXXyx,YYXXYXyXyyXXYX,1,16664,1000,15
ac19_13282,YXYXyx,YYXXyyXyxxyxx,2,16671 154383,1000,16
ac19_13334,YXXyx,YYXYXYXyyXyXXXX,2,16748 101898,1000,17
ac19_13335,YXyXXXyx,YYXyxxyXX,6,16749 22419 50771 84617 88698 108588,1000,15
ac19_13372,YXYXyx,YYXYxyXXXyXyxxYxx,1,16796,1000,17
ac19_13374,YXYXyx,YYYXXXXXyyxYx,1,16799,1000,16
ac19_13390,YXyXXyx,YYxxyxyXXXX,1,16820,1000,16
ac19_13402,YXXyx,YYYYYXyyXyXyXX,4,16835 87013 89445 153878,1000,18
ac19_13440,YXyXXXyx,YYYxyxxYXXyyXyX,2,16881 139415,1000,17
ac19_13455,YXXyx,YYYXyXyyxxyxYYx,1,16909,1000,16
ac19_13501,YXYXyx,YYYxYXXYXyXXX,1,16971,1000,15
ac19_13502,YXXyx,YYYYXyxyyXyXYX,3,16972 45453 49412,1000,16
ac19_13514,YXXXyxx,YYXXyxYxxyx,5,16986 37445 58931 65458 136798,1000,16
ac19_13518,YXYXyx,YYXYxxYXyyXyXYx,2,16994 104371,1000,15
ac19_13536,YXXyx,YYYYYYXyXyyyyX,3,17017 39157 56281,1000,17
ac19_13549,YXyXXyx,YYYxxyxyXyX,2,17031 125258,1000,16
ac19_13563,YXYXyx,YYYYXYYxYXyXyXX,2,17049 46103,1000,19
ac19_13564,YXXyx,YYYYXYxyyyXyXX,3,17050 94578 128023,1000,17
ac19_13566,YXXyx,YYYYXyxyyyxxYXyxYX,1,17052,1000,16
ac19_13572,YXXyx,YYXYYXyxyyXXX,6,17058 33249 42595 62885 115240 156414,1000,15
ac19_13588,YXYXyx,YYYYXyXXXXYxx,1,17079,1000,17
ac19_13591,YXXyx,YYYXYYXYxyXyyyXyX,2,17082 57409,1000,19
ac19_13627,YXyXXXyx,YYYxxxYXyyXyx,2,17135 154862,1000,16
ac19_13665,YXYXyx,YYYYXyxyXXXXXYx,2,17190 132132,1000,17
ac19_13668,YXYXyx,YYXYxYxyXXyXX,2,17193 88269,1000,16
ac19_13717,YXYXyx,YYXXXyXyyxYYxyx,1,17258,1000,16
ac19_13734,YXXyx,YYYXyyyXXyyXYX,1,17280,1000,16
ac19_13751,YXXyx,YYYXyXyXyxyyxxYx,2,17305 81447,1000,17
ac19_13759,YXyXXyx,YYxYxxxyxyxYX,2,17316 90310,1000,17
ac19_13769,YXyXXyx,YYYxyxyxYYxyx,2,17334 152705,1000,14
ac19_13794,YXXyx,YYXYYxyxxxyyxx,1,17369,1000,14
ac19_13795,YYXXyxx,YYYxxYxYXXXX,1,17373,1000,19
ac19_13826,YXXyx,YYYXyxxyxyyXXXXYYX,1,17416,1000,17
ac19_13850,YXYXyx,YYXyXXyyXYYxx,1,17456,1000,16
ac19_13857,YXYXyx,YYYxYXyyyXXYxyX,1,17464,1000,16
ac19_13876,YXXyx,YYYXyxxyyyXXXYYX,2,17495 74392,1000,17
ac19_13891,YXYXyx,YYYYXyyXyyXYYxx,1,17515,1000,17
ac19_13906,YXYXyx,YYYYYYXyXXXyX,2,17534 60119,1000,18
ac19_13913,YXXyx,YYYYYXyxxyxyyXXX,2,17545 49364,1000,17
ac19_13916,YXYXyx,YYYxYXXyXXXYYXX,1,17550,1000,17
ac19_13920,YXYXyx,YYXyXXyyxxxxxYX,1,17554,1000,18
ac19_13936,YXXyx,YYYXYYxyyyxyxx,2,17585 19104,1000,16
ac19_13973,YXXyx,YYXYYXyyxyyxYx,3,17634 30864 63199,1000,16
ac19_14008,YXyXXyx,YYXYXyxxxxx,1,17692,1000,17
ac19_14018,YXYXyx,YYXXYXyXXXYYx,1,17703,1000,16
ac19_14035,YXXyx,YYYYXyyyyxYx,6,17733 22423 40991 47738 63336 145865,1000,15
ac19_14038,YXXyx,YYYYYXyyXyXXyX,2,17739 136235,1000,16
ac19_14041,YXXyx,YYYYXyXXyyyxyxx,2,17742 81021,1000,16
ac19_14114,YXYXyx,YYYXyXyXXyxxx,2,17837 29413,1000,15
ac19_14169,YXXyx,YYYXYxyxyyXXX,5,17918 62199 88644 92916 129147,1000,15
ac19_14173,YYXYxxyXXyx,YXYxxYXXYxx,11,17922 26909 61749 61874 85482 93114 97056 97390 128697 140853 155697,1000,17
ac19_14181,YXyXXyx,YYXyXYxyxxyXX,4,17932 101247 138518 141191,1000,15
ac19_14213,YXXyx,YYYXYxyXyyxyxyxx,2,17979 50563,1000,16
ac19_14215,YXyXXyx,YYXXYxxxyyxx,1,17981,1000,17
ac19_14221,YXXyx,YYYYYXyyyxyXX,2,17988 77901,1000,16
ac19_14231,YXYxxYXyx,YYXyyxYXyyx,1,18005,1000,19
ac19_14233,YXXyx,YYYXyyyxxxYx,3,18010 31640 40179,1000,16
ac19_14243,YXyXXyx,YYYYxyxxYxyx,2,18028 19019,1000,16
ac19_14251,YXYXyx,YYYXXXXyXXYYx,2,18039 96104,1000,17
ac19_14286,YXXyx,YYXYYxYXyxyXyXyX,2,18088 54407,1000,16
ac19_14316,YXYXyx,YYYxxxYXXyXyX,2,18126 118740,1000,17
ac19_14333,YXyXXXyx,YYXYxxxxyyx,1,18159,1000,17
ac19_14338,YXXyx,YYXYXyyXyxyxYxYx,1,18165,1000,16
ac19_14365,YXXyx,YYYYXYXYxyyyXyXyX,1,18207,1000,18
ac19_14377,YXXyx,YYYXyyxyyxxx,4,18229 68090 81485 87488,1000,15
ac19_14404,YXyXXyx,YYxxYXXXyyxyx,2,18267 149254,1000,16
ac19_14409,YYXXXXXXyx,YXXXXXyxxxxxx,3,18273 48314 62042,1000,16
ac19_14416,YXXyx,YYYYXyXyxyXyyXXX,2,18284 147686,1000,17
ac19_14426,YXXyx,YYYYYXyxyXyyxyyx,1,18305,1000,17
ac19_14439,YXXyx,YYYYXyyxyyyx,7,18322 25964 88410 106009 114816 119166 131926,1000,7
ac19_14480,YXYXyx,YYYXyyyXyxxYx,1,18380,1000,16
ac19_14518,YXXyx,YYYYYYXyxyyXyyx,1,18440,1000,16
ac19_14521,YXyXXyx,YYxYXyxyxyXYXyyX,2,18443 141133,1000,17
ac19_14527,YXXyx,YYYYXXXyXyyyxxYx,2,18451 114164,1000,16
ac19_14532,YXyXXXyx,YYYxyyXXXyXYxyXyX,1,18457,1000,17
ac19_14561,YXXyx,YYYXYxyyxyxxx,5,18497 32716 72523 112617 149668,1000,15
ac19_14572,YXyXXyx,YYXXXyyXyyx,3,18515 87084 100181,1000,14
ac19_14576,YXXyx,YYYYXyyxyyXYXXX,1,18520,1000,17
ac19_14628,YXYXyx,YYXyyXyXXYYxx,2,18593 46941,1000,17
ac19_14664,YXXyx,YYYXyXyxyyxxx,2,18647 39982,1000,16
ac19_14673,YXyXXyx,YYxyXXXYXyyxyX,2,18662 70991,1000,14
ac19_14679,YXYXyx,YYYYxxyXXXYXX,2,18668 76856,1000,17
ac19_14690,YXXXyxx,YYXyXYxyXYxyX,6,18686 42350 91270 105757 107011 138475,1000,20
ac19_14700,YXXyx,YYXYYXYxyXyyXyX,1,18700,1000,15
ac19_14702,YXYXyx,YYYYYxyyXyyXX,1,18705,1000,18
ac19_14724,YXXyx,YYYXXXyyXyyyxxYx,1,18740,1000,17
ac19_14730,YXyXXXyx,YYYxyXXXyXyyX,2,18748 113126,1000,17
ac19_14745,YXXyx,YYYXYxYxyXyyXXyX,2,18770 79592,1000,17
ac19_14751,YXyXXyx,YYXXyXYxyxyxx,2,18779 115579,1000,16
ac19_14787,YXXyx,YYYYXyyxxyxyyx,2,18835 143378,1000,16
ac19_14806,YXXyx,YYYXyXyxyXyXyXYX,2,18861 149013,1000,16
ac19_14816,YXyXXyx,YYXyyXyyXXX,2,18876 102750,1000,17
ac19_14839,YXYXyx,YYYXyxyyXXXXYxx,2,18909 95608,1000,17
ac19_14847,YXyXXyx,YYYxyxyxxYXXyx,2,18921 126239,1000,16
ac19_14865,YXXyx,YYYXyxyXyXXyXX,1,18945,1000,15
ac19_14872,YXXyx,YYXYxYXyxyyXyXYX,1,18962,1000,16
ac19_14877,YXXyx,YYYYXyyyXXyXyX,2,18967 50659,1000,16
ac19_14880,YXXyx,YYYYYXyxxyyyx,3,18970 100565 102659,1000,13
ac19_14919,YXXyx,YYYYYXXXyyXyXyXX,1,19026,1000,18
ac19_14926,YXXyx,YYYYXyyXXXXXyXX,2,19037 129265,1000,16
ac19_14938,YXXyx,YYXYYxyXyxyxxx,2,19054 32200,1000,16
ac19_14945,YXYXyx,YYYYxYXyXXyyX,3,19063 109776 114300,1000,16
ac19_14971,YXXyx,YYYXXXyyyxxxxYx,2,19108 94439,1000,15
ac19_14980,YXXyx,YYXYYxyXyyxxx,2,19121 103345,1000,14
ac19_14983,YXXyx,YYYXyyXyyxyxYx,2,19124 46849,1000,15
ac19_14998,YXXyx,YYYYYXyyxxyxyx,3,19144 93449 133514,1000,16
ac19_15032,YXXyx,YYXYYXyXyxyyXyX,1,19197,1000,15
ac19_15034,YXYXyx,YYXXXyXXYYx,4,19200 44071 64830 92824,1000,14
ac19_15107,YXXyx,YYXYxYXyyxyXyXYX,2,19307 61041,1000,16
ac19_15111,YXXyx,YYYYYXyyyyxyyX,2,19314 20722,1000,16
ac19_15113,YXYXyx,YYYYXyXXyXXYx,2,19317 61951,1000,17
ac19_15135,YXXyx,YYYYXXXyxyxyxx,1,19347,1000,14
ac19_15138,YXyXXXyx,YYXyxxyXXYxyX,1,19352,1000,16
ac19_15141,YXyXXyx,YYXyxyxyXYYx,1,19355,1000,16
ac19_15151,YXyXXyx,YYYXXyxyxx,2,19370 129919,1000,16
ac19_15183,YYXXyxx,YYYxxYYxxyXXX,1,19412,1000,19
ac19_15200,YXYXyx,YYYYXyXXyXYYx,2,19435 98787,1000,17
ac19_15216,YXyxYXXyx,YYYXyyXXYxyX,1,19463,1000,17
ac19_15228,YXYXyx,YYYXXXyXXYXYx,2,19481 104219,1000,17
ac19_15237,YXXyx,YYYYYXyyxxyyXXX,2,19495 86306,1000,17
ac19_15258,YXXyx,YYYYXYxYxyyyxyyX,1,19529,1000,16
ac19_15267,YXYXyx,YYYXyXyxyXyxx,4,19540 83226 116778 127940,1000,11
ac19_15270,YXXyx,YYYYXyxxyyXyyXXX,2,19543 78576,1000,17
ac19_15272,YXXyx,YYYXyxxyyXXXXXYX,2,19545 135571,1000,16
ac19_15273,YXXyx,YYYYXXXyyxyXXX,1,19546,1000,15
ac19_15279,YXYXyx,YYXXyXXYxyXYYxx,2,19561 78967,1000,16
ac19_15282,YXXyx,YYYXyXyyXXXXXYX,2,19566 60706,1000,17
ac19_15293,YXyXXyx,YYYxxYYxyxyx,3,19582 151697 153501,1000,16
ac19_15303,YXXyx,YYYYYXXXyXyXyyXX,2,19602 92951,1000,17
ac19_15307,YXXyx,YYXYxyyxyxxxYx,2,19609 102803,1000,16
ac19_15316,YXXyx,YYYYYYXyyxxyyyyxyX,1,19625,1000,16
ac19_15329,YXYXyx,YYYYxxYXyXXyX,2,19643 61473,1000,17
ac19_15365,YXyXXXyx,YYYxyXyxx,3,19684 23565 107690,1000,16
ac19_15378,YXyXXyx,YYXyXYxYxyxyXYXyxyX,2,19701 27497,1000,16
ac19_15408,YXXyx,YYYYXXXyyxyyyxx,1,19747,1000,16
ac19_15441,YXyXXyx,YYxxxYxyxyxYX,2,19799 138207,1000,13
ac19_15453,YXXyx,YYYYXyyxyxx,6,19819 25521 65683 119627 127009 143292,1000,14
ac19_15457,YXYXyx,YYXXXyXYXXYYx,2,19825 132325,1000,15
ac19_15482,YXyXXyx,YYXyyxyXXyX,6,19864 62167 70996 76088 98014 152215,1000,15
ac19_15514,YXYXyx,YYYXXXXyxyyxxYx,2,19912 126470,1000,18
ac19_15532,YXXyx,YYYYXyyxyyyxxx,2,19937 142455,1000,18
ac19_15551,YXYXyx,YYYxYxyxxyXyXXX,2,19964 64790,1000,18
ac19_15570,YXXyx,YYYYYYXyyyyXyX,1,19991,1000,17
ac19_15572,YXyXXyx,YYXYxxyxxxx,1,19993,1000,16
ac19_15579,YXYXyx,YYYYYXyXXXXXYxxyX,1,20005,1000,17
ac19_15581,YXXyx,YYYYYXyyyxxyx,3,20009 142504 152659,1000,16
ac19_15594,YXXyx,YYYYXYxYxyyyXyyX,1,20026,1000,17
ac19_15615,YXXyx,YYYYXYxyyyyXXX,2,20056 86169,1000,17
ac19_15649,YXyXXyx,YYxyxxYxxyxYX,2,20102 75214,1000,14
ac19_15656,YXXyx,YYXYYxyyXyXXX,2,20111 106919,1000,16
ac19_15698,YXYXyx,YYYxYxyxYXyXyXX,2,20172 99434,1000,17
ac19_15702,YXyXXyx,YYXyxYxyxxyXX,2,20178 85610,1000,16
ac19_15725,YXXyx,YYYYXXXyXyyxxxxx,2,20211 146465,1000,17
ac19_15726,YXXyx,YYYXyxyyXyyXXXYX,1,20212,1000,17
ac19_15770,YXXyx,YYXYxyXyXyXXXYX,2,20279 99477,1000,16
ac19_15787,YXYXyx,YYXXXyyxxYxYX,1,20305,1000,14
ac19_15790,YXYXyx,YYYXXXyXyyxYxyx,1,20312,1000,16
ac19_15808,YXYXXYxyX,YYYXyXYYXyXX,2,20344 154886,1000,15
ac19_15815,YXXyxYXXyxx,YYXyXYXyxYXXyx,1,20355,1000,19
ac19_15817,YXXyx,YYYYXYYXyyXyyXyX,1,20360,1000,17
ac19_15822,YXXyx,YYYYXyXyXXXyXX,2,20367 23627,1000,16
ac19_15843,YXYXyx,YYXXyyXXXYxYx,2,20394 50380,1000,17
ac19_15844,YXyXXyx,YYYYxyxxYXyyx,2,20395 35996,1000,16
ac19_15860,YXXyx,YYYXYXyXyyxxxxx,2,20418 80342,1000,17
ac19_15863,YXXyx,YYXYYXyyxyyxxxYx,1,20425,1000,17
ac19_15872,YXXyx,YYYYYXyxyyyXyXyX,2,20441 73390,1000,17
ac19_15883,YXXyx,YYYYXYXXXyyXyyXX,2,20456 85650,1000,17
ac19_15897,YXXyx,YYYYXyyyyXXYXX,1,20475,1000,17
ac19_15906,YXXyx,YYYXyyXyyxxYxYxx,1,20486,1000,17
ac19_15961,YXXyx,YYYYXXXyXyyxyyxxx,2,20564 26922,1000,18
ac19_15966,YXXyx,YYYXyyxyyxxxx,2,20573 84215,1000,16
ac19_15980,YXYXyx,YYYXYxyXyyXXXYx,1,20595,1000,17
ac19_15984,YXXyx,YYYXyyxyXyXXXXX,2,20602 133222,1000,16
ac19_16009,YXYXyx,YYXyXyXXYxxxx,2,20639 116135,1000,16
ac19_16012,YXYXyx,YYYYYYXXyxyXXXX,1,20642,1000,18
ac19_16018,YXYXyx,YYYxYXyxyXyXXYx,2,20656 52153,1000,16
ac19_16019,YXXyx,YYYXYxyyyXyyXX,1,20658,1000,16
ac19_16040,YXyXXXyx,YYXXyxYxxxyyX,2,20686 97302,1000,16
ac19_16044,YXXyx,YYYXXYYxyyXyyX,1,20692,1000,14
ac19_16045,YXXyx,YYYYXyyyXXyXYX,1,20693,1000,17
ac19_16064,YXYXyx,YYYxYXXyXXXYxyXYX,1,20723,1000,18
ac19_16093,YXXyx,YYYXYXXYxyyyxxyx,2,20759 43939,1000,16
ac19_16095,YXYXyx,YYYXXXXXyXYxx,5,20761 23016 105711 107562 134851,1000,15
ac19_16099,YXyXXyx,YYXXYxyxYxxyyx,2,20768 79326,1000,17
ac19_16104,YXXyx,YYYYXyyXyyxyx,5,20774 60630 72969 79657 122951,1000,14
ac19_16125,YXXyx,YYYYXyyyxyxxxyx,2,20808 32766,1000,17
ac19_16147,YXYXyx,YYYxyyXXyXYYx,2,20843 23843,1000,16
ac19_16160,YXYXyx,YYYxYxyXXXyyX,1,20867,1000,16
ac19_16198,YXXyx,YYYYYXyxyXyyyxYx,1,20926,1000,18
ac19_16207,YXXyx,YYYXyyyXXXXyX,1,20938,1000,16
ac19_16219,YXXyx,YYYYXyyXyxyyxxx,2,20953 128552,1000,18
ac19_16231,YXYXyx,YYXXyXyyXYYxx,2,20972 46970,1000,16
ac19_16256,YXXyx,YYYXXXyyXyyXXX,1,21005,1000,16
ac19_16269,YXXyx,YYYYYXyXyxyyXyyX,1,21022,1000,17
ac19_16287,YXXyx,YYYYXyyyyxxYx,4,21045 46011 74393 116954,1000,17
ac19_16303,YXXyx,YYXYXyxyXyyXXXX,2,21068 38313,1000,16
ac19_16305,YXYXyx,YYYYXyyXXyyxx,2,21076 33819,1000,16
ac19_16307,YXYXyx,YYYXyxyXyXXXYxx,2,21080 33981,1000,16
ac19_16324,YXXyx,YYYYXyxyyXXXXX,2,21104 106549,1000,17
ac19_16353,YXXyx,YYYXYxyyyxxxx,2,21151 38284,1000,16
ac19_16354,YXXyx,YYYYXYYxyXyxyyyx,1,21154,1000,16
ac19_16358,YXyXXyx,YYYxyxYxxyxyXYX,1,21163,1000,18
ac19_16381,YXXyx,YYYYYXyxyyXyX,5,21197 71918 116771 140172 152913,1000,15
ac19_16384,YXyXXyx,YYxyxYxyxyXYXYx,2,21200 112271,1000,16
ac19_16391,YXXyx,YYYYXyyxxyxx,2,21211 94039,1000,15
ac19_16410,YXYXyx,YYYxyXyyXXYYx,2,21236 54656,1000,17
ac19_16416,YXYXyx,YYYxYxyyXyyXX,2,21244 91266,1000,18
ac19_16428,YXXyx,YYYXyXyXyXXYXX,1,21265,1000,16
ac19_16451,YXXyx,YYYYXYXyxxyyyXXXX,1,21300,1000,17
ac19_16461,YXyXXyx,YYXXXyyxyx,4,21314 67885 120066 136603,1000,14
ac19_16481,YXYXyx,YYYYYYYXXyxyXXX,2,21347 125742,1000,17
ac19_16510,YXXyx,YYXYXyyXyyXXXX,2,21393 95138,1000,17
ac19_16530,YXYXyx,YYXXXXyyxxxxx,2,21416 154688,1000,18
ac19_16533,YXXyx,YYYYXYXyxyyyXX,2,21421 26286,1000,16
ac19_16557,YXXyx,YYXYXyyXyXXXXYX,2,21454 69303,1000,16
ac19_16562,YXYXyx,YYYYYXXyXXXYX,1,21462,1000,17
ac19_16563,YXXyx,YYYXYxyXyXyXX,4,21463 58377 76048 119924,1000,15
ac19_16570,YXXyx,YYYYXyxxyxyyyXXXX,1,21471,1000,17
ac19_16588,YXYXyx,YYYYYxyXXXXYYXX,1,21497,1000,18
ac19_16626,YXXyx,YYYYXyxxyyyxYx,1,21542,1000,15
ac19_16637,YXyXXyx,YYYXyXyxxyx,4,21563 149541 151552 155747,1000,15
ac19_16644,YXYXyx,YYYXyxyXXXyXYYx,2,21571 139440,1000,17
ac19_16657,YXyxYXXyx,YYYXyyXYxyXX,1,21594,1000,17
ac19_16659,YXXyx,YYYYYXyyyyXyyx,3,21603 125079 152093,1000,15
ac19_16675,YXXyx,YYYYYXYxyXyyxyyX,3,21624 59988 71605,1000,15
ac19_16694,YXyXXyx,YYxyxxxYxyxYX,2,21653 80123,1000,15
ac19_16706,YXYXyx,YYXYxyyXyXyxxYx,1,21671,1000,15
ac19_16708,YXYXyx,YYYYYYxyyXXXYxyyX,1,21673,1000,18
ac19_16711,YXXyx,YYYXyyXyyxxxx,2,21676 114977,1000,15
ac19_16738,YXyXXyx,YYXYxyxxxYxyx,1,21717,1000,16
ac19_16746,YXXyx,YYYXYxyXyyXX,5,21731 40759 71124 74745 148381,1000,13
ac19_16804,YXXyx,YYYXYXyxyyXXX,5,21820 56208 68715 82063 109659,1000,16
ac19_16805,YXXyx,YYYXyyyxYxyyxx,1,21825,1000,14
ac19_16855,YXXyx,YYYXYYxyyxyyXXX,2,21898 70725,1000,18
ac19_16869,YXYXyx,YYXyXXYXXXYYx,2,21926 77052,1000,16
ac19_16899,YXyXXXyx,YYXyXXYxyxxyx,2,21968 56701,1000,17
ac19_16902,YXXyx,YYYYXyyxxxyyyx,1,21973,1000,14
ac19_16926,YXYXyx,YYYxxYXXyxyyXXX,1,22020,1000,17
ac19_16956,YXYXyx,YYYXXyXXXYYxx,2,22072 57741,1000,17
ac19_16961,YXXyx,YYYYXyyyXyXyXXX,1,22079,1000,17
ac19_16967,YXYXyx,YYYXXyxyXXXYxxx,2,22086 22714,1000,16
ac19_16979,YXYXyx,YYYxyyXXyyyxx,1,22104,1000,16
ac19_16981,YXyXXXyx,YYXyXyyXX,3,22108 117654 122977,1000,15
ac19_16992,YXXyx,YYXYXYYXyyXyXyXX,2,22124 37760,1000,18
ac19_17015,YXXyx,YYXYYxyyxyxyxxYx,1,22160,1000,18
ac19_17033,YXYXyx,YYXXXyXXYxYYx,2,22182 38963,1000,17
ac19_17035,YXXyx,YYYYXyyXyyyXXX,2,22184 83130,1000,17
ac19_17045,YYXYXyXXyX,YYXyyXYYXyX,11,22199 24180 29249 50088 80867 83011 112207 134830 135686 153397 153879,1000,17
ac19_17062,YXYXyx,YYXyXXXYXXYYx,2,22222 97975,1000,16
ac19_17063,YXYXyx,YYXYxyXXXyyXyxYYx,2,22223 75895,1000,16
ac19_17070,YXXyx,YYYXyyyXXXYXXX,2,22230 58568,1000,16
ac19_17098,YXyXXyx,YYXXyyxyXX,2,22277 47006,1000,16
ac19_17140,YXXyx,YYYYYYXyyyyyyXyx,5,22341 78577 96690 99486 115559,1000,16
ac19_17171,YXYXyx,YYYYYxyXXXyxyXX,2,22390 46505,1000,18
ac19_17212,YXYXyx,YYYXXXXyyyxxx,2,22447 61997,1000,17
ac19_17213,YXYXyx,YYYYYXyXXyyxx,1,22448,1000,17
ac19_17221,YXXyx,YYYXyxxyxyyXyXYX,1,22458,1000,16
ac19_17274,YXyXXyx,YYYYxyyxxYXXyXyx,2,22538 114499,1000,17
ac19_17295,YXXyx,YYYYYYXyyyyyX,4,22569 35881 42310 63374,1000,16
ac19_17313,YXyXXyx,YYXXyXXYxyxyx,2,22598 69767,1000,14
ac19_17325,YXXyx,YYYXyXyXyyXXXXX,1,22615,1000,16
ac19_17329,YXYXyx,YYXYxxYxyXXyX,3,22621 53612 77099,1000,16
ac19_17356,YXXyx,YYYYYXyyXyyxxx,3,22656 27952 44459,1000,17
ac19_17372,YXXyx,YYYYXyxyXyXyXXYx,2,22686 120899,1000,16
ac19_17373,YXYXyx,YYXXXyyXYxYYx,3,22687 64440 102193,1000,14
ac19_17403,YXXyx,YYYYXyxxyyXXXXX,2,22726 84425,1000,16
ac19_17417,YYXyxYXXyx,YXyXyxxyXYxyx,1,22746,1000,18
ac19_17433,YXXyx,YYYXyyxyXyyXXYX,2,22768 150526,1000,17
ac19_17464,YXXyx,YYXYxyXyyXXYX,5,22811 51275 64579 88333 95954,1000,14
ac19_17480,YXYXyx,YYYXXXXXXYx,4,22832 74493 81453 91263,1000,15
ac19_17484,YXyXXXyx,YYYxxYxxyxYxyyX,1,22839,1000,17
ac19_17501,YXXyx,YYYXyyXyXyxxx,3,22863 41592 97595,1000,12
ac19_17526,YXYXyx,YYXyyXyyxxYxx,2,22901 133710,1000,17
ac19_17530,YXYXyx,YYYYxYXyyXX,9,22906 25540 31776 38133 42994 78278 106146 114575 153406,1000,15
ac19_17556,YXXyx,YYYXYxyXyXyXXXXX,1,22947,1000,16
ac19_17564,YXXyx,YYXyyxyxxYxYx,4,22959 55146 105471 122346,1000,15
ac19_17569,YXYXyx,YYYXyXyyxyxxx,2,22966 60318,1000,17
ac19_17595,YXXyx,YYXYYxyXyxyxxxx,2,23011 155050,1000,16
ac19_17611,YXXyx,YYYYYXyyyyXXX,3,23036 133161 156187,1000,17
ac19_17621,YXYXyx,YYYxyXyxyXyXXYx,1,23049,1000,16
ac19_17638,YXYXyx,YYYXyyyXXXYYx,2,23077 65586,1000,17
ac19_17652,YXXyx,YYYYXYXyyXyyxxx,2,23095 148183,1000,17
ac19_17655,YXYXyx,YYXYxyXyyXyxxxx,2,23098 104758,1000,16
ac19_17663,YYXXyxx,YYYYXyxYX,3,23110 139060 144638,1000,11
ac19_17672,YXYXyx,YYXYxyXyXXyxxxx,1,23122,1000,15
ac19_17678,YXXyx,YYYYXyyXyxxxx,3,23130 112536 150216,1000,15
ac19_17771,YXYXyx,YYYxyXXyXXYYx,2,23276 94760,1000,18
ac19_17793,YXYXyx,YYYYXXXXXXYYx,2,23309 40321,1000,17
ac19_17810,YXXyx,YYYYXyXyxyyyxxx,2,23339 80126,1000,17
ac19_17811,YXXyx,YYYYXyxyyXYXyX,3,23340 113721 134099,1000,14
ac19_17818,YXXyx,YYYXYXYXyXyyyXX,1,23351,1000,16
ac19_17828,YXXyx,YYYXYYxyyXyyXX,2,23367 26618,1000,17
ac19_17844,YXYXyx,YYxYXYxyXyXyyxx,1,23392,1000,17
ac19_17849,YXYXyx,YYYXyyXXyyxYx,2,23400 75189,1000,16
ac19_17878,YXYXyx,YYXyXXXyxxxxx,2,23442 25821,1000,16
ac19_17899,YXYXyx,YYXyyXyyxxxxyxxyx,1,23478,1000,17
ac19_17921,YXyXXyx,YYxyxYXYYxyxxyx,1,23512,1000,17
ac19_17924,YXyXXyx,YYxxyxxyXXX,2,23515 104778,1000,16
ac19_17931,YXXyx,YYXYYxyxyyxxxxx,2,23525 76930,1000,16
ac19_17985,YXYXyx,YYYXYxyXXyXXyxxYx,1,23602,1000,17
ac19_18012,YXYXyx,YYYXYxyXyXXYx,4,23647 62398 86703 94532,1000,13
ac19_18037,YXXyx,YYYXyyxyXyxxYYX,1,23689,1000,15
ac19_18047,YXXyx,YYXYYXyXyxyXyyXX,2,23699 118774,1000,16
ac19_18054,YXYXyx,YYXXXyXyxxxYx,2,23706 32080,1000,17
ac19_18062,YXXyx,YYYYXyXyXyXXXXX,1,23722,1000,16
ac19_18107,YXXyx,YYYYXyXXyXyyyXX,1,23784,1000,16
ac19_18125,YYXXYXYYXXX,YYYxyyxYXXyX,1,23812,1000,18
ac19_18147,YXYXyx,YYXXyyXYXXYYx,2,23851 90685,1000,16
ac19_18156,YXXYxxyx,YXyxYxYXXXyxx,2,23867 43333,1000,18
ac19_18166,YXXyx,YYYXyXyyXXYX,4,23885 93051 96544 145559,1000,14
ac19_18174,YXXyxYXXyxx,YYXyxYXXyxYXyX,1,23898,1000,19
ac19_18195,YXXyx,YYYYXyXyXyyyxx,3,23928 34786 120454,1000,16
ac19_18203,YXYXyx,YYYXyyXyXXYYx,2,23941 24055,1000,17
ac19_18204,YXXYxxyx,YYxxxxxyXyXYX,1,23944,1000,18
ac19_18209,YXYXyx,YYYYXyxyXXyyyxx,1,23951,1000,16
ac19_18239,YXXyx,YYYXYXyyyxyXyX,2,23992 86538,1000,14
ac19_18244,YXXyx,YYYYYYXyxyXyyyX,1,23998,1000,17
ac19_18264,YXXyx,YYYXyxxyyyXXYXYX,2,24028 142298,1000,16
ac19_18282,YXYXyx,YYYYYXXXXXXYYXX,2,24052 24511,1000,17
ac19_18287,YXYXyx,YYxYYxyXyXXYX,2,24058 101802,1000,17
ac19_18288,YXXyx,YYYYXyXyyyXXYx,2,24059 119359,1000,15
ac19_18308,YXXyx,YYYXyxyyXXYXX,4,24092 82551 98455 134061,1000,16
ac19_18329,YXyXXXyx,YYXyXYXyxyXyX,1,24127,1000,17
ac19_18376,YXXyx,YYXyyXXyXXYYXX,1,24201,1000,16
ac19_18380,YXYXyx,YYYYXXXXXXXYx,2,24206 117207,1000,18
ac19_18385,YXYXyx,YYYxYXyxyXXyXYx,1,24213,1000,16
ac19_18394,YXYXyx,YYYXXXYXXXXXYYx,2,24227 110159,1000,19
ac19_18400,YXyXXXyx,YYXyXYxYxyxYxxyyX,1,24235,1000,19
ac19_18404,YXXyx,YYYXYYxyyXyxyXyxyX,2,24240 35091,1000,16
ac19_18412,YXYXyx,YYXXyXyyxYxxx,2,24250 85580,1000,16
ac19_18413,YXYxxYXyxYXyx,YYXYxxYYxxYXyx,1,24252,1000,17
ac19_18417,YXYXyx,YYYYXyyXyyyxx,2,24260 122754,1000,17
ac19_18430,YXXyx,YYYXYYxyyxyyXX,2,24284 91795,1000,16
ac19_18432,YXXyx,YYYYXYxyxyyyXXX,2,24289 154384,1000,18
ac19_18435,YXYXyx,YYXyyXyyxxYYx,2,24294 130326,1000,17
ac19_18436,YXXyx,YYYYXyXyyXyyXX,3,24295 32968 96642,1000,16
ac19_18446,YXyXXyx,YYYXyyxyyX,2,24308 133051,1000,17
ac19_18454,YXXyx,YYYXyyxyyxYYx,4,24329 98703 119643 132157,1000,14
ac19_18466,YXYXyx,YYYxyyXyXXYYx,2,24352 91829,1000,17
ac19_18475,YXXyx,YYXYXYYxyXyyxyxx,2,24367 123787,1000,16
ac19_18485,YXYXyx,YYYXyXXyyxxxx,2,24385 57820,1000,17
ac19_18499,YXXyx,YYYYXXXyyyXyyXX,2,24406 102685,1000,16
ac19_18520,YXXyx,YYYYXyyxxyyxyx,2,24435 51436,1000,16
ac19_18525,YXXyx,YYYYYXyXyxyXyXX,4,24444 31565 33846 58226,1000,17
ac19_18527,YXYXyx,YYXyXXXyxxxYx,6,24446 76263 85979 97191 131940 136362,1000,16
ac19_18539,YXXyx,YYYYYXyxyyXXyX,1,24466,1000,16
ac19_18548,YXYXyx,YYXyXXXyxxYxyxx,2,24483 135311,1000,16
ac19_18557,YXXyx,YYXYYxyxyyxxxx,2,24499 151101,1000,16
ac19_18559,YXYXyx,YYYYxYXyyXyXX,1,24502,1000,17
ac19_18585,YXYXyx,YYXYxYYXXXyyX,1,24541,1000,14
ac19_18601,YXYXyx,YYYXyyXyyyxxx,2,24574 119273,1000,18
ac19_18644,YYXXyxx,YYXXYxYxyX,1,24637,1000,16
ac19_18652,YXXyx,YYYXYXyyXyyyXX,2,24650 115503,1000,17
ac19_18667,YXXyx,YYXYYXyxyyXyyX,3,24672 36057 156032,1000,14
ac19_18679,YXXyx,YYYYXYxyxyyXyyyx,1,24689,1000,16
ac19_18702,YXyXXyx,YYYxxxYYxyxyXyyX,2,24729 150957,1000,17
ac19_18721,YXYXyx,YYYxYXyxyXXyyxx,1,24759,1000,17
ac19_18740,YXXyx,YYYXYYxyyyXXyX,3,24788 55022 64975,1000,17
ac19_18756,YXYXyx,YYYYXyxyXyXyyxx,1,24806,1000,17
ac19_18762,YXYXyx,YYYxyXXyyXyxx,3,24816 59288 147650,1000,16
ac19_18779,YXXyx,YYYYXyXyXyyyxxx,2,24840 125411,1000,17
ac19_18791,YXXyx,YYYXYXyXXyyXX,1,24854,1000,15
ac19_18792,YXyXXyx,YYXYxyXyyxYXyxx,2,24855 86048,1000,17
ac19_18794,YXXyx,YYYYYXyXXyyxyx,1,24858,1000,14
ac19_18813,YXXyx,YYXYYxyxyXyxyyXX,1,24888,1000,15
ac19_18817,YXYXyx,YYXyyXyxxyxxx,2,24898 112908,1000,15
ac19_18834,YXYXyx,YYYxyXyXXyyxx,2,24929 77255,1000,16
ac19_18837,YXXyx,YYYXYYxyxyyyxxx,2,24933 141440,1000,18
ac19_18843,YXYXyx,YYYXyXXXXYYxxyx,1,24940,1000,18
ac19_18887,YXyXXyx,YYXYxxyXyyX,8,25012 28658 34814 59457 135630 140294 146502 147146,1000,15
ac19_18891,YXYXyx,YYXyXXXXYXYYx,2,25016 134961,1000,17
ac19_18893,YXXyx,YYXYYXyyxyyXyX,3,25018 36893 131873,1000,16
ac19_18921,YXXyx,YYYYXyyxyyXXXXyX,1,25059,1000,17
ac19_18924,YXYXyx,YYYXYxxyyyXXXYx,2,25063 126831,1000,17
ac19_18936,YYXXXXXyX,YXXXXXXyxxxxx,4,25082 69042 71173 123807,1000,16
ac19_18945,YXYXyx,YYYxxYXyXyyXX,2,25098 48023,1000,18
ac19_18957,YXXyx,YYYXyxyyxxxxYx,2,25126 105730,1000,16
ac19_18963,YXXyx,YYYXYXyyyXyyXX,2,25139 62479,1000,16
ac19_18971,YXYXyx,YYYYXyxyXXyXXYx,2,25149 33244,1000,16
ac19_18997,YXXyx,YYYYXyyXyXyXXyXX,2,25189 146742,1000,18
ac19_19005,YXXyx,YYYXyyxyxYxxx,1,25205,1000,14
ac19_19027,YXYXyx,YYYxYXyXXyXYxyX,2,25240 62411,1000,15
ac19_19063,YXXyx,YYYYXyyXYxyyXX,1,25292,1000,13
ac19_19084,YXYXyx,YYXXYxYYXXyyX,1,25318,1000,13
ac19_19085,YXXyx,YYYXyxyXyyXYYX,6,25319 32418 62497 108143 115694 155902,1000,13
ac19_19100,YXYXyx,YYXyyXyxyxxxx,2,25341 111800,1000,17
ac19_19115,YXXyx,YYYYXXYxyxyyyxxx,2,25360 104738,1000,18
ac19_19116,YXYXyx,YYYxxYXyxyXyXyX,1,25361,1000,17
ac19_19118,YXYXyx,YYXYxxYXyXyXX,6,25365 35849 62165 65439 78363 90084,1000,16
ac19_19123,YXXyx,YYYYYXyxyxxyyx,2,25374 99308,1000,16
ac19_19141,YXXyx,YYYYXyXyXXyXX,4,25405 48554 57104 133316,1000,15
ac19_19144,YYXXYXXyX,YYxxyXXXX,5,25409 55668 68517 107161 128546,1000,17
ac19_19153,YXYXyx,YYYXyXXXYXYxx,1,25421,1000,16
ac19_19173,YXYXyx,YYYXXyyXyxxxx,2,25457 140247,1000,16
ac19_19175,YXXyx,YYYXyxxyyyxYYx,1,25460,1000,14
ac19_19189,YXyXXyx,YYYYxxxxxxyX,1,25479,1000,14
ac19_19201,YXYXyx,YYYYxxYXXyxyXXX,2,25503 54068,1000,17
ac19_19211,YXyXXXyx,YYxyXXyyxYX,2,25517 65901,1000,15
ac19_19226,YXXyx,YYXYXYxYxyXyyXyX,1,25538,1000,15
ac19_19230,YXYXyx,YYYxxyXyxyXXX,2,25547 76098,1000,15
ac19_19259,YXXyx,YYXYXyyXyXyXX,4,25589 35979 38044 133341,1000,15
ac19_19260,YXYXyx,YYXYxyXXXXXyxYxxx,1,25590,1000,16
ac19_19279,YXXyx,YYYXXYXyyyxxx,2,25614 103071,1000,14
ac19_19286,YXYXyx,YYYYYYYXyyXXX,2,25629 95832,1000,17
ac19_19288,YXYXyx,YYYXXyXXXYYxxyx,1,25635,1000,17
ac19_19299,YXyXXyx,YYxxyxxxxYX,1,25653,1000,16
ac19_19314,YXXyx,YYYXyyXyXyXXYxyX,2,25679 154748,1000,16
ac19_19325,YXXyx,YYYXyXyxyyxyxYx,3,25700 57334 58063,1000,16
ac19_19328,YXXyx,YYYXyXyxyXXXXXXYX,2,25705 88498,1000,16
ac19_19416,YXXyx,YYYXyxxyyyXXXXX,2,25847 101003,1000,16
ac19_19435,YXYXyx,YYYYxyyyXXXYx,2,25875 59702,1000,17
ac19_19487,YXYXyx,YYXyXXyyxYxyx,8,25957 61082 68356 80952 125616 147840 149823 150003,1000,14
ac19_19501,YXYXyx,YYYXXXyXXyxxYxx,1,25978,1000,18
ac19_19538,YXYXyx,YYYYXyXXXXYYX,2,26028 27057,1000,16
ac19_19539,YXXyx,YYYXYXYxYxyyXyyXyX,2,26029 87022,1000,18
ac19_19555,YXXyx,YYXYYxyyXyxyXyXX,2,26057 49929,1000,16
ac19_19577,YXYXyx,YYXyXyyxxYxyx,2,26100 105021,1000,14
ac19_19584,YXYXyx,YYXYxYxxyXyXX,3,26109 77910 108826,1000,16
ac19_19589,YXyXXyx,YYYYxyxyyx,2,26115 79582,1000,17
ac19_19594,YXYXyx,YYXyyXXYXXXYYxx,1,26121,1000,18
ac19_19595,YXYXyx,YYYXyyXXXYxYx,1,26123,1000,17
ac19_19604,YXXyx,YYXYxyXyyXXXYX,1,26137,1000,15
ac19_19661,YXYXyx,YYYxxYXyXYXyX,4,26228 59610 65554 110213,1000,14
ac19_19690,YXXyx,YYYYXyxyyXXX,4,26276 33397 62403 105332,1000,15
ac19_19691,YXyXXyx,YYYYxxxyxx,2,26277 143462,1000,16
ac19_19717,YXyXXyx,YYXXyxYxxxyyX,2,26317 121874,1000,14
ac19_19735,YXXyx,YYYYXyxyxyXyxyxx,1,26345,1000,17
ac19_19737,YXYXyx,YYXXYYxxyXyXX,1,26348,1000,14
ac19_19746,YXXyx,YYXYXyyXyxyXXX,2,26357 49336,1000,15
ac19_19752,YXyXXyx,YYXYxYxxxxyyx,2,26365 155085,1000,17
ac19_19799,YXXyx,YYYXYXYXyyXyyX,2,26440 45793,1000,14
ac19_19825,YXXyx,YYYYXYXyyyyX,8,26481 47719 56764 64289 86345 108630 125318 151682,1000,13
ac19_19832,YXXyx,YYYYXYxyXyxyXyyyx,1,26490,1000,16
ac19_19833,YXyXXyx,YYXyXyxYxyxyxYX,2,26491 100055,1000,17
ac19_19852,YXXyx,YYYYXyxyXXyXXX,2,26513 44178,1000,16
ac19_19871,YXXyx,YYYXYYXYxyyXyyXyX,2,26540 72143,1000,18
ac19_19890,YXXyx,YYYXYXyXyyxyyxxx,2,26571 83607,1000,18
ac19_19903,YXYXyx,YYYXyXyXXYYxx,1,26588,1000,17
ac19_19905,YXYXyx,YYXYxyyXyXXyxxx,2,26593 132329,1000,15
ac19_19926,YXXyx,YYYXyxyyXXXXYX,2,26628 137502,1000,16
ac19_19938,YXXyx,YYYXYYXyxyyXyX,5,26645 29215 39007 42239 133164,1000,15
ac19_19951,YXXyx,YYYXyyXyxyXXYYX,1,26666,1000,16
ac19_19969,YXXyx,YYYXYYXyyyXyXX,2,26697 105774,1000,17
ac19_19971,YXyXXyx,YYxYYxxyxyx,3,26700 55331 149982,1000,16
ac19_19985,YXXyx,YYYXYxyXyyyxxYx,2,26720 154895,1000,17
ac19_20007,YXXyx,YYYXyXyyXXXYx,4,26754 37130 38422 103070,1000,14
ac19_20044,YXyXXXyx,YYxyXXXyyXYXyyXYx,2,26809 143098,1000,16
ac19_20069,YXXyx,YYYXyxyXyyXXXX,2,26850 79349,1000,16
ac19_20081,YXXyx,YYYXyxyyXyxxYxYx,1,26870,1000,16
ac19_20093,YXYXyx,YYYYXyxyXXyXYYx,2,26890 63404,1000,16
ac19_20098,YXYXyx,YYXXXyyXYXYYx,2,26895 70980,1000,15
ac19_20099,YXYXyx,YYXXyyXXXYYxx,2,26896 114232,1000,17
ac19_20102,YXYXyx,YYYYxxyXXXXyX,2,26899 28860,1000,17
ac19_20117,YXXyx,YYYXXXyXyyXyXXYYX,2,26929 75814,1000,17
ac19_20118,YXyXXXyx,YYxyxyXXYxxyXXX,1,26930,1000,18
ac19_20125,YXyXXXyx,YYXXyXXYxxyXyyx,1,26943,1000,18
ac19_20148,YXXyx,YYXYYxyXyXyXXX,2,26981 149985,1000,16
ac19_20159,YXYXyx,YYYYYxYXyXXyX,3,26996 62697 93804,1000,17
ac19_20179,YXYXyx,YYYxYYXyyXXYxyX,1,27032,1000,16
ac19_20192,YXXyx,YYYXyxyxyXyXX,4,27050 52311 79822 98621,1000,13
ac19_20203,YXXyx,YYYYXYxyXyXyyX,3,27066 86920 108356,1000,15
ac19_20225,YXYXyx,YYYYYxyXXXXYxyXYX,1,27097,1000,17
ac19_20269,YXXyx,YYXYYXyxyXyXyXyX,1,27178,1000,16
ac19_20270,YYXXXYxx,YYYXXXyxyyxyx,1,27180,1000,17
ac19_20332,YXXyx,YYXYYXyyXyyXYX,2,27271 115839,1000,16
ac19_20341,YXYXyx,YYYXyxyXXXyyxxx,1,27285,1000,18
ac19_20355,YXXyx,YYYXyxxyxyyXXXYYX,2,27305 117425,1000,17
ac19_20365,YXXyx,YYYXXXyyyXXyX,1,27317,1000,13
ac19_20377,YXXyx,YYYXYYxyxyyXyXXX,1,27335,1000,17
ac19_20401,YXYXyx,YYXYYxyyXyyXyxx,2,27373 68202,1000,16
ac19_20404,YXYXyx,YYXXXXYXyXYYx,1,27376,1000,14
ac19_20405,YXXyx,YYYYXXYxyyxyxyxx,2,27377 94086,1000,17
ac19_20426,YXXyx,YYYYXyyyXyyXX,3,27421 110979 151294,1000,16
ac19_20473,YXXyx,YYYYXyXyxyXXX,2,27490 77431,1000,15
ac19_20478,YXXyx,YYXYXYxyXyyXyyXXX,1,27498,1000,17
ac19_20503,YXYXyx,YYXyxyXXXXYYxxx,2,27533 142039,1000,18
ac19_20511,YXXyx,YYXYYXyxxyyXyyXXX,2,27549 39867,1000,17
ac19_20517,YXYXyx,YYYXXXyxyXXXYxx,1,27557,1000,16
ac19_20525,YXYXyx,YYYxyXXyyxyxx,2,27567 38369,1000,16
ac19_20542,YXXyx,YYYXyyxyxxxYX,5,27592 28722 44851 86683 127863,1000,14
ac19_20574,YXYXyx,YYYXyXXXXYxxx,1,27647,1000,16
ac19_20579,YXXyx,YYYXyXyXyxxyyxYx,1,27653,1000,16
ac19_20587,YXYXyx,YYXXXyXXYYxxx,2,27663 145912,1000,17
ac19_20600,YXXyx,YYYYXXXyXyyyyxxx,2,27687 70768,1000,17
ac19_20613,YYXXyxx,YYYxxYxxYXXX,2,27709 108098,1000,19
ac19_20616,YXXyx,YYXyyXyxyxxYx,4,27712 49334 62211 155330,1000,15
ac19_20638,YXXyx,YYXYxYXyyXyXX,4,27744 48774 58477 97122,1000,15
ac19_20662,YXYXyx,YYYXXXXYXXXXYYx,1,27779,1000,17
ac19_20667,YXXyx,YYXYYxyyxyxxxx,2,27786 51913,1000,16
ac19_20674,YXXyx,YYYXyxyyxxyxYXYx,1,27797,1000,16
ac19_20686,YXYXyx,YYYXyxyyXXyXYYx,2,27822 54238,1000,16
ac19_20690,YXYXyx,YYYYXyyxyXXXXYx,1,27828,1000,16
ac19_20691,YXyXXyx,YYXyyxyXXX,4,27831 69820 118318 155415,1000,16
ac19_20699,YXXyx,YYYXYYxyyXyXyXXX,1,27844,1000,17
ac19_20703,YXYXyx,YYYYXyXyyXXYx,2,27848 104061,1000,16
ac19_20713,YXXyx,YYYXyyXXXXyXXYX,1,27864,1000,16
ac19_20747,YXXyx,YYYXyyXyxxyxx,1,27921,1000,14
ac19_20771,YXyXXyx,YYXYXyxyxxxYXXyyx,1,27964,1000,18
ac19_20778,YXyXXyx,YYxxxYxxyxyXYXX,2,27975 120100,1000,16
ac19_20805,YXXyx,YYYYYXyxyyxyxx,3,28012 54189 109710,1000,17
ac19_20834,YXYXyx,YYYYYYYXyxyXXXX,2,28066 110812,1000,19
ac19_20843,YXXyx,YYYXyyyXyXYXYx,2,28080 68140,1000,16
ac19_20858,YXXYxxyx,YYxxYxYxyxyXX,1,28100,1000,17
ac19_20862,YXYXyx,YYXyyxyXyxxxx,1,28107,1000,15
ac19_20877,YXXyx,YYYXYYYXyxyXXyyxyX,1,28129,1000,16
ac19_20880,YXYXyx,YYXXXyXyxxYxxyx,1,28133,1000,16
ac19_20897,YXYXyx,YYYxxxYXyyXXX,2,28159 104388,1000,17
ac19_20902,YXYXyx,YYYxxyXXXYYXX,1,28167,1000,14
ac19_20911,YXXyx,YYYYXyyXyxxxxx,2,28184 110118,1000,16
ac19_20950,YXXyx,YYYXYYXyyxyyXXX,2,28247 97297,1000,17
ac19_20980,YXYXyx,YYXyXXXYYxx,4,28290 97818 99072 118137,1000,16
ac19_21003,YXXyx,YYYXyXyXyyXXX,5,28324 39403 73549 77220 109815,1000,16
ac19_21023,YXyXXXyx,YYxyxYXYxyXXyyx,2,28355 120106,1000,16
ac19_21034,YXXyx,YYYYXyxxyyyxyx,2,28375 64964,1000,15
ac19_21044,YXYXyx,YYYYxYxyXXyyX,2,28390 129428,1000,16
ac19_21049,YXXyx,YYYYYYXyXyxyXyyx,1,28397,1000,16
ac19_21053,YXyXXyx,YYYYxxxxxxx,1,28408,1000,16
ac19_21082,YXYXyx,YYXXyyXyyxxxxyx,2,28445 119153,1000,18
ac19_21086,YXYXyx,YYYxYxyyxyyXyXX,1,28456,1000,17
ac19_21087,YXXyx,YYYYYXXXyyXyyXX,2,28460 103835,1000,17
ac19_21090,YXYXyx,YYXXXyyXXYxxx,1,28463,1000,14
ac19_21091,YXXyx,YYYYXXXyyxyyxyxxx,1,28467,1000,17
ac19_21100,YXYXyx,YYXYxyyXXyXyxxx,2,28484 45961,1000,16
ac19_21127,YXXyx,YYYYXyyxyXXXXX,2,28526 62428,1000,17
ac19_21161,YXXyx,YYYYXyyxyxxyyx,3,28585 44365 54973,1000,15
ac19_21177,YXYXyx,YYXyXXXXXYYxx,1,28610,1000,17
ac19_21200,YXyXXXyx,YYXyXyxyXYxyX,2,28647 149011,1000,17
ac19_21208,YXXyx,YYYYXyxyyyxyXXYxyX,1,28662,1000,16
ac19_21210,YXXyx,YYYYXyXyxyXyyXX,2,28670 117907,1000,16
ac19_21213,YXyXXyx,YYYxyxxyxYx,2,28673 29643,1000,17
ac19_21217,YYXXXyxx,YYXXXYxYXXX,11,28681 33570 39205 49197 65178 77862 83610 122908 134185 148585 153272,1000,17
ac19_21234,YXXyx,YYYYXyxxyyXyyXX,1,28709,1000,16
ac19_21270,YXyXXyx,YYxyxyxYxxxYX,1,28770,1000,17
ac19_21271,YXYXyx,YYYXyXXyyxx,8,28771 34824 46847 52223 67473 110575 130291 141695,1000,14
ac19_21272,YXXyx,YYXXYXyyXyXXYX,1,28772,1000,16
ac19_21306,YXXyx,YYXYYXyyxyxxxx,2,28831 152074,1000,16
ac19_21358,YXXyx,YYYXYYxyyxyXyyyx,1,28921,1000,16
ac19_21359,YXyXXyx,YYxxxyxyXXX,1,28922,1000,15
ac19_21363,YXXyx,YYYYXyyxyyxYx,5,28926 30703 60662 63358 131340,1000,15
ac19_21368,YXXyx,YYYXYXyyyXXyyX,1,28935,1000,15
ac19_21369,YXYXyx,YYXXyXXXYYx,4,28936 51718 59909 149944,1000,16
ac19_21375,YXXyx,YYYYXyXyxyxyyyxYx,2,28946 98905,1000,18
ac19_21381,YXXyx,YYYYXyyxyXyxyx,2,28955 52866,1000,14
ac19_21393,YXyXXyx,YYYXyxyxxx,3,28974 60252 101594,1000,17
ac19_21402,YXXyx,YYXYYxyXyxxyxx,1,28989,1000,14
ac19_21404,YXXyx,YYYXyxyyxxyxx,4,28991 84506 109698 138191,1000,16
ac19_21406,YXXyx,YYYXYXyxyyxxx,4,28994 59146 103177 108405,1000,15
ac19_21411,YXYXyx,YYXXXXXyXYxYx,1,29000,1000,15
ac19_21432,YXYXyx,YYYYXXyXXXYYX,1,29041,1000,17
ac19_21467,YXXyx,YYYYXyxyXyXyyX,3,29093 135897 153912,1000,14
ac19_21472,YXXyx,YYYXyyyXyXyxYxxx,1,29099,1000,16
ac19_21483,YXYXyx,YYXyxyXXXyxxxYx,1,29113,1000,16
ac19_21487,YXYXyx,YYYYXyXyyyxxx,2,29117 147715,1000,17
ac19_21497,YXXyx,YYYYXYxyyyyxx,6,29129 50573 55752 88152 119298 147438,1000,16
ac19_21517,YXYXyx,YYYxxyXXXYXyX,1,29161,1000,14
ac19_21523,YXYXyx,YYYXXXXyyxxxyxx,2,29170 134764,1000,18
ac19_21524,YXyXXyx,YYYxxyxyXX,5,29171 49809 92102 102967 124431,1000,16
ac19_21559,YXXyx,YYYXYXYxYxyXyyyXyX,2,29234 109012,1000,19
ac19_21564,YXXyx,YYYXyyxyXyXXYYX,2,29240 82181,1000,17
ac19_21575,YXyXXyx,YYxYYxyxyxYXXyx,2,29259 36950,1000,15
ac19_21591,YXYXyx,YYYxYXyyyXyxx,1,29296,1000,16
ac19_21612,YXXyx,YYYYYXyXyXyyxxx,4,29329 69384 90901 119433,1000,17
ac19_21618,YXYXyx,YYYYXyyyXyxxx,2,29340 84317,1000,17
ac19_21651,YXYXyx,YYYxYxyXyxyXXyX,1,29394,1000,17
ac19_21653,YXXyx,YYXYXYYXyyXyXXXyX,2,29396 96183,1000,16
ac19_21700,YYXXXYxx,YXyxxYxYXXX,1,29476,1000,5
ac19_21703,YXYXXYxyX,YYYXyxYXyXyx,1,29480,1000,17
ac19_21705,YXyXXyx,YYXyxxyXyxxYX,1,29482,1000,17
ac19_21727,YXyXXyx,YYxYYxyxyxx,6,29512 30734 43849 73951 90805 142077,1000,16
ac19_21731,YXYXyx,YYXXXYXyXXYYx,1,29520,1000,16
ac19_21735,YYXXyxx,YYxyXYXYxyX,1,29528,1000,18
ac19_21742,YXXyx,YYYYXyxyxyyyxx,2,29538 79649,1000,16
ac19_21750,YXXyx,YYYXyyXyxyxxx,2,29549 35296,1000,15
ac19_21770,YXXyx,YYYYYXyXyxyyxx,1,29583,1000,16
ac19_21791,YXYXyx,YYYYYXXyXXXXYxxyX,1,29614,1000,18
ac19_21794,YXYXyx,YYYXXyXyxyxxx,2,29621 110291,1000,15
ac19_21807,YXYXyx,YYYXyxyXXyyyxYx,1,29634,1000,17
ac19_21819,YXXyx,YYYYXyxyyxyxYx,3,29651 54533 101303,1000,16
ac19_21824,YYXXyxx,YYYXXXXYYxYxx,1,29660,1000,18
ac19_21843,YXXyx,YYYXyXyyXyXXXXX,2,29692 32109,1000,17
ac19_21853,YXXyx,YYYYXyXyyyxyXYYX,1,29708,1000,15
ac19_21864,YXYXyx,YYYXYxyXXyXXyxYxx,2,29725 114949,1000,16
ac19_21867,YXXyx,YYYXyyXyyxxYYX,1,29730,1000,14
ac19_21892,YXyXXyx,YYYxyyxx,15,29776 38183 45071 58058 60046 63551 68659 69077 99624 115423 118721 134898 147799 147845 155221,1000,11
ac19_21914,YXYXyx,YYXyXyXyyxxxx,1,29817,1000,17
ac19_21915,YXyXXyx,YYxYxxxYXYXyxyxyx,1,29819,1000,17
ac19_21923,YXYXyx,YYXXyXXyXYxxxxx,1,29832,1000,16
ac19_21941,YXXyx,YYYYXYYXyyyXyXyX,1,29866,1000,18
ac19_21942,YXXyx,YYYXyyyXyyxYxxx,1,29869,1000,17
ac19_21987,YXYXyx,YYxYXyyXXYxyXYx,4,29934 36048 60791 97960,1000,15
ac19_21994,YXyXXXyx,YYxyxyxYxYXyx,2,29948 123415,1000,15
ac19_21999,YXYXyx,YYYYxyyXyXX,5,29955 45418 48228 73724 131691,1000,15
ac19_22008,YXXyx,YYYXYYXyxyXyyXX,2,29967 87257,1000,17
ac19_22032,YXXyx,YYYXYXyyyXX,6,29999 67299 97876 107402 112907 115368,1000,13
ac19_22037,YXXyx,YYYYYXyXyyXyXX,4,30004 70197 105658 106573,1000,17
ac19_22064,YYXXyxx,YYYxxxYXXXX,2,30050 144343,1000,18
ac19_22074,YXYXyx,YYYYxxYXyXyyX,2,30064 58867,1000,16
ac19_22092,YXXyx,YYYYYXYxyXyxyyyx,1,30095,1000,16
ac19_22104,YXXyx,YYYXYXyXyxxyxx,1,30110,1000,14
ac19_22128,YXYXyx,YYYxyxYYXyyXXyX,2,30160 78949,1000,16
ac19_22130,YXYXyx,YYXXyXXyXYxxxYxyx,2,30163 43629,1000,15
ac19_22131,YXXyx,YYYXyyyXXXyXYYX,2,30164 58042,1000,17
ac19_22139,YXXyx,YYYYYXyyXyxyyXyX,1,30183,1000,18
ac19_22144,YXyXXXyx,YYXyyxxYxyxYx,1,30190,1000,17
ac19_22146,YXXyx,YYYXYxYXyyyXyX,2,30192 41055,1000,15
ac19_22164,YXXyx,YYYYXyyyxyxYx,5,30217 49134 95155 99280 148371,1000,16
ac19_22175,YXYXyx,YYYYYYXyxyXXyXX,2,30240 114795,1000,17
ac19_22209,YXXyx,YYYXYxYXyyyXXyX,2,30292 120773,1000,17
ac19_22211,YXyXXyx,YYxYYxyxxyx,5,30295 56481 67937 94106 141098,1000,15
ac19_22238,YXXyx,YYYYXyxxyyxx,2,30345 64586,1000,14
ac19_22241,YXYXyx,YYYXYxyXXXyXYxx,1,30349,1000,16
ac19_22250,YXXyx,YYYXyxxyyXXXXYX,2,30362 111788,1000,16
ac19_22257,YXYXyx,YYYXXXyyxyxxx,3,30371 97165 117577,1000,17
ac19_22260,YXYXyx,YYXyXYxxxYxyXXXyX,1,30375,1000,16
ac19_22263,YXyXYXyxx,YYXXyxxYxyX,2,30378 65667,1000,19
ac19_22277,YXXyx,YYXYYxyXyyXXXX,2,30397 79597,1000,16
ac19_22298,YYXXyxx,YYYXXYxxYxxYX,1,30430,1000,14
ac19_22309,YXYXyx,YYXYxyXyXXYYx,1,30443,1000,14
ac19_22326,YXYXyx,YYYYYYxyyyXXX,2,30476 133862,1000,17
ac19_22327,YXYXyx,YYYYXyXyyXyxx,3,30480 32847 151727,1000,16
ac19_22329,YXXyx,YYYXYxyyyxyyXXYxyX,1,30482,1000,17
ac19_22344,YXXyx,YYYYXXYXyyyyXX,2,30508 122602,1000,16
ac19_22349,YXyXXyx,YYYXyxxyxYxxx,1,30515,1000,17
ac19_22361,YXXyx,YYYYXyyxxyyyxx,1,30535,1000,16
ac19_22385,YXXyx,YYYXYXYxyXyXyXyX,1,30574,1000,17
ac19_22393,YXyXXyx,YYxyxYXYYxyxxx,2,30586 115074,1000,15
ac19_22419,YXXyx,YYYYXyyXXyXXX,2,30626 40026,1000,16
ac19_22421,YXYXyx,YYYxYxYXXyxyXXX,2,30631 54532,1000,18
ac19_22422,YXXyx,YYYYXYxYXyxyyyyX,2,30632 156323,1000,16
ac19_22424,YXYXyx,YYYYYxyXyyyXX,2,30637 39458,1000,17
ac19_22449,YXYXyx,YYYYYxxyXyXXX,2,30675 138176,1000,17
ac19_22468,YXXyx,YYYXyXyyxxyXXX,1,30709,1000,13
ac19_22493,YXXyx,YYXYYxyyxxyxxx,3,30752 57780 143403,1000,5
ac19_22525,YXYXyx,YYXYxxYxyyxyXXyXX,1,30798,1000,18
ac19_22559,YXXyx,YYYYXXYXyyyyxxx,2,30855 152194,1000,17
ac19_22581,YXXyx,YYYXyxyyXyXyXYX,2,30891 62631,1000,16
ac19_22601,YXXyx,YYYXYXyxxyyyXXYX,2,30915 136957,1000,17
ac19_22615,YXXyx,YYYYXyyXyXyxyx,2,30937 88019,1000,11
ac19_22624,YXYXyx,YYYxYYXyyXyXX,1,30961,1000,17
ac19_22635,YXXyx,YYYXyxyyxyxxx,5,30974 35116 95112 112377 155978,1000,16
ac19_22680,YXYXyx,YYYYxYYXyxyyXXX,2,31055 37245,1000,18
ac19_22688,YXXyx,YYYYXyyyxxx,5,31070 64749 88719 90429 140966,1000,15
ac19_22699,YXYXyx,YYYXyXXXYYXYx,1,31087,1000,16
ac19_22736,YXYXyx,YYYYxYYXyxyXXXX,2,31149 73935,1000,17
ac19_22753,YXYXyx,YYXYxYXyyXyXXYx,2,31174 47154,1000,16
ac19_22767,YXyXXXyx,YYYxxyXXyyX,2,31211 35714,1000,17
ac19_22798,YXYXyx,YYXyXYXyXXyxYxxxx,2,31260 153246,1000,17
ac19_22829,YXYXyx,YYXXyXXXYYxYxyx,2,31309 115573,1000,17
ac19_22833,YXXyx,YYYXyxyyXXXXYx,1,31314,1000,16
ac19_22854,YXyXXyx,YYXyxxxxyXX,2,31353 153868,1000,15
ac19_22856,YXXyx,YYYXYxyyXyxxx,2,31355 104271,1000,14
ac19_22884,YXXyx,YYYXYXyyyXXXXX,2,31400 45740,1000,17
ac19_22902,YXyXXyx,YYYxYxxyxyx,4,31429 32074 65354 148961,1000,15
ac19_22929,YXyXXyx,YYXYxxxyxxx,2,31478 95337,1000,17
ac19_22931,YXXyx,YYYYXyyyXyyXYxyX,1,31484,1000,16
ac19_22948,YXXyx,YYXYxyyXyxxyxx,1,31507,1000,14
ac19_22952,YXXyx,YYYXYxyXyxyXXX,1,31511,1000,15
ac19_22956,YXXyx,YYYYXyyXXyyXyX,2,31517 31715,1000,16
ac19_22963,YXyxYXXyx,YYXyXyxYXXXX,1,31527,1000,17
ac19_22964,YXYXyx,YYXyXXyyxyxYx,1,31528,1000,16
ac19_22973,YXYXyx,YYxyXyxyXXyxYxx,2,31543 81625,1000,14
ac19_22980,YXXyx,YYXYYxyxyyXXXXX,2,31552 34714,1000,16
ac19_22994,YXYXyx,YYYXyxyXXXXYxYx,1,31579,1000,17
ac19_23008,YXYXyx,YYYxYYXyyyXXX,2,31598 120016,1000,18
ac19_23020,YXyXXyx,YYXXyXXYxxyxyxx,1,31614,1000,17
ac19_23034,YXYXyx,YYXYxxYXyyXXX,2,31642 91505,1000,16
ac19_23066,YXyXXyx,YYxxxyXyxyXYX,2,31706 75131,1000,17
ac19_23081,YXYXyx,YYXXXyXXYxYxx,2,31727 149514,1000,16
ac19_23082,YXXyx,YYYXyyxyyxyxYx,3,31730 93210 141738,1000,16
ac19_23093,YXyXYxx,YYYYYXXyxxx,1,31744,1000,16
ac19_23096,YXYXyx,YYXXyXXXYYxxxyx,1,31749,1000,17
ac19_23099,YXXyx,YYYYXyXyyyXXYX,1,31754,1000,17
ac19_23123,YXXXyxx,YYXyxYxyXYxyX,4,31796 35873 56205 99686,1000,20
ac19_23136,YXYXyx,YYYXyXyXyyxxx,2,31815 125194,1000,17
ac19_23138,YXYXyx,YYYxYXyXYXyXX,1,31818,1000,16
ac19_23157,YXyXXyx,YYYXyyyXYxxyX,2,31849 99142,1000,15
ac19_23182,YXYXyx,YYYXXXXXyyxYxyx,1,31901,1000,16
ac19_23189,YXyXXyx,YYYxYXyxyxx,2,31909 78366,1000,15
ac19_23190,YXYXyx,YYXXXXyXXyxYxxYxxyx,1,31911,1000,17
ac19_23197,YXYXyx,YYXYxYxyyXXyX,1,31925,1000,15
ac19_23207,YXYXyx,YYXXYYxYXyyXX,1,31948,1000,14
ac19_23229,YXXyx,YYYXYYXyXyyXyX,2,31990 49029,1000,16
ac19_23232,YXYXyx,YYXXyXyyxxYxx,2,31995 85712,1000,17
ac19_23263,YXyXXXyx,YYXXXyyxx,2,32044 63679,1000,16
ac19_23266,YXXyx,YYYXyyyxxxxYx,2,32053 154108,1000,16
ac19_23276,YXyXXyx,YYYxyyxxYYxx,2,32072 34887,1000,17
ac19_23279,YXyXXyx,YYxyXXyyxxxYX,1,32076,1000,16
ac19_23295,YXXyx,YYYYXyXXyyxyyx,1,32103,1000,11
ac19_23325,YXyXXXyx,YYXyXYXyXyxyx,2,32150 82359,1000,16
ac19_23340,YXyXXyx,YYYXXyxyXyx,3,32178 128309 154967,1000,11
ac19_23351,YXXyx,YYYXyxyXyXyXX,5,32199 40186 40751 132311 152642,1000,14
ac19_23358,YXYXyx,YYXXXXXYxYx,5,32210 67634 79243 138027 146405,1000,13
ac19_23395,YXYXyx,YYYxxYXXyyXXX,1,32272,1000,18
ac19_23406,YXXyx,YYYYXYXyyxyXyyyx,1,32290,1000,16
ac19_23410,YXYXyx,YYXyyXXyxYxxx,1,32294,1000,14
ac19_23412,YXYXyx,YYYXyXXyxyxYx,2,32296 75611,1000,14
ac19_23413,YXYXyx,YYXYYxxyXyyXX,2,32297 151680,1000,16
ac19_23415,YXXyx,YYYXyxyXyxyxyxYx,1,32300,1000,16
ac19_23449,YXXyx,YYYYXyXyxyyyXX,2,32359 86739,1000,16
ac19_23461,YXXyx,YYYXYYXyXyxyXyXX,2,32382 148915,1000,17
ac19_23469,YXyXXyx,YYYxyxyxYXyxYXyx,3,32399 50513 107348,1000,15
ac19_23471,YXyXXyx,YYxyxYxxyxxYX,3,32401 80738 85161,1000,16
ac19_23494,YXYXyx,YYYYYXyyXXyxx,1,32438,1000,15
ac19_23519,YXXyx,YYYXyyXyyxxx,4,32480 72688 132220 141467,1000,14
ac19_23523,YXYXyx,YYYxYxyXXXYXX,2,32486 124532,1000,16
ac19_23529,YXXyx,YYYYXyyxyyXyXX,2,32496 90747,1000,17
ac19_23535,YXyXXyx,YYxYxxyxYxyxyXYXX,1,32506,1000,17
ac19_23566,YXXyx,YYYYXYxyXyxyyxx,1,32557,1000,16
ac19_23574,YXYXyx,YYYYxYxyXXXXYxyyX,1,32568,1000,17
ac19_23608,YYXXYXyyX,YXyxYXyxx,4,32620 55627 74460 128914,1000,17
ac19_23615,YXyXXyx,YYYxyxxxx,7,32637 46335 52965 104822 137875 151467 156166,1000,13
ac19_23632,YXYXyx,YYYXYxyXXyXyyxx,1,32670,1000,16
ac19_23672,YXyXXyx,YYxyxYxyxyXXX,2,32744 53933,1000,16
ac19_23680,YXXyx,YYYYXyxyxxyxxx,1,32764,1000,16
ac19_23689,YXyXXyx,YYYxyxyxYXYxxx,2,32780 58761,1000,15
ac19_23701,YXyXXXyx,YYXyxYxxyXyxYYxyx,2,32798 41572,1000,16
ac19_23707,YXXyx,YYYXYxyyxyxxxx,1,32812,1000,16
ac19_23725,YXYXyx,YYYYYxyyXXyXX,2,32844 49746,1000,17
ac19_23734,YXXyx,YYYYXyXyyXXXXX,2,32867 127778,1000,17
ac19_23745,YXXyx,YYXYYXyxyyXXXX,2,32889 79013,1000,16
ac19_23753,YXYXyx,YYYxYxYXyxyyXXX,2,32900 89428,1000,18
ac19_23779,YXXyx,YYXYxyyXyxyxxx,1,32949,1000,15
ac19_23780,YXXyx,YYXYYxYXyxyxyyXX,1,32950,1000,16
ac19_23785,YXXyx,YYYYXYxyXyyXyX,2,32956 51298,1000,15
ac19_23788,YXXyx,YYYXyxxyyXyXXXX,2,32960 93135,1000,16
ac19_23790,YXYXyx,YYXYxyXXyXyyxxx,2,32963 68709,1000,17
ac19_23804,YXXyx,YYYYYXyxyyXyXXX,2,32989 156395,1000,17
ac19_23815,YXyXXXyx,YYXXyXYxxxYXyyxyX,1,33010,1000,17
ac19_23816,YXXyx,YYYYYXyyxyyXXX,2,33013 108892,1000,18
ac19_23828,YXXyx,YYYYXYxyXyXyyXXX,2,33035 76127,1000,17
ac19_23864,YXYXyx,YYXYYxxxyyXXX,1,33099,1000,16
ac19_23894,YXXyx,YYYXXXyyxyyxxxx,2,33154 112551,1000,16
ac19_23898,YXYXyx,YYYXyXXXYxyXYYx,1,33165,1000,16
ac19_23913,YXyXXyx,YYXYxxxxyxx,2,33187 122147,1000,16
ac19_23916,YXYXyx,YYXXXXXyyxYYxyx,1,33192,1000,16
ac19_23939,YXXyx,YYYYYXyXyxyXXyXX,1,33229,1000,18
ac19_23941,YXYXyx,YYYYxxyxYXyyXXX,2,33232 110520,1000,18
ac19_23944,YXyXXyx,YYxxYXyxxyxYX,2,33235 41734,1000,14
ac19_23969,YXYXyx,YYYYYXXyXXXYXYxyX,2,33271 136153,1000,18
ac19_23970,YXYXyx,YYXXyXyXYXYxx,1,33272,1000,16
ac19_23982,YXXyx,YYXYXYXyyXyXX,5,33293 75338 113590 119412 155989,1000,14
ac19_23992,YXYXyx,YYXXyXYxxxYxyXXyX,2,33307 51604,1000,16
ac19_24002,YXYXyx,YYXyyXyyxxxxx,1,33321,1000,18
ac19_24018,YXYXyx,YYYXXXXyXYYxx,2,33355 134375,1000,16
ac19_24023,YXXyx,YYYYXYXyyXyyxxxx,1,33366,1000,17
ac19_24024,YXXyx,YYYXyXyyXyyXYX,3,33368 129798 147815,1000,15
ac19_24034,YXYXyx,YYYXXyXXXYxxx,2,33386 80501,1000,17
ac19_24037,YXXyx,YYYYXyyXyyyxYYxx,1,33389,1000,17
ac19_24060,YXXyx,YYXyyXyXXXXYXYx,2,33433 99725,1000,16
ac19_24061,YXXyx,YYYYYXyxxyxyyXX,1,33437,1000,16
ac19_24078,YXYXyx,YYYxxYXyyXXYX,2,33471 140741,1000,17
ac19_24097,YXyxYXXyx,YYXyxYXyyxYxxx,1,33511,1000,18
ac19_24103,YXyXXyx,YYYXyxyxYxx,2,33524 129832,1000,16
ac19_24113,YXYXyx,YYXyxyXyXXYxYYx,2,33536 97882,1000,16
ac19_24128,YXYXyx,YYYXYxYXXXXyX,2,33561 107836,1000,16
ac19_24136,YXYXyx,YYYxxYYXyxyXXyX,2,33578 41902,1000,17
ac19_24149,YXYXyx,YYYXYxxYXXXyX,1,33603,1000,16
ac19_24173,YXyXXXyx,YYYxyxYxyxYXyxx,2,33637 129795,1000,16
ac19_24185,YXyXXyx,YYYxyyxYYxxx,3,33656 103588 125564,1000,14
ac19_24210,YXYXyx,YYYXXXyxyyxxx,2,33696 146562,1000,16
ac19_24213,YXXyx,YYYYYYXyyyxyyx,3,33701 46332 155477,1000,17
ac19_24273,YXXyx,YYYXYxyXyXyXXXX,2,33794 35261,1000,16
ac19_24286,YXyXXyx,YYXXXyXXXyyxxyx,1,33815,1000,17
ac19_24295,YXXyx,YYYYXyxyyyXyxx,3,33832 40248 104939,1000,16
ac19_24305,YXXyx,YYYXXXyyXyyyXXYX,2,33848 117191,1000,16
ac19_24307,YXXyx,YYYXYXyxyXyXXXX,2,33853 77930,1000,16
ac19_24324,YXYXyx,YYYYYxyXXyyyx,1,33882,1000,15
ac19_24327,YXXyx,YYYYXYYXyxyyXyXyX,2,33892 70551,1000,19
ac19_24352,YXyXXyx,YYxyxyxYxYX,3,33942 121358 134530,1000,17
ac19_24366,YXXyx,YYYYXYxyyXXyyX,1,33971,1000,16
ac19_24393,YXXyx,YYYYYXyyXyyXX,3,34009 63691 81967,1000,16
ac19_24422,YXXyx,YYYYYXyyyxxyxx,1,34069,1000,18
ac19_24439,YXYXyx,YYYYxyXXyXyyx,2,34100 126467,1000,14
ac19_24441,YXYXyx,YYXYxxyyXXyyxxx,1,34104,1000,17
ac19_24450,YXXyx,YYYXyyxyxyxxxxx,2,34120 64634,1000,17
ac19_24462,YXXyx,YYYXYYYxyyXyyXyX,2,34135 39254,1000,19
ac19_24470,YXyXXyx,YYYXyyXYYxyXXyyxyx,2,34147 140502,1000,17
ac19_24496,YXXyx,YYYXyyxyxyxx,6,34200 40274 41357 76235 96278 134917,1000,14
ac19_24520,YXYXyx,YYXXyXXyXYxxYxxyx,2,34238 140925,1000,16
ac19_24528,YXXyx,YYYXYxyXyxyyxxyx,1,34251,1000,16
ac19_24540,YXXyx,YYYXYxyyyXyXyX,3,34280 38842 140369,1000,16
ac19_24542,YXyXXyx,YYYxYXyyxxyX,1,34284,1000,16
ac19_24543,YXXyx,YYYXyXyyXXXXYx,1,34285,1000,17
ac19_24560,YXYXyx,YYXyyXXXXYxYxyx,1,34310,1000,16
ac19_24564,YXYXyx,YYYXXyXyyxxxxyxyx,2,34315 115715,1000,18
ac19_24595,YXyXXyx,YYxYxyxxxyxYX,1,34368,1000,17
ac19_24603,YXyXXXyx,YYXyXYXyxYxyxyx,2,34379 78317,1000,17
ac19_24605,YXyXXyx,YYXYxyxYxyxYYxyx,2,34383 102705,1000,16
ac19_24610,YXYXyx,YYYXyXyyyxxYx,2,34393 88508,1000,17
ac19_24629,YXXyx,YYYXXYYxyxyyxyxx,2,34422 131854,1000,17
ac19_24631,YXyXXyx,YYYxyxyxYxx,4,34426 38785 68736 98686,1000,15
ac19_24670,YXXyx,YYYXYXyyXXyX,3,34496 139903 149337,1000,13
ac19_24679,YXYXyx,YYYxxYYXyyXyX,2,34512 73445,1000,17
ac19_24680,YXXyx,YYYXyXyyXyXX,6,34513 37411 96850 113109 154471 155156,1000,14
ac19_24699,YXXyx,YYXYYXyyxyxxxxx,2,34543 38346,1000,16
ac19_24703,YXXyx,YYYYXyxyxyXXX,3,34548 41457 131956,1000,13
ac19_24732,YXYXyx,YYYYYxYXyXXXX,2,34603 85028,1000,19
ac19_24737,YXXyx,YYYYYXyyxyXyxx,2,34615 112608,1000,15
ac19_24749,YXyXXXXyx,YYxYxyxxyX,1,34634,1000,17
ac19_24760,YXYXyx,YYYXXXXyXYYYx,2,34656 133203,1000,17
ac19_24770,YXYXyx,YYXyXYXXyXXyxYxxx,2,34671 64475,1000,16
ac19_24788,YXXyx,YYYXyyyxYxxxxx,2,34697 72499,1000,16
ac19_24795,YXyXXyx,YYXyyxxyXX,4,34717 90180 91117 153767,1000,15
ac19_24814,YXXyx,YYYYXyxyXyyyXX,4,34744 79898 90704 110774,1000,17
ac19_24823,YXXyx,YYXYxyyxyxxxxYx,2,34755 45161,1000,17
ac19_24833,YXXyx,YYYYYXyyXyyxx,4,34774 55132 64192 144739,1000,15
ac19_24841,YXYXyx,YYYYYxxyyXXXX,2,34784 133292,1000,17
ac19_24851,YXYXyx,YYYXYYXyXyyXyxx,1,34805,1000,16
ac19_24881,YXXyx,YYXyyxyXyxxxxxYx,2,34858 130776,1000,16
ac19_24901,YXyXXyx,YYXYxyXXyyxxx,1,34888,1000,17
ac19_24903,YXXyx,YYXYYXYXyyXyyXXX,1,34892,1000,17
ac19_24933,YXyXXyx,YYYxyxxyxYX,2,34954 103933,1000,17
ac19_25003,YXXyx,YYXYxYxyXyyXX,5,35070 110620 116061 118540 125152,1000,13
ac19_25017,YXXyx,YYYXXYxyyxyxyxYx,1,35096,1000,16
ac19_25021,YXXyx,YYYXYYXyyXyXXyXX,1,35102,1000,17
ac19_25028,YXyXXyx,YYYXyxxyxYx,2,35117 52377,1000,16
ac19_25036,YXXyx,YYYYYXyyXyXyxx,2,35130 111109,1000,14
ac19_25063,YYXXXXyx,YYXyXYYXyXX,1,35188,1000,18
ac19_25072,YXYXyx,YYYXXXXyyxYxx,3,35210 51706 57411,1000,16
ac19_25086,YXYXyx,YYYYYYXyXXXYxyX,1,35239,1000,16
ac19_25094,YXXyx,YYYXYxxxyxyyxx,1,35250,1000,13
ac19_25102,YXYXyx,YYYxYxyXyxyXyXX,1,35264,1000,17
ac19_25114,YXXyx,YYYYYXyyxyyx,6,35277 39034 62627 63813 103301 133575,1000,13
ac19_25123,YXYXyx,YYYYYxyyXXX,4,35299 37514 61502 102127,1000,15
ac19_25170,YXyXXyx,YYXyyxyXYXyyXYxyX,2,35367 130947,1000,15
ac19_25208,YXXyx,YYYYYXyXyxyyyXyX,2,35426 113793,1000,18
ac19_25232,YXXyx,YYXYYxxYXyyXyXyX,2,35461 150064,1000,16
ac19_25234,YXYXyx,YYYYxYXXyxyXXXX,1,35466,1000,17
ac19_25257,YXXyx,YYXYYxyXyxyyxyxx,2,35516 126442,1000,17
ac19_25263,YXXyx,YYXYxyXyXyXXXXYX,2,35525 63082,1000,16
ac19_25267,YXYXyx,YYYYYXyyXXX,5,35535 37761 39779 84133 109740,1000,16
ac19_25268,YXYXyx,YYYYYYxyXXXyX,1,35536,1000,18
ac19_25293,YXYXyx,YYYXyyXyXXYxx,2,35572 81513,1000,16
ac19_25298,YXXyx,YYXYxYxyyXXyXX,1,35578,1000,16
ac19_25299,YXXyx,YYYXYXyyxyxxxx,3,35580 42144 46364,1000,16
ac19_25303,YXYXyx,YYYXXyXXXYXYx,3,35588 63878 118014,1000,17
ac19_25325,YXYxYXXYXyx,YYxYXXXYxYXX,1,35629,1000,17
ac19_25326,YXXyx,YYYYXYXyyyXyX,4,35633 59635 64565 68677,1000,15
ac19_25355,YXXyx,YYYXYxyyyXyXXYx,2,35685 47901,1000,16
ac19_25372,YXYXyx,YYYXyxyXXXXXYxx,2,35717 55303,1000,17
ac19_25407,YXXyx,YYYXyXyXXXyyXX,1,35782,1000,15
ac19_25411,YXXXXyXYx,YXyxxxxxyx,5,35788 74078 75390 88852 115960,1000,16
ac19_25419,YXYXyx,YYYXYYxYXyXXX,2,35806 55960,1000,17
ac19_25423,YXYXyx,YYYXYxxxyXyXX,1,35821,1000,15
ac19_25428,YXYXyx,YYXXXXXyyxxxx,2,35828 136215,1000,18
ac19_25437,YXXyx,YYYXYxyyyxyyxx,2,35852 91751,1000,16
ac19_25452,YXXyx,YYYXyXyxyyxxxx,2,35883 76810,1000,16
ac19_25455,YXXyx,YYXYXyyXyXXYX,4,35888 71130 74039 96735,1000,15
ac19_25461,YXXyx,YYYYXyyyxxyyx,2,35895 135007,1000,15
ac19_25471,YXyXXXyx,YYXyXyyXXYxyX,2,35910 141870,1000,17
ac19_25479,YXYXyx,YYYYxYXyxyXXXyX,1,35924,1000,17
ac19_25488,YXYXyx,YYYXyxyyXXXXYYx,2,35945 128014,1000,18
ac19_25502,YXYXyx,YYXYxYXyyXXYx,3,35971 111571 115525,1000,13
ac19_25505,YXYXyx,YYXyXyXXYYxYX,1,35977,1000,15
ac19_25513,YYXXXXXYx,YXXXXyxxYx,6,35992 47124 61389 110427 144144 146223,1000,17
ac19_25517,YXXyx,YYYYXyXXXyyXX,2,35997 63340,1000,15
ac19_25518,YXXyx,YYYXYYXyyxyyxxx,2,35998 135939,1000,18
ac19_25521,YXYXyx,YYXXXXXXYYxxx,1,36003,1000,18
ac19_25527,YXXyx,YYYXyyXXyXyXXX,3,36022 103145 116419,1000,16
ac19_25543,YXXyx,YYYXyyXyxxxYxx,1,36045,1000,15
ac19_25547,YXXyx,YYYYXyyyyXXXXyX,1,36051,1000,17
ac19_25560,YXYXyx,YYXYxyXyXyyxxYx,2,36078 84624,1000,17
ac19_25561,YXXyx,YYXYYXYxyXyyxyxx,2,36079 69520,1000,17
ac19_25563,YXXyx,YYYYXXYxyxyyxyxx,2,36082 120635,1000,17
ac19_25572,YXXyx,YYYXXXyyXyyxxxYYx,2,36098 88022,1000,17
ac19_25577,YXYXyx,YYYXYYXXXXXYx,2,36110 81856,1000,16
ac19_25587,YXYXyx,YYXyyXyxyxxYx,2,36123 92096,1000,16
ac19_25613,YXXyx,YYYXYYxyXXyXyXyX,2,36167 40728,1000,17
ac19_25615,YXXyx,YYYXyxyyXyXyXXYx,2,36169 102499,1000,16
ac19_25628,YXXyx,YYYYXyyyXyXYXXX,1,36184,1000,17
ac19_25642,YXXyx,YYYXYYxyyxyyxxx,2,36205 83947,1000,17
ac19_25655,YXXyx,YYYXYxYYXyyxyXyyxyyX,1,36228,1000,17
ac19_25683,YXYXyx,YYYYxYXyxyXXyyX,1,36276,1000,16
ac19_25685,YXYXyx,YYXXyXXXXYxYx,2,36280 101879,1000,17
ac19_25699,YXYXyx,YYXyyXXyyxYYx,2,36302 137858,1000,14
ac19_25737,YXXyx,YYYXyyxxyxxYx,2,36370 63933,1000,16
ac19_25755,YXYXyx,YYYYYYXyXXXXX,1,36398,1000,18
ac19_25769,YXYXyx,YYXXXXXXYxxYx,1,36427,1000,16
ac19_25777,YXYXyx,YYYYxyXXyXyxx,3,36440 56979 148342,1000,15
ac19_25794,YXyXXyx,YYXXyXYxxyyxx,1,36466,1000,15
ac19_25834,YXXyx,YYXYYXyXyxyXyXyX,1,36534,1000,16
ac19_25861,YXXyx,YYYXyxyyXyxxYYx,1,36574,1000,16
ac19_25881,YXXyx,YYYXYxYYXyyxyXyyyXYx,1,36612,1000,18
ac19_25891,YXYXyx,YYYYYYxyyXXXX,2,36631 44646,1000,19
ac19_25945,YYXXYxYXXXYx,YXXYxxxyXXXYx,1,36732,1000,17
ac19_26013,YXXyx,YYYYXYXyXyyXyXX,2,36858 76373,1000,17
ac19_26026,YXYXyx,YYXXyxyXXXXYxYx,2,36885 146447,1000,17
ac19_26043,YXYXyx,YYXYxxYxyyXyX,3,36909 44710 85109,1000,15
ac19_26052,YXYXyx,YYYYYXXXXXXYxYX,2,36924 103416,1000,17
ac19_26059,YXYXyx,YYYYXXXXXyyxx,1,36935,1000,16
ac19_26062,YXXyx,YYYYXyyXXyXyyX,3,36941 52655 128340,1000,16
ac19_26065,YXXyx,YYYYXyXyXyXyXXYX,2,36946 38607,1000,18
ac19_26077,YXYXyx,YYYXYxyyXyXXXYx,1,36968,1000,16
ac19_26081,YXyXXyx,YYYxxYXyyxyx,3,36976 70468 113409,1000,15
ac19_26082,YXXyx,YYYYYXyyXyxyXyyX,1,36978,1000,17
ac19_26094,YXYXyx,YYXXXyyXXYYxx,2,36994 69747,1000,16
ac19_26101,YXXyx,YYYXYXYXyyyXyX,3,37010 93279 150873,1000,16
ac19_26105,YXXyx,YYYXyXyXyyXYYX,2,37016 114452,1000,16
ac19_26106,YXYXyx,YYYXXXyxyXyxxxx,1,37019,1000,17
ac19_26114,YXyXXyx,YYXyxxyxYYx,1,37028,1000,16
ac19_26122,YXyXXyx,YYXyxYXYxyXyxyx,2,37038 45917,1000,16
ac19_26129,YXYXyx,YYXXXXyyxxYYx,2,37050 90346,1000,16
ac19_26133,YXYXyx,YYXXyXXXYYxyx,2,37057 49438,1000,14
ac19_26134,YXXyx,YYYXyxxyyyXXXX,2,37058 103451,1000,16
ac19_26140,YXYXyx,YYYxyXXyXXyxx,1,37067,1000,14
ac19_26141,YXyXXXyx,YYxYXyyxx,1,37068,1000,16
ac19_26159,YXYXyx,YYYYYYxyXXyXX,1,37098,1000,17
ac19_26167,YXyXXyx,YYXYXyxYxxxyyx,2,37109 118564,1000,17
ac19_26172,YXXyx,YYYXyyyxyxxYYx,2,37118 65118,1000,16
ac19_26175,YXXyx,YYYXyyxxyyyXYXX,1,37123,1000,16
ac19_26179,YXXyx,YYYXYxYxyyxyyx,3,37131 106545 136465,1000,14
ac19_26186,YXyxYXXyx,YYXXyxyXXXyX,1,37144,1000,20
ac19_26196,YXYXyx,YYYYYxYXyyyXX,2,37164 91481,1000,18
ac19_26213,YXXyx,YYYXyyxyXyxxYYx,1,37193,1000,17
ac19_26214,YXYXyx,YYYxyXyxyXXyxYx,1,37194,1000,13
ac19_26249,YXXyx,YYYYXyXyXyyyXX,4,37262 55121 89639 137702,1000,16
ac19_26262,YXYXyx,YYYXXXXyyXyxYYx,2,37292 48042,1000,16
ac19_26284,YXXyx,YYYXyyyxyxYYx,4,37332 60105 60134 73176,1000,16
ac19_26298,YXXyx,YYYYYXyyxyxxyx,3,37355 74964 91050,1000,17
ac19_26316,YXyXXyx,YYXyyxxxYX,1,37398,1000,16
ac19_26337,YXYXyx,YYXXXyXYXYxYx,2,37439 151422,1000,15
ac19_26355,YXYXyx,YYYxYYxyXXyyX,2,37471 98358,1000,15
ac19_26385,YXYXyx,YYXyXXXyxxxYxyx,1,37530,1000,16
ac19_26388,YXYXyx,YYXXXXyxyXyxxYx,1,37538,1000,16
ac19_26397,YXyXXyx,YYXYxyyxYxx,4,37551 83799 104021 155986,1000,16
ac19_26422,YXXyx,YYYXyyXyyxxYYxx,1,37593,1000,16
ac19_26427,YXyXXXyx,YYXyXYxyyxx,1,37599,1000,16
ac19_26508,YXYXyx,YYYxxYXyxyyXyyX,2,37741 153903,1000,16
ac19_26510,YXYXyx,YYXXXXyXYYx,6,37743 46405 95143 112718 128349 133446,1000,14
ac19_26531,YXXyx,YYYXYXXYxyyyxyxx,3,37789 55371 67031,1000,17
ac19_26544,YXXyx,YYYYXyyyxxxxxx,1,37806,1000,16
ac19_26545,YXXyx,YYYYYXyyXXyyX,2,37807 87333,1000,16
ac19_26550,YYXXyxx,YYYYXYxyX,3,37813 132187 132632,1000,16
ac19_26551,YXYXyx,YYXXyXyyxxxxyxx,2,37815 106518,1000,17
ac19_26567,YXYXyx,YYXyyXXXXYxYx,2,37841 120731,1000,16
ac19_26575,YXYXyx,YYXyXXXXYYXXYYx,1,37855,1000,17
ac19_26585,YXXyx,YYYYXYXyyXyXyXX,1,37873,1000,18
ac19_26609,YXyXXXyx,YYYxyxYxyxx,2,37915 98467,1000,15
ac19_26618,YXYXyx,YYYxYXyyXXXYX,1,37930,1000,17
ac19_26644,YXyXXXyx,YYYxxxYXyxxYxxyyX,1,37973,1000,18
ac19_26652,YYXXXyxx,YYxyXXYXX,6,37988 63046 82137 117851 136545 137123,1000,17
ac19_26684,YXXyx,YYYXyyyXXXXyXX,2,38042 136694,1000,16
ac19_26687,YXXyx,YYYYYXyyxyyyyx,4,38050 49322 97469 111408,1000,17
ac19_26700,YXXyx,YYYYYXyyxyyxx,3,38075 46370 117299,1000,17
ac19_26708,YXXyx,YYYYYXyyXyxxyx,2,38094 92879,1000,15
ac19_26716,YXyXXXyx,YYXXyXXYxyxYxyxyX,1,38106,1000,17
ac19_26719,YXYXyx,YYYXYxyXXyyXYYx,3,38112 51802 52580,1000,16
ac19_26726,YXXyx,YYYYXyxyyXyXyX,3,38120 102381 115981,1000,16
ac19_26728,YXXyx,YYXYYXyyxyXXXX,2,38125 51770,1000,16
ac19_26730,YXXyx,YYYXyyXyxxYxxx,1,38132,1000,14
ac19_26734,YXYXyx,YYXyXXXyxyxYx,1,38138,1000,15
ac19_26760,YXXyx,YYYYYXyyyXyX,4,38187 93100 100431 126753,1000,16
ac19_26768,YXXyx,YYYYXyyXyxxx,3,38199 72719 133829,1000,13
ac19_26784,YXYXyx,YYYXYxyXXyyyxxx,2,38222 140620,1000,17
ac19_26785,YXXyx,YYYYYXyxyyyyXyX,2,38226 85663,1000,18
ac19_26786,YXXyx,YYXYYxYXyyxyyXX,1,38229,1000,15
ac19_26799,YXYXyx,YYXyXyXXXYYxxyx,1,38255,1000,16
ac19_26816,YXyXXyx,YYxyxYxyxYxyxYX,3,38289 98540 102687,1000,16
ac19_26832,YXXyx,YYYXYYxyyXyXyX,2,38315 137829,1000,16
ac19_26834,YXYXyx,YYXXyXyxyxxYx,2,38320 40420,1000,16
ac19_26870,YXyXXXyx,YYYxxxxxxyx,1,38386,1000,17
ac19_26875,YXyXXyx,YYxYXYxyxyx,6,38397 52424 54402 80388 106828 154308,1000,16
ac19_26887,YXXyx,YYXYxYxyyXyXyXYX,1,38418,1000,17
ac19_26889,YXXyx,YYYXYXyyXyyyXXX,2,38426 82700,1000,17
ac19_26898,YXyXXyx,YYYxyyxxYXXyxYx,2,38441 108533,1000,17
ac19_26921,YYXXyxx,YYXXYYxYxxYXX,1,38480,1000,19
ac19_26930,YXXyx,YYYYXyxxyxyxx,4,38494 40549 65945 93702,1000,15
ac19_26934,YXYXyx,YYYYXYYxYXXyxyXXX,2,38498 41202,1000,18
ac19_26963,YXXyx,YYYYXYXyxyyyxxx,2,38542 73267,1000,18
ac19_26976,YXXyx,YYYYXyyXyyXXyX,2,38566 86062,1000,16
ac19_27023,YXXyx,YYYXXXyyxyyXXX,1,38655,1000,16
ac19_27036,YXXyx,YYYYYYXyyyyxyx,3,38675 73435 144547,1000,18
ac19_27062,YXyXXXyx,YYYXyxYxxyXyx,2,38716 132113,1000,16
ac19_27077,YXYXyx,YYXYxyyXXyyxxxx,2,38742 148986,1000,17
ac19_27109,YXXyx,YYYYXyyxyXXyyxx,1,38795,1000,15
ac19_27118,YXXyx,YYYYYXyXyxyyXyyx,1,38819,1000,16
ac19_27125,YXYXyx,YYYYYxyXXXXYxyX,1,38827,1000,16
ac19_27133,YXYXyx,YYYYYXXyxyXXXYx,2,38846 155579,1000,17
ac19_27161,YXyXXXyx,YYxxxxYxyxxyXYX,1,38888,1000,17
ac19_27181,YXYXyx,YYYxyXXyXyxyx,2,38921 96549,1000,14
ac19_27186,YXYXyx,YYXXyyXyxxYxx,2,38928 90017,1000,16
ac19_27208,YXXyx,YYYYXYXyxyXyyXXX,1,38969,1000,17
ac19_27212,YXXyx,YYYXyXyyXXyX,5,38977 58033 121942 137168 138818,1000,13
ac19_27227,YXYXyx,YYYXyyxyXyxxx,1,39001,1000,14
ac19_27234,YXXyx,YYYYYXyyyXyxx,2,39015 55157,1000,15
ac19_27245,YXYXyx,YYYYYxyyXXXYYXX,1,39038,1000,17
ac19_27254,YXXXyXYx,YXXyxxxxyxx,1,39050,1000,13
ac19_27274,YXYXyx,YYYYYXyXXXYXX,3,39098 92122 149083,1000,17
ac19_27288,YXXyx,YYYXyyyXXXyXX,2,39126 130926,1000,16
ac19_27303,YXYXyx,YYYXXXXyyxxyx,2,39160 142985,1000,16
ac19_27316,YXXyx,YYYXyyXyyxYYxx,4,39190 90947 95713 121772,1000,13
ac19_27323,YXXyx,YYYXyXyXyXXXXXYX,2,39209 81240,1000,16
ac19_27331,YXXyx,YYYYYXyyxxyyyXYX,1,39226,1000,17
ac19_27438,YXYXyx,YYYXXXXXXYYxx,1,39427,1000,17
ac19_27463,YXYXyx,YYYYXyyXyyxxx,2,39474 149101,1000,17
ac19_27469,YXyXXyx,YYXXyyXyyXX,1,39486,1000,16
ac19_27476,YXYXyx,YYYxyxYXyXyXXYx,2,39494 53186,1000,16
ac19_27484,YXyXXyx,YYYXyxYxyxxyXX,1,39508,1000,17
ac19_27489,YXyXXyx,YYYxyyxxYXyXYxyx,2,39520 105772,1000,14
ac19_27514,YXXyx,YYYYXyyxyxyxYx,3,39560 64966 87777,1000,16
ac19_27520,YXXyx,YYYXyyxyxYxx,3,39567 58735 147240,1000,13
ac19_27527,YXXyx,YYXYYXyXyxyXXXX,2,39576 156207,1000,17
ac19_27530,YXYXyx,YYXYxyXXXXyyxxx,1,39580,1000,17
ac19_27544,YXYXyx,YYYxYXXyxyXXXYx,2,39600 98439,1000,16
ac19_27546,YXYXyx,YYYxyyXXyXXYx,4,39604 103439 104331 109125,1000,16
ac19_27554,YXXyx,YYYXYxyyyxxxxx,2,39613 92279,1000,17
ac19_27602,YXYXyx,YYYYxxYXyyXyX,4,39700 86559 126289 131028,1000,17
ac19_27624,YXXyx,YYYYXYxyXyyxyxx,2,39741 114729,1000,16
ac19_27631,YXYXyx,YYYXyXXyXXYYx,2,39752 82144,1000,18
ac19_27637,YXXyx,YYYXYxyyXyyxYx,3,39766 123472 140570,1000,14
ac19_27697,YXYXyx,YYYYYXyxyXyXXYx,2,39859 80011,1000,17
ac19_27734,YXXyx,YYXYXyyXyXyXXX,1,39926,1000,16
ac19_27752,YXYXyx,YYXXXXyyxxYYxyx,1,39953,1000,17
ac19_27773,YXYXyx,YYYYXyXXXyxxx,2,40012 83703,1000,15
ac19_27787,YYYXyxyyX,YYXyXXXXX,4,40035 88843 125897 127017,1000,16
ac19_27800,YXYXyx,YYXXXyXXYxYYxyx,2,40055 70654,1000,16
ac19_27803,YXXyx,YYYXyyxyyXXXXXX,2,40058 129303,1000,16
ac19_27810,YXYXyx,YYYYXXyXXXYxx,2,40068 79932,1000,16
ac19_27841,YXYXyx,YYYYxYYXXyxyXXX,2,40126 113713,1000,18
ac19_27848,YXyXXXXyx,YYxxYxyxyx,2,40136 88522,1000,17
ac19_27850,YXXyx,YYYXYYXyxyXyXyXX,2,40140 107068,1000,16
ac19_27858,YXXyx,YYYXYYxyyXXyXyX,2,40149 132177,1000,17
ac19_27922,YXyXXyx,YYXYxyXyxyxYXyx,2,40280 90458,1000,17
ac19_27945,YXYXyx,YYYYxxYXyxyyXXX,2,40312 151368,1000,17
ac19_27958,YXXyx,YYYYXYxyyyxxyx,5,40337 63181 78758 124326 149509,1000,16
ac19_27963,YXXyx,YYYYXYXyxxyyyXXX,2,40347 138984,1000,18
ac19_27997,YXYXyx,YYXyyXyyxYXyxxx,1,40406,1000,17
ac19_28022,YXXyx,YYYXyyxxyyXXXX,1,40446,1000,16
ac19_28053,YXYXyx,YYXXyyXyyxxxx,2,40503 56428,1000,18
ac19_28084,YXYXyx,YYYYxyyXyyyxx,2,40566 76154,1000,18
ac19_28111,YXXyx,YYYXyyxyyXyyXYYx,1,40616,1000,3
ac19_28112,YXYXyx,YYYYXXyyyyxxx,2,40618 123362,1000,18
ac19_28135,YXYXyx,YYYxYxyXXyyXX,2,40653 96891,1000,17
ac19_28148,YXXyx,YYXYYxyyXyxyyxxxx,1,40674,1000,18
ac19_28158,YXyXXyx,YYXYxyXyyxx,1,40686,1000,15
ac19_28184,YXXyx,YYYYXyyyxyyXXX,2,40732 125057,1000,17
ac19_28194,YXXyx,YYYXyyxxyyyXXYX,2,40753 140517,1000,17
ac19_28198,YXyxYXXyx,YYYXyxyxYXyxx,1,40762,1000,18
ac19_28200,YXXyx,YYYYXyyXyyXyxx,4,40767 44378 146693 156381,1000,14
ac19_28205,YXYXyx,YYYxxYYXyXXyX,1,40773,1000,17
ac19_28207,YXXyx,YYYXyyxyXyXyXYX,1,40776,1000,16
ac19_28219,YXYXyx,YYYXXXyXYXYxx,2,40799 100838,1000,16
ac19_28221,YXYXyx,YYYxyXXyyxx,6,40801 43159 55268 61168 65359 99783,1000,13
ac19_28235,YXXyx,YYYXYYxyyyxyXX,3,40821 59293 60001,1000,15
ac19_28248,YXXyx,YYYXYXyXyyyXXYX,1,40844,1000,17
ac19_28252,YXYXyx,YYYYYYXYxyXyXXX,2,40849 135536,1000,19
ac19_28258,YXYXyx,YYYYxyxxyXXXX,1,40858,1000,16
ac19_28267,YYXXyxx,YYxxxYXyX,1,40868,1000,13
ac19_28283,YXYXyx,YYYYYYYXyXXXX,2,40894 122134,1000,18
ac19_28291,YXXyx,YYYYXyyyXyyxx,3,40907 107676 132926,1000,16
ac19_28356,YXYXyx,YYYYXyXXXyyxx,1,41023,1000,17
ac19_28362,YXXyx,YYYXYYxyyXyyxxxx,1,41039,1000,17
ac19_28383,YXXyx,YYYXYYxYXyyyxyyx,1,41078,1000,17
ac19_28388,YXXyx,YYYXyyyxxyxYYx,1,41085,1000,16
ac19_28396,YXXyx,YYYYYXyXyxyXyX,3,41099 122195 123456,1000,15
ac19_28397,YXXyx,YYYXYxYXyyyXyXX,2,41100 45077,1000,17
ac19_28410,YXYXyx,YYXXyyXXXYxxx,2,41123 44807,1000,16
ac19_28417,YXXyx,YYYYXyyyXyxyXX,3,41132 85131 122853,1000,16
ac19_28428,YXXyx,YYYYYYXyxyXyxyyX,3,41149 48678 76428,1000,15
ac19_28445,YXXyx,YYYYYXyyXyxyx,4,41179 90096 90564 103860,1000,14
ac19_28453,YYXXXXXYx,YXYxYXyXX,2,41193 95940,1000,17
ac19_28464,YXyXXyx,YYXyyxxxYYx,1,41220,1000,16
ac19_28477,YXXyx,YYYXyxxyXyyxxx,1,41243,1000,15
ac19_28491,YXXyx,YYYYXyyyxyxyxx,3,41274 147256 156437,1000,17
ac19_28517,YXYXyx,YYYXYYYxyXXXX,1,41322,1000,16
ac19_28530,YXYXyx,YYXyXXXXYYxxxyx,1,41349,1000,18
ac19_28535,YXXyx,YYYXXXyyXyyXXYYX,2,41360 57945,1000,16
ac19_28537,YXXyx,YYXYxYxyxyXyXX,1,41365,1000,13
ac19_28539,YXYXyx,YYYXXXyXyyxxx,2,41369 94459,1000,17
ac19_28557,YXYXyx,YYYYxyXyXXXYx,2,41402 45083,1000,17
ac19_28573,YXXyx,YYYXyXyxyXyXXYYX,2,41437 50904,1000,16
ac19_28583,YXYXyx,YYYYxYxyXyyXX,2,41451 106038,1000,18
ac19_28591,YXYXyx,YYXyyXXyyxxxx,1,41470,1000,18
ac19_28604,YXXyx,YYYXyyxxyyxxxx,1,41503,1000,16
ac19_28605,YXXyx,YYYXyyxyxyxxxx,2,41505 123220,1000,17
ac19_28633,YXYXyx,YYYxYxxyXXXyX,2,41552 125036,1000,17
ac19_28649,YXYXyx,YYYYxyyXyXXYx,2,41579 145384,1000,17
ac19_28671,YXYxyXXyxYXyx,YYXXyxYXyxYXyx,2,41626 88499,1000,19
ac19_28673,YXyXXyx,YYYXyxxyXyX,2,41630 103420,1000,16
ac19_28679,YXXyx,YYYYXyxyyxxyyx,3,41640 100646 101499,1000,16
ac19_28682,YXXyx,YYYYXYxyXyyyyxYx,2,41646 101928,1000,18
ac19_28693,YXXyx,YYXYXyyXyyXXXXX,1,41668,1000,16
ac19_28696,YXXXyxx,YYXXyxYXyxYXyx,6,41677 99211 102712 135962 139334 143487,1000,20
ac19_28740,YXXyx,YYYXyxyXyyXXXXX,2,41740 143742,1000,17
ac19_28745,YXYXyx,YYYYxyXXyXXYx,2,41747 104668,1000,16
ac19_28747,YXYXyx,YYYXyXyyyxxxx,2,41756 95448,1000,18
ac19_28752,YXXyx,YYYYYXXYxyyxyyyx,2,41763 141696,1000,16
ac19_28754,YXXyx,YYYYXyyyXXX,5,41765 103434 121084 122661 141100,1000,16
ac19_28756,YXXyx,YYYXyyXXXyyxxx,1,41768,1000,13
ac19_28786,YXXyx,YYYXXYXyyxyxxx,1,41828,1000,16
ac19_28789,YXXyx,YYYYYXYXyyyyyX,2,41835 59013,1000,17
ac19_28796,YXYXyx,YYYXYxyyyXXXYxx,1,41845,1000,16
ac19_28797,YXYXyx,YYYYXXyxyyXXXYx,2,41846 96865,1000,17
ac19_28798,YXyXXXyx,YYXyxyXyX,3,41848 88001 136489,1000,16
ac19_28817,YXyXXyx,YYXyyxyXXXXyyX,2,41877 63040,1000,16
ac19_28820,YXYXyx,YYYYXXXXyyxxx,2,41887 154970,1000,17
ac19_28853,YXXyx,YYYYXYxyyyxyxx,3,41942 88541 131805,1000,17
ac19_28873,YXyXYxx,YYYYYXXYx,5,41979 103842 138127 141364 148121,1000,16
ac19_28878,YXYXyx,YYYxxxYXyxyXyXX,1,41991,1000,16
ac19_28879,YXyXXXyx,YYXyyXyXYxxyX,2,41992 53155,1000,16
ac19_28941,YXYXyx,YYYxyXXyXXyxYxx,2,42098 127700,1000,16
ac19_28953,YXyXXyx,YYxyxyxYXYx,5,42115 47075 52730 96753 137519,1000,14
ac19_29012,YXYXyx,YYYYYYxyXXXYXyX,1,42231,1000,17
ac19_29017,YXXyx,YYYYXyyxxxyxx,2,42240 51610,1000,15
ac19_29026,YXXyx,YYYYXYxyyxxyyx,3,42255 71530 96336,1000,15
ac19_29031,YXXyx,YYYXyyXXyXXXYX,1,42262,1000,16
ac19_29032,YXXyx,YYYYXyXXXyyXXX,1,42263,1000,16
ac19_29035,YYXXyxx,YYxYxxYXXYXX,1,42277,1000,18
ac19_29042,YXYXyx,YYXYxxxxyyXXyXX,2,42292 121621,1000,18
ac19_29050,YXXyx,YYYXYxyyyXyXYX,4,42309 84855 129734 150836,1000,16
ac19_29062,YXXyx,YYYYXyyxyyxxYX,2,42333 57800,1000,15
ac19_29074,YXXyx,YYXyxyXyXyXXYX,2,42358 115030,1000,16
ac19_29098,YXXyx,YYYYXyXyyyXyXX,2,42405 61723,1000,17
ac19_29103,YXXyx,YYYXXYxYxyyXyXyX,1,42413,1000,16
ac19_29114,YXYXyx,YYYYYxxyXXXyX,2,42434 47109,1000,17
ac19_29129,YXXyx,YYYXyxyXyXyXYYX,2,42462 114437,1000,17
ac19_29131,YXYXyx,YYYYXyyXXXXYx,2,42464 106484,1000,17
ac19_29146,YXXyx,YYYYXYxYXyyyxyyX,2,42487 130369,1000,15
ac19_29151,YXXyx,YYYXyyyXyyXXXYx,2,42496 65112,1000,17
ac19_29160,YXYXyx,YYXYxxYXyXXyX,4,42512 93844 105085 112324,1000,15
ac19_29172,YXXyx,YYXYYXyyxyyXXXXyX,1,42532,1000,16
ac19_29190,YXyXXyx,YYxYXyyxyXX,3,42558 103259 122999,1000,16
ac19_29230,YXXyx,YYXYYXyyXyxxxx,1,42629,1000,16
ac19_29268,YXYXyx,YYYXXyyXyyxxxyx,2,42697 82305,1000,18
ac19_29271,YXyXXyx,YYxYXXyyxyx,4,42700 78615 81519 90079,1000,16
ac19_29277,YXXyx,YYYYXyyXyXyXXYX,1,42712,1000,18
ac19_29297,YXXyx,YYYYXYxyXyyyxyyx,1,42760,1000,17
ac19_29314,YXyXXyx,YYYXyyXYXyXYxyyxyx,2,42790 106756,1000,17
ac19_29338,YXYXyx,YYYXXXXyyXYYx,2,42838 76078,1000,16
ac19_29344,YXyXXXXyx,YYXyyxxYxxYxyx,1,42846,1000,17
ac19_29352,YXXyx,YYYXYYXyxxyyyXX,1,42864,1000,16
ac19_29364,YXyXXyx,YYXyyxyXYXXyXyX,2,42893 107518,1000,15
ac19_29402,YXXyx,YYXYYXyyxxyxx,4,42966 47117 95777 124980,1000,14
ac19_29411,YXXyx,YYYYYXyxyyxyXyyx,1,42979,1000,16
ac19_29413,YXYXyx,YYYxxYxyyXXyX,2,42985 68941,1000,17
ac19_29420,YXXyx,YYYXyxyXyyXXX,2,42995 101791,1000,15
ac19_29442,YXXyx,YYYYYXXXyyyyXX,1,43035,1000,17
ac19_29448,YXXyx,YYYYYXyxyXyXyX,3,43046 103350 131384,1000,15
ac19_29463,YXYXyx,YYXyxyXyyXyyxYYxx,1,43065,1000,17
ac19_29471,YXXyx,YYYXYYxyyxyyxx,2,43073 53768,1000,16
ac19_29524,YXYXyx,YYYYXyyyXyyxx,2,43175 131312,1000,17
ac19_29525,YXXyx,YYYXyxyyXyyXYX,2,43181 89879,1000,16
ac19_29527,YXyXXyx,YYXXyXYXyyxxx,1,43185,1000,16
ac19_29534,YXXyx,YYXyxyxyxxYxYx,1,43198,1000,16
ac19_29535,YXXyx,YYYXyxyxxyyxxx,1,43199,1000,16
ac19_29537,YXXyx,YYYXYXyyyxxyyXX,1,43205,1000,15
ac19_29610,YXXyx,YYYYXyXyXyXXXX,2,43314 109266,1000,17
ac19_29625,YXYxyXXyx,YYXyxxYXyx,2,43337 124301,1000,16
ac19_29651,YXyXXyx,YYXYxyXyyXYxyxx,2,43386 146767,1000,15
ac19_29678,YXYXyx,YYXXyxyXyyXYxYYxx,2,43433 107193,1000,16
ac19_29693,YYXXYxyxx,YXXXyxxYxx,3,43457 71810 109794,1000,17
ac19_29712,YXXyx,YYYYYXyXyxyyyxyx,2,43485 75372,1000,17
ac19_29716,YXYXyx,YYYXYYxYXXXXX,1,43498,1000,16
ac19_29758,YXYXyx,YYYXXXXXyxxxx,2,43567 139379,1000,16
ac19_29763,YXXyx,YYYXyyyXyyXXYx,4,43586 49894 63449 114140,1000,16
ac19_29767,YXXyx,YYYXYxyyXyXXXX,2,43595 70805,1000,17
ac19_29781,YXYXyx,YYXyyXyXXYxYxyx,1,43617,1000,16
ac19_29787,YXXyx,YYXYYxyyxxxyxx,1,43631,1000,16
ac19_29791,YXYXyx,YYXYxyyXXyyxxYx,2,43636 53389,1000,16
ac19_29800,YXYXyx,YYXyXyyxxxxyx,1,43650,1000,15
ac19_29830,YXXyx,YYXYYxyXXyyxxxx,1,43705,1000,16
ac19_29844,YYXXXXXXyx,YYYXXXXXyyx,1,43736,1000,16
ac19_29845,YXyXXyx,YYXyxYYXyxYxyxyx,2,43737 120218,1000,15
ac19_29855,YXXyx,YYYYXyyXyXyyXX,4,43755 45531 89066 117756,1000,17
ac19_29862,YXXyx,YYYXYxYXyyxyyXXX,2,43767 152400,1000,18
ac19_29875,YXXyx,YYYXyyXXyXYXX,1,43791,1000,16
ac19_29887,YXYXyx,YYYYYxyxYXXyXXX,2,43810 76198,1000,17
ac19_29910,YXXyx,YYYYXyyxxxxyxx,1,43854,1000,16
ac19_29968,YXYXyx,YYYYYXyyyXXYx,1,43949,1000,16
ac19_29976,YXXyx,YYYYYYXXXyXyXyyXyX,1,43966,1000,17
ac19_29995,YXYXyx,YYxYXyyXyxyxx,3,44000 48609 140878,1000,16
ac19_30003,YXXyx,YYYYYXyxyXyyXyyX,1,44013,1000,17
ac19_30031,YXXyx,YYYYYXyXyXyXXyXX,1,44056,1000,17
ac19_30034,YXyXXyx,YYxyxyxYXXyyxYX,2,44065 148286,1000,14
ac19_30053,YXXyx,YYYXyxxyyxxxYx,1,44096,1000,16
ac19_30068,YXYXyx,YYXyXXXXyxxYx,2,44129 84108,1000,15
ac19_30087,YXXyx,YYYXyXyyxyXXX,2,44162 124975,1000,14
ac19_30089,YXYXyx,YYYYxxyyXXXYXYxyX,1,44165,1000,18
ac19_30100,YXXyx,YYYXYYXyXyxyXyX,1,44185,1000,15
ac19_30102,YXXyx,YYYXyyXXyXXYX,2,44195 78578,1000,16
ac19_30107,YXXyx,YYYXyyyXXXXXXXYX,1,44201,1000,16
ac19_30135,YXyXXyx,YYYXyXyyxxx,2,44259 82163,1000,17
ac19_30144,YXXyx,YYXYXYxyXyXyXXX,2,44274 96581,1000,17
ac19_30177,YXXyx,YYYYXyxyXyXyXyXX,1,44336,1000,17
ac19_30182,YXYXyx,YYYYYXyXyXXYx,2,44346 83761,1000,16
ac19_30183,YXYXyx,YYXXyyXXyxxYxxx,1,44349,1000,17
ac19_30201,YXyXXyx,YYYYxyyxx,6,44387 66613 68723 97401 126748 147714,1000,16
ac19_30207,YXXyx,YYYXXXyyxyxyxxxx,1,44400,1000,16
ac19_30210,YXYXyx,YYXXXXyXXYxYx,2,44408 67977,1000,16
ac19_30215,YXYXyx,YYYxYxyyXXXyX,1,44417,1000,17
ac19_30219,YXXyx,YYXYXYxYXyyXyyXXX,1,44421,1000,17
ac19_30221,YXYXyx,YYYYYXYxyXyXyXX,2,44423 59358,1000,17
ac19_30230,YXyXXyx,YYYxyyxYXyxx,4,44445 98326 118524 129937,1000,14
ac19_30253,YXXyx,YYYXyxyxyyXXX,5,44479 57379 116832 123614 156586,1000,14
ac19_30256,YXyxYXXyx,YYXyxyXXXyX,1,44484,1000,19
ac19_30284,YXYXyx,YYYXyXyXyxxYxyx,1,44533,1000,16
ac19_30321,YXyXXyx,YYYxyxxxxYXyx,2,44604 145800,1000,15
ac19_30325,YXyXXXyx,YYxyxyXXX,3,44611 80994 104973,1000,16
ac19_30326,YXXyx,YYYYXYYxyyXyxyyX,1,44614,1000,16
ac19_30362,YXXyx,YYXYYXyxyyXyyXX,2,44683 149100,1000,16
ac19_30381,YXYXyx,YYXyxyXyXXXYxxx,2,44715 114826,1000,16
ac19_30386,YXyXXXyx,YYYxxxyyx,2,44730 145816,1000,17
ac19_30402,YXYXyx,YYYxYxyyXXyXX,1,44751,1000,17
ac19_30407,YXYXyx,YYxYYxyXXyXYX,2,44763 121880,1000,15
ac19_30412,YXXyx,YYYXyyxyxxxxxYx,2,44775 146397,1000,17
ac19_30419,YXXyx,YYYXYYxyyXyxyXXX,2,44793 82151,1000,18
ac19_30423,YXYXyx,YYYxYxyXYXyXX,1,44797,1000,16
ac19_30427,YYXXXyxYx,YYXXyxYXyx,5,44802 56121 57555 138730 141401,1000,16
ac19_30428,YXXyx,YYYXyXyyXyXXX,5,44804 119872 140926 149793 150379,1000,15
ac19_30433,YXyxYXXyx,YYXyXXyXYYXyx,1,44817,1000,19
ac19_30435,YXXyx,YYYYXyXXyxyxxx,1,44819,1000,15
ac19_30439,YXyXXyx,YYxyxxxxYXyxxYX,1,44826,1000,17
ac19_30450,YXyXXyx,YYXYxxyyxx,1,44846,1000,16
ac19_30473,YXXyx,YYYYXyyXXXXyX,1,44890,1000,16
ac19_30479,YXYXyx,YYYYXyXXXYXYx,1,44901,1000,17
ac19_30494,YXXyx,YYYYXyXyXyxxyyyxYx,2,44928 62084,1000,18
ac19_30511,YXXyx,YYYYYXyyXyyyyx,2,44969 92804,1000,16
ac19_30537,YXyXXyx,YYXyXYxyxYxxyyX,2,45007 65958,1000,14
ac19_30540,YXYXyx,YYXyxYxxYXyXXXyxx,1,45010,1000,16
ac19_30561,YXYXyx,YYYXXXXyXyyxYYx,1,45045,1000,17
ac19_30564,YXYXyx,YYYYxyXyXXXYxyXYX,1,45049,1000,18
ac19_30578,YXXyx,YYYYXXXyyyXyyX,1,45073,1000,14
ac19_30668,YXYXyx,YYYYYxyXyxyXyXX,1,45275,1000,17
ac19_30725,YXXyx,YYYYXyXyxyyxyx,3,45371 120687 133507,1000,16
ac19_30726,YXyXXyx,YYXyyXyyXXYxxyX,2,45373 98565,1000,15
ac19_30737,YXXyx,YYYXXXyXyyyXXYYX,2,45391 104715,1000,17
ac19_30746,YXXyx,YYYXyxxyyXyXXXXX,2,45404 50681,1000,16
ac19_30753,YXXyx,YYYYYXyyyxxxyx,1,45416,1000,17
ac19_30754,YXXyx,YYYXyyXyyxxxxx,2,45417 108536,1000,17
ac19_30769,YXYXyx,YYXXYxxYxyXXXyX,2,45439 85311,1000,16
ac19_30777,YXYXyx,YYXyXYXXXyXXYxxYxyx,1,45456,1000,17
ac19_30806,YXXyx,YYYYYXyyyxyXXX,2,45515 118877,1000,17
ac19_30811,YXYXyx,YYYxxYXyyXyxYXyyX,2,45524 107192,1000,15
ac19_30818,YXyXXyx,YYXYXyxyyxx,1,45538,1000,17
ac19_30820,YYYXXXYxx,YXXYxxxyX,1,45543,1000,17
ac19_30829,YXXyx,YYXYYXyxxyyXXXX,2,45557 66181,1000,16
ac19_30863,YXXyx,YYYXYxyxyXXyXX,1,45625,1000,15
ac19_30867,YXXyx,YYYXyyXyxxyxYYx,1,45630,1000,17
ac19_30876,YXXyx,YYYXyyxyxyxYYx,3,45646 109116 112404,1000,17
ac19_30896,YXXyx,YYYYYXyXyxyXyXXX,2,45686 90095,1000,17
ac19_30925,YXYXyx,YYXXyXXyyxxxx,2,45741 120988,1000,17
ac19_30943,YXXyx,YYYXYXyxxyyXyXYX,2,45770 130385,1000,16
ac19_30952,YXXyx,YYYYXYXyyyXyXX,2,45788 119045,1000,17
ac19_30965,YXYXyx,YYYxYYxyXyXXX,3,45812 49565 83993,1000,18
ac19_30989,YXYXyx,YYYYYxyyyyXXX,2,45850 67929,1000,17
ac19_31002,YXXyx,YYYYXyyyyxxxYx,2,45874 152805,1000,17
ac19_31005,YXXyx,YYYXyyXyyXXXX,2,45878 64373,1000,16
ac19_31009,YXyXXyx,YYYxxYXyyxxyXX,1,45885,1000,17
ac19_31011,YXXyx,YYYXyyxxYxyxx,2,45888 62194,1000,13
ac19_31036,YXXyx,YYYXyXyxyxyxxx,1,45930,1000,16
ac19_31106,YYXYXyXyX,YXyxYXyxx,2,46087 124206,1000,17
ac19_31115,YXYXyx,YYYxxyXXXyyxx,2,46109 54980,1000,16
ac19_31129,YXYXyx,YYxYXYxYXyxyXXyyXyx,2,46140 49596,1000,16
ac19_31130,YXyXXyx,YYXyXYYxxyxyxx,1,46143,1000,17
ac19_31134,YXYXyx,YYYYxyXYXyXXX,1,46149,1000,15
ac19_31145,YXYXyx,YYYxyXXyyyxYx,2,46163 122494,1000,16
ac19_31203,YXXyx,YYYXyyyxxxYxxx,1,46255,1000,16
ac19_31213,YXXyx,YYYYYXyxyXyyX,7,46280 50559 54061 67247 81381 141178 141570,1000,13
ac19_31244,YXXyx,YYYXYYXyyxxyyx,3,46338 46776 66829,1000,14
ac19_31276,YXYXyx,YYXyXXyyxxYxxYX,1,46396,1000,17
ac19_31287,YXXyx,YYYXyxyyxyxYYx,3,46421 71086 123370,1000,16
ac19_31291,YXXyx,YYXYxYYXyxyXyXyX,1,46434,1000,16
ac19_31299,YXYXyx,YYXyyXXXYYxYx,1,46445,1000,17
ac19_31313,YXXyx,YYYXYXyyxyyXyXX,2,46477 64665,1000,17
ac19_31321,YXXyx,YYYYXYxyyXyyyxYx,1,46496,1000,17
ac19_31335,YXYXyx,YYXYYxYxyXyXX,1,46522,1000,16
ac19_31347,YXyXXyx,YYYXyyxyXYxyX,2,46544 59859,1000,16
ac19_31348,YXYXyx,YYYYYxyyXyXXX,1,46546,1000,18
ac19_31359,YXyXXyx,YYYXyxyxxYxxx,1,46568,1000,18
ac19_31375,YXXyx,YYYYXYYXyXyyxyyX,1,46601,1000,16
ac19_31378,YXXyx,YYYXyXXyyxyxxx,1,46609,1000,15
ac19_31414,YXYXyx,YYYYYXYXYxxyXyXXX,1,46668,1000,17
ac19_31416,YXYXyx,YYXyyXYXyyxxx,1,46671,1000,13
ac19_31425,YXXyx,YYYYXyyxyXyXXyX,1,46684,1000,16
ac19_31429,YXYXyx,YYYXYxyXXyyyXyxYx,1,46690,1000,17
ac19_31432,YXXyXYxxx,YYYYYYxxyX,3,46697 121811 132818,1000,16
ac19_31435,YXYXyx,YYXYxxyXXyXXXYx,1,46703,1000,17
ac19_31439,YXXyx,YYXYXYYxyyXyyXXX,1,46707,1000,17
ac19_31462,YXXyx,YYYXyyxyXyxxxx,1,46744,1000,15
ac19_31475,YXXyx,YYYYXyyXyyyXX,3,46763 107234 140026,1000,16
ac19_31498,YXXyx,YYYYXyyyyxYxxxx,1,46815,1000,18
ac19_31500,YXXyx,YYYYXYYxyyyXyXyX,2,46818 55144,1000,19
ac19_31515,YXYXyx,YYYXYYxxyXXXX,2,46853 47633,1000,17
ac19_31524,YXXyx,YYYYYXYxyXyyyxyx,1,46870,1000,18
ac19_31528,YXXyx,YYXXYXyxyXyyXX,1,46876,1000,15
ac19_31537,YXXyx,YYYXXYYxyxyyxxyx,2,46892 115927,1000,16
ac19_31538,YXYXyx,YYYxxxYXyXyyX,2,46893 114118,1000,16
ac19_31544,YXYxYXXyx,YYXyyxYXyyx,1,46906,1000,19
ac19_31546,YXXyx,YYYXYxyyXXyXXX,2,46913 48670,1000,16
ac19_31559,YXXyx,YYYYXyyyXyXYX,5,46930 63906 76211 99260 130596,1000,16
ac19_31563,YXyXXXyx,YYxYXyxYxyxyX,2,46940 74320,1000,16
ac19_31575,YXXyx,YYYXyXXyXyXXYX,1,46964,1000,16
ac19_31579,YXYXyx,YYXXXXyXXYYxx,2,46973 107145,1000,17
ac19_31580,YXYXyx,YYYXYxyXXXXXXYx,1,46974,1000,18
ac19_31598,YXXyx,YYYYXyXyyyxxYx,3,47015 71141 102819,1000,17
ac19_31602,YXYXyx,YYYYYXyXXXXYx,1,47025,1000,18
ac19_31623,YXXyx,YYYYXXXyXyyXyyXX,2,47066 64573,1000,17
ac19_31624,YYXyxYXXyx,YXyxYXXYxyXyx,2,47067 132355,1000,19
ac19_31625,YXXyx,YYYYYXyXXXyyyX,1,47069,1000,15
ac19_31631,YXXyx,YYYYXyxxyyyXXYX,1,47077,1000,17
ac19_31660,YXXyx,YYYXYxyxyyxxxx,2,47135 80743,1000,16
ac19_31680,YXYXyx,YYYXXyXyyxxxyxx,2,47170 86368,1000,18
ac19_31682,YXYXyx,YYYXXyxyyXyxxxx,1,47173,1000,17
ac19_31694,YXXyx,YYYXyyxyxxYx,4,47193 106604 106722 125039,1000,14
ac19_31699,YXXyx,YYYYYXyxyXXyyX,1,47207,1000,15
ac19_31704,YYXXyxx,YYYYXXYYxxxxYX,1,47216,1000,19
ac19_31724,YXYXyx,YYYYYXYYxyXyXXX,2,47253 102970,1000,18
ac19_31735,YXXyx,YYYXYYxyyyxxxxyx,1,47278,1000,18
ac19_31772,YXYXyx,YYYXyXXXXXYYx,2,47347 143739,1000,17
ac19_31782,YXYXyx,YYYYYYXXXXXXX,1,47363,1000,17
ac19_31820,YXXyx,YYYYXYxyyyXyX,3,47443 141103 141930,1000,16
ac19_31833,YXYXyx,YYXXYYxxyXXyX,1,47472,1000,14
ac19_31841,YXXyx,YYYYXyyXyXXXXX,1,47491,1000,18
ac19_31852,YXXyx,YYXYYxyyxyxyyxxx,2,47511 154515,1000,17
ac19_31863,YXXyx,YYYYXyyxxxyx,3,47531 111882 140942,1000,14
ac19_31866,YXXyx,YYYXYYxyxyyyXXXX,1,47536,1000,17
ac19_31868,YXYXyx,YYXXyXyyxxYxxyx,1,47541,1000,18
ac19_31872,YXYXyx,YYYXXXyXyxxYx,2,47546 103204,1000,16
ac19_31892,YXYXyx,YYXyXXyyxxxyx,2,47577 96241,1000,15
ac19_31907,YXYXyx,YYXYxyXXXyXXYxx,3,47608 53005 109712,1000,16
ac19_31951,YXYXyx,YYXXyXXXYxYYx,1,47684,1000,17
ac19_31954,YXXyx,YYYYXyXyxyxyyxxx,2,47691 88111,1000,18
ac19_32003,YXXyx,YYYYXyXyyxxxxx,2,47782 127580,1000,17
ac19_32017,YXyXXyx,YYYXyXYxxyxxx,1,47803,1000,17
ac19_32023,YXXyx,YYYXyyxyyXXYYX,2,47814 49901,1000,16
ac19_32026,YXYXyx,YYYYXyXXyyxxx,2,47820 124229,1000,17
ac19_32031,YXXXyxx,YYXyxYXXyxYxyX,4,47835 71946 72728 85132,1000,20
ac19_32044,YXYXyx,YYXYxxyXyXXYx,3,47861 75001 141317,1000,14
ac19_32100,YXXyx,YYXYXyyXyXXXYx,1,47988,1000,15
ac19_32101,YXYXyx,YYYYxyxYXyyXyXX,1,47990,1000,17
ac19_32107,YXXyx,YYYXYYxyXyxyxyxx,2,48001 112912,1000,17
ac19_32124,YXyXXyx,YYXYxxyyxYx,2,48026 93560,1000,16
ac19_32132,YXyXXyx,YYxYxyxxyxxYX,1,48046,1000,17
ac19_32133,YXYXyx,YYYXyxyXXXYYx,2,48047 144835,1000,15
ac19_32134,YXXyx,YYYXyxyyXyxyXYXX,1,48051,1000,16
ac19_32154,YXXyx,YYYYXYxyXyyxyyyX,1,48084,1000,16
ac19_32176,YXyXXXyx,YYxYXyxxxyx,1,48137,1000,17
ac19_32177,YXXyx,YYYYYXyXXyyXyXX,2,48138 52027,1000,18
ac19_32181,YXXyx,YYYXYYXyyXyyXX,2,48143 58324,1000,18
ac19_32183,YXyXXyx,YYXYxyxxxxx,2,48146 151798,1000,17
ac19_32203,YXXyx,YYYXYxyyyxyyXX,4,48187 82053 107831 149242,1000,16
ac19_32222,YXXyx,YYYXyyXyXXyXXX,1,48223,1000,16
ac19_32235,YXYXyx,YYXyXYXXyXXyXYxxxYxyx,1,48239,1000,17
ac19_32247,YXXyx,YYYYYYYXyyyyyXyx,3,48262 123790 153236,1000,16
ac19_32268,YXYXyx,YYYYYxyxYXyXXXX,2,48309 61107,1000,17
ac19_32282,YXyXXyx,YYxYxxyxxyXYX,2,48339 120666,1000,16
ac19_32290,YXYXyx,YYYXyXXXyxyxx,1,48354,1000,15
ac19_32312,YXXyx,YYYXXYXyyyXXXX,1,48394,1000,16
ac19_32343,YXyXXXyx,YYxyxyXYXyXYxyX,2,48461 72820,1000,16
ac19_32354,YXYXyx,YYXYxyyXXyyXyxYYx,2,48491 109263,1000,16
ac19_32356,YXYXyx,YYYXyyXXXYXYx,2,48497 90694,1000,16
ac19_32359,YXXyx,YYYXYXyyyXXX,4,48502 76028 95172 122644,1000,15
ac19_32397,YXXyx,YYYYXyXyyXyXXYX,1,48570,1000,17
ac19_32410,YXYXyx,YYYXyXyyxxx,5,48592 84907 91321 103845 119745,1000,14
ac19_32411,YXYXyx,YYXYYxYYXXXXX,1,48598,1000,16
ac19_32414,YXYXyx,YYYXyXXyxyxxx,2,48603 92856,1000,16
ac19_32418,YXXyx,YYXyXyxyXyXXXXYX,2,48608 106752,1000,17
ac19_32421,YXXyx,YYYXyXyxyxyxxxx,1,48616,1000,16
ac19_32472,YXYXyx,YYYXXyyXXXYxx,2,48724 151743,1000,16
ac19_32507,YXXyx,YYYXyyXyxyXXXXXX,2,48792 147873,1000,16
ac19_32538,YXyXXyx,YYYYxyyxYXyxx,2,48853 134440,1000,17
ac19_32551,YXYXyx,YYYYxyxYXyyXXyX,1,48885,1000,16
ac19_32570,YXyXXyx,YYYxyyXyxYYxxxx,2,48925 110104,1000,15
ac19_32585,YXYXyx,YYYYxYYXyxyXyXX,2,48962 71442,1000,18
ac19_32599,YXyXXyx,YYYYxyyxyx,1,48994,1000,17
ac19_32603,YYXXyxx,YYYYxxxYXXXX,1,49002,1000,19
ac19_32605,YXyXXXyx,YYxYxyxyx,4,49006 51161 137349 144000,1000,13
ac19_32612,YXyXXXyx,YYXyXYxYxyxyx,2,49019 133830,1000,16
ac19_32626,YXYXyx,YYYxYYXyxyyXXyX,2,49045 72758,1000,17
ac19_32647,YXYXyx,YYYxxYXyyXXyX,4,49094 65956 93163 97197,1000,17
ac19_32651,YXYXyx,YYYXYYxyXXyXX,1,49098,1000,16
ac19_32652,YXyXXyx,YYXyXyyxxYX,3,49102 87599 121224,1000,16
ac19_32669,YXyXXXyx,YYxYXyyxxxx,1,49147,1000,17
ac19_32706,YXXyx,YYYYXXXyyXyyXXYX,1,49225,1000,17
ac19_32707,YXyXXyx,YYXYXyyxxx,2,49227 67762,1000,17
ac19_32734,YXYXyx,YYYXyXXyXyxxx,2,49275 112867,1000,16
ac19_32774,YXXyx,YYYYXyxyyyxyXX,7,49346 62273 62934 85498 86039 115450 116047,1000,15
ac19_32789,YXYXyx,YYYXYxyXXXyyXYx,1,49376,1000,15
ac19_32812,YXYXyx,YYXyXXyXYYxYxyx,1,49422,1000,16
ac19_32827,YXYXyx,YYYYxyyyXyyxx,2,49449 102551,1000,17
ac19_32860,YXYXyx,YYXyXXXXyXYxxxx,2,49513 72366,1000,16
ac19_32866,YXXyx,YYYXYXyyXyXXX,2,49523 138521,1000,16
ac19_32876,YXXyx,YYYYXYXyyyxxyyyX,1,49538,1000,15
ac19_32878,YXYXyx,YYXXyXyXYxYxxyx,2,49541 54622,1000,14
ac19_32881,YXYXyx,YYYxYYXyXXyyX,1,49545,1000,16
ac19_32909,YXXyx,YYYXYYXyxyyyXX,2,49594 151143,1000,17
ac19_32924,YXYXyx,YYYXXyyXyyxxx,2,49630 118669,1000,17
ac19_32939,YXXyx,YYXyyxyXyxxxxYx,2,49665 141297,1000,16
ac19_32940,YXYXyx,YYXyXXXXYxxxx,2,49667 88005,1000,16
ac19_32953,YXYXyx,YYYXyxyXXXXYx,2,49696 148854,1000,14
ac19_32955,YXXyx,YYXXXyyXyXXYYx,1,49698,1000,14
ac19_32966,YXYXyx,YYYYxyxYxyXXXyX,1,49724,1000,16
ac19_32982,YXXyx,YYYXyyxyyXXXX,2,49755 125241,1000,16
ac19_32987,YXXyx,YYYXXXyyyXXYX,2,49765 72610,1000,14
ac19_32994,YXXyx,YYYYXYxyyXyyxx,1,49781,1000,15
ac19_32998,YXyXXXyx,YYXXyyxxx,1,49790,1000,16
ac19_33008,YXXyx,YYYYXyxyXyyXyX,3,49807 108208 129776,1000,15
ac19_33025,YXYXyx,YYYXXXYXXXYYx,1,49839,1000,16
ac19_33044,YXYXyx,YYYXXyxyyXXXYYx,2,49892 86728,1000,17
ac19_33053,YXYXyx,YYYXYxxyXXXyX,2,49915 99981,1000,15
ac19_33080,YXYxxYXyxYXyx,YYxYXYxxYXyxyX,1,49960,1000,20
ac19_33083,YXXyx,YYYYYXyXyxyxyx,2,49972 69156,1000,16
ac19_33086,YXYXyx,YYYXXXyXXYxYx,2,49975 97153,1000,17
ac19_33092,YXyXXXyx,YYxyxxyXXYxyX,1,49991,1000,16
ac19_33096,YXYXyx,YYYxYxYXyxyXXyX,2,50000 112880,1000,17
ac19_33097,YXyXXyx,YYxYXyxyxYXyxyXYxyX,2,50001 99261,1000,15
ac19_33136,YXXyx,YYYXyxyyxxyxxx,1,50066,1000,16
ac19_33138,YXYXyx,YYXyxYxxxYXyXXXXyxx,1,50069,1000,17
ac19_33177,YXyXXyx,YYXXXyXyxyxyX,2,50140 133184,1000,16
ac19_33204,YXYXyxYXXyx,YYxyXYxyXYxyXX,1,50183,1000,18
ac19_33205,YXYXyx,YYXYxxxyXyXyX,2,50184 100893,1000,14
ac19_33356,YXXyx,YYYYXYxyyyXXyX,1,50482,1000,16
ac19_33358,YXYXyx,YYYxxyXXXyXYx,1,50490,1000,15
ac19_33360,YXYXyx,YYYxyxYXyXXyyxx,1,50492,1000,16
ac19_33371,YXyXXXXyx,YYXyXYxxyyX,2,50508 111182,1000,16
ac19_33381,YXYXyx,YYYYXXyxyXXyxxx,1,50531,1000,16
ac19_33387,YXXyx,YYYYYXXXyyyyxxx,2,50546 72795,1000,18
ac19_33390,YXyXXXXyx,YYXyXYxyxyx,2,50552 150387,1000,16
ac19_33400,YXXyx,YYYYYXyyyxxxyxx,2,50569 152290,1000,17
ac19_33403,YXyXXXyx,YYYxxyxYxyXyX,2,50576 71214,1000,17
ac19_33465,YXXyx,YYYYXyyxyyyXXX,2,50712 103958,1000,18
ac19_33475,YXXyx,YYXyXyxyXyXXXYX,2,50735 61708,1000,16
ac19_33491,YXYXyx,YYYxYXyXyyyxx,2,50770 112442,1000,18
ac19_33498,YXYXyx,YYXyXyXyyxxxxyx,2,50782 114984,1000,17
ac19_33514,YXyXXXyx,YYxyxyXYXyXyXXX,1,50807,1000,18
ac19_33521,YXXyx,YYYXyyXyXyXyXXYX,1,50826,1000,17
ac19_33555,YXYXyx,YYXXXXyyxxYxxyx,2,50890 92593,1000,17
ac19_33559,YYYXXXXyX,YYxYXyXXyX,1,50895,1000,14
ac19_33564,YXYXyx,YYxYxyXXyyXYX,1,50905,1000,16
ac19_33566,YXXyx,YYYXyyXyxxxxYx,2,50907 133508,1000,16
ac19_33567,YXXyx,YYYYYXyxyyyXYxyX,1,50908,1000,16
ac19_33571,YXyXXXyx,YYXyXyxyX,5,50918 51934 56063 59496 110251,1000,13
ac19_33636,YXYXyx,YYYXXXYXXyXYx,1,51065,1000,13
ac19_33640,YXXyx,YYYYXYXyXyXyyXX,2,51076 74194,1000,17
ac19_33646,YXXyx,YYYXyxyXyyxxxx,1,51091,1000,16
ac19_33647,YXXyx,YYXYYxyXyxyyxxYx,2,51092 125257,1000,16
ac19_33673,YXXyx,YYYXYXyyxxxyxx,1,51141,1000,16
ac19_33674,YXYXyx,YYYXXXXyXYYYxyx,2,51143 119054,1000,17
ac19_33691,YXYXyx,YYxYXyXYXyyXyxx,1,51181,1000,16
ac19_33711,YXYXyx,YYXXXXyXyxxxx,2,51217 79178,1000,17
ac19_33715,YXYXyx,YYXXyXYXXXYYx,1,51230,1000,16
ac19_33717,YXYXyx,YYXyXXXXYYxYx,2,51236 102103,1000,18
ac19_33728,YXYXyx,YYYXXyxyXXXYxYx,2,51249 105176,1000,17
ac19_33739,YXYXyx,YYYYXXyXXXYYx,2,51280 125785,1000,17
ac19_33761,YXYXyx,YYXXXXXXXYxYx,2,51329 106871,1000,17
ac19_33783,YXyXXyx,YYYYxyxyxYXyXYxyx,2,51377 136981,1000,16
ac19_33800,YXXyx,YYYYXyyyxxyxYx,1,51410,1000,17
ac19_33803,YXyXXXyx,YYYxxxxxyxx,1,51413,1000,17
ac19_33811,YXXyx,YYYXYYxyXyyyxyyx,1,51437,1000,16
ac19_33814,YXYXyx,YYXyxyXXXXXYxYx,2,51440 75010,1000,17
ac19_33834,YXXyx,YYYXyyXyxxYxx,3,51487 72957 129956,1000,13
ac19_33848,YXYXyx,YYXXXXXXYxYYxyx,1,51531,1000,17
ac19_33849,YXXyx,YYXYYXyyxxyxyyxx,1,51532,1000,16
ac19_33862,YXYXyx,YYYXYYXXXXXXXYx,1,51561,1000,17
ac19_33892,YXYXyx,YYYxYXyyXyyxx,2,51638 79405,1000,17
ac19_33899,YXXyx,YYYYXyyxxyxxxx,1,51647,1000,17
ac19_33905,YXyXXXXyx,YYXXyXXyyX,2,51660 139189,1000,16
ac19_33908,YXYXyx,YYYYXyxyXXXyyxx,2,51663 94792,1000,16
ac19_33919,YXXyx,YYYYXyxxyyyxyyXYXX,1,51684,1000,18
ac19_33933,YXYXyx,YYYXYxyyyXyyxxx,2,51709 54904,1000,17
ac19_33936,YXYxxYXyx,YYxyXYxxyX,3,51716 86073 145226,1000,16
ac19_33941,YXYXyx,YYYYxxyXyyXXX,2,51728 95144,1000,17
ac19_33968,YXXyx,YYYXyxyyXyXXYYX,2,51773 153283,1000,16
ac19_33979,YXXyx,YYYYXyXyyXYXyX,2,51794 127662,1000,14
ac19_33981,YXXyx,YYXYxYXyxyyXXX,2,51801 146817,1000,16
ac19_33982,YXXyx,YYYYXyxxyyxyyx,4,51803 52263 126121 140545,1000,13
ac19_33995,YXYXyx,YYXXyxyXXXYxxYx,2,51829 90350,1000,15
ac19_34001,YXXyx,YYYXYXXXyyXyyyXX,1,51838,1000,16
ac19_34005,YXYXyx,YYXyxyXyXXYxYxx,2,51845 153921,1000,16
ac19_34028,YXXyx,YYYXyyxyyXXXYYX,2,51886 65592,1000,17
ac19_34041,YXXyx,YYYXyyxyXyxxxxxx,2,51907 83737,1000,17
ac19_34051,YXYXyx,YYXYxxYxyyXXyXX,1,51924,1000,17
ac19_34086,YXYXyx,YYXXXXXYYxx,4,51997 97513 139638 151384,1000,15
ac19_34117,YXyXXyx,YYxxyxyxxYXYx,1,52058,1000,17
ac19_34139,YXYXyx,YYXYYxYXyXXXX,2,52110 81891,1000,17
ac19_34172,YXYXyx,YYXYxyyXyyxxx,2,52177 80312,1000,14
ac19_34175,YXYXyx,YYXXXyXXXYYxx,2,52183 150022,1000,17
ac19_34180,YXYXyx,YYXyyXyyxxxYx,2,52191 121135,1000,17
ac19_34210,YXXyx,YYYXyxyXyXXXYX,1,52246,1000,17
ac19_34234,YXYXyx,YYYYYXYxyXXXyXX,1,52298,1000,17
ac19_34254,YXYXyx,YYXyyxyXyyxxx,1,52339,1000,16
ac19_34257,YXYXyx,YYYYxxYXyxyXXyX,1,52342,1000,16
ac19_34315,YXXyx,YYYXYxyxyxyyXyXXX,2,52464 117462,1000,17
ac19_34322,YXYXyx,YYXYxxyyXXXXYxx,1,52483,1000,17
ac19_34336,YXXyx,YYYYXyyyXyxxYx,3,52509 94750 150731,1000,16
ac19_34341,YXXyx,YYYXyxxyyyxyXXYX,1,52520,1000,16
ac19_34366,YXXyx,YYYXXYYxyyxyyxx,1,52564,1000,15
ac19_34372,YXYXyx,YYYXYxyXyXXyyxx,1,52575,1000,16
ac19_34375,YXYXyx,YYXYxyXXXyyxYxx,2,52579 103857,1000,16
ac19_34379,YXXyx,YYYXYxYxyyxyyxx,1,52592,1000,17
ac19_34396,YXXyx,YYXYYxyyXyxxxx,1,52623,1000,16
ac19_34414,YXXyx,YYXYXyyXyyxxYxYx,1,52661,1000,17
ac19_34421,YXYXyx,YYYXXyXXyxxxx,2,52677 110587,1000,15
ac19_34439,YXYXyx,YYYxyxYYXyXXyXX,2,52718 59741,1000,18
ac19_34440,YXYXyx,YYYXYxYXyXXXX,2,52721 83251,1000,16
ac19_34468,YXXyx,YYXYXyyxyxxxxYx,2,52773 142748,1000,16
ac19_34485,YXYXyx,YYYYXXyxyXXXXYx,2,52813 56572,1000,17
ac19_34533,YYXXXyXX,YYXyyxYxxyX,12,52897 55546 59743 63331 82559 85209 85767 101470 110762 138397 141166 141974,1000,17
ac19_34549,YXyXXyx,YYYXXyxyxyx,1,52923,1000,17
ac19_34584,YXXyx,YYYYXYxyyyxyXX,3,52980 92706 99248,1000,16
ac19_34596,YXXyx,YYYXYYXyyyxxxxyx,1,53001,1000,17
ac19_34611,YXyXXyx,YYYXyxYxyxyx,3,53037 65691 119462,1000,15
ac19_34615,YYXXyyXYx,YYXXXyxYX,1,53041,1000,16
ac19_34632,YXYXyx,YYYXyXXyXYYxx,1,53073,1000,16
ac19_34644,YXXyx,YYYYXyxyyXyyxx,3,53101 83407 129267,1000,16
ac19_34725,YXXyx,YYYXYxYxyyyXyX,2,53262 96064,1000,16
ac19_34737,YXXyx,YYXyyxxyxxYYxx,1,53284,1000,16
ac19_34768,YXYXyx,YYXYxyXyXyyxYxx,2,53350 153769,1000,15
ac19_34777,YXXyx,YYYXYxYXyxyyyXX,2,53365 108672,1000,16
ac19_34787,YXYXyx,YYXXXyyXyxxxx,1,53384,1000,16
ac19_34796,YXyXXyx,YYYxyxxyxYXXyx,2,53402 89462,1000,15
ac19_34799,YXXyx,YYXYYxyXXyyxyyxxx,2,53407 112578,1000,17
ac19_34811,YXXyx,YYYYXyXyXyxxxx,2,53424 69874,1000,16
ac19_34816,YXyXXyx,YYYXyxyxxYx,2,53433 121129,1000,17
ac19_34819,YXyXXyx,YYXyyxyXXYxyXyX,2,53439 153230,1000,16
ac19_34848,YXYXyx,YYXXXyXyyxxxx,1,53486,1000,17
ac19_34849,YXYXyx,YYYYYXyxyyXXXYx,2,53489 110287,1000,17
ac19_34882,YXXyx,YYXYXXYxyyXyXX,1,53564,1000,14
ac19_34887,YXXyx,YYYYXXXyyxyyyXX,1,53573,1000,16
ac19_34892,YXyXXyx,YYXYxxxyXXyyX,1,53586,1000,16
ac19_34897,YXXyx,YYYXyyXyxxxyxx,1,53596,1000,15
ac19_34909,YXYXyx,YYXYxxyXXyXXYxx,1,53621,1000,16
ac19_34915,YXYXyx,YYYYxxyyXXX,4,53631 102590 115662 140628,1000,16
ac19_34939,YXyXXyx,YYYXyyxxxyX,1,53687,1000,15
ac19_34959,YXYXyx,YYYXYxYXyXXyX,3,53727 128446 152592,1000,15
ac19_34961,YXXyx,YYYXXXyXyyyxxxYYx,2,53729 141679,1000,18
ac19_34965,YXXyx,YYYYXyxyXyyxyxx,1,53736,1000,17
ac19_34966,YXYXyx,YYYxYxyXXXyXX,3,53737 69427 121168,1000,17
ac19_34971,YXXyx,YYYXXYXyyyxyyxxx,2,53746 129852,1000,17
ac19_34987,YXXyx,YYYYXyyyxyXyxxx,1,53780,1000,17
ac19_35021,YXXyx,YYYXyyXyyXXYYx,3,53842 86385 150695,1000,15
ac19_35027,YXXyx,YYYYXyyyXXXyyX,1,53851,1000,16
ac19_35045,YXYXyx,YYYYYXyXyXyxx,2,53895 132606,1000,15
ac19_35050,YXYXyx,YYYYYYXyXyyXX,1,53913,1000,17
ac19_35060,YXXyx,YYYYXYxyyXyyXXX,1,53937,1000,17
ac19_35067,YXYXyx,YYXYxxxYXyyXyXX,2,53952 58019,1000,17
ac19_35070,YXyXXXXyx,YYXyyxxYXXyxx,1,53955,1000,17
ac19_35087,YXYXyx,YYYXYxyXyyXXYxx,1,54001,1000,15
ac19_35093,YXYXyx,YYYYYXXYXXXXX,2,54013 106678,1000,16
ac19_35097,YXYXyx,YYYXyXXXyyxxx,2,54027 140641,1000,17
ac19_35106,YXYXyx,YYYYXyyXXXXYxYX,2,54047 127303,1000,17
ac19_35108,YXYXyx,YYYXYxyyXXyXXYx,1,54052,1000,17
ac19_35124,YXYXyx,YYYXyxyyXyXyxxx,1,54077,1000,17
ac19_35142,YXXyx,YYYYYXyxyyyXyyx,1,54101,1000,16
ac19_35153,YXYXyx,YYYXXXXyXYxYx,2,54119 102328,1000,16
ac19_35155,YXYXyx,YYYXyyxyXXXXYYx,1,54121,1000,18
ac19_35156,YXYXyx,YYXYxyXyXyyxxxx,2,54124 57610,1000,18
ac19_35165,YXXyx,YYYYXyyyxyXXYX,3,54143 81061 135589,1000,16
ac19_35173,YXYXyx,YYXyXXXXXYxYx,2,54159 72091,1000,17
ac19_35204,YXYXyx,YYXXyyXXyxxxx,1,54219,1000,16
ac19_35236,YXXyx,YYYYXyyyyXXYx,3,54281 81182 108924,1000,16
ac19_35246,YXYXyx,YYXXXyXXYXYYx,2,54303 153583,1000,17
ac19_35247,YYYXyxyyX,YYxxxxxyx,1,54304,1000,16
ac19_35254,YXYXyx,YYYYxyXXXXYXX,2,54316 83292,1000,17
ac19_35274,YYXXyxx,YYYXXYYxxxYXX,2,54354 127660,1000,19
ac19_35293,YXyXXyx,YYYXyyyXXyxyX,2,54396 68847,1000,17
ac19_35331,YXXyx,YYYYXyyxxyyxYx,1,54474,1000,16
ac19_35377,YXXyx,YYYXyyXyXyxxxx,2,54559 91157,1000,15
ac19_35421,YXyxYXXyx,YYXYxyXyxxx,1,54649,1000,17
ac19_35455,YXXyx,YYYXyyyxyxxxYYx,1,54712,1000,17
ac19_35464,YXyXXyx,YYxYXyxYxxxyxyXYX,1,54735,1000,18
ac19_35486,YXYXyx,YYYxyyXyXyyxx,1,54783,1000,17
ac19_35491,YXYXyx,YYYXYxyyXXyyxxx,1,54792,1000,17
ac19_35554,YXXyx,YYYYXYYxyXyxyXyyyxyX,1,54934,1000,16
ac19_35559,YXYXyx,YYYXXXXXYXYYx,2,54942 148748,1000,17
ac19_35563,YXYXyx,YYYXXXXXYYxyx,2,54949 67819,1000,16
ac19_35623,YXXyx,YYXYYXyyxyXXXXX,2,55074 78046,1000,16
ac19_35633,YXYXyx,YYYXXyxyyXXXYxx,1,55115,1000,16
ac19_35638,YXXyx,YYYXYYXyXyyxyXyxyX,3,55130 106032 125673,1000,16
ac19_35659,YXYXyx,YYYYXYYYXXXXX,2,55179 117650,1000,17
ac19_35663,YXXyx,YYYYYXyyxyXyyyX,1,55185,1000,16
ac19_35664,YXYXyx,YYYxyXXyyxYXyxx,1,55187,1000,15
ac19_35719,YXXyx,YYYXyxyXyyXXYYX,2,55311 152751,1000,16
ac19_35722,YXXyx,YYXYYXyxyXyyXXYX,1,55321,1000,17
ac19_35731,YXXXyxx,YYXXXXyxYxyX,1,55336,1000,16
ac19_35754,YXYXyx,YYYYYxyXXXXYXyX,1,55387,1000,18
ac19_35773,YXXyx,YYYYXYXXXyyyXyXX,2,55433 93398,1000,17
ac19_35796,YXXyx,YYYYXYxyyyyxxx,2,55475 150785,1000,18
ac19_35804,YXYXyx,YYYYXYxyXXyyXYx,4,55490 60048 86461 98978,1000,15
ac19_35810,YXYXyx,YYYYxYxyyyXXX,2,55505 84840,1000,18
ac19_35828,YXYXyx,YYYYxyyXXyX,5,55538 57312 118359 138199 155779,1000,14
ac19_35829,YXYXyx,YYYXXXXyyxyxx,2,55540 56255,1000,16
ac19_35831,YXYXyx,YYXyxyXXXXXYYxx,2,55544 101723,1000,18
ac19_35839,YXXyx,YYYYYXyxyXyyXXX,1,55561,1000,18
ac19_35870,YXyXXXyx,YYYxxyXXXyxyx,1,55633,1000,17
ac19_35881,YXYXyx,YYYXyxyyXXXYxxx,2,55654 65905,1000,16
ac19_35927,YXYXyx,YYXYxxxYXyyXX,2,55743 100524,1000,15
ac19_35928,YXXyx,YYYYYXyxxyyxyx,2,55744 83184,1000,15
ac19_35946,YXYXyx,YYYYYXyXXXXYxYX,1,55785,1000,18
ac19_35952,YXXyx,YYYXyyyXXXyXXYYX,1,55794,1000,17
ac19_35957,YXyXXyx,YYxxYXXyyxyxYX,2,55801 119998,1000,17
ac19_35983,YXyXXyx,YYxxyxYxxyxxYXX,1,55849,1000,17
ac19_36001,YXXyx,YYYXyyXXyXyXX,4,55896 116179 138817 155388,1000,16
ac19_36003,YXyXXyx,YYXYxyXyyxYXXyyx,2,55902 134125,1000,15
ac19_36018,YYXXyxx,YYYYXXYxxxYXX,1,55927,1000,14
ac19_36020,YXyXXyx,YYYxxxxyyX,4,55929 104667 108040 117030,1000,14
ac19_36052,YXXyx,YYYXYYYXyxyXyyyX,2,55985 75988,1000,16
ac19_36058,YXYXyx,YYXyXyXYXYxxx,1,55995,1000,16
ac19_36067,YXXyx,YYYXYxyyXyXXXXX,1,56015,1000,16
ac19_36082,YXyXXyx,YYXYxyXyxxYXyyx,2,56037 72230,1000,15
ac19_36118,YXXyx,YYYYXyXyyyXXyX,3,56123 78837 112799,1000,17
ac19_36119,YXXyx,YYYXYXyyxyyXyXXX,1,56124,1000,17
ac19_36125,YYXXyXYxxyx,YYXXyxYXyXYxyx,2,56151 146032,1000,19
ac19_36136,YXXyx,YYYXXXyyxyxxxxYx,2,56179 80104,1000,16
ac19_36152,YXXyx,YYYXYYxyyXXyyX,1,56216,1000,15
ac19_36184,YXXyx,YYYXYXyyXyyyxxxx,1,56280,1000,17
ac19_36208,YXYXyx,YYYxxxYXyxyyXXX,1,56326,1000,17
ac19_36217,YXXyx,YYYYXyyyxxYxyx,1,56356,1000,16
ac19_36218,YXyXXXXyx,YYXyXXYxyyx,2,56358 151507,1000,17
ac19_36219,YXXyx,YYXyxxyyxyxxYx,1,56360,1000,15
ac19_36243,YXXyx,YYYYXyXyyyxyXX,1,56400,1000,15
ac19_36248,YXYXyx,YYYXXyXXXYxYX,1,56407,1000,16
ac19_36258,YXYXyx,YYYXYxxxyXyXyXX,2,56437 98664,1000,17
ac19_36262,YXYXyx,YYXXYYxYXyXXX,1,56442,1000,15
ac19_36267,YXYXyx,YYYXYxyXXyXyxxx,1,56450,1000,16
ac19_36270,YXyXXyx,YYYxyyxxxYx,2,56454 95913,1000,17
ac19_36273,YXYXyx,YYXyxyXXXyyxxYx,1,56461,1000,17
ac19_36305,YXyXXyx,YYYxxxxxyXX,2,56516 116142,1000,14
ac19_36306,YXXyx,YYYYYXyyxxyyXXXX,1,56522,1000,17
ac19_36318,YXYXyx,YYYXYxyXyXyyyxx,1,56551,1000,16
ac19_36322,YXXyx,YYYXyxyyXyXXXX,2,56560 63985,1000,16
ac19_36329,YXXXyxxYx,YYxYXYXXYx,1,56571,1000,17
ac19_36331,YXYXyx,YYYXYxYXXXyXX,1,56574,1000,16
ac19_36395,YXYXyx,YYYXXXXyxyyxx,1,56698,1000,16
ac19_36401,YXXyx,YYXyxyXyXyXXXXXYX,2,56710 105324,1000,16
ac19_36409,YXYXyx,YYXYYxxYXyXXX,1,56731,1000,16
ac19_36411,YXYxyXXyx,YYXXyxYXyx,6,56735 61461 77761 117196 128279 141724,1000,16
ac19_36428,YXXyx,YYYYXyxyxxyxx,3,56765 140226 147993,1000,16
ac19_36456,YXXyx,YYXXYYxyXyyXXX,1,56826,1000,16
ac19_36460,YXyXXyx,YYXYxyyxYxyx,4,56835 90111 120543 139107,1000,16
ac19_36465,YXYXyx,YYYxyxYYXyyXyXX,2,56844 136566,1000,17
ac19_36468,YXYXyx,YYYXXXyyxxxyx,1,56850,1000,16
ac19_36470,YXXyx,YYYYXYXyXyyyxxx,2,56856 114916,1000,17
ac19_36492,YXXyx,YYYXYYXyXyyXyXX,2,56896 113655,1000,16
ac19_36502,YXyXXyx,YYYYxxyXXyxxx,2,56918 137769,1000,16
ac19_36521,YXXyx,YYYXyyyxxYxxx,2,56959 138110,1000,16
ac19_36525,YXXyx,YYYYXYxyXyyyXX,3,56964 100422 134433,1000,17
ac19_36528,YYXXXXXYx,YYXXXYxYXXX,6,56976 66834 81575 82414 141101 146909,1000,17
ac19_36540,YXXyx,YYYXYxyXyyyXYX,3,57001 74892 97538,1000,15
ac19_36542,YXXyx,YYYYYXyXXyyyxxx,2,57003 150753,1000,17
ac19_36556,YXYXyx,YYxyXXyXyxyxx,2,57031 152633,1000,15
ac19_36585,YXXyx,YYYXyyyxxxYxx,2,57087 105902,1000,16
ac19_36604,YXyXXyx,YYXYXyxYxxxyx,1,57131,1000,15
ac19_36605,YXXyx,YYXYYXYXyyXyyXX,2,57133 153613,1000,16
ac19_36615,YXYXyx,YYYYxYXyXyyXX,1,57151,1000,18
ac19_36620,YXYXyx,YYYYXYxyXyXXX,2,57157 67607,1000,16
ac19_36622,YXYXyx,YYYYYXYxyyXXyXX,2,57162 106258,1000,18
ac19_36626,YXXyx,YYYYXyyxxyxxx,2,57174 84977,1000,16
ac19_36638,YXYXyx,YYYXyyXyyxxxx,2,57193 108600,1000,18
ac19_36643,YXXyx,YYYXYYxYXyyxyyyX,1,57200,1000,15
ac19_36649,YXYXyx,YYYXyyXyyxYxx,2,57210 61615,1000,16
ac19_36702,YXyXXXyx,YYxYXyxxyxx,1,57306,1000,17
ac19_36707,YXyXXXyx,YYXXXXyXyyx,2,57315 90981,1000,16
ac19_36718,YXYXyx,YYXYxyXyyXXYxYx,2,57341 100991,1000,16
ac19_36730,YXXyx,YYYYYXyyxyXyXyyX,1,57365,1000,16
ac19_36732,YXXyx,YYYYXyxyyXYxyXX,1,57371,1000,13
ac19_36744,YXYXyx,YYYYXXyxyXXXYYx,2,57391 120149,1000,17
ac19_36753,YXXyx,YYYYYXyXyxyXyyyx,2,57421 89778,1000,16
ac19_36769,YXXyx,YYYYXyyxyxYxyx,2,57444 103343,1000,14
ac19_36776,YXYXyx,YYYYXyXyXXYYx,2,57461 78689,1000,18
ac19_36783,YXYXyx,YYXyyXXYXYxYx,1,57478,1000,16
ac19_36795,YXYXyx,YYYYYXXyXXX,3,57508 60764 129396,1000,15
ac19_36829,YXXyx,YYYXYxyXyxyxyxYx,2,57588 156623,1000,16
ac19_36834,YXXyx,YYYYXXYXyyyyxx,1,57599,1000,16
ac19_36838,YXyXXyx,YYXyXyxYxxyyxYX,2,57605 111040,1000,16
ac19_36852,YXXyx,YYYYXyyXyyxYxx,4,57646 78772 120796 144620,1000,15
ac19_36854,YXyXXXyx,YYXyXYxyxxxyX,1,57653,1000,16
ac19_36861,YXXyx,YYXYxYXyyXyXXX,2,57672 144714,1000,16
ac19_36863,YXYXyx,YYYYYxYXyxyyXXX,2,57679 75743,1000,17
ac19_36874,YXYXyx,YYYXXXyXXYYxx,2,57696 146581,1000,16
ac19_36877,YXyXXyx,YYYXyxYxYXyxxyx,2,57707 136824,1000,16
ac19_36898,YXXyx,YYXXXyyXyyXXYX,2,57747 156628,1000,14
ac19_36912,YXXyx,YYXYXyyxxyyXyXYX,1,57783,1000,17
ac19_36913,YXyXXyx,YYxYxxyxxxyXYXX,1,57784,1000,17
ac19_36962,YXyxYXXyx,YYXyxyXXyX,9,57881 58891 65135 68265 74916 74970 86436 91497 97964,1000,17
ac19_37007,YXXyx,YYXYYXyXyXyXX,4,57978 62216 134646 150090,1000,15
ac19_37019,YXYXyx,YYXXYxYYxYXyXyX,2,57998 69618,1000,17
ac19_37020,YXXyx,YYYXyxxyyxxxYX,1,58002,1000,14
ac19_37027,YXXyx,YYYXyyyxxxxYxx,1,58021,1000,17
ac19_37044,YXXyx,YYYXyXXyXyyXXX,1,58052,1000,16
ac19_37045,YXXyx,YYYYXYxyxyXyxyxx,2,58054 107372,1000,16
ac19_37053,YXXyx,YYYYXyxyxyXyyX,3,58071 117179 150386,1000,13
ac19_37057,YXYXyx,YYYXyXXXyXYYx,2,58079 82014,1000,16
ac19_37062,YXYXyx,YYXXXXXyXYYxx,2,58087 91451,1000,17
ac19_37066,YXXyx,YYYXyxyXyXyXXXXX,2,58095 135487,1000,17
ac19_37085,YXXyx,YYXYxYXyxyyXXXX,1,58133,1000,16
ac19_37101,YXXyx,YYYXyyxxyxyxx,3,58167 70400 73500,1000,15
ac19_37115,YXYXyx,YYYxYXyyyXXYx,1,58202,1000,16
ac19_37131,YXXyx,YYYYYXXXyXyyyxxx,2,58247 68605,1000,17
ac19_37134,YXXyx,YYYXYXyyxxyxyyXX,1,58251,1000,15
ac19_37143,YXYXyx,YYYXXXyyXyxxx,2,58263 133319,1000,17
ac19_37151,YXYXyx,YYXXXyyXYYxxx,2,58277 74840,1000,15
ac19_37185,YXYXyx,YYXyXyXXYYxxx,1,58359,1000,17
ac19_37191,YXyXXyx,YYYxyxyxYXXyxx,2,58371 156654,1000,14
ac19_37206,YXYXyx,YYXyyXyyxxxxyxx,2,58396 110748,1000,19
ac19_37213,YXXyx,YYYXyyXXyxyxxx,1,58420,1000,15
ac19_37223,YXXyx,YYXYxxYXyyxyxx,1,58437,1000,14
ac19_37231,YXYXyx,YYXYxxyXyXyyxYx,1,58456,1000,11
ac19_37240,YXYXyx,YYYXyXXXXYYYxyx,1,58479,1000,18
ac19_37291,YXYXyx,YYxYYxyXyxyXXyX,1,58591,1000,15
ac19_37298,YXXyx,YYYXyyxxxyxxYx,1,58605,1000,16
ac19_37302,YXXyx,YYYYYXyyXyyyyX,2,58614 122776,1000,16
ac19_37315,YXyXXyx,YYXyyxyXYYxxyXX,2,58643 83969,1000,16
ac19_37330,YXXyx,YYYXYXyXyXyXXX,2,58670 83954,1000,16
ac19_37347,YXXyx,YYYYXyXyxyXXXXXX,1,58699,1000,16
ac19_37362,YXXyx,YYYYYXyXyXXyyX,3,58729 85549 101711,1000,15
ac19_37422,YXXyx,YYXyxyXyXXYYXX,1,58871,1000,14
ac19_37426,YXyXYXyxx,YYXyxYxxyX,2,58887 94184,1000,19
ac19_37428,YXXyx,YYYXYYxyyxyxxyxx,1,58890,1000,17
ac19_37466,YXYXyx,YYYYYXyXXyyyx,1,58979,1000,15
ac19_37487,YXXyx,YYYYXyyyXyyyXYX,2,59027 78354,1000,18
ac19_37510,YXYXyx,YYYXXXXXYYXYx,2,59076 106927,1000,16
ac19_37512,YXYXyx,YYXXXXXXYxYYx,1,59081,1000,17
ac19_37516,YXXyx,YYYYYXXyyyyxxx,1,59089,1000,15
ac19_37525,YXXyx,YYXYXYxyXyyXXXX,2,59107 116059,1000,16
ac19_37594,YXXyx,YYYXYxyxyXyXX,4,59252 85226 127870 150577,1000,13
ac19_37598,YXYXyXXYXyX,YYxYxyXYXyXXyXXYXyXX,1,59257,1000,18
ac19_37616,YXYXyx,YYxYXyXXYxyXXYx,2,59314 155024,1000,15
ac19_37644,YXYXyx,YYYYYYXXyxyyXXX,2,59378 128648,1000,17
ac19_37674,YXXyx,YYYXYYXyyxyyXXXX,1,59450,1000,18
ac19_37676,YXXyx,YYXyyxyxxYxxYx,1,59452,1000,16
ac19_37679,YXYXyx,YYYXYxyXXXyyyxx,1,59456,1000,17
ac19_37693,YXXyx,YYYYXyxxxxyyxx,1,59489,1000,15
ac19_37696,YXYXyx,YYXYYxYXXyXyX,2,59498 70253,1000,16
ac19_37724,YXXyx,YYYXYYxxYXyyyXyXyX,1,59546,1000,18
ac19_37759,YXXyx,YYYYYXyxxyxyyXXXX,1,59629,1000,17
ac19_37774,YXyXXyx,YYxYxxyxxyxYXYXyx,1,59665,1000,17
ac19_37780,YXYXyx,YYXYYxxyXXyyX,2,59678 128459,1000,15
ac19_37793,YXYXyx,YYXyXXyyxxYxx,2,59712 92462,1000,17
ac19_37825,YXyXXyx,YYYXXyXyxyx,2,59777 70507,1000,16
ac19_37844,YXXyx,YYYYXyyyXyXXyXX,2,59808 120669,1000,18
ac19_37847,YXyXXyx,YYxyXyxxyXXYX,1,59814,1000,17
ac19_37857,YXYXyx,YYxYxxYXyxyXyXX,1,59831,1000,17
ac19_37865,YXYXyx,YYYYxxYXXyXXX,2,59852 78972,1000,17
ac19_37880,YXyXXyx,YYYYxyyXXyxx,1,59879,1000,15
ac19_37927,YXXyx,YYYYYXyyyxyyyX,3,59967 92522 146611,1000,16
ac19_37948,YXYXyx,YYXyXXYXXXXYYxx,2,60011 129143,1000,18
ac19_37954,YXXyx,YYYYXyXyxyyXyxx,2,60024 143865,1000,16
ac19_37966,YYXXXXXXXyx,YXXXXXXyxxxxx,4,60054 61944 132075 132178,1000,16
ac19_37986,YXYXyx,YYXXXXXXYYx,4,60090 75394 151146 155492,1000,15
ac19_38009,YYXXyxx,YYYxYxxyXXXX,1,60133,1000,18
ac19_38016,YXYXyx,YYYYXYYXyXXXX,1,60151,1000,16
ac19_38039,YXXyx,YYYXyyxxyyxYYx,1,60195,1000,16
ac19_38049,YXXyx,YYYYYXyxyXyyXX,3,60215 105266 107810,1000,17
ac19_38054,YXYXyx,YYXXYXyXyyxxx,1,60221,1000,16
ac19_38069,YXYXyx,YYXyXXXyxxYxx,5,60248 85182 110744 112156 156034,1000,15
ac19_38074,YXYXyx,YYxYYxYXyxyXyXX,2,60261 132193,1000,17
ac19_38141,YXYXyx,YYYYxYXyXyXXX,1,60404,1000,18
ac19_38143,YXYXyx,YYYxYXyXXyX,6,60407 83190 96080 107778 113923 142260,1000,14
ac19_38148,YXXyx,YYXYxyyXyXXXYX,2,60418 103245,1000,16
ac19_38197,YXXyx,YYYXyxyyxxxYx,3,60532 65974 90547,1000,16
ac19_38218,YXXyx,YYYXXXyyxyxxxYx,2,60585 64945,1000,16
ac19_38221,YXYXyx,YYYXyxyXyXXYYxx,2,60588 118859,1000,17
ac19_38222,YYXXYxYXX,YYXXYxyXyyxxYX,1,60595,1000,18
ac19_38237,YXYXyx,YYYXyyXXXXYYxyx,1,60625,1000,17
ac19_38245,YXXyx,YYYXyyxyxxxyxYYx,2,60638 80135,1000,17
ac19_38288,YXYXyx,YYYYxYxyyXXyX,2,60715 109371,1000,17
ac19_38289,YXXyx,YYYYXYxyyyyxYXyx,2,60716 78503,1000,15
ac19_38297,YXXyx,YYYXyXyyxyxxYYx,2,60730 126463,1000,17
ac19_38316,YYXXyxx,YYYxYxxYXXXX,1,60781,1000,19
ac19_38319,YXXyx,YYXYXYYxyyXyyXX,2,60784 95301,1000,16
ac19_38351,YXXyx,YYYYXyxyyXyyXXX,2,60848 77190,1000,17
ac19_38378,YXXyx,YYYYYYXyxyyXyyX,2,60903 70127,1000,17
ac19_38384,YXYXyx,YYYYXXXXXXYxx,1,60916,1000,17
ac19_38390,YXXyx,YYYYXYXyxxyyyxx,1,60925,1000,16
ac19_38421,YXXyx,YYYXYxyXyyxyxxyx,1,60992,1000,16
ac19_38422,YXXyx,YYYYXyyXyxyXyXX,1,60993,1000,17
ac19_38426,YXYXyx,YYXYxxYxyyXXXYXyX,1,61004,1000,17
ac19_38434,YXyXXyx,YYxyxxxxxYX,4,61015 70219 80971 122976,1000,17
ac19_38441,YXXyx,YYYYXYxYxyXyyyyX,2,61029 67842,1000,17
ac19_38443,YXXyx,YYYYXyXyxyxxxx,2,61032 144975,1000,16
ac19_38444,YXYXyx,YYYYYxyyXXXYXyX,1,61033,1000,17
ac19_38448,YXXyx,YYXyyXyxyxxxYx,1,61040,1000,16
ac19_38453,YXYXyx,YYYxYxxyXyXXX,2,61049 80641,1000,18
ac19_38455,YXyXXyx,YYxxxYXYXyxyxxx,1,61051,1000,17
ac19_38468,YXyxYXXyx,YYXyyXXYXyxYX,1,61080,1000,17
ac19_38476,YXXyx,YYYYYXYXyyXyyyx,1,61105,1000,16
ac19_38481,YXXyx,YYYYXyyxyyxxYx,1,61119,1000,17
ac19_38488,YXXyx,YYYYXYxyxyxyXXyX,1,61137,1000,15
ac19_38490,YXyXXXyx,YYxyxxyXXYx,1,61142,1000,17
ac19_38525,YXYXyx,YYYYXYxyXXXyX,2,61215 154732,1000,15
ac19_38535,YXXyx,YYYYXyyxyyXXYX,3,61241 102459 104067,1000,17
ac19_38598,YXyXXXyx,YYxyxxyXX,3,61376 126365 147103,1000,16
ac19_38605,YXXYxxyx,YYxxxxxyXXXYx,1,61384,1000,18
ac19_38610,YXXyx,YYYXYXyxyyXXXX,1,61397,1000,16
ac19_38616,YXYXyx,YYXYYXyyXyyxxxx,1,61403,1000,18
ac19_38637,YXYXyx,YYYxyXYXyyXyyxx,1,61438,1000,17
ac19_38638,YXYXyx,YYxYxYXyyXXYX,2,61450 94372,1000,17
ac19_38642,YXYXyx,YYXyXXXXXYxxx,2,61456 116599,1000,16
ac19_38650,YXYXyx,YYYYXyyxyyXyxxx,1,61471,1000,17
ac19_38656,YXYXyx,YYYXXXXXyxyyxYx,1,61487,1000,17
ac19_38663,YXYXyx,YYXXYxxxYXyXXyX,1,61499,1000,16
ac19_38672,YXXyx,YYYYYXyxyyyxxx,2,61521 126701,1000,17
ac19_38683,YXXyx,YYXyxxyyXyXXXXYX,2,61541 133271,1000,16
ac19_38704,YXXyx,YYYYXyyxyyXyyXYX,1,61582,1000,18
ac19_38715,YXyxYXXyx,YYXyxyxYxx,2,61598 131241,1000,18
ac19_38716,YXXyx,YYYYXyxyXyXYXyX,1,61601,1000,14
ac19_38719,YXXyx,YYYYYYXyyXyyyx,3,61607 97837 144246,1000,15
ac19_38738,YXyXXyx,YYXXXyXYxyxYxyxyx,1,61647,1000,17
ac19_38740,YXXyx,YYYYYXyyyxxxxxyx,2,61652 114038,1000,17
ac19_38764,YXYXyx,YYYXXXXyxyXyxxx,2,61706 144238,1000,17
ac19_38776,YXXyx,YYXYXYXyXyyXXX,1,61728,1000,16
ac19_38820,YXYXyx,YYYYYXyXyxyXyxx,1,61807,1000,17
ac19_38855,YXXyx,YYYYXyxyyXyyxYYx,1,61877,1000,16
ac19_38872,YXYXyx,YYYYxYXyyyyXX,2,61911 142299,1000,18
ac19_38876,YXYXyx,YYxYXyXYXyXyyxx,1,61924,1000,17
ac19_38878,YXYXyx,YYYXYYYXXXXyX,1,61930,1000,15
ac19_38942,YXYXyx,YYYXyXyyyxYxx,2,62074 119994,1000,17
ac19_38948,YXXyXYx,YYXXyxYXXXyxxyx,1,62091,1000,18
ac19_38970,YXYXyx,YYXyXyyxxxx,4,62134 74053 75754 117486,1000,15
ac19_38982,YXXyx,YYXYXYxYXyyXyyXX,2,62153 142230,1000,16
ac19_38991,YXYXyx,YYYYXyxyyXyXyxx,1,62168,1000,16
ac19_39017,YXYXyx,YYXyXyyxxyxxx,2,62245 83544,1000,16
ac19_39032,YXYXyx,YYYYxYXyyXXYxyX,3,62272 117167 118294,1000,16
ac19_39040,YYXXXXXyX,YYXXXXyXyxYX,2,62292 83139,1000,16
ac19_39064,YXYXyx,YYXXXXXXYYxYxyx,1,62346,1000,17
ac19_39071,YXXyx,YYYXyXyxyXyyXXYX,2,62365 78709,1000,16
ac19_39091,YXXyx,YYYXyxxyyXyxxx,1,62422,1000,14
ac19_39093,YXyXXXyx,YYYxyxYxxyx,2,62425 115015,1000,14
ac19_39111,YXXyx,YYYXXXyyyXXYXX,1,62462,1000,15
ac19_39128,YXyXXXyx,YYYxyyXYxyXXXyXyX,1,62499,1000,17
ac19_39139,YXXyx,YYYXYXyyyxyxYx,2,62528 123266,1000,16
ac19_39142,YXXyx,YYXYYxyxyxyyXyXXX,1,62532,1000,18
ac19_39147,YXXXXyxxYx,YXXXYxxxyXX,3,62538 90846 148435,1000,17
ac19_39152,YXYXyx,YYYYxyXyyXX,4,62549 76976 91086 107975,1000,16
ac19_39153,YXYXyx,YYYXyXyXXXYYx,2,62553 113524,1000,18
ac19_39175,YXYXyx,YYYXyXXXXXYYxyx,1,62601,1000,18
ac19_39204,YXXyx,YYYYXyxyyXyyXX,2,62648 132231,1000,16
ac19_39208,YXYXyx,YYYxxYXyxyXXyyX,1,62654,1000,16
ac19_39210,YXXyx,YYXYXyyXyXXXYX,2,62660 149839,1000,16
ac19_39218,YXXyx,YYYXyyxxxyxYx,1,62693,1000,14
ac19_39222,YXXyx,YYYXyyxxyxxxYx,1,62701,1000,16
ac19_39234,YXyXXyx,YYXyyxyXXYx,3,62724 64072 133665,1000,15
ac19_39246,YXyXXyx,YYYxxxyyXX,1,62754,1000,15
ac19_39252,YXXyx,YYYYYXyxyXyXXyX,2,62763 69596,1000,17
ac19_39264,YXXyx,YYYXyxyxxyxxYx,1,62788,1000,16
ac19_39280,YXYXyx,YYXXyXXXYxyXYYx,2,62818 79054,1000,16
ac19_39281,YXYXyx,YYXXXyxyXXYYxYx,1,62824,1000,16
ac19_39288,YYXXXYx,YYxyxyXyXyx,1,62834,1000,17
ac19_39316,YXYXyx,YYYXyyXXXXYxx,2,62883 83242,1000,16
ac19_39317,YXYXyx,YYYYXYYxxyyyXXX,2,62886 91531,1000,18
ac19_39318,YXYXyx,YYXyXXXXYxYYx,1,62887,1000,17
ac19_39334,YXYXyx,YYYXYYxyXXXXX,1,62936,1000,16
ac19_39370,YXXyx,YYXYYxyXyyXXXXX,1,63012,1000,16
ac19_39377,YXXyx,YYYXyxyyxxxYxx,1,63032,1000,16
ac19_39391,YXXyx,YYYXYxyXyyXXXX,2,63057 80223,1000,16
ac19_39417,YXYXyx,YYXyXXyXXYYxx,2,63116 108670,1000,17
ac19_39427,YXYXyx,YYYxyyXyyXXYx,1,63133,1000,17
ac19_39458,YXYXyx,YYYXYxxyXyXXX,2,63187 80424,1000,16
ac19_39466,YXYXyx,YYXXyXXYXYYxx,2,63204 87702,1000,17
ac19_39469,YXYXyx,YYYYxxyXXXX,3,63209 63500 71295,1000,15
ac19_39470,YXyXXXyx,YYXyxxyxYXXyx,1,63210,1000,16
ac19_39478,YXYXyx,YYXXXyXyyxxYx,2,63222 113440,1000,17
ac19_39494,YXXyx,YYYYXyxyXyXXX,2,63263 75810,1000,15
ac19_39504,YXXyx,YYYXyyxyxxxyxx,2,63280 112834,1000,15
ac19_39553,YXyXXyx,YYxxyxyXXYXyX,3,63370 65476 153068,1000,16
ac19_39565,YXyXXyx,YYxxxyxyXYXYx,2,63401 79815,1000,16
ac19_39574,YXyXXyx,YYXYxxYXyxxyyx,2,63422 117967,1000,17
ac19_39608,YXYXyx,YYXXXyXXyxYxxYxyx,1,63480,1000,17
ac19_39620,YXXyx,YYYYXyyxyxxxxx,2,63503 156616,1000,17
ac19_39661,YXyXXyx,YYYxYxyxyxx,2,63588 80825,1000,16
ac19_39667,YXXyx,YYYXYXyyyxxyxyxx,1,63603,1000,18
ac19_39688,YXXyx,YYYYXyyyxyxxYX,2,63640 75992,1000,16
ac19_39693,YXXyx,YYYXyxyXyXXXYx,1,63650,1000,14
ac19_39696,YXYXyx,YYYXYxYxyXXXX,1,63660,1000,16
ac19_39711,YXXyx,YYYXyXXyyxxyxx,1,63694,1000,14
ac19_39746,YXYXyx,YYYYYYXyxyXyXXX,1,63774,1000,18
ac19_39756,YXXyx,YYYYXyxyyyxyxxx,1,63786,1000,17
ac19_39777,YYXXXXXXyx,YYXyXYxyxyx,3,63837 89609 91676,1000,16
ac19_39802,YXYXyx,YYXXXyXXYxxxx,3,63895 142048 142352,1000,15
ac19_39809,YXXyx,YYXyyxyXyXYXYXYx,1,63914,1000,16
ac19_39824,YXYXyx,YYYYxxyyXXXYX,2,63950 107383,1000,17
ac19_39835,YXXyx,YYXYXyyXyyxxYYx,1,63971,1000,16
ac19_39855,YXXXyXXYx,YXyxYXXXXX,4,64006 80782 98138 152225,1000,16
ac19_39864,YXXyx,YYYXYXyyXyyyXYYx,3,64022 78182 99347,1000,16
ac19_39875,YXXyx,YYYXYYYxyXyyyXyX,2,64055 129660,1000,18
ac19_39890,YXXyx,YYYXYXyxyyyxYx,2,64092 75048,1000,15
ac19_39895,YXYXyx,YYYYXyxyXyXXXYx,2,64099 142251,1000,17
ac19_39907,YXXyx,YYYYXYXyXXyyyX,1,64133,1000,15
ac19_39911,YXYXyx,YYXYxxyXXyXyXYx,1,64141,1000,16
ac19_39928,YXXyx,YYXYYXYXyyXyyX,2,64184 118568,1000,15
ac19_39948,YXXyx,YYYYXyyyyxYxxxxx,2,64223 110168,1000,17
ac19_39957,YXyXXyx,YYYxxyyxYxx,1,64239,1000,16
ac19_39961,YXXyx,YYYYYXXYxyyyxyyx,2,64244 104339,1000,16
ac19_39981,YXyXXyx,YYYYxyyxxYXyXYxyx,2,64293 134133,1000,17
ac19_39996,YXYXyx,YYXXyXyyxxyxx,1,64322,1000,16
ac19_39999,YXYXyx,YYYYxYxyXyXXX,2,64328 150339,1000,17
ac19_40007,YXXyx,YYYYXXXyyXyXX,2,64347 107451,1000,15
ac19_40014,YXYXyx,YYXYxYYXXXyXX,3,64358 80535 142544,1000,16
ac19_40034,YXXyx,YYYYYXyyyyyXYX,2,64420 80214,1000,17
ac19_40035,YXXyx,YYYYXyyxyxyxxyxx,1,64427,1000,17
ac19_40039,YXYXyx,YYYYxYYXyXXyX,1,64432,1000,17
ac19_40048,YXYXyx,YYYxYXyyXXXYx,2,64450 140254,1000,17
ac19_40054,YXXyx,YYYYXXYxyyyxyyyx,1,64458,1000,16
ac19_40102,YXXyx,YYXYYXyyxyyxxYxx,1,64570,1000,18
ac19_40115,YXXyx,YYYYXXXyyyXXX,2,64594 74278,1000,15
ac19_40132,YXYXyx,YYYYxYxyXXXYXyX,1,64648,1000,17
ac19_40138,YXyXXyx,YYxxyxxxYXX,2,64657 114362,1000,16
ac19_40165,YXXyx,YYXXYxyXyyXyXXX,1,64706,1000,5
ac19_40166,YXyXXyx,YYYXyxYYxyxYXyxyx,2,64707 104610,1000,16
ac19_40167,YXYxYXXYx,YYXXYXYxxyyXYx,1,64708,1000,18
ac19_40183,YXXyx,YYYYXyyXyXyXYX,3,64739 139849 140098,1000,17
ac19_40192,YXYXyx,YYYXyXXyyyxxx,2,64756 110136,1000,17
ac19_40200,YXXyx,YYYXyxyyxxxyxx,1,64777,1000,16
ac19_40202,YXYXyx,YYXYYxxxyXXyX,1,64781,1000,16
ac19_40211,YXXyx,YYXYYXyXyXyXXXX,2,64803 125324,1000,17
ac19_40214,YXYXyx,YYXXyyXXXYxYxyx,2,64809 116343,1000,16
ac19_40215,YXYXyx,YYxYXYxyXXyyXYx,2,64810 107682,1000,13
ac19_40218,YXXyx,YYYXXYXyyyXyyXX,2,64814 135726,1000,17
ac19_40221,YXYXyx,YYXyXyyXXYYxx,2,64818 79365,1000,17
ac19_40227,YXYXyx,YYXYxyXyXXyyxxx,2,64833 86839,1000,17
ac19_40233,YXXyx,YYYYXyXyxyyxyxx,2,64847 74340,1000,17
ac19_40240,YXYXyx,YYYxyXXyXyyxx,2,64862 78491,1000,16
ac19_40258,YXYXyxYXyx,YYXyxYXXYYxyXXX,1,64905,1000,18
ac19_40267,YXYXyx,YYXYYxYxyyXXX,2,64925 75776,1000,16
ac19_40287,YXYXyx,YYXyXyXXYxYYxyx,1,64979,1000,15
ac19_40316,YXXyx,YYYYXXXyyxyyyxxx,2,65066 117022,1000,17
ac19_40317,YXXyx,YYYXXYxyxyyxxxxx,2,65068 147975,1000,16
ac19_40318,YXYXyx,YYYXyxyXyXyxxYx,1,65069,1000,16
ac19_40322,YXYXyx,YYYXYxxYXyXXX,1,65076,1000,16
ac19_40344,YXXyx,YYXYYXyyXXXyXX,2,65117 79105,1000,16
ac19_40365,YXXyx,YYYYYXyxyyXyxx,2,65172 82416,1000,16
ac19_40373,YXXyx,YYYXyyxyxxxYx,2,65197 65406,1000,17
ac19_40407,YXYXyx,YYYXyxyyXXyyxxx,1,65273,1000,17
ac19_40429,YXXyx,YYYYXyyxxxyxyxyx,1,65329,1000,17
ac19_40434,YXYXyx,YYYxYxyyxyXXyyX,1,65341,1000,16
ac19_40454,YXXyx,YYYXYxyXyyXXXXX,2,65394 144901,1000,17
ac19_40472,YXYXyx,YYYXXyxyXXXyxxx,1,65428,1000,16
ac19_40491,YXXXXYxYx,YYXyyXyxxx,1,65462,1000,15
ac19_40508,YXXyx,YYYYXyxyyXyyXYYx,1,65491,1000,16
ac19_40527,YXyXXyx,YYYxyxyxYxxYXyx,2,65529 153807,1000,16
ac19_40530,YXyXXyx,YYYxYxxyyxx,1,65534,1000,16
ac19_40538,YXYXyx,YYYxYXyXXYXyX,2,65549 110919,1000,15
ac19_40539,YXYXyx,YYXYxyXyXXyXYxx,2,65551 68165,1000,14
ac19_40574,YXXyx,YYYXXXyXyyyxxx,1,65626,1000,14
ac19_40594,YXXyx,YYYYYXyyXyxyXXX,2,65684 67402,1000,18
ac19_40624,YXXyx,YYXXYXYxyXyyXX,1,65748,1000,14
ac19_40660,YXYXyx,YYXYxxyXXyXXyxxYx,1,65832,1000,17
ac19_40670,YXYXyx,YYXXyXyXXYYxxyx,1,65861,1000,16
ac19_40698,YXYXyx,YYYYxYYXyXyXX,1,65917,1000,17
ac19_40714,YXXyx,YYYXYYXyxxyyyXXX,2,65952 71311,1000,17
ac19_40715,YXYXyx,YYXXYYxYYxyXyyX,1,65953,1000,17
ac19_40717,YXXyx,YYYYYXyxxyyyXXX,2,65955 137146,1000,18
ac19_40719,YXYXyx,YYYxYxyyxyXXXyX,1,65963,1000,16
ac19_40722,YXYXyx,YYYXyXXyxyyxxYx,2,65967 150602,1000,19
ac19_40730,YXXyx,YYYYXyyyXXyyX,3,65981 96221 123359,1000,16
ac19_40732,YXXyx,YYYXYYXyyyxxyx,3,65984 81785 143353,1000,16
ac19_40740,YXXyx,YYYXYYXyxyyXyXX,2,65999 68895,1000,17
ac19_40755,YXYXyx,YYxYxYXyxyXXyyx,1,66028,1000,16
ac19_40784,YXYXyx,YYYxxYXyxyyXyXX,1,66097,1000,17
ac19_40824,YXYXyx,YYYXYxyXXyXXYxx,1,66194,1000,16
ac19_40839,YXXyx,YYYXYXyxyyyXyX,2,66235 97118,1000,16
ac19_40894,YXXyx,YYYXYYXyyyXXyX,1,66343,1000,16
ac19_40908,YXYXyx,YYYXXXXyyyxYx,2,66375 122502,1000,16
ac19_40933,YXyXXXyx,YYxYxxyxxyX,1,66432,1000,16
ac19_40934,YXXyx,YYYYYXYXyxyyXyXyX,1,66436,1000,17
ac19_40936,YXXyx,YYXyyXyxxyxxYx,1,66441,1000,15
ac19_40942,YXYXyx,YYYxYxyXyyXXX,2,66452 97021,1000,18
ac19_40953,YXYXyx,YYYYYxyXXXyyx,1,66471,1000,14
ac19_40966,YXXyx,YYYXyXyyXyXYYX,3,66505 76497 151200,1000,17
ac19_41012,YXXyx,YYYXyyXXyyXXXX,1,66634,1000,16
ac19_41019,YXYXyx,YYYxYYXyxyXyXXX,2,66646 114441,1000,18
ac19_41020,YXyXXXyx,YYxyxyXXYxyXX,1,66647,1000,18
ac19_41045,YXYXyx,YYYXXXXXYxyXYYx,2,66696 103107,1000,16
ac19_41075,YXXyx,YYYXyXyxyXXyXX,1,66760,1000,15
ac19_41107,YXYXyx,YYXyXyXyxxxxxYX,1,66849,1000,16
ac19_41140,YXXyx,YYYYXyyyXyxyxx,1,66926,1000,16
ac19_41141,YXYXyx,YYYxYxyyXXyyX,1,66927,1000,16
ac19_41164,YXYXyx,YYYYxyyyXXX,4,66983 98180 98656 127478,1000,16
ac19_41200,YXYXyx,YYXYYxxYXyXyX,2,67064 106816,1000,16
ac19_41205,YXXyx,YYYYXYXyyXyyX,4,67071 69962 119171 138748,1000,15
ac19_41233,YXXyx,YYYYYYXyyyXyyx,3,67119 110109 122778,1000,15
ac19_41240,YXYXyx,YYYYYYXyxyyXXXX,1,67150,1000,18
ac19_41262,YYXXyxx,YYYYXXYxxxxYX,2,67216 149210,1000,14
ac19_41277,YYXXYXXyx,YYXXXXXYx,2,67251 123288,1000,17
ac19_41295,YXXyx,YYYXYxyyyXyxxYx,1,67289,1000,16
ac19_41299,YXYXyx,YYYYxYXyxyyXXyX,1,67302,1000,16
ac19_41314,YXXyx,YYYYYXyyyXyyyx,4,67340 84801 96482 154289,1000,16
ac19_41325,YXYXyx,YYXXyXXyXYYxx,2,67361 78405,1000,16
ac19_41339,YXYXyx,YYYxYXyyxyXXX,1,67398,1000,15
ac19_41354,YXXyx,YYYXYXyyyxxxxx,2,67423 68381,1000,17
ac19_41377,YXYXyx,YYXyxyXXXXYYxYx,1,67466,1000,17
ac19_41387,YXyXXyx,YYXYxyyxxYx,2,67485 79169,1000,16
ac19_41404,YXXyx,YYYXyyyxyxYxYx,3,67523 130903 132109,1000,16
ac19_41411,YXyXXyx,YYXXXyyXYxyXyyX,2,67543 109315,1000,16
ac19_41430,YXYXyx,YYYYxYYXyyyXX,1,67579,1000,18
ac19_41440,YXXyx,YYYYXyyyyxYXyxYx,1,67601,1000,16
ac19_41453,YXYXyx,YYYXyyXXyyxxx,2,67641 141227,1000,18
ac19_41455,YXYXyx,YYYYxyyXXyyxx,1,67644,1000,16
ac19_41501,YXYXyx,YYYXyXyXXYYYx,1,67731,1000,18
ac19_41540,YXXyx,YYYYXyxyxyxyxxYx,1,67830,1000,18
ac19_41570,YXXyx,YYYYXyxxyxyyXXYX,1,67906,1000,16
ac19_41592,YXXyx,YYYYXyxyyxxxx,2,67978 139567,1000,16
ac19_41596,YXYXyx,YYYXyxyXXyXYYYx,2,67983 150158,1000,17
ac19_41614,YXYxxyXyx,YYXXyxxxxx,1,68029,1000,15
ac19_41627,YXXyx,YYYYXXYYxyyyxyyX,1,68068,1000,16
ac19_41634,YXXyx,YYXYXyyXyXXXXXYX,2,68092 105224,1000,16
ac19_41664,YXYXyx,YYXyXyXyxxxxx,2,68164 133432,1000,17
ac19_41685,YXyXXyx,YYYxYXyyxxx,1,68215,1000,17
ac19_41691,YXXyx,YYYYYXyxyyXyyxYx,1,68228,1000,17
ac19_41704,YXYXyx,YYXyyXXXYXYYx,2,68250 107224,1000,16
ac19_41705,YXYXyx,YYYYxxYXyxyyyXX,1,68251,1000,17
ac19_41706,YXXyx,YYYYXyXyxyXXXXX,2,68254 72363,1000,16
ac19_41712,YXXyx,YYYYYXYXyyXyyyyXyx,1,68270,1000,16
ac19_41740,YXXyx,YYXYXyyXyyXXX,2,68323 118773,1000,16
ac19_41755,YXXyx,YYXYYxYxyyXyyXXX,2,68354 150192,1000,17
ac19_41757,YXXyx,YYXYxYXyyXyXXXX,2,68357 73715,1000,16
ac19_41768,YXyXXyx,YYXyyxxyXYX,2,68397 137648,1000,16
ac19_41781,YXYXyx,YYYXyXyXXXYxx,2,68421 90714,1000,16
ac19_41812,YXXyx,YYXYYxyyXyxyyxxx,2,68508 133939,1000,17
ac19_41818,YXyXXyx,YYYXyyxxYxx,1,68522,1000,16
ac19_41820,YXYXyx,YYYXXXXXyyxxx,2,68525 82724,1000,17
ac19_41826,YXXyx,YYXYYXyyxxyyXXYX,2,68539 140617,1000,16
ac19_41828,YXyXXyx,YYYxxyxyxYx,1,68543,1000,16
ac19_41832,YXXyx,YYYXYYxyyXyyXXX,2,68548 141873,1000,17
ac19_41840,YXyXXyx,YYXYxxxxxyx,1,68562,1000,16
ac19_41872,YXXyx,YYXYYXyxyXyyXyX,1,68631,1000,16
ac19_41874,YXYXyx,YYYYXXXXyXYxx,2,68637 69522,1000,15
ac19_41878,YXXyx,YYYYXyyyyXyxx,3,68649 78397 107065,1000,15
ac19_41905,YXXyx,YYYYXyXyxyxxyxyx,1,68750,1000,16
ac19_41906,YXYXyx,YYXyXXXXYxYxx,1,68751,1000,17
ac19_41955,YXXyx,YYYXyyXyXXyXYxYX,1,68850,1000,15
ac19_41966,YXXyx,YYYYXXXyyyxxxxx,2,68870 71220,1000,16
ac19_41967,YXXyx,YYXYXyXyyXXXYX,2,68871 117242,1000,16
ac19_41986,YXXyx,YYXYXYYXyyXyxyXXX,2,68917 85438,1000,18
ac19_42002,YXYXyx,YYYYXXXXyXXYx,2,68949 130098,1000,17
ac19_42012,YXXyx,YYYYYXyyxxyyx,3,68973 105937 140734,1000,15
ac19_42015,YXXyx,YYYYYYXXXyXyXyXyyX,1,68978,1000,17
ac19_42016,YXYXyx,YYYXYYxxYXyXyXX,1,68980,1000,17
ac19_42022,YXXyx,YYXYYxyyxyXXXX,1,68995,1000,16
ac19_42047,YXyXXyx,YYXYxyXyyxYYxxx,2,69052 146089,1000,17
ac19_42054,YXYXyx,YYYXXyXXyyxxx,2,69062 95976,1000,17
ac19_42065,YXXyx,YYXyyxxyyxxxYx,1,69096,1000,17
ac19_42068,YXYXyx,YYXYxxyXXXyXXYx,1,69099,1000,17
ac19_42092,YXYXyx,YYYYYxxyyyXXX,2,69145 90436,1000,17
ac19_42116,YXYXyx,YYYXyXyxyyxxx,2,69198 127676,1000,16
ac19_42118,YXXyx,YYYXYXyyxyXXXX,1,69202,1000,16
ac19_42126,YXyXXXyx,YYXYxyxYxyXyx,1,69215,1000,16
ac19_42128,YXXyx,YYYXXXyXyyXyyXXYX,2,69217 126942,1000,17
ac19_42143,YXXyx,YYYYXyXyxyxyXXYX,1,69251,1000,16
ac19_42145,YXYXyx,YYYxYXyyXXX,3,69253 118415 149902,1000,16
ac19_42230,YXXyx,YYXYXyXyyxxxYx,1,69433,1000,15
ac19_42251,YXXyx,YYYXyyxxyyxxx,2,69471 154364,1000,16
ac19_42264,YXXyx,YYXXYXyyXyXyXX,1,69493,1000,16
ac19_42266,YXYXyx,YYXyXXXyXYYxx,2,69496 151466,1000,16
ac19_42279,YXYXyx,YYXyxyXyXXYYxYx,2,69533 95712,1000,16
ac19_42288,YXYXyx,YYYxxxYXXyyXX,2,69555 99986,1000,16
ac19_42292,YXXyx,YYYYYXXXyyXyyxxx,2,69571 153429,1000,17
ac19_42329,YXYXyx,YYYxYxyxYXyyyXX,1,69666,1000,16
ac19_42347,YXXyx,YYXYXyXXyxyyXX,1,69700,1000,13
ac19_42348,YXYXyx,YYXyXYXXXXyXYxxYxyx,1,69701,1000,17
ac19_42353,YXYXyx,YYYYYYXyyXXyX,1,69716,1000,17
ac19_42387,YXXyx,YYYXXYxyyxyyxyxxx,1,69796,1000,17
ac19_42390,YXXyx,YYYXYYXyyXyXXXXyX,1,69799,1000,16
ac19_42414,YXyXXyx,YYXYxyxxxYXyx,2,69863 71188,1000,16
ac19_42429,YXYXyx,YYYYxxyyXXXYYXX,1,69897,1000,17
ac19_42448,YXXyx,YYYXYYXyyxyXyxx,1,69940,1000,16
ac19_42471,YXYXyx,YYXyyXXXYxxYx,1,69999,1000,16
ac19_42477,YXXyx,YYYYYXyXyyxyxx,1,70010,1000,16
ac19_42480,YXYXyx,YYYYXyXyyyyxx,2,70014 134064,1000,17
ac19_42481,YXYXyx,YYXXyXXYXYxYx,2,70015 113678,1000,16
ac19_42489,YXXyx,YYYYXXXyyXXyX,1,70029,1000,13
ac19_42501,YXYXyx,YYXXXXyXXYYxxyx,1,70060,1000,17
ac19_42527,YYXXyxx,YYXXYYxxYxyXX,1,70110,1000,18
ac19_42540,YXXyx,YYYXYxyXyxyyxyxx,1,70143,1000,17
ac19_42555,YXXyx,YYXYYXyyXyXyXXYX,1,70175,1000,18
ac19_42556,YXYXyx,YYYXXYXyyyxxx,1,70177,1000,14
ac19_42595,YXyXXyx,YYxyxxyxYXXYx,2,70266 144002,1000,16
ac19_42632,YXXyx,YYYXyXyXyyXXXX,2,70349 119341,1000,17
ac19_42634,YXXyx,YYYYXXXyyxyyxyxx,1,70351,1000,17
ac19_42640,YXYXyx,YYYYXYxYXXXXX,2,70365 75663,1000,16
ac19_42666,YXXyx,YYYYYXyyyyxyyx,2,70417 135543,1000,17
ac19_42669,YXXyx,YYYXyXyxyXXXXXYX,2,70421 126775,1000,16
ac19_42678,YXYXyx,YYYXYxxxyXXXyXX,1,70439,1000,17
ac19_42722,YXXyx,YYYYXYXyxyyXyX,3,70536 115744 130421,1000,16
ac19_42723,YXXyx,YYYYXyXXyxxyxx,1,70541,1000,14
ac19_42732,YXXyx,YYYXyxyXyXXXXXYX,2,70567 146272,1000,17
ac19_42746,YXYXyx,YYXYxYxxyyXXX,2,70603 103294,1000,16
ac19_42774,YXXyx,YYXYXyXyyXXXXYX,2,70662 83371,1000,16
ac19_42795,YXXyx,YYYXyxyXyXyXYXYx,1,70707,1000,17
ac19_42801,YXXyx,YYYXXYxyyxyxxxx,2,70727 75569,1000,16
ac19_42803,YXYXyx,YYXyXXXXXYxxyXYYx,1,70734,1000,17
ac19_42816,YXYXyx,YYYxYXYxyXyXX,1,70761,1000,15
ac19_42818,YXyXXyx,YYXXyXXXXyxyxyx,2,70765 90555,1000,17
ac19_42822,YXYXyx,YYYXXXyyxxyxx,2,70771 122826,1000,16
ac19_42832,YXYXyx,YYYYxxxyyXXXX,1,70785,1000,17
ac19_42844,YXYXyx,YYXXXXyXYYxYx,4,70825 98797 128858 138600,1000,16
ac19_42846,YXYXyx,YYYXXXyxyXXyxxx,1,70828,1000,16
ac19_42860,YXXyx,YYYXyyXyyxYxYxxx,1,70865,1000,15
ac19_42861,YXXyx,YYYXYYxxxyyxyyxx,1,70869,1000,17
ac19_42879,YXYXyx,YYYYXyXXXXYYxyx,1,70906,1000,18
ac19_42902,YXXyx,YYYYXyXyyxyyxx,2,70957 72939,1000,16
ac19_42907,YXYXyx,YYXyXXXyyxxxx,2,70966 82986,1000,18
ac19_42918,YXYXyx,YYYYYYxyyXyXX,1,70990,1000,18
ac19_42929,YXXyx,YYYXyXyxyxyyxYx,1,71018,1000,16
ac19_42942,YXYXyx,YYYXyXXyyxxYx,2,71063 76376,1000,16
ac19_42947,YXXyx,YYYYXyxyXyXyXYX,2,71071 96705,1000,16
ac19_42966,YXXyx,YYYYXXXyyyXXXX,1,71127,1000,17
ac19_42972,YYXXXyxYx,YYxyXYXyx,3,71139 85059 105167,1000,16
ac19_42982,YXYXyx,YYYxYxyyxyXXyXX,1,71178,1000,17
ac19_43010,YXyXXXyx,YYXyXYXXyXyxYxyyX,1,71254,1000,19
ac19_43042,YXXyx,YYYXyXyyXXXXYX,2,71331 149031,1000,16
ac19_43045,YXyXXXyx,YYXXyXYxyXyyX,2,71339 146467,1000,17
ac19_43067,YXXyx,YYYYXYXyyyXXyX,1,71396,1000,17
ac19_43069,YXyXXyx,YYxyxYxxxyXYxyXYX,1,71401,1000,16
ac19_43070,YXYXyx,YYYXXyXXXYxYxyx,1,71402,1000,16
ac19_43087,YXYXyx,YYYXYxxxyXyyX,1,71439,1000,13
ac19_43091,YXXyx,YYXYYxyXyxyxxxxx,2,71445 101505,1000,16
ac19_43111,YYXXyxx,YYXXYYxxxYXX,1,71474,1000,18
ac19_43115,YXyXXXyx,YYXyXYXyXXXXyyxyx,1,71484,1000,17
ac19_43134,YXXyx,YYYXYYXyXyyxyyyx,2,71515 108384,1000,16
ac19_43149,YXYXyx,YYXXyXXXYYxYX,1,71569,1000,16
ac19_43172,YXYXyx,YYYYxyxYXyXXX,2,71622 148991,1000,16
ac19_43183,YXyXXyx,YYXyXyxxxyxYXYXyx,1,71641,1000,17
ac19_43187,YXXyx,YYYXYXyxyyyxxxYx,2,71652 79285,1000,17
ac19_43189,YXYXyx,YYYXXXyXXXYYx,2,71661 107304,1000,18
ac19_43196,YXYXyx,YYYxxYYXyxyXyyX,1,71682,1000,16
ac19_43199,YXYXyx,YYXYxyyXyXyxxxx,2,71690 83918,1000,17
ac19_43200,YXyXXXyx,YYYxyyXyX,1,71694,1000,17
ac19_43227,YXYXyx,YYXXyXXYXXXYYxx,1,71767,1000,17
ac19_43228,YXyXXyx,YYXXYxyXXyxYxyxyx,1,71771,1000,17
ac19_43232,YXYXyx,YYYXXXyXXXYxx,2,71784 135197,1000,17
ac19_43247,YXXyx,YYYYXYXyyXyyXXX,2,71833 82231,1000,17
ac19_43254,YXXyx,YYYYXXXyyxyxyyxxx,2,71848 116109,1000,17
ac19_43267,YXXyx,YYYXYXyXXyxyXX,1,71880,1000,13
ac19_43268,YXXyx,YYYXyxyXyXyXXX,2,71881 110275,1000,15
ac19_43300,YXYXyx,YYYXYYxYxyXyyXX,1,71956,1000,18
ac19_43305,YXyXXXyx,YYYxxyxxx,1,71967,1000,16
ac19_43325,YXYXyx,YYYYXXXXyxyxx,2,72008 129981,1000,16
ac19_43326,YXYXyx,YYYxYxyXXyyyX,2,72013 81275,1000,16
ac19_43338,YXXyx,YYYYXyXyyyXyxxxx,1,72037,1000,18
ac19_43353,YXYXyx,YYXyXyXyxxYxxYX,1,72078,1000,16
ac19_43357,YYYXXXyxx,YYYYYxyyXX,1,72085,1000,14
ac19_43364,YXYXyx,YYYXYxyyXXXyxxx,1,72102,1000,15
ac19_43386,YXyXXyx,YYYxxYXXyxxyx,2,72150 97111,1000,16
ac19_43407,YXXyx,YYXyyxyxxxxYxYx,2,72199 138553,1000,16
ac19_43416,YXXyx,YYYXyyXyXXYXXX,1,72225,1000,16
ac19_43427,YXYXyx,YYXyXYXyyxxxx,1,72254,1000,14
ac19_43458,YXXyx,YYYXyyxxyyXXXXYYX,1,72308,1000,17
ac19_43500,YXXyx,YYYXyXyxyxyxyxYx,1,72399,1000,16
ac19_43503,YXXyx,YYYYYXyxyyXyXX,4,72407 100902 111597 115101,1000,17
ac19_43505,YXYXyx,YYXXXyyXXYYxxyx,1,72415,1000,16
ac19_43511,YXYXyx,YYXyyXXyxxxYx,2,72425 99850,1000,16
ac19_43521,YXXyx,YYXYxyXyXyXXXXXYX,2,72442 89257,1000,16
ac19_43528,YXYXyx,YYYXyyXyyxxxxyxyx,1,72454,1000,17
ac19_43549,YXYXyx,YYYxxYYXyXyyX,2,72508 109633,1000,16
ac19_43550,YXXyx,YYXYxYYXyxyyXyX,1,72509,1000,15
ac19_43555,YXYXyx,YYXyXXXyyxxYx,1,72522,1000,17
ac19_43560,YXXyx,YYYXYXyyxyyxxxyx,1,72534,1000,17
ac19_43563,YXYXyx,YYXyXXXYXYxYx,1,72547,1000,16
ac19_43570,YXYXyx,YYYYxyxYxyXXyXX,1,72561,1000,18
ac19_43574,YXXyx,YYYYYXyxyxyXyX,2,72569 126425,1000,13
ac19_43602,YXXyx,YYYXYxYXyyXyyXX,2,72636 117441,1000,17
ac19_43606,YXXyx,YYYXXYYXyxyyxyxx,1,72644,1000,17
ac19_43611,YYXXXYx,YYxYxYXYXXXX,1,72661,1000,17
ac19_43618,YXYXyx,YYYYYYxyXXyyX,1,72677,1000,16
ac19_43620,YXYXyx,YYYxyXXXyXyxYxx,2,72680 154000,1000,17
ac19_43629,YXYXyx,YYYYYxyyxyyXXXX,1,72697,1000,17
ac19_43633,YXXyx,YYYXyyxxxyxxYX,1,72705,1000,14
ac19_43643,YXXyx,YYYYXYxyyyxyXyyX,1,72729,1000,18
ac19_43703,YXXyx,YYYXYXyyXyXyyX,2,72872 101318,1000,15
ac19_43713,YXYXyx,YYXXyxyXXXYYxYx,2,72891 106334,1000,17
ac19_43741,YXYXyx,YYYXyXyXXYYYxyx,1,72951,1000,18
ac19_43744,YXYXyx,YYYXyyyXyxYxx,1,72960,1000,16
ac19_43768,YXyXXXXyx,YYXyyxYXyxx,2,73017 117530,1000,16
ac19_43777,YXXyx,YYYYYXyyxyyyXyX,1,73036,1000,18
ac19_43792,YXXXyxYxx,YYXYxxxYXXX,1,73066,1000,17
ac19_43793,YXyXXXyx,YYXXyXYXyxxYxxyyx,1,73071,1000,19
ac19_43818,YXYXyx,YYYYYYXyxyXXXXX,1,73140,1000,19
ac19_43824,YXYXyx,YYXYxxyyXXXyyxx,1,73147,1000,17
ac19_43831,YXyxYXXyx,YYXYxyyxxx,1,73157,1000,18
ac19_43888,YXyXXXyx,YYYxxyXXXyyxx,1,73291,1000,18
ac19_43903,YXYXyx,YYXyxyXyXXXYxYx,2,73323 112573,1000,17
ac19_43906,YXXyx,YYXYYXyxyXyXXX,2,73332 142138,1000,16
ac19_43907,YXXyx,YYYXyxyyXXXXXXYX,2,73333 153899,1000,16
ac19_43910,YXYXyx,YYXXyXYxxxxYxyXXyXX,1,73338,1000,18
ac19_43931,YXyXXyx,YYxxxyxxxYX,2,73378 89352,1000,15
ac19_43932,YXyXXXyx,YYXyxYxYXyxYxyxyx,1,73381,1000,17
ac19_43956,YXyXXyx,YYYXyxYYxxxxyx,2,73449 83628,1000,16
ac19_43987,YXXyx,YYYXYXyxxxyyxx,1,73518,1000,14
ac19_43997,YXXyx,YYXYYXyxxyyxxx,1,73540,1000,16
ac19_44003,YXXyx,YYYXyyxxyXyxxx,1,73558,1000,15
ac19_44031,YXYXyx,YYYYYXyXXXXYXYxyX,2,73618 151082,1000,17
ac19_44036,YXXyx,YYYYXyXyXyxyXyXX,2,73624 93770,1000,17
ac19_44038,YXXyx,YYYXXYxyyxyxxx,2,73626 78404,1000,16
ac19_44040,YXYXyx,YYXXXXyXXYxYxyx,1,73631,1000,16
ac19_44061,YXyXXyx,YYYXyyxxyXYx,1,73683,1000,4
ac19_44077,YXYXyx,YYXXXXyXyxxYxyx,1,73726,1000,16
ac19_44080,YXYXyx,YYYYYYXXyXXXX,1,73731,1000,19
ac19_44088,YXYXyx,YYXyyXXXXYYxx,2,73742 112657,1000,18
ac19_44096,YXXyx,YYYYYXYxyyyyyX,3,73767 118581 134339,1000,16
ac19_44104,YXXyx,YYXYxyyXyXXXXYX,2,73789 133310,1000,16
ac19_44126,YXyXXyx,YYxyxxxyXYXXYxx,1,73832,1000,16
ac19_44128,YXYXyx,YYXYxYxYXXyXX,3,73839 84868 118379,1000,16
ac19_44129,YXXyx,YYYYXYXyyXyyxx,1,73842,1000,16
ac19_44135,YXYXyx,YYYYxYxyXXyXX,1,73861,1000,17
ac19_44159,YXYXyx,YYYxxYxyXXXyX,2,73916 89753,1000,17
ac19_44160,YXXyx,YYYYXXXyyxyxxxx,2,73918 124599,1000,16
ac19_44199,YXXyx,YYYXyxyXyXXyXYYx,2,74015 130998,1000,16
ac19_44203,YXYXyx,YYYXyXXyyxYYxyx,1,74022,1000,15
ac19_44237,YXXyx,YYYYYXXXyXyyyXX,2,74111 118747,1000,16
ac19_44241,YXXyx,YYYYYXYXyxxyyyyx,1,74119,1000,16
ac19_44258,YXYXyx,YYYXYYXyXXyyXYx,1,74164,1000,15
ac19_44260,YXYXyx,YYXYxxYxyyXXX,1,74170,1000,16
ac19_44284,YXYXyx,YYYYXYYxyxxyXyXXX,1,74225,1000,18
ac19_44288,YXYXyx,YYYYxYXXyyXXX,1,74234,1000,17
ac19_44292,YXXyx,YYYXYxyyxyyxYx,3,74240 92357 136126,1000,15
ac19_44312,YXYXyx,YYYxyXyyXyyxx,2,74297 155190,1000,17
ac19_44332,YXXyx,YYXyyXXyxyxxYx,1,74354,1000,13
ac19_44344,YXYXyx,YYYxyXYXyXyXXYx,2,74377 104419,1000,16
ac19_44359,YXYXyx,YYXXXyXyyxYxx,2,74410 80405,1000,16
ac19_44365,YXXyx,YYYXyyyxYYxyxx,1,74426,1000,13
ac19_44370,YXXyx,YYYXYxxxyyXyXX,1,74437,1000,13
ac19_44375,YXXyx,YYYXyyxyxyxxx,5,74450 75067 82823 91894 102224,1000,15
ac19_44381,YXXYXXyxx,YXyXyxxxxx,1,74462,1000,16
ac19_44400,YXYXyx,YYYxxYXyXyXYX,2,74499 89036,1000,16
ac19_44405,YXYXyx,YYYYXyxyXXXYx,2,74512 149706,1000,13
ac19_44407,YXYXyx,YYYYXyXyxyXyxxx,1,74520,1000,17
ac19_44410,YXXyx,YYYXYYxYXyyxyyyx,1,74523,1000,15
ac19_44431,YXYXyx,YYYXyXXyyxyxx,2,74581 142698,1000,16
ac19_44441,YXYXyx,YYXyyXYxYYxxYXyyX,2,74608 99098,1000,16
ac19_44446,YXYXyx,YYYYYXyxyXXXXYx,2,74616 125473,1000,17
ac19_44472,YXyXXXyx,YYxxyxyXX,4,74666 85153 111677 124028,1000,15
ac19_44499,YXyXXyx,YYYYxyxyxYXXyXyx,2,74712 86290,1000,17
ac19_44503,YXYXyx,YYYYYXyxyXXyyxx,1,74731,1000,16
ac19_44506,YXXyx,YYYYYXyyyyyxYx,3,74736 90952 114833,1000,18
ac19_44509,YXXyx,YYXYYXyyXyXXXX,2,74742 104040,1000,17
ac19_44514,YXXyx,YYYXyXyxyXyXXXXX,1,74759,1000,16
ac19_44546,YXXyx,YYYYYXyxxyyyyXYX,1,74831,1000,18
ac19_44553,YXyXXyx,YYYXXyxxyyx,2,74846 144529,1000,17
ac19_44557,YXYXyx,YYYXXyyxyyxxx,2,74852 120405,1000,15
ac19_44571,YXYXyx,YYYXXyXXXXYxx,2,74893 120819,1000,17
ac19_44578,YXXyx,YYYYXyyyxxxyyx,1,74919,1000,16
ac19_44625,YXXyx,YYYXyyXyyxYxxYxx,1,75038,1000,16
ac19_44633,YXXyx,YYYYYXYxyXyyyyX,2,75061 95189,1000,17
ac19_44643,YXXyx,YYYYXYXyyXXyyX,1,75082,1000,15
ac19_44664,YXYXyx,YYXyXXyXYXYxx,1,75158,1000,16
ac19_44679,YXyXXyx,YYXyxYxYXXyyxyx,2,75186 127095,1000,16
ac19_44681,YXXyx,YYYYYXyxxyxyyx,3,75188 100792 145273,1000,15
ac19_44693,YXXyx,YYXyyXyXXXYXYX,1,75215,1000,16
ac19_44700,YXyxYXXyx,YYYXyxyxxYXyx,1,75227,1000,18
ac19_44702,YXXyx,YYYYXyyXXXyXXX,2,75231 81812,1000,16
ac19_44706,YXXyx,YYYYXyXyxyyXYX,2,75244 127083,1000,16
ac19_44713,YXXyx,YYYYXyyXyyxxyx,1,75255,1000,16
ac19_44717,YXXyx,YYYYYXyyyyxyXYXX,1,75267,1000,17
ac19_44728,YXXyx,YYYYXyXyyxyXyX,2,75295 114179,1000,14
ac19_44739,YXYXyx,YYYYYxyXXyXyX,1,75324,1000,16
ac19_44748,YXYXyx,YYXYxxyXyXXyXYx,2,75339 142040,1000,16
ac19_44779,YXXyx,YYYXyyyXyyXYYYxx,1,75411,1000,16
ac19_44791,YXXyx,YYYYXYxYXyxyyXyyyXYx,1,75429,1000,17
ac19_44797,YXXyx,YYYYXyXXyyyxxYx,2,75446 99975,1000,16
ac19_44813,YXYXyx,YYYxyxYXyXXyyyx,1,75475,1000,16
ac19_44871,YXXyx,YYYYXYxyxyyXyX,2,75601 94881,1000,15
ac19_44908,YXYXyx,YYYYxYxyyXXXX,2,75705 127929,1000,18
ac19_44936,YXXyx,YYYYXyyXyyxYxxx,3,75771 93552 105558,1000,16
ac19_44938,YXyXXXyx,YYxyxxyXXYXyX,1,75773,1000,18
ac19_44949,YXXyx,YYYYYXyXyyXyXYxyXX,1,75809,1000,18
ac19_44956,YXXyx,YYXYxyXyyXXXYx,1,75824,1000,14
ac19_44977,YXYXyx,YYXYYXyXXyyxYxx,1,75871,1000,16
ac19_44998,YXXyx,YYYYXYYxyXyyxyyx,2,75916 95253,1000,17
ac19_45011,YXXyx,YYYYYXyyyXXyXX,1,75945,1000,17
ac19_45016,YXYXyx,YYYYxxYXyxyXyXX,1,75959,1000,18
ac19_45037,YXYXyx,YYXYxxyXXXyyxYx,1,76027,1000,16
ac19_45047,YXXyx,YYYYYXyyxxxyyx,1,76051,1000,15
ac19_45054,YXXyx,YYYXYXyyyXXXX,2,76072 133736,1000,16
ac19_45056,YXYXyXXYXyX,YYYXyXXYXYXyXyyx,1,76081,1000,18
ac19_45066,YXYXyx,YYXXyyXXYYxxx,1,76107,1000,17
ac19_45071,YXYXyx,YYYYYXXyXXXYxYX,1,76120,1000,17
ac19_45076,YXXyx,YYYYXXYXyxyxyyxx,1,76134,1000,16
ac19_45084,YXYXyx,YYXyXyxyXyXYYxx,1,76161,1000,16
ac19_45107,YXYXyx,YYYYxxyXXXXYYXX,1,76206,1000,17
ac19_45112,YXXyx,YYYYYXyyxyxyxYXyxx,1,76220,1000,18
ac19_45118,YXYXyx,YYYXyyXXXyxxx,2,76231 98902,1000,16
ac19_45135,YXXyx,YYYXyyyxYxxxx,1,76261,1000,15
ac19_45137,YXYXyx,YYYXYxyyXyyyxxx,2,76264 111943,1000,17
ac19_45144,YXXyx,YYYYYXXyyyyXXX,1,76278,1000,16
ac19_45149,YXXyx,YYYXyyyxxxxyxYYx,1,76286,1000,18
ac19_45163,YXYXyx,YYYxYYxyXXyXX,1,76325,1000,18
ac19_45165,YXXyx,YYXYXyyxyXXyXX,1,76329,1000,15
ac19_45169,YXXyx,YYYYYXyXyyyxyXYX,1,76336,1000,17
ac19_45173,YXXYxxyx,YYxYxyxyX,2,76356 86349,1000,5
ac19_45176,YXYXyx,YYXYYXyXXyXYxYx,1,76362,1000,16
ac19_45185,YXYXyx,YYXXyXXXYXYYx,2,76384 85421,1000,17
ac19_45203,YXYXyx,YYXyXXXXYYxxx,1,76422,1000,17
ac19_45211,YXXyx,YYXYYxYxyyXyyXX,1,76439,1000,18
ac19_45221,YXYXyx,YYYYxyXXXXyxx,1,76461,1000,14
ac19_45228,YXYXyx,YYYYXXXXXyXYx,1,76474,1000,16
ac19_45237,YXYXyx,YYYxxyxxyyXXX,1,76493,1000,15
ac19_45264,YXXyx,YYYYXyXyyXyXYX,3,76548 103321 145809,1000,16
ac19_45285,YXYXyx,YYYXyyyXXYYxx,1,76603,1000,17
ac19_45288,YXyXXyx,YYXyXYxYxyxyxyX,2,76611 109786,1000,16
ac19_45296,YXXyx,YYYYXyxyyyXyyxYx,2,76623 86982,1000,17
ac19_45301,YXYXyx,YYXXyXXyxxxxx,2,76639 108266,1000,16
ac19_45315,YXXyx,YYYYXYxYXyyXyyyx,1,76670,1000,16
ac19_45320,YXXyx,YYYYXYXyyxxyyyyX,1,76683,1000,16
ac19_45338,YXYXyx,YYYXYxYYXyXXX,1,76718,1000,16
ac19_45345,YXYXyx,YYYxxxYXyyXyX,2,76751 109816,1000,16
ac19_45353,YXyXXyx,YYXYxyXyyxYXYxyx,2,76777 82874,1000,16
ac19_45369,YXyXXXXyx,YYXyyXYxxyX,1,76811,1000,15
ac19_45378,YXYXyx,YYXXXyyXXYxYx,2,76840 82819,1000,15
ac19_45385,YXXyx,YYYXYXyyXyyXYX,2,76851 77977,1000,16
ac19_45401,YXXyx,YYXYYXyxyXXyXX,1,76892,1000,15
ac19_45447,YXYXyx,YYYXXXyXXYxYxyx,1,77019,1000,16
ac19_45449,YXyXXyx,YYYxxxYxyxyxYX,2,77023 154599,1000,17
ac19_45450,YXYXyx,YYXYxxxxyXyyX,1,77027,1000,14
ac19_45455,YXyXXXyx,YYYxyxYxxyxYXyx,2,77034 93813,1000,16
ac19_45462,YXXyx,YYYYYXYxyyyXyXyX,1,77053,1000,17
ac19_45474,YXyXXXyx,YYXXXyXyxyx,2,77084 84002,1000,17
ac19_45480,YXXyx,YYYXYYxyXyyxyxx,3,77104 133611 141932,1000,17
ac19_45490,YXYXyx,YYYXXyxyyXXyxxx,1,77132,1000,16
ac19_45518,YXXyx,YYYXYYXyxyXyXyX,1,77198,1000,16
ac19_45521,YXXyx,YYYXYYXyyXyyXXX,2,77203 148188,1000,17
ac19_45522,YXYXyx,YYYxxxYXyxyXXyX,1,77204,1000,17
ac19_45576,YXYXyx,YYxYXyXyyxyxx,2,77341 107094,1000,17
ac19_45577,YXXyx,YYYXYxyyyXXX,4,77342 99336 105164 113483,1000,16
ac19_45578,YXXyx,YYYYXYXyyxyyXXX,2,77343 155141,1000,18
ac19_45592,YXYXyx,YYXyXXyyxxxYx,2,77371 115789,1000,17
ac19_45596,YXXyx,YYYXyxyxyXyXXX,1,77378,1000,15
ac19_45610,YXYXyx,YYYYXyxyyXXXYxx,2,77406 154267,1000,16
ac19_45631,YXyXXyx,YYYxYxyyxxx,2,77453 105365,1000,17
ac19_45636,YXXyx,YYYXyyXyyxxxxxx,2,77465 89267,1000,17
ac19_45645,YXXyx,YYYYXYYxyXyxyXyyyXYx,1,77486,1000,17
ac19_45646,YXXyx,YYYYXYxyXyyyXXX,1,77489,1000,18
ac19_45649,YXYXyx,YYYxyXyyXXyxx,1,77497,1000,15
ac19_45656,YXYXyx,YYXYxYxyyXXXX,2,77515 156507,1000,16
ac19_45662,YXXyx,YYYYXyXyyxyyxxx,2,77539 79566,1000,17
ac19_45664,YXXyx,YYYXYxyyXXyXX,1,77541,1000,16
ac19_45674,YXYXyx,YYYYxYYXyXXXYxyyX,1,77573,1000,17
ac19_45680,YXXyx,YYYYXYXyyXyXyX,2,77586 130922,1000,16
ac19_45684,YYXXYXYYXXX,YYXYYXyXYYXXXyx,1,77594,1000,18
ac19_45687,YXYXyx,YYYxxYXyxyyXyyXYx,2,77599 86122,1000,16
ac19_45692,YXXyx,YYYXYXyxxyyyXyyXYX,1,77611,1000,17
ac19_45694,YXXyx,YYYXyXyyXXyXYxYX,1,77618,1000,16
ac19_45731,YXyXXXyx,YYYXyxyyx,1,77700,1000,17
ac19_45745,YXXyx,YYYXYXyyxxyyyXX,1,77725,1000,16
ac19_45769,YXXyXYxxx,YYXXyxYYXXyxx,1,77776,1000,18
ac19_45786,YXXyx,YYYYYXyyxyyXyyX,1,77818,1000,17
ac19_45795,YXXyx,YYYYYXYxyyyXyyyxyX,1,77842,1000,16
ac19_45799,YXYXyx,YYXYYxYYXyXXX,1,77855,1000,16
ac19_45806,YXXyx,YYYXyXXyyxxxYx,1,77875,1000,14
ac19_45823,YXYXyx,YYYxxYxyXyyXX,2,77922 85679,1000,16
ac19_45855,YXXyx,YYYYYXXYxyxyyyyx,2,77995 78109,1000,16
ac19_45881,YXyXXyx,YYxxyXyXYxyxyXYXX,1,78069,1000,17
ac19_45895,YXyXXyx,YYxyxYxxxxyXYXX,1,78100,1000,16
ac19_45914,YXXyx,YYYYXXXyyXyyyxxx,2,78157 117714,1000,17
ac19_45921,YXYXyx,YYYXXXXyyxxYxyx,2,78169 81708,1000,17
ac19_45924,YXXyx,YYXYXYYxyyXyyX,2,78172 114036,1000,15
ac19_45950,YXYXyx,YYYXyxyXXYXXXXYYx,1,78228,1000,19
ac19_45969,YXYXyx,YYxYxyXYXyXyyxx,2,78269 149564,1000,17
ac19_45979,YXyXXyx,YYXYxyXyxxYYxyx,2,78295 124625,1000,16
ac19_45995,YXYXyx,YYXyXXXXyxxxx,1,78331,1000,16
ac19_46032,YXYXyx,YYYxxxYXXyxyXyX,1,78423,1000,16
ac19_46044,YXXyx,YYXXXYXyyXyyXX,1,78457,1000,15
ac19_46045,YXXyx,YYYYXyxyyxyyXX,7,78460 86272 114471 116829 118708 119668 129189,1000,16
ac19_46064,YXyXXyx,YYxyXXyxyxxYX,1,78506,1000,16
ac19_46081,YXYXyx,YYYXyXXYXXXXYYx,2,78541 152602,1000,18
ac19_46112,YXYXyx,YYYXYxyXXyyXXYx,1,78602,1000,17
ac19_46152,YXXyx,YYYYXyyyXyXXYx,3,78700 140777 146077,1000,16
ac19_46156,YXYXyx,YYXYYXyyXXXYx,2,78712 118009,1000,14
ac19_46167,YXXyx,YYYYXYYXyxxyyyyx,1,78736,1000,16
ac19_46195,YXyXXXyx,YYxyxyXYxyXXX,1,78806,1000,17
ac19_46205,YXXyx,YYXYYXyyxyyXXXYX,1,78841,1000,17
ac19_46206,YXYXyx,YYYXYYxxYXyxyXyXX,1,78845,1000,18
ac19_46207,YXXyx,YYYYYXyyyyXyyX,1,78849,1000,17
ac19_46212,YXXyx,YYYXyyyXXyXYYX,1,78869,1000,16
ac19_46215,YXyXXyx,YYXYxyyxxx,2,78874 131596,1000,17
ac19_46240,YXyXXyx,YYXyxxyyxYX,2,78933 92584,1000,16
ac19_46249,YXXyx,YYXYYXyXyxyXXXXX,2,78956 147033,1000,17
ac19_46256,YXXyx,YYYYYXyXyXyyxx,2,78971 83075,1000,16
ac19_46257,YXYXyx,YYYXyyyXXYxYx,2,78973 135106,1000,16
ac19_46267,YXXyx,YYXyxyXyxyxxxYx,1,78998,1000,16
ac19_46284,YXYXyx,YYYYYxyXyXyXX,2,79034 128192,1000,18
ac19_46287,YXXyx,YYXYxyyxyXyxxx,1,79041,1000,14
ac19_46290,YXYXyx,YYXYxyXXyyXyyxYYx,1,79045,1000,17
ac19_46298,YXXyx,YYYXyyXXyXyXXXX,1,79069,1000,16
ac19_46329,YXXyx,YYXYXYxyXyyXXX,2,79150 109460,1000,16
ac19_46342,YXYXyx,YYYxYYXyxyXyyXX,2,79185 109229,1000,18
ac19_46348,YXYXyx,YYYXYxyyXXyyyxx,1,79198,1000,17
ac19_46349,YXYXyx,YYXyyXyyxYxxxYX,1,79199,1000,16
ac19_46355,YXXyx,YYYYXyxyxxxyxx,1,79211,1000,3
ac19_46357,YXXyx,YYYXYxyxyyxyxxYx,1,79225,1000,17
ac19_46362,YXyXXyx,YYxyxyxYXyxYYxx,1,79237,1000,15
ac19_46368,YXXyx,YYYXyyXyXyXXYYxx,1,79251,1000,17
ac19_46371,YXYXyx,YYYYYXYxyXXyyyXyx,1,79256,1000,16
ac19_46400,YXYXyx,YYYYxyxYYXyXyXX,1,79322,1000,18
ac19_46403,YXyXXyx,YYXYxyXXyxyxx,1,79332,1000,16
ac19_46408,YXyXXyx,YYXYxxyyxyX,2,79347 88756,1000,16
ac19_46430,YXXyx,YYYXYxyXXyXyXXX,1,79425,1000,16
ac19_46434,YXYXyx,YYXYYXXXXXYYx,1,79434,1000,16
ac19_46444,YXYXyx,YYXyyXyyxxx,5,79454 91685 105391 135351 137114,1000,15
ac19_46471,YXyXXyx,YYYxyxxyxYYxxx,1,79522,1000,17
ac19_46477,YXXyx,YYYXyyXXyyxxxx,1,79536,1000,16
ac19_46479,YYXXXyXX,YYXyyXYYXyX,1,79546,1000,17
ac19_46483,YXXyx,YYYXyXyyxxxxYx,2,79555 100090,1000,15
ac19_46511,YXXyx,YYXyxxyyxxYxYx,1,79637,1000,15
ac19_46522,YXYXyx,YYYXyXXXXYxYx,1,79665,1000,16
ac19_46534,YXyXXyx,YYxxyXyxyxYXX,2,79692 83841,1000,16
ac19_46537,YXXyx,YYYXyyyxxYXyxYx,1,79707,1000,15
ac19_46570,YXXyx,YYYXyxyXyyXyXXYx,2,79813 93856,1000,16
ac19_46588,YXXyx,YYYYXyyXyyxxxxyx,1,79860,1000,17
ac19_46590,YXyXXyx,YYxxYXXXyxyxyXX,1,79874,1000,17
ac19_46610,YXYXyx,YYYYYxYXyXyXX,1,79929,1000,18
ac19_46619,YXyXXyx,YYXYxyyxYXyxYXyx,1,79954,1000,16
ac19_46624,YXYXyx,YYXyxyXXXYYxx,2,79964 104442,1000,16
ac19_46630,YXYXyx,YYYYXyxyXyyXXYx,1,79987,1000,17
ac19_46664,YXyXXyx,YYYXXyxxyx,2,80060 113050,1000,15
ac19_46676,YXXyx,YYYYXYXYxyXyXyyXyX,1,80087,1000,19
ac19_46680,YXXyx,YYYYYYXyxxyyyyx,1,80096,1000,17
ac19_46690,YXXyx,YYYYXXXyXyyXyXyX,1,80119,1000,5
ac19_46695,YXXyx,YYYXYxYXyyxyyXXXX,1,80127,1000,17
ac19_46699,YXyXXXyx,YYXyXXYxxyxyx,2,80133 140916,1000,16
ac19_46701,YXyXXyx,YYYXyXXXyyxxx,1,80136,1000,17
ac19_46721,YXXyx,YYYXYYYXyyXyyXyX,2,80189 98101,1000,18
ac19_46732,YXXyx,YYYYXyyxyyxxxyx,1,80213,1000,17
ac19_46790,YXYXyx,YYXYxyyXyXXXYxx,1,80368,1000,16
ac19_46800,YXXyx,YYXYXyXyyXyyXXYX,2,80385 88296,1000,17
ac19_46809,YXXyx,YYYXyyxyyxYYxx,1,80413,1000,15
ac19_46815,YXYXyx,YYXYxYYXyXXyX,1,80429,1000,16
ac19_46819,YXYXyx,YYYXyXXXyxxYx,1,80439,1000,14
ac19_46820,YXXyx,YYYXXYYxyyxyxyxx,1,80440,1000,16
ac19_46836,YXyXXyx,YYxYXyxYxyxyxYX,2,80481 87867,1000,17
ac19_46871,YXXyx,YYYYXXYxYxyyXyyXyX,1,80573,1000,17
ac19_46881,YXYXyx,YYYYXyXXXXXYxYX,2,80593 123046,1000,17
ac19_46918,YXYXyx,YYXXXXyyxxYxx,2,80688 132503,1000,17
ac19_46919,YXYXyx,YYYYYYXyXXXYYXX,1,80690,1000,18
ac19_46934,YXYXyx,YYYYYYXYYXXyXXX,2,80734 116393,1000,18
ac19_46935,YXXyx,YYYYYXyXyXyyxxxx,1,80737,1000,17
ac19_46941,YXXyx,YYYYYXyxyxyyxx,2,80754 83782,1000,16
ac19_46974,YXYXyx,YYXyxyXyyXyxYxx,1,80848,1000,16
ac19_46985,YXXyx,YYXYxYXyyXyXXXXX,1,80877,1000,16
ac19_46995,YXYXyx,YYYXyyXXyxxxx,2,80900 145296,1000,16
ac19_46996,YXXyx,YYYXYYxyyXyyxyyX,3,80903 94342 146170,1000,16
ac19_46998,YXYXyx,YYYXXXyXyxxxxyx,1,80907,1000,17
ac19_47002,YXyXXyx,YYxyXXXyXYXyxyxyX,2,80913 89620,1000,16
ac19_47020,YXXXyxYxx,YYYxxYYXXX,1,80972,1000,17
ac19_47021,YXyXXyx,YYxxyXyxxyxYXYXyX,1,80974,1000,19
ac19_47030,YXXyx,YYXYXyyXXyxyXX,1,80995,1000,13
ac19_47036,YXXyx,YYYXXXyyXyXyXX,1,81005,1000,15
ac19_47065,YXYXyx,YYxYYxyxYXyXyXX,2,81083 92052,1000,17
ac19_47069,YXYXyx,YYYYxYXyXXXYYXX,1,81098,1000,17
ac19_47075,YXyXXyx,YYYxYxyxxyx,2,81116 85617,1000,16
ac19_47083,YXXyx,YYYXyXXyxyyxxx,1,81130,1000,15
ac19_47086,YXXyx,YYYYXyyxxxxyx,1,81136,1000,15
ac19_47087,YXYXyx,YYYYXXyXXXXYxYX,2,81140 120653,1000,18
ac19_47088,YXXyx,YYYYXXXyxyyXXX,1,81142,1000,16
ac19_47098,YXXyx,YYYXyxyyxxYxx,1,81161,1000,16
ac19_47103,YXXyx,YYYXyyXyXyxxxxYYx,1,81169,1000,19
ac19_47112,YXXyx,YYYXXYXyyyxxxxx,2,81195 110444,1000,17
ac19_47117,YXYXyx,YYYYxxyXXXXYX,1,81205,1000,17
ac19_47146,YXXyx,YYXYXyxxyXyyXX,1,81259,1000,13
ac19_47152,YXYXyx,YYXYYxxyyXXXX,2,81274 81559,1000,16
ac19_47190,YXYXyx,YYYYxyyyXXXYxyX,1,81369,1000,16
ac19_47214,YXYXyx,YYYYYYXyXXyyx,1,81421,1000,14
ac19_47230,YXyXXyx,YYXYxYxxyyx,4,81460 84616 99743 143707,1000,16
ac19_47234,YXXyx,YYXyyXyXXYXXYX,1,81464,1000,16
ac19_47245,YXYXyx,YYYYxxyyxyXXX,1,81488,1000,15
ac19_47250,YXyXXyx,YYXXyyxyxYx,2,81500 118069,1000,16
ac19_47255,YXYXyx,YYYYXyxyXyXXYYx,2,81514 149074,1000,17
ac19_47277,YXXyx,YYYXYxYXyyxyXyxyyX,3,81565 135803 150375,1000,16
ac19_47283,YXXyx,YYYYXyyyxxyyyxYX,1,81578,1000,16
ac19_47290,YXyXXyx,YYYXyxyXyxx,2,81601 151939,1000,16
ac19_47295,YXYXyx,YYXXXyXXYxyXYYx,1,81609,1000,16
ac19_47300,YXYXyx,YYYxxYxyXXyXX,2,81617 122413,1000,17
ac19_47318,YXYXyx,YYYXYxyyyXyXXYx,1,81678,1000,16
ac19_47335,YXXyx,YYXXYxyXyXyyXXX,1,81714,1000,16
ac19_47341,YXYXyx,YYYXXXyyxYXyxxx,1,81731,1000,16
ac19_47349,YXXyx,YYYXYxYxyXyyyX,4,81743 85118 133380 151033,1000,13
ac19_47363,YXyXXXyx,YYXyXyyXXYxyXYxyX,1,81775,1000,17
ac19_47405,YXYXyx,YYYXXXXXYYxYX,1,81853,1000,15
ac19_47419,YXYXyx,YYYYxYYXyyXXX,1,81893,1000,17
ac19_47435,YXXyx,YYXYYXyxyXyxyyxx,1,81926,1000,16
ac19_47444,YXXYxxyxx,YYXXyxyxYx,1,81950,1000,17
ac19_47451,YXXyx,YYYYXYXyyxyXyxx,1,81970,1000,16
ac19_47459,YXXyx,YYYYYXyxyyXYxyyX,1,81983,1000,13
ac19_47474,YXXyx,YYYYXyXyXyXXX,5,82008 88391 98982 106249 140256,1000,16
ac19_47475,YXXyx,YYYYXyxyyXyXyXX,2,82010 143797,1000,17
ac19_47478,YXXyx,YYXyyxyxxxYxYx,2,82019 99861,1000,16
ac19_47531,YXYXyx,YYXyXXyxyxYxx,1,82160,1000,15
ac19_47554,YXXyx,YYYXYxxxyyyxxx,1,82219,1000,16
ac19_47567,YXXyx,YYXyxxyyXyXXXYX,1,82255,1000,16
ac19_47570,YXYXyx,YYYYxyxYxyXyyXX,1,82261,1000,17
ac19_47572,YXXyx,YYXYYXyyxyxYXyxx,1,82265,1000,14
ac19_47594,YXXyx,YYYXyXyyxyXXXX,1,82317,1000,15
ac19_47603,YXYXyx,YYYXXyyXXYxxx,1,82333,1000,14
ac19_47605,YXXYxxyx,YYXyxYxYXyx,2,82339 131578,1000,18
ac19_47607,YXXyx,YYYXYXYXyxxyyyXX,1,82343,1000,15
ac19_47622,YXYXyx,YYYYxyXyyXXYx,1,82376,1000,16
ac19_47639,YXXyx,YYYXyXyxyyXXX,2,82435 106838,1000,15
ac19_47657,YXYXyx,YYYYYYXyXXXYXyX,2,82477 100210,1000,18
ac19_47668,YXyXXXyx,YYYxyxxyX,2,82497 141460,1000,16
ac19_47703,YXYXyx,YYXYxxyyXyXXXYx,1,82593,1000,16
ac19_47704,YXYXyx,YYXXyXyXXYYxx,2,82595 95364,1000,17
ac19_47716,YXYXyx,YYXXyxyXXXYxYYx,2,82615 113261,1000,17
ac19_47722,YXYXyx,YYXXXXyXYxxxx,1,82631,1000,13
ac19_47723,YXyXXXyx,YYYxyxYxyyx,2,82633 131515,1000,17
ac19_47753,YXXyx,YYYYXyXyXyyyxxxx,1,82728,1000,17
ac19_47760,YXYXyx,YYYYXXyyXyxxx,2,82752 102162,1000,17
ac19_47769,YXyXXyx,YYXYXyyXyxx,2,82772 115959,1000,16
ac19_47800,YXYXyx,YYYXXyXyyxxxx,2,82859 83828,1000,18
ac19_47806,YXYXyx,YYYXYxyyXyXXYYx,1,82867,1000,18
ac19_47807,YXyXXXyx,YYXyXYXyxYxxyyX,1,82871,1000,16
ac19_47817,YXYXyx,YYXYxxyXyXyXYYx,1,82895,1000,16
ac19_47818,YXYXyx,YYXXyyXXYxYxx,2,82898 120860,1000,16
ac19_47820,YXYXyx,YYXYxxYYXyyXyXX,1,82904,1000,18
ac19_47831,YXXyx,YYYYXYxyXyxyxyxx,2,82936 109250,1000,17
ac19_47834,YXYXyx,YYXyyXXyxxYYx,1,82944,1000,15
ac19_47872,YXXyx,YYYYYXyxyXyyyXyX,1,83036,1000,18
ac19_47879,YXXyx,YYYYXyyXXyXXXX,1,83058,1000,17
ac19_47896,YXyXXyx,YYXXXXyxyxx,2,83104 154010,1000,16
ac19_47927,YXXyx,YYYYYXyyyXyxxx,1,83216,1000,17
ac19_47932,YXYXyx,YYYYXYYxxyXyXXX,1,83227,1000,17
ac19_47946,YXXyx,YYYYXyXyxyXyXyXX,2,83268 121592,1000,17
ac19_47953,YXYXyx,YYYXXyyyxyxxx,2,83286 96035,1000,16
ac19_47964,YXYXyx,YYXXXyXXyxYxxxxyx,1,83309,1000,17
ac19_47981,YXYXyx,YYYXyXyXyxyxx,1,83340,1000,15
ac19_47991,YXYXyx,YYYYXXyxyXXXYxx,2,83361 152360,1000,16
ac19_48002,YXYXyx,YYXyXYxxxYxyXXyXX,1,83392,1000,17
ac19_48021,YXXyx,YYYYXyyyXXXX,2,83451 111961,1000,16
ac19_48033,YXYXyx,YYXXyXXXyXYxxYxyx,2,83479 135269,1000,17
ac19_48098,YXYXyx,YYXYxxxyyXyXXYx,1,83636,1000,16
ac19_48119,YXYXyx,YYXXyXyXYYxYxyx,1,83691,1000,17
ac19_48129,YXYXyx,YYYYYxyXyxyXXXX,1,83730,1000,17
ac19_48136,YXXyx,YYYYXyyyyXXyX,2,83748 103034,1000,16
ac19_48220,YXyXXXyx,YYxyxyXYXXyxYxyXX,1,84008,1000,16
ac19_48222,YXYXyx,YYXYYXyyXyyxxYx,1,84014,1000,17
ac19_48235,YXXyx,YYYYXYXYxyyXyyXyX,1,84056,1000,17
ac19_48263,YXYXyx,YYYXXXXXXYYxxyx,2,84136 152243,1000,18
ac19_48301,YXYXyx,YYXyXXyxyxxYx,2,84237 124592,1000,16
ac19_48306,YXXyx,YYYYXYxyyyXyxx,1,84245,1000,15
ac19_48321,YXYXyx,YYYxYYxyyXyXX,2,84288 154056,1000,17
ac19_48342,YXXyx,YYYYXYxxYXyyyXyyyXYx,1,84339,1000,17
ac19_48347,YXXyx,YYYXYXyyyxyyxx,2,84348 152660,1000,16
ac19_48351,YXXyx,YYYXyyyXXXXYxx,1,84354,1000,16
ac19_48352,YXXyx,YYXYYxyxyyxxx,5,84355 84397 88687 93741 129907,1000,16
ac19_48360,YXXyx,YYYYXYxyxyyyXXXX,1,84383,1000,17
ac19_48373,YXYXyx,YYYYYYXyyyXXX,1,84424,1000,17
ac19_48378,YXYXyx,YYXXXYXyXYYxx,2,84433 110831,1000,15
ac19_48421,YXyXXyx,YYYxYxxyxxyXX,1,84555,1000,17
ac19_48425,YXYXyx,YYXXXyXXYYxYxyx,2,84563 86332,1000,16
ac19_48432,YXyXXyx,YYXyxxyyXX,2,84581 139925,1000,16
ac19_48467,YXXyx,YYYYXXYxyyxyyxxx,2,84659 100549,1000,17
ac19_48471,YXYXyx,YYXyXXyyxYxYxyx,2,84670 123922,1000,16
ac19_48484,YXYXyx,YYYXyXyXXYXYx,2,84714 141422,1000,16
ac19_48485,YXXyx,YYYYYXyXyxyxyyyx,1,84716,1000,18
ac19_48510,YXXyx,YYYXyXyXyyxxYYxx,2,84770 145457,1000,16
ac19_48511,YXXyx,YYYYYXXXyyyxyxx,1,84773,1000,16
ac19_48518,YXYXyx,YYYXXyxyXXXXYYx,2,84792 89353,1000,18
ac19_48544,YXYXyx,YYYYXXXXXYx,3,84876 99978 151426,1000,16
ac19_48579,YXXXyxxYx,YXYXYxYXXyxx,2,84963 111753,1000,17
ac19_48580,YXYXyx,YYYXyXXXXYYxx,1,84964,1000,17
ac19_48592,YXYXyx,YYYXXXyXyxyxx,1,85003,1000,16
ac19_48602,YXXyx,YYYYXyxyxyyXyX,2,85024 111877,1000,14
ac19_48604,YXXXXyXyX,YYxyxyxYxx,1,85026,1000,16
ac19_48619,YXyXXyx,YYXYXyXyyxx,2,85073 148208,1000,16
ac19_48631,YXXyx,YYXyyXyXXXYxYX,2,85099 134437,1000,16
ac19_48685,YXYXyx,YYYYYxyXyxyXXyX,1,85239,1000,16
ac19_48695,YXYXyx,YYYXYxyyyXXXXYx,1,85252,1000,17
ac19_48709,YXyXXyx,YYXXyXYXyyxyxx,1,85282,1000,17
ac19_48714,YXXyx,YYXYYXyyXyXXXyXYX,1,85294,1000,18
ac19_48720,YXXYxxyx,YYxxyXYxYYxxx,2,85308 102039,1000,18
ac19_48741,YXYXyx,YYYXXyXXXYYYx,2,85355 132296,1000,18
ac19_48763,YXyXXyx,YYXXYxxxyxx,2,85394 117811,1000,16
ac19_48773,YXXyx,YYYXYxyxyXyyxyxx,1,85422,1000,17
ac19_48784,YXYXyx,YYYYXXXXXYxYX,2,85449 90455,1000,16
ac19_48787,YXYXyx,YYYYXYYxYXyyXXX,1,85452,1000,17
ac19_48870,YXXyx,YYYXyxyyXXXXXYX,2,85675 119612,1000,16
ac19_48881,YXXyx,YYYYYXyXyyxyxyyx,1,85717,1000,16
ac19_48885,YXYXyx,YYYXyXXyXYYYxyx,1,85722,1000,17
ac19_48895,YXXyx,YYYXYYxyXyyyXX,1,85739,1000,16
ac19_48911,YXYXyx,YYYYYXyXXXXYxyXYX,2,85765 153760,1000,18
ac19_48924,YXXyx,YYYYXyyxyXyXyXX,1,85790,1000,16
ac19_48954,YXXyx,YYYXXYxyyxyxyyxx,1,85860,1000,16
ac19_48964,YXXyx,YYYYXyXyyyxYxxx,2,85882 135366,1000,17
ac19_48969,YXYXyx,YYXyxyXXXyyxYxx,1,85896,1000,16
ac19_48985,YXXyx,YYYYXyyxyXyyxx,1,85927,1000,16
ac19_49036,YXYXyx,YYYXYxyXyyyXXYx,1,86053,1000,17
ac19_49042,YXyXXyx,YYxyxYxyxyXXYXXyX,1,86068,1000,17
ac19_49047,YXXyx,YYYYXyXyyxyxxyx,1,86078,1000,16
ac19_49065,YXYXyx,YYXYYxYXXXyXX,1,86129,1000,15
ac19_49095,YYXXXYx,YYXyxYXYXyx,1,86209,1000,17
ac19_49102,YXyXXXyx,YYXyXYxyxYxyxyX,2,86229 96274,1000,17
ac19_49149,YXYXyx,YYxYYxyXyXXYxyX,1,86363,1000,16
ac19_49170,YXXyx,YYYXYXyyXyXXXX,2,86406 152405,1000,17
ac19_49196,YXYXyx,YYYXyxyXXyyxxYx,1,86475,1000,17
ac19_49221,YXXyx,YYYXYYXyyXyyxx,1,86534,1000,16
ac19_49255,YYXXYxYxyX,YXyxYXyxYXXYx,1,86603,1000,17
ac19_49257,YXyXXyx,YYYXyxxyyXYx,1,86605,1000,16
ac19_49274,YXXyx,YYYXXYxyyXyyyxxxx,1,86641,1000,17
ac19_49285,YXYXyx,YYXXyyXyxyxxx,1,86671,1000,16
ac19_49312,YXXyx,YYYXXXYXyyyXXX,1,86757,1000,16
ac19_49334,YXYXyx,YYXXXyXXXYxxx,2,86815 138987,1000,16
ac19_49347,YXXyx,YYYXYxyXyxyxyyxx,1,86851,1000,16
ac19_49367,YXXyx,YYYYXYxyXyxyxxyx,2,86901 98742,1000,16
ac19_49375,YXXyx,YYXYXyyxyxxxYx,2,86914 102159,1000,16
ac19_49380,YXYXyx,YYYXyXXXXXYxx,2,86932 121021,1000,16
ac19_49388,YXXyx,YYYXXYXyyXyyyXX,1,86944,1000,17
ac19_49389,YXXyx,YYYYXyxyxyxxxx,1,86947,1000,17
ac19_49392,YXYXyx,YYYXyXyyXXYYxyx,1,86954,1000,16
ac19_49405,YXXyx,YYYXYYYXyxyXyyXyX,2,86987 130011,1000,19
ac19_49409,YXYXyx,YYXXXyXXXYxYxyx,2,86992 113982,1000,17
ac19_49420,YXXyx,YYYXyyxyxxxYXX,1,87020,1000,14
ac19_49437,YXYXyx,YYXYYxYXyXyXX,2,87055 127782,1000,16
ac19_49471,YXYXyx,YYXXyXXyyxYxxyx,1,87139,1000,16
ac19_49477,YXYXyx,YYXXXyXXYxYxxyx,1,87151,1000,16
ac19_49510,YXYXyx,YYXYxYXyXXyyXYx,1,87222,1000,15
ac19_49533,YXYXyx,YYXXXyyXXYxYxyx,1,87293,1000,16
ac19_49565,YXXyx,YYYYXyXyxyyxyxxx,1,87386,1000,17
ac19_49580,YXYXyx,YYYXXXXXYYx,3,87415 101151 140275,1000,16
ac19_49601,YXXyx,YYXyxyXyXyXXXXYX,2,87462 92212,1000,16
ac19_49610,YXXyx,YYYXyyxyxxxYxx,1,87484,1000,17
ac19_49638,YXyXXyx,YYYXyyXXYXyxyxyx,2,87552 130163,1000,17
ac19_49642,YXYXyx,YYXYxyXyXXXYx,3,87567 153778 154077,1000,14
ac19_49651,YXYXyx,YYXXYYxYxyXXX,1,87585,1000,16
ac19_49652,YXYXyx,YYXyXyXyxxxYxYX,1,87591,1000,17
ac19_49656,YXYXyx,YYYXYxyXXXyXXYx,1,87603,1000,17
ac19_49660,YXXyx,YYYYXyxxyyyyXYYX,2,87611 136413,1000,17
ac19_49752,YXyXXyx,YYXyyxyXYYxyX,1,87847,1000,13
ac19_49753,YXYXyx,YYYXYxyyXyXyyxx,1,87856,1000,16
ac19_49772,YXyXXyx,YYYXyxyXXyyX,1,87912,1000,16
ac19_49791,YXXyx,YYXYYxyyXyyXXYX,1,87972,1000,17
ac19_49840,YXXyx,YYYXYXyxyXyxxx,1,88114,1000,14
ac19_49844,YXXXyxx,YYXXyxYXyxxx,1,88134,1000,16
ac19_49872,YXyXXyx,YYYXyyXYXXyXyyxyx,2,88203 148972,1000,17
ac19_49875,YXXyx,YYYYXXXyyxyxxx,2,88212 140783,1000,16
ac19_49887,YXYXyx,YYXYYxYXXyyXX,1,88241,1000,16
ac19_49930,YXXyx,YYYXYxYxyXyyXyXX,1,88354,1000,17
ac19_49942,YXXyx,YYYXyxyXyXyXXXX,2,88380 155696,1000,17
ac19_49958,YXXyx,YYYYXyyyyXXYX,3,88436 90967 134156,1000,17
ac19_49987,YXYXyx,YYYxyXXyXXYYX,1,88521,1000,16
ac19_49990,YXyXXyx,YYXyyxyXYXyXYxyX,2,88530 153826,1000,15
ac19_50000,YXXyx,YYYYXyyyXyXXXyX,2,88557 125969,1000,17
ac19_50008,YXyXXyx,YYXXXXyyxYxyx,1,88580,1000,15
ac19_50040,YXXyx,YYYXXXyyyxyxxYYx,2,88657 107823,1000,17
ac19_50044,YXYXyx,YYYYYxxyXXXYXyX,1,88668,1000,18
ac19_50050,YXXyx,YYYXYYXyyxyxxyxx,1,88682,1000,18
ac19_50052,YXyXXXyx,YYXyXYxYxyxYxyxyX,1,88689,1000,17
ac19_50078,YXYXyx,YYYXYxyXXyXXXYx,1,88761,1000,17
ac19_50087,YXYXyx,YYXYxYYXXXXyX,1,88782,1000,15
ac19_50105,YXXyx,YYYYXyyxxyyXXYX,1,88824,1000,16
ac19_50139,YXYXyx,YYXYYxxyXXXyX,1,88907,1000,15
ac19_50147,YXXyx,YYYXXYxyyxyxyyxxx,2,88929 94169,1000,17
ac19_50173,YXXyx,YYYXYYYXyyyxxyyx,1,88988,1000,17
ac19_50175,YXYXyx,YYXYYXyyXyyxYxx,1,88994,1000,15
ac19_50207,YXXyx,YYYYXYYxyXyyyxyx,1,89080,1000,17
ac19_50224,YXYXyx,YYYYYXYxYXyyXXX,2,89119 154861,1000,19
ac19_50255,YXyXXXyx,YYXyXYxyxYxxyyX,2,89194 104570,1000,16
ac19_50260,YXXyx,YYYXyXXXyxyyXX,1,89204,1000,13
ac19_50262,YYXXXyXYXyX,YXXyxYXXyxx,1,89208,1000,19
ac19_50265,YXXyx,YYYYXyyyXyXXyX,2,89213 140465,1000,16
ac19_50282,YXXyx,YYYXYXyyyXyyyXYX,2,89242 132050,1000,19
ac19_50288,YXYXyx,YYXXyXXXXYxxx,2,89253 125880,1000,16
ac19_50297,YXXyx,YYYXYxyyyXyyxYYx,1,89268,1000,16
ac19_50305,YXXyx,YYXYYxYYXyxyXyyXyX,1,89284,1000,17
ac19_50316,YXYXyx,YYYYYXXXXXYXX,2,89308 141475,1000,17
ac19_50317,YXXyx,YYYXyXyxyyXyXYX,2,89312 135179,1000,16
ac19_50371,YXXyx,YYYXyyxyXyxxx,2,89425 130879,1000,14
ac19_50378,YXXyx,YYYXYYxyyyxxyxx,1,89439,1000,18
ac19_50379,YXYXyx,YYYYXyxyyXXXYYx,2,89440 117322,1000,17
ac19_50387,YXXyx,YYYXYXyyyxxyxxyx,1,89453,1000,17
ac19_50388,YXYXyx,YYYXYYxyyXXXX,2,89456 99386,1000,16
ac19_50391,YXyXXyx,YYXXYxyxxxx,1,89464,1000,17
ac19_50406,YXXyx,YYYYXyXXyxyXXX,1,89493,1000,16
ac19_50414,YXYXyx,YYXYxYYxyXyXX,1,89506,1000,16
ac19_50428,YXYXyx,YYYYxxyXXXXYxyXYX,1,89543,1000,18
ac19_50433,YXXyx,YYYYXyXXyyyxYx,2,89553 142188,1000,14
ac19_50467,YXXyx,YYYYXYxyyyXyyXyX,2,89661 138116,1000,18
ac19_50469,YXYXyx,YYXyXyXXYXYxx,2,89666 91237,1000,16
ac19_50479,YXXyx,YYYXYXyxxyXyXX,1,89687,1000,13
ac19_50526,YXyXXyx,YYYxyxyxYYxx,2,89820 90940,1000,17
ac19_50535,YXXyx,YYYYXYxyyyyxyXXYxyyX,1,89839,1000,17
ac19_50558,YXYXyx,YYXyyxyXyXXYYxx,1,89898,1000,17
ac19_50582,YXXyx,YYYYYXyyxxyyXX,1,89973,1000,16
ac19_50587,YXYXyx,YYYYXyxyyyXXyxx,1,89981,1000,16
ac19_50610,YXYxxYXyxYXyx,YYxyXYxxYXyxYX,1,90026,1000,17
ac19_50664,YXXyx,YYYXYXyxyyxxxxx,2,90154 126440,1000,16
ac19_50717,YXXyx,YYXYXyxyXyXyXXX,2,90274 123732,1000,4
ac19_50721,YXYXyx,YYXXXXXyyxxYx,1,90285,1000,16
ac19_50751,YXYXyx,YYYYYxyyyXXXX,1,90360,1000,18
ac19_50761,YXYXyx,YYXyXXyyxxxxx,2,90390 142473,1000,18
ac19_50808,YXXyx,YYXYXyxxyyXyyXYX,1,90503,1000,16
ac19_50810,YXYXyx,YYYXXXyXXYYYxyx,2,90511 122676,1000,17
ac19_50822,YXXyx,YYYXyxxyxyyxxx,1,90538,1000,15
ac19_50827,YXXyx,YYYXYxyyxyxyxxYx,1,90556,1000,17
ac19_50854,YXXyx,YYXyyXyxxxYYxx,1,90620,1000,14
ac19_50863,YXXyx,YYXyyxxyXyxxYx,1,90643,1000,13
ac19_50864,YXYXyx,YYYYxyXXXyxyx,1,90645,1000,14
ac19_50872,YXYXyx,YYXXYYxYYXXyX,1,90664,1000,14
ac19_50874,YXXyx,YYXyyXyXXYXXYx,1,90674,1000,16
ac19_50885,YXYXyx,YYYxYXXyXXXYx,1,90709,1000,17
ac19_50891,YXYXyx,YYYXXyXXXXYYxyx,1,90719,1000,17
ac19_50950,YXXyx,YYYXYYxyyXyyxxx,2,90853 101513,1000,17
ac19_50952,YXYXyx,YYXyXyXXYYxYxyx,1,90857,1000,17
ac19_50953,YXYXyx,YYXYYxyXXXXYx,1,90858,1000,16
ac19_50954,YXYXyx,YYXXXXXyyxxYxyx,1,90861,1000,17
ac19_50982,YXYXyx,YYXyXyyXYYxxx,1,90939,1000,16
ac19_50987,YXXyx,YYYYXyyyXXXXX,2,90959 140437,1000,17
ac19_50992,YXXyx,YYYXYXyxyXXyXXX,2,90979 102166,1000,16
ac19_51009,YXXyx,YYYYXyXyXyyxYxxx,2,91035 95846,1000,16
ac19_51020,YXXyx,YYYYXXXyXyyyxyxx,2,91059 153659,1000,16
ac19_51023,YXYXyx,YYXYxyyXyyXyxxx,2,91068 120637,1000,17
ac19_51029,YXYXyx,YYXYxyyXXXyyxYx,1,91087,1000,15
ac19_51034,YYXXXXYX,YYYXYXyyX,1,91095,1000,17
ac19_51049,YXYXyx,YYYYXXXXXyxxx,1,91127,1000,16
ac19_51054,YXXyx,YYYXyXyXyyxxxx,2,91137 125865,1000,16
ac19_51055,YXYXyx,YYYXXyXXXYYYxyx,2,91140 110102,1000,17
ac19_51062,YXXyx,YYXYxyXyXyXXYX,1,91159,1000,15
ac19_51109,YXYXyx,YYXXyXXXYYxxx,2,91280 146576,1000,18
ac19_51113,YXXyx,YYYYXyyXXXXXyX,2,91294 144653,1000,16
ac19_51124,YXyXYXyxx,YYXXyxYXyXYxyx,2,91331 114131,1000,19
ac19_51148,YXYXyx,YYYXXyxyXXXYYYx,2,91401 113573,1000,18
ac19_51155,YXXyx,YYYYXYXyyxyyxxx,2,91417 96307,1000,17
ac19_51157,YXYXyx,YYYxYXyXXXYXX,2,91419 154694,1000,16
ac19_51166,YXYXyx,YYYYYYYXyXyXX,1,91443,1000,17
ac19_51171,YXyXXyx,YYYxyyxxYxx,2,91456 135204,1000,16
ac19_51213,YXXyx,YYYYXyyyXyXyXX,3,91586 129389 138575,1000,17
ac19_51217,YXYXyx,YYYYxxyxYXXyXXX,2,91596 122307,1000,18
ac19_51232,YXYXyx,YYYXyxyXXXXYYYx,1,91632,1000,18
ac19_51249,YXXyx,YYYXyXyyXXyXXX,1,91677,1000,16
ac19_51254,YXYXyx,YYXYxxxyXyyXX,2,91688 105250,1000,15
ac19_51268,YXXyx,YYYYXyyxyxxxx,2,91719 97769,1000,16
ac19_51280,YXYXyx,YYXYxxyXXyXXyxYxx,2,91747 118001,1000,16
ac19_51305,YXXyx,YYYYYXyyxyXyXX,1,91854,1000,16
ac19_51321,YXYXyx,YYXYxYxyXXXyX,2,91886 114453,1000,16
ac19_51336,YXXyx,YYYXyxyyXyXXYYx,2,91925 126310,1000,17
ac19_51337,YXXyx,YYYYXyyXyyxxyxx,1,91926,1000,17
ac19_51343,YXYXyx,YYYYXXXXYXXYx,2,91944 109870,1000,16
ac19_51345,YXYXyx,YYYXXXyXyyxxxyx,2,91955 111861,1000,18
ac19_51346,YXYXyx,YYXYYxYXyXXyX,3,91962 110458 125762,1000,15
ac19_51352,YXYXyx,YYYXyyXXyxyxx,1,91980,1000,16
ac19_51360,YXXyx,YYYXXXyyXyyxxxxYYx,1,91997,1000,18
ac19_51366,YXyXXyx,YYXyXYxYXyxyxyX,2,92015 92932,1000,16
ac19_51385,YXXyx,YYYYXyXyyyXXXyX,1,92058,1000,17
ac19_51395,YXYXyx,YYYYxYXyxyXXX,2,92084 96712,1000,16
ac19_51399,YXXyx,YYYXyXyxyXyxxYYx,1,92091,1000,16
ac19_51416,YXYXyx,YYYXXXyyXXYxx,1,92141,1000,16
ac19_51421,YXXyx,YYXYYxyxyyXXXX,2,92154 127326,1000,16
ac19_51422,YXYXyx,YYYXYxxYXyyXX,1,92155,1000,15
ac19_51438,YXYXyx,YYYYYxyXXXXYXYxyX,1,92201,1000,18
ac19_51448,YXYXyx,YYYYYXYYxyyXXXX,1,92224,1000,17
ac19_51462,YXXXyxx,YYXyXYxyXYxyx,4,92258 99362 99795 133609,1000,20
ac19_51470,YXXyx,YYYXyXyyxyyXYXX,1,92281,1000,16
ac19_51471,YXYXyx,YYYYXYxyXyXXXYx,1,92285,1000,17
ac19_51482,YXYXyx,YYYXyyyXXyxxx,2,92314 102235,1000,16
ac19_51484,YXYXyx,YYYXyXXXYXYYx,1,92320,1000,16
ac19_51504,YXXyx,YYYYXYYXyXyxyXyXyX,2,92364 94001,1000,19
ac19_51512,YXYXyx,YYYYYxyXXXXYX,2,92386 103375,1000,18
ac19_51533,YXXyx,YYYXYxyyyXyyXXX,2,92442 119440,1000,18
ac19_51560,YXYXyx,YYYxxyyXXXYXX,2,92536 100437,1000,16
ac19_51563,YXXyx,YYYYXyxyyyXyXYYx,1,92542,1000,17
ac19_51570,YXXyx,YYXYYXyyxyyxxYx,2,92560 145072,1000,16
ac19_51624,YXXyx,YYYXyxyXXyyXXX,1,92704,1000,16
ac19_51662,YXYXyx,YYYYXXyyXXXYx,2,92802 96977,1000,17
ac19_51667,YXYXyx,YYYXXXXyXyxxYxx,1,92811,1000,17
ac19_51672,YXXyx,YYXYxyyXyxyxYxYx,2,92820 135120,1000,16
ac19_51676,YXXyx,YYYXyyxyXyyxYx,2,92828 137415,1000,14
ac19_51678,YXyXXXyx,YYYxyyXXyXYXyyX,1,92831,1000,17
ac19_51683,YXXyx,YYYYYXyyXyyXXX,1,92843,1000,17
ac19_51687,YXXyx,YYYXXYxyxyyxxx,2,92859 137914,1000,16
ac19_51701,YXyXXXyx,YYxyxYxyXyxYX,2,92901 153983,1000,15
ac19_51703,YXYXyx,YYYXyxyXyyXXYYx,2,92903 155702,1000,17
ac19_51705,YXyXXyx,YYYxxxYxxxyxyXYX,1,92906,1000,18
ac19_51719,YXXyx,YYYXyyyXyXXYXYX,1,92944,1000,17
ac19_51735,YXYXyx,YYxyXXyyXXyxYxx,2,92996 109921,1000,17
ac19_51738,YXYXyx,YYXyXyxyXXYxYYx,2,93000 100976,1000,16
ac19_51746,YXXyx,YYXYXyxyXyyXXXXX,1,93016,1000,16
ac19_51761,YXYXyx,YYXXXXyyxxxYx,2,93043 130928,1000,16
ac19_51765,YXyXXyx,YYXYxxxYxxyyx,1,93050,1000,14
ac19_51775,YXYXyx,YYYXXyxyXXyyxxx,1,93071,1000,17
ac19_51779,YXXyx,YYYXyXXyyXyyXXYX,2,93080 127400,1000,17
ac19_51819,YXYXyx,YYYYYXyXXXXYX,2,93185 153591,1000,18
ac19_51831,YXXyx,YYYYYXyXyyXXyX,3,93209 113359 147341,1000,17
ac19_51832,YXXyx,YYYYYYXyyXyXXyyX,1,93212,1000,17
ac19_51836,YXYXyx,YYXXyXyXXYxYxyx,1,93225,1000,15
ac19_51851,YXYXyx,YYYXyXXyxYxyXXyxYxx,2,93256 101639,1000,16
ac19_51876,YXXyx,YYYXyyxxyxxxYX,1,93326,1000,16
ac19_51903,YXXyx,YYYYXyxyyyxyXYxyXX,1,93406,1000,16
ac19_51911,YXYXyx,YYYYYxyXXyxyXXX,1,93426,1000,18
ac19_51936,YXYXyx,YYYXXyyXXyxxx,2,93494 107449,1000,16
ac19_51956,YXyXXyx,YYXyXYxyxYxyxyX,2,93537 115550,1000,4
ac19_51969,YXXyx,YYXYxYxyXyyxyxYx,1,93586,1000,16
ac19_51991,YXYXyx,YYYxYxyxYXyXXyX,2,93669 95085,1000,17
ac19_52008,YXYXyx,YYYYxxyyXXXyX,1,93713,1000,17
ac19_52015,YXXyx,YYYYXXYXyxyyxyxx,1,93733,1000,16
ac19_52019,YXXyx,YYYYYXyXyyXyXXYxyX,1,93749,1000,17
ac19_52022,YXXyx,YYYYXyyyXXyyxx,1,93753,1000,15
ac19_52023,YXYXyx,YYXXyXXXYxxxx,1,93754,1000,16
ac19_52037,YXyXXXyx,YYXYxyXXXyxYxxyyx,1,93791,1000,17
ac19_52051,YXYXyx,YYYYxxYXyyXXX,2,93850 127368,1000,18
ac19_52060,YXYXyx,YYYYXYYYxyXXyXX,2,93886 127255,1000,18
ac19_52069,YXYXyx,YYYXYxyXXyyXyyxYx,1,93904,1000,17
ac19_52090,YXXyx,YYYYYXYXyxyXyXyXyX,1,93951,1000,18
ac19_52096,YXYXyx,YYXyXXyXyxxxx,1,93972,1000,17
ac19_52103,YXXyx,YYXyyXyXXXYXYx,1,93990,1000,16
ac19_52110,YXXyx,YYYXYxYXyyxyXyyyx,1,94015,1000,16
ac19_52114,YXYXyx,YYYXXyyyxYXyxxx,1,94025,1000,15
ac19_52130,YXyXXyx,YYYXyyyXXXyyX,2,94076 128918,1000,17
ac19_52163,YXXyx,YYYXyxxyxyxxYx,1,94161,1000,16
ac19_52167,YXXyx,YYXyyxyXyxxxxxxYx,2,94170 102339,1000,16
ac19_52211,YXYXyx,YYXyXXyyxYxxx,2,94258 135036,1000,16
ac19_52215,YXXyx,YYYXyyyXXXXXyXYYX,1,94271,1000,17
ac19_52217,YXYXyx,YYYYYXXXXXXYx,2,94277 126266,1000,18
ac19_52220,YXyXXyx,YYxxyxyXYXyXX,2,94283 106333,1000,16
ac19_52225,YXXyx,YYYXyXyyXyXXYYxx,1,94294,1000,16
ac19_52240,YXYXyx,YYYxyxxyXXXyyyx,1,94335,1000,16
ac19_52261,YXYXyx,YYYYxyxYXyXXyXX,2,94380 118151,1000,17
ac19_52267,YXYXyx,YYYYYxyXXyxyyXX,1,94395,1000,18
ac19_52306,YXyXXyx,YYxxxYxxyxyXXYX,1,94505,1000,17
ac19_52308,YXYXyx,YYXYxyXXXyXyxxx,1,94507,1000,16
ac19_52322,YXyXXXyx,YYXXXyxyXyX,1,94538,1000,17
ac19_52325,YXXyx,YYYYYXyxyyXyXyyX,1,94556,1000,17
ac19_52329,YXYXyx,YYXyXyXXYxyXYYx,1,94563,1000,16
ac19_52341,YXYXyx,YYYYxYYXXyXXX,2,94594 113821,1000,17
ac19_52357,YXXyx,YYYXyXyxyXXXXYX,2,94649 123350,1000,16
ac19_52360,YYXXXyxxx,YYXYXXYxYx,1,94652,1000,17
ac19_52390,YXYXyx,YYYYYxyyXXXyX,1,94725,1000,17
ac19_52393,YXYXyx,YYXXyXXXXYxYxyx,2,94736 138899,1000,17
ac19_52410,YXXyx,YYYYXyXXyyxyyxxx,2,94791 133360,1000,18
ac19_52412,YXYXyx,YYYXYxyyXXXyyxx,1,94795,1000,17
ac19_52415,YXYXyx,YYYYYXYxxyXyXXX,2,94805 154395,1000,19
ac19_52419,YXYXyx,YYYXyXYXXXXXYYx,2,94809 150699,1000,17
ac19_52424,YXXyx,YYXyyXyXXXXXXYxYX,2,94815 154337,1000,16
ac19_52443,YXXyx,YYXYXyyXyyxxxYYx,2,94870 151810,1000,17
ac19_52446,YXXyx,YYYYXyyyxxyxyx,2,94877 151420,1000,16
ac19_52453,YXXyx,YYYXYXyyXyyyxxx,2,94897 153136,1000,17
ac19_52463,YXXyx,YYYYXYxyXyyXXyX,2,94933 152560,1000,17
ac19_52488,YXYXyx,YYYXyyXXXYxxx,1,95015,1000,16
ac19_52497,YXXyx,YYYXYxyXyyxyxYx,1,95036,1000,16
ac19_52516,YXXyx,YYYYYXyxyyXXyXX,1,95089,1000,18
ac19_52517,YXXyx,YYYXyxyxyyxxxx,1,95090,1000,16
ac19_52521,YXyXXyx,YYXXXyXyXYXyxyxyx,2,95103 116689,1000,17
ac19_52551,YXXyx,YYYYYYXyyXXyXyyX,1,95211,1000,17
ac19_52554,YXYXyx,YYYXXXyXXYxxx,3,95214 98065 136570,1000,16
ac19_52557,YXyXXXyx,YYXyXXYXyyxyx,1,95219,1000,17
ac19_52564,YXyXXXyx,YYYxyyXyXYxYxxxyX,1,95233,1000,18
ac19_52570,YXXyx,YYYXXXyXyyyxxxxx,2,95256 112016,1000,17
ac19_52575,YXXyx,YYYYXyyyxyxxxxyx,1,95267,1000,17
ac19_52579,YXXyx,YYYXXXyyyXXXYx,1,95285,1000,14
ac19_52582,YXYXyx,YYYxYYxyXyyXXYxyX,1,95291,1000,17
ac19_52583,YYXXXYxx,YYXYxYXXXYx,1,95292,1000,9
ac19_52601,YXYXyx,YYYYxyXXXyXYX,2,95343 103624,1000,17
ac19_52603,YXYXyx,YYYYYxxyXXXXYxyyX,1,95350,1000,18
ac19_52604,YXXyx,YYYYXyxxyyxxx,2,95353 141995,1000,15
ac19_52623,YXXyx,YYYYYYXyyxxyyyX,1,95410,1000,16
ac19_52643,YXyXXyx,YYYxyxyXyxYX,1,95456,1000,15
ac19_52645,YXXyx,YYYXyXyyXyXyXXYX,1,95460,1000,18
ac19_52653,YXYXyx,YYYYXXyXyyxxx,2,95479 106736,1000,17
ac19_52667,YXXyx,YYYXyyxyyxxYYX,3,95528 115434 144774,1000,16
ac19_52678,YXXyx,YYYYXYxYXyxyyXyyxyyX,1,95550,1000,17
ac19_52688,YXXyx,YYXYxyyXXyXXYX,1,95585,1000,16
ac19_52691,YXXyx,YYYYYXyyXyxyxx,1,95597,1000,17
ac19_52698,YXYXyx,YYXXyXXyyxYxx,1,95617,1000,16
ac19_52705,YXYXyx,YYYxxYXYxyyXyyX,1,95632,1000,16
ac19_52713,YXyXXyx,YYYxyXXyxxyXX,1,95655,1000,16
ac19_52722,YXXyx,YYXYYxyyXXyXyXyX,1,95688,1000,17
ac19_52731,YXXyx,YYYYXXYXyyXyyXX,2,95699 105609,1000,18
ac19_52740,YXYXyx,YYXyyXXXXYYxxyx,1,95724,1000,17
ac19_52754,YXyxYXXyx,YYXXyxyXXyX,1,95764,1000,18
ac19_52773,YXXyx,YYYYXyyyyxxYxxx,2,95805 107966,1000,17
ac19_52796,YXXyx,YYYYXyyyxyXXyX,1,95864,1000,16
ac19_52829,YXYXyx,YYXXXXXXYxYXYYx,2,95941 113948,1000,17
ac19_52830,YXyXXyx,YYYYxyxYXyxYXyxyx,2,95945 110020,1000,16
ac19_52838,YXyXXXyx,YYXXyXYXyxYxxyxyX,1,95973,1000,17
ac19_52852,YXXyx,YYXYYxyxxyyxxx,2,96007 97481,1000,16
ac19_52872,YXXYxxyx,YYYxxxYYxxx,1,96051,1000,18
ac19_52873,YXXyx,YYYYXYXyyyyXXX,1,96057,1000,18
ac19_52874,YXXyx,YYYYXXXyyxyyyxxxx,1,96062,1000,17
ac19_52889,YXXyx,YYYXYYxyXyxyyxx,3,96123 144384 148374,1000,16
ac19_52897,YXXyx,YYYYXXXyyXyyyxxxx,1,96137,1000,17
ac19_52903,YXXyx,YYXYxYXyxyyxxx,1,96150,1000,15
ac19_52915,YXXXyxYx,YYxYXYXXXYX,1,96180,1000,17
ac19_52944,YXXyx,YYYXYYXyXyyxyxx,1,96260,1000,16
ac19_52981,YXyxYXXyx,YYYXyxyXXX,1,96374,1000,17
ac19_52992,YXXyx,YYYYYXXYxyyyyxyx,2,96398 105023,1000,18
ac19_53037,YXYXyx,YYXXXXyXYxYxx,2,96509 150879,1000,15
ac19_53043,YXYXyx,YYXXyyXyxxxYx,2,96516 129630,1000,17
ac19_53051,YXYXyx,YYXYxyyXyXyyxxx,2,96530 123110,1000,17
ac19_53071,YXyXXyx,YYYXyxxYxyyX,1,96577,1000,4
ac19_53092,YXXyx,YYXYXyxyyxxxYx,2,96632 101018,1000,16
ac19_53094,YXYXyx,YYYXYYXyXyyyxxx,1,96640,1000,17
ac19_53105,YXYXyx,YYXXyxyXXyxxxYx,1,96671,1000,17
ac19_53112,YXXyx,YYYYXyXyxyyXyXX,4,96688 108996 118346 146240,1000,17
ac19_53147,YXXyx,YYYYXyXyxyXXXX,2,96787 110476,1000,16
ac19_53172,YXYXyx,YYXyxyXXyyxYxYx,1,96868,1000,16
ac19_53257,YXXyx,YYYYXyyyyXXXYx,1,97086,1000,17
ac19_53272,YXYXyx,YYYYYxYXyxyXXyX,2,97131 147165,1000,17
ac19_53275,YXYXyx,YYYxYYXyxyXXX,2,97137 121536,1000,16
ac19_53308,YXXyx,YYYYXYYxyXyxyyyX,1,97237,1000,16
ac19_53352,YXXyx,YYYYXyyyxYxyxx,1,97371,1000,15
ac19_53358,YXXyx,YYYXyXyyXYXX,3,97403 99022 138468,1000,13
ac19_53375,YXXyx,YYYXYXyyXyyXyX,2,97457 147481,1000,16
ac19_53380,YXXyx,YYYXyyyxYxyxYx,2,97478 147782,1000,14
ac19_53386,YYXXyxx,YYXXYxxxYXyx,1,97495,1000,10
ac19_53392,YXXyx,YYYXYXYxyXyyyXXX,2,97503 152907,1000,17
ac19_53399,YXXyx,YYXYYxyxyXyyxyxx,1,97526,1000,16
ac19_53400,YXXyx,YYYXYxyXyyxxxx,1,97528,1000,16
ac19_53424,YXXyx,YYYXYXyxxyyyXyXXX,1,97606,1000,17
ac19_53480,YXXyx,YYYYXyXyxyyxxyx,1,97759,1000,16
ac19_53494,YXyXXyx,YYxyXyxxxyXYXYXyX,1,97798,1000,17
ac19_53499,YXXyx,YYYXyyyXyyxxYx,3,97812 111692 135274,1000,17
ac19_53501,YXXyx,YYYXyXyyxyyXYX,2,97816 119689,1000,14
ac19_53512,YXYXyx,YYYYXyxyyyXXXYx,2,97846 110598,1000,17
ac19_53525,YXXyx,YYYXyyXyXyyXYXXX,2,97886 123022,1000,17
ac19_53531,YXYXyx,YYYxYXyxyXXyyyx,1,97896,1000,16
ac19_53541,YXYXyx,YYYxxYXyxyyXyyx,1,97926,1000,16
ac19_53542,YXXyx,YYYYYXYXyyyxxyyx,1,97927,1000,18
ac19_53547,YXYXyx,YYXyXXXXYxyXYXYYx,1,97943,1000,17
ac19_53549,YXYXyx,YYXXyxyXXyXYYxx,2,97951 144501,1000,16
ac19_53565,YXyXXyx,YYXyxYxxyxxYX,2,98001 154234,1000,15
ac19_53604,YXXyx,YYYYXYXyyyyxxx,2,98124 122073,1000,18
ac19_53618,YXYXyx,YYYYYxyXXXXyX,2,98155 110989,1000,18
ac19_53633,YXXyx,YYYXyxyyxxxxYX,1,98193,1000,16
ac19_53639,YXYXyx,YYYYXyyXyXyxx,2,98205 109683,1000,16
ac19_53649,YXYXyx,YYYYYxyxYXyXXyX,2,98228 99224,1000,17
ac19_53663,YXXyx,YYYYYXyxyyXyyyx,3,98263 107384 149892,1000,16
ac19_53687,YYXXYxyxx,YYXXyxxyXyx,1,98343,1000,16
ac19_53712,YXXyx,YYYXyyxyXyXXXX,2,98418 123808,1000,16
ac19_53714,YXyXXyx,YYXXYxxyXyxyX,2,98421 114754,1000,16
ac19_53729,YXyXXyx,YYXYxYxxxyxyx,1,98465,1000,17
ac19_53759,YXXyx,YYYXyyXXyXXXYx,1,98538,1000,16
ac19_53760,YXyXXyx,YYYXyyXyxxx,2,98539 100412,1000,17
ac19_53764,YXYXyx,YYXXXyyxyxxYx,2,98559 113078,1000,17
ac19_53769,YXXyx,YYYYYXyxyyyXyxYx,1,98573,1000,16
ac19_53800,YXXyx,YYXYxYxyyxyxx,4,98667 103910 108034 149249,1000,14
ac19_53839,YXXyx,YYYXYYxyXyxyyxxx,2,98798 142870,1000,18
ac19_53857,YXXyx,YYYYXyyyxyxYxx,1,98846,1000,17
ac19_53858,YXYXyx,YYXYYxxYXXXyX,1,98847,1000,16
ac19_53860,YXYXyx,YYYXXXyxyyXyxxx,2,98851 126392,1000,17
ac19_53879,YXyXXyx,YYXyyxyXYYxyXXyX,2,98911 145426,1000,15
ac19_53911,YXYXyx,YYYYYXYxxyXXXXX,1,98992,1000,17
ac19_53935,YXYXyx,YYXXXyXXXYxYx,2,99045 140754,1000,17
ac19_53957,YXYXyx,YYYxYYXyxyXXXyX,1,99105,1000,17
ac19_53970,YXYXyx,YYXyXXXyyxYxx,1,99145,1000,16
ac19_53974,YXYXyx,YYYxYYXyXyXXX,1,99154,1000,18
ac19_54001,YXYXyx,YYXyXXXXYxxYxyx,1,99203,1000,16
ac19_54002,YXYXyx,YYYXXXXXXXYxx,2,99204 110378,1000,17
ac19_54021,YXXyx,YYYXyyyXXXYXX,2,99249 128829,1000,16
ac19_54038,YXYXyx,YYYxYXYxyyXXyyXYx,1,99295,1000,17
ac19_54052,YXYXyx,YYXXyxyXXYYxx,2,99330 112276,1000,13
ac19_54060,YXXyx,YYYYXyyxyyxYxx,1,99354,1000,17
ac19_54082,YXYXyx,YYXXyxyXXXYxYxx,2,99410 135701,1000,16
ac19_54114,YXXyx,YYYYYXXXyyyXyXX,2,99513 101546,1000,17
ac19_54115,YXYXyx,YYXYxyXXXXYYx,1,99514,1000,16
ac19_54138,YXXyx,YYYYXYxyyyxyyyXX,1,99580,1000,17
ac19_54147,YXYXyx,YYYXXyyXXXYYx,2,99602 147628,1000,17
ac19_54148,YXYXyx,YYYYxyXyyXyxx,1,99607,1000,16
ac19_54184,YXXyx,YYXyyxxxyyxxYx,1,99729,1000,15
ac19_54193,YXXyx,YYXYxyXyyxyxYxYx,2,99762 101173,1000,15
ac19_54228,YXYXyx,YYXXXYxxxYxyXXyXX,1,99855,1000,18
ac19_54229,YXXyx,YYYXYYxyyXyXyXX,2,99859 118886,1000,18
ac19_54282,YXYXyx,YYYYYYYXXyXXX,2,100005 153702,1000,19
ac19_54287,YXXyx,YYYXXYxYxyXyyXyX,1,100023,1000,16
ac19_54302,YXXyx,YYYXyxyyXyXXXXX,1,100061,1000,16
ac19_54325,YXYXyx,YYXXXyXYXYYxx,2,100129 135040,1000,16
ac19_54337,YXYxYXXYx,YYXXyxxYXYxyXyx,1,100166,1000,18
ac19_54352,YXXyx,YYXYYXyyXyXXXXXX,1,100226,1000,16
ac19_54361,YXYXyx,YYYYxYXXyxyyXXX,1,100249,1000,18
ac19_54423,YXYXyx,YYYXyXXyyxxYxyx,1,100388,1000,17
ac19_54433,YXyXXyx,YYYXyyXXyyxx,1,100418,1000,16
ac19_54435,YXyXXXyx,YYYxxxxYxyxyX,2,100421 152101,1000,16
ac19_54450,YXYXyx,YYXXyXyXXYxxx,5,100472 100856 101804 109466 129846,1000,16
ac19_54455,YXYXyx,YYYXyXXyXYYYx,1,100483,1000,16
ac19_54466,YXXyx,YYYXYYxyXyyyXXX,1,100510,1000,17
ac19_54476,YXyXXyx,YYxxyxxYxyxYX,1,100535,1000,16
ac19_54494,YXYXyx,YYYXyxyyXXXyxxx,1,100595,1000,16
ac19_54506,YXXyx,YYYYYXyXyyxyXX,1,100621,1000,15
ac19_54514,YXYXyXXYXyX,YYYXyXXyxYxyxyx,1,100635,1000,18
ac19_54530,YXXyx,YYYXYXyyXyyyxx,1,100683,1000,16
ac19_54535,YXXyx,YYYXYxyyXXyXXXX,1,100699,1000,16
ac19_54564,YXXyx,YYYYXyxyyXXXX,2,100755 131235,1000,16
ac19_54576,YXYXyx,YYYXXXyXyxxxx,2,100780 125173,1000,17
ac19_54582,YXXyx,YYXYXYxyXyyXXXXX,1,100789,1000,16
ac19_54599,YXyxYXXyx,YYXyxYXyyXXXyX,1,100860,1000,19
ac19_54616,YYXYYXXXyX,YYXYXXXYYXXXX,1,100913,1000,17
ac19_54646,YXYXyx,YYYXYxYYXXXXX,1,101002,1000,17
ac19_54655,YXYXyx,YYYYxYYXyXXYXyX,1,101031,1000,17
ac19_54656,YXXyx,YYYXyxyyXXYXXX,1,101032,1000,15
ac19_54675,YXyXXyx,YYXYXyXyxYxyxyx,1,101097,1000,17
ac19_54685,YXyXXyx,YYYXyXXXyxyxx,1,101136,1000,16
ac19_54690,YXyXXXyx,YYXyXXYxyyx,2,101146 121881,1000,13
ac19_54725,YXXyx,YYYYYYXyyXXyyXyX,1,101264,1000,17
ac19_54732,YXYXyx,YYXyyxyXyyXYYxYxx,1,101290,1000,17
ac19_54747,YXYXyx,YYYXyyXXYXYxx,1,101331,1000,16
ac19_54765,YYXXXYx,YYYYXXYXYYYXX,1,101379,1000,17
ac19_54798,YXXyx,YYXYYxyXXyXyXX,1,101463,1000,15
ac19_54799,YXYXyx,YYXXyXXYYxxyx,2,101465 115752,1000,14
ac19_54802,YXyXXXyx,YYXyyxxYx,3,101476 142935 154714,1000,16
ac19_54846,YXYXyx,YYYXyxyyXXXYxYx,2,101604 139431,1000,17
ac19_54852,YXXyx,YYYYXyxyXyxyyxx,2,101620 147439,1000,16
ac19_54869,YXXyx,YYYYXyxxyxyxxx,1,101660,1000,16
ac19_54880,YXXyx,YYYXyyyXyyxYYYxx,1,101718,1000,16
ac19_54889,YXyXXyx,YYXYxyxyXyX,2,101746 109819,1000,16
ac19_54895,YXYXyx,YYYYxYXyxyXyXXX,1,101755,1000,17
ac19_54898,YXyXXyx,YYXyxYxxxyxYX,2,101767 104930,1000,14
ac19_54905,YXXyx,YYYYXYYXyxyXyyyx,1,101784,1000,16
ac19_54922,YXYXyx,YYYXyxyXXyXYYxx,1,101842,1000,17
ac19_54924,YXXyx,YYYXYXyyXyyXyXX,1,101851,1000,17
ac19_54962,YXXyx,YYYXyyyXXXXYX,2,101945 121195,1000,16
ac19_54969,YXXyx,YYYYXyyxyxyxxYx,1,101956,1000,17
ac19_54995,YXYXyx,YYYXyxyXXyXyxxx,1,102032,1000,17
ac19_55007,YXyXXyx,YYxYxxYXyyxyxYX,2,102053 105109,1000,17
ac19_55016,YXXyx,YYYYXyxyyyXyXXX,1,102085,1000,17
ac19_55030,YXYXyx,YYXXYYxYYXXXXXX,1,102131,1000,18
ac19_55036,YYXYXXyXyx,YYXYXYXyXyX,1,102144,1000,17
ac19_55045,YXXyx,YYYYYXXXyXyXyXyX,2,102164 152773,1000,16
ac19_55068,YXXyx,YYYXyyyXXXXXYX,2,102210 148413,1000,17
ac19_55081,YXyXXXyx,YYxYXyyxxYxyx,1,102243,1000,18
ac19_55095,YXXyx,YYYXYXyXyyxxx,2,102276 135676,1000,14
ac19_55107,YXXyx,YYXYxyxxyyxxYx,1,102307,1000,14
ac19_55110,YXXyx,YYYYXYYxyyXyyyx,1,102321,1000,16
ac19_55117,YXYXyx,YYXXyXyXyxxxx,1,102340,1000,17
ac19_55122,YXYXyx,YYYYYYXYxyyXXXX,1,102354,1000,18
ac19_55124,YXXyx,YYYYXXYXyyyXyXX,2,102365 116165,1000,17
ac19_55131,YXXyx,YYYXYXyXyyXXXXX,1,102386,1000,16
ac19_55133,YXyXXXyx,YYxYxyxyxYXXyxx,1,102390,1000,17
ac19_55170,YXyXXyx,YYYYxyyxYXXyyx,2,102487 121552,1000,16
ac19_55177,YXXyx,YYYXyyxyyxYxYx,2,102504 104016,1000,16
ac19_55182,YXYXyx,YYYYXXyxyyXyxxx,1,102512,1000,17
ac19_55208,YXYXyx,YYYxYxyxYXyyXXX,2,102577 137288,1000,18
ac19_55211,YXyXXyx,YYXXyXXYxxyxxyx,1,102588,1000,17
ac19_55233,YXYXyx,YYYYYxyyyXyXX,1,102669,1000,17
ac19_55239,YXXyx,YYYYXYxyyyyXXXX,1,102684,1000,17
ac19_55243,YXyXXyx,YYYxxyxyxYXXyx,1,102696,1000,16
ac19_55245,YXXyx,YYYXYXyyXyyxxyx,1,102700,1000,16
ac19_55264,YXYXyx,YYYXyyyXXXYxx,2,102751 136907,1000,16
ac19_55283,YXYXyx,YYYYxyyXXXYXX,1,102806,1000,16
ac19_55289,YXXyx,YYYXyyxyxxxxYX,1,102820,1000,17
ac19_55310,YXXyx,YYXYYXyxxyyXyXYX,1,102883,1000,16
ac19_55333,YXYXyx,YYXXyXXXXYYxxyx,1,102939,1000,17
ac19_55352,YXYXyx,YYXYxxyyXXXXXYx,1,102989,1000,18
ac19_55360,YXXyx,YYYXyXyyXXYXXX,2,103021 122058,1000,15
ac19_55377,YXYXyx,YYXyXyXyxyxxx,2,103066 139282,1000,16
ac19_55388,YXYXyx,YYXyXXXXYYxYxyx,1,103100,1000,17
ac19_55399,YXXyx,YYYYXYxyxyXyyX,3,103128 107905 118752,1000,13
ac19_55410,YXXyx,YYYYYXXXyXyyXyXX,2,103178 145532,1000,17
ac19_55419,YXyXXXyx,YYXXyxyxx,1,103213,1000,15
ac19_55426,YXYXyx,YYYYXyXXXXYYx,1,103227,1000,18
ac19_55463,YXYXyx,YYYYYXyyXXXYx,2,103340 126604,1000,17
ac19_55476,YXyXXXyx,YYXyxyxxYXXyx,2,103371 121137,1000,16
ac19_55478,YXYXyx,YYXYYXyXXyyXyxYYx,2,103373 145830,1000,16
ac19_55479,YXYXyx,YYXyXyXXyxxxx,1,103376,1000,16
ac19_55502,YXXyx,YYXyyXXXyyXXYX,1,103435,1000,16
ac19_55510,YXXyx,YYXYYXyyXXyXXX,1,103458,1000,16
ac19_55511,YXXyx,YYYYXyxyxyyyXX,3,103465 103649 110878,1000,16
ac19_55544,YXXyx,YYYXyxyXyyXyXYX,2,103570 122481,1000,16
ac19_55564,YXYXyx,YYXyyXXyxyxxx,2,103625 156288,1000,17
ac19_55568,YXXyx,YYYYXyxxxyxyxx,1,103635,1000,16
ac19_55594,YXYXyx,YYYYYXyxyyXXyxx,1,103704,1000,16
ac19_55601,YXYXyx,YYXyyXXyyxYxx,2,103723 152525,1000,17
ac19_55609,YXYXyx,YYYYxxyXXXXYXYxyX,1,103744,1000,17
ac19_55618,YXYXyx,YYYXyxyXXyxyyxxYx,1,103771,1000,18
ac19_55625,YXXyx,YYYYYXyxyyXyyXyX,1,103793,1000,17
ac19_55631,YXyXXXyx,YYXYxyXXyyx,2,103807 115996,1000,16
ac19_55633,YXXyx,YYYYXyyyXyyXXX,2,103809 109735,1000,18
ac19_55639,YXXyx,YYXyXyXyXXYYXX,1,103832,1000,16
ac19_55645,YXYXyx,YYYYxYYXyxyXXyX,2,103850 129856,1000,17
ac19_55656,YXYXyx,YYXXyXYXXYxYx,2,103889 129588,1000,15
ac19_55667,YXXyx,YYYYXYXyyxyyXXXX,1,103916,1000,17
ac19_55691,YXXyx,YYXYYXyyXyXXX,2,103981 123209,1000,16
ac19_55693,YXYXyx,YYYXXyxyXyXyxxx,1,103986,1000,17
ac19_55699,YXYXyx,YYXyyXXXXYxxxYX,1,103998,1000,16
ac19_55720,YXXyx,YYYXYXyyXyXXXXX,1,104052,1000,16
ac19_55733,YXXyx,YYYXyxyxyyXXXX,1,104086,1000,15
ac19_55748,YXyXXyx,YYYxxyXyyXX,1,104130,1000,16
ac19_55751,YXXyx,YYYXyxyyXXXyXX,1,104139,1000,16
ac19_55761,YXXyx,YYYYXyyXXyXX,2,104160 139619,1000,16
ac19_55763,YXYXyx,YYXyXXXXYXYxyXYYx,1,104165,1000,17
ac19_55767,YXXyx,YYYYYXyXyxyyXX,1,104174,1000,16
ac19_55777,YXYXyx,YYYYXYxYXyXXX,1,104194,1000,16
ac19_55778,YXYXyx,YYYXYYYXyXXXX,1,104195,1000,16
ac19_55796,YXXyx,YYYXYXYXyxxyyyxx,1,104255,1000,15
ac19_55802,YXXyx,YYYXyxyXXXyyXX,1,104280,1000,14
ac19_55808,YXXyx,YYYXyyxyXyxxxxx,2,104294 134056,1000,17
ac19_55812,YXXyx,YYXYYXyXyxyxyyxx,1,104307,1000,16
ac19_55823,YXYXyx,YYYxyXXXyxyxx,2,104333 129581,1000,15
ac19_55837,YXYXyx,YYYXYxyXyyXyyxx,1,104373,1000,17
ac19_55845,YXYXyx,YYXYxYXyXyyXyxx,2,104387 120721,1000,16
ac19_55862,YXXyx,YYYXYYYxyyyXyXyX,1,104438,1000,17
ac19_55867,YXYXyx,YYYYxYXyxyXXyXX,2,104452 133208,1000,18
ac19_55871,YXYXyx,YYYXyyxyXyXXYYx,1,104458,1000,17
ac19_55890,YXXyx,YYYXYYxyXyxyxxyx,2,104498 109808,1000,16
ac19_55892,YXXyx,YYYYXXXyxyyxxx,1,104507,1000,15
ac19_55918,YXXyx,YYYXyXyxyXXXYX,2,104608 130398,1000,16
ac19_55928,YXXyx,YYYYYXyyyxyxYXyx,1,104659,1000,16
ac19_55936,YXyXXyx,YYYXXyyXXyyx,1,104677,1000,12
ac19_55939,YXYXyx,YYYXyXXyyxxxxyxyx,2,104686 131775,1000,17
ac19_55951,YXyXXyx,YYYXyyxxxYx,1,104721,1000,17
ac19_55963,YXYXyx,YYYYYYXYxyXXXXX,1,104753,1000,17
ac19_55973,YXYXyx,YYYYYYxyXyXXX,2,104785 114272,1000,17
ac19_56004,YXXyx,YYYXyXyyxyxxxxx,2,104870 154228,1000,16
ac19_56062,YXYXyx,YYXXXXXYxyXYYxx,1,105039,1000,17
ac19_56105,YXXyx,YYXYXyyXyxyXXXX,1,105163,1000,16
ac19_56121,YXXyx,YYYXyyXyXyXXYYX,2,105204 120477,1000,17
ac19_56138,YXYXyx,YYYXXXXXXyxYxxx,1,105238,1000,16
ac19_56205,YXXyx,YYYYXXYxyyxyyxx,3,105418 132370 140707,1000,16
ac19_56209,YXyXXyx,YYXXXyxxyxx,4,105428 132532 151641 155514,1000,16
ac19_56260,YXyXYXyxx,YYXyxYXXyx,2,105584 134805,1000,19
ac19_56265,YXyXXyx,YYXYxyxYxyxYXyx,2,105593 141217,1000,14
ac19_56301,YXXyx,YYYYYXXXyyXyyX,1,105693,1000,15
ac19_56326,YXYXyx,YYXYYXyXXyXyyxYYx,1,105784,1000,17
ac19_56328,YXyXXyx,YYXyxYxyxyXXX,1,105791,1000,16
ac19_56334,YXXyx,YYYXyyxyxyyxYx,2,105804 136541,1000,15
ac19_56354,YXyXXyx,YYxxyXXyxyXYX,2,105863 129227,1000,14
ac19_56358,YXXyx,YYYXXXyyXyXXYX,2,105871 128182,1000,15
ac19_56368,YXyXXyx,YYYXXyXyyxx,2,105905 138819,1000,16
ac19_56373,YXXyx,YYYXYxxxyyyXXX,1,105920,1000,15
ac19_56376,YXXyx,YYYXyxxyyXyXXYYX,2,105933 141673,1000,17
ac19_56392,YXXyx,YYYYXyXXyyXyyXX,2,105975 108282,1000,17
ac19_56395,YXYXyx,YYYXXXXXXYxxx,1,105986,1000,16
ac19_56400,YXYXyx,YYYYXyyyXXYxx,1,106012,1000,16
ac19_56451,YXyXXyx,YYxxyxxyxYXYx,1,106139,1000,17
ac19_56464,YXYXyx,YYYYYxxyyXXXYxyyX,1,106179,1000,17
ac19_56483,YXXyx,YYYYXyyyxxyxYX,3,106233 112485 147417,1000,15
ac19_56504,YXYXyx,YYYxYxYXyyyXX,2,106301 115419,1000,17
ac19_56511,YXXyx,YYYXyxyyXyxxxx,1,106317,1000,16
ac19_56516,YXYXyx,YYYYYxyxxyXyXXX,1,106338,1000,17
ac19_56570,YXXyx,YYYXyXyyXXyXYYxx,1,106486,1000,15
ac19_56572,YXYXyx,YYXYxxyXyyXyxxx,1,106492,1000,17
ac19_56575,YXYXyx,YYXyxyXXyyxxx,1,106499,1000,16
ac19_56586,YXXyx,YYYXYYYXyXyxyXyXyX,1,106537,1000,17
ac19_56591,YXyXXyx,YYYYxxxxYXyxyx,2,106546 117572,1000,16
ac19_56601,YXXyx,YYYYXYXyyxyXyX,3,106572 111299 120474,1000,15
ac19_56604,YXYXyx,YYXYxxxYXyXyX,2,106579 132462,1000,15
ac19_56636,YXXyx,YYYXyXyxxyyXXX,1,106681,1000,14
ac19_56642,YXXyx,YYYXYYxYXyxyyXyXyX,2,106700 145286,1000,18
ac19_56654,YXYXyx,YYXYxyXyyXyyxxx,2,106740 132268,1000,18
ac19_56662,YXyXXyx,YYYYxxxYxyyx,1,106765,1000,15
ac19_56681,YXYXyx,YYYYXXyxyXyyxxx,1,106831,1000,17
ac19_56682,YXYXyx,YYYXYYYXXyXXX,1,106832,1000,16
ac19_56710,YXXyx,YYYYXXYxyxyyxxyx,2,106905 118223,1000,16
ac19_56731,YXXyx,YYYXyyxxyXyXXX,1,106945,1000,16
ac19_56733,YXXyx,YYYXYXyyXXyXXX,1,106948,1000,17
ac19_56735,YXYXyx,YYYYYXXXXXXXYxxyX,1,106956,1000,17
ac19_56758,YXYXyx,YYYYYxyXyXXyX,1,107017,1000,17
ac19_56763,YXXyx,YYYYXyxyXyyXXyX,1,107031,1000,17
ac19_56772,YXyXXXyx,YYXXyxYxyxxyX,1,107063,1000,16
ac19_56777,YXyXXyx,YYXYxYxyyxx,1,107076,1000,16
ac19_56825,YXXyx,YYYYXyXyXyyXyxxxx,2,107219 128205,1000,17
ac19_56829,YXYXyx,YYXXXyXyxxYYxyx,1,107226,1000,16
ac19_56840,YXYXyx,YYYYXXXXXXYYxyx,2,107254 120639,1000,18
ac19_56847,YXXyx,YYYYXYxyxyyyxx,3,107270 108735 136762,1000,16
ac19_56858,YXYXyx,YYXyyXyxyxYxx,1,107298,1000,15
ac19_56885,YXXyx,YYYYXyyyXyxxyx,1,107388,1000,16
ac19_56926,YXXyx,YYYXyxyXyxyxxxx,1,107501,1000,16
ac19_56928,YXXyx,YYYYYXyxyyyXX,3,107504 110854 154081,1000,16
ac19_56937,YXXyx,YYYYXYxyxyyyXX,2,107520 148893,1000,16
ac19_56953,YXXyx,YYXYXyyXyyxxxxYYx,1,107561,1000,18
ac19_56971,YXYXyx,YYXYxYXXyxyyXyyXYxYYx,1,107603,1000,17
ac19_56985,YXYXyx,YYYXYYxxxyXXyXX,1,107630,1000,17
ac19_57002,YXXyx,YYXyxyXyXyXXXYX,2,107684 119525,1000,16
ac19_57007,YXYXyx,YYYxxYXyXXyyX,1,107703,1000,16
ac19_57016,YXYXyx,YYxYXYxYXyyXX,1,107723,1000,14
ac19_57045,YXYXyx,YYYYYXYYxyXXyXX,1,107795,1000,17
ac19_57053,YXXyx,YYYYXyyyxyyxxx,2,107814 151376,1000,17
ac19_57054,YXYXyx,YYYYYYxyXyyXX,1,107815,1000,17
ac19_57088,YXYXyx,YYYYxYXyXXXyX,2,107908 141075,1000,17
ac19_57100,YXXyx,YYYXYXyxyXyXXXXX,1,107936,1000,16
ac19_57142,YXXyx,YYYYXyxyXXyXX,1,108041,1000,15
ac19_57147,YXXyx,YYYYXyxyXyyXYX,3,108052 120483 143624,1000,15
ac19_57149,YXXyx,YYYXXYYXyxyyxxyx,1,108058,1000,16
ac19_57164,YXXyx,YYYYYYXyyyxxyyx,1,108109,1000,18
ac19_57169,YXYXyx,YYXXyyXXyxYxxxx,1,108119,1000,17
ac19_57175,YXYXyx,YYYYXyXyXXXYx,2,108140 117189,1000,16
ac19_57191,YXYXyx,YYXXyXXXXyxYxxYxyxx,1,108200,1000,17
ac19_57192,YXXyxYXXyxx,YYXXyxYXyXYXyX,1,108201,1000,19
ac19_57201,YXYXyx,YYYYxYXyyyXXX,2,108229 120562,1000,17
ac19_57209,YXYXyx,YYXYxyyXXyyxx,2,108241 149442,1000,14
ac19_57218,YXYXyx,YYYXXyXXXXYYx,2,108281 144776,1000,18
ac19_57220,YXXyx,YYYYXyyyXyXXXXXyX,1,108284,1000,17
ac19_57234,YXyXXyx,YYYxyxyxYYXyx,2,108313 114474,1000,15
ac19_57238,YXXyx,YYYYXyxyxyXXXX,2,108326 123398,1000,15
ac19_57255,YXYXyx,YYYXyxyyXyXYYxx,1,108382,1000,16
ac19_57267,YXYXyx,YYXYxxYxyXXyXXX,1,108424,1000,17
ac19_57276,YXYXyx,YYXXXXyyXYYxx,1,108442,1000,15
ac19_57286,YYXXXyXX,YYXyxYxxyyX,1,108459,1000,17
ac19_57292,YXYXyx,YYXXXyXyxxxxx,2,108468 150846,1000,16
ac19_57295,YXYXyx,YYXXXyxyXXYYxxx,1,108473,1000,17
ac19_57319,YXXyx,YYYYYXyyxyXyxxx,2,108565 140712,1000,17
ac19_57335,YXXyx,YYYXYXYxyXyyXyX,1,108607,1000,16
ac19_57336,YXXyx,YYYXyxxyyxxYx,2,108615 120699,1000,14
ac19_57371,YXYXyx,YYXYxYYXXyXXX,2,108705 145445,1000,16
ac19_57372,YXXyx,YYXYXYxyXyXyXXXX,2,108714 136260,1000,17
ac19_57379,YXXyx,YYYXyxyyXXyXX,1,108728,1000,15
ac19_57417,YXXyXYx,YYYxyxxyXyX,1,108838,1000,14
ac19_57418,YXXyx,YYYXYYxYXyxyXyyXyX,2,108847 156303,1000,18
ac19_57424,YXXyx,YYYXyxxyyxxyxx,1,108863,1000,15
ac19_57426,YXYXyx,YYYYXYxYxyXXyXX,1,108866,1000,17
ac19_57444,YXXyx,YYYYXyyXXyyXYX,1,108905,1000,16
ac19_57445,YXXyx,YYYYXYxyXyXXyXyX,1,108913,1000,17
ac19_57475,YXYXyx,YYXXyXyxyxYxx,1,109027,1000,16
ac19_57491,YXYXyx,YYXyXXyyxxxyxxx,1,109079,1000,17
ac19_57500,YXYXyx,YYXXXXXXYYxYx,2,109108 110603,1000,17
ac19_57530,YXXyx,YYYXyyXXyyXXX,2,109182 134986,1000,16
ac19_57544,YXyXXyx,YYxyXyxYXYXYxyxYxyx,2,109219 129258,1000,16
ac19_57551,YYXXXXXyX,YYxyXXXXXX,3,109239 126490 155675,1000,16
ac19_57579,YXYXyx,YYYXyyXyXXYYxyx,1,109325,1000,16
ac19_57584,YXXyx,YYYYYXXyyyxyxx,1,109338,1000,14
ac19_57614,YXYXyx,YYYxYXXyXXXYXYxyX,1,109393,1000,17
ac19_57626,YXYXyx,YYXXyxyXXXYYxxx,2,109425 133771,1000,17
ac19_57632,YXXyx,YYYYXYYXyxxyyyyX,1,109436,1000,16
ac19_57641,YXYXyx,YYXyXXXXXYYxxyx,1,109462,1000,18
ac19_57675,YXXyx,YYYXyxxyyxyxxx,1,109578,1000,15
ac19_57683,YXXyx,YYYYXyyyxxxx,2,109625 136501,1000,16
ac19_57691,YXXyx,YYYYXXYxyyyxyyyX,1,109646,1000,16
ac19_57702,YXYXyx,YYYXyXyyXyxxx,2,109674 129998,1000,17
ac19_57721,YXXyx,YYXYYXyxyyXyXyX,1,109709,1000,16
ac19_57745,YXXyx,YYYXYxyXyyxyyXX,1,109780,1000,16
ac19_57753,YXXyx,YYXYXyyXyyxYxxYx,1,109796,1000,16
ac19_57755,YXXyx,YYYYXyxyyyxxYx,1,109802,1000,17
ac19_57765,YXXyx,YYYYXyxyyxyxxyxx,1,109824,1000,18
ac19_57768,YXXyx,YYYXyXyxyyxxxYYx,2,109829 120718,1000,18
ac19_57777,YXXyx,YYYXyyXyXyyXXYX,2,109850 133476,1000,17
ac19_57787,YYXyxYXXyx,YYYxyXXYXyx,1,109874,1000,18
ac19_57805,YXXyx,YYYXYYxyXyxyXyyyXYYx,1,109941,1000,17
ac19_57828,YXXyx,YYYXyxxyyyxxxx,1,110003,1000,16
ac19_57837,YXXyx,YYXYxyXyyXXXXYX,2,110052 111119,1000,17
ac19_57857,YXYXyx,YYYYXyXyXyyxx,2,110113 140921,1000,16
ac19_57869,YXyXXXyx,YYxyxxyXYXXyX,1,110157,1000,18
ac19_57883,YXYXyx,YYYXXYXXXXYYx,1,110189,1000,16
ac19_57889,YXYXyx,YYXyXXYXXXyXYxxxx,1,110210,1000,18
ac19_57910,YXYXyx,YYYXyXXXXXYYxYX,1,110276,1000,17
ac19_57916,YXYXyx,YYxYxyXXyyxyx,1,110295,1000,16
ac19_57918,YXYXyx,YYXXYXyXXYYxx,1,110297,1000,16
ac19_57921,YXYXyx,YYXXyXYXXYYxx,2,110303 129108,1000,16
ac19_57949,YXXyx,YYYXyxxyXyyXXX,1,110372,1000,16
ac19_57951,YXXyx,YYYYYXyXyyxyyyx,1,110379,1000,16
ac19_57975,YXYXyx,YYYxYXYxyXXyX,2,110435 144804,1000,13
ac19_57978,YXYXyx,YYYXXyXXXYxYx,2,110442 122306,1000,17
ac19_57984,YXXyx,YYYYXyXXyXyXXX,1,110461,1000,16
ac19_57988,YXXyx,YYYYXyxyyXXyyX,1,110466,1000,15
ac19_57992,YYXXXYxx,YYYXYYXXyyxyx,1,110483,1000,17
ac19_58000,YXYXyx,YYYYXYxyXXXXX,2,110515 117049,1000,16
ac19_58014,YXYXyx,YYXyXyXXXYYxx,2,110554 117132,1000,17
ac19_58022,YXYXyx,YYXYxxyXyXXXYxx,1,110594,1000,16
ac19_58035,YXYXyx,YYXYYxyyXXyyXYx,1,110630,1000,15
ac19_58114,YXXyx,YYYXYYxyxyyXXyX,1,110829,1000,16
ac19_58118,YXYXyx,YYXXXyxyXyxxYYx,1,110837,1000,16
ac19_58126,YXXyx,YYYYXyyXyXyyxx,2,110859 152562,1000,15
ac19_58131,YXyXXyx,YYYXyxyxxxYXyx,1,110874,1000,17
ac19_58142,YXyXXyx,YYXyXyxxyxYYXyx,2,110916 145693,1000,15
ac19_58149,YXyXXXyx,YYxyXyxyXYX,1,110951,1000,17
ac19_58168,YXyXXyx,YYXyxYYxYxxyxyx,2,111011 124198,1000,15
ac19_58177,YXXyx,YYYYXyyxyyXyxYYx,1,111041,1000,15
ac19_58183,YXYXyx,YYXYxYXyXYXyXXyXYxx,1,111062,1000,17
ac19_58191,YXyXXXyx,YYXXyxxyx,2,111080 154611,1000,13
ac19_58210,YXYXyx,YYYYxyXXyXXYX,1,111134,1000,16
ac19_58211,YXXyx,YYXyyXyxyxxYxx,1,111136,1000,15
ac19_58222,YXXyx,YYYXyXyxyxxxxYx,2,111168 130874,1000,16
ac19_58226,YXXyx,YYYXyyXyxyXXXYYX,2,111187 134532,1000,17
ac19_58265,YXXyx,YYYXYxyXyyXXX,2,111292 135284,1000,15
ac19_58270,YXYXyx,YYXYYxYxyXXyX,2,111301 122814,1000,16
ac19_58287,YXXyx,YYYYXYXyyyxyxx,3,111348 120452 155452,1000,16
ac19_58302,YXYXyx,YYYxyyxyyXyXXYx,1,111379,1000,16
ac19_58312,YXyXXyx,YYYXXyyxxx,1,111397,1000,17
ac19_58326,YXYXyx,YYYYYYXyXXyxyXX,1,111424,1000,18
ac19_58334,YXXyx,YYYYXXYxYxyyyXyXyX,1,111446,1000,18
ac19_58357,YXYXyx,YYYXXXyXXyxYxxx,1,111507,1000,17
ac19_58376,YXXyx,YYXYxYXyyxyXXX,1,111552,1000,15
ac19_58413,YXyXXXyx,YYYxyxYXyxYxxyXyX,2,111651 126069,1000,17
ac19_58424,YXYXyx,YYYYYXXyXXXYxyXYX,2,111672 154771,1000,17
ac19_58476,YXYXyx,YYXYxYYXyXyXX,2,111818 125136,1000,16
ac19_58505,YXyXXyx,YYXXXyyxxxx,2,111906 116397,1000,17
ac19_58509,YXXXyxYx,YYxxyXXYX,1,111915,1000,16
ac19_58522,YXYXyx,YYYYxxyxxyXXXyX,1,111962,1000,16
ac19_58530,YXYXyx,YYYYXyXXXXXYx,2,111982 114510,1000,18
ac19_58543,YXYXyx,YYYXyxyyXXyyxYx,1,112026,1000,16
ac19_58544,YXYXyx,YYYxYxyXXyXYX,2,112030 115448,1000,16
ac19_58553,YXXXyxYxx,YYYxxxyyXX,1,112050,1000,16
ac19_58570,YYXXYxYxyX,YXYxyXYxxyX,1,112095,1000,17
ac19_58604,YXXyx,YYYXYYxyXXyyxyxx,1,112183,1000,16
ac19_58610,YXXyx,YYYYYXyxyyyXyxyX,1,112197,1000,15
ac19_58622,YXYXyx,YYXYxyXXyXyyxYx,1,112231,1000,16
ac19_58632,YXYXyx,YYYXyXyyyxYXyxx,1,112251,1000,16
ac19_58642,YXXyx,YYYYYXyxyyyxYXyx,1,112283,1000,16
ac19_58652,YXXyx,YYYYXyyXyxxyyx,1,112309,1000,14
ac19_58661,YXyXXXyx,YYxyxxyXXXX,1,112335,1000,17
ac19_58673,YXYXyx,YYYXyXyXXXYYxyx,1,112373,1000,16
ac19_58678,YXXyx,YYYYXyyyyxxYxx,1,112387,1000,18
ac19_58691,YXXyx,YYYXyyxxxxyyxx,1,112418,1000,16
ac19_58692,YXYXyx,YYYYXXyXXXXYx,2,112424 155701,1000,17
ac19_58700,YXXyx,YYYXyxxxyyyXXX,1,112447,1000,14
ac19_58740,YXyXXXyx,YYXyyxYxyxxYx,1,112571,1000,18
ac19_58770,YXYXyx,YYYYXXXXXXYxxyX,1,112664,1000,15
ac19_58776,YXYXyx,YYXYxyXXyXXyxxx,3,112677 135021 140962,1000,16
ac19_58820,YXXyx,YYYXyxyXyXyXXYYx,1,112806,1000,17
ac19_58845,YXYXyx,YYXyXXyyxyxxx,2,112870 123062,1000,17
ac19_58863,YXYXyx,YYYXYYYXXXXXX,1,112941,1000,17
ac19_58882,YXXyx,YYYXyXXyyxxYxx,1,112994,1000,14
ac19_58902,YXXyx,YYYYXyXyxyxyyxx,1,113069,1000,16
ac19_58912,YXYXyx,YYYXyyXXXYYYx,1,113090,1000,18
ac19_58921,YXXyx,YYXyyXyxyxYYxxYx,1,113112,1000,16
ac19_58966,YXXyx,YYYYXYxYXyxyyXyyyxyX,1,113253,1000,16
ac19_58971,YXYXyx,YYXXXyXyyxxyxYx,1,113267,1000,18
ac19_58973,YXYXyx,YYYYxYXyXXXYX,2,113272 155333,1000,17
ac19_58974,YXyXXyx,YYYxxyyXXyX,2,113275 152673,1000,16
ac19_59001,YXXyx,YYYYXYxyyXyxyx,2,113348 130310,1000,14
ac19_59012,YXYXyx,YYYYXYxYxyXyXXX,1,113376,1000,18
ac19_59020,YXXyx,YYYXYYXyyyxyxx,3,113395 125397 144195,1000,17
ac19_59070,YXXyx,YYXYXYxyXyXyXX,1,113549,1000,14
ac19_59074,YXYXyx,YYYYXyXyXXyxx,1,113558,1000,14
ac19_59078,YXYXyx,YYXYxyyXXXyxxxx,1,113563,1000,16
ac19_59114,YXXyx,YYYXyyxyxxyxx,4,113658 116938 118822 130183,1000,15
ac19_59170,YXyXXXyx,YYXyyxxYXyxYxyxYx,1,113830,1000,18
ac19_59189,YXyXXyx,YYXyyxxyXYYx,1,113884,1000,15
ac19_59206,YXXyx,YYYXYxyyXyXyXYX,1,113930,1000,17
ac19_59211,YXYXyx,YYXXyXXXyxYxxxx,2,113941 152000,1000,16
ac19_59223,YXXyx,YYYXXXyyxyyxxYYx,1,113977,1000,16
ac19_59227,YXXyx,YYXYYxyyXyxyXyXXX,1,113989,1000,17
ac19_59255,YXYXyx,YYYXXXXYXXYYx,2,114076 121960,1000,17
ac19_59260,YXYXyx,YYYYYxyXyXXXX,1,114084,1000,17
ac19_59281,YXyXXXyx,YYYxyxxxx,1,114138,1000,16
ac19_59294,YXYXyx,YYYxYXyxyXXyyXYYx,1,114169,1000,17
ac19_59301,YXYXyx,YYXXyyXXYxxxx,1,114182,1000,15
ac19_59331,YXYXyx,YYYXXXXXyXYYx,2,114262 136915,1000,17
ac19_59337,YXXyx,YYXYYxyXyxxyxxx,1,114289,1000,15
ac19_59340,YXyXXyx,YYYxxyxxxYXyx,1,114298,1000,16
ac19_59358,YXyXXyx,YYYYxyXXyxxxx,1,114328,1000,17
ac19_59380,YXYXyx,YYYXyyXyyxxYx,2,114398 143486,1000,16
ac19_59391,YXXyx,YYXYYxyxyXyxxx,1,114440,1000,14
ac19_59393,YXYXyx,YYYxxyXXXyXYX,2,114444 118429,1000,16
ac19_59397,YXXyx,YYYYXYXyxyyyxx,3,114458 125730 130513,1000,16
ac19_59446,YXyXXyx,YYXYxyxyxYx,1,114609,1000,16
ac19_59447,YXXyx,YYYXYYxyXyyyxx,1,114610,1000,16
ac19_59448,YXXyx,YYYYXyXXyyXXXX,1,114613,1000,17
ac19_59449,YXYXyx,YYYxYYxyXyyXX,2,114616 126330,1000,17
ac19_59478,YXYXyx,YYYXYYXyXXXYx,1,114693,1000,15
ac19_59479,YXYXyx,YYXyyXXYXYYxx,1,114695,1000,17
ac19_59481,YXYXyx,YYXYYxxYXXyXX,1,114698,1000,16
ac19_59531,YXYXyx,YYYXYxyXyyXyxxx,1,114842,1000,17
ac19_59537,YXyXXyx,YYYxxxyyxYx,1,114861,1000,15
ac19_59545,YXYXyx,YYXXXyxyXyyxxYx,1,114884,1000,18
ac19_59549,YXYXyx,YYXYxyXXXyXyyxYYx,1,114904,1000,17
ac19_59575,YXXyx,YYXYXYYxyXyxyyxx,1,114998,1000,16
ac19_59598,YXYXyx,YYYYXXYXXXXXXYx,1,115064,1000,17
ac19_59606,YXXyx,YYYXYXyxyXXyXXXX,1,115091,1000,16
ac19_59628,YXYXyx,YYYXXXXyXXYYxyx,1,115138,1000,17
ac19_59663,YXYXyx,YYXyyXXyxxxxxYX,1,115218,1000,16
ac19_59679,YXXyx,YYYYXyyyXXXXXX,1,115278,1000,16
ac19_59683,YXyXXyx,YYYYxyxxxx,3,115293 136713 152545,1000,17
ac19_59700,YXXyx,YYYYXyxyyxyyyxYx,2,115342 132364,1000,18
ac19_59712,YXXyx,YYYYXyxyyyxYxx,1,115369,1000,16
ac19_59744,YXYXyx,YYYXyyXXYxyXYYx,1,115458,1000,16
ac19_59749,YXYXyx,YYXXXyXYxYXYx,1,115472,1000,13
ac19_59759,YXXyx,YYXYXYYXyyXyyX,2,115504 141425,1000,16
ac19_59776,YXyXXXyx,YYXXyXYXyxYxxxyyX,1,115557,1000,17
ac19_59795,YXXyx,YYYYXYXyxyyXyXX,1,115624,1000,17
ac19_59807,YXyXXyx,YYXYxyyXyxx,2,115665 147696,1000,16
ac19_59836,YXYXyx,YYYxyXXyxyyxx,2,115763 151254,1000,15
ac19_59890,YXYXyx,YYYXyyyXyyxxx,2,115925 134552,1000,17
ac19_59897,YXYXyx,YYYYXyxyyXXXXYx,2,115954 154742,1000,17
ac19_59903,YXXyx,YYYYXyXyyyXYXXX,1,115977,1000,17
ac19_59905,YXYXyx,YYYxxxYXyXYXXyX,1,115983,1000,17
ac19_59923,YXYXyx,YYYYxyxYXyyyXXX,2,116042 148149,1000,18
ac19_59929,YXYXyx,YYYYYxyyyXXyX,1,116071,1000,17
ac19_59950,YXYXyx,YYYxxYXyxyXXXyX,1,116133,1000,16
ac19_59973,YXyXXyx,YYXyxYYxxYXyyxyx,2,116219 142110,1000,15
ac19_59975,YXyXXyx,YYxyxYxyxxYXX,1,116222,1000,16
ac19_59980,YXXyx,YYYXyyyxxyxxYYx,1,116253,1000,17
ac19_59986,YXYXyx,YYYYxYXyXXXYXYxyX,1,116272,1000,17
ac19_59994,YXXYxxyx,YXYxxxxYx,2,116302 146747,1000,5
ac19_60005,YXyXXyx,YYxyxyxYXyxYXYx,2,116340 124633,1000,16
ac19_60019,YXXyx,YYYXYXyXyXyXXXX,1,116389,1000,16
ac19_60030,YXYXyx,YYXYxYXXyyXyxYx,2,116421 137001,1000,14
ac19_60031,YXYXyx,YYXyXXXYYxxYX,1,116431,1000,15
ac19_60052,YXXyx,YYYYXyyyXyXXYX,1,116488,1000,17
ac19_60059,YXyXXyx,YYYXyyXYYxxyXyxyx,2,116508 129313,1000,17
ac19_60064,YXXyx,YYYXyyxxxyyxxx,1,116519,1000,15
ac19_60077,YXyXXyx,YYxYxyxYxyxyXYX,2,116557 144278,1000,16
ac19_60108,YXyXXyx,YYYxyxyxYXXyxYx,2,116660 124769,1000,17
ac19_60111,YXXyx,YYXYXyyxxyyXXX,1,116666,1000,14
ac19_60112,YXXyx,YYYXYxyXyyXyXXYx,1,116678,1000,16
ac19_60123,YXXyx,YYYYXyyyyxYxxx,2,116721 132294,1000,17
ac19_60147,YXXyx,YYYYXyXyyXXXX,2,116817 125513,1000,16
ac19_60177,YXXyx,YYXYxyyxxyyXyXYX,1,116898,1000,16
ac19_60184,YXYXyx,YYXXyXXXyxxxx,2,116920 131262,1000,16
ac19_60191,YXYXyx,YYXyXYXyXXXyxYxxx,2,116936 141462,1000,17
ac19_60213,YXXyx,YYYYXyyyxxyyxx,1,116992,1000,17
ac19_60214,YXXyx,YYYYXyxyXyxyxyxx,1,116993,1000,16
ac19_60217,YXXyx,YYYXyxyXXyXyXX,1,117010,1000,15
ac19_60225,YXYXyx,YYXYxxyXyyXXYxx,1,117027,1000,15
ac19_60245,YXXyx,YYYXyyXyxyyxYx,2,117097 149259,1000,15
ac19_60255,YXXyx,YYYXYXyyxxyXXX,1,117125,1000,13
ac19_60278,YXYXyx,YYXYxxyXyyXXYYx,1,117184,1000,17
ac19_60280,YXXyx,YYYXyxyyXyyXXYX,2,117188 146711,1000,16
ac19_60282,YXYXyx,YYXyXXyyxxYYx,1,117193,1000,16
ac19_60286,YXXyx,YYYYXyyyXyXXXyXX,1,117206,1000,17
ac19_60289,YXYXyx,YYXyxxYxxYXyXXXXyxx,1,117213,1000,18
ac19_60302,YXyxYXXyx,YYYXXyyxxx,1,117252,1000,17
ac19_60304,YXXyx,YYXYXyyXyyxxxx,1,117260,1000,16
ac19_60311,YXYXyx,YYYYYYXyyXyXX,2,117282 137488,1000,18
ac19_60317,YXXyx,YYYXYXyyyxxxx,2,117289 147961,1000,16
ac19_60318,YXXyx,YYYYYYXyXyyXXyyX,1,117290,1000,18
ac19_60339,YXXyx,YYYXyyxxyyXYXYXX,1,117347,1000,16
ac19_60343,YXXyx,YYYXYxyXyyxyyxx,1,117358,1000,16
ac19_60346,YXYXyx,YYYXyxyXXyXXYYx,2,117365 151559,1000,17
ac19_60351,YXXyx,YYYYXyXyXXyXXX,1,117379,1000,17
ac19_60354,YXXyx,YYYYYYXyxyyyXyX,1,117386,1000,18
ac19_60355,YYXXyxx,YYYxxYxxyXXX,1,117388,1000,18
ac19_60368,YXyXXyx,YYXYXyxyxxYxxYXyyx,1,117426,1000,18
ac19_60370,YXXyx,YYYXyyyXyxyxYx,2,117433 133094,1000,16
ac19_60419,YXYXyx,YYYXYxyyXXyXYYx,1,117559,1000,17
ac19_60435,YXYXyx,YYYYXyxyyXyyxxx,1,117608,1000,17
ac19_60447,YXYXyx,YYXXyXXXYxYxxyx,1,117636,1000,16
ac19_60452,YXYXyx,YYXYYXyXXyyxxYx,1,117653,1000,17
ac19_60458,YXXyx,YYYYXyXyyyxyyxYx,1,117667,1000,18
ac19_60482,YXYXyx,YYXXyxyXyXXYYxx,2,117735 131647,1000,16
ac19_60486,YXXyx,YYYXyXyxyyxyxxYX,1,117748,1000,16
ac19_60500,YXYXyx,YYXYxxyXyyXXXYx,1,117789,1000,17
ac19_60511,YXXyx,YYYXXYxyyxyyxyxx,1,117837,1000,17
ac19_60541,YXXyx,YYYXyyxxyyXXYXYX,1,117933,1000,16
ac19_60544,YXXyx,YYYYXXYXyyyxyx,2,117939 125849,1000,14
ac19_60551,YXXyx,YYXYXyXyxyyxxx,1,117961,1000,15
ac19_60570,YXXyx,YYXYYXyxyyxxxx,1,118011,1000,16
ac19_60587,YXYXyx,YYYxyXyyXXYxx,1,118079,1000,16
ac19_60596,YXXyx,YYXXYXyXyyXyXX,1,118110,1000,16
ac19_60598,YXXyx,YYXYYXyxxyyXyyXX,1,118123,1000,18
ac19_60624,YXXyx,YYYYXyyxyyxxyx,2,118205 134291,1000,17
ac19_60630,YXXyx,YYYXyyxyyxYxyx,2,118229 143522,1000,14
ac19_60634,YXYXyx,YYXYYXyXXyyxxxx,1,118241,1000,17
ac19_60642,YXYXyx,YYYYxyXyxyyXyxx,1,118269,1000,17
ac19_60650,YXYXyx,YYXXXXXXXYxxyXYYx,1,118292,1000,18
ac19_60676,YXYXyx,YYYYXyXYXXXXXYx,1,118388,1000,17
ac19_60679,YXYXyx,YYYXYxyyXXXXYxx,1,118394,1000,17
ac19_60691,YXYXyx,YYYYxyXyXXXYX,1,118430,1000,17
ac19_60693,YXXyx,YYYYXXYxyyXyyxxx,2,118433 125111,1000,17
ac19_60696,YXYXyx,YYYYXYxxyXXXX,1,118455,1000,16
ac19_60714,YXYXyx,YYXYxyXXyXyxxYx,1,118518,1000,16
ac19_60718,YXXyx,YYYXyyxyyxxYXYx,1,118530,1000,16
ac19_60754,YXYXyx,YYXyyXyyxYYxx,3,118655 145633 148358,1000,15
ac19_60763,YXyXXyx,YYYXyXYxxxyxx,1,118689,1000,16
ac19_60770,YXyXXXyx,YYXXXXyyxyX,1,118705,1000,17
ac19_60776,YXXyx,YYYXyyyxxyyxYx,1,118723,1000,16
ac19_60781,YYXXyxx,YYXYXYxYxYX,1,118741,1000,18
ac19_60798,YXYXyx,YYXYYxxxyXyXX,1,118798,1000,15
ac19_60810,YXYXyx,YYYYxYXyXXyXX,2,118834 142254,1000,17
ac19_60830,YXXyx,YYYXYxyyXyyxxYx,1,118875,1000,16
ac19_60831,YXYXyx,YYXXXXXyyxYxxyx,1,118876,1000,16
ac19_60887,YXXyx,YYYXYxyXyyXyxxYx,1,119020,1000,16
ac19_60903,YXYXyx,YYXyXXXXYYx,3,119048 119897 137386,1000,16
ac19_60918,YXYXyx,YYYYYYXyyXXXX,1,119089,1000,17
ac19_60923,YXYXyx,YYYYYXyyXXXXYxxyX,1,119112,1000,17
ac19_60942,YXXyx,YYYYXYxyyyxyXXYxyX,1,119156,1000,16
ac19_60966,YXYXyx,YYYxYxyXXyxyXXX,1,119255,1000,17
ac19_60970,YXXyx,YYYYXYXyXyxyXyXX,1,119268,1000,17
ac19_60989,YXYXyx,YYYYXyyyXXYYx,2,119323 131530,1000,17
ac19_61058,YXYXyx,YYYYYXyXXXXYxyX,2,119528 120045,1000,16
ac19_61062,YXYXyx,YYXyyXXXyxxxx,1,119539,1000,17
ac19_61091,YXXyx,YYYXYxyyxxyxx,3,119610 132909 149296,1000,15
ac19_61096,YXYXyx,YYXYYxYXXyXXX,1,119632,1000,16
ac19_61134,YXXyx,YYXYYxyXyyxxxx,1,119741,1000,15
ac19_61140,YXXyx,YYYYXYxyXyyXyXX,1,119756,1000,17
ac19_61145,YXYXyx,YYYYxyXyXXXYYXX,1,119765,1000,17
ac19_61150,YXXyx,YYYXyXyxxyXyXX,1,119783,1000,13
ac19_61157,YXYXyx,YYYXXXXXXYYYxyx,2,119798 154360,1000,17
ac19_61167,YXXyx,YYYXYxyyXyxyxYx,1,119836,1000,15
ac19_61169,YXXyx,YYYXXXyyyXXXYX,1,119839,1000,16
ac19_61172,YXYXyx,YYYYXYxxYXXXXyX,1,119846,1000,17
ac19_61193,YXyxYXXyx,YYXyxYYXXyXyX,1,119906,1000,18
ac19_61206,YXXyx,YYYYXYxyyXyXyXX,1,119937,1000,18
ac19_61208,YXYXyx,YYYxxxYXyxyyXyX,1,119939,1000,16
ac19_61219,YXXXyxx,YYXXyxxxYXyx,1,119975,1000,16
ac19_61248,YXYXyx,YYYxxxYXyXyXX,2,120054 153108,1000,17
ac19_61261,YXYXyx,YYXyXXXXXYxYXYx,1,120081,1000,17
ac19_61275,YXXyx,YYYXyxyyXXYxyXYX,1,120128,1000,15
ac19_61293,YXXyx,YYYYXYXyxyXyyXX,1,120190,1000,16
ac19_61317,YXYXyx,YYXyXXyyxYXyxxx,1,120248,1000,16
ac19_61324,YXXyx,YYYXyXyxyXyyXXXYX,1,120263,1000,17
ac19_61336,YXXyx,YYYXYXyyXyyyxYYx,1,120305,1000,16
ac19_61343,YXYXyx,YYYYYxyXXXYXX,1,120318,1000,16
ac19_61358,YXyXXXyx,YYYxxxxyXyx,2,120363 154401,1000,16
ac19_61367,YXYXyx,YYYXXXyXyxxYxyx,1,120393,1000,16
ac19_61373,YXXyx,YYXYYXyyxyyXXyXX,1,120410,1000,17
ac19_61376,YXyxYXXyx,YYYXyXyxYXyXX,1,120415,1000,17
ac19_61378,YXXyx,YYYXXXyXyyxyxxx,1,120419,1000,15
ac19_61433,YXYXyx,YYXXXyyXYxYxx,1,120575,1000,13
ac19_61437,YXXyx,YYYXXXyyxyxyxxx,1,120598,1000,16
ac19_61464,YXXyxYXXyxx,YYXXXyXYXyxYXXyx,1,120674,1000,19
ac19_61475,YXXyx,YYYYYXyyyxyXXXX,1,120712,1000,17
ac19_61483,YXYXyx,YYXyXyxyXyxYYxx,1,120737,1000,15
ac19_61494,YXYXyx,YYYXXXXyyyxYxyx,1,120767,1000,17
ac19_61497,YXYXyx,YYYYxyxYYXXyXXX,2,120777 121947,1000,18
ac19_61524,YXXyx,YYXYxyyxxxyyxx,1,120845,1000,14
ac19_61529,YXXyxYXXyxx,YYXXyxYxyxYxyx,1,120854,1000,19
ac19_61532,YXYXyx,YYYXyXXyxyyxx,1,120866,1000,15
ac19_61545,YXYXyx,YYYYYxyxxyXXXXX,1,120909,1000,17
ac19_61563,YXXyx,YYYYXyyyyXXXyX,2,120961 130972,1000,17
ac19_61566,YXYXyx,YYYXYxyXXyyXyxx,1,120967,1000,16
ac19_61570,YXYXyx,YYYYYXyxyXXXX,2,120974 133624,1000,16
ac19_61573,YXYXyx,YYXyXyXXXYxxxYX,1,120987,1000,16
ac19_61576,YXXyx,YYYYXyyXXyxxxx,1,121001,1000,15
ac19_61585,YXXyx,YYXYxxYxyyXyXX,1,121025,1000,13
ac19_61606,YXyXXyx,YYYXyxxxxxx,2,121097 131671,1000,17
ac19_61628,YXYXyx,YYXYxyXXyXYXyXYxx,3,121157 137016 156007,1000,16
ac19_61640,YXXyx,YYYXyyxyyXXXXX,2,121212 128734,1000,16
ac19_61669,YXYXyx,YYYYxyyxyXXyyxx,1,121289,1000,17
ac19_61677,YXXyx,YYYYXyyXyyxyxx,2,121312 154194,1000,16
ac19_61678,YXyXXXXyx,YYXyXXyxyX,2,121314 137748,1000,17
ac19_61695,YXYXyx,YYYYYXyXXXyxx,1,121366,1000,14
ac19_61702,YXXyx,YYYXYYXyXyyXyXXX,1,121380,1000,17
ac19_61736,YXXyx,YYYYXyXyxyxyxyxx,1,121480,1000,17
ac19_61746,YXYXyx,YYXYYXXXXXXXYYx,1,121514,1000,17
ac19_61754,YXYXyx,YYYXXyXyXyxxx,2,121546 144233,1000,17
ac19_61767,YXXyx,YYYYYXyXyyyxyyx,1,121576,1000,17
ac19_61770,YXYXyx,YYYXYxxyyyXXX,2,121595 147185,1000,16
ac19_61835,YXYXyx,YYXXyXXYXXYYx,2,121802 140854,1000,16
ac19_61874,YXXyx,YYYXYxYxyyXyXyXX,1,121925,1000,18
ac19_61882,YXXyx,YYYXyyyXyXXYYx,2,121950 125984,1000,17
ac19_61907,YXYXyx,YYXyxyXXXXYxYYx,1,122037,1000,17
ac19_61963,YXXyx,YYYYXyxyXyXyXXyX,1,122236,1000,16
ac19_61968,YXYXyx,YYXXyXXXyxxYxxyxx,1,122251,1000,17
ac19_62033,YXXyx,YYYXyyXyXXXXYX,2,122427 151424,1000,17
ac19_62056,YXYXyx,YYYYYxyXXyXXX,1,122487,1000,17
ac19_62069,YXXYxxyx,YXXyXyxxYXXXyxx,1,122538,1000,18
ac19_62082,YXXyx,YYYXXYYxyxyxyyxx,2,122576 133574,1000,17
ac19_62099,YXXyx,YYYYYXyyXXyyxx,1,122642,1000,15
ac19_62129,YXYXyx,YYYYXyxyyyXyxxx,1,122741,1000,17
ac19_62145,YXYxYXXYx,YYXXyxxYXXyxx,1,122816,1000,18
ac19_62169,YXYXyx,YYYxxYYXyXyXX,1,122905,1000,17
ac19_62192,YXXyx,YYYXYxyyyXXXXX,2,122987 152229,1000,17
ac19_62203,YXXyx,YYXYYXyXyXyXXX,2,123019 150288,1000,17
ac19_62237,YXyXXyx,YYxYYxyxYxyxyXX,1,123142,1000,17
ac19_62288,YXyXXyx,YYXXXyXXXyyxyxx,1,123282,1000,17
ac19_62305,YXXyx,YYXYYXyxyXyXXXXX,1,123342,1000,16
ac19_62328,YXYXyx,YYXXyXyXYYxxx,1,123417,1000,16
ac19_62336,YXYXyx,YYYYxYXyxyyXXXX,1,123439,1000,17
ac19_62351,YXYXyx,YYYYXXYXXXXYx,2,123469 124685,1000,16
ac19_62368,YXYXyx,YYYXYxxxyXXyX,1,123520,1000,15
ac19_62373,YXyXXyx,YYXXYxxyXXyxyxx,1,123542,1000,17
ac19_62387,YXYXyx,YYXYxxyXXyXyyxx,1,123576,1000,16
ac19_62410,YXYXyx,YYYXXyXYXXXYx,1,123658,1000,15
ac19_62433,YXYXyx,YYXXyXyyxYYxx,1,123720,1000,16
ac19_62437,YXyXXXyx,YYXYxyXyxyX,1,123733,1000,17
ac19_62459,YXXyx,YYYXyXyXyyXXXYYX,1,123799,1000,17
ac19_62479,YXyXXyx,YYXyXyyxyXX,1,123867,1000,16
ac19_62483,YXXyx,YYYXyyXXXyXXYX,1,123879,1000,16
ac19_62502,YXXyx,YYXXYXyXyXyyXX,1,123919,1000,14
ac19_62517,YXYXyx,YYxYXYxyXXyXX,2,123968 140989,1000,15
ac19_62543,YXYXyx,YYYxxYXyXXyyXyx,1,124041,1000,16
ac19_62545,YXXyx,YYYYXyyXyyxxYX,1,124049,1000,14
ac19_62577,YXXyx,YYXYXyxyXyyxxx,1,124132,1000,14
ac19_62584,YYXXyxx,YYxYxyXXX,1,124145,1000,16
ac19_62605,YXYXyx,YYYYYxyXXyxyXyX,1,124197,1000,17
ac19_62609,YXYXyx,YYYYxyyXXyXYx,1,124213,1000,15
ac19_62671,YXyXXyx,YYXXyXYXyyxxyx,1,124388,1000,17
ac19_62676,YYXXXXXyX,YYYXXXXXXyyX,2,124406 148477,1000,16
ac19_62718,YXYXyx,YYXXyxyXXXXYYxx,2,124553 139357,1000,17
ac19_62748,YXXyx,YYYXYxyxyyXXXX,1,124663,1000,16
ac19_62752,YXXyx,YYYYXyXyyXyXXyXX,2,124670 128557,1000,17
ac19_62755,YXXyx,YYXYxYxyXyyXXX,1,124675,1000,15
ac19_62765,YXXyx,YYYYXYYXyyyxxyyx,1,124709,1000,17
ac19_62769,YXXyx,YYYXyyxyxxYxxx,1,124719,1000,16
ac19_62774,YXYXyx,YYXYYxYYxyXyyXX,1,124732,1000,17
ac19_62787,YXYXyx,YYXyxyXyXyXYYxx,1,124761,1000,16
ac19_62806,YXXyx,YYYYXyyyXXYXyX,1,124819,1000,16
ac19_62809,YXXyx,YYYXyyXYxyyyXX,1,124828,1000,13
ac19_62816,YXYXyXXYXyX,YYYXyXXXYXyXyx,1,124848,1000,18
ac19_62842,YXYXyx,YYYYxxyXXXyyX,1,124931,1000,16
ac19_62850,YXYXyx,YYXYYxxyXyXXX,2,124948 145821,1000,16
ac19_62852,YXXyx,YYXYYXyxyXyyXyXX,1,124956,1000,17
ac19_62853,YXYXyx,YYXXyXyyxxxxx,1,124962,1000,17
ac19_62870,YXYXyx,YYXYYxxxyXyyX,1,125026,1000,14
ac19_62938,YXYXyx,YYYxxYYXyxyXyXX,2,125248 135344,1000,17
ac19_62974,YXYXyx,YYYxYXYxyyXXX,1,125336,1000,16
ac19_62990,YXyXXyx,YYxxyxYxxxyxYXX,1,125369,1000,18
ac19_63003,YXXyx,YYYYXYxyyyxyyXyX,1,125409,1000,17
ac19_63006,YXYXyx,YYXyXXXXYxYXYYx,1,125417,1000,18
ac19_63007,YXXyx,YYYXyyXyyxxYYx,2,125419 155185,1000,15
ac19_63014,YXyXXyx,YYYYxyXyxxx,1,125434,1000,17
ac19_63025,YXXyx,YYYXXYYXyXyyyX,1,125471,1000,14
ac19_63028,YXyXXXyx,YYXyXYxxyxyXX,1,125476,1000,17
ac19_63035,YXXyx,YYYXyXyyXXYXX,1,125489,1000,15
ac19_63036,YXYXyx,YYYYYxxyXXXXX,1,125493,1000,19
ac19_63047,YXYXyx,YYYYXyxyyXXyxxx,1,125515,1000,16
ac19_63051,YXYXyx,YYYYxYXyXXXYxyXYX,1,125522,1000,18
ac19_63078,YXXyx,YYYXYXyXyyXXXX,2,125604 130669,1000,16
ac19_63109,YXYXyx,YYXyXYxxxxYxyXXyX,1,125686,1000,16
ac19_63112,YXXyx,YYXYYXYxyXyxyyxx,1,125696,1000,16
ac19_63115,YXXyx,YYYYXyyXyxyyxx,1,125708,1000,17
ac19_63121,YXYXyx,YYXYxxyXyXyyxxx,1,125729,1000,18
ac19_63131,YXXyx,YYYYXyxxyXyxxx,1,125754,1000,15
ac19_63135,YXYXyx,YYXyXyXXYXYYx,1,125784,1000,17
ac19_63149,YXYXyx,YYXXXyXXyxxxx,1,125820,1000,16
ac19_63184,YXYXyx,YYYXyxyyXXyxxYx,1,125926,1000,16
ac19_63201,YXYXyx,YYYXXXyXXyxxx,3,125971 137170 155184,1000,16
ac19_63210,YXyXXyx,YYXYXyxyxxYxYxxyx,1,125985,1000,18
ac19_63231,YXXyx,YYYXyXXyyXXXYX,1,126053,1000,16
ac19_63239,YXYXyx,YYXYxYXyXXyyxYx,1,126076,1000,16
ac19_63245,YXYXyx,YYXXXXyyxxyxYxx,1,126098,1000,18
ac19_63246,YXYXyx,YYYYXYxyXyyXXYx,1,126105,1000,17
ac19_63274,YXYXyx,YYYYxyxYXXyyXXX,2,126174 144609,1000,17
ac19_63288,YXYXyx,YYYYxyXXyyyxx,2,126227 134329,1000,17
ac19_63296,YXXyx,YYYYXyyyxyxxyxx,1,126248,1000,17
ac19_63344,YXXyx,YYYYXyyxyXyxyxx,2,126413 134993,1000,16
ac19_63347,YXXyx,YYYXyXyXyyXXYYxx,1,126426,1000,16
ac19_63348,YXyXXyx,YYXYxxYXyxyxx,1,126427,1000,16
ac19_63350,YXXyx,YYXYYXyyxyXyyXX,1,126438,1000,18
ac19_63359,YXXyx,YYXYxyxyXyXyXX,1,126472,1000,14
ac19_63364,YXXyx,YYYYXyyyyXyxxx,1,126481,1000,17
ac19_63383,YXYXyx,YYXyXyyxYXyxxYx,2,126531 142975,1000,16
ac19_63402,YXYXyx,YYXyXXXyXXYxxxx,1,126591,1000,17
ac19_63405,YXYXyx,YYYYYxYXyxyXXXX,2,126596 156519,1000,17
ac19_63409,YXXyx,YYXYYXyxyXyXXXX,2,126606 129601,1000,16
ac19_63425,YXXyx,YYYXyxyyXyXXXYYX,1,126660,1000,17
ac19_63428,YXYXyx,YYXyyXXXYYxxx,2,126666 139830,1000,18
ac19_63432,YXXyx,YYXYYxyyXyxyxxyx,1,126679,1000,16
ac19_63460,YXXyx,YYYYYXXXyyXyyxxxx,1,126772,1000,17
ac19_63472,YXYxxYXyx,YYYxxxYXYx,1,126799,1000,16
ac19_63488,YXXyx,YYXYXyyxxyXyXX,1,126830,1000,13
ac19_63493,YXXyx,YYYXYXYXyyxxyyxx,1,126843,1000,17
ac19_63497,YXYXyx,YYYYxYXyxyyyXXX,2,126864 127812,1000,18
ac19_63503,YXYXyx,YYXXyyXXXYYxxyx,1,126876,1000,17
ac19_63507,YXXyx,YYXYYxyXXyyxyyxxxx,1,126892,1000,18
ac19_63513,YXXyx,YYXyyxyxxxxxYxYx,2,126918 131989,1000,16
ac19_63573,YXYXyx,YYYXXXXXXXYYxyx,1,127102,1000,18
ac19_63607,YXYXyx,YYYXyxyXXXXYYxx,1,127221,1000,18
ac19_63616,YXYXyx,YYXXYxxxYxyXXyX,1,127251,1000,16
ac19_63632,YXyXXyx,YYXXYxxxxyx,2,127315 150853,1000,16
ac19_63648,YXXyx,YYYXyyxyyxxYYx,2,127378 136598,1000,16
ac19_63655,YXXyx,YYYYXyXyyxyxyxx,1,127395,1000,16
ac19_63665,YXXyx,YYYXYYYXyxyyXyXyX,1,127412,1000,17
ac19_63673,YXYXyx,YYYYXXXXXXXYxYX,2,127430 143838,1000,17
ac19_63687,YXXyx,YYYYXyxxyyyyXXX,2,127467 144402,1000,18
ac19_63693,YXYXyx,YYYxxYXyXXyXX,1,127492,1000,17
ac19_63705,YXYXyx,YYXyyXXyxxYxx,1,127525,1000,15
ac19_63708,YXXyx,YYYXYYXyyxyXyXXX,1,127534,1000,17
ac19_63718,YXXyx,YYYXXYxyyxyyxxyx,1,127574,1000,16
ac19_63737,YXyXYXyxx,YYXXyxYXyx,2,127625 133076,1000,19
ac19_63741,YXYXyx,YYYXYxxxxyyyXyX,1,127647,1000,17
ac19_63750,YXXyx,YYYYXyxyyxxxxx,1,127680,1000,17
ac19_63765,YXYXyx,YYYYXyXXXXyxx,1,127715,1000,14
ac19_63806,YXXyx,YYXYxYYXyXyxyXyX,1,127835,1000,15
ac19_63820,YXXyx,YYXYYXyyxyyxYxxxx,1,127886,1000,16
ac19_63824,YXXyx,YYYXYXYXyyyXyXXX,1,127896,1000,17
ac19_63838,YXXyx,YYYXyyxxyxxYxx,1,127933,1000,16
ac19_63848,YXYXyx,YYYxYxyyXXXYX,2,127967 150294,1000,17
ac19_63849,YXXyx,YYYYXyyxxxyxxx,1,127969,1000,17
ac19_63860,YXYXyx,YYYxxYXyyXyyX,1,128001,1000,15
ac19_63873,YXyXXXyx,YYXyyxYXyxxYXyx,1,128034,1000,16
ac19_63875,YXXyx,YYYYYXyXXyXyyXX,2,128044 151640,1000,17
ac19_63876,YXYXyx,YYXyXXyXYXYYx,1,128045,1000,16
ac19_63877,YXXYxxyx,YYXXyXyxxYXyx,1,128055,1000,18
ac19_63896,YXXyx,YYYXYXyyxyxyxxYx,1,128135,1000,18
ac19_63897,YXXyx,YYYXyyXyXyXXXX,2,128137 141031,1000,16
ac19_63904,YXXyx,YYYXYxyyXyxxxx,1,128147,1000,15
ac19_63907,YXyXXyx,YYXYXyXyxYxxyyx,2,128155 142439,1000,17
ac19_63908,YXYXyx,YYYYXYxyyXyXXYx,1,128156,1000,16
ac19_63929,YXXyx,YYYXyyXXyXXyXX,1,128210,1000,16
ac19_63937,YXXyx,YYYYYXyXyyyXXX,1,128244,1000,18
ac19_63947,YXXyx,YYYXyxyXXyXXXYX,1,128281,1000,16
ac19_63973,YXXyx,YYYYXYxyXyyxyyyx,1,128364,1000,16
ac19_64006,YXXyx,YYXYYXyxxyyxyyXX,1,128498,1000,16
ac19_64025,YXXyx,YYYXXYxyxyyxyyXX,1,128559,1000,16
ac19_64028,YXYXyx,YYYxyXyyXYxyXXYYx,1,128569,1000,17
ac19_64042,YXXyx,YYYYXyyyxYxxyx,1,128622,1000,15
ac19_64043,YXXyx,YYYYXyyxyyxYxxx,1,128625,1000,17
ac19_64053,YXYXyx,YYYXyyyXXXYYxyx,1,128641,1000,17
ac19_64069,YXyXXXyx,YYYxyxYxxxYXyyXyX,2,128691 152024,1000,17
ac19_64075,YXXyx,YYYYXyxxyyyyxx,1,128712,1000,17
ac19_64086,YXXyx,YYYYYXyyxxyyxx,1,128748,1000,17
ac19_64091,YXXyx,YYYYXXYxyyyXyX,1,128763,1000,15
ac19_64093,YXYXyx,YYYYYxyXXXyyX,1,128766,1000,17
ac19_64107,YXXyx,YYYYXYxyyyxyyXXYxyyX,1,128819,1000,18
ac19_64112,YXXyx,YYYYXyyxyyXXyXX,1,128828,1000,18
ac19_64125,YXXyx,YYYYXyXXyyxxx,1,128857,1000,13
ac19_64129,YXXyx,YYYXyxyXyXXXXYX,2,128872 155584,1000,17
ac19_64159,YXYXyx,YYYxyyxyXXyXXYx,2,128971 129509,1000,16
ac19_64163,YXXYxxyx,YYXYXyXyXXyxxyx,1,128982,1000,17
ac19_64173,YXXyx,YYYXyXyXXyXXYX,1,129004,1000,15
ac19_64188,YYXXyxx,YYYYxxxxyXXX,1,129052,1000,19
ac19_64193,YXXyx,YYYXXYXyXyXyXX,1,129062,1000,15
ac19_64206,YXXyx,YYYYYXyyXyXyXXYxyX,1,129111,1000,18
ac19_64216,YXYXyx,YYYxYxyXyxyyXXX,1,129140,1000,17
ac19_64241,YYXXXYxx,YYxxxYXYXXX,1,129213,1000,5
ac19_64270,YXXyx,YYYXXXyyxyyxxxYYx,2,129305 130845,1000,17
ac19_64291,YXXyx,YYXYYxyyXyXXXXX,1,129354,1000,16
ac19_64323,YXYXyx,YYXYxxyXXyyXXYx,1,129439,1000,16
ac19_64370,YXXyx,YYYXYxYXyyXyXyXX,1,129563,1000,18
ac19_64373,YXXyx,YYYXYYXyxxyyyXXXX,1,129574,1000,18
ac19_64375,YXXyx,YYYYYXyxyXyxyyyx,1,129587,1000,16
ac19_64411,YXXyx,YYYYXyXyXyyxxYxx,2,129710 129848,1000,17
ac19_64418,YXYXyx,YYYYxyxYXyXXyyX,1,129731,1000,16
ac19_64421,YXyXXyx,YYXXyyxxxYXyx,1,129736,1000,16
ac19_64464,YXYXyx,YYYYYXYxyXXXX,1,129872,1000,16
ac19_64496,YXXyx,YYYXYXyxxyyxxx,1,129966,1000,16
ac19_64498,YXyxYXXyx,YYYXyxxxyx,1,129971,1000,18
ac19_64510,YXYXyx,YYYYXyyXyXXYx,2,130008 140644,1000,16
ac19_64511,YXYXyx,YYXYxxYYXyXXX,1,130010,1000,16
ac19_64530,YXYXyx,YYXyyXyyxxxxyxxYX,1,130063,1000,17
ac19_64544,YXYXyx,YYYYxyxxyyXXX,1,130103,1000,16
ac19_64568,YXYXyx,YYXyXyXYXYYxx,2,130174 146308,1000,16
ac19_64575,YXYXyx,YYXXXYxxxYxyXXXyX,1,130199,1000,17
ac19_64607,YXyxYXXyx,YYYXyxYXyyxxx,1,130296,1000,18
ac19_64619,YXXXXXyXyX,YYxxxxxxyxx,1,130331,1000,16
ac19_64699,YXYXyx,YYXyXyxxyyxxx,1,130583,1000,14
ac19_64718,YXYXyx,YYYXYYxyXXXyX,1,130643,1000,16
ac19_64731,YXXyx,YYYXYxyXyxyxxxx,1,130677,1000,16
ac19_64782,YXXyx,YYYXyyXXyXXYXX,1,130809,1000,16
ac19_64783,YXXyx,YYYXXYXyxyyXXX,1,130811,1000,14
ac19_64798,YXYXyx,YYYxYXyyXXyxx,1,130880,1000,16
ac19_64828,YXYXyxYXXyx,YYYXXyxYXXyxyX,1,130971,1000,18
ac19_64847,YXXyx,YYYXYYXyxxyyXyXXX,1,131037,1000,17
ac19_64854,YXXyx,YYYYYXYXyXyxyXyXyX,1,131052,1000,17
ac19_64874,YXXyx,YYYYYXYxyXyXyyyx,1,131132,1000,16
ac19_64875,YXXyx,YYYYXXXyXyXyyyXX,1,131134,1000,16
ac19_64936,YXXyx,YYXYYXyxxyyXXXXX,2,131349 140674,1000,16
ac19_64971,YXYXyx,YYXYxxYxyXyXyXX,1,131450,1000,18
ac19_64977,YXXyx,YYXYxYxyxxyyxx,1,131466,1000,14
ac19_64994,YXyXXyx,YYXyyxyXYxyXYXyyX,2,131528 144626,1000,16
ac19_65012,YXyXXXyx,YYYXyxYxyxYxyyX,1,131595,1000,17
ac19_65015,YXYXyx,YYXXXyxyXyxxxYx,1,131605,1000,16
ac19_65037,YXyXXXyx,YYXyXyyXYxyXX,1,131694,1000,17
ac19_65042,YXYXyx,YYXXyyxyXyxxxxx,1,131708,1000,17
ac19_65069,YXXyx,YYXYYXyyxxxyxx,1,131781,1000,16
ac19_65075,YXXyx,YYYXYYxyxyXyxyxx,3,131792 134123 141336,1000,17
ac19_65076,YXYXyx,YYYXXXYXyXYYx,2,131794 136021,1000,14
ac19_65098,YXXyx,YYYXYxyxyXyXXX,1,131864,1000,15
ac19_65108,YXYXyx,YYYYXyyXXXYxx,1,131894,1000,16
ac19_65139,YXXyx,YYYXyyXyXXXXYx,1,132007,1000,16
ac19_65140,YXXyXYx,YYYxyyXX,1,132013,1000,15
ac19_65141,YXYXyx,YYXyXXXXYxxYx,1,132015,1000,16
ac19_65168,YXYXyx,YYXYxyXXyXyxxxx,1,132107,1000,17
ac19_65187,YXYXyx,YYYXyXXXyyxYx,1,132175,1000,15
ac19_65198,YXXyx,YYYYXXYxyXyyyxx,1,132213,1000,16
ac19_65206,YYXXXYxx,YYXYYxxyXYX,1,132233,1000,17
ac19_65245,YXXyx,YYYXXXyyyxxxxxYx,2,132387 154186,1000,16
ac19_65258,YXYXyx,YYXXyyXyyxYxxyx,1,132428,1000,17
ac19_65277,YXXyx,YYYYXyyyXyXYXX,1,132486,1000,17
ac19_65281,YXXyx,YYYYXyxyXyyxyyxYx,1,132493,1000,18
ac19_65283,YXXyx,YYYYXyyyyxYxx,2,132496 137483,1000,16
ac19_65326,YXXyx,YYYYYXyyxyyXyXyX,1,132629,1000,18
ac19_65356,YXYXyx,YYXXyXXXYxxYxyx,1,132726,1000,15
ac19_65363,YXXyx,YYYXYxyXXyyxxx,1,132741,1000,14
ac19_65374,YXYXyx,YYXYxYYxyXXXX,1,132772,1000,16
ac19_65392,YYXXyxx,YYYXXYYxxxxYX,1,132835,1000,19
ac19_65433,YXYXyx,YYYYXyXXXyxyx,1,132950,1000,12
ac19_65443,YXXyx,YYYXYxyxyXyxyyXX,1,132981,1000,16
ac19_65457,YXYXyx,YYYYYxYXXyxyXXX,2,133019 155016,1000,17
ac19_65458,YXYXyx,YYXyyXyyxxxxxyxyx,1,133020,1000,19
ac19_65481,YXXyx,YYXYXyxyXyXyXXXX,2,133073 155224,1000,16
ac19_65508,YXYXyx,YYYXXXXXYxYYX,1,133171,1000,15
ac19_65514,YXYXyx,YYYXXXyxyXXYYxx,1,133187,1000,16
ac19_65520,YXYXyx,YYYYxyXyXXyxx,1,133200,1000,15
ac19_65524,YXXyx,YYYXyyXXyyXYYX,1,133225,1000,16
ac19_65544,YXYXyx,YYYxxYXyxyXXyXX,1,133293,1000,17
ac19_65566,YXXyx,YYYXyyxxxxyxYX,1,133345,1000,14
ac19_65579,YXXyx,YYYXYXyyXXyXX,1,133377,1000,15
ac19_65580,YXXyx,YYYYXyyxxyyyXYYX,1,133382,1000,16
ac19_65591,YXXyx,YYYXYxyyXyXyxxYx,1,133420,1000,15
ac19_65596,YXYXyx,YYXXyXXXYxYYxyx,2,133439 149004,1000,17
ac19_65635,YXYXyx,YYXyxyXyXyxxYYx,1,133562,1000,16
ac19_65656,YXXyx,YYYXYXyyxyyXyX,2,133614 144531,1000,16
ac19_65657,YXYXyx,YYYxYxyyxyyXXyX,1,133615,1000,17
ac19_65677,YXXyx,YYYYXYXyXyyyxx,2,133666 143727,1000,16
ac19_65680,YXYXyx,YYYxyXXXyXyxx,2,133678 138306,1000,15
ac19_65681,YXXyx,YYYXyXyxyyXyxxYx,2,133683 134067,1000,16
ac19_65682,YXXyx,YYYXYxYXyyXXyXyX,1,133684,1000,17
ac19_65717,YXYXyx,YYYXyxyXXXXYxxx,1,133773,1000,17
ac19_65737,YXXYxYxx,YYxyxyXyX,1,133848,1000,17
ac19_65738,YXyxYXXyx,YYXXyXyXYXYXyx,1,133849,1000,20
ac19_65750,YXYXyx,YYXXYxYYXXXyX,1,133885,1000,14
ac19_65753,YXXYxYxxx,YYYYXyXyxxx,1,133893,1000,17
ac19_65782,YXYXyx,YYXyyXyyxxxYxYX,2,133975 151856,1000,17
ac19_65783,YXYXyx,YYYxYxYXyyXXX,2,133977 136274,1000,18
ac19_65784,YXXyx,YYYYXYxyyyyXyxyX,1,133980,1000,16
ac19_65785,YXXyx,YYYXyxxyyXyyXXYX,2,133984 138907,1000,17
ac19_65812,YXXyx,YYYYXyXyyyXYXX,1,134091,1000,17
ac19_65820,YXYXyx,YYxYxyXyxyXXyyx,1,134140,1000,16
ac19_65822,YXXyx,YYYYYXyxyyyXyyX,1,134144,1000,17
ac19_65830,YXYXyx,YYXyXyXXXYxxx,2,134161 152089,1000,16
ac19_65855,YXXyx,YYXXYXYXyyXyXX,1,134230,1000,15
ac19_65876,YYXyxYXXyx,YXYxyXXYxYXyx,1,134303,1000,18
ac19_65894,YYXXyxx,YYxxYxYXXYXX,1,134360,1000,18
ac19_65895,YXXyx,YYYXYxYXyXyxyXyX,1,134362,1000,16
ac19_65901,YXXyx,YYYXyXXyyxyxx,1,134379,1000,12
ac19_65908,YXyXXyx,YYXXYxxyxxx,2,134402 136888,1000,17
ac19_65929,YXXyx,YYYXyyXyXyyXYXX,1,134466,1000,17
ac19_65932,YXXyx,YYYYXyXXyyyXXYX,1,134478,1000,18
ac19_65941,YXYXyx,YYYYYYXyXyxyXXX,1,134511,1000,18
ac19_65948,YXYXyx,YYXyXXXYxYxYX,1,134522,1000,13
ac19_65962,YXYXyx,YYYXYxyXXXyyxYx,1,134570,1000,16
ac19_65967,YXYXyXXYXyX,YYXyXyyxYYxyx,1,134586,1000,18
ac19_65974,YXXyx,YYYYXyyXyyXXXyX,1,134620,1000,16
ac19_65996,YXXyx,YYYYXYXyyyxxyyyx,1,134674,1000,17
ac19_66024,YXyXXyx,YYXyxyxxYYx,2,134750 149030,1000,16
ac19_66030,YXYXyx,YYYXYxyXyXXXYxx,1,134765,1000,16
ac19_66032,YXYXyx,YYXyXXXXYYxYX,1,134769,1000,15
ac19_66033,YXYXyx,YYXyxyXyyxxxx,1,134773,1000,16
ac19_66035,YXYXyx,YYYYYxyXXyyXX,1,134779,1000,17
ac19_66075,YXXyx,YYYYXyyyXyXyXXYxyX,2,134867 150011,1000,17
ac19_66087,YXYXyx,YYYxYYXyxyXXyXX,1,134892,1000,17
ac19_66147,YXXyx,YYYXYXyyXyyXXYX,1,135099,1000,17
ac19_66156,YXYXyx,YYXYYXyXXXXYx,1,135126,1000,15
ac19_66157,YXXyx,YYYYXyyyxxyyXX,1,135132,1000,16
ac19_66159,YXXyx,YYYYXXXyXyXyyXyX,1,135139,1000,16
ac19_66177,YXYXyx,YYYXyyXXyyxYxyx,1,135185,1000,16
ac19_66179,YXYXyx,YYYxYXXyXXXYxYX,1,135198,1000,17
ac19_66187,YXyXXXyx,YYYXyXXyXyxyX,1,135212,1000,17
ac19_66199,YXXyx,YYYYXXXyXyyyyxx,1,135241,1000,15
ac19_66208,YYXXXXXyX,YXyXXYxyx,1,135261,1000,16
ac19_66222,YXYXyx,YYYxyXXXyyxxx,1,135312,1000,17
ac19_66229,YXYXyx,YYYYYYXyxyXXXyX,1,135328,1000,17
ac19_66245,YXYXyx,YYYXYxyXXyXyXYx,1,135386,1000,16
ac19_66269,YXXyx,YYYYYYXyXyyxyyX,1,135447,1000,15
ac19_66315,YXXyx,YYYXYXYxyXyyxyxx,1,135577,1000,17
ac19_66317,YXYXyx,YYYYxyxYxyXyXXX,1,135583,1000,18
ac19_66337,YXYXyx,YYYXYxyyXyyXXYx,1,135652,1000,16
ac19_66341,YXYXyx,YYYYXyyXXXYYx,1,135671,1000,17
ac19_66343,YXYXyx,YYYYYXYYYXXyXXX,1,135679,1000,17
ac19_66349,YXXyx,YYYXyyyXXyXYxYX,1,135703,1000,16
ac19_66359,YXXyx,YYXYXyyXXyyXX,1,135722,1000,14
ac19_66364,YXYXyx,YYYxyXXXyxxyx,1,135746,1000,13
ac19_66380,YXXyx,YYYYXyXyxyyyxx,2,135788 143029,1000,16
ac19_66381,YXXyx,YYYXyxyyXXyXXX,1,135795,1000,16
ac19_66385,YXYxYXXYx,YYYXXyxxYXYXYx,1,135807,1000,18
ac19_66394,YXyXXXyx,YYXyxYYxyxxyx,1,135831,1000,17
ac19_66410,YXXyx,YYYXyyXyxyxxxx,1,135892,1000,16
ac19_66432,YXXyx,YYYXyyyXyyXXXXYx,1,135957,1000,17
ac19_66433,YXXyx,YYYYXyXyxyXyxxYx,1,135958,1000,16
ac19_66435,YXXyx,YYXYYxYXyyxyyxx,1,135966,1000,15
ac19_66441,YXYXyx,YYYXyxyXyXyxxxx,1,135986,1000,16
ac19_66457,YXXyx,YYXYxyyxxyxxYx,1,136034,1000,16
ac19_66459,YXYXyx,YYYYYXXyXXXYYXX,2,136037 143061,1000,18
ac19_66464,YXXyx,YYYYXyyXyxyxyx,2,136049 146546,1000,15
ac19_66469,YXXyx,YYXYYXyyxxyxxx,1,136056,1000,15
ac19_66471,YXXyx,YYXYYxyXyxyyxxxYx,1,136059,1000,17
ac19_66482,YXyXXXyx,YYYxyyXYxxyXXyX,1,136097,1000,17
ac19_66507,YXYXyx,YYYYXXyXXXYYxyx,1,136187,1000,17
ac19_66512,YXYXyx,YYXXXyxyXyyxYxx,1,136205,1000,17
ac19_66516,YXyxYXXyx,YYXyxyxYxxx,1,136219,1000,20
ac19_66525,YXYXyx,YYxYXyxyXXyXXYx,2,136254 146352,1000,16
ac19_66543,YXYXyXXYXyX,YYxYxyXYXyXyxyX,1,136318,1000,18
ac19_66544,YXXyx,YYXYYXyyXyxyXXXYX,1,136321,1000,18
ac19_66575,YYXXXXyX,YXyxxyXYx,1,136385,1000,16
ac19_66579,YXXyx,YYYXYXyXyyXyyXX,2,136408 141016,1000,17
ac19_66604,YXYXyx,YYXyXyxyXyxxx,1,136493,1000,16
ac19_66606,YXXyx,YYYXyyyXyXYXYX,1,136495,1000,16
ac19_66607,YXXyx,YYYYYXXXyyxyyxxx,2,136506 138674,1000,17
ac19_66618,YXXyx,YYYYXyxyyyxxyx,2,136540 138591,1000,16
ac19_66654,YYXXyxx,YYYYXXYxYxxYXX,1,136646,1000,19
ac19_66715,YXYXyx,YYYXyXXXyxxyx,1,136807,1000,13
ac19_66724,YXXyXyxx,YYYxxxxYYxx,1,136825,1000,18
ac19_66728,YXXyx,YYYXYXXYxyyxyyxx,1,136829,1000,15
ac19_66731,YXYXyx,YYYXyxyXXyyxxxx,1,136837,1000,18
ac19_66736,YXXyx,YYYXYYxyyXyxyXXXX,1,136864,1000,17
ac19_66742,YXYXyx,YYYXYYxYxyyXyXX,1,136896,1000,17
ac19_66759,YXYXyx,YYYxxYxyyXyyX,1,136956,1000,16
ac19_66785,YXXyx,YYYXyxyXyxyXXX,1,137053,1000,14
ac19_66802,YXyXXyx,YYXYXyxyxYxxxYxyx,1,137107,1000,18
ac19_66827,YXYXyx,YYYYxyxYXyXyXXX,1,137174,1000,18
ac19_66829,YXYXyx,YYYxyyXYXyyXyxx,1,137180,1000,16
ac19_66846,YXXyx,YYYXyxyyXXXYXX,1,137218,1000,16
ac19_66849,YXXyx,YYYYYXYxyxxyyyyx,1,137229,1000,17
ac19_66883,YXXyx,YYYXYYXyyxyxxxxyx,1,137326,1000,16
ac19_66889,YXXyx,YYYXYxyXXXyyXX,1,137343,1000,15
ac19_66898,YXXyx,YYXYYXyyxyxxxxxx,2,137372 154320,1000,16
ac19_66908,YXYXyx,YYYXXXyyyxxxx,2,137397 141864,1000,18
ac19_66913,YXXyx,YYYXYxyyyXyyXYYx,1,137412,1000,16
ac19_66939,YXyXXXyx,YYYxyyXXXyXXXXyyX,1,137503,1000,17
ac19_66989,YXYXyx,YYYXXyXYXXXXYYx,1,137692,1000,19
ac19_67021,YXXyx,YYYXYYxyyxyXyxx,1,137826,1000,16
ac19_67058,YXXyx,YYYYYXyxyXyXyyyX,1,137943,1000,16
ac19_67099,YXXyx,YYYYYYXXXyXyyXyXyX,1,138090,1000,18
ac19_67108,YXXyx,YYYXyxxyyyXXYYX,1,138115,1000,16
ac19_67115,YXXyx,YYYXyXyyxyyxYxx,1,138131,1000,16
ac19_67116,YYXXYxyxx,YYxyxYxYXX,1,138132,1000,16
ac19_67123,YXXyx,YYYYXyxyyxyyxx,1,138152,1000,16
ac19_67128,YXXyx,YYYYYXyXyxyXyxx,1,138167,1000,16
ac19_67137,YXXyx,YYYXYXyyxyyxyxxx,1,138185,1000,17
ac19_67147,YXYXyx,YYXXXyxyXyxxYxx,1,138224,1000,17
ac19_67202,YXXyx,YYYYXyXyXyyxyxxx,1,138411,1000,17
ac19_67212,YXXyx,YYYXYXyyxyyxYx,2,138445 150820,1000,16
ac19_67250,YXYXyx,YYYYxxYXyxyXXXX,1,138574,1000,17
ac19_67256,YYXXyxx,YYYxxYYxYXXXX,1,138597,1000,19
ac19_67258,YXYXyx,YYYXYxYXyXyXX,1,138601,1000,16
ac19_67272,YXYXyx,YYXXyXXyyxxYx,2,138646 143586,1000,17
ac19_67297,YXXyx,YYYXyyyXXXXYXX,1,138705,1000,17
ac19_67310,YXXyx,YYXyyXyXXXXYxYX,1,138733,1000,16
ac19_67329,YXXyx,YYYYXyxyXyXXyXyX,1,138815,1000,16
ac19_67336,YXYXyx,YYYYYxYXyXXYXyX,1,138832,1000,18
ac19_67352,YXYXyx,YYxYXyxyXyXXyxx,1,138887,1000,15
ac19_67362,YXYXyx,YYXXXXyXyxYxxYxyx,1,138934,1000,17
ac19_67379,YXXyx,YYYXyyyXyxxxxx,2,138978 153598,1000,16
ac19_67380,YXXyx,YYYYYXyyyyxxxx,1,138979,1000,17
ac19_67382,YXXyx,YYYYXyXyxyxyxxyx,1,138989,1000,16
ac19_67383,YXXyx,YYYXYYxyyyXyXX,2,138991 151733,1000,17
ac19_67392,YXXyx,YYYYXyXyyyxxYxx,1,139013,1000,18
ac19_67409,YXXyx,YYYYXyyxyyxyxx,2,139073 148974,1000,17
ac19_67488,YXXyx,YYYXXYYXyyyXyX,1,139353,1000,16
ac19_67504,YXYXyx,YYYYXyXXyXyxx,1,139410,1000,15
ac19_67528,YXYXyx,YYXYxxyXyXXyyxx,1,139468,1000,16
ac19_67552,YXyXXXyx,YYxYXyxxxyX,1,139558,1000,16
ac19_67554,YXXyx,YYYYXyXXyyxxxxx,2,139560 149641,1000,16
ac19_67561,YXXyx,YYYYXYxyyyyxyXYxyXyX,1,139591,1000,17
ac19_67574,YXXyx,YYYYXyyxxyXXXX,1,139625,1000,16
ac19_67579,YXYXyx,YYYXyyXXXYYYxyx,1,139648,1000,17
ac19_67592,YXYXyx,YYYxYxYXyxyXyXX,2,139681 151651,1000,17
ac19_67593,YXXyx,YYYYXyyXXXXyXX,1,139684,1000,16
ac19_67604,YXXyx,YYXYxYxyyXyxyxYx,1,139711,1000,15
ac19_67610,YXYXyx,YYYYxYXyxyXXyyXYx,1,139736,1000,17
ac19_67625,YXXyx,YYYYXXYYxyyyxyyx,1,139774,1000,17
ac19_67634,YXYXyx,YYYXXXXyXXyxYxxYx,1,139813,1000,18
ac19_67656,YXYXyx,YYXyXXYXXyXXYxxxx,1,139881,1000,18
ac19_67669,YXyXXyx,YYYXyxyxyxYx,1,139933,1000,17
ac19_67682,YXYXyx,YYXXXXyXYXYYx,2,139983 149632,1000,16
ac19_67703,YXYXyx,YYYXyyXXXYYxx,1,140051,1000,17
ac19_67747,YXXyx,YYYXyXyyxxxxxYx,2,140207 145937,1000,16
ac19_67763,YXYXyx,YYXYxyXXyXXyxxYxx,1,140267,1000,18
ac19_67791,YXXyx,YYYYXyXyxxxyxx,1,140362,1000,16
ac19_67827,YXXyx,YYYXyxyyxxYxxx,1,140500,1000,16
ac19_67844,YXXyx,YYYXyyxxyyXXXYYX,2,140556 152040,1000,17
ac19_67868,YXXyx,YYYYYYXyxyyXyXyX,2,140635 144639,1000,17
ac19_67925,YXYXyx,YYYXYxyyyXXyxxx,1,140834,1000,16
ac19_67926,YXXyx,YYYYXyyxyyyXyxYx,1,140836,1000,17
ac19_67934,YXyXXXyx,YYXyXYXyXyyxx,1,140882,1000,17
ac19_67948,YXYXyx,YYYYxyXXyxyXyxx,1,140936,1000,17
ac19_67960,YXXyx,YYYXyyxyxxyxxx,1,140977,1000,17
ac19_68011,YXYXyx,YYxxYXYxyXXyXyX,2,141161 154410,1000,16
ac19_68016,YXXyx,YYYYXYxyyyXyXXX,1,141172,1000,17
ac19_68028,YXXyx,YYYXyxyXyyXXYYx,2,141213 153641,1000,16
ac19_68035,YXYXyx,YYYYXyyXXyXYx,1,141264,1000,16
ac19_68059,YXYXyx,YYYYYXYxYXyXXXX,1,141322,1000,17
ac19_68086,YXYXyx,YYYYxyXXyyyyx,1,141407,1000,16
ac19_68094,YXYXyx,YYXXyXXyxxxYxyx,1,141431,1000,15
ac19_68133,YXXyx,YYYYYYXyXyxyyXyX,1,141546,1000,18
ac19_68143,YXYXyx,YYYYYxyXyxyyXXX,1,141576,1000,18
ac19_68153,YXYXyx,YYYXYxxYXyXyX,1,141605,1000,15
ac19_68184,YXXyx,YYYYXyxxyyxxxx,1,141709,1000,16
ac19_68198,YXYXyx,YYYXXyyXXXYYxyx,1,141779,1000,17
ac19_68207,YXXyx,YYYYYXyyyXyXXX,1,141805,1000,17
ac19_68214,YXXyx,YYXYYxyXyxyxyyXX,1,141832,1000,16
ac19_68225,YXYXyx,YYYYYxyyxyXXXyX,1,141852,1000,17
ac19_68252,YXXyx,YYYYXyxyyyXXYx,1,141953,1000,16
ac19_68265,YXXyx,YYYYXyxyyXyxxYx,1,141989,1000,16
ac19_68269,YXyXXyx,YYYxxyyxxYx,1,142010,1000,17
ac19_68275,YXYXyx,YYXyyXyXyxxxx,1,142029,1000,17
ac19_68285,YXXyx,YYYYXyyyxyXyxx,1,142052,1000,16
ac19_68299,YXYXyx,YYYxYXXyXXXYX,1,142087,1000,17
ac19_68317,YXyXXyx,YYYxyXyxyXX,1,142165,1000,16
ac19_68386,YXXyx,YYYYYXYxyXyyXyyX,1,142346,1000,17
ac19_68406,YXXyx,YYYYXyyXyyXXYX,1,142426,1000,18
ac19_68407,YXXyx,YYYYXyXyxxyXXX,1,142427,1000,13
ac19_68408,YXyXXyx,YYXYxxxYxyxxyXX,1,142429,1000,17
ac19_68416,YXYXyx,YYYxYxyyxyXyyXX,1,142449,1000,18
ac19_68420,YXYXXYxyX,YYYxyXyxxyyX,1,142457,1000,18
ac19_68450,YXXyx,YYYYYXyXyxyyxyyx,1,142534,1000,17
ac19_68475,YXYXyx,YYXyyXyyxyxxx,1,142604,1000,17
ac19_68482,YXYXyx,YYYYYxyxYXyyXXX,2,142632 148024,1000,17
ac19_68530,YXXyx,YYYXyXyxyyxxxxx,2,142786 156255,1000,16
ac19_68656,YXyXXXyx,YYYxyXXXyyXyX,1,143187,1000,17
ac19_68668,YXXyx,YYYXYXyXyyyxxYx,2,143221 150479,1000,16
ac19_68677,YXXyx,YYYYXYYXyxyXyXyXyX,1,143247,1000,17
ac19_68687,YXYXyx,YYYYXyxyXXyyxxx,1,143280,1000,16
ac19_68693,YXXyx,YYYXYxyyxxyxxx,1,143301,1000,16
ac19_68705,YXYXyx,YYxYXyyXXyyxx,1,143334,1000,17
ac19_68719,YXYXyx,YYXyXXyXYYxYX,1,143408,1000,14
ac19_68733,YYXXyxx,YYXYYxxxxYXX,1,143441,1000,18
ac19_68739,YXXyx,YYYYXyyyXyyxxx,1,143463,1000,17
ac19_68757,YXXyx,YYYYYXyxyyyXXXX,1,143528,1000,17
ac19_68777,YXYXyx,YYYYxYXyyXXyX,1,143584,1000,17
ac19_68793,YXXyx,YYXYYXyxyXXyXXX,1,143645,1000,17
ac19_68826,YXXyx,YYYXyyxxxyxyxx,1,143753,1000,15
ac19_68851,YXYXyx,YYYYxxyxxyXyXXX,1,143828,1000,18
ac19_68868,YXXyx,YYYXyxyyxyXXXX,1,143907,1000,16
ac19_68893,YXYXyx,YYXXyXXXYxxYx,1,143980,1000,16
ac19_68918,YXYXyx,YYYYYYXyXXyyX,1,144039,1000,17
ac19_68923,YXXyx,YYXYYxyyXXyXXX,1,144060,1000,17
ac19_68927,YXYXyx,YYxYYxyXyxyXyXX,1,144076,1000,17
ac19_68956,YXYXyx,YYXXyXXXYxYxx,1,144151,1000,17
ac19_68994,YXXyx,YYXYXyyXXyyXXX,1,144292,1000,15
ac19_69016,YXYXyx,YYXXXXyyxYxYxyx,1,144368,1000,16
ac19_69019,YXYXyx,YYXYYxxyXyXyX,2,144380 146408,1000,16
ac19_69055,YXXyx,YYYYXyXXXXyyXX,1,144507,1000,16
ac19_69071,YXXyx,YYYYYXyxxyyXyXX,1,144568,1000,16
ac19_69089,YXYXyx,YYYYYXyyXXXYYXX,2,144636 146983,1000,17
ac19_69101,YXXyx,YYYXyxxyyxyyXXYX,1,144665,1000,17
ac19_69122,YYXXyxx,YYYxxYxyXXXX,1,144722,1000,18
ac19_69128,YXYXyx,YYXyXXyyxYxxxyx,1,144731,1000,17
ac19_69139,YXXYxxyx,YYXYXyXyyxx,1,144767,1000,17
ac19_69160,YXyXXyx,YYYXyyyxyX,2,144871 147057,1000,16
ac19_69183,YXYXyx,YYYYXyxyyXXyyxx,1,144944,1000,17
ac19_69236,YXYXyx,YYYYYYxyXXXXYxyyX,1,145112,1000,17
ac19_69261,YXXyx,YYYXyyxyXXXXXYX,2,145180 151306,1000,16
ac19_69274,YXYXyx,YYYYYXyyXyyxx,1,145208,1000,17
ac19_69285,YXXyx,YYYYXXXyyyyXYX,1,145240,1000,15
ac19_69299,YXXyx,YYYXyXyxyyXyXXYx,1,145291,1000,16
ac19_69301,YXYXyx,YYYYxxyXXyXXX,1,145297,1000,18
ac19_69302,YXyXXyx,YYxYYxyxxyxYXyx,1,145301,1000,17
ac19_69315,YXYXyxYxyx,YYxyXYxYxyX,1,145355,1000,18
ac19_69342,YXYXyx,YYYXXXXyXYXYx,1,145444,1000,16
ac19_69374,YXyXXyx,YYxxxYXYXyxxyxx,1,145539,1000,17
ac19_69378,YXXyXyxx,YYxyxYXYx,1,145546,1000,13
ac19_69383,YXYXyx,YYXXXyXXXYYxxyx,1,145556,1000,17
ac19_69385,YXXyx,YYYYXyXyyyxxxyx,1,145560,1000,17
ac19_69427,YXyXXyx,YYYXyXYxyxyx,1,145688,1000,16
ac19_69434,YXYXyx,YYXXXyXXyxxYxxxyx,1,145732,1000,17
ac19_69441,YXXyx,YYYYXyxyyXyXXYX,1,145751,1000,17
ac19_69455,YXXyx,YYYYXXXyyyXX,1,145803,1000,13
ac19_69459,YXXyx,YYYYYXXyyXyyXX,1,145820,1000,13
ac19_69469,YXYXyx,YYYYxyxYYXyyXXX,1,145859,1000,18
ac19_69476,YXXyx,YYYYXyyyxxyyxYYX,1,145870,1000,17
ac19_69484,YXyXXyx,YYYXyxxyxxYXyx,1,145891,1000,17
ac19_69490,YXXyx,YYYYXyxyyxyyxxx,2,145919 156666,1000,18
ac19_69523,YXXyx,YYYXyXyyxyxxxx,2,145997 155625,1000,16
ac19_69541,YXYXyx,YYYYYYXXyyXXX,1,146056,1000,18
ac19_69610,YXYXyx,YYXYxxyXyyXyyxx,1,146259,1000,17
ac19_69611,YXXyx,YYYYXyyXyyxxYxx,1,146260,1000,17
ac19_69640,YXYXyx,YYYXyyxyXXyXYYx,1,146342,1000,16
ac19_69660,YXYXyx,YYXXXXyXXYxxx,1,146390,1000,15
ac19_69668,YXYXyx,YYYYXyyyyXXYx,1,146407,1000,16
ac19_69672,YXyXXXyx,YYYxyxxYxyx,2,146414 152721,1000,16
ac19_69673,YXYXyx,YYXXXXXXXYYxx,1,146416,1000,18
ac19_69749,YXYXyx,YYYYYXyyyXyxx,1,146661,1000,16
ac19_69773,YXXyx,YYYYYXyyxyxyxxYXyx,1,146745,1000,17
ac19_69778,YXXyx,YYYXYxyyyxyXYxyXyX,1,146756,1000,16
ac19_69796,YXyXXyx,YYYYxxyxxx,1,146805,1000,17
ac19_69802,YXXyx,YYYYYYXyxxyxyyyX,1,146826,1000,16
ac19_69811,YXXyx,YYYYXyyxyyXyxx,1,146862,1000,15
ac19_69818,YXYXyx,YYXYYXyXXXYYx,1,146877,1000,16
ac19_69837,YXXyx,YYYXyXyxyyxxYYx,1,146959,1000,16
ac19_69842,YXYXyx,YYYYXXXXXYYYX,1,146968,1000,16
ac19_69855,YXXyx,YYYYXyxyXyyxxYx,1,147010,1000,17
ac19_69884,YXXyx,YYYYYXyxyXyyyxyx,1,147100,1000,18
ac19_69899,YYXXyxx,YYXXYxxxyXYx,1,147161,1000,16
ac19_69909,YXYXyx,YYYxyyXXyXYxx,1,147178,1000,13
ac19_69914,YXyXXXXyx,YYXyXYxyyxx,1,147190,1000,17
ac19_69930,YXXyx,YYYXYYXyXyXyyX,2,147228 149701,1000,15
ac19_69937,YXYXyx,YYXXXXyyXYxYx,1,147253,1000,14
ac19_69946,YXYXyx,YYYXyxyyXXyxxxx,1,147319,1000,17
ac19_69968,YXXyx,YYYXYXyxxyxyyyXX,1,147395,1000,16
ac19_69976,YXXyx,YYXYXyyXXyXXYX,1,147427,1000,15
ac19_69994,YXYXyx,YYYYYYYXXYXyXXX,1,147483,1000,18
ac19_70009,YXyXXyx,YYYXyXYxyxxxx,1,147547,1000,17
ac19_70036,YXYXyx,YYXyXXXXYxYYxyx,1,147619,1000,16
ac19_70055,YXXyx,YYYYXYXYxyXyyXyXyX,1,147662,1000,17
ac19_70059,YXXyx,YYYXyyXyXXXYXX,1,147669,1000,17
ac19_70077,YXyXXyx,YYYXyXyxyxx,1,147734,1000,16
ac19_70084,YXXyx,YYYYYXXXyyyyX,1,147745,1000,13
ac19_70117,YXXyx,YYYXYYYXyxxyXyyyxyyX,1,147847,1000,17
ac19_70124,YXXyx,YYYYXyXyyxyyXX,1,147879,1000,16
ac19_70159,YXXyx,YYYXYXYXyyXyyXX,2,147988 156101,1000,16
ac19_70168,YXYXyx,YYXXXyxyXXXYYxx,1,148011,1000,17
ac19_70169,YXXyx,YYYYXyxyXyyyXXX,1,148016,1000,18
ac19_70179,YXXyx,YYYXyxyxyXXyXX,1,148053,1000,14
ac19_70222,YXYXyx,YYXYYxYYXXXyX,1,148179,1000,15
ac19_70248,YXXyx,YYYXyXyXXyxyXX,1,148251,1000,13
ac19_70250,YXYXyx,YYYYYYXyyxyXXXX,1,148256,1000,17
ac19_70265,YXXyx,YYXYYxyxyXyxyyxx,1,148332,1000,15
ac19_70285,YXXyx,YYYYYXyyxyXyyXyX,1,148394,1000,17
ac19_70288,YXyxYXXyx,YYXyyXXXyX,1,148406,1000,19
ac19_70312,YXXyx,YYYYXyxxyxyyyXX,1,148492,1000,16
ac19_70323,YXXyx,YYYXyXyyXXXYXX,1,148518,1000,17
ac19_70328,YXyXXXXyx,YYxxYXyxYxyxyX,1,148537,1000,17
ac19_70363,YXXyx,YYYYXyXXyyyXyXX,1,148647,1000,16
ac19_70388,YXXyx,YYYXXYXyyXyXXX,1,148714,1000,16
ac19_70410,YXYXyx,YYYYXYYxyXXXX,1,148815,1000,16
ac19_70412,YXYXyx,YYYXYxyXyXyyxxx,1,148825,1000,18
ac19_70421,YXYXyx,YYYYXyxyXXXXYxx,1,148857,1000,16
ac19_70431,YXXyx,YYYXyXyyxyxyxYx,1,148887,1000,17
ac19_70437,YXXyx,YYYXyxxxyyXyXX,1,148909,1000,13
ac19_70463,YXyXXyx,YYxYXXyyxxyXX,1,148990,1000,17
ac19_70482,YXyXXXyx,YYXyXYXXyXyxxyX,1,149067,1000,17
ac19_70496,YXXyx,YYYYXyyxxyyyXXXX,1,149096,1000,17
ac19_70512,YXyXXyx,YYXyXYYxxyxxyx,1,149155,1000,17
ac19_70576,YXyXXyx,YYxyXXyyxxyxYXYXyX,1,149352,1000,17
ac19_70588,YXYXyx,YYYYYYYXyXXyX,1,149376,1000,18
ac19_70619,YXXyx,YYXYYxyXyXyXXXX,1,149466,1000,16
ac19_70639,YXXyx,YYYYYXyXyyxyyxyx,1,149547,1000,17
ac19_70642,YXXyx,YYXYYxyXyyxyxxyx,1,149552,1000,15
ac19_70659,YXXyx,YYYYYXyyyXyxyyX,1,149619,1000,16
ac19_70660,YXYXyx,YYYYXyyxyXyXXYx,1,149622,1000,16
ac19_70693,YXXyx,YYXXYxYXyyXyXX,1,149730,1000,14
ac19_70712,YXXyx,YYYYYYXyyyXXyyX,1,149798,1000,17
ac19_70716,YXyXYxx,YYYYXXyxxYX,1,149819,1000,16
ac19_70753,YXXyx,YYYXyXyXyxyXXXX,1,149953,1000,16
ac19_70760,YXXyx,YYYXXYxyyxyxyyXX,1,149973,1000,16
ac19_70795,YXYXyx,YYYxYXyXyxyXX,1,150056,1000,14
ac19_70842,YXYXyx,YYYYYXyXXXyyx,1,150255,1000,12
ac19_70845,YYXYXyXXyX,YXYXyXYXXyX,1,150262,1000,18
ac19_70872,YXXyx,YYYXYxyyyXXyyX,1,150326,1000,16
ac19_70911,YXXyx,YYYXyxyXyXyXyXYX,1,150441,1000,17
ac19_70913,YXXyx,YYYXYYxYXyxyXyyyxyyX,1,150445,1000,17
ac19_70935,YXXyx,YYYXYYYxyXyyyxyx,1,150509,1000,17
ac19_70952,YXXyx,YYXyyxxyyxxYx,1,150584,1000,14
ac19_70956,YXXyx,YYYXXYXyyxxyxx,1,150596,1000,14
ac19_70970,YXXXXYxYx,YYYXYXXXYx,1,150641,1000,15
ac19_70996,YXyXXyx,YYYXXyxxxxx,1,150737,1000,17
ac19_70998,YXYXyx,YYYYXyXXyyyxx,1,150741,1000,17
ac19_71047,YXYXyx,YYXYxxyyXyXyxxx,1,150900,1000,16
ac19_71048,YXXyx,YYYXyXXyxyyXXX,1,150901,1000,16
ac19_71055,YXXyx,YYYYXyyXyyyxYXyx,1,150926,1000,14
ac19_71069,YXXyx,YYYYYXYxyXyyxyyx,2,150972 151972,1000,16
ac19_71074,YXXyx,YYYXyyxxyxxyxx,1,150981,1000,15
ac19_71081,YXYXyx,YYYXyXXXYYxYX,1,150998,1000,16
ac19_71091,YXYXyx,YYYYxYXXyXXXX,1,151027,1000,17
ac19_71120,YXXyx,YYYXyyxxyxyxxx,1,151127,1000,16
ac19_71150,YXXyx,YYYXYYxxYXyyXyyXyX,1,151194,1000,17
ac19_71153,YXYXyx,YYXYxxxYXyXXyXX,1,151202,1000,17
ac19_71192,YXYXyx,YYYXYxyXXXXYx,1,151330,1000,16
ac19_71198,YXXyx,YYYXXYYxyyxyxxyx,1,151338,1000,15
ac19_71201,YXYXyx,YYXXyyXyxxYxxyx,1,151360,1000,17
ac19_71211,YXYXyx,YYXyXXyXYYxxx,1,151399,1000,16
ac19_71214,YXYXyx,YYXyxyXXXXYYx,2,151410 152033,1000,15
ac19_71220,YXYXyx,YYYXYxyyXyXyxxx,1,151427,1000,16
ac19_71238,YXYXyx,YYYxxxYXXyxyyXX,1,151503,1000,17
ac19_71248,YXYXyx,YYYXXXXyXYxYX,1,151522,1000,14
ac19_71269,YXXyx,YYYYXYxyyXyyXX,1,151596,1000,16
ac19_71273,YXXyx,YYYYYXyXyxyyxxx,2,151605 153671,1000,17
ac19_71301,YXyXXXyx,YYYXyyXXyyx,1,151705,1000,18
ac19_71308,YXYXyx,YYYYYxyXXyyyX,1,151736,1000,16
ac19_71310,YXYXyx,YYYYxyXyXXXYXYxyX,1,151744,1000,17
ac19_71321,YXyXXyx,YYxyxYxyxyXYXXXyX,1,151787,1000,18
ac19_71346,YXXyx,YYYXYYXyyyXyxx,1,151884,1000,14
ac19_71366,YXYXyx,YYxyXXyxyXyxx,1,151951,1000,14
ac19_71386,YXXyx,YYYYXyyXXyyyxx,1,152020,1000,16
ac19_71466,YXXyx,YYYXYYxyyxyyXXXX,1,152293,1000,17
ac19_71486,YXXyx,YYXYYxyyXXyXX,1,152370,1000,15
ac19_71534,YXXyx,YYYYXyyyxyxxyx,2,152523 155505,1000,16
ac19_71557,YYXyxYXXyx,YXYxyXXYxyX,1,152606,1000,18
ac19_71571,YXYXyx,YYYYYxyxxyXXXyX,1,152636,1000,17
ac19_71576,YXYXyx,YYXYYxyyXXXYx,1,152653,1000,15
ac19_71610,YXYXyx,YYYXYxxxYXXXXyX,1,152808,1000,17
ac19_71657,YXYXyx,YYYYxYXyXXXYXyX,1,152935,1000,17
ac19_71675,YXXyx,YYYXYYXyyyxxyyyx,1,153028,1000,16
ac19_71730,YXXyx,YYYXYXYxyXyyXyXXX,1,153187,1000,17
ac19_71767,YXXyx,YYYXYxYxyyyXyXXX,1,153295,1000,17
ac19_71782,YXXyx,YYYXyXyxyXyXYYX,1,153354,1000,16
ac19_71785,YXYXyx,YYYxxYXyXXYxyXyyXYx,1,153359,1000,17
ac19_71832,YXXyx,YYYYYXyyyyXXXX,1,153510,1000,17
ac19_71833,YXyXXyx,YYxyxxxyxYXYx,1,153513,1000,17
ac19_71847,YXyXXXXyx,YYxyxyXYXyXYxyX,1,153547,1000,17
ac19_71859,YXYXyx,YYXyyXXXYYxYX,1,153581,1000,16
ac19_71862,YXYXyx,YYYXyXXXXyxxx,1,153588,1000,15
ac19_71871,YXYXyx,YYYXYxxyXyXXXYx,1,153609,1000,17
ac19_71881,YXXyx,YYXYYXyXyXyxyXyX,1,153631,1000,15
ac19_71890,YXyXXyx,YYXXyyxyXyX,1,153654,1000,16
ac19_71935,YXYXyx,YYXXXYXXyXXyxYxxYxx,1,153832,1000,17
ac19_71937,YXYXyx,YYXyyXXyxxxYxYX,1,153841,1000,16
ac19_71971,YXXyx,YYYYYXyxyxyXXyX,1,153947,1000,15
ac19_72002,YXYXyx,YYXYxxyXXyXyxxx,1,154050,1000,16
ac19_72022,YXXyx,YYYXyyXXXXyyXX,1,154110,1000,16
ac19_72025,YXYXyx,YYYYYxyyxyXyXXX,1,154124,1000,17
ac19_72038,YXYXyx,YYYYxxyyXXXYxyXYX,1,154165,1000,17
ac19_72051,YXYXyx,YYYYYYYXyXXXYxyyX,1,154214,1000,17
ac19_72100,YXYXyx,YYYXYxyyXXXXXYx,1,154399,1000,18
ac19_72105,YXXyx,YYYYXyyyXyxyXXXX,1,154413,1000,17
ac19_72124,YXXyx,YYYXYxyyyXyyxx,1,154498,1000,16
ac19_72158,YXyXXyx,YYYYxxyxxyX,1,154629,1000,16
ac19_72162,YXXyx,YYYYXYYxyXyxyXyyxyyX,1,154639,1000,17
ac19_72170,YXXyx,YYYXyyyXyXXXYYX,1,154662,1000,17
ac19_72183,YXYXyx,YYXyyXyyxxYYxYX,1,154703,1000,17
ac19_72184,YXXyx,YYYYXyyXyyXYXX,1,154704,1000,16
ac19_72206,YXXyx,YYYXyXyyXXXYxx,1,154778,1000,13
ac19_72249,YXXyx,YYXYxyyxxyyxxx,1,154907,1000,15
ac19_72268,YXXyx,YYYXyXyXyxyxxx,1,154962,1000,16
ac19_72280,YXYXyx,YYXyXyyxxxyxx,1,155000,1000,16
ac19_72316,YYYXXXXyX,YYYxyyXXX,1,155104,1000,14
ac19_72319,YXYXyx,YYxYXyXXYXyXYxx,1,155109,1000,15
ac19_72321,YXYXyx,YYYxYXyXyXXYX,1,155116,1000,17
ac19_72322,YXXyx,YYYXYYxyyXyyxx,1,155132,1000,16
ac19_72328,YYXXyxx,YYYYYXYxyX,1,155161,1000,17
ac19_72330,YXYXyx,YYXXyXXXyxYxxxyxx,1,155164,1000,18
ac19_72337,YXYXyx,YYYxYxyXXyyyx,1,155195,1000,16
ac19_72344,YXYXyx,YYXXXyXXXyxYxxYxxyx,1,155220,1000,17
ac19_72368,YXXyx,YYYXyyyXXYxyXYX,1,155297,1000,16
ac19_72375,YXYXyx,YYXXXyXyxxxYxyx,1,155319,1000,17
ac19_72383,YXYXyx,YYXXXXXXYxYxx,1,155357,1000,17
ac19_72403,YXYXyx,YYYYXYxxyXXXyXX,1,155443,1000,17
ac19_72408,YXYXyx,YYYYXyxyXyXyxxx,1,155464,1000,17
ac19_72415,YXYXyx,YYXXXXyXYxYYx,1,155490,1000,15
ac19_72421,YXyXXyx,YYxyxyxYxYxyxYX,1,155504,1000,17
ac19_72497,YXyxYXXyx,YYXyxYXyxyxYxx,1,155738,1000,18
ac19_72510,YXXyx,YYXYXyXyxyXyXXX,1,155781,1000,16
ac19_72513,YXYXyx,YYYXYxyXXyyyxYx,1,155791,1000,16
ac19_72545,YXYXyx,YYYXXXXXyxxYxyx,1,155903,1000,16
ac19_72551,YXXyx,YYYXyXyxyyXXXX,1,155924,1000,16
ac19_72560,YXYXyx,YYYXXXXyyxYYxyx,1,155952,1000,16
ac19_72570,YXyXXyx,YYXyxYxxyyXXX,1,155997,1000,17
ac19_72578,YXXyx,YYYYXXYYxyyxyyyx,1,156036,1000,15
ac19_72582,YXXyx,YYYYXXYxyyXyyxxxx,1,156045,1000,17
ac19_72587,YXXyx,YYYXyxyyxyxxxx,1,156056,1000,16
ac19_72633,YXyXXyx,YYYXyXYxyyxx,1,156248,1000,16
ac19_72639,YXXyx,YYXyyXyXXyyXYXYx,1,156265,1000,16
ac19_72671,YXXyx,YYYXYxyXyxyxxx,1,156422,1000,16
ac19_72674,YXXyx,YYYXYYxyyxyxxxxyx,1,156434,1000,16
ac19_72731,YXYXyx,YYXXyXXXYYxYx,1,156601,1000,17
ac19_72748,YXYXyx,YYYXYxyXyXXXXYx,1,156659,1000,17
ac19_72756,YXXyx,YYXYYXyXyxyyxyxx,1,156670,1000,17
ac19_72768,YXyXXyx,YYxyXXyyXYxyxyXYXX,1,156722,1000,17
ac19_72769,YXXyx,YYYYXyyxxyyyXX,1,156732,1000,16
ac19_72773,YXyXXyx,YYXyxxxxxYX,1,156739,1000,16
