name,r1,r2,n_members,members,nodes_explored,min_relator_length
ac19_106,YXXyx,YYYYYYYXyyyyyyx,14,590 591 592 593 594 595 596 597 600 603 604 605 610 613,1000,17
ac19_109,YXXyx,YYYYYYYYXyyyyyyyx,10,616 617 618 619 620 621 622 623 624 625,1000,18
ac19_112,YXXyx,YYYXYYXYxyXyXyyXyX,1,634,1000,18
ac19_175,YXYXyx,YYYYXyyyXXXYx,2,698 66077,1000,17
ac19_208,YXXyx,YYXYYxyyxxyxxxx,2,732 2618,1000,16
ac19_239,YXXYxxyx,YYxxxYxxyXXYx,2,766 144672,1000,19
ac19_286,YXXyx,YYYYXyyyxyXyXX,1,814,1000,17
ac19_365,YXXyx,YYYYXyxyXyXXXXX,2,895 99139,1000,17
ac19_384,YXYXyx,YYYXyxyXyXXXYYx,2,914 8983,1000,17
ac19_427,YXXXyxx,YYXXyXYXyx,13,957 7379 15149 15534 30321 87655 91037 99920 104551 110438 114335 121964 156037,1000,16
ac19_434,YXXyx,YYYYYYXyxyyxxyyx,1,964,1000,17
ac19_527,YXyXXyx,YYxyxYxyxyxYXYXyxYx,1,1062,1000,17
ac19_557,YXXyx,YYYYYYXyyXyyyX,2,1093 44948,1000,16
ac19_567,YXXXyxx,YYXyxYXXyx,20,1103 6120 18926 22121 22549 29399 40781 52256 56825 72223 73391 74778 79137 89646 90670 102098 106371 116647 126452 138344,1000,16
ac19_573,YXXYxxyx,YYXXXyyxxyxYx,1,1109,1000,15
ac19_580,YXYXyx,YYYYxxYXyxyyXyX,1,1116,1000,17
ac19_718,YXYXyx,YYYYxxYXyXyXX,2,1257 74614,1000,18
ac19_763,YXYXyx,YYYYYXyXXXXYYXX,2,1306 98919,1000,17
ac19_823,YXYXyx,YYYxyXXXyXXYx,2,1370 113209,1000,16
ac19_833,YXXyx,YYYYXyxxyxyyyXXX,2,1381 128078,1000,17
ac19_941,YXXyx,YYYXyyyXyXXYYX,2,1498 62353,1000,17
ac19_991,YXYXyx,YYYYYXXXXXXYXYxyX,2,1548 128745,1000,17
ac19_1006,YXYXyx,YYYXXXyXXXYYxyx,1,1564,1000,16
ac19_1071,YXXyx,YYYXyyxyXyxxxYYx,2,1631 23232,1000,18
ac19_1205,YXXyx,YYYXYXyxyXyyyXXX,1,1773,1000,17
ac19_1331,YXYXyx,YYYXYYxxxyXyyXX,2,1909 73620,1000,17
ac19_1345,YXyXXXyx,YYXyXYXyXYxxyxxyX,1,1924,1000,17
ac19_1349,YXYXyx,YYYYYYxyXXYXyXX,1,1928,1000,18
ac19_1375,YXXyXYx,YYxyXyXYXYX,3,1954 7373 130867,1000,16
ac19_1394,YXXXyxYx,YYXYXYxyX,1,1974,1000,17
ac19_1443,YXXyx,YYYYXyyxyXyyXXX,2,2025 51397,1000,17
ac19_1520,YXYXyx,YYYYxxyXXXXYXyX,1,2106,1000,18
ac19_1533,YXyXXXyx,YYXyxYxxyyxYx,1,2120,1000,17
ac19_1592,YXYXyx,YYYXyXXyXXYYxyx,1,2183,1000,16
ac19_1601,YYXXXXXXyXX,YXyXXYxxxxxxyXX,1,2193,1000,16
ac19_1660,YXyXXXyx,YYYxxxyXyxx,1,2253,1000,17
ac19_1809,YXXyx,YYXYxyyXyXyXXXX,2,2413 128243,1000,16
ac19_1811,YXXyx,YYYXyyyxxxxxxYx,2,2415 34025,1000,18
ac19_1838,YXXyx,YYYXyXXyyXyXXYYX,2,2443 68114,1000,17
ac19_1855,YXXyx,YYYYXXYxyyyxyxx,3,2461 87350 113907,1000,16
ac19_1865,YXYXyx,YYYYYXXXXXXYX,3,2471 10434 141740,1000,18
ac19_1889,YXYXyx,YYYxyxYYXyXyyXX,2,2495 106307,1000,17
ac19_1903,YXYXyx,YYYYXYxyyyXXXYx,2,2511 117588,1000,18
ac19_1909,YXyXXyx,YYYxyxyxxYx,3,2517 93240 150550,1000,17
ac19_1926,YXyXXXyX,YYXXXyXyxyXXX,1,2535,1000,17
ac19_1957,YXXyx,YYYXYYXyxyXyXyXXX,1,2567,1000,18
ac19_1983,YXXyx,YYYXyyyXXXXXYx,1,2593,1000,17
ac19_2094,YYXYXyxxx,YYXyxxyyX,7,2710 19597 68362 95064 103440 112815 128436,1000,16
ac19_2126,YXXyx,YYYXYYXXXyyXyyXX,2,2744 143721,1000,17
ac19_2161,YXYXyx,YYYYYXYxYXXyXXX,2,2784 40284,1000,19
ac19_2278,YXyxYXXyxxYXXyx,YYXyxYXXyxYXyxYXyX,1,2911,1000,19
ac19_2285,YXYXyx,YYYYXXXXXYXYx,2,2919 129269,1000,16
ac19_2308,YXXyx,YYYYXyyXyXXXX,2,2942 62383,1000,16
ac19_2327,YXYXyx,YYYxYxyxxyXXXyX,2,2962 58018,1000,17
ac19_2406,YXyXXXyx,YYxYXyxyxYxyx,1,3049,1000,17
ac19_2425,YXXXyXYx,YYXyXXYXX,1,3068,1000,16
ac19_2480,YXXyx,YYYXyXyyxyyxxYx,2,3124 16507,1000,17
ac19_2518,YXYXyx,YYYYYYXyXyXXX,1,3165,1000,17
ac19_2574,YXYXyx,YYYXyxyXyXXYYYx,2,3226 14518,1000,17
ac19_2669,YXXXyxx,YYXyXXXYxyX,7,3328 18716 69093 102083 110217 144951 148323,1000,16
ac19_2696,YYXXYxYXXXYx,YYXXXyxxYXXYx,1,3360,1000,17
ac19_2757,YXYXyx,YYYXyXXXXYXYx,2,3425 142004,1000,16
ac19_2802,YXyXXyx,YYYxyxyXyXX,2,3474 3525,1000,17
ac19_2828,YXXyx,YYYYYYXyyxyyyx,2,3503 120458,1000,16
ac19_2856,YXXXyxx,YYXyXYxxxxyx,3,3536 61996 145340,1000,16
ac19_2962,YXYXXYxyX,YYYXyXYxyxYXXyyx,1,3664,1000,17
ac19_2972,YXYXyx,YYYXyxyyXyXXYYx,2,3678 119594,1000,16
ac19_2977,YXYXyx,YYXyxyXXyXXYYxx,2,3683 154530,1000,16
ac19_3033,YXXyx,YYYXYxyXXyyXXXX,1,3743,1000,17
ac19_3135,YXYXyx,YYXYxyyXXXyyxxx,2,3861 58327,1000,17
ac19_3162,YXYXyx,YYYXXyyyXyxxx,2,3890 27372,1000,16
ac19_3170,YXXXyxx,YYXyxYxyX,31,3900 8442 9912 21724 25881 35556 41762 47018 48764 55428 59448 63220 70981 74976 75690 78504 80037 85473 89048 89075 91536 101560 107647 118127 121192 121370 122110 124479 132236 139563 139721,1000,16
ac19_3275,YXyXXXyx,YYxyxxyXYXyXX,1,4023,1000,17
ac19_3381,YXYXyx,YYXyXXXXXYxYxyx,2,4143 103432,1000,16
ac19_3426,YXXyx,YYYYYXyxyXXyyXX,1,4198,1000,17
ac19_3444,YXYXyx,YYYYxxyXXXyXX,2,4224 28224,1000,18
ac19_3514,YXYXyx,YYXyyXXyyxxYx,2,4300 147606,1000,17
ac19_3534,YXXyx,YYYYYYXyXyxyXyyX,2,4321 48022,1000,16
ac19_3697,YXXXyxx,YYXyXYXXyXXX,1,4508,1000,16
ac19_3741,YXYXyx,YYYYYXXXXXXYxyX,2,4558 25952,1000,16
ac19_3820,YXXXyxx,YYXyXYxyxYXXyx,4,4643 43409 94866 103456,1000,20
ac19_3882,YXXyx,YYYYXYxyyxyyxx,3,4712 30766 84083,1000,16
ac19_3886,YXXyx,YYYYXyyxyXyyXX,2,4716 54717,1000,16
ac19_3907,YXYXyx,YYYxYXyXXyXYX,1,4740,1000,16
ac19_3943,YXXyx,YYYXyyXyyXXYYX,2,4782 95924,1000,17
ac19_3965,YXYXyx,YYYYxyxYYXyXXyX,1,4809,1000,16
ac19_4039,YXyXXXyx,YYXyXYXyXYxyXyxyx,1,4891,1000,18
ac19_4100,YXXyx,YYYXYXyyxyxyyxxx,2,4961 148589,1000,17
ac19_4117,YXXyx,YYYYYXYxyyyXyyX,2,4980 55790,1000,17
ac19_4130,YXYXyx,YYYYYYxyXXXXX,2,4996 150480,1000,18
ac19_4149,YXXyx,YYYYXyyxxyyyXXX,2,5017 56630,1000,17
ac19_4280,YXYXyx,YYYxxYXyxyXyyXX,1,5171,1000,17
ac19_4397,YXXXyxx,YYXyXYXXyxxx,1,5314,1000,16
ac19_4415,YXyXXyx,YYXXXXyyXyxyx,2,5333 129306,1000,17
ac19_4432,YXXyx,YYYXyxyXyXyyxxYx,1,5351,1000,16
ac19_4448,YXXyx,YYYYYXyyXXyyXX,2,5370 15909,1000,18
ac19_4453,YXYXyx,YYXXyXXXXYYxx,2,5375 48066,1000,18
ac19_4496,YXYxxYXyx,YYxxYYxxYX,7,5426 22970 29552 59300 70728 73409 151009,1000,16
ac19_4613,YXYXyx,YYXYxxxyXyXXXYx,1,5554,1000,17
ac19_4616,YXXXyxx,YYXyXYxyX,28,5557 8015 16642 17999 19150 20594 27853 35000 47623 50266 56229 62913 70592 79000 82350 83623 90281 98088 121730 122984 125356 127844 130798 136977 149774 149872 151092 156271,1000,16
ac19_4627,YXYXyx,YYYYxYXyyXXXX,1,5570,1000,18
ac19_4632,YXYXyx,YYXYYxYxyXXXX,1,5575,1000,16
ac19_4651,YXXyx,YYYYXyyyxxxxx,2,5597 12689,1000,17
ac19_4683,YYXXXyxYX,YYXXYYXXyX,4,5635 10584 54979 111512,1000,16
ac19_4704,YXYXyx,YYYYYxyXXXyXX,2,5657 131594,1000,17
ac19_4756,YXyXXXyx,YYYXyxYxyXXyxyX,1,5719,1000,17
ac19_4764,YXYXyx,YYXyyXyyxxYxxYX,2,5727 52793,1000,17
ac19_4782,YXyXXyx,YYYXyyxxxx,2,5747 73949,1000,16
ac19_4854,YXXyx,YYYXyyXyXyXXXXX,2,5835 69429,1000,17
ac19_4974,YYXXYYxyX,YYXXYYXXYx,2,5978 104629,1000,15
ac19_4981,YXXyx,YYYYYXyyyXyyyX,1,5986,1000,17
ac19_5036,YXYXyx,YYXXyXyyxyxxx,2,6047 32216,1000,17
ac19_5087,YXXyx,YYYYXyXyxyyyxxxx,1,6105,1000,17
ac19_5130,YXYXyx,YYXyXXyyxxxYxYX,1,6161,1000,18
ac19_5161,YXXyx,YYYXYxYXyyXyyXXX,2,6202 103446,1000,17
ac19_5230,YXXyXyx,YYxxYYxxyx,2,6286 107895,1000,15
ac19_5248,YXYXyx,YYYYxYxyXXXyX,2,6304 54978,1000,17
ac19_5303,YXYXyx,YYYYXyxyXXXXYYx,2,6371 24930,1000,18
ac19_5327,YXYXyx,YYYYxyxYXyXyyXX,2,6398 105754,1000,17
ac19_5375,YXYXyx,YYYYYxyXyXXYXyX,1,6459,1000,17
ac19_5378,YXyXXXyx,YYYxyXXXyxYxyyx,1,6463,1000,17
ac19_5437,YXYXyx,YYXyXyXXXYxYxyx,1,6527,1000,15
ac19_5520,YXXyx,YYYYYXyXXyyyXX,2,6621 81562,1000,16
ac19_5596,YXXyx,YYYXyyxyyxxxxx,2,6709 136132,1000,17
ac19_5628,YXXyx,YYYYYYXyyxyxxyyx,1,6746,1000,18
ac19_5702,YXXyx,YYYYXXXyXyyyXXYX,1,6833,1000,17
ac19_5705,YXyXXXyx,YYXyXYXXyxxYxxyyX,1,6836,1000,17
ac19_5710,YXXyx,YYYYXyyXyyXyXX,2,6841 110445,1000,17
ac19_5732,YXYXyx,YYYYxyXyXyyxx,1,6868,1000,16
ac19_5759,YXYXyx,YYXyyXXXYxYxx,2,6902 101408,1000,16
ac19_5778,YXYXyx,YYXYxyXXyyXyxxx,2,6925 130512,1000,17
ac19_5817,YXXyx,YYXYYxyXyyxyxyxx,2,6968 79926,1000,17
ac19_5929,YXYXyx,YYXyXyyXyxxxx,1,7113,1000,16
ac19_5932,YXXyx,YYYYXXXyXyyyXyXX,1,7116,1000,18
ac19_5942,YXXXyxx,YYXyxYxyx,19,7128 10266 18919 37182 41461 44021 45392 53010 56713 68196 71954 76742 102612 105827 123383 129098 132063 154472 156469,1000,16
ac19_5977,YXyXXyx,YYXyXYxYXyxxyyX,2,7171 142069,1000,17
ac19_5979,YXYXyx,YYYYxxYXyyyXX,2,7173 108519,1000,17
ac19_5986,YXYXyx,YYXXXyXyyxYxxyx,1,7184,1000,16
ac19_6057,YYXXXyXYX,YYXyxYXXyX,1,7282,1000,16
ac19_6106,YXYXyx,YYYYYYXyXXyXX,2,7343 133183,1000,18
ac19_6118,YXXyx,YYYXyXyXyXXXXYX,2,7356 131290,1000,17
ac19_6147,YXXXyxx,YYXyXYxyXXX,6,7392 41252 45459 46418 71411 104446,1000,16
ac19_6216,YXXyx,YYYXyyXyxyXXXXX,2,7473 131838,1000,16
ac19_6267,YXXyx,YYYXyXyXyyxxxxYYx,1,7536,1000,17
ac19_6319,YXYXyx,YYYXXyxyXXXYYxx,2,7599 38515,1000,16
ac19_6324,YXyXXyx,YYXYxyXYXyyXyxyx,2,7604 132380,1000,17
ac19_6337,YXXyx,YYYYXYXyXyyyXX,2,7618 87429,1000,16
ac19_6373,YXXyx,YYYYXyyyxyyXXXX,1,7660,1000,17
ac19_6428,YXYXyx,YYYxxxYXXyxyXXX,1,7725,1000,17
ac19_6468,YXYXyx,YYYxYYxyyXXyX,2,7772 9157,1000,17
ac19_6472,YXXyx,YYYYXyxyyyXyXX,4,7778 57070 132360 134073,1000,16
ac19_6501,YXXyx,YYYYXyyyyXyyxYxx,1,7813,1000,17
ac19_6517,YXYXyx,YYXYxyXXXyyxxYx,1,7834,1000,17
ac19_6523,YXYXyx,YYYYYXXyXXXYx,2,7843 38487,1000,17
ac19_6554,YYXyxYXXyx,YXyxYXyxxyXyx,1,7883,1000,17
ac19_6664,YXyXXyx,YYYxxxyXXyyXX,1,8006,1000,17
ac19_6682,YXYXyx,YYXyXXXYXYYxx,1,8031,1000,17
ac19_6685,YXYXyx,YYYYxYXyxyyXyXX,1,8035,1000,17
ac19_6717,YXXyx,YYYXYXyyyxyyxxx,2,8070 91998,1000,17
ac19_6728,YXYXyx,YYXyxyXyXXXYYxx,2,8083 102728,1000,18
ac19_6745,YXXyx,YYYYXyyxyyXXXyX,1,8106,1000,16
ac19_6750,YXYXyx,YYYXyyXYXXXXYYx,1,8114,1000,18
ac19_6765,YXYXyx,YYYYxYXyxyXyyXX,2,8138 43727,1000,18
ac19_6789,YXYXyx,YYYxxYxyyXyXX,2,8168 111970,1000,18
ac19_6798,YXXyx,YYYYYXYxyyyXyyxyyX,1,8178,1000,17
ac19_6964,YXyXXXyx,YYxyxxyXYXyXYxyXX,1,8377,1000,18
ac19_6967,YXYXyx,YYYxxYXyxyyXXyX,1,8380,1000,17
ac19_7027,YXXyx,YYYXYYxxxyyyXyXXX,1,8451,1000,19
ac19_7071,YXXXyxx,YYXXXXyXYxyX,6,8508 21601 22643 56270 74310 96689,1000,16
ac19_7080,YXXYxxyx,YYxYxYYxxyX,2,8520 83674,1000,17
ac19_7129,YXXXyxx,YYXyyXXYYxyX,1,8580,1000,16
ac19_7151,YXyXXXyx,YYXyXYXyyXXXyyX,1,8606,1000,17
ac19_7199,YXXyx,YYYYXyyXXyyyXX,2,8661 128774,1000,17
ac19_7245,YXXyx,YYYXYxYxyyyXyXX,2,8723 140578,1000,17
ac19_7255,YXYXyx,YYYXYxyXyyXXYYx,1,8737,1000,17
ac19_7319,YXYXyx,YYXYxyXXyXXyxYxxx,1,8814,1000,17
ac19_7354,YXXyx,YYYYXYXyXyyyXXX,1,8853,1000,17
ac19_7436,YXyXXyx,YYxYxxYXyxxyxyXYX,1,8958,1000,17
ac19_7437,YXXyx,YYYYYXyXyXyyXXX,2,8960 125010,1000,17
ac19_7441,YXYXyx,YYYYxxyyXyXXX,1,8964,1000,17
ac19_7453,YXYXyx,YYYXXXXyyxxYx,2,8978 22511,1000,17
ac19_7492,YXXyx,YYXYYXyyxyXyyXXX,2,9032 116960,1000,18
ac19_7545,YXYXyx,YYXYxxyXyXXXXYx,1,9103,1000,17
ac19_7611,YXyXXyx,YYYxyxYXYxyxyXyyX,2,9176 124897,1000,17
ac19_7654,YXXyx,YYYYXyXyxyXyXXYX,1,9229,1000,18
ac19_7709,YXXXyxx,YYXXyxYXyX,17,9297 11159 11912 29500 30916 37356 47266 61865 84989 105212 115948 119267 131433 139432 146819 148694 150272,1000,14
ac19_7744,YXXyx,YYYYXyyyyXXXYX,1,9342,1000,17
ac19_7745,YXXYxxyx,YYxYxYxxyXX,2,9343 153219,1000,17
ac19_7750,YXYXyx,YYXXyXyyxxxYx,2,9350 37128,1000,17
ac19_7753,YXXyx,YYXYxyXyyXXXXXYX,2,9353 140397,1000,17
ac19_7788,YXYXyx,YYXXyXyyxYxxxyx,1,9395,1000,16
ac19_7792,YXXyx,YYYXyXyXyyXXYYX,2,9399 25502,1000,16
ac19_7801,YXYXyx,YYYxYYXXyxyyXXX,2,9409 115696,1000,18
ac19_7802,YXYXyx,YYYYxyxYXyXXXyX,1,9410,1000,17
ac19_7859,YXYXyx,YYYXXXXXXYxYx,1,9482,1000,17
ac19_8053,YXXyx,YYYXyXyxyXyXXXYYX,1,9712,1000,18
ac19_8064,YXXyx,YYYYYXyyyXyXXyyX,2,9726 121596,1000,18
ac19_8065,YXXyx,YYYYXyXyyyxyxx,2,9727 104119,1000,16
ac19_8079,YXYXyx,YYYXyyyXXYYYx,1,9742,1000,17
ac19_8139,YXYXyx,YYYYYxYXyyXXX,2,9818 67075,1000,17
ac19_8173,YXXyx,YYYYXyyxxyyyyXYX,1,9859,1000,17
ac19_8223,YXYXyx,YYXXyXXXyxxYxxx,1,9919,1000,17
ac19_8245,YXyXXyx,YYYxxyyXyXX,2,9947 32599,1000,16
ac19_8254,YXXyx,YYYXYYXyXyXyyXX,2,9958 80726,1000,17
ac19_8266,YXXXyxx,YYXyXYXXyX,10,9972 19674 37386 47024 51726 58108 79817 96826 106150 117929,1000,16
ac19_8267,YXYXyx,YYXXXyXyyXYxYYx,2,9975 15225,1000,17
ac19_8294,YXYXyx,YYYYYxyyxyXXyXX,2,10005 53300,1000,17
ac19_8356,YXYXyx,YYYXyyXXXXYYx,2,10083 95250,1000,17
ac19_8428,YXYXyx,YYYXyyXXyXYYx,2,10176 86407,1000,17
ac19_8507,YXXyx,YYYYYYXyyyXyyX,2,10274 38018,1000,17
ac19_8520,YXXyx,YYYXyyXyyXYXYX,2,10291 28666,1000,16
ac19_8538,YXXyx,YYYXYYxyxyyyXXX,2,10315 134134,1000,17
ac19_8634,YXXyx,YYYYXyyyXyxyXXX,2,10442 151079,1000,17
ac19_8679,YXYXyx,YYYxxYYXyxyyXXX,2,10497 106395,1000,17
ac19_8700,YXYXyx,YYXYxyXyXyXyxxx,2,10521 87784,1000,16
ac19_8721,YXXYXXyx,YXXXyXXYx,2,10547 66395,1000,15
ac19_8780,YXXXyxx,YYXXyXXXYXyx,2,10621 20077,1000,16
ac19_8841,YXYXyx,YYYYYxyXyyXXX,1,10701,1000,17
ac19_8912,YXYXyx,YYYYYxYXyXXXYxyyX,1,10794,1000,18
ac19_8926,YXYXyx,YYXYxxxxyXyXyXX,2,10811 139826,1000,18
ac19_8953,YXYXyx,YYYXXXXXXXYYx,2,10845 26347,1000,17
ac19_8958,YXyXXXyx,YYXYxxyXXXyXyyx,1,10851,1000,17
ac19_8995,YXXyx,YYYYXyXyXyyyXXX,2,10897 95472,1000,17
ac19_9015,YXXyx,YYYXyXyyXyxxxxYYx,1,10932,1000,19
ac19_9049,YXXyx,YYYXYYXyxyXyyXXX,2,10977 76889,1000,17
ac19_9079,YXYXyx,YYXYxxyXyXyXXYx,3,11018 56175 146204,1000,17
ac19_9091,YXXyx,YYYXyyXyyXyXYX,2,11035 98189,1000,16
ac19_9136,YXXyx,YYYXYXYXyyyXyXX,2,11087 99965,1000,16
ac19_9196,YXXXXYxYxx,YXYXXXyxxxx,2,11173 64600,1000,16
ac19_9268,YXXyx,YYXYYxyyxyxxxxxx,2,11272 113885,1000,18
ac19_9271,YXXXyxx,YYXyXYxyxYxyX,4,11275 53831 55559 119422,1000,20
ac19_9303,YXYXyx,YYXYxyXXXyyxxxx,2,11311 142328,1000,17
ac19_9362,YXXyx,YYYYXyyXyyxxYx,4,11382 94118 107835 138260,1000,16
ac19_9436,YXXXyxx,YYXyXXXYXXyX,2,11474 144695,1000,16
ac19_9490,YXyXXyx,YYXYxyyxyXX,1,11547,1000,17
ac19_9545,YXYXyx,YYYYYXXXXXXYxyXYX,2,11617 133743,1000,17
ac19_9583,YXYXyx,YYYXyxyyXXXYYxx,2,11668 57497,1000,16
ac19_9620,YXYXyx,YYYXXXXXXYYYx,1,11722,1000,17
ac19_9696,YXXyx,YYYYYXyyyXyXX,4,11827 43687 62218 135732,1000,17
ac19_9727,YXXyx,YYYYYXyyxyxyxx,4,11870 51570 92277 135747,1000,17
ac19_9752,YXXyx,YYYYYXyyyXXXyX,1,11900,1000,17
ac19_9766,YXXyx,YYXyyXyXXXXXYXYX,2,11918 123822,1000,17
ac19_9799,YXYXyx,YYYXyXyyXXYYx,2,11962 155179,1000,17
ac19_9874,YXYXyx,YYYXXYXXXXXXYYx,2,12071 134113,1000,18
ac19_9885,YXXyx,YYYYXXXyyxyyXyXX,2,12087 45058,1000,16
ac19_9927,YXXyx,YYYYYXyxyXyXyXX,4,12140 28879 42217 125185,1000,17
ac19_9958,YXXXyxx,YYXXyxYXyx,21,12185 15088 17474 21140 27411 29272 36014 45376 45979 58103 61321 68458 101198 102393 115424 115708 118978 129532 145533 145839 147638,1000,16
ac19_10021,YXYXyx,YYYYxxyyXXXYXyX,1,12265,1000,17
ac19_10044,YXYXyx,YYXyyxyXXXXYYxx,1,12294,1000,17
ac19_10077,YXXXyxx,YYXyxxxYXXyX,1,12339,1000,16
ac19_10080,YXXyx,YYYYXXXyyXyyXyXX,1,12342,1000,18
ac19_10099,YXYXyx,YYYXyXXyxyyxYxyxx,1,12369,1000,18
ac19_10109,YXXyx,YYYYYXyxxyyyxx,1,12382,1000,16
ac19_10123,YXXyx,YYYYYXyXyyyxyxyx,1,12398,1000,17
ac19_10129,YXyXXXyx,YYXXyXyxyXX,1,12410,1000,17
ac19_10146,YXXXyxx,YYXyxYXXyXXX,1,12428,1000,16
ac19_10161,YXYxxYXyx,YYxyXYxxYX,7,12450 75975 88347 103137 109169 148469 149808,1000,16
ac19_10176,YXYXyx,YYYXXXXyyxxxx,2,12471 18398,1000,17
ac19_10255,YXXyx,YYYXyyXyyxxxYYx,2,12579 92803,1000,18
ac19_10379,YXXyx,YYYYYXyyyxyxxx,2,12758 126301,1000,17
ac19_10444,YXYXyx,YYYxYXyXXyyxx,1,12844,1000,16
ac19_10457,YXYXyx,YYYXyyyXyxxxx,2,12860 44368,1000,17
ac19_10576,YXyXXXyx,YYXyyxxxYXXyx,1,13002,1000,17
ac19_10599,YXXyx,YYYYXyxyyXXXXXX,1,13034,1000,18
ac19_10650,YXYXyx,YYYYxYxyyXyXX,2,13092 116552,1000,18
ac19_10661,YXXyx,YYYYXyyyXXyyXX,1,13105,1000,17
ac19_10758,YXXyx,YYYYYXyyXyXyXYxyXX,1,13223,1000,17
ac19_10834,YXXyx,YYYYYYXyxyXyXyyX,2,13325 31487,1000,17
ac19_10847,YXXyx,YYYYXyxyXyyXyXX,1,13344,1000,17
ac19_10894,YXXyx,YYYYYYXyyxxyxyyx,1,13398,1000,18
ac19_10910,YXYXyx,YYXyXyyxyxxxx,2,13421 62187,1000,17
ac19_10920,YXYXyx,YYYxYYxyXXXyX,1,13436,1000,16
ac19_10988,YXXyx,YYYYXXXyXyyyyXX,2,13529 76737,1000,16
ac19_11070,YXYXyx,YYYxYXyxyyXXXYx,2,13637 93008,1000,16
ac19_11206,YXYXyx,YYXXyyXyxxxxx,2,13828 121639,1000,17
ac19_11242,YXXXyxx,YYXXXXyxYxyx,3,13876 69879 135071,1000,16
ac19_11283,YXYXyx,YYYxxYXyyXyXX,2,13926 147418,1000,18
ac19_11328,YXYXyx,YYXXXyXXYYxYx,2,13983 53589,1000,17
ac19_11333,YXXyx,YYYYXyxyyyxyxx,2,13989 101055,1000,18
ac19_11341,YXXyx,YYYYXyxyXXyXXXX,1,13997,1000,17
ac19_11382,YXYXyx,YYYxxYYXXyxyXXX,2,14053 89061,1000,17
ac19_11530,YXXyx,YYYYXXXyyyxyyxxx,2,14247 140800,1000,17
ac19_11562,YXXyx,YYYYYXyXyXyyXX,4,14295 69344 126449 154775,1000,16
ac19_11588,YXXyx,YYYYXyyyXyXyXYxyXX,2,14328 147861,1000,18
ac19_11620,YXYXyx,YYYxYYXyxyyXyXX,2,14371 23681,1000,18
ac19_11699,YXXyx,YYYYXyyyxxxxxxx,2,14479 44243,1000,17
ac19_11735,YXXyx,YYYXyXyXyyxxxYYx,2,14525 55201,1000,17
ac19_11753,YYXXYxYXX,YYXXyXYYx,1,14560,1000,18
ac19_11761,YXXyx,YYYYYXyyyxyxx,4,14570 107056 108091 131835,1000,16
ac19_11767,YXYXyx,YYYxYYXyXXyXX,2,14581 153621,1000,17
ac19_11811,YXXyx,YYYXyyyxxxxxYx,2,14639 46107,1000,18
ac19_11813,YXYXyx,YYXyyXXXYxYYx,1,14644,1000,16
ac19_11841,YXXyx,YYYYYXyXyyyxxx,3,14680 20319 52712,1000,17
ac19_11864,YXYXyx,YYYYYYxyyXXyX,2,14718 21126,1000,17
ac19_11899,YXYXyx,YYYxYYXyyXXyX,1,14764,1000,16
ac19_11935,YXXyx,YYYYXyyyxyxxYx,1,14814,1000,19
ac19_12022,YXXyx,YYYYYXyyyyxxx,2,14932 87355,1000,18
ac19_12041,YXXyx,YYYYYXyXyyyyxyx,1,14959,1000,17
ac19_12092,YXXyx,YYYXyyxyxyxxYYx,2,15029 62067,1000,18
ac19_12110,YXYXyx,YYYXXyxyXXyxxxx,1,15054,1000,17
ac19_12121,YXYXyx,YYxYYxyXXyyXX,2,15073 141112,1000,17
ac19_12238,YXXyx,YYYYYXyxyyyXXX,2,15239 140426,1000,18
ac19_12245,YXXyx,YYYYXyxyXyXyyXX,3,15247 50980 155829,1000,17
ac19_12262,YXYXyx,YYYXyxyyXXXYYYx,2,15268 153521,1000,18
ac19_12284,YXXyx,YYXYYXyxyyXXXXX,2,15293 24187,1000,17
ac19_12365,YXXyx,YYYXyyXyyXXXXX,2,15410 114477,1000,17
ac19_12409,YXXyx,YYYYXyyxyxyyxx,3,15473 90260 130094,1000,17
ac19_12426,YXXyx,YYYYXyxyXyxyxxyx,1,15498,1000,16
ac19_12439,YXYXyx,YYYXyXXXXYYYx,1,15515,1000,17
ac19_12453,YXYXyx,YYYXXXXyyxxyxYx,1,15540,1000,17
ac19_12457,YXXyx,YYYYXyyXyyyxxx,2,15544 140895,1000,17
ac19_12465,YXYXyx,YYYYXXXXXXYYX,2,15554 42283,1000,17
ac19_12500,YXXXyxx,YYXyxYXXyX,8,15599 20582 62672 71155 74044 145552 151064 153961,1000,16
ac19_12636,YXYXyx,YYYYYxYXXyXXX,2,15784 29709,1000,18
ac19_12659,YXXyx,YYYYXyXyXyyXXYX,1,15825,1000,18
ac19_12693,YXXyx,YYYYYXyyxyyxxx,1,15871,1000,18
ac19_12702,YXyXXXyx,YYXYxxxyXXyyx,1,15885,1000,17
ac19_12723,YYXXYxxYx,YXYxxxxYXX,1,15912,1000,16
ac19_12728,YXXyx,YYYXXYxyyXyyyxxx,2,15917 150736,1000,17
ac19_12806,YXyXXyx,YYYXyyXXYxYxyyxyx,2,16033 17364,1000,17
ac19_12858,YXYXyx,YYYYYXyXyyyxx,2,16109 58546,1000,17
ac19_12875,YXYXyx,YYYxYYXyXyyXX,2,16133 24807,1000,17
ac19_12975,YXYXyx,YYYxYxyXyXXYX,2,16262 119126,1000,16
ac19_13003,YXyXXyx,YYYxyxxyxYxYXyx,1,16304,1000,17
ac19_13076,YXYXyx,YYYxYYxyXyyXYxyXX,1,16394,1000,17
ac19_13088,YXyXXyx,YYXyyxyXyXX,2,16411 102341,1000,17
ac19_13101,YXXyx,YYYYXyxyyyXXYX,3,16427 37468 142490,1000,16
ac19_13121,YXYXyx,YYYxYYXXyyXXX,2,16459 124605,1000,17
ac19_13139,YXYXyx,YYXXXyXyyxxxxyx,2,16481 109159,1000,17
ac19_13179,YYXYXyXXX,YYXyxYXyX,4,16534 28145 48642 95178,1000,16
ac19_13201,YXYXyx,YYYXXyXyyyxxx,2,16567 128665,1000,18
ac19_13217,YXXyx,YYYXXXyyxyyxxxxx,2,16590 87240,1000,18
ac19_13256,YXXyx,YYYXYYXyyyxxyxx,1,16637,1000,17
ac19_13334,YXXyx,YYXYXYXyyXyXXXX,2,16748 101898,1000,12
ac19_13372,YXYXyx,YYXYxyXXXyXyxxYxx,1,16796,1000,17
ac19_13402,YXXyx,YYYYYXyyXyXyXX,4,16835 87013 89445 153878,1000,17
ac19_13440,YXyXXXyx,YYYxyxxYXXyyXyX,2,16881 139415,1000,17
ac19_13514,YXXXyxx,YYXXyxYxxyx,5,16986 37445 58931 65458 136798,1000,16
ac19_13563,YXYXyx,YYYYXYYxYXyXyXX,2,17049 46103,1000,18
ac19_13564,YXXyx,YYYYXYxyyyXyXX,3,17050 94578 128023,1000,17
ac19_13588,YXYXyx,YYYYXyXXXXYxx,1,17079,1000,16
ac19_13591,YXXyx,YYYXYYXYxyXyyyXyX,2,17082 57409,1000,17
ac19_13665,YXYXyx,YYYYXyxyXXXXXYx,2,17190 132132,1000,17
ac19_13751,YXXyx,YYYXyXyXyxyyxxYx,2,17305 81447,1000,17
ac19_13759,YXyXXyx,YYxYxxxyxyxYX,2,17316 90310,1000,17
ac19_13826,YXXyx,YYYXyxxyxyyXXXXYYX,1,17416,1000,17
ac19_13876,YXXyx,YYYXyxxyyyXXXYYX,2,17495 74392,1000,17
ac19_13890,YXXXYxx,YYXXYYxyX,2,17514 120720,1000,15
ac19_13891,YXYXyx,YYYYXyyXyyXYYxx,1,17515,1000,17
ac19_13906,YXYXyx,YYYYYYXyXXXyX,2,17534 60119,1000,18
ac19_13913,YXXyx,YYYYYXyxxyxyyXXX,2,17545 49364,1000,18
ac19_13916,YXYXyx,YYYxYXXyXXXYYXX,1,17550,1000,17
ac19_13920,YXYXyx,YYXyXXyyxxxxxYX,1,17554,1000,17
ac19_13936,YXXyx,YYYXYYxyyyxyxx,2,17585 19104,1000,16
ac19_13952,YYXXYxyxx,YYYYXXyxxx,3,17607 94724 132356,1000,15
ac19_14008,YXyXXyx,YYXYXyxxxxx,1,17692,1000,17
ac19_14038,YXXyx,YYYYYXyyXyXXyX,2,17739 136235,1000,16
ac19_14043,YYXXXyX,YYXYxxyyXyx,1,17744,1000,16
ac19_14213,YXXyx,YYYXYxyXyyxyxyxx,2,17979 50563,1000,17
ac19_14215,YXyXXyx,YYXXYxxxyyxx,1,17981,1000,18
ac19_14251,YXYXyx,YYYXXXXyXXYYx,2,18039 96104,1000,18
ac19_14316,YXYXyx,YYYxxxYXXyXyX,2,18126 118740,1000,16
ac19_14333,YXyXXXyx,YYXYxxxxyyx,1,18159,1000,17
ac19_14365,YXXyx,YYYYXYXYxyyyXyXyX,1,18207,1000,19
ac19_14416,YXXyx,YYYYXyXyxyXyyXXX,2,18284 147686,1000,17
ac19_14426,YXXyx,YYYYYXyxyXyyxyyx,1,18305,1000,16
ac19_14527,YXXyx,YYYYXXXyXyyyxxYx,2,18451 114164,1000,16
ac19_14532,YXyXXXyx,YYYxyyXXXyXYxyXyX,1,18457,1000,18
ac19_14576,YXXyx,YYYYXyyxyyXYXXX,1,18520,1000,16
ac19_14628,YXYXyx,YYXyyXyXXYYxx,2,18593 46941,1000,16
ac19_14690,YXXXyxx,YYXyXYxyXYxyX,6,18686 42350 91270 105757 107011 138475,1000,20
ac19_14702,YXYXyx,YYYYYxyyXyyXX,1,18705,1000,18
ac19_14724,YXXyx,YYYXXXyyXyyyxxYx,1,18740,1000,17
ac19_14730,YXyXXXyx,YYYxyXXXyXyyX,2,18748 113126,1000,17
ac19_14810,YXXyx,YYYYXyyXXXXXXXyX,2,18867 140840,1000,17
ac19_14816,YXyXXyx,YYXyyXyyXXX,2,18876 102750,1000,17
ac19_14919,YXXyx,YYYYYXXXyyXyXyXX,1,19026,1000,18
ac19_14926,YXXyx,YYYYXyyXXXXXyXX,2,19037 129265,1000,17
ac19_15113,YXYXyx,YYYYXyXXyXXYx,2,19317 61951,1000,16
ac19_15169,YXXXyxx,YYXyXXXYxyx,5,19392 45151 58790 78096 145395,1000,16
ac19_15200,YXYXyx,YYYYXyXXyXYYx,2,19435 98787,1000,16
ac19_15237,YXXyx,YYYYYXyyxxyyXXX,2,19495 86306,1000,17
ac19_15270,YXXyx,YYYYXyxxyyXyyXXX,2,19543 78576,1000,17
ac19_15272,YXXyx,YYYXyxxyyXXXXXYX,2,19545 135571,1000,16
ac19_15282,YXXyx,YYYXyXyyXXXXXYX,2,19566 60706,1000,17
ac19_15303,YXXyx,YYYYYXXXyXyXyyXX,2,19602 92951,1000,17
ac19_15329,YXYXyx,YYYYxxYXyXXyX,2,19643 61473,1000,17
ac19_15507,YYXXyxx,YYYYYYXYxYYYYX,1,19903,1000,16
ac19_15514,YXYXyx,YYYXXXXyxyyxxYx,2,19912 126470,1000,18
ac19_15532,YXXyx,YYYYXyyxyyyxxx,2,19937 142455,1000,18
ac19_15551,YXYXyx,YYYxYxyxxyXyXXX,2,19964 64790,1000,18
ac19_15562,YXXXYxxxyx,YYYxxxyXYYx,1,19980,1000,15
ac19_15570,YXXyx,YYYYYYXyyyyXyX,1,19991,1000,18
ac19_15572,YXyXXyx,YYXYxxyxxxx,1,19993,1000,16
ac19_15579,YXYXyx,YYYYYXyXXXXXYxxyX,1,20005,1000,17
ac19_15594,YXXyx,YYYYXYxYxyyyXyyX,1,20026,1000,17
ac19_15615,YXXyx,YYYYXYxyyyyXXX,2,20056 86169,1000,17
ac19_15698,YXYXyx,YYYxYxyxYXyXyXX,2,20172 99434,1000,17
ac19_15726,YXXyx,YYYXyxyyXyyXXXYX,1,20212,1000,18
ac19_15790,YXYXyx,YYYXXXyXyyxYxyx,1,20312,1000,16
ac19_15817,YXXyx,YYYYXYYXyyXyyXyX,1,20360,1000,18
ac19_15863,YXXyx,YYXYYXyyxyyxxxYx,1,20425,1000,18
ac19_15866,YXXXyXYx,YXyxxxyxx,1,20430,1000,15
ac19_15872,YXXyx,YYYYYXyxyyyXyXyX,2,20441 73390,1000,17
ac19_15873,YXXXyxx,YYXXXXXyXYXyx,2,20443 59342,1000,16
ac19_15883,YXXyx,YYYYXYXXXyyXyyXX,2,20456 85650,1000,17
ac19_15897,YXXyx,YYYYXyyyyXXYXX,1,20475,1000,17
ac19_15906,YXXyx,YYYXyyXyyxxYxYxx,1,20486,1000,17
ac19_15961,YXXyx,YYYYXXXyXyyxyyxxx,2,20564 26922,1000,18
ac19_15980,YXYXyx,YYYXYxyXyyXXXYx,1,20595,1000,17
ac19_15984,YXXyx,YYYXyyxyXyXXXXX,2,20602 133222,1000,18
ac19_16012,YXYXyx,YYYYYYXXyxyXXXX,1,20642,1000,18
ac19_16018,YXYXyx,YYYxYXyxyXyXXYx,2,20656 52153,1000,16
ac19_16019,YXXyx,YYYXYxyyyXyyXX,1,20658,1000,17
ac19_16045,YXXyx,YYYYXyyyXXyXYX,1,20693,1000,18
ac19_16064,YXYXyx,YYYxYXXyXXXYxyXYX,1,20723,1000,17
ac19_16068,YXXXyxx,YYXyXYXXyx,8,20727 95679 108004 117181 128756 140401 149704 154344,1000,16
ac19_16099,YXyXXyx,YYXXYxyxYxxyyx,2,20768 79326,1000,17
ac19_16125,YXXyx,YYYYXyyyxyxxxyx,2,20808 32766,1000,18
ac19_16198,YXXyx,YYYYYXyxyXyyyxYx,1,20926,1000,17
ac19_16219,YXXyx,YYYYXyyXyxyyxxx,2,20953 128552,1000,18
ac19_16269,YXXyx,YYYYYXyXyxyyXyyX,1,21022,1000,16
ac19_16287,YXXyx,YYYYXyyyyxxYx,4,21045 46011 74393 116954,1000,16
ac19_16303,YXXyx,YYXYXyxyXyyXXXX,2,21068 38313,1000,16
ac19_16324,YXXyx,YYYYXyxyyXXXXX,2,21104 106549,1000,17
ac19_16358,YXyXXyx,YYYxyxYxxyxyXYX,1,21163,1000,17
ac19_16410,YXYXyx,YYYxyXyyXXYYx,2,21236 54656,1000,17
ac19_16416,YXYXyx,YYYxYxyyXyyXX,2,21244 91266,1000,16
ac19_16451,YXXyx,YYYYXYXyxxyyyXXXX,1,21300,1000,17
ac19_16481,YXYXyx,YYYYYYYXXyxyXXX,2,21347 125742,1000,17
ac19_16530,YXYXyx,YYXXXXyyxxxxx,2,21416 154688,1000,17
ac19_16557,YXXyx,YYXYXyyXyXXXXYX,2,21454 69303,1000,17
ac19_16562,YXYXyx,YYYYYXXyXXXYX,1,21462,1000,17
ac19_16570,YXXyx,YYYYXyxxyxyyyXXXX,1,21471,1000,18
ac19_16588,YXYXyx,YYYYYxyXXXXYYXX,1,21497,1000,17
ac19_16708,YXYXyx,YYYYYYxyyXXXYxyyX,1,21673,1000,18
ac19_16842,YXXyx,YYYXyyxyXXXXYX,2,21877 155864,1000,16
ac19_16855,YXXyx,YYYXYYxyyxyyXXX,2,21898 70725,1000,18
ac19_16894,YXXYxxyx,YYYxxxyyXXX,2,21960 66479,1000,15
ac19_16926,YXYXyx,YYYxxYXXyxyyXXX,1,22020,1000,17
ac19_16956,YXYXyx,YYYXXyXXXYYxx,2,22072 57741,1000,18
ac19_16961,YXXyx,YYYYXyyyXyXyXXX,1,22079,1000,17
ac19_16979,YXYXyx,YYYxyyXXyyyxx,1,22104,1000,18
ac19_16992,YXXyx,YYXYXYYXyyXyXyXX,2,22124 37760,1000,17
ac19_17015,YXXyx,YYXYYxyyxyxyxxYx,1,22160,1000,17
ac19_17035,YXXyx,YYYYXyyXyyyXXX,2,22184 83130,1000,17
ac19_17171,YXYXyx,YYYYYxyXXXyxyXX,2,22390 46505,1000,17
ac19_17212,YXYXyx,YYYXXXXyyyxxx,2,22447 61997,1000,18
ac19_17274,YXyXXyx,YYYYxyyxxYXXyXyx,2,22538 114499,1000,17
ac19_17325,YXXyx,YYYXyXyXyyXXXXX,1,22615,1000,18
ac19_17356,YXXyx,YYYYYXyyXyyxxx,3,22656 27952 44459,1000,17
ac19_17379,YYXXyXYxxyx,YYXXXyXYxyxYx,2,22695 143208,1000,19
ac19_17403,YXXyx,YYYYXyxxyyXXXXX,2,22726 84425,1000,16
ac19_17417,YYXyxYXXyx,YXyXyxxyXYxyx,1,22746,1000,18
ac19_17433,YXXyx,YYYXyyxyXyyXXYX,2,22768 150526,1000,17
ac19_17484,YXyXXXyx,YYYxxYxxyxYxyyX,1,22839,1000,17
ac19_17526,YXYXyx,YYXyyXyyxxYxx,2,22901 133710,1000,17
ac19_17556,YXXyx,YYYXYxyXyXyXXXXX,1,22947,1000,18
ac19_17570,YXXYxxyx,YYYxYxxyxyXXX,2,22967 118061,1000,15
ac19_17611,YXXyx,YYYYYXyyyyXXX,3,23036 133161 156187,1000,17
ac19_17613,YXYxxyXyx,YYYYXXyyyx,1,23039,1000,18
ac19_17621,YXYXyx,YYYxyXyxyXyXXYx,1,23049,1000,14
ac19_17638,YXYXyx,YYYXyyyXXXYYx,2,23077 65586,1000,17
ac19_17652,YXXyx,YYYYXYXyyXyyxxx,2,23095 148183,1000,17
ac19_17655,YXYXyx,YYXYxyXyyXyxxxx,2,23098 104758,1000,16
ac19_17771,YXYXyx,YYYxyXXyXXYYx,2,23276 94760,1000,17
ac19_17793,YXYXyx,YYYYXXXXXXYYx,2,23309 40321,1000,17
ac19_17810,YXXyx,YYYYXyXyxyyyxxx,2,23339 80126,1000,18
ac19_17818,YXXyx,YYYXYXYXyXyyyXX,1,23351,1000,17
ac19_17844,YXYXyx,YYxYXYxyXyXyyxx,1,23392,1000,17
ac19_17899,YXYXyx,YYXyyXyyxxxxyxxyx,1,23478,1000,18
ac19_17921,YXyXXyx,YYxyxYXYYxyxxyx,1,23512,1000,17
ac19_17931,YXXyx,YYXYYxyxyyxxxxx,2,23525 76930,1000,16
ac19_17985,YXYXyx,YYYXYxyXXyXXyxxYx,1,23602,1000,17
ac19_18047,YXXyx,YYXYYXyXyxyXyyXX,2,23699 118774,1000,17
ac19_18054,YXYXyx,YYXXXyXyxxxYx,2,23706 32080,1000,16
ac19_18062,YXXyx,YYYYXyXyXyXXXXX,1,23722,1000,18
ac19_18107,YXXyx,YYYYXyXXyXyyyXX,1,23784,1000,17
ac19_18125,YYXXYXYYXXX,YYYxyyxYXXyX,1,23812,1000,18
ac19_18156,YXXYxxyx,YXyxYxYXXXyxx,2,23867 43333,1000,19
ac19_18203,YXYXyx,YYYXyyXyXXYYx,2,23941 24055,1000,17
ac19_18204,YXXYxxyx,YYxxxxxyXyXYX,1,23944,1000,19
ac19_18209,YXYXyx,YYYYXyxyXXyyyxx,1,23951,1000,18
ac19_18244,YXXyx,YYYYYYXyxyXyyyX,1,23998,1000,16
ac19_18264,YXXyx,YYYXyxxyyyXXYXYX,2,24028 142298,1000,17
ac19_18282,YXYXyx,YYYYYXXXXXXYYXX,2,24052 24511,1000,17
ac19_18287,YXYXyx,YYxYYxyXyXXYX,2,24058 101802,1000,17
ac19_18329,YXyXXXyx,YYXyXYXyxyXyX,1,24127,1000,17
ac19_18380,YXYXyx,YYYYXXXXXXXYx,2,24206 117207,1000,18
ac19_18394,YXYXyx,YYYXXXYXXXXXYYx,2,24227 110159,1000,18
ac19_18400,YXyXXXyx,YYXyXYxYxyxYxxyyX,1,24235,1000,17
ac19_18412,YXYXyx,YYXXyXyyxYxxx,2,24250 85580,1000,16
ac19_18413,YXYxxYXyxYXyx,YYXYxxYYxxYXyx,1,24252,1000,17
ac19_18417,YXYXyx,YYYYXyyXyyyxx,2,24260 122754,1000,18
ac19_18432,YXXyx,YYYYXYxyxyyyXXX,2,24289 154384,1000,18
ac19_18435,YXYXyx,YYXyyXyyxxYYx,2,24294 130326,1000,17
ac19_18436,YXXyx,YYYYXyXyyXyyXX,3,24295 32968 96642,1000,17
ac19_18446,YXyXXyx,YYYXyyxyyX,2,24308 133051,1000,17
ac19_18466,YXYXyx,YYYxyyXyXXYYx,2,24352 91829,1000,17
ac19_18485,YXYXyx,YYYXyXXyyxxxx,2,24385 57820,1000,17
ac19_18524,YXXXYxxxyx,YYxYxxxyXXX,1,24442,1000,15
ac19_18525,YXXyx,YYYYYXyXyxyXyXX,4,24444 31565 33846 58226,1000,16
ac19_18559,YXYXyx,YYYYxYXyyXyXX,1,24502,1000,17
ac19_18601,YXYXyx,YYYXyyXyyyxxx,2,24574 119273,1000,18
ac19_18702,YXyXXyx,YYYxxxYYxyxyXyyX,2,24729 150957,1000,17
ac19_18721,YXYXyx,YYYxYXyxyXXyyxx,1,24759,1000,16
ac19_18756,YXYXyx,YYYYXyxyXyXyyxx,1,24806,1000,16
ac19_18779,YXXyx,YYYYXyXyXyyyxxx,2,24840 125411,1000,17
ac19_18837,YXXyx,YYYXYYxyxyyyxxx,2,24933 141440,1000,18
ac19_18843,YXYXyx,YYYXyXXXXYYxxyx,1,24940,1000,17
ac19_18891,YXYXyx,YYXyXXXXYXYYx,2,25016 134961,1000,18
ac19_18921,YXXyx,YYYYXyyxyyXXXXyX,1,25059,1000,17
ac19_18924,YXYXyx,YYYXYxxyyyXXXYx,2,25063 126831,1000,18
ac19_18945,YXYXyx,YYYxxYXyXyyXX,2,25098 48023,1000,16
ac19_18957,YXXyx,YYYXyxyyxxxxYx,2,25126 105730,1000,17
ac19_18997,YXXyx,YYYYXyyXyXyXXyXX,2,25189 146742,1000,17
ac19_19115,YXXyx,YYYYXXYxyxyyyxxx,2,25360 104738,1000,18
ac19_19116,YXYXyx,YYYxxYXyxyXyXyX,1,25361,1000,16
ac19_19173,YXYXyx,YYYXXyyXyxxxx,2,25457 140247,1000,16
ac19_19201,YXYXyx,YYYYxxYXXyxyXXX,2,25503 54068,1000,17
ac19_19286,YXYXyx,YYYYYYYXyyXXX,2,25629 95832,1000,18
ac19_19288,YXYXyx,YYYXXyXXXYYxxyx,1,25635,1000,17
ac19_19299,YXyXXyx,YYxxyxxxxYX,1,25653,1000,17
ac19_19328,YXXyx,YYYXyXyxyXXXXXXYX,2,25705 88498,1000,17
ac19_19416,YXXyx,YYYXyxxyyyXXXXX,2,25847 101003,1000,16
ac19_19435,YXYXyx,YYYYxyyyXXXYx,2,25875 59702,1000,17
ac19_19501,YXYXyx,YYYXXXyXXyxxYxx,1,25978,1000,17
ac19_19538,YXYXyx,YYYYXyXXXXYYX,2,26028 27057,1000,16
ac19_19539,YXXyx,YYYXYXYxYxyyXyyXyX,2,26029 87022,1000,17
ac19_19555,YXXyx,YYXYYxyyXyxyXyXX,2,26057 49929,1000,16
ac19_19589,YXyXXyx,YYYYxyxyyx,2,26115 79582,1000,17
ac19_19594,YXYXyx,YYXyyXXYXXXYYxx,1,26121,1000,17
ac19_19595,YXYXyx,YYYXyyXXXYxYx,1,26123,1000,17
ac19_19657,YXXYxxyx,YYXXyXyXyxxyx,1,26222,1000,17
ac19_19691,YXyXXyx,YYYYxxxyxx,2,26277 143462,1000,16
ac19_19735,YXXyx,YYYYXyxyxyXyxyxx,1,26345,1000,16
ac19_19752,YXyXXyx,YYXYxYxxxxyyx,2,26365 155085,1000,17
ac19_19871,YXXyx,YYYXYYXYxyyXyyXyX,2,26540 72143,1000,17
ac19_19872,YXXXyxx,YYXyxxxYxyx,6,26542 29416 31747 33498 58937 122345,1000,16
ac19_19890,YXXyx,YYYXYXyXyyxyyxxx,2,26571 83607,1000,18
ac19_19903,YXYXyx,YYYXyXyXXYYxx,1,26588,1000,16
ac19_19969,YXXyx,YYYXYYXyyyXyXX,2,26697 105774,1000,17
ac19_19985,YXXyx,YYYXYxyXyyyxxYx,2,26720 154895,1000,16
ac19_20081,YXXyx,YYYXyxyyXyxxYxYx,1,26870,1000,17
ac19_20099,YXYXyx,YYXXyyXXXYYxx,2,26896 114232,1000,18
ac19_20102,YXYXyx,YYYYxxyXXXXyX,2,26899 28860,1000,17
ac19_20117,YXXyx,YYYXXXyXyyXyXXYYX,2,26929 75814,1000,17
ac19_20118,YXyXXXyx,YYxyxyXXYxxyXXX,1,26930,1000,18
ac19_20125,YXyXXXyx,YYXXyXXYxxyXyyx,1,26943,1000,17
ac19_20159,YXYXyx,YYYYYxYXyXXyX,3,26996 62697 93804,1000,17
ac19_20225,YXYXyx,YYYYYxyXXXXYxyXYX,1,27097,1000,17
ac19_20270,YYXXXYxx,YYYXXXyxyyxyx,1,27180,1000,17
ac19_20341,YXYXyx,YYYXyxyXXXyyxxx,1,27285,1000,17
ac19_20355,YXXyx,YYYXyxxyxyyXXXYYX,2,27305 117425,1000,17
ac19_20377,YXXyx,YYYXYYxyxyyXyXXX,1,27335,1000,19
ac19_20405,YXXyx,YYYYXXYxyyxyxyxx,2,27377 94086,1000,17
ac19_20426,YXXyx,YYYYXyyyXyyXX,3,27421 110979 151294,1000,17
ac19_20478,YXXyx,YYXYXYxyXyyXyyXXX,1,27498,1000,18
ac19_20503,YXYXyx,YYXyxyXXXXYYxxx,2,27533 142039,1000,16
ac19_20511,YXXyx,YYXYYXyxxyyXyyXXX,2,27549 39867,1000,19
ac19_20587,YXYXyx,YYXXXyXXYYxxx,2,27663 145912,1000,17
ac19_20600,YXXyx,YYYYXXXyXyyyyxxx,2,27687 70768,1000,17
ac19_20662,YXYXyx,YYYXXXXYXXXXYYx,1,27779,1000,18
ac19_20690,YXYXyx,YYYYXyyxyXXXXYx,1,27828,1000,16
ac19_20699,YXXyx,YYYXYYxyyXyXyXXX,1,27844,1000,18
ac19_20703,YXYXyx,YYYYXyXyyXXYx,2,27848 104061,1000,16
ac19_20713,YXXyx,YYYXyyXXXXyXXYX,1,27864,1000,17
ac19_20771,YXyXXyx,YYXYXyxyxxxYXXyyx,1,27964,1000,17
ac19_20778,YXyXXyx,YYxxxYxxyxyXYXX,2,27975 120100,1000,17
ac19_20805,YXXyx,YYYYYXyxyyxyxx,3,28012 54189 109710,1000,17
ac19_20834,YXYXyx,YYYYYYYXyxyXXXX,2,28066 110812,1000,17
ac19_20897,YXYXyx,YYYxxxYXyyXXX,2,28159 104388,1000,17
ac19_20950,YXXyx,YYYXYYXyyxyyXXX,2,28247 97297,1000,17
ac19_21044,YXYXyx,YYYYxYxyXXyyX,2,28390 129428,1000,17
ac19_21053,YXyXXyx,YYYYxxxxxxx,1,28408,1000,17
ac19_21082,YXYXyx,YYXXyyXyyxxxxyx,2,28445 119153,1000,17
ac19_21086,YXYXyx,YYYxYxyyxyyXyXX,1,28456,1000,17
ac19_21091,YXXyx,YYYYXXXyyxyyxyxxx,1,28467,1000,17
ac19_21127,YXXyx,YYYYXyyxyXXXXX,2,28526 62428,1000,16
ac19_21177,YXYXyx,YYXyXXXXXYYxx,1,28610,1000,17
ac19_21231,YXXXyxx,YYXXXXyXYxyx,3,28705 93658 119325,1000,16
ac19_21234,YXXyx,YYYYXyxxyyXyyXX,1,28709,1000,16
ac19_21270,YXyXXyx,YYxyxyxYxxxYX,1,28770,1000,17
ac19_21375,YXXyx,YYYYXyXyxyxyyyxYx,2,28946 98905,1000,17
ac19_21393,YXyXXyx,YYYXyxyxxx,3,28974 60252 101594,1000,17
ac19_21487,YXYXyx,YYYYXyXyyyxxx,2,29117 147715,1000,17
ac19_21523,YXYXyx,YYYXXXXyyxxxyxx,2,29170 134764,1000,17
ac19_21559,YXXyx,YYYXYXYxYxyXyyyXyX,2,29234 109012,1000,17
ac19_21564,YXXyx,YYYXyyxyXyXXYYX,2,29240 82181,1000,16
ac19_21612,YXXyx,YYYYYXyXyXyyxxx,4,29329 69384 90901 119433,1000,18
ac19_21651,YXYXyx,YYYxYxyXyxyXXyX,1,29394,1000,17
ac19_21653,YXXyx,YYXYXYYXyyXyXXXyX,2,29396 96183,1000,17
ac19_21703,YXYXXYxyX,YYYXyxYXyXyx,1,29480,1000,18
ac19_21705,YXyXXyx,YYXyxxyXyxxYX,1,29482,1000,17
ac19_21735,YYXXyxx,YYxyXYXYxyX,1,29528,1000,18
ac19_21742,YXXyx,YYYYXyxyxyyyxx,2,29538 79649,1000,16
ac19_21791,YXYXyx,YYYYYXXyXXXXYxxyX,1,29614,1000,18
ac19_21807,YXYXyx,YYYXyxyXXyyyxYx,1,29634,1000,16
ac19_21843,YXXyx,YYYXyXyyXyXXXXX,2,29692 32109,1000,17
ac19_21914,YXYXyx,YYXyXyXyyxxxx,1,29817,1000,17
ac19_21915,YXyXXyx,YYxYxxxYXYXyxyxyx,1,29819,1000,18
ac19_21941,YXXyx,YYYYXYYXyyyXyXyX,1,29866,1000,19
ac19_22037,YXXyx,YYYYYXyXyyXyXX,4,30004 70197 105658 106573,1000,17
ac19_22128,YXYXyx,YYYxyxYYXyyXXyX,2,30160 78949,1000,17
ac19_22131,YXXyx,YYYXyyyXXXyXYYX,2,30164 58042,1000,17
ac19_22139,YXXyx,YYYYYXyyXyxyyXyX,1,30183,1000,17
ac19_22144,YXyXXXyx,YYXyyxxYxyxYx,1,30190,1000,17
ac19_22175,YXYXyx,YYYYYYXyxyXXyXX,2,30240 114795,1000,18
ac19_22257,YXYXyx,YYYXXXyyxyxxx,3,30371 97165 117577,1000,17
ac19_22263,YXyXYXyxx,YYXXyxxYxyX,2,30378 65667,1000,19
ac19_22277,YXXyx,YYXYYxyXyyXXXX,2,30397 79597,1000,16
ac19_22326,YXYXyx,YYYYYYxyyyXXX,2,30476 133862,1000,17
ac19_22329,YXXyx,YYYXYxyyyxyyXXYxyX,1,30482,1000,17
ac19_22344,YXXyx,YYYYXXYXyyyyXX,2,30508 122602,1000,16
ac19_22349,YXyXXyx,YYYXyxxyxYxxx,1,30515,1000,17
ac19_22421,YXYXyx,YYYxYxYXXyxyXXX,2,30631 54532,1000,17
ac19_22424,YXYXyx,YYYYYxyXyyyXX,2,30637 39458,1000,18
ac19_22449,YXYXyx,YYYYYxxyXyXXX,2,30675 138176,1000,17
ac19_22525,YXYXyx,YYXYxxYxyyxyXXyXX,1,30798,1000,17
ac19_22559,YXXyx,YYYYXXYXyyyyxxx,2,30855 152194,1000,17
ac19_22601,YXXyx,YYYXYXyxxyyyXXYX,2,30915 136957,1000,16
ac19_22624,YXYXyx,YYYxYYXyyXyXX,1,30961,1000,17
ac19_22680,YXYXyx,YYYYxYYXyxyyXXX,2,31055 37245,1000,18
ac19_22699,YXYXyx,YYYXyXXXYYXYx,1,31087,1000,16
ac19_22736,YXYXyx,YYYYxYYXyxyXXXX,2,31149 73935,1000,17
ac19_22767,YXyXXXyx,YYYxxyXXyyX,2,31211 35714,1000,17
ac19_22829,YXYXyx,YYXXyXXXYYxYxyx,2,31309 115573,1000,18
ac19_22929,YXyXXyx,YYXYxxxyxxx,2,31478 95337,1000,17
ac19_22980,YXXyx,YYXYYxyxyyXXXXX,2,31552 34714,1000,18
ac19_22994,YXYXyx,YYYXyxyXXXXYxYx,1,31579,1000,17
ac19_23008,YXYXyx,YYYxYYXyyyXXX,2,31598 120016,1000,18
ac19_23020,YXyXXyx,YYXXyXXYxxyxyxx,1,31614,1000,18
ac19_23096,YXYXyx,YYXXyXXXYYxxxyx,1,31749,1000,17
ac19_23099,YXXyx,YYYYXyXyyyXXYX,1,31754,1000,17
ac19_23123,YXXXyxx,YYXyxYxyXYxyX,4,31796 35873 56205 99686,1000,20
ac19_23136,YXYXyx,YYYXyXyXyyxxx,2,31815 125194,1000,17
ac19_23156,YYXXyxx,YYYxYXYYX,1,31848,1000,16
ac19_23189,YXyXXyx,YYYxYXyxyxx,2,31909 78366,1000,16
ac19_23190,YXYXyx,YYXXXXyXXyxYxxYxxyx,1,31911,1000,17
ac19_23232,YXYXyx,YYXXyXyyxxYxx,2,31995 85712,1000,17
ac19_23266,YXXyx,YYYXyyyxxxxYx,2,32053 154108,1000,17
ac19_23276,YXyXXyx,YYYxyyxxYYxx,2,32072 34887,1000,17
ac19_23325,YXyXXXyx,YYXyXYXyXyxyx,2,32150 82359,1000,16
ac19_23395,YXYXyx,YYYxxYXXyyXXX,1,32272,1000,18
ac19_23461,YXXyx,YYYXYYXyXyxyXyXX,2,32382 148915,1000,17
ac19_23523,YXYXyx,YYYxYxyXXXYXX,2,32486 124532,1000,17
ac19_23529,YXXyx,YYYYXyyxyyXyXX,2,32496 90747,1000,16
ac19_23535,YXyXXyx,YYxYxxyxYxyxyXYXX,1,32506,1000,18
ac19_23550,YYXXYxyxx,YYXyxxYXyx,1,32532,1000,16
ac19_23574,YXYXyx,YYYYxYxyXXXXYxyyX,1,32568,1000,18
ac19_23632,YXYXyx,YYYXYxyXXyXyyxx,1,32670,1000,16
ac19_23725,YXYXyx,YYYYYxyyXXyXX,2,32844 49746,1000,18
ac19_23753,YXYXyx,YYYxYxYXyxyyXXX,2,32900 89428,1000,18
ac19_23790,YXYXyx,YYXYxyXXyXyyxxx,2,32963 68709,1000,17
ac19_23804,YXXyx,YYYYYXyxyyXyXXX,2,32989 156395,1000,17
ac19_23815,YXyXXXyx,YYXXyXYxxxYXyyxyX,1,33010,1000,17
ac19_23816,YXXyx,YYYYYXyyxyyXXX,2,33013 108892,1000,18
ac19_23828,YXXyx,YYYYXYxyXyXyyXXX,2,33035 76127,1000,17
ac19_23898,YXYXyx,YYYXyXXXYxyXYYx,1,33165,1000,16
ac19_23939,YXXyx,YYYYYXyXyxyXXyXX,1,33229,1000,18
ac19_23941,YXYXyx,YYYYxxyxYXyyXXX,2,33232 110520,1000,18
ac19_23969,YXYXyx,YYYYYXXyXXXYXYxyX,2,33271 136153,1000,18
ac19_24002,YXYXyx,YYXyyXyyxxxxx,1,33321,1000,18
ac19_24023,YXXyx,YYYYXYXyyXyyxxxx,1,33366,1000,18
ac19_24037,YXXyx,YYYYXyyXyyyxYYxx,1,33389,1000,17
ac19_24060,YXXyx,YYXyyXyXXXXYXYx,2,33433 99725,1000,17
ac19_24213,YXXyx,YYYYYYXyyyxyyx,3,33701 46332 155477,1000,17
ac19_24273,YXXyx,YYYXYxyXyXyXXXX,2,33794 35261,1000,16
ac19_24286,YXyXXyx,YYXXXyXXXyyxxyx,1,33815,1000,17
ac19_24305,YXXyx,YYYXXXyyXyyyXXYX,2,33848 117191,1000,16
ac19_24327,YXXyx,YYYYXYYXyxyyXyXyX,2,33892 70551,1000,18
ac19_24393,YXXyx,YYYYYXyyXyyXX,3,34009 63691 81967,1000,16
ac19_24422,YXXyx,YYYYYXyyyxxyxx,1,34069,1000,18
ac19_24441,YXYXyx,YYXYxxyyXXyyxxx,1,34104,1000,17
ac19_24450,YXXyx,YYYXyyxyxyxxxxx,2,34120 64634,1000,17
ac19_24462,YXXyx,YYYXYYYxyyXyyXyX,2,34135 39254,1000,17
ac19_24470,YXyXXyx,YYYXyyXYYxyXXyyxyx,2,34147 140502,1000,17
ac19_24560,YXYXyx,YYXyyXXXXYxYxyx,1,34310,1000,17
ac19_24564,YXYXyx,YYYXXyXyyxxxxyxyx,2,34315 115715,1000,18
ac19_24595,YXyXXyx,YYxYxyxxxyxYX,1,34368,1000,18
ac19_24610,YXYXyx,YYYXyXyyyxxYx,2,34393 88508,1000,18
ac19_24660,YYXXYxyxx,YYXXYXyyxxx,2,34478 84130,1000,15
ac19_24668,YXXyXYx,YYxyxxxyXyXYX,1,34494,1000,16
ac19_24679,YXYXyx,YYYxxYYXyyXyX,2,34512 73445,1000,16
ac19_24699,YXXyx,YYXYYXyyxyxxxxx,2,34543 38346,1000,16
ac19_24732,YXYXyx,YYYYYxYXyXXXX,2,34603 85028,1000,19
ac19_24749,YXyXXXXyx,YYxYxyxxyX,1,34634,1000,17
ac19_24760,YXYXyx,YYYXXXXyXYYYx,2,34656 133203,1000,17
ac19_24836,YYXXXyX,YYXYXyxyyxx,1,34777,1000,16
ac19_24841,YXYXyx,YYYYYxxyyXXXX,2,34784 133292,1000,18
ac19_24881,YXXyx,YYXyyxyXyxxxxxYx,2,34858 130776,1000,17
ac19_24901,YXyXXyx,YYXYxyXXyyxxx,1,34888,1000,16
ac19_24903,YXXyx,YYXYYXYXyyXyyXXX,1,34892,1000,18
ac19_24933,YXyXXyx,YYYxyxxyxYX,2,34954 103933,1000,17
ac19_25021,YXXyx,YYYXYYXyyXyXXyXX,1,35102,1000,17
ac19_25028,YXyXXyx,YYYXyxxyxYx,2,35117 52377,1000,16
ac19_25086,YXYXyx,YYYYYYXyXXXYxyX,1,35239,1000,16
ac19_25102,YXYXyx,YYYxYxyXyxyXyXX,1,35264,1000,17
ac19_25208,YXXyx,YYYYYXyXyxyyyXyX,2,35426 113793,1000,18
ac19_25234,YXYXyx,YYYYxYXXyxyXXXX,1,35466,1000,17
ac19_25263,YXXyx,YYXYxyXyXyXXXXYX,2,35525 63082,1000,17
ac19_25268,YXYXyx,YYYYYYxyXXXyX,1,35536,1000,17
ac19_25325,YXYxYXXYXyx,YYxYXXXYxYXX,1,35629,1000,17
ac19_25428,YXYXyx,YYXXXXXyyxxxx,2,35828 136215,1000,17
ac19_25460,YXXyx,YYYYXyXyyxxxx,3,35894 60789 106057,1000,16
ac19_25479,YXYXyx,YYYYxYXyxyXXXyX,1,35924,1000,17
ac19_25488,YXYXyx,YYYXyxyyXXXXYYx,2,35945 128014,1000,18
ac19_25498,YXXXXyXXyX,YYxxyxxxxxx,1,35965,1000,16
ac19_25518,YXXyx,YYYXYYXyyxyyxxx,2,35998 135939,1000,18
ac19_25521,YXYXyx,YYXXXXXXYYxxx,1,36003,1000,18
ac19_25547,YXXyx,YYYYXyyyyXXXXyX,1,36051,1000,17
ac19_25560,YXYXyx,YYXYxyXyXyyxxYx,2,36078 84624,1000,17
ac19_25561,YXXyx,YYXYYXYxyXyyxyxx,2,36079 69520,1000,15
ac19_25563,YXXyx,YYYYXXYxyxyyxyxx,2,36082 120635,1000,16
ac19_25572,YXXyx,YYYXXXyyXyyxxxYYx,2,36098 88022,1000,17
ac19_25628,YXXyx,YYYYXyyyXyXYXXX,1,36184,1000,17
ac19_25642,YXXyx,YYYXYYxyyxyyxxx,2,36205 83947,1000,17
ac19_25655,YXXyx,YYYXYxYYXyyxyXyyxyyX,1,36228,1000,19
ac19_25683,YXYXyx,YYYYxYXyxyXXyyX,1,36276,1000,17
ac19_25685,YXYXyx,YYXXyXXXXYxYx,2,36280 101879,1000,17
ac19_25755,YXYXyx,YYYYYYXyXXXXX,1,36398,1000,17
ac19_25881,YXXyx,YYYXYxYYXyyxyXyyyXYx,1,36612,1000,17
ac19_25891,YXYXyx,YYYYYYxyyXXXX,2,36631 44646,1000,17
ac19_25945,YYXXYxYXXXYx,YXXYxxxyXXXYx,1,36732,1000,17
ac19_26013,YXXyx,YYYYXYXyXyyXyXX,2,36858 76373,1000,18
ac19_26052,YXYXyx,YYYYYXXXXXXYxYX,2,36924 103416,1000,17
ac19_26065,YXXyx,YYYYXyXyXyXyXXYX,2,36946 38607,1000,17
ac19_26077,YXYXyx,YYYXYxyyXyXXXYx,1,36968,1000,17
ac19_26082,YXXyx,YYYYYXyyXyxyXyyX,1,36978,1000,16
ac19_26094,YXYXyx,YYXXXyyXXYYxx,2,36994 69747,1000,17
ac19_26106,YXYXyx,YYYXXXyxyXyxxxx,1,37019,1000,17
ac19_26129,YXYXyx,YYXXXXyyxxYYx,2,37050 90346,1000,16
ac19_26159,YXYXyx,YYYYYYxyXXyXX,1,37098,1000,17
ac19_26167,YXyXXyx,YYXYXyxYxxxyyx,2,37109 118564,1000,17
ac19_26172,YXXyx,YYYXyyyxyxxYYx,2,37118 65118,1000,16
ac19_26196,YXYXyx,YYYYYxYXyyyXX,2,37164 91481,1000,18
ac19_26355,YXYXyx,YYYxYYxyXXyyX,2,37471 98358,1000,14
ac19_26388,YXYXyx,YYXXXXyxyXyxxYx,1,37538,1000,16
ac19_26528,YXXXyxx,YYXXyXYxxyx,3,37784 124689 147307,1000,16
ac19_26531,YXXyx,YYYXYXXYxyyyxyxx,3,37789 55371 67031,1000,17
ac19_26544,YXXyx,YYYYXyyyxxxxxx,1,37806,1000,18
ac19_26551,YXYXyx,YYXXyXyyxxxxyxx,2,37815 106518,1000,17
ac19_26567,YXYXyx,YYXyyXXXXYxYx,2,37841 120731,1000,16
ac19_26575,YXYXyx,YYXyXXXXYYXXYYx,1,37855,1000,17
ac19_26585,YXXyx,YYYYXYXyyXyXyXX,1,37873,1000,18
ac19_26618,YXYXyx,YYYxYXyyXXXYX,1,37930,1000,16
ac19_26644,YXyXXXyx,YYYxxxYXyxxYxxyyX,1,37973,1000,17
ac19_26700,YXXyx,YYYYYXyyxyyxx,3,38075 46370 117299,1000,16
ac19_26716,YXyXXXyx,YYXXyXXYxyxYxyxyX,1,38106,1000,17
ac19_26784,YXYXyx,YYYXYxyXXyyyxxx,2,38222 140620,1000,17
ac19_26785,YXXyx,YYYYYXyxyyyyXyX,2,38226 85663,1000,18
ac19_26799,YXYXyx,YYXyXyXXXYYxxyx,1,38255,1000,17
ac19_26870,YXyXXXyx,YYYxxxxxxyx,1,38386,1000,18
ac19_26887,YXXyx,YYXYxYxyyXyXyXYX,1,38418,1000,16
ac19_26889,YXXyx,YYYXYXyyXyyyXXX,2,38426 82700,1000,17
ac19_26898,YXyXXyx,YYYxyyxxYXXyxYx,2,38441 108533,1000,17
ac19_26934,YXYXyx,YYYYXYYxYXXyxyXXX,2,38498 41202,1000,17
ac19_26963,YXXyx,YYYYXYXyxyyyxxx,2,38542 73267,1000,18
ac19_26976,YXXyx,YYYYXyyXyyXXyX,2,38566 86062,1000,16
ac19_26982,YYXYXXXYx,YYXyXXXYxYx,1,38573,1000,16
ac19_27036,YXXyx,YYYYYYXyyyyxyx,3,38675 73435 144547,1000,18
ac19_27077,YXYXyx,YYXYxyyXXyyxxxx,2,38742 148986,1000,17
ac19_27125,YXYXyx,YYYYYxyXXXXYxyX,1,38827,1000,16
ac19_27133,YXYXyx,YYYYYXXyxyXXXYx,2,38846 155579,1000,16
ac19_27161,YXyXXXyx,YYxxxxYxyxxyXYX,1,38888,1000,17
ac19_27186,YXYXyx,YYXXyyXyxxYxx,2,38928 90017,1000,16
ac19_27208,YXXyx,YYYYXYXyxyXyyXXX,1,38969,1000,17
ac19_27245,YXYXyx,YYYYYxyyXXXYYXX,1,39038,1000,18
ac19_27274,YXYXyx,YYYYYXyXXXYXX,3,39098 92122 149083,1000,16
ac19_27323,YXXyx,YYYXyXyXyXXXXXYX,2,39209 81240,1000,17
ac19_27331,YXXyx,YYYYYXyyxxyyyXYX,1,39226,1000,18
ac19_27438,YXYXyx,YYYXXXXXXYYxx,1,39427,1000,17
ac19_27463,YXYXyx,YYYYXyyXyyxxx,2,39474 149101,1000,18
ac19_27469,YXyXXyx,YYXXyyXyyXX,1,39486,1000,17
ac19_27476,YXYXyx,YYYxyxYXyXyXXYx,2,39494 53186,1000,17
ac19_27484,YXyXXyx,YYYXyxYxyxxyXX,1,39508,1000,17
ac19_27530,YXYXyx,YYXYxyXXXXyyxxx,1,39580,1000,17
ac19_27544,YXYXyx,YYYxYXXyxyXXXYx,2,39600 98439,1000,16
ac19_27554,YXXyx,YYYXYxyyyxxxxx,2,39613 92279,1000,17
ac19_27589,YXXYxxyx,YYXyxYxyxYx,1,39678,1000,17
ac19_27624,YXXyx,YYYYXYxyXyyxyxx,2,39741 114729,1000,16
ac19_27631,YXYXyx,YYYXyXXyXXYYx,2,39752 82144,1000,17
ac19_27752,YXYXyx,YYXXXXyyxxYYxyx,1,39953,1000,17
ac19_27803,YXXyx,YYYXyyxyyXXXXXX,2,40058 129303,1000,17
ac19_27841,YXYXyx,YYYYxYYXXyxyXXX,2,40126 113713,1000,18
ac19_27850,YXXyx,YYYXYYXyxyXyXyXX,2,40140 107068,1000,17
ac19_27945,YXYXyx,YYYYxxYXyxyyXXX,2,40312 151368,1000,18
ac19_27963,YXXyx,YYYYXYXyxxyyyXXX,2,40347 138984,1000,18
ac19_28053,YXYXyx,YYXXyyXyyxxxx,2,40503 56428,1000,17
ac19_28084,YXYXyx,YYYYxyyXyyyxx,2,40566 76154,1000,17
ac19_28112,YXYXyx,YYYYXXyyyyxxx,2,40618 123362,1000,18
ac19_28135,YXYXyx,YYYxYxyXXyyXX,2,40653 96891,1000,17
ac19_28148,YXXyx,YYXYYxyyXyxyyxxxx,1,40674,1000,17
ac19_28184,YXXyx,YYYYXyyyxyyXXX,2,40732 125057,1000,17
ac19_28194,YXXyx,YYYXyyxxyyyXXYX,2,40753 140517,1000,17
ac19_28205,YXYXyx,YYYxxYYXyXXyX,1,40773,1000,17
ac19_28207,YXXyx,YYYXyyxyXyXyXYX,1,40776,1000,16
ac19_28248,YXXyx,YYYXYXyXyyyXXYX,1,40844,1000,17
ac19_28252,YXYXyx,YYYYYYXYxyXyXXX,2,40849 135536,1000,17
ac19_28283,YXYXyx,YYYYYYYXyXXXX,2,40894 122134,1000,18
ac19_28362,YXXyx,YYYXYYxyyXyyxxxx,1,41039,1000,18
ac19_28383,YXXyx,YYYXYYxYXyyyxyyx,1,41078,1000,17
ac19_28397,YXXyx,YYYXYxYXyyyXyXX,2,41100 45077,1000,17
ac19_28461,YXXYxxyx,YYYxxYYxYxxyX,1,41216,1000,15
ac19_28464,YXyXXyx,YYXyyxxxYYx,1,41220,1000,16
ac19_28491,YXXyx,YYYYXyyyxyxyxx,3,41274 147256 156437,1000,18
ac19_28510,YYXXyxx,YYYYYYXYXYYx,1,41313,1000,16
ac19_28530,YXYXyx,YYXyXXXXYYxxxyx,1,41349,1000,17
ac19_28535,YXXyx,YYYXXXyyXyyXXYYX,2,41360 57945,1000,16
ac19_28539,YXYXyx,YYYXXXyXyyxxx,2,41369 94459,1000,17
ac19_28556,YXXYxxyx,YYYxYYxxxxyXX,1,41401,1000,15
ac19_28557,YXYXyx,YYYYxyXyXXXYx,2,41402 45083,1000,18
ac19_28573,YXXyx,YYYXyXyxyXyXXYYX,2,41437 50904,1000,16
ac19_28583,YXYXyx,YYYYxYxyXyyXX,2,41451 106038,1000,17
ac19_28591,YXYXyx,YYXyyXXyyxxxx,1,41470,1000,18
ac19_28633,YXYXyx,YYYxYxxyXXXyX,2,41552 125036,1000,17
ac19_28671,YXYxyXXyxYXyx,YYXXyxYXyxYXyx,2,41626 88499,1000,20
ac19_28682,YXXyx,YYYYXYxyXyyyyxYx,2,41646 101928,1000,17
ac19_28693,YXXyx,YYXYXyyXyyXXXXX,1,41668,1000,18
ac19_28696,YXXXyxx,YYXXyxYXyxYXyx,6,41677 99211 102712 135962 139334 143487,1000,20
ac19_28740,YXXyx,YYYXyxyXyyXXXXX,2,41740 143742,1000,17
ac19_28745,YXYXyx,YYYYxyXXyXXYx,2,41747 104668,1000,16
ac19_28747,YXYXyx,YYYXyXyyyxxxx,2,41756 95448,1000,18
ac19_28752,YXXyx,YYYYYXXYxyyxyyyx,2,41763 141696,1000,17
ac19_28758,YXXXyxx,YYXyxxxYXXyx,1,41773,1000,16
ac19_28820,YXYXyx,YYYYXXXXyyxxx,2,41887 154970,1000,17
ac19_28853,YXXyx,YYYYXYxyyyxyxx,3,41942 88541 131805,1000,16
ac19_28878,YXYXyx,YYYxxxYXyxyXyXX,1,41991,1000,18
ac19_29012,YXYXyx,YYYYYYxyXXXYXyX,1,42231,1000,17
ac19_29031,YXXyx,YYYXyyXXyXXXYX,1,42262,1000,17
ac19_29042,YXYXyx,YYXYxxxxyyXXyXX,2,42292 121621,1000,17
ac19_29098,YXXyx,YYYYXyXyyyXyXX,2,42405 61723,1000,17
ac19_29114,YXYXyx,YYYYYxxyXXXyX,2,42434 47109,1000,17
ac19_29115,YXXYxxyx,YYYxYxxxyXX,1,42435,1000,17
ac19_29131,YXYXyx,YYYYXyyXXXXYx,2,42464 106484,1000,17
ac19_29151,YXXyx,YYYXyyyXyyXXXYx,2,42496 65112,1000,17
ac19_29172,YXXyx,YYXYYXyyxyyXXXXyX,1,42532,1000,17
ac19_29268,YXYXyx,YYYXXyyXyyxxxyx,2,42697 82305,1000,17
ac19_29277,YXXyx,YYYYXyyXyXyXXYX,1,42712,1000,18
ac19_29297,YXXyx,YYYYXYxyXyyyxyyx,1,42760,1000,16
ac19_29314,YXyXXyx,YYYXyyXYXyXYxyyxyx,2,42790 106756,1000,17
ac19_29344,YXyXXXXyx,YYXyyxxYxxYxyx,1,42846,1000,17
ac19_29442,YXXyx,YYYYYXXXyyyyXX,1,43035,1000,16
ac19_29463,YXYXyx,YYXyxyXyyXyyxYYxx,1,43065,1000,18
ac19_29524,YXYXyx,YYYYXyyyXyyxx,2,43175 131312,1000,16
ac19_29625,YXYxyXXyx,YYXyxxYXyx,2,43337 124301,1000,16
ac19_29712,YXXyx,YYYYYXyXyxyyyxyx,2,43485 75372,1000,17
ac19_29716,YXYXyx,YYYXYYxYXXXXX,1,43498,1000,16
ac19_29767,YXXyx,YYYXYxyyXyXXXX,2,43595 70805,1000,16
ac19_29788,YXXYxxyx,YYYxYxYxxyX,1,43633,1000,17
ac19_29791,YXYXyx,YYXYxyyXXyyxxYx,2,43636 53389,1000,17
ac19_29855,YXXyx,YYYYXyyXyXyyXX,4,43755 45531 89066 117756,1000,16
ac19_29862,YXXyx,YYYXYxYXyyxyyXXX,2,43767 152400,1000,18
ac19_29887,YXYXyx,YYYYYxyxYXXyXXX,2,43810 76198,1000,17
ac19_29976,YXXyx,YYYYYYXXXyXyXyyXyX,1,43966,1000,18
ac19_30003,YXXyx,YYYYYXyxyXyyXyyX,1,44013,1000,17
ac19_30031,YXXyx,YYYYYXyXyXyXXyXX,1,44056,1000,17
ac19_30089,YXYXyx,YYYYxxyyXXXYXYxyX,1,44165,1000,17
ac19_30107,YXXyx,YYYXyyyXXXXXXXYX,1,44201,1000,17
ac19_30108,YXXyXyx,YYXyxxYXyx,1,44211,1000,15
ac19_30177,YXXyx,YYYYXyxyXyXyXyXX,1,44336,1000,17
ac19_30182,YXYXyx,YYYYYXyXyXXYx,2,44346 83761,1000,16
ac19_30183,YXYXyx,YYXXyyXXyxxYxxx,1,44349,1000,18
ac19_30207,YXXyx,YYYXXXyyxyxyxxxx,1,44400,1000,17
ac19_30215,YXYXyx,YYYxYxyyXXXyX,1,44417,1000,17
ac19_30219,YXXyx,YYXYXYxYXyyXyyXXX,1,44421,1000,18
ac19_30221,YXYXyx,YYYYYXYxyXyXyXX,2,44423 59358,1000,17
ac19_30227,YYXYxyXXX,YYXyxYXyX,4,44437 61580 112302 127813,1000,16
ac19_30359,YYXXXXXYx,YYXXYXXXXyxxx,2,44678 128561,1000,16
ac19_30362,YXXyx,YYXYYXyxyyXyyXX,2,44683 149100,1000,17
ac19_30386,YXyXXXyx,YYYxxxyyx,2,44730 145816,1000,17
ac19_30402,YXYXyx,YYYxYxyyXXyXX,1,44751,1000,18
ac19_30407,YXYXyx,YYxYYxyXXyXYX,2,44763 121880,1000,16
ac19_30412,YXXyx,YYYXyyxyxxxxxYx,2,44775 146397,1000,17
ac19_30419,YXXyx,YYYXYYxyyXyxyXXX,2,44793 82151,1000,18
ac19_30427,YYXXXyxYx,YYXXyxYXyx,5,44802 56121 57555 138730 141401,1000,16
ac19_30439,YXyXXyx,YYxyxxxxYXyxxYX,1,44826,1000,17
ac19_30479,YXYXyx,YYYYXyXXXYXYx,1,44901,1000,16
ac19_30494,YXXyx,YYYYXyXyXyxxyyyxYx,2,44928 62084,1000,17
ac19_30561,YXYXyx,YYYXXXXyXyyxYYx,1,45045,1000,17
ac19_30564,YXYXyx,YYYYxyXyXXXYxyXYX,1,45049,1000,17
ac19_30668,YXYXyx,YYYYYxyXyxyXyXX,1,45275,1000,17
ac19_30737,YXXyx,YYYXXXyXyyyXXYYX,2,45391 104715,1000,16
ac19_30746,YXXyx,YYYXyxxyyXyXXXXX,2,45404 50681,1000,18
ac19_30753,YXXyx,YYYYYXyyyxxxyx,1,45416,1000,17
ac19_30754,YXXyx,YYYXyyXyyxxxxx,2,45417 108536,1000,17
ac19_30769,YXYXyx,YYXXYxxYxyXXXyX,2,45439 85311,1000,11
ac19_30777,YXYXyx,YYXyXYXXXyXXYxxYxyx,1,45456,1000,19
ac19_30806,YXXyx,YYYYYXyyyxyXXX,2,45515 118877,1000,17
ac19_30818,YXyXXyx,YYXYXyxyyxx,1,45538,1000,18
ac19_30820,YYYXXXYxx,YXXYxxxyX,1,45543,1000,17
ac19_30896,YXXyx,YYYYYXyXyxyXyXXX,2,45686 90095,1000,17
ac19_30914,YXXYxxyx,YYYxYxxyXYxxyXX,1,45721,1000,15
ac19_30925,YXYXyx,YYXXyXXyyxxxx,2,45741 120988,1000,17
ac19_30952,YXXyx,YYYYXYXyyyXyXX,2,45788 119045,1000,17
ac19_30965,YXYXyx,YYYxYYxyXyXXX,3,45812 49565 83993,1000,17
ac19_30989,YXYXyx,YYYYYxyyyyXXX,2,45850 67929,1000,17
ac19_31002,YXXyx,YYYYXyyyyxxxYx,2,45874 152805,1000,17
ac19_31005,YXXyx,YYYXyyXyyXXXX,2,45878 64373,1000,16
ac19_31009,YXyXXyx,YYYxxYXyyxxyXX,1,45885,1000,17
ac19_31115,YXYXyx,YYYxxyXXXyyxx,2,46109 54980,1000,16
ac19_31130,YXyXXyx,YYXyXYYxxyxyxx,1,46143,1000,18
ac19_31238,YXXYxxyx,YYXyxxYXXyxxx,1,46321,1000,15
ac19_31276,YXYXyx,YYXyXXyyxxYxxYX,1,46396,1000,16
ac19_31299,YXYXyx,YYXyyXXXYYxYx,1,46445,1000,17
ac19_31313,YXXyx,YYYXYXyyxyyXyXX,2,46477 64665,1000,16
ac19_31321,YXXyx,YYYYXYxyyXyyyxYx,1,46496,1000,17
ac19_31348,YXYXyx,YYYYYxyyXyXXX,1,46546,1000,18
ac19_31359,YXyXXyx,YYYXyxyxxYxxx,1,46568,1000,17
ac19_31414,YXYXyx,YYYYYXYXYxxyXyXXX,1,46668,1000,18
ac19_31425,YXXyx,YYYYXyyxyXyXXyX,1,46684,1000,16
ac19_31429,YXYXyx,YYYXYxyXXyyyXyxYx,1,46690,1000,17
ac19_31435,YXYXyx,YYXYxxyXXyXXXYx,1,46703,1000,17
ac19_31439,YXXyx,YYXYXYYxyyXyyXXX,1,46707,1000,18
ac19_31475,YXXyx,YYYYXyyXyyyXX,3,46763 107234 140026,1000,16
ac19_31498,YXXyx,YYYYXyyyyxYxxxx,1,46815,1000,18
ac19_31500,YXXyx,YYYYXYYxyyyXyXyX,2,46818 55144,1000,18
ac19_31512,YXYxxYXyx,YYxYXYxxyX,6,46844 58540 92230 111139 126212 155936,1000,16
ac19_31524,YXXyx,YYYYYXYxyXyyyxyx,1,46870,1000,17
ac19_31559,YXXyx,YYYYXyyyXyXYX,5,46930 63906 76211 99260 130596,1000,11
ac19_31579,YXYXyx,YYXXXXyXXYYxx,2,46973 107145,1000,17
ac19_31580,YXYXyx,YYYXYxyXXXXXXYx,1,46974,1000,18
ac19_31598,YXXyx,YYYYXyXyyyxxYx,3,47015 71141 102819,1000,16
ac19_31602,YXYXyx,YYYYYXyXXXXYx,1,47025,1000,18
ac19_31623,YXXyx,YYYYXXXyXyyXyyXX,2,47066 64573,1000,16
ac19_31624,YYXyxYXXyx,YXyxYXXYxyXyx,2,47067 132355,1000,19
ac19_31631,YXXyx,YYYYXyxxyyyXXYX,1,47077,1000,16
ac19_31680,YXYXyx,YYYXXyXyyxxxyxx,2,47170 86368,1000,17
ac19_31682,YXYXyx,YYYXXyxyyXyxxxx,1,47173,1000,17
ac19_31724,YXYXyx,YYYYYXYYxyXyXXX,2,47253 102970,1000,18
ac19_31735,YXXyx,YYYXYYxyyyxxxxyx,1,47278,1000,17
ac19_31772,YXYXyx,YYYXyXXXXXYYx,2,47347 143739,1000,17
ac19_31782,YXYXyx,YYYYYYXXXXXXX,1,47363,1000,17
ac19_31841,YXXyx,YYYYXyyXyXXXXX,1,47491,1000,18
ac19_31852,YXXyx,YYXYYxyyxyxyyxxx,2,47511 154515,1000,17
ac19_31866,YXXyx,YYYXYYxyxyyyXXXX,1,47536,1000,18
ac19_31868,YXYXyx,YYXXyXyyxxYxxyx,1,47541,1000,17
ac19_31951,YXYXyx,YYXXyXXXYxYYx,1,47684,1000,17
ac19_31954,YXXyx,YYYYXyXyxyxyyxxx,2,47691 88111,1000,17
ac19_32003,YXXyx,YYYYXyXyyxxxxx,2,47782 127580,1000,16
ac19_32026,YXYXyx,YYYYXyXXyyxxx,2,47820 124229,1000,17
ac19_32031,YXXXyxx,YYXyxYXXyxYxyX,4,47835 71946 72728 85132,1000,20
ac19_32101,YXYXyx,YYYYxyxYXyyXyXX,1,47990,1000,17
ac19_32107,YXXyx,YYYXYYxyXyxyxyxx,2,48001 112912,1000,17
ac19_32132,YXyXXyx,YYxYxyxxyxxYX,1,48046,1000,18
ac19_32176,YXyXXXyx,YYxYXyxxxyx,1,48137,1000,18
ac19_32177,YXXyx,YYYYYXyXXyyXyXX,2,48138 52027,1000,17
ac19_32181,YXXyx,YYYXYYXyyXyyXX,2,48143 58324,1000,17
ac19_32183,YXyXXyx,YYXYxyxxxxx,2,48146 151798,1000,17
ac19_32190,YYXXyx,YXYXyxxYxyXyx,1,48162,1000,15
ac19_32235,YXYXyx,YYXyXYXXyXXyXYxxxYxyx,1,48239,1000,17
ac19_32268,YXYXyx,YYYYYxyxYXyXXXX,2,48309 61107,1000,18
ac19_32356,YXYXyx,YYYXyyXXXYXYx,2,48497 90694,1000,17
ac19_32397,YXXyx,YYYYXyXyyXyXXYX,1,48570,1000,17
ac19_32507,YXXyx,YYYXyyXyxyXXXXXX,2,48792 147873,1000,17
ac19_32538,YXyXXyx,YYYYxyyxYXyxx,2,48853 134440,1000,17
ac19_32551,YXYXyx,YYYYxyxYXyyXXyX,1,48885,1000,16
ac19_32585,YXYXyx,YYYYxYYXyxyXyXX,2,48962 71442,1000,18
ac19_32599,YXyXXyx,YYYYxyyxyx,1,48994,1000,17
ac19_32603,YYXXyxx,YYYYxxxYXXXX,1,49002,1000,19
ac19_32669,YXyXXXyx,YYxYXyyxxxx,1,49147,1000,18
ac19_32706,YXXyx,YYYYXXXyyXyyXXYX,1,49225,1000,18
ac19_32707,YXyXXyx,YYXYXyyxxx,2,49227 67762,1000,16
ac19_32827,YXYXyx,YYYYxyyyXyyxx,2,49449 102551,1000,17
ac19_32924,YXYXyx,YYYXXyyXyyxxx,2,49630 118669,1000,17
ac19_32966,YXYXyx,YYYYxyxYxyXXXyX,1,49724,1000,16
ac19_33044,YXYXyx,YYYXXyxyyXXXYYx,2,49892 86728,1000,18
ac19_33080,YXYxxYXyxYXyx,YYxYXYxxYXyxyX,1,49960,1000,20
ac19_33096,YXYXyx,YYYxYxYXyxyXXyX,2,50000 112880,1000,17
ac19_33138,YXYXyx,YYXyxYxxxYXyXXXXyxx,1,50069,1000,17
ac19_33184,YXYXyx,YYXXXyyXyxxYx,2,50154 62524,1000,16
ac19_33204,YXYXyxYXXyx,YYxyXYxyXYxyXX,1,50183,1000,18
ac19_33360,YXYXyx,YYYxyxYXyXXyyxx,1,50492,1000,16
ac19_33371,YXyXXXXyx,YYXyXYxxyyX,2,50508 111182,1000,16
ac19_33387,YXXyx,YYYYYXXXyyyyxxx,2,50546 72795,1000,17
ac19_33390,YXyXXXXyx,YYXyXYxyxyx,2,50552 150387,1000,16
ac19_33400,YXXyx,YYYYYXyyyxxxyxx,2,50569 152290,1000,17
ac19_33403,YXyXXXyx,YYYxxyxYxyXyX,2,50576 71214,1000,17
ac19_33465,YXXyx,YYYYXyyxyyyXXX,2,50712 103958,1000,18
ac19_33491,YXYXyx,YYYxYXyXyyyxx,2,50770 112442,1000,17
ac19_33498,YXYXyx,YYXyXyXyyxxxxyx,2,50782 114984,1000,17
ac19_33514,YXyXXXyx,YYxyxyXYXyXyXXX,1,50807,1000,18
ac19_33521,YXXyx,YYYXyyXyXyXyXXYX,1,50826,1000,17
ac19_33555,YXYXyx,YYXXXXyyxxYxxyx,2,50890 92593,1000,17
ac19_33606,YYXXYxyxx,YYXXyxYXyxx,2,50997 55626,1000,15
ac19_33640,YXXyx,YYYYXYXyXyXyyXX,2,51076 74194,1000,17
ac19_33647,YXXyx,YYXYYxyXyxyyxxYx,2,51092 125257,1000,16
ac19_33711,YXYXyx,YYXXXXyXyxxxx,2,51217 79178,1000,16
ac19_33717,YXYXyx,YYXyXXXXYYxYx,2,51236 102103,1000,17
ac19_33739,YXYXyx,YYYYXXyXXXYYx,2,51280 125785,1000,18
ac19_33761,YXYXyx,YYXXXXXXXYxYx,2,51329 106871,1000,17
ac19_33800,YXXyx,YYYYXyyyxxyxYx,1,51410,1000,17
ac19_33803,YXyXXXyx,YYYxxxxxyxx,1,51413,1000,18
ac19_33814,YXYXyx,YYXyxyXXXXXYxYx,2,51440 75010,1000,17
ac19_33848,YXYXyx,YYXXXXXXYxYYxyx,1,51531,1000,17
ac19_33862,YXYXyx,YYYXYYXXXXXXXYx,1,51561,1000,17
ac19_33892,YXYXyx,YYYxYXyyXyyxx,2,51638 79405,1000,17
ac19_33899,YXXyx,YYYYXyyxxyxxxx,1,51647,1000,17
ac19_33905,YXyXXXXyx,YYXXyXXyyX,2,51660 139189,1000,16
ac19_33908,YXYXyx,YYYYXyxyXXXyyxx,2,51663 94792,1000,16
ac19_33911,YXXYxxyx,YYXXXyxxyxxYx,1,51669,1000,15
ac19_33919,YXXyx,YYYYXyxxyyyxyyXYXX,1,51684,1000,17
ac19_33933,YXYXyx,YYYXYxyyyXyyxxx,2,51709 54904,1000,18
ac19_33936,YXYxxYXyx,YYxyXYxxyX,3,51716 86073 145226,1000,16
ac19_33941,YXYXyx,YYYYxxyXyyXXX,2,51728 95144,1000,17
ac19_33968,YXXyx,YYYXyxyyXyXXYYX,2,51773 153283,1000,16
ac19_34001,YXXyx,YYYXYXXXyyXyyyXX,1,51838,1000,17
ac19_34028,YXXyx,YYYXyyxyyXXXYYX,2,51886 65592,1000,17
ac19_34041,YXXyx,YYYXyyxyXyxxxxxx,2,51907 83737,1000,17
ac19_34051,YXYXyx,YYXYxxYxyyXXyXX,1,51924,1000,17
ac19_34103,YXXYxxyx,YYYxYYxxyxxyXXX,1,52036,1000,15
ac19_34117,YXyXXyx,YYxxyxyxxYXYx,1,52058,1000,18
ac19_34175,YXYXyx,YYXXXyXXXYYxx,2,52183 150022,1000,17
ac19_34180,YXYXyx,YYXyyXyyxxxYx,2,52191 121135,1000,17
ac19_34234,YXYXyx,YYYYYXYxyXXXyXX,1,52298,1000,17
ac19_34257,YXYXyx,YYYYxxYXyxyXXyX,1,52342,1000,16
ac19_34267,YYXXyx,YYXYXyyXXYx,1,52363,1000,15
ac19_34315,YXXyx,YYYXYxyxyxyyXyXXX,2,52464 117462,1000,17
ac19_34322,YXYXyx,YYXYxxyyXXXXYxx,1,52483,1000,16
ac19_34366,YXXyx,YYYXXYYxyyxyyxx,1,52564,1000,15
ac19_34367,YXYxxYXyx,YYxyXXYYxx,1,52566,1000,16
ac19_34372,YXYXyx,YYYXYxyXyXXyyxx,1,52575,1000,16
ac19_34414,YXXyx,YYXYXyyXyyxxYxYx,1,52661,1000,17
ac19_34439,YXYXyx,YYYxyxYYXyXXyXX,2,52718 59741,1000,17
ac19_34468,YXXyx,YYXYXyyxyxxxxYx,2,52773 142748,1000,17
ac19_34485,YXYXyx,YYYYXXyxyXXXXYx,2,52813 56572,1000,17
ac19_34545,YXXXXYxYxx,YXYxYXYxYXX,2,52917 87001,1000,16
ac19_34549,YXyXXyx,YYYXXyxyxyx,1,52923,1000,17
ac19_34596,YXXyx,YYYXYYXyyyxxxxyx,1,53001,1000,17
ac19_34615,YYXXyyXYx,YYXXXyxYX,1,53041,1000,16
ac19_34768,YXYXyx,YYXYxyXyXyyxYxx,2,53350 153769,1000,15
ac19_34787,YXYXyx,YYXXXyyXyxxxx,1,53384,1000,16
ac19_34799,YXXyx,YYXYYxyXXyyxyyxxx,2,53407 112578,1000,17
ac19_34816,YXyXXyx,YYYXyxyxxYx,2,53433 121129,1000,17
ac19_34848,YXYXyx,YYXXXyXyyxxxx,1,53486,1000,17
ac19_34849,YXYXyx,YYYYYXyxyyXXXYx,2,53489 110287,1000,16
ac19_34961,YXXyx,YYYXXXyXyyyxxxYYx,2,53729 141679,1000,18
ac19_34965,YXXyx,YYYYXyxyXyyxyxx,1,53736,1000,16
ac19_34966,YXYXyx,YYYxYxyXXXyXX,3,53737 69427 121168,1000,17
ac19_34971,YXXyx,YYYXXYXyyyxyyxxx,2,53746 129852,1000,18
ac19_34987,YXXyx,YYYYXyyyxyXyxxx,1,53780,1000,17
ac19_35021,YXXyx,YYYXyyXyyXXYYx,3,53842 86385 150695,1000,16
ac19_35050,YXYXyx,YYYYYYXyXyyXX,1,53913,1000,17
ac19_35060,YXXyx,YYYYXYxyyXyyXXX,1,53937,1000,17
ac19_35067,YXYXyx,YYXYxxxYXyyXyXX,2,53952 58019,1000,18
ac19_35070,YXyXXXXyx,YYXyyxxYXXyxx,1,53955,1000,17
ac19_35097,YXYXyx,YYYXyXXXyyxxx,2,54027 140641,1000,17
ac19_35106,YXYXyx,YYYYXyyXXXXYxYX,2,54047 127303,1000,17
ac19_35108,YXYXyx,YYYXYxyyXXyXXYx,1,54052,1000,16
ac19_35124,YXYXyx,YYYXyxyyXyXyxxx,1,54077,1000,17
ac19_35126,YXXXyxx,YYXyxYxyXXX,4,54081 125994 137023 150374,1000,16
ac19_35155,YXYXyx,YYYXyyxyXXXXYYx,1,54121,1000,18
ac19_35156,YXYXyx,YYXYxyXyXyyxxxx,2,54124 57610,1000,17
ac19_35173,YXYXyx,YYXyXXXXXYxYx,2,54159 72091,1000,18
ac19_35204,YXYXyx,YYXXyyXXyxxxx,1,54219,1000,17
ac19_35254,YXYXyx,YYYYxyXXXXYXX,2,54316 83292,1000,16
ac19_35293,YXyXXyx,YYYXyyyXXyxyX,2,54396 68847,1000,17
ac19_35388,YXXYxxyx,YYXyxYXXyyxxx,1,54575,1000,15
ac19_35455,YXXyx,YYYXyyyxyxxxYYx,1,54712,1000,18
ac19_35464,YXyXXyx,YYxYXyxYxxxyxyXYX,1,54735,1000,17
ac19_35486,YXYXyx,YYYxyyXyXyyxx,1,54783,1000,16
ac19_35491,YXYXyx,YYYXYxyyXXyyxxx,1,54792,1000,17
ac19_35554,YXXyx,YYYYXYYxyXyxyXyyyxyX,1,54934,1000,17
ac19_35559,YXYXyx,YYYXXXXXYXYYx,2,54942 148748,1000,16
ac19_35623,YXXyx,YYXYYXyyxyXXXXX,2,55074 78046,1000,17
ac19_35663,YXXyx,YYYYYXyyxyXyyyX,1,55185,1000,16
ac19_35719,YXXyx,YYYXyxyXyyXXYYX,2,55311 152751,1000,17
ac19_35722,YXXyx,YYXYYXyxyXyyXXYX,1,55321,1000,18
ac19_35731,YXXXyxx,YYXXXXyxYxyX,1,55336,1000,16
ac19_35732,YYXYXXXyX,YYXXXyyxYX,2,55342 136161,1000,16
ac19_35754,YXYXyx,YYYYYxyXXXXYXyX,1,55387,1000,17
ac19_35772,YXXYxxyx,YXXYxYxxxyXyX,2,55431 118031,1000,17
ac19_35773,YXXyx,YYYYXYXXXyyyXyXX,2,55433 93398,1000,16
ac19_35796,YXXyx,YYYYXYxyyyyxxx,2,55475 150785,1000,18
ac19_35810,YXYXyx,YYYYxYxyyyXXX,2,55505 84840,1000,18
ac19_35831,YXYXyx,YYXyxyXXXXXYYxx,2,55544 101723,1000,18
ac19_35839,YXXyx,YYYYYXyxyXyyXXX,1,55561,1000,18
ac19_35870,YXyXXXyx,YYYxxyXXXyxyx,1,55633,1000,17
ac19_35946,YXYXyx,YYYYYXyXXXXYxYX,1,55785,1000,18
ac19_35952,YXXyx,YYYXyyyXXXyXXYYX,1,55794,1000,17
ac19_35983,YXyXXyx,YYxxyxYxxyxxYXX,1,55849,1000,19
ac19_36052,YXXyx,YYYXYYYXyxyXyyyX,2,55985 75988,1000,17
ac19_36067,YXXyx,YYYXYxyyXyXXXXX,1,56015,1000,17
ac19_36119,YXXyx,YYYXYXyyxyyXyXXX,1,56124,1000,17
ac19_36125,YYXXyXYxxyx,YYXXyxYXyXYxyx,2,56151 146032,1000,19
ac19_36174,YXXXyXyxx,YXYxyxYXyx,1,56263,1000,19
ac19_36184,YXXyx,YYYXYXyyXyyyxxxx,1,56280,1000,17
ac19_36208,YXYXyx,YYYxxxYXyxyyXXX,1,56326,1000,17
ac19_36258,YXYXyx,YYYXYxxxyXyXyXX,2,56437 98664,1000,18
ac19_36270,YXyXXyx,YYYxyyxxxYx,2,56454 95913,1000,17
ac19_36273,YXYXyx,YYXyxyXXXyyxxYx,1,56461,1000,17
ac19_36306,YXXyx,YYYYYXyyxxyyXXXX,1,56522,1000,19
ac19_36318,YXYXyx,YYYXYxyXyXyyyxx,1,56551,1000,17
ac19_36401,YXXyx,YYXyxyXyXyXXXXXYX,2,56710 105324,1000,17
ac19_36411,YXYxyXXyx,YYXXyxYXyx,6,56735 61461 77761 117196 128279 141724,1000,16
ac19_36465,YXYXyx,YYYxyxYYXyyXyXX,2,56844 136566,1000,17
ac19_36470,YXXyx,YYYYXYXyXyyyxxx,2,56856 114916,1000,17
ac19_36492,YXXyx,YYYXYYXyXyyXyXX,2,56896 113655,1000,16
ac19_36502,YXyXXyx,YYYYxxyXXyxxx,2,56918 137769,1000,16
ac19_36542,YXXyx,YYYYYXyXXyyyxxx,2,57003 150753,1000,16
ac19_36605,YXXyx,YYXYYXYXyyXyyXX,2,57133 153613,1000,16
ac19_36615,YXYXyx,YYYYxYXyXyyXX,1,57151,1000,18
ac19_36622,YXYXyx,YYYYYXYxyyXXyXX,2,57162 106258,1000,17
ac19_36638,YXYXyx,YYYXyyXyyxxxx,2,57193 108600,1000,18
ac19_36702,YXyXXXyx,YYxYXyxxyxx,1,57306,1000,18
ac19_36730,YXXyx,YYYYYXyyxyXyXyyX,1,57365,1000,18
ac19_36744,YXYXyx,YYYYXXyxyXXXYYx,2,57391 120149,1000,18
ac19_36776,YXYXyx,YYYYXyXyXXYYx,2,57461 78689,1000,17
ac19_36831,YXXYxxyx,YYXyxxxYx,3,57591 131639 153390,1000,15
ac19_36863,YXYXyx,YYYYYxYXyxyyXXX,2,57679 75743,1000,17
ac19_36874,YXYXyx,YYYXXXyXXYYxx,2,57696 146581,1000,16
ac19_36913,YXyXXyx,YYxYxxyxxxyXYXX,1,57784,1000,17
ac19_36946,YXXYxxyx,YYXXyXyxyxx,1,57851,1000,17
ac19_37027,YXXyx,YYYXyyyxxxxYxx,1,58021,1000,16
ac19_37045,YXXyx,YYYYXYxyxyXyxyxx,2,58054 107372,1000,16
ac19_37057,YXYXyx,YYYXyXXXyXYYx,2,58079 82014,1000,16
ac19_37066,YXXyx,YYYXyxyXyXyXXXXX,2,58095 135487,1000,17
ac19_37131,YXXyx,YYYYYXXXyXyyyxxx,2,58247 68605,1000,17
ac19_37143,YXYXyx,YYYXXXyyXyxxx,2,58263 133319,1000,17
ac19_37185,YXYXyx,YYXyXyXXYYxxx,1,58359,1000,17
ac19_37206,YXYXyx,YYXyyXyyxxxxyxx,2,58396 110748,1000,18
ac19_37240,YXYXyx,YYYXyXXXXYYYxyx,1,58479,1000,18
ac19_37291,YXYXyx,YYxYYxyXyxyXXyX,1,58591,1000,16
ac19_37302,YXXyx,YYYYYXyyXyyyyX,2,58614 122776,1000,16
ac19_37347,YXXyx,YYYYXyXyxyXXXXXX,1,58699,1000,18
ac19_37426,YXyXYXyxx,YYXyxYxxyX,2,58887 94184,1000,19
ac19_37428,YXXyx,YYYXYYxyyxyxxyxx,1,58890,1000,18
ac19_37487,YXXyx,YYYYXyyyXyyyXYX,2,59027 78354,1000,17
ac19_37512,YXYXyx,YYXXXXXXYxYYx,1,59081,1000,17
ac19_37598,YXYXyXXYXyX,YYxYxyXYXyXXyXXYXyXX,1,59257,1000,18
ac19_37644,YXYXyx,YYYYYYXXyxyyXXX,2,59378 128648,1000,17
ac19_37674,YXXyx,YYYXYYXyyxyyXXXX,1,59450,1000,17
ac19_37679,YXYXyx,YYYXYxyXXXyyyxx,1,59456,1000,17
ac19_37724,YXXyx,YYYXYYxxYXyyyXyXyX,1,59546,1000,19
ac19_37759,YXXyx,YYYYYXyxxyxyyXXXX,1,59629,1000,18
ac19_37774,YXyXXyx,YYxYxxyxxyxYXYXyx,1,59665,1000,17
ac19_37793,YXYXyx,YYXyXXyyxxYxx,2,59712 92462,1000,16
ac19_37844,YXXyx,YYYYXyyyXyXXyXX,2,59808 120669,1000,18
ac19_37847,YXyXXyx,YYxyXyxxyXXYX,1,59814,1000,17
ac19_37857,YXYXyx,YYxYxxYXyxyXyXX,1,59831,1000,16
ac19_37865,YXYXyx,YYYYxxYXXyXXX,2,59852 78972,1000,17
ac19_37948,YXYXyx,YYXyXXYXXXXYYxx,2,60011 129143,1000,18
ac19_38049,YXXyx,YYYYYXyxyXyyXX,3,60215 105266 107810,1000,16
ac19_38074,YXYXyx,YYxYYxYXyxyXyXX,2,60261 132193,1000,17
ac19_38141,YXYXyx,YYYYxYXyXyXXX,1,60404,1000,18
ac19_38221,YXYXyx,YYYXyxyXyXXYYxx,2,60588 118859,1000,17
ac19_38222,YYXXYxYXX,YYXXYxyXyyxxYX,1,60595,1000,18
ac19_38237,YXYXyx,YYYXyyXXXXYYxyx,1,60625,1000,17
ac19_38245,YXXyx,YYYXyyxyxxxyxYYx,2,60638 80135,1000,18
ac19_38288,YXYXyx,YYYYxYxyyXXyX,2,60715 109371,1000,17
ac19_38297,YXXyx,YYYXyXyyxyxxYYx,2,60730 126463,1000,16
ac19_38319,YXXyx,YYXYXYYxyyXyyXX,2,60784 95301,1000,16
ac19_38351,YXXyx,YYYYXyxyyXyyXXX,2,60848 77190,1000,17
ac19_38378,YXXyx,YYYYYYXyxyyXyyX,2,60903 70127,1000,17
ac19_38421,YXXyx,YYYXYxyXyyxyxxyx,1,60992,1000,16
ac19_38422,YXXyx,YYYYXyyXyxyXyXX,1,60993,1000,16
ac19_38426,YXYXyx,YYXYxxYxyyXXXYXyX,1,61004,1000,17
ac19_38444,YXYXyx,YYYYYxyyXXXYXyX,1,61033,1000,18
ac19_38453,YXYXyx,YYYxYxxyXyXXX,2,61049 80641,1000,17
ac19_38455,YXyXXyx,YYxxxYXYXyxyxxx,1,61051,1000,18
ac19_38481,YXXyx,YYYYXyyxyyxxYx,1,61119,1000,17
ac19_38490,YXyXXXyx,YYxyxxyXXYx,1,61142,1000,17
ac19_38535,YXXyx,YYYYXyyxyyXXYX,3,61241 102459 104067,1000,16
ac19_38605,YXXYxxyx,YYxxxxxyXXXYx,1,61384,1000,19
ac19_38616,YXYXyx,YYXYYXyyXyyxxxx,1,61403,1000,18
ac19_38637,YXYXyx,YYYxyXYXyyXyyxx,1,61438,1000,16
ac19_38642,YXYXyx,YYXyXXXXXYxxx,2,61456 116599,1000,15
ac19_38650,YXYXyx,YYYYXyyxyyXyxxx,1,61471,1000,17
ac19_38656,YXYXyx,YYYXXXXXyxyyxYx,1,61487,1000,17
ac19_38672,YXXyx,YYYYYXyxyyyxxx,2,61521 126701,1000,17
ac19_38683,YXXyx,YYXyxxyyXyXXXXYX,2,61541 133271,1000,17
ac19_38704,YXXyx,YYYYXyyxyyXyyXYX,1,61582,1000,18
ac19_38738,YXyXXyx,YYXXXyXYxyxYxyxyx,1,61647,1000,17
ac19_38740,YXXyx,YYYYYXyyyxxxxxyx,2,61652 114038,1000,17
ac19_38764,YXYXyx,YYYXXXXyxyXyxxx,2,61706 144238,1000,17
ac19_38872,YXYXyx,YYYYxYXyyyyXX,2,61911 142299,1000,18
ac19_38876,YXYXyx,YYxYXyXYXyXyyxx,1,61924,1000,17
ac19_38904,YXXXYxx,YYXyXyxyx,1,61988,1000,15
ac19_38948,YXXyXYx,YYXXyxYXXXyxxyx,1,62091,1000,19
ac19_38982,YXXyx,YYXYXYxYXyyXyyXX,2,62153 142230,1000,16
ac19_39060,YXYXyx,YYYYXYYXXyXXX,1,62338,1000,15
ac19_39064,YXYXyx,YYXXXXXXYYxYxyx,1,62346,1000,17
ac19_39071,YXXyx,YYYXyXyxyXyyXXYX,2,62365 78709,1000,16
ac19_39128,YXyXXXyx,YYYxyyXYxyXXXyXyX,1,62499,1000,18
ac19_39142,YXXyx,YYXYYxyxyxyyXyXXX,1,62532,1000,17
ac19_39153,YXYXyx,YYYXyXyXXXYYx,2,62553 113524,1000,17
ac19_39175,YXYXyx,YYYXyXXXXXYYxyx,1,62601,1000,17
ac19_39192,YYXXXyX,YYXYxyXXyXXX,1,62628,1000,16
ac19_39288,YYXXXYx,YYxyxyXyXyx,1,62834,1000,17
ac19_39316,YXYXyx,YYYXyyXXXXYxx,2,62883 83242,1000,17
ac19_39317,YXYXyx,YYYYXYYxxyyyXXX,2,62886 91531,1000,19
ac19_39318,YXYXyx,YYXyXXXXYxYYx,1,62887,1000,17
ac19_39344,YXXyXYx,YYXXXyxyxxx,1,62956,1000,17
ac19_39370,YXXyx,YYXYYxyXyyXXXXX,1,63012,1000,17
ac19_39417,YXYXyx,YYXyXXyXXYYxx,2,63116 108670,1000,17
ac19_39478,YXYXyx,YYXXXyXyyxxYx,2,63222 113440,1000,16
ac19_39574,YXyXXyx,YYXYxxYXyxxyyx,2,63422 117967,1000,17
ac19_39594,YXXYxxyx,YXyxYXyxxYx,2,63459 132811,1000,17
ac19_39608,YXYXyx,YYXXXyXXyxYxxYxyx,1,63480,1000,17
ac19_39667,YXXyx,YYYXYXyyyxxyxyxx,1,63603,1000,17
ac19_39746,YXYXyx,YYYYYYXyxyXyXXX,1,63774,1000,18
ac19_39756,YXXyx,YYYYXyxyyyxyxxx,1,63786,1000,17
ac19_39824,YXYXyx,YYYYxxyyXXXYX,2,63950 107383,1000,18
ac19_39875,YXXyx,YYYXYYYxyXyyyXyX,2,64055 129660,1000,17
ac19_39895,YXYXyx,YYYYXyxyXyXXXYx,2,64099 142251,1000,17
ac19_39948,YXXyx,YYYYXyyyyxYxxxxx,2,64223 110168,1000,17
ac19_39961,YXXyx,YYYYYXXYxyyyxyyx,2,64244 104339,1000,16
ac19_39981,YXyXXyx,YYYYxyyxxYXyXYxyx,2,64293 134133,1000,17
ac19_39999,YXYXyx,YYYYxYxyXyXXX,2,64328 150339,1000,17
ac19_40034,YXXyx,YYYYYXyyyyyXYX,2,64420 80214,1000,17
ac19_40035,YXXyx,YYYYXyyxyxyxxyxx,1,64427,1000,18
ac19_40039,YXYXyx,YYYYxYYXyXXyX,1,64432,1000,17
ac19_40048,YXYXyx,YYYxYXyyXXXYx,2,64450 140254,1000,17
ac19_40102,YXXyx,YYXYYXyyxyyxxYxx,1,64570,1000,18
ac19_40131,YYXXyXyxx,YYXXXyyXyx,1,64642,1000,16
ac19_40132,YXYXyx,YYYYxYxyXXXYXyX,1,64648,1000,17
ac19_40167,YXYxYXXYx,YYXXYXYxxyyXYx,1,64708,1000,18
ac19_40183,YXXyx,YYYYXyyXyXyXYX,3,64739 139849 140098,1000,16
ac19_40192,YXYXyx,YYYXyXXyyyxxx,2,64756 110136,1000,17
ac19_40211,YXXyx,YYXYYXyXyXyXXXX,2,64803 125324,1000,17
ac19_40218,YXXyx,YYYXXYXyyyXyyXX,2,64814 135726,1000,16
ac19_40221,YXYXyx,YYXyXyyXXYYxx,2,64818 79365,1000,17
ac19_40227,YXYXyx,YYXYxyXyXXyyxxx,2,64833 86839,1000,16
ac19_40233,YXXyx,YYYYXyXyxyyxyxx,2,64847 74340,1000,17
ac19_40240,YXYXyx,YYYxyXXyXyyxx,2,64862 78491,1000,17
ac19_40287,YXYXyx,YYXyXyXXYxYYxyx,1,64979,1000,16
ac19_40316,YXXyx,YYYYXXXyyxyyyxxx,2,65066 117022,1000,18
ac19_40317,YXXyx,YYYXXYxyxyyxxxxx,2,65068 147975,1000,16
ac19_40407,YXYXyx,YYYXyxyyXXyyxxx,1,65273,1000,17
ac19_40454,YXXyx,YYYXYxyXyyXXXXX,2,65394 144901,1000,17
ac19_40594,YXXyx,YYYYYXyyXyxyXXX,2,65684 67402,1000,18
ac19_40660,YXYXyx,YYXYxxyXXyXXyxxYx,1,65832,1000,17
ac19_40670,YXYXyx,YYXXyXyXXYYxxyx,1,65861,1000,17
ac19_40698,YXYXyx,YYYYxYYXyXyXX,1,65917,1000,17
ac19_40714,YXXyx,YYYXYYXyxxyyyXXX,2,65952 71311,1000,17
ac19_40715,YXYXyx,YYXXYYxYYxyXyyX,1,65953,1000,17
ac19_40717,YXXyx,YYYYYXyxxyyyXXX,2,65955 137146,1000,17
ac19_40719,YXYXyx,YYYxYxyyxyXXXyX,1,65963,1000,16
ac19_40722,YXYXyx,YYYXyXXyxyyxxYx,2,65967 150602,1000,17
ac19_40740,YXXyx,YYYXYYXyxyyXyXX,2,65999 68895,1000,17
ac19_40784,YXYXyx,YYYxxYXyxyyXyXX,1,66097,1000,17
ac19_40894,YXXyx,YYYXYYXyyyXXyX,1,66343,1000,16
ac19_40934,YXXyx,YYYYYXYXyxyyXyXyX,1,66436,1000,18
ac19_40942,YXYXyx,YYYxYxyXyyXXX,2,66452 97021,1000,18
ac19_41012,YXXyx,YYYXyyXXyyXXXX,1,66634,1000,17
ac19_41019,YXYXyx,YYYxYYXyxyXyXXX,2,66646 114441,1000,17
ac19_41020,YXyXXXyx,YYxyxyXXYxyXX,1,66647,1000,17
ac19_41107,YXYXyx,YYXyXyXyxxxxxYX,1,66849,1000,16
ac19_41240,YXYXyx,YYYYYYXyxyyXXXX,1,67150,1000,18
ac19_41299,YXYXyx,YYYYxYXyxyyXXyX,1,67302,1000,16
ac19_41354,YXXyx,YYYXYXyyyxxxxx,2,67423 68381,1000,16
ac19_41377,YXYXyx,YYXyxyXXXXYYxYx,1,67466,1000,17
ac19_41387,YXyXXyx,YYXYxyyxxYx,2,67485 79169,1000,16
ac19_41430,YXYXyx,YYYYxYYXyyyXX,1,67579,1000,17
ac19_41453,YXYXyx,YYYXyyXXyyxxx,2,67641 141227,1000,16
ac19_41455,YXYXyx,YYYYxyyXXyyxx,1,67644,1000,16
ac19_41501,YXYXyx,YYYXyXyXXYYYx,1,67731,1000,18
ac19_41540,YXXyx,YYYYXyxyxyxyxxYx,1,67830,1000,18
ac19_41610,YXXXYxx,YYxyXXYXyx,1,68018,1000,15
ac19_41634,YXXyx,YYXYXyyXyXXXXXYX,2,68092 105224,1000,17
ac19_41664,YXYXyx,YYXyXyXyxxxxx,2,68164 133432,1000,17
ac19_41685,YXyXXyx,YYYxYXyyxxx,1,68215,1000,17
ac19_41691,YXXyx,YYYYYXyxyyXyyxYx,1,68228,1000,18
ac19_41704,YXYXyx,YYXyyXXXYXYYx,2,68250 107224,1000,16
ac19_41705,YXYXyx,YYYYxxYXyxyyyXX,1,68251,1000,17
ac19_41706,YXXyx,YYYYXyXyxyXXXXX,2,68254 72363,1000,16
ac19_41755,YXXyx,YYXYYxYxyyXyyXXX,2,68354 150192,1000,17
ac19_41781,YXYXyx,YYYXyXyXXXYxx,2,68421 90714,1000,15
ac19_41812,YXXyx,YYXYYxyyXyxyyxxx,2,68508 133939,1000,17
ac19_41820,YXYXyx,YYYXXXXXyyxxx,2,68525 82724,1000,17
ac19_41826,YXXyx,YYXYYXyyxxyyXXYX,2,68539 140617,1000,16
ac19_41828,YXyXXyx,YYYxxyxyxYx,1,68543,1000,17
ac19_41832,YXXyx,YYYXYYxyyXyyXXX,2,68548 141873,1000,17
ac19_41906,YXYXyx,YYXyXXXXYxYxx,1,68751,1000,17
ac19_41966,YXXyx,YYYYXXXyyyxxxxx,2,68870 71220,1000,16
ac19_41986,YXXyx,YYXYXYYXyyXyxyXXX,2,68917 85438,1000,17
ac19_42002,YXYXyx,YYYYXXXXyXXYx,2,68949 130098,1000,16
ac19_42015,YXXyx,YYYYYYXXXyXyXyXyyX,1,68978,1000,17
ac19_42016,YXYXyx,YYYXYYxxYXyXyXX,1,68980,1000,18
ac19_42054,YXYXyx,YYYXXyXXyyxxx,2,69062 95976,1000,17
ac19_42068,YXYXyx,YYXYxxyXXXyXXYx,1,69099,1000,16
ac19_42092,YXYXyx,YYYYYxxyyyXXX,2,69145 90436,1000,17
ac19_42128,YXXyx,YYYXXXyXyyXyyXXYX,2,69217 126942,1000,17
ac19_42279,YXYXyx,YYXyxyXyXXYYxYx,2,69533 95712,1000,16
ac19_42288,YXYXyx,YYYxxxYXXyyXX,2,69555 99986,1000,18
ac19_42292,YXXyx,YYYYYXXXyyXyyxxx,2,69571 153429,1000,17
ac19_42329,YXYXyx,YYYxYxyxYXyyyXX,1,69666,1000,18
ac19_42348,YXYXyx,YYXyXYXXXXyXYxxYxyx,1,69701,1000,17
ac19_42353,YXYXyx,YYYYYYXyyXXyX,1,69716,1000,17
ac19_42387,YXXyx,YYYXXYxyyxyyxyxxx,1,69796,1000,17
ac19_42390,YXXyx,YYYXYYXyyXyXXXXyX,1,69799,1000,17
ac19_42429,YXYXyx,YYYYxxyyXXXYYXX,1,69897,1000,17
ac19_42477,YXXyx,YYYYYXyXyyxyxx,1,70010,1000,16
ac19_42480,YXYXyx,YYYYXyXyyyyxx,2,70014 134064,1000,17
ac19_42501,YXYXyx,YYXXXXyXXYYxxyx,1,70060,1000,16
ac19_42540,YXXyx,YYYXYxyXyxyyxyxx,1,70143,1000,18
ac19_42555,YXXyx,YYXYYXyyXyXyXXYX,1,70175,1000,17
ac19_42634,YXXyx,YYYYXXXyyxyyxyxx,1,70351,1000,18
ac19_42669,YXXyx,YYYXyXyxyXXXXXYX,2,70421 126775,1000,17
ac19_42678,YXYXyx,YYYXYxxxyXXXyXX,1,70439,1000,17
ac19_42732,YXXyx,YYYXyxyXyXXXXXYX,2,70567 146272,1000,17
ac19_42774,YXXyx,YYXYXyXyyXXXXYX,2,70662 83371,1000,16
ac19_42803,YXYXyx,YYXyXXXXXYxxyXYYx,1,70734,1000,17
ac19_42818,YXyXXyx,YYXXyXXXXyxyxyx,2,70765 90555,1000,17
ac19_42832,YXYXyx,YYYYxxxyyXXXX,1,70785,1000,17
ac19_42879,YXYXyx,YYYYXyXXXXYYxyx,1,70906,1000,17
ac19_42907,YXYXyx,YYXyXXXyyxxxx,2,70966 82986,1000,16
ac19_42918,YXYXyx,YYYYYYxyyXyXX,1,70990,1000,18
ac19_42942,YXYXyx,YYYXyXXyyxxYx,2,71063 76376,1000,17
ac19_42972,YYXXXyxYx,YYxyXYXyx,3,71139 85059 105167,1000,16
ac19_42982,YXYXyx,YYYxYxyyxyXXyXX,1,71178,1000,17
ac19_43010,YXyXXXyx,YYXyXYXXyXyxYxyyX,1,71254,1000,17
ac19_43091,YXXyx,YYXYYxyXyxyxxxxx,2,71445 101505,1000,17
ac19_43115,YXyXXXyx,YYXyXYXyXXXXyyxyx,1,71484,1000,18
ac19_43183,YXyXXyx,YYXyXyxxxyxYXYXyx,1,71641,1000,17
ac19_43187,YXXyx,YYYXYXyxyyyxxxYx,2,71652 79285,1000,17
ac19_43189,YXYXyx,YYYXXXyXXXYYx,2,71661 107304,1000,18
ac19_43200,YXyXXXyx,YYYxyyXyX,1,71694,1000,17
ac19_43227,YXYXyx,YYXXyXXYXXXYYxx,1,71767,1000,17
ac19_43228,YXyXXyx,YYXXYxyXXyxYxyxyx,1,71771,1000,17
ac19_43241,YXXYxxyx,YYXXXyXyyxxyx,1,71816,1000,17
ac19_43247,YXXyx,YYYYXYXyyXyyXXX,2,71833 82231,1000,17
ac19_43254,YXXyx,YYYYXXXyyxyxyyxxx,2,71848 116109,1000,17
ac19_43300,YXYXyx,YYYXYYxYxyXyyXX,1,71956,1000,17
ac19_43338,YXXyx,YYYYXyXyyyXyxxxx,1,72037,1000,18
ac19_43407,YXXyx,YYXyyxyxxxxYxYx,2,72199 138553,1000,16
ac19_43458,YXXyx,YYYXyyxxyyXXXXYYX,1,72308,1000,17
ac19_43503,YXXyx,YYYYYXyxyyXyXX,4,72407 100902 111597 115101,1000,16
ac19_43521,YXXyx,YYXYxyXyXyXXXXXYX,2,72442 89257,1000,17
ac19_43528,YXYXyx,YYYXyyXyyxxxxyxyx,1,72454,1000,18
ac19_43555,YXYXyx,YYXyXXXyyxxYx,1,72522,1000,16
ac19_43560,YXXyx,YYYXYXyyxyyxxxyx,1,72534,1000,18
ac19_43563,YXYXyx,YYXyXXXYXYxYx,1,72547,1000,17
ac19_43570,YXYXyx,YYYYxyxYxyXXyXX,1,72561,1000,18
ac19_43606,YXXyx,YYYXXYYXyxyyxyxx,1,72644,1000,17
ac19_43611,YYXXXYx,YYxYxYXYXXXX,1,72661,1000,17
ac19_43618,YXYXyx,YYYYYYxyXXyyX,1,72677,1000,16
ac19_43620,YXYXyx,YYYxyXXXyXyxYxx,2,72680 154000,1000,17
ac19_43629,YXYXyx,YYYYYxyyxyyXXXX,1,72697,1000,17
ac19_43643,YXXyx,YYYYXYxyyyxyXyyX,1,72729,1000,17
ac19_43713,YXYXyx,YYXXyxyXXXYYxYx,2,72891 106334,1000,17
ac19_43741,YXYXyx,YYYXyXyXXYYYxyx,1,72951,1000,17
ac19_43752,YXXyXYx,YYXXXyxxyxx,2,72973 137582,1000,17
ac19_43761,YYXXXXyxxx,YYXyXXXYxYx,1,72997,1000,16
ac19_43768,YXyXXXXyx,YYXyyxYXyxx,2,73017 117530,1000,16
ac19_43777,YXXyx,YYYYYXyyxyyyXyX,1,73036,1000,17
ac19_43792,YXXXyxYxx,YYXYxxxYXXX,1,73066,1000,17
ac19_43793,YXyXXXyx,YYXXyXYXyxxYxxyyx,1,73071,1000,17
ac19_43818,YXYXyx,YYYYYYXyxyXXXXX,1,73140,1000,19
ac19_43888,YXyXXXyx,YYYxxyXXXyyxx,1,73291,1000,17
ac19_43907,YXXyx,YYYXyxyyXXXXXXYX,2,73333 153899,1000,18
ac19_43910,YXYXyx,YYXXyXYxxxxYxyXXyXX,1,73338,1000,18
ac19_43931,YXyXXyx,YYxxxyxxxYX,2,73378 89352,1000,15
ac19_43932,YXyXXXyx,YYXyxYxYXyxYxyxyx,1,73381,1000,17
ac19_44031,YXYXyx,YYYYYXyXXXXYXYxyX,2,73618 151082,1000,17
ac19_44036,YXXyx,YYYYXyXyXyxyXyXX,2,73624 93770,1000,16
ac19_44080,YXYXyx,YYYYYYXXyXXXX,1,73731,1000,17
ac19_44088,YXYXyx,YYXyyXXXXYYxx,2,73742 112657,1000,18
ac19_44104,YXXyx,YYXYxyyXyXXXXYX,2,73789 133310,1000,16
ac19_44135,YXYXyx,YYYYxYxyXXyXX,1,73861,1000,17
ac19_44158,YYXXXyX,YXyxxxxYXXXyx,1,73915,1000,15
ac19_44159,YXYXyx,YYYxxYxyXXXyX,2,73916 89753,1000,17
ac19_44237,YXXyx,YYYYYXXXyXyyyXX,2,74111 118747,1000,16
ac19_44284,YXYXyx,YYYYXYYxyxxyXyXXX,1,74225,1000,18
ac19_44288,YXYXyx,YYYYxYXXyyXXX,1,74234,1000,17
ac19_44312,YXYXyx,YYYxyXyyXyyxx,2,74297 155190,1000,16
ac19_44407,YXYXyx,YYYYXyXyxyXyxxx,1,74520,1000,17
ac19_44410,YXXyx,YYYXYYxYXyyxyyyx,1,74523,1000,14
ac19_44446,YXYXyx,YYYYYXyxyXXXXYx,2,74616 125473,1000,17
ac19_44503,YXYXyx,YYYYYXyxyXXyyxx,1,74731,1000,16
ac19_44506,YXXyx,YYYYYXyyyyyxYx,3,74736 90952 114833,1000,18
ac19_44509,YXXyx,YYXYYXyyXyXXXX,2,74742 104040,1000,17
ac19_44514,YXXyx,YYYXyXyxyXyXXXXX,1,74759,1000,18
ac19_44546,YXXyx,YYYYYXyxxyyyyXYX,1,74831,1000,17
ac19_44553,YXyXXyx,YYYXXyxxyyx,2,74846 144529,1000,17
ac19_44702,YXXyx,YYYYXyyXXXyXXX,2,75231 81812,1000,17
ac19_44717,YXXyx,YYYYYXyyyyxyXYXX,1,75267,1000,17
ac19_44739,YXYXyx,YYYYYxyXXyXyX,1,75324,1000,16
ac19_44791,YXXyx,YYYYXYxYXyxyyXyyyXYx,1,75429,1000,17
ac19_44797,YXXyx,YYYYXyXXyyyxxYx,2,75446 99975,1000,16
ac19_44908,YXYXyx,YYYYxYxyyXXXX,2,75705 127929,1000,17
ac19_44936,YXXyx,YYYYXyyXyyxYxxx,3,75771 93552 105558,1000,16
ac19_44938,YXyXXXyx,YYxyxxyXXYXyX,1,75773,1000,18
ac19_44949,YXXyx,YYYYYXyXyyXyXYxyXX,1,75809,1000,18
ac19_44998,YXXyx,YYYYXYYxyXyyxyyx,2,75916 95253,1000,18
ac19_45011,YXXyx,YYYYYXyyyXXyXX,1,75945,1000,17
ac19_45016,YXYXyx,YYYYxxYXyxyXyXX,1,75959,1000,17
ac19_45056,YXYXyXXYXyX,YYYXyXXYXYXyXyyx,1,76081,1000,18
ac19_45066,YXYXyx,YYXXyyXXYYxxx,1,76107,1000,16
ac19_45071,YXYXyx,YYYYYXXyXXXYxYX,1,76120,1000,17
ac19_45107,YXYXyx,YYYYxxyXXXXYYXX,1,76206,1000,17
ac19_45112,YXXyx,YYYYYXyyxyxyxYXyxx,1,76220,1000,18
ac19_45137,YXYXyx,YYYXYxyyXyyyxxx,2,76264 111943,1000,17
ac19_45149,YXXyx,YYYXyyyxxxxyxYYx,1,76286,1000,17
ac19_45163,YXYXyx,YYYxYYxyXXyXX,1,76325,1000,18
ac19_45185,YXYXyx,YYXXyXXXYXYYx,2,76384 85421,1000,17
ac19_45203,YXYXyx,YYXyXXXXYYxxx,1,76422,1000,18
ac19_45211,YXXyx,YYXYYxYxyyXyyXX,1,76439,1000,17
ac19_45285,YXYXyx,YYYXyyyXXYYxx,1,76603,1000,17
ac19_45296,YXXyx,YYYYXyxyyyXyyxYx,2,76623 86982,1000,17
ac19_45301,YXYXyx,YYXXyXXyxxxxx,2,76639 108266,1000,16
ac19_45389,YXXYx,YYYXyyyXYxyxyx,1,76858,1000,14
ac19_45449,YXyXXyx,YYYxxxYxyxyxYX,2,77023 154599,1000,17
ac19_45462,YXXyx,YYYYYXYxyyyXyXyX,1,77053,1000,18
ac19_45473,YXYXYx,YYYXyyyXyxYXXYYxYYx,1,77081,1000,15
ac19_45521,YXXyx,YYYXYYXyyXyyXXX,2,77203 148188,1000,18
ac19_45522,YXYXyx,YYYxxxYXyxyXXyX,1,77204,1000,16
ac19_45576,YXYXyx,YYxYXyXyyxyxx,2,77341 107094,1000,16
ac19_45578,YXXyx,YYYYXYXyyxyyXXX,2,77343 155141,1000,18
ac19_45592,YXYXyx,YYXyXXyyxxxYx,2,77371 115789,1000,18
ac19_45631,YXyXXyx,YYYxYxyyxxx,2,77453 105365,1000,17
ac19_45636,YXXyx,YYYXyyXyyxxxxxx,2,77465 89267,1000,17
ac19_45645,YXXyx,YYYYXYYxyXyxyXyyyXYx,1,77486,1000,17
ac19_45646,YXXyx,YYYYXYxyXyyyXXX,1,77489,1000,18
ac19_45662,YXXyx,YYYYXyXyyxyyxxx,2,77539 79566,1000,17
ac19_45674,YXYXyx,YYYYxYYXyXXXYxyyX,1,77573,1000,17
ac19_45684,YYXXYXYYXXX,YYXYYXyXYYXXXyx,1,77594,1000,18
ac19_45687,YXYXyx,YYYxxYXyxyyXyyXYx,2,77599 86122,1000,17
ac19_45692,YXXyx,YYYXYXyxxyyyXyyXYX,1,77611,1000,17
ac19_45731,YXyXXXyx,YYYXyxyyx,1,77700,1000,17
ac19_45769,YXXyXYxxx,YYXXyxYYXXyxx,1,77776,1000,19
ac19_45786,YXXyx,YYYYYXyyxyyXyyX,1,77818,1000,16
ac19_45795,YXXyx,YYYYYXYxyyyXyyyxyX,1,77842,1000,17
ac19_45799,YXYXyx,YYXYYxYYXyXXX,1,77855,1000,17
ac19_45823,YXYXyx,YYYxxYxyXyyXX,2,77922 85679,1000,18
ac19_45881,YXyXXyx,YYxxyXyXYxyxyXYXX,1,78069,1000,17
ac19_45914,YXXyx,YYYYXXXyyXyyyxxx,2,78157 117714,1000,17
ac19_45921,YXYXyx,YYYXXXXyyxxYxyx,2,78169 81708,1000,17
ac19_45950,YXYXyx,YYYXyxyXXYXXXXYYx,1,78228,1000,18
ac19_45969,YXYXyx,YYxYxyXYXyXyyxx,2,78269 149564,1000,17
ac19_46081,YXYXyx,YYYXyXXYXXXXYYx,2,78541 152602,1000,17
ac19_46195,YXyXXXyx,YYxyxyXYxyXXX,1,78806,1000,17
ac19_46205,YXXyx,YYXYYXyyxyyXXXYX,1,78841,1000,17
ac19_46206,YXYXyx,YYYXYYxxYXyxyXyXX,1,78845,1000,17
ac19_46207,YXXyx,YYYYYXyyyyXyyX,1,78849,1000,17
ac19_46212,YXXyx,YYYXyyyXXyXYYX,1,78869,1000,17
ac19_46248,YYXXYxyxx,YYYXXyxxYx,1,78955,1000,19
ac19_46249,YXXyx,YYXYYXyXyxyXXXXX,2,78956 147033,1000,17
ac19_46284,YXYXyx,YYYYYxyXyXyXX,2,79034 128192,1000,17
ac19_46290,YXYXyx,YYXYxyXXyyXyyxYYx,1,79045,1000,17
ac19_46298,YXXyx,YYYXyyXXyXyXXXX,1,79069,1000,18
ac19_46342,YXYXyx,YYYxYYXyxyXyyXX,2,79185 109229,1000,16
ac19_46348,YXYXyx,YYYXYxyyXXyyyxx,1,79198,1000,17
ac19_46349,YXYXyx,YYXyyXyyxYxxxYX,1,79199,1000,17
ac19_46357,YXXyx,YYYXYxyxyyxyxxYx,1,79225,1000,17
ac19_46368,YXXyx,YYYXyyXyXyXXYYxx,1,79251,1000,16
ac19_46400,YXYXyx,YYYYxyxYYXyXyXX,1,79322,1000,18
ac19_46471,YXyXXyx,YYYxyxxyxYYxxx,1,79522,1000,17
ac19_46522,YXYXyx,YYYXyXXXXYxYx,1,79665,1000,16
ac19_46588,YXXyx,YYYYXyyXyyxxxxyx,1,79860,1000,17
ac19_46590,YXyXXyx,YYxxYXXXyxyxyXX,1,79874,1000,17
ac19_46610,YXYXyx,YYYYYxYXyXyXX,1,79929,1000,18
ac19_46676,YXXyx,YYYYXYXYxyXyXyyXyX,1,80087,1000,18
ac19_46680,YXXyx,YYYYYYXyxxyyyyx,1,80096,1000,16
ac19_46690,YXXyx,YYYYXXXyXyyXyXyX,1,80119,1000,15
ac19_46695,YXXyx,YYYXYxYXyyxyyXXXX,1,80127,1000,18
ac19_46699,YXyXXXyx,YYXyXXYxxyxyx,2,80133 140916,1000,16
ac19_46701,YXyXXyx,YYYXyXXXyyxxx,1,80136,1000,16
ac19_46721,YXXyx,YYYXYYYXyyXyyXyX,2,80189 98101,1000,17
ac19_46732,YXXyx,YYYYXyyxyyxxxyx,1,80213,1000,17
ac19_46790,YXYXyx,YYXYxyyXyXXXYxx,1,80368,1000,16
ac19_46800,YXXyx,YYXYXyXyyXyyXXYX,2,80385 88296,1000,17
ac19_46820,YXXyx,YYYXXYYxyyxyxyxx,1,80440,1000,16
ac19_46836,YXyXXyx,YYxYXyxYxyxyxYX,2,80481 87867,1000,17
ac19_46850,YYXXyx,YYXyyXXYXYXYx,1,80514,1000,15
ac19_46871,YXXyx,YYYYXXYxYxyyXyyXyX,1,80573,1000,17
ac19_46881,YXYXyx,YYYYXyXXXXXYxYX,2,80593 123046,1000,17
ac19_46918,YXYXyx,YYXXXXyyxxYxx,2,80688 132503,1000,16
ac19_46919,YXYXyx,YYYYYYXyXXXYYXX,1,80690,1000,17
ac19_46934,YXYXyx,YYYYYYXYYXXyXXX,2,80734 116393,1000,19
ac19_46935,YXXyx,YYYYYXyXyXyyxxxx,1,80737,1000,18
ac19_46941,YXXyx,YYYYYXyxyxyyxx,2,80754 83782,1000,16
ac19_46985,YXXyx,YYXYxYXyyXyXXXXX,1,80877,1000,18
ac19_46998,YXYXyx,YYYXXXyXyxxxxyx,1,80907,1000,17
ac19_47020,YXXXyxYxx,YYYxxYYXXX,1,80972,1000,17
ac19_47021,YXyXXyx,YYxxyXyxxyxYXYXyX,1,80974,1000,18
ac19_47065,YXYXyx,YYxYYxyxYXyXyXX,2,81083 92052,1000,17
ac19_47069,YXYXyx,YYYYxYXyXXXYYXX,1,81098,1000,17
ac19_47087,YXYXyx,YYYYXXyXXXXYxYX,2,81140 120653,1000,18
ac19_47103,YXXyx,YYYXyyXyXyxxxxYYx,1,81169,1000,17
ac19_47117,YXYXyx,YYYYxxyXXXXYX,1,81205,1000,17
ac19_47152,YXYXyx,YYXYYxxyyXXXX,2,81274 81559,1000,16
ac19_47255,YXYXyx,YYYYXyxyXyXXYYx,2,81514 149074,1000,17
ac19_47300,YXYXyx,YYYxxYxyXXyXX,2,81617 122413,1000,17
ac19_47318,YXYXyx,YYYXYxyyyXyXXYx,1,81678,1000,16
ac19_47363,YXyXXXyx,YYXyXyyXXYxyXYxyX,1,81775,1000,17
ac19_47419,YXYXyx,YYYYxYYXyyXXX,1,81893,1000,17
ac19_47444,YXXYxxyxx,YYXXyxyxYx,1,81950,1000,17
ac19_47475,YXXyx,YYYYXyxyyXyXyXX,2,82010 143797,1000,18
ac19_47524,YXXXyxx,YYXyxxxYxyX,4,82146 95821 111323 156127,1000,16
ac19_47570,YXYXyx,YYYYxyxYxyXyyXX,1,82261,1000,17
ac19_47605,YXXYxxyx,YYXyxYxYXyx,2,82339 131578,1000,19
ac19_47657,YXYXyx,YYYYYYXyXXXYXyX,2,82477 100210,1000,17
ac19_47694,YXXYxxyx,YYxYxxxyXXX,2,82563 153902,1000,17
ac19_47703,YXYXyx,YYXYxxyyXyXXXYx,1,82593,1000,17
ac19_47704,YXYXyx,YYXXyXyXXYYxx,2,82595 95364,1000,16
ac19_47753,YXXyx,YYYYXyXyXyyyxxxx,1,82728,1000,18
ac19_47760,YXYXyx,YYYYXXyyXyxxx,2,82752 102162,1000,16
ac19_47800,YXYXyx,YYYXXyXyyxxxx,2,82859 83828,1000,18
ac19_47806,YXYXyx,YYYXYxyyXyXXYYx,1,82867,1000,17
ac19_47807,YXyXXXyx,YYXyXYXyxYxxyyX,1,82871,1000,17
ac19_47820,YXYXyx,YYXYxxYYXyyXyXX,1,82904,1000,17
ac19_47831,YXXyx,YYYYXYxyXyxyxyxx,2,82936 109250,1000,17
ac19_47872,YXXyx,YYYYYXyxyXyyyXyX,1,83036,1000,18
ac19_47879,YXXyx,YYYYXyyXXyXXXX,1,83058,1000,17
ac19_47927,YXXyx,YYYYYXyyyXyxxx,1,83216,1000,17
ac19_47932,YXYXyx,YYYYXYYxxyXyXXX,1,83227,1000,18
ac19_47946,YXXyx,YYYYXyXyxyXyXyXX,2,83268 121592,1000,18
ac19_47953,YXYXyx,YYYXXyyyxyxxx,2,83286 96035,1000,16
ac19_47964,YXYXyx,YYXXXyXXyxYxxxxyx,1,83309,1000,17
ac19_48002,YXYXyx,YYXyXYxxxYxyXXyXX,1,83392,1000,17
ac19_48098,YXYXyx,YYXYxxxyyXyXXYx,1,83636,1000,16
ac19_48129,YXYXyx,YYYYYxyXyxyXXXX,1,83730,1000,17
ac19_48222,YXYXyx,YYXYYXyyXyyxxYx,1,84014,1000,17
ac19_48235,YXXyx,YYYYXYXYxyyXyyXyX,1,84056,1000,18
ac19_48263,YXYXyx,YYYXXXXXXYYxxyx,2,84136 152243,1000,16
ac19_48321,YXYXyx,YYYxYYxyyXyXX,2,84288 154056,1000,17
ac19_48342,YXXyx,YYYYXYxxYXyyyXyyyXYx,1,84339,1000,17
ac19_48360,YXXyx,YYYYXYxyxyyyXXXX,1,84383,1000,18
ac19_48373,YXYXyx,YYYYYYXyyyXXX,1,84424,1000,17
ac19_48421,YXyXXyx,YYYxYxxyxxyXX,1,84555,1000,17
ac19_48425,YXYXyx,YYXXXyXXYYxYxyx,2,84563 86332,1000,16
ac19_48467,YXXyx,YYYYXXYxyyxyyxxx,2,84659 100549,1000,17
ac19_48484,YXYXyx,YYYXyXyXXYXYx,2,84714 141422,1000,16
ac19_48485,YXXyx,YYYYYXyXyxyxyyyx,1,84716,1000,17
ac19_48511,YXXyx,YYYYYXXXyyyxyxx,1,84773,1000,16
ac19_48518,YXYXyx,YYYXXyxyXXXXYYx,2,84792 89353,1000,18
ac19_48580,YXYXyx,YYYXyXXXXYYxx,1,84964,1000,17
ac19_48678,YXXXyxx,YYXXXXyXYXXyX,2,85218 105553,1000,16
ac19_48685,YXYXyx,YYYYYxyXyxyXXyX,1,85239,1000,16
ac19_48695,YXYXyx,YYYXYxyyyXXXXYx,1,85252,1000,17
ac19_48709,YXyXXyx,YYXXyXYXyyxyxx,1,85282,1000,18
ac19_48714,YXXyx,YYXYYXyyXyXXXyXYX,1,85294,1000,17
ac19_48720,YXXYxxyx,YYxxyXYxYYxxx,2,85308 102039,1000,19
ac19_48741,YXYXyx,YYYXXyXXXYYYx,2,85355 132296,1000,18
ac19_48773,YXXyx,YYYXYxyxyXyyxyxx,1,85422,1000,16
ac19_48787,YXYXyx,YYYYXYYxYXyyXXX,1,85452,1000,18
ac19_48870,YXXyx,YYYXyxyyXXXXXYX,2,85675 119612,1000,18
ac19_48881,YXXyx,YYYYYXyXyyxyxyyx,1,85717,1000,16
ac19_48885,YXYXyx,YYYXyXXyXYYYxyx,1,85722,1000,16
ac19_48895,YXXyx,YYYXYYxyXyyyXX,1,85739,1000,16
ac19_48911,YXYXyx,YYYYYXyXXXXYxyXYX,2,85765 153760,1000,17
ac19_48924,YXXyx,YYYYXyyxyXyXyXX,1,85790,1000,18
ac19_48964,YXXyx,YYYYXyXyyyxYxxx,2,85882 135366,1000,16
ac19_48990,YXyXXXyX,YYYXXXyxyyx,1,85945,1000,17
ac19_49042,YXyXXyx,YYxyxYxyxyXXYXXyX,1,86068,1000,19
ac19_49065,YXYXyx,YYXYYxYXXXyXX,1,86129,1000,15
ac19_49095,YYXXXYx,YYXyxYXYXyx,1,86209,1000,17
ac19_49170,YXXyx,YYYXYXyyXyXXXX,2,86406 152405,1000,16
ac19_49196,YXYXyx,YYYXyxyXXyyxxYx,1,86475,1000,16
ac19_49255,YYXXYxYxyX,YXyxYXyxYXXYx,1,86603,1000,17
ac19_49274,YXXyx,YYYXXYxyyXyyyxxxx,1,86641,1000,17
ac19_49279,YXXXyxx,YYXXyXYXyxxx,1,86654,1000,16
ac19_49285,YXYXyx,YYXXyyXyxyxxx,1,86671,1000,17
ac19_49347,YXXyx,YYYXYxyXyxyxyyxx,1,86851,1000,17
ac19_49380,YXYXyx,YYYXyXXXXXYxx,2,86932 121021,1000,16
ac19_49388,YXXyx,YYYXXYXyyXyyyXX,1,86944,1000,17
ac19_49389,YXXyx,YYYYXyxyxyxxxx,1,86947,1000,16
ac19_49392,YXYXyx,YYYXyXyyXXYYxyx,1,86954,1000,16
ac19_49405,YXXyx,YYYXYYYXyxyXyyXyX,2,86987 130011,1000,17
ac19_49471,YXYXyx,YYXXyXXyyxYxxyx,1,87139,1000,16
ac19_49565,YXXyx,YYYYXyXyxyyxyxxx,1,87386,1000,17
ac19_49601,YXXyx,YYXyxyXyXyXXXXYX,2,87462 92212,1000,16
ac19_49638,YXyXXyx,YYYXyyXXYXyxyxyx,2,87552 130163,1000,17
ac19_49652,YXYXyx,YYXyXyXyxxxYxYX,1,87591,1000,16
ac19_49656,YXYXyx,YYYXYxyXXXyXXYx,1,87603,1000,16
ac19_49660,YXXyx,YYYYXyxxyyyyXYYX,2,87611 136413,1000,16
ac19_49753,YXYXyx,YYYXYxyyXyXyyxx,1,87856,1000,17
ac19_49791,YXXyx,YYXYYxyyXyyXXYX,1,87972,1000,18
ac19_49844,YXXXyxx,YYXXyxYXyxxx,1,88134,1000,16
ac19_49872,YXyXXyx,YYYXyyXYXXyXyyxyx,2,88203 148972,1000,17
ac19_49930,YXXyx,YYYXYxYxyXyyXyXX,1,88354,1000,17
ac19_49958,YXXyx,YYYYXyyyyXXYX,3,88436 90967 134156,1000,18
ac19_49987,YXYXyx,YYYxyXXyXXYYX,1,88521,1000,15
ac19_50000,YXXyx,YYYYXyyyXyXXXyX,2,88557 125969,1000,17
ac19_50040,YXXyx,YYYXXXyyyxyxxYYx,2,88657 107823,1000,17
ac19_50044,YXYXyx,YYYYYxxyXXXYXyX,1,88668,1000,18
ac19_50050,YXXyx,YYYXYYXyyxyxxyxx,1,88682,1000,18
ac19_50052,YXyXXXyx,YYXyXYxYxyxYxyxyX,1,88689,1000,17
ac19_50078,YXYXyx,YYYXYxyXXyXXXYx,1,88761,1000,17
ac19_50147,YXXyx,YYYXXYxyyxyxyyxxx,2,88929 94169,1000,17
ac19_50173,YXXyx,YYYXYYYXyyyxxyyx,1,88988,1000,18
ac19_50175,YXYXyx,YYXYYXyyXyyxYxx,1,88994,1000,15
ac19_50207,YXXyx,YYYYXYYxyXyyyxyx,1,89080,1000,17
ac19_50224,YXYXyx,YYYYYXYxYXyyXXX,2,89119 154861,1000,19
ac19_50265,YXXyx,YYYYXyyyXyXXyX,2,89213 140465,1000,17
ac19_50282,YXXyx,YYYXYXyyyXyyyXYX,2,89242 132050,1000,17
ac19_50305,YXXyx,YYXYYxYYXyxyXyyXyX,1,89284,1000,17
ac19_50378,YXXyx,YYYXYYxyyyxxyxx,1,89439,1000,17
ac19_50379,YXYXyx,YYYYXyxyyXXXYYx,2,89440 117322,1000,18
ac19_50387,YXXyx,YYYXYXyyyxxyxxyx,1,89453,1000,16
ac19_50428,YXYXyx,YYYYxxyXXXXYxyXYX,1,89543,1000,18
ac19_50467,YXXyx,YYYYXYxyyyXyyXyX,2,89661 138116,1000,18
ac19_50535,YXXyx,YYYYXYxyyyyxyXXYxyyX,1,89839,1000,17
ac19_50558,YXYXyx,YYXyyxyXyXXYYxx,1,89898,1000,17
ac19_50610,YXYxxYXyxYXyx,YYxyXYxxYXyxYX,1,90026,1000,20
ac19_50664,YXXyx,YYYXYXyxyyxxxxx,2,90154 126440,1000,16
ac19_50721,YXYXyx,YYXXXXXyyxxYx,1,90285,1000,16
ac19_50751,YXYXyx,YYYYYxyyyXXXX,1,90360,1000,18
ac19_50761,YXYXyx,YYXyXXyyxxxxx,2,90390 142473,1000,18
ac19_50810,YXYXyx,YYYXXXyXXYYYxyx,2,90511 122676,1000,18
ac19_50827,YXXyx,YYYXYxyyxyxyxxYx,1,90556,1000,17
ac19_50884,YYYXXXyxx,YYXXYXYXYx,1,90701,1000,16
ac19_50885,YXYXyx,YYYxYXXyXXXYx,1,90709,1000,17
ac19_50891,YXYXyx,YYYXXyXXXXYYxyx,1,90719,1000,17
ac19_50950,YXXyx,YYYXYYxyyXyyxxx,2,90853 101513,1000,17
ac19_50952,YXYXyx,YYXyXyXXYYxYxyx,1,90857,1000,16
ac19_50954,YXYXyx,YYXXXXXyyxxYxyx,1,90861,1000,17
ac19_50987,YXXyx,YYYYXyyyXXXXX,2,90959 140437,1000,17
ac19_51020,YXXyx,YYYYXXXyXyyyxyxx,2,91059 153659,1000,17
ac19_51034,YYXXXXYX,YYYXYXyyX,1,91095,1000,17
ac19_51055,YXYXyx,YYYXXyXXXYYYxyx,2,91140 110102,1000,18
ac19_51109,YXYXyx,YYXXyXXXYYxxx,2,91280 146576,1000,16
ac19_51124,YXyXYXyxx,YYXXyxYXyXYxyx,2,91331 114131,1000,19
ac19_51148,YXYXyx,YYYXXyxyXXXYYYx,2,91401 113573,1000,17
ac19_51155,YXXyx,YYYYXYXyyxyyxxx,2,91417 96307,1000,18
ac19_51166,YXYXyx,YYYYYYYXyXyXX,1,91443,1000,17
ac19_51213,YXXyx,YYYYXyyyXyXyXX,3,91586 129389 138575,1000,17
ac19_51217,YXYXyx,YYYYxxyxYXXyXXX,2,91596 122307,1000,18
ac19_51224,YYXXXyxYX,YYXyxYXXyx,2,91608 104005,1000,16
ac19_51232,YXYXyx,YYYXyxyXXXXYYYx,1,91632,1000,18
ac19_51255,YYXXYYXXYx,YYXXYYxyxxyXX,2,91689 102071,1000,16
ac19_51305,YXXyx,YYYYYXyyxyXyXX,1,91854,1000,16
ac19_51337,YXXyx,YYYYXyyXyyxxyxx,1,91926,1000,17
ac19_51345,YXYXyx,YYYXXXyXyyxxxyx,2,91955 111861,1000,18
ac19_51360,YXXyx,YYYXXXyyXyyxxxxYYx,1,91997,1000,17
ac19_51385,YXXyx,YYYYXyXyyyXXXyX,1,92058,1000,17
ac19_51438,YXYXyx,YYYYYxyXXXXYXYxyX,1,92201,1000,17
ac19_51448,YXYXyx,YYYYYXYYxyyXXXX,1,92224,1000,18
ac19_51462,YXXXyxx,YYXyXYxyXYxyx,4,92258 99362 99795 133609,1000,20
ac19_51471,YXYXyx,YYYYXYxyXyXXXYx,1,92285,1000,17
ac19_51484,YXYXyx,YYYXyXXXYXYYx,1,92320,1000,16
ac19_51504,YXXyx,YYYYXYYXyXyxyXyXyX,2,92364 94001,1000,18
ac19_51512,YXYXyx,YYYYYxyXXXXYX,2,92386 103375,1000,18
ac19_51533,YXXyx,YYYXYxyyyXyyXXX,2,92442 119440,1000,17
ac19_51560,YXYXyx,YYYxxyyXXXYXX,2,92536 100437,1000,16
ac19_51570,YXXyx,YYXYYXyyxyyxxYx,2,92560 145072,1000,16
ac19_51662,YXYXyx,YYYYXXyyXXXYx,2,92802 96977,1000,17
ac19_51667,YXYXyx,YYYXXXXyXyxxYxx,1,92811,1000,18
ac19_51678,YXyXXXyx,YYYxyyXXyXYXyyX,1,92831,1000,17
ac19_51683,YXXyx,YYYYYXyyXyyXXX,1,92843,1000,17
ac19_51703,YXYXyx,YYYXyxyXyyXXYYx,2,92903 155702,1000,17
ac19_51705,YXyXXyx,YYYxxxYxxxyxyXYX,1,92906,1000,17
ac19_51719,YXXyx,YYYXyyyXyXXYXYX,1,92944,1000,17
ac19_51746,YXXyx,YYXYXyxyXyyXXXXX,1,93016,1000,18
ac19_51761,YXYXyx,YYXXXXyyxxxYx,2,93043 130928,1000,17
ac19_51775,YXYXyx,YYYXXyxyXXyyxxx,1,93071,1000,17
ac19_51779,YXXyx,YYYXyXXyyXyyXXYX,2,93080 127400,1000,17
ac19_51819,YXYXyx,YYYYYXyXXXXYX,2,93185 153591,1000,18
ac19_51832,YXXyx,YYYYYYXyyXyXXyyX,1,93212,1000,17
ac19_51911,YXYXyx,YYYYYxyXXyxyXXX,1,93426,1000,18
ac19_51978,YXXXyxx,YYXyyXXYYxyx,1,93615,1000,16
ac19_51991,YXYXyx,YYYxYxyxYXyXXyX,2,93669 95085,1000,17
ac19_52008,YXYXyx,YYYYxxyyXXXyX,1,93713,1000,17
ac19_52015,YXXyx,YYYYXXYXyxyyxyxx,1,93733,1000,16
ac19_52019,YXXyx,YYYYYXyXyyXyXXYxyX,1,93749,1000,17
ac19_52037,YXyXXXyx,YYXYxyXXXyxYxxyyx,1,93791,1000,17
ac19_52051,YXYXyx,YYYYxxYXyyXXX,2,93850 127368,1000,18
ac19_52060,YXYXyx,YYYYXYYYxyXXyXX,2,93886 127255,1000,18
ac19_52069,YXYXyx,YYYXYxyXXyyXyyxYx,1,93904,1000,18
ac19_52090,YXXyx,YYYYYXYXyxyXyXyXyX,1,93951,1000,18
ac19_52130,YXyXXyx,YYYXyyyXXXyyX,2,94076 128918,1000,17
ac19_52167,YXXyx,YYXyyxyXyxxxxxxYx,2,94170 102339,1000,18
ac19_52215,YXXyx,YYYXyyyXXXXXyXYYX,1,94271,1000,17
ac19_52217,YXYXyx,YYYYYXXXXXXYx,2,94277 126266,1000,18
ac19_52261,YXYXyx,YYYYxyxYXyXXyXX,2,94380 118151,1000,17
ac19_52267,YXYXyx,YYYYYxyXXyxyyXX,1,94395,1000,17
ac19_52306,YXyXXyx,YYxxxYxxyxyXXYX,1,94505,1000,17
ac19_52322,YXyXXXyx,YYXXXyxyXyX,1,94538,1000,17
ac19_52325,YXXyx,YYYYYXyxyyXyXyyX,1,94556,1000,18
ac19_52341,YXYXyx,YYYYxYYXXyXXX,2,94594 113821,1000,17
ac19_52378,YYXXyXyyx,YYxxyXXyX,2,94697 135695,1000,16
ac19_52390,YXYXyx,YYYYYxyyXXXyX,1,94725,1000,17
ac19_52410,YXXyx,YYYYXyXXyyxyyxxx,2,94791 133360,1000,18
ac19_52415,YXYXyx,YYYYYXYxxyXyXXX,2,94805 154395,1000,18
ac19_52419,YXYXyx,YYYXyXYXXXXXYYx,2,94809 150699,1000,18
ac19_52424,YXXyx,YYXyyXyXXXXXXYxYX,2,94815 154337,1000,17
ac19_52443,YXXyx,YYXYXyyXyyxxxYYx,2,94870 151810,1000,17
ac19_52453,YXXyx,YYYXYXyyXyyyxxx,2,94897 153136,1000,17
ac19_52516,YXXyx,YYYYYXyxyyXXyXX,1,95089,1000,18
ac19_52521,YXyXXyx,YYXXXyXyXYXyxyxyx,2,95103 116689,1000,17
ac19_52551,YXXyx,YYYYYYXyyXXyXyyX,1,95211,1000,18
ac19_52557,YXyXXXyx,YYXyXXYXyyxyx,1,95219,1000,18
ac19_52564,YXyXXXyx,YYYxyyXyXYxYxxxyX,1,95233,1000,17
ac19_52575,YXXyx,YYYYXyyyxyxxxxyx,1,95267,1000,17
ac19_52582,YXYXyx,YYYxYYxyXyyXXYxyX,1,95291,1000,17
ac19_52601,YXYXyx,YYYYxyXXXyXYX,2,95343 103624,1000,16
ac19_52603,YXYXyx,YYYYYxxyXXXXYxyyX,1,95350,1000,18
ac19_52645,YXXyx,YYYXyXyyXyXyXXYX,1,95460,1000,18
ac19_52653,YXYXyx,YYYYXXyXyyxxx,2,95479 106736,1000,18
ac19_52678,YXXyx,YYYYXYxYXyxyyXyyxyyX,1,95550,1000,18
ac19_52731,YXXyx,YYYYXXYXyyXyyXX,2,95699 105609,1000,17
ac19_52740,YXYXyx,YYXyyXXXXYYxxyx,1,95724,1000,17
ac19_52773,YXXyx,YYYYXyyyyxxYxxx,2,95805 107966,1000,17
ac19_52829,YXYXyx,YYXXXXXXYxYXYYx,2,95941 113948,1000,17
ac19_52838,YXyXXXyx,YYXXyXYXyxYxxyxyX,1,95973,1000,17
ac19_52872,YXXYxxyx,YYYxxxYYxxx,1,96051,1000,19
ac19_52873,YXXyx,YYYYXYXyyyyXXX,1,96057,1000,18
ac19_52874,YXXyx,YYYYXXXyyxyyyxxxx,1,96062,1000,17
ac19_52897,YXXyx,YYYYXXXyyXyyyxxxx,1,96137,1000,17
ac19_52915,YXXXyxYx,YYxYXYXXXYX,1,96180,1000,17
ac19_52944,YXXyx,YYYXYYXyXyyxyxx,1,96260,1000,17
ac19_52992,YXXyx,YYYYYXXYxyyyyxyx,2,96398 105023,1000,17
ac19_53043,YXYXyx,YYXXyyXyxxxYx,2,96516 129630,1000,17
ac19_53051,YXYXyx,YYXYxyyXyXyyxxx,2,96530 123110,1000,17
ac19_53094,YXYXyx,YYYXYYXyXyyyxxx,1,96640,1000,17
ac19_53105,YXYXyx,YYXXyxyXXyxxxYx,1,96671,1000,16
ac19_53112,YXXyx,YYYYXyXyxyyXyXX,4,96688 108996 118346 146240,1000,16
ac19_53257,YXXyx,YYYYXyyyyXXXYx,1,97086,1000,17
ac19_53272,YXYXyx,YYYYYxYXyxyXXyX,2,97131 147165,1000,17
ac19_53392,YXXyx,YYYXYXYxyXyyyXXX,2,97503 152907,1000,17
ac19_53399,YXXyx,YYXYYxyxyXyyxyxx,1,97526,1000,16
ac19_53424,YXXyx,YYYXYXyxxyyyXyXXX,1,97606,1000,18
ac19_53494,YXyXXyx,YYxyXyxxxyXYXYXyX,1,97798,1000,17
ac19_53525,YXXyx,YYYXyyXyXyyXYXXX,2,97886 123022,1000,17
ac19_53542,YXXyx,YYYYYXYXyyyxxyyx,1,97927,1000,17
ac19_53547,YXYXyx,YYXyXXXXYxyXYXYYx,1,97943,1000,17
ac19_53569,YYXXyx,YYYYXXXXXYX,2,98016 155180,1000,15
ac19_53604,YXXyx,YYYYXYXyyyyxxx,2,98124 122073,1000,17
ac19_53618,YXYXyx,YYYYYxyXXXXyX,2,98155 110989,1000,18
ac19_53649,YXYXyx,YYYYYxyxYXyXXyX,2,98228 99224,1000,17
ac19_53687,YYXXYxyxx,YYXXyxxyXyx,1,98343,1000,16
ac19_53712,YXXyx,YYYXyyxyXyXXXX,2,98418 123808,1000,16
ac19_53729,YXyXXyx,YYXYxYxxxyxyx,1,98465,1000,17
ac19_53760,YXyXXyx,YYYXyyXyxxx,2,98539 100412,1000,16
ac19_53764,YXYXyx,YYXXXyyxyxxYx,2,98559 113078,1000,16
ac19_53839,YXXyx,YYYXYYxyXyxyyxxx,2,98798 142870,1000,18
ac19_53857,YXXyx,YYYYXyyyxyxYxx,1,98846,1000,16
ac19_53860,YXYXyx,YYYXXXyxyyXyxxx,2,98851 126392,1000,18
ac19_53911,YXYXyx,YYYYYXYxxyXXXXX,1,98992,1000,18
ac19_53957,YXYXyx,YYYxYYXyxyXXXyX,1,99105,1000,17
ac19_53974,YXYXyx,YYYxYYXyXyXXX,1,99154,1000,17
ac19_54002,YXYXyx,YYYXXXXXXXYxx,2,99204 110378,1000,17
ac19_54038,YXYXyx,YYYxYXYxyyXXyyXYx,1,99295,1000,18
ac19_54104,YXXyx,YYYXyyXyyXXYxYX,1,99487,1000,16
ac19_54114,YXXyx,YYYYYXXXyyyXyXX,2,99513 101546,1000,17
ac19_54138,YXXyx,YYYYXYxyyyxyyyXX,1,99580,1000,17
ac19_54147,YXYXyx,YYYXXyyXXXYYx,2,99602 147628,1000,17
ac19_54228,YXYXyx,YYXXXYxxxYxyXXyXX,1,99855,1000,18
ac19_54229,YXXyx,YYYXYYxyyXyXyXX,2,99859 118886,1000,18
ac19_54282,YXYXyx,YYYYYYYXXyXXX,2,100005 153702,1000,19
ac19_54302,YXXyx,YYYXyxyyXyXXXXX,1,100061,1000,18
ac19_54319,YYXXXyXYX,YYXXyyxYXX,1,100108,1000,16
ac19_54337,YXYxYXXYx,YYXXyxxYXYxyXyx,1,100166,1000,18
ac19_54352,YXXyx,YYXYYXyyXyXXXXXX,1,100226,1000,17
ac19_54361,YXYXyx,YYYYxYXXyxyyXXX,1,100249,1000,18
ac19_54423,YXYXyx,YYYXyXXyyxxYxyx,1,100388,1000,17
ac19_54455,YXYXyx,YYYXyXXyXYYYx,1,100483,1000,16
ac19_54466,YXXyx,YYYXYYxyXyyyXXX,1,100510,1000,17
ac19_54514,YXYXyXXYXyX,YYYXyXXyxYxyxyx,1,100635,1000,18
ac19_54518,YXXXyxx,YYXyxYXXyxxx,1,100652,1000,16
ac19_54535,YXXyx,YYYXYxyyXXyXXXX,1,100699,1000,18
ac19_54576,YXYXyx,YYYXXXyXyxxxx,2,100780 125173,1000,17
ac19_54582,YXXyx,YYXYXYxyXyyXXXXX,1,100789,1000,17
ac19_54616,YYXYYXXXyX,YYXYXXXYYXXXX,1,100913,1000,17
ac19_54655,YXYXyx,YYYYxYYXyXXYXyX,1,101031,1000,17
ac19_54675,YXyXXyx,YYXYXyXyxYxyxyx,1,101097,1000,17
ac19_54725,YXXyx,YYYYYYXyyXXyyXyX,1,101264,1000,18
ac19_54732,YXYXyx,YYXyyxyXyyXYYxYxx,1,101290,1000,17
ac19_54765,YYXXXYx,YYYYXXYXYYYXX,1,101379,1000,17
ac19_54852,YXXyx,YYYYXyxyXyxyyxx,2,101620 147439,1000,16
ac19_54895,YXYXyx,YYYYxYXyxyXyXXX,1,101755,1000,17
ac19_54924,YXXyx,YYYXYXyyXyyXyXX,1,101851,1000,18
ac19_54962,YXXyx,YYYXyyyXXXXYX,2,101945 121195,1000,17
ac19_54969,YXXyx,YYYYXyyxyxyxxYx,1,101956,1000,17
ac19_54995,YXYXyx,YYYXyxyXXyXyxxx,1,102032,1000,16
ac19_55007,YXyXXyx,YYxYxxYXyyxyxYX,2,102053 105109,1000,17
ac19_55016,YXXyx,YYYYXyxyyyXyXXX,1,102085,1000,17
ac19_55030,YXYXyx,YYXXYYxYYXXXXXX,1,102131,1000,17
ac19_55036,YYXYXXyXyx,YYXYXYXyXyX,1,102144,1000,17
ac19_55068,YXXyx,YYYXyyyXXXXXYX,2,102210 148413,1000,17
ac19_55081,YXyXXXyx,YYxYXyyxxYxyx,1,102243,1000,17
ac19_55117,YXYXyx,YYXXyXyXyxxxx,1,102340,1000,17
ac19_55122,YXYXyx,YYYYYYXYxyyXXXX,1,102354,1000,18
ac19_55124,YXXyx,YYYYXXYXyyyXyXX,2,102365 116165,1000,16
ac19_55131,YXXyx,YYYXYXyXyyXXXXX,1,102386,1000,16
ac19_55133,YXyXXXyx,YYxYxyxyxYXXyxx,1,102390,1000,17
ac19_55182,YXYXyx,YYYYXXyxyyXyxxx,1,102512,1000,17
ac19_55208,YXYXyx,YYYxYxyxYXyyXXX,2,102577 137288,1000,18
ac19_55211,YXyXXyx,YYXXyXXYxxyxxyx,1,102588,1000,18
ac19_55233,YXYXyx,YYYYYxyyyXyXX,1,102669,1000,17
ac19_55239,YXXyx,YYYYXYxyyyyXXXX,1,102684,1000,17
ac19_55333,YXYXyx,YYXXyXXXXYYxxyx,1,102939,1000,17
ac19_55352,YXYXyx,YYXYxxyyXXXXXYx,1,102989,1000,17
ac19_55388,YXYXyx,YYXyXXXXYYxYxyx,1,103100,1000,17
ac19_55410,YXXyx,YYYYYXXXyXyyXyXX,2,103178 145532,1000,17
ac19_55426,YXYXyx,YYYYXyXXXXYYx,1,103227,1000,17
ac19_55463,YXYXyx,YYYYYXyyXXXYx,2,103340 126604,1000,18
ac19_55510,YXXyx,YYXYYXyyXXyXXX,1,103458,1000,16
ac19_55609,YXYXyx,YYYYxxyXXXXYXYxyX,1,103744,1000,17
ac19_55618,YXYXyx,YYYXyxyXXyxyyxxYx,1,103771,1000,17
ac19_55625,YXXyx,YYYYYXyxyyXyyXyX,1,103793,1000,17
ac19_55633,YXXyx,YYYYXyyyXyyXXX,2,103809 109735,1000,17
ac19_55645,YXYXyx,YYYYxYYXyxyXXyX,2,103850 129856,1000,17
ac19_55667,YXXyx,YYYYXYXyyxyyXXXX,1,103916,1000,17
ac19_55693,YXYXyx,YYYXXyxyXyXyxxx,1,103986,1000,17
ac19_55720,YXXyx,YYYXYXyyXyXXXXX,1,104052,1000,18
ac19_55763,YXYXyx,YYXyXXXXYXYxyXYYx,1,104165,1000,17
ac19_55778,YXYXyx,YYYXYYYXyXXXX,1,104195,1000,17
ac19_55808,YXXyx,YYYXyyxyXyxxxxx,2,104294 134056,1000,17
ac19_55837,YXYXyx,YYYXYxyXyyXyyxx,1,104373,1000,16
ac19_55862,YXXyx,YYYXYYYxyyyXyXyX,1,104438,1000,18
ac19_55867,YXYXyx,YYYYxYXyxyXXyXX,2,104452 133208,1000,17
ac19_55871,YXYXyx,YYYXyyxyXyXXYYx,1,104458,1000,17
ac19_55939,YXYXyx,YYYXyXXyyxxxxyxyx,2,104686 131775,1000,17
ac19_55951,YXyXXyx,YYYXyyxxxYx,1,104721,1000,17
ac19_55963,YXYXyx,YYYYYYXYxyXXXXX,1,104753,1000,17
ac19_55973,YXYXyx,YYYYYYxyXyXXX,2,104785 114272,1000,18
ac19_56004,YXXyx,YYYXyXyyxyxxxxx,2,104870 154228,1000,16
ac19_56121,YXXyx,YYYXyyXyXyXXYYX,2,105204 120477,1000,17
ac19_56199,YYXXXXXYx,YYXXXyxxxYXXX,1,105395,1000,16
ac19_56205,YXXyx,YYYYXXYxyyxyyxx,3,105418 132370 140707,1000,17
ac19_56260,YXyXYXyxx,YYXyxYXXyx,2,105584 134805,1000,19
ac19_56326,YXYXyx,YYXYYXyXXyXyyxYYx,1,105784,1000,17
ac19_56376,YXXyx,YYYXyxxyyXyXXYYX,2,105933 141673,1000,16
ac19_56392,YXXyx,YYYYXyXXyyXyyXX,2,105975 108282,1000,16
ac19_56451,YXyXXyx,YYxxyxxyxYXYx,1,106139,1000,18
ac19_56464,YXYXyx,YYYYYxxyyXXXYxyyX,1,106179,1000,17
ac19_56504,YXYXyx,YYYxYxYXyyyXX,2,106301 115419,1000,18
ac19_56516,YXYXyx,YYYYYxyxxyXyXXX,1,106338,1000,17
ac19_56572,YXYXyx,YYXYxxyXyyXyxxx,1,106492,1000,16
ac19_56586,YXXyx,YYYXYYYXyXyxyXyXyX,1,106537,1000,18
ac19_56642,YXXyx,YYYXYYxYXyxyyXyXyX,2,106700 145286,1000,18
ac19_56654,YXYXyx,YYXYxyXyyXyyxxx,2,106740 132268,1000,17
ac19_56681,YXYXyx,YYYYXXyxyXyyxxx,1,106831,1000,17
ac19_56735,YXYXyx,YYYYYXXXXXXXYxxyX,1,106956,1000,17
ac19_56758,YXYXyx,YYYYYxyXyXXyX,1,107017,1000,17
ac19_56825,YXXyx,YYYYXyXyXyyXyxxxx,2,107219 128205,1000,17
ac19_56840,YXYXyx,YYYYXXXXXXYYxyx,2,107254 120639,1000,16
ac19_56953,YXXyx,YYXYXyyXyyxxxxYYx,1,107561,1000,17
ac19_56970,YYXXyxx,YYYYXXYxYYxYx,1,107601,1000,16
ac19_56971,YXYXyx,YYXYxYXXyxyyXyyXYxYYx,1,107603,1000,17
ac19_56985,YXYXyx,YYYXYYxxxyXXyXX,1,107630,1000,18
ac19_57045,YXYXyx,YYYYYXYYxyXXyXX,1,107795,1000,19
ac19_57053,YXXyx,YYYYXyyyxyyxxx,2,107814 151376,1000,17
ac19_57054,YXYXyx,YYYYYYxyXyyXX,1,107815,1000,17
ac19_57088,YXYXyx,YYYYxYXyXXXyX,2,107908 141075,1000,17
ac19_57100,YXXyx,YYYXYXyxyXyXXXXX,1,107936,1000,18
ac19_57164,YXXyx,YYYYYYXyyyxxyyx,1,108109,1000,18
ac19_57169,YXYXyx,YYXXyyXXyxYxxxx,1,108119,1000,18
ac19_57175,YXYXyx,YYYYXyXyXXXYx,2,108140 117189,1000,17
ac19_57191,YXYXyx,YYXXyXXXXyxYxxYxyxx,1,108200,1000,17
ac19_57201,YXYXyx,YYYYxYXyyyXXX,2,108229 120562,1000,17
ac19_57218,YXYXyx,YYYXXyXXXXYYx,2,108281 144776,1000,18
ac19_57220,YXXyx,YYYYXyyyXyXXXXXyX,1,108284,1000,17
ac19_57267,YXYXyx,YYXYxxYxyXXyXXX,1,108424,1000,17
ac19_57292,YXYXyx,YYXXXyXyxxxxx,2,108468 150846,1000,16
ac19_57319,YXXyx,YYYYYXyyxyXyxxx,2,108565 140712,1000,17
ac19_57368,YYXYXXXYx,YYXXXXyxxx,2,108690 110234,1000,16
ac19_57372,YXXyx,YYXYXYxyXyXyXXXX,2,108714 136260,1000,12
ac19_57418,YXXyx,YYYXYYxYXyxyXyyXyX,2,108847 156303,1000,17
ac19_57426,YXYXyx,YYYYXYxYxyXXyXX,1,108866,1000,19
ac19_57491,YXYXyx,YYXyXXyyxxxyxxx,1,109079,1000,17
ac19_57500,YXYXyx,YYXXXXXXYYxYx,2,109108 110603,1000,17
ac19_57579,YXYXyx,YYYXyyXyXXYYxyx,1,109325,1000,16
ac19_57614,YXYXyx,YYYxYXXyXXXYXYxyX,1,109393,1000,17
ac19_57626,YXYXyx,YYXXyxyXXXYYxxx,2,109425 133771,1000,17
ac19_57641,YXYXyx,YYXyXXXXXYYxxyx,1,109462,1000,17
ac19_57755,YXXyx,YYYYXyxyyyxxYx,1,109802,1000,18
ac19_57765,YXXyx,YYYYXyxyyxyxxyxx,1,109824,1000,18
ac19_57768,YXXyx,YYYXyXyxyyxxxYYx,2,109829 120718,1000,18
ac19_57777,YXXyx,YYYXyyXyXyyXXYX,2,109850 133476,1000,17
ac19_57787,YYXyxYXXyx,YYYxyXXYXyx,1,109874,1000,18
ac19_57805,YXXyx,YYYXYYxyXyxyXyyyXYYx,1,109941,1000,19
ac19_57857,YXYXyx,YYYYXyXyXyyxx,2,110113 140921,1000,17
ac19_57869,YXyXXXyx,YYxyxxyXYXXyX,1,110157,1000,17
ac19_57889,YXYXyx,YYXyXXYXXXyXYxxxx,1,110210,1000,17
ac19_57910,YXYXyx,YYYXyXXXXXYYxYX,1,110276,1000,18
ac19_57992,YYXXXYxx,YYYXYYXXyyxyx,1,110483,1000,17
ac19_58014,YXYXyx,YYXyXyXXXYYxx,2,110554 117132,1000,17
ac19_58118,YXYXyx,YYXXXyxyXyxxYYx,1,110837,1000,16
ac19_58131,YXyXXyx,YYYXyxyxxxYXyx,1,110874,1000,17
ac19_58149,YXyXXXyx,YYxyXyxyXYX,1,110951,1000,18
ac19_58183,YXYXyx,YYXYxYXyXYXyXXyXYxx,1,111062,1000,17
ac19_58199,YXXyx,YYXYYxyxyXyXyXyX,1,111103,1000,15
ac19_58210,YXYXyx,YYYYxyXXyXXYX,1,111134,1000,17
ac19_58222,YXXyx,YYYXyXyxyxxxxYx,2,111168 130874,1000,17
ac19_58226,YXXyx,YYYXyyXyxyXXXYYX,2,111187 134532,1000,17
ac19_58287,YXXyx,YYYYXYXyyyxyxx,3,111348 120452 155452,1000,16
ac19_58326,YXYXyx,YYYYYYXyXXyxyXX,1,111424,1000,17
ac19_58334,YXXyx,YYYYXXYxYxyyyXyXyX,1,111446,1000,19
ac19_58357,YXYXyx,YYYXXXyXXyxYxxx,1,111507,1000,17
ac19_58413,YXyXXXyx,YYYxyxYXyxYxxyXyX,2,111651 126069,1000,17
ac19_58424,YXYXyx,YYYYYXXyXXXYxyXYX,2,111672 154771,1000,18
ac19_58522,YXYXyx,YYYYxxyxxyXXXyX,1,111962,1000,16
ac19_58530,YXYXyx,YYYYXyXXXXXYx,2,111982 114510,1000,17
ac19_58544,YXYXyx,YYYxYxyXXyXYX,2,112030 115448,1000,17
ac19_58570,YYXXYxYxyX,YXYxyXYxxyX,1,112095,1000,17
ac19_58661,YXyXXXyx,YYxyxxyXXXX,1,112335,1000,17
ac19_58673,YXYXyx,YYYXyXyXXXYYxyx,1,112373,1000,17
ac19_58678,YXXyx,YYYYXyyyyxxYxx,1,112387,1000,18
ac19_58692,YXYXyx,YYYYXXyXXXXYx,2,112424 155701,1000,17
ac19_58740,YXyXXXyx,YYXyyxYxyxxYx,1,112571,1000,17
ac19_58902,YXXyx,YYYYXyXyxyxyyxx,1,113069,1000,17
ac19_58912,YXYXyx,YYYXyyXXXYYYx,1,113090,1000,17
ac19_58966,YXXyx,YYYYXYxYXyxyyXyyyxyX,1,113253,1000,17
ac19_58971,YXYXyx,YYXXXyXyyxxyxYx,1,113267,1000,18
ac19_58973,YXYXyx,YYYYxYXyXXXYX,2,113272 155333,1000,17
ac19_59012,YXYXyx,YYYYXYxYxyXyXXX,1,113376,1000,18
ac19_59170,YXyXXXyx,YYXyyxxYXyxYxyxYx,1,113830,1000,17
ac19_59206,YXXyx,YYYXYxyyXyXyXYX,1,113930,1000,16
ac19_59211,YXYXyx,YYXXyXXXyxYxxxx,2,113941 152000,1000,16
ac19_59223,YXXyx,YYYXXXyyxyyxxYYx,1,113977,1000,17
ac19_59227,YXXyx,YYXYYxyyXyxyXyXXX,1,113989,1000,18
ac19_59260,YXYXyx,YYYYYxyXyXXXX,1,114084,1000,17
ac19_59294,YXYXyx,YYYxYXyxyXXyyXYYx,1,114169,1000,18
ac19_59331,YXYXyx,YYYXXXXXyXYYx,2,114262 136915,1000,17
ac19_59332,YYXXyx,YYYYXyXXyyxyx,1,114277,1000,15
ac19_59358,YXyXXyx,YYYYxyXXyxxxx,1,114328,1000,17
ac19_59380,YXYXyx,YYYXyyXyyxxYx,2,114398 143486,1000,16
ac19_59448,YXXyx,YYYYXyXXyyXXXX,1,114613,1000,17
ac19_59449,YXYXyx,YYYxYYxyXyyXX,2,114616 126330,1000,17
ac19_59479,YXYXyx,YYXyyXXYXYYxx,1,114695,1000,16
ac19_59531,YXYXyx,YYYXYxyXyyXyxxx,1,114842,1000,16
ac19_59537,YXyXXyx,YYYxxxyyxYx,1,114861,1000,16
ac19_59545,YXYXyx,YYXXXyxyXyyxxYx,1,114884,1000,18
ac19_59549,YXYXyx,YYXYxyXXXyXyyxYYx,1,114904,1000,17
ac19_59598,YXYXyx,YYYYXXYXXXXXXYx,1,115064,1000,18
ac19_59606,YXXyx,YYYXYXyxyXXyXXXX,1,115091,1000,17
ac19_59628,YXYXyx,YYYXXXXyXXYYxyx,1,115138,1000,16
ac19_59663,YXYXyx,YYXyyXXyxxxxxYX,1,115218,1000,17
ac19_59679,YXXyx,YYYYXyyyXXXXXX,1,115278,1000,17
ac19_59683,YXyXXyx,YYYYxyxxxx,3,115293 136713 152545,1000,17
ac19_59700,YXXyx,YYYYXyxyyxyyyxYx,2,115342 132364,1000,17
ac19_59776,YXyXXXyx,YYXXyXYXyxYxxxyyX,1,115557,1000,17
ac19_59795,YXXyx,YYYYXYXyxyyXyXX,1,115624,1000,17
ac19_59890,YXYXyx,YYYXyyyXyyxxx,2,115925 134552,1000,18
ac19_59897,YXYXyx,YYYYXyxyyXXXXYx,2,115954 154742,1000,17
ac19_59901,YYXXXXyxxx,YXXYxxxyXXXYx,1,115966,1000,16
ac19_59905,YXYXyx,YYYxxxYXyXYXXyX,1,115983,1000,17
ac19_59923,YXYXyx,YYYYxyxYXyyyXXX,2,116042 148149,1000,18
ac19_59929,YXYXyx,YYYYYxyyyXXyX,1,116071,1000,16
ac19_59950,YXYXyx,YYYxxYXyxyXXXyX,1,116133,1000,16
ac19_59980,YXXyx,YYYXyyyxxyxxYYx,1,116253,1000,17
ac19_59986,YXYXyx,YYYYxYXyXXXYXYxyX,1,116272,1000,17
ac19_60019,YXXyx,YYYXYXyXyXyXXXX,1,116389,1000,17
ac19_60052,YXXyx,YYYYXyyyXyXXYX,1,116488,1000,17
ac19_60059,YXyXXyx,YYYXyyXYYxxyXyxyx,2,116508 129313,1000,17
ac19_60123,YXXyx,YYYYXyyyyxYxxx,2,116721 132294,1000,17
ac19_60157,YXXXYxxxyx,YYxxxxyXXXX,1,116844,1000,15
ac19_60214,YXXyx,YYYYXyxyXyxyxyxx,1,116993,1000,18
ac19_60278,YXYXyx,YYXYxxyXyyXXYYx,1,117184,1000,17
ac19_60280,YXXyx,YYYXyxyyXyyXXYX,2,117188 146711,1000,16
ac19_60282,YXYXyx,YYXyXXyyxxYYx,1,117193,1000,16
ac19_60286,YXXyx,YYYYXyyyXyXXXyXX,1,117206,1000,17
ac19_60289,YXYXyx,YYXyxxYxxYXyXXXXyxx,1,117213,1000,18
ac19_60311,YXYXyx,YYYYYYXyyXyXX,2,117282 137488,1000,17
ac19_60318,YXXyx,YYYYYYXyXyyXXyyX,1,117290,1000,18
ac19_60346,YXYXyx,YYYXyxyXXyXXYYx,2,117365 151559,1000,17
ac19_60354,YXXyx,YYYYYYXyxyyyXyX,1,117386,1000,18
ac19_60368,YXyXXyx,YYXYXyxyxxYxxYXyyx,1,117426,1000,17
ac19_60419,YXYXyx,YYYXYxyyXXyXYYx,1,117559,1000,16
ac19_60435,YXYXyx,YYYYXyxyyXyyxxx,1,117608,1000,17
ac19_60452,YXYXyx,YYXYYXyXXyyxxYx,1,117653,1000,17
ac19_60458,YXXyx,YYYYXyXyyyxyyxYx,1,117667,1000,18
ac19_60500,YXYXyx,YYXYxxyXyyXXXYx,1,117789,1000,17
ac19_60511,YXXyx,YYYXXYxyyxyyxyxx,1,117837,1000,17
ac19_60541,YXXyx,YYYXyyxxyyXXYXYX,1,117933,1000,17
ac19_60598,YXXyx,YYXYYXyxxyyXyyXX,1,118123,1000,17
ac19_60620,YXyXXXyX,YYXXXyxyxxYxyXX,1,118193,1000,17
ac19_60634,YXYXyx,YYXYYXyXXyyxxxx,1,118241,1000,17
ac19_60650,YXYXyx,YYXXXXXXXYxxyXYYx,1,118292,1000,18
ac19_60676,YXYXyx,YYYYXyXYXXXXXYx,1,118388,1000,17
ac19_60679,YXYXyx,YYYXYxyyXXXXYxx,1,118394,1000,16
ac19_60681,YXXXyxx,YYXyxYxxxxyX,1,118404,1000,16
ac19_60691,YXYXyx,YYYYxyXyXXXYX,1,118430,1000,17
ac19_60693,YXXyx,YYYYXXYxyyXyyxxx,2,118433 125111,1000,17
ac19_60770,YXyXXXyx,YYXXXXyyxyX,1,118705,1000,17
ac19_60781,YYXXyxx,YYXYXYxYxYX,1,118741,1000,18
ac19_60810,YXYXyx,YYYYxYXyXXyXX,2,118834 142254,1000,17
ac19_60830,YXXyx,YYYXYxyyXyyxxYx,1,118875,1000,16
ac19_60918,YXYXyx,YYYYYYXyyXXXX,1,119089,1000,19
ac19_60923,YXYXyx,YYYYYXyyXXXXYxxyX,1,119112,1000,17
ac19_60966,YXYXyx,YYYxYxyXXyxyXXX,1,119255,1000,17
ac19_60967,YYXXXyX,YYXyyXYYXXyx,1,119257,1000,14
ac19_60970,YXXyx,YYYYXYXyXyxyXyXX,1,119268,1000,17
ac19_60989,YXYXyx,YYYYXyyyXXYYx,2,119323 131530,1000,18
ac19_61058,YXYXyx,YYYYYXyXXXXYxyX,2,119528 120045,1000,16
ac19_61096,YXYXyx,YYXYYxYXXyXXX,1,119632,1000,17
ac19_61140,YXXyx,YYYYXYxyXyyXyXX,1,119756,1000,17
ac19_61145,YXYXyx,YYYYxyXyXXXYYXX,1,119765,1000,17
ac19_61157,YXYXyx,YYYXXXXXXYYYxyx,2,119798 154360,1000,17
ac19_61172,YXYXyx,YYYYXYxxYXXXXyX,1,119846,1000,18
ac19_61206,YXXyx,YYYYXYxyyXyXyXX,1,119937,1000,17
ac19_61219,YXXXyxx,YYXXyxxxYXyx,1,119975,1000,16
ac19_61238,YXXyXyx,YYxyXXXyyX,1,120033,1000,15
ac19_61248,YXYXyx,YYYxxxYXyXyXX,2,120054 153108,1000,18
ac19_61253,YYXXyxx,YYYYYYXYXYxxYYX,1,120061,1000,16
ac19_61261,YXYXyx,YYXyXXXXXYxYXYx,1,120081,1000,17
ac19_61293,YXXyx,YYYYXYXyxyXyyXX,1,120190,1000,16
ac19_61324,YXXyx,YYYXyXyxyXyyXXXYX,1,120263,1000,18
ac19_61343,YXYXyx,YYYYYxyXXXYXX,1,120318,1000,16
ac19_61373,YXXyx,YYXYYXyyxyyXXyXX,1,120410,1000,17
ac19_61475,YXXyx,YYYYYXyyyxyXXXX,1,120712,1000,19
ac19_61494,YXYXyx,YYYXXXXyyyxYxyx,1,120767,1000,17
ac19_61497,YXYXyx,YYYYxyxYYXXyXXX,2,120777 121947,1000,18
ac19_61537,YXYxxYXyx,YYXyyxYXyxYXyyx,1,120877,1000,19
ac19_61545,YXYXyx,YYYYYxyxxyXXXXX,1,120909,1000,18
ac19_61558,YXXYxxyx,YYYxYxxyXYYxxyX,1,120951,1000,15
ac19_61563,YXXyx,YYYYXyyyyXXXyX,2,120961 130972,1000,17
ac19_61606,YXyXXyx,YYYXyxxxxxx,2,121097 131671,1000,17
ac19_61640,YXXyx,YYYXyyxyyXXXXX,2,121212 128734,1000,16
ac19_61669,YXYXyx,YYYYxyyxyXXyyxx,1,121289,1000,16
ac19_61677,YXXyx,YYYYXyyXyyxyxx,2,121312 154194,1000,17
ac19_61702,YXXyx,YYYXYYXyXyyXyXXX,1,121380,1000,18
ac19_61736,YXXyx,YYYYXyXyxyxyxyxx,1,121480,1000,17
ac19_61746,YXYXyx,YYXYYXXXXXXXYYx,1,121514,1000,18
ac19_61754,YXYXyx,YYYXXyXyXyxxx,2,121546 144233,1000,16
ac19_61767,YXXyx,YYYYYXyXyyyxyyx,1,121576,1000,16
ac19_61874,YXXyx,YYYXYxYxyyXyXyXX,1,121925,1000,17
ac19_61882,YXXyx,YYYXyyyXyXXYYx,2,121950 125984,1000,17
ac19_61907,YXYXyx,YYXyxyXXXXYxYYx,1,122037,1000,16
ac19_61963,YXXyx,YYYYXyxyXyXyXXyX,1,122236,1000,17
ac19_61968,YXYXyx,YYXXyXXXyxxYxxyxx,1,122251,1000,19
ac19_62033,YXXyx,YYYXyyXyXXXXYX,2,122427 151424,1000,16
ac19_62056,YXYXyx,YYYYYxyXXyXXX,1,122487,1000,17
ac19_62069,YXXYxxyx,YXXyXyxxYXXXyxx,1,122538,1000,19
ac19_62129,YXYXyx,YYYYXyxyyyXyxxx,1,122741,1000,17
ac19_62145,YXYxYXXYx,YYXXyxxYXXyxx,1,122816,1000,18
ac19_62169,YXYXyx,YYYxxYYXyXyXX,1,122905,1000,17
ac19_62192,YXXyx,YYYXYxyyyXXXXX,2,122987 152229,1000,17
ac19_62237,YXyXXyx,YYxYYxyxYxyxyXX,1,123142,1000,17
ac19_62288,YXyXXyx,YYXXXyXXXyyxyxx,1,123282,1000,18
ac19_62305,YXXyx,YYXYYXyxyXyXXXXX,1,123342,1000,18
ac19_62336,YXYXyx,YYYYxYXyxyyXXXX,1,123439,1000,17
ac19_62373,YXyXXyx,YYXXYxxyXXyxyxx,1,123542,1000,17
ac19_62387,YXYXyx,YYXYxxyXXyXyyxx,1,123576,1000,16
ac19_62412,YYXYXXXyx,YYXyXYxxyX,1,123666,1000,15
ac19_62437,YXyXXXyx,YYXYxyXyxyX,1,123733,1000,17
ac19_62459,YXXyx,YYYXyXyXyyXXXYYX,1,123799,1000,18
ac19_62605,YXYXyx,YYYYYxyXXyxyXyX,1,124197,1000,16
ac19_62671,YXyXXyx,YYXXyXYXyyxxyx,1,124388,1000,17
ac19_62718,YXYXyx,YYXXyxyXXXXYYxx,2,124553 139357,1000,17
ac19_62752,YXXyx,YYYYXyXyyXyXXyXX,2,124670 128557,1000,18
ac19_62765,YXXyx,YYYYXYYXyyyxxyyx,1,124709,1000,17
ac19_62774,YXYXyx,YYXYYxYYxyXyyXX,1,124732,1000,17
ac19_62816,YXYXyXXYXyX,YYYXyXXXYXyXyx,1,124848,1000,18
ac19_62852,YXXyx,YYXYYXyxyXyyXyXX,1,124956,1000,18
ac19_62853,YXYXyx,YYXXyXyyxxxxx,1,124962,1000,17
ac19_62938,YXYXyx,YYYxxYYXyxyXyXX,2,125248 135344,1000,18
ac19_62990,YXyXXyx,YYxxyxYxxxyxYXX,1,125369,1000,17
ac19_63003,YXXyx,YYYYXYxyyyxyyXyX,1,125409,1000,17
ac19_63006,YXYXyx,YYXyXXXXYxYXYYx,1,125417,1000,17
ac19_63028,YXyXXXyx,YYXyXYxxyxyXX,1,125476,1000,17
ac19_63036,YXYXyx,YYYYYxxyXXXXX,1,125493,1000,19
ac19_63051,YXYXyx,YYYYxYXyXXXYxyXYX,1,125522,1000,18
ac19_63078,YXXyx,YYYXYXyXyyXXXX,2,125604 130669,1000,16
ac19_63117,YXXXyxx,YYXyXXXYXXyx,1,125721,1000,16
ac19_63121,YXYXyx,YYXYxxyXyXyyxxx,1,125729,1000,17
ac19_63135,YXYXyx,YYXyXyXXYXYYx,1,125784,1000,17
ac19_63210,YXyXXyx,YYXYXyxyxxYxYxxyx,1,125985,1000,17
ac19_63242,YXXYxxyx,YYXXXyXyxxyxx,1,126084,1000,17
ac19_63245,YXYXyx,YYXXXXyyxxyxYxx,1,126098,1000,17
ac19_63274,YXYXyx,YYYYxyxYXXyyXXX,2,126174 144609,1000,17
ac19_63288,YXYXyx,YYYYxyXXyyyxx,2,126227 134329,1000,17
ac19_63296,YXXyx,YYYYXyyyxyxxyxx,1,126248,1000,17
ac19_63344,YXXyx,YYYYXyyxyXyxyxx,2,126413 134993,1000,17
ac19_63350,YXXyx,YYXYYXyyxyXyyXX,1,126438,1000,17
ac19_63364,YXXyx,YYYYXyyyyXyxxx,1,126481,1000,15
ac19_63402,YXYXyx,YYXyXXXyXXYxxxx,1,126591,1000,17
ac19_63405,YXYXyx,YYYYYxYXyxyXXXX,2,126596 156519,1000,18
ac19_63410,YXXYxxyx,YYxYXyxYxyx,1,126609,1000,17
ac19_63425,YXXyx,YYYXyxyyXyXXXYYX,1,126660,1000,18
ac19_63428,YXYXyx,YYXyyXXXYYxxx,2,126666 139830,1000,17
ac19_63460,YXXyx,YYYYYXXXyyXyyxxxx,1,126772,1000,18
ac19_63472,YXYxxYXyx,YYYxxxYXYx,1,126799,1000,16
ac19_63493,YXXyx,YYYXYXYXyyxxyyxx,1,126843,1000,17
ac19_63497,YXYXyx,YYYYxYXyxyyyXXX,2,126864 127812,1000,18
ac19_63503,YXYXyx,YYXXyyXXXYYxxyx,1,126876,1000,17
ac19_63507,YXXyx,YYXYYxyXXyyxyyxxxx,1,126892,1000,17
ac19_63513,YXXyx,YYXyyxyxxxxxYxYx,2,126918 131989,1000,17
ac19_63573,YXYXyx,YYYXXXXXXXYYxyx,1,127102,1000,18
ac19_63607,YXYXyx,YYYXyxyXXXXYYxx,1,127221,1000,18
ac19_63648,YXXyx,YYYXyyxyyxxYYx,2,127378 136598,1000,17
ac19_63655,YXXyx,YYYYXyXyyxyxyxx,1,127395,1000,16
ac19_63665,YXXyx,YYYXYYYXyxyyXyXyX,1,127412,1000,18
ac19_63673,YXYXyx,YYYYXXXXXXXYxYX,2,127430 143838,1000,17
ac19_63687,YXXyx,YYYYXyxxyyyyXXX,2,127467 144402,1000,18
ac19_63693,YXYXyx,YYYxxYXyXXyXX,1,127492,1000,18
ac19_63708,YXXyx,YYYXYYXyyxyXyXXX,1,127534,1000,18
ac19_63737,YXyXYXyxx,YYXXyxYXyx,2,127625 133076,1000,19
ac19_63741,YXYXyx,YYYXYxxxxyyyXyX,1,127647,1000,17
ac19_63750,YXXyx,YYYYXyxyyxxxxx,1,127680,1000,17
ac19_63820,YXXyx,YYXYYXyyxyyxYxxxx,1,127886,1000,18
ac19_63824,YXXyx,YYYXYXYXyyyXyXXX,1,127896,1000,18
ac19_63848,YXYXyx,YYYxYxyyXXXYX,2,127967 150294,1000,17
ac19_63875,YXXyx,YYYYYXyXXyXyyXX,2,128044 151640,1000,17
ac19_63877,YXXYxxyx,YYXXyXyxxYXyx,1,128055,1000,19
ac19_63896,YXXyx,YYYXYXyyxyxyxxYx,1,128135,1000,17
ac19_63897,YXXyx,YYYXyyXyXyXXXX,2,128137 141031,1000,17
ac19_63907,YXyXXyx,YYXYXyXyxYxxyyx,2,128155 142439,1000,17
ac19_63908,YXYXyx,YYYYXYxyyXyXXYx,1,128156,1000,16
ac19_63937,YXXyx,YYYYYXyXyyyXXX,1,128244,1000,18
ac19_64028,YXYXyx,YYYxyXyyXYxyXXYYx,1,128569,1000,17
ac19_64043,YXXyx,YYYYXyyxyyxYxxx,1,128625,1000,17
ac19_64053,YXYXyx,YYYXyyyXXXYYxyx,1,128641,1000,17
ac19_64069,YXyXXXyx,YYYxyxYxxxYXyyXyX,2,128691 152024,1000,17
ac19_64086,YXXyx,YYYYYXyyxxyyxx,1,128748,1000,17
ac19_64093,YXYXyx,YYYYYxyXXXyyX,1,128766,1000,16
ac19_64107,YXXyx,YYYYXYxyyyxyyXXYxyyX,1,128819,1000,18
ac19_64112,YXXyx,YYYYXyyxyyXXyXX,1,128828,1000,17
ac19_64159,YXYXyx,YYYxyyxyXXyXXYx,2,128971 129509,1000,17
ac19_64182,YYXXXyxYX,YYYXXXYXyX,1,129035,1000,16
ac19_64206,YXXyx,YYYYYXyyXyXyXXYxyX,1,129111,1000,18
ac19_64216,YXYXyx,YYYxYxyXyxyyXXX,1,129140,1000,17
ac19_64270,YXXyx,YYYXXXyyxyyxxxYYx,2,129305 130845,1000,17
ac19_64291,YXXyx,YYXYYxyyXyXXXXX,1,129354,1000,18
ac19_64370,YXXyx,YYYXYxYXyyXyXyXX,1,129563,1000,18
ac19_64373,YXXyx,YYYXYYXyxxyyyXXXX,1,129574,1000,17
ac19_64375,YXXyx,YYYYYXyxyXyxyyyx,1,129587,1000,16
ac19_64411,YXXyx,YYYYXyXyXyyxxYxx,2,129710 129848,1000,18
ac19_64510,YXYXyx,YYYYXyyXyXXYx,2,130008 140644,1000,16
ac19_64530,YXYXyx,YYXyyXyyxxxxyxxYX,1,130063,1000,19
ac19_64575,YXYXyx,YYXXXYxxxYxyXXXyX,1,130199,1000,17
ac19_64828,YXYXyxYXXyx,YYYXXyxYXXyxyX,1,130971,1000,18
ac19_64847,YXXyx,YYYXYYXyxxyyXyXXX,1,131037,1000,18
ac19_64854,YXXyx,YYYYYXYXyXyxyXyXyX,1,131052,1000,18
ac19_64875,YXXyx,YYYYXXXyXyXyyyXX,1,131134,1000,17
ac19_64936,YXXyx,YYXYYXyxxyyXXXXX,2,131349 140674,1000,17
ac19_64971,YXYXyx,YYXYxxYxyXyXyXX,1,131450,1000,17
ac19_64974,YXXXyXyX,YYxYxxyxyxx,1,131463,1000,16
ac19_65012,YXyXXXyx,YYYXyxYxyxYxyyX,1,131595,1000,17
ac19_65015,YXYXyx,YYXXXyxyXyxxxYx,1,131605,1000,17
ac19_65037,YXyXXXyx,YYXyXyyXYxyXX,1,131694,1000,17
ac19_65042,YXYXyx,YYXXyyxyXyxxxxx,1,131708,1000,17
ac19_65108,YXYXyx,YYYYXyyXXXYxx,1,131894,1000,17
ac19_65141,YXYXyx,YYXyXXXXYxxYx,1,132015,1000,16
ac19_65168,YXYXyx,YYXYxyXXyXyxxxx,1,132107,1000,17
ac19_65206,YYXXXYxx,YYXYYxxyXYX,1,132233,1000,17
ac19_65245,YXXyx,YYYXXXyyyxxxxxYx,2,132387 154186,1000,16
ac19_65258,YXYXyx,YYXXyyXyyxYxxyx,1,132428,1000,16
ac19_65277,YXXyx,YYYYXyyyXyXYXX,1,132486,1000,17
ac19_65281,YXXyx,YYYYXyxyXyyxyyxYx,1,132493,1000,18
ac19_65326,YXXyx,YYYYYXyyxyyXyXyX,1,132629,1000,17
ac19_65360,YXXXyxx,YYYXyxYxyyXX,1,132732,1000,16
ac19_65457,YXYXyx,YYYYYxYXXyxyXXX,2,133019 155016,1000,17
ac19_65458,YXYXyx,YYXyyXyyxxxxxyxyx,1,133020,1000,18
ac19_65481,YXXyx,YYXYXyxyXyXyXXXX,2,133073 155224,1000,16
ac19_65544,YXYXyx,YYYxxYXyxyXXyXX,1,133293,1000,17
ac19_65626,YXXXyxx,YYXyXYxxxxyX,1,133542,1000,16
ac19_65657,YXYXyx,YYYxYxyyxyyXXyX,1,133615,1000,17
ac19_65694,YXXXyXYx,YYxxyXyXYXX,1,133719,1000,16
ac19_65737,YXXYxYxx,YYxyxyXyX,1,133848,1000,17
ac19_65753,YXXYxYxxx,YYYYXyXyxxx,1,133893,1000,17
ac19_65754,YXXXYxxxyx,YYxYYxxxyXX,1,133895,1000,15
ac19_65782,YXYXyx,YYXyyXyyxxxYxYX,2,133975 151856,1000,17
ac19_65783,YXYXyx,YYYxYxYXyyXXX,2,133977 136274,1000,17
ac19_65785,YXXyx,YYYXyxxyyXyyXXYX,2,133984 138907,1000,17
ac19_65876,YYXyxYXXyx,YXYxyXXYxYXyx,1,134303,1000,18
ac19_65908,YXyXXyx,YYXXYxxyxxx,2,134402 136888,1000,16
ac19_65929,YXXyx,YYYXyyXyXyyXYXX,1,134466,1000,17
ac19_65932,YXXyx,YYYYXyXXyyyXXYX,1,134478,1000,18
ac19_65941,YXYXyx,YYYYYYXyXyxyXXX,1,134511,1000,18
ac19_65967,YXYXyXXYXyX,YYXyXyyxYYxyx,1,134586,1000,18
ac19_65974,YXXyx,YYYYXyyXyyXXXyX,1,134620,1000,18
ac19_65996,YXXyx,YYYYXYXyyyxxyyyx,1,134674,1000,16
ac19_66024,YXyXXyx,YYXyxyxxYYx,2,134750 149030,1000,17
ac19_66035,YXYXyx,YYYYYxyXXyyXX,1,134779,1000,17
ac19_66075,YXXyx,YYYYXyyyXyXyXXYxyX,2,134867 150011,1000,17
ac19_66087,YXYXyx,YYYxYYXyxyXXyXX,1,134892,1000,17
ac19_66147,YXXyx,YYYXYXyyXyyXXYX,1,135099,1000,18
ac19_66179,YXYXyx,YYYxYXXyXXXYxYX,1,135198,1000,17
ac19_66187,YXyXXXyx,YYYXyXXyXyxyX,1,135212,1000,17
ac19_66222,YXYXyx,YYYxyXXXyyxxx,1,135312,1000,17
ac19_66229,YXYXyx,YYYYYYXyxyXXXyX,1,135328,1000,17
ac19_66315,YXXyx,YYYXYXYxyXyyxyxx,1,135577,1000,17
ac19_66317,YXYXyx,YYYYxyxYxyXyXXX,1,135583,1000,17
ac19_66337,YXYXyx,YYYXYxyyXyyXXYx,1,135652,1000,16
ac19_66341,YXYXyx,YYYYXyyXXXYYx,1,135671,1000,17
ac19_66343,YXYXyx,YYYYYXYYYXXyXXX,1,135679,1000,18
ac19_66385,YXYxYXXYx,YYYXXyxxYXYXYx,1,135807,1000,18
ac19_66394,YXyXXXyx,YYXyxYYxyxxyx,1,135831,1000,17
ac19_66432,YXXyx,YYYXyyyXyyXXXXYx,1,135957,1000,17
ac19_66435,YXXyx,YYXYYxYXyyxyyxx,1,135966,1000,12
ac19_66441,YXYXyx,YYYXyxyXyXyxxxx,1,135986,1000,16
ac19_66459,YXYXyx,YYYYYXXyXXXYYXX,2,136037 143061,1000,17
ac19_66471,YXXyx,YYXYYxyXyxyyxxxYx,1,136059,1000,18
ac19_66482,YXyXXXyx,YYYxyyXYxxyXXyX,1,136097,1000,18
ac19_66507,YXYXyx,YYYYXXyXXXYYxyx,1,136187,1000,17
ac19_66512,YXYXyx,YYXXXyxyXyyxYxx,1,136205,1000,16
ac19_66525,YXYXyx,YYxYXyxyXXyXXYx,2,136254 146352,1000,17
ac19_66543,YXYXyXXYXyX,YYxYxyXYXyXyxyX,1,136318,1000,18
ac19_66544,YXXyx,YYXYYXyyXyxyXXXYX,1,136321,1000,17
ac19_66579,YXXyx,YYYXYXyXyyXyyXX,2,136408 141016,1000,16
ac19_66607,YXXyx,YYYYYXXXyyxyyxxx,2,136506 138674,1000,17
ac19_66659,YYXXyx,YYXYXyXXYYxyx,1,136660,1000,15
ac19_66662,YXXXYxx,YYXyxYXXyx,1,136667,1000,15
ac19_66724,YXXyXyxx,YYYxxxxYYxx,1,136825,1000,18
ac19_66728,YXXyx,YYYXYXXYxyyxyyxx,1,136829,1000,15
ac19_66731,YXYXyx,YYYXyxyXXyyxxxx,1,136837,1000,17
ac19_66736,YXXyx,YYYXYYxyyXyxyXXXX,1,136864,1000,18
ac19_66742,YXYXyx,YYYXYYxYxyyXyXX,1,136896,1000,18
ac19_66802,YXyXXyx,YYXYXyxyxYxxxYxyx,1,137107,1000,17
ac19_66827,YXYXyx,YYYYxyxYXyXyXXX,1,137174,1000,17
ac19_66853,YXyXXYXyXXyX,YYYXyxYxyxyyX,1,137237,1000,18
ac19_66883,YXXyx,YYYXYYXyyxyxxxxyx,1,137326,1000,18
ac19_66898,YXXyx,YYXYYXyyxyxxxxxx,2,137372 154320,1000,18
ac19_66908,YXYXyx,YYYXXXyyyxxxx,2,137397 141864,1000,19
ac19_66939,YXyXXXyx,YYYxyyXXXyXXXXyyX,1,137503,1000,17
ac19_66989,YXYXyx,YYYXXyXYXXXXYYx,1,137692,1000,18
ac19_66991,YYXXYxyxx,YYXYxxYYxx,1,137695,1000,16
ac19_67058,YXXyx,YYYYYXyxyXyXyyyX,1,137943,1000,17
ac19_67099,YXXyx,YYYYYYXXXyXyyXyXyX,1,138090,1000,19
ac19_67116,YYXXYxyxx,YYxyxYxYXX,1,138132,1000,16
ac19_67123,YXXyx,YYYYXyxyyxyyxx,1,138152,1000,17
ac19_67137,YXXyx,YYYXYXyyxyyxyxxx,1,138185,1000,17
ac19_67147,YXYXyx,YYXXXyxyXyxxYxx,1,138224,1000,16
ac19_67202,YXXyx,YYYYXyXyXyyxyxxx,1,138411,1000,17
ac19_67250,YXYXyx,YYYYxxYXyxyXXXX,1,138574,1000,17
ac19_67272,YXYXyx,YYXXyXXyyxxYx,2,138646 143586,1000,17
ac19_67297,YXXyx,YYYXyyyXXXXYXX,1,138705,1000,17
ac19_67301,YXXXyxx,YYYXyXYxyyXX,1,138712,1000,16
ac19_67336,YXYXyx,YYYYYxYXyXXYXyX,1,138832,1000,18
ac19_67362,YXYXyx,YYXXXXyXyxYxxYxyx,1,138934,1000,17
ac19_67380,YXXyx,YYYYYXyyyyxxxx,1,138979,1000,17
ac19_67383,YXXyx,YYYXYYxyyyXyXX,2,138991 151733,1000,17
ac19_67392,YXXyx,YYYYXyXyyyxxYxx,1,139013,1000,17
ac19_67395,YXYxxyXyx,YYYXXXXyyx,1,139018,1000,16
ac19_67409,YXXyx,YYYYXyyxyyxyxx,2,139073 148974,1000,17
ac19_67528,YXYXyx,YYXYxxyXyXXyyxx,1,139468,1000,16
ac19_67561,YXXyx,YYYYXYxyyyyxyXYxyXyX,1,139591,1000,17
ac19_67579,YXYXyx,YYYXyyXXXYYYxyx,1,139648,1000,17
ac19_67592,YXYXyx,YYYxYxYXyxyXyXX,2,139681 151651,1000,17
ac19_67610,YXYXyx,YYYYxYXyxyXXyyXYx,1,139736,1000,18
ac19_67625,YXXyx,YYYYXXYYxyyyxyyx,1,139774,1000,17
ac19_67634,YXYXyx,YYYXXXXyXXyxYxxYx,1,139813,1000,17
ac19_67656,YXYXyx,YYXyXXYXXyXXYxxxx,1,139881,1000,18
ac19_67669,YXyXXyx,YYYXyxyxyxYx,1,139933,1000,18
ac19_67703,YXYXyx,YYYXyyXXXYYxx,1,140051,1000,17
ac19_67747,YXXyx,YYYXyXyyxxxxxYx,2,140207 145937,1000,16
ac19_67763,YXYXyx,YYXYxyXXyXXyxxYxx,1,140267,1000,17
ac19_67844,YXXyx,YYYXyyxxyyXXXYYX,2,140556 152040,1000,17
ac19_67868,YXXyx,YYYYYYXyxyyXyXyX,2,140635 144639,1000,17
ac19_67934,YXyXXXyx,YYXyXYXyXyyxx,1,140882,1000,17
ac19_67987,YYXXyxx,YYXXYYxYYxYx,1,141054,1000,16
ac19_68016,YXXyx,YYYYXYxyyyXyXXX,1,141172,1000,19
ac19_68059,YXYXyx,YYYYYXYxYXyXXXX,1,141322,1000,18
ac19_68133,YXXyx,YYYYYYXyXyxyyXyX,1,141546,1000,18
ac19_68143,YXYXyx,YYYYYxyXyxyyXXX,1,141576,1000,18
ac19_68198,YXYXyx,YYYXXyyXXXYYxyx,1,141779,1000,17
ac19_68207,YXXyx,YYYYYXyyyXyXXX,1,141805,1000,19
ac19_68225,YXYXyx,YYYYYxyyxyXXXyX,1,141852,1000,17
ac19_68269,YXyXXyx,YYYxxyyxxYx,1,142010,1000,17
ac19_68275,YXYXyx,YYXyyXyXyxxxx,1,142029,1000,17
ac19_68299,YXYXyx,YYYxYXXyXXXYX,1,142087,1000,17
ac19_68386,YXXyx,YYYYYXYxyXyyXyyX,1,142346,1000,17
ac19_68406,YXXyx,YYYYXyyXyyXXYX,1,142426,1000,17
ac19_68408,YXyXXyx,YYXYxxxYxyxxyXX,1,142429,1000,17
ac19_68416,YXYXyx,YYYxYxyyxyXyyXX,1,142449,1000,17
ac19_68420,YXYXXYxyX,YYYxyXyxxyyX,1,142457,1000,17
ac19_68450,YXXyx,YYYYYXyXyxyyxyyx,1,142534,1000,17
ac19_68475,YXYXyx,YYXyyXyyxyxxx,1,142604,1000,17
ac19_68482,YXYXyx,YYYYYxyxYXyyXXX,2,142632 148024,1000,17
ac19_68530,YXXyx,YYYXyXyxyyxxxxx,2,142786 156255,1000,17
ac19_68656,YXyXXXyx,YYYxyXXXyyXyX,1,143187,1000,17
ac19_68677,YXXyx,YYYYXYYXyxyXyXyXyX,1,143247,1000,18
ac19_68687,YXYXyx,YYYYXyxyXXyyxxx,1,143280,1000,18
ac19_68705,YXYXyx,YYxYXyyXXyyxx,1,143334,1000,17
ac19_68714,YXXyXyx,YYxxyxyXXXYx,1,143392,1000,15
ac19_68739,YXXyx,YYYYXyyyXyyxxx,1,143463,1000,18
ac19_68757,YXXyx,YYYYYXyxyyyXXXX,1,143528,1000,17
ac19_68777,YXYXyx,YYYYxYXyyXXyX,1,143584,1000,16
ac19_68851,YXYXyx,YYYYxxyxxyXyXXX,1,143828,1000,17
ac19_68918,YXYXyx,YYYYYYXyXXyyX,1,144039,1000,16
ac19_68927,YXYXyx,YYxYYxyXyxyXyXX,1,144076,1000,17
ac19_69047,YXXYxxyx,YYXyxYXyxxx,1,144475,1000,17
ac19_69071,YXXyx,YYYYYXyxxyyXyXX,1,144568,1000,16
ac19_69089,YXYXyx,YYYYYXyyXXXYYXX,2,144636 146983,1000,17
ac19_69101,YXXyx,YYYXyxxyyxyyXXYX,1,144665,1000,16
ac19_69139,YXXYxxyx,YYXYXyXyyxx,1,144767,1000,17
ac19_69183,YXYXyx,YYYYXyxyyXXyyxx,1,144944,1000,17
ac19_69236,YXYXyx,YYYYYYxyXXXXYxyyX,1,145112,1000,17
ac19_69261,YXXyx,YYYXyyxyXXXXXYX,2,145180 151306,1000,16
ac19_69274,YXYXyx,YYYYYXyyXyyxx,1,145208,1000,16
ac19_69301,YXYXyx,YYYYxxyXXyXXX,1,145297,1000,18
ac19_69302,YXyXXyx,YYxYYxyxxyxYXyx,1,145301,1000,17
ac19_69315,YXYXyxYxyx,YYxyXYxYxyX,1,145355,1000,18
ac19_69374,YXyXXyx,YYxxxYXYXyxxyxx,1,145539,1000,17
ac19_69383,YXYXyx,YYXXXyXXXYYxxyx,1,145556,1000,16
ac19_69385,YXXyx,YYYYXyXyyyxxxyx,1,145560,1000,16
ac19_69429,YXXXyxx,YYXyyXYxyyxx,1,145698,1000,16
ac19_69434,YXYXyx,YYXXXyXXyxxYxxxyx,1,145732,1000,18
ac19_69441,YXXyx,YYYYXyxyyXyXXYX,1,145751,1000,18
ac19_69456,YXXYxxyx,YYXyxxxYxYx,1,145807,1000,18
ac19_69469,YXYXyx,YYYYxyxYYXyyXXX,1,145859,1000,17
ac19_69476,YXXyx,YYYYXyyyxxyyxYYX,1,145870,1000,16
ac19_69484,YXyXXyx,YYYXyxxyxxYXyx,1,145891,1000,17
ac19_69490,YXXyx,YYYYXyxyyxyyxxx,2,145919 156666,1000,17
ac19_69541,YXYXyx,YYYYYYXXyyXXX,1,146056,1000,18
ac19_69604,YXXYxxyx,YYYxYYxxYxxyX,1,146241,1000,15
ac19_69610,YXYXyx,YYXYxxyXyyXyyxx,1,146259,1000,16
ac19_69611,YXXyx,YYYYXyyXyyxxYxx,1,146260,1000,17
ac19_69640,YXYXyx,YYYXyyxyXXyXYYx,1,146342,1000,16
ac19_69673,YXYXyx,YYXXXXXXXYYxx,1,146416,1000,18
ac19_69773,YXXyx,YYYYYXyyxyxyxxYXyx,1,146745,1000,17
ac19_69796,YXyXXyx,YYYYxxyxxx,1,146805,1000,17
ac19_69837,YXXyx,YYYXyXyxyyxxYYx,1,146959,1000,17
ac19_69855,YXXyx,YYYYXyxyXyyxxYx,1,147010,1000,16
ac19_69884,YXXyx,YYYYYXyxyXyyyxyx,1,147100,1000,17
ac19_69914,YXyXXXXyx,YYXyXYxyyxx,1,147190,1000,17
ac19_69946,YXYXyx,YYYXyxyyXXyxxxx,1,147319,1000,17
ac19_69994,YXYXyx,YYYYYYYXXYXyXXX,1,147483,1000,18
ac19_70009,YXyXXyx,YYYXyXYxyxxxx,1,147547,1000,17
ac19_70036,YXYXyx,YYXyXXXXYxYYxyx,1,147619,1000,16
ac19_70055,YXXyx,YYYYXYXYxyXyyXyXyX,1,147662,1000,18
ac19_70059,YXXyx,YYYXyyXyXXXYXX,1,147669,1000,16
ac19_70117,YXXyx,YYYXYYYXyxxyXyyyxyyX,1,147847,1000,18
ac19_70159,YXXyx,YYYXYXYXyyXyyXX,2,147988 156101,1000,17
ac19_70168,YXYXyx,YYXXXyxyXXXYYxx,1,148011,1000,17
ac19_70169,YXXyx,YYYYXyxyXyyyXXX,1,148016,1000,18
ac19_70250,YXYXyx,YYYYYYXyyxyXXXX,1,148256,1000,17
ac19_70285,YXXyx,YYYYYXyyxyXyyXyX,1,148394,1000,17
ac19_70328,YXyXXXXyx,YYxxYXyxYxyxyX,1,148537,1000,17
ac19_70363,YXXyx,YYYYXyXXyyyXyXX,1,148647,1000,18
ac19_70412,YXYXyx,YYYXYxyXyXyyxxx,1,148825,1000,18
ac19_70463,YXyXXyx,YYxYXXyyxxyXX,1,148990,1000,17
ac19_70482,YXyXXXyx,YYXyXYXXyXyxxyX,1,149067,1000,17
ac19_70496,YXXyx,YYYYXyyxxyyyXXXX,1,149096,1000,17
ac19_70512,YXyXXyx,YYXyXYYxxyxxyx,1,149155,1000,18
ac19_70576,YXyXXyx,YYxyXXyyxxyxYXYXyX,1,149352,1000,17
ac19_70588,YXYXyx,YYYYYYYXyXXyX,1,149376,1000,18
ac19_70619,YXXyx,YYXYYxyXyXyXXXX,1,149466,1000,17
ac19_70639,YXXyx,YYYYYXyXyyxyyxyx,1,149547,1000,17
ac19_70653,YYXXXyX,YYXYxyyxxyyx,1,149605,1000,14
ac19_70660,YXYXyx,YYYYXyyxyXyXXYx,1,149622,1000,16
ac19_70712,YXXyx,YYYYYYXyyyXXyyX,1,149798,1000,17
ac19_70723,YXXyXyx,YYYxxxYxyx,1,149842,1000,15
ac19_70845,YYXYXyXXyX,YXYXyXYXXyX,1,150262,1000,18
ac19_70852,YXXyx,YYYXyyXXXXXXyXYX,1,150277,1000,17
ac19_70913,YXXyx,YYYXYYxYXyxyXyyyxyyX,1,150445,1000,19
ac19_70935,YXXyx,YYYXYYYxyXyyyxyx,1,150509,1000,17
ac19_70992,YXXXyxx,YYXyXYXXXXXyX,1,150727,1000,16
ac19_70996,YXyXXyx,YYYXXyxxxxx,1,150737,1000,17
ac19_70998,YXYXyx,YYYYXyXXyyyxx,1,150741,1000,17
ac19_71069,YXXyx,YYYYYXYxyXyyxyyx,2,150972 151972,1000,16
ac19_71091,YXYXyx,YYYYxYXXyXXXX,1,151027,1000,18
ac19_71150,YXXyx,YYYXYYxxYXyyXyyXyX,1,151194,1000,17
ac19_71153,YXYXyx,YYXYxxxYXyXXyXX,1,151202,1000,17
ac19_71201,YXYXyx,YYXXyyXyxxYxxyx,1,151360,1000,16
ac19_71238,YXYXyx,YYYxxxYXXyxyyXX,1,151503,1000,17
ac19_71250,YXXyx,YYYXyxxyyXyXYXYX,1,151528,1000,16
ac19_71269,YXXyx,YYYYXYxyyXyyXX,1,151596,1000,16
ac19_71273,YXXyx,YYYYYXyXyxyyxxx,2,151605 153671,1000,17
ac19_71301,YXyXXXyx,YYYXyyXXyyx,1,151705,1000,18
ac19_71308,YXYXyx,YYYYYxyXXyyyX,1,151736,1000,14
ac19_71310,YXYXyx,YYYYxyXyXXXYXYxyX,1,151744,1000,17
ac19_71321,YXyXXyx,YYxyxYxyxyXYXXXyX,1,151787,1000,17
ac19_71466,YXXyx,YYYXYYxyyxyyXXXX,1,152293,1000,18
ac19_71497,YYXXXyX,YYYYXyxyXXyX,1,152414,1000,14
ac19_71557,YYXyxYXXyx,YXYxyXXYxyX,1,152606,1000,18
ac19_71571,YXYXyx,YYYYYxyxxyXXXyX,1,152636,1000,17
ac19_71610,YXYXyx,YYYXYxxxYXXXXyX,1,152808,1000,18
ac19_71657,YXYXyx,YYYYxYXyXXXYXyX,1,152935,1000,18
ac19_71730,YXXyx,YYYXYXYxyXyyXyXXX,1,153187,1000,18
ac19_71767,YXXyx,YYYXYxYxyyyXyXXX,1,153295,1000,19
ac19_71785,YXYXyx,YYYxxYXyXXYxyXyyXYx,1,153359,1000,17
ac19_71810,YXXXYxx,YYxyXXXyxyx,1,153437,1000,15
ac19_71832,YXXyx,YYYYYXyyyyXXXX,1,153510,1000,17
ac19_71833,YXyXXyx,YYxyxxxyxYXYx,1,153513,1000,17
ac19_71847,YXyXXXXyx,YYxyxyXYXyXYxyX,1,153547,1000,17
ac19_71871,YXYXyx,YYYXYxxyXyXXXYx,1,153609,1000,17
ac19_71935,YXYXyx,YYXXXYXXyXXyxYxxYxx,1,153832,1000,17
ac19_72025,YXYXyx,YYYYYxyyxyXyXXX,1,154124,1000,17
ac19_72038,YXYXyx,YYYYxxyyXXXYxyXYX,1,154165,1000,17
ac19_72051,YXYXyx,YYYYYYYXyXXXYxyyX,1,154214,1000,17
ac19_72100,YXYXyx,YYYXYxyyXXXXXYx,1,154399,1000,18
ac19_72105,YXXyx,YYYYXyyyXyxyXXXX,1,154413,1000,17
ac19_72162,YXXyx,YYYYXYYxyXyxyXyyxyyX,1,154639,1000,19
ac19_72170,YXXyx,YYYXyyyXyXXXYYX,1,154662,1000,17
ac19_72183,YXYXyx,YYXyyXyyxxYYxYX,1,154703,1000,17
ac19_72184,YXXyx,YYYYXyyXyyXYXX,1,154704,1000,16
ac19_72321,YXYXyx,YYYxYXyXyXXYX,1,155116,1000,17
ac19_72328,YYXXyxx,YYYYYXYxyX,1,155161,1000,17
ac19_72330,YXYXyx,YYXXyXXXyxYxxxyxx,1,155164,1000,17
ac19_72344,YXYXyx,YYXXXyXXXyxYxxYxxyx,1,155220,1000,17
ac19_72375,YXYXyx,YYXXXyXyxxxYxyx,1,155319,1000,17
ac19_72383,YXYXyx,YYXXXXXXYxYxx,1,155357,1000,17
ac19_72403,YXYXyx,YYYYXYxxyXXXyXX,1,155443,1000,17
ac19_72408,YXYXyx,YYYYXyxyXyXyxxx,1,155464,1000,16
ac19_72570,YXyXXyx,YYXyxYxxyyXXX,1,155997,1000,16
ac19_72582,YXXyx,YYYYXXYxyyXyyxxxx,1,156045,1000,18
ac19_72587,YXXyx,YYYXyxyyxyxxxx,1,156056,1000,17
ac19_72674,YXXyx,YYYXYYxyyxyxxxxyx,1,156434,1000,17
ac19_72731,YXYXyx,YYXXyXXXYYxYx,1,156601,1000,17
ac19_72748,YXYXyx,YYYXYxyXyXXXXYx,1,156659,1000,17
ac19_72756,YXXyx,YYXYYXyXyxyyxyxx,1,156670,1000,16
ac19_72768,YXyXXyx,YYxyXXyyXYxyxyXYXX,1,156722,1000,17
ac19_72773,YXyXXyx,YYXyxxxxxYX,1,156739,1000,16
